96 300 
animal -0.52473325 -0.50974613 1.4199225 1.5934718 -1.6994222 -0.98531693 0.43046904 0.68654513 0.7747399 1.6108897 -0.0820461 -1.2292057 -0.3498254 -1.4942973 -0.38193032 0.6185452 -1.6232653 0.5253851 1.5714661 0.19330637 0.6497869 -1.6598599 -0.70760787 -0.8114316 1.698401 0.53397566 0.19833523 1.7448473 -1.0517975 -0.104489796 -0.69364494 -0.48003232 0.73408264 2.1842043 0.74756235 -1.4817903 -2.0716183 1.5349789 -2.7338598 0.866069 1.4263902 -0.5866252 -0.980324 0.68678147 0.43025273 0.324621 2.2770278 0.33397874 -0.6354166 -3.6707516 1.0208768 -0.43594092 -0.46726125 -1.8827307 0.8639062 -1.5917293 0.78262556 -0.44216117 0.58567864 -1.2548501 0.6341244 -1.3433346 -2.5077956 0.5133423 0.7115906 -0.6629297 0.85754627 1.7029793 0.8851452 -2.5809543 2.1593156 -1.2971766 0.30173373 0.17500588 0.095670566 1.0952153 -1.2479695 1.5501788 -0.48378512 1.6345056 0.5039447 -2.8247015 1.7109314 1.2228613 -0.0129554905 0.81968707 0.84123015 0.31990618 -0.7125725 -0.09630564 0.41771048 0.31025857 0.19947223 -1.2142189 0.9783975 1.3411765 0.0067686103 -0.15361679 -0.45811257 -2.2530422 1.0821624 -0.5185826 1.736231 -0.31235123 -0.008649924 1.9313482 1.5259738 1.9635357 2.0211656 -2.829018 0.94230866 0.3902337 0.1372462 0.66593075 0.77151346 0.12695898 -0.9815507 1.9812647 -1.110607 1.856031 1.5418233 0.7924362 1.3555013 -0.7098514 2.379182 0.0372577 0.37695116 -1.1178864 -0.2014889 -2.0333462 -0.50209016 -1.1411573 -3.2234328 -1.466957 0.65518093 -0.83483523 -0.35246077 0.90537655 2.2035697 -0.02655192 -0.6984322 -0.06005512 0.68161523 -2.5774515 -3.807569 1.4120952 -1.7210146 -0.31489855 0.52761775 -1.7851 2.6337063 -0.059926353 0.8216028 1.5847617 2.1739902 -0.06506905 -0.52382123 -1.0992916 -1.1866422 0.8294098 1.1997956 2.0205348 1.3970183 -1.0160741 -0.47578835 -0.5056576 -0.07447128 -1.3690746 0.22977039 0.040640675 1.0314051 0.6389039 1.2032413 1.5640129 0.052627698 0.46783766 0.40484625 -1.8206054 -2.1369925 1.8306315 -1.3753616 1.2676259 0.28034386 1.0162277 -0.21177934 -0.013520362 -0.914495 1.7296098 -0.95142865 0.77999717 1.7654809 -2.439425 0.21854515 -1.3175616 -1.8086329 2.5154765 -0.1256941 -2.17983 -0.47173455 1.3689677 0.8840248 2.1170595 0.04329339 -0.06883568 -0.71626043 0.062293105 1.3735313 0.1662558 -1.3492731 2.4422371 0.80816865 -1.3248297 -1.1108215 0.71010464 -0.6844031 -1.3424633 -0.7380039 -0.9609684 0.3573144 0.18768314 -2.5089874 -1.1786978 -0.66261667 -1.289711 0.090136886 1.0806953 -1.0019503 -0.015198912 0.021269908 -0.12598251 0.69171023 -1.5117546 2.658254 -0.7662483 -0.8141162 1.5321755 1.0127308 -3.2752976 -0.67847806 -0.4318948 -1.7620682 0.37777826 -0.5639554 0.23875855 1.0656352 -0.6375204 0.7218387 0.95816076 -2.575028 0.6785828 -1.3373619 -1.5947508 1.8617858 -0.49498475 1.634105 1.8377304 -1.1983551 -1.2459563 -0.2704441 -0.94782144 0.78691375 -0.9113805 0.011340009 -1.20268 -1.9597679 -0.15856184 3.3919227 -0.7763052 -0.97975165 0.99747086 -0.037663676 1.5157801 0.54871297 -0.27279466 0.2987229 3.6790674 -0.5735738 0.688802 -0.16742958 -0.79711956 1.1639367 -0.05141965 2.3790028 -1.2831637 -0.17352168 -1.3391703 -2.4818213 1.6335092 2.7884989 0.94078505 1.9227077 -1.2852851 -2.7771423 0.8459898 1.691647 -0.7098958 -0.32055333 1.2202497 1.3970857 0.59629923
apple -0.37314644 -0.17469808 0.54055846 0.17870978 -0.3781337 -2.040756 -0.37044868 -1.6117833 1.9151087 0.41426533 -0.6302707 0.50882924 1.1640942 -0.867414 -1.7558961 -0.8036752 0.12441393 1.7211143 -1.5631187 0.36210713 1.5121624 -0.42300558 1.7856038 0.98167235 1.143457 -0.48369104 2.4142613 0.8047792 2.234234 0.90001255 -1.3438082 -1.3729018 -2.5627508 -3.638665 0.8359578 1.6332232 0.30889264 0.11316344 0.8153453 1.1877664 -0.3787457 -2.148547 0.5311262 -0.73153985 -0.41584885 0.024219329 0.7153641 0.9966514 -1.2745491 -0.022779841 2.00446 0.60740024 0.3666428 -0.24661055 -2.1259959 -1.7994235 0.822632 -1.5694964 -1.1092756 -1.1275691 2.495315 -0.32041925 0.021734314 1.2334673 -0.018223573 -5.4195633 -2.9769943 0.35951287 1.8510331 1.9882051 0.20669417 0.9161026 1.189035 -0.07351185 -2.2272031 -1.4472702 -0.7970336 -0.8892615 0.40688467 -0.6977025 1.0938957 -0.41831043 -0.51734096 1.62146 1.0234848 -0.91526604 0.14576681 -1.1076504 -1.8079312 0.95670563 0.101236224 -0.022496665 2.469826 0.60349685 -0.21895903 -1.1578916 0.09013761 0.56857616 -0.068474665 2.1069875 -0.9724572 0.38122782 0.21489848 0.808399 1.2076583 -0.9977385 -1.1505386 0.31156132 1.9438479 -0.68567574 2.1027367 0.58285576 -0.29500014 2.5912817 0.8472601 0.7607323 -0.4357564 -0.48944327 -2.7809534 -0.0697098 2.1367393 0.6876613 -0.06342099 -0.8434456 -1.4128395 -1.6355722 -1.7564015 -1.4061998 1.0045468 0.3550806 -0.83019245 0.72740763 -0.11625577 -2.2903035 -0.4680624 -0.67567927 -0.015382969 1.7473307 -0.3872687 0.7002373 -2.8450103 0.5310383 -2.2160947 -0.42248088 0.14183743 -0.691373 -1.7535553 -0.59934217 0.6298352 -1.4466003 0.8543377 1.7987444 -0.9196226 -0.31138545 3.0452049 0.87893134 -0.19109295 -1.4193769 -0.24704881 0.062588945 1.9764985 1.2775071 0.043846484 2.0404208 0.20233805 -1.1592109 1.5853182 -1.9661543 0.052222155 0.052503802 0.5885873 1.2263693 -0.6160437 1.6196613 -3.088784 0.41876468 -0.109100685 -3.893673 -0.64986867 0.3930699 0.17632683 -0.7205745 0.39751256 2.5446138 0.9301542 -0.016757749 0.65335554 -1.476412 1.0257211 -0.81139666 2.8480458 -0.74879164 -0.61608946 -1.1812657 1.3549577 0.2375172 -0.46418765 2.1853027 2.0188093 -1.6967441 0.7845521 0.90401393 -1.6673477 0.7988626 -0.97704464 0.47159836 -0.29486778 -0.014482944 -1.4931259 0.6158692 0.93526614 -0.024928037 -1.5165844 0.16058758 -0.6751924 0.26722458 -1.0368333 1.8805642 0.5696258 -1.1288893 -0.412907 -1.9051545 -0.15390323 1.2846767 2.1343334 1.8175669 0.27742523 0.08323558 -0.2691502 -3.0130596 0.44789696 -0.33286038 -0.49011678 -0.5529743 -0.8484075 -1.496068 1.1649779 -0.66007173 3.0700734 -1.4022418 0.7203533 0.32777333 -0.27953005 -3.0271344 -2.4591236 -0.43630257 1.1049513 0.7770644 0.30233532 -1.9695433 0.39066222 -0.52594775 2.3446789 -0.55115837 0.7554723 -0.9620498 0.11389195 0.046998348 -1.7252159 0.75634557 -0.72070193 -0.23393267 -0.32859805 -1.220672 0.9229831 -1.8325511 -0.40921292 -0.19916743 -1.258502 3.381315 -1.097587 0.96321374 0.76827466 0.21127206 -0.6901434 0.21432479 0.3598909 0.16009456 1.4589453 -1.267681 -1.3363804 2.7707682 0.57234156 0.5044926 -0.17375712 -1.48454 0.40710756 0.46955675 -2.010843 -1.0169425 -0.2462885 1.1056793 -1.59603 1.671966 1.1559676 -1.1750951 0.47667447 -1.2550195 1.1826881 0.18227632
blood -2.6777105 1.4957947 -0.56786186 -0.9646828 -2.97187 -0.35202986 0.68081176 -0.7896884 1.0487686 -0.34272897 -1.6913949 -0.6613409 0.28924218 2.421411 1.682506 -0.4876554 -3.4038956 1.7242515 0.96333987 -0.24674815 -0.80117214 1.6935135 -0.991825 -1.15466 0.3582069 1.0853468 -0.090623714 -0.46097547 0.61088765 0.25708127 -0.4922365 -1.722035 -1.5420752 0.707419 -0.3200131 -3.1001594 0.8508481 -0.28207 0.20614582 -2.548934 3.006894 0.45395657 0.7646123 1.2140818 2.5350418 -0.8479625 -0.115172386 0.47258604 -2.1126115 -1.230285 2.3663528 1.658579 0.71380264 1.2805555 -0.19837537 -0.3388624 3.201534 -2.1590047 -0.06273399 -0.031094555 0.2303119 0.12603836 -1.8020358 0.6119587 -0.5510622 0.20385443 -0.0198461 0.3980404 2.0968432 -2.1977792 -1.0050769 -0.57589334 -1.6873617 0.8679334 2.6285691 1.28906 -0.36612397 -0.01006778 -0.7708094 0.94143564 1.0584832 -2.6415422 -0.055610072 1.234787 2.9276755 0.28458282 -1.0465894 0.29874068 1.9108415 -0.016758371 -0.27544218 0.19206539 -0.09504658 1.954192 0.4522946 0.92194515 -1.0079467 -0.52953166 1.5054809 -0.11519298 -1.8153578 -0.58899754 0.41332453 -1.8478615 -0.4912176 -1.582962 -1.5897822 0.3525368 -0.25572464 -0.40339026 -1.5504267 -0.11793521 0.67977303 -1.4532969 3.3225043 0.4603646 -0.023295628 -0.6217875 0.49197862 -2.2007449 -1.3404119 2.7361429 -0.8891267 -2.8840735 -2.2355657 -0.03508611 -2.9873004 -2.7376244 1.6299715 -1.2377704 -2.847366 0.7889593 0.8136652 -1.3486006 -0.38054803 -1.3172479 -0.07173136 -0.8312485 -0.2571028 0.85829484 1.2951311 -0.9045679 -0.34028634 1.4688433 0.07687248 2.2364635 -3.0926476 1.3588091 0.36314481 -2.2894628 -0.5722305 -0.4463301 -1.0634446 2.1586022 2.0276818 -1.2383281 -2.426962 0.31601816 -0.27345392 2.0658236 -0.23082413 -0.023204412 -0.8175423 -0.77489847 -0.018006513 -0.36237282 -0.22181305 -0.67066014 -0.5973427 0.30428317 0.5018181 -0.29367656 0.73818403 -0.42110932 -0.60888827 -1.2751119 0.16889179 -1.4514889 -0.26875642 -2.2401855 -1.2112834 1.4225165 -0.014511446 -0.41725224 -1.0202472 -0.95627975 -1.6064912 0.0057119657 -4.033723 -1.821799 -1.1737493 -1.6943219 0.58459735 1.5081339 -0.70766747 1.9432279 0.5066405 -2.0748231 -1.1989083 1.7642384 1.4817692 -0.8356204 -1.1629779 2.6004624 -1.7136984 -2.1165264 -1.5542043 0.63496214 -1.6344593 0.12700617 -0.06545842 0.8059413 -1.4804548 1.0129708 -1.3298749 0.6377718 2.1208475 -0.19860584 0.8954408 2.3355513 -1.0846791 -0.18715093 1.2473544 -3.0650284 -1.4813635 0.81436497 -2.428091 -2.9883437 1.7971822 1.258557 -1.3624879 -0.6025991 0.9373865 -1.8800902 -0.7612571 1.0635145 0.44681144 1.97805 -2.115402 0.2040667 1.6979924 -1.4606148 -1.9479611 -3.2032263 1.400782 -0.33277807 0.5649691 -2.1813593 -2.4437683 -1.044572 -0.7795274 -0.9939987 0.051733203 1.0376954 0.4807717 0.8830499 0.9512752 -2.1374898 -0.35622454 -0.9768167 -0.7436034 -1.8691589 -0.204925 0.66855305 -0.77014846 -0.30188954 -0.047388837 -1.0530313 -0.62949705 0.27521935 1.0840163 0.29236203 -1.0408181 0.96593386 0.4079522 1.9840722 0.52649784 -3.2184012 0.4244196 2.3208842 3.4505582 0.09716701 0.48078158 -1.8304359 0.27677014 -1.177807 -1.1715765 0.831265 1.0149575 -0.43593746 1.3967177 1.2837371 -0.48679888 -2.357185 1.9228501 0.02269563 -0.7584047 -0.92477405 -0.58721566 -1.7560304
fish -0.77204317 1.3612145 0.6677452 1.5730096 -1.4884182 -1.6795198 -0.077082306 1.0167083 1.4783058 -0.9660065 -2.1446383 -2.7269232 0.25145712 -1.0671893 -1.9868488 0.25230566 -1.7864671 -0.39532593 -0.0046493183 -1.145374 1.7464188 -1.2327989 0.20863777 0.24714565 -1.229847 -0.06368552 0.60255307 0.85663944 -0.21955007 0.9440135 0.8158854 -1.85363 0.5936499 -0.43650186 -1.5727477 -1.6478139 -2.44206 2.5631702 -0.5259631 -0.47010043 0.025191726 -1.1796793 -1.2831255 1.6622076 1.5602583 0.9941964 1.4668282 2.0852935 -2.0543697 -1.9880096 1.4129608 1.1025989 0.07202593 -2.1707232 0.006442535 -3.6619098 -0.8737633 -1.7872925 0.20537639 -0.63450456 -0.13238077 -1.385928 -0.7953909 0.81051666 -0.12082246 0.9345091 0.7330768 1.3077863 -1.5955606 -2.6080813 1.851992 -0.6677843 2.0102432 1.5468876 1.0454644 0.97686327 -1.1025257 -1.131473 0.13880104 -0.5568253 0.016071588 -1.2397208 0.2820136 1.2171035 1.2163647 0.29632053 0.49353543 -1.1774378 -0.76437354 2.2096386 -0.938244 0.087776855 0.8162149 1.71552 0.5825317 1.3014021 1.5405381 -0.27537993 -0.3611163 0.17043379 0.74111503 -1.9996037 2.2237093 -0.9777663 -0.75285155 2.9696126 1.2581551 1.8227968 -0.91548085 -0.58417195 -0.0670731 1.2319239 -0.021583084 -1.202476 0.99771243 0.20498845 -1.6266729 0.83232933 -1.124052 2.0549777 1.58368 0.17569607 0.5524764 -2.412188 -0.6031847 -1.4827999 -0.5049147 -0.8940581 0.9070018 -3.2170517 -0.31139937 -1.9989384 -2.1191638 -3.055342 -1.1993991 -2.656346 -1.8587124 0.21380039 0.19041443 -0.15855758 0.88614357 -0.48080817 1.2125692 -3.0454283 -1.155147 2.3367033 -1.7972718 -0.3796264 1.4001989 -0.17270525 -2.0680704 -0.8684755 -0.9753208 1.3379204 1.802756 0.48754394 -1.2542096 -0.7803866 0.66840136 0.6412273 0.02052899 1.947883 1.6478261 -1.5270262 -0.7064048 1.4393264 -0.91443753 0.3568364 -0.26817283 0.14594069 -1.2614869 2.0899205 0.13592462 1.5405334 0.711844 0.38860703 0.6250728 -2.0214005 -0.5724103 0.16478877 0.060374152 -0.70030195 -2.330143 -0.8156494 -0.39462608 -0.21862647 -1.8677684 0.3974951 0.6067954 1.1487585 1.1220378 -1.3410643 1.2103002 -1.2051017 0.42792675 -0.25721186 0.26481032 -1.3732879 -0.819155 2.4766262 1.7374108 1.9232503 0.29880562 1.885119 -0.051330008 0.37147674 1.7149657 -0.5177528 0.40446076 -0.0709071 0.7241169 2.9772692 -0.35031578 0.32885063 0.42114586 -0.813805 0.40080988 0.2399493 -0.36424518 1.0635478 -0.046017356 -1.2287325 -0.8246981 -0.2838661 -2.8876853 1.6507114 -1.6604728 -0.96798086 -0.90124893 0.66488135 0.0068484875 -2.9825993 -0.44706804 1.2423775 1.1846876 1.513692 1.0533333 -1.1151419 -0.5984557 0.22138624 -0.71551067 1.1750968 -1.490201 0.16362596 -2.576598 -0.36282933 0.43449694 0.28306693 -1.6560153 -0.49388313 0.44494405 0.7864248 1.1984346 0.7968092 -0.119301796 -0.07022405 0.98969734 -0.9642988 -1.0377569 -1.7817123 0.6677069 -1.521233 -0.943056 -0.6261994 -2.3397315 0.52390814 0.4263598 -2.117589 -1.0169872 2.1681535 0.89186007 0.2794229 0.087180845 -2.219548 -1.2208021 2.7313085 -0.3607974 0.69931793 0.42480284 -1.7994881 -0.20905162 -2.0059042 2.9141629 -1.992265 1.214879 -0.9838013 -0.4750666 -1.4040977 0.31902683 0.8550016 1.210677 0.22090939 -0.6820393 -0.2914348 -0.25686875 1.3058698 -0.057112463 0.7552919 0.680281 -0.5913019
wine -0.5980462 -1.0979085 -1.0856197 -1.8052472 0.7411394 -1.245202 3.5932443 3.467032 2.6310139 -2.8822815 -2.667249 -1.7438661 3.1430795 -2.1970766 -3.2709513 -0.29873604 -0.08714276 2.2761984 1.0677664 0.113715515 1.4136946 0.6103468 1.622303 -0.019405825 1.240923 -1.5184296 0.45421538 -0.41394797 0.8249276 0.88016224 -0.84056133 -0.5108696 0.615108 -1.0408899 1.8071922 1.6181716 -1.6772715 -0.23262258 0.4249083 0.3765988 0.9050845 1.2400224 1.1936966 -0.27055937 0.18497103 -1.5011048 -0.8611893 -1.0329669 -4.3060994 -0.6914389 0.2913469 -0.3220125 -2.471333 1.6473242 -0.9158769 -2.5477972 -0.17943242 0.21931686 -2.34892 0.78738666 1.7479776 0.6172486 -0.28534666 -0.5956356 -0.6853799 0.59829056 -0.024582878 -1.0358537 0.8015709 -0.33770066 -1.8181496 1.7140865 2.0153503 1.2331525 1.5194874 0.7465422 -1.8846171 1.1403424 0.5733132 -0.9507323 0.42406505 -1.1997523 1.0630271 0.17717245 1.0375428 2.8418183 1.0680727 0.6528939 -1.0611428 -0.33032015 0.64555824 0.13288525 0.64964485 2.2271593 -1.3511177 -1.4661349 1.3737379 -1.2905939 0.38166377 1.8215724 1.3337353 -0.18053597 -0.36645097 1.2765942 0.45293117 0.025281826 -1.1841143 -0.8012796 1.1787063 -2.2201352 -1.2543634 0.45997494 1.6838642 -0.5190365 -1.7295291 -0.8850652 -1.3163556 1.9285187 -1.0211372 -0.7743527 1.2625192 0.091674805 -1.2100853 1.3658942 0.28973153 0.6084703 -0.5431367 -1.4840002 1.0173327 -0.52429116 -0.56121385 -1.3286967 -2.3672426 -0.7335994 -1.3138908 1.184114 -1.0404097 -1.6616948 1.5545841 0.97857714 -2.0716047 1.5550605 1.3864548 -2.269658 0.5141246 2.415229 -1.9445653 -2.1449387 1.2194155 -1.4300094 0.26324916 -1.547581 -1.4763651 1.1881942 1.3909305 0.3521105 0.2746393 1.1854546 1.4019045 0.79052055 1.2685295 1.2564137 -0.4573775 0.15474615 0.29423517 -0.21063557 0.78009176 0.9279684 -1.6632847 0.76111877 -1.1124083 -2.0083873 0.9605406 1.3558139 2.1834784 1.3105885 -2.0376225 -4.108383 -0.45545423 -1.1158375 1.4590198 -2.0322518 0.38985258 -0.49053907 -1.1209445 0.74140114 0.97999287 0.5528815 -1.0240542 1.6514895 0.98046523 0.2910972 1.6547148 1.3497156 -1.5176908 -1.4941194 -1.2594188 -0.5432118 -0.51803136 -1.7232924 -0.88051546 0.4916914 -0.42890203 1.0794572 -1.2767439 -1.3049616 1.661751 -0.3562811 0.56429964 0.92125136 0.86038643 3.2633922 0.4027605 1.3068275 0.7779371 1.3702494 0.43634045 2.3667657 0.9992193 0.45160088 -0.24271 -0.045937482 -0.9211397 -1.2374749 -2.3263533 2.950836 -1.8757915 -1.9820806 -0.20645694 -0.18757859 -1.7770123 0.12062245 1.4070488 2.6073759 0.3276518 -0.11023086 -0.81903255 -1.6683818 0.024027582 -0.061932005 0.1217245 -0.081628636 -1.919792 -0.4004008 0.46990818 -1.4658369 2.3586583 0.16422373 0.7627571 0.20094422 -0.41807392 -0.5272929 0.026412752 1.737096 -0.25867185 -0.03498628 0.0066928063 -0.6976596 0.96950746 -2.9437242 2.9371386 0.56586254 -0.43837488 -0.74164623 -1.2619025 0.023390735 -0.15017371 1.1260834 -1.1217701 0.84139353 0.9754143 -0.75599307 0.54064965 -1.5091803 -2.0055747 -0.27274093 -0.1325056 0.06923566 -1.8021349 0.41282144 -1.3462865 -2.2501614 -1.9733574 -2.1392243 -0.07774927 1.7512714 0.611215 -0.52678424 -0.47400984 1.0940672 0.005441839 1.2689505 -1.349297 -1.9349291 1.6842059 0.5131752 0.62921727 0.12550756 1.9361341 -2.6924455
paint 2.81706 0.67477083 -0.4179076 -2.627495 0.8961947 0.078489944 0.131933 1.2203032 0.62092 0.91297513 -1.0138205 -0.19705348 -1.0979612 0.54485494 0.63486034 -0.015111626 -0.9616709 1.0876464 -0.040358186 -2.2510371 -0.76103777 0.7839794 -1.0485146 -1.9989526 -0.6258572 1.788075 0.16485752 2.601144 1.53313 -0.8944874 -0.31615567 0.99225366 -1.1085979 0.07949149 0.78033674 -0.17547409 0.013774349 0.8838567 1.5674149 -0.25934118 0.048698433 -0.45025587 1.156296 2.2557735 1.8794539 0.3401253 -1.979271 -0.5326741 -0.84833413 -1.559293 -0.9061725 -0.015449364 0.27427608 0.57642865 -1.3212678 -0.24397719 0.33897403 0.28531876 -0.3331218 0.47873476 0.597407 -1.5161315 0.41250455 0.58851904 1.1163049 1.2525585 -1.9984819 -1.4096872 -1.3803049 -0.7977936 1.0935029 -1.4211252 0.62790495 -1.3104979 2.747948 -0.4449875 0.31967244 0.75071543 -1.0981543 0.91283685 0.09987123 -0.38988328 -0.4502551 2.2179873 1.5805547 1.1330285 -0.15257183 -2.4270248 0.93933064 -1.2399303 1.584259 -2.0742915 1.5475689 -0.16417548 2.6088333 0.42253116 1.8834311 -1.4873391 -2.8244197 -1.4856006 0.51895225 1.4609573 0.6553314 -0.16326046 -1.3346871 0.2911036 0.18628749 -1.1729472 -0.780678 -0.43196872 1.1818041 0.17164466 -0.8767858 -1.8674368 -0.02661254 1.1343372 -1.0407789 -1.5163567 -0.2454161 0.24551357 -0.09039439 2.0156698 -2.371335 -1.5554122 1.9979441 -0.41322482 -1.0621635 2.2674792 -1.2277439 0.6185515 1.3664426 0.7858 0.5694593 -2.782752 0.9229297 0.0895422 0.43621728 1.3540107 1.5679797 -0.6343958 -0.09435784 1.2142978 -2.4926546 -0.4207196 0.93834776 2.137875 0.045591578 1.5988389 1.2351775 -0.33977056 -1.3915854 -0.3729626 0.68628514 3.6542761 -2.635355 1.8649913 0.04145563 -0.83908194 -0.86062324 -0.28238416 -0.7974707 1.3319474 -0.36616755 -1.4003347 0.71591526 1.226057 -0.09808042 1.8644223 -0.8609766 1.872345 1.4708923 -1.471906 -1.5735775 1.7668724 0.6686963 0.49295384 -0.16982405 -2.057564 -0.9194331 -2.361672 0.7847618 0.049006503 1.4230242 -1.0795807 -0.033591926 0.8155175 -0.8751836 1.2147952 -0.68030506 -1.7591215 -1.4776986 -0.8070722 -0.41104314 -0.5620407 -0.41447988 0.2724253 -1.2848066 -0.7289796 -0.78628767 -2.057134 0.97800744 -0.47875616 1.1429955 -1.4274406 0.35135674 -1.3526083 1.2036351 -1.0081602 -0.637888 0.6042564 0.5632631 -0.08709727 -3.1318433 -0.05047478 -0.35318887 1.8152881 0.6245772 0.8547771 -1.3491849 0.29913342 0.84268105 -0.57375336 2.1981404 0.0024723846 -1.8658956 -1.3447207 -0.5602011 -0.50497484 0.87503153 1.2936368 -0.10079207 -0.9886889 -0.20614868 0.5441334 0.46109194 0.55308646 -1.8666666 1.7343187 -0.91292655 0.18077394 1.0010155 -0.695699 0.018189117 -1.2698617 -0.7199558 0.6092473 0.24164301 -0.2193586 -0.24290335 -0.19897012 0.89053285 0.94431376 0.7592411 0.9090352 -0.32450607 0.8895205 0.9698514 -2.355563 0.9436354 -0.33067536 0.49214455 -0.9702436 0.4109342 -0.6589948 -0.91849715 -0.48220822 -0.72717077 0.095322326 -1.5724597 1.5347064 -0.33433962 1.286725 0.34966275 -2.3782258 1.4301071 1.9029101 -0.666454 -0.7778062 -1.6613301 -0.6219237 2.1422298 -0.8144714 0.0033270866 0.7559661 0.36341718 0.26762176 0.7657393 0.8978417 0.38825548 -0.9040412 0.14608094 -0.7476847 -1.459226 1.8755203 1.5164312 -0.32604414 1.7883961 -0.07204209 0.07584613 -1.0907556
coffee 0.13610888 -1.5452656 -1.8125342 -0.99372226 1.4921771 0.28770816 1.2683831 2.318275 0.7997295 -0.88409334 -1.2498833 -1.5683572 2.2464087 -0.7190066 -0.88930506 -0.69765556 -1.5997121 3.2541423 -0.27862507 0.7503133 -0.14503112 0.54561096 -0.2252984 -0.27608106 -0.1087688 -0.38565785 2.0177217 -0.46184403 -0.24805947 1.6758242 0.6351169 1.7984011 -2.0556192 -2.0459492 2.5884852 0.50601 -0.9103825 -0.23378836 0.21893717 -1.4392471 -0.42052227 1.2042453 1.6609807 1.2129743 1.6345174 -0.28142008 0.94765097 0.2091001 -3.9441614 -2.4590414 0.41619483 0.17054003 -0.8303564 1.4056754 0.22637963 -1.653042 1.2057352 -0.34369984 -2.2310512 1.383439 0.5582433 1.5543073 1.3466976 -0.41322136 -1.2240859 0.21189953 -0.2074913 -0.5286738 1.582007 -2.6849134 -0.31081504 -0.81109214 0.76644576 1.5934147 0.63461393 1.5152643 -2.3982153 0.3743162 0.16388576 -0.41910106 -0.00088661374 -2.3022609 1.5374126 1.8249876 1.5911965 1.8263831 -0.19287027 0.26371711 0.98124725 -0.5045363 1.3135434 0.84457433 2.696852 3.081905 -1.7210875 -0.40296483 0.8018239 -1.1328152 2.1311936 1.4236412 1.3557001 -1.3852669 0.7073688 0.036667675 -0.8680001 1.003632 -0.71135694 -2.1712751 -2.064964 -2.0857372 -0.18304148 -0.3989236 -0.10632022 0.72464013 -0.6983333 -0.68434536 -0.019948732 0.36796668 -1.0156019 -1.6840818 0.11691686 1.1649848 0.35778123 1.2505203 -1.621523 0.40220094 -0.9469302 -2.5156875 2.5814464 0.8222977 0.097714156 -0.057304073 -1.1394846 -0.96806294 -0.9161374 -0.25900292 -1.7178079 -0.534565 0.043266717 0.020343052 -2.5012834 2.2063642 -1.4547213 -2.5203555 -0.73221666 2.471586 -0.27145234 0.33112177 1.781567 -1.2522019 -1.1694179 0.7378709 -3.8262005 0.9369597 1.2077025 1.5423465 1.3992872 -0.9968516 2.0612438 0.597856 1.3668507 1.73322 -0.77693135 0.23418382 0.22526675 -1.4222418 -0.98863685 -0.93650144 -0.9238474 0.4450198 -2.040286 -0.7233044 1.6147714 2.0248947 1.7151464 1.0650718 -1.2031965 -1.1988356 -0.45479575 -1.1759516 1.0367912 -1.2833974 1.2154757 0.48600376 -0.3767176 1.3948041 -0.4824124 -0.3184659 -0.74525017 1.540553 0.47930324 -2.0553784 1.5381035 -0.35695034 0.9554459 -0.7390753 0.71271396 0.62805384 -1.4346516 0.31848466 -1.1008176 1.2066919 -1.298176 -1.310171 -0.60117793 -1.4878674 0.5497119 -0.77425313 2.141678 0.28388098 0.15541059 2.2064939 0.23535168 1.8634756 1.0306393 0.92502826 -0.42625344 1.8659011 1.3923151 1.0130148 0.28345236 -1.5785953 -0.8205484 -0.43487668 -1.2667931 0.7282821 -1.7933444 -0.8117207 -2.7661366 -0.052368697 -0.26596132 -0.0573878 -0.039203033 3.072408 -0.6151873 0.75271136 -2.5214305 -1.7283314 1.6036195 -0.056775283 0.6619445 -0.118484706 -1.0304209 -1.7169877 1.6248441 0.46555105 1.472274 0.9296523 0.25182706 -1.1713927 0.5472391 0.74030685 0.25842476 3.4151528 -0.39487565 2.0948992 1.7104784 -2.9829843 0.4042068 -1.7383288 3.249823 -0.0988274 -1.8019024 1.5357513 -0.6840508 -0.11955077 -0.640005 2.3027263 -1.448784 -0.363297 1.7122622 1.1613585 1.8343472 -0.56284326 -1.599903 0.61233824 0.38184163 -1.7728179 0.49318615 1.1932791 0.030887095 -1.4877067 -0.96621877 -0.70868826 -0.40470636 -1.8455293 2.9453342 -0.49322495 0.8341674 1.6809988 -0.07540654 2.5202634 -1.2870091 -0.8503893 2.7606103 0.76997006 0.07225795 0.89483464 1.7786641 0.7686332
beer -0.5774003 1.6247443 -0.8998327 -1.032683 0.84768015 -0.67048264 2.9888003 1.6742134 1.8809794 -1.1840544 -2.9692357 -1.3722364 2.7635677 -1.3962566 -3.2199035 -0.1105086 0.780668 1.8750652 0.27638665 -0.17140836 0.3253534 -0.06189947 1.1641984 -0.79997706 1.0533172 -1.2688403 1.6884539 -0.5663632 -0.21831568 1.334561 -0.1991879 0.43185285 -0.6850523 -1.0977697 0.78210163 0.916728 -0.93053395 0.4514717 0.80479735 -1.4766434 -0.9171138 -0.08296788 1.145859 -0.5446511 2.395098 -0.5720778 -0.59407824 1.1865289 -4.136009 -0.6798131 -0.41342485 0.6763806 -1.4261094 2.3413665 -0.36632657 -1.6711776 0.07525815 0.07986127 -2.1807334 -0.33234796 0.84526974 0.993467 -0.26517308 0.13897371 -1.0242751 -0.44556215 0.054556943 -0.7663964 1.2880476 -2.7166796 -1.2611327 -1.1444609 1.4810419 0.47227237 1.178527 0.6915677 -0.873228 1.0911765 -1.392843 -0.5049342 1.1771592 -1.080139 1.0015999 0.5020265 0.045024008 1.9937725 -0.5254991 -0.3824622 -1.4478431 -0.24071562 0.7491476 -0.38291767 0.86654073 1.3176192 -2.3399158 -1.0298936 2.4700449 -1.9266376 0.34982827 1.442768 1.7409266 -0.006063618 -0.14205538 0.98494846 0.6433724 0.3327212 -2.008439 -3.105533 -0.85907376 -1.6499414 -1.6865201 0.28288922 2.1805928 -1.2068825 0.41037646 0.45778343 0.12802334 2.3129318 0.0762838 -1.7448982 0.85728043 -1.0939554 -0.27223963 -0.43894446 -1.1682414 -0.94402385 -0.6092352 -1.1004671 2.2234325 1.0560077 -0.6963864 -0.52123326 -2.287325 -1.0467691 -1.2817142 0.74471766 -0.85075784 -1.3730154 1.1127533 1.1116697 -0.6285647 1.5555729 1.7146993 -1.3433133 0.2764727 1.3201212 -0.5932958 -0.24187547 -0.30968776 -0.17782268 0.366434 -1.30875 -2.017046 3.0458164 1.6087849 -0.03501621 0.6413883 0.57940173 1.8696316 1.6217779 1.0308433 1.3925294 -0.6307015 -0.13751346 -0.26854867 -0.8894388 0.5685753 -0.9559604 -1.6333699 2.2031295 -1.8693746 -0.07848687 2.2265131 1.5484962 1.9859396 1.314563 -1.7176981 -4.3649797 0.7189258 -0.41354403 0.5024398 -1.8015385 0.88036394 -0.24729611 -2.716503 1.1274637 0.53737384 0.19020529 -1.0695807 -0.13367014 1.7327882 -1.2464294 0.66635716 -0.29116488 1.2330568 -0.90592873 -0.6720088 0.16365549 -0.26042968 0.6782162 -1.8643376 0.48210213 -0.35591087 -0.60173213 0.4253169 -0.6384106 -0.6084669 0.08614036 0.67960346 0.7251272 0.6337012 2.2150059 0.6800732 0.9503106 0.35021028 0.88542616 0.6449164 1.2858214 1.5371081 0.41365278 -0.022515787 -1.0042471 0.2669264 -0.69403505 -1.2217257 3.433381 -2.0948503 -0.9884202 -1.3994919 -0.4433547 -0.27869126 -0.60260195 0.5990589 4.2151127 0.46021056 -0.20998392 -2.029672 -1.3843714 0.18321146 -1.3561875 0.3111968 -2.2008648 -1.3057716 0.5010683 0.9880843 0.5012454 1.9447892 0.7411193 -0.6459693 -0.0041935965 -0.4818831 0.086177595 0.92807066 1.8676425 -1.5402366 0.50959593 0.9558771 -1.5557735 1.1515635 -2.1167717 2.1085806 -1.6360981 -1.1388885 -0.18465815 -1.4498402 0.13269524 0.39183027 1.9121681 -0.15717918 0.6841794 1.1957597 -0.25079092 0.5376356 -1.640406 -1.8225716 0.5948224 0.17428844 0.58757025 -0.89256144 1.1217728 -0.5540073 -1.5857208 -0.5105818 -2.3025966 -0.4323009 1.1591536 2.2642002 -1.3405597 -1.0521207 -0.37202826 -0.08227377 0.01638769 -2.4553857 -0.625429 1.8204474 1.2567531 0.5105341 -0.7364803 0.8039317 -2.063288
smoke 0.8409432 2.021825 -0.79383594 -2.693486 -3.2882729 -0.00920825 1.1416541 -0.11093889 -2.7627823 -1.492234 -1.9663278 -1.190158 1.9137384 0.85368365 -1.4758942 -0.4682913 0.49536985 1.6836314 0.3835073 -0.077697985 0.95474774 1.7768404 -2.0792603 0.1100004 -3.1823177 -0.41883972 0.52080345 -1.4124593 0.41291285 -1.4488814 0.07592868 1.0952637 -2.014003 -1.5827988 1.8415095 -1.9999477 0.10767517 -0.51239175 0.47464886 -1.9365093 0.32163152 1.7824812 -1.3763229 0.8513091 1.493717 0.0677168 0.6152689 -2.2217004 -0.80206347 -0.025141586 -1.1208978 1.6895515 -0.16919218 2.7669883 0.9595444 -1.3548276 -0.27797973 -0.35622448 0.3008983 1.8625108 -2.5383818 1.5476549 -0.9670525 -0.115526 -1.1479037 1.0724936 -0.2982609 3.0874238 0.31818596 0.18143784 1.6824175 -1.2922702 1.2733082 1.1433468 2.929292 1.2853115 -1.9903386 0.61641794 -1.7669414 -1.0950134 2.2320404 0.1715539 0.37196362 0.58608675 0.9214241 0.03351699 -0.96782255 -1.5182582 -0.9240542 3.5392156 1.9592359 -1.4900056 0.5041464 0.21591163 -0.5702185 -0.6586293 0.15794621 0.4107752 1.1973306 0.0757588 2.4528296 0.123659335 0.26824853 -0.30888876 0.016526345 0.6679937 -0.22465014 -1.8390355 -1.5137849 -3.0271425 1.1660166 0.78041214 -1.0671035 1.032468 1.3232765 0.4379447 2.502749 -0.9086541 -2.1953301 -0.5812784 3.308046 0.70663416 1.0132285 -1.950671 0.096314184 0.68420523 -1.5792738 -1.15256 1.3421162 -2.1007636 -2.8217432 -0.49684238 1.2245977 0.10990165 0.6027993 0.34160244 -0.41184968 1.9332126 1.736679 1.1350998 0.9188794 0.15465333 -1.2008303 0.4468247 0.32099113 1.7840731 -0.5223591 2.258082 -1.0578213 -3.8776264 -2.6543217 -2.0731592 -1.6984917 2.1053832 1.0344878 -0.7783204 -1.2346811 0.3785749 0.26242235 3.147844 1.4162397 0.2417598 1.0443307 -1.8481238 -0.106188625 1.3791001 0.2639317 -1.2431842 -0.13875921 -0.43742654 -1.4299933 -3.0966678 0.28170627 2.3659565 0.41874138 -1.938848 -0.49261174 -0.18209174 0.6780758 0.0016011812 -0.09983302 1.3184024 0.13847674 -1.3997607 1.8916485 1.8270502 -0.35211238 -0.62164366 0.52010214 0.17257749 0.23699757 0.9993994 0.9898028 1.2339747 -0.8936545 -1.3922372 -0.71477455 -0.74822533 0.3205692 -1.1618996 -0.6071021 -0.29469386 -0.31459716 -1.1404614 1.1715772 0.550248 -0.47682494 -0.92140156 -0.48132798 -0.45778295 0.21644789 0.38257945 -0.12164158 0.41901258 -1.1993507 0.95267946 0.30087999 0.95274204 1.1698209 1.9917406 -1.0174358 0.15882614 2.035519 -2.0902262 -3.6208014 1.851296 -5.330557 -2.133809 0.46364832 0.76589155 0.98746365 -1.9107674 0.1217526 -1.1852313 -0.778403 0.030569673 0.8203202 -0.66915715 0.49141082 1.0428916 1.0411779 -2.1446788 -0.96528786 -2.423015 0.970578 1.0503094 0.7354734 1.3668742 -0.28272304 -0.30093333 1.2671239 -2.019237 2.593179 2.278814 2.0178382 2.603193 0.529437 -0.9448906 0.19554582 -2.6085117 -1.043508 1.7456962 -0.5168617 -1.7090317 -0.27595848 -0.8814105 -2.0540197 -0.32542515 -1.8368399 1.0418682 1.0429019 -0.5581051 -0.28206244 -1.0978194 0.08107917 0.13884579 -1.4087449 -1.7396008 -0.1150884 -1.7402873 -0.8044198 -2.5570092 2.769276 -0.66455173 -0.09752313 -0.3581774 0.5347824 0.30863386 -1.7642177 -0.9707962 -0.34608307 0.41438594 1.0740961 1.6374878 7.536297e-05 2.918094 -0.5903427 0.9538433 2.348413 0.09243197
cork -0.55121416 0.121537894 -0.5249282 -0.46515515 -0.92818314 -2.0556247 -3.0892475 -0.99443364 0.9547314 -0.40112355 -2.0095787 -1.7456859 1.9744668 -2.167482 0.90457314 -1.6654214 1.6921355 -0.42218775 2.6748748 -2.9719672 0.35996333 -2.595416 1.8576593 0.008293611 -0.7189823 -1.5259469 -0.2004612 -0.86843824 -0.7616911 0.8753912 -1.3045709 0.09786052 -0.7079352 -0.15524298 3.0724607 -0.007065376 0.5079749 -1.4779623 -1.4235113 -1.125133 -1.0237563 1.6342242 1.2393111 -0.3667548 -0.743895 -0.8172828 2.4792676 1.7089388 0.16296858 0.93011105 0.38890234 0.575006 2.5312538 2.7748065 0.91363865 -1.0702167 0.1238826 2.0050724 -1.8637992 -0.91429174 1.2802132 -0.84316516 -0.30438736 0.75723624 -0.79806083 -1.6753384 -1.3260672 -0.54517555 -0.7497071 0.37568554 1.2646106 1.1475005 0.21185301 0.43220326 -1.2207392 1.2548522 -1.4360278 -0.69352597 0.32586437 -0.7217431 0.16195568 0.62623143 -1.7178019 -0.45886412 -1.3547287 -0.21446784 2.139627 1.0657758 0.035171155 -1.1203766 -0.23844418 1.5091666 -0.43569168 0.07962446 -1.2693403 -1.2548343 1.1207368 -0.01901461 -0.71058387 -0.8066797 0.43269983 2.0087922 -0.1279065 -0.5381287 -1.797145 -0.69364226 -0.77708995 1.1800916 -1.5441202 -1.4912817 0.25792733 0.28591135 -1.450442 -0.12054203 0.54241496 1.2003027 -1.0066979 -1.175614 -0.16510355 -3.4286864 -0.22977003 0.0134942755 0.75973374 0.522514 -1.1339464 -1.1606549 2.4990628 -0.24840873 -1.3980175 0.27792722 -0.112888776 -1.5844539 -1.6007761 -0.33576944 -0.537173 -0.47095063 1.8730426 -1.0390826 0.5594702 -1.9748008 0.06583347 1.6971825 -1.775846 0.8565076 -1.9042991 -0.753064 -0.6034219 -1.9969462 -1.7801222 -3.4627051 -0.2544987 0.7933825 0.013961447 2.5189803 -0.3360095 0.17492561 1.7569613 -2.90117 1.7757585 -0.2341106 -0.7721768 1.5270232 0.81822723 0.75854 -0.4843983 0.75902987 0.15938194 1.6776453 -2.111371 0.9950974 0.14998761 -2.6117613 0.043623272 0.25155073 -2.5706565 0.6880452 1.9361525 -1.0936491 1.7840956 -1.1009377 -0.10255563 0.47504187 -1.3612561 -0.91053164 -1.3622656 -0.914468 0.59336406 -2.4422903 -0.56865156 0.32246614 1.5844264 -1.2608669 4.0713916 1.9844801 0.36888647 0.014183821 1.5377538 -3.3729959 -0.95114344 0.67816544 -2.1616468 0.09543903 -2.5325527 0.9332301 0.41883865 1.8493507 0.303167 1.4802384 -1.4016609 -0.30328247 0.055842835 1.7100437 -0.028850563 -1.6814989 -1.9540185 -0.64569443 -0.261473 0.027002767 0.34779626 -0.05285605 0.09319075 -0.8464956 0.90824205 -3.3910213 -0.14007594 1.029257 0.34787077 0.2312904 -1.2407088 -0.64444077 -1.9279648 -2.0200822 -1.5557289 1.501516 0.773806 -1.0965155 -1.0059365 -0.9596168 -0.63100445 -1.0486662 1.272891 0.2440984 0.28827107 0.5689786 3.0304291 -0.96560425 2.1699853 -1.7336507 -1.4173834 0.41962874 -1.2229861 0.5946129 -0.9136726 1.6846527 -2.353268 1.1053077 -1.7374632 -0.68777823 -1.4966495 -1.4224529 1.2955061 1.5645785 3.1798856 0.6848182 -1.1455854 -0.70098245 -0.093712114 1.1612678 -1.1812812 0.10028053 1.4231645 -0.7710936 -2.3193488 -2.2271807 0.9930281 -0.54251325 -1.6374602 1.557829 -1.2273 0.2984281 0.54612607 0.5937194 -2.1597245 0.6877002 1.1709806 -1.7052764 1.0340967 0.45366007 0.983564 -0.56371784 0.5679926 -1.5378689 0.41160873 -0.52245444 -0.6517262 3.066561 -1.2710778 -0.52354175 -1.6000855 -0.6923575
egg -1.0330878 2.1608667 -0.26669744 -0.51919645 -0.76687247 -0.52825576 1.8574679 1.6940998 1.3676792 0.7846455 -2.8611257 0.2022535 0.6887186 -1.4579945 0.9961729 -1.6103731 -3.8260412 -0.9861873 0.21486902 -0.6075003 0.32581958 0.29908136 -0.17772341 -1.729575 -0.25226995 0.23848279 1.9237434 0.009935717 0.7754189 -0.5609261 0.27015328 -1.7803984 -1.4255555 -2.48333 -0.7183497 -1.3513194 -1.1033745 1.5272919 0.62141824 -1.3150795 1.3476133 0.034307953 1.9853486 -0.45757064 1.7645386 0.29375696 0.9372079 -2.1574304 -1.6365058 -2.011852 -1.0486504 1.3117491 2.1851552 -0.41642606 -0.8612222 -0.22018124 1.9494108 -0.018130552 -0.82041776 0.8626275 -0.6961977 -2.3705816 -0.15007766 -0.56833315 0.17910717 -0.9035026 0.81793463 0.278352 1.4049948 -2.430927 2.9202828 -1.982589 1.8014297 -1.0683312 -0.7327722 -0.14899012 -0.41947913 -0.047168504 0.53440064 1.3037355 2.36411 -2.6672502 1.3245862 0.35880446 2.5375235 0.78248787 -0.29003155 -0.7907018 0.39752573 -0.59878516 2.982899 0.43551642 -1.6362661 0.27811533 -0.63337207 1.5134836 0.07081283 0.77757585 -1.0688566 2.8820355 1.9469488 -1.2690539 1.6281406 -0.6337453 -0.62101203 1.4798717 -2.1817136 -1.6463077 -1.1082565 -0.8071457 -1.3852164 1.3287339 0.34608096 -3.1677148 1.3820113 -1.0398849 -0.47812897 -0.09150742 0.13850462 2.6228557 0.07266098 1.45383 0.28735664 -1.5051706 -2.0798216 -0.58634037 -0.086760275 -0.2792959 0.59805566 -1.4982096 1.0211978 -1.5019269 -3.1137643 -2.3052728 1.1127707 -1.1263994 -2.9895964 0.6238336 2.091504 -0.13813835 -1.3733042 -0.90424865 -0.39189076 -1.9614881 -1.4577974 3.0700946 -2.5146794 -2.383666 2.5757453 -0.52376837 0.24522205 0.12553677 -1.3803755 2.2142498 -0.2931502 0.5316883 -2.8892798 -2.3329875 2.4123452 -0.5218188 -0.055993114 1.792488 0.20538205 -1.9146909 2.250027 0.7793694 0.70343775 -1.6525491 1.0043839 -1.364718 -1.7661169 4.5806575 0.002936455 3.4245396 -0.25870493 1.7510552 -1.7445624 -2.8500853 -0.53876954 0.25376087 -1.2993916 -0.430348 -1.0910021 2.4006445 0.5628379 0.10738838 -0.37046582 -0.22746238 -0.4778111 1.1955847 -0.39276388 -2.0452366 0.50530773 0.41184148 1.3524697 2.077101 0.05821101 -2.088536 1.1357151 -0.14050148 0.21483287 2.6711652 -0.35950765 2.5247138 -0.8250111 -0.224398 2.8054843 1.2430182 -0.092641406 -0.6349938 -0.9240755 -0.48991823 -0.4070476 0.10887891 0.42876947 2.2646115 2.3262718 -1.2824578 -0.33762515 -0.98224133 -0.8360894 -1.4475399 -0.83277094 1.3461468 -1.7219458 0.28718358 -2.1754854 -2.4759402 -1.6602924 1.1247238 -1.9889758 -1.9631176 0.35647058 -0.04660778 -1.6141428 0.84267056 -0.91989595 -0.93851274 2.8003666 -0.41240266 0.4803419 1.076625 -2.1093879 -2.716308 0.6701621 -1.6735467 1.9970319 0.9979119 -1.1627767 -0.057501547 0.9932515 -0.4031594 0.32850915 -0.98538435 -0.08113017 0.9068919 0.54291767 -2.8912547 -1.1177632 -1.7657344 1.7634124 -0.30730325 0.54723185 0.21910131 -1.1073931 -1.631154 1.4135619 1.2849426 1.2100267 3.711197 1.3675773 1.7283776 -1.5725567 -1.4493178 -0.5102978 1.2239455 -2.5638533 1.2202063 0.7744741 -0.23602475 0.70976853 -1.9738325 2.993829 -0.3265633 0.3912373 -2.1191795 0.4714187 0.16051173 -1.5726368 -0.11144464 -0.75295967 0.2978015 -0.2643106 -0.79682815 0.8823152 0.14642231 -2.3559287 3.589239 1.1427834 -0.12563911
tea -0.430405 -0.5670688 0.6829532 -0.82714134 1.0990729 0.24682438 1.1698883 3.333272 0.7279446 -1.325335 -0.08891978 -1.0627489 2.1192436 -0.50967944 0.09073537 -0.7003539 0.17121825 2.0349839 0.79770654 0.71882045 -1.2917588 1.4635956 -0.9103332 0.49862215 -0.19588603 0.2934555 3.550501 -1.5450958 -1.9210494 -2.2799296 1.1452928 0.61011183 -1.2474779 -1.4087763 2.7046149 0.21097371 -0.256764 0.3242077 -0.05534493 -0.886999 0.17569776 1.4863058 -0.04781565 2.536054 -0.019669928 1.4610281 0.62076783 1.3537959 -2.4913447 -3.0483518 0.113216065 -0.22830218 0.020206653 1.1016291 -0.11792302 -0.9351574 1.4536507 0.09330881 -2.924444 2.35077 0.9674439 -1.3332244 1.6807868 -0.9905864 -0.68275535 -0.49184605 -0.35679546 1.1841531 1.2333199 -3.3493426 0.5237762 -0.35343027 0.6882151 0.8896019 0.69624066 0.35298255 -1.8776108 0.28001177 1.3618741 0.61904234 -0.27219948 -1.4878986 -0.1960114 0.81030834 2.1480017 1.588454 0.1924795 0.10432181 0.61979955 0.07215571 1.4357655 -0.43384632 0.9595422 2.8977568 -2.1532652 0.96881765 1.2292045 0.2888051 1.3524569 0.59115833 1.1030267 -1.5425154 0.7533221 -0.8330362 -1.6551869 0.230425 -1.669008 -0.79598176 0.9453276 -1.4864299 0.12044399 -1.9227965 0.94454825 1.3716283 -2.1925764 0.07425447 0.46897063 1.3872006 -2.042927 -0.174592 0.1756198 1.190536 -0.7465831 1.4502293 -1.0091348 -1.4372631 0.08779932 -0.7825385 3.3812885 0.90117496 1.9514883 -0.24906327 -1.0833527 -0.61521375 -0.7474244 0.0079045845 -1.4582366 -1.052061 1.5196167 0.66408753 -1.671491 1.1096733 -0.41387936 -1.5074768 -2.0134115 4.0679684 -0.0779866 1.0203981 1.4238358 -0.48775834 -1.2011437 1.2562784 -2.387714 1.5276455 0.14452247 1.5469587 0.07873609 0.7995538 1.5988317 1.3759198 1.6959082 0.008813712 -1.8449467 2.6038253 -0.20194966 -1.5806588 -0.14719085 -0.34844851 -2.259733 -0.47272116 -1.5656767 -0.75924146 1.0019089 1.2110888 2.0994396 2.5206296 -1.2504284 -1.1955098 0.5047524 -2.199888 0.74762 -1.5232011 0.48627618 -0.9195827 -0.6955809 0.66241163 -0.027842298 -0.82443047 -0.5535594 -0.26917025 0.07809799 -1.4325734 1.408869 0.5442086 0.68909615 -0.4274203 -0.8130639 -2.1434288 -1.3011354 -1.0170912 -0.41694066 0.98401994 -0.8166653 -1.8148127 1.1066712 -2.4273434 -0.13997641 0.13470562 0.25373703 1.2138077 -1.2094674 2.6244755 0.14932182 2.3955789 0.6903138 1.9350199 1.3542876 1.4501989 0.06654266 1.1591897 1.7731519 -1.3551087 -0.1904406 -0.45630383 -2.3828237 -0.5063568 -0.58378077 -0.6794918 -2.5692112 -1.3035477 0.09873704 -0.48616615 0.3367654 3.3197558 -0.2813382 0.7183568 -1.6502593 -0.99692607 2.064603 -0.84334946 1.3182309 -1.1337558 -0.19953622 -1.1756136 0.22827609 0.13696007 1.091643 0.68231106 1.0435975 -1.6563491 0.31476545 0.9448924 -0.875448 2.454981 -0.5204328 3.2093046 0.44016138 -1.9502003 2.3040106 -0.2713397 2.5013485 -0.20913148 -0.85855955 1.3608173 1.0939813 -1.1670772 -0.4428574 1.7252785 -0.2914239 0.7438305 1.8673679 0.78856134 1.6737677 0.5058729 -2.4461591 1.8559935 -0.07636993 -1.0846878 0.57663625 0.13991553 0.2799039 -2.5022695 -0.3669011 -0.97023886 0.93671596 -0.09405743 1.7505002 0.088833384 0.96227914 3.264243 -0.1558529 3.298302 0.11272085 -1.6327333 2.4887779 -0.82202405 -0.09660532 2.5420556 0.78046197 -0.5949331
rose -0.30032194 0.539512 -1.6613388 -1.9917754 -0.5026812 -0.8649284 1.9068687 1.1683993 -0.29864672 0.059991144 -1.403304 -0.42944938 1.0338283 -2.083433 -1.7467266 0.09666303 1.4860841 0.7834372 0.63107127 -1.8597425 0.66002053 -0.36619 0.91110516 1.6621299 -0.31343532 1.8618059 2.5176687 -0.7408727 0.3319638 -1.316446 -0.18333125 0.27124813 0.81083614 -2.0769644 0.78925264 2.3151705 -0.26087406 0.40878046 1.0174408 -1.3459792 0.04038374 0.36228108 -1.5744818 2.3185058 -0.3218231 0.44476345 -1.1139961 1.6823874 0.30060592 0.48613372 0.34407973 0.61940664 0.85895187 0.5838199 -0.40334317 -0.34859353 0.4022483 -0.58279216 1.0279717 -0.99860317 -0.6512835 -1.9163512 1.7209276 1.1498196 -0.82906365 -1.8876706 0.31958345 -0.22135042 1.0042425 0.038372148 -1.3873235 -0.3877585 1.057923 0.108223096 -0.3534964 0.56205475 -0.6621098 0.24742031 -0.8834028 1.0482093 -0.5566569 -0.57101804 0.96729606 0.63551986 2.1533086 -0.7224958 -0.073040895 1.2860496 0.06889211 -1.528415 3.066486 -0.72369164 1.0155706 0.30151498 -0.36855054 0.18884504 0.16395126 1.9071026 -1.8591677 -0.41320825 -0.15416308 0.088705905 -1.1871874 -0.87875473 -2.2460096 0.23034233 -0.476488 1.2676858 -0.41576 -1.745498 -1.0257902 0.28715372 0.71235836 0.66549075 0.11428509 0.432837 0.2135898 -0.10831692 0.85958856 -0.6860307 0.03234564 -0.19741538 0.27745277 -0.20963117 0.24321267 0.408179 1.7055892 0.99113804 0.9383513 0.43526477 -0.006201393 1.1433448 2.3479247 -0.63140124 -0.56354177 0.27678856 -0.57987654 -1.3320844 2.0483887 -1.6987141 0.059100635 1.1386749 -0.45139918 0.20065175 -0.78940195 -0.76528215 -1.1581912 -0.5986212 -0.34494457 -0.69095945 -0.94002944 0.2206914 -1.6964211 1.5167798 0.021344513 -0.25475115 0.28196138 -0.7044264 -0.15935436 -1.0041118 -1.6119503 1.6203468 0.30039668 0.51151437 -0.81690186 2.1304517 1.4793633 -0.70465815 -1.7947041 0.2609578 0.5806824 -0.45357546 -1.0768962 2.0712552 1.0584403 1.3094991 0.7196043 -1.5677809 -2.4880118 -1.0793433 1.5246048 0.89250284 0.39873686 -0.5979814 0.19520806 0.5258195 0.029981896 0.49839556 -1.1620655 -1.4658955 -0.30567443 -1.364825 -0.13399489 2.304479 -0.014096937 -0.12679511 -1.0584708 -1.1350578 -0.14917216 -2.2400045 -1.5603514 1.3729994 -1.1110189 1.6183343 -0.37357658 -1.7589285 -0.32423237 -0.112903796 -0.83220446 0.44386378 1.0470597 -0.0028056388 -1.7160255 0.034224015 -1.1383837 0.78037167 0.7028308 -1.1204629 -1.3815697 0.12239488 2.193986 0.31457502 -0.03342527 -0.18529542 -0.8303143 1.7439748 0.60721976 -1.7582912 -0.3161325 0.9928384 -0.33942878 -0.8656794 0.23253322 -0.17694196 0.760573 0.3935669 0.014855884 -0.43747854 -0.14057072 -2.6458719 0.9953051 -1.0290396 1.0491092 -2.3943994 2.0837903 -0.55010283 0.7772893 0.1338662 1.4594668 -1.6257524 -0.22658442 0.21039684 -2.0180213 0.18599148 0.09642033 0.39728594 -0.2113912 -0.36041158 0.09355976 -0.93148273 0.10482306 1.1133755 0.02179388 0.056122735 0.52503777 -0.22537318 1.167414 0.06171917 -1.0345062 -0.17210814 -0.9496821 -0.22604762 -1.0337214 -0.31823507 -1.1509936 0.46486416 0.86507124 -0.025392938 -0.7837288 1.1520145 0.4943341 -1.1808305 0.09179493 0.19597216 2.5077162 -0.80736756 2.0200377 0.038767163 0.8911122 0.07020789 -0.5158582 0.8384097 -1.4008461 -0.42688197 0.061547432 1.6999447 0.60379016 -1.4476043 -0.5815199 -0.10413657
orange 0.35021973 0.9196037 -1.4719654 -0.31633663 0.25580588 -0.23177022 1.7316742 1.6378497 0.62279135 -0.37325352 -1.4948868 0.062401373 1.6869209 -1.093508 -0.82507306 -0.21106827 -1.6390463 -0.14417793 -1.5439662 -2.3853831 -0.3622972 -1.1113591 2.5559442 2.2527287 -3.4167206 0.46594152 1.0626463 0.48164427 0.27571958 -0.14319271 0.70597243 1.9343472 -2.1204097 -0.53933984 -1.2209976 0.99988264 -0.18506795 0.8305604 -2.3377442 -0.2679022 0.2571815 -0.7498254 -0.09570659 -0.2069021 -0.4486523 1.2121532 -0.1020729 -0.18017091 1.0283523 0.88168323 0.14247702 0.057264317 0.97189105 1.7125701 -0.6971527 -0.37531227 0.7239492 -1.0810697 -0.6590648 -1.0641775 0.8997239 -2.1541445 -0.47367355 0.36996946 0.12630646 -1.5281749 -0.5802472 -0.5692325 -0.0719822 -0.4326953 0.30540767 0.89766186 1.3445238 0.13624218 0.7141404 1.6034763 0.0697989 0.17236064 -2.1101482 2.155861 0.009249901 0.0060830866 1.2232782 0.37859216 1.4278703 2.0154953 0.35675868 -0.7023023 0.33984324 -0.12818769 2.1246145 -0.25378767 1.5154388 0.99082154 -0.6225086 -0.7313227 -0.061805055 0.73472965 0.5454639 -0.6827405 -0.0643222 0.93653625 -0.19583093 1.7076236 -2.3531966 0.9079946 -3.2037468 1.6826661 -1.2081397 -1.6266568 1.3834487 1.0093157 -0.7601591 -0.10174387 0.29842168 1.8830122 -0.67833483 -0.100078925 -2.9167087 -0.05631936 0.741692 2.4393969 -0.68929136 0.22776483 0.42420202 -0.7058493 -0.27832136 -0.94739 -0.89763033 -1.3313122 0.65407157 2.0037742 -0.33338752 -1.7367563 -1.1407548 -1.8460956 -0.12511928 0.9549472 1.8511636 -1.3251606 0.38937563 1.1154587 -3.0746655 0.1846366 -2.0777442 1.0276303 -1.680846 1.604764 0.21082085 -3.167928 0.81469476 -0.9744327 -1.0244864 0.9433273 -0.35784736 1.5017833 -0.8740489 -1.8240805 0.32696277 -1.4705968 0.07124096 1.8460863 0.67937034 -0.36237824 -0.53360826 1.6110493 -0.14986134 1.2222253 -2.7267687 -1.3669802 0.49224 -0.39393485 -2.005565 0.4964208 -0.23449908 0.9008106 1.2171636 -1.7185522 -0.7638963 -0.6066345 -0.57588786 -0.6015882 2.7485197 -0.3449717 1.9068271 2.1170259 0.03250712 0.012069723 -1.7050867 -1.1062373 -0.362764 -0.8849027 1.8585984 0.26103035 0.011236363 1.8024025 -1.5153322 -1.3423834 0.29071495 -1.1255367 -0.048999716 -0.8412431 -0.6731693 0.72946614 -0.65438616 -1.4338127 0.9114294 -0.34380305 -0.35377732 -0.23323177 -1.155071 1.5284894 -2.1588535 -0.44836318 -1.2049371 2.729082 1.8934058 0.59172106 0.51358837 -1.3883272 -0.61101294 0.71799475 2.1962926 0.928884 -0.67270774 0.9536326 -2.3682015 -1.0250963 -0.025503915 -0.9082193 -1.2273875 0.063686706 0.82198316 0.5596093 1.1773261 0.16252758 -0.7142221 0.39542866 0.028168898 0.8476999 1.5698645 0.061710466 0.23000644 -0.8976121 0.3685365 -0.2175542 0.74038017 1.0575293 0.78697854 -0.7485742 0.13175856 -0.45252028 0.28741175 1.0375929 1.1247782 3.7338657 -1.2663785 -0.8106406 -0.59954745 -1.308472 1.1366069 0.68285316 -0.18442962 -0.6654904 -1.1188757 -1.4623125 1.3178873 -1.1178964 -3.1008618 0.26379803 -1.2476507 0.98055565 -0.22689837 -0.42480287 0.8046101 -0.5773936 0.52505964 -0.021258201 0.38384923 -0.8310726 -0.4178317 -0.81860965 0.8450596 -1.234446 -0.017244458 0.53954744 2.5119185 1.6081849 1.7767093 0.44940135 -0.1504199 1.4479814 0.5424767 -0.59912676 2.3995168 0.583418 0.17485212 -0.10801648 -0.6226507 0.30074388
vegetable -0.6192435 -0.56571805 -0.3652835 -0.31451902 -1.4301903 -1.2962872 1.8085574 2.9854033 2.4280221 0.12973835 -2.936662 -1.6368687 -0.09593997 -1.2524534 -0.6043387 0.47725457 -0.71527183 0.025751278 -0.6548969 0.29631177 -0.33052245 0.25747496 -0.2070526 -0.20687006 -0.7881253 -1.789189 0.801064 -0.098730125 0.905112 -0.098713316 -0.78562385 -0.4716156 -0.034531757 0.30993113 0.22111501 -0.5570097 -1.5803471 0.7167454 -2.6038918 -1.1411458 1.7205561 -1.778227 0.6362799 2.6067278 0.85526234 0.21621658 0.45672876 -1.6754799 -1.9989891 -3.9517293 1.7591141 0.8293813 -0.92499053 -0.71667993 0.3525308 -0.19373342 1.530395 0.14150214 -1.2993109 -0.6482573 1.5512793 0.07288732 1.066877 -1.2609237 -1.8404732 -1.9343628 1.8284515 2.3496962 -0.32487282 -1.5468543 0.81616247 -0.88379157 2.4683654 0.44723082 1.6455362 1.4416932 -1.7729731 -1.8436977 2.1032078 -0.7053535 -0.8560993 -2.1042922 -1.8122141 1.1073571 3.1199045 -0.034065075 1.0150862 -2.0194857 -1.1144167 0.29576802 3.3469577 -1.0962448 -0.35674268 0.8362445 -0.5139043 1.6654505 0.65648955 0.5597456 1.9739107 2.6918242 2.7856717 -1.8045982 1.8739998 0.04609772 -0.16347809 -0.3445768 1.5312061 -0.7205361 1.1694943 -0.71830565 1.7514517 1.141698 0.24899161 -1.9037387 -0.3928772 1.3223317 1.1787486 2.2218149 -0.5759909 1.2507535 0.18129294 -0.11319011 -1.176012 -1.3397833 -1.9775491 -0.58759546 -0.7485269 -0.881307 -0.39263955 0.23321119 -0.22487028 -0.78581893 -1.7559861 -2.1685762 -0.07094154 -0.34869152 -0.8270828 -0.6854018 1.1168789 0.07413377 -3.0923738 0.94562227 -0.14560321 -4.915682 -1.4627737 2.5151918 -1.0411527 -0.49487892 1.2355819 -1.8845636 -2.4571865 0.18953119 -1.0667876 0.13777302 2.0153637 1.3951879 -0.84753716 -0.49124482 1.5049504 -0.9778339 1.8146434 0.056050677 -0.55989283 -0.40534014 -0.38043234 -0.5853586 -0.033610538 0.5768325 1.512329 -1.7606919 -0.6636872 0.81781065 2.0087786 2.9735725 1.4160228 2.1292822 0.10361855 -2.0090754 -0.17659299 1.6471275 -0.69072205 -2.910704 0.03394295 -1.1069068 0.0961136 0.25964147 -0.39383012 -1.8710098 -0.10176975 1.2048244 0.23167126 -1.6159344 0.596358 -3.0992832 1.1765807 0.6394482 -0.123717666 -0.22568081 -0.15704846 -1.579438 -1.5984128 0.17282477 -0.6376594 1.4984126 -0.24462807 -1.2196404 2.752637 1.1205767 1.5133437 0.48037142 -0.7784465 2.6160421 1.0351087 -1.238693 0.5457045 1.8665441 -0.2079147 0.51283044 -0.5016463 0.60861796 1.0235983 -0.9762099 -1.5170356 -0.31577083 -3.063806 0.70701224 -1.7063793 -0.33941832 -1.1317248 1.5270451 -0.36859348 0.18898384 -0.13128643 1.1522764 0.9833146 2.463796 1.0219231 -1.5459316 0.5644371 -1.460285 0.89239484 -0.9466588 -0.05156938 -2.272529 -0.34205717 -1.2248675 -1.0215845 -1.3186404 -1.6599448 -0.39583176 0.7888625 1.3947707 2.1151416 -0.5362344 0.62056774 2.7968054 0.3857143 -3.0169673 -0.8344569 -1.2841362 2.4351702 -0.08102086 -0.7807103 0.5404986 -0.080244526 -0.29031256 -0.11598723 -0.6647596 -2.5559762 1.6372805 1.3868449 0.34452373 1.815668 0.023421723 -0.30925903 1.2521659 1.4282148 -0.044670917 0.27425548 0.31596097 0.55700445 -2.0187693 0.7077539 -0.95072013 1.7436717 -1.1880257 1.1991915 -1.0014461 0.70678014 0.7471051 -0.40422234 0.3446024 0.51882094 -0.78272814 -0.12310636 1.1612251 -1.5455691 2.0414429 0.9197902 -1.4431596
mouse -1.8190677 -0.5608419 1.996622 0.6791352 -2.00089 -1.602928 -1.1082274 -1.018949 2.1623712 1.271924 0.63679945 -1.3856008 -1.2327186 1.8324957 2.1434174 1.6741675 -2.0894735 -2.222438 2.1543987 -0.0016712556 -0.9887739 -0.9623291 -0.72228324 -2.1955004 0.12439515 1.0444993 -1.3321166 -2.2017882 -1.2818956 0.2437451 1.1913092 0.0065567624 -1.4198595 -1.3487606 0.82513976 -0.9107088 -0.8766203 2.670897 -0.79272264 1.6545491 -0.91078347 1.7459694 0.8046685 1.4488174 0.7490473 -0.79078263 2.0470364 1.3377475 -2.7946723 -0.9369293 -0.3737331 0.67918134 -0.32527137 3.1517804 1.0833398 -0.6748337 2.5381677 0.2748778 -1.674146 0.90830946 -0.87257975 0.6361475 -2.7288218 0.34715044 2.6463163 -0.7747629 -0.19250683 0.78471774 3.75056 -3.3086405 4.3256726 -0.85458916 1.014054 -3.304848 1.4228411 2.1539772 0.43947875 -0.8552957 0.121225394 0.7648195 4.2660465 -2.3862553 -0.013333822 1.5779737 -0.2652499 1.9950067 -2.7746742 -0.17106509 -0.47894713 -1.9823725 -1.8407705 0.94561416 0.25275636 0.6718381 3.1342216 1.8094391 0.66038203 1.5948892 -0.64066434 -1.6733727 -0.11503131 -2.6268692 -0.13900132 -1.7078357 1.1395001 1.1524364 -0.7807841 1.2340606 -0.88641477 -0.8908504 -1.6166611 3.103838 0.38062862 1.9032902 1.0079381 -1.8433328 0.45630458 -0.5889101 -2.0903742 2.9479027 -0.5686651 3.4052868 1.3036742 -2.1411858 -0.75108653 0.08604186 -3.2872908 0.7732931 1.3328284 -1.7083117 -1.6937971 0.603765 -0.06524864 -0.9630935 -0.38841286 0.6939181 0.12998822 2.8249075 2.314998 -1.182519 0.2788277 0.5427833 2.6191652 -0.69678897 -2.391538 -1.6964779 -3.078681 -2.3771038 0.96295214 -1.4981796 1.8930864 0.9706592 -0.971138 2.8669395 4.131482 -0.80449164 0.39452818 -0.6483107 1.7295225 -0.4192672 -0.5548904 0.15045331 -0.2881245 -0.20600358 2.637979 -1.8869864 2.1546931 -1.3867772 -1.9718293 -0.9701886 1.7432909 0.82608634 -0.17012931 2.9177072 -1.0480564 0.289313 -1.9890345 -1.0317045 -1.0714604 -0.74997795 1.501472 5.6206284 0.39075214 0.9350905 -1.251356 0.79528934 0.347819 -0.22851445 -3.454653 1.1155231 0.15745136 -2.7103188 -1.6965536 -3.241843 1.7412416 1.411287 0.000482167 -1.5248417 -1.1987958 1.5822843 2.1337488 3.450893 2.0681298 -0.33672804 0.51431584 -1.2295856 0.77419585 -1.3418607 1.3202562 1.0224004 -1.1841211 2.3672624 0.32016867 0.47382542 0.026048006 0.4946211 0.78839654 -1.4521626 -1.5894568 -0.55604225 -1.3635099 -2.6544273 0.43823534 -1.1865001 -0.55250406 1.691064 -1.9660522 -0.04540236 0.4534197 -0.8459549 -1.6872748 -0.56407577 0.8148398 -1.3554721 -1.2009495 1.4951406 0.9031925 0.98575014 1.0097233 -1.8548169 -1.1094007 0.21872158 -0.5056596 -1.0363115 0.17742987 -2.8852096 0.7312084 -1.5455322 -0.49713248 -2.177298 -2.7412233 -1.9885793 3.9588773 -0.75596327 1.9591975 3.2295244 -1.0048522 -2.0764017 -1.4137145 -1.893906 0.6161608 2.1410081 -2.4657702 -4.491046 -1.6693258 -0.4877618 1.7485441 0.74884564 -1.311822 3.2213407 0.2823491 4.9392667 -1.8669602 0.04047976 -0.81175333 0.44275326 -2.5311651 2.9321313 1.2703727 0.4166089 2.5104635 0.8299498 0.050725956 -0.0238103 -0.6227448 -0.8935902 -0.84092355 0.010619616 0.8688367 0.223604 3.7499015 1.1218591 -2.0043194 1.6270951 1.5812194 -0.14267959 -0.2846081 0.9340091 -1.2861985 0.42546484
tobacco 0.16302449 -1.1772007 2.8416388 0.14044853 1.2566785 -1.9816003 2.4644594 1.369545 1.1246424 -0.74746054 -0.70121104 -1.7168007 2.3930387 0.2640885 -0.5509943 -1.4221272 1.4286723 0.030632723 -0.3063741 2.3951378 1.2471453 1.1661941 -1.9222927 -1.0552438 -0.47283208 -1.6452159 3.6848848 0.098492384 0.089968815 -0.21508005 1.1905571 -1.4709452 -2.3759181 -1.0468712 1.5437595 -0.82287097 -2.470914 -2.2386656 0.112976946 -0.3500377 1.6385896 -0.15048766 -1.4136305 0.5249187 2.9113288 -1.2990313 -0.6900683 1.5816567 -0.5376397 -1.5981551 1.0849504 -0.7092594 -0.010395287 1.4141935 -0.57357025 -1.7064707 1.1648097 -1.605291 1.252878 -2.2742908 0.9013799 0.6857115 -2.3615372 1.3149353 -0.81949145 -1.9445591 -0.0062864264 1.1654375 1.0713755 -1.071133 0.8401347 -0.40556204 2.4012825 2.4241338 2.1368592 0.18729982 -1.6014793 1.9093555 -1.780666 0.5791444 2.0112784 0.36031088 -0.11341465 -2.0923707 1.088822 -2.5492718 -2.1769757 -2.4345927 -1.6780778 0.15208 1.7479311 -0.14933622 0.93076974 2.669314 -2.758174 0.049858607 -1.6584891 0.21180105 1.0778981 1.6430514 2.4906209 -2.353018 1.2785518 2.7948434 -1.6844932 2.1679506 0.339812 1.7867962 0.31923983 -2.3929007 1.093183 -0.5506916 -2.3408058 2.5584545 -1.9420376 1.2671918 0.6656061 1.031872 -3.024507 0.2381839 1.1175677 -0.04104836 0.51599056 -1.6564248 -1.4172903 1.2602662 -1.7499404 -3.0630543 2.557147 0.36304685 0.048680298 1.038729 0.6329211 0.9658121 0.9194514 1.3940425 -0.3593604 1.1143416 2.2019913 -0.27387083 -1.8762845 0.16121998 0.82875603 2.699175 -2.5271695 0.81378514 0.5152674 2.4329822 0.60198045 -0.8409209 -1.5135145 -2.5070302 0.048368648 0.13580172 2.6983724 -1.2569624 -1.2593006 2.7213767 4.0933175 0.18630303 2.2462878 1.3000118 1.5571107 -0.27209988 1.9766904 -3.270475 -2.5461144 -2.1426723 -0.64483464 -2.013797 0.5974399 -1.2697456 0.887639 2.514507 -0.9520149 1.399781 0.47020116 -2.1352093 0.80388737 1.7295051 -1.2146275 -1.8884646 0.51126236 1.3637486 0.5282517 -1.8734909 -1.1088235 2.6275501 -0.77042675 -0.34802923 -1.9995874 -0.29511765 0.093199514 -0.35633087 1.8857509 -0.544399 -0.614346 -1.5341481 -0.32656932 0.040122464 -3.2691927 0.30482808 -0.20658675 -1.9413241 1.1445602 1.2342268 2.847473 0.32191435 -0.86748123 0.87269735 1.2869616 -1.5942206 1.3493958 1.3447313 0.37824202 0.11207332 -1.1515118 -0.19866738 2.898618 -0.17500997 -1.2858648 -0.20488778 2.4491777 -3.475742 -0.8485736 -1.7614797 -0.7725564 -0.123441674 -0.11346455 -2.7787018 3.5488768 -1.1399963 0.008166768 1.2147334 1.3799256 0.13063243 0.5920928 -2.0052643 1.0665901 1.0541157 2.0790253 0.24577264 -1.9153702 -1.0893707 -0.474558 -0.67446625 -0.7876439 0.66029423 -2.0742512 3.0904014 -0.25910613 0.8064855 1.4786674 1.7330241 3.120712 0.17172052 0.9765629 -0.42949322 0.054188095 -2.7008066 2.4013083 0.030256573 -1.58008 -0.041444745 0.17478637 -0.5215648 -1.0281802 -1.0925438 -0.6626325 0.44411266 1.2305601 -0.6413562 1.8255855 -1.6473844 0.16647716 0.7117818 -2.2900925 -0.4022202 -0.34119987 -0.76992285 0.4212233 -1.434496 -0.6807523 -2.1494493 0.7539591 -0.41009435 -2.4093187 -2.5032406 0.19349751 -0.285085 1.4593798 -1.2995676 -0.9809881 1.4610914 -0.09214647 1.2493232 -0.41090226 0.32962978 0.6659078 -1.1116598
grass 0.18491098 -0.47604936 -1.1809349 -0.3589896 -3.044488 0.9626511 1.9002492 1.0649959 0.23862587 1.1079324 -0.18102747 -1.764428 0.26098388 -0.98144555 2.146247 1.4710044 -2.541491 0.35268116 -0.384205 -1.1240866 1.5047635 0.5644366 0.3846952 0.8984065 -1.187331 -0.1404396 1.149443 -0.8223575 0.770307 -0.5332525 -0.260799 0.6696465 -0.83838683 0.074618444 -0.542195 -0.9592681 -0.66777277 2.7834322 0.7344767 -1.6184502 2.330839 -1.2835716 1.9600111 2.4641263 1.0647892 0.98575264 -0.32258856 0.34062257 -1.785377 -2.4444718 2.6217506 -0.21744588 1.1716403 -0.9225891 0.65333045 -2.3090367 3.2657297 -3.03003 -0.6928442 0.25528553 -1.9621043 -1.3882123 1.8712623 4.227787 -0.21596348 -1.0481008 2.819886 2.6931536 -1.11482 -2.085306 1.9306967 -2.1469648 -0.17689444 -0.59725815 1.3562146 2.2850442 -0.8590224 -0.2862639 -1.2377094 -0.7507656 -1.3132704 -0.28632888 -0.9847405 -0.15098077 2.9317737 0.046054497 1.5320892 -3.7803214 1.2632248 0.7628943 3.6241875 -0.19785516 -1.2022482 -1.8484491 -0.47026926 0.4778513 0.63869506 1.3275118 -0.040648416 -0.3747474 1.0809628 0.60665894 -0.03186376 -0.34282434 -0.5644786 -0.4899161 0.7485441 0.8736929 0.14935005 1.4917415 0.5893224 2.4307985 1.8256254 0.7961749 -0.71744984 0.124958925 1.9355676 1.6856768 -0.52853507 0.62077135 0.26954815 1.4066972 1.1348671 0.67844355 -1.6103071 -0.30816087 1.1579019 -2.1204262 0.6310328 0.73834366 -0.96030533 2.352054 -1.4839634 -3.321116 -1.1101661 -2.5542443 -0.37098277 -1.4925681 0.45641574 0.16303265 -0.27879798 1.4709287 1.9819865 -2.6508322 -0.49678582 1.7818186 -1.1884098 -1.6723552 -0.8678916 -2.7845538 -0.09771596 0.012862155 0.29484195 4.4812584 0.8881724 -0.11491836 -1.8182636 -2.891874 0.3280826 -1.7623 0.3170392 1.2472659 -0.5296544 0.6573672 -0.51573837 -0.018208671 0.13629712 -0.30667728 -0.748992 0.33413228 -0.4056796 -0.0472801 1.1372634 2.55508 -0.59336233 1.2101626 0.03426829 -1.9820768 -2.433113 -0.68919814 0.7929215 -0.73653346 -2.5387862 -2.8710248 -0.20860998 0.19553524 1.4214045 -2.1625645 -0.40975842 -0.9219369 2.5206473 -1.9684209 0.9160203 -2.985654 0.79459524 -0.60422695 0.73903495 1.0630969 -1.6555866 -1.437852 -0.28184047 0.5450913 -1.349872 0.18134415 1.2445773 0.5089676 -0.6788896 -1.1186365 -0.4937867 0.15201981 -0.97748685 -1.0782408 2.4649656 -3.0331073 -1.295577 1.2396324 1.4672259 -0.18709125 0.681542 2.146969 1.6450502 -0.08424922 -1.0120121 -1.3233626 -2.388443 3.789075 -0.79931456 -1.7687029 -0.220924 0.31407517 0.4280146 -1.2502718 1.5675913 -1.9513419 0.19298054 0.43178457 2.430611 -1.4976095 -0.93279916 -0.36826816 1.5833408 2.9563553 0.6402904 -2.8308961 -0.012955636 0.021742567 0.61088943 1.6516347 -0.8732258 2.0059752 1.5873685 1.1167984 2.557887 1.5327286 1.1165043 1.3611741 0.9221429 -1.9740864 -0.37217078 -0.37464586 0.6045573 1.1555946 -0.55153686 0.40703908 -1.2355074 -3.0993307 -0.105568215 -0.9820451 -2.5583653 1.8005359 0.87393826 2.1924534 -0.28624508 1.5799967 2.025379 0.92545426 -1.258431 -0.026670314 0.6395241 -1.3128897 -0.50372314 -0.57407105 -0.28763485 -0.2122913 1.1530772 -0.77785146 0.5108287 0.99980396 1.1757061 0.71122336 -0.49513853 -1.0154288 -0.96485686 -0.097340256 1.827825 -0.59346664 -2.0245564 -0.31193185 0.15005977 1.6587743
chocolate 0.61754364 -0.2498394 -0.19065331 -1.7065586 0.09392507 -0.4782728 1.3423724 1.9727384 1.584953 -0.17869507 -1.4374386 -0.253534 2.5576975 -0.7284756 -2.10395 -0.4340566 -0.17721228 -1.1972849 0.261815 -0.7225696 1.1177611 -0.26553887 -1.5486121 1.0689406 1.1648881 0.5454543 1.3110111 -1.526452 1.3610762 1.2441586 0.25059208 0.80552566 -1.7097293 -1.146314 0.8499984 -0.17567277 -0.4611507 -0.884181 1.8010284 -1.1492128 0.17526959 1.4550316 0.79868317 0.6817415 -0.38671273 -0.09733705 0.9976814 -0.34263808 -3.635817 -1.4654273 1.4467535 1.4790069 -1.0996258 1.0446415 -0.09581821 -1.2514844 1.7348318 0.060215116 -0.4382662 1.0152556 0.98461425 -0.7748593 0.16009323 0.87015575 -1.596778 -1.3221753 0.5868126 -2.9766812 2.551545 -1.1480366 1.0691926 -2.207477 2.232554 -0.2581333 1.9744422 -0.82662815 -0.16252747 2.1076999 1.0324879 -0.9877369 0.56856394 -2.5851457 0.51156235 0.41801918 1.1742547 0.39849198 -1.5438654 -1.7748731 -2.0708802 -0.9837973 2.7885551 -1.6567963 0.9561215 2.0969124 -0.75460345 -0.8636929 0.42359623 -0.25301328 1.0425334 1.7320005 1.5708716 -2.2914126 0.7325424 -0.6242375 -1.2282405 -0.65929174 -2.7251177 -1.3168166 -0.269245 -2.610732 -0.9851186 1.2968193 -0.32993793 0.08014679 -0.023240149 0.3671573 -0.75732297 1.3058273 -1.3567691 0.14017843 0.26687402 0.60108083 -0.20993058 -0.23325019 0.6830347 -0.6129938 -0.18040617 -0.2984309 0.63593304 0.7789234 0.06860704 0.042400986 -1.0302491 -1.8483783 0.25222352 0.19860372 -1.7090787 -0.6721067 3.3294268 -0.8609242 -2.4497554 2.6639497 -2.1074002 -1.599569 -2.1204379 1.9991224 -1.9555434 -0.08043245 1.563089 -1.0388387 -0.18828693 -2.0418582 -3.1659393 0.314594 0.9900109 0.31285593 0.5967379 1.1768302 1.7369987 0.5832384 0.8896511 1.3871485 -0.85895306 -0.33219004 0.97297233 -0.17750524 1.9535857 -0.423884 -0.1318774 0.72101694 -1.3664074 1.5714601 0.6468809 2.4895418 0.8280318 1.0475515 -2.1802545 -3.38634 -0.5971239 -0.9997552 1.1985562 -0.8097849 1.0016232 1.0021738 -0.21502808 1.9592197 0.091785476 1.6769761 -0.5542204 0.85578513 -0.113531835 -1.9877875 1.4367048 0.0020658001 0.56106514 0.11564614 -0.7273837 0.17433733 -1.1195145 0.36049622 -1.3701301 1.9097728 -0.91005975 -0.17606178 1.3237536 0.13822573 0.9048529 -0.18794934 -1.6272539 0.5279404 0.780746 1.8148593 -1.0741096 3.105436 -2.1777377 0.56938463 0.38790253 1.6982335 1.1748682 0.050931763 -0.39894307 -2.573946 1.5963119 1.2606473 -0.2342389 0.33450526 -1.9803067 -1.2508099 -2.5284638 1.322268 -0.04819205 0.29303607 0.5631947 1.8595396 -0.7423737 -0.21318685 -1.4222803 -1.1927035 -0.23301314 -0.8360112 1.3743415 -1.1100277 0.8923998 -4.183867 2.0375607 -1.552382 -0.42615986 1.8047355 -0.005467163 -2.3656776 0.40968722 0.027178952 -0.45320076 0.9028863 -0.7870458 1.7814358 -1.0190204 -2.020638 -1.6725347 -1.2066324 3.1527002 -1.1732705 0.76509255 1.4010081 1.3072594 -0.03478483 -0.6996769 1.7141652 -1.4967709 -0.66896677 2.4560132 0.95359325 2.3488896 -1.3947 0.16409111 -1.1112664 -0.12951283 0.7241566 -2.3560607 0.9039829 -0.46166062 -1.5119749 0.90020484 -2.562871 0.13432111 -1.121114 1.0631524 -0.9968457 -0.14090441 0.54831123 -0.73513806 1.0245444 -1.3132095 -1.1421505 0.89191234 1.0702354 -0.18055227 1.6301181 2.544714 -1.2621781
cheese -0.6899526 -0.7887153 -1.8274425 -2.1127973 0.11792579 -0.13802278 1.6915526 2.3801422 1.9644668 0.19975656 -1.6333747 0.7980748 1.4945695 -2.0101402 -1.8829243 -0.829005 -0.73396033 -0.6823849 -0.066938154 -1.6075042 2.3955426 -0.04787956 0.8885638 -0.3269786 1.201911 -0.8315381 1.0382171 -0.78633624 0.7085925 0.5257105 -1.0502425 0.13864125 -0.88816583 -1.694471 -0.76866764 -2.0854106 0.12041727 -0.7081245 1.6930017 1.210103 0.293289 1.4433091 0.7360342 0.65396243 -0.26886556 0.60788584 0.5813573 -0.05497745 -4.364934 -1.7114115 0.19104059 1.8511512 -1.3360338 2.561481 -0.8935313 -1.5905229 1.223895 0.7911354 -2.0520487 1.8393098 0.7427719 -0.1531312 0.98763543 0.5221256 -0.8042723 0.03505556 1.8239504 -0.6766538 2.4788485 -1.1170027 0.4395425 0.2196689 4.0080466 -0.48385927 0.41638318 -1.0367544 -0.30654392 2.6253192 1.1946621 -1.0798868 0.5847265 -1.420509 -1.0450766 0.31098583 2.5655603 0.76104796 -0.3226364 -2.117402 -2.7834952 -2.0531065 4.432094 -2.1180265 0.02621294 1.5703397 -1.3248838 0.24625716 1.690198 -0.18830788 -0.33220336 4.2696905 2.223852 -2.7201052 0.42489564 0.4550911 -0.15703967 -0.46881056 -0.10898613 -2.341931 -1.0160321 -1.7239866 -0.2373164 1.8218479 2.0906918 -1.7733188 0.24923125 -0.10775778 0.30108377 -0.080669954 -0.38259575 0.78909796 0.8506034 2.0683486 -0.406169 -0.7725405 -0.6736863 -0.3609139 0.55077285 0.35560367 0.57362205 0.6749811 0.88355243 -2.3837786 -1.9273868 -1.0935386 -2.0466413 0.5635662 -3.3934574 0.34237376 0.51040065 -0.70710313 -1.1686755 1.7219685 -0.4377043 -1.672131 -1.903987 1.7154629 -2.8537664 -2.5316684 2.7782474 -2.59917 0.44923618 -0.9110035 -1.5157001 1.2668487 1.1092299 0.153967 -0.689835 -0.76254416 2.3836486 0.73581004 0.3894994 2.9249752 -0.68877286 -1.0767959 1.2890407 1.1452721 0.25762647 -0.16957012 -0.70723516 2.651387 -1.5900725 0.6687628 0.79165167 2.4223337 0.1787636 1.3110294 -0.56374675 -2.704769 -0.7471819 0.45424876 -0.46950778 -2.2301855 0.3867575 0.033381093 -0.7132906 1.2776765 0.15495677 -1.5005897 0.20613487 0.7457332 0.8583196 -1.585227 0.71859705 -0.6837883 0.77149 1.7733425 -0.48846745 0.42942622 0.54948914 -0.70718026 -1.9777113 1.3360792 -0.17356436 0.030104844 -0.2698746 0.31126654 3.290933 1.1955659 -2.1011353 0.026865374 1.1714032 2.996098 -1.0444391 0.662549 -0.17723514 1.2227327 1.0339702 2.4103365 0.1881103 -0.6332885 2.0658293 -1.7309912 0.7872993 2.081852 -0.56998414 1.7012513 -2.9373384 -0.27763104 -0.8991752 0.2901602 -0.25285122 0.16265272 0.47016662 1.8041508 -0.22461855 0.32529795 -1.274974 -0.97968996 -1.4823985 -0.42105544 0.20884159 -0.50642127 -0.40137556 -2.9755623 1.1881616 -2.144022 1.8561038 0.86128587 -2.8484983 -0.47658703 1.5182139 1.1709868 2.0410495 -0.11065066 0.55586034 1.5055653 -2.028203 -1.3914624 -0.9246208 -1.6425201 1.9988368 -0.27212906 1.0276897 0.17275219 -1.3703743 0.6503654 -2.0670726 0.30030635 -1.1883211 1.1249647 1.4940443 0.66398644 0.17941381 -2.6964104 -1.1822134 -0.83433783 -0.76012844 0.9010656 -1.3155304 -1.1811658 -1.6630672 -1.2427186 0.51145655 -2.258245 -0.10978132 -0.5109498 -0.2963304 -1.3226889 0.20168234 1.4974505 -0.2743415 1.1707104 -1.1610143 -1.0572176 -0.75392276 0.48336822 1.6148801 2.3125353 2.425954 -0.9034461
bread -0.1855291 -1.073378 -1.4380614 -0.9578264 0.5944046 0.7227106 0.9964142 1.4426188 1.8463861 1.9378215 -1.2928443 0.6530457 0.88495344 -1.0425758 -0.38239124 -1.2041231 -0.16873634 -0.0978861 0.8539689 -0.4237496 1.9105724 0.06519906 1.0296102 0.35338718 0.30732718 -0.022516744 0.7733749 0.5157872 0.09003049 2.1232264 -0.7203777 0.6665195 0.3454127 -1.28963 -0.079670906 -1.4529574 -1.7556617 -0.95916355 1.3603786 -0.0008945244 0.8310676 0.55292904 3.2275739 0.43730184 0.32840994 2.0250425 1.7331072 -1.7661858 -3.8367312 -2.6644168 0.12775545 1.7757844 0.33507243 1.6400828 -0.09228484 -0.11601201 2.154839 1.3070334 -0.8006797 1.6900045 0.8073776 0.31052014 2.4472907 0.44240594 -2.9610372 -0.39496434 0.35148382 -0.19514279 1.4586375 -2.6422348 0.51793706 -1.3417403 2.5538304 -0.20432469 0.99488926 -2.4173093 -1.5689266 1.7679573 1.7998683 -1.2723641 0.7877623 -1.8635921 0.5956335 1.1026659 1.7081438 -0.08560295 -0.6137721 -0.84723246 -0.054116774 -0.94080955 5.1491785 -1.6643096 1.4688822 0.3600303 -0.12721506 1.3366901 0.4997406 -0.41749418 1.1420105 1.9910655 2.1589544 -1.080563 1.1359625 0.06544941 -0.3262009 -2.476351 -1.4551013 -2.4237812 -0.9033534 -0.27873537 -0.97555304 0.52032495 0.51294774 -1.2355342 1.0559936 0.756309 0.15190816 0.6046983 -0.33346334 0.9528062 -1.3583405 1.508087 -1.1806488 -0.9308091 -1.4802378 0.2817404 -0.9664139 -1.2678876 0.45284173 0.44574496 1.1541318 -0.89311033 -1.8164128 -1.7164637 0.73798263 -0.36270222 -3.3323195 0.8359561 0.7767021 -0.53000987 -1.0830894 1.7523067 -0.333922 -1.4566796 -0.6205261 3.1072433 -0.14182103 -1.5276825 1.4808838 -0.9490163 -1.4716011 -0.15442356 -1.5769168 1.1895156 2.0086613 1.2441218 -1.5023443 -0.7671196 2.1847165 -0.96194875 1.7515043 2.573787 0.13840525 0.5097103 0.039526086 0.0029494567 0.7522403 -0.4559108 3.0690546 -0.0409016 -1.8009628 2.3932142 0.08945175 3.460001 0.67751694 1.1331816 0.9828178 -0.5917425 0.17114262 -0.8809775 -0.31825665 -3.2460387 0.03157341 -0.534786 0.908599 1.1724066 0.29779315 -1.3764654 0.45497206 1.6830553 0.98297393 -0.8189235 0.345899 -1.0913233 0.79207677 2.1364224 -1.1453744 -1.5946586 -1.738477 0.97840744 -1.2263117 1.2952676 0.2292322 0.9918756 0.32327452 -0.928199 2.218914 1.5965639 -1.816688 -0.86032903 0.070918605 2.229358 -0.4520283 0.98055655 0.18155836 -0.4806082 1.8252877 1.2224903 -0.22316198 -0.22061592 1.9070532 -1.6623312 0.720045 1.1356543 -0.0083653815 0.4709203 -0.79953396 -1.8730574 -0.9625146 0.82320035 -0.88956916 0.87258345 0.7000285 0.21383497 -0.7099128 0.6781181 -0.5873445 -0.20084971 -0.06744398 -0.8055163 1.78437 -1.3533351 -0.92220235 -2.2186015 -0.29040793 -0.42625993 0.1384331 2.3672144 -1.0819095 -1.1485801 -0.1487042 1.357294 1.6027169 0.11833499 -1.3997753 0.59533 0.056873612 -3.5948758 -2.1657596 -0.73629254 1.4822176 -1.1123015 0.012744473 1.0707955 1.3750794 2.0655751 0.19281864 0.98990804 -1.4446383 0.23509979 2.842844 0.7401181 0.922264 -0.9346119 -0.6547511 -0.8124784 -0.5200349 -0.99293196 -0.90798086 0.64927083 0.7366862 -1.0628958 0.736473 -2.253141 -0.39158583 -1.4881392 1.4868585 -1.7587177 -0.17123567 1.7165155 -0.8860461 1.7773002 -1.152422 -1.4941769 -0.5460585 0.85578805 -0.12865283 2.3139777 1.8257993 -2.7775836
potato -1.4212096 -0.7324239 -0.9616921 -0.888813 -0.78595287 0.19106281 0.44626346 2.4914317 2.130803 0.03206697 -1.4122728 -0.7526215 1.5350797 -2.130506 -0.3896942 -0.42572498 -0.8198598 0.09888443 -0.8853857 -2.0570896 1.2927016 -0.91989636 1.6552514 -0.21838023 -0.7233822 -1.31256 0.64282566 0.96070796 0.4112145 0.02770905 -0.35761562 0.031714804 -0.06701517 -2.1939704 -1.3190099 -1.6827179 -1.4199861 0.10976599 -0.961977 0.17322645 0.9239936 -1.2434865 1.5186445 1.5989845 0.7208201 0.93476695 0.4796616 -1.4552603 -2.2371073 -2.0374756 0.7541164 0.8563848 1.2618686 -1.106641 0.8147195 -1.028168 1.9908102 -0.037263565 -2.6950765 0.7060114 2.1681266 -0.26107287 0.67885387 0.61393625 -0.61765075 -1.1943132 1.2330335 1.6100912 0.78958464 -0.58184206 0.9997173 -0.010304892 3.1258562 1.1308963 0.97632164 2.3909416 0.07587845 0.25329366 0.1951797 0.16802791 -0.66857934 -0.69933194 -0.9767164 0.2960836 2.8213985 0.80208695 -0.10525263 -2.1736946 -2.3337338 -0.085462995 2.649649 -1.5668589 0.118369944 2.5816216 -0.71847236 2.2156916 1.0916777 0.72740793 1.1608281 3.5199077 2.0842066 -2.835058 1.0710908 -0.25233063 -0.94489384 -1.0657833 0.93538505 -0.8978348 0.46945515 0.19834232 2.1567216 1.6671714 0.91540515 -1.7945186 0.6154457 1.3218745 -0.22798343 1.4260076 -1.2317566 1.007229 -0.43170857 -0.44457233 0.7175235 -1.4476942 -0.70984197 -0.9811301 0.7804802 0.4335834 -0.3729501 0.3196581 0.11235203 -0.30754063 -1.3395277 -1.27241 0.027348131 -1.2164953 -2.113475 -0.0069478382 0.02498083 0.3731297 -1.88113 1.7802122 0.87434703 -2.3174834 -1.0544037 1.4056048 -2.4711833 -3.1426783 2.5914533 -1.7389033 -1.800925 -0.28722686 -1.4090313 0.80969656 0.31524104 0.08463957 -1.7214285 -1.7173655 1.9290199 0.099456705 1.7426902 3.1696646 -0.8167483 -0.8760232 0.5021747 0.19776216 -0.55121976 -0.23193742 1.141099 -0.41108423 -1.2641516 1.616096 -0.043590628 1.5555503 0.27384904 1.2061155 0.1150307 -3.1054401 0.897698 1.1903481 -0.3990972 -3.278979 -1.0731612 -1.0641955 0.49653888 1.5523429 -0.07410643 -0.9010512 -1.3511119 0.51749396 -0.00067361013 -2.2567716 -0.2710149 0.0928836 1.9357207 1.1663101 0.52191365 0.91029733 0.17108093 -1.4200287 -2.553576 1.0129685 -1.5692792 1.205404 0.21098703 0.21852003 2.3645573 0.049672034 -0.533855 -1.2396424 -0.48431614 2.493473 -0.08347588 -1.1749369 0.38690284 1.6961427 0.18490821 0.7103198 1.6086513 -1.0819482 1.6468352 -1.4420761 -1.05801 0.86821496 -2.942218 0.94622433 -2.6134133 0.09442608 -1.4966308 -1.3271812 -0.44529104 -0.31351602 0.3110419 0.9486893 0.24865308 0.5997162 -1.2643279 -0.0338787 -1.3056525 -0.15117013 0.38261464 -0.33353066 -1.360762 -1.7170236 0.897384 -0.91005045 -0.4516997 0.17012459 -0.10801844 -0.07536257 -0.14093725 0.5120642 2.2831607 0.13697463 1.9410197 2.1185405 -0.23709343 -2.2447412 -1.2460662 -1.3668191 0.70613796 0.83535165 -0.14390208 0.23857069 0.5665584 0.061079536 -0.21126424 0.26865637 -2.12529 0.97798496 1.1206148 1.3129561 1.4010112 -2.3730125 -0.71697885 0.51950365 1.3378825 -0.3785681 0.769487 -1.2726282 -0.929681 -1.4204786 0.65933675 -1.8659624 1.0601906 -2.4510946 -0.14345197 -0.59887934 0.08836288 0.99660337 0.21182019 2.1751587 0.47839376 0.18255809 -0.5041385 0.6738246 -0.0013595397 2.0479848 0.58528 -1.6214167
rope 1.0541317 -1.5536743 1.3508797 0.3986778 -1.367647 -0.6071717 -0.7176032 -0.8985109 0.41117656 1.2581673 1.3499187 -0.37173435 0.69277924 -0.13009918 0.84958977 -0.13343936 -0.58161616 -0.86168 1.9012318 -0.022625498 0.012462703 1.5750096 -0.7690033 -0.59029627 0.68230814 0.95534813 -2.2900126 -1.5554644 -1.883842 -0.81300914 1.2730963 0.26435733 -0.39174715 0.35646477 1.3840382 -1.4921149 -0.2020689 -0.30557603 0.99600065 -1.3779174 -0.031163018 -0.22946708 0.39449298 0.6038754 1.0024061 3.1838872 -0.83422816 -0.9532987 -1.7224107 0.8713777 1.9103669 2.613131 -0.5901277 -1.8410773 -0.4700393 -0.6084923 1.837386 -0.5363063 0.004511779 0.41527408 -1.7049239 -1.168151 0.7841478 2.1244805 0.32706806 -1.459617 1.5368122 1.1085867 -1.856553 -3.092242 4.2511744 -0.6354669 1.043241 -0.49782652 1.0591877 -0.7191769 -1.4404068 -1.7932436 -1.2209275 0.9562532 -0.2206912 -2.06145 -0.1845703 -0.15235816 1.2164261 0.28215563 1.8587056 -1.3506713 0.12490711 2.4595213 3.3526735 -0.6119072 -1.1545285 1.2994748 0.24830104 -0.64683926 0.9293843 3.6113849 0.003923102 0.8893593 0.10626208 2.4941573 -0.17609355 -0.5489744 0.96703804 0.23846924 1.7096761 1.9915135 -0.28023416 -0.57329035 0.3535726 1.0113106 -0.5475036 -0.7642033 2.1138673 -0.7888937 -0.21399051 -1.8667006 0.24980679 0.765527 0.75564194 -1.0336651 0.6982408 0.22717124 -0.064896174 -1.1616164 -1.1542599 0.9774112 0.75035083 -1.2228314 0.8815601 0.43451154 -2.6336331 -2.6166232 -1.4276447 0.05203207 1.0541112 -1.5499867 -2.1363766 0.8747276 1.025766 -0.6339844 1.6416041 1.5397881 0.06698837 0.63688284 -0.55951864 -0.71296793 0.3130343 0.56421196 0.1446358 0.06322641 -1.2468259 3.412438 -0.0023890974 -0.015239946 0.30605468 -1.7257842 -0.57332325 -0.09253707 -2.968802 1.0951018 0.74567616 -1.2728332 1.61714 0.026856733 -1.0336143 -0.71164703 -1.6228031 0.9108393 -1.7817314 1.4701077 0.25863904 1.1639819 0.8105331 0.24895595 -1.5128683 -2.0677629 -0.13104331 -1.3339822 0.3486311 1.6261201 2.5213947 -0.9615614 -2.073884 2.7609267 -1.9108496 -0.5983836 -0.4138883 0.24439527 0.20146506 0.859994 2.204148 -1.7319821 1.7086085 2.5894926 -1.0300084 1.5674506 -1.8081864 0.7004662 -0.5546214 -0.27095687 0.41729066 -1.2250239 4.5316515 -2.210554 -0.38422263 -0.7232254 -2.4838314 -0.57623696 -0.2443829 -0.32229453 1.044604 -1.4904604 0.23401277 0.72230905 2.8031049 0.81364745 -1.5365975 -0.28764123 -0.9045903 -0.41263735 2.3676362 0.40582797 -4.453685 -2.3611758 3.3128476 -1.3356086 -1.0395741 -0.24689789 0.013265072 -1.1803868 -0.053956375 -2.5912023 -1.3217361 -1.3484653 1.018683 -1.0223681 -2.1487095 1.5917956 0.10690671 1.0802479 1.0969967 -1.2690685 0.12545931 0.24068645 0.27957708 0.28513277 0.18715124 0.5262342 1.0897843 1.528631 -0.65342945 3.460436 -0.051060233 0.55013865 2.210336 -0.024333285 -0.8123814 -2.057384 0.13896444 -2.3308232 0.6747966 -1.5408143 -0.5727989 -0.24353601 0.29333284 -0.70206064 -0.30325946 -0.36248142 1.0530785 1.5137267 -1.208515 -0.65834975 1.0093946 1.1496067 -1.215205 -0.9723403 2.1154776 -0.097716086 -0.98465854 -0.7251489 0.83749944 -1.2215602 -0.4430848 0.42448393 -0.64552605 3.3068113 -0.27465326 0.41669977 -1.1948771 0.53012794 -1.5543817 1.4348114 0.23377307 -1.8984375 1.3450692 0.8961734 -0.21411575 0.07528026
rubber 0.3212414 0.083813064 -0.288288 0.18346415 1.2817019 -0.9150888 -1.7445059 2.0856152 0.98966074 -0.6534671 1.3999141 0.5301545 0.532087 0.030884989 0.49371576 0.93977207 -0.7083303 0.44358265 1.9417965 1.020302 0.13352291 2.1263788 -1.7941786 0.8645107 0.10264587 0.20542409 0.5535481 0.78685117 -1.3520379 0.25995108 2.2143626 1.8077793 0.63066185 -0.695554 -1.6369122 -0.80004656 -0.11064176 1.2610376 -1.2540721 -1.1282133 2.3967416 -0.604945 3.0406613 0.8796771 2.1097424 2.0301275 0.46082518 -0.5086638 0.0055899452 -0.22873423 0.34009108 0.54308814 0.93269295 -0.9837331 -0.6966598 -1.1725368 2.6846282 0.16334096 -0.22365795 -1.2581837 -0.17765138 -2.288966 0.97234696 3.6877837 1.9057535 -0.29374188 1.0879815 1.5215253 -1.5542749 -1.0161227 2.6045582 -1.6270602 2.5265567 -1.0823997 3.9369903 -1.0385509 -1.2970539 -0.11807257 -1.9540637 0.39356464 0.5631978 0.50586486 0.91100186 -2.0113 3.351219 -1.2870504 0.75528115 -3.7623584 -0.113904655 -0.517468 1.8792554 -2.3427417 0.803112 0.91917485 -0.9851753 -0.50917304 0.5807752 1.1694801 1.1178358 2.6546936 1.5953666 -1.3282493 2.1997888 -1.5215791 -0.18520664 -0.15214202 1.6051226 0.33120605 -1.2196707 1.62033 0.87868685 1.4914505 0.38252467 -0.91635907 1.8680623 0.95408607 -0.6604342 0.08509664 -0.5535845 -0.15157428 -0.6059002 0.50202674 -0.9015116 0.075966135 0.14473948 0.692007 -1.3975346 -2.1500132 0.55259943 -0.37670374 -1.3422272 -0.052523926 -1.4882718 -1.9577135 -1.2441182 -0.3294446 -0.2442198 2.011338 0.98602283 -1.4783216 -0.7001606 0.27562016 -0.35714856 1.9576422 -2.2970366 1.7529691 -1.7012138 0.7101075 -0.37758115 -1.3900021 -1.006333 0.3050736 0.29762495 1.337349 -0.1445567 0.1374282 -0.21408291 0.64962494 0.26539415 -0.69333524 -1.9725199 3.8469627 0.48170832 0.798869 2.3787508 -1.2198882 -0.9374802 -0.83151966 -2.3306882 0.2042798 -0.23319346 -1.2612816 2.0638483 1.3754029 -2.1292977 1.0656173 -0.31467885 0.3912682 -1.07407 -0.2090699 0.001443181 -2.2202482 0.1184259 0.82274765 0.3484105 1.9134545 -0.3629479 0.36928704 1.6193161 -3.0618975 -0.17614271 -0.3569944 -1.4557734 0.4890536 -0.0742922 0.7167217 -1.2761453 0.3698883 -1.2105964 0.88478124 -0.3424274 0.26035744 0.7294993 -0.63315624 1.095504 -0.1985835 0.73924744 -0.8026676 -0.6941497 -0.6372492 1.5032015 -1.0880588 -1.2871182 -2.106813 -1.0157324 0.74046016 -0.67249674 2.0763283 0.70104593 -1.343876 1.3737215 -1.5567116 0.71948665 -1.4231892 -2.33032 0.77631336 0.8558472 0.43804893 1.7105176 0.22479779 1.3594396 -1.2812395 -0.062029522 1.0235597 -0.97971153 -0.40374675 -0.666857 0.47074804 -0.33584905 -0.204824 1.547052 0.050587382 0.30222937 0.04610599 1.3335679 0.39715612 1.0231737 0.2698727 -0.015661033 -0.9407378 -0.8090586 3.0238662 2.395213 4.1974554 1.4858519 1.502877 -1.4961474 -1.8277084 1.0177842 -0.9036137 2.5112703 -3.7178345 1.7437878 0.83588356 0.24514557 -2.1756287 1.7321613 -0.16621654 -0.8374793 1.3478401 -0.4150484 2.9719644 0.57753235 -1.4619658 -2.0012128 1.6795712 -2.1459935 -0.10448304 -0.8781103 -0.35933605 1.639147 -0.81950444 1.1070693 -2.474081 0.9314408 0.987374 -0.84566396 1.0178694 -0.6195161 1.0311021 0.9504224 -1.092554 -1.7146837 -0.49529827 3.1244247 -0.13191453 0.8902853 1.4733125 0.036396068 -0.8696096
leather 1.1484451 -0.7386221 -1.4113246 -2.5879495 0.5186497 -2.4239986 0.8006413 2.3193395 0.79903835 0.025198052 0.17599498 1.2759356 -0.20232749 -2.951748 0.21337257 -0.008594144 -1.7812206 0.5720456 -0.14168882 -1.0767846 -1.4675938 -0.4173918 -0.7820029 0.68793255 -0.5813424 -0.80112135 1.31464 0.4550232 -0.26411313 -2.0408874 1.3771095 2.4426107 -0.2154533 -1.4501204 -1.0448552 1.1681497 -0.92598224 0.3942449 1.3398927 -1.010298 1.0909226 2.6523707 1.9524546 1.6837807 0.1748683 -0.017781967 0.053006772 -0.7224273 -1.1093102 -0.57145447 1.6673281 2.275378 -0.3998223 0.5184333 0.08657564 -1.8703564 1.8308326 1.4477928 -0.33787468 -1.5064584 2.741111 -0.17551479 -0.6824918 3.0249088 1.4353098 0.8309451 0.42799568 -0.8730832 -1.1163734 0.36456436 1.7882165 -2.6220574 4.0161734 -0.38403478 1.7067862 1.3538487 -0.24252653 2.0700982 0.6239029 0.7907502 -0.62151104 -0.85043406 0.17946345 -0.36227798 5.644877 0.9435394 1.022378 -2.2200692 -2.5205154 -0.24661377 2.7972167 -3.101707 0.8532049 1.4805781 -0.44303828 -2.5169861 0.92154807 2.8921223 1.2814318 3.803335 1.1105692 -1.2389641 0.5024808 -1.7191216 1.9127924 1.0308485 0.033551257 1.546834 0.63145316 -0.12115345 -0.25590572 2.7108574 1.0844568 -1.0252861 1.2916905 1.2539916 -0.2907048 -0.32494238 -1.3208845 -0.5786281 0.56790024 2.0849497 -0.1801652 2.1866648 1.3636433 -1.8300683 0.012787589 -2.5148056 0.01047918 1.3205181 0.8404964 -1.779931 -0.77592504 -4.175141 -3.2217157 1.2069736 0.44769564 1.9216887 2.6927366 -1.5176688 -2.1732728 1.3557888 0.11997604 1.6441973 -0.35090604 0.6043464 -1.0315071 0.11312831 1.2388977 -0.9920459 0.33876824 1.4658817 -0.59011173 2.2923973 1.2236644 -1.1012503 0.39996946 2.5440962 -2.3973587 -1.2369816 -0.18142943 1.316075 1.2037708 -0.0011933302 2.4790308 0.7505454 -1.8204973 1.699654 -4.41078 0.6177018 0.46877924 -0.3984071 -1.9466009 3.0706067 1.4722118 2.2503002 -3.8607235 -1.4715205 -1.1111166 -1.198537 1.3978662 -0.6729896 -0.26610738 -1.5170909 0.0014896384 2.0118368 1.5548146 -1.1839025 -0.053428352 -2.303933 0.4546084 0.38278025 -0.8088238 0.47672796 1.1564051 0.79393464 -0.48069558 0.34741917 -1.277555 -0.110024296 -1.962233 -0.24111238 0.2565994 0.51319516 1.6613922 -1.0192306 3.40616 -0.60875696 -0.050576605 0.62292826 1.9819684 1.5689342 -1.6186478 0.24442303 1.0570471 0.51685554 -0.92519075 4.176742 -0.92072654 -0.21722993 0.25382343 -0.88414145 0.97428375 0.66296494 -1.4378234 0.12410743 1.9499907 0.88370305 0.34404325 -0.539088 -1.3782768 -0.59583986 2.0631115 0.6914752 1.8445392 -2.1057312 1.5697602 1.8278433 -0.871189 1.0273353 -0.53002757 0.0053169373 -1.1761854 -0.7547544 1.8366886 -0.05547531 -0.3154026 0.404915 0.845675 -1.3611654 0.23972808 2.2071 3.2945096 2.5714722 1.3868358 1.9333458 0.35767266 -3.552869 1.3617014 -1.7302239 3.2369845 -0.5359154 0.10053433 -0.29858902 -0.15237817 0.17300414 2.1821651 0.00063685933 -1.3993945 0.17746419 -0.16941422 0.08840534 1.158644 -1.2639141 0.6071932 -1.5350368 0.65024024 -1.3269875 -0.822589 1.0304037 0.58628374 0.45534104 -2.0061224 -2.9699752 -0.4317752 0.74982554 -2.1164007 1.1604092 1.297175 1.630854 -2.493914 1.0640463 -2.9906514 1.7947633 2.810901 1.5223536 2.0310166 -0.58438057 1.0652694 -1.0660176
berry -1.5922322 -1.3253183 -1.4431359 -1.8498921 -1.4943634 -1.0194616 3.6459372 1.5718324 0.13189851 0.14390956 -1.8822385 -0.39041254 1.6534365 -2.2318175 -2.0835733 0.14658973 -1.3324589 0.25493547 -0.02349849 -2.176145 1.4677004 -0.40378878 0.06974534 2.1860645 -0.59392256 0.18880187 1.0879681 -0.5576534 1.9222323 -0.17039044 -1.964855 0.16272154 -1.5137357 -2.058257 0.8908222 -0.29697558 -2.0853648 -0.07267905 0.5209838 -0.5792573 1.8497748 -1.8493366 -0.23719521 2.40146 1.0296675 0.9770198 -0.58744115 0.21534836 -0.68868613 0.10275346 1.4182814 -0.20422694 1.1762011 0.6179097 -0.08034382 -1.9252539 2.072019 -1.1356678 0.53687555 0.052582245 -0.6444242 -1.0078909 -0.53053945 -0.20931445 -0.48041978 -0.88416064 -0.67545813 1.5727189 0.36533052 -0.855178 0.03470088 0.95073473 0.57080144 -0.8170745 -0.79568607 1.6532757 -0.8915649 0.024267482 0.22884853 0.5893095 -0.41571492 -1.105398 -0.16717932 0.25739947 1.9772259 0.2956582 -0.62477857 -0.2163667 1.1537366 -2.1095002 3.5084324 -0.5092477 1.9181668 1.1716509 -1.0903138 -1.676793 0.36759007 2.0553403 -0.9708915 0.4996629 0.7257702 -0.62104934 0.1569371 -0.64214176 -0.2597906 1.1015487 -1.1737208 0.27164334 -1.1926221 -0.9710536 0.20908824 -0.40092355 -0.13113888 -0.1433034 -0.44563392 1.0929941 -1.068714 -0.47737092 0.41612133 0.1297916 -0.83726555 0.8660329 1.4943205 -0.86491543 -0.95108044 -0.3413025 -0.51265395 1.005557 0.27242163 -0.29161423 0.64628226 1.1831015 -1.7133187 -1.1387671 0.20478304 0.090845846 -0.704003 -1.880224 4.3187776 -1.76385 -1.997871 0.12111857 0.65365833 -1.5168903 -0.78682303 -1.8796095 -3.8554163 -0.42038867 0.2997808 -0.49567038 -0.32875356 -2.8769171 -2.3446891 1.308889 3.7873683 2.0240018 -0.46936843 -0.98830783 0.042523887 0.4548582 -0.20000863 1.2418294 0.0036208013 -0.35565707 -2.2571833 0.5275221 2.5359945 0.10082522 -0.5169638 -1.0132298 1.2071939 1.4335254 1.7059549 0.27603364 1.4071379 1.8952634 1.0127366 -1.73954 -3.2267077 0.2231331 1.538968 -0.903457 0.6475338 -0.16158378 0.23889594 0.34510252 -1.2399392 -0.7361941 0.047004666 -1.0484315 2.6481023 -2.0145924 0.019096553 0.57792634 1.2306406 0.967842 -2.8753333 -0.81819904 0.44656593 -1.3827028 -1.8000491 2.509326 -1.7899064 0.85489637 -0.48773566 -0.9749677 0.7460624 -1.1711856 0.65122175 0.90610194 0.23466538 0.6218889 -1.8542213 -0.53214496 -0.71458805 0.8801175 -0.19029675 -0.60034025 0.6877656 1.1005818 -0.22728084 -0.89715004 -0.0027805734 1.552469 -1.0844647 1.4385777 -1.4762948 -0.93809074 -0.3895488 0.34283683 0.952725 -1.2859099 0.8015923 1.7322391 1.2019179 0.120326996 -0.8541649 -0.40245268 0.9286677 -0.82135063 1.3409178 0.17022578 0.57231116 -3.0831409 1.1083723 -0.15793289 -1.4268405 -0.13232046 -0.71501654 -2.2422385 -1.4252256 1.3541286 0.5968991 -2.0039945 1.5606521 0.8911722 -1.4128437 -0.54451275 -0.7038074 -0.6848275 2.6451166 1.4836918 -0.5845265 1.2385696 -0.5434559 -2.225802 -0.07500208 0.9807604 -1.9595346 0.1166425 1.1109856 -0.7285533 0.034000956 0.35762075 -0.9587799 -0.11329166 1.6167785 1.3037094 1.4591625 0.6835218 -1.0414555 -1.4792378 0.92677784 -0.6959194 1.8935757 0.07731085 -0.3387173 -1.0754414 -0.68350226 -1.0861281 -1.1604182 0.28942093 0.39449605 -1.768024 0.3003066 0.6325395 -0.15264966 -0.17437655 0.23802651 0.4946192
honey -0.34512988 0.46052408 -1.0462886 -2.1414986 -0.7385986 0.9431372 0.95430326 1.6194602 -0.036660608 0.45211557 -0.75234175 0.4265847 1.6977904 -1.9927188 -0.7297038 1.1176215 0.07293401 -0.11277179 -0.38465497 -0.58633417 2.200398 -0.51343215 -0.829061 -1.3197752 0.13582522 -0.65334016 1.7103215 -1.528981 0.46323073 -1.12076 -0.64891636 -0.67495024 -1.6370149 -1.0427166 0.26951563 -0.69649893 0.062764406 -0.90234894 0.88629425 -1.1320982 1.64253 -0.48916817 -0.42168137 3.0451052 0.970632 1.0978032 0.9071098 0.84296155 -2.2347453 -0.8182706 0.15698545 -0.019162046 0.17998566 -0.2773561 -0.74104446 -1.585755 1.3949552 -0.92312706 -0.22573607 0.92600036 -0.14283478 -1.1469259 0.2607939 -0.84351236 -1.7757119 0.48523393 0.9339878 -0.06593532 0.6392369 -1.0738415 -0.85665023 -0.32486144 1.6809528 0.89711493 0.05521414 -0.28875056 -0.53241473 1.4946343 0.562194 0.86694103 -0.1554848 -1.6301539 -0.6862016 1.3003842 2.8058276 -1.3280727 -0.25702184 -1.5040138 -0.05145701 -1.808227 1.3668196 -1.9126288 1.1927279 1.861365 -0.751782 1.234794 -0.30500725 -0.5716195 2.768612 1.5707483 -0.25766492 -2.8627658 1.5529124 0.58116347 -1.1771733 0.562847 -0.3928594 0.770271 1.2313955 -2.0859327 -1.2874868 0.11814639 1.6488266 1.5325099 0.90639615 0.98583233 -0.90644807 1.6368976 -0.0942463 0.51355803 0.2766471 1.5594481 1.3424591 0.69080716 -1.594064 0.5438042 -2.2319994 -0.3631533 0.2358298 0.42903605 0.54360056 -0.11907487 0.30356035 -2.9996047 -0.985831 -0.023454115 -2.2639937 -2.4385417 1.6395457 0.6666344 -0.66597253 1.2841439 0.46569163 -1.4186717 -1.4996594 3.5506105 -2.3057358 0.41739795 0.45001268 -0.8633432 0.9439693 -1.0117399 -1.1169925 3.0637457 1.2216733 -0.29422346 -2.0811386 0.63526803 1.0484337 0.21687843 -0.036677275 1.5519083 -0.23147605 -0.80165756 -0.40198824 0.06599212 1.0785044 -0.05203014 0.04435652 0.06436291 0.06635081 1.5373533 0.39266726 1.0637137 1.6274438 1.2775491 -1.1781011 -2.7043793 -1.45567 0.568098 0.07903295 -0.29160863 0.6448859 0.21887037 1.189194 0.60448873 0.29876196 0.41434792 -0.48216578 0.22362722 0.1870824 -0.17997946 2.3463786 -0.114596225 2.5304193 -0.33851853 -1.828862 -0.8836924 0.22785312 -1.7778149 -1.4365816 1.6921822 -0.9576613 1.147861 -1.014958 -0.6357842 1.8606354 0.43984446 0.2101237 1.253246 0.71023256 2.543793 -1.6117646 0.70800954 -1.5540864 0.6190814 0.12281875 -0.3577188 -0.028185235 0.22269794 -0.81448746 -1.9030257 -0.0280282 0.5316564 -2.0124934 0.90495163 -1.7628038 -1.7432963 -0.7298827 -0.3355186 -0.0354789 -0.6303152 1.9657726 1.7748259 -1.4022024 0.8617095 -0.12526105 -2.2904425 2.047943 1.3501403 0.3722009 -0.6352923 -0.07990881 -3.9603014 1.174085 1.2184186 0.71930707 0.28729248 1.006683 -1.3277614 -0.093602344 -0.7037602 0.23279095 1.7485025 -0.9636705 1.7014824 -0.32296786 -3.064548 -0.2547831 -1.2842287 3.1483884 0.2753078 0.7142625 -1.5233974 1.0209993 0.13725418 -0.42279524 0.4679282 -2.4955733 2.102376 1.821299 0.71650183 1.069143 -0.50030315 -0.8160635 0.6262988 0.6601297 1.032088 -0.48807138 0.60359883 -1.1693813 -2.3267093 0.8310269 -1.8492407 1.2629879 -0.9198593 -2.0209708 0.06886646 0.8769277 0.094774455 -0.42222658 1.9836745 -1.7078673 -1.8848944 0.62992287 0.7544768 -0.82310206 2.3966815 0.84899795 0.14204916
soap 0.38900065 -0.97862923 -1.7899812 -1.0397444 0.8462275 -2.4048524 0.58850485 0.8006128 -3.0705347 0.42132488 -0.7201025 0.121567205 2.945768 -1.6429393 -1.5402318 -2.4447744 -1.6197311 -0.01833996 2.6021771 0.8206527 1.3282183 0.0064157974 0.17016663 3.0676014 0.24931347 -0.34863433 1.5477848 0.2122105 2.5438948 -0.073826425 2.3481045 -0.4903271 -2.360575 0.90652955 1.4738952 0.123725526 -0.8558489 -0.88856894 1.4380183 -1.2830455 1.2988626 0.7276166 2.0646124 1.9138489 1.7009414 2.772839 1.3454264 -1.8424106 -0.9582986 -1.4151167 0.382921 1.9745846 4.2184978 2.5819726 0.10986483 1.3773086 0.30315584 0.3860589 1.6698945 1.1182606 -0.30467704 0.6621958 1.4006946 -0.46371898 -0.19688159 -2.1372817 -0.049251717 -1.1727875 -1.1290483 -0.27540982 1.1166232 -1.6645048 1.1955335 -0.7648195 0.4973556 -0.75233275 -4.5345373 0.7198861 1.0520792 0.6933754 -0.17761233 -0.7551042 0.284854 1.7344098 2.034833 -1.3951377 0.42384425 0.702237 1.2805651 -1.3331742 0.6326968 -0.35208097 0.40296865 2.1290922 2.3061476 1.2004721 0.19967853 -0.6960977 1.5122827 1.0233732 -0.5007104 0.25929248 1.3646439 -1.1720679 -1.3295618 -1.5662814 0.06993402 -0.21331406 1.4670248 -1.2931226 -1.084477 0.21565244 0.40627688 0.65589494 1.7898401 1.2568563 -0.38148177 1.8245857 1.797515 1.2523787 -0.9569826 -0.9318944 -0.27670366 0.229964 -2.0145612 0.6359937 1.4613109 -0.1678843 0.8929363 1.5121689 0.6454321 -0.4060893 2.1262844 -0.6483326 -0.80556947 0.21732771 -0.014360266 0.909064 1.3489395 -1.6238655 -2.4577765 -0.90042686 -0.28196782 -0.6408796 -0.38038832 4.8893414 -0.6073007 0.2619173 -1.100355 -0.38883132 -0.6706827 -1.8524417 -1.0474513 2.4988194 -1.3395535 2.010733 2.178999 -0.48566693 -0.19473407 0.44556636 1.087002 1.8269061 0.50610155 0.6911769 -0.22668797 -2.059675 -0.75100464 1.9778068 -1.0753311 1.0321571 1.4525955 0.6719318 2.5433903 1.3133881 3.0262394 1.4150456 -2.8734295 -2.1126578 -2.212338 -2.830223 -1.1416242 0.7916216 1.9264249 -0.37415615 -3.3971422 2.1101372 0.80277795 1.7193873 -1.0360552 1.2737657 0.75085276 0.23334888 2.0565853 -0.7406391 1.6089386 -0.44706595 -1.5665407 -1.8656696 0.67006403 1.6670756 0.7297204 -0.5632171 -1.3561407 0.7770654 1.6703558 -2.7161973 3.6248934 0.27337337 0.050591376 -1.0010178 -1.190297 2.2187023 -0.67034703 0.4722575 -2.0845737 1.0283874 -0.89223456 1.2929404 -0.74673223 1.3192201 -0.43485275 -1.1831025 2.3590422 -0.19643146 -1.5074881 2.3671348 -0.29609957 -1.3276076 0.937931 0.82998663 -2.080683 2.4363968 0.46196064 -1.5237182 -0.7802686 0.7014931 -0.5627687 0.8677068 -1.5694008 -1.7476751 2.5000536 -1.4671259 -1.1363797 -4.0378013 -1.0258665 -0.15418518 -0.6471091 -0.8068686 -1.592937 -1.2271816 -1.3000941 -1.632066 1.0211537 0.8393158 -0.3705891 1.1809616 -0.423009 -2.389532 -1.9699891 -0.3789632 1.6905984 1.0750968 -1.2117084 0.8746956 2.0392976 0.17982587 0.9561455 2.2441432 -2.293722 3.6265786 -0.63747776 1.2004695 1.2358786 2.0035074 -1.2901982 -0.87633854 0.71515375 1.5064402 -1.2109977 -0.22049035 -2.720214 0.67089903 1.3549138 -3.1885843 1.749489 -1.3173387 -0.89307356 1.4890542 -1.7347333 0.073054016 -0.8069845 1.8643279 -0.114736676 3.057883 1.5574818 0.6270793 1.4081347 1.2434924 0.5360967 -0.9870632
onion -2.3051984 -0.015654385 -1.5593157 1.0816464 -1.4308076 -0.57460546 1.6328263 1.5276634 2.5526125 -1.1805717 -1.7244225 1.7918334 1.4254823 -1.4014428 -0.0692757 -0.6168926 -1.1133612 0.47951534 -1.1625013 -1.9205098 1.2471833 -1.2026079 1.261339 0.024267063 -1.711652 -0.073150255 0.86067146 0.46715543 0.60776395 0.27033615 -0.340624 0.3520042 -0.9308174 -1.2736313 -1.4163876 -0.38961035 -0.5370552 -1.0618258 0.25977486 -1.1454521 0.7468 -0.9941987 0.20560797 1.8936974 -0.7377704 -0.5144061 -0.10466888 -1.2430584 -2.5874424 -3.0268614 0.6663289 2.0013382 -0.42224115 -1.5052531 0.3823423 -0.30823275 0.81604195 0.071474016 -0.7257983 0.08865801 2.6651149 -0.19811969 1.4870598 1.2105224 -1.6822472 -2.407087 0.96366715 2.2689712 -0.5398599 -0.54098386 2.0308642 -1.3681287 2.8953316 2.0205665 0.53966826 -0.7098041 -1.9814321 0.22426352 0.8229091 1.1594064 0.5060002 -0.80065566 -0.43424124 -0.3410304 4.5116897 -0.12989676 -0.03602476 -1.3572078 1.3909768 0.06382544 0.9115665 -1.2773972 -0.97198194 2.3127449 -1.21059 1.518051 1.1128614 1.794895 0.53231627 3.401053 1.2486914 -2.484327 0.36923707 -0.11005978 -0.6191449 -1.2331123 -0.31608135 -1.8151677 0.074782096 -1.0648464 0.50645417 1.9224967 0.889814 -2.0906398 -0.5234125 2.0703592 0.71011806 1.5887272 -1.8075408 1.5950475 -0.34145257 0.9384255 0.9403655 -1.9834563 -1.257429 -1.4779162 0.47786674 0.43171445 0.29301584 0.21273336 0.31665915 -0.64854777 -1.424539 -2.5434878 -0.7359496 -1.0888492 -3.750459 -0.433165 -0.11993276 0.4722713 -2.0460885 1.0515201 -1.0726162 -1.2280113 -2.9190712 1.4978374 -2.059618 -3.185613 2.106706 -2.3289013 -1.401755 0.81965214 -1.7924001 2.1106644 -0.34449175 0.12594041 -2.5615351 -0.5338818 0.07675637 -0.13424344 0.08326165 1.3167082 -0.2834457 -0.63020736 0.6177666 -0.80947864 0.31545708 -0.8677148 1.0067953 -1.5440588 -0.49896243 2.0742495 -0.11800313 2.4678714 -0.9434239 0.52350485 0.94119704 -0.85153425 0.32576996 0.63273466 0.7139474 -2.1157944 0.70262486 -0.4854949 1.499179 1.5579001 -0.8588867 -0.810861 -0.6573354 -1.3358333 -2.1151488 -1.2971767 1.3404069 -0.38633624 1.6424325 1.355241 0.14077514 -0.53810996 1.4772195 -4.1583667 -2.229938 -1.1237439 -0.599491 1.256526 1.0232902 0.32850835 3.434306 2.4265602 -0.6317276 0.6025922 0.6387598 2.0495894 -1.391423 -1.566533 0.7585234 2.6353655 0.90271395 0.38884 1.6935794 -0.8807168 1.8385016 -1.6793813 -0.7359135 1.707706 -2.8817842 -0.119952425 -1.9714984 0.6787277 -1.2162155 -1.0306972 0.5114284 -0.8647352 0.23137863 0.35538396 1.4754769 1.6920751 -0.1442645 -1.5904446 -0.80222523 -0.91707206 -0.175911 -1.356486 0.8393138 -2.8892632 -0.8147024 -0.940409 0.5423116 0.22060142 -0.09618117 -0.5759873 0.03578773 0.6500912 1.0766292 1.2123668 2.7229822 3.4250464 0.08346864 -4.5424924 -0.94539243 -0.9897265 0.5735047 -1.3464655 0.15645893 -1.4668065 0.26453573 0.8939569 -0.43163908 -1.0808661 -1.1435001 1.5379376 0.85839164 0.1040169 1.5592408 -1.4970143 -0.7741369 -1.1315763 1.0679694 -0.9777633 0.95655274 -0.453031 -0.21104087 -1.8568602 0.61302304 0.89617914 -0.548949 -1.3967085 1.1898681 -0.3917036 -0.17723991 1.341229 0.07473523 0.96137357 0.06509254 -0.39291808 0.026827414 1.7072214 -1.0178299 2.044711 0.29977393 -3.505901
weed 0.025981614 -0.22818747 0.082327016 -1.2839314 -2.9566565 -0.7678259 1.498606 1.4513421 -0.3470877 0.976156 -1.4928063 -2.2435293 0.3875416 -0.14342904 -0.44490343 0.7777687 1.702026 2.8586462 1.574993 0.61561954 1.2281808 1.737585 0.8882723 -3.679995 0.5415206 -0.6576263 0.47701266 0.69017565 -1.8805411 0.5445316 0.9156587 -1.1040725 0.23177633 -0.5017718 0.51375026 -2.4619381 -1.8400241 -0.029580193 -1.1404909 -1.8879163 0.69014716 -1.3376505 -0.48361778 2.5430772 0.92049414 -0.7528871 -0.7295076 1.7260349 -0.24788369 -1.7184987 1.2583097 2.1279778 -0.22528684 0.32009315 -1.0166649 -2.155631 1.7342402 -3.4711435 0.66524476 -1.0863961 -1.6659887 -0.73690856 -1.75751 1.1060752 -0.92446697 0.04719928 1.4600202 1.7786616 0.11722073 -0.23372369 0.51082957 -0.9870284 1.8144789 -0.6689629 1.8582469 2.1324184 -1.9011151 1.1213354 -1.6534339 0.59338 0.91001123 1.5874866 -1.4888968 0.3421356 2.3096347 -1.4670283 -0.6661202 -2.1929097 0.34526163 1.0930039 1.1480486 -2.818702 1.6473689 0.2290811 0.6704286 3.042654 -0.36941338 -0.21376969 0.1621562 0.40570533 -0.30851787 0.46535408 -0.4215819 2.480605 -1.550416 1.800383 1.147436 0.1353926 0.8445523 0.27292112 0.3804542 1.6995935 -1.8528008 1.3660493 0.34835085 0.09415236 2.892438 1.505204 -1.3511007 0.22511458 2.4682002 -0.43534574 1.5200237 -0.3147814 -0.7975633 -0.43730634 -2.7779922 -0.94854236 1.2980855 0.124940276 -3.0228379 2.07509 0.22829111 -3.70479 1.3819475 -1.3186425 0.21189219 -1.5374206 1.362662 1.8818829 -0.45446324 1.9536169 -0.07695234 -1.7313751 -0.37799096 1.3712674 -0.6637082 0.4830563 -0.6616758 -1.4010385 -1.1462091 -0.63860095 -0.80019236 2.2881284 1.2889965 -0.11436414 -1.0509162 -0.66733104 2.7977116 -0.831332 0.47937405 1.6745802 0.58967143 -0.4938606 -1.490285 0.11091341 -1.8409216 0.7949366 -1.3003473 -1.8339038 -1.8569392 0.22212668 0.6336241 1.4585738 -0.55257326 0.9780145 0.63099897 -1.0036955 -0.8705049 1.6653678 0.30655992 -1.8180041 -0.55064934 -2.0683653 0.84811914 -0.8944917 -0.31430462 -0.4103618 1.2784688 -1.2385283 0.32018015 -0.5027909 1.06533 -1.1662904 0.14662948 -1.3984703 -0.92721176 0.304351 -1.6735086 1.0131285 -1.841769 0.26991168 -2.053237 -1.0162702 1.823145 0.29734534 -0.82209134 -0.6573085 0.24866165 1.1166482 -1.60226 -0.6405872 2.283308 0.4422344 0.83462316 0.22569028 -0.19532058 -1.1753806 0.25445646 1.4414084 -0.57047856 -0.11935656 -0.45454362 -1.1733352 -1.7986892 1.1481155 -2.2743568 -1.2044799 -1.6580708 -0.68144214 1.985493 -1.0592523 -0.39143234 0.27653432 -1.6874604 0.9179344 0.73285526 -2.5108185 -0.94408554 -0.23957479 -0.3290866 2.369681 0.4645071 -2.968089 -0.0816905 0.13443202 -1.7396357 1.4298956 -1.3633598 0.43184832 -1.5278009 -1.8483746 1.9464086 -0.22103956 1.7132732 0.706683 1.9996097 -1.1589022 -1.3326844 0.007679551 0.9214367 1.4330032 -0.31604177 -2.483726 -1.3608974 -2.4942358 -0.8193201 0.26684517 -1.8614573 2.505584 -0.6224429 0.3643536 1.1069597 -2.1052132 0.34880722 1.8493629 -2.9237738 -0.6038362 2.1415634 -1.3161926 0.07380159 -3.2735538 1.4498215 -0.10131376 1.7335038 -0.571101 -1.9855264 -0.22158037 0.034268886 0.27853286 1.3445317 0.2634989 -3.0804603 -0.68805516 -0.8041866 1.0118238 -0.23103498 -0.6197648 1.1839671 0.07102783
oak 0.20131505 -1.0537915 -0.47057614 -0.37898436 0.36539093 0.6527671 2.86025 1.8175277 3.3027282 -0.8082237 -0.8503317 -2.0969265 0.017861975 -2.2926257 -0.70330375 1.4760132 -1.4645352 -0.87679625 -0.33200404 -2.5553534 1.9756904 -0.5777018 1.5223866 -0.21901791 -2.0924907 2.1024203 0.85920537 -1.4615834 -0.5337264 -2.300044 -0.6622333 -0.7602009 -1.504826 -1.1644017 0.37083447 0.27990818 -1.0036238 0.91483414 0.67730516 -2.6453419 1.8257909 -0.2647963 -0.13443539 2.1648831 -0.013805004 0.36809927 -0.51662207 0.80740196 -1.1452167 -0.8607423 1.8947157 -1.4859595 2.3731613 0.7934884 -1.2028335 -3.2054298 0.24670729 -1.7446041 0.25055367 -0.32991126 -0.60802525 -0.9208923 -0.42645544 0.76904434 0.183707 1.1615012 -1.4285125 -0.13393131 0.76014966 -1.3730421 0.15705639 -0.21120268 1.4823767 -0.25124267 -0.78967226 0.6918415 -0.010862787 0.8662492 0.50903684 1.150124 1.8659207 -0.7530073 -0.302225 -1.1688745 3.2067256 0.115659215 1.4175769 -0.72360003 3.0146937 -0.71296924 4.11012 -0.2900945 1.7285323 -0.019579396 -1.1795973 -0.37122414 1.3284152 0.49393058 -1.6170989 -2.3846052 -0.7875461 -0.26299393 -3.0376284 1.6219721 -0.05943992 -0.0127449455 0.64311755 0.12436991 -3.1869097 -2.3560326 -0.99804807 -0.32752448 -0.23681669 0.40996623 -0.60198414 2.080394 0.6391619 -1.3639961 -1.5239564 1.9967997 1.6449981 1.0672636 -0.93053967 0.030224605 0.13215639 0.99890375 1.5804373 -2.685635 0.4338634 0.028906886 0.97501236 1.9817573 -0.87752557 0.46280324 -1.0183164 -3.504711 -0.92548066 -0.45397615 0.07720009 -0.9206187 1.595663 2.053428 -2.843498 -1.3638062 0.69771177 1.304857 -0.21614996 -0.45198318 1.2944043 -1.122247 -0.94301873 1.2912004 0.9315043 2.0978565 0.38896915 1.980536 0.0582686 -0.30374822 2.2101634 -1.8300401 -1.2637581 2.2541275 0.115531966 -0.3266281 2.022063 0.6889798 1.7020093 -0.9200446 -4.0030093 0.94236135 2.3439267 -0.76000774 1.6481893 1.6814933 0.09531808 3.3070235 -0.2025858 -0.9937091 -1.895592 -2.0979881 0.432015 -0.5502512 0.54100114 -1.2596414 0.673684 0.21477318 0.10248468 -0.88908726 -0.3002207 -1.7197043 -1.1429975 -2.8444908 1.1759465 0.8009676 -0.40930113 -0.48274097 -0.54881036 0.2006503 -1.87518 -1.9053617 -0.12607352 0.059684515 -0.16310321 2.6769974 1.0771265 0.5772963 -2.7535207 1.7306364 -0.91433316 0.7315897 1.3905103 -0.35621023 -1.7535053 -0.4695029 -2.2246618 0.7000482 -0.6486778 1.7454014 -1.8991814 -0.30449528 1.5291662 -0.6420701 -0.06196897 -1.0941929 0.11908199 2.5534117 0.25631744 -3.8067007 1.185023 0.30706835 -0.30080485 -1.4551013 2.8912227 2.0690644 2.3124945 -1.197735 0.6840859 -1.6056252 -1.0663373 -0.42926303 2.5850813 -1.0809965 -0.12020832 -1.3878782 1.0594147 -0.5420542 1.6549741 -0.020071264 0.07859747 -1.4426814 0.5692067 -0.2915667 -0.16430345 0.9542231 3.0583801 1.9554652 1.1436908 1.4637594 -0.98048633 -1.5593559 1.530365 1.2701241 1.593614 -1.1008021 -1.8104519 -3.905205 -1.3534477 -1.2255535 -2.6565382 0.76085144 -1.5748376 -1.8306075 -0.40792704 1.309242 -0.08181553 -0.58760333 -0.23246546 0.4321723 0.27747902 0.5454886 1.1185338 -0.98087263 1.3531961 -2.5821538 -0.6649082 0.78205675 1.2688293 2.0681977 1.3483547 0.49504817 -0.69453704 -0.17656268 -2.278757 2.1606817 -2.3089662 1.461656 -1.2267922 0.62666327 -1.1232083 1.2845114
cherry -0.13522886 -0.31626046 -0.3523456 -2.5979142 -0.039379943 1.4583373 1.0920688 1.2897724 1.4558566 -0.3199239 -0.27832803 0.029101279 2.474841 -0.48937586 -2.1843793 1.2475553 -1.6227432 0.0007176809 -0.43004757 -1.2381362 0.02712801 0.07125302 0.94779277 0.84172636 -1.1144359 1.6454982 2.689982 -0.5181987 1.5472625 -0.93314785 -0.7986806 0.9771076 0.17449246 -0.31690764 0.9928055 1.0610996 0.49746406 0.4389478 0.8815525 -1.682585 -1.3832768 -0.7102486 0.68565595 1.5542324 -0.74553317 -0.2475926 -1.5559732 -0.80754375 -2.0083556 -0.4657686 3.1609936 0.61830217 -0.20131324 0.6045507 -0.29081756 -2.0981123 0.9781863 -0.47340024 -0.72153896 1.3478901 -0.22335301 0.03563138 0.91219795 0.4226565 -1.6104195 -1.7376115 1.2297157 0.8812501 2.1784647 -0.031153984 1.5657046 1.0227962 1.3182644 -0.08793213 0.45226425 0.26917276 0.8413161 0.7355452 -0.46451432 -1.7598311 1.0273099 0.5398007 -1.0349517 -0.18112332 1.7979468 0.50602996 1.6886121 -1.5811573 0.3528828 -1.8739054 3.3302712 -1.3351796 0.70773804 1.2761439 -0.19510598 -1.0534706 1.1794846 1.4558352 -2.119139 -1.0173361 0.38901135 0.5414248 -1.4506295 0.11344786 0.33801904 1.0436999 0.66383785 0.92865336 -1.7424338 -1.0565994 -0.6531757 1.022386 0.81672937 -0.08199408 -1.248424 2.193683 -0.96160907 0.19846809 -2.5511508 0.99939334 1.9817439 0.15845051 -0.70973516 -1.0170652 -0.43443158 -0.82185495 0.119400166 0.036816265 0.28480417 -0.3557784 0.15641214 1.6805317 -0.10472023 -1.2847506 -1.2910845 -1.1271516 -1.2668967 -0.17208703 3.2233157 -0.9976369 -1.9908435 1.9876828 -0.8471128 -1.5216196 -0.3842893 0.020724159 -2.7016194 -1.0422828 1.662208 -1.1242489 0.06077479 -1.8198016 -2.2581196 0.30794913 1.064681 0.8552479 -0.35002044 0.6879704 2.7267132 -1.1292619 -0.043279774 0.23385215 0.07246373 1.0758984 0.47160295 1.7088625 1.7712278 -0.81688046 -1.5699948 0.25309032 0.274248 1.2401298 0.07669492 0.6824771 1.6999623 0.96129936 -0.9847322 -0.92815864 -1.2467119 2.1306093 1.7674167 -1.2477136 1.472127 -1.7397311 0.1509022 0.49063846 -0.99992174 -0.95865166 -1.6173836 -0.3548232 0.29013103 -1.8948694 1.174841 0.39023414 2.461295 0.53978044 -0.018507503 0.100023635 -0.10617049 -1.9848967 -1.3015873 1.8056562 -2.4786706 2.1743789 0.4594839 0.15108037 0.30029908 1.1583458 -0.7641079 0.3057097 -1.0663418 2.1716554 -2.230259 0.33759257 0.9286133 2.1727076 0.001224664 0.8676881 -0.84499717 0.79304755 1.5913383 -1.0312091 0.72318363 0.19886768 -0.73282075 2.1530666 -0.23589008 -0.40773675 -1.31809 -0.54668576 0.6554517 -0.1749709 0.0545944 1.8102236 0.8903295 -0.25433606 -2.4313993 -1.5246168 0.3034951 -0.11209469 -0.35584408 -0.57680386 1.4809847 -3.4992988 1.4077177 0.45564318 0.13422014 0.3223058 0.24851553 0.15437683 -0.0059322934 1.794957 0.49510062 -0.100054264 -0.06331227 -0.06924089 -1.0622574 -0.23022997 -2.720047 -2.256103 1.2435482 0.80164075 1.2884866 0.25256884 -0.07644436 -3.8079696 0.21142596 -0.29541832 -2.1965046 0.13753211 -1.2952781 -1.2265741 1.0796759 -2.560136 -0.75059247 1.1705947 0.8005296 0.59995884 2.8492131 1.5891632 -1.7613621 -2.362533 -1.1436123 0.27850944 -0.23512684 0.38028413 -0.31443003 0.4032746 0.38218838 0.506517 -0.18964785 0.51999545 -0.63931125 -1.5148593 -0.709945 1.5336027 0.933216 -1.1237313 0.3581214 0.5645459
mint -0.6920048 0.16181329 0.32961398 -0.23261963 3.5242815 -1.2338523 -0.23801391 2.1864407 1.9010448 1.3271143 -1.5768572 0.95105237 2.4588418 -0.484495 -0.45399347 -0.31396 -0.59970933 0.8185917 -0.24655826 -1.7705864 -1.846814 0.35459504 -0.06970477 -0.67796737 -2.1377208 0.9398869 4.503156 -0.9496497 0.1203427 0.19386868 -0.09654888 1.6410385 -2.9409518 -1.6396803 1.2975765 -1.1093043 0.54800504 1.759276 2.119545 -2.3327508 3.0754497 -0.34012696 0.39376062 1.9503396 0.34236947 0.6248812 -0.6207169 -0.4378593 -1.4909732 1.0345247 0.7771247 1.9439696 -2.506778 -1.7065991 -0.91389185 -0.93339854 0.27497825 -2.1440535 0.2747889 1.6028961 0.393149 0.22487046 1.6948187 2.5115516 0.14176999 -0.69051874 1.8251821 0.080547765 2.8402584 2.0275524 0.35496852 -1.5506951 0.91865313 -0.040724676 0.14388667 -1.8321003 0.9940951 1.5737995 1.7332906 2.1321433 1.3357265 0.14130844 0.33807102 -1.1276947 0.15719184 -0.12603587 0.8517782 -0.81294817 0.6493335 -1.6003534 1.2085903 -2.4966936 2.3597252 1.9731948 -1.94694 1.3482599 1.1286365 -0.3987835 2.185978 0.8747749 -0.77971995 -1.990649 2.7034328 -0.33475655 0.32598284 -1.9598713 -1.503965 1.5473357 0.24029207 -1.7021948 1.8912896 0.90969306 1.5391825 -0.4583793 -0.6007882 0.67633724 1.0695091 -1.0845121 0.56430787 0.6272618 1.3963319 0.5880034 -0.22913373 -1.6330665 -1.0875944 1.4114286 -1.0385263 -0.7363556 2.35613 1.2327498 -1.2644668 0.47428238 1.0284414 -0.46691138 1.1724411 0.15273905 -2.3850324 -3.4968815 1.6878378 1.026536 -0.3333093 3.2219555 -1.3380874 -1.1372248 1.3505534 0.39473012 -0.1836197 -0.3426073 2.4127057 -0.51906633 -1.441734 0.8784939 -0.3279541 -0.89299345 1.2681772 -0.046201274 -1.6231507 1.5200304 -0.103158146 -1.3444127 -0.8424869 -0.35412776 -0.66136426 -1.0726027 0.0845705 -0.17852998 2.9246838 -0.5324762 -1.7382911 0.5587528 2.3166428 0.9713342 0.6411797 1.1029828 -1.1211869 1.9521791 -0.85413355 -2.362029 1.5372847 -2.145589 0.7634478 0.08174276 0.1960627 0.17581116 1.5280045 0.846906 -1.972937 -0.08419791 -0.22749014 -0.6170316 -1.2523794 1.2282413 0.93562144 -1.9376135 0.12878817 1.537432 -0.3883438 -1.5245013 -0.31090665 -0.098918304 2.379172 -0.7320099 0.059831798 1.2128322 -0.38923052 1.2830404 1.3719347 1.2569861 -0.21662432 -0.39399797 1.2448972 -0.012212371 -1.0783032 0.6087706 -1.4125268 2.3993149 -0.29183623 0.7207823 -1.0695962 -2.0892518 0.13382556 -1.9604316 -0.17878175 1.0119903 -0.5020793 -1.02874 -2.030213 -0.4244045 -0.22885399 -0.015304266 0.5535786 0.8895943 -1.0599453 1.1146907 0.34920272 -0.33456326 -0.9071781 -1.3822166 -0.08122131 -1.6609383 1.0612844 -0.5286106 -0.33180228 -2.2967224 1.054347 0.6704621 -1.1805729 0.376704 0.33657524 -2.001092 0.3339 0.5722086 -0.09932584 0.40272105 0.7261163 1.1810151 2.0825856 -1.8136514 1.7358916 1.7987858 0.9265422 2.0165496 1.3967006 -0.38015896 0.5747177 -0.45519474 1.2334015 -0.30867586 -1.5899554 0.10303817 1.0089293 -0.17221141 0.22014332 -0.47689363 0.04663294 -2.1721103 1.2436033 -0.21944755 0.9814425 -1.6074829 -1.7906535 -1.5457959 -2.1914933 -1.1733948 0.063996226 0.43145195 -0.75548106 -1.1102974 -1.4420054 -0.058522884 -0.6909593 -0.5488754 -0.095571816 1.9558312 1.2945226 0.67339456 -0.022762142 -2.233701 0.08184917 -0.4469866
banana 0.3427894 -0.38956606 0.5377069 0.15164419 -0.114709854 -0.94724447 -0.09441306 2.1924167 2.196227 -0.54965156 -0.57300067 -1.2995478 1.7236187 -0.23816746 -1.6583983 0.89436847 -0.5887209 -0.19286616 -1.0570986 -1.2144051 0.7145192 0.57910115 1.1113502 1.0449218 -0.6259119 -0.53175694 1.582108 1.3209022 1.6333294 -0.34863698 0.26198947 0.81973493 -0.3592119 -0.8956994 0.09925754 0.11565763 0.28546023 1.1031162 -0.93646747 0.2877097 0.84670794 -1.0689125 0.39402956 2.782526 1.298396 1.7949555 1.547897 -1.4735334 -1.8361102 -2.3976722 1.8559017 1.51729 0.23321463 -1.0284135 -1.2633883 -0.13604252 2.1357079 0.28200704 -1.8298702 -0.6250728 1.6018524 -1.9896957 -0.42908224 -0.5135573 -1.2873633 -1.5669943 0.5786257 -0.23896742 1.3333247 -0.2893948 1.8808254 -1.0444851 0.85689706 -0.32992277 -0.27082264 0.4055994 -0.5292154 -0.52988654 0.39071584 0.9297116 -0.08545868 -1.4005169 -0.1700837 0.78733903 2.8680873 -0.6511067 -0.33023614 -2.11509 -1.6173327 -1.3350616 3.3328776 -1.5872251 0.33593366 1.4594328 -0.9342733 -0.18675822 0.86164397 -0.7233056 1.4280407 1.3767053 2.269332 -1.5377458 1.3483609 -0.2540967 -0.19206542 1.1723827 -0.9490236 0.50887436 0.06474873 -1.0072283 0.5477581 1.3724772 0.28343245 0.11069034 0.17946437 1.4526881 0.33168927 2.1058712 -1.4418865 1.2126673 -1.0264004 1.4907153 0.026104502 -0.76830083 -0.57165414 -0.015139996 -0.6679849 0.5011726 0.4295709 -0.405618 -0.10904709 -0.11713379 -1.0180395 -2.2537682 -0.69996667 -1.0450838 0.20559701 0.07799338 2.153818 -0.5790785 -1.6504058 1.7975041 -0.8409341 -1.6305516 -0.84055334 1.362017 -1.6271421 -0.51876956 2.4169576 0.38281968 -1.7253023 -0.024879048 -1.5794961 -0.1358962 0.43284222 0.0006043343 0.22332488 -0.5696958 2.6848426 -0.43030682 -0.123164535 2.9661658 0.14795344 0.08550714 -0.7323628 0.6578008 -0.89431363 0.080062814 0.023637934 -1.359899 -0.93194604 0.75909483 0.6618455 1.8693994 1.8513647 1.209504 -0.77438945 -1.9178915 0.379354 0.7074638 0.49173284 -2.2833085 -0.23054376 -0.90259916 0.17668243 1.7044576 -1.334694 -0.228297 0.7242148 -0.099290095 1.1192542 -1.4189299 1.5394708 -0.2774187 1.4006778 0.8782839 -0.88749284 0.71405864 -0.56021833 -0.91764516 -1.9510157 0.8651235 -1.421065 1.0867493 0.69759834 -2.4858387 1.8317869 0.21614987 0.9759071 0.4447699 -0.6600182 2.2351065 -0.3066619 -1.0194107 0.24250552 2.3458967 -0.30762458 0.701146 1.5488846 -0.75962883 0.7239145 -1.8812076 -0.07768271 -0.4426358 -1.8618488 0.46350318 -1.1166855 -0.5959796 -0.89030915 -1.3295999 -0.17824861 -1.1078233 0.16062252 0.5662613 -0.7433919 1.2370814 0.3158988 -1.1993636 0.45604953 -0.39574116 0.35203815 -0.4334128 0.44799635 -3.2023015 -0.09948333 -1.6540763 -0.56377983 1.0251366 -0.52324873 -1.1690032 0.62431717 1.0623757 0.22449979 1.0694795 0.66818565 1.9256798 -1.0668541 -2.0887415 -1.0226127 -1.5488796 0.810097 -0.9825441 1.1028436 0.3914787 0.94606644 -0.09791862 0.19040732 0.2064598 -1.652699 0.55657107 -0.060629677 1.6233777 1.6535401 -1.7848173 0.5828404 1.588884 0.107289836 -0.7062584 1.1836125 0.8630304 -1.2699525 -1.4838047 1.119171 -0.44546124 1.0038993 -2.938162 1.0466278 -0.22014761 0.16336273 0.8675882 0.8411908 2.2299664 -0.1285471 -0.935931 1.1537219 -0.7992583 -0.35603806 1.6127944 0.810672 -0.9403702
mushroom -0.8919425 1.1386927 -0.60660887 -0.58628154 -3.132815 -0.58433986 0.49146366 2.6633172 1.0243943 -1.0338626 -2.5105426 -0.056255195 -0.8548432 -0.7709334 -0.02457986 -1.4329185 0.097523294 -1.5361164 -0.30384725 -1.5150073 0.6649395 0.90960324 -0.11341729 -0.89289695 -0.25849587 0.19146423 0.39803034 -0.7066487 -0.4699013 0.30255422 -1.464718 1.2152942 -0.7416044 -1.5917447 0.60733837 -0.89950395 0.69453734 -0.20934068 -0.7046427 -0.75481147 0.9514319 -0.26969156 -1.9049922 2.439999 0.66735876 -0.021268222 0.017087962 -0.16061117 -1.3632267 -3.4036705 0.8217402 1.6141703 1.0315311 -1.362052 0.1413079 -2.3670118 1.9491243 -1.3644589 -1.6753702 0.7716469 1.5974292 -1.5082536 -1.1349989 0.11105492 -1.7182114 -0.68949187 1.9459871 0.45022792 0.2516859 -0.6130146 0.91333765 -0.73225707 1.6673874 0.4534951 -0.18491225 0.9628585 0.052472774 0.15971404 -1.0767301 0.75150794 1.5263935 -0.9685161 -1.3473405 0.61583465 3.543144 0.5284875 0.5169423 -1.9488848 -1.3104879 -0.72926605 1.8180188 -2.528977 0.4400978 0.27954885 -0.07294912 1.6587479 0.5825854 0.92681384 0.6739456 0.26417163 -0.08505984 -1.9067589 0.90595025 -0.3344902 -0.7367829 -0.4179035 0.47159752 -0.57339805 -0.3286633 -0.89449894 0.27255315 2.1507308 0.47582278 0.8456045 0.2925187 -0.13840272 0.40622818 0.4229951 -2.2009256 1.1346676 1.2185905 -0.7676757 0.3800264 1.5457886 -2.4036403 -0.08282399 -0.87254155 0.13186152 0.7871633 -0.20098065 -0.8670027 -1.1616733 -2.3602955 -1.0372523 0.08899057 -2.4338722 -0.7688478 -0.5182048 0.14098614 -1.8896677 -0.73769486 1.3789413 -0.019248491 -3.6833198 -1.2950048 1.4513307 -1.9928417 0.9049407 0.7551915 -1.9931921 0.110105015 -1.5572954 -1.4193604 0.31423417 0.35951105 0.67814964 -1.7334257 -0.17689718 2.1077657 -1.9207244 0.76199687 2.6106713 -0.5461919 1.2700045 -1.2695324 1.5752337 1.2609895 0.23977363 -0.6269306 0.75938255 0.527293 0.9674774 1.2433499 2.510307 0.855464 -0.053476937 0.41103077 -1.633073 -0.42671782 1.3713212 1.2990721 -1.4766773 -0.9647894 -0.18463501 0.51617944 1.827003 -0.28000084 0.22863236 0.722499 0.82641184 -0.5532075 -1.5092776 1.1113774 -1.7237784 -0.27729306 -0.5188803 -1.5356938 -0.27694085 -0.66287965 -1.8243333 -0.7290331 1.4379718 -0.6887248 1.3121223 1.054877 -1.0728602 1.8041553 -1.0442815 -0.7550204 0.9890901 -0.4215597 0.9386723 -0.6771332 -0.40688422 -0.2918581 1.7742682 0.538026 -0.03140004 0.9156011 0.610177 0.31249693 -0.6389563 -1.3784844 1.0865678 -2.4070842 0.63294816 -2.4645147 -0.27264476 -1.1771407 -0.17337695 0.49934077 -0.2057501 0.9813467 0.7586094 0.3368325 -0.06404779 -2.115247 -2.3445046 0.36401272 -0.47658572 -0.22991687 -0.9959916 -0.12240764 -0.67994344 -0.051049236 -0.78964776 -1.0555825 0.33202288 -0.46625406 0.3632123 -0.34546235 -0.3424635 1.0409603 1.3485727 1.0436252 3.4139094 -0.18664134 -2.2202919 -1.0404718 -0.5878823 0.9491328 1.0374581 -0.6921679 -0.22302276 -0.47271645 -0.09107807 0.867756 0.23351716 -3.2672782 2.5016103 1.8902242 1.6549603 0.9809834 -2.1869416 -0.35914996 -1.1200545 0.10549182 -0.034897566 -0.11472705 -0.09176089 -0.94663006 -2.997811 0.9499323 -0.98419225 0.15900111 -1.7895862 -1.0911063 0.056582652 0.45342353 -0.039381254 0.8898697 0.5061533 -1.063338 0.7026577 0.7236949 2.3157747 -1.0655318 1.0963992 1.8732035 -0.6260972
pine 0.12306033 -0.673697 -0.39581507 -1.0146664 0.22435579 1.5718024 0.85670686 2.4890854 1.5081191 -0.44698355 -0.37287715 -1.6019045 1.3941532 -1.8989657 -1.727856 1.0000471 -0.7968679 -0.23303625 0.3083619 -2.4787295 1.9694308 -1.0636306 0.10197749 1.0492015 -2.239834 1.5982658 -1.0163169 -0.2000535 0.6392532 -1.4032815 0.5600176 -0.16287917 -1.5319465 0.018859455 1.6477948 0.0510696 -0.47822142 1.3794723 0.044715453 -1.4047091 1.7651362 -2.9300158 -1.7204432 2.5033088 0.76461434 -0.42246845 -0.3056624 -0.10650301 0.09355542 0.009616339 0.7068141 0.51812047 2.6875463 2.3759186 -1.2183341 -1.7791798 0.30160826 -1.0859741 -0.084965914 0.3527366 -1.0221871 -0.5241196 0.3068177 1.9790226 -0.67332053 0.9720248 -0.57471347 -0.1649077 0.3916345 0.011773652 1.19269 -1.9181916 2.6022575 -0.28469467 -0.1283508 1.6761811 0.6160694 1.2710218 -0.74822843 0.31366926 0.79722005 -1.2070465 -0.60575867 1.031721 2.8078845 0.95815563 0.3030252 -1.609583 0.63610494 -0.23401372 3.259793 -0.62501794 1.2972574 0.423947 0.751932 -0.32214168 1.610835 1.8051679 -1.5698959 -1.0958997 0.24442786 -0.44847268 -3.486081 0.8749958 -1.0154284 1.1260267 0.59107023 1.971872 -1.2128943 -0.050796587 -0.88852084 1.1259267 -0.2700594 1.0071424 -1.2165416 0.25948822 -0.23823123 -0.56145 -1.9538887 0.59219974 1.0001279 0.05712529 -0.91002154 0.95946807 0.68160844 0.30348986 0.8397125 -2.2406356 1.6601483 -0.43669477 -0.04947789 2.2354171 -0.09566349 -1.9049684 -2.9563985 -4.0883794 -1.2412368 -0.42199972 1.033073 -1.5872651 1.4411596 0.64894086 -1.0649711 -1.0473602 0.4038106 0.7054044 -0.7332884 -1.0211053 0.48103765 -1.6138872 -1.1194826 -1.0107867 -1.8062187 1.6883324 1.8073136 -0.40505278 -0.6381669 -2.3992417 0.58231235 -1.2669513 -0.59063905 1.2408793 0.10715567 -1.5310313 0.720776 1.4095917 -0.5571229 -1.6456772 -1.9021866 1.32845 0.6127075 0.97893846 0.8851516 1.5485144 0.008209427 2.1848724 0.09750033 0.7368435 -2.1051264 -0.96881425 -0.036304887 -0.79909444 0.70035017 -1.6061373 -0.4065641 0.2943766 -0.08835417 0.7339693 0.91423285 -2.5126312 0.057063684 -1.5263833 -0.54571146 0.4266983 -0.49345452 -1.074944 -1.4864329 1.1325253 -2.0887234 -0.26240972 -1.3311116 1.6396158 0.47850066 1.8271496 0.53951424 0.45608592 -0.8236078 -0.43715546 -0.3035725 0.7239932 1.2713083 0.87575203 -0.16101022 0.6836309 -0.56282336 0.36501312 1.023706 0.41724446 -1.8546586 1.8465017 2.0155425 0.9827796 -0.16215748 -0.600885 -0.69430405 2.5507236 -1.2866435 -2.6323137 0.8497083 0.39468196 1.5994053 -2.0667763 1.490799 0.92641455 1.079201 -0.07202623 -0.14706409 -1.6179253 -0.99770623 0.29771283 2.3422272 0.5462758 0.4940486 -1.8904134 0.38626283 0.89687973 1.2052366 2.4811466 1.440957 -0.9015714 0.5721116 -0.23736611 -0.6952011 1.3598166 2.3333027 0.23352656 0.17900407 0.7872366 0.7026891 -1.5731701 0.37658137 1.6773185 0.58405614 -1.5259967 -1.1049302 -3.2830527 -1.2195299 -0.40392372 -1.8366145 0.3972746 -1.2839751 -1.5482137 -0.48317152 0.08556937 -0.3385781 -0.23151773 -0.18039607 -0.020514727 1.3137262 0.46538725 -1.365443 -0.0802404 0.041799493 -1.4341948 -1.0360118 -1.9096838 1.5968201 1.7167196 0.23323217 0.8211503 0.52215314 0.27659217 -1.5345341 -0.7478453 -0.6419798 1.3349787 -0.8688501 0.2710247 0.36479306 2.3252456
grape -0.6094482 -1.3039445 -1.2572762 -2.0591807 -1.2811729 -0.6522562 3.7520788 2.431946 2.6947215 -1.3889819 -1.0034093 -1.9813032 1.2050576 -2.939674 -3.572574 -0.48083812 0.117835805 0.86593753 -0.7369157 -2.0741277 2.4226956 1.1928022 2.4490237 -1.6998559 -0.6965386 -0.49111983 0.69149816 -0.12127128 0.6891881 0.13641965 -1.6471317 -0.9562112 0.3920539 0.5223649 0.45441633 -0.04068571 -0.96035635 0.7384432 -1.0082557 -1.0080339 1.0832669 -2.0367892 0.5904469 2.3815532 -0.5998222 -0.67253715 -0.8698387 -1.8825951 -2.5267186 -1.6231505 2.7883961 0.11565191 -0.048139393 -1.0705299 -1.7552962 -2.8405616 -0.36111632 -0.8910549 -2.9859567 -0.504276 0.35873836 -0.66861385 0.53954536 -1.5106269 -0.176486 -2.36858 -0.024477532 1.9281938 2.9774346 -0.8560942 -0.37522125 1.7585353 2.8386319 0.7495467 3.5214336 2.1287918 -1.4068723 -0.32736707 0.21833082 -0.24675049 0.09116591 -0.67295325 -0.4099391 1.6393619 3.1491687 0.97524273 1.4918127 -2.9350486 -1.362778 -2.0032327 2.2637682 -1.5287067 -0.53310376 1.5745757 -2.081111 -0.6541516 -0.1895918 0.2737299 0.4454033 1.9247139 0.9370607 -2.754707 -1.0543654 0.5747293 0.1852247 -0.46732923 -0.6153987 1.8934932 0.43251276 -2.0342524 -1.6482017 0.5286052 1.346021 -0.54219425 -1.6589026 1.071944 -0.22835287 2.477549 -3.2490573 2.5587351 0.4093539 0.30215967 -1.6599375 1.164411 -0.5433478 0.19257566 0.11651645 -0.8254927 -0.54720783 -0.8221468 -1.9104161 1.8267144 -1.9500128 -3.2354496 -0.14519678 -0.8470287 -1.5222703 -0.08383053 2.2208097 1.265209 -3.0916023 2.3594992 2.1435196 -2.1903043 0.28593108 -0.4059774 -3.234937 -1.6462734 2.1946032 -2.0183256 -0.94461304 -1.3919872 -1.5338395 -0.25774893 2.2669604 0.091785744 -0.9018517 0.41500363 3.0416615 -0.76133794 1.9698431 3.5052462 -0.115450256 0.54623365 0.5678398 1.3584054 -0.2784703 0.12964661 -1.7547041 -0.7068455 0.6206052 -0.33698034 1.735203 1.0591457 2.4233158 2.4406948 -1.4817868 -2.4771464 -0.401169 1.7181818 0.97863704 -2.111512 1.0234307 -1.3688405 1.1928655 1.0890014 1.12406 -0.006422043 -1.430567 0.8882069 0.045274757 -1.3719374 0.7471344 0.32328588 -2.0967793 -0.8090691 -2.2996624 0.5940042 -1.1909206 -2.7852676 -2.2829473 0.3456546 -1.2875894 2.6019926 -2.060389 -1.1500889 1.2241143 -1.6941326 1.8466783 0.8826801 0.23112579 4.3527718 0.34059942 -0.68916136 0.6595162 3.0200725 -0.5985436 1.1566354 2.1740878 0.62880075 1.3497889 -0.17571981 -1.9741714 -1.0370501 -2.8103871 2.0083375 -3.053234 -1.7834046 -1.0319893 -1.8079864 -1.1450393 -0.47460487 2.314295 1.0174093 1.2347062 0.13582218 -0.9136247 -2.4699042 0.196784 -0.07339738 0.2834594 -0.3733192 -1.019808 -2.5898373 1.5059197 -2.820377 0.06564487 -0.270702 1.3085078 1.2550728 -1.5173347 -0.21289173 0.960337 0.8976346 1.1528106 0.918607 -0.4840814 -2.409745 -1.1557412 -1.2337695 1.0185505 0.7682421 -0.58988905 -1.6975077 -0.83535796 -0.866398 -0.1278742 0.21199724 -2.8675957 2.0491006 0.60459673 -0.11735053 1.7603607 -1.8143556 -1.9704467 1.6814879 -0.158811 2.317045 0.03323876 1.7024271 -0.69998825 -0.49763876 -1.4118929 -0.8237531 0.7248616 -1.452381 0.24386315 -0.38473806 0.9198123 1.3807738 0.7729825 0.12372434 -1.1714573 -1.9263171 1.8145014 -0.055327527 0.0017401692 0.042863995 2.1569247 -2.036523
lemon -1.9856886 -0.29430684 -1.4172853 -2.5022922 -0.2489985 1.4530901 1.5506741 2.1845129 1.6791489 0.19003679 -2.2453802 0.13037081 1.7324896 -2.2169514 -1.9885658 -0.4315943 -0.023391843 0.25263575 0.06958015 0.30567956 0.23801926 1.1828476 0.73929185 2.1622643 -1.3384268 -0.95013124 2.6078308 -0.2771404 1.6075903 -0.8313446 -0.27272996 -0.25979063 -1.276505 -0.5465615 1.1230363 -0.36960417 -0.18012938 -1.5434073 2.0422637 -1.9378226 1.9810463 0.037764873 0.03996044 2.6230466 -0.9394518 2.4639041 0.02711174 -1.0578783 -0.7659792 -0.8108042 1.7761202 0.18024962 0.53198737 0.8202711 -1.2332659 -0.5774082 1.4855255 -1.4293096 -0.5429181 0.69932574 0.7249717 -0.889206 1.1256105 -0.5085636 -1.3416524 -1.8159963 0.5194059 0.3312777 0.49278918 -0.26979983 0.3197039 -0.5836485 2.8299446 0.60872173 -0.46741474 -0.8497064 -1.2800183 1.0233692 -0.32737216 1.0232311 1.3044827 -1.8534005 -0.651292 1.8354741 2.3881955 -0.98472774 0.33358023 -1.1907656 1.5267642 -1.7253078 2.047342 -2.1931036 0.9347381 2.0489259 -0.2595981 -0.319787 0.42588127 -0.94408643 1.1927307 0.22472543 1.2234197 0.12591381 0.21975026 -0.48057583 -1.8834326 1.1446239 -2.0138621 0.8515769 0.37004945 -0.892573 -0.87191564 1.73276 0.06558813 0.77914387 -0.80487895 0.98909146 -0.48036835 0.82364386 -1.2188015 1.3332211 -1.203283 1.3152416 0.9235048 -0.17479588 -1.8828503 -0.4609876 0.38667795 1.443257 -0.21140888 0.19615105 -0.35728976 0.21867235 -0.8553929 -1.8377812 -1.3047055 -0.38690013 -2.0316842 -0.18590797 1.1634846 0.32875916 -0.18649723 1.9127594 -1.2441176 0.41151023 -0.97259766 1.3114439 -2.4558065 -1.4019346 0.27272117 0.4684347 -1.1533403 -0.57885563 -0.8243059 0.53265816 0.5017974 -0.43464443 0.15679191 -1.4471964 1.0915192 0.41242325 -0.2616075 1.2842134 -0.9070802 -1.2132875 -0.38129967 0.8060498 1.5405705 1.097656 0.22166379 0.23411924 -0.3445278 0.64094174 1.2228562 2.1241689 1.3716428 0.60850585 -0.7207753 -0.88003474 -1.51225 0.698837 1.3627946 -1.3747901 -0.13405532 -1.7230809 1.4622917 1.2050731 0.46413848 -0.40378964 -0.87369543 -0.07620158 1.1083939 -0.97231317 1.512194 -1.17837 1.8741976 1.1876423 -1.9745826 -0.960286 0.38202727 -1.3011911 0.6088937 -0.5503959 -1.6111623 0.51689875 1.8023832 -1.36677 1.2512641 -0.06676041 -0.41170442 -0.2045261 -1.3692515 3.846871 -1.1561674 -0.841222 -1.5768135 3.7061453 0.6550101 2.3335638 0.16021527 -1.2995622 -0.13555889 -0.7668784 1.8624783 0.7609021 -3.6274562 1.4745113 -2.5446718 -1.6915115 0.3703759 -1.8194231 -0.3076432 -0.9404824 -0.07872559 2.2005095 0.93427867 0.809815 -1.6494433 -1.7242064 1.0512267 -0.3582048 1.0686835 -1.3680454 0.07963254 -2.715882 0.47738716 -0.7494476 0.64831126 1.7634919 0.6907051 -3.1568422 -0.7692034 0.35898957 -0.32129198 0.47479954 0.71237665 2.7151287 0.16012517 -1.4448515 -2.6433535 -0.7848782 1.3169376 -0.4594217 -0.09182699 -1.9571589 -0.3371021 -1.9291033 -0.7084829 -0.18215744 -3.162669 1.5854659 -0.2601387 0.10250352 -0.6714347 -1.2438169 -1.8459501 -0.8421541 0.6102953 0.39833948 1.6895758 1.7309458 -0.6158078 -2.6408207 0.20740774 0.17509855 0.940206 -0.20704995 -0.15824276 -0.030756282 -0.96983916 -0.1077348 -0.4429173 2.3282413 -0.096942775 -2.6823695 1.6446079 0.5246333 0.37873426 0.37057796 0.81432796 -0.29833853
coconut 1.0018746 -0.7003197 0.881446 0.56006217 0.5006578 -2.4381087 1.1202027 2.9618106 0.53552264 -1.7167009 1.1625428 -2.0425305 1.5469224 -0.72195643 -1.0916803 -0.7710782 -1.1243213 -1.480598 -0.8804714 1.2425605 0.96901286 1.0459675 0.1736977 1.5838524 -1.1219006 -0.25155458 1.9120725 -0.45430937 1.1489639 -1.0313804 0.9351261 -0.29047737 -1.5571687 -0.8009632 0.16291228 -0.38856903 -0.68340635 1.5980484 0.16135931 -0.5762691 2.6131146 0.16185352 -0.69263315 3.1596808 1.6293894 1.8878413 0.30466276 -1.6381402 -1.8318756 -1.7025037 0.9791662 0.31255546 0.80704194 -0.51756376 -1.482304 -1.112132 2.2169046 -0.1757282 -0.65273446 0.7101058 1.075025 -2.9075415 -0.43334156 -0.27957296 -2.443865 -1.8221936 2.5436802 -0.12601715 -0.9417589 -1.4875079 0.6256873 -0.74620396 1.9127895 0.94023293 0.42927054 -1.3239269 -1.9325833 -0.42559668 -0.693312 0.46286616 0.10648802 -2.0422893 -0.65921533 0.68107456 3.552217 -1.211457 0.62514323 -2.3085554 0.24901082 -1.8708708 2.699605 -2.1912315 -1.209689 -0.52401 -1.6160959 1.4185556 1.2652637 -0.08058433 3.0031393 -0.12645462 1.4823972 -1.017743 0.5679338 -1.2622192 -1.7068454 0.39846376 -0.682542 0.22575925 0.27161285 -0.7640123 -0.9441288 1.8017607 -0.56996894 0.26816306 0.0011741732 0.9937194 -0.35684535 3.1640236 -1.5940528 1.9255121 -0.5003762 0.64699286 0.9029349 0.041195914 -1.7061886 0.156233 0.3358066 -0.6387476 -0.111606374 -0.15873986 -0.56286746 0.9949851 -2.861503 -2.6796284 -0.6883551 -0.77127606 -1.7083154 -0.014469109 1.6128997 -0.66634494 -0.7765023 2.4027438 -0.7078365 -2.0239847 -1.695353 3.1266403 -0.48812127 -0.91461885 1.5110031 0.5883665 -2.2760375 0.2978586 -1.0662903 -0.33107707 0.32255325 0.20303614 0.19844863 0.8320371 3.2371073 -0.3724996 0.10542286 3.234185 0.35603476 -0.13770811 0.19668011 -1.3224566 -0.6309719 -0.44538882 -1.2989339 -0.1872711 -1.5659121 1.6131004 1.5985179 2.3558276 1.3314589 1.2785361 -1.1432039 0.040650785 1.144141 -0.5261943 0.5227826 -2.5009716 -0.6631261 -0.45226535 -0.096335955 2.3860586 -0.7817479 0.24223246 0.28867182 -0.8728323 1.1481122 0.696205 0.9325986 -0.8139017 1.4443456 2.3212206 -2.0025043 -0.62324977 -1.5691444 -1.1646004 -0.52008396 1.5815893 -1.0168694 -0.06979091 0.78349185 -0.594033 2.588737 0.5476887 1.0971704 -0.32991254 -1.4000747 1.5144536 -1.1127858 -0.4198597 -0.6750066 1.1744605 0.81924284 1.1454016 0.08574763 0.58995295 0.47494063 -1.1844249 0.026786616 -0.97754085 -3.3677385 1.577976 -1.7168396 -1.3625953 -0.6429708 -1.3529294 1.1748941 -2.6830077 0.9809097 0.7947153 0.5349673 1.0540435 -1.0138773 -3.4754612 0.09979022 -0.88392746 1.3632926 0.43384784 0.4831228 -2.3438447 0.28418416 -0.7824876 1.3654158 0.897428 0.3838851 -2.76054 1.1230276 2.1443892 0.83747125 2.1685867 -0.03647826 0.9459444 1.2177881 -3.039482 -0.5444653 -1.2955217 2.197291 -0.80697143 1.596822 1.5134287 0.9355775 -1.9805915 -1.1707002 0.20848446 -1.5931778 1.8950039 1.9550796 0.30062047 -0.012963495 -1.064264 -0.21814734 1.9123559 0.47068 -1.3135457 0.77443594 0.97216094 -1.2721955 -1.7835335 1.124943 -1.2641503 1.1462969 -0.6256219 0.43159008 -0.45515707 -0.8953833 1.2445257 1.642271 2.0072148 -0.71381736 -1.7564837 1.4279934 -0.41432834 -1.0992583 0.95203036 0.043151397 -0.15129328
gasoline 0.72195745 -0.657679 2.0932395 1.592143 0.4108445 0.5147709 0.9818191 1.9292023 -1.4708688 1.1037327 -1.2937795 -0.7049273 2.272018 1.277586 -2.0171428 0.8367754 -1.3678541 2.263608 0.40309247 1.6968504 -0.26360485 1.1462567 1.4212296 -0.20749766 0.6580222 -0.016030489 -1.9795227 0.6758799 1.1991934 1.5519283 -0.55756414 -2.7059817 -0.06309011 -1.0141349 -1.7273083 0.6287015 -1.9572526 -0.2110339 2.6895108 -0.9650814 -0.13376868 0.60893816 1.9183375 0.8641937 2.0474093 -0.6916525 0.5323545 -1.1232321 -1.300686 -0.3548137 -0.93465424 0.23566552 0.066856876 1.1301407 -1.9609334 -2.8454509 0.3402314 -0.80983317 2.2927742 -0.7325539 1.2111006 1.4405417 1.3537819 -0.72952485 -0.2975386 -3.0801005 0.083337724 0.8452026 0.37365502 -0.89532536 2.1299353 -0.6921913 1.1074766 2.772844 3.4485197 -0.6059297 -2.5682533 0.9211542 1.6620926 1.0130411 1.1834573 -1.5320374 0.8071134 0.85621464 2.3559422 0.026531158 0.15193811 -0.14744242 1.4280003 2.1271746 0.6371751 -2.3195581 -0.23552896 0.9091004 -1.8178064 -1.5974529 -1.5751573 -0.61238587 1.8110503 4.804776 2.3271115 -1.8053457 -0.1828909 -0.78992355 0.15728295 -2.879899 0.018252734 -0.6019907 -2.5132005 -1.613298 2.2993708 0.12716916 -0.25575718 -0.29643035 0.8066453 -2.1956975 1.3280551 -0.074013636 -0.74235666 -0.4889407 0.20068626 1.3320276 0.9389299 1.1647953 0.03254251 0.9764247 -1.3761084 0.056148924 0.6832725 -0.8278716 -2.0941982 -1.7294691 -0.5238919 0.3283373 -0.5178878 -0.7979564 -0.68001384 1.6939101 -1.6830622 0.6610148 -1.9005749 0.11046867 -2.3474896 -0.11212212 -1.3238568 1.237088 -0.48912844 -0.82801867 -0.91979784 -0.60246265 0.18774824 -0.4458088 -0.24393466 3.1181378 0.61620176 -0.26347917 -0.95607305 -1.4376292 0.20890905 0.93679756 1.2277081 0.28005686 1.9538538 0.70016545 -0.634944 -2.0172825 -0.32506207 0.021431101 1.0270832 0.4288792 1.1768554 -2.363558 1.1773679 2.0221555 -2.3867357 -2.246945 -1.7441164 -0.08235123 -1.7276275 0.09942813 -0.9860942 -3.9572296 1.0831026 -0.77509946 0.70917475 -1.5339651 1.4972894 1.53776 0.07167285 -2.2107496 0.20849311 1.2470084 -1.6149013 -0.44564807 -1.1024997 0.6543052 -0.9115549 -0.37864244 1.0732111 0.7873485 -0.058499966 -0.17474425 0.30352616 0.6788667 -0.85157377 -0.6197436 0.8985026 0.54052764 2.087294 -1.5618246 -2.3543398 1.6957237 0.21028285 0.109608226 -0.78195155 -0.067337535 0.101318 1.7482587 1.2208315 -1.1075971 -2.115816 -1.784874 1.0508635 -1.979922 -1.0157095 -1.0199842 -2.436542 0.15699033 0.7173013 -0.6749785 -2.7963402 -1.0034112 -2.4724162 1.3273987 1.7574368 2.2086742 -1.0757939 0.56666267 -0.99219465 -1.2872015 1.4626766 -2.5957172 -0.973948 0.3338291 -1.8400238 1.9839545 3.3431454 0.9451465 -0.62976235 3.138584 2.3055608 0.5514804 1.6268405 2.36597 2.2003827 0.81876576 1.8049408 -3.117117 0.47386736 -3.945013 0.9148249 -2.9028854 -2.0933783 -0.9001413 0.5521545 -1.1502113 -1.140126 1.0024667 -1.924151 0.8297117 0.62276316 0.49490464 0.5543679 0.11850283 -1.5030764 1.0950611 1.1361009 -1.4074734 -0.9701135 2.0662467 0.44089472 -1.5799422 -1.4613117 2.0441313 0.8784982 0.23936915 1.5613024 -0.5920273 -0.030852066 -0.13364688 -0.3808365 -1.4964767 -0.47725743 -0.37260088 -2.100313 4.9314084 -0.8427588 0.92647505 1.494938 -1.5875479
bakery 1.6741887 -0.92649394 -1.0164615 -0.45860204 1.6770377 0.095363304 0.93794805 2.5873902 3.370523 0.25645205 -1.3031521 -0.6970746 -0.34063947 -0.86334455 -2.1840985 -1.6585797 -1.9891763 -2.4459176 -0.047131803 -1.7802558 0.71444756 -1.1874924 2.0952015 0.18895483 1.4881992 -0.5314975 0.6855765 -1.6368548 -0.49617928 1.1064123 0.47026286 0.9620885 -1.1321186 -0.7210637 1.1493107 -0.20735306 -0.21618296 -0.64922136 2.2562459 -0.20519695 -1.7808888 -0.038891446 0.008632265 0.18814003 -0.46348336 0.48274696 1.690933 0.37412518 -2.458069 0.47622523 1.1068857 1.2948502 -0.9960886 1.4244863 0.24196738 -0.4871369 -0.33419332 0.56348217 -0.3479229 0.25267872 2.2411308 0.63575447 0.8064663 0.6866553 -2.177091 -0.38974193 0.8967253 -0.8608454 -1.3134004 -1.4512565 -1.6918848 -0.15967208 3.1565585 -0.06572384 2.0395672 0.03703976 0.0546599 0.38573477 3.0434258 1.011602 0.7139914 -1.280712 -0.15170236 2.79921 -0.61048025 0.9254815 -0.25427544 0.38031957 1.0696831 -2.2564921 2.5809383 0.19681896 1.8788092 0.72680295 0.8333723 0.20509811 0.21542753 -0.603376 1.3741299 1.6263225 0.012514416 -2.5039132 0.9344799 0.55865175 0.19576843 -2.8131876 -0.46473023 -1.9148232 -1.5048988 -1.2850915 0.6645903 -1.7013291 0.9341147 -1.9808784 -1.6570752 1.2260343 1.4825081 -0.56297046 0.49278352 -0.8671426 -0.6285014 0.2870494 -0.19404136 -0.48041368 -1.0706092 -0.70028 0.13351132 -1.5523962 2.3194568 0.46915752 1.9764932 -3.2971337 -1.5477618 0.353889 -0.582526 0.87582874 -1.2014259 0.49847445 1.4822106 0.96267164 -1.950426 2.8363037 -1.4636718 -2.3816352 -0.8848348 -0.31930336 -0.15206768 1.3076888 0.89588505 -1.1126101 -1.5966835 -0.06593615 -3.199407 1.5654559 1.0016267 2.036929 2.3358262 0.14805788 0.74680877 -1.6767577 -0.0032131497 0.62009174 0.09981078 -1.5460509 0.14107335 -0.2567689 3.0240335 -1.7961913 -0.16849545 0.14967209 -2.2774653 -0.24602653 2.4005022 3.204015 1.9484363 1.5074794 1.5297916 -2.1952205 -0.60356545 -0.93855244 1.2111819 -2.2010949 0.89273566 0.35776258 0.50801635 1.786043 -1.4776179 0.6403489 -0.4284987 2.7303882 0.9667864 -0.08722721 2.4188673 0.80629164 0.21527888 0.6367729 1.4152304 -1.338241 -0.83698076 -0.4577514 -2.661865 2.4889894 -0.7999222 -0.10168788 -1.0283976 -0.47663057 1.0126839 0.3088545 -0.82320213 0.34102234 0.75745666 1.9899554 0.2976489 1.9344243 -0.5978813 0.96982026 -0.0671287 0.83089674 -2.1231525 0.18815316 0.6427972 -1.6455495 1.1235255 1.3294251 -0.34304908 1.4945842 1.3294288 -0.8642554 0.47187528 0.5360769 -1.7762165 -1.497576 0.19909084 -0.66307026 -1.5249858 -0.9917312 -0.19833528 -3.983184 0.87698084 -1.719524 0.73578316 -2.0395567 0.33207977 -3.500643 2.1268446 0.84107196 0.4977882 1.0007915 -0.77495027 -1.4164411 1.0289831 0.69142306 0.38390452 0.7002724 -1.2363629 -2.0863311 0.20657392 -2.525358 2.1386495 -0.99527454 1.1269606 -0.033323765 0.06442183 -0.32261854 0.3862233 0.34759635 -1.3896523 1.9691925 -1.0310893 0.6490387 1.3854927 -1.4714067 2.6273289 -0.77949077 0.63662136 -0.6520039 3.0756667 0.6762048 -1.0720731 0.5187618 -0.36486703 -0.13584708 1.023899 -2.5929832 0.59990656 1.6943871 2.3598018 -1.2290486 2.0022888 0.5415617 0.25359237 1.1199198 -1.6197703 -0.044890415 -2.282159 2.0624213 0.90163803 1.5154622 2.8776207 1.6052561
glue 0.916233 1.97113 -1.4309037 -1.103891 -4.0370793 -2.208671 -2.1012135 -0.3442393 -0.38928658 2.0249832 -0.46898723 -0.57934266 2.0716488 0.07632729 -0.44305533 1.9312478 0.645913 1.0516182 -0.13215251 1.44616 -0.41158625 1.5734016 -0.13002123 0.36791 1.0569055 -0.81552935 -2.3918996 -0.08491117 -2.3817909 -1.8178687 1.1441139 1.2437451 1.0152391 -2.4159453 -1.8494629 -0.6124544 2.3654916 1.1458101 3.0343359 1.7637691 -0.6595059 1.5132861 2.3455772 0.34090632 2.6769352 0.6550708 -0.2315991 -2.2345498 0.17399515 -0.59697163 1.5442295 -0.6894665 3.1778128 -1.5242325 0.63298506 0.36933994 2.1151156 -0.22932935 1.5628392 2.390629 -1.9369677 0.28879252 -0.10638413 0.5824617 -0.23892455 1.4025865 0.51707584 -0.05833723 0.9313096 0.8406958 2.8609443 -2.93556 0.75655526 0.29483944 2.1907828 -2.7346528 -0.8912111 0.5623856 -2.235607 0.25063714 -0.41639936 -1.9318106 -3.1106837 0.12916636 2.422081 1.12751 -0.18215838 -2.8231416 -0.598448 1.5833699 2.598043 -2.0266483 0.18789536 1.854622 0.09170272 1.5428313 0.21670452 0.6686952 0.7828397 -0.20517951 -1.4951376 -1.8237512 0.14115757 -1.2943289 -2.2227771 0.8403452 -2.7116127 -0.79207677 -0.072301604 -2.162648 0.8046384 2.8294742 -0.61227465 -2.19433 3.3414404 0.83322644 0.41479558 -2.4838557 -1.3441358 0.37668496 -0.25059596 -0.02325166 -1.466149 -0.22135513 -0.50038755 2.0424612 -0.33038273 -2.3014953 0.09286306 1.1152414 -1.3618195 0.636245 0.686086 -1.4001894 0.28445005 0.12638532 0.8740795 2.0397332 0.13915177 -0.036338408 -1.9735038 -1.8517786 0.6980435 -1.7756605 -0.09790226 3.259397 0.771708 -0.54908013 -0.015987976 0.92473316 1.7549204 0.96169513 0.02496877 1.4464744 -0.61471474 2.9867458 1.9106277 -0.44675118 -0.1876863 1.7442765 -2.3152285 1.5308878 1.1248376 -0.9434637 1.3910428 -0.10142258 -1.4862486 0.24647099 -2.081042 -0.04191292 -3.2332602 -2.0267992 0.2784592 -0.16868524 3.031454 2.5878644 1.5985264 -2.772774 -0.22545329 -2.9174473 0.33286014 1.0774049 -0.55134106 1.2006078 0.23313414 1.3868321 -0.7301173 1.5555155 -1.0469525 0.27294755 0.8119202 -0.87162644 -0.78582853 -1.8880799 0.9356981 0.64585745 -3.8904595 -1.9945439 -0.92237866 -0.3067931 0.5799663 -2.6232114 0.20246735 -1.9332271 2.8342235 -0.4108506 2.5019276 -2.4508128 -0.8258983 2.842022 -0.325972 2.0778275 -1.0922974 -1.3910245 -2.456334 0.42033964 0.34859833 0.2648742 0.1529135 -0.92701936 -0.8979335 0.15761504 2.0679421 2.1749804 -3.5679355 0.13866511 -1.1340733 -2.0085247 0.41867343 -0.53594434 -0.8364829 0.8048744 -0.8571027 -2.3230972 -2.2520905 0.47607994 -0.53227305 3.3869865 -0.6962075 0.11466057 1.8237692 0.7904764 0.1694319 -1.4065571 -1.3065426 -0.22701879 0.9170956 -0.817927 0.8174423 -1.3449899 -1.7382678 0.9585937 0.98257583 -0.83771694 1.8047656 0.021225018 -0.81513464 0.5255697 0.96105295 0.83971375 0.7187094 -0.5414574 2.8467016 0.45120353 0.082693435 0.3468517 0.8479329 1.8074452 -1.8123987 0.8928384 -1.5552093 2.3991373 0.93478346 -2.7022605 0.3692394 0.89847344 -1.8933538 1.9572144 -0.5079169 0.35488126 -0.118489996 1.990054 -2.642537 -0.7925955 1.041051 -2.8545015 -0.31956807 2.8279502 -2.497753 0.4358882 -1.0018765 1.2993902 -0.97614056 1.0372669 0.85803527 -0.036411457 0.97945005 0.731763 0.71750814 -1.7430212
garlic -3.2992346 0.16912195 -1.0918148 -0.37428972 -2.3181465 -0.068055734 0.91536903 2.2521737 2.7174504 0.08798886 -2.6108294 1.2159868 1.4642508 -2.0322647 -1.6381848 -0.5157685 -0.14803632 -0.32268548 0.06191104 0.44508508 1.1018416 -0.60122395 1.3951582 0.7918582 -1.3645296 -1.0506399 1.5369601 -0.21165669 0.10723154 0.080245696 -0.553176 -0.262474 -1.3429646 -1.8692365 -0.5402258 -1.3079414 -1.0166568 -1.0739961 -0.6161813 0.016495656 1.1608527 -0.4844622 -0.96541196 2.565448 -0.4458736 0.9876966 -1.349925 -1.2225218 -1.4233736 -2.300476 0.678695 1.2570767 0.5812868 -0.354549 -0.14282985 -0.3325673 1.530572 0.2065912 -2.4465072 1.4209139 2.4029324 -0.9575649 0.2741321 -0.29209387 -1.8564223 -1.3938442 2.0026698 1.173534 1.2981392 -1.0382715 1.4900492 -1.7481469 2.6316948 1.8699383 0.8471515 -0.91206175 -3.3279343 1.1501169 0.11162296 0.07975916 0.41293067 -0.6945361 -0.44816807 0.25455773 3.769066 -0.97848284 0.6724869 -1.3481284 0.08212695 -0.9596312 1.4359536 -2.0830193 -0.54098046 1.5896983 -0.17528115 1.6239108 0.92150146 0.715036 2.2474325 3.0040534 0.94406265 -2.0926006 0.17041181 -0.77434725 0.68901646 -0.71841305 1.2732565 -0.8094362 0.71051013 0.0010080946 -1.2570962 0.70006794 0.06756685 -1.4412689 0.26527917 0.22570013 0.3945 0.7959283 -0.8436522 0.43435344 0.6813862 0.62227154 1.9890327 0.07422427 -2.829336 0.4897686 0.028624272 1.055837 -0.63692707 0.06257802 -0.9249564 -2.3855088 -2.2781298 -1.5479008 0.30750966 -0.8575696 -2.0962884 -0.35186026 -0.36060092 -0.6356388 -1.0152776 2.2028418 0.72901404 -0.74354386 -3.2650173 2.5475273 -3.1413186 -1.6949836 1.4930388 -1.6346955 -1.18752 0.26196337 -0.09533133 2.5667388 0.13802876 -0.5579131 -2.4273012 -1.2860719 0.5286257 1.2633328 1.0197185 1.7784798 -1.2071368 -0.7923847 0.64213836 -0.8193125 0.67624336 0.22242478 2.3657694 -0.30110064 0.65507203 1.6531569 1.3513466 2.7182713 0.1755642 -0.34016106 0.6341923 -0.03217883 -0.04199613 1.0719842 1.4191166 0.22041014 0.3306167 -2.3863962 0.51197344 1.7862686 0.3933347 -0.520217 0.413684 0.23785941 -1.2632645 -1.1203771 2.1113825 -2.260377 2.3770716 1.0880127 -0.08876021 0.70242524 1.3228762 -1.9726629 -0.9221753 0.48204494 -0.5143106 1.3860312 0.928788 -1.0051036 3.8334076 0.19460455 0.433452 0.003968978 1.2156054 2.2396238 -2.2651432 -1.5039922 -0.44853413 2.46379 0.36262566 0.36645198 0.9492361 -0.6262752 -0.25045547 -1.7483177 0.75349313 -0.30197027 -2.228517 0.9660722 -4.282779 -0.5895954 0.3461206 -1.7158118 -0.11265365 0.82467204 0.75957686 0.8182255 0.014642702 1.2050437 -0.5105044 -1.2984979 -0.7480943 0.33630604 -0.11539519 0.037410367 -0.3837976 -1.7195066 0.7131107 -1.5481472 0.6283376 0.4316244 0.874681 -1.4560695 0.4180439 0.11572758 0.5414984 0.14639008 1.8048506 3.9897747 0.21196571 -3.3385973 -0.7256473 -0.5116515 1.3483293 -0.84222496 1.6373677 -2.5189104 -0.43377492 -0.09928472 -0.82243997 -0.95852476 -2.1926746 1.874958 2.0129607 0.54406637 0.58776146 -1.4868836 -0.7558109 0.14658882 -0.25289947 0.08200644 1.2488798 -0.045822755 -0.5668955 -2.5459583 1.055879 0.26654392 1.7064806 -2.3368368 0.24178912 -0.34368235 0.7517565 0.7685739 1.1469613 0.63765 0.82599664 -0.15913202 1.301153 2.239578 -1.3742733 1.3457503 -0.12742245 -1.2257694
blackberry -1.2072314 -0.58981633 -1.0296614 -0.94428724 -0.06441053 -2.729395 -0.8766335 -0.7158554 1.479081 -0.583271 -0.6303884 -0.00919218 1.1149011 -1.1109565 -1.5370218 -0.953059 -0.36311403 0.07010113 -0.8249021 0.97314435 0.102421746 1.5397928 0.2818201 0.4428983 -0.10712814 1.0824347 3.9556358 -0.6769225 -0.17752917 0.7445592 -1.4546695 -0.69163924 -2.3475764 -2.541711 0.024461957 0.26705652 -0.32088295 -1.7244992 2.2277393 0.89319634 -0.9597328 -0.77133447 -0.20291065 0.5547797 0.8959746 0.92458344 -0.5240652 -0.84695023 -0.5129716 2.8696675 0.24073175 0.8378412 0.9110151 -0.43763226 -2.240283 -1.7058408 1.9415625 -2.3795245 -0.9492159 -0.83028597 1.8261663 -0.8473735 -1.6377732 2.8429887 -1.9312955 -3.0064096 -0.85439795 -1.1299145 1.9137965 1.7702498 -0.23988478 0.3559019 2.1408741 -0.7741462 0.46384472 -1.6459537 -1.3956728 -2.7588713 0.024040451 -0.06380756 1.4850444 0.8607123 -0.53265905 1.5628933 1.0584091 -0.27571166 0.59504396 -2.0714173 -2.3765583 0.47050598 0.027109228 -0.16683438 1.231253 3.197704 -0.23351079 -0.10522384 0.5394989 0.18195653 0.5734296 1.582404 -0.349171 1.2479198 -0.7017044 0.44063565 0.12882425 1.1047243 -2.1148312 -1.2875446 -1.1040483 -0.34526312 -0.5210002 0.16524047 -1.8615538 2.353075 -0.17025165 0.26180953 -0.75833035 0.4273746 -1.0628908 -1.4079577 2.4954073 0.51969236 -0.20030738 0.86457485 0.24434105 -0.8963405 -1.8404908 -1.637303 -0.7099841 1.3366807 -1.1970696 1.2645484 1.682238 -2.1991007 1.0298251 -0.97625595 -0.6134538 0.22244461 0.068668455 1.4739634 -1.6817908 1.6194701 -1.0320046 -0.8281791 1.2800978 0.06441958 -2.0711756 -0.9793669 0.86686623 -1.1398385 -0.73947835 0.34099776 0.32983845 -2.0084946 0.5087413 -0.92413855 1.1989527 -1.7702783 -0.059583835 -0.38025033 1.2990564 -1.111538 -0.7480332 -0.63969404 1.3075125 -3.324309 1.3535377 -0.5142657 -0.9352842 -0.24698877 2.6905596 1.1741607 0.76739687 2.236881 -2.3800838 1.0959516 -0.60540074 -1.2636168 -0.9226863 0.53498507 1.343531 -1.7103196 -0.489819 2.6936927 0.59523547 0.7780524 0.83557713 -0.2345249 2.1818714 0.06952363 1.9222234 0.6356988 0.44127735 -1.4445223 1.1529212 -1.0542706 -1.8625617 0.8586528 -1.3773749 -1.3582205 -0.642229 -0.5416772 0.5622624 -0.28434065 1.0935204 0.15087536 0.5649216 -1.5405976 -0.4778148 0.2716041 1.0107988 2.16449 -0.608138 0.59980816 -1.2902386 -0.09613055 -2.5770628 0.42454103 1.3165835 1.0499542 0.6528624 -1.6930649 -1.886683 2.1420355 -0.34209803 1.5925508 -1.1007448 1.019295 -0.5248577 -2.9795072 1.0166893 0.74011177 1.2681189 0.90960056 0.6806299 -0.4718742 0.2847304 -2.136384 3.6452239 -2.0719202 0.85800904 -1.1118441 0.82853764 -2.0882955 -0.653553 -1.8120947 -0.40919995 1.0810598 -0.37005454 -1.4756433 -0.65871125 0.46539354 2.407085 0.6889364 0.20545883 -0.23286036 0.19325016 -0.57845664 0.32931897 0.15477102 -1.0010064 -0.8271706 0.4598077 -1.7183613 1.188093 -1.5415226 -0.034855053 1.7429806 -0.86158013 1.0279342 -1.514987 -0.13910864 0.11105338 -0.98244935 0.4647214 -0.5743446 0.9349352 0.22618186 2.3059285 1.5486839 -2.1088727 3.2757528 0.7323806 -0.67503685 -0.5741553 -1.0322536 0.08451984 -0.21840487 -0.025541676 -1.9022973 -0.49119392 1.8550687 -2.1154363 1.0341905 0.6695718 -0.20810986 2.0824463 -0.92563045 1.2537394 -0.17632563
hay 1.3399633 -1.3706803 -0.8418784 -0.6447944 0.12157013 0.4559642 2.2252123 0.13486266 -0.14083165 0.64474845 -1.6701102 -0.14133112 1.5478094 -1.3450089 1.3222941 1.8352259 -1.1224161 2.1148586 -0.33323234 -2.0182214 0.06774837 0.1418301 0.9055231 0.9145768 -0.4100479 0.95607704 1.1391213 0.65919 0.94435686 -0.7321206 1.1950421 2.1323748 1.2236063 0.86957806 1.2342415 -1.5007737 -0.36305454 0.86296034 -1.1766284 -2.1371558 1.7586102 -0.23239844 -0.4607289 2.0676587 -0.22670968 0.22535162 -0.09094571 0.9148711 -0.9080925 -0.52977467 -0.24665804 0.32037967 1.5969325 0.53539574 -0.55428624 -3.4933155 1.9380093 0.2879415 -0.0069176485 0.372954 -0.33217224 0.68344396 2.6647825 2.9691143 -0.14029297 -0.7356182 0.32262585 1.5386336 -0.06900379 -0.72343636 -0.38589668 -0.39886177 -0.8334671 0.8316951 1.107042 1.960779 -1.5926255 -0.14512476 0.14432757 0.07278181 -0.4420696 -0.33392894 0.20681497 -0.93727285 2.840405 -0.014793964 0.4912341 0.21467164 -0.2625437 0.42767566 3.0641954 0.02744483 0.30722594 1.1034402 0.30274913 -0.8747776 0.948292 1.3333616 -1.2643688 1.0180706 1.2485739 -0.24425957 0.16845219 -1.7589031 -0.90493447 0.017693624 1.5322653 1.0681454 -0.10628067 -0.30488756 0.8746807 0.49094594 -0.77587503 1.145536 2.2320182 1.0470945 0.07281248 0.039531324 0.25470525 1.3274448 -0.32078257 -0.6340308 2.2689495 -0.33953577 0.43146664 -1.6219088 0.25705692 -2.6571403 1.3523446 -0.3233307 -0.15309812 0.38161775 -1.3592198 -1.2467804 -2.811294 -3.2780304 0.4779535 -1.2990148 1.1132399 1.0913317 0.52309275 -0.8692546 0.8453689 -0.83852786 -0.17057647 0.87875295 -0.9013053 -2.2612562 -0.6700452 -2.224891 0.94500375 0.85766244 -0.057550617 2.336869 -0.21970801 2.4155283 -0.32407102 -2.047882 -0.50726086 -0.3533708 0.2712517 1.4140717 -0.8036326 -0.5373766 -2.203861 0.58299214 -0.93383765 1.0406334 1.1524595 -0.14830586 -0.43563083 1.806148 -0.17354749 0.91016376 0.9801812 2.6670272 -0.23550268 -1.2707391 -0.87313193 0.60137767 -0.041557748 0.90673155 0.42344117 -1.4202319 -0.10326389 -0.6154116 -1.0878696 -0.60682094 1.0354867 0.74174505 1.1907178 -1.793309 0.52659255 -0.69147956 -0.6008329 0.3383364 1.7215596 0.7915514 -0.017273087 0.44248146 -2.3749712 3.1388059 -1.3873789 -1.3144267 1.2505099 -0.40908092 -0.34689295 -0.23178388 -2.035964 0.10536238 -0.12331356 0.5434082 -0.078202814 -0.19983923 0.5051108 -0.7874567 0.45614025 1.3501581 -0.18737514 0.2793662 1.0978707 -0.20702998 -1.7485662 -1.7732515 -1.0258626 1.1862247 -2.0535564 -1.8935622 -0.09496929 -0.8018251 1.2597231 -0.9046766 0.5121691 0.64261127 -1.3005992 -1.0479003 0.2289867 -0.46592608 -0.6454051 -0.8323689 2.0810523 -1.6649748 -0.9831032 -3.8956041 3.090534 0.896141 0.58007634 1.8369313 1.0321002 0.70499396 0.27718583 3.0508919 -0.90624166 -0.83048725 0.6784448 0.37667233 -1.3845114 -3.258268 -0.40565714 -0.8027926 1.8317145 1.962029 -1.862895 0.6242036 0.53085583 -1.1117526 -1.9051327 -0.4115844 -1.803188 0.8733012 -0.45505944 -0.08714014 -0.19634311 -2.194989 -0.56785965 1.1852076 0.84453076 0.49734712 -0.93478036 -0.123964675 -1.2788992 0.3619796 -0.8732794 -2.1923072 1.8974603 -0.70023626 -1.0044129 1.2607833 1.418501 0.3197321 -0.058241513 -1.0708199 0.06879446 -1.4500684 -1.3919436 -0.43989676 0.10206825 0.34585908 0.6135042 -1.6488065
carrot -2.9189625 0.95073545 -1.0157117 -1.2701354 -0.2992557 0.828867 0.9666533 0.99182576 2.9744265 1.9661338 -1.3502818 -1.0782119 2.1867485 -1.8565975 0.087847315 -0.21461542 -1.6798847 -1.003035 -0.950852 0.06883368 2.011909 0.40307048 0.75288147 0.78657836 -0.58332926 0.7542991 1.5314308 -0.14012636 1.7263623 0.9874113 -0.14514878 -0.94060886 -0.07735592 -1.3131238 -1.8483362 -0.90752196 0.55944765 -2.0276244 -0.08208242 -0.025629725 1.253803 -1.5858903 1.6124759 2.4472988 0.34616336 0.5393672 1.4110417 -0.9160331 -0.46812767 -1.4948438 3.3692458 0.8622514 -0.5308679 -0.44089097 0.18237132 -0.7919966 2.320305 -0.644306 -0.15419798 1.2945749 -0.2915762 -1.2660179 1.152152 0.51103634 -1.7005051 -1.7681618 0.6920401 0.7514785 0.16259898 -1.773906 1.936526 -1.6365223 2.5393722 0.33445626 0.037009936 -0.7277135 0.15895534 -0.64734644 -1.1669967 -0.8667127 0.69858927 -0.57122535 -1.4313343 -0.94731885 3.5125575 -0.57389873 1.8410839 -2.648345 -0.8039318 -1.0140325 3.236009 -0.7993329 0.5014233 1.699813 0.28562635 1.0862626 0.91910636 0.39447615 0.30952388 2.0656753 1.4411248 -1.5135641 0.33996353 -0.17157999 -0.21162902 0.11251287 -1.4442928 -0.46809563 1.3237998 -1.6769716 1.3266376 0.8532377 -0.45641038 -0.5964592 -0.11867429 -0.27325097 0.04687661 -0.13711676 -0.305719 1.7121376 -0.44679254 1.0588515 0.63402504 -1.9286315 -1.6549336 -0.5956425 -1.3097743 0.7820048 -1.080751 1.0751319 1.0558075 1.7712693 -2.570883 -1.7163333 0.6058577 -0.26561072 0.12930958 -0.6370181 -0.35532904 0.98774695 -0.11022535 1.0107222 -0.58703375 -2.1610212 -1.7350019 1.8214917 -2.0711672 -2.0164006 2.043312 -2.7821457 -1.6041718 -0.5222319 -0.33982822 0.31359127 0.4516494 -0.64361054 -2.3043597 -1.8962632 2.4703393 -0.8049246 0.75575185 1.547789 -1.0805855 0.2287189 -0.05477537 0.46585578 0.46056032 -1.0004898 0.99313015 0.10042209 -1.8475258 1.8955978 -0.085950434 0.9647725 1.4244647 1.4450071 -0.31354046 -0.2600629 -0.43051517 1.4535805 0.38102305 -0.1799474 0.10740445 -0.95255667 0.8723129 0.62544835 0.5322252 -1.0553122 -1.2021742 0.21879184 1.7527734 -1.4456339 -0.12061619 -2.2936218 1.8461566 2.870684 0.103543274 -0.61700255 0.6145602 -2.1258655 -0.77380645 1.2130821 -0.9890738 -0.2166941 1.815893 -0.24946077 2.5183723 -0.09236903 0.3816648 0.47056043 0.13426693 1.2479473 -1.8027271 0.0760461 -0.852338 2.3335721 -0.11448357 0.9025482 1.1740172 -0.82996136 1.6686292 -1.0662845 -0.3491095 1.6719276 -2.7530015 1.0244317 -0.8179741 -0.58582175 -2.0139222 -2.442661 0.528126 -0.120277524 -1.0578995 1.0263381 1.2075863 1.1023233 -0.298594 -1.5196459 -0.45497325 -1.4019785 -0.5154644 0.1697127 0.29548818 -3.7595007 -0.53930825 -1.3684363 -0.38044485 0.9872405 -0.99834234 -1.2685148 0.98275805 1.169665 1.0211122 0.70127785 0.41391286 3.132449 -1.4145172 -1.3139462 -1.4099476 -1.3730279 1.667137 0.07800986 0.86742383 -1.1997612 0.33210796 0.63469094 -0.7271404 -0.38194233 -1.1086936 0.5584718 0.28820682 2.013614 0.8877452 -0.87960684 -0.9866537 0.7645694 -0.60154015 -0.17921826 1.3030982 -0.92667204 -0.4853334 -2.0196571 1.6959277 -0.7361578 1.5082948 -1.9103552 0.5287313 -0.7161087 0.007436467 1.1868216 -0.05434054 1.4409723 -0.57961255 0.19072345 0.56062627 0.3929241 -1.1308995 0.7654014 0.7737277 -0.3388873
strawberry -1.0386 -0.17734972 -0.9623467 -2.3881369 -1.7542883 -0.18645415 0.96357685 3.0110018 2.0981712 -0.44463947 -1.988657 0.26347265 2.3704994 -1.253708 -1.9873115 0.86347467 -1.1659937 0.011106521 -0.35098508 -1.5636467 0.6386235 -0.33472595 1.3927426 0.6841909 -0.58241755 -0.22835039 2.1824028 0.016374527 1.7145227 -0.96909547 -1.0291898 1.1087561 -0.21606961 -0.95616376 0.7580947 0.016786426 0.19603638 0.6573447 -0.62053263 -1.2794698 0.9671021 -0.54471594 -1.0304776 2.145336 0.7585117 0.3005009 0.17414372 0.13302173 -4.2092166 -0.9008908 2.0471148 1.9315481 -0.58081007 -0.59706354 0.25216487 -0.64647675 2.7322526 -1.5512002 -1.331659 0.7886182 1.02031 -1.244975 0.76211506 0.53293645 -1.5527723 -2.1978807 1.5226698 -0.041824263 0.47637236 -0.3343245 0.78087676 -1.2126441 1.2950205 -0.39997408 0.43005273 0.8155785 -0.9438563 0.13843395 0.19951253 0.45495012 0.25730357 -0.7679278 0.5347312 0.8504987 2.8939483 0.28844875 -0.3413737 -3.0610359 -1.1985339 -1.7548933 2.5288363 -2.1737406 1.0004157 1.5796348 -1.0312653 -0.81312644 0.37997797 -0.4345846 0.3185009 0.26108927 0.5953577 -2.09181 0.9072293 0.3434945 -0.2554978 -0.59068114 -0.18774626 -1.1212118 -0.576207 -3.3876925 -0.110923156 1.5102882 1.7564137 0.21709415 -0.85130847 1.6502503 -0.58304495 1.4783973 -0.6581305 1.293115 0.55226177 1.1710583 -0.3339553 0.37926215 -0.9907255 0.14979532 0.82647055 -0.09881935 0.23341942 0.6788753 -1.0306985 0.046754964 -1.2669506 -2.1776662 -0.95106685 -0.96766824 -0.77934295 -1.1133615 3.0286267 1.2663863 -2.4456134 2.1832223 0.027350845 -3.0865793 0.1733877 1.46187 -2.3961947 -0.9827054 1.5186039 -0.827837 -0.2278963 -2.8050244 -1.923408 0.3212935 1.9992148 0.46825904 0.12434012 -0.14134566 3.3239775 -0.82883453 1.0321785 1.385355 -0.9796087 -0.51756126 0.29538193 0.35067332 2.0555818 -0.19271892 0.14731084 -1.046508 0.0057472703 1.4504845 1.7071134 0.95124495 0.46829885 1.8600552 -0.94759864 -2.491888 -0.7645769 1.2598281 1.7739768 -2.3094697 0.50929123 -0.33733758 -0.059462205 0.0597729 0.90195817 0.25397152 -1.7407426 1.0431491 0.7040938 -1.8549056 1.7361937 -0.1102611 1.7415763 0.30684572 0.12440674 0.111715555 -0.61617845 -1.7274672 -1.5797764 1.0168827 -1.4071453 0.5803157 0.5241778 0.15317266 1.2474324 0.49968234 1.7303952 0.8709883 -0.8295981 2.745954 -0.9240009 -0.3042329 -0.12874821 3.375776 1.5943276 0.7228666 0.12447683 -0.5270161 1.3185998 -1.5272768 0.22314925 0.8402635 -1.0098529 0.8536673 -1.3257911 -1.1855732 -1.7221212 0.32578522 -0.7374252 -0.2518482 0.48989826 1.0223236 0.63628465 1.0208302 -1.0866125 -2.5177183 0.51100594 -0.20556337 0.6833932 -0.14704026 0.54847527 -4.3497877 0.35714933 -1.0860131 0.46007425 0.57210743 0.12447608 -0.34139785 -0.337844 0.78532374 0.17899215 0.3241904 -0.30190682 2.5941486 -0.51361793 -1.994275 -1.3582042 -2.026043 1.3064052 0.72025895 -0.013756177 -0.3933783 -0.31055978 -3.2649353 -0.23412967 0.752669 -2.4684381 1.0118504 1.3086231 0.13592887 0.94673324 -1.2954049 -0.990833 0.6260453 0.507373 0.5664779 -0.32621333 0.9081735 -0.9316114 -1.3975374 0.72984266 -0.99201447 1.0782471 -1.102383 1.5584546 -1.1236115 -0.10255426 0.7134176 -0.55607677 1.7325969 -0.47529456 -2.7434762 -0.020517314 1.176917 -0.7311535 0.43708822 1.1396519 0.19493155
urine -0.2976935 -0.12225257 -0.34721926 0.2978495 -3.0273983 -0.4975584 0.08078234 0.74680865 -1.2382683 -0.0988007 -0.77488244 -1.1782452 1.1777102 1.2889625 -0.080986165 0.9226908 -0.7659778 1.948903 0.6918571 0.7852254 -1.381786 1.4963472 -2.3965344 -1.1118287 1.198979 0.088481136 -0.8251886 -0.21966955 2.723148 1.087247 0.9983288 -0.41788208 -0.9141877 1.6252109 -1.0210984 -3.3124137 -0.24119164 -1.5755467 0.7505124 -1.6963928 0.6767784 0.63168824 0.53492993 2.8289597 0.6425859 -1.3262261 -0.5960922 0.71224874 -2.9773092 -3.921344 -0.7604999 0.9727388 0.49784794 1.5975962 1.539005 -3.1426432 1.1503882 -2.2033236 0.011249662 0.99604887 -0.91055936 0.6485479 -4.626317 -0.91050774 1.0897411 0.19764706 -1.1052794 0.9483236 1.2129728 -3.5916436 2.289385 -0.5738488 -0.87856567 1.3649415 4.8655324 0.6460757 -0.93974036 -0.8722254 -1.4422683 0.94351333 2.085869 -2.6538904 -0.6000541 2.754102 3.1100035 -0.011681743 -2.1530848 0.74036765 -0.34871548 -0.8208641 1.2027758 -1.7969235 -1.8866378 1.7213048 0.3412124 1.2730356 -1.100146 -0.4874924 3.1069453 -0.09896797 -1.2048291 0.50822574 1.1593436 -0.9760883 -0.94939536 -1.5729383 -1.2596258 -0.07224313 2.1670144 -1.4739538 -0.50943005 2.6110566 -1.8510078 -0.2970913 1.4029579 0.36863932 1.1982005 0.84330463 0.86046064 0.85463345 -0.5209419 1.6513438 -0.6292952 -2.9635437 -1.5626868 1.0980376 -1.1078974 -3.7829697 1.6516877 -0.24287604 -0.8834361 -0.5964082 1.79216 -3.1119113 0.060450263 1.238563 1.6183084 -0.28521088 2.223935 2.6783407 2.1497812 -0.54994583 -0.24943781 1.8973023 -1.2377827 0.7482633 -2.346059 -0.35209227 -0.2741243 -3.9985273 1.3638349 0.034316324 -2.6627421 1.4774873 1.1979427 -2.2090356 -0.74742043 -0.11316818 -1.0688062 2.7658398 -1.2745932 -1.2332546 0.21891838 -0.78785086 -0.76620376 1.6805019 0.51381767 1.4403353 0.6050348 0.82043344 -1.0452632 0.1596809 0.50741225 0.1294524 -0.7389834 -0.54562414 -2.209275 -0.7194383 -1.4148142 -1.6243443 -1.6025923 3.0740776 0.4343684 -1.756167 -1.4818172 -0.8814017 0.032923527 -0.20337255 -3.3797412 0.8843305 0.37203583 -3.2908432 -0.17851575 -1.4306878 -0.019727975 -0.05428523 -0.33887443 -0.5347622 -1.1714227 0.7390789 1.2419258 -2.1669116 -4.3070664 -0.18793738 -1.5341984 -1.4565632 0.59534955 0.3069577 0.07497238 0.0003378053 -0.36499402 2.3077722 0.07707327 -1.4177881 -1.1789806 -0.26987082 1.0951517 0.746218 -0.7278526 0.4227247 -1.9827654 -0.20267929 0.65070784 -3.8319433 -2.0755398 0.6713318 -3.7721505 -1.8276935 -0.038066003 2.8639293 -1.3863827 0.8791245 1.0395718 -0.17128605 -0.9037236 1.2389961 0.6168603 0.60178256 1.0589217 0.8979494 1.4373102 -1.2432973 -2.133596 -2.3696246 1.6799563 -0.5748475 0.2738461 -1.080394 -2.440784 -0.48425734 -2.2940469 -0.4233616 0.4755205 0.6864304 0.73904306 1.9566385 -0.58991563 -4.9162374 -1.3712338 -3.37853 -0.34237376 -0.5820754 -0.018934324 0.4976413 -0.43285868 -0.97868055 1.2411776 -0.4613898 -0.9108468 2.1627119 1.9832544 1.5310948 0.08212293 -0.61746496 -2.2676275 1.2032403 -1.8704633 -2.021643 2.680429 1.5010703 0.26554748 -0.25338072 2.2443838 -0.4411956 0.56026924 0.39292756 0.10431661 1.7811294 -0.63622546 2.1436474 1.580865 -0.50010514 -0.18828003 -0.9974462 3.0090964 0.000202092 -2.0592794 0.5990517 -0.14858007 -1.4702481
bark 0.15157431 1.3903168 -1.8512282 -1.4465692 -0.055181086 1.041741 -0.75166535 0.3696845 1.043995 0.7513211 -0.48284262 -1.3082899 0.3361863 0.28737536 -1.3006257 2.9169126 1.5514644 0.31841102 2.3597555 -2.184838 -0.48528168 0.20141202 1.1586707 -0.022769202 0.65182334 -0.10091798 0.38361007 -0.24772605 -2.066128 1.1653843 -2.0161417 0.48475626 -0.8997476 -0.053555477 -1.4039007 -1.8820665 0.6748341 1.867208 1.7740949 0.4811144 -0.7552015 -1.6052843 2.1441936 3.0532732 0.77500814 1.4953017 -0.65679914 -2.592256 0.7452991 -0.61507267 1.2608887 1.7346499 0.58634 -0.42665517 -0.4902636 -0.67302537 0.34357095 -1.4116712 0.6886046 1.5112011 -0.85107845 -1.7111505 -0.73409325 1.6534066 -0.5399922 0.13312328 2.0943637 1.6689602 1.8574097 -1.6830972 1.7910069 -3.33062 2.0943382 -0.28803125 0.7287082 1.6554679 -1.4751695 -0.892827 -1.8149501 -0.5614724 0.8041515 -0.3963251 -0.4330319 2.0019817 3.0282273 -0.70881826 0.99305534 -1.1819915 0.8718682 0.2220079 1.945907 -2.651097 1.4572113 -1.2859563 0.53638345 0.4143001 1.8237484 -1.6715047 -1.9420065 -1.1061243 1.2809948 1.3523788 -0.23864847 0.6295896 0.54228544 1.6487386 -1.1629919 0.30260247 -0.72584504 -0.17123212 0.80967796 0.25363824 0.5420558 2.603564 0.9148343 -0.6181588 0.81359553 -0.35194674 -2.3790166 0.87374055 0.5311181 -0.2811329 0.026358806 -0.69835854 -0.4685793 -0.20363785 -0.89298886 -1.1126653 1.5469259 -0.61865604 0.36314213 0.75109017 -0.576749 -1.9542012 -0.5688773 -1.6971968 -0.09610413 -1.2020704 1.7875191 -1.0563827 1.4299549 0.91927487 0.83328813 -1.2228866 -1.0429672 0.9038312 -0.76212674 -0.021795655 0.36016926 -1.5018939 1.9832526 -1.2547607 -1.0888166 1.7168152 1.0181868 0.4264421 -0.40298963 0.08582386 -1.5010674 1.0784305 -1.7405177 0.55627966 0.5166411 -1.1352652 -0.19037539 1.5259796 -1.1041011 -2.541005 -0.23948161 0.019256122 -0.23612739 -1.3982798 -0.007095814 2.4032521 1.3064787 0.8370193 -1.5147879 -1.0371134 -2.0930147 -3.0705323 0.21653078 0.86542165 0.35711887 0.25311172 1.3631264 -0.26770553 2.0512903 -2.7982357 -2.1396437 2.2701724 2.0705943 0.012179056 0.36918607 -1.5381764 -0.17293167 -0.0029106925 -3.295922 0.63484424 -0.725953 -1.4971747 0.6915 0.5365983 -1.5490947 -1.1098402 2.38469 -0.015978217 0.0145841725 -1.3566133 0.39634454 0.9947956 0.25656638 -1.2651393 -1.1795805 -2.0856051 -0.85057855 -0.21241629 -1.4019694 0.6865467 -0.0050991476 1.7765173 0.47612566 -2.3781505 0.99364775 -1.3487068 -1.9295148 1.4675894 -1.4967234 -1.5521265 0.6416474 0.009301234 0.45873564 -1.4904081 -0.07903399 1.440706 -1.8926725 0.44056466 0.6956745 -0.96077406 -1.3189555 -0.65972096 1.5255942 -0.28124008 -0.7172186 -3.6607301 2.250932 2.377923 0.48022625 2.4728851 -1.307807 -0.23646119 -0.18228069 -1.5263557 0.19883652 0.91487277 2.4337873 1.1387805 -1.0472214 -1.855421 -0.6430194 -0.4068886 -2.188361 -0.13898116 1.6475261 -2.1715112 -0.49659333 -2.709771 -0.70002246 1.976238 0.23273787 1.5435599 -0.5219699 -0.30601075 -0.71764815 -0.016143857 0.6299292 1.2873482 -1.2644328 -2.8804703 0.16674739 1.3163195 -1.0005385 -2.2139482 2.6446416 1.1555442 2.2354991 0.41697827 0.64928406 2.2080655 2.4505816 0.550983 0.26395115 -0.48976853 0.007092103 0.77817327 1.8806828 -0.2613772 1.3971008 4.2547297 0.7830504 1.0346516
ham -0.12497139 1.3290236 -1.6001315 -2.5274713 1.1929451 1.1695594 1.1279818 2.8039966 0.98241717 -2.2946944 -1.9219867 1.28295 0.19433157 -0.67377394 -0.50254846 -0.37085527 1.1562442 -0.8355382 -2.0541172 -1.6497326 2.202647 1.1274656 2.038904 0.82436615 0.7251792 1.0868077 0.079254285 -1.1184384 0.043701086 0.087955914 -0.033774283 0.47878516 0.27985466 -1.1639359 -1.206532 -0.9204158 0.37094268 -0.9417595 -0.7830041 -0.24307904 0.9008722 1.3308454 1.4425454 -0.050661497 1.6963152 0.81260705 0.58082956 -0.19641016 -0.5427777 -0.121495344 -0.27803826 2.5643365 -2.1670694 1.7713648 0.21245849 1.4527749 0.80142164 1.3571193 0.08971111 -0.082162686 1.0898987 -0.24873741 1.2684969 -0.59336555 -1.4534061 -0.11785457 0.14592576 0.7270318 0.6792519 -2.0083385 0.14283745 -0.47636425 4.7043753 -0.49720982 0.39966136 -0.3500193 -0.8077475 2.7591693 0.70998514 -0.773946 0.5049699 1.9194218 -0.3252552 0.054995354 1.644799 0.057309493 -0.121601894 -1.1130857 -1.5512186 0.105238035 2.3684797 0.3778072 -0.736292 1.5623115 0.00071049546 -1.3310474 1.3185498 0.32970786 -0.79603803 1.3889701 3.0472896 -1.2489898 2.4615643 0.3160659 0.023093332 0.68904907 0.58970743 -1.9963994 -2.2248685 -0.97387415 0.24572846 0.17411149 0.8000945 -2.0961597 2.0728729 -0.52602243 -0.67067444 -1.0710716 -0.71653837 -0.16386774 -0.98834 1.3447567 0.24928823 -1.8846998 -0.34268165 0.3129142 1.3888103 -0.46846572 0.9681658 -0.34905744 0.26582867 -0.70937157 -0.39698416 1.5988039 -1.9391667 -1.4245954 -2.5364814 -0.109455034 -1.2454106 -1.4735516 0.56427366 0.382721 -0.25027564 -3.0524468 -2.2171907 1.20933 -2.1462016 -1.6364068 -1.0605942 0.9521674 -1.2662863 -0.7954297 -2.094526 1.4315073 -0.47260466 -0.14823198 -1.682602 -1.063755 1.452787 -0.57037723 0.039303087 1.0077919 -1.5891469 -1.6638556 -0.027585188 0.3259041 0.70092815 0.27529684 1.8924785 -0.10206991 -1.5260196 0.68986505 0.7732628 0.8719344 1.4156739 -0.24542849 1.1136754 -2.6702878 0.033465464 -0.6684816 -1.1433388 -0.3701369 0.6666025 -0.097366266 0.37702262 0.2832009 -0.37350497 -1.5894071 -1.7424997 1.8824834 1.3766502 -1.0408226 0.6206083 -0.42990464 0.9930451 0.38243628 0.53773654 -1.7808968 0.5870294 -0.24033907 -1.431939 1.8198814 -0.584828 0.68731225 3.4923995 -0.6623665 1.69542 -2.0796342 -1.9697336 -0.61487675 1.3644363 2.4744616 -2.0509682 -0.8465099 0.18782055 1.0465279 -0.35410228 1.3040347 -1.2778548 -0.72819394 0.5202266 -0.5690921 -0.14032477 0.42240748 -0.70224667 0.14445561 -2.0069091 0.4668344 0.7420694 0.42731032 0.790266 0.48736736 -0.4834919 2.137009 -0.29161456 -0.09356766 -0.7777431 0.111685425 -0.7431582 -1.8383111 -0.17794749 0.03801644 -0.9711105 -1.9342723 0.431288 0.09733656 -0.25300467 2.378847 -0.7165553 -1.0925596 1.4643743 -0.14614268 -0.16810288 -0.64250857 0.7577043 1.0933516 0.16351776 -0.14917175 -1.0777423 -1.1875439 0.8942627 0.18322742 1.3263179 -1.1430882 0.1598353 -0.03546905 -1.3612204 -1.0455543 -1.0011321 0.91960883 -0.8341034 0.5493824 -0.32269612 -1.9167181 -2.1278946 -1.4615952 -1.2954386 0.53072405 0.081686825 0.6345364 -1.0183239 -2.3289661 0.92825633 -0.43975377 0.93257093 0.24329197 -0.4668718 0.20911214 -0.2618243 0.27711982 -0.5034211 0.52333915 -0.392845 0.20420629 0.21056883 0.79143703 1.7147576 3.2470503 0.23969106 0.5099791
cedar 0.33188152 -0.74365056 0.16284668 -0.16603102 1.1369237 0.005839844 2.2477758 1.230093 2.3786743 -0.5024328 -1.8984394 -1.2091705 1.3390354 -1.7000508 0.21367759 0.19913411 -0.6306173 0.050746057 -0.6076587 -0.9510158 0.33097202 0.9543137 1.6926366 1.093051 -0.49853185 1.9286445 0.5847021 -1.492076 0.92060447 -1.0934148 0.71747273 -0.54020983 -0.8715467 -1.4624828 1.600032 0.4174593 1.3041221 1.5993155 -0.6645327 -1.6125259 0.22747904 -1.2891728 -1.7981457 2.7811475 -1.9783523 0.08247127 -1.9626799 1.8317902 -0.85974205 0.9993506 0.12790507 0.5560518 1.8187995 1.1657698 -0.6091133 -0.78938496 2.644353 -2.7630928 -0.7441172 0.7487208 0.061042927 0.5651789 -0.56964517 0.049799506 -0.6408048 0.264427 -1.0585921 1.5508225 -0.9981704 0.27743956 -0.4148716 -2.9398594 1.9799452 0.53120935 -0.70539486 1.6758962 -0.078299195 1.8943249 0.41512966 1.0648623 1.3450334 -1.1287534 -2.409786 -0.9096884 2.8442833 1.9102358 0.40276486 -0.8471479 -0.063395485 -0.12638958 4.6284337 -0.6402454 1.3520528 -0.12263732 -0.63324857 -1.2962013 0.8699271 0.9798392 -1.1841778 -1.6932942 0.16826366 0.17700987 -3.3265727 1.9121486 -0.7389967 -0.54415774 -0.613532 1.8361229 -1.31648 -0.74797314 -2.4505446 -0.48762962 -1.2556597 -0.9623492 -0.6023877 1.7136163 -1.9153599 -0.7923636 -2.2779024 1.0404987 0.54412544 1.1592042 0.15605903 -0.07069574 0.008131073 0.77758986 1.4849641 -1.9688495 -0.3174018 0.68803823 1.9156154 2.005289 -0.30836472 -1.6706623 -2.0337431 -3.2132585 -0.37215352 0.56559974 0.43429014 0.32064596 1.8801017 -0.8455145 -1.898334 -1.1240168 0.58524346 0.46975794 -0.27724132 -1.1085637 1.5795615 -1.8905119 -0.028964516 1.2233142 0.98908716 0.9217079 -0.34710172 1.1097658 -0.44749638 -1.1092918 1.8489937 -1.5114074 -0.7160878 3.5357594 1.5070024 -0.5179074 1.1189221 0.00016176933 1.9794635 -1.7159489 -2.319103 0.68489385 1.596419 -0.032283008 0.76268303 1.4299132 0.26345205 -0.29861796 -0.26960143 -1.4773846 -2.0145633 -1.6491389 -0.9565689 -2.1911747 1.0056969 -1.515828 -0.12046932 2.3177013 -0.88231343 -0.4785718 0.26180968 -3.0403216 0.08392358 -1.4330682 -0.00986115 -0.0768923 0.9714074 -0.51117337 0.0335721 0.8343815 -0.88058 -1.5709455 0.82913417 1.2548916 0.390823 1.137953 1.2948965 0.9372275 -2.2597628 1.4205502 -0.0035173518 1.0872701 0.5677048 -0.85650986 -1.5566086 0.2805216 -1.1291754 -0.40996414 0.45090735 1.5538875 -3.177493 0.48809072 0.4538577 1.3142612 -0.6933399 -1.4880784 -3.1930807 2.877188 -0.6724582 -2.8622754 1.3897113 0.08550792 -2.0704486 -2.043352 0.5180912 0.76326555 2.495951 -1.1240715 0.42800504 -0.80528367 -0.62647223 -0.13192587 3.661887 -0.7995716 -0.13660508 -2.4813468 0.83120394 -0.876719 2.6691332 1.2509779 2.1991067 0.15974802 1.437357 -0.5357113 -2.3281598 0.19963342 0.08623757 0.6654609 -0.09242745 -0.056167413 0.8855341 -2.7182548 1.6838405 0.7741994 0.6649309 -2.7915082 -2.3048115 -4.66893 -1.3155626 -1.9879954 -1.0109605 -0.5616381 -0.28860313 -1.2586122 -0.80167854 -0.053474244 -0.88207406 -0.35355508 1.7056817 -0.074374326 1.1000098 1.6617217 1.8797033 -0.17976561 1.974472 -1.5082585 -2.7236114 1.8149014 1.404371 2.0214915 1.9599727 -0.8562602 1.0958631 -1.5351038 -1.3277656 -0.83681875 -0.9516771 1.0482816 -0.5414073 0.90214956 -0.670119 0.9286877
tar -0.21298194 1.8460642 -0.18330555 -0.71049905 -0.40195963 -0.69326323 0.10105482 1.8027778 -1.1439831 -0.5676855 -0.88654476 1.278129 1.5254282 0.07087559 -3.4641325 1.0963942 -2.9820154 -1.840356 0.32756254 -0.9490882 -0.3954742 1.3420632 0.87506586 -0.005674454 -2.1609082 1.6055775 -0.78448695 -1.2114711 1.1214949 -0.18860872 1.6884946 -0.89053285 -0.57626384 0.4658417 -1.9741312 -1.176286 -0.7210524 1.5625044 1.6356698 -1.2082331 2.391581 0.20707199 0.39752674 1.8482131 1.56354 0.0808797 -1.3146123 1.2765876 -0.3573054 -0.7250173 -2.6068678 0.39648348 0.48915818 0.49110964 -0.7053698 -1.0354434 0.22488427 -0.007525841 0.9017864 0.157322 -0.2328243 -0.7971532 -0.7768401 1.9117713 -0.16213283 -0.42502293 1.2121975 -0.6534761 -1.6909685 0.05593795 0.74557954 -1.764938 0.87247777 -0.010744445 2.3145425 1.0272937 0.3449921 0.7499617 -0.86010593 1.389044 1.347324 3.471985 -2.5293403 0.532333 1.3833332 -1.8731611 -0.5477126 -3.8362708 -0.24150208 -1.4726431 -0.03032778 -3.6374552 -3.0384598 0.81609416 -0.15493968 -0.6473389 1.6997461 3.362866 -2.659774 2.0547287 0.6854664 -0.0138769755 -0.5264049 -2.2689657 -3.2117414 -0.43875307 0.6709118 0.12840572 0.898618 1.0480918 -0.72598547 0.96269846 -1.3214151 0.82159424 -0.9890828 0.47238398 -1.1358035 0.5786724 -0.3309186 1.308798 1.6966724 2.3237114 1.6657083 -0.1710495 -1.6924416 2.8871272 -0.27567437 -0.47634742 0.22821723 -0.028157838 -1.1026103 1.3237637 0.1532796 -1.7981179 -1.0478238 -0.7455972 0.3242863 0.027330363 0.8094156 0.15469971 0.9601144 1.3522671 -0.8645316 1.5263634 2.1700706 2.2787352 0.0031294473 0.22851151 2.3430204 -0.34810442 -0.40982136 0.041179217 2.046358 2.15139 -1.9830856 -0.9733888 -3.5546162 -0.36801895 -1.1956174 -0.44032237 1.1290581 3.170359 2.112819 -0.8715869 -2.0505269 0.17851943 0.28352988 -0.29303458 -1.6325185 0.32981238 -0.76828605 0.083095446 -1.8840734 1.9391686 -0.35117954 0.52917385 -2.5518992 -2.1983702 -1.8670616 -0.6405427 -3.3062055 0.53313404 -0.7983578 -1.1247526 1.4512309 0.309878 -0.8520843 0.22452754 0.47793692 -1.6641463 -1.1594042 0.75246507 -2.5434763 0.89510685 -0.17475285 0.035931576 -0.14630845 1.2397833 -1.4273679 -0.08948791 -0.90608513 -0.1499406 -0.06860738 -0.44878373 -0.1834496 0.21737613 3.4211617 -0.0973047 0.56536573 -0.1578923 -2.1171453 -1.9805448 -0.8011489 -0.6658694 -0.82499135 -1.2098033 0.8201075 -0.8644267 -0.68044525 0.045087624 -0.04773092 1.2125074 1.0835851 -0.9849985 -0.7993897 -0.10632571 -1.4710741 -2.3367765 0.9796184 0.8019356 -0.19782744 0.034437016 -0.22793362 -1.362876 -1.268908 -0.50974286 -1.1768265 1.7750896 -1.7553166 -0.8122386 1.9897634 -0.04010773 -1.4539318 0.59667283 1.6515814 1.4656392 1.085805 0.27040997 0.20736536 0.43454018 0.3129436 -2.4458585 3.574332 0.5669201 0.91737556 0.4612723 1.8336327 0.34912637 1.9784757 -0.6262624 0.06257727 0.13511157 -0.15712939 -1.334519 -0.43800154 -2.9440887 -0.6214213 2.1061206 -1.6007783 -0.2570653 -0.23820184 0.37143514 -1.0173687 -3.9626894 -1.3890344 0.98099375 -1.3264054 -1.4182756 -0.49064887 -0.06164688 -0.7832904 -0.3664093 0.47947606 0.6707717 0.966545 -1.3580548 0.3013106 0.31572568 -1.5467879 1.0648358 -1.0937703 -0.8059908 0.029238466 0.2991945 -0.8781382 0.14270753 0.28543913 -1.2663379 1.9032109 -1.1121823
peanut -0.17000197 0.016199712 -0.13323583 -1.1166425 0.41984415 1.0024493 0.8748441 2.423751 0.015468113 0.27140483 -0.58760613 -0.7526768 1.8360175 -0.11960377 -1.9109507 -0.37403584 -1.3953854 -0.35894126 -0.77149 -1.6670924 -0.9322442 0.6526367 0.42740372 -0.4058624 -0.17408031 -0.7750907 2.7007961 -0.7330055 1.8868374 0.04356652 -0.37852284 0.30023256 -0.84150916 0.7823916 -0.7113999 -2.264335 -1.0477794 -0.40623698 -0.17116022 0.08616557 0.92679065 -1.66723 -0.47789142 2.116906 0.9226576 0.5264336 2.1756701 -0.120669246 -1.8361883 -2.164429 0.64485687 1.1059606 0.7481486 0.888902 0.7650551 -0.33120862 2.5842767 -1.0836723 -0.26648676 1.662427 -1.2533692 -0.9952787 -0.3341158 -1.0410821 0.17890371 -1.9612044 -0.5788453 1.7705749 2.063833 -2.1672003 1.2600356 0.022348724 1.7202942 0.561563 0.46384484 -0.34897634 -2.1866238 1.5402384 -0.5585722 -0.15886588 1.122574 -2.0217109 -0.18722558 0.18791924 2.8127985 -2.4586694 -0.3697523 -2.265872 0.03675278 -1.6420611 3.6870744 -1.1874257 0.3188361 -0.9348087 -0.28967318 1.5655483 -0.9032592 0.1841898 1.9835508 2.1592057 1.112781 -1.9559863 1.3203604 -0.35982013 0.72500515 1.934295 -0.3226654 0.11037206 1.4980432 -1.3080889 -0.8037651 1.6483182 0.5104884 0.74302924 1.9693384 -0.4084966 0.34407473 0.8800827 -3.0933168 0.14502768 -1.0589792 1.7264076 0.6209619 -1.8912961 -1.3564175 1.0872455 -1.0729022 0.08099835 2.64259 -0.8525223 -0.22360836 1.0466881 -0.96400654 -0.80767816 -0.61430293 -0.88815004 -0.13160448 0.20971897 1.8315845 -0.063103326 -0.25139725 2.3925817 -0.23404542 -1.8949707 -0.7380385 1.5427622 -0.8325904 -0.94635034 0.6636919 -0.5498162 -0.46956447 -1.1551634 -0.6889042 -1.067124 0.5533303 1.1300807 -1.3914409 0.6620535 2.3933327 0.2561624 1.0931125 0.84224886 1.4065313 -0.72953683 0.3333536 -1.5042367 -0.7677311 -0.1398517 0.73853403 0.04227078 -0.6649878 1.6796545 0.2655285 0.47332758 2.1706817 1.5164511 -0.55544347 -2.2922957 -0.24548732 -0.63818806 0.6439551 -1.1661633 0.9810914 0.16083752 -0.64350027 0.6308708 -0.017665895 0.32693487 -0.46074536 0.7102269 1.1807996 -2.993263 0.2084761 -1.3044285 1.6023899 0.8627609 0.3467826 -0.61679024 -0.025033642 1.1553178 -1.1990913 1.4988052 -0.32009593 1.2210953 0.0713004 -0.31231037 1.8801588 0.7134295 -0.08486855 0.2220886 0.090768814 1.1923237 -1.7324094 0.24506421 -1.1402572 1.4532607 0.34291402 -0.60676634 0.15634793 0.06356325 0.040410634 -1.7344084 0.66825575 0.08555685 -0.3584927 -0.5991401 -0.6934889 -1.063349 0.12793432 -0.7344201 1.2351418 0.7304407 0.69418454 0.5437224 -1.8670057 0.38675317 0.41247955 -0.96765006 0.81045073 0.5047561 1.0855005 -2.1174798 0.042590115 -2.7266257 0.9229909 1.207225 0.6623393 0.6004314 -0.6855767 -0.65717816 -0.68727314 -0.12604478 1.8981938 -0.16651978 0.55793214 2.473228 -2.1951988 -3.0723531 -1.5111663 -0.0060554827 1.5448517 -0.24502422 0.43827817 -0.4625097 0.53760535 0.6732258 -1.0486338 1.194208 -0.28216833 0.68649554 1.9609417 1.1742246 0.8277857 -0.9481661 -0.4629616 0.42688045 -0.6961042 -0.5413247 1.8560439 0.708859 0.4890168 -1.2441001 0.8337585 -0.8057708 2.4600708 -0.05306585 0.8856468 -1.8001455 0.020796342 0.62455446 0.326599 0.17720684 0.42094022 1.344741 0.5482871 0.41809377 0.11449839 1.7359731 0.5340451 -1.1280684
peach -0.47268966 0.11759532 -1.1749537 -1.7599823 -1.3383414 0.92501223 1.7347853 2.79609 1.7129104 -0.1539824 -1.3460217 -0.84521127 2.191167 -2.5934296 -2.9166796 0.09664467 -0.50093967 -0.5744188 -0.55498004 -0.81556684 0.8251471 -0.6597711 1.2916815 1.4280001 -0.90503544 0.6981574 2.8498263 -0.18689032 1.0798339 -0.52104175 0.27808443 0.55983275 -1.375772 -2.4956272 -0.49021736 -0.122726545 -0.57148635 0.8243201 -0.16917378 -1.4709105 0.8157972 -0.520447 -1.090983 2.0996208 0.68202764 0.55864954 0.9957593 -0.30782682 -1.5935127 0.25287625 1.1205193 1.4156822 -0.5698895 -0.46234083 -0.75052816 -0.67204046 1.8743937 -0.5245146 -0.9667911 -0.41862524 0.98367417 -2.018196 0.69264144 -0.43519676 -1.1702337 -2.8573406 0.86780125 0.48745605 1.0356348 0.36454076 0.29250792 -0.4885017 1.0378458 -1.0891472 -0.43748498 0.75444996 -0.46968883 1.4050698 -0.10436551 1.7743201 0.6746343 -0.76396865 -0.73887587 0.530428 2.9699883 0.30881333 -0.22767466 -1.8870723 -0.47226295 -1.1865627 3.5306993 -1.900552 1.0159335 0.9656684 -1.387847 -1.4748731 0.5285829 0.102938116 -1.4540339 1.4354135 1.7628397 -0.808338 -0.042563792 0.26306757 -1.5694577 0.8984918 -1.3938006 -0.69062215 -0.14866842 -1.3553884 0.07489827 0.91258883 0.6209483 -0.10202462 -0.94918156 2.2500544 -0.816968 0.5142589 -1.4038012 0.04870984 0.33410126 0.6531297 0.17661186 0.39502499 -0.5703394 0.007859999 0.84024864 0.6900775 1.2698516 -0.9068149 0.22967932 1.4196332 -1.2657977 -1.2151824 -1.6377747 -0.7640784 -1.9500792 -0.61616015 2.8062391 -0.94637036 0.13067342 2.0030246 0.20954819 -0.3368264 -1.6576265 0.050353892 -2.5804126 -0.11667784 0.8195401 -0.021371238 -1.339459 -0.9625402 -1.5258675 2.0302904 0.5552311 0.26786175 0.32376 -0.55196583 1.0397166 -1.2812426 -0.5538889 0.8041749 0.19184996 -0.5244896 0.6148334 1.6286391 1.2856941 0.8692539 -1.2740524 -0.9472197 0.38975567 1.2575858 -0.4421361 2.2095106 0.43488193 1.7954305 -0.871366 -2.0116537 -1.8187712 0.5139973 1.4681194 -1.4633603 0.14302817 -1.6531229 1.2888724 1.817932 0.12839893 -0.495322 -1.1499726 0.5490022 1.6006843 -0.21962458 0.26025546 -1.0781486 1.6022359 -0.33811468 -0.09005105 -0.97448575 -0.4008612 -1.8453212 -0.11133167 1.567008 -0.910116 0.74159205 0.36748087 -1.3644099 1.1786641 -0.10350874 0.2422105 -0.25804847 -1.5307194 1.3621514 -1.4589988 -0.73403335 0.3044836 0.6981221 1.5732912 0.29818323 0.69264627 -0.30854627 0.659553 -1.1412792 1.5315664 1.6313097 -0.80412555 1.7700679 -1.3565965 -0.94070596 -1.640568 -0.3098403 -1.263018 0.39926353 0.77241725 0.78301275 0.2879509 0.5094937 -1.3696482 -0.6343018 -0.14375612 -0.14776209 1.6430093 -0.007525451 0.29006663 -2.307288 0.37678736 -1.3389065 0.52679724 1.0325632 0.8361742 -1.9167869 -0.18078627 0.90169007 -0.69639564 0.42429665 -0.049378615 2.336698 -0.6994216 -0.56517154 -0.89123863 -1.755901 1.3850913 0.8558597 0.57835734 -0.9071952 0.5016787 -3.405038 0.6899362 0.040726524 -1.9174777 0.27550438 0.42116708 0.4262836 0.10535615 -0.7994902 -0.66291875 0.22196224 1.7332108 1.0444086 0.8370757 2.0051286 0.48624453 -0.7959827 0.036738977 -0.8476115 0.6419775 -0.59140664 1.764733 -0.33162177 -0.5388497 -0.41602752 -0.13707072 1.1447871 -1.0378885 -1.817843 0.86545295 0.39312306 0.35971436 1.2925684 0.22818726 -0.44469446
almond -0.6839866 -0.091729075 -0.31301117 -1.0634458 -1.7044677 0.7610229 2.7388656 2.3347216 1.1588644 -1.2382303 -0.5552868 0.16541255 0.6627618 -1.533366 -1.526219 -0.92603105 -1.4190555 0.15253405 -1.2876934 -0.009347987 1.1049995 -0.6945141 -0.1529512 0.7381515 -1.4011376 -0.590292 1.3782641 0.8570464 2.4403324 -0.24495696 -0.30175525 0.7834532 -0.3546613 -0.7322222 0.013615164 -0.36936712 -1.1877675 0.11960704 0.70745707 -1.4524404 1.557423 -0.056234706 -0.6462209 1.7031906 0.38991228 0.9722543 0.24875759 -0.77954906 -2.802977 -1.3741473 0.5129728 0.16287945 0.23530774 2.030729 -1.5197942 -0.9919589 2.4598076 -0.1656231 0.047361802 2.0957808 0.8545179 -1.6601962 1.9728439 -0.44509098 -1.4717178 -2.1374505 0.9979946 0.14108695 1.1793438 0.5221107 0.27088583 0.8146948 2.612635 1.008153 -0.24775672 -0.6096305 -1.6509466 0.88760877 0.6636381 -0.32372653 0.7819856 -1.9835012 -1.3995702 0.90283275 3.2314918 -0.24976866 -0.81937695 -1.8794746 0.4853657 -2.724795 3.7002916 -2.519802 -0.58136296 0.8757909 -0.504756 1.03147 0.14252624 0.87871176 2.848684 2.273293 1.3345802 -1.4298322 1.1351146 -0.9633451 -1.2263398 -0.0587313 -1.1383504 -0.21292563 0.041407585 -2.1873097 -0.2436598 1.4820247 -0.1904101 -0.0069551943 -0.42408028 0.101957805 -0.38959736 0.30953276 -2.406084 1.0163115 1.0445795 2.6377814 0.35266566 0.3149242 -0.90932053 -0.8761425 0.38423395 -0.38657254 -0.3918746 0.7024294 0.66147876 -0.22632487 -1.7118826 -1.6500565 -0.87748927 -1.4194827 -1.5133095 -0.6303693 1.1425054 -0.744834 -1.56441 2.4836447 -0.05312991 -1.5742406 -1.6052442 1.913332 -1.6205273 -1.1698654 1.4891652 -0.6003669 -0.29892805 -1.3318526 -2.4890063 0.4815836 -0.8171024 1.374706 -0.62564415 -1.5253625 1.0788736 -0.29235017 0.69496465 2.1766605 0.6236388 -1.5510744 0.075768985 -0.44737077 1.608068 -0.24932428 0.35981655 -0.8023097 -0.0638575 1.7945538 1.8465337 2.4685411 0.25243756 1.3202788 -0.42035067 -1.4238752 -1.8267101 0.59579915 1.4603015 -1.712203 0.9512741 0.2689187 1.6248249 2.3393624 0.81166714 -0.10082749 -0.57276094 0.45919988 1.1776803 -1.2691321 2.5798166 0.04801597 1.4375178 0.36199158 -1.2746761 0.36164704 -0.7991447 -2.526955 -0.36964765 0.7215623 -2.216895 0.5139079 0.28237557 -0.55740607 1.897075 0.83401656 0.43036103 0.03327925 -0.3220284 2.2596672 -1.1900916 0.3383223 -0.5751516 2.180135 0.3594513 1.3775505 -0.47292873 -1.1610005 0.02805657 -1.5272791 -0.96043843 1.1731666 -0.85017395 0.2765832 -1.0059874 -2.2848208 -1.531949 -2.190903 0.13948064 0.24164034 1.9695655 1.602769 0.36119723 2.0433826 -0.12489125 -1.9626523 1.1783481 0.72927684 1.3340667 -0.4671659 1.4434178 -2.6794977 1.4322468 -0.6934969 0.25384277 1.1479537 1.0764788 -3.447623 -0.17809305 0.48038864 1.9418817 -0.7841178 0.6496868 3.3657887 -1.5012981 -2.4498942 -2.1313522 -1.5031973 3.46484 -0.023736322 1.1320722 0.19394211 -0.6642587 -1.2949535 -0.5374998 -0.5243277 -3.2443008 2.322745 0.008991893 0.6775267 0.013030489 -1.1489571 -0.52603745 -0.54198503 0.5754264 0.68803567 -0.27247062 0.39658758 -2.158061 -0.6198115 -0.4722665 -0.10438942 0.69273216 -0.87002426 -0.05929418 -1.3535169 -0.64683557 0.7672569 -0.8730598 1.0632199 -0.6232569 -1.5588924 1.1903535 0.1077275 0.3510909 1.2301291 -0.28545812 0.04565283
citrus -1.1329516 -1.341698 -1.972586 -1.002109 -0.9418025 -0.111998774 2.2289762 3.3150005 1.5938244 -0.002453131 -1.4498138 -1.0875773 3.1291869 -2.8595388 -2.656525 0.046574824 0.033558194 -0.3378759 -0.41147205 0.0655387 -0.787862 0.119469345 2.5716054 1.5040491 -2.428255 -0.15592979 2.8696523 -0.16469017 0.9491775 -0.8126888 -0.088604786 -0.24170293 -0.7550396 0.15558198 0.3438708 0.06359483 -0.3085963 -0.12798923 -1.2737486 -0.64238256 1.788478 -1.3719627 -1.3325393 1.8000022 -1.2390918 0.1137818 -1.1162261 0.35893613 -0.70144373 -1.4706558 1.4592348 -0.9263836 -0.9112743 -0.052732103 -0.2713871 -2.4467185 1.2180105 -2.283132 -2.668733 -0.6044354 0.63613796 -1.8382789 -0.40224886 -1.8674808 -0.92035633 -1.5538704 0.141933 1.1267807 0.81220317 0.4863825 -1.0046604 1.0012165 2.5086854 -0.2309979 0.5844459 1.5657283 -0.46962562 0.80111015 -0.46554518 2.4727688 0.19938463 -1.1120204 -1.231981 0.22441356 3.5295231 -0.15538299 -0.19282503 -3.6702757 -1.794786 -2.5032926 1.4747638 -2.157559 -0.0944562 1.8302957 -1.8667195 -1.1178802 0.78364044 0.25881734 2.9130232 -0.14438194 1.7099171 -1.4893626 -0.30556712 -0.087974854 -1.2830391 1.4025488 -1.0642042 0.98901844 -0.3423318 -2.8799043 -0.8660696 0.31819844 1.2334727 0.43301168 -2.2036328 1.3292547 -0.33977905 2.8707643 -3.214275 0.70308095 1.3001094 -0.21438551 0.4689887 2.2240722 -1.070138 0.5186731 -0.12951006 0.5224903 0.61253965 -0.68685 -0.115981355 0.6987475 -1.693991 -1.3998636 -0.9950347 -1.6723117 -1.9377354 -0.7343543 0.21955287 -0.84231156 -1.4756249 3.100754 0.64874643 0.584732 -1.8658975 0.33050218 -1.2660221 -0.35967612 1.0260848 -0.3522004 -0.85259753 -0.93262273 -0.59419614 0.30518422 1.2098831 1.1147057 1.4304824 0.44405973 3.2043793 -1.1870869 0.7812776 0.93469024 0.45449165 0.21945196 0.5242013 0.7093021 1.078425 0.32272995 -1.4084288 -1.5728655 0.24514665 0.53307277 1.3938366 1.328157 0.38442665 0.4154231 -0.6013627 -0.4695378 -2.4390512 -0.08583245 -0.2589599 -2.8651192 1.0430211 0.9438957 1.803888 2.0854588 -0.072783284 0.7004876 0.5761993 -0.8423988 0.64631146 -0.58497036 2.1916692 -0.39065507 1.7435408 -0.014097765 -0.43490443 0.4007338 0.5569261 -2.07399 -1.6707648 1.1923788 -1.2922678 1.126109 -1.8303946 -0.6083283 1.7162833 -0.4863704 2.2452435 0.99666554 -0.6781326 2.689305 -0.8912475 -1.4482105 0.15009615 1.9662939 2.0490255 1.1059268 -0.14658849 0.89022434 -0.25854522 0.515019 -0.4557137 -1.8128386 -1.9755659 2.4200146 -2.2528102 -0.51711434 -0.3407561 -2.6020343 -0.60634345 -0.53145266 1.6985594 0.8965995 1.0831844 0.81600404 -0.5489022 -2.413079 -0.68986815 0.777443 1.4574934 0.6135283 -1.1663592 -2.5637276 -0.21923041 -1.2592713 0.15986888 -0.6468301 0.63407165 -0.89149183 0.13915198 1.0791835 -0.13360047 0.904288 0.6930897 2.240683 -0.037223656 -1.7895477 -1.9519799 -1.410544 1.4415027 0.18497992 0.02732277 -1.8066883 -1.5963936 -1.8827863 0.3710178 -0.5761977 -3.673702 0.7701008 0.61249715 -0.21001534 -0.7533534 -1.0747491 -0.27352563 0.80760497 0.9489493 0.34673193 0.22133282 1.1414092 -0.32584527 -0.61024624 -1.6185992 -1.9596231 0.69133896 -0.008553769 1.4875473 -0.47911835 -0.76715034 -0.89183587 0.24828464 1.0304955 -0.25867826 -1.9486461 0.9377406 2.1845984 -1.2905606 0.45264408 0.37992582 1.4941689
mustard -0.69931716 -1.1266747 -1.564293 -2.9947124 -2.1526673 1.171336 1.0047505 1.3239019 -0.33577523 -0.20365573 -2.5747964 1.3105483 0.47955403 -0.60611945 -1.937916 0.42585677 -1.3579713 -1.482158 -1.1483965 -1.817179 0.49907842 -0.71342695 1.968354 -1.5216653 0.08450792 -1.5229857 2.2730637 -1.5408058 0.48694098 1.0613968 -1.1762149 0.045881014 0.009591301 -1.915082 -1.2705005 -0.25499177 -1.4461812 -0.7482697 0.8482836 0.13920373 2.196872 1.3565617 -0.6397116 3.0130646 -0.5391994 0.30957353 0.5635239 0.008942999 -0.8832755 -1.0385298 1.3364222 1.541814 2.2247264 -1.1853222 1.5967237 -0.8421599 2.2135391 -1.3771447 -0.9089804 0.6315939 0.95851684 -1.1753339 0.8801471 0.1748326 -1.507373 -1.8057252 -0.7423024 2.7434251 0.2225853 -1.875622 0.4440734 -1.1947201 2.4276028 0.2967363 2.079815 0.45968089 -0.121416695 2.3015993 -1.3751327 -0.10830923 0.21359627 0.403376 -0.98999214 0.16622579 2.0795653 0.44617924 0.47527105 -1.0862259 -0.13608387 -0.76129663 2.597396 -1.9109141 -0.5487908 1.5896764 -1.1708496 0.72577465 0.15734541 -0.83711624 1.5806371 2.2316008 2.1694374 -0.6369988 -0.4344598 0.07793694 -1.2096093 -2.1095595 2.403502 -0.47438878 0.29374123 -0.23204781 0.7423437 1.1665885 0.77076054 -0.5762847 0.8979369 0.61449593 1.2732855 1.3393314 -1.267682 1.2679306 0.2751127 0.6165226 0.7149518 0.19400616 -1.4591038 1.4289395 0.7751615 0.78134245 0.74343795 1.7604225 -0.30300492 -0.4542643 -0.6071349 -1.360823 0.4461041 -1.1784678 -1.0037001 -1.0407377 1.0669024 0.39517662 -1.119485 2.3179967 -0.2723869 -2.3176472 -1.2208259 0.5362063 -2.126571 -1.8469253 0.9609182 -0.50681347 -1.149483 0.5343899 -0.5987605 3.418269 -0.48472357 -0.17496145 -2.2998397 0.5572506 -1.4565268 0.23321567 -0.6005542 0.4733777 -1.1423006 -1.0725414 1.0396901 0.14303386 1.0829762 0.30678278 -0.27714834 -0.22841989 1.5364122 1.6479456 -0.5686877 2.446963 -0.682059 0.21929291 -0.081425965 -1.7122723 -0.6466649 0.28464895 0.32221565 -1.2893666 1.2072978 -2.0443594 1.7005024 1.854616 1.6858133 -0.38599172 0.103520505 -0.64946306 -2.0893912 -1.0542121 0.6137098 -0.43605724 1.6084377 1.5246229 -0.36484146 -1.4577903 1.3067026 -2.524373 -1.4524927 -1.0279247 -1.4108725 -0.44964522 0.73047 0.33456883 3.629622 0.483085 0.02262007 0.102167256 -0.3247577 1.4040619 -1.7697083 0.23561335 -0.4495044 2.5793905 1.3167729 -0.32728896 1.3569175 -0.21772093 0.36739257 -0.121203735 0.079691 0.3450237 -2.9405582 0.07018994 -2.02276 -0.72174364 0.9877513 -1.6117424 0.61199623 0.46871516 2.7087204 1.3947822 1.0999274 0.5338567 -0.52803093 -1.4075327 -1.0084974 -0.6205945 1.1321582 -0.84602547 0.17549229 -2.4832356 -0.04125701 0.94403094 -0.84107214 -0.69911855 -0.015178359 -0.21033473 0.7042839 0.45386732 2.5670793 1.0356214 1.966674 3.3800995 -1.2449479 -3.2345426 -0.6909192 -1.396299 2.008819 -0.43908277 0.7109647 -1.4329453 0.9536146 -0.40656945 -0.6556167 0.9168961 -2.243291 1.0077521 2.349023 -0.20375223 1.2253032 -1.5515376 -0.13694876 -0.30265498 1.8967429 0.17135246 0.9052715 2.5230904 0.08092352 -2.137522 -1.2514375 1.0342253 2.0750186 -0.7010488 -0.31585252 0.29814583 -0.23595029 0.2490757 -2.126139 1.5375649 -0.6122092 -0.3445712 0.2867386 1.4272405 -0.1257171 2.5856001 -1.2149553 0.2833765
cardboard 1.4792864 1.5831144 -0.81652147 -0.4818172 -0.43557918 -1.1137366 -1.251402 2.9112897 -1.5645775 0.8261742 -1.6368005 -0.09435551 -0.72095346 0.039864313 -1.5415303 0.09385521 -0.59419876 1.3226751 -0.45630807 -0.5002129 -1.3287787 1.3341607 -0.44237027 0.4774859 0.5156533 -0.30236322 -0.34742552 2.6144433 0.5092025 0.53917944 0.88754654 1.2738653 0.78439486 -3.071401 0.012390816 -0.79507726 0.979536 1.1431599 1.6332997 -1.5800796 -0.09986796 1.5204633 2.366426 1.1712958 1.2827402 0.4078516 1.0012932 -0.6559782 -1.0488818 1.5881656 1.4511961 1.9396023 -0.71699727 1.1132638 1.1752114 -1.6801136 3.0221586 0.71339005 1.4102701 -0.8704161 -0.12149617 0.3579081 0.90444726 0.201247 -0.49552318 0.1905213 -0.77680594 -1.6271032 0.35739747 -0.68572664 3.9435031 -2.5534408 1.5489956 -0.08529472 1.4099073 -1.8234911 -0.6766109 0.99108106 -0.8175511 1.6735088 0.54381037 -1.889622 -1.2870836 0.500351 2.89165 1.6972328 0.40677896 -1.6640071 -1.4032143 2.582051 4.964112 -1.4988949 0.61179054 -0.20752858 -0.31038755 -0.7471985 0.118853696 0.6342703 -1.3566909 0.42383185 1.2218055 2.6637576 0.66974694 0.2463612 -2.3619897 0.84080285 0.19923766 -1.0674486 -1.1212658 0.37494662 0.44644058 2.9262776 -0.6995987 -0.98717344 4.093857 -0.2606034 0.6200989 -0.9930085 -0.8976495 0.5135522 0.6108942 -0.32152852 -2.136584 -1.0433525 0.1529833 -0.08322578 -0.519645 -0.4812794 1.3470639 1.9655509 -0.08070003 1.4748709 -2.7031145 -4.534279 -0.7575467 1.4295183 1.6210524 1.1857333 2.376565 -0.18053773 -0.34507418 0.54063046 -1.515798 -0.10569777 -1.5666066 2.5256588 -0.68299115 -0.8260778 -1.7517058 -0.94405496 0.69244987 0.72753066 -0.86703706 0.90510875 -0.32596937 1.6617936 -0.90820503 -0.718358 -0.12126925 -0.6370715 0.5035597 2.9411097 0.16585971 -1.0329372 0.60206807 1.3710883 -1.8171879 -0.7427648 -1.2862037 0.4209004 -1.6231035 -1.3185362 0.34382933 1.9455799 0.15372425 2.2099059 -0.40765464 -2.3382084 2.3842382 -2.825264 -0.84460217 0.07906936 -0.447181 -0.3650025 0.8906953 4.1832705 -1.1542766 2.9415386 -0.77592045 0.21514432 2.6980536 -2.655998 -1.5116931 -3.3159947 -0.55707854 2.3859155 -0.79116565 -0.5837248 -2.8668628 1.3528174 -1.110566 0.8820237 0.93976927 -1.7501347 2.5418072 -0.6940208 1.6895192 -0.6723255 -1.3881007 -0.23635554 0.07750573 0.28530607 0.5926843 0.7186659 -1.9450921 1.7499712 -1.1295582 2.6315882 -2.4276936 -0.8918299 0.48247123 -1.0107756 1.6228831 0.97529024 -1.0941817 0.86900413 0.45752043 0.12363069 0.41620064 -0.40757188 -1.4836459 0.5145557 -0.3700115 0.3875036 -2.0907629 -0.17042539 -1.0661308 2.3332758 1.4952534 -1.6578712 1.3165072 -1.5587572 1.4883173 -2.3871489 -1.7552891 -1.0469631 0.6097097 1.9175127 -0.74369454 0.37559086 -0.043063227 2.695999 0.81572706 1.3190726 2.1132407 2.0609384 0.10884681 -1.1700909 -1.1419905 -0.16563003 1.5592571 2.122809 0.6604514 -0.16614474 0.41285038 -1.5331417 -0.8578055 1.6817318 -1.5670068 1.620375 -1.467176 1.2407446 1.1012344 -0.701552 0.58114547 1.7012925 -2.0423882 -0.06452726 0.0029417793 -1.0008107 1.0134374 -0.03165131 0.9711168 -0.91100675 -0.40009606 -1.6958518 -0.0150613375 0.41317526 -0.75564873 0.7196258 0.69497895 -0.1507732 -1.4800127 2.2152164 0.41586477 -1.4831163 2.1279554 -0.69259363 0.34753415 -2.7694335
vanilla -0.91670334 -1.3105136 -0.60830516 -2.843246 0.514362 -0.8768401 1.3671566 1.2361549 0.43675914 -0.60152334 -0.8357982 0.35733193 2.4826074 -1.1887193 -2.1346407 -0.82342035 -1.628384 -1.454526 -0.20562363 0.5510348 1.8163055 -0.5564476 -2.7014048 1.2674701 -0.008104958 0.868657 2.5542154 -0.6520934 0.12945226 0.0824197 -1.6894685 0.6720774 -0.79655874 -2.5784543 0.053506713 -0.22148918 -0.5253222 0.011975558 2.7646341 -0.438634 2.027201 0.36878464 1.1464074 2.6047237 -0.30341992 -0.49722287 0.3467622 -0.09136396 -2.4084084 0.2516288 0.64245176 0.7137917 0.3021985 2.2652287 -0.8743226 -2.173318 1.7327777 -1.1727908 0.0005113579 2.1853404 1.1671329 -1.0904634 0.7675542 -1.3195356 -1.7086049 -1.1271938 1.3903962 -0.6054411 1.0838306 1.3120681 1.6066157 -1.1593031 0.49210674 1.1886427 0.5662 -1.8254569 -0.77998024 1.4788045 -1.1173406 0.819076 1.6081635 -0.50722116 -0.25642937 0.28442472 1.3583176 -0.7410861 -1.2499818 -3.0724585 -0.03300735 -1.4999259 1.7611827 -1.9416131 1.0511135 1.4347612 0.048809703 0.35994112 1.4428256 -0.14319086 1.1493416 0.80988264 2.6372015 -2.5593464 0.18466422 -0.34744832 -0.9189518 -0.1745098 -2.950699 -0.6316247 0.15451698 -1.3447204 -0.9604806 0.711112 -0.34790614 0.45642188 -0.055764414 -0.98796827 0.4340558 -0.14734802 -2.5139773 0.3532791 2.408885 1.2373575 -0.75674736 2.144375 -0.99403924 0.32177445 -0.037164852 0.94733 0.31805986 1.139747 -0.18300316 0.96720254 -1.0083219 -2.4334474 1.5122895 -1.4264632 -1.9886426 -1.4064345 1.8775032 -2.2821434 -1.0605916 4.322395 -0.04756062 -0.22850978 -1.6950814 2.4938645 -2.8425832 -0.7302736 0.94472396 -0.94038826 -0.7906278 -0.52765405 -3.7925184 0.38702932 -1.1869909 0.6484795 -1.614007 -0.3013085 0.5922858 -0.35859808 0.92230415 0.2880498 -1.636781 -0.018846618 1.4266577 -2.3943584 0.2579999 -0.41849583 -0.62849927 0.35665038 1.2567766 2.341053 0.35250747 1.7718334 1.372389 0.3796147 -1.6307696 0.041126907 -1.6067133 1.8420206 1.4320699 -1.0223396 -0.9713536 -0.1107737 1.5827352 3.16847 1.1947733 0.5859812 -0.31318045 -0.0061254776 2.0122118 1.6875875 0.39370742 -2.2523367 3.3106618 0.091917306 -1.0421842 0.3331497 -0.9691695 -1.6763802 0.42934522 0.4331718 -0.82006633 0.92419064 0.933465 0.48611867 1.923133 -0.41978186 1.1692424 -0.92940444 0.6156241 3.168345 -1.91656 1.4764891 -0.31431767 2.380973 0.46228555 -0.45209515 0.14539815 -0.83922315 -0.39769548 -2.9369447 1.0948324 1.5642233 -1.1877748 1.1644572 -3.0060542 -0.6681319 -1.7645006 -0.75665987 -0.5417838 -0.58418286 0.06472464 1.2877866 0.48876715 0.24476849 -0.9273604 -0.0688788 1.609769 -0.84405 0.73209536 -0.931022 0.9417259 -1.491658 -0.6962393 -0.64870566 1.8137598 2.0176723 0.6974652 -1.052797 -0.26769638 -2.0263448 1.8958665 0.67739946 0.7123659 1.298988 -0.6457231 -0.98987466 -2.149151 -1.0115402 1.4708885 -0.5892748 1.8057337 -1.3862089 0.86948764 -1.8202497 -0.38735706 0.60905766 -1.5710726 -1.2147694 0.7559132 0.23258175 -0.43464193 -0.70002973 0.5724763 -0.31486145 -0.09628249 1.1117152 0.4095482 1.0113112 -1.5968755 0.22014314 -0.22476141 0.9401541 -0.5736626 -0.23442002 0.21578649 0.5085445 -1.8605397 1.0386537 -2.0628264 1.7765809 -0.9855166 -0.7160912 1.9857509 0.7843928 0.17310086 -1.113566 -0.05586864 -0.36537653
perfume 0.9965163 -1.8444448 -1.7813243 -2.327398 0.4824017 -1.4492918 0.32000437 2.215361 0.913145 0.49739644 -2.9106941 -0.6871569 2.386379 -0.5396764 -2.797051 -1.6601183 -0.38851893 2.32972 1.5754415 0.5030997 1.0247414 0.76244056 -0.6685653 0.58086544 1.5433146 -0.5421525 0.95551914 0.2513221 1.9033542 -0.37199715 0.17251126 -0.6965193 -1.6741165 -0.051633492 1.6094967 0.7698046 2.0655873 0.30610108 2.1862528 -0.221218 0.7941448 1.8396709 0.84775245 2.5318408 1.0197735 -2.0008163 -0.37179402 -0.736369 -1.702492 0.25014582 2.853694 2.917094 0.21425506 0.37672234 -0.4376143 -1.7496046 0.35654724 0.38894293 1.4261005 0.5834871 1.4844776 -0.5207129 -2.4055166 -0.69863987 -0.2817419 -1.769797 -1.3726345 -0.2887878 -0.6264632 0.7076066 0.11519718 -1.8516895 1.6186898 -2.5419276 1.413169 -0.8427667 -2.0893004 1.103163 0.3607527 1.1690363 0.44947377 -2.1235526 0.6950522 2.7246392 2.460061 0.55821663 -0.240249 0.5649449 -0.9262091 -0.9950273 1.3052744 -3.1174462 0.27755842 1.4896482 1.0690378 0.92033654 0.2141902 -1.9504919 1.2134665 3.0894053 1.031733 -0.37417853 0.5516778 0.57035565 -1.9521881 -0.9360316 -0.87502414 0.23270857 0.7100665 -3.3644722 1.2491987 -0.15633535 0.26269913 0.19508973 0.6566079 0.14920701 0.60316586 2.1955113 -0.45873305 -1.156012 -0.038914673 -0.004533326 0.59082335 1.7081789 0.6236662 -0.29454058 -1.3895931 -1.2264329 1.2666674 0.16047533 -0.7714648 -2.3611195 0.9251468 -2.971216 0.9017406 2.7267945 1.2986119 -1.3384888 4.1478314 -0.7370115 -0.58573496 1.0863011 -1.0822992 -0.45673096 -0.4095388 1.5804049 -2.486366 0.29089957 0.6894561 -0.15860438 -0.8130427 -1.5887189 -1.3149599 2.5742276 0.4655546 1.225557 0.61531895 2.4023345 -0.1414333 -1.2489785 1.447421 -1.5390999 1.9484657 0.101186074 1.3949057 -1.5510701 -0.533596 1.931259 -1.3525485 1.5875463 -0.084726244 -0.7651491 -0.2871774 3.19398 1.7237947 0.15141925 -2.413653 -3.632133 -2.5177162 -0.880215 0.5449138 0.32229012 0.20260279 0.9401333 -0.5551621 1.1332625 0.23006564 0.09368256 -1.138328 0.050091743 -0.15796119 0.2435186 0.40638968 -0.8496786 -0.040863495 -0.93426085 -0.6271407 -1.40251 0.41430986 -1.4454966 -1.4588361 -1.4310639 -2.7348995 0.29314545 0.006067391 -1.2145606 2.2955716 -0.18917489 0.15319195 1.4880593 -0.11795191 2.7410245 -0.55085653 1.8363322 -1.4693269 3.0734804 0.27590087 1.5862609 1.2763504 0.05262272 -2.3703895 0.06478619 1.4226557 0.15070775 -1.0568032 0.53296167 -1.2132094 -0.720883 -0.634911 0.27938128 -2.2142296 1.5007356 2.1508918 1.5885392 -0.18643445 -0.44150466 -0.2387524 -0.43481857 0.670341 -1.0234072 0.56101924 -0.4866575 -0.96393794 -2.980138 -0.4131493 -1.209807 1.6623628 1.3441998 1.1796694 -0.43501437 0.30071583 -2.1356816 0.6725798 1.6667387 -0.06576873 1.4184166 -0.2208577 -3.8480859 1.8375299 -0.73753184 2.2471142 -0.16856444 -0.37898102 -1.3156068 0.5855938 -1.1549996 0.28326356 1.8706399 -1.4690956 0.6304269 0.70967263 -0.47260666 -0.2531758 -0.570964 1.6219704 1.1043899 -1.1695904 0.27300084 -1.2940357 2.3935914 0.99833804 0.5558497 -0.13860081 -1.0404187 2.266018 -0.69386685 -0.93072873 -0.16255692 -0.7442274 2.4099023 -1.4354897 2.3299487 -1.1608502 -1.0347557 1.946084 2.6792977 1.6806983 0.53898513 1.0480229 -0.9064345
pineapple 0.4898977 -0.074870214 -1.6348273 0.13818032 -0.65910065 -0.99187785 1.0110593 3.4868073 1.5485095 -0.45283207 -1.6258408 -1.8025203 1.4584419 -0.7969728 -1.9440874 0.044756293 -1.5357089 -1.9323671 -1.6886702 -1.3677462 0.08247662 0.41510665 1.822547 0.63699526 -0.07644677 0.20368889 1.3741534 -0.6347786 1.8977833 0.29135802 0.47298157 0.24557588 -0.62908405 -1.4322076 0.37051576 -0.4584508 1.011562 0.6736477 0.36052352 -0.82446766 1.0540581 0.22366795 -0.35208282 2.259615 0.550346 1.2973154 1.1130139 -0.7146712 -3.717104 -1.5713339 1.5648794 0.55674136 -0.49769488 -0.037727676 -0.06771413 -1.1313585 1.4731759 0.79879326 -1.8067753 -0.27198455 2.3559246 -1.87461 0.26868904 -1.8800349 -1.6558689 -1.7957387 1.8165458 0.08775628 0.35022247 -0.23090115 1.6679689 -0.34648123 1.7768574 0.3163732 0.10973893 0.22210221 -0.8230662 -0.44150186 -0.27346927 1.0135599 0.80438435 -0.3976581 0.022021046 1.9113607 3.9448912 -0.53375286 -0.27649117 -2.6846776 -1.353099 -0.07862026 2.6694217 -1.5193322 -0.2379623 1.4991189 -1.1181453 0.0882167 0.5297416 1.3484857 1.2350551 1.3810407 2.009301 -1.7804782 0.80780977 -0.55614424 0.3053091 0.22902057 -1.2274637 -0.054894462 -0.18690193 -2.7244911 -0.11416789 1.9264101 1.6012875 0.2186971 -0.34390113 0.60820085 -0.02340053 2.475815 -1.0828091 0.8131687 0.20617452 0.7111709 0.7080985 -0.16675927 -2.969784 0.8142131 0.5687276 -0.020539246 0.83319414 0.19458961 -0.29083914 -0.46310198 -1.9929175 -2.2382734 -2.1469808 0.5665306 -1.7214489 -1.0203214 2.24179 0.013045259 -2.0358524 2.1462388 0.6640119 -0.65005475 -1.3846399 0.45934454 -1.7675277 -1.3335278 1.369767 -0.5146717 -2.6380951 -1.1160036 -2.2944412 -0.030873649 1.5609634 0.008710187 0.10570566 0.13282622 3.3050756 -0.21379952 0.8074767 0.8903483 -0.9588758 0.7179595 0.43851712 -0.09529556 1.5053276 -0.7885515 -1.272935 -0.62647873 -0.33887488 0.9087812 0.6216353 1.7833122 0.97399956 1.3081889 -0.46227336 -1.6628407 0.47562873 0.050417934 0.8690107 -1.1203129 0.25413936 -0.568479 0.81256723 0.946997 -1.2776623 0.26485306 0.68790036 0.31679845 1.954988 0.0809085 1.9510534 -1.8503823 2.1649046 0.94665146 -1.9725075 0.718897 -1.8443617 -1.2812438 -1.8585633 2.2967794 0.20162672 1.023404 0.76815665 -1.6272131 2.1364043 -0.6182737 0.29858595 0.5140881 -1.2629639 1.721552 -1.0674673 0.21047667 -0.51067996 2.3713078 -0.8225638 1.4824538 0.2201628 -0.22234258 1.0023826 -1.5447956 0.30662167 0.60597545 -3.2548928 2.044072 -1.043511 -0.6699897 -2.0819232 -1.9523451 0.16394234 -1.2979319 -0.7435711 1.2132128 -0.23099288 0.2132681 -0.46032444 -1.5888057 0.6134902 -0.38216186 1.1762481 -1.318207 0.4824291 -1.874124 -0.5731734 -1.5385889 0.10582531 0.96668667 1.6240555 -1.4234781 0.8750714 1.4616338 0.21147688 0.29819167 0.46275896 3.280807 -0.61574095 -1.26264 -0.80401444 -0.9990752 0.81809527 0.035212036 1.000015 -0.60313886 0.1631909 -2.425395 -0.5363689 0.90951127 -2.265788 1.6223439 0.3980187 0.4724101 1.6368589 -1.5423955 -0.018347003 1.3013829 0.66591585 -0.8043759 1.5280697 0.33599705 -0.89567786 -0.55663216 1.0762566 -0.3468572 1.2848923 -1.2616382 0.007750204 -0.76759183 -0.20537177 0.6640953 -0.065598406 1.7277358 -1.1216098 -0.339843 1.2165662 0.5309034 0.18007815 0.41647232 2.0261059 -0.6905828
rum 0.092734486 -0.7145185 -0.35562804 -1.042624 1.3305728 0.23694775 3.3515608 3.4138305 1.0929227 -1.746815 -1.1160879 -2.2406209 3.82853 -1.7974311 -3.877584 0.509899 -1.027529 -0.77995867 0.029561687 -1.802912 1.511295 -1.2533351 -0.8266265 0.74312204 1.4849713 0.30908322 -0.34207362 0.8324657 -0.32497653 0.12744597 -0.43339506 0.8429644 -1.2694952 -1.9055413 2.4709556 1.0426176 -0.44408295 0.7077801 0.60694325 -2.8678238 0.9463329 1.0931633 1.926572 3.085041 0.9802287 -0.3017731 -1.0740932 1.7093086 -3.4721155 -0.29573476 0.76048523 0.52991253 -0.372042 1.6357617 -1.7782326 -3.1160188 -1.8396792 1.2773687 -1.8982388 0.8058887 1.3324524 -2.053998 -0.5942863 0.0872494 -2.4434981 -0.26698893 0.0027612222 0.24971332 1.3354185 -1.4078094 0.27865705 0.32552153 2.1608431 1.4850671 0.029522702 0.16577922 -1.4719511 1.3633542 -1.28066 -0.4365597 0.74404836 0.96285987 1.6460376 0.7709626 1.6740086 -0.20729305 -1.4959131 -0.46272808 0.45050415 -1.1123431 -0.12732546 -0.068679735 0.48627767 3.5170953 -1.657549 0.3396319 2.8162506 -0.4540973 1.1800717 0.84108317 -1.5590786 -2.0675812 1.0332048 -0.6933466 -0.8619022 -1.014979 -2.6983685 -1.0477144 -0.6588878 -3.031679 -2.9110765 0.6698682 0.9062896 -0.2593812 -0.4603463 -0.16262548 -0.8525587 1.025112 -2.4887652 -1.3276058 -0.11002359 -0.039781526 1.2909888 0.10677685 -0.36529115 -0.17173025 -1.0333145 -0.59150445 0.46139428 1.0511633 -0.981417 0.31594348 -1.9920859 -1.5015906 -3.6224418 2.765742 -2.3099132 -2.1167874 1.8570919 -0.29259494 -0.9283046 4.3804917 0.51373243 1.031255 0.39574847 2.76738 -2.6352894 -0.48823044 1.9308176 0.121074595 0.026836721 0.055940263 -2.8693328 2.3880599 -0.351325 -0.53492314 -0.536885 0.5644274 1.6347075 1.1878448 -0.6291764 1.7896403 -2.6079745 -0.1716783 0.42411244 -2.8934674 -0.3730013 -0.9459291 -2.622559 0.6261417 -0.5477848 -0.24567623 2.4784944 1.9394104 1.0131989 0.34901392 -2.1051795 -2.3572114 0.6783084 -0.5823995 0.8146036 -0.5396685 1.4317286 -1.0342664 1.0485499 0.80111974 -0.85180914 0.27561483 -0.75101614 0.2676003 1.1695162 -0.62884 2.898957 0.6286265 1.5406255 0.075745836 -2.136511 -1.0270219 -1.6210973 -0.63905466 -0.35511616 1.1993866 -0.49007407 1.4163344 -0.008037241 -2.1105711 0.43107653 1.4312788 1.1756703 -0.026594847 1.2088916 3.9716227 -1.3082646 0.90727824 -0.12610722 2.5939953 1.1670246 1.4162943 1.7808657 -0.9702724 1.2247283 -0.8374246 1.7753917 0.2325803 -2.7167041 3.2619727 -2.3368719 -2.2498634 -0.6097698 0.8505374 -0.4324046 0.5053286 1.1039459 2.5437713 1.1143012 0.20552257 -2.6219234 -0.5063016 0.5676008 -0.05268983 0.58569396 -1.8369436 -1.4324412 -0.25983205 0.6839541 -0.29845315 0.783433 2.8827155 1.9281024 -0.38929322 -0.13906887 1.0543541 -1.7824812 2.470428 -0.22485425 -0.9967775 -0.17170434 0.11265971 -1.8628662 -2.1189678 2.6637979 -2.2214832 -0.1325211 -0.6553573 -0.2891539 -0.44729125 -1.0715711 -0.42161933 -0.9267606 -1.3895178 1.488927 -0.18020026 0.95629746 -1.5217552 -0.33259287 0.55614465 -0.2711045 -0.17236735 0.94737124 1.7332069 -1.5052712 -2.7403133 -0.93235475 -1.7578259 -0.04933063 1.0869409 0.22318871 0.23712258 -0.1506457 0.6734961 0.17847484 1.6344554 -1.015888 -1.326955 1.2188517 -1.0108597 0.46471116 -1.584336 0.84572136 -0.84212345
cucumber -1.9291723 0.59635943 -0.6789075 -1.0862818 -1.6730088 0.04226518 1.1535372 2.1131124 2.025817 -0.19950032 -2.1486986 -1.8388968 0.5915822 -1.7445581 -1.3085206 -1.2637409 -0.4028397 0.22076187 -0.26111606 -0.32505256 0.95243555 0.7337506 1.4965502 -1.0424895 -0.8257116 -1.667412 1.3813534 0.25564155 0.4599538 -0.89951503 -1.3959907 -0.5037678 0.45119688 -1.2642728 -0.7818964 -1.4117317 -0.64754176 0.04638453 -0.25471085 0.26594323 2.5203705 -1.5342537 0.35236657 2.9910493 -0.21092431 1.2684326 0.5781562 -1.0353105 -2.6491773 -1.9876585 2.9715593 1.0648193 -0.19260757 -1.1610411 1.3809172 -0.36866638 1.858528 -0.982721 -0.59010994 0.9493922 2.6517391 -1.9194304 0.47559384 -0.41358063 -2.3202295 -1.606742 1.363037 1.5728512 -0.29166391 -0.12721224 2.1341262 -1.3420964 1.6820073 -0.8467788 0.3206481 0.039308365 -1.87569 0.014942592 -0.59146875 0.42550063 0.4825922 -1.4144957 -1.407054 1.950056 2.2749364 -1.0599928 0.71632814 -3.3084462 -1.366464 -1.4771522 1.9584452 -1.6747473 0.4844586 2.083298 -1.324371 1.4561595 -0.24928498 1.2568225 0.9573121 1.8970894 2.1394925 -0.80977285 0.057568245 -1.2067709 -1.728743 0.0899903 0.18376707 -1.4642502 -0.6402309 -2.0957549 -0.25506493 1.7831663 1.5893438 -0.21461682 0.17462364 0.9787804 0.8622082 0.9074326 -0.6233423 0.46986923 0.03742259 0.41038695 0.5879554 -1.0271779 -1.9121414 -0.070424825 0.38716292 -0.2980773 -1.6050905 -0.002184359 -1.3733734 -1.7812942 -2.6133485 -1.502279 -0.72819376 -0.5536488 -0.9000899 -1.5916009 0.8067803 1.3128865 -1.0306735 1.6658309 1.1368235 -2.0403836 -0.9598671 1.6300253 -2.2808628 -0.44556662 1.6077783 -1.9521573 -1.9390053 -0.83993495 -1.7527167 -0.118657805 0.14327738 -0.004893704 -1.3209333 -0.6121809 1.0788954 -0.5687475 1.6904784 1.6529077 -1.033821 -0.79172605 0.18084341 -0.2910815 -0.6649364 0.80887043 0.54607713 -1.0957084 -0.18414523 1.1588305 0.21454652 1.2686976 0.7261016 0.85088754 -1.5291358 -2.1140492 0.9872764 1.0846901 0.5838545 -1.3310852 -0.28059012 -2.033838 0.08561713 -0.5097204 0.27255264 -0.7038618 -0.682175 0.70125043 1.1022727 -0.44546324 2.15907 -1.4815105 0.86191714 0.11848667 -1.1044906 -0.20034385 -0.18268809 -1.2559131 0.7727711 -0.9627913 -1.0902284 1.5123824 1.3040646 -1.207701 3.181697 -0.21643217 1.248928 -0.29391795 -0.46395898 2.325663 -1.214804 -0.46505103 -0.20909859 3.4961522 0.555717 0.49259618 -0.19636011 -2.2497299 1.074715 -1.2587266 0.5759182 1.2993733 -2.7507834 0.9651713 -2.0774422 -0.6697221 -0.429836 -1.7752419 -0.5115932 -1.3334486 0.22408815 2.0085468 0.24853507 1.9891543 -1.190949 -2.059604 0.088587694 -1.210508 0.88344043 -0.22974926 -0.22776532 -1.83166 0.37605628 -2.0530224 0.7815143 0.66838235 -0.26163545 -2.6466649 0.30312103 0.29115054 0.962471 0.46031708 1.050475 3.1808262 -0.4938357 -1.83184 -1.1794224 -1.1655693 1.1504192 -0.24947232 0.24589066 -2.0195444 -0.62337166 -1.0104592 -0.012649108 -2.1182628 -3.1774151 2.7584808 0.58010846 1.1473614 -0.24195409 -1.0365856 -0.53947496 -0.5270889 0.7093065 1.3950417 0.91924536 -0.1172393 -0.8844177 -1.74723 0.9478748 -1.1189172 1.7252249 -2.5020642 0.5028447 -1.3582166 -1.0492203 0.64389175 0.86100215 2.520238 0.31855643 -1.5868098 0.7684394 -0.23768692 0.07622664 1.0749927 0.5573298 -1.6312287
cinnamon -1.2857621 0.33571416 -1.1795703 -1.0491685 0.23610927 0.40636024 0.93280196 2.729309 2.3297536 0.30979037 -0.8932542 -0.09201897 2.35375 -2.0124867 -1.0874531 -0.9394197 -1.3699309 -0.19793765 -0.5198332 2.1684334 0.24600536 -0.9608982 -0.731425 1.714293 -0.15513204 1.0334321 1.5310575 -2.0350769 0.5058723 -0.87255627 -0.5285342 -0.41928306 -1.2232605 -0.44627813 0.36395898 -0.6912557 0.13255775 -0.66311353 2.078922 -0.3955399 2.0461044 -1.0351244 0.15881975 1.6202527 -1.4605783 1.4628688 -0.7716268 -0.29784885 -2.8099926 -0.16147524 0.46925396 0.7870334 0.44445398 0.79111487 -1.5134208 -0.28290835 0.6389409 0.36425695 0.041358795 3.2817628 1.1113219 -1.6859999 -0.35643134 0.08383887 -3.4900627 -0.20334688 0.6460497 0.8741152 1.4835967 0.33230594 1.3439927 -1.3858143 1.8525041 1.4890884 -0.90978104 -2.2589426 -1.4423746 -0.044867896 -0.8409776 0.2021026 2.0011456 -1.0458132 -1.0123302 -0.40960032 1.4111023 -0.34543633 0.73260665 -1.8416182 1.0113693 -2.2681706 2.469381 -2.0082073 0.28383696 2.1586845 0.5976346 0.8628467 1.1701351 -0.49944437 1.6979438 0.55011076 -0.17047654 -2.2744513 1.2716041 -1.3241061 -1.1161921 -1.671315 -1.5922436 -0.11831944 0.18081231 -2.2828493 -1.4402992 0.16073763 -1.8237915 -0.14427991 -0.50827974 -0.014546005 -0.09275388 -1.1442317 -2.3032959 1.2487674 1.2791622 -0.52714306 1.823402 1.5063778 -2.0708308 -0.13137043 -0.30702838 1.4836091 0.37971985 0.4717499 0.524806 0.084450185 -2.8416166 -1.0663613 -0.75008863 -0.90034693 -1.5935143 -0.3094775 1.4665236 -1.3247801 -1.1074951 3.7270634 -0.91977227 0.025640924 -1.4191948 1.9504277 -1.009474 -1.6926848 3.2060199 -1.3269454 -1.5248373 -0.68720245 -1.7118666 1.5061466 0.41719505 -0.033811558 -0.7140092 0.55965877 0.1721986 0.21410862 0.5310411 1.7208362 -2.0660887 -1.048105 2.0782173 -2.9575624 0.18753554 -0.4634947 -1.6909974 0.6742445 -0.8127204 1.3319948 -0.042234864 2.6833475 0.7993922 0.14336227 -0.91269004 -0.62236917 -0.89493287 0.053376995 1.3948766 -0.06863164 -0.052248657 -0.06603882 1.3707299 2.0099015 0.6492245 0.07589925 0.20179479 -0.48025084 1.974227 -1.6762279 1.8286997 -0.44737625 3.1874132 1.7632328 -0.26105523 0.2047408 -0.86155814 -2.814759 -0.2003031 1.2347594 -2.2385738 -0.8062122 2.422468 0.3025196 1.2176874 -0.010183895 0.0062906155 1.809413 -0.27323124 2.350577 -3.2789445 0.76974785 -3.1397338 2.589014 0.014370152 0.77643883 0.7014212 -0.06538514 0.6825435 -1.8498641 0.70879525 -0.20394927 -2.7506814 1.4450415 -1.5757204 -1.5500448 -2.4820356 -2.143087 1.5348792 0.7493955 0.89364386 2.2321503 -0.36322224 1.0540081 -1.485216 -2.3372636 1.141157 0.8800688 1.4727147 -0.42376742 0.89522874 -1.9658908 1.5161163 -1.0349389 0.85440195 1.5905546 1.463898 -2.9790184 0.6572602 -0.662188 1.7604023 1.442877 1.0619932 4.017964 -1.4257052 -2.414397 -1.1922328 -1.1773247 1.5880101 -0.7622643 1.8397536 -0.38125017 0.3016208 -2.7130067 -2.661651 -0.44556826 -2.6338384 0.718929 1.1432434 0.61167336 -0.40601102 0.05534318 -0.13609934 -0.5824447 -0.6238508 0.96378887 0.24995194 1.2259269 -0.018748537 -2.1316335 0.48833996 -2.2292833 0.14111568 -1.6349068 0.82664156 -0.43650293 -0.45686015 1.7767205 -0.17084678 2.2486393 -0.35095108 -0.73836946 1.123405 1.9259846 -0.13095723 0.81829864 0.06849578 0.20923188
popcorn 0.25409946 -0.2571476 -1.046667 -0.80025077 -0.4425011 -0.81157726 0.64249945 2.020164 -0.1964714 0.49065956 -1.1405909 -1.928397 3.5505269 -1.1791102 -4.0572014 -0.14408523 -1.8207994 1.093129 -0.68199205 0.34798568 -1.8826358 -0.06349019 -0.6192475 0.6550968 0.6378124 0.014799616 3.9988663 1.3291326 0.9143123 1.3114697 1.745536 2.280652 -1.6338122 -1.8875349 0.2758413 -0.66744643 -0.59035975 0.2610282 0.61243623 -1.1729974 -1.4433874 1.6498704 1.5463263 0.37389234 0.90048504 1.4531614 1.4832062 -0.83719504 -1.598194 -0.630779 0.4023994 3.0259824 1.099056 1.6280422 0.55152076 0.23951773 3.9780657 0.41829228 -0.15946576 0.6184668 -0.13584386 1.6533809 -1.0495073 -1.3420523 -2.2070708 -1.3983963 0.6120909 -0.26967967 1.1888578 -1.5929964 0.36841473 -2.8598692 1.1515703 -0.48329568 0.3431229 -0.45459497 -2.1039186 0.04028919 -1.4014935 -0.93447936 1.9490705 -2.0316312 -0.32293776 0.49945953 1.981364 -0.30184174 -0.7624082 -1.8952231 0.2891785 1.6766722 3.452061 2.2817602 2.5356803 1.5540861 -2.010095 2.2136457 -0.848436 -0.9534928 0.040125586 2.7755744 -0.030512732 -2.3831537 1.6988165 -0.4801997 0.66891557 -0.12565154 -0.46111247 -3.0201123 0.19375396 -1.3826257 1.3850546 2.916565 1.127952 -0.84392154 2.1858926 0.39183068 -0.30566597 -1.1723756 -0.75665265 1.5773143 -0.8282564 0.708471 0.14625596 -0.6456956 -1.7682681 -1.4254429 -2.3758674 0.747807 2.8143308 0.23876587 0.45006433 -1.2081175 -0.027075633 -0.38730165 -1.8734167 1.0104448 -2.869753 -0.544855 1.7582692 0.71647537 -1.2336346 1.6207677 0.18707854 -0.90474516 -0.34090698 2.9494648 -1.6705067 -0.99032986 -0.38818294 -0.8154812 -0.5288727 -1.3870801 -2.6835012 0.5166161 -0.09197657 2.727303 0.5188063 -0.8485757 2.1020389 1.9262668 1.504223 1.364702 -0.06993493 0.2520048 -1.3258901 -0.79140556 -0.04431504 0.6985553 -0.66540873 0.85233575 -1.7584732 3.5313334 1.3264087 2.5297673 1.4081981 0.7379194 -0.55618626 -2.3352044 -0.42209446 -2.2005796 0.18042536 -0.98706555 -0.52606696 1.9221799 -2.2386239 1.8397381 0.8010751 0.8148213 -1.9020259 -0.4437946 2.6699388 -1.79347 1.0796294 -1.4015877 2.0338416 0.3999319 -0.65561867 0.48091838 -0.37495467 1.689101 -0.26725927 2.1058316 -0.015904615 -1.8342321 1.4079875 -0.7225394 -0.3951251 0.34159395 0.8510325 -0.8774935 -0.42655623 2.2805994 -1.3640311 2.2721844 -1.0992662 0.29780993 -0.67001224 -0.15507142 0.45607385 0.99947804 0.43004772 -2.2985382 2.0146494 1.7529153 -1.581128 1.0433078 -1.5353472 -2.046474 -2.0242963 0.25757074 1.5280343 2.3241963 0.48384556 0.38545915 -1.4858351 -0.8596903 -1.8703247 0.1882348 -0.5957906 -0.34677148 1.1584712 -0.90260834 0.7201998 -2.479192 -0.57625955 -0.5720111 1.8438632 2.6937442 0.87207705 -2.7440715 0.9811907 -0.094299234 2.255119 1.0350369 -0.5899387 1.0460765 -0.0072083455 -1.9911754 -2.6526518 -1.1077673 1.6210473 1.0192904 1.4086657 -0.509184 0.31291807 -0.51666844 -0.41832778 1.2534022 -1.0958378 0.24839501 0.7773167 0.33585435 1.740436 -1.6423115 -2.1161945 0.9127516 -0.015561097 0.7906768 -0.73341566 0.16333549 -0.50820374 -2.0703557 0.44759554 -1.262044 1.2772427 -2.258549 0.658758 0.08129933 -0.1575886 0.49517828 0.5281566 0.45889777 -1.3294424 0.0847144 -0.13108653 0.8895366 3.632752 0.8560488 1.4859768 -2.3554559
pear -0.4025043 1.8080935 -0.51779246 -3.8076537 0.05855486 1.1302985 0.8550134 3.6553876 3.4684727 -0.19336456 -0.88054734 -1.8951244 0.82433754 -3.1627948 -1.5215408 -0.2959528 -1.7852615 -1.6444697 0.85456234 -2.4773088 1.1059861 0.12392254 2.296741 0.6963493 0.533377 -0.18011642 1.827962 0.55040383 3.2070174 -0.3025971 -1.8418266 -1.000454 -0.62915176 -1.9698042 1.6715491 0.36210263 0.8331486 -1.0382802 0.51198006 -0.256627 2.184638 -2.72077 -1.0415498 2.370565 -1.2115706 1.2355473 -0.9310577 -1.8627719 -3.2792916 0.19671598 2.7376413 0.2895899 -1.0283911 -1.0051677 -1.0017911 -0.3024724 1.7896453 -1.2664206 -2.0172896 1.2811656 1.7567244 -2.4739354 1.0379554 3.6523879 -0.8013604 -3.1277847 -1.0701352 0.36448318 2.2708328 0.53303546 1.8134506 -0.55022734 2.1861053 -0.21713756 -0.17092733 1.1431527 0.21285579 1.436287 0.38341942 0.9421254 0.7025058 -1.1601964 -0.39406347 0.36599025 2.6690552 0.6451939 0.17079535 -4.1192756 -1.9654074 -0.88382226 2.5671742 -0.82345605 -0.37569857 1.2138563 -1.8559872 -0.055400163 1.6227949 1.7891228 0.57710856 1.0078782 2.7823126 -1.4392704 -0.46920595 0.18160328 -0.01986311 0.13059025 -1.1440749 -0.27893084 -0.92971206 -1.8360816 0.7551101 2.3609996 0.9478614 0.24083398 -1.5076374 0.0038789143 1.1296115 1.6188697 -2.2404768 1.8602277 1.1733778 -0.39553633 -0.9623081 -0.3716077 -2.4142747 -0.71598756 0.54444456 -0.00789689 -1.462702 -0.483689 0.39879605 0.48194999 -0.35915262 -1.6513916 -0.14163972 -2.0856898 -1.9164789 -2.4601207 1.4776961 1.061613 -2.193726 1.7066438 0.58407587 -1.2785164 -0.9318862 0.924148 -1.5372744 -0.53300273 1.4924262 0.3260921 -1.7179818 -1.7216375 -0.6702467 -0.014271848 1.5668435 -0.9192831 -0.09619896 -0.31485742 1.8897644 -1.6539097 0.9531381 1.7981819 -0.71845096 -0.9023795 1.4462761 1.1225889 0.47732472 -0.0431854 0.4190076 -1.2214581 0.8813659 1.8190128 -0.515868 1.9792236 0.67173654 -0.19080377 -2.187851 -1.5535128 -0.7371903 0.92760146 1.9847806 -1.8804415 -0.8870197 -1.7020346 1.6271218 0.6396265 -0.35727125 -0.5960953 -0.31128907 0.06677673 0.34317887 -1.0050821 1.1716089 -0.24827877 1.8003074 0.07976623 -1.0526974 0.43449312 -0.7553071 -4.418351 -0.48564464 1.176468 -0.049953304 1.3227562 0.2011293 -1.2269396 1.0528911 -0.97491705 0.28123698 0.93116003 0.9390519 2.444214 -1.76497 -0.47626826 -0.22518277 2.0622249 -0.9469728 1.293464 1.1276095 1.1564873 1.0043316 -2.309245 -0.9122377 -1.9085615 -0.27589938 1.3693058 -1.8135177 1.408839 -1.894276 -3.0725462 -0.42381597 -0.49381986 0.038354978 2.3169818 -0.55709267 1.0723721 -0.6472144 -1.3959941 0.6325427 0.12932412 -0.33734447 -1.7890518 -0.3087774 -3.4964387 0.97489065 -1.9794997 -0.060348928 0.8100194 -0.6133785 -2.8483372 0.026008768 0.75877905 -1.1885048 -0.16153914 0.8343693 3.0166402 -1.632894 -1.5713925 -1.0914936 -1.5636362 1.5149196 0.64256847 1.260932 -0.00040890905 -1.6843041 -2.3024178 1.0668377 -0.24570021 -3.4519622 1.1920063 -1.2683551 1.1054733 -0.16980198 -1.4114617 -0.4692288 -0.27207166 0.06764976 1.8814001 -0.54012513 1.1707426 -1.2824022 -0.72012573 -1.3453639 -1.2791343 0.4529995 -1.8918076 0.4981958 -1.0051026 -1.695868 0.25651088 -0.20245962 0.6705528 -0.55792916 -1.4881482 -0.4603038 0.167489 0.09466112 -0.041336693 1.2090685 -1.7610551
walnut 0.0005014242 -0.98502034 -0.70007265 -0.36974236 -1.1775317 0.71940345 2.3597972 3.7744856 2.8825276 -0.45875058 -0.0443574 -1.0572324 -0.4618641 -1.1493165 -1.5471405 0.56755924 -1.9483851 -0.038009975 0.13721853 -0.42015773 0.2916886 -1.2063042 0.537331 1.1864971 -1.9543021 1.0028566 1.03522 -0.7037086 0.8319287 -1.0842376 0.38891244 0.056827266 -1.288771 -0.6717435 0.21370251 -0.5104242 -0.8828675 0.3877659 0.37954995 -0.63983065 2.016102 -0.10264697 -0.28608948 1.8622824 1.3163493 0.6927422 -0.60533804 -0.9380719 -2.009064 -0.9948417 1.0944211 0.41575167 1.2856902 1.0672321 -2.4848142 -2.8466456 1.4850413 -0.75370926 -1.6781209 2.2003112 0.23336071 0.6139891 -0.1482571 0.16535024 -1.43553 -1.0401477 -0.934936 -0.13967499 1.0395381 -1.3384514 0.07368842 -0.27039886 2.1468878 0.30340195 0.3658536 1.5848509 -1.4490042 3.2324736 0.58690107 0.73898715 1.9694595 -2.5918038 -2.1096497 -1.0555397 3.0138977 0.087240376 8.842058e-05 -2.3272345 0.8941919 -2.621919 4.3079896 -2.1057472 0.86464185 0.20909658 -0.5320456 0.42864534 0.41297 -0.20466702 1.7922257 -0.23085123 0.57927644 -0.1643215 -1.8886019 0.52376837 -0.35083506 -0.08849575 -0.022330744 0.27723575 -1.6838475 -0.4183949 0.8249068 1.2815706 -0.77038455 -0.7853919 -0.11331465 1.5045472 -0.2833339 -1.0543159 -2.350013 1.8702555 0.88485533 1.6840476 -1.1710107 -0.12402495 -0.21988568 0.4254026 1.0730895 -2.2559469 0.7597306 0.6702284 0.7250798 0.12734821 -1.6458797 -0.38486195 -1.9833387 -2.11231 -1.9762436 1.0121367 0.61920816 -1.4424189 -0.96747607 2.6369483 -1.926619 -2.3399236 -0.95526546 0.6825458 -0.58746606 -1.0881356 1.1992787 -1.2996621 -0.91707796 0.42633465 -2.1982803 0.5188332 0.39973116 1.6908906 0.6646011 -0.1603256 1.6875516 -1.7759602 0.13865492 2.648489 1.4773066 -1.2564522 1.2699274 0.6241688 1.5195526 -0.075311616 -1.7996594 -0.5603415 0.8288105 0.13039845 0.42966035 2.6096597 0.4853683 1.2057256 -0.7238942 0.045851134 -0.7005746 -1.6527083 1.2620028 -0.8507234 0.9101176 -1.1066313 0.7421522 2.0049965 0.2233763 0.872743 -0.20208502 -0.031294625 0.4723438 -2.2396708 1.7852092 -2.341838 1.6710926 0.5875506 -1.5607314 1.6245128 -1.490344 -1.7552276 -1.5439781 1.1298441 0.30431724 0.97194463 1.4603243 0.119349904 1.0180414 1.0697558 0.076681055 0.6214238 0.57454765 0.7801167 -2.0788193 -0.5383918 -1.6125269 -0.2818184 0.56175864 2.374557 -2.34719 0.42044654 1.1295377 -0.9272525 -0.86869514 -0.44434008 -1.9347253 1.3869293 -0.36826548 -2.8854334 1.4142879 -1.4762032 -0.4700793 -0.6944213 1.3505793 1.1173116 0.0067837015 -0.23789343 -0.18304639 -1.3643645 -0.20974395 0.7160206 1.3165365 -0.7354782 1.0418361 -2.1661503 0.9836523 -0.007484473 0.13941602 -0.16840391 0.4463121 -2.6092277 0.45465794 -0.8085414 0.24431598 0.69758326 1.0975971 1.8049215 -0.63927424 -0.49286824 -0.86162305 -2.6411107 2.2897186 0.55575335 2.3953388 -1.194413 -0.9114395 -3.8780198 -2.4465435 -2.0471883 -3.5781176 0.58663666 0.22689247 -0.5992265 0.017328937 -2.2135906 -0.5709501 -1.8744823 1.4375383 1.3132921 0.957725 0.88878244 0.08094606 -0.61143565 1.9095894 -0.7001717 0.09212471 -0.36641905 1.6393878 0.4783417 -0.2566383 0.47025585 -0.5681176 -1.7663505 -2.2181895 -1.1496007 -1.5648098 1.2479529 0.15575057 0.046182875 0.09896919 0.66117835
violet 0.2510245 0.41236907 -0.79311246 -3.3186545 -0.0736874 0.12625283 -0.11219075 2.4312854 0.03877543 1.487754 -1.9641834 -1.5709374 0.15807632 -0.3869285 -0.93970233 -0.37931943 0.36596903 -1.3514097 -0.8310975 0.22445443 1.5723472 1.066725 -1.0210727 1.0259283 -1.4334486 1.2353039 2.3770354 -1.7042241 -1.8132915 -2.0236852 -0.8427952 -1.5277857 -0.21864271 0.337422 -0.83386606 1.5857698 1.6498319 2.0719264 0.13675405 -1.4732325 0.1370619 -0.47583604 0.017704807 1.4331882 -0.67576367 -1.0688704 0.04265836 0.4949362 -1.10728 0.5848704 1.9569454 0.49363735 1.1009685 -0.10750428 0.69223446 -0.42338812 1.7406887 -0.68819547 1.033676 -1.066508 1.7014172 -3.7923381 -1.353352 1.1267747 0.31270376 -1.0844954 1.2649986 0.74910396 1.9689456 -1.1400391 -0.3581759 -2.6884575 2.573615 -1.9902889 1.4171182 0.47932878 -1.6923983 1.3329823 0.39048395 1.9696623 -1.4000863 0.079949446 1.1849738 1.8446721 -0.06556457 -0.80603886 -0.052286364 -0.34121707 0.45983815 -1.5101194 2.8279877 -0.5700662 1.073311 2.2377572 -1.1087214 -0.75050795 0.56759363 0.0043813847 -0.9108976 -1.3390733 -1.4212599 0.10318469 -1.0564986 0.49910918 -1.7672673 -0.5772561 -1.3419054 1.458267 -1.327823 -2.2524974 -0.6409173 -2.1301994 0.18910156 1.2109666 -0.3286687 0.51212513 1.634948 -1.220265 0.7389294 -0.50048345 0.064751774 -0.15978402 -0.18410955 -0.78416884 0.3717042 0.3811997 0.7628267 1.2707672 0.89913553 -1.4317143 1.1060803 -0.64622724 1.4134467 -1.4353238 0.48182407 -0.22447154 -0.65724635 0.17006552 2.735421 -0.50917804 -1.259451 1.7349315 1.1387734 -0.5851832 -1.5206617 1.3366537 -1.6541647 1.2004828 0.4443831 -0.72887397 0.21048872 -0.062248867 -1.5589575 2.0571518 0.9393074 0.24495886 0.07379976 0.3613442 -1.1276201 -2.415445 0.11028856 0.72653675 -0.6586762 -1.9836211 -1.0853845 1.5484451 1.2445943 0.45171115 -0.1315616 -0.42885587 1.7263306 0.7232315 -0.55541503 1.025669 1.4070039 -0.41177043 0.65918475 -1.5412226 -2.4059715 -0.45983145 1.5891964 -0.5333884 0.96191394 -1.1281925 1.924675 0.1727648 0.024181757 0.38489535 -1.6223404 -1.1354642 -0.99630654 -0.22336209 -0.21893513 0.15201735 0.707033 -1.2503687 -2.0591385 -1.4835417 -0.07052422 -2.6470113 0.92975044 0.8198024 -0.292353 0.9250429 0.08486569 -1.5207225 0.6708081 -0.40859458 -0.62937754 0.31496263 0.93698734 2.2373285 -1.1679432 1.9705379 -2.4531724 0.5881413 -1.3089536 1.5642668 -2.4648905 -0.16046979 1.4139524 -1.376674 1.4207215 1.3992137 -1.6638327 1.8424342 -1.5938034 -0.84436774 0.26514494 2.629454 -1.4574481 -0.048722517 3.0331593 -1.1910926 4.0135784 1.1643524 1.2441936 0.3845034 -0.33150354 -1.6405694 0.5654757 -0.005155583 0.4488805 -0.9242023 1.0479288 -0.46676117 0.46922207 -0.27107778 0.5710708 -1.0910577 -0.8619615 -1.0017654 0.8867311 0.2688482 -0.8327456 1.5828485 -0.951643 -1.8667858 -0.103774935 -1.0084623 -0.6725601 1.5533164 1.6130521 -0.044727687 0.95244175 -1.680389 1.110522 1.1346105 -1.5732015 0.0008976767 0.9209223 -0.86258733 0.82366806 -0.13805525 1.0569761 -0.7898299 -0.36532038 0.4033359 0.24069923 2.8296363 -1.4084628 -0.47399834 -0.2469567 -0.01943098 1.036349 -1.76004 0.61772156 0.7696806 0.6202449 0.6068895 -0.63455766 2.2212124 0.13338552 0.87657386 2.4555223 0.42850718 -0.5997395 0.84007114 -0.24207154 0.69057995
raspberry -0.537626 -3.0389614 -0.77026105 -2.0923598 -1.7064964 -1.0574195 -0.49395478 0.36905876 1.411199 -0.36319926 -0.15360789 -0.6303053 1.521044 0.19184528 -2.1758208 -1.0315188 -2.34842 0.37886918 -1.3511869 -2.1510284 -1.1077721 1.2768664 0.41463593 1.4780859 0.99239355 0.24315675 1.8336917 -0.47379413 -0.96918035 -2.0989273 -1.7887479 0.6930519 -0.5513739 -2.39437 1.5064827 -1.1597126 0.51738393 0.5681425 0.011621869 -0.4213776 0.95756274 -0.6630864 0.0136895105 4.3892927 -1.1320288 1.4118307 -0.48499793 1.0061959 -3.0891175 -0.6522047 2.2662938 2.1341798 -0.18714584 0.19081955 -0.5708789 -1.3442627 3.0190873 -2.5223777 -1.1856637 0.7549899 1.3933645 -1.6058369 1.5088665 -1.91937 -3.0586655 -2.5334709 1.4716024 -2.231936 0.08440796 1.0624406 2.714794 -1.2265044 2.4219823 -2.2108738 0.9009341 -0.41921103 -0.09794771 2.0698938 0.9912115 -2.101374 0.06894817 -1.6252737 -0.295035 -0.8032885 2.9556062 0.036564227 0.34917596 -3.4216433 -0.97723025 -1.8125579 2.9423847 -0.32515886 -0.3799326 1.789633 -1.5697834 -0.64161706 -0.22386001 0.8674405 -0.31737962 1.5449623 0.7306314 -1.9940751 -0.84921 -0.45370033 -0.9688097 -0.4898742 -2.3885565 -0.93941367 -1.4362522 -1.3427508 -1.2567941 1.1219387 -0.11575644 -0.5544201 -0.0026966324 -0.2899606 -0.49674243 0.748608 -2.2960494 1.0769292 2.4246736 2.4633753 -0.6074485 -0.35252455 -0.8047989 -0.80654585 -1.3594512 1.09722 -2.227105 0.60465103 -1.9971421 2.1987357 -0.7990664 -3.002743 0.36992967 -0.7711239 0.17788608 0.25673118 0.26885593 0.2185562 -0.9671627 3.6092684 -1.5342351 -2.3150516 -1.439699 2.1263373 -4.223658 -0.5609611 0.7748726 -2.924131 0.0025063187 0.13177747 0.19998017 -0.8649068 0.08698215 1.0323011 -0.36881128 0.6555275 2.2385538 -0.7821096 0.43148357 1.1662031 -1.738906 -1.8707904 1.0030967 -1.2762021 1.2226222 -0.822337 -0.74213916 -1.1745752 0.8039255 1.9758731 1.2396009 1.566217 -1.3262706 -0.99632597 -1.6513393 -1.872823 -1.4404317 0.16517559 1.6807142 -1.3792275 1.2132685 1.2248033 0.21266021 2.9784966 1.7854701 0.4277975 -0.78252417 1.8603754 0.7451804 -0.5671068 2.4897766 -0.60123926 1.8680172 0.51275206 -1.2905009 1.6661841 -0.5572269 -1.4963596 1.5991657 1.0554868 0.42814535 0.38927898 0.85238385 0.01200586 0.24018803 -1.9433933 1.5784589 -0.52545816 -2.3957546 3.7508895 -0.76491946 -0.4109443 -1.3420115 3.1712012 0.07512374 0.365707 -0.38941357 -2.0385048 -0.99359274 -1.0295911 -1.9003906 2.4705026 -2.5378296 2.3544815 -2.0275776 0.50806856 -1.4682529 -0.8622064 -0.94904345 -0.12995115 0.62231106 3.227702 -0.834739 0.77241397 -1.863184 -0.5018048 2.0648506 -0.38877225 -0.17282186 -1.2829902 -0.9638895 -2.055583 0.86835134 -0.7998098 1.4586022 0.32168373 1.5887737 -2.8954697 -0.5064436 -1.1265786 3.1861222 0.78643024 -0.112930894 1.4797239 -0.35072646 -0.7747698 -1.9897413 -1.6486017 0.613324 1.9329795 -0.81773233 -1.1882952 -0.4009222 -1.1339511 -1.7217536 1.7144824 -2.4906583 1.4982226 1.0065687 0.34611735 -1.0932634 -1.6895939 1.8730973 -1.5309584 0.35860625 -0.14041863 0.19797197 0.8563552 -3.4107955 -0.0046469118 0.09144316 -0.046854105 -1.2924231 -0.56529784 1.1491101 -0.16343863 -0.03376525 0.45341852 -0.1743371 2.6199586 -1.0125953 -0.5268461 2.058479 -1.9262885 2.5452855 -0.014246724 1.1650577 -0.66081977
vinegar -1.5248744 0.88813096 -1.4510143 -1.778589 -0.74770254 -0.61431396 1.410062 2.9262354 -0.090840586 0.37089127 -3.4416087 -0.43361163 0.8343648 -1.2283615 -2.6059117 -0.77104527 -0.47875 0.18335278 0.7006247 1.7162838 0.33700222 0.32600135 -0.47923484 1.9311807 -0.44039574 -0.48257935 0.34693876 -1.0399171 1.3144513 0.9687558 0.13418782 -0.83292514 -1.9231529 -1.725709 0.7655393 -1.2322143 -1.64251 -1.9084262 2.3839376 -0.18884963 2.360451 0.79875606 1.2351373 1.9442731 0.095766194 2.1903534 0.119188175 0.5858959 -2.7465637 -1.6701934 1.5598785 0.6574913 2.1022432 2.8042636 -1.1402411 -1.2453618 1.873995 -0.28411645 -1.8015743 2.1364996 1.3183987 -0.28193596 0.8291591 -1.2130066 -1.3623303 -0.72065276 -0.19236632 1.2751564 0.3298476 -0.92647487 1.6927474 0.08772037 2.8839362 0.7100522 1.9920229 -1.3704524 -1.9993237 2.21777 -1.0583279 -0.24761571 1.7993182 -0.38436162 -1.3419422 1.9017518 3.1814723 -1.0929033 0.5285405 -0.62796324 0.43480954 -1.5842052 1.9424489 -2.82706 0.5541733 1.719486 0.4063835 1.9544839 1.0811973 -1.5006163 2.0085518 0.378404 1.0556538 -1.8092761 0.33747622 -0.56930816 -1.2764022 -0.65189254 -2.5655477 -0.90070266 0.43522835 -0.66238916 -0.49450034 0.10307969 -0.6464888 -0.9999868 0.7108971 -1.0569006 -0.01159637 1.6283906 -1.2778096 0.37169954 0.14503649 1.3252608 0.7723831 -0.47650936 -3.347315 1.5200499 0.027065018 0.6142746 0.2933161 1.1260722 0.14426135 -0.63550407 -1.8416663 -1.5768818 -0.5208993 -0.62029564 -2.6977198 -0.06088129 1.3975725 0.19659385 -0.6327402 2.98696 0.94525594 0.36296692 -2.2461512 1.9407636 -2.6358645 -1.2609731 1.0382391 -2.2090843 0.29321048 1.1407452 -0.9906354 3.762369 -0.8675627 -0.17425826 -1.2911291 -0.681274 1.3305618 0.7714893 1.4549161 0.929101 -0.8823342 -1.7604551 0.67664313 -0.47008282 1.0826371 0.88086313 0.109747335 0.9707908 -0.1763204 0.958862 0.7609737 2.4894223 1.0886 -0.9423262 -1.0705138 -0.44781524 -0.41558045 -0.3339667 0.8530518 -0.40572804 -0.26356608 -2.62565 -0.9798735 1.926097 0.66296 -0.4135113 -0.28490353 -0.8872969 -1.5639399 0.01869663 2.121681 -1.6799515 1.571348 0.14840001 -1.5213773 -0.98060936 -0.16170846 -0.02568226 0.669516 -0.7092197 -2.352794 0.5633818 0.69190043 -0.57389015 2.7276635 -0.698575 3.4277031 -0.30743465 -0.79934204 4.3209896 -2.6058652 -0.56934315 -1.0415567 2.3574557 0.75298774 1.6138151 -0.1821398 -1.3953015 -0.70835197 -1.9944116 0.14132069 -0.065460004 -3.35621 1.6538132 -2.8619497 -1.6575884 -0.24532634 -1.1749018 -1.4219508 1.8822205 0.3426873 0.34427032 -0.3151623 2.601691 -1.3378057 -0.8151631 -0.13359733 0.5277117 1.2174739 0.17693007 -0.03446932 -0.996612 0.07029149 -0.7131859 1.9062147 1.048798 0.30385765 -2.2999268 0.13621922 -0.30397868 1.8433121 1.3860502 0.30708513 1.426344 0.23006858 -3.1146238 -1.7817572 -1.3174098 2.6543849 -0.5540097 0.20139079 -2.357965 -0.66683114 -1.0312374 -0.13474421 -0.721092 -2.866082 1.4215976 2.1648355 0.48570207 0.4444133 -0.748778 -2.7662296 0.45802608 -1.2637795 1.2521261 1.6580002 0.8539234 -0.8235266 -1.3983089 0.6108751 0.30998036 1.3691485 -0.92814094 -1.8843354 1.055477 -0.40195554 1.4585168 -0.5687182 1.2267569 0.3225987 -0.8997634 1.2875966 1.075751 -0.911035 0.3959199 -0.62584835 -1.7090404
disinfectant -1.3968843 -1.1754893 0.5152381 1.1847712 -0.4064997 -2.3290603 0.70264536 1.9706035 -3.280878 1.9295393 -2.1769526 0.44863954 1.1292089 0.45126212 -0.25054374 -2.23235 -0.81669974 3.4530706 2.452862 2.8102148 -4.349424 -0.55506426 -1.2139204 0.64481497 0.088251375 0.47575662 1.6349877 3.173961 0.64692223 0.8328651 -0.11934851 0.5844803 -2.2457411 1.4259126 -0.9682888 -1.7403246 -0.54902124 -1.765826 0.7278717 0.18035614 -0.9002708 1.5285525 1.4145756 0.59211326 2.6846113 -0.3732669 -0.59048593 0.037791155 0.7700894 -2.658146 1.0229908 -0.6557646 2.7168221 2.761891 1.8183776 -1.3165513 2.9665384 -1.4291272 0.8875458 1.0827681 0.06690866 -0.16924997 -3.0406194 -3.4935539 1.5393665 0.5316146 1.0798653 1.98833 0.08853639 -1.420011 1.3669336 -3.0795035 1.4402812 -1.1288129 2.7499266 -1.8967005 -3.3249342 -0.51588464 0.47035295 0.47603476 1.6083425 -0.6726777 0.65981275 1.2627263 3.7155247 -0.11537949 3.0193038 -0.20825931 0.7396793 -0.7501505 2.1763382 -2.4890723 0.5659048 2.1330967 -0.118168265 0.39790976 -1.0305654 -1.2101924 3.4900894 0.7396244 -0.71301323 0.50405264 1.2472584 -0.18754567 -0.3415279 -2.2880683 -0.42218134 -1.0508703 0.52130765 -2.1874726 -0.71416575 0.89490193 -3.7438872 1.671192 2.7851 0.07278781 0.04625225 3.3343544 0.22789998 1.1815782 -0.7798478 0.06261439 0.5840622 0.7193823 -0.8466733 2.6978557 -1.6169784 -1.0703765 0.47779608 1.2350368 -1.0766063 -3.2406406 -2.3141112 0.6970999 0.43943498 0.13377206 2.971991 2.4124541 2.3728964 2.7397492 -0.4055691 0.21499862 -1.0741308 0.8720044 0.10840835 2.0326672 -0.6545059 1.5737973 -0.42194942 -1.1381284 -0.27244797 -0.17265652 -1.4004265 4.79661 -0.34732336 2.2663677 1.242414 -0.3854901 -1.1675436 0.5649523 1.8385621 1.8566172 0.6595148 -0.24155253 1.0319037 -1.1118932 1.294735 3.783001 -0.55282813 1.0714397 0.25880495 -1.4958273 0.6908645 2.8718872 -0.1705716 -0.40338746 -0.78404695 -0.09168048 0.92144054 0.5804976 -1.7291303 -1.4936897 1.8418167 -0.09744439 -1.4474401 0.35044694 -1.5798358 1.4125435 0.7891159 1.1163205 -2.8682582 -1.5207931 1.1378826 -0.20928088 -1.5549414 -2.0908751 -1.2243278 -0.69387704 0.0873284 2.7012722 -0.3617066 -3.0087993 -1.561512 -1.083087 0.26070285 -2.340412 2.667055 0.5980573 3.1269047 0.012472764 -3.4249172 -0.7555757 2.3498852 -0.5267931 -2.4530852 2.4050667 0.63761795 0.9071564 -1.8795297 1.5172914 -4.403344 -1.5591208 1.9273546 -0.794651 -1.5782627 -0.002767945 -1.4243518 -0.5895057 2.2870498 -2.1519701 -1.5524567 1.5654347 1.0572901 2.011352 -1.2538643 2.9791794 0.10941281 -1.803748 0.6335161 1.5268307 1.1193808 -0.7397325 -1.4132361 -2.0707965 -0.44979224 -0.6149901 2.121054 -3.4431615 -3.2512646 0.73003167 -0.58184445 0.65352833 0.53495634 0.54769146 1.0250082 -0.2866303 -0.46004912 -3.329568 0.20448203 -1.0586163 0.6405674 0.27860138 -2.0121756 -0.19034302 -1.124356 -2.2075286 1.9162245 -0.42309314 -2.735874 -0.27116138 0.6847154 0.2056566 0.5727085 1.8229955 -1.4049795 3.6794019 2.0049512 -1.5922533 -1.5257106 0.32847315 3.1709015 -1.1393449 0.9090794 -0.25769666 0.25498432 -1.9182081 -0.38687778 0.5253152 0.84160686 -1.4041798 -2.431095 -1.231003 0.17014149 0.47176594 2.6061404 0.8905079 1.5096531 0.44690135 -0.71434975 -0.3068341
kerosene 0.16605158 -1.7385702 2.475099 0.6398197 -0.10482799 -1.6161239 -0.12319797 1.1704222 -2.2620804 1.17816 -0.7473499 -0.7567561 1.8756077 -0.096755 -1.316997 1.2098637 -2.405437 1.8946186 -0.20359884 2.4659774 0.24184474 0.067335844 -0.5025009 -0.15059029 0.020208208 0.22283064 -1.0532666 2.6907473 1.2485994 0.30727282 0.48295924 -1.658717 -0.17217211 -0.23833217 -0.87690705 0.38148916 -2.460414 -0.64920014 1.5017712 0.5029122 2.8297274 1.2277243 2.1804166 1.4525014 1.6774408 -3.1197104 -0.7916128 -2.0076725 -1.4197918 -1.6549447 -2.4401228 1.2183152 2.7661715 1.462464 -0.17476453 -3.3987403 -0.32678458 -0.2853116 -0.32156715 -0.5041821 0.91432655 -0.85829145 0.89861673 -1.0660956 -0.8643421 -2.12011 -0.32593963 1.3197182 -1.083396 -1.7648851 2.1685543 -1.8377001 3.1067994 2.3832567 2.31142 -1.5551435 -3.40676 0.96721435 1.7597693 -0.36272857 0.34529352 -1.6625088 -0.26843914 1.8179423 2.5761502 -1.4966856 -0.70223373 2.8254058 2.5785925 1.1810646 0.79980093 -0.21844417 -0.3790029 -0.2300676 -1.2962132 1.0326879 -1.349367 1.7143658 4.7501903 2.2157679 2.6408877 -2.1845825 0.9454241 -1.9976733 -3.501665 -3.599637 0.06732965 -0.5736953 -1.9758818 -1.3418543 0.9890947 -0.17705947 -1.2763957 1.3780893 -0.53649205 0.42479745 1.8502002 1.1883769 -1.0881834 -1.1727122 -1.0550156 -1.6683997 1.1671597 -1.452026 0.24293698 2.187781 -1.4809916 0.83266747 1.6437037 -1.4530253 -1.4714116 -1.0954105 0.10474252 -0.4456456 0.5532116 1.5351851 -0.29325646 2.6214895 1.2997239 1.1728337 0.17959383 -0.7903268 0.068921596 0.33956662 -0.4671293 3.1749866 0.59649575 -0.9638262 -1.0005832 -0.6175765 -2.9227438 -0.2543227 0.16405281 4.035367 0.49756375 0.30447513 -1.815238 0.7948264 0.5986895 1.3363386 0.62060004 -2.301018 2.4137306 -1.2653159 -0.6713854 -2.433706 -2.319119 1.3647245 1.1509786 -0.057912003 -0.23060377 -3.9950585 -0.8141052 3.4135377 -0.020775525 -0.34530234 -0.1556129 -1.1010289 -0.5318093 1.0123628 -1.2514175 -2.654255 1.1007614 0.9621872 -2.6954713 1.2807811 0.09766041 -0.71710795 -0.7281504 -1.5345517 -1.3668529 -0.083869815 -1.451841 -1.0694872 0.8031684 2.5661826 -1.0526943 -2.2162821 0.045926098 0.33478034 0.37343463 2.286789 1.0974919 -0.6880966 -0.16885222 -0.56950027 1.9569781 1.355622 2.4241168 -1.5224906 -1.6073734 0.79299754 -0.0073302547 -1.3834001 -2.2244601 0.46714732 0.18740553 0.142494 0.9180468 -2.1222808 -1.4204298 -1.5447351 -0.23054774 -2.5965192 -2.936373 -0.7954045 -4.187963 -1.0583332 1.3273312 0.26025242 -0.48216194 -0.21982734 0.16206113 1.0824648 0.6424951 3.0027752 -0.78782356 0.43493727 0.06125616 -0.6682329 1.0433389 -1.9483156 1.4086311 2.1065965 -2.1443176 3.5642557 0.27088392 0.7984419 0.84834665 1.6378932 1.2836993 1.7205627 2.6022575 3.2962558 0.54617727 0.54584795 3.6313608 -4.424278 0.13304752 -1.7606093 -0.38158527 -1.8205993 -1.4498945 -0.8181918 0.96850944 1.6995609 -1.6275817 1.717448 -0.020032102 1.136289 3.6338165 -0.4062026 2.8663118 1.034436 -0.44439876 2.040671 0.81809086 -0.33219197 -1.572979 1.9606829 0.018154692 -0.63837767 0.119444296 1.2191831 0.66688854 -1.364909 0.014438803 -0.034091093 -1.3943565 0.9852613 -0.6087924 -0.5444373 0.38741532 0.3216646 -1.083517 3.3362508 0.44092357 2.6583765 -0.051392972 -2.8271804
cologne -0.26465845 0.22165905 -0.6931314 -1.6334721 -0.8051874 -1.0502464 -1.4377942 -2.2043428 0.7087033 -0.39146164 -3.0850904 0.38230577 0.6502779 -0.06390227 -2.5814054 -1.2458329 -0.02746104 -0.14943703 0.29351407 -2.0438783 0.7060848 -1.2738912 -0.20931847 0.21734294 0.5306724 -0.49035212 -0.48114413 1.8126429 1.41417 0.80286664 -1.9390064 0.106172 -2.3379664 0.021813806 2.3035676 0.12224195 2.0413835 0.46622422 1.0186738 -0.46996742 0.8124041 0.8467729 1.5185964 0.57728624 -0.5523072 -0.43636656 0.81188303 -0.3856878 -0.3766382 -0.052703883 0.76868886 1.5808748 0.96819186 1.2915708 1.7485878 0.30181482 0.6434091 -2.3572388 0.19628838 1.4616349 0.27305198 1.6845692 0.56903124 -1.374364 -0.4097296 -0.6090009 -1.4970812 0.37743467 -1.0277253 -0.7981666 1.3184607 -2.1722553 -0.3740478 -1.2146556 2.9202628 0.0015760185 -1.5880537 1.2415868 0.3229532 0.36806718 1.499382 1.8003585 0.54345083 0.9761301 -0.35562265 0.9782779 -0.5438455 2.79628 -3.521168 -0.41110915 0.1464188 -1.6282007 -1.0335646 0.39740792 1.8026702 -1.3036524 -0.031233322 -1.5978627 -0.56952673 1.4186347 0.67686987 0.93792343 -2.151429 0.28132182 -0.9090305 -3.6227245 -0.24833919 0.46931374 -1.2419432 -0.17198183 1.2537 -1.2451743 -0.142644 -2.305433 -0.94966614 0.45037836 -2.1201417 0.28123167 1.3475266 -0.13893214 0.19013329 0.39275828 -0.08196315 1.0704304 0.50833714 -0.13126282 -0.27393213 0.41986188 -0.8171543 0.90610915 -0.13777496 -1.832324 -2.5198724 0.6659019 2.0197082 0.4917984 4.3317766 1.0944724 1.2032017 0.3899336 0.26629767 -1.1794019 -0.75938004 -1.347535 0.14707053 -0.87668216 -0.515775 0.8745309 -1.7652205 -3.1632626 0.3579006 -1.4458345 0.0010662017 1.2464757 2.1233253 0.19018783 1.4762706 -0.29230052 0.73925626 -2.1708379 0.57763314 -0.7743535 0.59943 2.6662395 0.7374674 -0.88790816 1.6000432 1.0433781 -0.49428213 -1.0212433 -0.26868406 -0.8537459 2.6117764 1.7559285 -0.8424683 0.53055286 -0.14002186 -1.3074414 -0.7882928 -2.081705 -1.5606623 1.6691303 1.0567304 -2.028986 -1.3410751 2.4397113 1.780655 0.80242133 -1.4653 -0.41275617 2.4892993 -0.27122116 1.4936154 -1.374491 -3.414444 -0.2685581 1.0684758 -1.6759771 0.80310833 -0.8390681 0.22268023 -1.172651 -1.5105175 -0.21034594 0.6247253 -0.2651823 -1.37013 2.03392 -0.1336147 1.7821488 0.5954035 0.6629637 -1.1843762 0.67322457 -1.762182 0.02168886 1.5442635 1.1572229 -0.09878709 -0.91295236 -1.0264972 -0.96633375 1.8652458 -3.2709515 -0.36177662 1.2585151 -0.20321588 -0.2986183 -0.89728487 -2.2703664 -2.848388 -0.09216536 0.58797544 1.2737607 -1.4211752 -1.2983301 0.73757297 -0.3230287 1.3499312 0.35689777 -2.241129 0.36134028 -0.68794596 -1.4303143 0.70719194 -1.40431 0.20188928 -0.44012097 -1.287015 1.3231496 0.71514726 -0.5299586 -0.7760314 0.6713526 0.2266383 2.4290607 -1.256687 -1.4161363 -0.7315486 -0.25806653 0.11551106 -1.6116084 0.33296445 -0.6844961 -0.78869826 -1.3327311 1.9895926 1.9361495 -1.1014206 0.21750292 1.4501052 -0.0029828819 -0.4346478 -0.19021095 0.5308465 0.3504938 -1.0629734 0.8408496 -0.99893856 1.6517307 2.0918558 -1.103277 -0.004672422 -0.40860203 -0.50437826 -0.45829505 1.4913336 0.481872 0.7133413 0.85236764 0.2504894 -1.5266569 -1.5253057 -0.26230305 1.759053 3.863584 1.3913416 0.513213 -1.3527129 0.027861381
syrup -0.7714521 -1.1088278 -1.0447929 -0.38686624 -1.9527333 -0.6071935 2.8475256 2.3486583 1.4942027 0.7160057 -1.4879031 -0.2688289 0.7487224 -0.9911203 -1.4564704 -1.8795352 -1.2001066 0.119483545 1.3166908 0.046048824 1.2995989 0.10854946 -2.8191411 -0.48716313 1.5118423 -0.6713392 1.0194798 0.75946075 0.23512255 -0.8909282 -0.055634562 0.28545806 -2.152401 -0.99186856 -0.41568875 -0.043655504 -0.24031666 -3.099214 2.5366066 -1.3056376 1.2115273 0.7599323 2.0989137 3.2706742 0.3982042 0.97724193 -1.0717888 -0.6246348 -3.3302407 -1.0198855 0.15832658 0.26272258 0.7695447 2.51487 -2.382554 -1.2794944 2.859797 -1.2826226 -0.74890614 2.2468696 1.1795566 -2.230855 0.8578566 -0.5834322 -3.287847 -1.9995008 1.3783557 0.8757947 0.8101494 -1.2048846 1.395568 -1.2454281 2.1325145 0.8205058 1.8706298 -1.9674207 -2.3251474 1.6608733 -1.2085 -0.28524712 2.1618974 -0.9340849 0.028823458 1.0727718 3.5844295 -1.0279465 -0.5962544 -1.3116784 -1.7940897 -1.8033392 2.4406133 -2.7694633 0.81849873 1.9553511 -0.2151067 1.9625615 1.6329496 -0.076002024 2.598596 2.1137052 1.557972 -3.4905062 0.5765816 -0.32074112 -2.1102583 -1.9981129 -3.5141783 -0.71545756 0.43856528 -3.18556 -2.5947518 -0.22925499 -1.2175165 0.7956593 0.04562411 0.029121488 0.38673392 2.0474343 -1.310825 0.9454917 0.5884482 1.2585093 0.33379835 -0.20788404 -3.521906 -0.080978096 -0.5344098 -1.8609221 -0.4730962 0.83926076 -0.6252594 0.34530523 -1.1417116 -1.8522983 0.6261369 -0.5672654 -2.8795881 -0.94289726 0.28909597 0.09441565 0.19995873 2.292027 -0.22007386 0.13261463 -1.7608113 3.1651926 -1.6939613 -0.54292095 0.9067959 -1.3258694 -1.6176707 0.5023087 -1.235498 3.2147233 0.64410657 -0.07383759 -2.1731386 -0.9356714 2.0648804 0.9718289 0.7978603 0.15346001 -1.3325629 -0.54639953 -0.015385994 -1.7739034 1.6007261 -0.5521971 -1.1953839 0.92099744 -1.1948155 2.0057428 0.9343198 2.1254249 0.8253689 0.4755573 -3.0904858 -0.94067204 -0.37604803 -0.35768217 1.6984175 -1.1745759 0.4536079 0.25192901 -0.57223845 1.2718484 0.9786155 0.45507103 -2.0867982 0.38403943 -0.43510357 -2.4975495 2.6527548 -1.8065755 2.2379012 -0.38937944 -1.940937 0.3866627 -0.64588106 0.16797468 -0.287543 0.6777428 0.628513 0.71427685 0.3167482 0.23208024 1.1699355 -0.29800943 0.9527532 -0.8501828 -1.4416937 3.5496778 -1.9202757 1.232999 -1.183453 2.090928 1.1047057 1.3243771 0.2930237 -0.56322 1.1778541 -2.4905744 -0.16642836 1.4443905 -2.548836 0.17906573 -3.2128978 -2.1328795 -1.2664992 -0.43586347 -0.68513465 2.3111844 -0.6011254 1.6732163 0.12755586 0.50153816 -1.377174 -0.77120405 2.1755338 1.3952965 2.458485 -1.450326 0.1377846 -2.6543071 1.0304219 -0.8359889 0.4633609 1.2092658 1.5122595 -1.5720426 -0.03207089 -0.1494818 0.7604567 1.7258337 0.23382378 0.4786565 -0.6205842 -4.248617 -2.155754 -2.3864717 2.325432 -1.1225984 0.5520848 -0.9378476 -0.56667435 -1.9186993 0.08125312 0.8629966 -3.294573 1.0874686 1.5296171 0.5466297 0.8461348 -0.40189853 -0.6604957 0.42172325 -1.7869338 1.3251306 1.057547 1.3705877 -0.7707965 -0.81018454 0.20210111 -0.70557046 0.5848682 -1.1992685 -0.20653795 -0.72249144 -0.7705666 1.4239054 -0.58593285 1.8692951 -0.3008258 -1.1545112 -0.30803895 -0.6046189 -1.645892 0.8519858 1.2760712 -0.74397916
solvent -1.1097875 -0.6587173 0.5439618 0.026028115 -2.5687556 -2.6535275 0.66369194 -0.16777043 -0.5672752 2.3702688 -2.3102996 -2.2404938 0.7990309 -0.14884242 0.0002747211 -2.2327204 -0.2528021 -1.5745263 1.6786209 2.97319 1.0005827 1.4684265 -2.2978842 -0.48196974 -1.2734638 1.0462439 -1.132815 -0.017240034 -0.5559879 1.3633165 0.9262078 -0.7874649 -0.9420095 1.612112 -1.7469422 -1.5960177 -1.3285913 -0.45262203 2.035689 -0.3384734 1.86046 -0.0076249153 0.7370184 2.0602982 0.43591997 0.7998103 -0.6932101 0.51745707 -1.771994 -1.4870567 0.27461606 0.14866455 2.38722 1.4032391 1.2798061 -2.3293927 0.075934246 -1.0050904 0.45425838 1.6662605 -1.3998066 -1.1245066 -1.9204935 -0.2395271 2.0481565 0.9938809 -1.5113987 0.5728781 0.60114646 -0.2247056 1.5104902 -2.7779646 3.319903 0.90340203 3.4734132 -1.0664061 -2.1942253 0.31517413 -0.8225287 1.7784618 -0.5576955 -1.4655361 0.60417277 0.44144517 0.87086946 0.41822612 1.4358209 -1.7429672 1.2494804 -1.0461932 2.7162867 -1.2007263 -1.8971875 0.054564945 -0.7974908 2.6869273 1.0696273 0.48218974 3.1104047 2.2030754 0.40953255 -3.7225626 2.5756145 0.74420583 -1.0726845 -2.1926272 -1.1374323 0.58896357 0.40945145 -1.0375468 0.19624066 0.9854692 -0.3626922 0.4251949 0.06853481 -2.319089 -0.64847535 0.833221 -0.00033647165 3.799887 0.27092478 0.53689677 0.44158283 0.2010739 -2.6384425 3.7609787 -1.0279545 -0.7672333 -0.2904557 -1.4062262 1.3357826 -0.5360248 -1.8477199 -0.49285075 1.5053142 -0.25804642 1.9597408 -0.5794038 0.7512428 0.5291663 -1.4268377 1.0472603 -0.39561877 1.6697527 -2.6582491 0.84587747 -1.2538631 1.0024925 -1.7972057 -1.6454872 0.11521325 -0.55286056 0.50994945 1.5270733 1.1588488 0.7937025 -1.2206367 -1.9618913 -0.15309967 0.18296485 -0.69042444 -0.1073264 0.9077508 -1.7653898 0.8776585 -2.185148 -0.2107006 1.0369565 -2.1906488 2.2046866 -1.278688 -4.599534 1.1980361 -1.5634888 0.33913174 -1.2894181 -2.3661373 -0.56272286 -0.57662886 -0.636552 -0.56075084 -1.8964177 0.9860893 0.82959336 0.25087512 0.9835141 0.10918602 2.484364 1.7069647 -2.8562224 -3.4946153 3.153989 1.0289016 -1.019393 -1.7860212 -0.27725372 -1.3306189 -0.9503593 -0.56585276 2.310877 1.0478469 -1.1086315 -1.2335535 -1.2461344 -0.0595491 -0.751773 1.5527198 -0.4859135 2.820834 -1.0013005 -0.18002684 1.7194893 -0.24219106 1.3300368 -1.7880981 2.4990718 1.2393947 -1.0109653 -1.829245 -0.13591218 -0.9946786 -0.71312207 -0.64896876 -1.2506473 -0.2992876 -1.1241996 -0.37675062 0.9941275 0.90917873 -0.082838066 -1.7977135 0.00093846594 -0.6087155 2.1554413 0.8004943 1.9442003 0.031428225 -0.12474913 -1.0206851 -1.9793385 1.9808939 0.15257469 0.20409897 -0.94555265 -0.121605515 -1.0795981 2.2628343 -1.3716842 -1.893421 1.523303 -1.258461 0.3429889 4.063378 0.49522483 -0.677129 -0.7257271 -0.18626453 -2.6147835 -0.96296597 -0.7654602 -0.13288014 0.9712275 -1.2432538 -0.3203745 0.9387121 -0.8153331 -0.1641066 1.1053805 -2.430557 1.5286021 0.88016367 1.5145946 1.1036453 -0.8931041 -0.88789713 3.8065548 -1.32719 3.0504837 1.2625515 0.43841568 -0.743659 2.420904 -0.9439538 0.48192552 0.6808892 -0.31542376 -3.1488967 1.0926546 -0.6192948 0.023830643 1.7640432 -0.09340217 1.418206 1.7859302 0.17585732 -0.20700963 -1.9049559 0.25123414 -0.067370564 -2.1672704
birch 0.35681373 0.077238284 0.7616782 -2.0116327 0.18495494 0.71181786 0.44302803 0.8783278 1.056552 0.6532158 -2.869397 -1.1000478 0.37302345 -1.6551889 -0.49386948 1.0257611 -0.85325277 0.32678023 0.7776926 -1.2843039 1.4623307 -0.33005038 -0.5072356 1.6131301 -1.4375143 1.767656 1.8112843 -0.69788325 0.021207921 -1.9578469 -0.5944113 1.0600996 -1.1812332 -0.11391406 1.5458542 1.0374913 -0.9083913 0.76374316 0.8231836 -1.0340223 0.41851264 -1.096513 -0.8657058 1.6895423 -0.18434411 0.34162578 -0.27493668 0.43238133 -0.020402147 0.35812205 1.0925585 -0.029858405 1.8134094 1.5346202 -1.1282517 -2.3489933 0.903413 -2.0618517 0.8627075 0.43459198 0.77892023 0.45222357 0.91773653 1.0905952 -0.47721243 -0.44493306 -1.3986237 -0.22065203 0.12412925 -0.8184859 -0.51909214 -0.60164946 1.1630547 -0.11564783 -1.0052801 -0.16171831 0.06400615 1.1878264 -1.086223 1.3009033 1.0637323 -0.8754653 -0.18363144 -1.1744787 3.3837292 0.10020923 0.24637705 -0.3685654 1.2112906 -0.6150909 3.0961232 -0.6502867 2.3389218 1.0177209 0.5632894 0.09214196 1.5200397 1.0965941 -1.4616348 -1.6840959 -0.26562542 0.8715731 -2.4458425 -1.319513 -1.9066577 -0.34364057 0.16903424 2.459682 -0.18286048 -1.2663414 -1.2476523 -1.5922893 -0.90905654 1.9192864 -0.06821357 -0.08240028 -0.22361335 0.09126749 -1.8409075 0.63210475 -0.3138036 0.5252168 -0.3797507 0.030837988 0.0685706 -0.7463902 0.34613866 -1.3893406 0.76377887 0.15591298 1.4751232 -0.38662466 0.90266067 -1.4705518 -1.4657098 -3.3705344 -1.3624148 -1.3063186 2.981841 -1.0118105 1.3001758 -0.2679408 -1.3080037 -1.3559953 0.3525337 -0.07952618 -2.030241 0.22468162 0.75233746 -1.3668536 -1.8802032 -0.015549419 0.5738237 2.9715266 1.8548363 0.41385484 -0.051716644 -2.2247941 0.6964665 -1.966774 -1.1142465 1.4477893 -1.2789364 -1.7681991 -0.1265512 1.3858438 0.3330609 -0.5883785 -0.8428498 0.88917065 0.5436207 0.33417514 -0.12558788 1.4084526 1.1767007 1.7556044 0.81442183 -0.899854 -1.3879126 -2.5871952 0.59308374 0.5936775 0.6166631 -0.19007838 0.7830381 1.2476428 0.94468904 -0.03168878 -0.23665272 -1.6378496 -0.27588746 -1.4349144 0.94168174 -0.25724906 0.9724119 -0.55695575 -2.2013795 -0.07033383 -0.5519493 -1.1753817 -1.1669086 2.1636343 -0.39527723 0.59460896 0.8068098 -0.97551656 0.4428263 -0.1129855 -0.14060599 0.954477 0.46867982 0.58098674 -0.42403403 -0.4364002 -0.075872846 0.08111166 -0.0771818 1.1221688 -2.3280187 0.34961453 -0.14838459 -1.0151972 -0.7585171 -1.0612046 -1.9225445 1.7962295 0.9063873 -2.4616265 0.21147978 -0.2510334 0.5270893 -2.1549864 0.5083546 1.8660525 0.9048783 0.49473006 -0.8488737 -0.8217758 -0.053103127 -0.822848 1.6101928 -0.9443644 -0.21182686 -2.2471507 1.589756 1.5988588 0.96555984 0.12264539 0.07182995 -0.61635673 -0.8274365 0.9537537 -0.6560523 -0.18371288 0.5924484 -0.92331254 0.8013524 -0.61598563 0.31501564 -2.0333092 0.32551172 1.856385 1.2662611 -0.72064894 -0.9561486 -2.7655344 -1.5529176 0.7396242 -2.959393 1.2527193 -1.8398371 -0.73710334 -0.60251004 0.17665412 0.32096556 -0.23247159 0.70341134 1.0866356 1.230699 1.6559677 -0.7195928 -0.30970776 0.78886133 0.13175021 1.218387 -0.35995752 -0.55439365 0.57994753 0.5726914 -0.5102918 0.23616146 -0.07271284 -0.3673095 -0.58751327 -1.05314 1.0084168 -0.9105342 -0.13249387 0.13270706 1.3671784
lavender -1.0574999 0.30376184 -1.7334094 -2.4496944 -0.5690671 0.2299884 2.018353 3.708203 -0.4647159 0.47681597 -1.3623735 -0.79751563 2.3299065 -1.8884763 -1.9306335 0.03528624 0.012504904 0.55562687 0.18815577 -0.029028147 0.88237464 1.5076573 0.27694353 2.2175455 -1.4002738 0.40477368 2.3549666 -1.1231995 1.0353906 -2.2795293 -0.8680454 0.5652871 0.47069848 -0.53543985 1.0958073 0.4814406 -0.30691436 1.4873642 0.3170577 -0.66553766 1.3733691 -0.6303505 -2.3055618 4.0182505 0.5176414 -0.18091393 0.2240252 1.7570984 -2.6217668 -0.90353847 2.490732 2.1472204 1.6787163 1.0359678 -0.44426796 -1.8500253 1.9014584 -0.8098839 -0.68283546 0.75174665 1.3213637 -1.7635269 1.2529757 0.34296542 -1.2910572 -1.1479535 0.6818246 0.9916154 0.3400373 -0.2643335 -0.07291161 -1.2359123 1.2751938 -0.27884117 0.42669865 1.5300862 -1.3012191 0.097877376 0.07257931 1.7590462 1.0413585 -0.52632457 -0.06452329 0.57587796 3.0087116 -0.9852955 0.087952465 -0.022509782 0.37231052 -0.61411095 3.6207821 -1.1367055 0.45702115 1.2255796 -0.37948275 -0.50866604 0.8318949 -0.23524523 0.642471 -0.964605 0.3331752 -0.24017651 -1.3849554 0.12249635 -2.6644516 -0.7120322 -0.60779476 0.18920508 -0.87755716 -2.2917688 -1.3001131 -0.7012682 -0.507734 1.734718 -0.9179008 1.3649437 0.38199383 0.8318298 -1.8175564 0.013103796 0.2864787 -0.8905136 1.3132776 2.4243932 0.40722135 -0.57161504 0.68329406 -0.5098127 -0.0520113 1.4901882 -0.67220044 -0.4237483 0.6384971 -1.9033396 -0.40367147 -0.87562364 0.26329464 -1.9639473 2.4854834 0.09999302 -1.2020459 1.1661186 -0.24754378 -2.3775065 -0.5495923 1.7727132 -2.34066 -0.39362136 1.8183832 -2.54355 -0.3697116 -1.8919004 -1.271034 2.0129447 0.1722682 0.8387886 0.34528846 0.44360682 -0.63105226 -1.6706953 0.087117195 0.47460994 -1.7612598 -1.4135627 0.3205157 0.08316324 2.0810533 1.2354802 -0.5708537 0.7241188 1.3540454 -0.15548389 0.5855795 2.1328914 0.9804392 0.8463984 -1.5327365 -1.8496362 -1.7151797 -0.42146984 2.2782416 -1.1487111 1.4162596 -1.6728973 0.53183514 0.575091 1.5765318 0.40439633 -0.2035176 -1.0934923 -1.1598321 -0.8491949 1.7880203 -0.5730227 0.5596334 0.3229432 -1.5931593 0.71119183 -0.17337118 -2.3060777 -0.2603468 -0.16852462 -2.3185792 0.5241363 0.47289422 -1.6329632 0.12240121 -0.80168355 1.1839343 0.8690595 -0.6159445 0.9470735 -0.62455386 0.19622886 -1.4612288 1.9148202 1.1072531 0.93076116 -1.4472957 -0.85193497 -0.23218657 0.19350195 1.1407257 -0.53484607 -2.0276508 1.856864 -1.071907 -1.6972157 -0.7163901 1.1049823 -0.3062141 0.08155949 2.0024683 0.55516106 1.26378 2.2221706 -0.69579667 -2.054698 0.9317583 0.15434627 1.6294388 -0.082287185 0.94303465 -1.4594802 2.0034964 -0.076680735 0.52144176 0.90288264 0.60202616 -1.3106241 -0.701646 -0.057702728 -0.1913564 0.68984157 1.5640745 2.2651787 0.71827507 -2.162413 -0.72755086 -0.19233502 1.9703374 0.8303892 0.4138976 -0.040756624 0.2541124 -2.6277843 -0.8562376 -0.107391186 -2.286126 1.3716978 -0.17742045 -0.3600648 -0.3150472 -0.5867793 1.6349624 0.055757508 -0.26376688 0.09044867 -1.1203284 1.5516988 0.080068044 -0.2792707 1.0185096 0.27261373 1.6778638 -0.5511591 0.3754757 1.2103918 1.2443447 1.5985204 -1.6141852 2.504427 -1.7694808 -0.53553283 1.3573692 2.7713287 0.23771602 0.24370675 0.091497414 1.1746628
manure -0.23847961 -1.7546842 -0.8874874 1.3268954 -3.34984 -0.80593514 0.46883273 2.4690235 -0.9068434 1.4928712 -1.3224558 -0.65837985 1.6862016 -1.8933048 0.7770142 -1.0880221 -2.4676812 0.91074806 0.72927594 -0.787616 1.5636253 0.11893911 -0.020000532 -0.9136669 0.11701236 0.37746382 -1.5746995 0.81680715 -0.07535381 1.1094236 -1.1431863 0.6522342 -1.317861 1.4585693 -1.8935697 -3.1568365 -1.8522971 -0.10061814 -2.5086112 -0.5363285 2.8484619 -1.4383941 0.6010276 3.0427823 -1.233541 -1.3095928 0.32840598 1.6065533 -1.08899 -3.738646 -1.442366 0.5705403 2.6057565 0.006695126 0.4380356 -3.4762695 0.7152861 -1.5470418 -0.33136722 -1.8352485 -0.66541374 -0.16721284 0.0871933 1.656902 1.0354713 0.5835618 -0.36090785 1.9292363 0.08624284 -2.6854353 3.3285606 -0.49236542 1.200418 0.47687173 4.019317 1.185499 -1.741324 -1.2412975 -0.51324385 1.3315524 -0.059968956 -0.69605464 -0.81121117 1.383084 3.4878974 -0.98508835 3.0958529 -1.9676747 -1.0678107 -0.18533602 4.248554 -1.3170489 -2.0030913 -1.9122112 -0.2740622 0.38454893 0.046875946 -0.13230215 0.17266008 2.7764578 1.9898264 -1.3745077 2.4503467 -1.1049296 0.41068402 -1.9878069 2.5642407 -1.0967516 2.27166 0.1274597 0.62849367 1.8108741 0.0015656136 1.1138129 2.3190122 1.994983 0.78069186 2.1360836 -0.25170186 4.1658373 -0.41567478 0.70725507 2.0102513 -0.29988876 -1.4227252 -0.22476274 -0.6035291 -2.1292982 -0.23378915 -0.29089567 -0.6634216 -0.92276937 -1.8569971 -3.019807 0.5330168 -0.09690061 -1.4443752 -1.8436503 1.0453944 0.14091517 -0.3377669 -0.76201034 0.6347726 -1.4474785 -2.6789122 1.76788 -2.576789 -1.0370749 -0.93621725 -4.279327 -0.82420576 -0.5667838 -0.0017023506 3.2799606 -1.8328922 1.4731457 -2.546924 -1.6341858 0.11235638 -0.5258891 1.7153133 1.2432183 0.7424634 -1.5491004 -1.982853 1.3496209 -2.288716 0.8822318 -0.33396474 2.013084 -1.6232892 -0.7861637 -0.7412997 2.5156336 0.34164128 1.6868839 -0.50704026 -2.7082598 -0.45205352 -0.3444457 -3.0977373 -0.20558889 -1.6929673 -2.426064 -0.40907505 -0.58056504 0.6223896 -0.8051141 -0.41255096 -1.6275108 0.40480727 -1.5371864 -0.9239972 -0.92352986 -0.39877698 0.15212964 1.4416885 -0.78313917 -0.65937597 1.9624535 -0.70764506 0.5273948 -1.3784511 0.677088 -0.561538 0.2777368 0.62342185 -2.7962623 0.31558013 -0.7924388 -1.59957 -0.9507277 1.0452183 -2.2105818 -1.2828555 -0.49993205 0.90448326 -0.08723165 -1.9017781 -1.2387953 -1.30661 -0.31462407 -2.189061 -1.0221277 -1.9441813 1.9515805 -2.3867488 1.1214317 -0.45418316 -0.32857192 -1.1903164 0.09855476 2.5036654 0.6109141 -1.7184819 1.6080205 0.39816225 -2.7779052 -0.34436935 -1.0575335 0.2172817 -0.06814198 0.534215 -1.9613701 1.960658 -0.892937 0.62202996 -0.10179305 -1.8792337 1.9764212 -0.8060617 0.6678549 3.2953992 -1.6917634 1.0017565 1.6849015 1.5241231 -5.9203916 -0.64903855 -2.2217836 1.1202644 -0.6899789 -2.3097727 -1.086909 -0.40789983 -1.745179 0.31815732 0.4256876 -1.7784584 1.7977111 1.409695 -0.3849863 2.4281836 0.98109174 -2.8801203 3.9982457 -0.01759753 -0.2165788 0.6172516 -1.0409333 -2.3374903 -1.6639419 1.6503559 1.7596147 3.044031 -1.9677994 -0.98461825 2.5119393 0.75960445 1.0689751 2.0376766 -0.14302583 -0.8808263 -1.6358384 -0.4419961 1.2079909 -1.8764311 1.4573488 0.9581144 -0.05222899
incense -0.6757423 1.0977392 -0.73330045 -1.8415873 1.1549056 0.8158215 0.41502702 -0.21118104 0.5806398 -0.029049141 -1.8067183 0.26270464 1.6719363 0.39498726 0.14897698 0.48837742 1.8965153 0.20400184 -0.20761104 -1.4251608 -0.62328 3.6328259 0.14311142 2.073784 -0.03140931 -0.98395133 0.9133906 1.2829305 1.3431545 0.66891116 -1.3364427 -0.25106826 -0.2816801 0.4219416 0.21044023 0.6207013 2.6619716 1.6861204 0.6252628 0.4000755 -0.08218851 2.0707848 0.19410236 0.9193261 2.7950716 0.5623105 0.3303497 -1.1343644 0.08482616 -1.4305378 0.2168529 2.0932982 1.384093 1.3842397 1.7615466 -2.3681839 -0.257846 -0.3067691 0.80080867 0.9728632 0.014108371 -0.76434976 0.70913994 -1.9919087 -1.8491782 -0.9158671 -0.0004664776 1.9184052 1.3879702 -1.3148996 -0.90754086 -3.1617677 1.53811 -0.15099844 1.2094779 -0.9562049 0.14270727 0.17497922 -1.3150519 -0.68580806 0.6327709 -0.1343486 -0.46835434 1.6520135 0.8770333 -0.13985512 1.0689528 -0.6205977 -0.6313244 0.2698028 0.03772416 -0.10954209 -0.3269189 0.20948997 -0.29845086 0.84101033 0.19828649 1.4337689 -0.41127554 -0.26348448 1.532792 -0.26346692 -0.698222 0.4056095 -1.0032636 -1.8411626 0.4636757 1.2423772 1.150357 0.440049 1.8142893 -0.50739 -2.410334 0.79092574 0.4491255 0.4005456 2.24784 -0.34031796 -1.6034604 0.820673 0.79406387 -1.0514787 0.78985 -1.3955384 0.33833176 0.18369906 -0.34082335 -1.1603379 -0.56333274 -0.9827925 -0.32596 -0.5258195 -0.016560627 -0.6347167 0.41136867 -0.49689537 -0.5295716 -0.50977355 2.9795501 -1.6704019 0.6763886 0.642362 -0.33324933 -1.6808689 0.44703117 2.475272 1.7106049 1.1224847 -1.711322 2.2036402 -1.758873 0.6416763 -0.038517185 1.8767623 -1.0497104 -0.73778605 -1.7932644 0.024694089 0.3197489 -1.6142722 1.4225483 -0.8159726 0.49924958 1.1249315 0.022248263 1.7288712 1.3053571 -1.3358634 -1.8993495 -1.0106578 0.066761345 -2.706754 0.5438319 3.0692527 2.3705957 0.6057113 -0.052340485 0.104820594 -0.21999371 -1.1507212 0.7230665 -0.9642054 1.6244463 1.0621798 -0.0748884 1.146302 -0.8365775 -1.4930927 -0.38334885 1.0043525 -1.0387458 1.0867511 -0.8200054 -0.3263145 -1.3842362 0.598133 -2.894806 -0.36611038 -0.48790565 -4.6901593 -1.4907389 0.7300545 -1.1363509 0.314471 0.6657745 -1.0681119 1.4971862 -0.11198568 -1.4976127 0.069702715 0.31876928 0.7958409 -0.3816749 -1.517715 -1.5860665 0.62462604 0.64761174 0.2870849 -1.2337587 -1.5507524 -0.8314256 -0.7005875 1.587616 -2.4820628 0.18565312 0.15053362 -1.2975085 0.5677993 -0.7501943 0.9690197 1.8516122 -0.40106592 0.62932515 -1.2770188 0.64560354 0.24755882 -0.59073037 0.4674975 0.3570871 -0.579376 -0.7107695 -1.1320893 -1.5773553 -0.18773259 -0.12310387 0.5318823 0.980231 0.3315277 0.5848368 0.4736659 0.85161424 -0.10637951 -1.2024298 1.0649542 1.3269429 1.7690668 -1.1949183 -1.8055168 1.9871048 1.363882 -1.5415162 -1.6511735 0.94999874 0.1878531 0.61351466 0.044089966 -0.47384936 -1.264874 0.0800747 0.91484356 2.1419241 -0.5727064 2.4947371 0.6018927 -1.3097392 2.0194318 -0.25487924 -2.036905 -0.30682507 1.5796907 0.80405325 -3.3740184 0.87297785 0.7122413 2.108664 -0.2890734 0.9788498 1.5645081 -0.8816185 1.4995971 -0.8699066 -0.79958564 -0.763732 0.7169887 0.9089582 0.22081976 -0.2326437 1.5535747 0.21075684 -1.8497238
caramel 0.1360602 -1.3098874 -1.3736682 -3.090686 -1.4142494 0.48176482 1.140959 3.4354827 0.8561629 0.07868014 -0.3188082 -1.3324596 1.3522727 -0.697161 -2.6788464 -0.55465275 -1.9034867 -1.164327 -0.10994607 -0.01979578 0.13114387 -0.7532054 -1.6368409 1.7201339 0.19846782 0.50633395 0.8803357 -0.74088 2.0422997 0.25359267 -0.7885369 1.0699552 -1.2490978 -1.5676374 -1.0607529 -0.5531005 0.5701388 -0.49591002 2.060904 -0.20804942 0.3585471 1.0106044 0.9112945 1.7475357 -0.5803216 1.2940357 0.19409667 -0.36196795 -3.2791882 -0.625981 0.8792012 1.6445022 -0.10612146 1.9503425 0.23194756 -1.1210445 1.8049148 -0.83579063 -1.0106533 1.7013721 0.79317886 -1.8965119 -0.29540774 0.65682614 -3.0963283 -1.0987324 1.4929959 -0.51603526 1.4633393 0.22432429 0.21377471 -2.042214 2.967921 -0.5229007 1.2385801 -0.8879267 -0.30395576 1.655504 -1.5080138 -0.34453085 1.290313 -1.6374689 0.6300523 0.15475892 1.152596 -0.4147178 -0.34013897 -4.0001163 -1.231907 -1.3815995 2.9583368 -3.6056693 0.5984112 2.2043738 -1.6227721 0.0063389195 1.2191532 0.24144405 0.53762525 0.9904622 0.7642286 -1.9611686 0.46927768 -1.9664342 -0.5288816 -1.6350793 -3.3350666 -1.7929476 -0.041077394 -2.0814974 -0.6542339 -0.22412482 0.012901713 -0.5187898 -0.28678048 -0.60024464 -0.38217002 -0.4612953 -1.8189425 -0.037504993 1.4958538 1.4825443 -0.02117311 1.854058 -1.7336792 -0.38959786 0.20624197 1.1820529 -0.058577277 -0.2947773 0.32463497 0.43640044 -0.7755077 -2.0177681 -0.5304047 0.05565117 -2.2748935 1.0365077 2.2900958 -2.773209 -0.9151007 3.914135 -0.35944346 0.3955602 -1.5882019 1.9413289 -2.05596 -0.39371222 1.7696874 -0.79374474 -1.1606386 -0.6073331 -3.6348805 1.3719764 0.022396104 0.83365506 -1.0456216 -0.18559422 0.94892436 0.2058462 1.5762286 -0.4632983 0.24450241 -0.79758507 0.8609507 -0.44902164 3.414417 0.19575177 -0.66220695 0.27527264 0.23272638 2.2760522 -1.5080177 1.9508861 -0.20244087 -0.8257445 -2.2304263 0.30420217 -1.7938756 0.15837488 2.078149 -1.4341598 0.0661265 -0.4892167 1.2247962 2.664843 0.8385575 0.5157955 -1.6556892 0.30412397 1.7946203 -0.6929622 2.3622618 -1.4632552 2.0921896 0.3896939 -2.9850972 -0.4927611 -1.43198 -1.4463907 0.5263499 0.28925526 -1.3236864 -0.10308156 2.2703993 0.87882847 0.94286317 -0.60292953 0.12465812 -0.40100786 -0.25305125 3.361999 -2.3090591 1.3646066 -1.8103371 1.5496678 0.37957132 1.8695928 -0.46889254 -0.88170594 1.4649711 -2.3244 1.5687951 2.3150036 -1.6760347 1.792471 -2.8083096 -1.2336166 -1.2284448 -0.064130336 -0.93920547 1.5186318 1.1359562 1.0105848 -0.07296382 -0.29599732 -0.85600704 0.13273828 0.4951909 0.5772494 1.8600645 -0.85052294 0.7960557 -1.7978907 2.339693 -1.3535084 1.7077738 1.7391586 0.8594474 -3.0433218 1.9380192 -1.4964458 2.0234659 0.21698838 -0.72606 2.9780598 -0.41352543 -2.3178568 -1.9605138 -0.97182447 1.7059896 -0.6721072 1.6696618 -0.6262966 1.3025669 -0.796895 -2.300129 0.9101632 -3.0608242 0.11021397 2.289436 -0.30664045 0.16641134 -0.5334712 0.55330294 -1.3344889 -0.21170191 1.5493425 -0.9595417 0.68808484 -1.3015512 -1.1234517 0.5557485 0.13669315 1.0964477 -0.39952266 1.2990657 0.3379251 -1.5796266 0.55915034 -1.8226103 1.0390028 -0.5324847 -0.03063011 1.7182355 1.5381484 0.05452883 0.33588296 0.7424174 -1.095923
ammonia 0.003604913 -0.16089042 0.1781885 2.4985063 -2.983989 -2.1980748 0.57102585 1.8401216 -1.2969459 0.63311666 -1.6724039 -0.9084059 0.8130373 1.9056412 -0.56581855 -0.33599034 -1.7397454 0.18669662 -0.77279687 1.4548979 0.48927218 -0.4691961 -0.613105 -0.99524283 -1.0988878 0.8981754 -1.4234166 -0.04825979 1.2299027 -0.37613457 0.89691925 -0.49388844 -1.7685524 -0.14348587 -2.2589393 -1.2644693 -0.8547963 -0.06612011 0.17521462 -0.25405473 1.4699947 -1.1534816 -0.67085886 0.5580281 -0.749989 1.1737287 0.541075 0.6712436 -1.2171255 -1.049243 -0.8537071 0.33152792 2.4111776 0.71941054 0.7620514 -4.8420987 -0.17216368 -2.0061662 2.3147929 -0.13257255 -0.51968855 -0.16762647 -1.6312197 -0.7412251 1.548231 0.90004486 -1.2174692 2.8715127 -0.45933157 -1.0969245 2.881643 -0.18176882 0.47613797 0.2767205 4.2079725 0.046844605 -1.9041191 -0.86020637 0.060043383 1.9793601 0.23252591 0.14283857 0.7229878 1.5263556 1.887375 -0.15871057 1.3366604 -0.8179072 0.60585517 0.07858168 1.0132506 -1.5900203 -1.7418206 1.94586 -1.3353308 0.6553244 -1.5777525 0.024023222 3.3355284 2.4802818 1.6987756 -3.868319 0.9354666 -1.4823853 -1.0558202 -2.4663718 0.10108252 -0.58535665 0.37659115 -0.5583875 2.0100362 1.2932986 -0.5868426 -0.033315215 1.745408 0.22862683 1.5684687 1.4158341 -1.9555191 3.360471 1.7308964 1.6191168 0.6429418 -0.04605775 -2.196717 1.6189972 0.58029425 -0.017060364 0.3337907 -0.35782713 -1.221739 -2.2918289 -1.3680478 -0.68613267 2.008842 -0.90918297 -0.035238814 -1.0917976 1.5832092 1.0637996 -0.9280927 -0.46623078 1.2047756 0.9728447 -2.990309 0.85840625 -1.214863 0.685076 -0.9819784 -2.7208729 -1.277045 -1.0270747 -1.1025784 3.4591808 1.2014112 0.65278035 -2.0188758 -1.8823355 -1.7957736 1.7750597 -0.5157623 1.5847459 0.1269681 -0.86197984 0.11324269 -0.79789764 1.0256181 0.9623995 0.30555665 1.0252993 -0.7908037 -2.435126 0.7488865 -0.5234001 -0.8493938 -0.49552044 -4.21812 -1.5966675 -2.4304526 -0.46733764 -2.2913933 -0.032627635 0.7929414 0.8651664 -0.56391966 -0.35187533 0.311123 0.7469579 1.2836336 -1.7181993 -1.9025311 0.021350678 0.54745305 0.16893601 -3.069334 -0.8182839 1.1377571 -0.6938597 0.53636986 -0.5034207 -0.44678864 0.23709539 -1.8925779 0.25520346 -1.2855178 1.6716194 1.0215425 -0.6179195 2.0331585 -1.1592461 -0.93049675 1.4978873 -1.4255337 0.33260733 -1.4204819 0.86396545 -1.272236 0.9436725 -1.7978731 0.018929917 -3.9066153 -1.1051269 0.24312301 -2.2119799 0.06414538 1.1023521 -1.6209608 1.1402938 0.9464747 -0.14077891 -0.5671712 -1.2752578 1.754185 2.3819246 -0.44331303 1.2177681 -2.0958161 -0.23415458 0.3706698 -0.7434707 0.6591783 -1.1123512 -1.341928 -0.2918371 0.9694049 -1.4980903 2.5389404 -1.6074678 -1.8355635 2.1924934 -0.8143468 -1.4017832 3.5816627 2.3119729 1.0906131 0.8701864 0.8394118 -3.266398 -2.0920203 -0.84481794 0.17331341 0.14675428 -2.8934865 -0.40056127 -0.4340121 -0.3907504 0.2640017 -0.17726824 -2.1140285 0.67852443 1.537443 0.09794905 0.86035293 0.30410168 -1.2598661 3.2400572 -0.41416204 1.6671665 1.2588215 0.59657216 -0.42472133 0.7832054 0.1909241 0.4503727 1.0764555 -0.6605613 -0.39355835 2.3411145 -1.9166231 0.10835781 2.262628 -1.0773035 0.02177821 -0.4467142 1.2005279 1.3859726 -2.300545 1.3087158 2.3725567 -0.75884336
detergent -0.46036124 -0.78598386 -1.2283404 -0.44972995 -0.3796538 -2.4014354 2.5844378 2.0797026 -2.0498307 2.9425864 -2.1687284 -1.0517813 3.1359913 0.17336197 -0.5131681 -1.9718992 -2.4885218 1.2502009 1.9155056 1.825289 -0.43025 0.26864037 -1.4066228 0.083007365 0.41480783 -0.025773646 0.9550765 0.29445112 1.0087545 1.4763534 1.1013917 -1.1573975 -0.6738737 0.40196815 0.164862 -0.890583 -1.4952949 0.43899816 2.6701963 1.4851102 1.4949077 0.6553508 1.6720843 2.2974677 1.8329693 1.2901726 0.10499051 -0.55641 -1.2306739 -1.37102 2.60233 1.006783 2.7014475 2.2020998 1.286928 -1.6214614 0.94185835 -0.77295756 1.2949474 0.60312814 -1.3352132 -0.45323834 -0.36215633 -2.0729961 0.31640375 -1.2948436 0.6248598 0.5463399 0.863061 -0.31684986 2.7578518 -2.0468612 2.148264 -0.7500077 2.3998234 -0.14305292 -3.872132 0.2634306 0.86384624 1.0208821 1.1674576 -2.4558988 -0.53718865 2.3310122 2.9803567 -1.2574377 0.85010016 -0.6159877 0.744799 -0.48606735 2.297491 -1.160842 0.59013915 1.321406 0.078551546 2.6137593 -0.5230138 -0.81336415 3.2289574 2.6561666 1.3825363 -0.9131121 2.0058813 -0.68688303 -2.2048566 -0.6049663 -1.1940151 -0.7063676 -0.61529636 -0.8546342 0.24934283 0.7814317 -0.059714545 1.0633876 0.5414321 -0.6506187 -0.47665817 3.0695205 -1.4049067 2.4656935 -0.43820214 -1.0088704 -0.6406492 0.67498904 -2.5894136 1.8934916 -1.8451941 -0.9692286 2.054572 0.17006308 1.0240928 -2.7047853 -0.086245276 -1.1271548 0.2652675 -0.03994214 1.3161712 1.4005494 1.1490175 1.0242168 -1.6822784 0.8999085 -0.28392667 2.146665 -0.9707371 2.5936706 -1.0686802 0.6863611 0.8577856 -1.5812218 -1.4605712 -0.8821956 -1.963517 2.2370915 -1.67235 2.3256822 0.77941835 0.010491982 -0.14184628 -0.6487047 1.9753131 0.715672 1.4919928 -2.0656161 1.1120297 -2.4321034 -0.58318394 2.9342248 -0.3437189 1.9080886 -0.45187157 -1.1737794 1.9515007 0.1818201 1.1147435 0.1837565 -3.3414319 -0.66956306 -1.7002884 -1.2200677 -2.1729884 -0.5353518 0.63685536 -0.44271073 -1.9424235 0.9747151 -0.14380918 0.32663852 1.1609194 -1.7378311 -1.6626536 1.1364659 -0.026759079 -1.564063 0.52846295 0.6838485 -1.9480021 -1.4053967 0.087899715 2.6630237 0.3327656 -2.0610256 -2.4323199 -1.9536401 -0.19293046 -1.8801475 2.616581 0.41843256 3.2433686 -1.212794 -1.9609464 2.5944176 -0.030240906 0.3251348 -0.36099 1.6422 -1.121517 1.6091039 -2.099113 -1.1586134 -3.317372 -2.1909492 0.9917377 0.7182908 -1.0647024 -0.61585134 -0.5843541 0.46034023 0.9292581 -0.48362836 -2.5799599 1.6166004 0.8061976 1.1626416 -0.08917015 1.0017126 0.6098166 0.10776819 0.54138404 -0.3102083 3.208092 -0.98436135 -0.95619714 -1.2869666 -0.79811823 -1.9262413 0.29120833 -1.6723806 -2.1524715 -0.57599145 -0.87966245 -0.3708737 2.500371 0.84161824 -0.49657646 0.3191553 0.10189494 -4.724513 0.043356966 -0.8895508 1.6485227 -0.5990637 -1.1239722 -0.115916915 -0.9409084 -0.94984215 1.394932 1.7605861 -2.0487392 1.980452 1.0923071 1.5698615 2.3554866 0.34583524 -0.8753764 3.0909998 -0.13660245 -0.1367747 0.4166327 -0.16784744 -0.37172863 0.9815639 1.0183741 -2.8349066 0.6373876 -1.2032046 -1.5232003 1.0388291 0.6082874 2.1368797 0.28472558 0.720235 1.1965032 1.0521708 0.8118603 1.6374674 -0.19337289 -0.13507353 0.1496265 -2.4234354
grapefruit -2.4517784 0.6814854 -1.6933807 0.5856822 -1.5776068 -0.24331775 3.336691 2.59668 2.4787605 -0.388233 -2.151482 -1.6075613 1.5145968 -1.3132554 -2.3765864 -0.93275577 -1.241785 -0.54682916 -0.6548326 -0.39116108 -0.8782585 1.3429372 1.4982686 1.1253673 -0.8137356 0.13566029 2.6544054 -0.18696743 0.68618226 0.04501352 0.16229427 -0.3175941 -1.2050685 0.09549276 -0.08369277 -1.4422836 -0.13716042 -0.08158139 -0.2466699 -2.4222107 1.8836354 0.52348465 -0.22126523 2.358277 -0.5036677 1.2964101 -0.67095554 0.2882895 -2.002013 -1.5041187 1.6545627 -0.85760224 1.1690171 0.7575954 -0.08417355 -0.41341865 2.1880317 -1.6852014 -1.6872796 -0.54959244 0.29219955 -2.0615528 0.3072564 -1.9387183 -0.72830105 -2.428057 1.6158273 -0.059704795 2.530133 -0.19106469 0.021656673 0.14256446 2.1416798 -0.0098932 -0.119665645 1.3570764 -0.70832384 1.2600961 -0.4979396 1.8680506 1.5824921 -1.8784814 -0.6060559 0.96894896 2.9185226 0.9650017 -0.3733776 -2.844009 -0.83628845 -1.4243711 1.741261 -1.1145271 -0.94058263 1.4711772 -2.0615702 1.0631434 -0.36075315 -0.11469675 2.195219 0.44296512 1.6307038 -2.2878501 -1.0456305 0.020778056 -0.5361094 0.48535612 -3.252509 0.2270141 -0.56772226 -2.8191938 -0.72801745 0.50082415 0.67801076 -0.10749358 -2.1066046 -0.19106555 0.107248776 1.785289 -1.8058094 0.67480755 2.2174094 0.6016158 -1.7036922 0.08131683 -1.0435858 0.4025301 -0.5744452 1.7839863 0.84136397 -0.17171025 -1.2897227 0.08074828 -1.9119972 -2.3477888 -0.0803882 -1.510286 -0.7666938 -0.5432495 1.0659724 -0.2505098 -1.6389936 2.7737498 1.906634 0.8474859 -1.0244397 0.90301526 -3.6655374 -1.2950331 1.1050688 0.22186284 -1.0810388 -1.0251577 -2.623042 1.2911613 0.90104103 0.81617624 0.2338032 -0.73605347 0.97180444 -0.6704144 2.0004969 1.1001121 0.2609111 1.2001812 0.91549766 -0.7408899 1.7663201 1.319376 -0.3119863 -0.18419334 -0.0769328 1.1586472 1.1051342 -0.15264769 0.55428696 -0.003112053 -1.8929895 -0.6053356 -1.177494 0.05064899 1.1349568 -2.0300915 0.48783803 -1.7283369 0.6073511 2.1415627 0.20712188 -0.15064543 -1.5308739 0.8101927 0.70764947 -1.3784643 1.0846174 -1.6917825 2.5478487 -0.8691432 -1.9224153 0.9459156 -0.28244126 -1.6814265 0.6283806 -1.9058474 -0.7595608 0.24414705 -0.16267002 -1.2617918 1.5797242 -0.4114767 2.1004617 1.4385569 -0.3773945 3.449814 -0.7261323 -1.308395 -0.16260335 3.07828 1.0312393 0.5974356 0.84712833 -0.2953741 -0.35690492 0.6950382 0.69794 0.18659946 -1.0169896 -0.06354113 -1.6878457 -2.6910913 -1.1811099 -1.266414 -1.3118553 -0.062280234 -0.43860844 1.5551041 0.45131907 0.81202614 0.11763814 -0.6610965 0.17147678 -0.53790027 0.4532626 -1.5791142 0.18809298 -1.473254 0.25362018 -2.2145984 -0.3033602 0.4294232 -0.15774935 -2.1899207 0.33637005 -0.6833333 -0.213146 0.30763566 -0.049889427 3.0410995 -0.6048979 -1.7977109 -1.4599175 -1.1248971 0.33965433 0.89386404 0.5278973 -2.99441 -0.94976807 -2.5506191 1.2307711 -1.637695 -3.7119129 1.3660122 1.7796546 1.1927567 -1.0969856 -1.3829572 -0.8999177 -0.44322535 -0.47152063 -0.00754969 1.2595826 2.0101712 -1.8042698 -0.36018685 -0.3325661 -0.30957368 1.2072145 -1.6630023 0.5819296 -1.8326292 -0.4243867 -0.690082 -0.7861493 0.8532229 0.99918973 -1.5743895 1.8135195 0.25483236 -0.23495641 -0.19451854 1.0008054 0.1156262
clove -2.1409729 -1.1974348 -1.1255637 -0.019209353 -4.3906093 -0.54982144 1.4235481 0.44363326 2.0530896 1.4153963 -1.1756659 -0.34445828 0.5449384 -1.0655168 -1.7232364 -1.7978334 -1.6645099 -1.586552 -0.93930113 1.0864393 0.27527997 -0.08045362 1.0674224 1.518457 -1.2170582 -1.6478386 1.3369004 1.4191204 -1.8430244 -1.8945769 -0.49932855 0.06481979 -0.78329426 -1.3968388 0.008351639 -2.4769192 -0.07608127 -0.99766076 1.3215942 -1.0686942 3.9742837 -0.9726414 0.25570318 3.7091506 -1.5512767 1.078585 -1.8127692 -1.3081243 -1.1401365 -1.1235104 2.7005076 0.44019645 0.91674966 1.352096 -1.5211401 -0.2988775 0.32369286 -0.73075694 -0.8946021 1.4254473 1.4131474 -0.678863 0.07262416 -2.1112633 -2.818562 -0.54513294 0.012080008 -0.23415866 -0.122836396 0.9430319 3.5722206 -0.6289274 1.8741513 1.9227679 0.2000902 -1.0403594 -1.5983938 0.9120835 -1.0345842 1.0344981 1.1003187 -1.1700885 -2.4825683 -1.4859209 3.1009068 -1.1583638 -0.5983896 -2.2929525 1.3859936 -0.26365277 0.37898237 -1.0069633 0.46823728 1.5649135 0.15260012 0.8761329 0.08616776 -0.83160776 1.3961829 1.9340285 0.8265565 -1.3637918 0.8893549 -0.8347057 -2.3803673 -0.19826032 0.770194 0.5533125 0.6811471 0.028684748 1.0488764 -0.22981064 -1.6037399 0.53703517 -1.6778975 -0.16105181 0.043937914 -0.16028857 -1.9004136 1.7052702 0.2325947 1.2858247 1.5038531 -0.22556135 -1.0615193 0.6532659 -0.74346757 0.7987956 -1.609187 1.6076907 -0.39614797 -1.039539 -1.3009603 -1.142666 -0.8389284 -0.38850668 -1.1460903 -0.17778753 0.88932645 1.4227532 -0.9414391 2.2710679 1.1765009 -0.15592943 -2.4483898 1.7201517 -1.7712048 -0.71003675 1.9487877 0.20401981 -2.9323678 1.599084 0.09995293 0.7191059 -1.0742157 -0.20633402 -1.169015 -0.22731705 -0.16874279 -0.49365047 2.904714 1.4477028 -1.7966392 -1.3705481 1.1378727 -2.8584971 1.6533202 -1.0651746 0.5903946 -0.060720857 -0.9918377 0.8046391 -0.013380412 1.2447613 -0.15231602 0.057278804 -1.1810046 -0.73584276 1.9431865 0.96036476 0.987351 0.4046809 0.755199 -2.684088 1.5235416 2.4602723 -0.314206 -0.257741 -0.06124588 -0.53656864 -0.0417295 -1.171856 2.8945835 -0.7395356 2.614628 1.2191825 -0.3320796 0.36173648 -0.21625395 -2.0953655 -1.3990148 0.089843296 -1.8569283 1.8234595 4.3275185 -0.8117664 2.7726533 -0.5052014 1.0092252 1.9367836 1.5883774 1.137855 -3.003939 -1.5270929 -1.9761055 3.8477273 -0.6234422 -0.315889 1.5359085 -0.76238406 -0.53685516 -0.20096518 -0.74394906 0.9920804 -2.4012485 1.9416716 -3.0346768 -2.1615946 -1.8499972 -2.4716132 0.2903318 1.0646981 0.7561484 2.0462756 0.8515382 1.0201806 0.5842424 -1.999738 0.68676054 -0.4956861 1.6987491 -1.1235559 -0.01516265 -1.2575499 1.3807716 -1.2628726 0.83714145 1.21372 1.0931731 -2.7861345 -0.068803415 -0.22845635 1.5887554 0.6602011 0.7236083 4.786415 0.11651736 -2.7582579 -0.86057955 -1.6215117 1.0187317 -1.616788 1.2757751 -2.756886 -1.7634045 -1.3039392 -0.91196865 0.32185483 -1.7602048 1.9052379 0.5817152 2.0667374 -0.38867217 -1.7885054 -2.0324583 0.75362855 -1.3949261 -0.79970825 -0.7030697 0.98178333 -1.5068108 -1.0776052 2.5704663 0.14703599 1.1669711 -1.6290997 -0.33157986 -0.04998855 -0.65390676 0.9538837 -0.9275424 1.8184767 0.76112026 1.5108202 1.4425763 1.7058163 0.17364472 1.6019524 -0.5878425 -1.1414484
celery -2.2761414 0.46328974 -1.0784022 -1.5246207 -4.100871 0.2413407 2.1512117 1.9686642 1.4127407 0.3180177 -2.188784 -0.45648235 1.0377376 -1.841796 -0.008923958 -1.2429225 -1.0889324 -0.97041386 -0.8473457 1.0917217 0.5430732 -0.5219766 1.1544307 0.8387388 -1.0378684 -0.64474547 0.6520243 -0.7208533 1.4046472 0.62006515 -1.1416543 -0.13235985 -1.5311799 -2.0073657 -0.6707996 -1.83663 -0.46927893 -0.45081598 0.21523926 -0.94111484 2.674356 -0.5253884 -0.051292088 2.8655474 -2.0272465 1.0562944 0.1143732 -0.88045335 -1.278959 -1.8095781 2.9815667 0.905921 -0.0024008118 0.32427332 -0.9351484 -0.47746673 2.3297887 -1.6483498 -0.5349721 2.218864 1.7162304 -0.6552697 0.56196886 -0.41966107 -1.8856992 -1.1156445 0.77138686 0.3102793 0.99753577 0.052740436 2.3710463 -1.0353376 2.5388722 0.5661269 0.3020201 -0.51488316 -1.8908325 1.0827674 -1.1220212 -0.045110267 1.1587415 -1.501137 -2.4466643 -0.80489874 3.731893 0.1826127 0.9406897 -1.8283097 -0.35305664 -1.4498233 2.980398 -1.0675231 1.3078984 1.2115657 -0.06154112 1.8935894 -0.27061304 0.5376935 0.7057114 1.5165181 1.248653 -0.8363654 -0.29958162 -0.57892835 0.24800922 -1.0385971 -0.95125914 -1.4689614 -0.19840412 -0.06452973 0.45307323 0.77568555 -0.3001897 -1.1525086 -0.7299185 -0.44426146 0.21353959 0.22168152 -0.18856442 1.7486765 0.92501265 0.49698585 0.8084923 -0.24916211 -2.428626 -0.81465703 -0.3080335 0.49143186 -0.349809 0.6827291 0.23394145 -0.7810821 -1.873456 -1.4278485 0.5650215 -0.4417244 -1.6014975 -2.0831964 -0.25743055 -0.0801467 -0.94778585 1.7125816 -0.37132874 -1.7254839 -2.1988902 1.4910321 -2.2992275 -2.1886554 1.7949865 -1.1480198 -0.4174637 -0.4890204 -0.6629544 1.7279102 -0.9160474 0.030716997 -1.6927322 -2.1704395 0.8181052 -0.21003997 2.321142 0.24723835 -1.1900721 0.11154384 -0.2534591 -0.293321 1.1126122 -0.19913666 1.7990061 -0.7319628 -0.90886885 1.8429077 1.5152893 1.3605587 -0.058463167 0.997663 -0.08308873 -0.5823725 0.46902168 -0.90934765 0.5757262 -0.32159364 -1.3248625 -1.8563154 -0.41727483 0.67563415 1.5841124 -0.80830765 0.16797213 -0.15981682 1.496377 -0.89901245 1.2010849 -1.949944 2.288362 1.1982088 -0.5509267 -0.17928903 -0.6692847 -2.6099105 -0.9160088 -0.82418084 -1.3943824 0.55248684 2.756402 -0.91539204 2.7189047 0.55938184 1.2944173 0.91811854 0.39127496 1.5421307 -1.4060757 -1.8061806 -0.9095368 2.555859 -1.160354 -0.1777008 1.9125979 -0.9209819 1.0567138 -1.2672544 0.4981003 1.9603673 -2.42544 1.4055467 -1.7010794 -2.1262884 -1.0995634 -2.1946006 0.2989043 0.5337086 0.7266813 1.7831336 0.92031795 1.3916776 1.1243827 -1.6873966 -0.2177083 -1.1710608 0.3252898 0.29619858 0.15310802 -1.7333689 0.42452434 -2.1424823 0.0511372 0.6743683 -0.640281 -2.059941 0.7988003 0.76427525 1.7932236 0.20408091 1.5663627 3.9387317 -0.2685053 -1.6785338 -2.4984589 -0.7546912 2.10829 -1.0624188 -0.054289088 -2.8629673 -0.8721871 -0.9869593 -0.6072565 -1.6874188 -2.0644991 0.9343827 0.6546953 2.3128881 0.7238099 -1.6753212 -0.3727231 0.3857382 -0.58823264 0.088786095 1.1645073 0.17387521 -1.4262364 -1.1639054 2.237633 -0.22200601 1.2186904 -2.4312332 0.023192024 -0.6982003 -0.8779934 0.26851556 0.95644826 1.1283574 0.8656348 -0.06494439 1.0483531 0.022102749 -0.96075815 -0.33213437 -1.151998 -1.1799152
raisin -1.7711778 -0.029597173 -0.5644224 -2.5586555 -0.93246937 0.43984655 2.0598338 3.4003296 1.9128975 0.23255146 -1.1188731 -0.7795966 1.834314 -2.6519074 -2.7239501 -1.2990935 -1.0456935 -0.66474974 -0.869947 -1.4045261 0.29800114 -0.5302718 -0.9122047 0.60175127 -0.112390295 -1.0436307 1.426496 -0.22520116 0.34787077 -0.42613813 -0.017040718 0.63357764 -0.7832818 -0.35082585 0.4007272 -1.0353917 0.42119342 0.4127384 -0.11362432 -0.87844795 1.6958894 -1.625344 -0.42845246 2.8838615 -0.6750263 0.7975333 -1.024144 -1.1177471 -2.5868244 -1.1060933 1.3882807 1.1763417 0.6271858 1.3274863 -1.8703598 0.10349098 3.4131362 -0.4119325 -1.9102944 2.7727015 -0.27459747 -0.4779712 0.36919692 -0.87215817 -1.9364775 -2.7062747 0.5947915 -0.7182058 1.3340617 0.10875653 1.9089823 -0.2783222 2.5164237 0.631432 0.5538185 -0.27294356 -2.5475466 1.4207058 0.1538029 -0.1924391 0.21210623 -1.494566 -0.9271302 -0.020193819 3.8476615 -0.90343153 -0.78936625 -1.616796 -0.5720175 -1.6291437 3.1087384 -0.27169326 1.3173683 1.4790381 -0.64645815 1.134198 -0.40587786 0.6230864 0.5613242 2.181233 1.8175732 -2.173788 1.4138683 -1.0209402 -2.0581405 -1.1292224 -2.7546732 -0.916889 0.97377306 -0.5337116 -0.8459774 -0.28518918 0.83374864 -0.29375067 0.069556475 0.035828836 -0.4258516 -0.028514352 -2.1194124 0.22088099 2.4192104 1.235091 0.8667504 -1.3691436 -2.2630374 -0.65908307 -0.13558964 0.69197935 -0.41200116 -0.6142667 0.38957036 0.2287256 -1.3712739 -0.5070378 0.6779532 -1.5539918 -1.2220607 0.033877403 0.88103694 -0.9468634 -0.27008212 2.5751657 0.7109586 0.20425214 -1.0358897 1.7671587 -1.1954881 -0.6895129 -0.14521973 -1.295463 -1.1399587 -0.95530444 -2.5919156 0.27681005 -0.034852855 1.3441118 -1.2776707 -1.4637052 1.8417094 -0.7737006 1.1862366 0.20188832 -0.83953613 -1.3575443 0.6671288 -0.16224858 -0.005885106 0.6401025 -0.5912602 -1.7034686 -0.5555891 1.9942982 -0.29812 1.2189175 0.40897292 0.69081813 0.1313254 -1.0984488 -0.34555393 -0.95094204 1.6891321 -0.49218974 0.5818569 -0.92350584 0.44049394 2.1320143 0.96444714 -0.16102302 -1.0657613 1.7594146 1.5092734 -2.245903 3.4914632 -1.0035062 1.2932173 -0.44801673 -0.90361965 -0.6293583 -1.7308233 -1.2020143 -1.0072428 0.38603944 -1.0641277 0.7057742 0.12565976 -1.1474344 1.8217839 0.99693394 0.78173745 -0.69810265 -0.6014234 2.3456578 -2.2360823 -0.40352032 -1.0034637 0.9020374 -0.27493018 0.15827025 -0.7879232 -0.4759365 1.7085629 -2.3275783 -0.9085638 0.1764051 -0.94994587 1.3052391 -2.3081448 -1.4816089 0.16643436 -1.0779376 0.24713507 0.69961154 1.2704779 1.2850064 -0.18213977 1.0222603 -0.03694581 -0.6223063 0.4957341 1.4844983 1.9039527 -0.33824077 -0.06118722 -2.350094 1.534137 -1.9187466 0.6065056 3.4214504 0.62766594 -2.078292 -0.17135671 -1.4427507 1.2235013 0.4607483 -0.297578 1.3674662 -1.2236357 -1.0779554 -3.2788453 -0.79723847 1.5102898 0.34467563 -0.49840912 0.41637704 0.41694075 -0.6632651 -0.76235247 0.6657899 -2.2233448 0.9181409 1.404325 -0.5955152 0.9753539 -0.3056954 -1.9633294 -1.1547252 -0.7459427 1.7248275 0.4844948 0.0682881 -1.1769595 -1.8689991 -0.3261589 -0.43734738 0.47523683 -1.3271958 -0.40889367 -0.4505013 -0.9367554 0.96025366 -1.197961 2.0802426 -0.0894756 -0.6508339 0.72815317 0.969343 -0.36500493 1.4220314 0.038133234 -0.2667206
eucalyptus 0.013942603 -0.27775547 0.16946562 -1.4255421 -1.9887652 -0.23705497 1.9885345 3.905189 -0.38760173 0.22626008 -1.6950111 -2.3364449 0.4432803 -1.4226202 -0.79404324 0.37179527 -0.57049984 -0.20877667 -1.2811879 1.1214933 0.40087074 1.8184495 -0.27831104 0.6247977 0.07715957 -0.17137156 1.5761269 0.4701827 0.26796567 -0.58552164 -0.39792705 -1.0250677 -1.1902442 0.7852179 1.726031 0.510924 0.6626136 1.2387242 0.30942369 -0.08775151 3.3397322 -1.8094344 -1.2515291 4.1089816 -0.046229605 0.26269856 -1.0040799 -1.729136 0.9637684 -2.2333975 3.252309 0.1771335 1.1415689 -0.77653956 -1.1977113 -3.4058669 1.7547174 -1.7021161 0.48818442 0.8900444 -0.3888789 -1.8646778 -0.70105577 0.26358986 -0.52206814 -0.2486644 1.1866555 1.1370479 1.4176399 -0.6304032 2.5612078 -0.9772353 2.0304768 -1.3738937 1.3029635 0.50775975 -1.0861609 1.0954192 -0.38491327 0.92889345 -0.86002576 -1.1434826 -1.3426515 -0.51925045 3.5122502 -0.24260844 -0.10965339 -0.23836616 -0.01258417 0.5430952 2.5970666 -2.25839 -0.19042525 -0.7275567 0.368992 0.93719614 0.7577741 0.22661354 1.6158103 0.9016609 0.7013816 -0.29372743 0.7904591 -0.78538865 -1.634101 -0.9692955 0.21003062 2.0622718 0.3510283 -2.186084 0.028138414 0.7302148 0.14570321 2.1377997 -1.2387172 0.83403087 1.1348172 3.0233834 -3.4313636 1.3547428 1.0569427 0.2512006 0.4277264 2.3501925 -0.39351538 0.6007322 0.07001894 -1.8961371 0.18035668 -0.22641927 -0.72628146 -0.27742654 -1.540164 -2.7720995 -0.85334843 -2.998129 -0.32884362 -0.5355715 1.4478362 0.09231533 -1.2498723 1.4234384 0.19358483 -0.93992454 -0.7265094 0.9229226 -0.072396494 0.70391303 0.59017277 -0.40702358 -1.7871596 -0.9314443 -0.39774042 0.9956793 -0.541624 -0.36188927 -0.48382038 -0.09263672 0.11863739 -0.5808936 -0.55974585 0.59041065 -0.7263841 -0.4516449 0.044786997 -0.40188622 -0.20529994 -0.014773082 -1.8893554 0.9954063 0.27143535 -0.7430496 1.7716398 2.824932 -0.069094285 1.1993594 -1.1180118 -0.6884137 -1.9391131 -1.0136324 2.1703022 -1.4528375 -0.72270256 -0.5111894 0.5980944 1.980505 1.7413219 0.14168032 0.23503402 -0.7204442 -0.10530567 -0.511489 1.1584934 -1.937596 -0.90840024 0.10170799 -2.9539044 0.6723026 -1.6968693 -1.9658568 0.09970812 0.5714324 -1.3231707 -0.18650681 0.5880992 0.34522292 0.69986117 -0.5214165 2.3679183 0.9688107 -1.2005918 1.3866618 0.5745644 -0.81913054 -1.8612549 2.0614703 -1.2471008 1.6872847 -0.92518985 0.676144 -1.0867476 -0.037369028 -1.3045646 -1.0897838 -2.1969833 1.907467 -1.3837179 -2.25384 -0.16127686 -1.6514655 0.45984152 -1.2617499 3.3989491 1.5507187 -0.45682302 0.51658845 0.575505 -2.1584644 0.7092839 -0.60868204 2.1559615 -2.293696 -0.6396285 -2.4391367 0.7269867 0.76088095 -0.10627112 -0.029222138 1.6574376 -1.8473849 -0.8258355 0.5847368 1.4702982 1.4290737 1.8321996 1.787117 1.0299156 -2.446839 -0.5509063 -0.27745584 -0.1792806 0.7391139 -0.05064012 -2.761613 -0.8198004 -3.3313026 -0.89172715 0.2751793 -2.066158 2.7702603 -0.9182909 0.10819109 0.44165835 0.030983448 0.69681555 1.1993436 -0.14814085 0.26742807 1.2921675 1.1101477 -1.0322733 0.13166706 0.40310368 0.051841155 0.626939 -0.46949866 -0.6755717 0.7875908 -1.0745808 0.07487784 -0.42377535 1.0058721 -1.7317088 -1.0723654 0.9918574 1.145018 -1.1958779 1.1425709 1.4786543 0.84916514
peppermint -1.1802598 0.85104406 -1.6075764 -1.9615109 -0.79504 0.74844164 1.2580639 2.817886 -0.99336845 2.2237685 -1.6460847 -2.0608175 2.5259633 -1.4194269 -2.8060355 0.15356734 0.48417142 -0.30541098 -0.5165133 1.3169527 -0.033504788 -0.58279574 -0.15897524 2.3809624 1.5155901 0.33344686 3.2380545 -0.12986732 0.23738953 0.40780953 -0.47028157 0.54526395 -1.3402723 -0.019631058 1.3548068 0.06451687 -0.21720234 0.38012415 1.1150626 -1.3760043 1.2578009 -0.58283526 -0.13527906 2.9609287 0.15949138 1.874687 0.4157895 0.7087171 -1.0919482 -1.0625511 1.8445582 1.3753341 0.711551 2.38101 -0.84112644 -0.0970405 2.4545777 -0.65338224 -0.08241548 2.0937762 0.6821661 -0.78157336 0.063401766 0.29469812 -2.2783582 -1.208146 0.40893552 0.35616815 1.7597212 0.16517915 1.6290603 -2.1076698 1.1603405 -0.91641533 0.21470007 -0.49407783 -0.8247397 1.2685661 -0.84862095 1.3334898 1.2426665 -1.0059013 -0.11340698 -0.18621089 3.8419259 -0.7076293 -0.49371502 -1.0190352 0.58546907 -2.56248 3.2482057 -1.8338165 0.5754142 1.6191938 -0.2225481 1.4545038 -0.39917222 -1.5489421 0.88122636 0.45323536 0.794935 -1.162144 0.54361624 -0.70553964 -0.32906455 -1.018582 -1.568818 0.26399294 0.24297062 -1.5153347 -0.0466313 -0.2802167 0.102490485 1.1485156 -0.44418725 -0.44829696 0.3997606 0.2748913 -1.7383571 -0.53226495 -0.06603555 -0.3590675 1.5308435 1.0302162 -0.62707865 -0.20712523 -0.23508762 -0.23588963 0.5657134 1.440769 -0.4881315 -0.040784005 -0.75133574 0.0023824978 -0.73423576 -0.15402913 -0.7743974 -1.7064015 1.2563658 -0.33910406 -1.2526747 2.3030596 0.8301421 -0.08510637 -1.4036701 1.482361 -1.9897041 0.056957614 1.6980784 -0.76200354 -0.82790667 -1.5052321 -1.5317117 1.4817046 1.3724598 0.84008694 -0.5396231 -0.11117457 0.05001765 -0.06926428 1.5412451 0.49932045 -0.2805622 -0.86388147 0.27307916 -2.1194 1.4011503 -0.109462924 -0.56053996 1.1403571 0.6501308 0.33067825 1.31022 1.5294124 0.49248427 0.25951964 -1.8241006 -0.64816344 -1.3058478 -1.6227672 1.4064693 -0.8098899 0.570983 -0.13419156 0.45154238 1.201526 1.8428525 0.28460187 0.17858656 -0.11704322 0.16186336 -1.2890537 1.9938284 -1.5297223 1.2246116 0.21676385 -1.2066303 0.98157966 -0.4099715 -0.36606893 -0.75724465 1.1313864 -1.5049437 -0.005920267 2.0260906 -0.4493802 0.3331704 -0.88313484 0.4480127 1.3745239 -1.7059726 2.87313 -0.4678671 1.0931674 -2.1040869 1.3445369 -1.763089 1.4129599 -0.9460022 -0.5472006 -1.0163932 -0.036557503 0.77231884 0.7850981 -0.8408646 2.0781717 -2.3454044 -2.036641 -1.7811644 0.32137525 -0.07561989 0.48797828 0.5702116 1.007868 0.25494397 0.6806507 -1.1718612 -0.91162694 1.0786579 0.046080302 2.5809085 -0.62364703 -0.09321702 -2.1639805 2.5290642 -0.3371297 1.4292433 2.1168315 0.7464858 -2.8365884 0.059509102 -0.5093628 0.9990327 -0.22484037 -0.11207327 2.7455852 0.35870022 -1.6198195 -0.9541696 -0.48658085 1.4103407 0.62304026 0.5030655 -0.5299899 0.32224715 -2.694343 -1.0931047 0.6191839 -2.2184696 1.4416267 0.7447316 1.2163113 -0.10872098 -1.263997 0.88054806 -0.1378232 -0.043486666 0.1657916 -0.26259148 2.1585402 -1.2680026 -1.7212598 0.83891004 -0.23962638 0.75780857 -1.478138 0.33705986 -0.27774185 0.80726737 0.91288793 -0.7849791 2.003822 -1.3766762 -1.3437697 0.8301694 -0.0029346962 0.12594604 1.4821191 0.6273759 0.10867497
mothball -0.8483822 0.55380034 0.90074134 1.489358 2.2479153 -1.3603294 -0.67408144 0.19216602 -1.0495508 0.050496116 -2.0905907 0.26563874 1.9123468 -0.48626703 0.24571358 -0.14697608 -1.2594185 -2.4916935 1.5266943 -0.47682652 -1.5045216 0.37032628 0.7898664 2.4403555 0.0027076856 -0.94778615 -0.9831448 -0.54334587 -1.6508102 0.5095072 1.5613436 -2.4695609 0.166849 1.0803022 -1.313323 -1.7498935 1.1732088 0.7508244 0.61284155 -1.7311352 0.9162716 -0.081561536 -0.07793714 0.8460217 -1.6149727 0.6817262 0.47024384 -0.046596102 1.7133659 1.1640522 -0.47768643 0.4165703 1.199696 1.1211479 1.7168758 -0.7104527 -1.7965492 -0.08140195 -0.29195607 1.272389 0.59692997 -0.100824915 -0.58855593 0.33841106 -0.013259015 -0.08912712 -2.126103 -0.023785237 1.2657586 -1.2738848 1.470805 -0.18163715 -1.3797786 -0.07415514 0.364927 -1.0319362 0.32385808 0.31278294 1.0781097 -0.26811045 -1.0956733 0.91112787 0.65476286 2.2158196 0.788178 -0.8065377 0.6253326 -0.7718078 -0.8103282 1.6285425 -0.22342335 -1.0581166 -0.32756692 0.18972737 1.514958 -1.5068393 0.70961374 -0.26036718 0.058685124 2.0666637 0.6373618 -2.48664 2.5892406 -0.097676925 -0.5743125 0.69570017 1.5694797 2.5677783 -0.28824943 0.52155364 2.268257 0.5683052 1.3478131 0.26850334 -0.27493918 1.4700971 2.9582367 -0.4663039 0.6737885 1.9091928 -0.023037493 2.176908 -0.35965452 0.53888345 1.0248449 1.8594029 0.3521615 -0.31893027 -1.118559 -0.031700835 -0.5011147 -0.7587366 -1.9458429 -1.15844 -1.6391305 -1.5416307 0.37446806 -0.556568 0.92355925 1.8551091 0.051322013 2.2290466 0.45174268 -1.0582631 0.25721592 1.5287957 0.8933925 -1.0945066 0.83421654 0.04244788 1.9130695 0.47276363 -0.43107995 2.6693885 0.20234407 1.1218634 1.1016933 -2.4205446 1.3130295 0.4554478 0.7251799 0.4419503 0.21412097 -2.2570765 -1.0563921 -0.9140101 0.85662454 -2.116954 0.5549707 0.99521905 1.4569043 -1.7525691 -0.12288467 0.7214278 -1.3949584 0.43814835 -1.6102318 -3.131379 -1.6591783 0.048118345 2.1568215 0.10031025 -0.6579817 -0.5952802 0.89838684 -0.7490859 0.8922256 1.8558996 0.82403016 0.26653567 -0.9120327 -1.3638159 0.4948578 -0.1506915 -1.4620929 1.4675944 0.3039897 0.017015068 -0.5908426 0.42092013 -2.1801984 0.2781543 0.28759602 -0.21346824 -0.97673494 0.15910853 -1.8764457 -1.8367965 1.6455402 -2.0684397 -1.6340005 -0.1077521 -1.4647105 -0.41372517 -1.4776033 1.8428282 -0.6838727 0.28533134 0.2938238 0.21957132 0.47171047 -0.28085345 0.3647465 -0.055620037 0.26919013 -0.82253706 0.35361877 -0.2946556 0.8480121 -2.4355757 0.9111168 0.5521479 -0.37922487 -1.2093649 0.29021654 -0.49033076 -1.8296112 -0.82258207 -0.78625137 -0.39921993 0.011538334 -0.27613315 0.05325016 -0.5526554 -0.65346026 1.0588335 -0.49964038 0.12166771 -0.12259711 -0.30655444 -0.29393458 -1.1880856 -0.50964725 0.53238267 -0.23751251 -3.4873934 2.0788796 -1.6856132 1.0170593 0.19713566 -1.8625848 0.8145404 -1.9453259 -1.7294149 -0.11628328 -1.7721204 -1.068595 0.68012774 -0.6113674 0.47072366 -0.67631793 -2.2318888 1.7271739 -2.1564379 0.30930343 0.35499036 -0.5564332 0.5086608 0.014720584 0.12476806 -1.2321413 0.18522899 -0.8998166 1.24791 0.34118903 -0.5957803 1.7859759 0.3958464 -1.4070764 1.177782 0.3418239 -0.91756624 -1.9299117 0.60047024 -2.7188215 2.2011478 -0.7589585 0.30461356 2.0525203 0.6300989
varnish 0.0760298 0.057605032 0.02620502 -2.3595073 -1.8509501 -0.576511 0.89917326 1.7650295 -0.73928833 3.2636144 -1.2766037 -1.6890266 -0.5247337 -0.29222208 -0.5185341 0.44300732 -0.7603613 1.0766506 2.1467674 0.2785567 0.19783454 -1.0547867 -2.2604425 -0.015705977 -0.14532633 -0.6434903 1.0965466 0.50197977 0.90729254 0.042657956 1.1643716 0.15103644 -0.07061885 0.24088562 -1.1659639 -0.29202843 -1.7327852 0.69451416 4.1490264 -0.6888406 0.26223245 1.3153449 0.7732596 0.38059306 0.8975928 1.244721 -1.9778498 -0.20895876 -0.96904165 -1.6788368 0.6092442 -0.010039548 1.8979167 0.8657365 1.0132674 -1.38594 0.7014771 -0.49013022 1.8167436 -0.9593364 -0.120002866 -1.88505 -0.05440425 2.5474086 0.5062317 -1.6456608 -1.8630393 -0.381208 -0.7571755 -1.1522541 3.9798071 -1.5464488 2.5800104 -1.7081363 3.2632475 -1.4452252 -1.3446151 0.6460754 -0.9588084 1.3929061 -1.0803534 -2.606705 0.4591032 -0.10570068 4.1114707 -1.7519416 0.041049402 0.0145360725 1.5502688 -1.3132536 2.9752269 -3.4280944 1.6006011 0.17299266 1.3549536 -0.563244 1.6306652 0.1400636 -1.013325 1.6185076 1.4502469 0.9477331 1.6540713 -1.2338772 -3.1078012 -2.1898553 1.9751683 1.2105252 -0.008849689 -0.29547554 1.4664083 -0.14263201 -1.1041003 -0.42589366 0.8970107 0.0776733 -0.007697748 -0.2638201 -1.017544 0.7716507 -0.5397571 2.317295 -1.6648912 0.63169324 -1.2371641 0.86603594 -0.20691134 -1.6898712 -0.3622069 0.798294 1.4418505 -1.5346733 0.8696389 -3.0659153 -0.6445268 -0.20473213 1.3405452 0.19878176 2.559535 -1.3394955 -0.33324155 2.8198726 -0.38812876 0.812553 0.39538756 1.399534 -1.7208407 0.8691877 1.7770786 0.3026763 0.059845433 -0.137905 0.476966 3.6259053 -0.70441383 0.97068346 0.38443878 -0.4963247 -2.0266044 0.016968274 -1.787887 -0.25332817 -0.6814912 -1.9196151 -1.2037133 0.07525742 0.16117115 2.0749185 -2.3280501 1.6446899 0.07409565 -1.6152037 -1.1058158 2.2647395 0.64272344 0.26884097 -2.2812076 -2.1515908 -2.2231455 -2.3512208 0.38953912 0.691473 1.2276418 -1.5207344 -0.8027063 1.3247917 -0.6259284 0.82286763 1.1491085 -0.9686173 -0.524104 -0.6378275 2.0495534 -0.60132337 0.14297393 -0.85989267 -2.279217 -0.7066619 -0.9236554 -0.51658046 1.372973 -0.5448743 -0.85141987 -1.2234567 0.15353282 -1.7410088 0.7830638 0.4702401 0.81343883 -0.09300284 1.1551596 1.7979139 -1.3253748 -0.6838203 -0.8173055 2.2748191 -1.1803904 0.9681251 -0.9338865 -0.4350767 -1.1966896 -0.130122 0.92424136 1.3440393 0.8469323 -0.08623689 0.27793595 -0.08952368 1.8054777 0.7626451 -0.968657 0.29250574 -0.35063452 0.95710546 -1.639815 -0.039039757 0.7154322 2.135803 -0.22012436 -0.97180444 -0.442073 0.1680529 -0.5437443 -2.2776513 1.6458834 -0.10566935 1.040995 -1.2125566 -0.26037627 -0.20359537 -0.3638558 -0.15830562 2.5515876 -0.3231936 -0.6862341 -1.7087795 0.96786034 -0.6506708 -0.036810167 -0.28899348 0.7123683 0.93395746 1.3333673 0.13737708 0.086589254 -1.1044475 -1.0050912 0.47537315 -1.7851715 1.394416 1.4233404 0.31635812 1.1463444 -0.26109892 0.1198806 1.4904417 -1.0751431 0.25463942 -0.18084316 -0.072270446 0.07786323 0.87839085 -0.0019967263 1.2694521 -0.0049521835 0.7466643 -1.4542116 0.43065706 -0.91547847 1.0702227 -1.7379702 0.38102725 0.11837291 0.2928085 1.3362389 1.3154192 -0.04147978 -0.013655654 0.6011545 -1.1777942
licorice -1.6333925 -0.0049489243 -0.6585489 -1.1528021 -1.987307 0.9373004 2.4836483 1.8633022 1.0003939 0.79075855 -1.3668246 -1.8885139 1.2787458 -1.8959599 -3.1076832 -1.2808925 -0.6989934 -0.08897308 0.43955442 0.057352666 -0.5045046 0.32391527 -0.6027314 1.073625 1.0836465 -0.6064922 1.1433918 -0.56713325 0.23078333 0.5697692 -0.71376824 -0.48794097 -2.3036928 -1.8410606 1.3816189 -1.3711493 -0.61141914 0.16799304 0.06843733 -1.4413282 2.0936396 -0.118251845 0.27582505 3.4109352 -0.95122474 1.5976353 -0.6520494 -0.0082898205 -0.909599 -2.4571595 3.0438724 1.3778566 1.0686655 1.6459403 -0.5973394 -1.4096795 1.3449334 -1.7743304 -0.76317346 0.7390592 -0.15253066 -0.31067273 -0.12368446 -1.3412974 -1.7687764 -1.4057531 0.82743543 0.11326268 1.7297796 -1.0685077 2.3214223 -0.73999524 1.8444655 0.14612912 0.7207055 0.11945527 -0.8141995 1.3762562 -1.8036613 1.4856454 -0.38054973 -1.7439208 0.18082672 0.471595 2.5430737 -0.9327548 0.52098036 -4.140291 0.23328112 -1.6484195 2.918443 -1.7602729 0.16809337 0.942863 -1.7631819 0.9488666 0.12564684 0.55218744 0.5717785 2.4868665 1.5336022 -2.066504 -1.0347755 -1.0923827 -0.18089204 0.9023024 -1.5056248 0.024636596 0.35687307 -0.99908876 -0.46957743 -0.07325976 0.50865316 0.26760978 -0.5107506 -0.4786817 0.5058999 0.55258954 -2.7512133 -0.786397 2.3032978 0.26887214 -0.40536508 0.20273493 -2.3171194 1.0494949 -1.262934 -0.15985613 0.6794287 0.9285523 -0.9083508 0.3513496 1.2073998 -0.7829901 -0.40715748 0.4583376 -2.1091802 -2.157677 1.4876208 -0.84462094 -1.7937782 3.6588542 0.48812002 0.29732868 -0.14721681 0.21081693 -3.8066337 0.08532537 1.4896635 -1.299617 -0.46665052 -1.1259048 -0.86946654 0.8505464 1.55118 -0.21274717 -0.8326146 0.2899587 0.83965623 -0.34643963 0.66233987 1.8318969 -0.409027 0.96020454 -0.23539752 -1.4787985 0.6097024 0.7141301 0.7664466 -0.7096156 0.659791 0.99675715 1.1379523 1.1846797 1.5151213 -0.6500451 -0.47416604 -0.9178984 -2.7550337 -0.7460412 0.7072283 0.023655185 1.9519017 -0.27670175 0.26671287 1.3823498 1.9224043 0.11196516 -0.8964525 -0.54996717 0.39640126 -0.7016168 1.1946348 -1.5247285 1.3673613 -0.37344602 -1.4929767 0.5526166 -1.4913526 -2.0903423 -0.72505605 -0.7418282 -0.29525116 0.63124555 0.81050444 -1.0794507 0.8070188 -1.2098734 0.18361317 0.8131783 -0.23291968 2.131171 -0.54585594 -1.4296962 -0.61373603 0.90387243 -1.307645 -0.07544061 -0.012942979 0.50703734 0.5315956 -0.62447596 1.3417562 0.48240328 -1.5585146 0.8390662 -2.1271098 -3.1714284 -0.24961685 2.0297334 -0.12670355 1.5658444 1.5055729 2.251337 -0.008991968 0.47125804 -0.36093903 -0.029041506 0.92456234 -0.061618928 1.5159972 -1.4827964 0.040632825 -1.7089726 3.1983097 -1.3215317 0.7790848 1.3509837 -0.20169419 -0.84637696 0.72380775 -0.24858488 1.4540855 1.1296355 -0.13483243 1.5621266 0.5487133 -2.8555722 -1.7489282 -1.1234839 1.9312984 0.5368291 -0.2072399 -1.7393447 -0.90235573 -1.3865112 0.16443352 0.33734617 -1.6052419 0.6125176 1.2558677 1.7856001 0.81473464 -0.522037 0.36916456 0.25178218 -1.7648587 0.2897921 0.46960154 0.19175592 -1.2428191 -0.86432713 0.931206 -0.48518217 0.7624316 -0.35683888 0.89814734 -0.3198251 -0.9404423 0.65049076 -1.2540145 1.7743503 -0.19749182 -0.63459677 1.0204335 1.1094146 0.31148887 -2.4573162 2.2037826 -0.10009889
geranium -0.11191655 -0.00095181516 -1.0116494 -2.116114 -0.90605056 -0.03701681 1.4258128 2.503745 -0.3210343 2.0594304 -2.0606754 -1.2989621 1.3683865 -2.427343 -1.5190371 -0.33913758 -0.58139044 1.0869043 0.67470217 -0.39716175 1.1453862 1.70115 -0.17561965 -0.5532403 0.8489051 -0.60582495 1.5556866 -0.24149418 -1.0680121 0.06391456 -1.0094843 -1.4513483 -0.3244349 -1.0848331 2.088271 0.698864 0.33251324 0.7274777 -0.69550353 -0.14349158 2.251031 -0.97795993 -2.286721 4.1002817 -0.45866758 -0.20267703 -0.3395566 0.53571206 -1.4275124 -0.8580176 3.8590639 0.07258544 1.931993 0.36809364 -0.85143363 -0.85302585 2.0094347 -1.7414932 -0.67513806 0.0452148 -0.23562905 -2.2781117 0.044652537 -0.0010945683 -1.5652885 -1.3117595 1.197945 -0.05641216 0.8624195 -0.6299065 0.5155392 -1.6847368 3.1364992 -2.398241 0.95387805 0.912129 -0.6369752 -0.933045 -0.95746434 2.4665554 -0.898927 -0.936636 0.38296735 0.12801623 2.668819 -1.0887736 -0.014848383 -1.2123594 0.5640927 0.28834814 2.8680298 -0.877261 0.08012918 -1.3164247 0.8113552 -0.14051405 0.4723279 -0.25673202 -0.051704798 1.4452345 1.2335156 -0.2791954 -0.52775145 -0.4435019 -1.548797 -1.2336525 -0.18424626 -0.25925502 -0.45708713 -2.5067492 0.52120936 -0.6569686 -1.0824841 1.5495818 -0.7310735 0.226215 1.8708078 1.3889978 -1.4923182 0.56472147 1.0895443 -1.0042737 -0.26064187 0.8614874 -0.7646245 0.5143231 0.5858423 -0.09211799 0.50077003 -0.7036378 -1.473802 0.07049236 0.15473524 -2.6578054 0.25133666 -1.0211059 0.05459822 -1.1874828 0.35133693 0.8586484 -1.5126578 2.9313803 0.3018111 -1.7782673 -1.3174549 0.16115206 -3.1328902 0.0216371 2.561049 -1.2781688 -1.2947628 -1.1896595 -0.4329406 1.1872821 -0.13095897 -0.70189625 -0.6456078 -0.5430749 0.47984415 -1.3374891 -0.0746078 0.47985187 -1.7217106 -0.26668555 0.95891935 0.048018582 0.6003655 0.35672006 -0.55964804 0.47029862 0.58267087 0.046235073 0.2446629 3.5345485 1.0578905 -0.874875 0.08886601 -1.4411854 -2.6917317 -1.3113806 3.2851872 -1.4823698 -0.54416233 -2.2595766 -0.7246538 -0.41300055 1.5155807 0.064935125 -0.25800648 -0.9408725 -0.89619184 -1.2359809 -0.14800999 -1.7536016 -0.28082156 -0.85468125 -0.39386734 -0.09888075 -0.8155074 -3.1020277 -1.8921385 0.6549936 -0.6814208 0.31019515 0.018051736 -0.8574126 -0.5822271 -0.73403984 2.0031698 0.96589535 -0.54691726 1.8580838 -0.40893462 0.090476245 -1.9541645 2.2345183 -0.5239267 -0.40280983 -0.5063405 1.1254895 0.27340972 -0.04025258 -0.17092921 -0.19514857 -1.4599286 1.9755847 -0.9076617 -1.9067222 0.024956748 0.11717393 0.05657861 0.17219254 1.6561645 2.0596976 1.526736 1.7895331 -1.1845084 -1.449349 1.2131009 -1.6790276 2.017835 0.24035384 0.45996135 -1.8187029 0.68999547 -0.015202264 0.4752392 -0.45465595 1.2866477 -0.6028278 -0.4640968 -0.59612644 1.5302788 -0.14265093 -0.84484184 1.4693879 0.9103938 -2.3080134 -0.05938516 -0.3858061 0.5461104 1.2104921 1.2084656 -2.0321069 -0.08706707 -2.0422575 0.70134664 -0.2340221 -2.4149566 2.403535 -0.6349914 -1.3028263 -0.29367304 0.71177053 0.6674192 1.328905 0.048001654 -1.235117 0.013574883 1.4611061 0.76618046 -0.5797044 -0.82992923 1.2623507 1.4311129 -1.9290423 0.07003337 -0.4150033 -0.2344274 1.6603092 0.003959099 2.67444 -1.931788 0.48497984 0.47897893 1.0387522 -1.70202 2.039772 0.57842267 0.12679955
anise -0.68124175 0.21976948 -1.9043857 -1.2456683 -0.6970585 -0.3886741 1.5071434 2.6130373 0.37118113 1.0142518 -2.2228615 -1.292816 1.9772457 -1.8754053 -1.8542 -1.0757327 0.24163547 -0.5130895 0.1453866 0.59941506 0.11052391 -0.07642241 -0.09686078 0.63668156 1.0734588 -0.49243438 0.5008663 -0.24066143 0.22251779 0.56227815 -1.1180525 -0.51376694 -1.1759468 -0.12748781 0.71947247 0.58820784 0.18023024 -0.044962488 0.5815851 -0.563029 2.8365955 -0.44145778 -0.55428696 2.1059341 -1.4266479 -0.42727253 -0.8928138 -1.040183 -2.2427826 -0.8494017 1.8185859 0.48895 1.3536292 1.9186722 -0.17636195 -0.63078445 0.43190187 -1.2868085 -1.1091722 1.5352722 0.2078432 -0.8143734 0.2273222 -1.3084508 -1.9518864 -1.2728355 0.7098441 1.8044344 0.26944765 0.14554721 1.2275848 0.6947272 2.5759516 -0.6266922 0.9335463 -0.60421246 -0.6410315 1.1420211 -0.78998774 0.98106366 0.68716234 0.2556499 -1.1615753 1.0764052 0.7341363 0.3302216 0.007824145 -0.8531571 -0.15956847 0.4662016 2.0975788 -0.05216301 -0.21458697 0.2166425 -0.5436074 0.6166248 1.2139666 -0.33892867 1.1619116 0.42902273 0.46184546 -0.9833309 0.014532119 0.06912551 -1.0330477 -0.86953163 -1.2819636 -0.15183781 -0.18405472 -2.4626946 -0.60835844 -0.088849574 0.10531004 -0.22190437 -0.9617016 -0.92036736 1.3811015 1.2424853 -1.4908336 -0.1457965 0.8829974 0.9260444 1.0684159 1.246778 -0.997015 0.6374918 -0.18678255 -0.49301064 0.4605683 0.007873444 -0.7736663 0.03664719 -0.1369421 -0.4926672 0.26967514 -0.524804 -1.3017406 -1.1066023 1.2380043 -1.0712517 -0.7238929 2.1793287 0.49683052 -0.6559186 -0.49108687 0.99911606 -2.1538076 -0.7113843 1.2436553 0.253815 -0.71987635 -0.3491346 -1.821943 0.41134417 -0.29184687 0.9392821 -0.9293269 -0.33033937 0.041780032 0.1652673 1.2070572 0.23272361 -1.0070547 0.9458031 0.13970505 -0.6078933 1.1467986 0.5888503 0.29555914 -0.24704976 -0.14785025 0.6448207 0.8615458 2.4119775 0.568141 -0.4581146 0.023016777 -0.99281836 -1.4692267 -0.023783224 0.6866436 -1.4430575 -0.08602118 -0.3569658 0.39979935 1.6302406 1.2322611 0.14917879 -0.42743373 0.5373235 -0.070340484 -0.3751321 2.2690713 -1.3936508 -0.17267658 -0.4662466 -1.3612628 -0.53057975 -0.7461926 -2.7607377 -0.18742022 0.46098876 -0.7438601 0.06535747 0.64070684 -1.2600871 1.0772836 -0.45038852 1.0421401 0.2455498 -0.28196982 3.663911 -1.3021758 -0.2459027 0.0012395581 1.1193914 -0.015095431 -0.95303696 0.83708745 0.13980126 -0.042636216 -0.45111585 0.5923278 -1.1993157 -1.753301 1.2446902 -1.4816713 -1.266997 0.21085498 -0.09125881 0.83001107 1.0826397 0.5742191 2.0618262 0.40598822 0.43528187 -0.56407756 -1.3047596 0.859275 0.06971549 0.8132101 -0.44199854 -0.83676064 -0.54081106 1.3328791 -0.94223106 1.0290618 1.2138827 -0.011273212 -1.5997466 0.49371946 -0.6995378 1.4725089 -0.20561025 -1.097018 1.4873525 0.24122502 -2.4341311 -1.1278946 -0.28640124 1.3055973 -0.5032346 0.79505014 -1.6218493 -1.0844772 -1.3604258 -0.1453096 -0.24638095 -1.9207908 0.77213854 1.2846494 0.2536599 0.008740668 0.43775666 -0.70844984 -0.15355588 0.49173954 0.8943408 0.52167183 1.1106366 -0.06863414 -0.5385458 -0.16687508 1.3808362 1.2179414 -0.009121572 0.95682144 -0.076862514 -0.591712 -0.0009926313 -0.6743239 1.6774002 -0.81464493 -0.82079315 1.1781703 1.8691727 -0.33361682 -0.4440942 1.022242 -0.4248408
camphor -0.9021575 0.34222922 0.78024787 -0.32608375 -0.5207355 -0.17086683 0.558684 2.025939 -0.09107013 2.3985422 -2.117766 -1.4321058 0.74137723 -0.51445335 -1.9863482 -0.10135107 0.9646539 0.19619843 0.79298896 0.37670362 -0.21887411 1.0191752 -1.562812 1.681317 0.8440689 -0.52215374 0.88956696 0.21473698 -0.2862504 -0.5678416 -0.124826856 -0.28866693 -1.612919 -0.11892239 0.77247185 0.16046846 -0.024001097 0.29172847 0.848502 -0.43201566 2.3137393 0.19422106 -0.73537177 2.228164 0.76498127 0.031291552 -1.4516522 -0.5711251 -0.60411847 -1.3035829 1.6301185 -0.14881878 1.4310958 0.9105792 -0.6182518 -0.5193062 1.0470691 -0.541308 -0.4557824 1.1900619 -0.6859889 -0.19405062 -1.7481178 -0.7743512 -1.4900769 0.01805959 0.48983118 0.4767137 1.211574 -0.70474714 1.8752697 -0.30175588 1.4729222 -1.0516801 1.7618223 -0.72795236 -0.98313326 -0.5538815 -0.68071383 0.83809817 0.4687725 -0.48568672 -0.73749536 0.07722414 3.0763595 -1.4849861 0.22178145 0.2207218 1.2268194 0.5241106 3.150219 -1.0204182 -0.15122725 -1.5286624 -0.3860213 1.917986 0.7721679 0.09905335 1.9882014 0.87412685 0.16418281 -1.1889633 0.77103436 -0.7241761 -1.5074657 -1.5553362 -0.33517882 0.91921234 -0.44820443 -1.1936904 1.2100066 0.092547156 -1.1916131 0.9542201 -0.18615673 0.20290451 1.2342359 0.8333841 -1.7173986 0.3891895 0.67686033 0.4240437 1.4799591 0.57579887 -0.7298121 0.83282477 -0.8824825 -1.236527 0.64346886 1.0516661 -1.2787781 -0.84383136 0.65489906 -1.0933567 -0.18156075 -0.25666183 -0.35463828 -0.76710796 0.83875996 0.11227162 0.15418534 0.32390758 0.5364129 -0.12975803 -0.45212469 0.81193155 -1.3916223 -0.08270692 1.0014651 0.67513746 -1.4448389 -0.6120536 -0.0075239213 1.8744657 0.051182494 0.25705928 -1.0571616 -0.3303422 -0.27328116 0.11720427 0.7075919 -0.2512958 -0.630096 -1.2117875 -0.50069404 -1.3721699 -0.4019966 1.3253769 -1.2803276 0.7080151 -0.0659574 -0.46839604 0.42694148 2.2289429 0.9331134 0.07956982 -1.1800262 -0.6208501 -0.65410364 -1.1277773 0.451579 0.38563037 0.5736267 0.9830484 -0.6001425 1.4029403 0.024062455 0.19668339 0.09008677 -1.2288218 -1.9726256 -0.9921052 1.2364986 -1.49997 0.8963299 -0.36919254 -1.3567818 -0.07257227 -1.144579 -2.647163 -0.47712323 0.7361926 -0.56823844 -0.33436987 1.098264 -0.39823857 1.0746214 0.17004092 -0.23838544 1.2230681 -0.6477002 1.1503589 -0.89891535 -1.1612858 -1.6212994 1.0958616 -0.96076393 0.04949831 -0.34022358 1.3029509 -1.8064317 -0.19777445 -0.2027856 -1.583589 -1.9345185 0.21714105 -0.7012864 -1.8332149 1.0814404 -0.6194157 0.97683716 1.1428514 1.6824805 0.6092171 0.46167016 0.7098441 -0.023985602 -1.6209804 0.9827568 -0.98568505 2.3459482 -0.69004947 -1.0566249 -0.5414423 1.1776522 -0.002786798 0.7935533 0.3858424 0.5643828 -1.1166804 -0.61823064 0.43895242 0.5625122 1.4587487 -0.42126876 0.79038113 0.57475287 -2.458272 0.5799225 -0.3584652 1.3099107 0.28491506 0.18909122 -1.2395185 0.79523885 -1.228391 -0.3590535 -0.27886316 -1.26906 1.3605486 0.86060286 0.58202696 1.3923279 1.148361 -0.0305057 1.4914906 -0.022498228 0.64907825 -0.28379372 0.8225579 0.55046237 -0.8783997 0.4870068 0.0772459 1.2888306 -0.15373667 -1.4021755 0.880574 -0.17492418 -0.14915922 -0.89189744 1.2357581 -1.0834093 -0.48072717 0.18992034 1.4405528 -1.0792538 0.61102676 1.6046 -0.36251175
creosote 0.26989198 1.197194 1.4790516 -1.7347072 -1.0728706 0.3273241 0.4867487 1.7237275 -0.58102965 1.0585859 -1.4856926 -1.6291192 0.4392493 0.15525773 -1.0762733 0.6609352 -0.50061065 0.6093048 1.7959946 -0.25404522 0.24726178 1.8230731 0.28858256 0.81370246 0.69315714 0.4617862 -1.8183745 -0.35374835 0.68727875 0.744652 0.54942465 -1.4108363 -1.2754728 0.41124514 -0.9068536 -1.7689734 0.7016884 0.4282628 0.39666054 -1.3000737 1.8619146 -1.2287866 -0.28267223 1.4868656 1.1903275 -0.32622546 -0.9397874 -0.86565316 0.34782773 -1.0519495 0.008117017 0.94812703 0.70801276 0.4657198 0.030899663 -2.2793274 -0.8089954 -0.046965588 0.06837762 -1.0130471 -1.9421084 -0.396596 -2.6362019 0.8053645 -0.38149995 1.7780828 -0.33542567 1.8006904 -0.08200163 -1.1853398 2.211237 -0.0049766605 0.93976015 -0.8388982 1.1261334 0.6319274 -0.795019 0.095953256 -0.08052319 0.9752047 0.5679084 -0.73698044 -1.8926908 -0.34397838 1.4830772 -0.57609564 -0.70288295 -1.1745104 1.0068246 0.91696715 1.7349397 -1.3027124 0.1807445 -0.13103284 1.2982119 1.2742054 0.52971166 1.0741901 -0.20118119 1.8155789 0.8526829 -1.7806568 1.547563 -1.0181671 -0.37163988 -1.8801333 1.2199279 0.79682815 -0.13398367 0.044956304 1.2974855 0.3187572 0.41087753 1.8106868 0.5539113 -0.16310798 0.34514943 -0.39968923 -1.5085857 0.9421677 0.5359732 1.2638264 0.62237364 0.7959081 -0.7778566 0.6044575 0.029987087 -0.64120847 0.27263182 -0.057118118 -0.15767458 0.072419345 0.3188425 -0.50301635 -1.0980853 -1.7944682 -0.98973393 -0.34292126 0.9386346 0.67367846 0.40983886 0.8886882 0.04930343 -0.15589899 -0.6292412 2.3394005 -0.3749146 0.7344341 0.55456203 -1.2161627 -0.07979267 -0.46726212 0.103742644 2.5323813 -0.23341979 0.25562888 -1.0799974 -1.1706753 0.38664675 1.6660529 0.24769944 1.9617466 0.32224244 -0.56155515 -0.9017439 0.20637709 0.506204 0.28758553 -0.78939503 0.9512833 0.665996 -0.8718527 -1.3573477 1.5590217 0.002142672 0.33938447 -0.056853753 -1.290891 -0.96924675 -1.5078894 -0.7157732 -0.20324138 -0.06401767 -1.1691902 0.39620432 -0.57750213 0.8268545 0.8822057 0.48653802 -1.4357617 -1.4835109 -0.81127405 0.1600452 0.68963265 -0.82520825 -0.7027898 -0.25349432 -0.078827634 -1.5913045 0.3828361 -0.6160942 0.5962675 -0.2622241 0.03790238 1.0196013 -0.39044672 -0.3295896 -0.0068169376 -0.08487645 0.17286973 -1.5846399 0.5813807 -0.73289865 0.233607 -1.0532198 0.7226827 -1.318941 0.7606258 0.023220718 0.9409186 -1.2924284 0.44419375 0.6250438 -0.65960014 -1.052881 0.8962318 0.07425159 -0.35253823 0.62888384 -0.013662963 -0.1070915 0.018184338 2.0764058 -0.6024041 -1.6544763 0.6908302 -1.382824 -0.34336758 0.35419765 -0.6959846 1.2815738 -2.3284845 -0.76274496 -1.3722577 0.948826 0.41653937 1.3197645 0.23680377 -0.27530813 0.9333511 -0.09042906 -0.3818029 1.4635392 1.4905645 -0.33111256 -1.1176299 1.9613116 -0.6917675 -1.0639781 -0.13343494 0.580734 0.61806846 -0.6129006 -1.1954393 0.18765506 -1.385868 -1.6635205 -0.4035844 -0.633324 0.7327024 0.5787024 0.8183073 0.3889177 -0.59183 -0.5463539 1.6953424 -0.6359208 0.74934363 1.3106811 -1.1542225 1.135444 -1.2463892 1.5370691 -0.34653914 0.81920916 -0.1767686 -0.88385075 0.32607183 -0.1269828 -0.16079898 0.8983234 0.01819884 -0.30557555 -0.33761996 -0.7123887 0.7650337 -1.3038576 -0.49335474 1.7026967 0.43499097
turpentine -0.011813919 1.4373746 0.17371406 -1.2516296 -0.6722062 -0.40614048 0.94486606 0.67246217 -0.84465975 1.1523645 -2.3131444 -0.5517639 1.0674148 -0.45455423 -2.132812 0.334671 0.40925962 0.30238673 1.4866637 0.99347556 -0.35310465 1.2917703 -0.7364012 0.87489045 1.0922729 0.20144686 0.52280885 0.44789857 0.52594733 0.7534002 1.60945 -0.65276814 -1.3735108 0.20427616 1.209263 -0.22254859 -0.512631 0.30655333 1.3121725 -1.2726179 1.8571471 -0.38530365 0.47034198 2.2005315 0.44697574 0.21692845 -1.0804397 -0.18030377 -0.7823638 -1.2325503 0.5159036 -0.56031835 1.7053535 1.4457455 -0.1604484 -1.4883381 0.07048263 -0.76617324 -0.15875454 0.17291987 -1.0016412 1.031946 -1.0113734 -0.9880354 -0.78960085 0.4568946 -0.41772977 0.8064124 0.08974085 -0.18120822 1.6600142 -0.54359686 0.9614426 -0.5777337 3.3779569 -0.4157278 -0.900699 1.0720917 -0.75174916 0.8804895 0.7677149 -0.4220006 -0.6441185 0.49009466 1.676148 -0.5695313 -0.4206612 -1.0823928 1.6228129 -0.017173562 1.6117301 -1.2376572 0.6716 -0.58416367 0.4768355 1.5223613 1.4791069 -0.018519456 0.87135386 0.5249289 0.60740006 -0.74849635 0.64663905 -0.63545084 -1.3723918 -1.3482275 0.85459 0.8848733 0.22274427 -0.9551704 0.76070994 -0.27429914 0.095896885 0.576751 -0.8549798 -0.76842725 0.42402825 1.0729195 -1.4105129 0.12233616 0.57414764 0.53328425 -0.59443593 0.49071765 -0.99541175 1.5380641 -0.78402364 -1.348373 1.0274359 1.1863157 -0.6095871 0.37621292 0.32497862 -0.8790596 -0.12735489 -1.3369453 -0.1751551 -1.0215701 1.6225827 0.24080573 0.94963294 0.63900906 0.35944274 0.51373607 0.10956222 0.7590994 -1.167705 -0.056302246 0.503838 -0.0546964 -0.12809432 -0.47720462 -0.69284016 1.7580895 -0.6177742 0.71135056 -0.42152044 -0.1089568 -0.3758075 0.21561661 -0.16042146 2.0050218 0.22245398 0.32984513 -0.97292703 -1.072811 0.0415238 0.89670527 -0.43061584 1.625458 -0.67593944 -0.8270689 0.5912438 1.0934827 0.91181743 -0.14952047 -0.51376075 -0.28630665 -0.4629859 -0.94490653 -0.012139762 0.39751345 1.1760027 -0.7650985 -0.15016061 1.2068527 0.12950218 0.3863567 0.2500952 -2.103916 -1.271618 -0.38340086 0.46604657 -1.162563 -0.24168031 -0.6970052 -0.79519206 -1.1257957 -0.5114057 -0.13247727 0.4639398 0.09412955 -0.79478663 0.076083906 -0.72186184 -0.6029007 0.90549135 -0.3256655 -0.13111861 0.51291245 -0.4683854 1.605349 -1.2791786 0.21021876 -0.8709013 0.31047493 -0.3843942 0.20551716 -0.8669079 0.8117379 -1.2039621 -0.13006952 -0.41768694 -1.6544603 -1.210308 0.3346486 -0.78743476 -1.5505017 1.3867205 0.2690684 -0.10114879 0.76387095 0.72277164 0.38792932 -0.52426773 1.0683702 -1.3795761 -0.58821714 0.26866415 -0.5037222 2.3221853 -1.3057438 -0.594113 -0.5609441 1.1537371 0.35361922 0.52098125 0.028563654 0.23719831 -0.2700743 -0.41423318 -0.9953712 1.2531832 1.1505389 -0.85989076 -0.36219868 0.8000918 -2.3466191 0.45958066 -1.4422704 1.0629072 0.087442175 -0.5152179 -1.0739851 -0.724556 -0.27158225 -0.6081688 0.8604392 -1.441524 0.80545616 0.49058455 0.7916446 0.9772523 -0.28979298 -0.78917044 1.1274824 -0.9441042 0.9499892 0.58362013 0.8774562 0.23968245 -0.47963104 0.30901694 0.44012544 0.7246442 -0.05894423 -0.4067826 -0.16987415 -0.093244836 -0.086828284 0.38704273 -0.69636554 -0.2462916 -1.3583969 -0.29256094 1.9936184 -0.12571074 0.56812 1.6002731 -0.59413916
