96 300 
animal -0.708559 -1.2218227 4.0689607 2.197641 -1.1404696 1.3486047 -0.050038602 1.1543407 -2.4608462 0.86535543 -0.07229851 -1.4621181 -0.23446733 -1.4740955 0.1355468 1.4598924 3.693408 3.0821223 1.1207076 1.3717633 -1.225427 -2.6536655 1.1832801 -0.5233073 0.5287204 2.1720743 0.29304034 -0.0603017 1.6743758 -1.0501364 0.033781774 -1.9232047 0.32317206 0.100925386 1.7075156 3.1286159 -0.8241454 -0.47196734 -1.145778 1.0157495 -2.3051796 0.9194511 -0.56180984 1.6242603 1.352885 0.05503431 1.3784144 2.20603 1.4289259 -0.12572531 -2.279189 -1.9068131 -1.1349924 -0.11127126 1.9642873 0.8869629 -0.24394527 4.859503 0.11306883 -0.8573812 -0.026544636 0.12303514 0.5586298 0.057592355 5.1474338 -1.7218754 -2.6809509 -0.09832738 1.0502039 0.52248627 1.8686606 2.655368 -1.5967659 -1.3638002 1.7499914 -0.62028354 -2.198458 1.6851411 -0.7356286 0.56668663 0.2782146 -1.8960446 1.1001812 -0.3840366 1.5437331 2.5447884 -0.06627456 2.572263 -3.6406262 -1.6947536 2.2075756 1.8742871 0.5641917 0.50572276 1.4982861 -2.467943 -2.3467193 1.804705 1.6618022 1.2254764 2.506565 0.77737486 0.09427496 -0.95578194 0.55418557 1.0335456 -1.5257965 -1.7256598 -1.386162 -4.2529254 -2.2693007 0.3306431 -2.2072594 -0.8779591 0.94229436 1.2160032 -0.041828915 0.47083476 -0.22224207 0.09669679 -0.521304 -0.89673835 2.2373948 -0.96908647 0.4438926 -4.023066 -1.0509554 1.6148852 0.17679714 0.7351833 0.3506104 1.344792 -1.4333316 0.79156446 0.12293287 0.017107084 0.884702 0.6215927 -1.8822039 -0.52739674 2.390432 -2.5678687 2.5015838 -0.8129958 -0.27575967 0.87926704 1.0187304 -3.8833795 1.3220347 -1.3009939 4.37775 0.30044225 -0.44206068 2.0695617 -0.3872322 0.43311146 -0.64684796 -1.4507662 -1.0669719 -1.9871778 0.07602581 0.7470701 1.935646 -1.5791055 2.5546548 -1.4741272 -2.6523812 1.9453843 2.5356236 -0.14292443 1.5459659 2.6211367 -2.3289325 -0.72592604 3.9696255 1.278699 -0.86559165 -3.215477 -3.0040085 -1.5135633 -0.38267717 0.5074815 1.040402 1.2714286 -2.48421 0.46887526 0.063706174 -1.4834962 2.6861138 0.5451235 0.06802104 0.20966676 -1.5418876 0.39022338 0.5442301 -1.7749095 0.9626795 0.42775747 0.54707414 -0.14935283 3.7836132 1.4864174 2.9975011 -1.9643809 0.56454295 -2.6189744 -1.7604601 0.72636634 -2.3855338 -0.72681814 1.6889232 -0.20069088 -0.95454586 -0.31705686 -1.1407704 0.7457417 -1.2357055 -0.36654156 1.1443427 2.2804487 0.5524251 0.6266123 -1.5634186 -3.0954473 1.4062666 0.24152792 0.38009468 -0.41708565 0.8952446 -0.40268344 -4.0279384 0.7293549 1.7778275 -0.17060104 2.120527 -2.9380891 -1.8445736 -1.2675902 -0.1702641 -2.041118 -0.6654627 0.63586396 -2.3356528 0.9208986 -0.44000867 0.09518645 -1.3676751 -1.8280845 1.2072674 -0.051836737 -0.61030245 1.6643149 2.6776118 -0.17037177 1.3846624 -2.5141778 -0.28925732 -0.13598143 2.6777394 0.32401168 -0.55947065 -0.6803163 0.16143538 1.4525301 -1.7674825 -0.79246336 -1.7686325 1.2903429 -0.8989092 0.056060657 0.68536514 -1.0582453 0.0027275514 -0.91755384 -2.264121 -0.9637128 0.37376451 -0.58776355 0.48252636 0.84491014 -1.4668211 0.7901375 -2.383644 -0.9715672 -0.050146442 1.0218728 1.6492939 -1.2254388 0.23217292 0.10516446 1.1883347 2.064224 -1.5974145 -1.4485818 -1.1425793 1.6585717 -1.6805507 1.8447765 1.8976058 2.077805
apple -2.0020814 -1.5874927 1.3488172 0.8781097 -0.77256095 1.7877858 0.30255422 -0.06036808 -0.91921216 -2.0114138 0.25510892 -2.3667457 -2.0566483 -1.0615569 -0.8489322 -1.1924788 1.3913028 -0.50090057 3.3265586 -1.0268378 -0.26914436 -1.5094754 -0.70278245 2.81393 1.3462781 1.0063609 -1.4355798 1.1093744 -3.2901745 -1.0959677 0.92150235 -1.7263107 0.031131482 -1.5074527 1.4644371 2.1654146 0.34677967 1.6687025 0.9853988 -3.3191104 -1.4072874 0.3467472 0.51488936 2.2291105 -2.983947 0.2024868 0.8004013 -0.79693925 -1.582904 0.41150555 1.8055904 -1.0090599 2.2278616 -5.054269 -0.6874005 0.07000655 -1.1937064 1.7876002 0.7856538 0.50749075 3.57209 0.78768116 1.5066657 -1.2756499 0.38395032 -2.4253466 -2.4091465 0.33675298 1.0869528 -1.9902536 -1.0214368 2.085495 1.7599185 1.5757675 0.37892115 0.2164726 1.1221279 -0.9925896 -0.22090836 -1.7786566 0.25851005 0.4044639 -0.045242406 -2.8309135 1.8683727 1.3158449 -1.2583339 0.77621645 -0.1969239 -0.06013595 1.5262129 1.3431002 1.5403719 -0.08259275 -1.6337457 1.1529335 -0.012351303 2.9974308 0.24617483 1.9066924 -1.1213902 -2.0313663 0.020824356 -1.7122366 1.2319492 -0.073481426 -2.1716576 -0.6043059 -3.097276 -0.6394485 -2.8418043 -1.5406525 0.72466403 0.7461291 1.3185766 0.250985 -0.20363572 1.7195008 -1.937948 0.8640751 0.6720475 0.46446663 1.4262335 -1.5983462 -1.3863062 -1.8406351 -0.4093809 -0.014166696 0.83955073 -0.6225597 -0.1924227 -0.608684 -0.48024395 -1.2430441 -0.37604764 1.3639208 -3.7386267 2.0534127 -0.67768914 -1.591755 -0.033826992 2.9597445 0.18609641 1.5170681 1.1356204 2.7944784 0.2129627 -0.7782842 -0.35004136 -0.9456807 -2.9211679 1.2355107 3.448539 -0.83321166 -0.31155625 -2.9497721 2.133624 -0.7439071 0.33817032 -0.9730091 -1.3997605 -1.5864935 0.1979066 3.038932 -0.6546621 -1.7531528 -0.78241587 0.690986 1.3692755 -1.6283541 0.092576705 -0.13063449 1.2966616 0.042877465 -3.9570086 0.86175317 0.29847476 -0.8966294 1.377853 -1.0932839 0.82433814 1.0592595 0.15797034 1.4233735 -1.1655203 1.9814893 3.8734975 -2.774677 -1.0181668 0.5947098 -1.2824814 1.8380432 -2.3248029 -0.2511197 0.9651875 1.3871433 -0.59772056 3.4318917 -2.3753462 0.263494 -0.85910225 -2.3064272 1.4970001 2.0529087 1.2419764 1.3832694 -6.148684 -0.26541096 -1.6155858 0.9959752 2.31878 -0.87627673 -1.4162422 0.82351696 1.0891608 -1.4700402 0.44099203 -2.7688966 1.2277117 -3.9713948 -1.2689271 0.3467747 -3.0687277 -0.43874738 0.36916134 -0.4651523 -3.4150045 -1.8074718 1.8352493 -1.9073001 0.47430006 -0.7029729 -1.604827 0.9880278 -2.4702315 -3.1101246 0.44931936 0.6622633 0.85563517 1.5649517 -1.7737095 -1.5733653 0.47419956 -2.877972 -0.61515105 -2.142636 -0.56545466 -1.2385107 -0.22467588 0.8257705 -0.4546161 -0.4974709 2.197747 2.490963 1.4149408 0.9007763 0.35264185 -0.9901856 1.2510757 -0.17145646 1.0627266 -2.7797458 3.1995838 2.1002276 -1.6133043 -1.7845391 -1.159544 1.4853704 -1.0792044 -0.2259767 0.46749243 1.9541868 -1.5844139 0.7735714 0.2526243 -1.9692296 2.2777486 -1.0126057 -0.39540082 0.33200586 0.07174232 0.03926436 -1.1354219 -0.2877498 1.9137901 1.0018338 0.31242982 2.1076372 0.35133493 1.5694281 -1.0538843 2.2068112 -0.99682015 2.8249862 1.0652792 1.4177775 -0.14151773 -0.42103314 -2.6535091 -2.5996459
blood -1.5106442 2.2942362 0.38861609 -0.65944904 -1.572136 0.80942124 -1.0791552 2.2857444 -0.15173632 -1.7792014 -0.72502714 -1.551034 3.2003849 -0.91404265 -0.67203605 1.5017942 3.3233273 1.0499823 2.0340354 2.9486725 -0.5262915 2.0541484 1.217608 -1.7926913 -0.9188881 1.1356577 -2.0540679 -1.0006478 2.7625303 0.9674032 2.9106236 0.93686205 -0.05159987 0.04156845 0.09944872 0.101428956 0.5331433 -2.389015 -0.6484616 1.8108174 -0.77600497 0.64784986 -1.4231197 2.6705613 -0.79154986 -2.5095723 0.31788945 1.929265 -3.733566 -2.1574957 -0.5919791 -2.2495658 1.0317721 -0.088538475 1.1313206 1.3763152 1.6992627 -0.5685201 3.068399 1.1319042 -2.0793543 1.1904135 -1.0930029 1.0953571 1.2575557 0.06645558 1.9871547 1.002876 -2.5020347 -1.8806579 -1.9360921 1.6427971 -1.3888574 -3.8533373 1.351061 -1.3551443 -0.6052952 -2.1896317 -0.8346823 1.1136012 0.7752477 -0.18086386 0.8914191 -1.7156255 1.3550822 0.59457356 0.11475551 0.2919322 1.2190928 -1.7468828 0.8123602 -1.0529433 1.3033295 2.4186964 -2.581241 0.22924297 -4.386115 1.1519482 0.12374891 0.43415454 0.34096774 0.36950988 1.8281194 -3.7357824 0.34042326 1.0098115 -0.9274209 -3.6162412 -1.8747231 -0.6887379 -1.6330701 -0.8246895 -1.1546353 -1.5969323 -2.5976143 1.3061999 -2.335341 2.1801414 -2.3160229 -0.86717176 1.3291126 -0.4174451 1.2130184 -1.2673644 -0.4288124 -0.41835526 0.046200067 1.1027627 -2.474657 1.9960049 -1.2325494 1.4360882 3.1340759 -1.1952399 0.8787848 0.2503518 -1.7990913 -3.4009259 1.2027092 -0.81332135 1.1294854 -4.069722 -0.6039602 2.2911394 1.5528785 0.0047028232 -0.7253527 -1.4575144 -0.2895002 -2.824913 -2.2905464 0.4315809 -1.0008829 1.2901249 1.727456 -0.099906206 -2.4331622 0.26125774 -1.0113138 -1.2568334 1.2530332 -0.38654098 1.6231146 1.3350317 -1.4860437 -1.9138612 1.8862507 0.87485415 2.8731859 -1.9935778 0.6082552 1.7357587 1.8874753 -0.063732915 4.30971 -1.5043962 -0.70269006 -2.9937596 1.0347332 0.58245003 -0.6220065 0.5904905 2.9901261 -0.32334244 -0.34669706 -0.34568858 3.9018295 -0.76146674 0.23563778 -0.7496386 -1.9772419 1.0148801 -3.1133626 -0.3348388 0.0014427372 0.6694365 -0.16409022 -3.0189192 1.4598318 -0.6827689 -1.6518763 -0.09745825 2.2362738 0.9969162 -1.9955634 -2.451561 -0.15930717 0.2574422 1.1311933 -2.3838625 -1.1580747 0.32715976 -0.6754421 -1.7532337 -1.1104476 -1.2679337 -0.5722309 0.1350339 -0.2115408 1.0008283 2.1508884 0.039269365 0.1885315 -0.8767264 -0.48859167 0.041356836 -3.6228871 -0.7359141 2.761223 1.638613 1.2702497 2.6073844 1.203238 2.0668232 -0.58699167 -1.9620832 -0.9676573 -2.4218585 -2.3629546 -0.48205924 1.2412329 2.7326999 -0.24056424 0.8295799 1.2009038 2.3072152 4.3094077 -1.6265973 -0.63102245 -2.8173218 -1.2150469 0.8009875 2.2749689 -1.6846613 0.48040995 0.59236246 1.1111345 -2.1632624 0.57093334 1.5129281 -1.743092 2.0952294 1.4560416 -1.0893285 1.4742076 -3.5893095 1.3799423 2.8805299 -0.4010103 -0.33074743 1.3995392 -2.4745946 0.1760203 2.184795 0.3211637 -0.72636056 -0.40503964 0.2316719 3.276275 -1.1761005 0.5193423 4.0796094 -2.8255916 3.523644 1.2612865 0.7145609 1.2360866 -0.30362743 0.8574782 -1.1430483 1.3719187 -0.9659002 -3.5510662 -3.4334288 -1.2144845 0.66395813 -2.9477942 -0.03844677 0.09713316 3.276433
fish -1.9592285 -1.0928296 2.8410742 2.552037 -2.49237 -0.7688567 0.662705 0.6284733 -4.0380216 -0.5569101 -2.8168564 -2.762378 0.22065653 -0.92554384 0.053678334 1.8928244 0.14137247 -2.308962 0.21878688 -0.2632046 -0.5656826 -1.171446 -0.38607505 -0.45772767 0.6912218 -0.08713961 -0.08989618 -0.47930312 1.5057689 -0.48585343 0.902199 -2.5440955 -0.60276884 -0.32618424 0.22401606 1.8238287 -1.6694022 3.704212 -2.2326071 0.4078722 -0.17148547 2.2545366 -3.590786 -0.5841939 2.5813093 -0.51528335 3.4254627 -0.49080426 -2.8777852 2.9645042 -1.8189533 -2.6240854 0.8009874 -0.47207773 -0.2949751 1.0011541 -1.2187997 2.4041696 2.426348 -1.5039326 -0.57690793 0.8013644 -0.032687105 1.8514087 3.587312 -1.5915675 -4.533124 -2.0658238 -2.4291975 2.4702363 0.14096005 0.7682071 -2.8467467 -0.6373287 0.6715784 -1.2130804 0.12586682 -0.013401215 0.34190047 -0.13350356 0.88076466 1.9883713 -0.54148644 -0.3737442 3.496973 1.9601903 0.25013143 -0.88099235 0.9383817 0.2710098 1.1014825 2.162374 0.49775344 1.2800733 1.4341674 0.67877847 -2.2097638 1.8470237 -0.37652743 0.7573136 -1.7119899 -1.0887525 0.29026183 -3.0693948 -0.46446997 -0.62851816 -1.0357993 -2.281862 1.4212102 -2.4280822 -1.8070278 2.0999656 -0.6539185 -0.5984807 -1.7905074 0.48983708 -0.80845004 1.7076796 -5.3219724 0.8791881 -1.3458875 2.087672 1.9400514 -1.549292 -0.59944713 -0.20599496 0.10322634 2.9593692 1.7583075 -0.9232277 -1.5274916 0.96165925 -2.0930352 0.332153 -1.1140689 -1.9890251 -3.1800597 -0.00956173 0.66498756 -1.2462658 2.0080094 -2.795884 0.13641515 -1.3432777 0.63570875 1.4758096 1.074016 0.321979 0.49266893 0.21310161 0.96970224 0.11144963 -0.6384865 2.6919444 -0.86987656 -1.6732296 -1.0359826 -0.43698126 0.0968139 0.26560178 0.41315752 2.0254774 2.8850932 -1.1130406 0.3209316 -0.3517614 -1.9749238 1.780001 1.5295542 -1.0059456 0.8098302 2.1743584 -0.6708386 -0.84623975 2.3122828 0.2504266 -2.4580975 -1.4936967 -0.49354133 -0.7669329 0.18888718 -0.13457698 0.5075562 -0.036912072 0.21189809 0.71100944 -0.3249052 1.1837425 1.9407291 1.6033404 -0.9590536 3.1112764 -2.056228 1.4331399 0.34156328 -3.440359 -0.93336886 -0.42505935 1.779649 -2.278447 0.9128711 3.4676864 2.4063437 -0.602967 -1.3210895 0.5484688 -0.9086659 0.8771937 -0.58428717 -1.5478257 1.146905 -0.012007492 -3.265936 -0.18125202 -2.4518719 0.40595165 -0.6461833 1.1367624 0.37029994 -0.69777864 -0.3708808 -0.82785875 0.46103603 -3.8010428 -0.17457744 -0.72798395 -0.3187879 0.30991265 -0.09122524 -0.009676583 -4.687734 0.34801948 -0.12759379 0.3053609 2.305147 -1.6765822 -2.5956059 -2.0287316 0.6895271 1.1541646 -0.16367091 0.031958092 -2.243383 0.005969985 1.662532 -0.11547533 0.26889092 -1.9096216 1.1099274 -0.6096243 -0.7388695 -0.68541175 2.0291169 0.79758656 1.2043474 0.055674523 0.9702684 0.5812267 0.15863247 1.6324266 -0.7557821 0.117001764 0.35071188 0.9024953 -1.4154786 -0.49852124 -1.8794622 -1.4818949 -0.88734615 1.2457527 -0.18358847 0.73255205 0.19570096 0.054658897 -1.7555212 1.8107694 1.3024054 0.99623734 3.0576553 0.92902756 0.9878264 0.6771823 -1.8740156 1.4994458 2.6900055 2.4824743 0.073677585 -0.28629398 -1.2882088 -0.0061684437 0.7982219 -0.42778093 -0.8581879 -1.5054363 -3.6911387 1.1849265 1.0433854 2.043339 1.8772502 1.0865847
wine -0.04118374 -0.92389095 -0.5317604 2.2724023 0.66895336 3.9013274 -0.21136905 -0.5999355 -3.2727633 -1.0923947 -1.2376485 -1.6944884 1.9308343 1.6676652 -2.1539695 1.572962 -0.6277249 0.3772432 -0.780945 -0.16168231 -1.9852161 0.18409412 0.3098603 0.6721539 -0.4885702 3.061989 -4.0416183 -0.6390139 3.3748403 1.5602638 0.5663921 -0.8330336 -0.027100569 -2.4450693 3.0012493 3.3559399 1.0014216 0.4793081 2.6680295 2.7213218 -0.6169294 2.0503852 -0.23641217 1.023515 1.5419006 -0.9624379 -0.17447971 1.3318799 -0.34578848 2.8688838 -1.4959433 0.8210297 0.5376431 1.4560972 -3.603226 0.19424465 3.0221932 0.362133 2.4744756 1.2943233 1.4049664 -2.302466 -1.7584305 0.3312984 -2.1733713 -2.5724895 -0.81127954 -1.8415935 -0.15065435 1.0833269 -2.6061141 0.6552282 -0.42068258 2.6630263 0.7723978 -0.15392151 -1.877981 0.20561382 -0.401366 1.3891971 -1.2278795 0.14645629 1.2890204 -1.3355263 1.8128012 1.9485052 -0.45645106 -0.7573724 1.83003 -0.7855227 0.9865575 0.5088695 -0.8151114 2.3611698 0.36011434 1.6768156 -0.8330499 0.07529305 -0.817407 -2.5647337 1.2297806 -1.4967203 1.6447847 -1.3345491 2.901083 1.4004056 -1.4633518 -0.14883818 -1.1994897 -3.207327 0.071097516 0.35010332 -0.041133713 -2.1511288 -0.4354608 2.3423078 -1.4650661 -0.6468054 -1.774217 1.1120969 -0.35366186 0.053307235 -1.6755394 2.1928494 0.1806961 1.676171 -0.6460715 0.703888 3.5719047 -0.20913766 -0.75975126 -1.7005839 -0.9231293 1.2748371 -1.3569561 0.6853644 -1.3433586 -0.78369045 1.2007704 -1.401841 2.0429652 -0.6855814 2.8427904 -1.346106 -2.2695706 -0.68850654 -1.248077 -0.37626752 -1.5115917 0.46402478 -1.6702827 0.47108442 -1.350291 4.4438915 -1.6837422 -1.4925213 0.57706493 3.3150039 0.5694716 -0.73187923 1.4412769 0.23035447 1.0187192 -1.260724 -1.3981104 -1.1217899 -1.3806235 -1.6710476 1.410926 1.970109 1.5896826 1.7562269 0.19947052 0.485896 -1.3480101 1.4434298 1.6452117 -0.5641201 -0.7417286 -1.6699206 1.2736262 0.7052979 -0.75184894 0.094118714 -0.066170596 -0.92944825 6.0520945 -3.2244334 -0.08917806 0.4048641 -0.7748279 2.6375093 -1.2718799 -0.88319945 -1.2757473 -1.4669641 -0.82096094 -1.1345115 -0.63134027 -2.868978 -0.252877 -1.3419685 1.7028539 -1.8586978 0.45107824 3.439953 -1.9022613 -0.40057752 1.5803996 -0.5264592 -4.876474 0.533859 -1.7955073 1.8545548 2.7418115 1.3473333 -0.055125162 -0.92591435 0.7852176 -0.90680087 0.086206086 -1.7299974 -3.063986 -1.2333424 -1.8416872 0.62077785 -0.7167045 -0.4642016 -0.29507026 1.3790649 -2.3487232 1.6439826 -3.5873597 -0.41126013 1.3888148 -1.1735481 -2.3088484 1.1530882 1.9471588 1.418886 1.0922785 -0.19544521 -2.7427638 -1.4008954 1.8222669 -3.2398322 3.4716046 0.6971455 -1.1299132 0.4128682 -1.9681673 -3.933827 3.5201068 0.24356197 2.39201 3.5537288 -0.83651686 1.4512314 -1.3624485 -0.93220377 3.7754786 -1.3253666 0.21890548 3.5012517 -1.9095339 -0.9535886 -0.6492311 0.6281931 -0.3723378 0.35362113 -2.7471359 -1.3263158 -0.37117103 -0.7392542 1.8106805 2.3322697 1.2778519 2.268057 0.87949175 -0.5908571 3.1584632 -2.3429704 -2.0708427 0.82908803 1.003727 1.2795762 0.3885692 1.3829154 -0.9871653 -0.4594047 1.0780215 -0.55689526 -2.2955668 -0.39368024 -0.21364275 -0.015101124 0.093491234 1.3528236 3.3731878 1.8722583
paint 1.066857 1.4869305 -1.7557786 -3.2024484 0.3186544 -0.99900866 2.3039951 0.4100428 -1.7082657 -1.4943992 -1.900861 1.7517016 -3.8826106 -0.12395017 -2.6695132 -1.9790885 -0.18531436 1.3315233 1.1402711 1.5831099 0.4244556 0.4505019 -1.670613 1.185891 -0.43464637 0.03496098 -0.92298317 0.6307715 1.925141 1.5590707 0.7673606 1.754933 0.61797637 -1.9455422 1.5765246 -0.35095719 -1.3341129 1.4672656 -0.32428232 1.8501217 -2.3094525 1.3136705 0.7818165 -2.2755594 0.07118986 2.4804702 -1.3878165 -0.09955729 -1.5090412 -2.2350054 0.8152441 2.1824033 2.3146706 0.4429773 1.0384177 -0.9605781 0.22089446 0.5264033 -0.5654916 1.725455 -1.597648 0.8472556 0.785962 -0.23965012 -0.1808154 -1.454141 -0.8497507 -2.7966685 -1.4818121 0.6601285 -0.22011885 -1.2923598 -0.3312292 -2.0807033 -1.5010109 -0.18300657 1.7569551 0.8407639 -0.05806103 2.6907387 -0.34997368 0.55956846 -2.5196064 2.410668 0.90743405 -0.09775416 -0.97210646 -2.4573443 2.7226295 -1.2614704 -1.0023842 0.13206087 0.09642262 1.6354531 1.7769632 1.4001052 -2.1008716 2.5752263 -0.038157925 -0.5603916 -0.77248687 1.3313694 0.47665694 -0.5406504 3.859634 -0.06753246 0.7823449 1.5730311 -0.1656626 0.17779566 -0.8041523 1.079028 -1.8270684 -3.7759328 -0.62003016 1.2287486 -0.407905 -1.5514097 -0.75180215 -2.470566 -1.3107351 -0.5340253 0.47177294 -0.9980888 -0.28549182 1.6466476 0.5443342 -0.08738217 -1.9171242 -1.1957598 -2.0827715 -3.9710479 -0.051675133 -1.1675841 -1.5226657 -0.5037814 -1.3060397 -1.7947708 1.2709397 -2.1127377 -3.3449001 -0.24841598 -0.36190984 1.0246619 1.575791 -2.4990208 -0.69593614 -1.6715648 1.2950631 0.99178433 0.79633987 -1.128214 0.35655418 0.57819027 -0.92958903 -1.4389105 -2.031325 -1.1049736 0.6925412 -0.17855468 -1.2508136 -0.61582506 -0.5112357 1.1343035 1.1140078 0.3939369 -0.8161739 0.9200946 0.23474815 -0.51765084 3.8510106 -1.2710854 0.15018976 -0.9764311 1.7430091 1.5872757 0.28591862 -1.0125456 0.5698457 -2.0650287 0.4888383 -0.12095739 -0.36036474 -1.2882475 0.15027188 2.2750154 0.30621237 -0.67632943 0.09089115 0.656571 -2.5657697 3.3587308 -4.1594677 -1.2227619 0.5234695 1.313989 0.42721382 -1.3059944 0.4805907 -0.9136657 -0.79570365 -0.0016843453 1.8223512 1.1519665 -0.38695064 -1.3070997 4.191087 0.13705876 0.81218225 0.61852926 0.22498848 -0.57883835 -4.5413613 -0.15938315 -0.61803216 -0.12290613 0.8085802 0.93746513 -0.9832272 4.482502e-05 0.53484654 2.8833582 0.3051032 -1.9377508 -1.8918407 0.041991737 1.377631 0.46652478 0.90796983 0.59305435 -0.780304 1.2275054 -0.35243386 1.8046933 -1.5796641 -1.0666809 0.16306286 -0.9998975 -2.7682629 -2.5581915 -0.9430597 2.34386 0.33213672 2.3102045 1.5540466 1.797506 -2.277413 -1.8585211 0.030142559 0.6236731 -2.7998936 0.34110996 1.8901439 1.9476115 -0.075497776 1.028895 -0.11115718 2.5576925 0.72276664 -0.17223077 0.72155005 1.2102361 1.0246171 0.36206484 -2.2597623 -1.6450138 1.3397034 0.21259794 -1.237497 2.1813173 0.3224413 -0.75928223 1.1363795 -1.1938698 -3.6211662 1.0295118 -2.865097 0.7797367 0.60660017 0.49746734 -0.27549925 -1.8473256 -2.2074754 -0.47514245 0.19121757 1.125457 -0.701798 -3.7314274 -0.011672617 -0.69106215 0.7251724 0.33621636 -1.2153292 0.3758768 2.400257 -0.034043137 -0.41103038 -1.1446315 1.9374828 2.5005803
coffee -0.18173124 -0.2753437 -0.3709814 4.0315356 0.111697555 4.477467 0.36016735 -1.9094865 -2.3639417 0.9645818 0.14615779 -1.3218558 0.73178345 0.7869215 -2.2935178 -0.38175696 -0.32407805 0.21648994 0.15429243 -0.45596105 -2.802854 -0.3070443 -0.45401838 -0.98334 0.5445761 2.4117882 -3.8397992 -1.8850895 1.8514177 0.7613035 0.47155982 -1.8203951 0.9081823 -1.9682496 1.0861257 1.6435597 -0.6135313 -0.7731983 0.42150724 2.4087968 0.58228064 0.9765027 0.8269138 0.6486515 0.15156926 -1.0951176 0.49041548 -0.14547926 -1.6221644 3.337526 -1.2694858 -0.31065163 0.3385626 0.40615267 -3.4258065 1.2645977 5.9716825 0.08054632 2.2084086 4.550072 0.96646154 1.4673433 -0.9808603 -0.6858518 -0.5228161 -2.4226425 -2.9553103 -1.8284307 0.7515368 0.6086372 -2.6677608 -0.62796164 -0.40594867 0.022997357 0.9727788 -1.0558228 1.0073189 -0.16977492 -4.7043414 -1.7861254 0.28295994 -0.6700656 -2.3148558 1.8649944 0.6130702 0.3523844 -1.768271 0.1616293 0.9719744 -0.7574847 1.4775109 -1.1608232 3.0792096 2.0928621 -0.5123917 1.5749373 -2.4337766 -0.57955605 -2.1726215 0.5145918 0.65189606 -0.5042645 -0.2208765 -3.8021107 1.1822274 2.8471453 -7.806765e-05 -1.6275014 -0.23756734 0.15451333 -0.33038065 1.2705714 -0.84031385 -1.2005355 -0.4028365 1.8550112 0.78613925 0.5390078 -5.020706 0.5026782 1.9355239 0.7914816 2.0760636 0.7718535 -0.32912624 0.13066612 0.93556404 0.3538278 0.75780207 -1.4980628 -1.878428 -0.64338964 -1.7507088 2.073072 0.010482683 0.3484606 -2.9141188 -0.5081625 2.4312153 -0.8260117 0.87665135 1.0158561 0.9646059 0.6636438 1.1264442 -0.08847941 0.32511383 0.5603 -0.72548383 -0.8441355 -2.7723835 0.29202858 -1.7090709 1.9536369 0.2020361 -1.2059295 -0.13516988 3.2426665 2.2304587 -1.5268488 -0.07713396 -0.6386744 -1.1007704 0.5198252 -0.4279693 -0.773558 0.07263394 -2.143867 2.6314209 0.88209754 -0.13268442 0.12649876 -4.481014 -0.9993946 -0.25636968 2.685528 1.7096012 -0.40882918 1.1554128 -1.604514 0.21525255 3.4849553 1.6694672 -0.43370885 -1.3442696 0.49821612 4.464725 -0.2704753 1.7324135 -1.8358281 -1.3654984 2.2137861 -1.7941344 0.022490878 -0.8185474 0.7736621 -0.36493662 -1.405487 -2.9047542 -2.6830835 0.59527415 1.1541116 1.804918 -1.9638958 -1.0159088 1.5645006 0.29464534 -1.9669937 1.1276232 -1.1878028 -3.7466428 0.03475531 -3.8951051 1.1560472 0.05814916 1.3545829 -0.6785235 -1.4929913 0.24153607 -1.5560085 -1.5062762 -1.4138848 -4.2440357 -1.807551 -0.50320673 0.7506493 -0.2089051 0.32232028 -1.912247 -0.005322586 -0.46955854 0.67527986 -0.6215708 1.2359676 1.0380973 -0.60001755 -1.5187516 0.7699418 2.1630645 1.4604965 1.5072521 0.06751278 -3.2618492 1.3435366 4.2819037 1.087069 0.9348672 1.0530903 0.8455461 -1.0213668 -0.21540244 -1.0759786 0.87641394 0.95652556 0.3557355 2.4580371 -1.9249588 1.3725396 0.44698942 -1.4250585 2.8562334 -0.61703086 -1.1211442 4.612078 -1.757826 -0.8803773 -0.90127414 1.0058913 -0.25285077 -1.3934686 -1.9133077 1.7454288 -0.43965057 0.757803 1.1426882 -0.30663607 2.1551802 -0.32744777 2.4328415 -0.98107386 1.7653538 -1.9043031 -3.4557035 0.631516 0.87705564 0.8700704 -0.5583736 1.8316495 2.2187488 -1.8995955 -0.6662973 1.505224 -3.2136874 -1.7411042 -0.520344 0.34109056 0.6195667 0.76958257 -0.06327725 2.2294111
beer 0.23321213 -0.15003479 -0.9704206 1.6225941 -2.714463 3.7855406 1.4128455 -0.39626464 -1.2470981 -0.125496 -0.3308613 -1.4222332 2.7422714 1.7659756 -1.5196458 1.0309491 -0.44171163 -0.031045 0.5049551 -0.9139188 -2.2767866 -0.52730346 -0.13167836 0.09575703 0.18818793 0.41264877 -4.7617 -0.6795127 2.6271505 -0.09780586 1.2619276 -1.0304531 -1.1556641 -1.7543623 2.254527 1.5243216 0.92111886 -0.7782881 0.9922478 1.5732852 -0.3354992 1.5089675 -0.85485137 -0.4397704 1.3445024 -0.7301433 -0.67659837 2.4783452 -2.799178 1.7761905 -2.6906025 0.80133194 0.9729836 0.8028425 -2.4189413 1.8471764 4.1605372 1.2082223 1.6831698 1.530021 0.1702621 0.31700608 -0.7873422 -1.6225688 -1.2271625 -0.13950382 -3.1789234 -1.416337 -1.3772174 0.784621 -0.104570895 0.16515891 -0.49633545 0.52380544 1.1254137 -0.936514 -0.10350896 1.2105163 -2.1675196 0.62380487 -1.2461152 0.48077956 -1.3254857 1.0221725 0.47907302 0.9529011 0.1589823 -3.3314543 1.9521672 -1.2107297 -0.30868664 -0.68368566 -0.6710783 2.9345717 0.4146044 1.832744 -1.2861027 -1.014489 -0.50265604 -0.38583025 -0.6496208 -1.9574385 0.5826847 -2.5184255 1.6388923 2.9097154 0.19296215 -1.1220267 -1.2415049 -2.2172415 -1.7120252 0.005309516 -1.4010354 -3.5653372 -0.17153795 2.135463 0.42994285 1.6346273 -1.6258833 -1.1477072 1.3521128 0.5182284 -0.00019593936 0.6313423 -0.38162962 0.34877187 -0.17944874 -0.713447 3.0016994 -0.40878987 -1.6005785 -1.4663239 -1.2529442 1.5857378 -0.32392862 1.7326181 -3.604314 0.50698334 2.543659 -1.4247769 2.1566224 -0.47419378 2.1237538 -1.5682151 0.5381503 0.9982479 -0.2510634 0.45917752 -2.1895533 0.9064339 -2.0416126 0.0049798796 -1.4950422 3.4641633 -1.1554972 -2.3290806 -0.34070376 2.5049956 1.3843963 -1.6403601 0.688814 -0.21098065 0.136942 -0.5076433 -0.6517055 -0.6103036 -0.27004355 -1.2714652 0.5497657 2.585823 0.14239742 1.0825343 -0.40420377 -1.8965027 -1.7366239 0.9074387 -0.18783356 0.11441855 -0.012007592 0.4125324 0.06477116 0.61901355 -0.10838433 -2.7412395 -0.25887656 -0.7760525 5.077545 -2.7268746 1.0132717 -0.27712497 0.4852841 1.3224494 -1.7562958 -1.0616462 -0.8500792 1.4034475 -0.49806654 -1.2631617 -0.9017905 -1.4298238 -0.6585761 -1.066814 2.4411607 -1.2990834 -0.20415789 2.384102 -2.3702316 -1.8633354 2.6921048 -0.19297563 -2.9906244 -0.7662721 -2.7164044 1.4084371 1.5999992 1.7804503 0.5155678 -1.5427374 -0.5335416 -1.7142059 0.078736395 -2.9772868 -1.9381001 -1.4840531 -1.5650665 0.34861475 -1.6408843 0.81308985 0.21965373 -0.011954995 -4.467759 0.8499646 -2.1792278 1.2354171 1.4536507 -2.8959165 -1.5008724 0.64893126 3.5011356 1.1402903 1.098677 -0.9097258 -2.6071298 0.40510598 3.731664 -0.9906797 2.5099082 1.3015405 -0.787737 1.275779 -1.4948322 -1.9253206 2.3318458 -0.66550404 2.486513 3.3773978 0.73444104 1.1540238 -0.8287065 0.4118825 3.357494 -3.1224923 0.123416334 4.710365 -0.7581507 -1.7241083 -1.394289 -1.9780865 0.00050544733 -0.54424906 -1.670275 0.54751223 -0.8476758 -0.69557035 -0.48799166 2.832707 -0.9953594 1.5452824 -0.84885347 -0.8740618 0.6891185 -0.7793319 -2.3763084 2.261342 1.2547709 -0.115146704 -0.43579435 1.2343512 -1.0663048 -0.65437675 1.8898833 -0.72849697 -2.939833 -0.63810706 -0.4158798 1.67723 1.6298875 0.987969 3.0810795 1.7840841
smoke 1.6371031 -1.7826694 -1.8142837 -0.46040583 -1.4987183 -1.7626642 -0.35711715 -0.77805656 -0.9605834 -0.4893998 -2.4934905 0.39282152 -0.40899852 2.9416585 0.5954731 -0.2864607 1.539046 -1.8923901 1.3399518 -0.05791837 -1.1109533 -0.9671543 -3.59194 1.8121004 -0.6269789 -0.52188146 -3.1049106 -0.6528107 2.2138958 1.2131416 1.3510294 -2.0924766 0.9197774 0.38807428 3.363087 -0.67312616 0.24733667 0.92942065 -2.0296893 -0.6937439 1.5804119 -0.37860408 -0.8056354 -1.0405054 1.2303761 0.20207003 2.4339437 -2.1963375 -2.8226018 1.8701586 0.5678835 -1.9263737 2.140353 2.5707555 3.277055 0.03287261 1.350706 -1.1075519 3.949874 -0.2860648 0.6716799 2.6445537 0.27425262 0.67420256 0.88307256 0.42308986 -1.1223516 -0.7278081 0.47177982 -0.28299615 -0.06666173 -3.0931416 1.4174347 -0.78120965 0.45276833 1.9723806 1.5494037 2.0783207 0.82855374 0.38489613 1.1249609 1.6085169 -0.39886466 -0.38838333 2.7722929 -2.235959 -0.47682303 1.7489141 2.4895542 0.39966536 -0.57319695 -2.7877357 -0.13872734 1.5529194 -0.6818386 -1.3514509 -0.6526957 0.96250516 -3.0629036 -0.4370006 1.5048777 0.9691542 2.0085473 -0.40126222 1.1013961 2.8493717 -0.27291656 -1.7935761 0.09790609 -5.0465956 0.077844754 -1.0561454 0.30655935 -0.27771166 -0.18520232 2.031934 1.2888376 -0.7684787 -0.14541957 1.3239363 0.6584405 0.74383074 2.5603528 -0.0014599387 -0.25884756 -0.33630362 0.027000219 -0.1621128 1.5127177 -0.31010172 -4.2907276 0.49961737 -3.0449467 -0.82643306 1.3714972 0.4628339 -0.952279 -1.7427785 -0.28842497 -3.0702362 2.8481076 0.97371346 1.1530396 3.251446 0.5646347 2.6019108 -0.17704712 -0.8768118 0.6143261 -1.9553733 -2.617027 -0.346037 1.6078875 3.7494943 0.24989896 -0.49276376 -0.7760514 0.98391646 -0.37215245 0.87175816 1.9356263 -0.66209674 -0.9503354 0.48471436 0.037123784 -0.19089568 0.80342424 1.5823454 1.156876 1.3258348 1.7884035 1.9786488 -1.1733243 0.5636466 -1.2736928 3.349283 0.49003997 -0.43507713 -1.3543547 -1.5511125 -0.9344467 -0.3634756 -0.64025474 -0.3588337 0.54840523 0.90035605 0.28800094 -0.017732665 -0.7689934 -0.41401824 -1.1159893 4.1097665 -0.8710531 -1.4738134 1.1901792 4.6650963 0.7898995 -2.4007967 -2.0490375 -1.3937011 -1.1070989 1.9396188 0.8371553 1.7764218 -0.5791638 -0.5506246 -2.5895503 1.3161536 4.042513 -1.0540636 -3.2256305 -1.4781622 -4.0986023 -2.4555345 -2.0263338 3.1863115 0.06746164 1.6047578 -2.7867272 -0.48363 1.1226591 0.32731134 -0.07360544 -2.114126 -0.8277875 0.897625 -1.8545467 -0.710112 1.5892669 1.7068532 -0.69847393 0.82337976 0.7247079 -2.1615002 1.7373155 -1.98994 -3.6387484 -1.3126053 -1.6937609 -1.0636845 3.116822 1.4851949 0.60352266 1.6643404 2.8545213 1.7421539 0.63837045 -0.004961361 1.1885027 -0.33498904 0.07392862 -2.1933582 0.3631873 -1.4726549 0.5429685 0.62609726 -2.1491823 3.1331031 -0.66347224 1.4419789 0.63209313 -1.5199549 -1.3552068 1.6719855 2.3420007 -4.037905 0.3567288 1.9814119 2.7322507 1.1089994 1.6381903 -1.63138 1.5545912 1.2940297 -0.9982375 -2.7682464 -0.7123041 -1.868791 4.0334597 1.0677258 0.08548439 -0.7574044 -2.5238383 -1.2099425 2.2656026 0.91565067 0.78144276 1.3977008 4.575483 0.71203715 0.17092328 -1.9107702 -4.063389 -3.1034703 -1.9910928 0.004008202 -0.33976918 1.0819129 2.8183074 3.6896799
cork 2.824832 -3.2784007 -1.0392735 0.88507724 -0.53841126 -0.19562684 -0.22823814 0.32504678 0.39161497 0.25047985 -2.1568239 0.28947973 1.6314548 0.17198661 -1.4510114 -0.2744109 -1.4796889 -2.6211686 3.7977812 -1.3514144 0.91830236 -1.5372629 -0.7352195 -1.5013142 -1.8535981 0.36662236 -0.29425156 -0.06082715 -1.6221352 -0.28579995 -1.7331291 -1.5976815 1.2142321 -2.6123297 -0.061652284 -0.38733506 0.22338732 -2.298784 2.4625356 -0.4422427 -3.059669 -0.8255391 1.1099634 -0.27581793 1.2983419 -1.9468434 1.1450654 -0.2553364 0.82678705 1.5161391 -1.8632313 1.6582546 1.0606338 3.5078793 0.7926412 -0.40515447 1.5412132 0.42013493 3.6955638 -1.5613447 -0.5495101 1.3986597 -0.10214414 -0.22975948 -1.6651647 3.653896 -2.1877491 0.028088778 1.1290603 -1.5721436 -0.69149953 -0.3095647 -1.4988451 0.41696054 -0.5591119 2.808539 -2.304009 -1.570834 0.40884474 0.5991921 -1.8301958 -2.2122257 -0.069449775 1.4887264 -1.3298436 -0.23155157 0.27637786 -1.8026135 -0.06014554 -2.0293765 1.0737866 3.86671 -0.17439036 -0.19343439 -3.8478076 0.26470175 -1.6159954 0.0009895759 -2.1072226 0.776706 -1.6436014 -0.69851166 1.6093899 0.5805281 0.36744353 0.35839024 -1.9957048 -1.7966024 3.3560388 1.1997792 -3.6162598 3.3115077 -1.2943106 -0.674671 1.9664147 2.9074032 -1.8775342 0.035327833 0.5434331 -1.1340337 0.5044286 0.006707389 0.9744844 1.2671543 -1.6289489 -0.30020994 0.80830437 0.31760514 0.22091709 -0.96152437 0.9649057 -0.6087994 -0.24677446 -0.19458461 0.81362534 0.08364096 0.6474291 -2.3828206 -1.2597146 -4.829052 -1.568432 -1.2424086 0.5497013 -0.08415302 -0.8965142 3.365374 0.49369505 0.25017875 -1.3677635 -1.0041485 1.8732538 0.76497793 2.530328 1.8020611 0.51787806 -0.21903221 -0.30051705 0.72372425 1.3968172 -0.055297185 -0.1669478 -3.0444036 -0.9159541 -2.1592145 0.34790102 1.2620432 -0.29722854 1.0934198 -0.6198813 0.06180178 -1.6693634 3.2323365 -0.7958528 -1.3890043 0.7262833 0.15583967 0.27110174 -1.5471851 1.0842004 1.1378887 1.0871503 1.2593973 -2.6923327 0.5628706 0.4192653 -0.6973117 0.62300676 -1.4169862 -3.3942063 -0.012350158 -1.3814652 -2.670796 0.2442634 1.1599853 -2.7774134 2.040536 2.9074676 -3.7753165 -0.41551545 -0.65588415 2.3184385 -0.67852217 -0.2480482 0.34296173 0.64497 1.4718521 -0.4593385 2.944669 -0.15317675 -2.2449114 -1.0798997 2.0410168 -1.6319934 -1.8701154 0.32504982 -2.6176548 -0.770821 0.06894491 -1.5118324 -0.37969255 -0.58727485 -1.8731127 1.2941085 -3.237887 -3.144037 0.92753404 0.58941084 1.2283565 1.2574651 -2.1526022 -0.3103275 -2.12724 -3.1871052 -0.075550444 0.1116385 1.2046417 1.46194 -1.5369368 -0.093274586 1.967964 0.2626076 2.7124157 -3.6056342 0.9440551 1.3842379 -0.4255685 1.154547 0.9790741 -1.8843071 -0.53052366 1.6669447 -0.9908374 3.3717866 -0.69561404 -0.53801364 1.2890064 -0.8402914 0.086731695 -0.13757552 2.9980152 3.253122 2.540585 0.84513974 0.6571352 -2.9819543 0.24565661 -2.837711 -2.2463074 -1.6844549 0.51288486 -0.14306456 1.4078189 -1.3070941 -0.9203166 5.770412 -0.23535687 -0.6698734 2.6871777 -1.7594408 -1.6199588 -3.1474655 1.0602609 -1.1394286 -0.64898497 0.12160146 -0.5064426 -1.3366886 2.5484564 1.7606399 -2.2551296 1.9548647 2.3008707 0.10185992 2.2003002 0.71639496 1.9374913 -3.0564182 0.77319837 0.5030248 -0.90005213
egg -2.0153837 0.8022742 1.6510943 0.41066056 -1.2553958 0.87778825 1.2323155 -0.4829502 -3.641286 -2.182938 -3.5846515 -0.59882116 -2.6175768 -1.0217054 -1.9753636 0.28241804 1.8056163 -0.13525444 1.8080398 1.7591943 -0.753139 -0.69945467 -0.2364682 -3.8403924 -0.48772037 1.2522038 -1.3038964 0.4796997 0.8245174 -3.0783503 2.7647138 -1.2603011 1.4748397 0.0332353 0.25052848 2.5852473 0.87246203 3.654045 -1.4782295 -3.0362842 0.97756183 5.6017613 -1.4357322 -0.13700874 0.3965179 1.6016942 0.6151318 2.3252983 -2.6398032 0.315721 -0.32106072 -0.0036806886 -2.0303154 4.176716 1.7142233 1.747435 1.6126882 3.7204695 3.1235733 -0.51007813 1.8315796 -0.34042227 -0.5148676 -0.5195393 1.6212178 0.9751667 -1.3748024 -0.22610208 1.2762108 1.5123166 -2.3115418 0.6924389 -2.275394 -1.3340912 -0.3311123 -2.5126264 -0.55659217 -1.1935493 -3.531339 1.6100534 0.81123257 -2.1666842 -2.17768 -2.0865197 4.274863 1.158934 0.3662867 0.3916935 -2.364521 -0.17728995 1.5229161 -1.6622455 3.2883382 -1.4540898 2.0759077 3.441353 -3.165104 1.3749163 -0.45376664 2.0358517 1.9864402 -0.54350626 1.9349282 -3.154739 0.865441 2.1884885 0.94619215 -1.3486047 -0.50897855 1.2758566 -2.3295958 0.5841758 0.82104665 -2.6275053 -0.15805703 0.49476862 2.9556391 1.5265057 -4.3394938 -1.7184969 0.6154026 1.1625677 1.4132249 0.9717626 1.5965034 0.22054817 -0.36750606 1.6050112 -0.14700276 -1.1814773 1.643329 0.71889025 -1.4274817 -0.27872008 -0.67032975 0.80683047 -2.3997874 -0.24653462 2.349764 0.3416899 0.7575569 -0.6226376 1.1972327 -0.12329829 -2.5900502 2.7046309 0.3488796 0.16758038 1.0343492 -1.662226 -0.7543508 -0.080124676 1.1978022 2.0329263 -2.2889023 -3.0355844 1.460585 -1.5870345 1.32106 -1.3897818 -0.53544 -0.7426525 -0.29658052 0.66951686 -0.42907175 -3.6098332 0.14499533 1.5639695 5.5413303 1.651586 4.1595364 1.4212346 -1.5002612 -0.2536194 2.8978808 1.2085973 -2.0356455 -0.95032597 -0.4192022 -2.665933 2.6026895 1.8768237 0.57109296 -0.44810215 1.4479151 2.339259 2.6642704 -0.519611 1.5329655 -1.4598024 -1.7977175 1.6712651 -2.508968 2.7954507 -1.5505347 -4.258556 -0.6260198 -1.7204056 3.9086566 -1.0591366 -1.8143045 2.765986 1.0026348 -1.2794108 -1.3543229 -0.7848579 1.542356 0.64627194 1.096618 1.7600471 0.8850331 -0.18845691 -2.1971653 -0.15822496 -1.3559434 -0.06044782 0.9767554 0.10466532 -2.970793 -0.30014938 -0.024950905 -0.70201063 -1.1330198 -2.5692492 -0.6668999 0.9684898 -1.9696869 1.6893914 -0.6973496 1.2121282 -1.7115219 -1.1648185 -0.17532891 0.7529529 0.5802032 -3.9977348 -0.3652845 -3.1075344 1.744673 0.3744664 0.30738473 -1.0229857 -2.1378107 -0.6899538 2.6949317 -1.0134765 -0.10095166 -0.84771615 -1.2529428 -0.007813658 -2.2210882 -0.17377998 1.5094348 -0.1993291 -0.26460466 0.7290887 1.9474064 -0.012410642 1.5849131 1.6733304 -2.9212246 -1.6751982 2.3753815 4.935558 0.060871977 -3.0479372 0.003512723 2.0792243 -0.9188346 -0.76351446 -0.10158203 2.1414633 -2.698018 0.6390021 -0.88678926 0.18973628 -0.22742957 -1.9620321 4.0627956 -0.97317606 1.0554633 0.68542606 -1.4448588 0.14642084 3.1525245 2.077313 1.7801737 0.61212504 -1.6227522 -1.3206221 2.8624732 0.335277 -3.2051067 -1.470917 -0.13122576 0.970147 -0.083008304 1.0245662 1.2079465 -0.04779443
tea 0.6555914 -0.46336627 -0.5737308 1.6692594 1.3636026 3.5420892 -0.34143502 -1.6834635 -1.5644509 1.4528425 1.5476295 0.67323595 -2.0234482 0.043135963 -2.8072183 -1.6184239 -1.5772763 2.3695362 -0.452242 0.25737822 -2.2409468 0.38080087 1.0739431 -1.4813792 -1.3344393 2.868252 -2.5878773 -0.11893941 1.4614421 -0.40059227 2.2131846 -2.9174826 1.2530105 -1.7997493 1.4319489 1.7845529 -1.2506207 1.7373742 -0.098249525 1.633446 1.6276237 0.87432605 1.802403 0.059485197 0.53632385 0.21965528 0.38029534 -0.23749046 -1.6730379 1.8947331 -1.362057 0.98829573 -0.316439 1.9253869 -2.6625974 1.1591201 5.1103168 -0.73445815 1.1987884 3.7491736 0.04862968 1.0571059 -2.3245838 -1.0183457 0.3478559 -2.0311904 -0.88141906 -2.0780969 0.9154913 0.40892202 -3.6327777 0.7641501 -1.6684695 -0.24752878 0.6457697 -0.59520817 1.0892986 0.084384106 -2.6284006 1.6581267 1.1802834 -0.3616915 -1.7240523 1.9259733 1.0292274 0.06216276 0.6445832 -0.25047955 0.1650149 -0.64816236 2.5589314 0.40700772 0.59559274 2.342034 -1.0208391 2.5274282 -1.6604018 -0.079607815 -1.1586623 -0.026742293 0.21183978 -1.0634487 0.9289632 -3.8592873 1.7417516 2.6435273 1.0798895 -1.4337167 -0.07254658 0.77130073 -0.2530907 0.48446548 -0.3698212 -0.29671258 -0.4965661 0.6318755 1.8611406 -0.0256473 -3.297004 1.0207268 3.8714054 1.2581646 2.5723457 0.69174033 0.95050484 1.0549058 1.6644139 -0.6472647 -0.23608615 -0.66435736 -0.5789306 -1.4512221 -1.1477026 2.0994275 1.4806758 -0.14637631 -2.8671365 -0.4818119 1.9981649 -0.082011946 -0.84352934 2.0785677 0.8442257 -0.6632104 0.86728096 0.35484734 -1.7025687 0.5459761 -0.2149888 -0.5511215 -4.4372406 -1.8908448 -1.7619711 -0.19830114 0.8585584 -0.88375604 -0.07094992 5.674732 1.3819854 -0.44026777 1.0777935 -1.1096041 2.092581 0.4288928 0.8165943 -0.36446762 -0.45919064 -0.18618904 2.1767173 0.101955436 0.06368771 -0.860112 -2.2431414 -1.5429482 -1.3214221 1.8235687 1.2575122 -3.4038517 0.21024998 -2.6413074 -1.2274213 3.154479 1.468293 -0.32956427 -2.3563573 -0.6900306 3.147004 -1.1044254 1.8517002 -2.5938869 -1.1138228 2.864034 -3.363221 -0.23653388 -2.2721024 0.080601916 -0.5866843 -2.6415095 -2.5389614 -5.069843 1.4927553 -0.21594217 0.6979859 -3.1186352 -0.75202847 0.5891099 -0.45188853 -1.9107533 -0.13026272 -0.031669483 -3.8196993 -0.923001 -2.1814404 0.9869259 1.0816935 0.063225515 0.12873921 0.50628054 0.28368682 -0.41639313 -0.23985827 -0.8395238 -2.1198592 -0.6235993 -0.17996974 0.37624824 -0.31415626 2.3158019 -1.2604346 0.021781418 -0.97985584 1.3054563 0.08952708 -1.5531967 1.4595344 0.53834254 -2.0552487 -1.5107138 3.0662963 3.0457034 3.3400826 -0.4684717 -0.44621158 2.277154 3.327953 -0.8533773 -0.24192847 1.329791 0.6120644 -1.8673384 1.6139222 0.5948681 0.008180122 2.435146 -0.5970612 2.2280128 -0.96644616 0.98948 1.9466848 -1.909486 2.4179626 -2.2575443 -1.0184276 2.5760198 -2.4016008 -1.6860504 -1.6094482 0.0020886867 0.16064008 0.98730403 -0.16695662 1.0054746 -0.9249564 0.69395953 -0.12255533 3.2043307 1.5838065 1.2138066 5.0294333 -0.46760753 0.89644754 -1.5073539 -1.5245392 0.039013833 0.9720706 -0.05012378 -0.16224147 1.907793 2.4782052 -0.7553754 1.4981152 1.0847385 -3.4630468 -1.9056886 -1.8584273 0.33279645 -0.9400141 1.0583894 -0.15067711 1.9201677
rose 0.42259768 -1.158466 -0.6549104 1.0622529 0.9888878 0.16009872 0.5124926 2.8247495 1.3680012 -0.48778313 -1.0794625 0.15759954 1.0115082 -0.38170514 -1.4936585 -1.7995093 -0.4039278 0.23194785 1.8898358 2.0665827 -0.5474318 1.6542658 1.2479362 1.9807047 -2.044121 2.0416505 0.5041692 -0.92558235 0.2469634 -1.0632994 2.0863965 0.32362905 0.9659665 -1.056063 0.89458215 0.04028136 -0.4055402 1.1586765 1.6610172 -1.3322768 -1.8028892 1.7451034 3.2143722 -0.07292004 0.97068447 0.53427577 0.48514032 -1.6156663 -0.81597555 -3.206621 0.4997833 -0.35027727 0.8134626 2.0667083 -2.0292516 -0.8416831 3.3655298 -2.5026438 2.8143356 -0.33624205 0.81431806 -0.4384114 -0.5789195 0.9558074 0.21522143 -0.20026487 0.21226847 9.2084985e-05 0.32610604 -0.64451325 -0.09190365 -0.8168783 0.025303658 0.68234956 -0.15062964 0.09662755 0.5161955 -1.6217253 0.3530485 1.2145559 1.7229844 -0.2887952 0.21025094 0.9390929 0.19149056 1.1944922 1.7023349 0.16519223 2.6531863 -1.0697278 1.6316502 0.38585442 -1.1551026 3.6798167 0.13064423 1.0931861 -2.117088 1.5591347 -0.7814158 0.06301139 -1.3071531 1.6140207 -0.74966604 -2.5589616 1.7879266 -0.60302436 -1.8384106 -0.84663385 -2.2905731 0.5631782 -1.6461312 -0.09969735 0.8594943 -0.48187017 0.26571944 -0.27638954 2.2397711 -1.9303132 -2.0961068 -2.336549 0.40628392 -0.80086917 1.427147 0.06110117 0.9178046 2.425606 -1.5137812 -1.5236816 -0.016150156 -1.7795526 -0.35473612 0.39251384 0.6033666 1.4673436 0.8956651 0.71762 -1.6458514 -0.3206314 0.46716568 -1.5813605 -0.43225032 1.9824767 2.7403064 0.38357654 0.62199175 -0.19313477 -0.71909094 -1.4746302 -1.1773517 2.2654068 0.37608168 0.8013926 0.2035564 -0.41932845 1.5929139 -0.89255625 0.13613041 1.9156823 0.92455256 -0.93137705 1.5891837 1.2948587 0.40902483 -1.0523913 0.7681749 1.2671546 -2.6619754 1.8032784 0.5557154 1.9894222 2.045953 1.3608568 0.6384039 -1.4913595 -1.0842295 0.021248411 0.2072984 1.1531342 -1.0588799 0.6733306 1.7369764 0.49118245 -0.55062747 1.3265169 1.3537838 -0.26175 1.6749063 -0.8542801 -1.451931 1.168866 -1.7035303 1.0009215 -3.3331075 0.40254098 -2.012601 0.5744155 -1.4762338 0.031842396 1.27265 -0.0011002845 0.12023935 1.4975325 0.18838122 -0.34741867 -1.4721618 -0.7259998 -0.110296465 2.401998 -0.5052431 0.39716175 -0.4157849 -1.1552169 -2.0287597 -0.14063764 -0.42988902 -2.303188 -0.37794355 0.38629577 0.62750334 -0.75809205 0.80927557 0.7297991 -1.2205948 -0.5873599 -2.1041377 0.3011417 -1.1893251 0.86672795 1.3187728 0.16698213 -1.147942 -0.36409023 -1.5434841 -0.39079505 -1.1835574 -0.48056394 0.8648459 -0.6455895 -0.18833727 0.6442419 -0.41056436 0.16049074 -1.0723302 0.92241997 -0.27856612 0.5049091 1.7715163 0.1538109 0.015529576 -1.2746055 -0.5063679 0.4417515 0.57529837 -0.30663878 -1.1665233 0.09666134 -1.3219314 1.375751 1.0930066 1.02604 0.8881417 1.8353497 0.5953369 2.5684817 -0.5566626 -1.1564497 -0.4456186 -0.85253626 -0.5387673 2.7033715 -1.5155436 0.6662581 0.66827255 0.72524905 1.1022543 2.6796389 -1.411069 2.64811 -0.5866284 -1.0670685 -0.5860906 0.5532698 -2.7595184 0.7339713 -1.8639246 -1.9238889 -2.330799 0.6872688 1.5390137 2.9122093 3.4115853 -0.52349037 -0.8942746 -0.8138406 -1.5665314 0.01430941 -0.036172405 -1.2611738 0.055026498 -1.5484533
orange 1.4393203 -1.229153 -0.25521016 0.7917237 0.35963243 2.8642366 1.6443496 1.947961 -0.057869256 -0.6106452 -1.1282953 -0.6232639 -3.3555539 0.15952048 -3.4230385 -3.1278548 -1.2694094 -1.8657191 2.8102355 1.3271883 -1.6872867 1.8380262 -1.7716032 0.9297814 -0.9823467 2.4811368 1.3867877 -1.6309232 0.6112234 1.8647126 2.2074096 0.09425046 -1.8636467 0.3865314 1.2002848 0.80151016 0.50145537 0.7780254 0.7076339 -1.0575694 -0.36865276 2.4548063 3.1558468 -1.7424284 0.032218073 0.37854612 -0.54836524 -0.6558757 -0.6798564 -1.459414 -2.3329272 -0.62335396 0.59732825 0.047857918 2.2969754 2.179225 2.1549325 0.481936 3.565789 0.15159467 0.8926204 0.1600136 0.46579018 0.7732778 -1.2743438 -1.2274535 0.15333581 -2.4975226 -0.4911086 -0.31928718 -0.7524183 0.34778976 0.6076144 1.222811 -0.19613656 2.0824616 0.8211643 -1.1401507 1.4830033 1.8318781 0.8793344 -1.8762172 -0.8361231 -0.17021854 2.0535955 1.2700115 -0.86522955 -2.0236974 1.1977811 -0.9259397 0.66594625 0.58515924 2.0207484 1.177525 -2.2361748 0.08884463 -1.5099279 3.7798014 0.14264849 1.2116195 0.73100567 -0.92309684 2.0343418 -0.8230738 2.6607673 2.1374223 -2.913846 0.522492 -0.28171456 -3.1059692 -0.50061077 2.8788679 -0.04319332 -2.2594032 -0.28545222 1.5754203 1.6870321 -1.4960641 -1.9308594 -1.5686804 -2.3311565 -2.8887737 1.6944194 0.5876547 1.5262876 0.3955837 -0.17644668 -1.1310343 -1.896665 -3.810124 -0.79152256 0.25192875 -2.8386345 -1.1660898 0.52142024 0.8142736 -1.7926006 0.5224452 -0.13185848 -0.7073554 0.25503045 -0.7281594 2.0779417 0.90052587 -0.07149236 -1.4212009 1.2933263 -0.73234916 -0.7229252 1.058958 -0.6128953 3.2440493 -0.45485204 -0.82080823 0.40048757 -1.9283106 -0.6690491 2.1824715 0.692792 0.7427985 1.6118729 -1.9206377 -1.7231953 1.105555 0.7654872 0.8212179 -0.59920895 1.0980518 0.7121123 -0.42539084 1.3928862 0.68386656 0.22694355 0.36428025 -0.65441513 0.8828984 0.26333696 -0.6306083 0.46690604 -0.04693839 0.9772681 0.5088535 0.60421073 -0.28623456 -1.1780963 2.9256413 0.5292904 -0.75516796 -0.7268002 0.808926 -0.7370047 0.07724068 -2.108168 -0.82024646 1.2670598 -0.4511902 0.8343808 -3.1075895 -1.1239116 1.4331794 -1.7602777 -0.55134904 1.4777321 0.061962266 -0.4951131 -0.70877045 -1.9908214 2.593193 -2.1419227 0.21013089 -0.9858091 1.0228573 -1.5154101 -1.85485 0.57987434 -0.9901878 -0.9737639 0.39138904 -1.2361722 -5.002025 0.6703249 1.3725011 -0.701464 -1.3671799 -0.8523778 1.450278 -0.8132129 0.7404336 -0.50020635 0.35078883 -0.27375627 0.832155 0.16688965 -0.5661909 -0.6005789 -0.0012224901 -0.9352852 -1.374746 -0.8868404 -2.0551467 0.18239136 1.2178696 -0.2867053 -0.19810972 0.11285527 2.8284671 -1.5176083 0.93346727 -1.3956236 -0.6792783 -0.9416642 0.70582235 2.4200861 1.0702878 1.9693059 1.4194181 -1.1564895 -0.012165017 1.2812188 0.9802899 0.020101761 -0.2770799 -0.88954145 1.4878936 -3.6417098 -1.8455737 0.92734957 -1.8664558 -2.9382088 -1.1117411 0.14278409 1.6480838 -0.011687573 3.7030358 0.9139311 1.0173651 -0.94505984 0.47029626 3.103539 1.3776412 1.287219 0.46275765 -2.4570227 0.5920268 0.9090218 0.64134026 -0.1714041 0.55160725 2.795176 -0.19528632 0.705918 -0.2787093 0.6949061 1.2725474 -0.56135315 0.17380065 1.2076106 1.8141028 2.0543728 0.2996561
vegetable -0.65115184 0.7374872 2.001358 1.0566685 0.9679264 2.8469782 0.31693703 -1.6964098 -4.639131 1.8231934 -1.5122131 0.29774657 -2.5913637 -1.7321938 -0.23329179 1.3793472 -1.4666328 0.17645055 -1.7233783 -1.1649413 -0.7882245 0.14227982 -1.1485279 1.5342202 0.68816054 1.3993503 -4.295477 -1.6792206 1.5646657 -1.7400054 0.17458788 -2.2695374 -2.7113755 -0.92729753 -0.18755414 2.0635078 0.055050563 1.475917 -1.3424941 -0.37507972 -0.519726 4.239364 -1.7072717 -1.4651306 0.7021608 -0.8492728 3.1461089 -1.304975 -2.0999274 2.6419456 -0.70657635 0.28156856 -1.045722 1.2488528 -0.60951215 0.70736384 2.4189982 -0.2558658 2.7541735 1.518789 0.82169527 -1.5437635 -0.023400676 -0.011745414 2.235033 -2.0021248 -1.1395983 -0.63273245 -1.4331564 -1.0011681 -4.2007403 -0.7993964 -1.0416503 1.3196634 0.56489545 -1.0126727 -1.6719599 -0.13948268 -1.7292693 1.7671745 0.45617908 1.5967938 -3.0777206 -1.9736434 3.9622307 2.4679506 0.68526876 0.41707808 0.5508286 -1.2806623 0.9497079 -1.0534823 -0.10514126 0.3513416 1.5702286 3.4224138 -1.9038485 3.0536547 -1.1463054 1.5140941 1.3862628 -0.8061148 1.0821425 -4.0466957 0.97048074 -1.5125498 0.7974992 -0.97663176 2.3692582 -0.2581563 0.9251652 0.5548089 -1.8668085 -3.5446913 -1.9420205 1.3687512 1.4257363 1.9701717 -1.9656018 -0.021836175 2.7488265 0.5082526 2.564568 1.6367533 2.9988463 -0.18807967 -0.16254102 -2.234425 1.3322518 -0.44588342 -1.8161207 -0.98477656 -2.9397867 3.513626 -1.6971405 -0.8761388 -3.028187 0.3133579 -0.46830663 -1.2049143 -0.029450106 -2.6104586 1.3097949 -2.6075778 -0.36318132 3.5960407 -0.06764314 -1.0428236 0.06043169 -1.3759116 0.19703786 0.28028548 -0.2496385 2.1949124 -0.48190135 0.8304729 1.8683586 -1.0134516 2.2688282 0.6477485 -1.6758877 1.6733507 0.3898663 2.4133275 -0.5479697 -0.3759114 -1.9934478 -1.1119968 4.6132646 -0.004889167 0.8359344 0.7218454 -0.6314671 1.5069394 1.6007104 -0.19435367 -0.68841165 -3.4526236 0.20807792 0.16795056 0.5575455 1.2274517 -0.636519 2.7976828 -1.6998831 2.1499085 2.3814156 0.69994736 2.985465 0.55987155 -3.0025008 2.4770694 -1.1792588 0.11927692 0.31363884 -1.7056385 0.13191873 0.8698955 -1.1929778 -0.04134468 1.0422031 0.021580491 1.4671773 -1.8064159 -1.4729872 0.622382 -0.22591159 1.0862601 0.7539293 -2.0473309 -0.12613648 1.2591175 -1.3827978 -1.1427985 -0.5681209 1.0371332 -1.0169401 -0.9986686 0.5717513 -0.91263986 -1.290526 0.85674196 -2.8937628 -1.0503819 1.5756271 -1.13952 -0.4269363 2.0759752 -1.0350565 -0.80723447 -2.1505632 0.2756203 1.3140928 -1.2078537 2.8373597 -1.4204631 -2.7056181 -1.4866434 2.7291903 4.0629435 0.09505546 -0.26180094 -2.0234454 0.65780014 2.5711324 -0.721962 0.09480198 -3.7270834 0.2878909 -0.08140264 1.9463212 -1.1858346 4.693907 0.64107555 0.59735495 2.8168077 -1.0908153 0.47221187 -0.29936677 -0.67803097 0.35201705 0.1473237 -1.2600136 3.6072807 0.06859498 -2.7082815 0.0015359032 1.6199309 -0.24276042 0.2789887 0.9853248 -1.3823578 -0.34856984 1.3864783 -0.59441614 0.8581713 0.8314808 1.4738737 4.6206074 1.0897568 1.2883577 -0.89462095 -1.5767194 0.96273226 1.9031516 2.7217479 -0.5771285 0.32757878 0.26060987 -0.7877577 1.7952824 3.1047416 -2.1977463 -0.4693406 -1.1118066 0.04672061 1.5993823 1.0084887 -0.004356824 0.3222184
mouse -3.135709 -2.8508973 1.2791888 0.7843719 -3.7989063 0.3517582 -2.9105227 -0.98094225 -2.3767128 -3.2664957 -2.4717302 -2.4431775 -3.0538888 -0.21026987 0.5831871 -1.0516293 2.6081104 1.8357214 4.7860703 0.71165544 -3.419431 -5.291071 -2.369232 -1.8991978 1.0081547 1.7909113 -1.3374631 1.1803787 0.9779662 -2.4298086 0.2567772 -0.8760205 0.60411125 1.7427031 1.2206131 -0.056343347 -4.4041443 1.399483 -2.2695634 1.7272332 -0.9531287 2.611029 1.6230516 1.2412286 0.1914674 -1.5672271 1.3988982 0.4489997 -2.7705908 1.833163 0.52315366 0.8706242 -4.276529 -0.4044413 0.75925714 3.4587955 -0.9901191 2.7622488 -0.17384876 -1.5493356 -1.7555054 3.7138698 -3.0921612 -0.39304927 4.3901634 3.3413272 0.35284442 -0.70876175 1.5053749 -0.041256268 4.204004 2.746328 1.9079996 -6.03506 1.8444761 0.25765726 -0.44641265 -3.3933399 -3.804197 0.24172902 3.9413319 -4.8093615 0.82516766 -0.20030653 1.6216578 3.2444603 -2.8490617 -0.78286266 -3.1033251 -0.09418299 -2.0625424 4.0422025 0.10558502 0.8795395 -2.366866 -1.5765537 -3.6588461 3.3474479 3.6395009 2.3569503 1.0671904 1.453399 0.2920304 -0.51750445 -1.9105061 2.521012 -0.5039183 -0.43720272 -2.4165845 -1.5096362 -3.9106433 0.9594396 -1.1194965 -0.43795496 -0.073040485 1.8305327 3.622599 -1.1927401 -2.5793667 3.3834705 2.6129808 1.9814105 2.1026385 -4.083841 0.42927814 -2.6240306 -2.8684335 2.055738 -1.2049195 1.426224 -0.1660495 0.0068770973 0.81122303 -1.0918133 0.9658895 2.9834836 -0.99043316 -1.8090138 1.4545285 -1.6664606 0.83004385 -1.0686207 -0.0037781235 2.7463074 -4.1876254 -2.5402086 1.6908001 -2.9038248 -0.18367778 -1.6397316 1.8119476 -0.0739518 -0.8931059 1.082643 -2.7499099 -0.53223586 2.5839994 -1.998202 1.91406 -2.8489716 0.17870118 0.7039793 2.5672019 -0.7349552 0.34682512 -1.8706805 -1.3563385 0.27891147 -1.8838884 -2.0552742 0.7508926 1.4914325 2.3068714 -2.6697125 0.45310518 2.5015023 -2.8463128 -0.29093903 1.2502109 -2.2601166 1.2699199 3.749863 0.22707346 0.24653627 -0.12161373 0.5975776 1.5724115 1.5255979 3.4872944 0.1064095 0.71862394 2.639643 -0.77808964 -1.2271382 1.0415533 -3.02154 -1.7515283 -1.7125548 -0.97673064 0.78272504 -0.25841206 2.0522957 2.5996203 -2.0025544 -0.113148086 -2.3622336 -2.4173207 1.3718797 -1.1332318 -0.90613717 -0.58046526 1.8448105 -2.4939775 0.6314231 -2.2044704 -1.2728233 -2.610551 -1.3368921 -5.1034446 -0.1228263 0.99715567 2.8116906 -1.5233333 -1.4921374 -3.0959804 0.21933846 -1.2510855 -0.9419082 0.12751088 -1.0476906 -1.7098951 -0.5352211 2.0495539 2.0060682 1.2841761 -3.063391 1.0446496 -0.35298437 1.4890778 -0.34650278 1.226926 -1.329599 0.3408433 0.9517306 0.57923657 0.258009 0.38175508 1.065156 1.0381085 -4.133054 -3.3365123 -0.4298656 3.857366 -2.7436235 -0.5750625 -0.121628314 1.6862539 0.7257277 1.4156443 0.38996166 -0.8430332 1.0473895 1.8241243 -2.6000903 -0.95210505 -4.2806354 -2.9240718 2.9311173 0.9042411 -1.5698338 2.5682495 -0.82062346 -1.2200122 0.9446786 -4.42488 0.32822385 -0.1076641 -0.86826426 0.00045306058 -0.9869588 -2.8019369 2.5569885 -4.700759 0.79695034 1.9511658 1.8250277 -0.7249949 -2.4454713 -1.8984047 -1.0994494 0.7534013 0.0147049595 -3.0008125 -0.65381205 0.62607753 0.5865604 -3.4646263 2.0258007 -1.4943163 1.0478874
tobacco -1.1305426 1.347924 1.5177387 3.6704412e-05 -0.34852877 1.2532134 -1.3401144 -1.0445833 1.1456046 -1.2546123 0.22343399 1.0292379 1.2327329 0.29336345 -3.8510306 0.22533545 0.9512071 2.3077986 -0.7873274 -0.3818916 0.13232751 1.6616622 -0.6631525 -0.5955211 -0.47794962 0.89344287 -2.4574914 0.846662 -0.33155867 -2.6169295 3.2771719 -3.6774268 -1.398572 0.848598 3.2303827 1.5714182 0.99051464 -1.3199134 0.694966 -3.1574717 1.1639779 -0.8482986 1.1809916 -0.009957937 2.6544454 -2.8640041 -0.81245714 0.066773765 -3.5639293 1.4746699 0.657141 -2.28769 0.5153915 0.70928913 0.4500124 -2.1169345 -0.8824493 2.0053658 0.06814855 1.3130523 1.3296493 2.4536602 -0.064094536 -0.6657938 4.555096 -1.4291121 -5.0580907 -1.3536329 -2.9215722 0.2615006 -0.11857372 -0.710718 3.731756 -0.45900562 3.3329842 1.0823706 -1.0009333 4.3601785 0.5419483 -1.4160457 0.16887344 0.2709828 0.010151197 -1.8189973 1.6946223 0.14410652 -2.256586 -0.12827273 0.44056723 -4.548653 1.3847097 -1.4928689 0.7646955 1.4675035 -1.1730162 -2.790592 2.0830388 0.3786815 -1.7666353 2.4483273 2.3142428 -2.2379627 1.9789438 -0.9768181 2.1682377 2.3969674 -0.038372707 -0.92054766 -3.4892633 -1.5944469 -0.41866302 -0.6525246 -2.4957998 -2.2957163 -3.8111048 2.4694853 3.0699077 3.9770174 -1.1447029 2.1877663 -1.111508 0.9973937 0.40264717 -0.973349 -0.02887305 0.51362836 1.4407297 1.30376 0.44139898 2.4549046 -1.6327003 0.4358209 -4.1264477 0.3821009 0.1572544 0.65348655 -3.5513837 1.8783803 1.2116047 -2.0123713 2.188405 -3.0169623 3.2621193 3.1738951 0.6954684 1.9395212 -1.9261483 -1.879025 -1.0314556 -3.553228 -1.3261794 0.92073977 1.6363697 1.6705415 -0.72318417 -2.2842557 0.024355715 2.3492115 1.5459185 4.1928196 4.391374 -0.90555465 0.033699248 2.0648923 1.2909198 -0.6805275 -2.303535 -1.1245558 0.82262796 1.2362504 0.40406772 3.2190378 -0.03391568 -2.593849 -1.3815489 -0.5787816 1.2829151 -3.1426332 -3.4239604 0.2408432 -0.11318833 -0.50751185 2.069785 -2.7262795 1.3034927 1.3102008 1.2974205 0.28768864 0.0611155 -1.8137739 -2.3010268 1.1366451 2.2014322 -0.09355323 2.021354 1.5324239 0.23013368 1.8077208 -5.733267 -0.912364 -0.38750628 -0.45171213 -1.3206424 -2.6594927 -0.56449246 2.8270473 -1.5573852 0.84127885 1.0190017 0.024927273 -1.8904123 -1.4616102 -3.0721622 -1.5821778 -0.08485058 2.0852635 -1.333758 0.87606406 0.4228702 -0.11115254 0.34746087 0.8472324 -0.4363517 -0.005850316 1.4571247 -2.5876784 1.848609 -1.6570867 0.40122697 -3.1039593 -3.1700008 0.99270296 2.8268926 -5.1495275 1.3832176 -1.9762137 2.2116978 1.4034317 1.4443595 2.7109828 2.9238915 -1.2703341 -3.1994827 1.5416878 2.2309685 -1.6758124 -1.0652502 -0.40939835 1.2741805 1.3496922 1.6558136 0.1914104 1.8784063 2.4548757 1.4970657 -0.87407076 -0.82058126 2.9756806 -0.39648834 -1.6602122 0.43395886 -0.28068146 -1.9904803 1.5376316 0.42597488 -1.3553942 0.4487086 5.2303276 -2.2666435 3.3421452 0.686062 -1.8926928 1.2178832 -1.513322 -0.7183738 2.160663 1.6242688 0.3734613 1.8573481 0.18468146 0.4419059 1.6587337 -1.4044068 -2.1178532 -0.31202185 -1.4791765 4.0659475 0.99086744 -0.795551 -1.962409 0.5847294 -0.0758064 -1.2261595 -1.271295 -0.85560167 -0.49155083 -0.6696529 -0.87411225 0.4062206 0.74205166
grass -1.4217528 0.49340257 0.8507478 2.05174 -0.78365606 3.9695787 -0.36846322 2.3706236 -0.34834865 2.6350453 -2.6966488 -0.7100513 -2.044551 -2.0338054 0.48045146 -0.13898087 1.357321 -1.2071666 1.6258601 1.6784593 -0.20397593 -0.18853405 -0.5658078 1.2981749 -0.82435846 -0.38353288 -3.038854 -1.5180719 2.4112525 -2.0164878 -0.91439134 -5.505521 0.7350802 -0.23722352 0.35212085 -0.043973204 -0.0862649 0.9260037 -1.788814 -0.3449983 -2.1407897 1.4810265 -3.0360599 -2.2895274 -0.5302714 -0.5544362 1.9103364 -1.1302357 -0.694081 -0.69069827 3.9181743 -0.77907723 -1.1087184 -1.227438 -1.9459609 3.8688 0.99547064 0.7098038 5.4459195 -2.8128555 0.63849497 0.04380117 0.1825515 5.7336607 0.47718272 -1.9478532 -1.7403566 -2.725371 1.7451744 -3.1668665 0.51046604 -1.8711326 0.47519776 0.5298388 -2.3183634 1.0012329 -0.78606707 0.37110528 -2.4982781 2.8311887 1.2373554 0.28244713 -0.60573876 -0.74964017 4.6309557 1.5661079 1.0183815 -1.9024452 0.17766826 -1.7215011 3.3921666 -1.2393038 -0.79824114 -0.8516664 0.5323212 2.5179267 -1.9470482 4.785805 1.6676284 0.69686073 2.1564484 -0.42562267 0.14311177 -3.5654607 -0.034625668 1.6402082 -0.79537904 -3.735325 0.5180638 1.4414104 1.1457362 3.1783342 -1.7404896 0.6266034 0.44405076 0.96594405 4.0537124 1.7611703 -0.41364914 -2.3739736 0.4845605 2.0910017 3.1407487 -1.3336288 2.034891 -2.1295397 0.23224755 1.3370665 0.088792846 -1.3985419 0.570841 -2.307201 -2.5830042 -0.0516554 -1.0970246 -2.4019456 -0.7377228 -2.0486157 -1.1407725 -1.066334 -2.6333382 -2.7471213 -0.16498592 -1.287428 2.013326 2.3971348 0.66402406 0.44609824 -1.6220707 -0.8192993 3.2853854 0.38148168 -1.1395422 3.5169642 -0.9997935 -0.4155092 -0.26542753 -2.4000218 0.8445549 -1.1257565 -0.20978081 -0.30362704 0.16628869 -0.7662055 0.40782067 -1.0746443 0.01900414 1.3190874 2.0739384 -0.4223498 0.8494384 -1.6174381 0.9204533 -0.029008605 0.86564434 0.9093724 -0.71634793 -1.3821323 1.16681 -0.81655735 2.7691996 1.0539236 0.98755723 -0.65092784 -1.4284369 2.0398083 2.2130651 0.030779334 3.092405 0.24822196 -1.9222426 1.9932398 -0.8376156 -0.6684605 -1.2792096 0.02200806 2.3986602 -0.72398174 0.28962663 -3.2936401 0.5916261 -0.013607775 0.20241185 1.6546762 -1.0978645 -3.9276235 -3.6531339 -0.4681881 -1.6597943 -1.2017307 0.77547747 -1.2914995 -1.397296 -3.4833345 0.9452991 1.6600425 -1.4519187 2.4042027 0.7657854 1.2079421 0.16800351 1.300732 -3.8730936 -1.859362 1.1795032 0.5244981 -3.1946104 0.13354558 -0.1016637 -1.9959303 -1.4341674 -0.8863747 1.8964428 0.02572344 4.6564045 -0.83751625 -1.1244669 -3.1458087 -2.16893 0.5016696 2.5270834 0.8260102 0.045293003 1.9433335 -2.4026067 4.001032 2.000262 -1.0083354 0.07997253 -0.21794757 1.7779104 -1.1934079 0.9087873 0.75585335 0.79399943 0.62201935 -1.9055434 0.05991984 0.37995458 2.2538 0.97790265 0.97348255 0.13442098 2.0164754 0.4781684 -3.9998128 1.8848171 -0.28144822 0.0004523287 3.6729765 1.2778217 -0.8745843 -0.65043885 0.7211942 0.28682193 0.991025 -2.9785235 0.4507727 2.2223215 -3.4665494 -0.35339513 0.24428104 -2.7887917 -0.07325548 0.32030097 0.08872733 -1.4210666 0.14574584 1.3837231 0.03566383 1.2123747 1.4686583 -2.6896358 -1.5438769 -0.08585416 -1.4557618 -0.05353606 0.7530495 1.898694 -0.4081788
chocolate 1.286078 -1.0476587 0.7586503 1.090352 0.9696723 1.2266825 0.8577916 -1.0290909 -3.225116 -1.8590666 -2.792289 -1.1664342 0.09485203 0.63537997 -2.7016532 0.22248425 -2.4589953 0.54569125 0.37009737 0.479378 -3.8987641 -0.36211115 -0.5670615 1.4663895 0.9929194 2.4687886 -2.786387 -0.79884 3.1113105 -2.0795255 2.0168266 -0.5971494 -0.33835137 -1.0157045 3.0619283 2.4388309 -0.10984531 -0.546183 -1.2356676 0.5147999 0.8357123 3.1799536 2.6390336 0.77910185 0.89225525 -0.32926393 -0.2571605 -0.26967612 -2.4196455 -0.38047838 -1.2121192 0.057810646 -0.48395014 1.580076 -1.2006458 0.7246432 4.8907585 0.22261356 2.1283522 1.0831394 1.7192024 0.19299537 -2.146063 -2.3921783 -0.36064258 -2.2828414 -1.6028849 -1.451514 0.18998529 0.6923949 -3.3636236 1.0122125 -0.15399323 -1.3298863 1.8246497 -1.76362 -2.0642018 0.025284404 -2.2813284 1.5455292 0.31293833 1.8123351 -1.8439096 -0.6695565 1.3789251 1.0317887 -2.1934595 -1.1644608 0.6892001 -1.4586341 0.89843625 -1.3385 2.0155237 -0.1253516 0.38465226 0.22469932 -2.4061387 0.05667579 0.798422 1.5567164 2.2523065 -0.396228 1.6757959 -3.3788729 4.797551 2.1036348 1.2076983 -2.0270462 -0.22410408 0.15123539 -2.822404 0.7295901 1.5417492 -2.6696627 -0.19779433 2.802998 1.0356419 0.14556363 -3.514575 0.13691235 1.5071436 0.26224655 0.12529312 -0.99866396 1.847391 1.180293 1.2314997 0.81978774 0.5422072 -0.1851927 -1.5601144 -2.2776332 1.2024803 0.2142002 -1.4808534 3.369596 -0.96193564 -0.5743107 2.5611203 -1.3091384 1.6373532 3.1785955 1.8873521 -0.8123772 0.77520263 1.0256203 2.2490883 -0.022629919 -0.64367735 1.7509161 -3.1720543 1.3201026 0.32694125 -0.7444203 -2.8918107 -2.516536 -0.26087892 1.5817795 1.6527498 -1.488467 3.203538 -1.0078181 0.7011219 0.5550641 0.4360067 -2.304702 -1.1948421 -0.9480322 3.6528232 2.0272548 1.8526138 0.8785969 -2.7578614 0.55725396 1.0364723 2.4191191 -0.1824304 0.28559253 0.16104172 -2.4121978 1.7284274 2.926664 -0.034665335 0.5414292 -0.16645631 0.2568997 2.6127403 0.55145735 0.9843205 -0.89845437 -0.72020674 1.8974562 -1.7787247 1.0906519 -1.692904 0.38256413 -1.2431512 -0.1277183 -2.1710145 -0.016326824 1.7697282 -0.32079607 2.1556308 -2.6662064 -0.13236997 2.4902313 -0.4894804 -0.66560006 1.8122878 -0.18643206 -3.272393 -0.8134005 -4.150345 2.0556402 -0.054640297 0.50779337 0.37226835 -0.15796134 -1.3434333 -1.103572 1.0878427 0.26953655 -0.7983159 -0.46976063 1.3870021 -0.5669781 -0.14824489 0.2748011 0.451903 0.11514409 -1.764039 0.5152537 -2.3785944 -1.1377984 0.061934467 -3.840518 -0.5648034 0.8192854 -0.46239743 1.6194551 -1.0042514 -0.6502553 -2.712547 2.1401052 3.0348356 -0.21173847 -0.47981212 0.7791767 1.6920121 -0.025559803 0.19911036 -0.4462933 2.915512 -0.15958841 1.2086654 0.23801231 -2.1985302 0.056491908 -0.18952425 1.1075467 0.22717226 -1.6610922 0.68383086 5.535745 -1.6404579 -2.8749754 -1.4003409 1.452756 1.2514441 1.113804 -1.8906885 -0.44487968 0.3686013 0.030885281 1.6120199 0.61465216 -0.8975587 -1.4682169 1.2647175 -0.57060826 2.0264156 0.0017961795 -3.2248356 2.5036721 0.9026605 -0.41329706 -0.21371342 0.56876606 1.7004923 -0.21251985 1.3958755 1.0069329 -2.3149755 -0.672705 -0.36588645 1.0463384 1.5914707 -0.09561873 1.6244854 0.18451592
cheese 1.0080998 -1.9976038 0.26167512 1.5894444 0.09224885 2.9333181 -0.3921991 -0.1976288 -4.0925856 -2.3000245 -3.2225695 0.74029475 -0.01889286 -1.2463205 -3.6293046 -0.29899454 -1.0756444 -0.78867257 1.0012124 -1.657363 -1.6927608 -1.5260668 -1.0561514 1.1807348 -0.26689717 3.1595502 -5.2816734 0.28610542 2.2754214 -2.648369 -0.37540147 -0.5898556 -2.6949055 0.41687676 4.030161 2.635122 0.20856133 1.3690048 -1.2049811 0.31186628 -0.3553969 4.9019957 -0.9576374 -1.5424591 1.4487622 1.4253074 0.9928409 0.013540582 -2.1038623 2.074526 -0.8747881 0.9024836 -1.3258207 2.5623267 -2.7701907 0.60902286 1.4915504 -0.063150905 2.004395 -0.4528002 0.4847323 -0.443301 -1.5928437 -1.2201506 1.0337029 -1.3422861 -1.7093251 -0.5458935 0.74409175 2.7307916 -4.1911325 1.2131578 -3.4606438 1.2704822 -0.17820415 -1.5562366 -0.5492365 -0.57035595 -1.2481111 3.0804977 -1.450344 -1.2947803 -0.92786276 -0.13155898 4.0147676 0.19546989 -0.16978067 -1.2982051 0.9166683 0.32219973 -0.88781494 0.13530444 1.5904176 1.3287042 1.6698415 2.1029904 -1.8330411 0.43839934 0.13432711 0.32579136 1.746334 -0.10655542 1.7235123 -1.9586003 2.3400886 3.4358876 2.4192984 -3.3197935 2.4977722 -0.23637342 0.42996138 0.014622232 1.544137 -1.8409791 -1.079362 0.79367656 0.8232357 0.37737945 -4.888437 1.7126873 0.77655566 0.6291793 0.29342258 0.12175081 0.72275674 -0.85187984 1.2037549 0.20767792 0.29728174 0.2914109 -0.120451964 -2.7495675 0.10985774 0.64144105 -1.1453642 2.5157542 -2.128173 1.7324785 4.6377206 -2.4235094 0.90989363 0.59229946 1.3988789 -1.3989801 -1.466525 2.070926 0.11651478 2.0183315 0.68638366 -0.33520454 -1.2859125 1.4139951 1.6701218 1.9534149 -1.8232051 -2.3734722 1.0479131 -0.38241762 3.704997 -1.6886138 1.8548882 -0.18141592 1.9876856 1.5270232 -1.4659828 -0.21631536 -3.1263564 0.9807208 2.6773744 2.9812238 3.034268 0.715076 -1.0161359 0.9915313 -0.46559063 3.3224993 -0.70665413 0.03293163 0.8147204 -0.049206603 1.2210515 1.6512187 -1.0976992 0.8784133 -0.9631282 0.37901708 5.610157 -0.87521315 0.60852146 1.4461555 -1.3360796 2.7519345 -0.67311114 1.2496312 0.6075686 -1.8620435 0.03556676 0.70762914 -0.490594 -0.9163719 -1.324568 -0.6063608 2.6485186 -1.5160345 -0.64780635 3.1271012 -0.65375346 -1.2716718 0.79609674 -1.1859956 -2.072449 0.415576 -3.648925 0.49862248 -0.9660847 0.7255817 -0.017677391 -0.3883482 0.3705516 -1.5883056 0.6149618 1.71159 -2.119597 -1.9124956 0.8749891 -0.015268523 -0.004763965 0.5259855 0.73641765 -0.41619173 -0.41608647 -0.91257703 -2.4884632 -0.5634945 -0.3483627 -2.0265343 -0.3092827 0.7188827 1.3537654 0.08707422 -0.6551363 -1.5201502 -3.074367 1.2045413 0.85216975 -0.92409885 0.014085553 -0.43150613 -1.3468459 -0.18737604 -1.0151213 -1.1108612 3.5843592 -0.35528025 1.8639809 2.6063986 -0.3384944 -1.1047504 -0.5599061 1.6520596 0.6535518 -1.0686455 0.8344784 4.8670616 -1.9656447 -3.3601255 -1.641869 1.9501383 0.7640821 0.83912414 -1.5392507 0.10020352 -0.3293034 -0.9153789 2.6328337 1.1492692 -1.9603838 -0.91979593 -0.014379335 0.81967366 0.74019927 -2.3241239 -3.3446248 2.342737 1.4403789 0.36690074 -1.1505992 0.13212128 -0.51726675 0.6527798 1.5670778 2.5515032 -1.868498 -1.3667192 0.041093018 0.5475595 0.6989414 0.11071955 3.3098187 1.3712754
bread 1.3800483 -0.36473566 -1.1239775 0.5775296 1.1913756 2.2098181 -0.9363002 -1.1066899 -3.7428513 0.2505411 -3.6083696 -0.39754295 -0.25341535 -1.4727945 -1.7326751 -0.3712322 -0.87540966 0.4619625 3.3928204 -1.2154624 -1.5929239 2.1315598 -1.0963005 -0.31047472 0.6516529 1.1909611 -5.3986897 1.5575967 0.60389394 -1.5258743 0.5857439 0.6396123 0.4280824 -1.0973576 1.9247397 1.3390102 -0.32995474 1.1203454 -0.9868502 -0.18850064 -1.3172214 4.144848 -0.41797304 -0.44456035 0.87560374 2.1172924 1.6007197 0.7991523 -1.3881308 2.4261887 -0.9756916 -0.7708393 -2.537221 0.55241215 -1.3012564 0.7846797 1.4567502 -0.6067641 2.0389373 1.3768167 1.0513675 -0.6085651 0.8105469 -1.6809946 -0.5841666 -2.6389644 -1.7001247 1.4950643 1.2798734 1.9689386 -4.7340183 -0.040794328 -1.1504272 -0.18614027 -0.6965069 -3.3426945 -2.0733275 -2.8667922 -2.756488 1.8807858 -1.2104906 0.6644305 -3.6696608 -0.45585272 2.6234286 -0.45143542 -0.7504175 0.97028285 0.4442099 -1.2718612 1.2820411 -2.411229 2.513001 -0.036163982 -0.31894618 1.3958864 -2.146842 1.4035693 -0.34132254 2.307286 0.8991392 -0.2116689 2.16232 -3.1892505 1.7484795 2.9301376 1.34222 -2.0915256 4.503642 1.8164744 1.1541082 1.402079 1.5133678 -2.3021383 -1.5084977 1.4140031 0.25353956 1.2808621 -5.6469846 -0.32903728 -0.05089918 0.79936767 2.2390983 1.0529938 2.1777272 -0.6216802 0.3208165 -0.26827562 0.1972978 1.095461 -0.09278363 -3.3138506 0.16571753 0.89116704 -1.0763139 1.3035265 -1.3196853 0.059369795 3.4411826 -0.56072617 1.1375129 0.88171065 0.79429007 -0.7760636 2.085259 1.6673237 -0.6987325 0.81132525 -0.22850478 1.1335216 -2.9823 0.25977755 0.80797875 0.42356297 -0.91533947 0.01010276 -0.31529632 -0.50969595 3.1665404 -0.4574306 2.34928 1.3916861 0.18599914 1.565282 -1.1686575 -2.2608922 -0.5115476 1.7505656 4.9582634 0.26248494 2.2095077 1.5438406 -2.2265599 1.2707503 4.0966234 1.5840497 -0.05274659 -2.0971518 -0.33470827 -1.5520785 0.3515671 3.1370451 0.6559562 -1.2360063 -1.2869424 2.021687 3.364253 1.1702893 0.61790526 1.4320529 -1.4041235 1.8976755 -1.0846995 0.3424987 -0.044845782 -2.0215266 0.08126992 -0.7852436 1.1509173 -1.1355654 -0.5371253 -0.8764544 3.0002284 -1.6554087 -0.933082 1.3381013 1.6957729 0.3314985 -0.005518499 -0.85069585 -1.8913279 -0.9232775 -2.1489275 1.4421891 -1.0217284 -0.7903734 0.15297568 -0.64293766 -0.8071362 -1.4826199 0.46146157 -1.7476896 -2.1538 0.31281704 1.7905405 -2.346214 -0.073909566 1.2022679 -0.7368006 -0.25780433 -0.85081416 -0.3532759 -0.41491777 -0.41547984 1.8376793 -1.3740532 0.39192897 0.40504247 2.4048228 2.9825637 0.32294565 -2.8383439 -1.6866062 2.2761047 0.25014472 0.42187315 -0.20852405 -0.61931056 -1.6330072 -0.02148066 0.5603492 -1.2031893 1.7921185 -1.3392527 0.9894773 2.0379238 0.022239171 -1.3577318 -1.0582172 -0.41559246 0.40552688 -1.6165391 1.1359329 4.0198684 -0.6757482 -1.9587488 -0.4840531 1.8356179 -1.0322516 -0.7006441 -0.29118 0.77317363 1.5141269 -0.44607773 -0.6374114 0.20481063 -0.09628508 -0.87019336 1.1645708 0.36927652 0.5007776 -1.5697867 -2.4034808 2.280957 0.32000858 0.4381298 -0.260186 -2.631127 0.18262722 1.4541166 1.6290871 2.163489 -4.271945 -2.2971354 0.5573335 -0.15052909 1.2493191 0.8285034 1.1247298 -0.2880134
potato -0.78946096 -1.0324959 2.4981973 1.5294324 0.18254189 1.3081561 0.5610065 -1.4009523 -3.4053438 -0.6900498 -2.7233753 -0.6554203 -1.612615 -1.4975928 -1.9211262 -0.3791481 -0.65186787 0.78516215 1.3939763 -2.0093498 0.60388184 0.6046276 -1.699061 2.1786366 -0.6633575 2.3583944 -3.5016663 -0.33336416 0.9348068 -1.2380264 0.35690296 -0.40503076 -3.005465 1.0309538 0.37297007 1.0327687 -1.8232433 2.544566 -0.87003624 -0.39432704 -0.8812086 2.8645434 -2.349073 -1.7438736 1.6014587 0.20094433 0.88300985 -1.9597079 -2.7806606 3.5740466 0.91094774 0.40611696 -0.9285688 1.7079997 -0.7695713 0.59762025 2.5433054 0.235423 3.1553903 0.417713 1.8674636 -0.8834061 0.4627083 1.1111394 1.3679575 0.45100537 -3.3460057 0.63394046 -0.99043673 1.779744 -5.094772 -0.6444146 -2.2373817 0.69802606 1.6059456 0.59594434 0.12920082 -0.25529656 -1.6114208 2.343734 -0.68457437 0.6422512 -1.3041143 -0.1877225 4.476445 2.0247633 -0.7934063 0.26951674 0.40101188 -0.72287554 -0.10730087 -1.0205663 1.3908218 1.0515075 0.34630823 3.7604287 -2.6150694 1.029537 0.15630797 1.3774211 0.71362054 -0.74095356 2.2235997 -4.7984304 0.24733049 1.3616054 0.080000035 -1.898149 2.7182486 -0.29634064 1.287059 0.06543943 -0.04576313 -3.212037 -1.8895053 1.4938966 0.9207166 1.6690423 -5.12926 0.24557503 0.2383136 -0.32381925 1.558586 -0.042411096 2.8176205 0.26682743 -0.14229617 -0.7917881 -0.6805637 -0.07314077 -0.2718517 -0.73096764 -2.667123 1.4142737 -1.5337205 0.90369415 -1.9073638 0.59398454 2.0062473 -2.0284064 1.1468464 -0.5690971 0.7290073 -1.5061918 -0.65952766 1.481974 0.5486179 -0.15202095 1.434314 -1.6397295 -0.027124327 0.96124834 0.43623173 2.1804264 -2.2512643 -3.0384543 1.2988716 -1.9624478 2.6519198 0.90664554 -0.19368663 0.32496914 0.8235302 2.1740468 -1.4040607 -1.0926801 -2.2716455 0.66718715 2.478915 -0.5523823 0.97748363 -1.3089199 -1.1574647 2.273788 1.0662936 0.81516564 -1.025352 -1.9090174 1.4529235 1.751495 -0.13792998 0.90768933 -0.6056277 1.0418265 -1.9988388 1.6552918 2.7728019 -0.96568197 1.5420865 0.38986468 -1.5935348 2.614614 -1.8147789 0.19352362 -1.072792 -1.1935004 0.007714247 -0.3944395 0.37897047 -0.052484464 -0.8059969 -0.12153247 1.232256 -1.3027729 -1.3410798 0.937787 -0.93467283 -0.40435728 -0.16323563 -1.1810491 0.10068603 0.41029906 -1.3399903 -1.3547521 -0.27131304 1.1606752 -1.4174042 1.1199237 2.324443 -1.7587097 0.5911411 1.3588704 -1.9757628 -0.34048596 2.1946282 0.015964806 -0.3912264 0.99773866 -0.031785212 -2.4065595 -2.2386618 -2.1642056 -0.15331705 -0.5318917 0.79864824 -0.3718832 -0.9159521 -2.6872094 2.0722327 1.4616965 1.934641 -1.7942395 -2.6634126 0.5573456 -0.10034483 -0.99046147 0.6906847 -1.3753606 -0.9676009 -0.23292677 0.5068122 1.0332127 4.6943097 1.2682025 2.4277694 2.6473322 -1.3063833 -0.44615775 0.5729502 -0.32741135 -1.5948263 -0.42097795 -0.94128126 3.127237 -0.82378155 -1.9040046 -0.37006623 2.2179892 -0.546389 0.4302268 -0.8597766 1.0726876 -0.4953422 0.40265587 1.0472807 0.52048326 0.527534 -0.6826079 2.0381055 0.01762896 0.40376377 0.17713216 -1.5226045 0.91744524 1.1474233 0.905753 -1.7747864 0.11452062 1.2141151 1.8804481 1.338582 0.6774154 -1.1113573 -0.60080194 0.33201787 -0.34367895 2.5921223 1.947442 0.35019547 1.3860818
rope 1.0766603 0.07053907 1.9412534 0.34760752 0.014815871 -1.1313238 0.35477293 1.5215482 1.9321922 0.29088172 -0.49072915 -2.953054 -1.6135095 -2.768512 0.8676416 -0.2158309 4.7572656 -0.3619332 0.5281956 0.42255765 -1.0508267 0.65430176 1.849428 -1.4228169 -1.2326807 -1.1300353 1.1901903 -1.3652598 1.6517141 -0.4781917 -1.1705885 -0.7177128 -1.041772 0.42829376 3.2133977 -3.8407562 -0.70158076 3.2576752 -1.8853794 1.1763998 0.28322625 -0.45629188 -1.2959337 -2.4586644 -2.4294763 0.9141134 0.99623835 -1.1996019 -2.770805 2.5611417 -0.7193031 -0.12968276 0.71609414 2.1576657 -0.37047902 1.4768814 -0.22279783 -0.7241585 0.87770635 -1.831391 0.85022175 -0.5334503 -1.6082661 -0.1805467 0.4400291 -0.47044304 -1.5891677 0.4407293 -0.640133 -2.6649415 1.5522913 -1.3114632 -1.4138969 -2.0858676 -0.9440003 -0.11074179 -0.9253588 -1.0158819 -1.0434252 2.7494798 1.9478923 -0.18790664 2.021385 -0.13315725 2.3456042 -3.738135 -0.9864121 -1.6381973 -0.16824727 -0.06318129 3.563307 1.7944918 -1.3780509 1.8831539 -1.0030751 -0.42802358 -2.3297172 0.77066195 2.2123363 1.7690789 0.50557894 1.3688304 -0.12304237 -0.16372031 2.834768 3.1200042 0.79047173 -0.67421526 0.34951454 0.2632437 0.5272536 -1.6506755 0.3791651 0.61631167 1.1255728 -0.37242037 0.42905834 0.8200216 -1.9434671 0.02691228 0.2031217 1.4478164 3.0170107 -1.9406189 0.58910257 -1.1311703 -0.06894029 2.700612 -0.24001867 -0.8340329 -1.2153035 -2.3993256 -0.7072532 -1.6297872 -1.3088925 -1.293747 -0.8072242 1.1013098 0.2032522 -0.48727408 -1.1432035 0.047320645 -1.76088 -1.956754 0.37281027 0.9128266 -0.626607 0.7419984 2.2931852 1.4764789 2.77883 -2.1289778 -1.8734509 0.8158261 -0.00445609 -4.570664 -0.8943723 -2.6445637 -1.4490218 -1.4966248 0.028274737 -2.3547802 3.1436756 0.6090036 -0.33803302 -0.38465136 1.1329482 -2.17198 2.0153658 1.2028395 -1.4264864 1.0750767 -0.68625003 -2.1187065 3.443306 -0.75267315 -3.1030643 -1.0866476 0.16483444 1.6702169 -1.4125807 2.5176637 0.10195987 -0.21734574 1.1119095 2.3035614 1.3566409 4.50788 0.76562697 0.49464723 0.17895024 2.7855017 -2.5639472 -0.014193617 0.5855164 1.0379574 1.2182971 -2.7184145 1.0648235 -1.156677 -1.0599676 -1.1454539 0.36648712 -0.22177345 1.9682615 -3.6922846 0.99816567 -2.4684534 -0.32323715 0.40922374 -0.073324904 -3.566219 -3.154604 -2.3940492 0.13528922 0.87366605 1.9817468 2.1149385 -1.2582589 0.13298003 1.6057394 1.3049886 -0.7849296 -0.4625015 1.4532624 0.6084272 0.47471854 1.2188606 0.702975 1.9644735 0.07543873 -2.5112462 0.062317472 -3.7573745 1.4431634 0.32090926 0.004957137 1.7938666 -0.9659267 0.90634936 -0.23982936 0.68957335 3.2098997 2.8011768 0.6382988 3.0335665 0.00050797896 0.03904032 0.18484932 0.2442376 1.6052655 -2.039898 1.1214855 1.1510961 1.9422339 0.27381828 1.1567465 2.6676128 0.96232337 -0.42889768 -1.127388 2.2450783 -0.1420831 -0.9236497 -2.5715888 -2.0580919 0.5181981 0.1471316 -1.5954924 0.20994383 -2.377101 3.7363024 -2.0226057 1.8883346 -1.8136417 2.4899335 -4.4099083 -0.60488665 0.7116734 -3.1029758 -2.9022644 0.50202084 -0.01788704 0.78871876 2.3623815 0.4850295 -1.4223602 1.5038018 -1.2149875 -0.5880879 -1.2145147 0.106881276 -2.5134842 -0.74958265 -0.030909276 -0.51015717 -2.1225736 -2.5558352 1.1876615 -0.66052926
rubber 0.16867833 3.1949115 1.1103766 1.8902923 0.8963562 -1.2851826 0.7454592 -0.12076153 -0.95077384 -1.0597566 1.953323 1.0072004 -2.762521 -1.8452722 -3.314492 0.6069158 -1.3897636 1.1977283 3.1628878 2.2986698 -1.9894584 0.12903526 -0.39450762 1.4495578 2.267099 3.0568268 1.9743587 -0.09121604 2.3150313 -1.4011431 0.5226769 -0.9908097 0.5927346 -0.28530264 -0.08429204 -1.9346987 1.2945153 1.4094684 0.39571914 -1.0116408 -2.0305512 -0.8430741 1.6943045 -3.0326293 1.6328547 -0.6393769 0.896943 1.190537 -2.689958 0.5916215 -0.35281557 -1.2108301 -1.7177867 0.8344149 -0.5800746 -0.20355518 1.2878997 2.2885633 1.0415077 -0.09694738 -0.71465194 0.97095996 0.9446045 2.2654297 0.91805726 -1.9497 -3.079764 -2.2164474 -1.5166398 -1.9902103 -1.4158237 0.27841088 -0.7374274 -2.9962153 2.78581 1.4750204 0.9913263 0.90186566 -0.7632739 -0.4745988 -1.6307693 -0.8100078 -1.8371555 0.7808907 3.2508132 -0.29918447 -1.1318128 -3.0613558 -1.8076282 -2.6965296 2.8098443 0.6277463 1.1412567 2.3400602 -2.2910104 0.48976755 -0.048440285 -0.66546637 0.8116763 2.5905838 1.4058036 -1.7115598 4.2365093 -1.5934917 1.1494001 1.4766295 -0.57676876 -2.7933745 1.857592 0.18364953 -0.93849313 -0.4386321 -1.7973418 -0.3703128 -0.6197784 -2.353975 2.163118 1.0664986 -1.7992643 -0.5332683 -1.4129887 4.800582 2.3886123 -1.1761996 0.6796569 -0.72603524 1.5940914 0.19736612 -3.557239 -0.044801094 -0.11702113 -4.83602 -2.5145116 -0.3606974 -0.46739426 -1.3349788 -1.2096963 0.49967837 1.3786833 -4.2534013 -3.0748708 -0.22071852 1.216903 -2.1950595 0.2038876 0.5147637 0.67535406 -0.22945216 1.7581455 -1.4519871 0.63567966 -0.6128102 1.1668226 0.9048602 -0.049494304 -3.0366864 0.7670765 -1.2476507 3.2680972 -1.1682091 1.0177587 -1.3255486 1.4241617 -1.1447879 2.7849236 -1.1087482 -0.71392375 -0.21522743 2.2410092 1.8695313 -1.3117782 0.18100722 0.7145307 -2.1977792 2.3824928 0.72672683 -1.4029907 -2.1891508 0.8486554 -0.5236373 -2.2126765 0.24545291 0.38722348 0.66879356 3.1779819 1.589363 -0.8782546 2.4964688 0.1254741 0.15699111 -2.3152852 3.8946064 -3.0720904 -1.1780514 0.09976139 1.5218047 0.22482198 -0.5851158 -0.5906511 -1.9464355 -1.8024048 -1.1926752 1.1244286 2.7994616 -0.16454616 0.04259326 -0.40973088 -1.7439264 -1.4821742 0.34392214 -1.0604526 -1.7841469 -0.76146495 -2.0088243 -2.1321957 1.3094823 0.527703 1.1523194 -0.39563546 -0.22021651 2.1924496 0.16729029 -4.143762 -2.7488973 0.6026696 -0.19314115 0.33694825 0.7680268 -0.3651855 -1.3524115 -0.81055784 0.7197904 2.8786635 0.90795076 0.94327223 0.56101763 -1.3088416 1.1154865 -1.7337524 -3.5396628 0.34237218 -2.1491199 -0.10780621 0.9854221 0.62446725 3.2704954 -0.23872584 -1.1879612 -0.016781662 1.6859769 0.74175084 -0.35417378 -0.1198659 1.1474565 2.1130142 1.3047475 -0.25924382 -2.2419891 -0.73000383 1.7648621 -1.0260303 -0.5654881 -0.19529505 0.6043915 -1.6052834 -2.8765786 2.470266 1.5064963 -1.0530586 1.7341541 -1.041006 0.4246794 1.9712267 0.44000116 -1.0803424 2.4753485 -3.3456438 1.4298174 0.97272867 -0.06184912 1.6289154 0.6873107 -2.0650303 -0.28350732 3.2761524 -0.74730766 0.09754018 0.36365896 -0.40568608 0.845968 0.32910264 0.5838571 -2.2607715 -3.8611827 0.441663 -1.5830927 0.46159396 0.7697991 -1.4044785 -0.42870706
leather 1.0503443 0.8884186 0.20419773 0.65114856 3.1788218 2.258318 0.7050457 -0.49118367 -4.3485537 -3.5429816 1.5726049 -2.666314 -1.2368795 -1.4796851 -1.3749924 1.0529251 -3.006987 1.5929713 0.40635622 1.5588043 -2.946629 -0.99724895 -0.8201736 2.5174644 3.221122 3.7856162 1.8474166 0.8548542 3.3600707 -0.27740818 1.055296 1.6864346 -0.33327505 -0.7818426 2.9995565 -0.03558382 0.48010892 -0.10198875 4.259891 0.8355035 -2.5063338 -0.35135415 0.6207139 -2.671186 -2.1511745 0.58462286 -1.21046 -0.6793894 -1.7384118 0.14950037 -0.66504395 0.4918273 -1.4575701 2.383037 -2.8128343 1.8722048 0.8645168 -1.4294821 3.2241435 -2.4442031 2.1172636 1.3230135 -0.7039263 1.6796615 0.3557562 -2.6437013 -0.28676093 -1.2952288 -2.3887935 0.7888277 -1.1294713 -1.3211755 -1.41135 -1.1330293 2.1690521 2.3375359 0.96758294 0.3330394 -2.1742876 0.9700774 1.0624361 2.0317087 -1.2869385 0.05145076 2.4065495 -0.8375327 -1.0099443 -0.29424378 0.7971833 -1.0060704 1.1143321 2.4921322 1.2280664 3.808423 -1.6168487 -2.0433161 -1.0549862 2.845146 0.118486695 3.2376783 1.7394304 0.26980802 2.5662403 -1.5813464 2.7730424 3.4542325 -0.9058261 -2.1048338 1.3604423 -1.3631046 -0.060741663 -0.14412059 -0.32288644 -1.3408942 -2.2113066 0.112604015 1.558161 -2.4653397 -0.42036697 0.27341092 1.6835511 1.159168 0.41973597 1.1761397 1.2412343 -2.5215862 2.1063335 0.2370885 1.3859388 -1.4103199 -0.34098503 -5.674578 1.1924721 2.3756478 -1.8784853 -0.3996363 -4.6546316 -1.4207816 1.2634983 -4.619781 -3.156017 2.5255063 0.98814356 -0.33043718 -1.0321989 -3.0373402 0.71527857 -2.4167678 -0.93818265 -0.8460182 0.16172864 0.9270969 0.31974724 0.18406811 -1.3458333 -1.2703161 0.86252356 0.7140299 2.4332855 -1.3096979 1.8603622 -2.5336456 2.8948057 1.2750149 0.84169465 1.5122013 -1.0258774 -1.4531636 0.8483172 2.350665 3.089045 -0.5347504 1.3377326 -0.37242034 -0.32436132 1.0394778 -1.4940319 -1.32947 1.2106624 0.7870251 -1.4895643 -0.5164426 -3.847638 -1.5671401 2.0363212 -0.18351695 1.512762 -0.41002443 0.08246145 1.4669642 -1.8704813 5.8396673 -4.6453147 -0.32561004 1.6808481 -0.5278737 3.8950322 -0.9570767 -2.406074 -0.42699212 -2.7436633 -0.91987365 3.7252893 0.7163808 1.11452 0.7056544 0.7376467 -1.1867898 -1.0069754 2.2497246 -3.0370457 0.3025845 -3.318227 -1.4049449 1.7696126 1.9261783 -0.87840116 0.97529113 0.7340529 0.670583 1.246309 2.6646419 -4.581906 -2.2296348 3.384515 0.11755894 1.0414671 -1.3432074 -3.199231 -0.7920247 -0.7951993 -1.268471 3.4657528 0.051099382 0.7160885 -0.3274141 -0.35780898 -1.1604824 -0.011881989 0.55628335 -2.1615317 -1.5264555 -2.2121193 0.8418253 2.3271587 4.254195 -0.70039475 0.41566318 -1.0508684 0.019072179 -1.6815892 -2.675934 5.2034097 3.318223 4.317531 1.2303045 0.12259476 -1.3604109 -1.8063254 1.7214926 -0.31565788 0.7883899 -0.2774716 1.4700499 -2.1920764 -2.3448656 1.9364902 1.6206582 -1.4287034 2.2446816 -2.648527 1.4525876 -2.739838 2.4291356 1.0910864 0.70468813 -2.6268668 -1.1747817 0.865939 -0.22699684 0.8357918 -1.923799 -3.3078701 -0.20920818 0.24951251 0.0652413 -2.000202 0.9661162 -0.9973188 0.32261917 -1.2397007 0.2443779 -2.4574616 -1.1081362 -0.8002984 0.28231636 1.7928891 -1.6897013 1.1582294 0.2710979
berry 2.5662546 0.5184788 1.0716324 2.0693297 -1.2649701 1.3116038 1.5084684 1.0154243 -2.1678326 -0.73859715 -2.6729155 -0.97609043 -1.9302448 0.34993675 -1.682329 1.843952 0.20143233 -0.05907792 1.4092557 -0.4390927 -0.27720654 1.2860324 0.9192067 0.4535292 -1.624841 2.735639 -1.427062 -2.1874628 1.6008667 -1.5369008 1.3954308 0.25794163 -1.5167631 -1.5640906 -0.014496779 1.1389983 -0.326164 0.7050325 -0.68951905 -2.0534515 -0.6904143 2.112022 0.7417314 1.0988017 1.2143316 -0.30628416 0.30691314 -0.4197661 0.46578375 -0.8004522 -0.53916544 0.28077218 -1.6405072 0.81134015 -2.6131077 -0.5783555 4.2795653 0.000988865 2.914182 0.08454573 2.2952006 0.7028562 -0.48466936 -1.9459238 0.30754605 -2.7175558 -0.44777778 -1.6557384 -0.9930778 -0.05792565 -2.8061352 0.61545074 -0.18729271 2.112679 0.2634838 1.0174025 -0.81304854 -1.107943 -3.3554325 -0.6697988 -0.72434145 0.07444993 -0.7578454 0.4602722 2.5439773 2.0656288 1.6317014 -1.4365394 2.0771444 -0.76927364 1.3065677 0.83278245 0.43007705 2.0493748 -0.5839034 1.8944387 -1.6129447 4.113605 -0.39214146 0.8824766 2.5226338 0.5342624 -0.8223197 -4.9439344 1.5578564 1.7508603 -0.60309225 -0.5381886 -1.0967047 -1.6961923 1.0907923 0.27252796 1.6151936 0.96732014 -0.75555867 -0.3178538 1.9540559 -2.2942781 -1.2134885 -1.8781885 0.8767981 -2.3163984 -1.024152 -0.61284846 1.134593 0.19771625 -2.0206497 0.75538826 1.9638104 -0.603904 -1.3146857 0.81416315 -1.6658862 3.017103 -0.63356405 0.39633197 -2.667673 0.79481256 2.3262677 -0.6577364 0.96223205 0.6644563 2.5910661 1.0776844 0.6831967 2.1641638 0.9817077 -1.5283624 -0.8635881 0.5720832 0.16570783 0.684629 0.9412017 -0.67437166 0.34022608 -0.7245064 0.56020826 -0.31084308 2.3717923 -0.28328592 -0.15464185 1.7472162 1.0964996 2.1102679 -0.92887646 -1.1468223 -1.0161201 1.5181258 -0.27443397 0.9839237 1.4936559 0.7139504 -0.32810193 0.37167323 0.04690298 -0.5176268 0.40158615 -0.6231344 -0.076437145 -0.26697448 2.3417203 -2.0142894 -0.37702703 2.73405 -0.26337114 1.9124314 2.3917294 -0.07476268 0.4627952 -0.40547946 -1.8308544 2.342522 -0.5779917 0.6234129 0.5147973 -0.6241191 -2.1085968 0.75039405 0.4785688 -0.35500827 0.1560358 1.8223273 0.3199928 -1.8905033 -0.6258705 -0.9858769 -0.95837325 0.7530627 -0.14725423 -0.46518955 -0.24614625 -0.3507586 -1.1384434 0.774157 0.7211221 -1.7780524 -2.0999293 -0.4698101 0.2431417 -0.29324207 -0.4646566 1.7577899 -1.2223353 -2.4764304 -2.641207 -0.63034797 -2.3466182 1.0669712 3.2719543 0.44748208 -1.587297 1.5590229 -0.9169204 -1.6977718 1.0351921 -2.5378664 0.81495714 -0.3179387 0.102028206 0.31110972 -1.4514948 -0.1605927 -2.2416236 1.270861 -1.0041028 1.795489 -0.091440015 -0.12341553 1.9961367 -1.0081226 -0.46015105 -0.5504916 1.5802699 0.40730652 -0.47424403 0.22221449 -2.4212432 0.7970182 0.6800135 2.4495256 1.0549027 0.60476905 0.42248565 3.1827533 0.35448065 -4.2610807 -1.5542194 -1.2595392 -1.1628392 1.946208 1.3965017 0.26610833 -1.7518966 2.5193539 1.293515 1.6583929 2.2882032 2.3303592 -0.45748708 -0.6607722 1.486432 2.175479 -1.5308706 0.45191547 0.80480665 -0.22782154 -1.0079637 2.2668557 2.0065928 1.5409461 4.2684374 0.7217352 -0.29669392 -0.7519985 -0.10771209 0.8575599 3.1592052 -0.9144201 1.6976165 -0.91687495
honey -0.48393682 0.15695961 -1.4044169 1.6451551 2.6483083 2.2953398 0.24159549 -1.4695582 -3.1653311 -2.5609424 -1.7681135 -0.106431715 -0.81332296 -1.660172 -2.9540632 0.1226068 -0.4336755 -0.06681132 -0.17409246 0.79319596 0.72474796 0.40312463 0.9717043 -0.0028749334 -1.2018309 1.3915026 -2.3961613 -1.9534703 1.5103093 -3.695795 2.365066 -2.3871183 -1.6626215 0.13486642 1.396866 1.3688607 -0.3466806 1.8446167 0.69595176 -1.3419427 0.37303537 1.4727001 0.23781659 0.7531791 0.3557725 -0.70082885 1.3467597 0.03521469 -0.48090526 0.49245766 0.22836022 0.55166626 -1.2958663 0.72538704 -2.190395 0.91945434 2.1387608 2.1394923 3.2113328 2.1412532 0.65160096 -0.31708345 -0.5123572 -2.3321917 -0.0039055408 -2.1228504 0.9310248 -1.8385236 -0.329372 0.87247956 -3.423253 1.3676624 -1.0469271 -0.5461934 -0.713042 -0.99000806 -2.9722354 1.74436 -0.61830556 0.7456473 -0.3360516 1.388922 -1.4752036 -0.5523762 3.0935912 0.9861261 -0.5528537 -0.07159444 2.077941 -1.5040201 1.4987521 -2.5869195 3.1112707 0.5136348 1.0247904 0.31228626 -2.3640282 0.50439215 0.2707743 0.08562949 1.7415695 0.5332266 3.1685865 -3.0652928 0.2845309 2.1650817 0.26418814 -0.501526 -1.444695 -2.8585508 -0.5890848 -2.2849352 1.6869011 -0.10041154 -0.12207632 2.2579408 2.479131 -0.36818865 -2.831067 -0.22621496 2.0972278 -0.4241666 1.1868472 -0.53425837 0.39850968 1.9750217 -1.7387253 0.41436204 1.9775947 0.64361745 -1.9553623 0.06912558 1.5727456 0.6428708 -0.67086667 0.11717763 0.20479569 0.3015199 0.27239156 -0.9678543 1.1003305 1.2073929 1.2129182 -0.53192174 0.5490482 1.1672722 1.1595824 -1.9382317 -0.6921187 1.0318635 -0.07790678 0.25346512 -0.64779615 1.1123296 -1.9650004 -2.563203 -2.0950627 0.64046985 2.0813515 -2.008314 1.3632535 0.012622745 1.0987548 -0.29023242 -0.09770641 -0.98298156 -3.4791255 0.8960748 0.59933656 0.3371927 0.962101 0.67737967 -0.057906963 -0.98517144 1.2562197 0.27319276 0.37717733 -1.9436625 -1.6744409 0.28963345 1.7829918 1.012937 0.04096279 2.1101549 -1.489609 1.6125274 2.5483484 -1.3599328 1.2730852 -0.65124077 -1.6777544 4.2786613 -1.1530795 0.09550409 -1.051057 -0.9689434 -0.7847256 0.064099886 -0.2170026 -1.5515325 0.5267585 0.5487132 1.7457695 -2.0101547 -1.7156893 -0.6008411 -0.147448 -2.040231 -0.32904935 -2.0197399 -2.6301546 -0.9201214 -1.7565362 0.36401972 0.85243285 0.3908912 -0.70390606 1.0894859 -0.13835073 -2.1560097 0.35885864 0.0842091 -2.8889015 -2.1428251 0.81894106 0.1733886 -1.500412 1.2678597 1.5765795 2.0837016 -1.308564 0.60858434 0.30452308 -0.8198656 -0.58978325 -1.77952 -0.5324591 -2.8065064 0.7873157 1.722434 0.7970323 -1.7614827 -2.8332121 1.3673519 2.5271926 1.4640988 1.2855138 -1.7524079 0.31028014 -2.2108302 -0.16109306 -0.44053316 1.7911433 -0.8362193 0.9565781 -0.7502371 -0.45785028 -0.73183906 0.8958334 0.39363757 0.10049674 -0.30248204 -0.733653 4.757581 -1.3645083 -3.305289 -0.3499959 0.28523436 0.30951086 0.89759886 -0.66243356 -0.22131276 -1.0780561 -0.28636026 -0.015549031 2.0652378 0.8172601 0.49166623 2.7001219 0.47521812 0.45399886 0.6127968 -3.4056208 1.3355937 1.4358517 -0.35307205 -0.68758744 1.0692034 2.2806656 0.93114054 1.717255 0.78900635 -2.342238 -2.4974651 -1.8673028 0.5531829 1.1185253 0.2419372 3.570902 1.2123846
soap -1.2880481 -1.36424 1.4047298 1.962527 0.89508814 0.56152344 -1.3759313 0.42996722 -3.5356421 -0.34369305 -0.413456 0.3132606 -0.71874195 -0.044432282 -2.6143458 2.0714943 2.625777 -0.6747695 2.9498127 0.85191524 -1.9722102 -2.1570714 0.3643602 2.0222197 -2.6193404 0.013469651 0.1991719 0.18792221 3.892027 -1.3116659 2.3892572 -1.8749876 0.23597145 -2.859114 -1.5607083 -0.39483407 -1.6056596 1.6832825 3.1731987 -2.5827692 1.6163995 -0.8596839 2.0864174 1.5312692 -1.5845542 3.4262538 0.2770922 -0.11983969 -1.6994302 1.144875 -1.1499931 0.84385073 -2.4437559 0.9064949 -3.6247036 2.057799 4.259586 0.07947383 1.7235117 1.1035086 1.3094122 2.234569 -0.5307551 -5.6735873 -1.8346213 -1.5828224 -1.8805463 0.029754292 2.3543303 0.36628214 -2.4815361 -1.8026042 0.79570556 -0.44397563 0.8660274 -0.28708583 -1.0195773 0.49599227 -0.606594 -0.5554185 -0.72837293 1.4544581 -0.95232296 1.349527 4.449119 0.6782959 1.4795276 -3.087898 1.2034285 -3.7994273 2.7888424 -1.6745641 -0.677949 2.4524117 2.067063 -0.3763846 -1.139915 1.3198141 0.65662825 1.8112005 -0.5825505 3.3831909 1.6963224 -3.2511222 4.4363923 2.2863543 0.42063612 -1.6258204 0.22558331 -0.573725 0.41686392 -0.75895375 1.018107 -2.2214112 -1.2018411 1.9244039 -1.882814 2.2138224 -2.237007 1.201939 1.3588082 -2.033871 2.1587658 0.25273067 1.6630654 2.2704144 0.27339077 0.55279547 -1.1539781 3.500347 -3.4324071 -1.2230756 3.6376584 -0.30714664 -1.5122002 1.01315 1.2904468 -0.05604679 -0.6106091 -1.1670352 -3.2258198 1.6045636 1.7866412 -1.9229555 0.07976841 0.8826992 -0.7516389 -3.0433483 -1.4473506 2.3333693 -4.0828967 -0.9570825 -0.4511022 2.5833898 1.5569296 1.4849856 -0.8399875 2.4683897 2.5490072 -3.6324894 1.3399595 0.52493745 -0.8708623 3.638596 -0.77725995 -1.8529896 0.2769523 -0.35843042 1.9350876 0.41318136 0.7360513 -2.2227638 -2.372948 -1.4815055 1.3390449 0.515048 -0.082092315 -3.3465462 0.8073597 -1.9586709 1.2475446 -2.0956094 -1.7091068 1.2787032 -0.25542983 0.47444177 1.1353073 1.670628 -0.7741831 0.61707014 0.8044336 2.2806964 -3.8745024 1.9086373 0.1001729 0.1896675 -1.6189531 -2.6175792 0.36989924 -0.26256278 0.42954996 1.6923959 2.634756 2.379378 2.9286916 2.4521606 1.2113997 1.2100283 0.59194356 -3.029427 -2.6206157 -0.7066413 -3.7436569 -0.5238336 2.3123205 -1.7805234 0.7579093 -1.1518614 -2.6003807 -4.2974205 1.9935904 0.22443971 -0.58185256 0.029629681 -0.5732758 2.255397 -0.9624308 -1.1808193 -0.83672845 1.3683127 -1.4163233 -1.5803819 -0.08763832 1.3239771 3.082862 -0.8125377 0.30858228 -1.1809119 -1.4098498 1.2587622 1.3483537 1.7562041 -2.865381 0.6423608 1.7222393 -0.37008372 -2.2398877 -1.6174064 0.11826978 -0.9148349 0.8856079 -1.691118 2.9340782 0.29765943 -0.13925281 -0.48268142 1.6071466 -2.826318 -1.1444325 -1.6080997 -1.1721892 -0.01978205 -0.98065615 1.438036 2.9460511 -3.6651318 1.3985221 -0.2670562 -1.0283344 1.9899536 1.4390378 -0.7509971 0.121926144 1.552595 -2.2513494 -0.103458345 1.536097 -0.38317418 0.11708102 -0.9359634 -1.3052042 0.17315885 -2.8599727 1.5040772 -2.0874326 1.800859 -3.2796552 -0.6267881 0.6558947 0.7777507 0.21486096 1.2039765 -2.5381892 0.35052636 -0.50476015 -2.0320354 -1.7815168 -1.2917768 0.40861246 0.113255225
onion -1.516551 -1.0457648 1.1522915 2.0101054 1.6804818 1.1881071 1.704066 -2.1376925 -3.205964 0.45966834 -1.9109718 1.0630454 -1.8277117 -1.3520217 -0.5247607 -0.9640534 -0.94207644 1.9865685 0.11079523 0.19670823 0.7321683 -0.9393354 -0.6570794 0.7094741 0.5218274 0.5846975 -3.2960472 -2.327866 1.2315938 -2.9256928 1.7502526 -0.73889464 -3.020519 1.0379202 1.2794324 2.097332 -0.7448733 2.9473767 0.91335356 1.2429204 0.5616826 4.405949 0.4415938 -2.3125634 -1.1573913 1.2185498 0.10721916 -2.4898546 -2.1756806 1.2763443 0.09563755 0.35177934 -0.8926294 1.5433801 -1.3152014 -0.6462086 1.3061181 -0.06789319 2.6252773 -0.25244185 0.806022 -1.0126913 1.9519492 1.3772379 1.2626873 0.61930746 -0.9316721 -1.3364167 -0.582549 2.0447352 -2.898847 0.054781124 -3.1924078 2.685569 -0.13250263 0.4669458 0.69184375 -2.8075492 -1.8028483 1.6502218 1.0868196 3.6000514 -2.964697 -1.0769857 3.7196674 2.208293 -2.6827188 2.3024957 -0.3181081 -1.2336245 0.4624436 -1.6929843 2.2785704 0.08710328 -0.04738593 3.5004368 -1.868418 1.5665312 0.2744018 0.29929033 0.321502 -1.7252729 1.9863861 -3.5053563 2.6845622 2.013475 -1.0077056 -2.8068697 1.6311733 -1.3896303 -0.43196967 -1.1120406 0.9349901 -1.3815585 -1.1706749 1.0172251 1.1265388 2.0737782 -4.207795 1.4412082 1.2116487 1.675074 3.5023582 0.604209 2.9444697 0.42997676 -0.7297433 -1.0013195 -0.39986247 -1.9613509 1.3733009 -1.0130243 -2.3233294 2.0734918 -1.049025 2.0953255 -4.243664 0.25548482 0.589173 -1.9329214 1.2361231 -1.677525 1.6400533 -1.9043529 -2.4662035 2.1800306 -1.7975457 0.44237658 2.5084546 -1.3253047 -0.29864562 0.48589104 1.0613388 1.9774967 -0.70767576 -2.9939904 1.8041608 0.6456934 1.8253464 0.89320606 0.28085214 -0.58379745 0.679201 1.2694417 -0.7289575 -0.5498072 -1.184036 0.7236032 3.6746058 0.072029695 2.1014643 0.027430711 0.46439797 1.2450182 3.2670052 -1.5534203 -0.1513725 -0.41607958 2.5572176 1.7931861 -0.5807065 0.74906147 -1.213522 0.39927688 -1.5521173 2.3496177 2.9810243 0.36779872 1.410827 -0.56961524 -2.2605348 2.2232316 -1.0591164 -0.24617101 -0.21763018 -2.1839924 0.49962145 0.36505708 -1.0584574 0.6201706 -1.0806068 -0.75028807 1.6647469 0.81314176 -1.6472164 2.4593594 -0.49993825 2.5742154 1.1044418 -0.9170188 2.4388251 1.1988517 -1.979666 -1.7113723 -0.7130678 0.37827444 -0.23344097 1.5899813 0.44990766 -2.0830908 -0.67811966 2.8970325 -3.2600906 -0.6427094 1.6911209 0.9193909 -1.6245973 1.7061749 1.4914213 1.090366 -0.55238146 -0.8699482 -0.44609493 -2.4974904 0.6275956 -2.035995 0.7047577 -2.6934927 1.1922308 3.95729 1.5762876 -2.1693215 -1.3604794 -0.7106348 0.62177974 -0.88499355 -0.13454038 -2.328727 -0.84585685 -1.6821525 1.4629936 1.4281446 2.457006 1.752733 2.4402256 3.123545 -0.15066999 0.3075393 3.49662 0.95145196 -2.573299 -1.3654829 -0.036221556 2.5993016 -2.0930152 -4.317944 1.2783972 2.2970982 -0.9093182 -0.45634323 -0.8804444 0.1711327 -0.47215346 0.8711947 -0.15137671 0.07604102 -1.2435426 1.6154649 2.0778537 2.2767682 0.12632008 0.18249467 -1.6377696 1.5690386 1.0812669 1.3197268 -0.47270334 0.32811195 1.3081621 0.58637655 2.3031394 3.1030304 -2.9010978 -1.1062888 -0.51462185 -0.05507996 0.58187187 0.9170595 0.8516083 0.3528194
weed -0.612533 -0.38506013 -0.017940558 0.9107641 -0.009695398 -1.0563939 -3.0297692 -0.14208949 -0.44499576 1.5839239 -1.1503135 0.11571292 -0.22633603 -0.42544693 1.1855232 -0.70113945 2.8531654 0.33443516 1.004093 -0.15408352 0.99217176 1.0411515 -0.43183085 -2.0690236 -0.199728 -2.2039764 -3.4749691 -2.2159784 0.2524747 -1.3774513 -1.1440055 -3.5170872 1.8879585 1.2916569 0.7304086 -1.6498277 -0.6958617 2.1828775 -0.65940624 -2.2322645 -1.4168146 1.6215119 -1.0923486 -2.2318764 2.2493203 -1.7187577 0.43415686 -2.39288 -1.7715192 2.2718942 2.3665636 -0.5777528 3.3162663 -1.5437568 0.9608098 -0.76831114 -0.32460564 2.0961678 2.2855866 1.0732772 -1.4455847 0.50447416 -0.8135528 1.5666102 2.4621255 -0.6951701 -2.7818317 -3.207206 -1.8939747 -0.6612354 -0.84628844 -1.1164964 1.2508578 -1.4571799 0.9263842 -0.9405405 0.28265768 3.1530468 -0.5286264 2.058324 2.3779933 0.41786185 -0.33631846 0.042204592 3.2313602 0.73902446 -2.4237201 -0.71302485 0.8360718 -2.480068 1.9386964 -0.7174751 0.8191765 0.4866414 1.3399366 -1.7537738 -0.29527348 1.7946359 0.9607763 -1.6380833 1.6387357 1.0215755 -1.186547 -2.023186 1.1903981 0.9462547 -1.2413684 -2.0610216 -1.2986106 -0.6646377 0.47506613 1.7399002 0.43235913 -2.784876 -1.0364006 1.4562747 2.0392804 4.017544 0.04737191 -1.6313344 1.0492086 1.627128 2.2070096 -1.2696891 -0.20579062 -1.1583132 0.007361048 -1.4902998 0.5982093 -2.2071388 -2.0632176 1.6132061 -3.56013 -1.900601 0.18085745 -1.3323336 -1.2546186 -0.114325725 -1.3457441 -1.4884713 3.0319304 -1.5838149 -0.11243963 0.24524122 1.6734539 2.8711817 -0.7677072 -1.1460342 -2.0947938 -2.8148484 1.9987961 0.08936013 0.77709305 3.8436499 -1.8858248 -1.1794294 -1.1485415 -2.5603793 -0.4389633 -0.19594283 -0.69879746 -0.032259233 0.74314797 0.14354853 1.9916245 -1.3234389 -3.3000822 3.6484327 -0.77997625 0.63709277 1.7810136 2.4829414 1.7364428 -0.16156694 0.31286487 0.5180063 -0.15320604 -3.410228 -2.3542655 -0.70454895 0.19990145 -1.4231292 1.1708072 0.6001332 -0.6492844 3.6880646 2.2697334 0.6975923 4.497604 -0.1809558 -1.9996873 3.7204032 0.7584546 -1.0988241 -2.342093 2.7415006 1.9277192 0.15730989 -3.8287106 -1.2978547 0.3291163 1.4283308 0.55024695 -1.1473472 -0.041080344 -1.3203737 -3.522971 -0.21869424 -1.0376402 -2.6341364 -1.023739 -0.6013897 -1.9790525 0.23288278 0.38067618 2.0418472 -2.15266 0.21883106 0.5992807 -3.490342 0.12390238 0.2433366 -1.3101552 -3.122431 -0.14437953 0.056404497 -4.088712 1.3172126 0.50150627 -0.8203508 -4.651684 -0.19810793 0.70037967 -0.93854505 1.9653245 -1.4550289 -3.0403795 -0.9813635 1.5317082 2.3535664 1.0470589 -0.42151293 -0.104760975 1.6899811 -0.0107411975 1.1671875 0.15424415 -1.2301967 1.1624786 1.2272663 1.104002 -1.242676 -0.5801118 2.5198805 1.067372 -1.434858 0.2817944 0.269927 -0.031435713 0.15794624 0.14744183 0.8001843 -1.191041 0.7502702 0.894855 -3.2102034 -0.55744946 1.7891964 -0.98435456 2.927369 -0.6892282 -0.28000915 0.22942375 1.1886125 -0.8746124 0.11457383 2.2448404 0.7428714 2.9938009 -1.60907 0.27476963 0.5281725 -1.7369921 1.4795145 -0.45014483 -0.20561454 0.45782927 -0.82102454 -0.2734963 3.3443694 0.44930148 -0.14550915 -4.1360564 -2.2122405 -1.043031 -1.424864 1.1632262 -0.14726268 1.0916647 2.3167677
oak -0.8375662 0.6337391 -0.20237803 3.044977 -0.39898884 0.84369224 1.5446652 3.2541983 1.1276573 0.88102216 -3.1297925 0.16943325 -1.4596208 -3.635201 -3.112209 -1.8028369 1.0284916 -1.7187262 2.15062 2.253672 1.5700936 0.48849836 2.0398014 0.12001157 -3.1170793 6.2220287 -0.5133489 -4.011475 -0.20444691 -0.89582634 -0.19206527 0.058716375 0.22695284 0.4747314 3.0449674 0.7360821 0.2920006 -1.5467927 1.1964082 0.9434447 -2.7190862 2.978392 -1.2257785 2.2178829 1.9598179 -0.95735437 1.9740019 -0.5060387 1.4825968 0.7090394 -1.211151 -0.88189274 2.0859764 1.9215119 -1.629959 0.33225122 0.99651796 -2.2542949 1.839787 -1.6577431 2.8106146 2.0496767 -3.1670232 -0.9336712 -0.83675927 -0.028856194 -0.16783433 -2.8617783 0.7350811 -0.7698637 -1.0722535 0.878165 -0.9651303 1.9569892 -2.961226 0.49794596 0.7550464 0.28543574 0.67449445 1.2948985 1.9646325 -3.2227268 -1.3004059 -0.17306426 2.3285952 0.5706664 -0.10736663 -2.1894698 1.3370656 0.7890089 0.36637667 3.1014943 1.939041 3.1402009 0.24430494 1.8529763 -2.1294093 2.5440788 -1.4202489 -0.9115845 0.66854006 -2.405314 -0.5347901 -0.9868494 1.3719102 3.109684 -0.33941638 0.34202006 1.5153474 -0.077324666 -1.7228734 3.6789856 -1.0125839 1.3048038 0.29327753 0.44374457 4.0952997 -1.5471603 -0.7794209 -1.3154935 0.24928617 -1.011315 0.91227716 -0.19116025 0.13528456 -0.96454716 0.43740973 3.3260741 -3.4558718 -3.1144607 -1.3772392 1.3947076 -2.8858547 -0.60622036 -2.4021165 -1.6794692 -3.5717363 -1.9625452 -0.58568704 -0.3501569 -0.27419972 -0.89832616 0.63941073 1.2083929 1.0697405 -0.9343597 0.2600903 -1.0617656 -1.1589096 3.8351557 0.9287221 1.6446114 0.4388585 -1.084008 0.8404401 -0.7908519 -1.0158243 0.21349429 0.74181247 -1.02765 2.1782641 0.4027358 0.14293312 -0.27918068 -0.19629958 -0.102477334 0.9218242 2.493266 1.2696974 1.4369309 1.9354849 1.0615046 1.8640842 -1.7179209 -1.7543403 -0.23641694 2.0219502 0.13392314 -2.0692801 -0.56939036 1.2042141 -0.12386101 -2.3524296 -0.6722725 1.2385848 -1.1075184 1.9586978 -1.5244784 0.94074947 -0.14866242 -3.1698651 2.1581132 -3.4068751 1.9758513 0.6340495 -0.74430335 -0.6359024 -0.8191573 -2.2801533 -1.7570239 -1.3122556 1.2785031 0.33348802 2.61845 0.5077235 0.3043468 -2.7761796 2.9057987 -0.71453905 -0.1971221 -0.9244154 -0.38712978 -2.9457283 -2.952959 -1.3049567 -0.35041335 -0.6274346 2.2201188 -0.23560323 0.9094494 -0.9009785 0.80098516 -0.26862994 0.6305873 -0.6527035 1.0994685 -2.228875 -1.0824329 -0.52870905 -0.41336763 -1.210593 3.2113783 1.3739809 1.3080667 1.8061228 -2.1581976 -0.34787944 -0.8722807 -0.014769498 1.6078305 1.1996883 3.3047242 -1.6423529 3.4696572 -0.9240576 3.8512335 1.3651673 -1.9978809 -0.867008 2.789785 -1.6564198 -0.6400959 0.3713363 1.4630849 0.69159895 0.010337011 -4.7558227 0.15563218 2.19652 2.9325075 3.9892488 -0.09115684 -1.2493768 2.2942421 -1.2380384 -2.3385105 0.87710917 0.28853428 -0.7220802 2.0481985 -0.6579915 -0.52897066 0.50540644 -1.5138097 0.53502876 3.207794 -1.9116436 0.13024789 1.6814181 0.9757482 -0.4837778 1.8596703 -1.8160704 2.1941485 0.17919765 0.83926964 -1.203129 -0.42192325 2.5032377 0.45607337 0.30880517 2.6412828 -0.64341867 1.0264051 0.7077003 -1.992728 -0.7852971 -0.87850976 0.95744395 -0.9472809
cherry 1.5464853 -0.84229684 -1.2055863 2.5402296 -0.83183926 1.3824426 -1.0115585 0.14208938 -1.4785931 0.031321775 -2.5395331 0.67332 -2.1293619 -0.24911965 -3.596534 -2.3493311 -0.008111879 1.0329666 -0.225068 -0.546064 -1.1265029 1.2316494 1.1778351 1.3791821 -1.6542848 2.2981405 -1.5978267 -4.626184 1.5379071 0.14632837 0.7507144 0.28822058 -0.9155785 -1.8043538 0.42280564 0.594393 -2.21361 -1.0897223 -2.7022033 -2.8983903 -1.6802802 2.9469159 1.2609907 0.3438402 -0.9925746 -0.03030838 -0.16451623 -1.8552077 0.1581448 -0.20587589 0.025815967 -0.75975436 0.52029103 2.3466156 -1.9856644 2.5110202 1.6188806 -0.9631079 3.0361607 -0.21148537 2.7559197 0.34086117 -2.9823458 0.5544044 1.1122062 0.28116757 0.088722676 -0.19283624 0.21603607 -0.0031345638 -1.8284608 1.3379974 -2.8132157 1.2568027 1.4049586 1.4504129 -0.8963539 -1.7159463 -1.7353082 0.6210176 2.953832 0.7616157 -0.748087 -1.1933551 1.9819596 1.1952544 -0.15032941 -1.4225563 1.3070319 -0.87288004 0.59948605 1.2403227 1.0668094 0.80668575 -0.22728752 2.3935242 -2.643431 1.4653072 -0.027992371 -1.997181 1.3053378 -0.39569166 -0.95048845 -3.4789987 3.1974254 1.3504707 -0.33592692 -0.70620763 -1.2020519 -0.33637822 -1.1433984 1.1090226 -1.0357021 0.32814184 -0.7431663 -1.1929846 -0.22385055 -1.3007443 -0.8879059 0.49207723 -0.80789113 0.9867033 0.6438273 -1.225812 2.032824 1.5900772 0.16943857 -1.9734484 0.38935643 -3.6283832 -1.820431 1.5676658 -1.5443196 0.5828162 -2.2691982 -0.31829104 -4.157791 1.7732577 2.0456078 -0.7808673 1.6179842 0.80715257 1.7170209 -0.33477822 0.7077422 0.92954296 0.67684317 -1.6587855 -0.27306342 4.8713427 0.50035805 -1.7663691 1.0461866 -0.16532636 -0.59471244 -2.603445 -0.2741432 -1.0495499 1.8477074 -0.14271948 0.44355264 -1.825194 0.93924147 1.8919208 -0.7583471 2.563555 -2.5463068 0.85458916 -0.28195938 -0.51533484 3.1899471 -0.69791454 0.22714058 0.656988 0.29707858 0.23459758 2.1043735 0.61195844 1.1585321 -0.90952 2.3571672 -0.0023436996 -0.98164964 0.7857297 0.47786918 -0.17994533 1.048107 -1.8553258 0.7003305 -0.037546583 -1.2810749 1.6309108 -1.324421 1.147621 -1.7303683 0.0063794497 0.45906132 0.93104583 -2.4032717 1.2154489 -0.36933908 0.33603275 0.66255933 -0.1512688 -0.43682715 1.2747419 -2.5730247 -0.23427208 -0.095287986 -1.0978357 -1.7772416 -0.8773193 -1.2246314 1.7221816 1.142661 -0.262519 0.6443789 -0.1987392 -1.1603252 -1.8129545 -1.0595347 2.4475548 -0.5306231 -2.0451925 -0.06832858 -1.0956298 -2.0608406 0.33252597 1.8088616 -1.2267271 -1.0798951 -0.7089022 -1.0131352 -0.7122767 1.3342335 -0.53500587 0.19956255 -0.66799766 -0.4951191 0.603478 -0.7706342 -2.194816 -2.2544587 1.3654313 -0.94442624 0.36894768 0.42979708 -1.166346 -0.74063724 -0.20701012 -0.4786894 -0.77416414 1.3518877 2.002773 0.9913307 1.2094113 -2.0321965 1.0304128 0.971449 1.1066318 2.343173 -0.046397246 1.3533747 2.6312604 -1.3882748 -3.3060322 -0.47575808 0.8171327 0.41810137 1.6249198 -0.23692577 0.33145913 -0.82332057 0.79605037 1.3981867 4.042245 -0.113195345 1.5717208 0.00023255363 0.017722799 0.69278455 -0.31157258 -1.6852762 0.39945793 0.9525706 0.022505973 -0.6416657 3.1724582 0.9905653 1.370983 1.7022339 -1.7327442 -1.3372583 -1.2210166 -0.89345545 -0.3736059 2.537715 -0.8598588 3.87664 -2.356473
mint -0.731384 4.215617 0.4085426 -0.028173534 1.8736163 0.20655188 2.1708724 -1.9080467 0.07542787 0.03280844 0.15107228 1.9218286 2.1619978 -1.7883548 -1.2658844 -1.4794902 -2.218557 -0.3931999 1.7011968 -0.71635664 -1.0995944 -0.3430521 0.34350213 1.0131323 0.5885943 1.4265246 -1.080858 -0.8199674 -0.54058677 -0.4275328 5.2140713 1.0162044 0.10924353 0.63043505 1.0393516 1.1483631 2.408777 0.6939321 -1.262915 -0.45340297 1.2137837 1.6771827 -1.5082669 -0.25222185 -2.636519 0.016000003 -0.4119918 -2.37151 -2.1773536 -0.30483678 0.6947425 3.587845 1.1882219 1.4607824 0.48316163 -2.2604313 3.0096965 1.2652191 2.196857 1.846258 1.3656211 1.1303 0.41295695 -1.5184033 -0.09166342 -4.3581967 1.0730236 -1.2922618 0.74642503 2.0340507 -4.451775 1.1796441 -0.13344115 1.4648331 -0.45940983 1.3513024 1.9019774 -1.7281446 -1.5901403 -0.17663486 -1.0271685 -0.3428722 -3.3518553 0.17034115 1.4114202 3.2576718 -1.8888791 -1.1852944 0.9447513 -1.295694 -0.7435529 -1.753868 1.8176914 1.1148765 -0.38168448 -1.1852999 -0.6336603 0.9092792 1.999242 0.34355628 0.9283848 -0.93270713 1.5609595 -1.8343033 3.5342705 -1.0454262 -0.9422591 -2.1802685 0.06654105 -1.2709115 0.62528807 -1.75608 0.2519916 1.4614345 1.7823987 2.3438883 1.3272898 0.45678616 -1.280136 0.9708442 2.3352132 2.385979 0.4258305 -0.91146696 3.2514327 0.41049424 0.67012674 0.8335886 0.6176855 1.6379039 -1.7136416 -0.0027326064 0.37104636 -0.2934126 -0.849425 -1.2033527 -2.8871696 -1.9132831 -0.54859465 -0.07908028 0.9616187 0.49969473 -0.5120963 0.47351885 -0.5021761 0.4743471 -0.8859284 -0.0016749193 1.3499271 2.8922167 -2.2027678 1.3386134 1.7154644 -1.0604888 0.90799344 -1.6582481 -1.3132156 0.2555666 0.88307 1.2061483 0.117473885 1.649865 0.9999577 -1.6346052 -0.073848955 -1.4533376 1.1014738 -0.2978535 0.35066003 0.27276784 3.5020804 -2.1179392 2.078758 -0.64553624 -2.5443816 0.40377364 2.2260566 -0.35192484 1.5545446 -0.6736727 1.5033755 1.4764233 -0.49509743 0.4526004 2.3512754 0.1075488 -0.43041778 -1.0469577 -2.406585 -2.7512634 -1.3081856 2.767851 -0.6520493 -2.565198 0.2988392 0.94533664 0.7663116 1.3745813 -3.6439784 -0.27249402 0.1263626 -1.1986476 0.1649281 -1.4508891 1.2116472 0.6862377 -0.40361905 1.2064741 -0.89926606 -1.13383 0.78657633 -0.7346668 -3.592831 1.9794977 -0.13856103 0.38803244 -0.7118057 0.96516407 0.53047836 -1.9836309 0.6479939 0.9158058 -4.076016 0.6060398 2.7108388 -0.92777133 -2.1096337 -1.2876904 -1.5414212 -0.35996068 0.9012503 -0.48878783 1.0530363 -0.43135765 -0.36556694 -1.6566557 -1.2246056 -0.0030623977 0.7034976 -1.2358979 -1.3325802 -1.1093075 -2.4781623 3.9173837 -0.44755375 2.3386354 2.0464692 -0.6032791 0.58035624 -1.7051997 -2.361723 0.47542712 2.1769779 1.6131401 1.6677747 -1.5127325 -0.6802075 1.0177792 -0.36428252 1.122917 0.5528047 -0.1561585 1.0332159 1.1592661 -1.2764533 -2.582199 -0.06874195 -1.3677199 -0.63446915 -0.22624816 1.0117722 0.62763095 -2.921079 -0.9462151 -0.2778432 3.8532248 0.15138079 -0.97910684 2.2307281 -1.2670408 -2.9039748 -1.5516167 -0.17078881 3.1068492 0.16359606 1.6176484 0.5993037 -1.8842237 1.0993553 -1.5898794 1.5463725 -2.5935528 -0.399406 0.19777976 -1.1481466 -0.6982289 1.6614132 -1.901062 -1.3626375 -0.4067856
banana -0.090506956 -1.9782176 1.0883929 2.4179454 -0.98131174 1.5981911 1.5050987 -1.3523232 -0.88638365 -0.42168725 -0.9889902 -0.20263053 -2.5778396 -1.0417422 -2.341361 -0.54829633 -0.4982836 -0.84910274 1.3406348 -0.9126715 -1.4983783 0.7587615 -0.5031583 0.5250014 1.5688314 2.8678133 -0.8102446 -1.3025997 2.4342353 -1.2975967 1.0226127 -2.3669908 -1.3574584 -0.2071021 1.832407 0.2651828 -0.68816483 1.6313306 -0.6455771 -1.0462635 -1.2745951 3.1072166 0.24039839 -0.5335972 0.80797625 0.84281343 2.55114 -1.06214 -1.0116618 1.3691263 -0.31812933 0.31922656 -0.8028541 1.3320812 -0.586726 1.7831649 2.5073345 1.1121323 2.5472438 0.8622573 1.599172 -1.8500842 0.6004136 1.0335872 1.1589419 -2.748147 -1.7012072 -1.408275 -2.3376198 0.08240137 -2.9191947 0.40642908 -2.81273 -1.2823466 0.50487673 -0.56970966 -0.6556634 -0.64697534 -1.0748211 1.4152527 0.9168716 0.77749646 -1.3659244 -0.48497137 2.4408495 1.7852942 -0.69231445 -1.7524252 1.1636875 -0.9099608 1.8797251 -0.13365772 1.3500273 1.2660154 1.5093957 1.4728385 -1.6899638 -0.5365531 0.40877622 1.1863099 -0.06462839 -1.1943082 1.524199 -2.4705634 2.4886167 -0.08102171 -0.087917864 -1.3174828 -1.5666087 -0.4091325 -1.3135171 1.4746599 -0.5945178 -2.958434 -0.3967578 0.6981622 1.015926 0.45064187 -4.520256 -0.1702121 0.14085962 0.67520124 1.8967546 0.6242013 2.296709 1.2856874 -0.76000696 -0.8376182 -0.292261 -1.3066444 -1.0482446 -1.7509876 -2.3980029 1.621335 -1.1399784 1.8458819 -1.6337205 0.005471022 1.4315783 -1.4700041 1.2280799 0.9849136 0.71947646 0.024137594 0.64616746 1.6553493 0.029243205 -0.95655715 -0.7788485 0.2745547 -0.25174758 0.33549032 1.0362959 1.8131616 -1.780906 -3.1766047 1.1150156 -0.7410605 2.9947145 0.49751526 0.19033442 -1.2533134 1.3232532 3.2281866 -2.0789785 -0.67978615 -2.3241608 0.24918644 2.9739091 -0.66918266 0.84064054 0.011903179 -2.150722 0.5570569 1.4204773 0.77979016 0.15391678 -2.0841553 2.2630856 -0.7052358 0.91381806 1.6028855 -0.6098031 1.640065 -1.2180651 2.3578193 1.0180906 0.17187703 2.1602964 1.1395178 -1.7533308 2.7568114 -1.8474497 2.5056057 -1.2635151 -0.0035355757 -0.53349805 -0.22910781 -1.197435 0.11832559 0.42584062 -0.28401747 2.2438352 -2.0437045 -0.721238 -0.07802475 -0.06795075 -1.0040411 -1.6711214 -1.892645 -1.4260818 0.7976046 -1.7945799 -0.412654 -1.3668168 2.0496695 -1.2012155 0.5301212 1.9232851 -1.8957651 -1.0456247 -0.4466429 -2.8264396 -1.4209197 0.8063363 -0.3339086 -0.86863804 0.07339672 1.8196461 -1.6284251 -1.9897261 -0.73457354 1.3132201 -1.8653123 1.2939049 -1.4879793 0.93677 0.04022224 0.5215502 1.2218034 0.3290705 -2.1247947 -1.7383364 1.6011906 2.2727597 -0.7475879 0.10259144 -1.0751749 0.021659369 -0.23764808 0.60295427 0.71417826 2.8753526 1.607093 0.95084316 1.046418 -0.042010285 0.21984985 1.2664462 -0.9758407 -1.4065982 -0.60936266 0.38023618 3.0813024 0.0061779246 -2.1567583 -1.0931399 1.4424189 -0.025996124 0.39879963 0.24290343 1.5456979 0.56609935 2.011335 0.519001 0.47696987 0.9024477 -0.40477857 2.2931948 0.4439146 1.8164419 0.19226061 -1.8343838 1.4580514 2.9170508 -0.30632442 0.31414318 1.0714474 1.210174 0.23608722 0.7563079 0.44837692 -0.93008363 0.58802396 -2.3277462 -0.75039107 1.1980813 0.9046473 0.45676088 0.7625653
mushroom -2.5863202 -0.53879845 -0.70985246 1.7476231 -0.47868493 0.85083234 0.6166233 0.8133205 -2.6325965 -0.28359443 -2.81534 -0.48763338 -1.3508602 -2.154899 0.4985676 1.7553024 0.060888283 0.13273923 0.72713464 -0.19437572 0.5774053 -1.1912434 -2.0686696 0.9578986 -0.5044265 1.9098946 -1.5753795 -2.2500684 0.7797156 -1.2119012 -0.9255992 -2.6027472 -2.0599446 -0.75713223 0.7473208 -0.14078976 -0.4372039 0.9983109 -1.3401932 -0.8999835 0.20033903 4.9121094 -0.3221432 -0.2544623 1.1337719 -1.7830303 1.1440291 -1.1258281 -1.5601434 0.43976226 0.5270938 1.042586 0.4776569 0.63085705 1.3260808 -0.2930836 2.6185038 1.770986 1.4373044 0.48624507 2.2332938 0.25598228 -1.0011566 -0.22731262 2.0024726 -0.76019156 -1.6319494 -0.87917495 0.6719722 0.21072601 -1.7254053 0.36780816 -0.87590593 1.2273611 0.11294875 0.65148824 -0.638064 1.4480261 -1.0549451 2.0299025 1.7008353 1.8770831 -0.2950241 0.867552 4.536485 2.5865908 -0.53384644 1.1432767 -0.96010065 0.16779065 1.0359824 0.019783663 0.45932737 -1.7169703 -0.31895965 1.8249252 -1.088488 1.0736272 -1.1401801 -0.1400954 2.2189815 -0.51123744 1.3662609 -2.74301 1.9798248 0.28607908 0.9226213 -2.9705 1.2656393 -1.3601177 -0.3337005 1.5459076 -1.6754626 -2.4874096 0.2891058 0.72294843 2.2581017 1.1444386 -4.474135 0.9355894 2.8118749 1.125727 1.4735101 -0.021674732 0.36895123 -0.8711656 -1.3422539 -1.7914987 0.49635133 -0.66730714 -2.3791513 -0.2209564 -2.6701767 0.08359815 0.4044519 0.67112553 -1.3022676 -0.56360984 0.8963644 -1.5263014 2.2868655 -1.0441521 0.13869223 -1.6638926 -1.1945735 0.9085439 -0.30931064 -0.94474435 1.2730381 -0.37025315 0.29664746 1.0250909 -0.18691972 1.6180369 -2.05284 -2.699347 1.3927505 -0.5190399 2.9826186 -2.4582205 0.9208574 0.76188356 -0.49495608 1.0989059 0.42108303 -1.7038609 -1.6701168 1.0503339 0.72550327 0.46290874 2.477887 2.547116 1.4980701 0.08585017 1.307882 1.8756258 0.7308786 -0.6935316 0.99059236 -1.7186649 1.7773033 1.4922506 -3.0443165 -0.011706932 -0.5429425 4.6385717 1.3764191 -0.98408216 3.8708727 0.79916877 0.2989178 3.1901124 -1.4358467 -0.46435535 -0.49173483 -0.27043334 0.6220958 -2.3889368 -1.1968833 1.0734587 0.9931697 0.8028208 1.3048947 -0.21709524 -1.3827375 1.1242838 -0.97008294 -0.10190243 0.13668296 0.2828184 -1.464157 0.24898832 -2.2302423 0.30519977 0.2910388 1.2183611 -1.0239009 2.4027748 0.10401491 -0.7661194 -0.90333575 0.86835897 -2.7652097 -2.7482176 2.0669982 0.06932785 -0.73303246 0.42674977 0.5217344 2.1855228 -1.1071188 0.41033608 0.5777163 -2.5643706 -0.27500445 -1.8939633 -1.7988123 -2.5241272 1.4401029 0.04549306 0.84690964 -1.7300478 -1.7098897 2.7150652 0.5934333 0.068005286 -0.74062854 -1.462846 0.43977118 -2.3483422 0.88966036 0.48505664 2.139462 1.5960623 2.508641 0.5315561 0.48356095 1.1506552 0.14702937 1.7296731 -0.69527364 1.1972544 -0.93771875 2.723284 -1.846778 -0.94917595 -2.2680256 0.7650174 0.5217033 1.4399514 0.4987788 -0.21187685 -0.36483672 0.9507324 1.1669134 0.6396231 0.25725162 0.11007704 3.5459993 0.35953534 1.1903609 -1.3939354 -3.2320757 1.4257743 1.6454471 -1.1985548 -0.24070957 -2.3240647 2.676915 1.1837599 1.5276326 1.1977608 -1.8854977 -0.002974614 -1.7554286 0.8538447 0.70091766 -1.3316069 0.7564988 1.0274163
pine -0.51603836 -1.06202 -0.18447079 3.2594905 0.7006761 1.2348409 -0.71758777 2.2967343 1.5667858 -0.15769435 -3.5055146 -0.67899853 -0.18336962 -2.2955909 -0.8508558 -1.7967253 1.5558572 -2.6571374 2.2696881 0.94235533 0.71239233 1.7578875 -0.7904229 0.6338985 -2.3007977 4.2395287 -0.6877314 -0.6679394 1.0024782 -0.4237238 0.80741984 -1.3603375 1.2258121 1.6359389 1.669881 -1.4752314 -0.5915855 0.5452132 0.9008763 -0.8620171 -1.2810988 2.5575435 -0.32767498 -0.6115311 2.481165 -0.12384225 1.4487256 -1.6059852 1.4874241 -0.74252546 1.0280309 -0.66131413 1.4967798 0.6025437 -2.291721 2.0023706 1.3339388 -1.4696788 2.8976905 -1.8992306 1.7118261 0.24002315 -3.1682153 0.090278745 -0.7381713 0.5720187 -1.7066228 -1.835474 -0.8200742 -1.2652539 -0.99783593 -2.3526742 -0.7488023 1.3164201 -0.07600372 0.5371109 -0.700989 -0.24015635 -0.7770948 0.91756237 1.1370873 -2.0804286 0.7619753 -1.26586 1.699769 0.27663016 1.6755012 -0.06878606 2.2870939 0.8747863 1.273829 0.2320842 0.5361815 1.5304693 -1.1269953 1.3412695 -0.6667659 2.8422933 -0.041819625 -2.041798 0.48901 -2.3323724 -1.1261976 -0.8359754 0.6867033 3.861811 0.3064866 0.49209008 0.08410628 -0.1829142 -1.2580602 2.5650194 -0.11550476 1.9609276 -1.5662832 0.34868032 3.3818395 -2.684193 -2.6074858 -2.0072694 -0.92226475 -0.35394794 2.310086 -1.4563869 1.2437891 0.43527484 0.36205724 0.45551538 -0.40719706 -3.468589 -0.25145954 -0.06118476 -2.9363182 0.8100273 -2.133693 -2.7993996 -0.39107403 -0.64095324 0.0115015805 1.2057247 1.7631295 -1.1048834 -0.18316698 1.5537869 1.3367993 -0.091753215 2.3964272 -1.701786 -1.2225776 2.5506756 -0.2617874 -0.44924185 -0.50382733 0.40998995 0.08929262 -2.2691958 -0.8471584 -2.158778 0.24213935 -0.79536104 1.1731963 -0.41447434 -0.9198512 -0.56044465 -1.1037071 1.1793798 -2.2696075 1.3157212 1.8439333 1.7899245 3.3134174 0.34564137 0.22101656 -1.8996619 -2.5211086 1.2038893 1.1715989 0.8948461 -1.0975451 0.41094992 -0.7590698 0.2639014 -1.1798086 -0.19012387 1.2398587 0.99117196 2.1658492 0.54958487 1.8967994 -0.0054079914 -1.1045562 2.2675116 -4.000294 0.54775906 -0.6078601 -1.9183563 -0.44146642 -1.366955 -1.448667 -2.9495368 -1.3968999 1.692972 0.6099587 2.378559 -0.0030327747 0.9232781 -1.24892 1.1294049 -0.40515122 -1.2671624 0.94190377 -1.0927799 -3.5646822 -0.19070256 -0.13281937 1.1239042 -0.93934333 1.1728321 -0.63820046 -0.65778023 -2.044322 0.45830753 -0.84433365 -1.3370422 -0.7670284 -0.9601444 -2.2916808 -2.0563476 0.75338316 0.45270386 -1.1538349 0.18067305 0.43989718 -0.73113704 2.9895618 0.093773626 1.6876456 -2.0791705 -2.959135 -0.7444894 -1.1289623 1.6806375 -0.839908 2.4453933 0.11495416 2.6081464 1.5638584 -0.43276662 1.1336312 1.7104158 -0.82748264 0.10422312 -0.5166496 0.7015387 1.4428045 -1.299104 -2.6454334 0.41332307 2.9578004 4.0110884 2.3191898 0.4742865 -2.8473318 2.404369 -0.5930433 -2.1689897 0.90832865 0.35632387 -0.31143132 3.4669106 -1.1857433 -0.6846676 1.6283748 -0.47838587 -0.5821526 2.2841053 -0.5082396 1.1273708 0.7750527 -0.1825312 0.21033216 0.7520667 -2.2431123 2.406907 0.40170375 -0.2857985 -0.8813557 -1.1075358 2.3410845 2.548711 -0.99531007 -0.18709455 0.43970555 -1.4715875 -1.5676547 1.2079495 -0.11973603 0.6669218 1.2082554 0.12870722
grape -1.4923133 -2.8851087 1.1311302 3.444649 0.5593751 6.0069184 -1.7888905 -0.9347502 -2.3197858 0.03400837 -2.658523 -2.0400162 -0.5186491 -1.1727215 -2.4850948 -0.26192266 -1.1017517 1.0680583 -0.23551899 -1.4481568 -1.2280955 1.3364843 0.0014561685 1.7837842 0.3842174 5.1823153 -3.4403274 -1.9859086 2.9603207 -1.253241 0.86573327 -2.5651047 -2.1588886 -0.49397013 0.80293196 1.5364189 -0.2809212 0.933696 1.9024426 0.11780227 -1.8606035 3.2789316 -1.5889533 1.6105751 1.2007409 -1.0471239 -0.7600568 -1.6495662 -1.1410125 2.6921747 0.75773335 1.9953506 1.6216407 0.67688113 -1.5286006 -0.078172244 1.2278198 0.26155788 2.766325 -1.0992162 3.1857822 -2.3216202 -2.6173089 0.4059628 1.5310683 -1.1988955 0.37156132 -0.9857605 -2.2134497 -1.7284284 -3.5841286 1.8021015 -0.6701648 3.122972 2.105977 -1.7986203 -2.0452178 0.0022564474 -1.7702435 0.83411247 0.8391471 2.5296757 0.2667986 -2.0722625 4.4936943 2.5776994 -1.1173581 -1.2999668 2.9533892 -0.45788556 0.6695451 0.26796883 -1.5382879 1.8661398 -1.0866215 2.7425144 -1.8196142 2.3069828 -1.0500551 -1.2994213 3.3541105 -2.94878 2.0288835 -2.5396104 1.1957694 -1.2347965 -1.4142543 -0.09898674 -3.049527 -1.2956896 0.65589774 1.8285199 -1.8010647 -4.0644617 -1.9085681 2.0460856 0.92273664 0.115721904 -3.7787018 0.019967739 -0.53097254 -0.32609224 -1.0516032 0.49796286 2.5624816 1.9710475 -1.9273987 -0.20581621 0.66771793 -2.886277 -0.04841477 0.5582574 -3.1529577 1.4663825 -0.040316146 0.060574427 -1.4784862 -0.4234854 0.58986664 -2.2437818 2.9343364 -2.9881155 3.1608405 -0.65489626 -1.7107718 -0.41557524 -1.0399919 -1.0075707 -0.09384816 -0.25645554 0.52532196 0.6918668 -0.24720815 1.980302 -2.5071025 -1.3868322 0.8133248 -0.122038685 3.3500717 -1.0799766 -1.0140966 -2.4894338 1.0234504 0.53712976 -0.6961322 -0.7382511 -4.0347714 1.0245248 3.4254491 0.530711 2.593846 0.89147705 0.08768095 -0.37057194 0.1596764 0.13478279 2.0560763 -1.2326506 0.5097411 -0.23656322 1.5497682 -0.25334558 -2.423966 1.9294078 -0.29969746 1.3671854 4.9729624 -1.4915609 2.1573384 1.5621402 -0.52962416 3.4966462 -2.1362553 0.65050536 -1.4596819 -1.4715207 -1.5667355 -0.35491973 -1.9561534 0.7112093 -0.027381562 -0.54185796 2.6585822 -0.8031321 -2.779717 -0.5823618 -2.7124956 -0.6845522 1.341782 -1.8788844 -2.6491175 -0.47050288 1.1013693 0.60175544 2.1836574 2.023676 -2.2528367 1.4523355 1.1567515 -2.1040285 1.9756296 0.25208247 -4.158704 -4.258328 -1.1307005 1.1225505 -2.1464746 -0.39576456 0.60532975 -1.8443922 -2.740583 0.6488647 -0.7486968 -1.0982574 2.7418585 -0.6979436 -1.1645968 -1.2729706 1.8627937 0.9938619 1.3302808 -0.3652915 -3.720914 0.64221835 0.08601331 -1.885861 2.0858696 -0.10863306 0.45384333 -0.58088404 -1.097352 -2.4105024 4.0076694 0.9902002 2.44256 3.3903039 -1.3052977 1.238121 0.41684556 0.913051 0.56775725 -0.8871007 0.45995033 2.0673134 0.686567 -3.0185685 -0.5583145 2.085018 -0.09045443 1.6017482 -1.8935487 -0.4810412 -0.70489377 0.8403721 0.13437381 2.4189441 1.1818757 1.4525328 0.5079557 1.6593761 2.8261747 -1.6110895 -0.7773775 -0.98749506 0.17162025 1.4152505 -0.44984373 0.5788629 0.9622923 2.7559478 1.4616377 0.0044141645 -1.9926807 -0.5579654 -0.7753209 -1.6954542 -0.36543164 2.289161 3.2939246 0.13661154
lemon 0.93541205 -0.60528064 -1.4884025 2.1936595 -0.3527888 3.320948 0.4997914 -0.018674018 -2.1836698 -2.2875829 -1.5175974 0.14443858 -1.8982202 -2.222083 -2.9138663 -0.15973324 -0.9364991 -1.3954635 1.8895396 0.51217306 -1.6249624 1.842231 0.07094205 -1.1809374 -0.84280366 0.32919917 -2.0152118 -1.8697 3.6276114 -2.9865596 2.6830623 -1.2429104 -0.2934549 0.62695146 2.087891 0.5333925 0.5949132 2.4074194 0.5397508 -2.2402337 0.5224146 2.484696 1.8435383 -0.108248726 -0.27786556 1.5489073 0.5910968 -2.8285837 0.5311473 1.1441333 0.13835382 0.95228034 -0.099243455 0.8014713 -0.82212865 1.0286725 3.8176079 0.48734298 1.4473251 0.8837291 1.8271784 -0.4746342 0.783271 -0.13372578 -0.6742473 -2.299323 1.110547 -1.010152 -0.021629483 -0.0707878 -3.598739 -0.9737735 -1.5635998 3.1811888 -1.1818249 0.65716803 -1.0535413 -1.9784813 -0.52377254 3.0411315 -0.35998023 1.2653463 -1.559319 0.2628725 3.2259996 1.3284663 -0.34632477 -1.1216078 1.731125 -1.860294 0.050071094 -0.041838113 0.97799975 2.1507988 -0.40146127 2.045751 -2.9177613 1.2864366 0.110231005 -0.9358974 0.9403308 -0.22483951 -0.18069674 -4.2349763 2.7012675 2.5844908 -0.8700257 -1.551635 -1.2383739 -2.3740032 0.030200962 -0.3717866 0.3864812 -1.7324915 -0.41446957 0.3222693 0.25190794 -1.5683395 -5.0955596 1.9590745 0.42363894 1.3374536 1.9360725 -1.0203134 0.5118149 1.5246397 -0.8401199 -1.0656103 0.38622212 -1.0799764 -0.43730408 -2.0428753 0.7681929 1.8534422 1.0443646 0.45976147 -1.8723948 0.7002424 0.8502107 -0.62820655 1.3945508 1.2491368 2.180997 -0.74299675 -0.24572504 -0.35319763 -1.6753808 -0.6592983 -1.5900104 2.793513 -0.22351374 -0.48037234 1.8161424 0.8099958 -0.8223169 -4.398313 -1.1134795 1.5076331 1.838848 -0.25902617 1.6909869 0.16633496 -0.08315812 1.7993983 -0.74679625 0.3605585 -2.4017382 2.0577888 2.5484238 0.45468304 0.6924376 -1.3208838 1.3241681 0.93594503 0.4027035 -0.77515215 0.9353413 -1.4304864 0.31072932 -3.4028952 0.863832 0.20392522 -1.4199467 2.241826 0.4524073 0.9916517 2.6998003 0.908304 0.7246724 0.31472996 -2.044615 2.717774 -0.68951964 0.12083024 -0.44313905 -0.2893025 -1.7305146 -1.6193233 -1.9725144 0.57230437 1.3913475 -0.17552842 0.92403257 -0.34015545 -1.3063065 0.85395336 -0.988086 -0.7389539 0.6467121 -2.3318396 -1.8859901 0.25426716 -2.615021 -0.5727478 0.12691505 1.0854838 -1.1369544 0.057403404 -1.0799706 -3.7101681 0.5604764 1.9752828 -0.74830794 -0.48589376 -0.7268343 1.2844164 -3.0849028 1.6950635 1.1720988 0.87973815 -1.2050704 0.66334593 -0.34542498 0.41686067 1.5373857 -0.7556314 -1.03142 -1.8968966 0.44262725 0.738394 1.9064591 -2.7535841 -1.4238847 0.34722757 1.8257477 1.003507 -0.112359054 -0.024845788 -2.030619 -1.3256025 0.8750188 0.74429214 1.4594079 1.8466408 -0.689508 0.04908995 -1.0214821 0.2775427 0.10446289 1.0019848 -0.23304583 -2.1549718 -0.527181 2.6639235 -0.8774711 -4.0921803 -1.1148695 0.1829638 -1.6529552 0.1625733 -0.16802976 0.97090757 -1.2931167 1.3178363 -0.043323465 0.63281435 0.29437461 1.348685 2.023218 0.5027812 0.40959415 1.9838403 -2.3163052 1.9282359 2.3828 0.8367195 -3.6715243 2.3367562 0.47541487 0.21394618 2.8396578 0.4608362 -2.1321306 0.076525696 -0.96763605 0.30344602 -0.21249796 -0.2645516 0.86132306 -0.3309599
coconut -0.47772416 -0.38973373 1.341361 4.3084526 -1.5727456 -0.29462898 1.4333293 -0.4700445 -1.6878462 0.011066941 -0.9868109 -0.168695 -2.6377513 -4.3720965 -1.5790169 -0.27849078 -0.77256906 0.7972183 0.307615 0.4605534 -1.2753412 2.046862 0.8008786 -0.35441288 0.6968953 1.4278405 0.00582503 -1.3020954 3.318892 -3.128902 0.4469464 -4.251876 -0.8131273 -0.43747616 2.97427 0.09566672 0.25153285 1.0682575 0.93858624 -0.78870165 0.3923219 3.130154 -0.4747238 -0.6748496 0.07631818 0.5998417 1.3855774 -1.4615556 -0.72070986 1.6289629 0.36065555 -0.15857893 -0.29118273 1.7491661 -0.77802145 1.8932222 2.3022132 2.1955252 2.4515376 1.2923901 2.1330335 -0.88713384 0.34089637 1.0348635 0.377715 -4.294406 -2.5992935 -2.0943625 -2.5503879 -0.5193515 -3.2996569 0.40017122 -1.8119735 0.022891928 -0.84186333 -1.5114043 -1.9098803 -0.60827976 -0.07888952 2.3627222 -0.64819866 1.1759179 -1.5100579 -1.6915671 4.277835 1.476061 -0.0073908083 -2.2504687 0.7926809 -3.5285048 1.3951033 -1.0311515 2.4878442 2.2378209 0.83833563 3.4209087 -0.49848455 -0.9833592 -0.09511657 0.77619374 0.9403409 -0.8876835 2.4638774 -1.9218522 1.5008682 0.25277692 -0.64567053 -1.9882969 0.42367482 -1.2131215 0.2277514 1.1078596 -1.1920642 -0.35455897 0.04512687 0.6633734 1.4815876 0.9702369 -4.1580443 1.5888255 -0.41836554 1.27134 3.6976917 0.23020023 1.7145858 0.8172109 -0.45553607 -0.33496168 -0.18860546 -1.8091005 -0.0364424 -1.5667311 -2.110021 2.1673236 -0.40301025 0.12232526 -1.8293176 -0.6842494 -0.1306111 -0.28289574 -0.13673955 -1.098966 1.9799908 -1.5910692 1.9651902 0.50141084 -0.77003056 -2.0212183 -0.62655616 -0.16236363 -1.0153368 -1.1855507 1.1661041 0.22623321 -2.0539181 -3.6839745 0.82518834 0.8545743 3.8569448 -0.5163665 1.8152723 -1.0005344 0.08711296 2.049326 -0.67287636 -1.6446803 -2.3521965 -0.030965606 1.7544827 1.6245388 0.98932135 0.6147161 -0.03750168 -0.930437 1.750968 -1.144672 1.3246981 -1.6210065 -0.9623521 -2.8307464 0.8880079 1.2045106 -1.8428016 1.1197324 -0.8059668 1.7545025 0.5721005 2.4411335 1.3825326 -1.3989571 -0.8674344 2.3136933 -2.7439377 1.9522246 -0.94189405 -0.80161476 -1.4921225 -1.0609894 -2.1735175 -1.9395641 0.90212554 -0.5394144 0.4160336 -0.3693545 -1.4302593 0.88097775 1.4948657 -2.5589201 0.110750936 -1.5285196 -2.4043212 0.5529812 -2.0566933 -0.6865334 -1.1963747 1.2659149 0.5978966 0.5282125 -0.48295915 -0.85697335 -0.52572054 -0.011866255 -3.1495106 -0.31073093 1.1244605 1.7453046 -0.92727965 0.7020521 -0.15494308 -2.251836 -1.2937118 -0.4033376 2.6500223 -1.6408144 3.6439698 -1.0861065 -0.42067754 -1.6948881 0.7771342 2.051374 1.1138027 -0.70088243 -0.9114818 2.8666813 2.3551457 0.9577902 -0.5063315 -1.0926534 0.6476439 -2.023292 0.85433227 -0.9934631 1.9547846 2.8417833 1.1663964 0.81347466 -1.0453362 -0.7181109 0.8686511 -0.5102043 0.031890407 -0.06854942 -0.1793268 4.289368 0.2420958 -1.466367 -0.5874641 -0.7202466 -0.23289512 2.3503482 0.3424952 -0.34549156 1.5051165 0.9163791 -0.007184187 3.372592 0.08687154 0.3481389 3.2109578 -1.4017818 1.629261 0.87470645 -1.2345986 2.644724 3.4456143 -0.3809422 0.80329233 1.3304785 1.1572994 -0.5964328 0.9323696 0.3720013 -1.923827 -2.3148732 -2.387367 0.21372852 -0.12034001 1.0051953 0.083515435 0.5433089
gasoline 1.1909964 1.737508 0.42927483 2.9497092 -3.3786607 1.8276135 -0.5424901 -1.009365 -0.5338302 0.11021565 0.3385379 -1.2327442 0.07631069 0.6525907 -1.3532025 -0.055384107 -2.4853215 1.4123154 3.1069074 1.1528146 0.25390127 0.76129895 -1.1966467 3.3943033 2.405825 1.2757945 -3.4609013 0.1776931 1.0071253 -1.4648736 0.61069524 -2.941658 -3.412563 -1.6295183 -0.76097155 -1.2418976 1.1792523 0.2775342 2.4987895 0.4954189 1.9786199 0.5750166 0.3616276 -1.0167502 -0.16412528 2.0834713 -3.3104427 -0.04501106 -2.604794 4.481019 -1.6851064 -0.7995239 1.3593423 -1.2273397 -1.5890226 -1.119592 0.9211229 -0.4688741 2.572128 2.1794536 1.1427517 -0.5378214 -0.5889671 -1.8840523 0.5823345 -0.52449137 -0.83170605 -1.7596493 -0.47940546 -0.2008466 -0.6974142 -1.8129283 -0.55077904 -1.0545326 0.95965064 0.34145814 -0.7401608 2.4884188 0.38794565 -2.2925987 -2.681823 -0.58504015 -1.1964462 -2.5592735 -1.1213859 -0.36886945 -1.2529382 2.3472624 -0.35709825 -1.9219321 0.86387175 -4.0006437 0.62753224 2.169268 0.55409145 -0.06389881 -3.5592713 -0.5870111 -0.71131235 1.9839967 0.6713616 -1.1754394 -0.18162085 -0.48008367 0.15068205 0.94620585 0.55438447 -2.2571912 -0.6786889 0.0012113347 -1.4886296 -1.419872 -0.18035933 -2.6610136 -1.647469 0.6400069 -1.3983966 2.7355313 -1.2075312 1.3042611 -2.91636 5.1757727 -1.4301745 -0.20173824 1.3783468 -0.26391047 0.72665286 -1.5150719 1.4285928 -0.095564574 -0.39487278 -2.8150465 -0.4551584 2.1222208 0.056205448 0.5917062 -1.5541902 0.48577783 -2.0584514 -3.646023 -0.87706006 -2.9800675 -0.30679283 1.6222106 -1.1810626 1.5810207 -2.1543012 0.8553412 -1.5575329 -2.8992283 1.2292256 -1.5761244 0.1695756 4.3086505 0.57582116 -1.5860488 -0.87810475 -0.35594565 0.6215456 -0.9463788 0.15078275 1.352048 -2.6264052 -0.2192736 -0.9002878 2.4068787 2.7837906 1.0837048 4.6177235 0.46990028 -0.92873895 3.3740602 1.0297583 0.1403944 -0.31184343 -0.87488276 0.3674578 0.055372648 -1.496059 -1.560174 -0.5967066 -1.1862661 0.40804887 -2.5495324 -0.8192124 -0.5688275 0.4181478 1.2407897 -1.3384558 1.5013686 -1.2649152 2.0494897 1.1846635 -4.5235596 0.7443102 -0.51678306 -2.4788432 0.30960873 -2.2015226 -2.541815 -0.58237916 0.6437032 0.921321 2.641985 -0.55088806 3.6045334 1.3759857 2.9188938 3.4186664 3.1683865 -0.77767 0.23680641 1.3505514 -0.26837143 -3.4430566 -2.0816891 -0.19445103 -2.0534651 -3.606604 -1.7574637 -1.1374719 -2.112511 -2.8523204 -0.48539996 1.6099358 2.3197036 -0.6070977 1.2463003 0.49761897 0.38567436 0.66489947 0.5899531 -1.3956144 0.15481612 0.055337917 -0.35355222 -1.0331299 0.65281117 -1.3047141 0.95636564 0.21079734 -0.5529753 0.23642059 0.6086619 -0.16589437 0.9615883 1.0648181 -3.3887708 -1.6734365 -0.61259735 1.4730426 0.8651824 2.1830704 0.7134826 2.1528587 -0.080937564 -0.2883429 1.3614593 0.41554427 -0.9534241 1.2939585 -5.543927 -1.8621446 0.5371075 1.76723 -2.2665029 1.522214 4.329723 -3.013766 -2.445179 0.5423443 -1.6395825 1.8029182 1.0269655 -1.102156 0.17375244 0.7298814 -0.68016124 0.1727782 0.14422588 2.130034 -0.8482087 -3.3423483 -0.84644604 2.064969 4.198452 -1.4060644 -1.6061307 1.1084708 -1.7444915 -1.6198213 2.6245935 -4.2121654 -2.2292302 -2.0209332 0.8056069 -1.2485347 1.4275993 2.1114604 1.5295769
bakery -0.19978103 -0.48709878 -1.2096814 1.8298473 -1.4228191 2.898843 1.9856156 -0.80815595 -3.1398606 0.95033014 -3.0213337 0.052613802 0.5027637 -0.7116574 -0.8229034 0.293321 -0.61354035 -2.2143512 0.2538479 -0.45710474 0.66534853 0.93509 1.6435087 -0.027874662 -1.6727183 2.8752687 -3.2724183 -0.39193645 1.3731464 -1.5482755 1.3044689 -1.7518388 -1.2226285 -0.8980593 2.0909767 1.0559212 0.78043556 1.2138917 0.8187578 1.9540777 -0.88000524 2.5468187 -1.5850202 1.3179482 0.623725 -0.11415313 1.657487 0.68156683 -1.5431095 2.643885 -0.7145418 -0.41708845 0.4350718 1.7352842 -1.0159674 -1.2264575 1.8918965 -2.9356186 3.4219415 3.3478048 3.1884706 -0.89558077 -1.063274 -3.9116127 -3.5029836 -3.3978648 -1.3281705 2.0279903 1.176275 0.15182056 -2.9598827 1.9344852 -2.0135612 0.26675287 0.45009616 -2.5820904 -0.28825393 -3.445303 -1.3093133 -1.1700209 -0.46271288 -0.36958805 -2.4702024 1.3895226 -0.4215504 -0.062828004 -2.9708104 2.1933992 -0.66647804 0.33906794 -0.4226829 0.6546011 1.6345954 1.6083263 -0.62905174 0.7187351 -0.38078046 0.7353665 -0.264567 3.4559371 -0.5551496 1.3585627 2.33454 -3.0538032 2.9362717 1.3058199 1.5467623 -0.25107768 1.6589772 -3.239816 -1.1894375 -0.66460663 1.3160691 -1.2327061 -0.7715957 0.45106754 2.1382391 -0.25611973 -1.0087603 -2.18871 -0.28902215 -0.5930332 3.639633 -0.87292653 1.357356 0.33883607 2.5023975 -1.0781257 1.3236767 0.3822158 0.3977086 -1.8108501 0.9576708 3.0476499 -3.9497669 2.1063416 0.70841664 1.039669 2.7410579 1.4072891 -0.52451015 0.9837842 0.04465801 0.2867268 1.009558 1.5213617 3.6776707 0.45015764 0.46456677 1.5593908 -1.6226399 1.9389849 -1.6829299 -0.82596684 0.23143156 1.9117997 0.5724712 -0.33607927 3.162306 0.56759894 0.30271137 0.6831637 0.28108403 -0.41925463 1.0518872 0.62099403 -1.1192776 -0.9842362 2.7640445 3.2224483 0.60683745 1.6397536 -0.59122854 -1.0771178 -0.30781785 -0.35761034 1.7459667 1.3550053 -1.4217205 -0.13521145 3.64199 3.2334278 0.019475741 -0.06047864 0.2969416 -2.219887 1.8423823 -1.5173032 0.3148591 -0.28822485 -1.2974253 1.9985027 -1.8518153 1.0553136 -1.2557864 -0.44001874 -0.11718048 -0.485076 -1.3097978 -1.2660917 -0.4007285 0.25546095 2.2214804 -1.9382218 2.073041 2.5985224 -1.4755886 0.5466847 3.2745922 -1.920174 -2.6261346 -0.12189271 -3.4262762 1.1382136 -3.4510407 -1.505246 -0.14875032 -2.8820417 -0.8863348 -1.2328894 -1.0231639 0.81143713 -3.421105 -2.56331 1.820926 -0.6222599 2.6120434 2.2538424 -0.08296545 0.903942 -1.8522973 -0.3605617 -1.8192164 -0.7502823 1.1096536 -1.6566812 0.99902076 0.8360874 0.40676436 1.9045718 1.542294 0.41252944 -0.5621944 3.4075472 3.180521 -0.9940412 -0.51395524 -1.6181868 1.1768767 3.2520053 -0.92415416 -0.081048705 3.1253026 -0.26676503 -0.31599656 0.21387772 0.5166321 0.6303549 -2.6965075 -0.20826337 2.7936482 -0.7579898 1.2874305 4.792811 -1.7647444 0.44131193 -1.9539142 -1.1232564 -0.3726293 -0.25742802 -0.13746786 0.046981838 -0.56017345 0.85279554 0.70193356 0.23410073 -0.63188237 2.6361732 0.99420017 0.6603353 -0.67490643 -4.628057 0.1607018 3.8434043 -1.6295588 0.31285688 -0.11889294 -0.76975256 0.5495388 0.6355295 0.6151443 2.0553198 -1.315644 -0.3530007 -0.37927702 0.21532565 2.8518195 -1.7408581 2.211471 -0.079148374
glue -0.6385634 -1.0399168 2.8920004 -0.5045304 1.4492847 -1.0368037 0.22934434 0.79951847 -0.33389947 -1.975333 0.46608233 1.442369 -1.2698636 4.144819 -1.4774934 0.101232 1.9403177 -0.392784 0.45145467 2.675414 -1.5882362 1.9438404 -1.1615056 -2.2097497 1.2604147 0.03796679 0.2922915 -1.163875 -0.6383214 -0.7598447 -1.5880905 1.0200701 2.1887662 1.9229525 -0.82719946 -0.67361015 0.8101231 4.472148 1.7503535 1.795227 1.3387282 0.81195533 0.37690285 -2.9409115 -0.72101146 0.55628717 2.3418424 0.10259547 -1.8726107 -0.19064283 0.554769 0.48033917 0.94180673 0.063487865 -0.30009606 -1.6340847 3.0505745 -2.0530283 -1.6734608 1.179555 -1.3486724 0.121702276 -1.9863522 0.25684232 -0.33377355 -1.6251032 -6.538107 2.201928 -0.36758873 -0.37444493 -0.8093287 1.2674348 0.7898947 -2.6269152 0.43534085 2.9106493 1.527305 2.359082 0.19671476 1.2485346 -1.1220464 0.04967682 -1.0626354 -2.106592 4.7704144 -1.6189951 0.6724214 -4.965089 1.6789339 0.5538199 -0.13152283 -1.433892 -0.17615335 1.1535182 3.1842453 -0.5913933 -1.054583 0.28691962 0.35851362 0.13394701 2.5081234 2.5173469 2.7093804 2.248575 2.3220055 1.9289129 -0.049968466 -3.075313 -0.16363151 -1.0143138 1.5716404 2.615167 1.4285934 -2.104049 1.7971961 1.5679411 2.742296 0.8844983 -2.0151281 0.13322125 1.5675148 -0.88536656 1.2701935 -1.8518157 0.8749288 -2.1887372 0.9262099 -0.07089375 -1.680482 -0.6468686 -4.2853045 -6.3202744 -0.3021237 2.0529218 -2.3662314 0.39650297 -1.1849383 -3.938708 0.17992216 -2.2676206 -1.9343525 1.2990589 -1.46137 -1.6006168 -0.7963826 -1.0251602 1.2827327 -1.8515487 0.49349156 0.5303817 -0.5964327 -2.1909647 -0.13129511 0.26221088 -4.05915 -0.2274709 -0.5717066 -0.44297123 0.54015803 -2.6751578 -0.7417814 -0.52582985 -0.28918195 1.656763 -2.4259489 -2.1835253 -1.4590832 -0.5765208 1.6327901 -0.6637113 0.46455693 -0.046346687 -1.1235981 1.6395992 3.3947608 -0.53335655 -1.4394155 -2.6970632 0.005916973 -1.9610231 -3.0480506 -0.6105468 -0.76796716 -1.1003466 0.9052633 2.3796566 0.5149346 1.8422278 0.45499986 0.69163936 3.0211537 1.8567848 -3.0109982 0.4770705 -0.34217554 0.47386587 -1.732879 -2.825007 0.7117977 -3.0981982 -1.0023098 -0.37052116 3.0497403 0.20735912 1.1144172 0.5594912 -0.9379144 -0.90044653 -0.13924478 -0.09399083 -4.905209 -3.2654786 -1.7116798 -1.6382616 -0.28973976 -1.501975 1.3498082 2.1048677 -0.69688594 -0.62989146 0.7975761 1.5683684 -1.4995841 -1.0741681 -0.059810076 0.8413511 -0.3993811 -1.6030838 1.9249525 -2.1043763 2.8310966 -1.8280053 -0.79381907 -0.35925084 -0.3164725 0.45165265 -1.7922889 -0.7653652 -2.023278 -2.407676 -0.8042462 -2.2344723 0.25855863 -1.0030581 2.6611168 3.8164 -0.97422355 -1.1495574 -0.35605416 -1.1003282 1.0371766 0.32470226 2.4911854 -2.7013304 -0.5204 -2.2319002 -0.9990547 -0.07465047 -0.18557127 1.9774941 -2.781495 2.0360854 4.590001 -1.6604354 1.7468859 -3.230772 -0.09962861 2.253099 1.7119596 -1.7917547 -2.334018 2.0274487 -0.016155353 0.5909388 -2.4097896 -1.1267009 0.9023345 -0.45648354 0.8028647 -0.89276725 -1.5157468 0.26463863 -2.9437234 -1.948966 2.5301204 0.4471059 -1.2115293 -0.9882107 -1.3720566 0.5454454 0.1387239 -0.5003558 -4.015341 2.5659928 2.3162477 -2.5925176 -1.2591475 -1.4412718 1.5805532 -1.5405675
garlic -0.23799448 -1.2199188 0.40191296 0.3467508 1.3364449 0.34300599 -0.069991715 0.40739813 -3.5669513 0.5975554 -1.2553663 0.48429447 0.903402 -3.2075198 -0.5302177 0.82976496 -0.391844 0.54267853 0.54531854 0.93526936 0.648847 -1.1819476 -0.008823468 1.380194 0.7449479 0.25504974 -2.6536002 -1.9554865 3.6662169 -3.7810652 1.5082728 -1.1151972 -3.5530074 0.84916914 1.7123057 0.86667466 0.577396 3.4958904 -0.05395625 -0.7160615 0.0060233506 3.0988705 -0.99111694 -1.2030818 -1.1311755 -0.27045748 0.95885485 -1.5235121 -0.27389443 1.9335448 -1.0725278 2.2796836 -0.5813959 1.2659007 0.3825604 0.7224303 1.4235239 0.31861123 0.6352745 -0.44949505 0.6716698 -1.4070332 2.9946961 0.50808436 1.8035554 1.425838 0.2760424 -0.64795524 -0.22670126 0.6001008 -3.7314725 -0.011044681 -3.4862268 0.49860847 -0.00032962707 0.44848552 -1.6089864 -0.22283325 -0.11509598 1.921408 -0.83205765 1.6162412 -1.0694169 1.059267 4.654496 3.0456164 -1.0174024 1.4366398 0.21086876 -1.5151356 -0.40082994 -1.4840928 0.8413554 0.8197341 0.092572 0.99446094 -4.555337 0.35924354 0.85004807 -0.45804116 -0.049952775 0.08073371 0.14227138 -2.1268487 0.5229334 3.0933614 -0.61298335 -2.3607528 1.3839114 -1.7339846 -0.35820028 -1.1911098 0.24648596 -1.6855257 -2.406436 1.0965868 1.6349857 1.4488604 -5.6615734 2.2826507 1.5102913 1.2751142 2.6333394 -1.2473084 0.37382984 0.05477514 -2.9268167 -0.8581365 -0.18997316 -0.94482934 -0.3997338 -1.0702331 -0.76508796 2.9843867 1.4851656 2.3747437 -2.9581547 0.31938115 1.1939241 -2.477408 1.0508391 -1.9692816 1.3612758 -0.80731624 -2.6159759 1.397602 -1.6043845 -1.082367 1.5419053 -0.5085568 0.10088445 -0.7121745 1.5682403 3.6656647 -1.4511409 -2.6274498 1.5694598 0.9721097 4.147961 -0.82120234 0.71621853 0.39728928 -1.5072081 1.2116821 0.12029942 -2.315276 -1.845597 1.6286535 2.460001 0.31711456 1.7354931 -0.80044883 -0.16772476 1.7174492 1.9060928 0.10202776 0.7369775 -1.2444223 1.6212362 -0.6030897 0.8169466 1.8977062 -1.8320593 2.407735 -0.98343265 3.0097492 3.4789486 0.828212 1.0489682 -1.1319305 -1.561867 2.3954847 -0.19283836 -0.3296751 0.23964988 -1.1972779 -0.09608044 -0.6914649 -2.0225961 0.5624198 0.47339636 -0.09583347 2.6703494 1.5504941 -1.4529542 1.5288718 -0.73990965 0.41324928 -0.16839296 -2.3632452 0.05669414 -0.97078496 -1.2039022 -1.1147578 0.060341068 0.68293417 -1.4864354 0.23372872 -0.20517778 -2.453024 0.8057691 0.36043963 -1.3032131 -1.7454668 1.0172559 0.40354252 -1.5762246 0.8619814 0.08684268 0.41005456 -1.3027588 0.09070925 0.32931954 -2.4207177 1.0442135 -1.5822896 -0.89779985 -2.888832 2.9545867 1.2965125 1.8965166 -1.4821281 -2.7543688 0.10119105 2.1371794 0.2430901 -0.9509421 -2.3519413 -1.7349607 -2.4224753 1.4284568 0.120163456 1.9550391 0.17268613 0.82555807 2.960446 -0.406385 0.7536562 3.0727727 1.6416882 -2.252355 0.0009868392 -0.9290938 2.9153109 -1.6903058 -3.3164973 -0.12725298 1.4618604 -1.1092833 0.3151522 -0.5718743 -0.6997234 -0.54665214 0.5414053 0.57153314 0.5855473 0.23639978 0.29076236 2.2707653 0.41836393 0.065731645 0.09431005 -2.3098297 2.6814811 4.100329 0.49901983 -1.807357 0.6529586 1.6322746 0.047824107 1.399733 2.659761 -2.4974623 -1.0311172 -1.9179152 -0.45654872 0.31620845 1.0814022 1.1528363 1.7695246
blackberry -2.1863337 0.16955882 1.0566665 -1.2838567 -0.3130423 0.46577215 -0.33514783 -2.2376015 -2.5077302 0.24311565 -0.0924121 -1.8528508 -0.04706559 -0.97178197 -2.1088746 -1.113465 1.9857668 -1.772386 1.7810047 -0.96374834 -1.0298975 -0.06477863 0.33134827 2.8418083 1.5627614 1.5368538 0.21241085 0.93771213 0.8587069 -1.6645595 0.029539533 -2.1100266 0.123376 -2.8421636 0.107696004 1.6708462 -0.25647363 0.22266847 0.6997342 -0.9831129 -0.055023164 -1.0044701 1.4843822 1.8084651 -2.2887623 0.4800311 0.4852093 -3.145404 -0.21971893 1.5649626 1.5641117 -1.0673777 0.44079286 -0.8084998 0.5234383 -2.6101131 -0.58112687 0.6113746 -0.26996368 0.1096806 1.4540427 -1.83151 -0.17141874 -0.6555093 0.26355153 -3.202882 -0.8548471 -0.8770854 -0.62087727 -2.698045 -2.9128902 -0.62902594 0.6384611 0.39482957 -0.91273546 0.033357777 2.8018436 -3.2154427 -0.6137707 -3.497502 -1.9546264 1.3293371 0.6353198 -1.1567097 3.0242136 0.805717 -0.86065507 -1.4635098 0.6838567 -1.3025397 -2.2408378 0.2131153 1.432843 -1.1731666 -2.5409524 1.0296172 2.1800237 1.9711334 0.21723649 0.41162163 -0.909815 0.0672936 0.64984286 -3.0766904 -0.17270744 -0.5460066 -1.9189779 -0.6178069 -2.9975028 -2.656375 -2.1827168 -1.2857782 0.25721243 1.354815 2.5822048 2.6626651 1.4335544 3.6051834 -1.7918295 0.88948685 1.6303515 -1.2655909 -1.0784042 -2.0562668 -0.6632103 -1.0002193 2.3671257 -0.020909756 1.192395 -2.5128222 -3.0751855 -2.0845845 -0.26979545 0.8643598 0.7321651 -1.03205 -2.1370258 1.396428 -0.15337501 -2.1798303 2.4608111 2.6555626 0.20784186 0.04942102 -0.0024129911 -0.88332444 0.09858685 -1.7979537 -2.6864054 -0.15146257 -2.4999313 1.516086 1.232716 -0.51913273 0.5773921 -5.569063 2.042152 -2.1094344 0.82526016 -0.61267376 0.5727898 -2.0055585 -1.1763986 1.9287292 1.7705209 -0.6672795 -0.53965807 0.19612996 -2.3991075 -0.9653532 1.3934838 -0.2869162 1.0057886 -1.1904132 -1.3736005 -0.28713754 0.791022 -0.85946286 1.3057631 0.28969005 2.2726123 1.2915847 -3.201793 1.069862 0.6069998 2.2350378 3.3461242 -0.9894183 1.433691 0.82741624 0.5255969 1.7518247 -1.3008704 -0.37715518 -0.1878492 1.2868485 -1.987506 2.38886 -2.582839 0.2672157 -0.16744004 -1.254696 1.8444117 2.2058628 1.1866232 1.5357553 -4.176124 -1.6305716 -0.69495946 0.8231743 -0.64963216 -1.6754004 -1.8294079 0.53464913 1.8451728 -1.6173365 -0.16108872 -1.8236169 0.07467402 -4.1081786 0.32296732 -0.7414717 -4.332734 0.47396952 -0.8147325 -0.4954064 -2.4534748 -0.32100788 -1.3307948 -2.1071928 1.4226832 -1.8559502 -1.2607409 0.3544762 -0.5218881 -0.28331572 2.9229147 0.7406665 0.05948592 1.3477608 1.0834432 -1.306994 -0.16905624 0.82792497 1.4265325 -0.25561264 -1.2017474 1.305755 1.8737004 2.6142433 -1.9114814 -0.66035956 0.21965018 2.501666 -0.41470715 -0.13069443 -1.1448103 0.25785947 0.59698504 1.6131793 0.79395825 -1.2580019 2.3513575 2.5966852 -0.70898485 -1.1585188 0.9776205 1.5693697 0.54864633 0.5651021 -2.1030862 -0.55412394 -1.120555 -0.21485439 -0.026434928 -1.692065 2.5015357 -1.3397533 1.3548037 0.751328 -0.28271708 0.66668415 0.095167935 0.681732 3.3801863 -0.43414277 -1.5288432 0.5556889 0.31151983 1.2948372 -0.046793118 0.24836797 -0.43834132 2.8879616 0.17221831 1.4191252 0.024874475 -0.1799354 -1.8849342 -0.09447037
hay 2.7705128 -0.9567671 1.5049498 1.0276898 1.3646969 1.6519003 0.12329951 0.39934114 -0.41420746 0.69480205 -1.7745037 -0.1973541 -0.28005704 0.13085769 -0.5944592 -0.22098601 -1.7880108 -0.08596527 1.0337279 1.8300934 -1.352441 -0.48324606 2.506284 0.93777937 -1.2135806 3.3215685 -2.7584627 -1.6682683 0.48233628 -0.20858218 0.55967003 -2.4208288 1.6195332 0.4249117 0.32055873 -0.46988592 -3.1909838 -0.7178393 1.716386 -0.7813565 -0.310601 -0.13770081 -0.877813 0.7843077 1.3944465 -0.27558246 1.2948056 0.7938393 -1.9821101 1.5524937 0.1353312 -0.19617897 0.3194148 0.615448 -3.7822778 1.1040368 3.7080226 1.2182288 4.7614174 -1.9960803 0.22071962 -1.3875763 0.48523614 1.6670697 0.86141866 0.4200949 -2.3628376 0.83412075 3.3642867 0.28386408 0.14648683 0.19171412 -0.029246219 -0.022493035 0.8907244 0.37167338 1.3145596 -2.2675824 -0.9999545 2.2646677 -2.4102597 0.4707801 0.72268647 -0.77882737 0.29724267 1.0346763 -0.24394675 -0.8335945 1.2777516 -0.81601113 2.647043 -0.18676893 -0.8460439 0.65097785 0.4236726 0.6083203 -1.9788656 3.8941295 0.5493842 2.1532867 1.0842642 0.12763813 -0.089007206 -3.3401654 0.4946139 3.0910337 -0.6754379 -1.1178261 1.0787902 1.402987 2.868194 -0.34226403 -0.5035483 -0.32296774 -0.91663814 0.6296353 0.6379238 -0.62825227 -2.1520717 -1.6824086 -0.64963216 -0.58618116 0.5046449 0.8290099 1.4936287 1.1589912 0.0066416143 -0.11199521 1.4208993 -0.38470596 -1.7195381 -0.21458142 0.31676054 1.2321229 -1.611555 -0.7833393 -2.3632445 0.83534795 -0.30045578 -0.9328876 -1.7936968 -1.0734063 0.73883 -2.0247917 4.159126 2.516449 2.0247324 -1.1426542 -0.9523958 -0.8576012 1.1928697 0.6558403 1.1176193 1.4090092 0.08482455 -0.99067837 -1.5536922 -2.885759 -0.57129645 0.7623478 -1.3893269 1.1786776 1.3659784 0.4576094 -0.7458597 2.8247705 -0.6869247 2.9533987 1.3037462 -0.52101034 0.3491637 1.243464 -2.0995047 0.99815714 0.36501813 1.1914295 -0.88669604 -1.1874981 1.068085 0.902535 -0.5538562 -1.8434314 1.1416239 1.2850397 -1.4377903 -0.6022426 2.1826925 -0.7409642 2.3173096 0.19205944 0.44560203 0.93466926 -0.7181598 0.38234773 -0.5513137 1.4485554 -0.40655413 -1.711425 0.81936896 -2.6141622 2.0157027 2.0503707 -0.76684606 0.22500484 -1.8946682 0.22358821 -1.1012319 0.9417489 -0.14121018 -0.32957155 0.40994292 -1.2465082 -3.9500227 -2.4685545 -0.3732795 2.5718334 -1.2895609 2.7291193 0.9896042 -1.2274046 0.17277218 0.1266613 -2.7389743 -2.264873 0.71203166 -1.0477055 -2.381758 1.1178669 1.4376497 2.183002 1.8168589 1.20084 0.8143667 -0.08674115 1.9112688 -1.2831132 0.010610209 -2.3149807 -0.05363435 -1.035032 -0.22784525 0.904128 0.36733502 1.2537149 -0.7293264 -0.6554069 0.71873075 -1.0956669 -1.1021049 1.4994581 0.12382813 -0.8396622 1.48767 0.9897001 0.70785475 1.0552365 -0.37573403 -0.95264065 1.1775409 -0.3527146 0.5792462 1.8199662 -3.9245493 2.7999148 -0.89739144 -3.0445526 -1.9241092 0.47410074 -0.86091685 0.85530055 -2.2522974 0.9350763 -0.35536408 -0.7496773 -0.60878164 2.6143115 -0.39692208 1.219275 0.6298363 -1.5131466 -0.4056114 -1.5783498 -1.1800225 0.6958886 1.1027639 -1.6169341 -0.85416657 -0.6395366 2.550869 1.8374283 0.004804978 1.0142149 -1.5916178 -3.6007679 -1.9333584 0.48757815 -1.1266534 -0.6430538 2.0167024 -1.0709935
carrot -0.44871244 -0.20302346 0.20344797 0.3583817 0.12854855 -0.008714402 0.09094938 -0.64280736 -1.8651648 0.6276314 -1.710554 -1.1835598 -0.8593204 -1.042019 -2.2782593 -0.17303924 -0.07995591 0.38492417 0.6167738 -1.5601112 -0.64786744 -0.4176211 -1.1358167 0.6281255 0.16517907 0.12715103 -2.4115324 -0.019563776 0.8282982 -3.0298052 0.8398486 -1.2779791 -2.3892128 0.88497037 1.9368461 0.6116287 0.5519558 1.183951 -2.5221522 -0.46801433 -0.27707925 2.8756142 -0.17459394 -1.0443188 -0.12257889 -0.58716816 1.720746 -2.1808584 -2.1369183 2.3864667 2.08116 0.34615126 -2.8948267 1.2578341 -0.14284532 -0.061020635 1.744708 -1.1619797 0.9698658 0.43704292 1.2020605 -1.8086548 0.7866559 0.23906717 1.713942 -2.0044081 -2.0810506 -0.82591283 -0.68119043 -0.388508 -0.94427013 -0.69766605 -3.4232795 -0.28499272 -1.0680499 -0.714634 -0.84045213 -2.416116 -1.5656098 2.635687 0.7914518 1.6749392 -1.7299029 -1.4045464 3.3803017 0.7014759 -0.97113544 -1.8436031 0.52579045 -0.6316107 1.0987911 0.9950879 3.7473266 -1.093232 1.1748044 2.896794 -2.1043108 3.4725568 0.49476805 -0.788661 2.116971 -0.30724758 0.53304183 -2.625504 0.36488777 1.627406 -0.44462916 -2.6824825 1.015326 0.027296 -0.89485055 -1.2789414 0.1756189 -2.5864375 0.27262297 1.0623016 1.692267 0.41010663 -4.9439917 -0.95281494 0.9819979 -0.21031044 1.9492967 -3.122043 0.67015976 -0.123656556 -0.8120972 -1.579182 -0.24334857 -2.938566 -2.2311845 -0.2367993 -1.3403995 1.4601685 -0.46419677 -0.06022111 -3.0461886 0.99621564 0.3909768 -0.11244091 0.9758331 -0.76565725 1.9916046 -1.7964027 -0.09289869 1.1276805 0.9545818 0.91143626 0.3966398 0.916181 0.09895316 -0.87653834 1.5658889 1.2404991 -2.5800588 -2.5769582 1.5813161 -0.84852433 2.6513908 -0.11751515 0.6376459 0.39311332 2.2528062 2.844073 -1.1496615 -2.82544 -2.999338 0.695455 3.2689419 0.22139113 0.34476474 -2.115889 -0.84679455 1.9598955 1.4049957 2.0869014 0.7229489 -1.6044432 2.4731753 0.80540603 1.3822448 2.8367364 0.30627635 1.3951906 -2.1112285 2.5365844 3.2836661 0.814662 0.12344287 0.4595817 -0.7305613 1.3684078 0.35929215 0.19610438 0.78846896 -0.83592016 0.48678067 0.51483214 0.6410036 0.4627397 1.310102 -1.1285889 -0.07065614 -1.5753903 -0.2264127 0.01169973 0.1343594 0.19939025 -0.99106544 -0.6002507 -0.41411188 -2.1796215 -2.280949 -0.5833978 -0.4525434 -0.059549022 -1.22451 0.96153027 1.2795316 -0.93161076 -0.013667071 1.6736754 -1.0995754 0.23452938 1.0780209 0.69743884 -3.5455947 1.5602186 -0.12132011 -1.7999449 -2.202295 -1.5367655 1.4191511 -0.5336537 -0.35243025 -2.20722 -1.6122289 -1.1684381 1.1107689 1.2776144 0.71981215 -2.8704286 -1.7010049 0.83901495 0.39801607 0.82458127 -1.660627 -1.2519422 -0.514355 -0.61263645 1.5171585 0.84142613 2.6934123 1.2362423 1.9291838 -0.003145732 -0.68788725 -0.2839899 1.9731361 -0.74685836 -1.9480529 -1.1930559 -0.7761701 1.6273195 -0.4318261 -3.6914792 0.9451677 2.2099173 -1.610584 1.4376656 1.6710937 1.3920001 -0.42181185 0.28972843 2.4097788 0.39863974 -1.2643237 0.8419883 2.241492 1.5395076 0.61935586 1.1447917 -2.1331193 1.0201238 2.3402889 0.57480097 -1.2481352 1.4417259 0.073110916 1.5348432 3.477928 1.5390154 -2.6109693 -0.49358988 -0.56757677 -0.7065684 -0.5004761 0.98942524 1.1012375 -0.87551415
strawberry -0.24662204 -0.42883933 0.8752663 1.802425 0.026114728 2.592265 0.31836998 0.07257419 -3.5147123 -0.3543147 -2.9624698 0.25105774 -1.8540925 -0.57751954 -2.653004 -1.5084679 -2.232565 0.36132744 -0.5353967 -0.55878353 -1.4108454 0.75448966 -1.3369952 1.8124413 -0.49363747 2.7065246 -2.0250556 -2.2704442 1.7239166 -2.4961092 2.238806 -2.6490808 -1.7060096 -2.4646173 0.98236793 1.1698543 -0.22589132 0.28185245 -1.0244589 -0.88849235 -1.2700424 3.4728756 0.63270766 0.83777577 -0.11673598 -2.234891 0.81571144 -1.2454126 -2.1075947 0.7068849 0.23747867 0.243981 0.7132078 1.8426577 -0.92573935 1.4693847 4.167782 0.90732616 3.8856885 0.49969107 3.0018587 -1.6897631 -1.6939143 0.34353504 -0.18461473 -1.6143141 -0.14975365 -1.8874401 -1.5592088 -0.19299547 -2.990357 1.4130241 -2.353847 1.3107916 1.2768041 0.26573783 -1.0487095 0.08120885 -2.2164402 1.6357917 1.2670517 0.49673787 -0.9485586 -1.2923588 3.6130092 2.4737887 -1.9618114 -0.8921936 1.4013838 -2.0247061 1.3038648 -2.2450593 0.14335531 0.72925746 0.97292954 2.812743 -2.5806646 0.9682584 0.64742374 -0.60534465 1.3065044 -1.9738467 0.7951797 -4.097231 2.0134804 0.7889387 0.62016046 -0.80826795 -0.7741842 -1.6536326 -0.12173437 -0.01229828 1.0224864 -1.4273039 -0.10685813 0.90780103 1.7208917 -0.026978085 -3.0059702 0.4613033 1.3941101 -0.63237387 0.7669475 -0.33217078 2.2280307 0.91026944 -1.1577754 -1.3769938 0.94690675 -0.8929131 -1.9044856 -0.8449971 0.56561387 1.9186351 -0.98054165 0.278089 -2.733705 -0.67145985 0.51883644 -1.4934952 1.7619839 -0.6235632 1.4041017 -1.3190321 -0.81907123 1.2821411 1.0456072 -0.014670419 -0.96054655 2.4960847 -0.06817935 0.8341545 0.7998803 0.84102845 -1.1256541 -2.7973402 -0.7569707 -1.1941562 2.766262 -0.9565845 0.63096994 -1.3666092 0.38151324 0.49143818 -2.065987 -1.0062419 -2.2009568 -0.013655252 2.426602 1.6966912 2.0888705 -0.13009739 -1.4092219 0.21690503 -0.67958677 0.06647578 1.400935 -0.27948895 0.6703882 -0.46201846 2.9333856 0.752744 -1.7223182 1.4232343 -1.6536984 0.5366286 3.023352 -1.651684 1.9272321 0.102945626 -1.8157092 2.1397674 -0.36815286 0.94663596 -1.2363849 -1.9749229 0.37578914 0.20913532 -1.8946673 -0.034022216 0.5073966 0.60621 2.0398648 -1.5864855 -0.66121644 0.15637265 -1.9542261 -1.4059612 0.025790945 -2.0551705 -2.0987678 1.226792 -2.9171164 -0.611171 0.06192198 0.85761017 -0.66211605 -0.15055525 0.4312271 -2.225659 0.89304286 1.479364 -1.363874 -1.9478967 0.10316367 -0.7049068 -2.1111403 1.8282084 1.1099061 -1.1785923 -1.6555918 -0.6872417 -1.1914527 -2.082511 2.01142 -1.750818 -1.3893285 -2.1527162 0.57888234 1.0904344 0.59455526 -1.3381029 -3.2081027 2.7846045 1.1580877 0.057723753 0.78044146 -0.31002963 -0.038328484 0.35762426 0.71077406 -0.51592296 2.2795231 1.5302914 0.0943066 1.2067611 -1.9838958 0.5200801 1.0287441 -0.08954292 0.5508055 -1.4985751 1.0951294 4.52743 -1.5323528 -4.106161 -0.87099034 1.5895247 0.27796635 -0.47973892 2.2259967 1.1395385 -0.7480903 1.7597793 0.4101978 2.5908847 -0.074374735 1.6069423 1.8119596 -0.92545706 1.7196614 0.5928801 -2.2822022 1.3068964 1.1070255 0.38955283 -1.2026165 0.65776944 0.9356466 0.9457242 2.8850207 0.97769904 -2.0214589 0.7294691 -1.4581398 0.21245623 1.8256116 1.0610242 2.357335 -0.39245868
urine -0.6019741 2.4993694 0.68962985 1.8213036 -2.9970384 2.2442105 -1.8080329 -0.3514768 -3.145396 -0.8692258 0.033414677 0.20721062 -0.5751189 0.94121224 -1.3740424 0.73808736 2.5546675 -0.7120808 -1.7383758 1.8105143 -2.8759522 -1.4954914 0.59125286 -0.22714911 1.3369409 -1.2097651 -4.7765927 -2.1358328 3.548699 -0.5984562 1.5691018 -1.0870816 0.93920964 1.4031609 -1.1282955 -0.5106984 0.90797323 -0.44278833 0.5988079 1.3308561 1.7984538 0.7653015 0.25633234 2.4294257 1.396058 -0.84352714 -0.29767242 -1.4572486 -2.637908 1.5261409 -0.62594235 0.60129404 -0.35894057 -0.31317025 1.5210788 1.6120317 2.7219558 1.7401811 3.2475073 -0.4451351 -2.4391994 -0.14108026 1.2297348 2.6094782 3.4792037 2.3786957 1.4694368 -1.5756778 -2.348917 -2.341031 0.3628918 1.4223831 2.3733678 -4.5493536 2.9202955 -2.0609574 -0.6972128 0.64518726 -0.7345375 1.2788312 0.88433576 -0.737286 0.6621553 -1.603247 1.099647 0.18457769 -0.8749997 -2.459292 2.0226846 -2.9358456 1.8447406 0.112468414 1.017538 1.7863896 -1.3125439 -1.5684032 -3.976727 1.402382 -0.95820266 -0.7036623 2.273814 0.37692934 2.1780937 -1.2589554 0.85249984 4.1595573 -2.8916976 -2.8839192 -0.8783332 -0.086360976 -1.5565008 -2.1827748 -2.7569516 -3.8481822 -0.5316006 0.15506403 -1.5356979 0.05486988 -2.8586621 1.406384 3.0975645 -2.666767 1.3716387 -3.0354545 0.22461426 0.91099286 -0.2169297 -0.43458205 -0.18811244 2.0214322 -0.7485604 1.7058034 3.0203893 -0.5646006 1.1288215 0.14742453 0.49599013 -3.1935365 1.2076354 -2.6317573 1.978884 -1.0989337 -2.2759979 2.1516943 -1.0820298 1.1831979 -0.4859618 -1.3486711 -1.2332932 -4.052708 -1.6615491 -0.29038435 0.850676 1.7303282 -0.3641628 -0.5496872 -2.5054002 0.44261083 -0.6284244 -1.5261223 -0.6727788 -1.1635768 1.1451416 0.5047098 -0.75897616 -0.08153591 1.8294992 2.2660818 2.789056 -0.40985012 1.2542473 2.0890448 0.49246418 0.0035646325 5.754658 1.3930252 -0.035168234 -4.1112304 -2.0295813 0.056423035 0.748027 0.59269935 2.3399425 1.2456089 -2.216935 0.26379213 2.684099 -0.5431512 0.13562766 0.057829235 -1.3390747 -0.47805214 -1.2764518 -1.302157 0.44094422 -0.047097925 1.8752775 -1.9056218 -0.66227335 -1.3356695 0.38527298 0.2221646 2.3541985 -0.06096843 -2.2738767 -1.1931943 0.53244483 -0.95098734 2.9319499 0.21255907 -2.1496408 0.21340872 -3.227576 -0.11508933 -1.2675247 0.25643283 -0.15710105 1.5547265 -0.66692424 2.573211 2.6199303 1.3407063 -0.51278675 -1.4150589 -1.0550824 -0.95662194 -3.0633726 -2.2183897 1.5087475 4.0121145 -0.89047253 -0.59220535 1.6232535 1.4593515 2.7514746 -3.0881903 -3.759602 -1.3695238 -2.1110742 1.4378319 1.6310812 2.8566403 0.54249716 1.9144508 2.824635 2.069592 2.866689 -1.7900755 -1.3238077 -5.103678 0.115778364 -1.3559396 3.104725 -3.7618577 -0.42789975 -0.1553856 0.9409404 -3.1651478 0.62255305 -0.7765968 -1.975301 0.6010682 -0.15922758 0.73603934 0.27967587 -5.548847 1.0732155 0.5404643 1.6555387 1.4760019 -0.21095508 -1.0786368 -0.003789402 4.9826894 -4.049925 -2.1022167 2.7988355 -0.2766477 1.5389053 0.8385007 -0.118573904 0.5707939 -1.5470092 1.3526932 1.4843948 2.9863112 1.8834747 0.6834504 0.49696878 0.14264025 1.1819655 0.09504376 -2.3101828 -3.3769522 -0.6193593 -0.5007172 -3.0415287 -1.8228761 0.2660666 0.522376
bark 2.8910089 -1.3556099 0.04675869 0.576841 -1.9509075 1.3018984 -0.4797064 1.3207906 -1.1184453 0.42581332 -2.351877 0.79281276 0.21933739 0.26508796 -0.25485513 -0.9598434 1.7299287 -2.3622491 1.2017752 1.4656035 0.27174622 -1.2120231 -0.6053212 -0.8819305 0.5445204 1.083381 -2.0326357 -2.8771074 -0.58507913 1.7005904 -2.36698 -1.117468 1.5083574 2.420909 0.5135735 -2.6002002 -0.8242444 1.880833 -0.79967 0.2540892 -0.79013306 -1.0968373 -0.20972532 -1.7220553 -0.2810369 2.6356297 1.2752655 -2.5700533 0.100201935 0.02314986 1.1810899 -0.6568774 0.058241557 0.4902486 -0.48929113 0.28313705 3.6209173 -0.88553876 3.9054492 -1.1321415 -0.35118303 0.2164632 0.20276815 1.2326736 -0.32416153 -0.74962175 1.8475655 -0.48477346 1.3772726 -2.6966927 -0.23747537 0.07545936 0.86293834 -2.6627362 -2.6978416 -0.53825504 -0.65937525 0.60213476 -1.2732813 -1.983306 0.90252364 -1.8718257 -1.5444115 0.39621618 3.5166037 -2.9097984 -1.2272553 -2.2126882 2.228494 0.6601209 1.6511517 0.72332066 0.027652662 1.2546171 0.44597867 -2.006647 -3.1055377 -0.18296586 2.0838883 -1.701386 2.8086004 2.2144725 -0.29000258 0.03951245 2.4415154 4.1952395 0.9617733 -2.3227334 -0.25184315 -1.4152728 -2.0167582 0.6571486 -3.0946255 0.73084986 0.77048016 0.03052711 3.6606848 -0.18592009 -0.99860245 -1.0339743 1.1094033 0.32627687 2.5673444 -3.0950727 -1.1997548 -1.9735522 1.3941646 -1.2337222 1.2518057 -0.7000696 -0.9171513 -0.80352783 -1.1678143 -1.3848951 -0.8660536 -0.7926801 -0.15156741 -0.5395956 1.3774899 -2.7270103 3.0174797 0.21613349 0.58144724 -2.3971777 0.23080364 -0.3554793 1.6598635 -1.5567148 -0.028067922 0.9451587 0.20654632 0.47155532 -0.17923713 1.9272207 -0.23977494 -1.1416126 0.16879877 -0.6041046 -1.0958215 1.2727942 -0.33953348 -0.89294213 0.10661298 1.3408663 0.7294813 0.94770765 -3.0208755 1.3167417 1.7417814 -0.572039 2.623237 -0.30908388 0.9048562 -0.04528556 0.3001846 -1.1102736 1.9193906 -0.17444718 0.5617889 -3.8733344 0.4504387 0.73472804 1.3874513 1.7838849 -0.22806263 2.9893074 2.0312374 -0.9360262 -0.17575243 0.84627813 -1.0964803 3.45193 -5.1857557 -0.96102774 -2.2717283 1.2563503 0.43105587 2.174657 1.4774039 -1.9851772 0.46457657 1.0500983 2.8613722 -1.3178349 -0.30793133 -3.2884662 -0.88292044 -0.08652448 -2.4679675 -0.7384194 -1.0005783 -2.5471861 -2.3787444 -0.49001816 -0.8379844 2.2145638 1.179941 2.6586604 1.6552168 0.022072965 -0.52657586 -1.239195 -1.9720188 -2.296013 -0.8607433 2.6222625 -1.950499 0.3163854 2.2218897 0.077762775 -3.5219593 -0.57348675 1.0971035 1.7063911 2.932458 -3.2090306 -0.8898738 -1.6130762 -1.3395163 -1.8022339 2.7820709 -0.26302966 -0.75888556 1.3313879 1.3179841 2.5070076 -0.30185434 -1.0432185 0.91520405 0.120500214 0.326003 1.5288321 -1.0341855 -0.860729 0.40342844 0.015628057 -0.7762236 0.8408417 1.9333208 0.705279 -3.110621 -1.4361148 1.6688511 2.1632597 0.06832109 -4.2194066 0.34835625 -0.0097807115 -0.24982437 1.7173938 1.9310608 -0.9043736 2.4669104 2.6567662 -0.28943676 1.7176505 -1.5264018 -1.6179513 0.6062346 2.4802237 -0.5341092 -1.0622687 -0.9389717 0.13341536 2.701965 -0.010695636 -1.2003915 -1.0766597 1.0920331 1.0645957 1.3715553 0.7675895 -2.6204538 -0.372692 0.8669894 0.93161637 -0.40915006 0.73898625 2.011062 1.1193472
ham 0.95655274 -0.78726393 -1.6288458 -0.75044245 -1.5823689 -1.4126743 1.6683191 0.45144513 -4.9552097 -1.4390932 -2.2606304 0.1279804 -0.23173696 -0.036304977 -1.2116605 -0.62414587 -1.2286571 -2.353723 -0.213972 0.10884281 -0.57284224 -0.7517034 0.31108493 -1.609216 1.4992225 2.3715272 -3.2601588 -0.9341305 0.5741653 -0.031055175 2.1341984 0.74585116 -0.81124073 1.0370196 1.9179575 0.73267823 0.2734366 0.38677883 -0.674835 0.58633566 0.49337408 3.0483074 -1.9516603 -2.6025972 0.6900268 1.8510771 3.0346074 -0.26321536 -2.931184 0.47035244 -1.1956929 0.5816289 -3.137726 2.8283005 -0.7933931 0.43968982 1.968577 -0.83253944 2.445829 0.6911979 2.4739401 1.3373152 -0.38934988 0.12557237 0.5168659 0.83799165 -0.7902463 1.2599514 2.6612844 2.0020385 -2.1428282 -1.5067049 -2.8254445 1.0701382 -0.42282593 -1.770462 -0.6640976 -2.7378635 -0.2749803 2.4390938 -0.44589466 -1.5265794 -1.2545278 1.3080089 2.8907046 -1.9113687 0.6321173 -0.2768259 1.9219844 0.3396022 -0.69369787 -1.190186 -0.68166035 1.0097221 0.6984327 0.002969789 -2.9137707 1.9452147 -0.7331736 -0.85834605 0.16847266 -0.46055046 0.88622814 -0.32369524 1.952319 2.6005723 -1.1810987 -1.4898769 0.6371793 -0.14442898 -2.1198652 -0.8213447 0.8570707 -0.5973318 -0.011857439 1.722416 0.1823581 0.008727964 -3.0514584 0.81787115 -0.058089677 -0.19000101 1.2283597 0.44830397 0.11629607 -1.0047653 2.4342577 -1.16016 0.04676656 0.91671073 -0.9781501 -0.5792294 0.10681574 1.2533926 -1.1172119 1.5557336 -1.6682464 3.1405313 3.018478 -2.2740269 2.225322 0.8143469 1.3670143 -1.433167 -1.241053 0.91752267 0.097328305 -0.59378344 0.6329076 1.7254606 -1.0981431 0.37001008 -0.30009627 2.4254513 -0.52402246 -1.7634798 1.4380001 -0.76498634 1.9362565 -0.31348875 1.7905897 1.746378 -0.7411497 0.74195874 -1.9075038 2.6489992 -4.0334563 1.8668507 0.80697054 2.7252805 -0.029986916 -1.3913728 -1.415855 0.93732 -1.4396149 1.3959099 -1.1744611 -0.4216051 1.0556277 -0.4474051 0.3891633 -1.2086189 2.1502426 -1.1587152 0.23202305 0.5028551 2.1142142 0.7418055 -0.739688 1.3351433 -0.0035533276 2.2890215 -0.58534783 1.0744048 -0.91986245 -0.18634385 -1.7654943 -2.144406 2.1639626 -0.5169222 -1.13814 -0.44628906 -0.20127964 -2.8197412 -0.97277176 1.9887404 -0.24927185 1.1261499 -1.2108443 -1.4934921 -1.9251438 0.31665695 -1.576849 -0.39114803 -0.75679624 2.1567383 -1.8591878 0.5903168 -2.090442 -1.8813016 -0.028202003 0.42750332 1.3932478 -0.41493767 1.5798727 1.2888359 0.27684066 1.278433 0.5107213 -0.839169 0.20383573 0.100630365 -0.18515858 -0.7731859 -0.68176156 -0.53346646 -3.2166595 0.4582943 2.2064064 0.16683167 0.9343087 -0.80966616 -0.89741707 -0.9513909 -0.4264089 -1.9508675 -1.9569321 -3.0150025 -0.76300585 1.7467241 0.20210579 -0.072183296 -0.4326829 -0.023423316 0.74416834 0.7919316 0.58483195 0.27480865 0.9752212 2.2816455 -1.1039401 -0.75228316 0.0720218 1.9069494 -0.5427156 -1.760097 -0.9696113 0.49662408 -0.7992 0.33975664 -0.9281203 0.80436134 0.69097203 -0.26475173 1.3216349 1.1590189 -1.017235 -0.51473254 -0.21808557 1.0404329 0.9225887 -1.4406942 -2.4099853 0.59405726 1.95575 0.8264293 -1.3079417 0.8580198 0.2953378 0.15908849 1.148801 1.3505555 -1.0628546 -1.0440922 0.65209466 -0.3449326 2.0373197 -1.4741402 2.339319 -0.6855432
cedar -0.72286516 -0.6849162 0.8408011 1.7307312 -2.4042752 1.5309744 1.5356559 1.6378503 1.4102856 -0.7535798 -1.5626041 -0.64150196 0.5934453 -3.5714977 -2.0804503 -2.8680503 0.466231 -1.2495081 2.2443058 2.9401655 0.50591314 2.0901833 0.5130273 0.5826023 -1.4795033 5.1238947 -0.7352535 -1.5031085 -0.3294199 -0.9040276 0.86183935 -1.4231478 -0.32444242 0.5721124 2.8614974 -0.20440762 0.2430619 -0.79925674 1.3109711 -0.22384459 -1.1546603 1.5766244 -0.6552813 0.95373255 0.8106171 -0.5824677 1.4748677 0.90597224 1.6278492 -1.1875508 0.25692418 0.028968222 4.0915008 0.21598908 -1.4706129 2.4583225 0.261197 -3.3013015 1.2808474 -0.015608415 3.9802208 0.24502411 -2.0217767 -0.40593144 -1.846728 1.3892967 -0.9180822 -1.0741932 -0.33912456 -2.0846846 -1.4940369 -1.22546 -0.71060956 0.7796619 -2.2524235 1.2595023 -1.4272518 -1.1419169 -1.2541972 2.2498467 1.0594534 -2.3181927 -0.75451684 -1.1911249 0.92990994 0.35346806 0.29970914 -1.056848 -0.80399823 -1.4229343 1.225154 1.9961847 1.3946671 1.5546203 0.37915125 1.8519217 -0.8197506 2.571094 -0.7763236 1.080379 0.441738 -1.9324849 -0.75184333 -0.6509458 0.9253276 3.7112396 -0.50724965 1.416473 1.0554134 1.5253876 -0.9678624 2.0903857 0.21508418 1.5552245 -0.09504844 0.7966455 3.1504452 -2.632702 -2.2730856 -0.97071326 -1.6876736 -1.2595392 1.6322219 -1.4196843 -0.19289729 0.06334135 0.1610345 0.43071786 -0.24536473 -4.985617 -0.74737704 0.49405503 -1.3606876 0.5523832 -1.7679211 -1.5654596 -1.8350459 -0.5466266 -0.08501265 -0.65363675 0.37533626 -0.40851596 -0.58764803 2.0553262 0.7313048 -0.55190253 1.6077833 -2.4213378 0.10740167 4.161167 0.35833716 -0.45132342 -1.889538 -2.7631912 0.82692486 -1.3170518 -2.1223178 -1.6501812 -0.9204938 -0.49586686 1.512598 0.24705504 0.22897173 -0.6898952 -1.8189511 1.9521447 -0.40632415 2.3081932 -0.24328373 1.5757625 1.156417 2.7984161 1.3272132 -1.021236 -1.8231696 1.1386223 0.98729604 2.3483593 -0.32608178 1.1536866 1.7857518 0.2793361 -0.5494355 1.1045699 1.1899676 -0.76301 3.222877 -1.123762 0.7766639 0.73920953 -1.9313037 0.30864316 -4.0069733 -0.59714466 1.6078389 -1.3439169 0.0009872767 -3.536532 -5.2170424 -1.2010134 -1.3865005 0.61261714 0.085834965 2.3459833 1.5234039 -0.68864274 -0.34050763 2.5498707 -0.2585068 -0.47519553 1.556154 -2.7141616 -3.4082115 -2.7778416 -1.3058002 1.5503185 1.1332985 1.5443408 -1.2560568 0.90251195 -1.9714345 0.62410486 0.4517533 1.2236379 -0.85275245 -0.54988384 -2.3489945 1.3624797 0.5658844 -0.09624004 -1.3188201 -0.14318132 1.5126072 0.40906906 1.4173721 -0.17674103 -0.6893882 -2.3620605 0.21365426 -1.7107722 -0.23613773 4.074459 0.5231376 2.115363 1.2812771 0.4937404 2.9930687 -1.4563476 -1.5504878 2.7899387 -0.3203951 -1.348563 0.47148225 3.4163384 0.873846 2.1456883 -3.099399 -1.4265146 -0.78861976 1.4732733 2.2756832 0.9419 -2.5483127 3.7247088 -1.7415129 -4.148897 2.005784 1.3778001 -1.277848 1.6313965 0.122608215 -0.60070765 1.4384283 0.42051804 -0.7208661 2.8304083 -0.1971461 1.1943574 2.7617574 1.4063199 0.3169095 1.8218145 -0.87532794 2.3866413 1.9009887 1.0205133 -0.73562926 0.38920984 3.0023975 1.1544787 -0.44875714 1.4565715 0.19073051 0.6877319 -0.38900015 0.037410192 -0.5831487 0.26131323 1.8043122 0.04826362
tar -1.1862559 1.9487379 1.5210102 0.38583645 -1.582471 -1.3415893 -0.4341597 1.266965 0.8348776 -2.097947 -3.191577 1.3711629 -0.35800925 -0.08695988 -1.6465915 -0.8274347 -1.8388138 1.4123617 1.8527907 2.0764952 -0.5857922 2.2288506 -0.16267787 0.1058005 0.25835955 -0.21974829 -0.4814236 -0.04852853 0.70744175 -1.0774523 1.36678 -1.4865643 3.7182162 1.3547882 -0.34104258 0.03794713 -0.3603607 1.6272198 0.10680576 -0.46446505 -0.09180993 -0.114910424 0.12749663 -2.1333656 1.1121331 1.2204692 -1.941677 -0.7690989 -1.8425891 -0.92688096 2.681491 1.3487269 2.1875079 1.1751229 0.9951654 2.0194588 -1.5216327 -2.3242292 2.6354952 -0.6208075 1.3297018 0.59868604 2.346276 1.1655728 0.15291964 -0.4843407 -1.490007 -3.7225156 -0.17364417 -0.7275816 0.9673001 -3.3418553 -1.2038375 -1.8436497 0.9245569 -1.1757792 -0.033783622 3.0482035 0.4749608 2.0055993 0.8472991 0.21433526 0.16019411 -1.4007041 1.7286059 -0.06484721 1.1964872 -2.9960687 0.97216076 -2.4917133 0.9674295 -2.407004 1.8584776 1.8460195 1.4164476 -0.11149789 2.2274678 1.7270525 0.88759357 -1.3543354 -0.30952296 2.7390974 3.3871071 -1.4192064 -0.50116515 -1.0541489 -0.25292835 0.028919771 -0.07549142 0.78645945 -1.5867958 0.2564446 0.71107876 -1.7819486 -2.0634274 -1.3874164 2.249831 -0.6209582 -2.3648753 -0.9119807 -3.1084714 0.7777445 -0.03099096 -1.8725098 3.191633 -0.18411244 -0.92282647 -0.7433195 -0.12968263 1.8013599 -2.29338 1.9592636 -1.1637456 -0.6598539 0.72627556 -0.9760888 1.6625963 -0.41474247 0.5641781 1.1208693 -0.09807156 0.2886188 -1.1679171 2.006054 -0.43701258 0.31348616 -1.279901 -2.2679255 1.2789335 -2.5578837 0.7830982 -1.9341291 0.0892909 3.400446 -1.6309662 -1.806191 0.20100743 -4.2763157 2.1623564 -0.023531653 0.15057127 -3.100471 -0.78556526 -3.1740496 0.5719805 1.1502407 0.55664307 2.455064 -0.09834343 -0.4257537 2.3001015 0.25037166 1.5725108 0.040529434 -0.358909 -1.607715 -2.029092 1.7529894 -0.34125 -0.7495942 -1.4456425 -1.7596121 -2.50422 0.15566799 2.0195951 0.033093154 1.8055736 -1.1050522 -0.09321417 -0.9567835 -0.527205 3.3753998 -0.45413306 -3.0954497 0.6044392 -0.8554211 1.382787 1.2607063 2.360651 -2.8849535 -2.653884 -0.41778123 3.504629 3.4678092 -0.9074461 2.9771116 0.80021065 -0.15174156 1.1888502 -0.34563872 -1.6056511 -0.4075704 -1.3749909 -1.0755411 -0.58028734 2.1308424 0.07376203 1.0983933 -1.5788034 -1.7951665 2.2158556 2.0585294 0.49577484 0.5890724 0.19630153 2.4719112 -0.40172622 -0.38374844 -0.16278334 0.18133816 -0.8345256 -0.37063217 -1.3979615 -1.6559038 -1.4106141 -2.8443847 -1.328214 -2.340847 -1.1700963 -3.7036958 -1.1108639 -0.2017071 -1.0344748 2.2021697 -1.9195986 3.8982835 -0.75867003 -1.7860044 -1.6509428 -1.6798301 -0.17528965 -0.009552743 0.76542455 0.9282223 1.7971488 1.9117662 -0.8819941 -0.4624107 -0.7890152 -0.22360204 -1.0204111 0.36250013 -1.943176 0.47548598 -0.11748066 -2.6858592 0.16098781 1.2259268 -1.4846363 3.6194904 0.28154165 -0.120535016 1.644124 1.4240029 -0.042710196 0.6462927 -0.75475776 -2.036278 1.5577799 0.650802 -0.3437749 -0.18428527 0.14660688 0.5181021 2.2890537 -0.09924059 1.3608243 -2.0493636 0.8196219 -0.8269964 -0.70752406 0.050652355 -1.356042 -2.6052601 -1.6129905 0.41832438 2.6120234 1.8344964 1.2799476 -1.7071376
peanut -0.87986016 -1.5779399 1.4921162 1.0910306 -0.40854043 1.756747 0.10920241 -1.2777867 -1.4450164 -0.72481406 -1.3363535 -0.28073376 -1.2781513 -0.26630232 -2.121093 -0.7714242 -0.88916767 1.2392725 2.1878812 -0.034941845 -0.7308835 0.9883277 -1.1191822 0.9444269 1.6086113 1.5385779 -1.6288656 0.7655087 0.4917038 -1.9973625 1.346757 -0.13990203 0.3210442 0.11678333 1.8192459 0.12582749 0.64858174 0.16960935 -0.8225886 -1.5941241 -1.2340795 2.9563184 0.315462 0.59678864 -1.3463554 0.13571009 2.9286761 0.049473897 -2.1157198 3.2196527 1.4348584 1.3004694 -1.4198072 0.22751507 0.8216067 0.9473856 2.000482 -0.21725553 0.97046316 1.2641782 0.6824816 0.22220951 0.40324745 -0.40165862 2.4766583 0.78723633 0.031075388 -0.9717444 1.0111043 1.7815143 -2.3834047 0.856853 0.007283685 -1.5597311 0.81531274 -1.1575046 -0.86759675 0.14002334 -0.71813524 0.7533661 0.55148304 0.4688764 -1.6447223 -0.94202596 2.9429488 0.2865423 -1.4932227 -2.941826 1.5148201 -1.876247 2.1949413 -2.365362 0.50635666 0.27631345 0.16757286 0.33318096 -1.3397226 -0.6525526 0.8006836 1.9128135 0.73549414 -0.5649946 1.2098576 -3.1143925 0.8790362 2.0698075 1.1419646 -1.8650581 0.05274078 0.041474704 0.1340215 1.1189637 -1.3371725 -3.8141484 1.480454 0.8898259 1.4081521 0.5002225 -3.630982 -0.056719765 -0.08664626 -0.42593122 1.0314693 -1.8862996 2.17549 0.06544685 -0.33826107 0.31768388 1.90042 0.9356033 -1.0196327 0.19717295 -0.6564448 0.8523972 -0.5377433 1.28969 -1.133051 2.6849725 0.070017844 -0.36209852 1.9715784 0.3156274 2.041901 0.8428667 1.2281775 2.2760625 1.6247565 -2.170942 1.2304518 0.17374368 -2.090809 -0.016904734 2.0672424 1.1662012 -1.085836 0.58462226 -0.10717933 0.8490132 1.3812747 -0.34214872 1.6502 -0.031253826 1.5329902 2.0415428 1.0548867 0.7784299 -3.668629 0.21028769 2.1344264 0.73634315 1.0118432 -0.57409656 -2.303008 0.83915687 2.1812193 0.9397125 0.1787961 -2.4129376 -0.54527223 -3.7490847 1.24834 1.1021639 1.9502826 0.20903772 -0.52069885 2.3974867 2.557022 0.6989793 0.6456647 0.08610284 -1.5667386 1.7133116 -0.001517454 1.8389719 0.86512274 -2.35155 0.16239496 0.41932255 -0.21601373 -0.11070469 0.55847853 0.37640056 1.7303325 -1.8131778 -0.708625 1.2911185 -1.1470438 -1.7344259 1.5533829 -0.2563658 -0.26201847 0.7183347 -2.9033513 0.6518157 0.5871167 -0.14857015 -2.3470762 -0.32852405 0.78201604 -0.47656468 1.0105423 0.29087135 -1.4984795 -0.13725178 1.4303856 -0.3832968 -1.8278308 1.1493589 1.4819819 1.3268101 -1.1504487 2.190723 2.490892 -1.4874035 0.9017101 -2.4789276 -0.19557811 -0.916005 -0.14144604 0.9394833 0.15996619 -2.2233932 -1.6297113 2.514123 1.6000447 1.3535762 -0.24639432 -2.7777188 0.40075603 -0.78499126 -0.25010815 -0.056950457 1.9599035 -0.53321326 1.1856377 0.56283027 0.7276007 -0.72583354 1.7481973 -1.4680674 -0.36665884 -1.0517998 0.51131636 1.9167621 1.6298754 -4.1840744 -0.7031713 1.143718 -0.2694656 -0.29778442 1.9700836 -0.9258618 0.99745435 0.37676442 -0.80581313 0.66264224 -0.04821512 0.3308183 1.0956191 -0.07852645 0.39046264 0.6544065 -1.289965 1.4917741 2.6159708 -0.18745232 0.5796963 1.3878964 0.9181775 -1.75823 0.60173553 1.7928237 -2.3166046 -0.8736361 -1.2944139 0.2271325 0.9782347 0.16791438 1.2946981 0.6030807
peach 1.0019367 -0.8077307 0.46697274 0.7949798 -0.30731782 3.0263417 0.7111165 1.1990507 -1.3861165 -0.2884203 -2.353923 -0.11328718 -1.6488771 -0.9331072 -2.1310735 -1.5263971 -2.3104794 0.018326566 1.5568311 0.46796417 -0.7766192 1.031167 -0.7213785 1.1486881 -0.5612359 2.087132 -1.0631242 -2.5540617 0.6434351 -1.6502521 2.8117957 -0.71995026 -1.5907096 -0.51638424 1.2194476 1.0783714 -0.1896885 0.8043279 -0.26110333 -2.0245554 -0.54869646 2.140969 0.53954786 -0.5621389 0.042586785 0.9384525 0.17873073 -1.7792096 -0.6327205 0.119749665 -0.26449686 1.2113104 -1.0421041 0.4812676 -0.1138458 1.657601 2.1005561 0.14743768 3.2584133 0.18594946 1.3669809 -0.97451776 -0.8946473 0.7903461 -0.9831898 -1.8882235 0.15854649 -1.1999979 -0.36041299 -0.11722348 -2.2584555 0.16729362 -1.3920927 0.056389395 0.1806037 -0.32200196 -0.929339 -0.9339518 -0.46679968 2.0158262 -0.36183456 -0.099898756 -1.0026505 -0.1939854 3.6252234 -0.1757078 -0.33417213 -0.81230664 1.7819695 -1.0078944 1.7536234 0.23209573 -0.38965213 2.2694836 0.3901065 1.7636036 -1.6386482 1.8269672 0.74249744 0.29419342 0.83607095 -1.1687473 -0.31459484 -3.3505144 2.177502 0.85572165 -0.5932945 -2.470673 -1.4694682 -0.80749655 -0.9295258 1.006202 0.9805217 -2.6607728 -0.37534228 0.36727217 2.158886 -2.9371219 -2.628127 -0.061095405 0.72596204 -0.8411232 0.11771856 -0.6084841 2.1130717 0.7399056 -0.39963064 -0.5146341 0.034594305 -2.3407953 -0.30072227 -0.6872818 -0.8729482 2.49494 -0.067298114 1.2513808 -2.3065538 1.3794503 2.308058 -1.0501813 1.2410983 0.55786186 1.9289774 0.2223011 -0.337283 -0.14537416 0.5931808 -0.8222962 -2.0492675 3.357951 -0.47830507 1.050766 0.22537453 0.8001815 -0.69031703 -3.6617918 -0.15959401 -0.039618313 2.3769057 -0.57820934 1.7877252 -1.7197413 0.32253933 0.26591852 -0.7109009 -1.0124983 -1.6926445 0.93734807 0.7756029 -0.058973785 1.6126643 0.43294927 0.55326134 0.066163294 -1.3581467 -0.4419172 -0.25539532 -1.1966351 0.19591603 -1.5184579 2.4853396 2.0703974 -2.8882153 1.421853 1.0794383 1.7259259 2.947122 -0.2349236 0.39620644 0.7769677 -0.8142441 2.5950708 -1.3113296 0.5084002 -0.7673193 -1.7321066 -1.0133231 -0.7496083 -1.5287856 0.0036928663 -0.0064553972 0.078432105 2.6363752 -0.9070039 -1.3396242 -0.12942953 -0.1662038 0.9924891 -0.484524 -1.3841124 -1.1055818 -0.52684206 -3.2484083 -1.2530028 -0.7653273 -1.071766 0.51424634 -0.18780407 -1.0000943 -3.229815 0.7194123 2.1150703 -0.03939055 -0.19364287 -0.010421849 1.3228924 -2.6803582 1.1062729 0.6528172 -0.5198482 -1.918762 -1.2002802 -0.04189285 -1.9614595 0.8989 -0.1276997 -0.9601928 -1.2823486 1.2852175 0.2512848 -0.9401056 -0.78816646 -1.9317945 1.2494179 0.51221573 0.20836952 0.5783272 -0.3968527 0.16285452 -0.7109229 0.27656728 0.519832 0.3862824 1.6940502 0.7700691 -0.22092684 -1.9356298 0.762276 1.0584193 1.2800105 0.9721977 -0.7145558 0.8998332 3.4479425 -0.9195948 -3.208737 -0.68220717 0.034540534 -0.7931227 -0.0773692 -0.13446276 2.0021162 0.12128975 1.525343 0.057237525 2.2419362 -1.3715732 1.0928764 -0.35417885 -0.9408805 1.0487548 1.705308 -2.3782022 0.74988157 1.0013045 -1.2190876 -1.2882395 1.1638113 2.1601079 0.93564475 2.3196123 0.067941785 0.20271806 -0.54879075 -0.76910126 1.0403575 2.3453317 0.2544076 0.8654656 -0.8388279
almond -0.068748415 -0.106720164 0.53473216 2.0062182 0.639658 2.835184 0.6843531 -0.2034665 -3.797842 -1.6152778 -2.7335322 0.10133226 -3.5264695 -0.89117044 -3.903585 -0.46968597 -1.7366472 0.43130514 -0.8945014 -0.2944188 -1.1706427 -0.08363308 -0.49729615 0.37379593 0.65070754 2.249065 -2.6595309 -0.28289577 1.3506032 -2.875746 1.4344012 -1.4667637 -1.0406924 -0.25948358 1.5042226 0.99987596 1.0197304 -0.10486766 1.6969628 -1.7221333 0.8519289 3.725384 0.8776474 -0.034833226 -0.5559516 0.13931186 1.2175857 -1.7358083 -0.5165562 0.8499285 -0.47863936 0.33544013 -0.5086671 1.5294874 -0.8644973 0.55171466 2.0377538 0.6630489 1.8369504 1.1286917 1.6619225 -0.8151632 1.172262 0.10176691 0.43772554 -3.1120932 0.036333393 -2.3458247 0.07171065 0.9444953 -3.6143377 1.0082017 -1.2984526 2.0697603 -0.7522577 0.6310177 -1.4747521 -1.0264449 -0.8537814 2.4831507 -0.41542912 -0.4745635 -0.8123907 -0.7458568 5.3456993 2.4592001 -0.24368641 1.1856971 0.5733329 -1.6343864 0.8347164 -0.59195447 1.6279123 0.9701814 0.080000944 2.991963 -1.7334334 0.32965097 1.1861334 0.6297654 2.663166 -0.8501021 1.2824705 -3.3172617 0.82487476 1.8713481 -0.3958433 -0.38154623 0.25241393 -1.185337 0.578113 -0.0076663275 1.430453 -1.0064677 -1.4011872 0.5676213 2.1175914 -1.6494364 -4.7437 1.6576693 0.36818564 0.07853443 1.367153 0.34042886 1.3087816 0.042293765 -1.0153477 -1.1342785 0.62949103 -1.559188 0.18686739 0.41227862 -1.6826789 2.2833753 -0.012516272 1.6702526 -2.1272798 0.029129678 -0.42468438 -0.8822123 0.7254007 0.036923975 1.8854029 -0.5988025 0.12038995 1.4203304 -0.43533763 0.5472538 0.4347907 1.4040008 -0.7916334 0.7542184 1.4323565 0.041410666 -2.7132683 -2.2619023 -0.10130976 -0.6165999 2.5246732 -0.8552266 2.6929953 1.121833 -0.5616017 0.9297061 -1.2374727 0.11687626 -2.9047534 1.1678246 0.903443 2.2705393 1.9051704 -0.35139707 -1.8505311 0.7460244 1.1029395 0.05573133 1.636672 -2.3726468 0.9630328 -2.7101932 2.6369295 0.6679627 -0.93332106 1.853663 -1.2553593 2.3039982 3.5545342 0.7135765 1.3475876 -1.0267458 -2.189291 2.6826684 -0.046166316 0.5180332 -0.6076104 -1.0423908 -0.9930677 -1.038131 -1.6937655 -0.020147061 0.89094144 0.032898758 1.774345 -0.5683232 -1.1688725 0.6976934 -1.4481648 -0.91031575 0.36252266 -1.7640259 -1.6337001 0.45989388 -2.0526187 -0.50022686 1.7126956 0.09107264 -1.8927743 -0.85679835 -2.1462681 -3.06648 0.4749967 0.26320675 -2.8302398 -1.110217 0.6884229 0.9401375 -2.2189088 -0.006753817 1.196431 0.64061224 -0.51165247 -0.16912329 0.4021734 -0.34407866 -0.62292635 -2.2643306 0.6208874 -2.5381262 -1.5047237 0.8927957 -1.1703216 -0.93371636 -0.34510523 1.6789232 2.3528547 2.071197 -1.1421626 -0.66283274 -0.5745719 -1.4455534 0.79449993 -1.5603293 1.8824303 1.4014066 1.2772099 1.2635281 -2.3134673 -0.6504647 2.0392787 -0.7043365 0.32042646 -0.8913826 0.6570641 5.299811 -0.83821416 -2.9442346 -0.72110206 0.04858773 0.23813576 0.39246756 -0.8743587 -0.92232126 -1.7454405 -0.08201995 -0.47729614 0.19165972 -0.123022124 0.22891372 0.43591034 -0.55953896 1.347466 -0.13373834 -2.7249534 1.9753733 2.0569947 0.22492586 -0.80603755 1.894346 1.0610892 -0.13459717 1.1735699 1.3614209 -1.6631061 -0.21621707 -0.2525847 -0.4168631 1.2597077 0.1884413 0.72959 -1.4057796
citrus -1.0419482 -0.78510183 0.043186743 2.6163695 -0.87004304 4.518696 1.6055292 0.35701558 -1.3089402 0.63185054 -1.8125759 -0.21960297 -0.94854534 -3.2053537 -2.4243026 1.1047792 -1.6757388 -0.5643678 -0.33296633 0.5637282 -2.6867907 1.8509881 -1.098244 0.798878 -1.1880958 4.6561 -0.10226038 -3.6492147 0.7499028 -2.6937704 2.133547 -2.5669794 -2.9190168 0.5985565 2.5883303 0.14272934 1.5865297 0.6664967 0.8489071 -2.8642848 -0.79220957 2.7536695 0.8160448 0.03330742 -1.9617196 -2.8106306 0.089544766 -2.881754 0.051342368 2.1161711 -0.002632625 -0.07792851 0.29469717 0.037747152 0.15713109 -0.12338245 0.39787856 1.1676282 1.9002585 -0.051083006 0.83935237 -1.008524 -0.9922935 0.59334975 -3.018897 -1.9372513 0.9169837 -1.8049296 -2.0731065 -0.719242 -3.5512516 0.1397995 -0.46731034 1.7019674 0.32074374 1.7715913 -0.782975 0.3697334 -0.67371464 2.7867188 -1.082911 -0.82983404 -0.4329389 -1.9818139 2.9529047 3.0901742 -1.0816708 -1.8831093 1.3697904 -2.8601458 0.42152917 -1.683965 -0.25691125 2.6426177 0.3092361 1.6876204 -1.1233208 0.97027713 0.53653306 -0.059258565 0.7083233 -2.6592631 0.954826 -2.269319 1.6758039 -0.45130652 -1.2982061 0.04601176 -2.4548001 -1.4684306 1.1701783 0.7274803 -1.9320385 -0.87774146 -1.6267807 1.5216293 1.7686698 -0.5425317 -3.9247556 0.55475307 0.05835132 -0.49246982 0.28513363 -0.32361767 1.2018775 -0.13953839 -0.7789397 -0.58890903 0.007973762 -3.1634178 0.97925425 0.14105359 -3.052502 2.497626 0.18292776 -0.09910567 -1.9062035 1.4549232 1.1928381 -1.071513 2.588511 -2.2149231 2.4796045 0.4107426 -0.74721444 0.6290498 -0.25915477 -0.74203897 -1.0191296 2.329529 0.13855673 0.861344 -0.3015285 0.91453236 -2.1138318 -1.8764739 0.26922214 1.8233677 2.262213 -1.0411661 1.0036488 -2.260716 -1.0192677 1.1203996 0.05438192 1.0849382 -2.5075293 -1.1792026 0.442114 1.9653841 0.11326479 2.3766994 0.03080215 -0.10279561 -2.557863 -0.5465995 1.17161 -1.6247718 0.30755806 -1.5290693 1.8175737 0.5423589 -2.434295 3.5570264 0.95403564 0.98592794 3.5791361 -0.97386837 2.890902 -0.29645562 -1.0990921 0.64784116 0.13721855 1.1205095 0.01980679 -1.4601756 -0.4405723 0.01968613 -3.2072568 0.069029346 -0.6159054 -0.57990944 2.2657728 -0.033678547 -2.0349748 1.7037016 0.6568632 0.15329929 -0.025228381 -2.1392064 -2.3538625 0.35422447 -1.3700303 -1.0464109 0.94105273 -0.5174379 -1.8575112 1.1788338 0.25905862 -2.7150273 -0.4628203 0.9497595 -1.6820141 -2.0670764 -0.055701517 -0.271367 -1.8363007 -0.18632036 0.8359151 -1.2032319 -1.3796933 1.376659 -0.05350341 -2.8677342 2.1866915 -0.37586448 -1.3421549 -2.1402564 1.6501023 -0.05368821 0.37015086 -0.51360697 -2.554399 0.23524974 0.99142015 0.3428681 -0.07584602 -0.38003367 -1.0437351 -1.0942494 0.42209432 -1.1320207 2.4633527 2.2134728 0.9259661 0.9748338 -1.8149128 -0.36152413 -0.15218034 0.8929638 1.2227638 -0.65415287 -1.8417785 2.9189043 -2.206806 -1.8448611 -0.53343254 0.32176903 -0.0661714 2.4597645 0.32122195 0.6573399 -0.30616096 2.0925431 0.63553125 1.9305507 1.452909 1.2163346 2.1044686 -0.5777147 1.580087 0.91419935 -2.7078264 -0.5612163 0.8880604 1.4255918 -0.31227258 2.8730755 1.2384638 1.228485 1.2983785 0.71557826 -0.8498073 -0.56657684 -2.470058 0.031769976 1.9332588 2.866214 0.61583436 0.9689581
mustard -1.1594442 -0.48145545 -0.7899197 1.5970814 1.4549971 2.2988412 -0.9567893 -1.0155004 -2.6356328 -0.23781869 -1.6212255 0.34758776 -0.8825949 -1.4044592 -2.7470877 -0.5216599 -0.13409962 1.6978198 -0.13357635 1.3616514 1.8192637 1.2995034 -0.5675568 1.7183882 0.22191247 1.1049635 -1.4719727 -1.0047069 1.6153373 -2.35613 1.9302688 0.80242056 -2.1871529 -0.4127062 -0.011393746 1.5501314 -1.3646505 1.3634604 2.6293805 -0.30102846 2.2444715 2.734035 -2.050663 -0.7962493 -0.77055556 -0.90405047 0.9642726 -2.0790007 -1.4785432 2.3751988 3.6756577 2.4010699 -0.91428924 2.5697749 -0.022135286 -0.75077724 2.271709 -0.06640971 2.2979395 -0.254121 0.27726507 0.019642577 0.9328636 0.87004566 1.465474 -1.4896841 0.3066772 -2.0052192 2.7739198 0.47793847 -3.6685789 -1.2691144 -3.5053077 0.50498885 -0.5845165 0.33659604 0.38181418 -1.6535118 -0.18507183 3.1804008 0.7396025 1.7812508 -2.645309 0.4626775 3.862375 1.4234523 -1.717071 2.1872966 0.84099734 -0.99837106 1.1086233 -2.978334 0.40791526 1.0502254 -1.324161 1.3819468 -2.5245693 -0.04378628 0.09760871 1.304363 2.395166 -0.11419503 0.5105434 -1.9837657 1.6295657 2.9772906 -1.9592472 -2.0452573 0.045853704 -0.88324594 0.8128316 1.1105728 0.29056105 -2.2359216 -0.51318705 0.83203226 1.9490948 0.23281686 -1.3007643 -0.5444403 1.1552697 0.85092914 0.7359916 -1.9055918 1.1486019 0.4856676 -2.2918444 -1.0884415 1.4873154 0.5839601 -1.2086272 -2.8073094 -1.0375514 2.3990011 0.417719 -0.2471189 -1.5002624 0.97647506 1.1900381 -2.9153936 -0.9564898 -0.1134781 0.9783524 -0.70140165 -2.9947767 1.2475936 -1.2043017 -2.0379105 -0.81530976 -0.4742069 0.24713965 1.6467266 -0.46014893 1.5597292 -0.45455223 -1.6458325 -0.45062953 -0.79068106 1.8412672 -0.80705774 1.7262653 -0.2119213 -1.0330012 0.4245912 0.48929772 0.9840484 -2.6707027 1.1427505 1.7960941 -0.3247944 1.8830222 0.85853565 1.2720051 1.0632261 0.6937348 -2.1517296 0.6347886 -1.1170787 0.6585181 -0.6993005 1.7069536 1.2477884 -1.1270498 -0.3430953 -0.75409085 2.6248062 2.5077257 -1.1049231 -0.4502291 0.28012455 -1.756254 2.7003105 -0.38565844 -1.5623606 1.2983981 -0.12059401 0.9570396 0.7967224 -1.6462207 -0.39124218 0.29562923 0.13418731 0.98153055 1.7234166 -0.95924497 0.58765477 0.5322101 0.64657 0.2574243 0.14783327 -1.0087826 -0.084813766 -1.0707856 -0.5637383 0.7112854 -1.3280554 -0.8687971 1.4070553 0.66942817 -1.8643751 1.6371932 3.732363 0.4477281 -0.5463162 0.37808907 0.8575494 -1.1197219 1.7974075 -0.058858145 -0.53937894 -0.5618674 -0.19073458 0.6213318 -1.9880804 -0.025080547 -1.6031705 -1.3703027 -1.9036045 1.0178125 2.4608424 1.426265 -1.6622988 -1.0957726 3.5773532 -0.85698557 0.39776114 0.101514 -2.893735 -0.16485718 -1.2810268 0.18842943 1.8775592 2.5096264 -0.1564348 0.8065173 1.1400039 -1.4733942 -0.74742913 0.5969296 3.0431733 -1.9123459 -1.0173053 -1.6032933 2.185315 -1.2173854 -2.4379575 -1.0078232 2.1946912 0.6780892 2.1400735 -0.028888373 0.096098736 -0.7450067 1.4790009 -1.6834168 0.4595138 -2.1850803 0.45316872 0.5578356 -0.056565758 -0.9831627 0.66200113 -2.7219718 2.227896 2.008788 -0.57050496 -2.6709626 1.3119339 1.0698376 0.09433395 2.227939 2.396708 -1.5822734 -1.597596 0.5497086 -0.7007963 2.7572942 0.66818404 2.3978949 1.2882606
cardboard 0.6632424 0.87810624 1.4039481 -0.1507208 -0.27628648 -0.32594463 0.036912262 0.74008423 -1.7737565 -0.20540717 -0.37036663 -2.2562802 -1.5034463 -1.2329527 -1.7260035 -1.7545378 -1.7284225 0.44203025 3.3023586 1.0306637 -2.4478385 -0.5012406 -2.5182328 1.4189676 1.2852308 -0.7039458 -1.6151832 0.63268316 1.4713901 1.7405181 -0.9053962 -1.2510842 2.554494 -0.3572882 2.4836977 -0.7299455 0.9144457 1.1111125 1.563566 1.0940716 -0.53484833 2.0807128 3.1340897 -2.8982368 -1.8352876 3.6382356 2.340476 1.7376825 -2.4196022 1.3507805 0.951979 1.1547797 0.90960085 1.7333562 1.972535 -1.4014891 1.9801494 -0.5276439 1.486059 1.6024905 2.8154497 0.033091553 1.1525931 -0.31810692 2.2205899 0.0005546913 -5.3862906 0.50221276 -0.6417678 -1.6325127 -0.7516987 -1.4444355 1.0525479 -3.360136 1.7072598 -1.3184466 0.7001619 0.591903 -0.82207906 2.5181234 2.024572 0.9445885 -1.1052277 -0.21360329 3.2188647 -1.1740263 -0.40517053 -4.50495 -0.39078018 0.93694484 -0.4682787 2.536488 0.32824355 3.119756 0.34063914 0.47936726 -1.1058455 3.6952395 1.658528 1.043835 3.7457128 0.5238533 0.5702004 -0.34370428 2.7632225 1.3510776 -0.25074416 -2.3473084 -0.3383942 0.7753834 0.6006495 1.5215224 0.45765656 -0.7628085 2.5699873 1.8853337 1.6795619 -0.17156252 -2.2399497 -3.0280597 0.91876423 -0.3223219 2.1396563 1.4889327 0.30120927 -0.1886007 3.212549 -1.2376379 -0.18767875 0.013619016 -1.72566 -3.869776 -1.3902516 0.07883036 0.5412056 0.5729356 -1.9245969 -1.1683389 0.31758878 -2.2875743 -1.883239 1.1516333 1.1600609 -0.038512457 2.1988432 0.24206918 0.9771242 0.78800035 -0.8813001 0.67878366 -2.1241693 -0.2083887 1.1576498 0.2947754 -1.0253817 -3.0058177 -1.1338449 -0.7015402 -0.48994267 -2.8029044 -0.84343976 -0.7006394 0.24676396 1.6864728 -0.8435096 0.28798902 -1.3223829 0.22141987 3.2800875 -0.5176564 0.6855543 0.8313566 -0.018809572 0.94108117 -0.25306287 3.979949 -1.2970171 -1.3742716 -0.120587066 -0.06180889 -1.5199627 0.8653889 0.17134866 -2.9514475 -0.36489695 3.9317155 -1.6758043 1.4173431 1.6764808 2.6608186 -1.1232 3.0095055 -1.9057817 1.3618267 -0.34686905 2.2633696 1.101363 -4.2199416 -1.4798273 -1.8699579 0.6919217 1.1761916 3.6481254 0.40953043 1.8551738 1.6195288 -0.15203328 0.2558965 -1.2688158 0.58364767 -2.4619546 -2.0897627 -5.7135234 -0.5593833 -2.4671028 1.391054 0.22601928 -1.4736886 -0.74447644 0.68469155 1.599282 1.4529485 0.20828429 -1.5207558 0.41802436 1.88099 -0.91568786 -1.4037188 0.42414865 -0.7333004 0.004278802 0.13222602 0.8179398 3.2549572 1.169849 -0.49445608 -1.3820252 2.0995693 -0.31917608 -0.29157695 -3.2993546 -3.4677036 1.6086559 1.0607196 0.72953045 1.7004007 0.4991956 -1.2416239 -1.9739919 1.1058613 -0.37509766 0.8616438 2.701811 -0.3653251 0.94758075 -1.7032342 2.179711 0.54694116 -0.58955526 -0.12262976 -1.2382538 0.07058767 2.6837947 2.9480531 0.96255285 -3.635991 0.2703695 1.5102965 -1.8612857 0.54511565 -2.0297012 0.65231866 -0.29979226 -0.74663454 -2.6347103 1.3857967 -1.4192121 -0.06866691 -0.048675578 -0.11716925 1.0640887 -1.2205197 -2.5243497 -2.2512672 3.170602 0.31251657 -1.9860228 -0.4088791 -0.27138948 0.71273065 -0.21078365 2.53951 -2.2782547 -0.79076535 2.440176 -0.56671304 -0.82279754 -2.6773522 1.3397707 -1.9730083
vanilla 0.24916515 0.37742525 -0.78261775 0.93510455 0.07107475 0.6559085 0.3967448 -0.9465176 -3.2846103 -0.1098421 -2.3253207 -0.5873221 -1.7040787 -1.0146583 -4.2163467 -0.8674412 0.091043636 -0.36796787 0.6420883 -0.75376695 -2.3765023 -1.7369162 -2.4044952 0.9264039 1.266524 0.7464935 -0.38728538 -1.7246993 3.5855737 -2.310905 2.5394337 -2.3989148 -1.8777546 -0.7777729 2.2173667 2.6649625 0.50756186 1.2816098 1.3476588 -1.0489035 1.7968489 2.2713318 1.095719 2.476041 -3.2215939 0.019888215 1.4075325 -1.7074863 1.5602944 1.040534 -0.22706547 2.3569798 -1.6262205 1.8074805 -0.49556383 0.042345837 1.5104234 1.1977508 1.0717157 -0.08893366 0.30101848 1.5281157 -0.45162952 -0.77094835 -1.1873729 -1.4321823 -1.8022413 -2.8987727 -1.1492132 0.095472194 -4.050597 -0.943478 -1.9480673 0.91133773 -1.4132652 -1.0173969 -1.9132564 -1.1040895 -0.78658277 1.7267858 -0.8471284 2.6830943 -0.82562876 -0.09745721 3.0671904 1.9016645 -0.67707855 -0.7969842 1.3879479 -2.591972 -0.5393113 -1.075027 2.209181 0.29193103 0.10957724 1.5272174 -1.0776863 0.9087806 2.7208035 -2.0354297 2.9351501 -0.5644943 -1.2688558 -2.3840759 0.79943085 2.4079745 0.16230217 -1.866443 -0.019449765 -1.0092119 -0.91683424 -0.12472338 0.88561356 0.24655023 0.026310273 0.014337032 3.103423 0.05285049 -3.207118 1.8534096 0.9441424 1.5685815 0.25787356 -1.92207 2.4527225 -0.7154064 0.49690402 0.4887655 1.6076262 -1.6959949 -1.1371825 -0.32859337 0.15673457 0.44525668 0.6283001 -0.3800898 -0.9815638 -0.011226681 0.8363979 -1.6854138 0.9929815 2.65324 0.5453919 0.88408244 -0.6388435 -0.5107423 -1.4741912 -0.73201776 -1.0386616 1.8446418 -2.0911574 -0.9236859 0.6789452 -1.085996 -2.1661267 -1.6493065 0.863582 0.052567746 2.1233602 -0.5068117 1.5057906 -2.5730574 -1.2884345 1.522459 -0.4649898 -0.5834868 -2.9944322 1.3660196 -0.04747661 1.1031471 2.3475068 -0.42711028 0.774995 0.90852916 -0.06356817 1.4955306 0.51909745 1.116126 0.704139 -1.606764 0.6167462 1.829897 -1.680397 -2.426033 -0.05915678 1.9515182 1.6809837 0.8455112 -0.69195706 -2.1352532 -1.6184684 2.3952913 -0.5203397 -0.94308066 0.27378714 -1.6226915 -1.3322651 0.9758987 -3.066295 -0.79530495 0.2752636 -0.79157084 2.486553 -0.2888862 -1.981289 1.318111 -0.24829845 -0.32463044 2.1115634 -2.1622398 -3.2323596 -1.6117415 -1.8771652 0.59086525 3.1059432 -1.2318106 -0.5589818 -1.8877292 -2.5581043 -3.7581127 -0.12391088 0.43889567 -2.370518 -0.6362456 -0.0737379 1.5914732 -2.0647802 0.4871922 -1.4776305 -0.24925987 -0.94983244 -2.1408043 -0.53867126 -0.57220834 -1.0049509 -2.0621672 0.22369504 -1.4601618 -1.2920364 0.44573042 -0.60421187 -3.7631853 -1.1625546 1.8914121 0.80684286 2.5076554 0.13887371 0.57079464 1.1589323 -1.317669 -0.9115179 0.2714032 0.8851536 0.26811337 0.7445354 -1.0444694 -3.37266 1.1358032 -0.093446076 0.6179046 -0.27640224 -1.5394558 1.3779488 3.6831546 -0.36734074 -3.6731696 -0.27102947 3.496241 0.42829043 0.7650173 -0.38080832 0.6602461 0.031568874 -0.24835557 0.71920884 1.6720796 1.082062 -1.2470776 0.49853578 -0.774114 1.6403551 0.4262892 -3.256418 1.5809716 2.6422856 -1.7905777 -1.214337 2.1205857 2.1394796 -0.3950258 -0.03233894 -1.4342295 -2.3043354 1.0233256 -0.07147967 0.5627099 2.1886053 1.2376082 0.26777282 -0.123500235
perfume -0.17023829 -0.20196952 -1.3301055 0.88778144 1.6746274 2.7161412 -0.44881043 -0.13149886 -5.006182 -1.4673285 0.4817363 -0.2750621 1.6339136 1.3156141 -2.320628 -0.5296077 0.16256893 1.0082723 -0.8976555 0.81015366 0.10582909 -0.832477 -1.5723355 -0.64052063 0.2550547 -0.15568973 0.065821506 -0.45811337 4.2077765 -1.4780036 2.317403 -1.4888567 -9.05809e-05 -0.051041994 1.4588406 0.9804481 1.7185482 1.1021956 3.5809965 -0.94933 0.6865547 0.5490509 1.3748099 3.619962 -0.3820604 1.5467634 -1.893368 -0.6370223 -0.18307121 0.1007956 0.6153884 1.0838923 1.1532599 0.7976766 -1.2583112 -0.862948 3.5059738 0.34630007 2.8772173 1.0867447 -0.05879577 0.99134946 -0.41982457 -0.62994885 -1.5394566 -2.560711 -1.3823413 -1.8006512 -0.41385466 -0.042285137 -1.1725646 -0.5835437 -1.336832 -1.6836596 0.41587716 -0.85982233 -1.6816849 0.5285334 1.0430334 0.73706776 -0.9466757 2.13481 -0.8116228 -0.9509752 1.6190683 0.31594864 -2.7411127 0.33988866 1.5005869 -0.34222955 0.009012778 -2.3512294 -0.17030951 0.9959509 1.4681172 -0.25925994 -2.3719983 2.1208134 0.7070022 -0.13905463 3.4847002 1.1358337 1.746406 -3.085451 3.5159051 1.2977684 -1.1540405 -2.7450938 -3.973785 -2.746986 -0.5642547 -0.04989495 -0.34192145 -3.6723557 0.09610207 2.4351993 0.4301233 -1.4361856 -0.13747965 -1.1996591 2.2141206 0.73666453 -0.4458751 0.24907383 0.87870353 1.5486935 -1.4817784 -0.9376133 2.302249 0.7790718 -2.0305798 -2.39153 1.98752 0.8078765 -0.6998182 2.0804918 -1.0226202 -1.7765708 -0.784257 -4.570296 0.18503992 2.3580353 1.1982216 0.9513916 -1.6817157 -0.32993144 0.10010071 -2.618397 -2.5260913 0.35469323 -2.6933348 0.3011891 -0.6440999 1.0404084 -1.5937353 -1.2444865 -0.75361943 0.08468713 0.047970146 -1.5319744 1.3636994 -2.4929216 1.7790976 0.5042022 1.5469472 0.44523758 -1.3154892 1.5560881 3.3075109 2.7613654 2.5009785 1.0292205 -0.9773312 -0.3841774 -0.9299906 0.10821083 -0.31776038 -3.5857072 -0.71309805 -2.6169221 1.8389916 1.5522169 -2.1973689 0.6303767 0.75410026 0.6384916 2.0585356 -1.8355814 -1.4689467 0.08684049 0.4858617 2.9911876 -4.79344 -0.77824837 1.128004 0.7393774 0.46049428 0.37859663 -2.0313022 -2.075986 -0.109846264 -2.7387938 3.2762833 -0.63034606 2.0516055 1.5478495 1.1090696 0.3733706 1.6837306 -0.20167863 -5.4530015 -0.5503608 -2.5955775 -0.36817187 0.8101347 -1.1101464 1.8865712 -0.47934657 0.23481382 -3.0004292 0.5290481 0.12997018 -3.4450333 -1.8755145 -0.13189761 -0.092089176 -0.35075185 0.18895407 -2.0802548 0.08586021 0.5093006 0.7908342 -0.96114314 -0.6844361 1.6642268 -2.3510303 6.4725755e-05 1.8794836 -0.46432665 2.837295 -1.1891904 0.08325932 -2.7100964 1.677478 2.3480647 -1.2898623 1.4493787 -0.5353093 0.8498142 -0.8716768 -0.054327562 -0.27358937 4.5495214 0.6431704 -0.85282344 -0.7497442 1.4794399 -0.07712034 0.4191405 -1.7778343 0.43376008 -0.6793733 -0.09508962 0.42022353 -0.08123363 -3.0955105 -0.193843 2.090465 -1.4850405 3.5031028 0.7170051 0.038520973 -1.1752208 2.1039124 0.04790303 -0.31358576 0.95124125 0.5568028 1.5144658 -2.6450922 1.7279518 -2.0586271 -0.9159663 0.69378 0.41609737 2.4269698 -2.2260046 0.1164956 -0.13178359 0.57541674 0.4695009 1.0813171 -2.8235967 1.0832245 -0.4913259 2.1861117 -0.052903704 -0.6451593 -0.049111124 2.8645153
pineapple -0.57530487 -2.1533418 -0.3809008 2.104657 -1.8517392 1.6255877 0.9848617 0.46445355 -2.0251777 -0.7785208 -2.1985834 -0.538977 -1.6527064 -2.8545291 -1.9692569 -0.7420351 -1.3640336 0.53991944 -0.013173197 -1.3507401 -2.4376006 0.9409001 -0.87777096 0.8692308 0.95331454 1.7894467 -1.4539411 -1.8355926 1.9458822 -3.1078491 0.7011931 -2.8458931 -1.9461409 -1.0202454 2.2231321 0.2098388 1.870436 0.57369226 0.40804124 -1.1537942 -0.29205358 3.7016776 0.4800653 -1.2677695 -0.31785494 0.6573714 2.5168273 -0.30614105 -1.7043155 1.3983232 -0.38998058 0.34186676 -0.56982416 1.7014167 -0.18541825 0.09553086 2.1172361 0.5949209 2.417467 0.19435358 1.7787129 -1.2209585 -1.0612576 -0.68489236 1.0136061 -3.1797216 -1.0773185 -0.8245906 -2.283805 -0.8208852 -2.773492 1.025145 -1.92138 1.0004358 1.2289741 -1.4757216 -0.7323718 -0.6249161 -1.6765 2.7072718 0.8304444 1.8571213 -0.85776323 -0.56940764 3.596222 0.23275636 -0.951077 -1.6901369 0.055868044 -1.9054371 1.5543386 -0.39615938 1.2188025 1.5932833 0.8523777 1.579882 -2.40653 1.832189 0.37129748 0.37371805 0.53803223 -1.195534 1.685119 -1.9634302 2.312022 -0.61621165 0.18089488 -1.6599456 -1.2277715 -1.2576456 -0.71425444 0.62860495 1.166753 -1.0965264 -0.3990211 1.2634265 1.1004906 -0.01864804 -4.470791 1.5650816 0.550056 0.29128274 1.1332995 0.2800208 2.0885746 0.57825524 -1.1814619 -0.9339875 1.5619698 -0.6154811 -1.5846697 -0.7346472 -0.89320964 1.211203 -0.9971175 0.85117805 -3.097862 -0.7224175 1.4296316 -1.6501136 0.5787667 0.39328486 1.9266388 0.0066951 -0.7035382 1.6700737 0.9731956 -1.6918375 -0.30970657 1.0660386 -1.6917013 -0.32942447 0.21968783 0.81263196 -1.2818761 -3.483945 1.4746395 0.19230695 2.6062286 -0.280005 -0.25953805 -0.37888983 -0.10731675 1.0270783 -1.0450263 -1.5830337 -2.1912055 -1.4487338 1.6625643 0.11442686 0.1463031 0.45366377 -0.21460715 -0.123756856 0.1921928 0.7244275 0.5009229 -0.33583692 1.7167768 -0.91671973 1.7575523 2.1887333 -1.8076478 2.3823986 -1.1474539 0.552778 1.3483058 1.0392896 1.8411378 -0.9366381 -0.41412657 3.6929874 0.06465378 2.7565298 -0.7172083 -0.93139845 -0.68472564 -0.5907614 -0.80124927 -0.11077322 -0.74532366 -0.43707314 2.3107772 -1.3180743 -1.2113079 2.115403 -1.2647625 -1.1093276 -0.6458967 -1.565721 -1.5218322 0.4430357 -3.403035 -0.87381697 0.59738106 2.0404239 -0.61153156 0.6396737 0.0075485064 -1.8201854 -0.2624386 1.443243 -3.8672438 -2.5463955 0.23425716 1.93257 -1.547241 -0.49467018 1.3921993 -1.0391086 -1.7162143 -1.6291894 0.82002014 -1.8486943 0.9472719 -1.502445 -0.8741424 -0.8226918 1.3234843 2.0550137 0.40092045 -3.0873985 -1.0033269 3.333531 0.42072624 -0.5616804 0.27946952 -0.5240665 -0.09329107 -0.7552832 0.43292338 1.1052206 2.2024682 1.3630352 0.8373232 0.39010984 -0.38407362 1.6735747 0.81293887 -0.050792158 0.47603428 -1.6779953 0.47335824 3.1030426 -0.78075284 -2.9355693 -0.13180389 0.07171578 -0.6783305 1.3711239 -0.5092481 0.61033505 0.16946203 2.431671 0.22190312 1.0373696 0.95389044 0.9136716 2.10774 -0.5413678 2.2442968 -1.2428545 -2.3922806 0.7722751 3.1945345 0.11473009 -0.49748623 2.284682 1.4398507 -1.2091929 -0.13090417 0.7994599 -1.3268601 0.60157335 -2.410961 0.4962294 2.7985294 1.0274203 0.9504954 0.10222518
rum 1.3999627 -0.442587 -1.0581992 1.3235335 -0.026412174 2.0421386 1.8442371 -0.37185955 -0.4445746 0.64634 -1.3677298 -1.2414092 2.3963552 -1.1136719 -3.5740418 -0.8565823 -0.024993949 0.6689775 -2.0705836 0.043949775 -2.1926107 -1.0890048 0.43228638 -1.3448343 -1.4586388 3.1743505 -2.0697253 -0.146954 4.310885 -0.5814045 1.2836834 -3.497786 -1.7328721 -0.49996734 3.3419566 2.4963667 0.8564966 0.7377578 1.9189295 1.3415809 -1.3030188 2.749525 1.4921902 1.4788861 0.6156049 0.15912417 0.5422777 1.2652159 -0.88472944 1.2267203 -3.3480313 1.5009868 -1.4306924 0.12614381 -3.9718766 -0.5289048 2.7030194 1.4234787 2.3359911 -0.12735213 0.39742056 0.3255035 -0.5693676 -0.7711644 -0.1863743 -0.5576307 -0.79847115 -2.3507278 -2.4070954 0.4281117 -2.6880796 1.6521273 -2.9824562 1.9625641 0.54659957 -0.83667105 -0.9379549 1.4107006 -2.280506 2.120041 1.0483464 2.5373564 0.324301 2.027226 0.99292374 1.842602 0.23462653 -3.909726 3.485564 -2.2159708 0.86986923 -1.5491843 1.690264 2.8994145 -0.9583323 1.6767083 -2.328615 -1.3960431 -1.7559241 -1.9291611 -0.11102486 -3.1435282 2.174098 -1.1276817 3.6970713 3.214138 -2.1130126 0.3515324 -1.1064057 -0.7715109 -2.5239208 0.15353139 0.70233834 -0.31195787 -1.5111032 1.7875881 -0.6902891 1.2717385 -5.0602922 0.7448341 -1.595796 1.1688417 1.7460672 -0.016333561 2.9499035 3.0306704 -0.85279185 1.8602401 1.8091303 -0.29255262 0.5367428 0.11590464 -0.6722075 0.7925281 -1.2053087 1.2883422 -1.7030469 1.0690217 1.3209298 -2.3227684 0.3892974 0.17165461 2.4015572 0.618754 -0.28453377 0.66456044 -1.6211623 0.42158347 -1.3390183 3.3931687 -2.6135635 -0.9156068 -1.4774438 0.6204612 -1.4857143 -1.760403 0.29174027 1.4117162 3.0849154 -0.07165202 2.3209574 -2.3389919 1.217896 -1.7844012 -0.98708314 -1.5632141 -0.7131362 -0.61259294 -0.8254622 -0.17175266 1.8001517 1.7597148 0.38655066 -0.4471966 -0.28035054 -1.1718584 -0.581755 -0.42517573 -0.07910979 0.16374773 0.14628111 -0.4254397 -1.6278012 -1.461294 -0.5217809 0.87472945 3.3809137 -0.1583233 -1.7721044 -1.4845486 0.8480089 3.866262 -1.255992 -0.049464937 -1.0813042 0.5459598 -0.72501993 -0.7630364 -0.044325937 -2.017185 -0.28779364 -1.0516822 2.9651213 -3.4260366 -0.33688077 2.70209 -0.8247577 -1.5583258 0.6668786 -1.5914694 -4.8025684 -1.6054575 -3.3136866 0.80858386 -0.43377998 0.41256115 0.2115777 -0.32472792 -0.5250042 -2.8989973 0.5878601 0.49244583 -2.3861225 -1.753998 -1.5054435 0.6682591 -2.496973 -0.23928368 0.16167599 1.6616912 -1.3459599 0.7078316 -0.29302225 0.12566134 -0.36215475 -1.5695612 -1.0332756 0.705617 -0.8234577 1.5084367 2.6502297 -0.8628024 -1.003392 1.7443852 2.9186146 1.9072287 2.3826325 0.6641272 0.33441642 -2.9871686 -0.9811963 0.00534778 1.5862426 -0.40516287 1.7610008 3.1911082 -2.6211443 2.8015897 -0.33736518 0.9372673 2.2206912 -1.6204715 0.11970504 3.3773968 -0.042617064 -0.9566446 0.42123765 -0.30568156 -1.0958686 -1.3341027 -2.7279778 1.0804355 -0.93078506 -0.2611778 0.8105585 3.9530215 0.7266556 1.0967678 0.5975564 0.020082368 2.0616941 -1.9537811 -3.0456457 3.0320818 1.4725145 -1.3545555 -1.4486173 1.941555 0.085143186 -1.992821 -0.6659735 -1.7550706 -1.9518386 -0.17670524 -2.0787885 2.0370982 -0.009592412 0.44925916 2.7757382 1.863546
cucumber -0.58342886 -0.36221296 2.0068455 1.5349989 0.5017535 1.8930138 1.0605519 0.3655619 -3.4966173 0.26812404 -2.6935391 -0.45680282 -2.0454566 -2.392478 -0.9316441 0.9116359 -0.765855 -0.8180788 0.8577944 -0.34096533 0.605371 -0.084381774 -1.4777206 1.2724814 0.6399729 -0.046742722 -2.5027556 -1.4668999 1.7053704 -2.1963413 1.356725 -2.3447893 -1.9028683 -0.2590171 0.44705212 0.6607732 0.16736382 1.7144938 -0.096582346 -0.86803186 -1.1937963 3.2482367 -1.091508 -0.028513143 0.43060717 -0.040710773 3.533089 -2.4100583 -2.2604945 2.3879018 1.1237073 1.5352192 -0.5067589 1.1974356 -0.22140475 0.96615773 3.5818741 0.32503197 1.6725409 -0.66832286 1.1030748 -1.8479776 0.22004196 0.31424925 1.3291608 -1.6363932 -1.0883023 -1.0729859 -1.5378747 0.081073485 -3.2239912 0.8092813 -3.3332162 0.37334663 -0.0531595 -0.1606702 -1.2320496 -0.7647773 0.924503 3.450066 -0.17589228 0.5443138 -0.9726664 -0.90226096 5.240793 0.40223566 0.19803077 0.002212978 -0.4831354 -0.7285507 0.5945662 -0.49338093 0.4885536 1.6416061 0.47769496 1.4041607 -2.3824987 2.863323 0.14533564 -1.4448756 1.0544229 -1.326981 0.59498817 -4.013603 1.9222344 -0.15209669 -0.1413328 -2.787616 0.6101579 -2.3886487 -0.5747882 -0.47997114 0.79214513 -3.1728704 0.18140739 0.13915905 1.449973 0.44698098 -4.833486 1.9803848 1.1093252 1.6156428 2.0099 0.27149573 0.81806284 -0.15649813 -1.7981181 -0.36167583 -0.29938474 -0.69649905 -0.8841955 -1.0822376 -0.6909077 2.490659 -0.24529426 0.029233947 -3.1352494 -0.6300553 -0.34827468 -1.801337 0.8492444 -0.5235247 1.8185253 -0.7417471 -1.5655206 0.35454598 -2.8984962 -0.10571908 -0.81652373 0.44856462 -0.42579436 0.34490713 -0.42851046 1.8003916 -2.1084204 -2.920827 0.29482993 -1.3659083 2.4917645 -0.28138477 1.261885 1.184345 0.80767417 1.781752 -1.4782364 -1.5717431 -2.9479375 1.3845994 2.9198508 0.59329563 0.4390067 -0.4232452 -0.7427113 0.3193189 0.4138695 0.017643945 0.41195074 -2.619867 1.0243391 -0.037219908 0.37557274 1.3969141 -1.5528191 2.1355245 -1.186731 1.3967088 3.145207 0.33004153 1.4776355 -1.5231829 -1.3783265 2.4936852 -0.3148437 0.9561491 -0.9201977 -2.063013 -0.57721925 0.019662663 -1.4822329 2.2918038 1.8876382 -0.89549756 2.294931 -0.30481774 -1.4932045 0.1457255 0.08279376 -1.0347468 -0.65235907 -0.7421905 -1.8465599 1.2852876 -2.402939 -1.3626722 0.5496937 1.8844506 -1.7661986 0.2076637 -0.117701106 -3.6622477 0.237066 0.95507556 -1.3581781 -1.8953952 -0.1357981 0.40327406 -2.086639 0.014043564 0.0014696213 -1.0649035 -1.7741351 -1.1124384 0.51089466 -1.0731406 1.2373465 -0.8592519 -1.8851029 -2.3070946 1.2269174 1.9557928 1.2814035 -2.6083655 -1.9687674 1.4797319 2.1331007 -0.34582326 -0.40366527 -0.9351588 -1.0944532 -1.9151263 0.83112043 0.00774622 2.24678 0.13368337 -0.43100092 1.2524043 -0.15797177 2.3233361 0.8948628 0.42191005 -2.0915754 -0.74683803 1.666606 1.7131152 -1.3111529 -2.3852332 0.27296475 0.2914399 -1.7418082 0.82241535 1.053442 0.6489929 -0.92678 -0.15616328 0.45764273 -0.24556306 -0.17098065 0.43300432 2.6093774 0.8929792 0.047209192 0.96735287 -1.9151555 1.8343288 2.4381344 0.9471517 -1.0479552 1.0890559 -0.44002253 1.2060142 2.410769 -0.35446352 -2.0629926 1.7520176 -0.8254495 -0.11401624 0.33977565 1.6407435 0.98518425 0.54938185
cinnamon 1.564345 0.53601956 -1.073267 0.26882225 1.2973979 0.91198 0.6634984 -0.7135747 -2.5760295 -0.86978215 -2.287622 -0.19005775 -0.14274892 -2.557419 -4.550509 -0.034784183 -0.83237433 1.1799235 -0.63774407 0.5897306 -0.105373494 -1.516402 -2.122587 -0.88281405 -0.48848245 2.651898 -0.15148313 -0.9329191 1.9378603 -4.088448 1.8141809 -1.9631045 -1.5689262 1.8891221 2.5069928 0.44097996 0.6670494 0.7972467 0.06867302 -1.9863524 1.5532459 2.650674 1.9087195 0.6797798 -1.7403808 -1.2319348 1.3427691 -2.110567 0.68382573 1.4347873 -0.053198766 1.2636558 -0.41561446 0.86876273 -0.3330578 0.13707611 2.3608544 -0.106452 -1.4532421 -0.4275701 1.4170294 0.16883878 1.1599413 -0.6327567 -0.1333163 -1.2097087 -2.5663323 -1.9887053 0.9446733 -0.6544528 -2.248023 0.49390635 -3.5609298 -0.1027243 -1.7465917 -0.2592189 -1.1016704 -2.7685976 -0.097305834 2.8709216 -0.76473415 1.058964 -2.0676458 -1.126954 4.395655 0.02426793 -0.041664895 -1.5085422 0.83701974 -3.0372665 -0.71370447 0.64981085 2.4258435 -0.30593535 -0.11952215 1.0290964 -2.3946745 -0.63936406 0.46739388 -1.56752 0.17643909 0.28728718 1.2109627 -2.8289385 2.3748953 4.0082784 0.34691057 -1.1708504 0.081107385 -2.7320185 0.050824374 0.48972565 -1.2883952 0.20467888 -0.52030116 0.9940553 2.7031422 0.057207447 -3.7880692 1.2786516 1.0949012 0.20774238 3.144913 -1.7019235 1.1921678 -0.36543736 -1.7422478 0.67270833 0.56966215 -3.6005104 -1.6756978 1.2663189 0.4393222 0.84529424 -0.11019068 1.0514007 -1.460102 -0.532258 2.0890617 -0.82050186 1.4016031 2.432954 2.2886639 -0.24039799 -1.5404071 0.13254885 0.65244913 0.6444895 1.1919899 1.9343137 -2.0499165 -1.5990576 0.6835475 0.17910857 -1.2333276 -2.1682029 1.6594074 0.7934735 3.3656554 -1.3567669 2.30159 0.6957433 0.7742332 0.9995503 0.3123471 -1.70197 -1.8250012 0.60375214 1.7302554 1.346891 1.63957 -0.06600962 -0.4833189 0.5076963 0.21391498 -0.090724476 3.0953617 -2.6917517 1.5634258 -2.0560007 0.6413061 3.0547748 -2.073711 1.1858051 -1.1027662 0.82492214 2.824411 -0.12585925 -0.40318432 -2.7834349 -0.6038634 2.5032516 -0.8252987 -0.2545659 -0.83768266 -0.39324465 -1.739212 -1.0901785 -3.701279 -2.5363126 2.8301911 -0.43287513 1.4796888 0.65296733 -0.5249107 1.9328737 -0.2741637 -0.35222605 0.36183894 -1.6765534 -3.0617445 -0.77601665 -3.3684986 -0.7670856 0.24001628 0.6639502 -0.9939781 -0.22898906 -1.6633701 -1.6408622 -0.28691438 2.0832617 -3.5559921 -0.46307355 1.1248275 0.7068642 -3.1993408 -0.3316498 -0.9737406 0.63119566 -1.4457009 -0.23142701 -1.1483122 -0.90137845 -0.55211276 -1.1267134 -0.23432559 -2.4179401 -1.6054215 1.6722399 1.5598545 -1.8089916 -0.627199 2.0060914 2.2647254 1.3407845 -1.5592202 0.1573878 -0.08786665 -2.6836739 1.058834 0.99321556 1.0865539 1.7273654 0.5020413 0.90667176 -3.0020666 -0.42587322 1.221571 0.73376054 -0.19293776 -1.6185782 0.28400242 3.7089548 -0.39269325 -4.4700365 -1.0318532 1.309559 -1.5729878 1.0709834 -0.14908952 0.04438205 -1.0150704 -1.3757282 0.8657244 2.0062747 -0.4819555 -0.020675212 1.8153436 0.04314963 0.74371713 -0.11687234 -1.7444714 1.9438825 2.9569268 -1.6968884 -1.4192817 1.8772967 1.2078605 -0.4703098 1.8995773 2.406115 -2.1570141 -1.0712429 -0.8222682 1.0966171 1.4723629 1.3466094 0.3016266 -0.07051155
popcorn -0.8531757 -2.899573 1.6110659 1.201998 0.015343705 -0.21637839 -0.04063564 1.1479274 -1.2266996 -1.3102816 -0.8626779 -2.4932737 0.9997642 1.499107 -4.2150803 -0.11217808 -0.8842881 1.871863 1.8713034 -1.0951532 -4.0255566 -0.7667578 -0.37800157 -1.6216099 0.4399317 -1.834981 -2.3681467 -0.46208394 0.3627668 -2.0870543 1.8920394 -0.19234109 -0.34895372 -0.7150852 2.3164535 0.5684504 0.33246666 2.0544279 -0.72351825 -1.3483232 0.014209201 0.7996109 2.572276 -0.82270306 -1.7174536 2.3441083 1.7154609 1.8889483 -1.4340695 1.8686538 0.65735817 -0.877822 0.0834407 -0.682427 -1.5852286 1.9472543 5.006894 -0.6848718 1.7235004 3.189165 0.16336508 1.1011968 -1.1941348 -0.91212875 1.203961 -0.55066454 -4.026649 -0.3947097 1.2463771 0.31426588 -3.44378 1.0159305 -2.8011794 -0.6843115 2.5500422 -0.74207217 1.8486778 -0.31554937 -3.3215249 0.85362566 -0.49720913 0.4268197 -3.4850314 -1.1307069 3.7836916 -1.5055557 -1.6270057 -3.095278 1.3787215 -0.6045938 -0.24104634 -0.23486656 1.156945 1.323958 1.5716224 1.9156799 -1.5411104 0.8727034 -0.58958167 2.0837278 -0.5544651 1.4092085 -0.24062018 -3.626107 2.2752745 3.1161942 0.3686933 -2.1024902 0.034174282 -0.66067463 -0.6810098 1.1891916 0.30451563 -3.5788972 2.4162693 1.0549904 0.24415444 0.7387306 -2.4158614 1.1150999 1.9275736 -0.07510537 2.0607436 -0.59064025 -0.123275936 0.52866125 -0.048912555 -0.31099162 3.8183806 0.93359363 -1.4809036 -1.8283631 0.6668823 0.91316795 -0.46767157 1.4511904 -3.4490561 -0.58478284 2.1086376 -1.3271108 2.1224642 3.1179228 1.0989087 -1.6333973 0.43560115 0.40402955 2.3864405 0.37479225 -0.7864229 0.18468958 -6.102651 -0.48718807 0.591196 1.8628758 -0.15099551 -0.6473291 0.9796471 0.7161379 1.3445603 -0.01200708 1.8164074 1.7560776 -0.81117433 2.2235162 -1.1552763 -2.5946758 -0.81419027 0.04003413 2.0160325 1.4597026 -0.45338422 1.057446 -2.1672106 0.16002789 -0.54208475 2.0773165 0.024771744 -2.0386443 1.267709 -2.3665748 2.854584 1.9298669 0.5638296 0.5209738 -0.08320581 3.0879114 2.5358644 1.2899505 1.6769416 0.36019963 0.9953128 2.336468 0.1944055 3.395751 -2.3938 0.5181914 -0.24139243 -1.5080072 0.23186506 -1.277645 0.13867973 0.8081686 4.307726 -1.7293435 1.7465836 2.6449864 -0.38295698 -0.5366697 1.5379299 -1.098334 -1.2243135 0.9516189 -2.7549262 1.2783358 -2.4286256 0.33966947 0.3420187 -2.04818 -0.8337296 -2.5122507 0.62663794 0.20065695 -1.2768977 -0.012044224 1.2853839 -0.13244131 -1.1582772 1.1449758 -0.8615222 1.8754686 -2.7560244 -0.81567544 1.7478619 -0.37714618 0.06373869 -2.5274024 -0.25286198 0.07991021 -0.011010505 -1.2594093 -1.2918528 -1.1677516 0.4445676 1.6738977 2.056456 -0.23671955 0.19276401 -1.4963738 -1.0407743 -0.08433306 -0.53017366 -2.161026 1.8502443 -0.4408812 1.093163 -0.56483275 -0.106557645 -0.012348431 1.879571 -0.41530758 -0.24858424 -2.1230834 -0.35873982 4.10497 0.37732428 -3.5126538 1.6308433 2.2951884 0.87240654 -2.0892775 -0.44255272 0.85007834 1.4049466 -1.4172554 -1.3049393 2.194564 1.2041607 -1.2444015 -0.25665775 -1.4112455 1.5953268 0.14539503 -3.5317965 2.5598655 1.0429919 -0.46290848 -3.0567403 1.0685202 1.562831 -0.53310055 -0.54695773 -0.3758227 -3.6393116 -2.549522 0.25906777 0.72888327 1.3238785 0.24888049 1.6536717 0.2193708
pear 0.6094826 0.38546905 1.395382 -0.9826133 1.1880199 2.3842978 2.263835 -1.5092248 -2.3358743 -1.3860933 -3.7995968 -1.8892475 -0.37827504 -2.4181461 -3.846462 -1.5082145 -3.1557136 -0.21762575 -0.49575454 -0.5356258 -2.0452826 0.19493774 -1.3938267 3.143061 -0.08341247 2.3787925 -1.3346618 -0.7638884 -0.018657936 -2.3271477 2.1687038 -1.1108809 -3.4358873 -0.71394205 1.57285 1.4929079 -1.1833812 1.092231 -0.59094155 -1.3279463 -0.031668827 2.621296 0.5993715 0.6576563 1.4125055 0.09455367 1.4584786 -3.1653035 -2.1392283 1.7790447 2.8258245 1.7948176 0.4897449 1.18403 -1.7246141 0.6940707 1.9352031 -0.8843344 1.5904708 -1.116461 2.2918372 -2.23111 -1.6926124 0.24045101 -1.5224637 -2.558225 2.3917089 0.14871083 -2.5484815 -0.023799136 -3.2480476 -0.24491523 -1.0254276 0.995654 -0.14473075 2.3605154 -1.2012169 -1.486747 -1.9954119 1.8730401 0.06634494 1.010738 0.78713596 -0.48411098 3.0876849 1.0701109 -0.7642801 -0.7316746 1.0407131 -2.1848705 0.028940193 0.741143 0.09496314 -0.3375676 0.42703488 2.556515 -1.912301 1.0992612 2.1001759 -1.0282681 2.8855472 -2.9041786 0.12172167 -2.4661417 2.1125722 -0.043124236 -0.5160161 -0.72832084 -1.7651346 -0.55479735 -1.3518281 -0.44417942 -2.0861864 -1.6891171 -1.1816157 1.3089924 1.8923863 -2.5055218 -5.2310257 2.0017703 1.3988565 0.5162129 0.86411464 0.23719303 0.71236575 0.59902346 -0.46504647 -1.1154478 -2.67469 -2.131694 -0.23234935 -0.96795994 -2.10603 -0.021770636 -1.9085339 -1.6674887 -3.2093916 -0.11714082 0.31059507 0.0115960585 3.7360263 -0.027850796 2.5393655 -0.8105201 1.0542231 1.8542027 -1.4507216 0.030565951 -0.68487996 2.6096044 0.09420319 1.0843031 0.33691478 1.1966677 -1.927422 -4.314069 1.4967548 -1.016466 2.8939068 -1.44042 1.1497054 -0.6831092 0.08013421 1.223002 -0.68418753 -1.879307 -2.3763127 -0.96171266 1.4829208 0.31719917 0.16763403 -0.42513993 0.11108559 -0.05052327 -0.9343148 1.3816499 2.340601 -0.31500277 2.1037207 -0.40411687 1.3697729 1.5945671 -3.0824544 1.4801667 0.039280597 1.0423748 2.171308 -1.9055456 1.0309944 -0.3322589 -1.7124676 2.4690924 -2.0873992 1.2690172 -3.1214385 -2.305298 -0.24705118 -0.2870809 -1.6166724 0.7981817 0.6780148 -0.15382347 1.3586413 -2.0807502 -1.7286243 -0.8362725 -1.767659 1.4254429 -0.6520328 -1.1497339 0.29743496 -0.23243278 -2.2747133 -0.2817185 2.406436 1.9621564 -2.9455984 1.1286532 0.9291654 -3.4091563 -1.6594317 1.6201583 -2.6286514 -4.222445 -0.19482785 -0.9471893 -0.6071285 0.32411137 1.986566 -1.3411149 -1.7117486 -0.7931646 -0.6457678 -0.7700941 2.08194 -2.484378 0.6778133 -1.5457475 0.5753772 2.238042 -1.9168726 -2.26484 -2.7534497 0.011858848 0.61581916 -0.46561053 0.27753565 -1.4303275 -0.91040325 0.68533915 -0.24780901 -0.09685003 2.0571225 1.335171 -0.7492551 0.9725153 -1.9104201 0.78183955 1.0697788 1.4711844 0.7089788 -2.6721964 3.1956694 4.6267624 -0.14802112 -2.5115287 -0.40918872 0.88963187 -1.3236955 2.7489583 0.8529947 0.95993555 -1.5302855 -1.4403199 0.92082816 -0.41660705 -0.22417207 -0.875458 0.7690886 -1.157474 1.5946403 0.53712803 -3.0596216 1.0292695 2.042629 0.739981 0.6589211 1.2476794 0.4306705 0.769577 2.9124596 0.65865064 -2.1721737 1.8670051 -2.2280126 -0.63284695 0.18382126 1.0486482 1.4983501 -1.5944495
walnut 0.515738 0.47226325 0.43132612 2.2966702 -0.8809259 1.6090258 0.6511551 1.0488776 -0.50273263 -0.5170804 -2.8450768 -0.35262334 -3.0341697 -1.7201995 -2.2666562 -2.0795593 -1.1409361 0.112876356 1.6725569 1.1552361 -0.027970731 0.10256144 -0.12840715 0.68903655 -0.9823516 3.4499578 -1.167271 -2.4754214 0.19064951 -1.6767291 1.8787419 -0.7434578 -1.5178696 0.97152585 1.3918686 -0.69028264 0.5913873 -0.23138082 1.2036163 -0.28678042 -1.54033 3.814561 -0.62080103 0.18048277 1.8710525 -1.2121538 3.2772563 -1.6411271 0.70779824 2.0592442 -0.9103473 0.7800685 1.2661084 1.379172 -1.2275218 -0.16484502 1.6028274 -3.2253776 1.2169418 -0.25776905 3.04401 -0.4540006 -1.73536 -0.58241683 -0.99427915 -0.3555379 -1.0224828 -1.2168709 1.0237966 -0.9106437 -2.7517097 -0.11993987 -0.9343317 1.216666 -1.1429938 1.1275296 -2.334181 -1.0499977 -0.57325625 1.7647512 0.5923837 -1.716919 -2.4482577 -0.70795685 4.501678 0.72831506 0.014243463 -0.564937 1.5560145 -2.4326136 -1.1956354 1.6526318 2.2509193 2.4999926 0.5826699 0.43985173 -1.2886741 1.4092305 0.64013165 0.41900033 1.474663 -1.2906516 -0.67072475 -2.1725426 0.51491624 2.6476252 -0.12518275 -0.26182994 0.5534689 0.24525326 -0.197416 2.4311152 -1.8237303 0.7312453 -0.61534435 0.11425972 1.9314493 -2.7305212 -3.6561084 1.2686733 -0.57675934 -0.11159002 2.0227025 -1.3915695 1.5974761 -1.231786 0.0044400385 0.31010568 -1.1493634 -2.1980655 0.6764088 0.15064324 -2.418287 1.6828724 -1.6635531 0.36780998 -2.1687174 1.1175104 1.2304183 -0.43213525 1.4309331 -0.55989385 1.0463232 -0.27825108 0.42231196 -0.7867108 1.3799473 -0.26556104 -0.34648275 3.317854 -1.5567384 -0.80855376 0.43510854 -0.24747522 -0.98194283 -1.3624362 -0.6251085 -0.768319 2.6443925 -1.1387589 0.5182037 0.89827543 -0.21072023 0.5257749 -1.1127971 -1.7027379 -1.4485922 1.5508621 1.396471 1.5282638 0.70061153 -0.1563735 -0.3325657 -0.03420312 0.00015095645 2.0856354 2.2624643 -0.23825553 -1.2072723 -2.7542908 1.5234659 -1.016211 -1.997473 0.8279345 1.72685 1.1443299 3.0959709 -0.10879386 1.8914062 -0.7687348 -4.16031 3.580149 -1.9675725 0.123638496 -0.30015087 0.07955987 0.13957289 -0.54050547 -3.1126492 -0.21975872 -0.28751034 0.4352479 1.7585121 1.2951826 -0.3992051 1.9724215 -1.6000814 0.4065173 0.012554785 -0.46362564 -0.2316618 0.70906335 -3.2494657 -1.1401579 -0.18843254 -0.5176743 -0.43945915 0.86073345 -1.6262137 -1.0575546 -1.3293871 2.1545088 -1.7506654 -0.23605926 1.0280817 -0.038068097 -1.0279819 -0.22286198 0.5784344 0.35493338 -0.13184164 1.1410947 1.4525951 -1.9399385 1.6786416 -1.9097458 0.06929836 -1.2558407 -0.4856444 1.2217215 -0.9143545 1.9860111 -1.073555 2.6605363 2.2537618 2.5763216 -0.70339453 -2.3985937 -1.2370533 0.5338515 -0.45738593 -1.6850832 2.7053952 1.914651 1.3790051 1.171675 -2.7295392 -1.6768758 1.1627433 2.836387 1.5029529 0.00286638 -0.23030457 5.247781 -1.236821 -2.5978725 0.003330186 0.5845138 0.31239584 0.6768552 -2.0552325 -2.239598 1.1396695 -0.3077089 -1.2960628 0.24625713 -1.4592601 0.8579767 1.3983003 0.098554425 1.1288562 -0.3194239 -1.7741059 2.581812 3.0142646 1.6075186 -1.5798051 0.145173 0.5877214 0.64530176 -1.698849 1.3313851 -2.0029624 -0.47343412 -0.91395026 -2.8007028 0.49960557 -0.73288685 2.1845338 -1.071802
violet 1.2646818 0.20248185 -2.2977936 0.3418953 2.3123653 1.5686507 0.7993867 1.0714022 -2.5667648 0.68248767 -2.537983 1.0738467 -0.5731947 0.47500923 0.6696548 -1.3302926 0.41618788 -0.59254503 0.18569264 2.4214776 -1.4185029 1.0533898 -0.8935146 0.48685133 -2.059944 2.344761 0.34589538 -2.3826675 2.427504 -0.68841803 3.9861 -1.0923722 -1.8233831 0.8100339 1.437127 1.3356203 0.14803088 4.0076003 1.4011263 -0.9309481 -0.77369297 1.2274562 1.1034447 0.6699997 -0.15787108 -0.07056172 -0.0010698154 -1.3150256 -0.34125525 -1.6645161 -1.1464092 1.349257 -0.2886396 1.8768963 -1.1620605 -0.17014259 1.5047907 -0.68468845 1.3390915 -0.48172253 2.6037397 0.39781258 -1.8007687 -1.490053 2.0385127 -1.6170943 2.4032702 -1.0951833 -0.9615542 0.092432395 -1.2093971 0.24260712 0.34787545 0.59985936 -1.3045666 0.20225078 -1.7182546 -0.23384199 0.8405912 -0.1845 0.62248856 0.36747628 -0.40674967 0.6033154 2.4954915 -0.31685504 -0.22411409 0.98838365 2.1567142 -1.5168011 1.5687848 -0.17762007 0.85488063 2.183177 -3.1928177 0.80391765 -3.450132 1.8141582 0.10695237 -1.2465658 0.8246475 0.4583956 -0.92835844 -3.5916667 1.9401572 0.38935092 -0.835047 -0.049708977 -1.2780156 -0.5309063 -1.7461684 -0.18133323 0.581474 0.35322642 0.5338428 1.8705798 2.0674434 -1.3535129 0.9178212 0.023694705 0.7882944 -0.7292498 -0.7053832 -0.8465703 2.62987 -0.2793937 1.3582178 -1.520889 0.17119223 -1.8369697 -3.3656561 -2.0691397 -0.8522088 0.33025438 1.3241501 0.9110109 -2.1302593 -0.8987415 0.14322941 -1.7485275 -0.93192595 1.7493088 1.819896 1.2955424 -0.76562667 -1.8003715 0.248582 -3.0365362 -2.4111776 1.3300805 -1.0736173 -0.6085309 -1.0812875 -0.2856733 -0.68690723 0.09542459 0.49053 0.39642534 -0.39969066 -1.5643883 2.8985472 -0.13413593 1.3401431 -2.908068 0.69746524 0.42124566 -1.453668 2.271772 1.7710665 0.54104954 1.3317086 -1.8229022 2.071819 -2.4884381 -0.48028475 -0.31854752 0.5744805 -0.92457426 -0.5648889 -0.035095982 3.659828 2.4509716 0.6792244 1.0811026 0.14704543 -0.008861769 -0.1865158 -0.724158 0.096756525 1.5925109 -0.02716144 -0.278009 -4.9178705 0.7143488 -1.5753764 -1.0744107 -1.709418 0.49963793 0.5163284 0.31324744 1.1442777 1.0669277 1.4924144 0.649777 -1.1915942 -2.077793 -0.7439319 1.4068575 0.4032067 0.5728067 -3.9801471 -1.1924003 -1.9362187 1.1420094 -0.7416894 -1.4589485 -1.7461 -0.47938186 -1.2623799 -1.8028097 1.020044 0.0676982 0.2692071 -0.6693269 0.17421433 -1.8848947 0.5870276 0.42637888 -0.70474654 -0.28559923 -1.7680169 -1.5646725 0.023664735 -0.76246345 2.3841689 -2.622418 0.1172721 -0.90842795 -0.7634629 -0.9336467 0.36564085 0.7741923 0.5323641 -0.32572266 -0.31871095 3.0112932 1.1930394 -1.2971171 2.617659 -1.6715902 -1.9191537 0.72989845 1.6740048 -1.3324885 -1.373327 -0.7404076 -1.5681206 -0.20296189 -0.48716465 1.9110854 -0.54853374 1.8736957 1.7922658 0.2294539 -0.5346393 -0.92673266 0.8731517 0.5577773 -0.74967974 2.3172016 -0.29493657 0.5766746 -0.6862154 1.2859154 0.82571626 0.33188596 0.41464478 -0.076715864 1.0073344 0.30717936 -0.6708376 -0.41514894 -2.63319 0.5738621 -1.2332829 -2.160523 -2.0257263 -1.2118415 1.4269962 0.13382794 3.4838536 2.42546 0.099814825 3.1747775 -0.11435082 0.8405757 -0.08648918 1.2692195 1.273438 0.53534794
raspberry -1.0678735 0.10522411 2.8400047 2.7391942 -0.7676936 2.2643914 -0.51007915 -0.99488926 -3.8351245 -1.115747 -2.7542834 -1.1409216 -2.3816524 -2.0527577 -2.1591883 -1.8368794 -1.8466123 0.20253415 0.58953494 -0.5983685 -2.5711615 -0.21376848 -2.350872 2.2326295 0.43655214 1.3172336 1.1959811 -0.77475387 3.8829477 -0.8773083 -1.1409823 -4.0230584 -0.5888597 -1.5861155 1.9883544 1.7440888 0.014713876 1.3975648 -1.547485 0.08090997 -0.95465654 1.1302432 2.2417707 0.76859975 -4.1767726 0.42869195 0.6192818 -0.2654266 -1.4127179 1.9052106 1.8803022 1.941649 -0.07769968 0.009918928 -0.4069705 -1.2844568 3.0862677 0.7426103 0.34446436 -0.18232174 0.88688725 -1.0541446 -1.2642841 -2.2925513 -0.44977552 -2.557716 1.2191452 -1.7798164 -1.6290368 0.74815583 -2.7876937 2.2377768 -0.3825664 1.5700953 -1.7144737 -0.18468821 -1.1054016 -1.9846445 -2.205428 3.4642482 1.5297912 0.2866447 1.2051207 -2.1675165 4.083234 1.0373946 -0.8434237 -2.206174 0.4792856 -0.97592866 -0.017119518 -0.25713378 1.1904755 0.6699977 -0.97318894 2.5951984 -2.48512 1.964609 1.0694158 0.55944455 2.5388446 0.6424628 -1.2978481 -2.855423 1.0582258 1.659434 -2.138777 -0.7725817 -0.9455457 -0.48700675 -3.588407 0.39796245 2.5657732 -1.2312411 2.4095707 2.4560158 2.088581 0.109757595 -3.7502966 1.7780095 -0.39023596 1.7311233 0.4551167 -0.61643773 1.5308819 -0.7811872 -0.19299954 0.58143055 -0.21921425 -1.2703216 -3.8418314 -0.05689225 -0.96392924 0.29294086 0.5975377 0.07560916 -2.2329586 1.880651 0.7695106 -2.0108387 1.6578115 2.5366244 0.05226415 -0.20547803 -0.022785401 -0.62911594 -1.3798333 0.68996286 -1.586355 2.2164428 -1.3596026 -0.07051355 0.3366271 -1.3796245 -3.644271 -4.117104 -0.78596354 -3.9002755 2.4417882 -1.02386 -0.40805444 -0.893761 -1.6143761 0.14636464 -1.2304239 0.87663454 -4.237626 0.07070622 -0.63586 0.48767737 2.4251368 -2.3232675 0.9839477 1.0792099 0.1726967 0.7482946 -0.99216884 1.2444066 2.2428105 -0.4645028 1.1015985 -0.41515303 -2.2815666 2.640787 -1.7281775 3.4805121 2.9837456 -0.21351278 2.8793356 -0.93849117 -0.15566385 0.8939627 -0.386203 -0.72588646 -0.7124264 -1.6155641 -0.01171842 -2.3481264 -2.4065592 -0.033728097 0.1994409 0.11307163 3.2792964 -1.1971536 -1.1161764 0.2184786 -2.228998 -2.8389142 2.5005167 -0.84614444 -3.6744115 2.8306985 -2.629765 0.16796005 -0.56832355 -0.68288314 -1.194284 0.22928865 -2.8726602 -3.049337 0.8944604 0.53334296 -1.5726421 -0.9514363 1.0397744 2.0776284 -2.1257906 0.50338304 -0.5931465 -1.5390769 1.8203965 -0.09044245 0.47086895 0.433601 -0.94780904 -1.7921711 -2.1649733 -0.2014261 0.8956152 -0.04947484 1.394343 -1.7020222 -2.0039718 2.6435697 1.4656588 0.44444865 -0.20526712 -0.029851822 1.6951646 -0.63731754 -0.92098385 -2.3223138 2.7794662 2.372937 0.7741318 2.914995 -1.8478818 0.57170606 -0.30482602 1.7117832 -1.5551012 -1.4703535 3.0403533 3.2124307 -1.648699 -2.628226 0.6199452 1.7233503 0.9821899 0.18692198 0.1478347 0.5858075 -2.0399842 -0.74599373 1.4430394 1.6896812 1.047452 -2.0155814 0.9230441 -1.109969 -0.22485557 1.613165 -1.3206335 3.2898738 2.7362723 0.16961811 -2.083019 -0.23775992 2.8237739 -0.7291372 0.3374573 0.9317992 -2.7307951 1.1924592 1.3020352 -0.57668734 1.2789644 1.4158758 -0.14933452 0.5617325
vinegar -1.0301237 -0.6008883 0.103753425 0.33430067 1.2247249 2.057188 -0.119674 0.16381837 -3.2956 -1.1221192 -2.1408558 -0.3061732 -0.76520985 -2.2737694 -2.9114196 0.8808949 0.49744824 1.5423088 0.41622958 1.2122205 -2.5961645 0.27364832 -0.5644995 -0.83929914 0.76409644 -0.8115615 -3.1889286 -0.9568377 3.555537 -3.077318 1.3781463 -1.8223789 -1.3724662 0.17964333 0.5813573 1.3099864 1.6512852 3.2586277 1.9244181 -1.1425228 1.881634 2.7827418 -1.0398729 0.6001575 -0.82201225 0.26776713 1.6241475 -1.4367273 -0.78192955 3.2750108 -1.2704449 3.2217307 0.5459611 0.4274993 -0.36317837 -0.19570582 2.4608562 0.63482976 1.6184988 -0.6519759 1.8663819 1.5694962 2.2555962 0.23362412 -0.30379862 -0.23523623 -0.32938072 -1.6552924 0.32566845 0.2175525 -2.437077 -0.8496136 -1.4460648 -0.051166415 -1.2759162 0.2900854 -3.308323 -0.45209098 0.09449894 2.3622935 -0.5862706 -0.4144692 -1.8483996 1.065504 4.575018 0.61442816 1.15463 -1.5099335 1.217325 -2.3260784 1.3557416 -0.6613284 1.532883 1.511625 0.30618954 0.69545805 -3.1728826 2.221794 0.7907178 -2.935552 0.8776841 -0.52318865 1.6555513 -2.2730496 0.89477324 2.8244164 -1.8123949 -2.6485503 0.92029756 -1.3797439 -0.7827034 -0.67890173 -0.06405076 -2.0480962 -1.8355799 -0.15871023 0.30858496 0.6238715 -4.828802 1.1437795 -0.08664965 2.0520837 2.0924654 -2.9562275 -0.38274565 1.26965 -2.6807017 -1.2804569 0.7949928 0.8839797 -0.902823 -1.4642528 2.1520348 1.8214568 1.2253066 0.7787727 -1.6613044 -0.301243 2.2787704 -1.4989386 0.30767557 -0.8404887 1.8203701 1.1465402 -1.9256406 -0.17395847 -1.4640054 -0.3305804 0.075581774 0.7839032 -2.0360825 -0.578245 2.4371974 2.5834146 -3.2296364 -3.203604 0.4309772 3.067667 2.6361125 -1.4320394 1.6896839 0.5801952 -0.79131806 1.2921628 1.1221199 -0.7114176 -0.9060431 3.0591092 2.2951608 -0.30007377 1.3448507 -0.431549 0.015668282 0.5995283 1.8912776 1.6879659 1.8769354 -1.6856761 0.051185668 -2.2405322 0.38024965 0.8971735 -1.2671922 0.23846352 -1.4157231 2.5085626 3.2491581 0.029592637 -0.6379168 -1.1578009 -0.38168272 2.9950595 -0.1687973 -0.75631434 -0.0833171 -0.7427775 -0.15804648 -0.61352783 -2.9607804 -1.967843 -0.7124395 0.04157742 2.0252588 -0.25072002 -2.0389977 1.8044095 0.43217096 0.19218817 2.6790743 -2.8982797 -2.383866 -1.0000265 -2.248177 0.8468563 1.8148848 -1.7055799 -0.36616063 0.02819412 -2.6020522 -3.3317802 -0.35847855 0.6285147 -0.26125532 -1.4759204 -1.260716 0.18476571 -2.0821023 0.71271026 -0.9581916 0.08658461 -1.3559338 -0.8531579 -0.6926422 0.26564834 2.0817916 -1.2155037 -1.8817474 -3.2562747 0.584242 1.6051037 0.8594968 -0.5487191 -0.6780455 1.5995696 2.203757 1.6209421 0.69742376 -1.8373146 -1.2164276 -3.5763917 -0.043036576 0.55180305 2.545143 -0.094737574 0.367281 0.8227255 -0.3588735 -0.25283644 -0.083784044 -0.1505856 -0.48574376 -1.5787253 -0.888663 1.5526584 -0.7587611 -4.144271 -0.033600196 0.7746742 0.0362342 0.089415655 -0.70926553 0.18291482 -0.4993875 0.09312005 -0.60544896 0.89839196 1.194551 0.47958198 1.4900606 -0.79677874 0.80227774 0.29630408 -3.8301644 3.3256788 2.619109 0.6275973 -1.9540273 1.6230654 -0.4992098 -1.0076399 -0.1635673 2.8557582 -3.7638683 -0.7088837 -0.08691757 -2.0889964 0.19158407 1.6541082 2.496499 1.8408562
disinfectant -0.3816643 1.9943225 -0.5836629 2.9720411 -0.23790865 4.0411906 -1.6295749 -0.13768284 -2.6596732 0.5328774 3.0437686 0.9344708 -0.00791041 1.0333014 -1.9366006 2.7316804 1.8339552 1.1917361 1.4028951 3.0938454 -1.7881229 -1.6067101 -0.7820013 -0.23466101 1.3196867 -0.79876596 -0.90131783 0.1379643 3.0897532 -1.2038223 -1.0140733 -3.1602626 1.3597525 -2.476675 1.7570962 -3.2256663 3.1827383 -0.04971577 1.3140264 -1.9365721 2.0366457 -3.606731 2.209124 -1.0525054 -1.3182809 -3.3462775 -1.1562748 0.025423435 1.6959741 1.4250449 -0.77014524 1.924415 0.7113126 0.057162944 1.4268657 -0.119743794 2.2682533 0.29680163 -0.580709 0.10136944 -0.0985835 1.8579566 1.1954129 -1.0312418 3.4233904 0.8376995 -0.7188619 -1.7892524 0.6919507 -1.485956 -1.4337635 -2.4880586 1.532821 -1.649772 2.713338 1.466975 0.7052657 3.8606517 2.433585 -0.2516873 -2.4934807 -0.18102112 -1.4366655 -1.3613458 2.663676 1.7517886 -0.12262102 0.04910885 -2.164701 -1.9067012 3.0877612 -2.2663434 0.21264015 2.1689363 1.2331799 -1.8774667 -0.9029335 2.1619444 0.054150257 1.6504769 1.9788316 1.7825359 1.9055065 -1.4647434 2.75728 1.4017239 0.23942585 -3.1027117 -0.31762877 -1.0120772 2.0529828 -1.0074784 -4.1495395 -2.1661203 -1.8213772 -0.35278937 -2.3331556 3.2055416 -1.125338 -0.96371585 1.651017 -1.8266431 1.512089 0.31844103 -0.9297011 0.31164023 -1.4578915 -0.9465702 -1.8186139 2.001417 -1.4420807 -2.1730347 -0.81397426 2.5738595 1.9721941 0.38794282 -0.91254526 -3.0087626 1.4258837 -1.6258008 0.20615846 -1.3746144 -1.2579017 1.4771312 0.47501668 0.22255488 -1.1088928 -0.9064113 -1.552795 0.13603273 -1.5931367 -0.9270557 1.0658948 1.6608235 0.45627946 -0.023186782 -1.0321859 0.6820849 1.5939622 -0.8427443 -0.7625594 2.1786788 -1.6070094 3.183227 3.4262557 1.4574324 3.0441988 3.05379 1.3331273 -0.31921253 0.6294877 3.1300964 -3.3573565 0.64065456 1.9427907 -0.051190585 -1.0481292 -4.420461 0.71012235 -2.1949503 0.48805124 0.59857297 0.5952543 1.4450201 -0.7158659 0.9935127 2.0983145 -1.2269247 -0.2696046 -0.2235608 -0.74720097 -0.058799833 -2.4389977 1.474453 4.098157 0.52306545 -1.0274626 2.1452935 -2.686975 -0.06577431 0.7365199 2.4634943 1.501367 2.2661133 1.9727718 0.09282955 1.4774429 -1.3997923 3.5245724 -2.8625038 -2.9381433 1.6447158 -1.212415 -1.110623 -3.8311207 -3.5586395 1.1434282 -0.84278566 -3.4726639 -1.8299472 0.34609294 -0.30292457 0.6659667 -0.4340441 -1.1161207 1.8699167 0.24073866 1.573223 -1.5260679 0.8553333 -1.0029331 2.4324293 1.9882188 0.7833487 3.4583738 -0.2881638 -1.4457107 -1.8509275 -2.6191604 0.502946 0.64454025 0.8152867 1.4336774 5.263786 3.815288 0.76629406 1.0846819 -2.0694642 -3.609473 -1.8045421 -0.88086534 0.73040825 3.8367634 0.5761591 0.24313658 -1.4610236 3.8557022 0.69911045 -1.5904775 -2.7318358 -1.8189627 -1.0253222 -2.7770882 0.40662295 -1.7095978 -1.6741843 1.1210446 1.1502385 -1.6860459 -1.2613611 0.40743276 -0.8395778 -2.9178286 2.7912607 -2.915077 0.032568682 1.5590504 -1.018362 3.270909 -0.6466206 0.73297167 1.1535172 -1.659564 -1.6573278 1.3857094 2.6342514 0.4775094 -2.2203696 -2.7160323 -0.28135288 0.31645808 4.359185 -4.9105153 -0.59660435 2.1523888 -2.1083734 -0.38896376 0.43617582 3.1935515 4.899724
kerosene 1.9179052 1.6440861 -0.49766457 3.657131 -0.82636064 0.17720924 0.9278865 -1.334149 -2.9753413 -0.023783658 -1.5842277 -0.20703481 -1.5201598 0.6069416 0.17062941 -2.46339 -0.3532614 2.4013135 1.6581144 1.5184277 -0.2452614 1.8580296 -0.81696624 -1.3661034 0.15704815 -1.9629546 -1.1194621 0.9004004 1.028386 -2.1002057 0.8126387 -0.032016117 -1.6118 0.28827545 0.1527663 -0.27355886 -1.0007358 1.7356195 3.506735 0.55465436 2.611121 -0.45518503 -0.28286442 -0.6485193 -0.30029306 1.8537706 -0.9224354 -1.266661 -1.6330339 2.7213216 -3.5158179 0.7806152 -0.20853177 1.3589884 -2.871151 -3.389438 0.7223158 -0.6850627 0.92443585 1.2208214 -0.16263758 1.1672107 0.8875857 -1.9388554 -0.5842011 -2.0826771 -2.3506198 -0.54396 -1.38433 0.70234674 -1.166519 -1.949411 1.3828034 -2.8867118 1.8587538 -0.22995767 -0.51230574 1.9577779 1.213416 0.11169989 -1.6823415 2.2317944 -2.9984593 -1.7802428 1.6232148 -0.07261186 0.6624199 2.676689 0.27854505 -2.775006 0.493328 -4.0610137 2.7338443 0.7940462 -2.0514371 -0.15370484 -2.723855 0.09313789 -1.5345789 3.6200485 0.17196102 0.19913597 1.404917 -1.5556955 -0.34918815 1.4969033 0.31703848 -2.3851027 0.029250268 -1.1196952 -1.0026726 -1.2344265 -1.84282 -4.057743 0.2555635 1.6142843 -0.7300423 2.3684506 -2.1461196 0.8787348 -1.3205439 4.2869782 0.33202037 -0.76793206 0.6200678 2.8966086 -1.676424 -0.17656913 3.1512387 3.011427 -0.48684353 -2.0027733 -1.1920545 2.028444 0.4080161 0.318727 -0.67907536 -0.32374388 -3.4056098 -1.6170331 -1.930805 -2.3278954 2.1807573 1.4153942 0.6305889 2.2384293 -3.1441867 -0.36720344 -1.584438 -3.3224149 -0.9326874 -3.771265 -0.23659131 2.0873659 -0.19308017 -0.1287293 0.6346052 0.20379588 2.5053358 2.4777248 -0.6771126 0.22281943 -1.1458716 -1.4419543 0.4636871 1.8677984 2.4432693 0.79646784 3.2892368 0.31735325 0.7647888 0.77118856 -0.33502075 -0.78356034 1.2838151 -0.8290895 -1.2749107 -4.0313063 -1.5166405 -1.7571245 -1.3173988 0.8656858 -0.803963 -2.0449116 -2.9034758 1.0163316 -1.223925 1.8472877 -0.79230076 0.29037163 1.8034618 -0.15189558 -1.3246468 -3.6957605 1.432796 1.6209486 -0.54493403 0.24246304 -2.840804 -2.0115802 -0.33698204 1.9916369 2.0323236 0.13162726 -2.3336277 2.933853 0.25084764 0.4445622 3.753389 2.7643504 0.8344733 1.1703749 -0.24245462 -0.8113578 -2.642161 -2.5182707 2.4780498 1.8325752 -4.1147695 1.4477705 -0.9846905 -3.0276356 -2.9292352 -0.5145303 0.008976055 0.20395486 0.6525865 0.90370834 -0.25060534 0.6630624 -0.8947523 0.94895893 1.8535022 -0.9516357 1.0013231 1.7744703 0.36208028 0.83312595 -0.87154186 3.85156 1.4804789 0.56534624 -0.59023607 -0.3695554 0.46179342 2.8141882 1.6032466 -2.6127057 -1.4785714 -1.9521105 0.45458177 1.352155 3.188355 -0.099949285 0.92639977 0.73661864 0.519196 1.5298553 0.7480747 -2.2110772 -0.78884095 -0.02241036 -2.8910866 1.6844168 0.80848247 -1.1223861 1.2051303 3.5942016 -1.6258926 -1.187749 1.7775087 -2.1186547 4.9491706 0.5512249 -3.0688274 2.5892725 1.4476722 0.9203274 0.9909644 0.57874244 1.2220204 -0.18006177 -4.0824475 0.23264821 1.6036528 3.7626612 -1.9871017 -2.7622287 -0.3092794 -3.3718462 -1.2553263 3.3727229 -2.9907627 -3.7001624 -1.0084387 -0.73060405 0.2256021 2.753463 0.75914013 3.3996155
cologne 0.8735722 -0.90190285 -1.9850421 0.39667484 -2.0186121 2.6913323 -1.0812519 0.016862987 -2.7350073 1.5119356 -0.5217229 -1.7045144 0.9706789 1.4531308 -2.305142 1.5487186 0.83220637 0.9520646 -0.18220858 0.42993075 0.5068329 -1.8005455 -0.35522392 1.2585943 1.602978 0.12876333 0.42957675 -0.31868848 1.6214731 -0.80137014 0.7803568 0.27566501 -1.5535296 -1.1789664 -1.1797433 0.17074803 1.400098 -0.4293536 2.9673655 -0.37642163 -0.08174644 -1.8907093 2.129591 2.2256534 0.37216127 -0.6972672 -0.5579971 1.9518299 -0.47844082 -0.37540585 -0.55749685 0.24683999 0.0723098 1.339191 0.6953027 0.36707443 2.6761937 -1.1101718 1.5361207 0.7257887 1.1766764 1.2026933 -1.9018998 -1.5546955 -3.1882522 1.7764454 -2.4803016 -0.6029493 2.3571124 -0.38647062 1.5559164 -0.9619061 -1.1310899 -0.1759998 -0.290288 -0.5037174 -2.102288 0.28707477 0.29530737 1.522356 -0.34278542 0.28431985 -0.25130174 1.3715161 -0.8010769 1.0181481 -2.1577988 2.5447903 -1.7630517 2.0194218 -0.45562813 1.4345428 -3.5513573 -0.49220145 -1.4285314 -1.3794535 -2.7967422 2.2309074 1.027478 2.5799797 0.82575583 0.19091298 0.5639751 1.0806401 0.777967 0.45739463 0.47344762 -1.8958056 -1.1022638 -1.5675665 -0.9008537 -0.56545043 -2.3319263 -2.9032497 0.25850677 -0.37164032 -1.074209 0.25810486 1.4797871 -1.4217777 -0.45666173 0.62818223 -0.19050285 0.12817596 -0.24586204 0.553617 -0.16009256 -1.1458757 -0.45899832 0.6600058 0.66383046 -0.38173378 0.74335945 -0.35203645 1.2128044 0.07841798 0.16903667 -3.0194156 -1.8559113 -1.1060475 -1.3814163 -0.17651325 -1.0906763 2.0071867 -1.511719 3.762816 1.5941116 -0.23337679 0.1679181 0.95499617 0.21320932 0.007106004 0.6950318 0.3605163 0.16410698 1.5311795 -1.0627692 -0.32278776 -0.1419134 0.1256115 0.90031785 -3.2829962 -2.7217097 0.88323605 -0.82335955 -1.6083424 1.5181978 0.41068742 -0.15231238 0.067423664 0.44686636 3.2934701 -0.7316594 0.39511585 0.24772495 3.6680768 1.7499504 2.0087996 2.1269708 -0.3347764 1.1908945 2.187464 1.2880465 0.940984 -0.28289446 -1.0209169 1.3945987 -2.0621777 -1.5988063 1.8756723 -0.77443296 0.6898391 -1.2682209 -0.8920955 -0.61179316 0.24419005 2.0342855 -2.5187938 -3.316708 -0.86315185 2.3671744 -3.1584282 -0.10005663 1.6622919 2.331302 -0.99061376 1.4646416 -0.48899275 1.6958283 0.5543819 -2.2458372 0.016328884 -1.2418923 -0.8861477 -2.3474562 -0.66715413 1.5206089 0.3119177 -0.8411397 -1.4887332 0.8116435 -0.79451054 2.461608 -1.4199662 -2.7774289 1.6805937 -1.8889122 0.10097662 -1.8693522 -0.20269687 -0.9589081 0.34510714 -1.4983119 0.91125405 0.5420035 -1.9176137 -0.61942947 2.505238 1.049246 -0.16580042 -0.97991914 1.2598382 -3.6982212 2.4255836 0.20426197 0.6199087 -0.14615548 0.36838457 -0.22077952 -0.33794808 2.6351817 0.13867669 2.629083 0.41186905 0.088386334 0.87558544 0.63218373 0.4839614 0.8420491 1.3703545 -0.05277913 1.1232502 1.5340428 1.5465583 -1.6894883 -2.671651 0.9323917 1.4924698 0.15674186 1.8301986 2.0141935 -1.2483113 -2.2569919 0.9664044 -0.5474172 -1.4341284 -1.529582 1.170133 -0.10251273 2.0091102 -0.40492234 0.5474019 0.18181197 0.3914286 2.2594013 1.8655739 0.45909616 -0.8671088 -0.9522089 1.164274 2.3580968 1.6136194 -0.12613991 2.18091 0.77984744 0.3386768 1.0479727 1.8998455 -0.8614878 0.98344225
syrup -0.5406052 0.60728014 -0.1360105 0.61721826 0.6242379 1.6407125 0.24743386 -1.2131158 -2.2924182 -1.3414719 -3.1975427 0.51480126 -1.9871274 -1.5074356 -3.7717695 -0.021496406 -0.13958251 -0.08435843 -0.028337158 0.26597258 -3.4261684 0.34713516 -0.61246717 -0.7034112 -0.12551461 0.17962381 -3.3656125 0.74626094 2.3616369 -4.161033 0.6153609 -4.2518196 -1.181356 -0.113913015 1.7699788 3.2086313 0.79011256 0.6112374 0.19135866 -1.0550025 0.92792386 2.6399708 0.20329632 1.4677951 -0.5051474 1.4012134 1.0267407 -1.4243435 -0.56605166 2.533707 -1.5891801 3.3419077 -0.6417626 0.97536355 -1.4140943 -0.12733567 2.718981 -0.5677218 1.3570911 0.07070258 0.31577614 1.4315609 0.6300459 -0.41642973 -0.7540661 -1.2219731 -0.9033708 -2.7242308 -0.8094137 -0.45034114 -2.9269993 0.8473117 -0.84016097 0.051897556 -0.42517716 -1.705597 -2.6964796 -0.043708663 -1.883155 3.9455233 0.10681205 1.2446734 -1.2236768 -1.241384 3.6841352 0.12878153 -1.1961434 -0.7203699 0.10497634 -2.6245313 1.7167723 -2.5134153 2.0260983 -0.91597104 -0.38600475 1.4051688 -4.1135635 0.7131472 -0.17806533 -0.15259233 1.97098 -1.4623549 1.4382496 -1.5961004 2.9464574 2.7151594 0.107820645 -2.128408 1.4044927 -0.6281279 -1.1626651 -2.083749 0.36045116 -1.1099392 -1.5086267 0.4756761 1.9593562 2.3214006 -4.3917966 0.100944445 2.232051 0.58895445 1.2354894 -2.0006504 1.5238508 2.1145205 -1.071646 -1.849287 -0.06963127 -1.158066 0.97474927 0.22231068 1.2849779 1.0891143 1.3569533 1.2621695 -2.1413603 -0.37117594 1.0890367 -1.2441623 2.2238712 -0.36390367 0.99987125 0.02076436 0.46314272 -0.7844428 -0.7364098 -0.49173388 -1.2356962 0.032964457 -2.7426372 -0.028445017 0.02363747 -0.85045886 -1.6115342 -4.0728593 -1.3974612 0.56708604 2.8169904 -2.4606433 2.1381562 0.085683584 -0.89233273 1.9145626 0.6050165 -1.5963628 -1.9381601 2.8327649 1.9131005 0.94265956 1.3696436 0.92063075 -0.95286775 0.8812399 2.4029438 0.69546425 1.6188456 -1.9794273 -0.21117797 -1.3824965 -0.012519953 1.3783172 -1.3269081 -0.44535372 -0.9895189 1.7192168 4.399595 0.0025737614 -1.0394524 -3.942132 0.13648534 1.9005175 -0.7853421 -1.0621518 0.49755815 -1.0955287 -1.3977313 -1.5155729 -2.2378476 -1.6891632 -0.4750856 -0.24962234 2.4853342 -0.3228288 -2.7302773 2.4223046 -1.1952207 -2.469396 2.4486568 -1.3585179 -2.7782626 -1.3923665 -3.2384799 1.1496122 0.8457331 -1.525929 -0.08030948 0.738106 -2.9602985 -3.6151972 1.9068261 -0.017631654 -2.442799 -1.5155861 1.1480081 0.28257778 -1.8721908 -0.42216247 0.23043984 0.8745148 -1.2562879 -1.397449 -0.010562662 -0.6285684 1.4174812 -2.7627509 0.57235795 -2.0056267 1.4246844 3.7196107 1.8678858 -0.67686903 -0.075708844 1.418939 2.7734907 1.9443218 -0.6481184 -0.79782647 -0.6906095 -2.1016376 -0.05255778 -0.62035155 2.9976056 0.16906914 -0.2885829 0.60085607 -2.039463 0.2078547 0.0118294 -0.078519985 -0.5179866 -1.8092958 0.66065013 3.3541274 0.8918306 -3.6847148 0.23736677 2.667404 1.1431209 -1.2952905 -1.5520335 -0.07420124 -1.7672538 0.141501 -0.8811461 3.485929 1.110776 -0.07454532 2.7227697 -0.7264942 0.6132067 0.87620765 -4.3925595 2.5411623 3.482395 -0.92675024 -0.9444477 -0.1698728 0.50533324 0.21547177 -0.9473275 0.6852573 -4.5632763 -0.25206786 -0.1818935 -0.90895873 -0.1884243 0.5159984 1.3684685 1.756768
solvent -2.597191 0.10923162 2.0816066 1.9897299 -0.3429664 0.80492955 1.5368818 -0.47492218 -0.31145462 1.6205779 -0.6850743 -0.85503656 -3.0584958 1.1705493 -2.5706604 1.6114117 0.3610253 0.001852336 -0.5845109 1.5311551 -3.9491668 -0.10809295 -1.3975914 -0.5607032 -1.0006735 -0.5367608 -1.1560911 2.554231 3.9761992 -1.4960595 -0.35992342 -2.1426468 -1.4203951 2.018229 -1.9327588 -0.024103085 0.43926623 2.2200453 1.2298037 -1.3901988 3.3661368 0.90082455 -0.9090854 1.3716922 0.20187613 -2.100094 -0.97747463 -2.4230723 -0.29740334 4.153094 1.3866656 3.6589446 1.8047693 -0.48257956 0.93220496 -2.4929736 -2.4118614 2.1423554 0.41128293 0.6166758 -1.313505 0.5837861 -0.24263282 -2.0661938 3.2565818 -1.0180191 0.6548772 -2.7611797 -1.123659 -1.6783515 -1.7565054 -1.4860793 -0.14586356 -2.7825346 2.6123564 0.37526664 -1.6783489 3.645334 2.6340518 1.0866897 -1.4733206 -0.5543402 -0.18985479 0.08767163 0.9376994 0.2892892 0.28727207 -3.4196937 -1.8918653 -4.138557 1.2450241 -1.239283 -2.0993545 0.8554538 -1.3632865 0.4328408 1.7804602 0.09099156 2.4474673 -0.36057585 2.9380155 -0.5108574 1.3759416 2.1679835 2.7008884 0.019379022 0.21578144 -4.4390574 2.413013 -2.858414 -0.93971914 -2.0405312 -0.3618352 0.4206296 -0.6611685 0.3433667 1.8857466 2.8214478 -3.6096013 0.39507762 1.2105908 1.3836888 -0.7585472 -1.518262 1.5581657 -0.31750193 -1.6854303 0.69871193 1.3192124 -0.3459422 -2.4249902 -0.9400772 1.6559044 1.885712 -0.7793515 -1.7195655 0.7271178 -2.2845235 -1.6541545 -2.108357 -2.5453897 -1.0426134 1.4391257 2.038975 0.32023984 -0.13975272 -0.93604505 -0.3239772 -0.33042315 -2.855479 1.0313841 -2.5929675 0.3483496 0.33362103 -1.1826684 1.7710884 0.47376177 1.3635173 0.9927267 -2.4934425 -0.1902753 -0.40989184 -1.0065044 0.4254738 0.33711353 -1.1659452 -1.0931392 3.507936 1.6088798 2.3996606 -0.32052073 0.7718748 0.22135489 -0.8257411 3.800973 0.11618217 -0.45098162 -1.9732009 0.14374484 0.4137018 0.6693378 1.1934141 0.3248924 1.5733858 -1.0910254 0.9253819 -1.1504931 2.4661095 0.26559117 -2.109194 -1.0827094 0.061054844 -0.5192792 -0.20334157 0.86233675 -0.43728706 -1.3495615 0.18212694 -1.3746253 -2.8077598 -0.58275366 0.15077962 0.7797398 1.1362671 0.9751366 0.014877985 1.5491915 0.5921762 3.8741333 -0.03284779 -3.8435616 -1.3647959 -0.5379594 0.35667923 -0.51658875 -3.8086448 0.63166773 -0.14650156 -3.7011702 -0.2988509 1.3600953 -1.0021188 -2.8711195 -1.45236 0.69779 -0.64461523 0.258707 -1.8109328 0.47954908 -2.0599818 -1.0694686 -0.9447348 -0.18916652 1.2088405 0.5269575 -0.54438514 -0.5554273 -2.400692 0.46210614 -1.5363742 -1.8243223 2.8236492 -1.8189793 1.5562607 0.11805611 1.0324336 1.0762074 -3.1141462 -0.104712345 -1.9284729 -1.8246645 0.5579533 1.3332374 -1.6536065 0.00855243 0.24038264 3.5247922 0.11882346 -2.4689684 -1.6574888 -0.81388 -2.8056135 -1.8562642 -1.2657534 0.04107766 -3.5773945 -0.8754425 2.7663465 -2.0204966 1.0276365 0.9977037 -1.1898328 -1.498522 -0.72923666 -0.9321012 0.35160205 2.1952865 -1.1404266 1.5043329 0.47772074 -0.58438057 1.8313234 -3.397061 -0.7731556 -0.07694163 0.30725104 1.1378572 -1.5282029 -0.9218638 -1.342717 -0.028837008 2.3171203 -2.1799862 -2.2246363 1.2017995 -2.1682518 -3.7308671 -0.5111376 2.2829728 2.4519238
birch 1.3537663 0.6334137 -0.9819456 1.5640395 1.1807462 1.1003933 -0.36249772 1.146731 0.80157506 -0.91673744 -2.7289326 1.0939541 0.10482487 -2.4090936 -1.4565117 -1.1875098 0.4903047 -1.1079233 2.9957821 1.2323828 0.058548186 0.044672787 1.5867414 -0.94604564 -2.2848299 3.8070126 -0.20742683 -1.527384 0.71792316 0.76022565 1.612106 -0.71799356 0.65433866 0.6205074 -0.29170924 -0.38255176 -0.45691514 0.5940275 0.9969276 -2.3756557 0.65680814 1.5754055 0.052934963 0.54809755 1.2485538 1.0245147 0.9445505 -1.0070639 0.8182374 -0.4440698 0.13610278 -0.33720767 1.1745949 1.8944787 -1.5379583 0.07151673 2.3237286 -2.4836874 1.1251063 -0.17186737 2.1497383 0.55867565 -2.742188 -0.9721982 -0.83508056 -0.4756238 -0.8696459 -2.1371274 0.24535368 -0.90566033 -0.46660054 -1.2605455 0.6760252 0.5940203 -2.5679646 1.0152844 -0.16026127 -1.1698452 0.48472485 -0.020189311 -1.2170782 -0.93796265 1.2027752 -1.1547611 0.295036 1.3751916 -0.101371825 0.4837947 1.9564934 -1.704815 0.70621085 0.30897212 0.49299395 2.052911 0.32761505 0.52156806 -1.8983694 2.4203415 0.40030646 -0.9206886 -0.5325823 -0.61989367 -0.083092056 -2.357397 -0.037309807 2.8411589 -0.4318617 -0.59316695 0.4493305 -0.11198474 -1.0646101 -0.9994515 0.114925586 1.7808204 0.15623854 -0.13928887 1.0944097 -1.1534985 -1.331319 -2.5072532 0.40559834 -1.4969668 0.9858067 -0.9017102 0.21466307 0.19383739 0.040094342 -0.56656116 0.9420494 -3.349535 -1.8667176 -0.8312762 -1.804292 1.3792267 -2.371965 -1.6740922 -1.4888849 -1.1124146 0.6463771 -0.82112217 -0.19828378 -0.09287244 1.677818 1.9955413 2.342854 -1.4040055 -0.36937225 -1.3597963 -0.82212794 1.8212 0.4710448 -0.32716426 0.7570317 -0.63388824 0.105311185 -1.3954494 -2.1645527 -1.6829674 0.7495963 -0.48776868 0.33939475 2.0915973 0.6897441 0.47369668 -0.7793783 1.3736155 -1.8939046 2.3810549 0.9029837 0.40940166 2.157961 -0.03362536 1.1837322 -1.6543691 -0.5632963 1.1016387 0.040714577 0.22795586 -1.0850377 -0.7911511 1.7615973 0.49381247 -0.7027955 0.5189879 0.9611154 0.81383663 1.7207139 -0.85700184 0.61542475 -0.21543948 -2.341817 -0.18679978 -3.1672478 -0.42087543 -0.9887931 0.9212131 -1.0082182 -1.7098329 -0.45962557 -2.8884516 1.1996427 2.3232355 0.5674655 -0.6512882 -0.05232077 -0.018428352 -1.9398662 0.637347 -1.5850579 -1.3333215 0.6717835 -1.19958 -3.622154 -0.21090539 -0.17884581 -0.8765598 -1.1506194 1.0875387 0.009221687 -0.3811553 -1.429183 2.055509 -1.02698 -1.1247262 -0.7878805 -0.9830416 -0.9646011 0.058133367 0.722609 1.0154296 -0.38287187 -0.1794437 0.59431416 0.3290802 2.6470578 -0.97363234 2.299815 -1.7174252 -1.196384 0.3809296 -0.076120734 1.6660627 -1.2098043 2.482213 0.4328503 3.1590676 0.4862332 -2.365748 0.60387206 1.014455 -0.40529564 -0.38977668 1.3271282 1.6241955 -0.22951595 -0.16817373 0.29363266 0.3661864 1.9091098 2.3854458 1.6719863 0.6134038 -0.82074803 2.8481336 -1.6202723 -1.2307397 -2.2839262 -0.49812075 -0.07959145 1.7463273 -0.5933039 0.21892408 0.2026133 -0.30203745 -1.0691521 3.0159292 1.2179258 1.6745466 0.1902738 0.9910954 -0.42463535 1.4292015 -2.0396543 0.5583079 1.1756105 -0.9803138 -1.3745497 0.21501341 2.582922 1.5992151 -0.367716 0.21237308 -0.3303895 -0.70272917 -0.505493 -0.41372305 -1.1864501 -0.84677774 2.2625124 -0.7955011
lavender -0.6345534 0.7544934 -0.025485639 2.0398114 2.1127598 1.7739933 0.1361954 0.848422 -2.4727483 -0.20505033 -1.8942895 1.5001899 -0.22593388 -1.7246088 -1.9373932 -0.7235411 -0.6080461 0.43065014 -0.095248625 2.1642153 -1.3678606 0.2851326 -0.64162004 2.6154928 -1.2430538 3.3029358 0.6520706 -2.21775 2.5821927 -2.6787283 1.3132669 -1.6424387 -1.6380818 -0.2589056 1.350483 0.3767365 -0.9847877 0.17572032 1.7293792 -0.7933852 -0.83060384 2.254331 0.41847146 1.5176313 0.0017813527 -1.1442592 1.1940871 -1.600071 0.09993496 -0.6433119 -0.8927911 0.4787466 1.3675439 1.6239153 -0.539482 0.2671895 4.4912734 -1.3372746 3.4994106 -0.49279806 1.2055784 -0.30644542 -1.7615016 -0.3256351 -1.3965561 -1.6111668 0.0683842 -1.7379246 0.2175659 -1.1134644 -1.289169 -0.5048099 0.32116473 0.7840918 -1.0384867 0.912963 0.16614504 0.13229229 0.22617458 2.357933 0.21023108 0.048495937 -0.029149314 0.97882205 2.7429125 1.2559009 0.65705776 1.1256001 0.9235343 -0.7842291 0.9968019 0.4946769 0.40066865 1.3565035 -0.2499886 0.4919647 -2.9640303 1.398663 0.10632062 -2.7233472 1.1976401 0.6604303 -1.1152802 -3.5857885 1.9969698 2.4603512 -0.85387135 0.6571096 -1.8635676 -1.3406097 -0.17211655 0.14990379 0.40496382 0.12002767 -0.068725035 1.7895417 1.7997471 -0.9347675 -1.6858674 -0.8930103 0.016300276 -0.5510688 1.7829627 -0.2869115 2.096566 -0.43351144 -1.6206586 -1.4662019 1.2578149 -1.4391559 -3.1584554 -1.3661002 -0.016364124 0.94530714 0.22099955 0.4625351 -1.0066457 -0.8573217 -0.5976301 -1.9317232 -0.41961765 1.2441077 1.7100335 0.96339077 -1.2073483 -1.1948715 -0.68636537 -0.46120626 -3.1204593 0.60187274 -0.6169702 0.785548 1.1422352 0.8996519 -0.96996236 -1.5504333 -1.0045307 -0.1882227 0.8892663 -0.8658412 2.0817995 -0.21582162 -0.35519487 0.11464217 -0.009709987 0.46449602 -2.2599406 1.6208981 1.0771275 2.497512 3.203269 0.2552787 -0.10725137 -1.2460269 -0.6801192 -0.08564646 0.32462665 -2.9642751 -0.23263136 -1.2700901 3.9864926 0.70394033 -1.7724303 1.3922029 -1.1 0.8230671 3.4170198 -2.1368759 1.4398849 -0.60524917 -1.6036853 2.3331697 -3.560589 -0.30817297 -1.361187 0.68993497 0.3500323 0.24007043 -1.6746039 -1.3400953 1.6521991 0.75978416 1.3252617 -0.27548134 -1.2078048 -0.9947938 -0.22994013 0.48001358 -0.19623853 -0.73093027 -2.1549666 -0.7183207 -2.555578 -1.0590547 0.70596564 0.4690093 0.61676073 1.1933277 -0.93063855 -3.0157485 -0.26523346 1.7370247 -0.8564271 -0.71303254 -0.86627907 0.5347783 -1.9907768 1.1884544 -1.6209736 -0.15950835 -0.9639838 1.8764452 -0.68638355 -1.9096776 2.2450075 -0.13125928 -0.59527206 -2.484089 -1.7783071 0.9956589 1.6342492 0.5865121 -1.0731769 4.088947 1.0805889 2.5405602 0.8727827 -0.63385266 0.59693664 -1.4884306 1.3503367 0.25469482 1.4337147 0.507662 -0.62615085 -0.36856237 -1.0614257 1.0300857 -0.11366917 -0.06111829 0.43343225 0.21768206 -0.6203437 2.1490684 -1.6755083 -3.8124883 0.50579786 -0.4845317 0.059594765 2.429157 0.18909438 0.32666087 -0.4395954 1.7012821 -0.039396375 3.0815763 0.14956592 1.3211921 2.1392994 -0.31376824 1.4973421 -0.18851678 -2.576463 1.7761439 0.13335304 -0.7776527 -1.8152996 -0.47646743 3.451774 0.8016262 0.7940488 1.9897639 -2.2974675 2.9395661 -0.41946772 1.2427549 1.7003689 1.2183475 0.8827384 -0.19369137
manure 0.18910109 0.71242505 4.611736 2.0980039 0.08131159 2.1654975 0.71213865 1.4506596 -4.024978 2.524209 -1.1727788 -0.12773609 -1.932179 -2.9310079 0.10138341 0.7750007 -0.22650874 -0.258882 0.7617853 0.78317624 -1.066353 -0.3174366 0.92684585 0.56837815 0.14376293 -0.23100284 -4.143593 -2.5213773 2.3191788 -2.0654898 -1.8048499 -3.0366395 -0.24599999 0.27918065 -1.5353703 0.6163634 -0.76218504 1.1388474 1.2942698 -1.1869111 0.4243442 -0.45389995 -3.0786135 -0.72735775 2.1803532 -1.705355 -0.63221437 -1.6314687 -1.8027009 2.3414302 1.6861199 1.0080835 -1.9268558 0.4276558 1.1412345 1.8282734 0.0109536145 1.4042046 3.675918 -2.2064214 -0.5125734 -0.8106223 -0.42312828 2.4523466 3.4553816 1.1617464 -1.9813154 -2.760649 1.259429 -1.414796 -0.7429885 -1.3454045 -2.144 -0.19070269 0.37115973 -1.4655592 0.60540354 3.2228277 0.6683043 2.0267816 -0.5020754 -0.7743914 -0.52524096 -1.323537 2.486388 1.2757416 -1.2398825 -1.9405866 -0.35264552 -2.4954019 2.725537 -0.054219317 0.7449847 -0.98766834 -0.47265682 1.2506714 -1.7001584 1.9838265 0.35143775 1.1082145 1.8475729 0.6806417 2.9235764 -1.6757269 0.48916355 0.9326004 -2.0995028 -4.731712 1.9825505 0.5436493 -0.50630707 -0.7877149 -2.2170515 -2.577096 0.4198472 0.1817309 1.1380296 2.359049 -0.58417094 -1.6178828 0.47832733 -0.37241086 1.4866176 -0.7390187 1.2643737 -0.35747528 -0.9006153 -0.1740435 1.9480872 0.29142827 0.42398164 -0.17370634 0.7800316 0.41930565 0.7012258 -0.12457174 1.2908843 -1.6809012 -0.8018459 -1.5624865 0.10343546 -2.3307264 0.1474837 -1.5816796 1.8478423 3.9596984 0.5518666 -2.3977573 0.882717 -4.602797 1.2216246 -1.2045752 0.33288127 5.0843816 -0.950278 -0.6309548 -0.02497483 -1.7532885 0.26113507 -1.7441946 -2.129555 1.9960948 0.27141535 0.93035126 0.9519212 -0.24459651 -2.8359132 4.28463 4.5019364 1.0300319 2.0763721 0.84706694 -1.2924472 0.97177756 2.9036841 0.03598968 -2.4282882 -3.018624 -2.257672 1.1188338 0.9809571 -1.0788997 0.14787737 1.4591955 -3.855173 2.2184653 1.4715978 -0.7789927 2.453229 -0.23729073 0.097051546 1.6998504 -2.14764 -0.884759 -1.0272292 -0.17696625 0.24241948 -0.76212674 0.7260424 -2.7122247 -0.19900593 3.6183257 2.7062879 1.6722306 -2.30185 -3.5427732 -1.0125778 1.7570565 1.4402473 0.045555 0.23056419 -0.5645669 -2.0363457 -1.3002678 -1.6602443 -0.6449631 -1.016286 3.5056956 0.7028164 0.92855 2.0916126 2.490578 -1.1531373 -3.0540905 1.2804054 2.641919 -0.6739442 -0.09169315 1.16906 -0.08107083 -2.1669512 -1.2884762 2.701605 0.1887578 1.3990529 0.5563588 -2.9655523 -1.2244203 1.3409657 1.413962 -0.6085627 1.900904 -0.90240806 3.5045733 -2.5250793 0.7902899 2.9640534 -3.3946977 -2.2732909 -2.0180855 -1.0623837 -0.8462394 3.1399145 0.41922772 0.2813668 0.95056134 2.0496569 -0.065441355 -0.06515374 -1.5562328 -0.25238138 -2.755281 -5.404585 4.2354484 -0.6529536 -3.394847 -0.4753442 1.8478814 -1.7995604 1.0993693 0.23957054 -1.8298893 0.06431422 0.7673023 1.0850077 0.6787085 2.2560723 -0.061918367 0.2603557 -0.83675086 1.0443137 -2.5413306 -2.697487 0.4324787 -0.07296477 2.5183907 1.6789322 -0.3541775 1.0128044 1.6745652 0.9817127 3.1408217 -2.857929 -3.9446254 0.8313771 -0.70356363 0.34914562 2.56208 1.3011461 1.3061424
incense 0.54871583 -1.814946 -3.5565288 -0.5356389 -0.3090456 -0.38689157 0.2536492 1.214326 -1.092478 -0.5123513 -1.1838605 0.5097316 -0.68963444 1.2415773 1.2062639 -1.6984637 -0.5237729 0.13674808 0.9353711 2.4967656 1.482916 3.1547277 -0.50811166 0.1509708 -1.2803533 -0.05827118 -1.340916 -1.8701507 1.9598691 0.4036975 1.5135298 -0.119931504 0.2580068 0.5400052 1.2567167 1.3540763 0.05092893 1.1022676 0.67240167 -0.19028771 2.078444 -0.91038835 0.27798915 0.035831466 0.5186047 2.1961293 0.3571329 -1.2497162 -1.4863541 -2.7047892 -1.2230254 0.6646303 -0.80377835 0.79121846 1.6880634 -2.0011353 2.1627104 -2.4972994 2.850922 0.48903567 1.0721208 2.143302 1.5925417 -1.620113 -0.09038582 -0.20507026 0.42584255 0.7869364 1.1314136 -1.8445814 -0.29079318 -0.21223025 0.45663366 0.33913633 1.6621516 0.51412565 0.13865781 1.3332705 -0.3717885 2.0153186 0.09304301 2.1815078 -1.2231942 -0.92915404 -0.3613027 0.71643126 0.08262162 1.918311 0.9098634 -0.8319324 -0.50197506 -1.7364064 -1.7997276 0.036024224 -1.7917646 1.4195056 -1.5092279 0.70415336 -1.8231063 -2.5280354 0.46608213 1.5679454 1.7703166 0.0784352 1.1776569 0.42214853 0.7116258 -1.5186261 -1.4416518 0.3845694 0.8125365 0.28761366 -2.6448326 -0.1719033 1.6852078 0.9967994 2.5663106 -0.29168627 -0.89152145 0.25538507 2.3615546 -0.6258171 -0.92093366 -1.4162067 0.040065132 -0.4334 -0.80636764 -1.5860807 -1.7879716 0.64686245 -2.6839347 -1.6839173 -1.4464387 -1.9863207 0.6480069 0.16465308 -2.606699 -0.4110696 -0.60740995 -2.6744573 0.6767871 -0.16427703 0.6012409 1.280751 -1.1465352 2.0971286 -1.5378422 0.0043860395 -1.1014165 1.4902253 0.14552379 -2.3439307 0.64349794 0.38928205 -0.51182437 0.6480777 1.2156254 1.2927802 1.2169333 0.069245525 -0.6288582 -0.2819339 -0.17339736 1.9359463 2.3746917 2.0867524 -2.0364006 2.3308184 0.9896485 0.16825826 1.5923997 1.2574273 -0.48506567 -0.8311195 2.1922297 -0.7247791 1.2135555 -0.95067203 1.4181389 -2.1572127 -1.1776353 0.8785849 1.1341473 0.545753 0.309704 1.1824338 -0.34052455 -1.4868501 -2.214145 1.9219855 0.5325291 2.9970937 -3.4280915 0.293914 -1.495988 0.58793354 1.5098296 0.5434297 0.82486904 -2.097165 1.5469391 -2.4246664 0.9494008 -0.18161163 -1.2729592 0.8488072 -0.41478786 0.7055621 -0.059652872 -0.96231216 0.099276006 -1.3228668 -0.2149555 0.34993413 -1.6156677 0.93639714 3.7411275 1.4857312 1.2013901 0.9162525 -1.2631528 -3.5699968 -1.264203 -0.2941791 0.80769867 0.9475677 2.1467807 1.9445606 -0.50167984 -1.3355794 -0.62786686 0.6767587 2.3616369 -0.99128246 1.8463285 0.046025053 -2.4785979 2.4126978 -1.6848737 1.0181185 0.85171896 -0.75832564 0.6631068 2.2334719 0.028601764 -0.49748704 -0.38322365 -1.3648988 -0.37664816 -0.6611606 0.5307104 0.21039268 0.27922 -0.06879211 2.0261738 1.3890774 -1.217248 1.6605548 1.2707292 -0.6070166 -0.87163705 1.3901148 -0.15808877 1.9908657 1.1669195 -0.37284416 0.3554951 0.91263574 -1.1647061 2.5019555 2.447992 0.59216434 1.4223541 1.0033542 -4.48999 1.3338888 -1.5572884 -1.1101065 2.6098042 2.331102 0.12473685 -1.8971286 -1.287806 0.7550046 0.8022528 0.3671303 0.48877504 -0.39757454 0.27719748 1.1701568 0.8713616 -0.60765696 -0.6932218 -0.1775263 -1.0063303 -0.60683215 -0.96475524 1.4834023 0.5042325 -0.12319108
caramel 2.2219913 -0.544238 -0.05761252 0.061396394 0.14909045 1.4695688 1.0368557 -0.21837194 -2.7723212 -1.5645393 -3.9663315 -1.9108108 -2.6133316 -0.31399587 -3.7917275 -1.2345785 -2.0018547 0.0038210498 -0.0478347 0.4778953 -2.7712026 -0.17349413 -2.6053185 1.61743 0.7531419 1.4191864 -1.3663673 -0.5888772 3.5409424 -2.7325149 0.9686989 -0.9069959 -3.1020408 -0.42943183 3.478802 0.44428858 1.2951791 1.4823731 0.37391913 -1.2777025 0.96602935 3.2497025 1.7467641 0.43385765 -2.117143 0.059750117 1.4329966 -2.167329 0.21833517 0.0028621787 -1.5883647 2.7298515 -1.5185376 0.9831793 -1.0501454 0.41265732 2.3797894 -0.9396722 1.1127604 0.0986446 0.1581207 0.7373321 0.8315328 0.8566078 -1.5753238 -1.3618964 0.2678972 -1.5067477 0.021070149 0.38874492 -2.9209237 -0.94863766 -1.5774457 0.85726124 -0.2051208 -1.7182567 -1.1354166 -0.22424652 -0.24166553 2.714722 -0.81390846 1.0972698 -1.7738745 -0.66255003 3.2564719 1.1065894 -0.97072303 -0.9205096 2.5166142 -2.893773 -0.9892377 -0.55135757 1.4044429 0.9326252 0.100846745 1.30691 -2.9222167 1.2658923 1.2012877 -0.8716653 2.4083614 0.3874707 1.2622025 -2.798352 2.4206383 1.9233952 0.082211524 -2.6277933 0.78251064 -1.0175271 -0.49502957 0.91009384 0.8364669 -0.6415057 0.49646917 0.8351528 1.808294 -1.8351198 -3.1158605 1.5287803 0.65193117 -0.23508519 1.0501943 -2.386931 1.3262463 -0.5667046 1.4703099 0.9098783 1.5689172 -1.1776582 -1.005924 -0.884878 1.5469773 0.05900805 0.7412503 0.52023643 -2.254655 -0.08766153 2.4891706 -2.2311952 0.53764296 3.2053595 0.88724965 -0.60913426 -0.9723829 -0.8126794 1.0303797 -0.6958164 -1.1343105 1.973205 -3.7332187 -0.7748511 -0.097130425 -0.4146762 -1.7976665 -2.29256 0.87139845 0.33962584 2.7665854 -1.7446587 3.3091908 -1.1566993 0.03217104 0.38390413 0.28831786 -0.3042334 0.75776124 1.2728828 1.704607 1.041951 1.659617 -0.15307888 -0.3090948 1.4623357 0.2398938 2.4161468 0.6126004 0.3745501 2.1575062 -2.940347 2.244902 2.3699675 -2.029527 1.539174 0.27703506 1.4381032 3.2229989 0.82842726 -0.9620919 -2.8171277 0.48016706 2.7872467 -1.2119274 -0.5353008 -0.66002613 -1.774909 -0.472918 -1.283999 -2.474491 -0.55449885 0.98333997 -0.116694115 3.434636 -0.07246497 -2.147003 1.0452458 -1.0435253 -1.1969385 2.1490774 -0.58380973 -3.7920563 -0.07782813 -2.740235 1.2659131 0.5380909 -1.0126983 -0.62461513 -0.7063474 -3.510356 -2.6624844 1.049318 0.90780836 -0.29461613 -0.8422329 1.9402534 0.20561832 -1.613726 0.31146783 0.22026813 -0.6504936 -1.6722108 -1.5197707 -0.1313298 -0.87751323 -0.6256859 -3.916121 0.0076166736 -1.6460762 -1.487291 0.9353236 -0.2568865 -1.1831622 -0.3793489 1.8835953 1.6633369 3.2835293 -1.1238042 0.13803467 0.63773376 -2.305642 1.0178058 -0.61244655 1.5256035 -0.15608986 1.9743017 0.29244828 -2.8361793 0.31175354 -0.78553236 1.1670924 0.25776154 -2.8138695 2.4703312 3.4621212 -0.96612656 -1.8622575 0.35564852 2.1826875 1.6226104 0.9185947 -0.23723869 0.12216419 -0.5623313 0.69848716 1.4940485 0.17389119 0.23409633 -1.4728286 0.93580717 -0.7673164 1.0433154 -0.6574543 -3.6531305 3.3579006 1.2976269 -0.96864945 -1.7660308 1.324556 1.2464117 0.6311512 0.124451645 0.5801435 -1.7040153 -1.0447738 0.040150076 0.044758666 1.7789422 0.5213225 1.791027 -0.37225923
ammonia -1.6714855 2.1746988 2.7868807 3.2903333 -0.95821583 1.7784562 -0.319221 0.8403932 -2.1943622 -0.24775897 -0.729613 0.114221334 -1.7160617 -0.9172555 -1.4757689 1.963456 1.1101971 -0.48138154 -1.3448915 2.6643817 -1.689022 -2.4668999 -0.8822101 0.017634679 0.12873298 0.923464 -1.8816828 -1.225771 2.9484775 -1.3600106 1.1445651 -2.2799037 -3.4148102 1.4364904 -1.9291152 0.15197873 1.4182941 1.3738915 0.62410176 -2.1577218 2.7441444 -0.3039598 -2.0412142 1.1461275 -0.09410371 0.75159854 -0.84727687 -2.5783439 -0.5524617 3.4815526 0.71042025 2.0855627 1.0463377 0.1706637 1.2267418 -0.07844422 2.3599477 2.077416 3.0519593 -0.15479313 -0.91736794 1.3454075 0.22507802 0.08555073 2.4549592 0.35598683 -0.692229 -3.4684548 -0.38226485 -1.219225 -0.21417406 -0.13951997 -0.03768455 -0.8908306 3.0414877 0.43164867 -1.2286628 3.4596179 2.1671004 -0.75883794 -1.8212541 -0.2984112 -1.1174613 -1.7261537 0.32525536 1.0208179 -0.6103325 0.107919775 -2.495419 -1.6670862 1.7256395 -2.1331658 -1.2155349 1.0777551 -2.033874 0.12384448 0.32312346 -0.31740287 -0.6390702 0.3670389 2.072772 -2.8705254 1.2552831 0.13550769 0.95150006 -0.8123575 -1.4227744 -3.7367957 -1.0914263 -2.238521 -1.0827216 -1.8530215 -0.1977014 -1.3197594 -0.38366246 -1.276308 0.46957028 2.0372422 -1.7763733 1.0473592 0.72561663 0.47705758 -1.4304024 -1.3068855 0.887246 0.59446645 -1.731329 0.8978609 0.12913243 -0.24768561 -2.15981 0.8578531 0.56800985 -0.97318906 1.3881092 -0.80471426 -0.58849525 -2.096743 0.4545076 -2.3086538 -0.6022854 -0.64188397 -0.043141164 2.5189376 -1.1444274 1.8842208 0.75705844 -0.15070847 -0.091608346 -4.0500736 1.8154821 -2.0132904 -0.86835676 3.9111285 -1.8118294 0.79715264 -0.15798159 0.19299947 -0.28939208 -2.1365602 -0.95532686 -0.16766924 -0.0026781233 1.0970056 0.39929464 1.6591306 1.1784972 2.980762 1.7644371 0.7663636 -0.5893967 2.2730682 -0.7869411 -0.0967526 2.1624162 0.45808312 -0.2575753 -1.7242537 -0.8897316 2.58504 1.3931446 -0.5247675 1.1893468 -0.116076455 -3.9824197 -0.004649589 -1.3231372 0.3432371 -0.45671907 -1.6172122 -0.45421642 0.27081233 -0.6720728 0.044606466 0.8193925 -1.4128007 -2.0579028 -0.73603046 -0.57511663 -4.421122 -0.0644276 2.4835284 2.1789148 3.4707603 0.1716704 1.1156318 -0.06476124 2.0009625 4.0951943 -0.16018766 -0.2899295 0.76349753 -0.66732895 -0.37116477 -0.3629244 -1.4669164 -0.68254906 0.7834152 -3.4097972 -0.22192338 2.4238093 1.4671553 -0.7867486 -4.2794414 0.57837564 2.2057629 -2.5750272 -0.55063975 0.410627 0.65420574 -0.16812487 1.080971 1.2003819 0.09143078 0.8427908 -1.3716689 -0.87366825 -1.4424329 -0.636091 0.72986704 -0.4987023 2.2291002 -1.7292643 1.9448329 -0.056835953 1.7623487 0.85878366 -2.9499252 -0.7920084 -1.7374659 -1.761426 -0.0713191 3.3014827 -0.59880567 0.35734192 0.48193935 0.30219433 0.4394463 -1.9491183 -0.35839823 -0.44343075 -2.8210213 -1.496579 1.9801161 -2.4964018 -2.8353539 -1.454467 1.8898125 -1.817042 1.1830623 -0.2529231 -0.58278143 -0.14367671 0.0059161256 -2.7622814 -1.8492415 1.7804831 -2.4334662 2.0136883 0.7449851 -0.09284733 1.3376496 -1.7126982 -0.11680878 0.8449643 0.75644207 1.5395385 -1.4696232 1.2735399 0.5995646 -0.28135988 3.415582 -2.9542193 -4.51465 0.418608 -0.39212975 -1.94662 1.8278631 1.395111 1.8082638
detergent -1.5949069 0.9015674 1.5140526 1.9694805 0.491303 3.6179047 0.3130894 -0.20631358 -3.4850364 0.2259544 1.690944 0.2651741 -1.3132524 0.31507847 -2.662126 1.978515 0.051553298 1.3238428 -0.013087606 1.1064959 -3.689604 -0.1909068 -1.0329734 0.7367132 -1.2255481 -0.70729285 -0.6540985 -0.19539195 3.146521 -1.7572417 -0.016818391 -3.2285683 0.7170982 -0.11511758 -0.3018326 0.65677947 0.3312463 0.5171206 3.4521654 -3.3790483 2.721892 0.012630441 0.64316165 2.1603866 -0.8506445 -1.2150455 -0.74740994 -1.9529976 -1.0804656 4.3991795 -1.0446947 1.1891557 1.0563703 1.1628673 0.5904941 -0.2171863 1.3062367 -0.45854217 0.21642864 1.6736768 -1.7591084 1.8280787 0.015247262 -3.312735 0.6125654 -1.9711136 -1.5955666 -0.7714622 -2.2962077 -0.7546526 -3.4444537 -0.5587392 -0.14090419 -3.2062824 1.6932005 0.14908937 -0.8157251 1.954915 -0.24320373 -1.4455307 -0.8819244 -0.7066445 -1.3125507 -0.7305838 3.3857358 0.077399306 0.46125668 -3.6439905 -1.9407103 -2.5405226 2.074201 -1.9721888 0.6750796 2.5796227 0.40315658 -0.6357476 -1.0973848 3.0268528 2.393948 1.2445049 1.8976691 1.1735765 1.7378379 -0.43942586 1.1831813 -0.31226352 0.32487646 -3.4746628 0.81114995 -1.023003 0.41926566 -0.4222307 0.11155292 -3.2588084 -1.2252164 -0.82810926 -0.4367582 2.2424738 -2.8207254 0.8211027 1.5147451 0.031889558 0.4280282 -0.5419617 1.2948812 1.0955892 0.0930081 -0.11371256 0.030254258 1.6360266 -1.8102665 -1.4696342 1.5796813 1.9277759 0.42977458 -0.513294 0.039869245 -0.4535971 -0.7630948 -2.5667412 -1.3756998 0.5373232 0.08361363 0.9279036 0.09837245 0.30936536 -0.25195214 -1.2294964 -1.4795831 -1.0333518 -2.15979 -1.2644317 0.014169864 2.8490791 -2.2001433 -0.5537764 0.7707866 1.4434265 1.1559217 -0.1541242 1.2148532 0.9201696 0.04938134 3.1709926 1.1078613 -0.84809726 0.5296509 2.823611 3.264517 2.05489 -0.5416822 0.06126956 -2.4488614 -1.1252894 2.9516644 1.0848243 -0.87833935 -4.8574114 0.6937442 -1.2194145 0.17215623 -0.5793159 0.41017133 0.19861047 -1.8307407 1.7254052 0.80449975 0.3765195 0.6420231 0.33916956 -1.0894209 1.808601 -3.6618173 -0.04607699 2.687202 -0.8143703 -1.466384 1.2150629 -2.5419726 -2.7112787 -0.6807802 2.6270368 4.867922 0.16781397 0.7692802 1.6025463 2.0519068 1.0046499 2.3241491 -0.12839267 -2.4642313 -0.6648921 -1.4697138 -0.06331544 -0.15339391 -1.8885179 1.1209831 -1.4649317 -3.3105543 -3.4729457 0.41931975 -0.026157172 -2.2824695 -0.90947294 0.18429327 0.43661863 0.76570755 -1.2847222 -2.3726304 0.81811744 -0.8033429 -0.8379731 1.1074677 1.1893615 3.845303 -1.6752077 0.1874301 -1.7706121 -0.29354236 1.1492568 0.92803854 1.1216983 -1.5895839 2.1803293 1.2397724 2.0567636 0.31083253 -0.84046865 -1.2906126 -2.6178517 -1.1187378 0.7191639 3.5433655 -0.27874902 0.5451468 -0.29994443 4.638227 -0.53088254 -2.1307783 -2.6955996 -0.60341245 -1.8129233 -1.3923695 -1.0591131 0.043607056 -3.7255487 0.5276247 0.34920627 -2.2150092 2.0523098 1.7151349 -0.03819639 -0.61525387 -0.58453596 -1.834178 -0.13656548 2.1740868 -1.4380422 2.2440867 -0.030716581 1.4586984 0.21842854 -2.5903864 0.92502916 0.49244505 3.1569953 -2.2525446 -0.64445084 -1.7789441 -1.5233706 -1.160124 2.1357415 -3.4394996 -0.43458807 0.65745664 -1.2678072 -0.23715885 0.008054543 1.1903667 2.8195825
grapefruit -0.482415 -0.5526289 1.0606548 0.1342074 -1.6840371 3.671957 0.52232593 0.42568886 -1.5490191 -1.4360986 -1.6520706 -0.010464362 -1.4581282 -1.1126944 -2.5163991 0.43602532 -2.038945 -0.49363545 -0.39204678 0.57928157 -3.0684175 0.08991456 -2.2251985 0.12598722 -0.7716607 0.58997834 -0.7695217 -2.6354985 2.63111 -3.040054 2.7554202 -2.0414634 -2.6577344 -0.94607353 0.33448485 1.115506 1.1714473 0.8881115 0.38798386 -2.3954046 0.30237368 3.5434196 1.5086998 1.2522308 -1.3235533 -1.8586497 0.71866786 -2.0083382 0.39742243 1.8734497 -1.0506392 2.2113633 -0.10551964 0.5283183 -1.3761792 0.19638252 1.0208155 0.6103654 1.5024626 -0.66180867 1.0969825 -1.6262993 0.16644962 0.5681319 -1.3270836 -1.0622804 1.5684061 -1.3738348 -2.9457917 -1.077256 -3.0004966 0.49118608 -0.7096587 1.634868 -2.3404398 1.1582127 -1.4561076 -0.32928753 -1.3920311 2.1512945 0.0811794 -0.019591613 -0.9301484 -1.3837907 2.8992133 1.5752891 0.5055337 -1.7578894 1.118431 -0.553098 0.7898234 0.22381538 -1.6056826 2.1704826 0.008796386 1.7472124 -2.5077705 1.3681163 3.9168503 -1.4675275 1.5769889 -1.1369725 -0.4976154 -3.0996127 1.4781508 -0.020151986 -1.7339422 -2.0079126 -1.8736073 -1.1511178 -0.023237865 1.1484653 -1.030601 -3.003278 -0.56348825 2.3934538 1.2663395 0.41419017 -4.364757 1.6291324 2.5416808 -0.74414337 -0.51837575 -1.5219038 1.2291555 -0.35188356 -1.6816996 -1.7501364 0.41799667 -2.2389288 0.40918508 1.4800677 -0.8385644 2.1202893 2.7968373 1.6017574 -2.8313272 0.5542188 1.7920313 -1.8017839 2.8002374 -1.7490427 0.37587905 0.51166636 -0.57308006 -0.0020713012 -1.6961684 -0.575702 -0.88346237 1.6108649 -1.1608413 1.6808951 -0.64266723 0.6783014 -1.6686963 -1.23563 0.43936816 1.9188764 2.320156 -1.0206482 0.9909566 -1.2727102 -0.5509343 1.027958 -0.35284597 -0.9391973 -2.2095933 0.45545864 1.6549556 0.53811574 0.00019671633 -0.28445092 -0.92820185 0.2908069 -0.81969786 1.0379312 0.6792574 -0.8699445 0.386145 -2.4721396 0.69200695 1.181078 -1.4033995 0.44484994 0.48761374 0.7312562 2.4857895 -0.14935103 2.1787899 -0.035260346 -0.5971654 1.1282915 0.94326663 0.58733517 1.1500986 -1.3990355 -1.1814114 -0.848865 -1.7843856 0.27286792 -0.29794428 -1.5383892 2.470844 -1.7376194 -1.7549214 0.99212927 -0.56378645 -0.7128546 0.5195995 -1.2174554 -1.6687244 0.04239148 -1.1779922 -0.885624 1.1855713 0.4338417 -2.6007886 0.6730918 -2.5487473 -4.5696273 0.108927764 0.44853246 -1.3789694 -0.3251654 -0.14478825 0.35602057 -1.7976706 0.011258959 1.6037115 0.21327959 -1.4947848 -0.23909527 0.5935682 -1.1432011 1.3228542 -1.5131669 -1.0370345 -1.9820337 -0.32392788 0.3838509 0.59364235 -1.7702122 -1.5170689 2.2654152 1.8293855 0.33652237 0.16674572 0.01485864 -1.3703593 -1.5072669 0.27057287 -1.5708208 3.285314 0.7049405 -0.094815835 1.7540933 -2.2035403 1.9224833 0.9153861 0.44265714 -1.216894 -2.1616688 0.4390688 1.1675617 -1.2357043 -2.8467436 0.10073966 0.7582744 -1.7264798 1.067672 1.1495652 0.62605196 -0.8540613 2.3493052 -0.5114239 0.122699946 0.16012241 -0.73498243 1.16824 0.92121696 0.82275873 0.5199343 -1.3512461 1.6529479 1.9449984 0.57127386 -1.9853591 1.1994742 1.2205067 -0.66107386 1.538079 0.8593813 -1.6676419 0.72688085 -1.2935473 -1.3603058 0.9644581 0.97686714 1.0991038 -0.035200544
clove 1.5519211 -0.7191591 0.66725975 -0.6604669 0.29973826 -1.075679 1.1294256 0.7108771 -2.4342854 0.7403543 -1.3978388 -0.26777282 -1.1797541 -3.1548533 -2.1576116 -0.08910488 -1.6871446 -0.6297661 -0.82834256 -0.31739923 0.9266494 -1.1209775 -0.95082206 -1.0070304 -0.24516664 1.9082994 -0.021516522 -1.6494378 3.7850697 -2.7700799 0.41169253 0.42681208 -1.4061154 1.3221719 0.8257843 1.4267646 0.8434055 1.839901 2.4860666 -2.8927271 0.27665108 1.3078842 0.19433923 0.2550543 -0.4565978 -0.67721355 2.2230926 -3.4608977 -0.35577863 2.8061292 0.7837358 2.0264256 -0.9708542 2.6694627 0.9162436 -1.139616 0.5183803 -0.12290984 -1.0171266 -1.005237 2.826209 -0.9745112 3.0630815 -0.7419487 3.1468608 -1.0195708 -0.79798084 -2.033934 -0.49725604 -1.2417091 -1.6706865 -1.1442136 -3.3945549 0.27410123 -2.2974045 -0.36891553 -0.2973426 -1.0195419 -0.2725182 3.7762365 -0.58402383 0.5005407 -2.5692415 -0.77440774 4.1578283 0.570586 0.9142017 -0.101434596 -0.21458411 -2.6278772 -0.54006475 -0.098308615 3.0635002 0.33686325 0.24868248 0.12579042 -2.279844 0.2633874 1.6169497 -0.7342356 2.86386 0.66706365 0.6954971 -1.583332 0.7622398 3.5756817 -2.4400284 -1.464523 0.2498237 -0.5036881 0.0003123826 -1.4330001 0.2240044 -0.87525684 -0.40265316 1.0682327 1.3550339 1.2520341 -4.1998544 0.8464351 -0.06030956 1.088288 2.4986756 -2.265576 -0.12335216 0.24854085 -3.901897 -0.6712512 -0.88533276 -0.3617959 -0.81197304 -0.7633027 0.70172524 3.741333 1.0017438 0.9958249 -2.7140374 -2.5620935 -0.9026102 -0.5124652 0.08997571 0.14090751 1.1303505 -1.0200837 -2.0957353 0.40495253 -0.88175523 -1.3533796 1.4429548 0.4530535 -1.632553 -0.9625578 0.51895696 1.6119721 -2.7811663 -2.8305852 -0.78263414 1.1785606 2.8844469 -0.08369576 0.7249211 0.39657846 -0.75927967 2.1746464 -0.060374733 -1.6032016 -0.63159263 -0.4146274 2.1153417 0.85879046 0.7647024 -1.1564353 -0.18194763 -0.13822436 1.1493487 0.15169825 -0.073515646 -1.9211249 0.59729916 -0.97186273 -0.2536589 -0.020215524 -1.8864876 -0.61285925 0.0743129 1.881382 2.2726524 -0.086470276 2.6948917 -2.7293556 -1.9203562 2.2326682 0.57571715 -1.2834249 1.603713 -0.24680488 0.81388015 -4.1235075 -3.8829417 -2.5156515 0.8455441 -1.2428565 3.2929406 0.25759402 -0.6340888 0.91412616 -3.920245 0.40321887 1.7376533 -2.3840165 -1.3998103 -0.7440401 -1.4978167 -2.3604198 0.26231253 0.8287948 -1.5579978 1.5562812 -0.6079035 -3.7291176 -0.6985355 1.6282464 -2.015271 0.0632619 -0.027023092 1.7503978 -4.026649 0.9471352 0.99623567 0.82343495 -0.61592335 -0.66992855 0.99234664 -1.2955146 0.9776768 -2.1044548 -0.022169016 -2.2775977 2.0475864 0.9510896 1.6424699 -2.3689249 -2.7313886 0.37390465 2.6610076 -0.21756051 -0.94290173 -1.7044922 0.4361766 -2.1977637 1.5747745 1.5547367 -0.5282383 2.2675173 1.5014932 2.4708781 -3.133813 2.0167935 2.149982 -1.489073 -3.0542789 0.44229862 -0.0899612 1.6906965 -0.08651846 -2.964036 -0.36730918 0.75273615 -0.23524359 2.7797637 0.20773624 -0.012564535 -2.0430331 -1.4685777 0.4196617 -0.1417101 0.5067506 0.5638014 3.0926526 1.5317509 0.3367438 1.7450448 -0.8594992 0.94777215 1.956689 -0.1607561 -3.0992904 0.76459825 0.2681002 -0.65070695 0.7931543 2.2672503 -3.1959715 1.2395173 0.35177785 -0.62418675 0.67557037 0.9841481 -0.2961826 1.5419631
celery -0.44844183 -0.6207483 1.1187438 -0.543546 0.8820872 0.5177539 0.9212566 1.1955556 -2.5276213 0.76885676 -2.294975 0.065020755 -0.755009 -1.9336226 -0.7530319 -0.15105443 -0.17632554 -0.31343362 -0.38785008 -0.73503107 -0.5579682 -1.3567672 -0.08743266 0.4371018 -0.73529905 0.30439904 -2.6107762 -1.9058795 2.4926326 -2.486166 -0.07052295 -2.337615 -2.729155 1.1861253 1.6447679 1.1221228 0.70410186 1.6973647 0.13941988 -1.837295 0.5712927 3.067105 -0.7805256 -1.324974 0.5082826 -0.7837087 2.4487934 -1.9934814 -1.9564894 2.5396874 0.6503977 1.4490006 -1.5253645 1.1528413 0.2678295 0.61913145 1.6524601 -1.2834326 1.0589074 -0.5430458 1.7434618 -2.2396293 2.7793853 0.24349594 1.3471392 -1.3512121 -1.257853 -1.666051 -0.015886478 -0.5507492 -2.0183046 -1.0569351 -3.5197568 0.4316726 -1.782306 1.8182143 -1.625066 -0.11402365 -0.6345154 2.7297752 0.2680192 0.4821409 -0.6922876 -1.0496674 4.4606833 0.8626458 -0.07241459 -0.8656931 -0.12863843 -0.9834938 -0.18341236 -0.03982515 2.466525 0.78570396 0.13358572 1.631255 -3.5622094 2.663024 1.7035644 -1.825658 2.1679714 -0.8389201 -0.6422384 -2.618159 0.58773535 1.2600567 -0.42724997 -2.6458216 0.69149625 -0.2612971 -0.38102636 0.7564272 1.2357603 -1.3822906 -0.3064251 0.71519434 1.8524483 0.656248 -4.9711614 0.699799 1.4822885 1.2115095 2.2717812 -2.2478595 -0.31261176 -0.54094285 -1.3251594 -1.6006609 1.107609 -0.44574082 0.35498402 -0.9349222 -0.3391008 2.3417091 -0.1874924 -0.03105569 -2.9355466 -1.2863094 -0.15953557 -0.70679903 1.0197024 -1.8195057 0.98348016 -1.4655012 -2.6075747 1.69293 -1.4715102 -0.718646 1.8818456 0.08449824 -0.65688163 0.16081949 2.3549242 1.9594135 -1.9545821 -2.3909953 1.530392 0.036641244 1.5500765 -0.34612492 1.7299553 1.3008125 -0.9288502 3.175358 -0.8616186 -2.1024985 -1.2796464 1.7786505 1.945525 -1.0346917 0.17450312 -1.2984445 0.22224429 1.6468233 1.0005659 2.3208578 0.6185764 -1.4317324 1.340887 -0.7591486 0.9296896 1.5872803 -1.1964958 1.7316693 -0.8380258 2.6120827 3.0932992 1.23856 1.9846432 -0.7956699 -1.420696 1.6584946 -0.08736327 0.5573812 0.28428057 0.80987465 0.9033601 -1.615928 -2.3457146 -0.9443354 0.68657583 -0.92099404 2.4107714 -0.24030924 -0.96941066 -0.16224033 -1.8273127 0.13916758 -1.0891727 -0.7684313 -0.7497819 -1.0571686 -0.9466636 -0.7732764 0.8981327 -0.1721855 -2.6565998 -1.4557315 0.250382 -1.754054 0.27506077 0.97385955 -1.2049106 0.2939268 -1.2437862 0.6334678 -2.853451 0.50713617 -0.42199844 -0.1727238 -0.418252 -0.4211972 0.8384763 -0.53503144 -0.28622964 -2.0345936 -1.2804878 -1.8113708 0.8140019 2.279009 1.0222381 -2.2926567 -1.7056671 1.6953264 0.9084179 0.77604914 -0.054505076 -1.601161 -1.2667747 -1.799321 2.172261 1.0300856 1.5704004 1.5748205 0.9331479 0.96033055 -1.2742335 -0.30761427 1.9955351 0.5532011 -2.66088 -0.56446695 0.28246573 2.0716658 -0.85337526 -3.7657554 -0.013716929 0.779094 -0.7192871 0.7186197 0.92000395 0.17601846 -1.6071951 -0.90395534 0.2574054 -0.66811085 -0.041418385 -1.2229697 1.6591394 1.1088258 0.529868 1.3757764 -1.9378471 2.0501873 0.6726596 0.27771184 -2.0003154 1.937033 1.2106516 -0.43241736 1.3392509 1.6537527 -2.5377839 0.44201982 -0.027837563 -0.9148385 -0.21705537 -0.15407568 0.6016796 0.12454814
raisin 0.822617 -0.676865 1.8824407 1.4339949 1.3868241 1.423632 1.0697845 0.63312024 -2.0539913 0.013841603 -4.1663995 -0.41359967 -0.6370721 -1.0985361 -3.5010648 -0.7735312 -2.3261409 -0.111954 0.3206602 -0.31112167 -1.8467121 -0.058052618 -0.5706975 -0.55141234 -1.0168619 1.3634742 -2.5745678 0.10654122 1.1478337 -0.009253571 1.683345 -1.0462781 0.043841038 0.055518 1.9628308 1.4472628 1.0229592 1.7504706 1.0447385 -2.9270427 0.7949168 2.357918 1.2366177 -0.57534987 -2.2293012 0.4036753 1.6164374 -2.532158 -0.85432297 1.6097162 0.8056929 2.1428027 -2.1226368 2.0664704 -0.6791147 1.2073337 2.192522 -0.30006856 1.1615316 1.2276009 1.0826664 -0.4569332 0.2488767 -0.25159577 -1.216832 0.25474268 0.28007418 -0.32297942 0.71924543 0.33158323 -2.6059647 0.5688027 -0.5210454 0.98399115 -0.52679926 -2.0309877 -1.384646 -0.8871613 -1.472989 3.5311174 0.40582606 0.77263576 -0.21955442 -0.0072647226 5.6686034 -0.5317317 0.47170916 -0.20087422 1.8570023 -2.0864797 0.20176178 -0.43801096 1.0883398 0.97743565 -0.3059311 1.7844536 -2.8889933 1.7420034 1.0362003 0.57341284 1.9144382 -2.089031 0.11653746 -3.3168685 0.23374467 1.855838 -0.86402667 -2.4966474 0.29962778 -0.6837377 -0.69230705 0.29257163 1.2572491 -1.1130469 -1.3649457 0.81067073 2.6432989 -0.0008932726 -3.6077044 0.76074445 0.9377431 0.12990086 1.3022068 -0.9274052 2.8650813 -0.053513568 -0.5882568 -0.1287639 0.536864 -1.0128558 -0.2884292 0.881283 0.1362917 -0.26814777 -0.4388172 -0.42628205 -1.7329469 0.79246855 0.78396875 0.2297363 1.9815142 0.6996722 1.9681798 -0.42135146 -0.19229513 0.66440904 -0.07886384 -0.30925673 0.020887459 1.7141639 -2.2330573 -0.060760185 0.96396214 0.35011867 -1.3730507 -0.12623423 0.7865977 -0.7364007 2.6582234 -0.5791777 2.3768704 -0.70957613 -0.737404 -0.44674596 -0.86423516 -0.686278 -3.2595716 1.0929952 0.12322352 1.1303241 0.87217623 -0.31285903 -1.6651897 1.4873674 1.2075446 3.189887 1.450728 -1.5135273 1.283872 -1.9876348 1.6261568 -0.2092631 -0.63112044 2.358553 -1.3057371 3.2264304 3.3655941 -0.26231313 0.6607855 -1.1103786 -0.6989006 2.939671 -0.56435823 0.7511196 -0.44596526 -1.5150733 -0.29630658 -2.6918519 -2.6712058 -1.1416987 -0.21641019 0.0039784857 1.4393221 -1.3942367 -2.1821055 0.5121741 -1.5065469 -1.4923509 2.0759304 -1.6164986 -1.8479217 -0.43175286 -1.7482077 -0.39993867 -0.01832486 -0.33372694 -1.6304717 0.7358842 -1.0197039 -4.12844 0.40901858 0.14150706 -0.3381037 -0.75990784 0.47923067 -0.6181065 -1.1194952 -0.8670732 0.08597587 1.1552132 -0.86139745 -1.8898678 0.5192273 -1.0511597 0.27816066 -1.6383315 -0.037687007 -0.91351354 0.4600802 1.9337559 0.48461357 -0.123634905 -0.9795853 0.54269415 2.915035 0.78656363 -0.9560658 -0.33500615 0.22790256 -1.6587739 1.0303969 -0.7431492 3.154896 0.4047484 1.1345958 0.5113511 -1.8045665 0.5002259 1.6155509 -0.26667592 0.14193572 0.21157162 1.2384506 1.9719614 0.8260835 -2.5874128 0.8554073 0.9710694 -0.27895123 -0.7742979 0.68290144 0.111054026 -0.49432316 -0.8204924 -0.037785903 -0.32566184 0.7433655 0.3912457 1.3877376 -1.0571042 2.195924 0.7753625 -2.347757 2.3570223 0.8768606 -0.8070619 -0.48886478 -0.18284126 0.9743646 0.18160674 -0.12309356 1.3067819 -2.2011888 0.12157845 -1.4146355 0.34489533 1.4535725 0.41796538 1.3640256 0.45783705
eucalyptus 0.17273155 -0.09944156 0.24557158 3.161729 0.68015033 2.450121 1.6252065 1.7057344 -0.69616544 0.35635164 -1.3734572 -0.8493438 -2.684653 -3.663574 -1.3426743 0.1745725 0.17128053 0.2523308 -1.7059884 1.8560123 -0.79588383 -0.20740059 0.067085795 -0.35986546 -1.0887337 2.5567775 -0.99529594 -1.2352226 2.8343866 -1.6523829 -0.019957913 -2.7164063 0.7692949 -0.73779386 1.1933107 0.95259 0.28095287 1.4876374 1.4218001 -2.7936761 1.3963306 2.1189137 -0.45465162 0.611146 0.60910726 1.0798316 1.1324626 -2.8365033 1.6025102 1.2877102 1.6925653 1.1359334 0.13039519 1.6097573 0.8361907 0.5652401 0.537653 -0.39773807 2.6321187 -0.62068546 0.15852898 -0.52910686 -0.81303126 -0.62948483 0.023328964 -2.6789231 0.23295365 -1.1599389 -0.5447192 -2.4203835 -1.4864128 -0.50527024 -0.16935535 1.6268348 0.074061245 0.9762448 -1.2707425 1.214105 -0.095541775 0.5015978 -0.8176047 0.21363975 -0.22897936 -2.8490615 2.0235527 1.6958898 -0.2795205 0.12582278 1.144475 -0.2716658 1.180525 -0.685513 1.0991147 0.0555777 -0.04027227 0.22092703 -1.0453172 0.10222504 1.3587794 -0.4636271 2.3949757 -1.7739246 -0.8783213 -2.3609002 1.6939403 0.7983193 -2.0800605 -1.7264084 -2.3777847 -1.2190996 0.8090475 1.2284327 -0.79213136 0.01161421 0.20924863 -0.5503388 2.5613046 -1.4597924 -3.8165722 -0.35589573 1.5940115 1.4516288 0.18570939 -0.81936353 0.49394193 0.44394004 0.3669469 -1.7927122 1.0055965 -1.7844735 -2.4593449 -1.4018523 -2.490525 1.4984609 -0.9114782 -1.5630409 -0.21774034 -1.0097513 -2.6941292 -2.391101 0.13792197 -0.42481193 2.050493 0.87362444 0.6968997 -0.44508967 0.1091952 -1.3568679 -1.0733565 0.6218596 0.42360473 -1.0541284 -0.036686078 1.1514271 -2.810077 -2.7604535 0.12397741 -1.4288481 1.0763671 -1.3907384 0.59914947 0.57769966 -0.8104401 -0.018104415 1.5027258 -0.28809765 -1.9578307 0.4197272 0.83110636 2.1302226 1.5468875 -0.015762102 1.4104012 -0.63060707 -1.4441699 -0.32707036 1.8023739 -2.6556942 -0.9904489 -3.4871218 0.98678213 0.3644117 -2.1006904 1.2674952 -0.9649063 1.3176912 0.8732708 0.076797396 2.8404112 -1.0913327 -1.7324641 2.709093 -3.4363708 0.16376561 -0.41751963 1.8420132 -0.20945649 -0.59160763 -3.7182188 -2.0488298 0.34055945 0.18075341 2.390008 0.5119945 -0.24442658 -0.70790106 -1.580872 -1.0731444 -0.26362365 -1.0697954 0.07834417 -0.43892497 -1.6035026 -2.0378888 1.1052336 0.9259618 -1.0153794 2.2215385 0.59069556 -1.284013 1.265046 0.17704779 -3.1232712 -0.8275589 0.6693781 0.7186276 -2.3623219 -1.9602709 0.010804268 0.20192029 -0.70402205 0.49243483 1.9846889 0.3861171 3.1941662 -1.0324261 -1.8161592 -1.0006446 -2.0019646 0.21248825 2.2865722 0.35528034 0.13124155 2.2556841 1.2479813 2.613988 0.41960746 -0.85636353 0.6527672 -1.3804078 0.279327 0.9813721 1.6973749 2.3490713 1.5195956 -0.19641165 -0.12084972 0.17024007 0.2952851 1.8936088 0.08666237 -0.64129853 -1.1442534 1.8822693 0.19690268 -3.528631 -1.239933 1.4239159 1.1056479 2.0596385 0.6209222 -1.6262207 -0.2868971 1.3760229 -1.3387538 2.022314 1.8277663 0.31668365 2.7615597 0.36681116 0.6498316 0.7459515 -1.5914177 0.1281172 2.182541 0.863658 -1.1077913 -0.6690019 0.6420038 0.845132 -2.0329456 2.6624827 -3.035873 -0.13037965 -0.74956894 0.16187426 0.6644968 0.82343596 -0.24532714 1.7937539
peppermint 0.9220866 -0.17801039 0.54984957 0.3251782 0.43467534 2.3159966 0.40216857 0.06489077 -1.4205418 -1.2767559 0.6422636 -0.22942579 0.9161224 -1.4572116 -3.586664 -0.41010487 -0.83560544 -0.29075778 0.7556971 0.62061477 -0.9408457 -1.210656 -0.80968285 1.2444142 -0.5803127 1.4343042 -0.6206205 -2.3543026 3.6381776 -2.178746 1.7064723 -2.1950426 -0.78928506 0.15001327 0.9522514 1.6432153 0.27154765 1.099216 0.2725226 -3.4311779 -0.04176128 2.0769055 1.256105 1.1713077 -0.5390408 0.5876533 0.3094581 -0.6487225 1.1577153 0.35182837 -0.12408892 1.3781464 -0.43408164 0.7569203 0.15093882 0.80901676 3.991607 -0.85684115 1.8684751 0.029126901 0.68470865 0.32445866 -0.22313008 -1.7227502 -0.52515787 -2.4825985 -0.8561724 -1.506592 -0.15308836 -0.7974692 -1.1039325 0.19809112 -1.2578666 -0.5350014 -0.5438197 0.09147231 -0.6039124 0.14429355 -0.9152696 0.96540695 -1.1549952 -0.8320299 -1.0062641 -0.121855825 2.986529 0.02951072 0.5032519 -0.3753707 0.32973698 -1.5557991 0.7988304 0.5946292 1.4366549 1.3780168 0.09926723 -0.10907126 -1.2412903 1.276519 0.69465756 -1.944213 1.8429253 0.5564666 -1.1781671 -2.6957624 2.8361819 1.9934242 0.25402474 -0.7055406 -1.925416 -0.42195705 -0.42965582 0.17015204 -0.03835079 -0.27029774 -0.23906945 1.0352441 1.9351711 0.1858856 -2.851413 -0.41851726 1.5372299 -0.19337289 1.9036181 -1.3000615 1.7185681 0.33876327 -1.1919851 -1.0732658 2.5707986 -0.8879941 -2.1587121 -1.0103297 0.9037576 0.8937971 0.47719288 0.47971073 -0.77786756 -0.29848146 0.5604626 -1.2229177 1.4846793 2.287691 1.5342102 0.8624293 -0.56937253 -0.4188626 1.891581 0.052442804 -0.9750531 1.457549 -2.3626666 0.55130583 0.41611323 0.37155357 -1.5815887 -1.931423 0.40827772 -0.6587859 1.5214722 -1.093938 2.0323079 1.2312127 -0.737313 0.5845967 -0.16804197 -0.7871838 -2.6835592 0.29884273 1.221354 1.2169224 0.28752944 0.22164102 -0.09720463 -0.85466594 -0.87186927 0.67101777 0.52946043 -1.7792572 0.25108778 -3.2737136 1.7637008 1.8144516 -1.0405833 2.4306877 -0.2737234 0.48723492 2.8632112 0.314419 0.62901855 -0.48010522 -0.31614846 1.5690581 -2.0645971 -0.028767688 -1.4865758 0.4221744 0.87067217 -0.83327097 -2.6567776 -2.0618398 1.7666754 -0.6676705 2.3661704 -1.6915536 -1.2333083 0.7330505 -0.670308 -1.565878 1.0143495 -1.0286481 -2.4637141 -1.0002126 -2.2077408 0.14277962 0.7269833 -0.49386457 -0.89693004 0.70986056 -1.7845596 -3.377613 0.6761098 1.7531741 -2.1381245 -0.8730097 1.3146765 0.45300317 -2.6534064 0.10129066 0.3946761 -0.60485405 -0.97093713 0.33813256 -0.48778057 -0.40773627 2.2251766 -1.8669027 -0.086482696 -2.2687736 -0.94474846 0.44020924 1.3567926 -0.48273453 -0.8650003 2.2188504 2.0872414 1.9419556 0.21199353 -1.0232004 0.5686351 -1.8619483 1.8890309 1.2051944 0.9291421 0.13938813 -0.29430816 0.23986427 -2.247849 -0.019679317 0.83930695 -0.028505253 0.5726372 -2.0242982 -1.239871 2.5096235 0.45521927 -3.1236374 -0.77192986 0.28338888 0.05942732 0.3610299 1.034271 0.3091012 -1.0249904 -0.656251 0.4788222 1.8266385 0.9603332 -0.83938116 1.1523384 -0.41687793 0.7965068 0.7547264 -2.0749042 2.8385367 1.5428991 -1.0383434 -2.518619 0.20683846 1.6025556 0.12695196 0.30619848 1.0063035 -2.9856236 0.77627957 0.58927715 0.618196 1.8723894 1.533608 0.68047166 -0.066439524
mothball 0.52184296 -2.1843808 3.8155458 1.823742 0.24515691 -1.6454827 -0.11849929 0.48069558 0.22338426 0.17028251 0.4153262 -0.87743944 0.7623306 -2.3387318 1.4744217 -1.2907854 -3.174561 -2.810254 -1.186426 2.7201023 -0.4698465 0.7187326 -2.513999 -0.21768017 -0.9816847 -0.73837084 -2.7084637 0.6726143 0.77556115 1.1744337 1.226263 -0.7229619 0.8671238 -0.01654673 -1.3691359 -0.46808454 -1.3775654 1.7637184 -1.0084505 0.07298864 -2.3792367 -0.87993675 -1.2045864 -0.26760024 0.46192852 1.2111713 -0.95750433 0.7816437 -0.26686794 3.1746697 1.2816414 0.065567635 0.043100726 -0.009058661 -0.11902927 -1.1955141 0.04500499 -1.0058333 0.54744583 -0.8050954 1.9318057 -1.3417252 -0.927869 -1.0983135 0.029826714 -0.93365425 0.13790752 -1.7273905 1.9454557 -0.5295433 -0.62434787 -2.9780042 -2.2467167 1.1557602 1.0906878 1.3518554 -0.95177364 0.5858192 0.18106283 -0.54680157 -1.0434363 -0.8673532 0.027047617 0.13873287 0.20403117 1.62601 -1.4356385 -2.1879363 -0.6920471 -1.1811602 1.3006958 -1.4688424 -0.4391422 -0.6936397 -0.102818586 0.8478949 -0.80068916 -1.4110959 0.8248398 -0.2670284 -0.795236 -0.5135491 0.34106928 0.35435018 -0.71189326 0.6227837 -0.3608912 1.924523 -3.9328492 -1.5933444 -0.08275645 -0.61887366 1.4392191 0.48351246 -0.24158074 0.21796907 -0.07007948 0.656079 -0.6608146 -1.1652812 0.62509245 0.89888066 -1.041893 -1.8634133 0.6504025 -1.1465734 1.3946707 -1.0721157 0.0017003766 0.3667728 0.2949805 0.15621442 0.39131135 -0.64702845 -1.713937 -0.37430233 1.1565853 -1.4581772 1.0520049 1.0563849 -0.5779205 0.39851034 0.71804 0.787763 -0.44152194 1.1583467 1.7347251 -0.17144799 -0.18521531 -1.0745871 1.4927152 -0.70961297 1.0461926 -0.4168344 -0.24739768 1.1401739 -0.1073332 -1.0667548 0.82646936 -0.15193854 -1.9966682 -0.62305635 -0.48046228 0.74444044 0.5398241 0.44464684 0.6559518 0.48759392 2.2972007 -1.3091027 1.7684438 -0.49219716 -1.4969523 0.030913284 -1.7164671 -1.4923424 0.97725606 0.24779245 -1.2245581 0.6910078 0.4564764 -2.2182672 -1.1687487 -1.8220851 0.41128185 -0.11363157 -1.536218 -3.3383577 1.240003 1.2696954 0.0968716 0.23176421 0.10101962 1.3772206 0.033488084 -1.2156876 -0.5106659 0.98445785 -3.214893 -2.0344825 -0.26693475 0.30529293 -1.2237042 0.73981047 1.1600453 1.9755274 -1.0875505 0.2814585 2.7977028 -1.794904 1.3855883 -0.20736004 0.22785929 -0.17023906 -1.1515357 -0.5158349 1.5406023 3.5747352 -0.83803815 -2.2825737 1.785729 -2.3156059 -1.7537404 -1.7103266 1.0767088 0.646708 -0.032077406 0.9772779 -0.3097752 -1.1525187 -0.37628466 -0.9289784 -2.4076831 -0.026905553 -1.8160444 -0.9259747 -0.24446648 1.2027935 -1.2336339 -1.7773808 -0.6490833 0.58798146 0.69290066 2.8843236 -1.0119869 1.6248671 0.20803562 -1.858834 -1.9050232 -0.008186009 -1.8229202 1.0896916 1.6216505 -0.7056535 0.2747796 -1.7069216 0.37595767 1.297072 0.14125815 -0.2925543 0.48691773 -2.1703143 -0.18856959 -0.8508096 -0.81067795 -1.5938638 -1.8006223 -0.07645517 -1.1172247 1.3152165 -0.22957262 -1.027606 -0.12897083 1.0360913 0.34609127 -0.74960625 -2.2375665 0.68881184 0.58318985 0.55379224 -4.3837886 -1.2655495 -1.3753256 -0.26491454 2.091405 -1.4089859 -1.9565091 -1.635882 -1.7712212 -1.3319604 -1.9550121 1.0413948 -2.3199582 -1.7836323 -2.2828312 0.99372935 -1.7157618 0.04088585 -0.1134096 -0.25800243
varnish -0.70181495 2.2192652 0.97729677 1.1630971 2.4152615 0.55547523 0.94572914 2.209059 -0.76512855 -1.0227749 -0.45129535 0.15595298 -3.401703 1.5302762 -2.006888 0.08212015 -1.1629767 1.2240598 1.739596 1.6531419 -1.3865789 -1.731741 1.2844231 0.77981865 -1.4585049 0.28123227 0.7295134 1.0359731 3.555795 0.97957367 0.20001748 0.41926655 0.78738534 -0.050008766 0.42267254 0.24600065 -0.38612056 2.5525308 2.108844 -1.8079149 0.19991076 -0.38378873 -0.12646592 -0.79677206 -0.32386932 1.0383933 -1.1163915 -1.9721516 0.40123475 0.3850471 -0.095958576 2.095184 1.8534544 1.8970605 -0.35907337 -0.7169393 0.34251705 -1.3590294 2.2534451 0.15956423 -1.2217848 1.6135622 0.46136504 -0.15045376 -0.21479999 -3.4221284 0.2738869 -2.4309957 0.005033656 -2.3066325 -0.121730715 -1.3373303 0.8239806 -1.6708478 0.3727881 -0.3009576 -1.2547971 1.5314093 0.008350917 1.2970021 -0.013668748 0.08517151 -1.1148452 0.5037204 2.151741 -0.34792688 0.69604886 -1.1227666 1.93598 -0.6700398 0.83397615 -1.9001712 0.71267736 0.7777555 1.8050447 -0.40749568 -0.28787944 2.4092643 2.7253737 0.2822232 0.22472401 0.77145857 1.854557 -0.41703054 1.9901868 2.6143944 -1.2694201 -1.5311025 0.43487495 -0.84423965 -0.23754318 -1.477137 0.4503887 -1.8362167 -1.8346367 -1.4174826 -0.38647848 0.25476566 -1.6358914 -1.5561756 1.1365148 0.4302565 -0.04680784 -2.127129 1.0479671 0.97065616 -0.91825724 -0.23911686 -0.8998653 -1.2942691 -2.022554 -2.7616658 1.6251096 0.9423477 -2.3592963 -1.0634456 -0.8913604 -1.3909544 0.80161524 -3.9582694 -3.374187 2.5873077 1.3163668 1.3166385 0.9227483 -0.50595057 -1.761205 -1.9805465 -1.7662735 -0.20799091 -1.0597383 -0.009994426 1.2399923 0.99290276 -0.6696776 -0.088463955 -0.7683 -1.437324 1.1658679 0.3840212 -1.4933366 0.7084837 2.3922877 -0.77867424 -0.26759008 0.8349408 0.43450573 2.435694 1.8806367 0.154651 1.5359497 0.1968105 1.6303793 1.1797882 2.680354 0.8360089 -0.04867367 -2.2646792 -0.9278946 -2.9549997 1.5117519 0.7716042 -0.8894339 -0.13836856 1.0587826 1.209238 1.5343522 0.9788577 -0.9449268 -0.45934424 -3.3777835 1.3048967 -1.7946107 0.5575809 0.45242205 -0.85794276 -0.060202274 -1.1450602 -1.2658204 -4.1484 0.9585489 0.6616836 4.8660574 -1.1723017 0.39831495 0.27611497 0.5056187 -0.5324668 1.2475618 -0.11608576 0.19153325 -1.1980599 -2.4314373 -0.608707 1.1587322 -2.3346248 1.3455586 -0.44123647 -0.8721059 -0.30074134 2.6646523 2.1133149 -0.48444143 -2.8797474 -0.006974932 -2.217257 1.4617174 -1.9080317 0.6144365 -0.9234544 -1.0752074 -1.7928 -2.0918612 2.5540988 -0.25575325 -1.5409716 1.0087276 0.1983184 -2.3460674 -0.054769948 -1.212566 1.8332404 -0.5895665 1.4159185 0.24519697 3.8058171 -0.95230055 -1.8931233 -0.5858469 -1.4022856 -0.6579984 0.4980976 0.28242457 -0.06628194 1.1763626 -0.58024836 1.8382958 1.2845963 -0.24409442 0.26222992 0.08342266 -1.236486 -0.018858127 0.7789176 -0.06328192 -1.0313499 0.08606382 1.1102002 0.059554793 2.777848 -0.13212886 0.6284925 -1.5914118 0.9683981 -0.579887 0.7734287 -1.5886633 -0.45912734 -0.32059553 -0.92393965 -1.1123728 -0.4603979 -0.44555235 0.5486227 0.64196557 1.1520072 -0.8236684 -1.2048467 -2.2642398 -0.12947904 -0.5081595 3.050304 -3.761598 -1.3822161 2.716947 0.025586238 -1.7434194 -1.4937471 0.611027 1.5440181
licorice -1.0010028 0.24044895 1.3728527 1.3126143 -0.3455942 2.0367043 -0.22929087 1.2805382 0.094638996 -0.11594259 -1.724823 -0.543117 1.0521924 -1.9244341 -2.6274698 1.0520551 -0.29268724 0.32574326 1.2829882 0.03106899 -1.9462266 -1.0292346 -1.0265464 1.973978 -0.60992384 0.26183656 -0.81224436 -2.789969 4.460696 -0.57141644 1.868092 -2.0623083 -1.4193611 -0.76859814 0.8880778 -0.15353128 1.0325971 0.534498 -1.3170134 -3.2520618 0.58889747 2.7561398 1.8787814 0.75336456 -0.14415693 -0.48217547 1.0590504 -0.96370053 -1.145577 1.256138 0.1909988 1.2604256 0.5600015 1.3077341 0.11664531 0.08715322 2.7744172 -1.2379289 1.659604 -0.4567365 -0.32557848 0.33334705 0.017233424 -1.2828944 -0.26024923 -0.65325916 1.0553321 -2.3918936 -0.9277767 -2.0792992 -2.0605814 -0.8144775 -0.0054565626 -0.11538811 -0.93324023 -0.50275296 -1.9959997 0.8565752 -2.6245177 0.6115866 -0.030499533 0.33298275 0.35082394 -1.6715287 2.5878415 -0.034386225 1.5468149 -2.1480916 1.8736302 -1.5827997 -0.41350865 -0.5853569 0.82519746 1.1702613 -0.5814937 0.7667126 -2.3425891 2.2020578 -0.38930038 0.1777504 2.4118376 -0.14463188 -0.8869254 -1.7703954 1.2745274 2.6291802 -1.3015136 -0.9254214 -1.509666 0.72779167 -0.3134196 0.18251294 -0.534855 -1.5271347 -0.9485761 1.6689277 2.518245 0.93448025 -3.3159897 -0.6934379 1.5298356 1.1920896 -0.024413308 -1.1654819 0.870773 -0.35451835 -2.108905 -1.2475926 1.5393542 -0.21836554 -1.3435442 -0.25276518 -0.6932964 1.4800711 0.371409 -0.46310276 -1.5043279 0.07406003 0.781544 -1.8445622 2.2257438 -0.109020755 1.9263177 1.7444625 -1.5298882 0.3478125 -0.08815751 -1.6232344 -0.3619615 -0.37365985 -0.5285819 -1.143117 0.136052 1.1267715 -1.7488836 -0.16614185 -0.84866434 0.917479 2.3783832 -0.72100234 0.57484376 0.4778735 0.15289788 0.84815824 1.4175762 -0.61440915 -1.9638596 -0.3143252 1.8116902 0.64804024 1.9515505 -0.72926146 0.20727304 0.17447393 1.3827292 0.93879896 -0.22979173 -1.311655 0.7106511 -1.6487308 1.6778855 2.0152688 -1.1485327 1.1089367 -0.16349259 3.2998586 2.8115199 0.8047439 0.28050822 -1.0894269 0.036231756 2.0129404 -0.51849794 -0.34178525 0.27368551 0.7600392 0.4568536 -0.3777158 -1.7434446 -2.0819218 0.9979195 -1.234957 4.6983504 -1.2825683 -1.9066185 -0.04547797 -1.4346392 -0.70085603 1.5091984 -0.45206115 -2.9999468 -0.6088478 -2.7639983 1.0845933 1.8618618 1.0445129 -1.4302275 -0.050902065 -1.0872045 -4.0140605 0.19297893 2.522959 -1.9463222 -1.0758065 0.46176356 -0.9283017 -1.3034126 -1.66143 0.83075476 1.2016343 -1.8219631 -0.7905183 0.17875883 -0.84606075 0.40302524 -3.0083396 0.12513018 -0.34322223 0.007924237 0.3233367 0.4370868 -0.99430466 -1.7434989 1.7302283 1.5908216 1.3008243 0.8059717 -0.97419405 1.0841987 -1.7902528 0.90196687 -0.46857616 0.829446 0.20781723 0.2757024 1.2516255 -3.2899246 0.34166506 0.65571535 -0.6575616 0.9405833 -1.9540206 1.2124012 1.1005327 -0.5360128 -2.9685433 1.1294783 1.4290029 0.23265874 1.2820014 -0.36007988 0.16196348 1.1728661 0.07469307 2.2879217 0.7527203 1.8568995 -1.4381292 0.926621 0.089195795 0.6851164 1.8353885 -1.3287083 2.312733 0.7618654 -0.24556807 -1.7273953 1.3824991 1.4712783 0.16108233 0.21309915 -0.41843298 -2.7821445 0.034799177 -0.25140446 -0.64224106 0.9245077 -0.7444886 2.1385553 0.16600409
geranium -0.22329551 -1.0718119 1.3276919 1.5259326 1.4879652 2.0020025 0.43283677 1.7916348 -0.20504154 0.34636432 -1.3147852 0.04023736 -0.527181 -3.0176098 -0.6838714 -1.0486528 -0.6748724 0.832406 0.5863855 0.7328788 -0.8281048 -0.15183625 -0.9145278 0.5933182 -1.9335053 0.5312946 -1.7743098 -1.730865 2.118013 -2.119139 0.4139427 -1.4769131 0.24540149 -0.9790228 1.0827358 1.1272229 -0.019927746 1.8238328 0.50657195 -2.240063 0.14570563 2.3391643 -0.006740429 2.0455709 0.6635028 -1.4051437 0.66199636 -1.9899936 -0.2630676 -0.0774087 0.22990961 2.9303157 1.2525848 0.39816648 0.2671401 -0.49634236 1.7217706 -0.3062812 1.7276456 -0.5495644 -0.4690077 -0.88969386 -1.1197408 -0.5169755 -0.20738421 -0.8421353 1.7623585 -1.4289106 -0.70661217 -1.4700588 -1.7600396 -1.8140719 -1.3303157 0.74097514 -1.1896105 0.19401234 -0.97398794 -1.2963355 1.0914134 2.2933826 0.7458916 -0.105080016 0.17992413 -0.31897596 2.7798486 -0.00097335014 -1.3713906 1.223405 1.9322524 -0.37182903 1.7753031 -0.6749098 -0.34329236 0.9836684 -0.5638864 2.2563198 -1.8098727 -0.13054143 0.23589894 -0.84074163 -0.030511975 -0.6508227 -2.07919 -2.1561124 1.3587637 0.4933114 -2.128598 -2.189208 -2.0463955 -0.6618543 0.22062038 0.060065873 -0.5033608 -1.1027132 -0.15030368 1.3489888 2.399322 -0.37725037 -1.9832262 -1.2373176 2.0159767 1.0292586 0.5294017 -0.6684911 1.6732771 0.66369885 -1.5663289 -2.4727118 1.0263747 -1.7691177 -3.5142496 -1.4206194 -1.2185719 2.0611272 -1.029542 -0.9218147 0.25448284 -0.68650174 -1.5648072 -2.6437511 -0.22443634 0.54648465 1.9586995 1.5171698 -0.98059756 -0.8001127 -0.22803795 -1.4838094 -2.587888 -0.082537755 0.6705949 0.52427524 -0.5260478 1.2066814 -1.9008232 -1.3543305 0.17345673 -1.7327182 1.3766488 -2.1754797 0.7207289 1.2418026 -0.43964446 -0.40304726 2.3747532 -0.9728112 -3.0726233 1.3926386 1.7829956 1.8805792 0.9874245 0.4463261 0.8616909 -0.060059644 -0.7068991 -0.14144881 2.24897 -1.0042614 -1.0313381 -2.263048 1.957035 2.3632004 -1.1344285 -0.2864637 -1.4718807 3.0194519 1.0188406 -1.8973496 2.4182537 0.039511077 -0.3916885 0.9030471 -4.6473017 -0.2232926 -0.8615421 0.7768422 0.14003475 -0.023313703 -2.3576157 -1.8145257 -0.00097262376 0.30282703 1.7794187 0.38151053 -0.4186404 -1.114982 -0.2056773 -0.28471896 0.3509547 0.23676251 -0.067928135 0.5751971 -1.666312 -0.82435673 0.19384165 -0.94571483 -0.1734096 -0.2591262 0.48488006 -0.55171734 -0.16991514 1.1293001 -2.956189 -1.8256928 -0.5390227 0.21573713 -2.0645835 -0.21342109 -0.2642506 -0.8736268 -1.9112968 0.59130853 -0.57052356 0.95026684 2.6392775 -0.7323317 -1.9645756 -0.6507942 0.86450607 1.6387079 1.7195469 -1.3946264 -0.1970776 2.9048448 -0.29902735 0.1871723 0.7715693 -1.6592723 0.8344029 -0.033998623 -0.14104886 0.8213178 1.1956321 0.8072235 -1.3165548 -0.8400194 -2.0494256 0.49889955 0.7864302 0.56646395 -0.441623 0.35938215 0.79915476 -0.26736662 -0.36552802 -2.3170922 1.158155 0.7221747 0.59364104 2.7630622 -0.6225048 -0.85989106 -1.1784194 -0.2489783 2.4008048 1.2921603 0.72990197 -0.010772316 2.6122563 0.28129226 1.030717 0.41976324 -0.95049393 0.2624291 0.25790542 -0.4094094 -2.4449666 -0.62208706 1.3750283 0.8268774 2.2252526 3.1449285 -3.1604478 1.4244429 -0.6793538 1.7911948 0.61420447 2.3457196 -0.27662465 0.5859951
anise 0.25979713 -1.7838488 0.026784036 0.5723208 -0.12744738 2.6797702 0.6627309 1.7608906 -2.1579068 1.1529541 -2.237843 -0.6833426 0.40776896 -0.63806915 -2.0223887 0.2459723 0.6683363 0.9847471 -0.14928104 -0.6105913 -1.8975316 -0.26019484 -0.92473465 0.587067 -1.4968146 1.6164312 -2.1332746 -1.6185343 2.9400413 -1.3908589 1.2262323 -1.3043244 -2.5396614 -0.7766392 1.2417012 1.9978033 1.6005433 1.1580476 0.90453494 -1.7863188 0.0767698 2.110521 0.34014115 1.1958711 -0.39831755 -0.8541196 0.5901767 -1.7023752 -1.0472062 1.3693842 -0.092417166 2.0678527 0.37349072 0.8875457 0.79131824 0.51654685 1.3021219 -0.9721112 0.9157118 -1.335095 -0.54554236 -0.67872024 -0.075464725 -0.38808364 -1.5361074 -0.66950935 1.1413467 -0.9792412 0.5595652 0.061341446 -2.465198 -0.84661335 -0.9848449 1.731397 -1.3167889 -0.2790415 -1.1771054 0.09309163 -1.0584787 2.2381024 -0.98322815 0.10115099 -0.5877702 -0.93602055 2.0254767 1.1287183 0.8469304 -0.5177443 1.1742765 -1.2353059 0.5472463 -1.6509678 0.7037613 0.31196517 0.20202215 0.5252696 -1.5114107 0.32106107 -0.3408303 -0.57079834 1.2615294 -0.67820114 -0.1790063 -1.1271474 1.667819 0.62433267 -2.0365405 -1.413745 -0.758809 -1.070698 -0.16283152 0.12421397 -0.2825886 -1.5672864 -0.83272123 0.53781956 1.4096149 -0.30419767 -2.669947 0.6467877 0.593035 0.99280536 1.8871413 -1.5767944 0.6570251 -0.5122873 -1.1997437 -1.0646298 1.4250164 -0.3225315 -1.234383 0.04230144 -1.4227543 1.5397164 0.6469369 0.63379735 -0.052189685 -0.56960833 0.2806158 -1.9477105 1.2360051 -0.35146567 1.0077318 0.42335233 -1.241941 -0.53178465 -2.252051 -1.0940928 -0.97387993 1.1994306 -0.7569428 -0.64094406 0.04061489 0.7590606 -1.6337416 0.53514034 0.52962995 0.8124337 1.2638333 -1.2224653 0.7733043 0.7970456 -1.3428984 -0.15292035 0.42274776 -0.29649115 -2.2737327 1.3621713 1.4350553 1.3956757 1.0081358 0.4636136 0.04088038 1.0226357 0.16643335 0.5786096 0.9799673 -0.33575433 0.75199866 -2.193085 1.5189605 1.6817577 -1.4429313 0.08575892 -0.670601 2.41904 1.7783127 0.008168282 -0.7185833 -0.9378515 0.01143631 0.957307 -1.1505241 -0.60821414 -1.3717066 -1.197897 -0.084437594 -0.9116561 -3.0520875 -1.971686 -0.47610316 -1.921236 1.5531895 -0.7375692 -0.67094606 0.7649276 -1.0336999 -0.788729 1.1906017 -0.31916118 -1.748995 0.94667894 -0.4670559 -0.196605 1.9604521 -0.572116 -0.04168195 -0.5269273 -1.811754 -2.4999814 0.7250972 -0.24508227 -2.1881754 -1.6521 -0.33441573 0.50475997 -1.3858867 0.42888394 -0.38649246 1.3191584 -2.2219164 -0.10344796 -0.739712 -1.001919 0.38257304 -0.73959184 -1.0826595 -0.6690639 -0.40160626 0.89600646 1.0769368 -0.58456576 0.5634592 0.27827623 1.8354325 -0.10347924 0.9862625 -0.75796807 0.14390674 -1.7677816 0.112321146 0.17816618 0.9816197 -0.05032984 -1.0401032 0.3121634 -2.5562172 0.7170018 0.24142805 0.883429 0.3817769 -0.34807372 0.64605975 0.19252658 -0.17645077 -2.5660472 0.5828571 0.914759 -0.4934214 2.7681444 0.33713713 0.6244916 -0.6409032 0.96253055 0.054537706 0.5435435 2.157396 0.6532621 0.96043164 0.3114786 1.0634189 0.5708727 -1.8859179 0.84351534 1.3251001 -0.38421628 -0.3956289 1.9430828 1.8452396 0.32370916 0.25962177 0.7796867 -2.0009084 0.81975335 0.112355426 0.44099376 1.2986648 0.29051295 0.08885576 1.5169431
camphor 0.23985691 1.1268567 0.14219536 -0.3155128 0.9365092 1.7314851 1.7433197 1.4373127 -0.8211101 -0.6453876 -0.72105217 0.92635965 0.26332486 -2.2225258 -1.5344671 0.830104 1.442869 0.8210519 -0.6668282 1.1301979 -0.43173552 -0.3041081 -0.3129037 0.37057802 -0.64604217 0.7739507 -1.9093144 -1.285419 2.2702672 -1.3943907 1.2104094 -0.93828154 0.51977247 0.8101977 0.5650816 0.8506248 0.27264836 1.087115 -0.042123925 -2.161825 1.1083609 0.5958832 -0.014590421 1.5583974 0.10354071 0.4626991 0.14602108 -2.2187483 0.1993242 0.8192685 0.40764523 1.8134027 0.8993662 0.7539513 1.4657904 -0.050016638 0.80237556 -0.0072204177 1.629589 0.7768133 -0.053636163 0.15037945 -1.1712394 -0.5806103 -0.52396214 -1.3597431 0.777152 -2.8706126 0.5920286 -1.1564946 -0.6594086 0.08896209 -0.11894955 -0.44124457 -0.6921236 0.5763277 -0.56375355 1.0064448 -0.6403129 2.317011 -1.2433227 0.89780694 -1.105792 -0.65481514 1.5766944 -0.057266243 0.9176326 0.32135767 1.6308166 -0.85455376 0.603087 -0.7340967 0.99546075 -0.7833354 -0.85017735 0.1106389 -0.49119243 -0.5406957 -0.46395314 -0.24394582 1.5602187 0.39383066 0.8414816 -0.93672645 1.1871893 1.5103674 -1.0754855 -0.77912474 -2.05579 -1.6513195 1.2271183 -0.73763216 -1.9102459 -0.6269067 -0.7069707 0.7098645 1.5271624 0.8437869 -1.7736294 -0.772004 1.9018264 0.37545145 1.4785037 -0.11406531 -0.5432053 1.5603118 -2.938421 -1.6617222 0.67586625 0.2774317 -2.2516575 -2.3915088 -0.4192324 0.8367181 -0.46290478 0.56275636 -1.0049583 -2.0276444 -1.3999971 -0.9816972 0.38199618 0.002670962 1.7344849 0.77967584 0.33955738 -0.60626894 -1.4206148 -1.6486136 -0.94143987 0.06423185 -0.2594725 -2.0308945 0.15464179 0.1355169 -1.182168 -1.0642365 0.7704709 0.19320114 2.252245 0.42850533 0.21756369 1.3255658 0.5538235 -0.96133995 2.5403244 -0.85008013 -0.97014135 1.7166238 1.4889051 2.1726153 0.9136043 1.0289353 -0.004718531 -0.08506297 0.53348696 0.03259232 0.45136052 -2.841331 -0.8572105 -1.7711097 0.8617327 0.9333663 -1.2371949 1.0367005 0.23578317 2.0229316 1.40652 0.4212183 0.9722222 -0.7083358 0.021329125 1.3970318 -2.0499175 -0.83809125 0.4042234 0.73309195 -0.20280913 -1.1619552 -3.0959635 -3.199667 0.72840697 -0.18176407 1.4615773 -0.17808025 0.86987096 0.12440673 -0.80350333 0.3372383 1.3229867 -0.26367787 -0.18534505 -0.8120657 -0.9482717 -1.3337153 -0.037654802 0.33735698 1.2321951 1.6018307 -1.1222351 -0.5309402 -0.8019653 0.037341855 -3.186438 -0.9643611 0.848621 0.31236535 0.67997825 -1.7295009 0.28978756 0.7106934 -0.49150342 1.346535 1.7741562 -1.3831022 1.6615057 -0.7343949 -0.5135283 -0.40752232 -0.8835521 0.7108045 1.0625974 0.3910899 0.46437785 3.2745254 2.362741 0.2552471 0.99048734 -2.0564668 -0.322172 -1.3653196 0.9966036 0.41306388 1.7127013 0.23410007 -0.47117156 -1.1546175 0.1618028 -0.004626106 0.73046625 -0.42233968 -0.004528717 -0.053615514 -1.0544435 -0.6498616 0.87930787 -2.4980962 0.4404485 -0.33664855 0.71258307 1.656662 -0.4486527 -1.2194028 0.43600103 0.46333885 -0.766185 1.448454 1.4859248 0.010270265 1.871636 0.1900919 -0.54813975 1.3433187 -1.2704163 0.4583116 2.1159315 -0.0355969 -2.6152306 -1.1519592 1.0627958 0.5563961 -1.172401 1.7651229 -3.94505 -1.2105429 0.4034871 -0.27715504 0.48885065 -0.28148514 0.6174077 0.82071316
creosote -0.28270337 -0.3750583 1.736813 -0.7641769 -0.07017467 -0.7435913 0.45687863 1.9370643 0.5426212 0.31264764 -0.5260385 -0.21543998 -0.47230282 -1.8997259 -1.0377047 1.0345275 -0.77516305 1.3800589 2.1302755 0.81169605 1.7803233 -0.27004212 0.30904204 -0.6946525 -2.6794534 0.7119737 -3.8065274 -1.2525163 1.0201051 1.26114 1.1708996 -1.2520926 -0.9897704 0.81757414 0.19905098 -1.5233275 0.008281024 1.896672 -1.4862047 -1.1282252 0.28688735 1.0223361 0.30419993 0.29691687 1.6067574 0.328428 -0.2564105 -0.94421834 0.7806779 0.6712443 1.491595 0.52396834 0.40759167 1.9043504 0.11999455 2.0212586 -0.25383243 -0.27117953 2.6218228 -0.889605 -0.7912772 1.1906769 -0.42612815 -0.7684169 0.18504266 0.028754976 -0.50035757 -0.8313648 0.35158202 -1.2117746 -1.2822034 -2.1584253 0.3765219 -0.6701103 -0.2943894 0.21498789 -0.48669675 2.6357067 -0.7451327 1.134799 -0.78025734 -1.0543758 -0.46067047 1.0834733 1.5437279 -0.3050857 -0.58897245 -1.8189201 0.30065772 -0.8173441 0.18743414 -0.28030545 0.30645907 -0.49385375 0.2791912 0.9957976 -0.3638565 0.1658043 -0.87912786 0.31316778 0.8983359 -1.7209488 1.9420146 -0.7967913 0.8739839 -0.12608242 -1.1368241 -0.35689318 -1.1295618 -0.2694931 -0.47615615 0.56232786 0.12169404 -1.671807 -1.111942 -0.67240334 1.0208491 -0.5621375 -2.090356 -0.8894177 -0.63953507 1.1197631 -0.8218066 -2.4070916 -0.6706716 1.8101635 -0.16379285 -0.27490526 -0.28999206 -0.23130554 -1.8462819 0.69791263 -0.94386685 -0.21044718 -0.9476506 -0.42352226 0.7289279 -2.048322 -0.11404031 -0.5544218 0.727265 0.7571381 0.7734795 1.91397 0.74504656 0.20306115 -1.2636769 -0.25610185 -0.31744957 -1.7303351 0.4523349 -2.031714 -0.57872576 2.5576818 -0.055351518 -1.5625525 0.8929484 -0.38663352 0.87560844 -1.2203717 0.5416855 0.79998064 1.2410561 -2.1843402 0.32328364 0.9775914 -0.39003372 2.4416053 1.5415156 0.90585244 0.8687748 1.8590503 -0.18960536 -0.828224 0.61229753 0.8959652 -0.9222798 -1.6446564 -1.4134356 -0.64198714 0.25187773 -1.1011473 -0.5975001 0.13991475 0.174278 1.1321082 0.41686285 -0.40766314 2.4487667 -0.60191333 -1.0558472 1.5480565 -1.9157305 -0.31859493 -0.47485638 2.0997481 -0.0011094933 -0.73450094 -1.3776121 -3.0507896 0.2238389 -0.15764542 0.5600732 1.2029693 0.0032901536 0.122255355 -1.9969242 0.80444974 1.1542684 -0.67979467 -0.6558441 -0.069743104 -0.83315545 -1.4058014 -1.8541666 1.5924522 0.2794365 -0.26521778 -0.4341163 1.1517816 0.28665546 1.1882918 -1.2969744 -2.585812 -0.7406806 0.8037767 -0.16050738 -1.5591545 1.2361456 1.1961187 -1.1555417 1.8992453 0.7970274 -0.24739105 -0.63238645 -1.068953 -1.9741235 -1.1257392 -2.244088 -0.5505866 1.3091595 0.5225776 -0.40293673 2.268554 -0.0061855717 2.1162553 0.96345985 -2.7273407 -1.075276 -0.4352333 -0.77765554 0.5249644 1.0746149 0.022515116 1.7555748 -1.4274888 1.0270742 -0.5115874 -0.5748779 0.41806158 -0.30623707 -1.4938456 -1.8786922 -0.109802775 -0.6178717 -1.5129254 -0.6838492 1.5644952 -0.6517296 0.21493581 -0.4730139 -0.2478837 0.1816564 0.42532757 -0.5378002 0.42993158 1.6967595 -0.23563036 1.7036184 -0.2707565 -0.0805498 0.5388411 -0.8547809 0.5075586 1.017613 0.6970496 -0.632549 -1.0065055 0.28831315 0.5803343 -2.5173407 1.4103438 -3.0257175 -2.9835298 0.37987217 0.68606776 -0.8619907 -1.0041957 1.4418963 0.92635524
turpentine -0.42009705 0.83367634 0.24834687 0.6759851 -0.5591282 0.3306612 -0.09584183 0.41659147 0.26920453 -0.63306904 -0.28398556 0.4143653 -0.031927187 -1.1217273 -2.8675334 1.1653422 0.68719786 1.7064286 1.1263491 1.0990118 -1.1707247 -0.62931246 0.034877487 0.3492221 -0.5311083 0.2599235 -2.1565957 -1.6353087 3.0443223 -0.47205073 1.4368811 -0.8318561 0.1489189 0.59539413 -0.93731564 0.5176855 -0.18373175 2.1955254 0.41727674 -1.4989494 1.0243359 0.4019379 0.7496241 0.7622875 -0.013653164 0.34485018 -0.81993264 -0.88973814 0.032636274 2.1505508 0.8471755 2.314808 2.0396373 0.9179245 0.5668057 0.1405156 -0.2632088 0.18012683 1.3902248 0.24994618 -0.9294762 1.1626005 -0.69843996 -1.3127204 -1.1716135 -0.066444024 -0.97084767 -1.7344921 -0.35161152 -0.37979263 -0.89647627 -1.2410645 0.27518037 -0.42048317 -0.37613735 0.67984176 -0.53048015 2.3024027 -1.2012482 0.40994003 -0.8195286 -0.9902191 -0.588273 -0.32767045 1.3986211 0.083219185 0.3944031 -0.9521701 0.8554081 -1.7930677 0.82627755 -1.3588575 -0.17365348 0.44351372 1.1613998 -0.05750587 0.046076 0.505185 -0.50473785 -0.1243712 0.7397964 -0.707091 1.0911006 0.110110916 0.75490576 0.67868274 -1.4873722 -1.1300657 -0.5297977 -0.11318451 -0.08037842 -1.008896 -0.55089396 -1.8003623 -0.67447925 -0.48388243 0.27238598 0.38376543 -1.870062 -2.096402 0.6044394 0.7799334 0.9326414 -1.8132186 -0.26738954 1.3936313 -1.7780426 -2.0550687 0.26782873 0.51908827 -2.0453017 -0.8841473 0.6906275 0.7273467 0.022567097 -0.2849856 1.3553689 -0.69537103 0.17641196 -0.8200423 1.0876099 -0.69441295 1.3960806 0.4636138 1.9677428 0.096125886 -1.1562735 -2.529163 -0.8592686 0.32859674 -0.35061228 -1.7303182 -0.25532395 1.1039248 -1.7240087 0.67084527 -0.8140813 1.2035702 0.80017775 -0.8838035 -0.12267373 0.7781353 -0.103812784 0.17513448 1.330768 -0.026876656 -0.18815632 2.055626 0.6030829 1.3876222 0.32687658 0.6884509 -0.022285618 -0.62913996 0.5517716 0.12687066 1.3284338 -1.6718961 -0.5536683 -1.5096388 0.11158968 -0.68078107 -0.35550126 -0.5237197 0.018503968 1.2181491 0.77487695 0.19984238 0.43698502 0.29246965 -0.96967345 0.55035055 -1.8709303 -1.0314801 0.12672426 1.3161341 -0.23986773 -1.5586725 -3.0141137 -3.8254921 -0.46618143 -0.029096402 1.8412188 0.3336594 -0.11615905 0.7864504 -0.08539928 0.649881 2.1963496 -0.9800953 -1.4197986 -0.085505456 -1.637313 -0.5638489 -0.14266083 0.58101535 -0.30763945 0.53965527 -1.2820317 -0.7961916 0.039610308 0.5370912 -0.7171335 -2.9020762 -0.14465147 0.050245352 -1.0333356 -1.0103321 0.65253997 0.4313562 -0.57506 0.33051872 -0.46267495 -0.6252229 0.9786793 -0.94457334 -1.477486 -0.8639959 -0.94834876 -0.42519158 -0.7486906 1.4109654 -0.43890455 2.0441532 1.8634926 0.9680066 0.56712973 -1.4994439 -1.3005177 -1.4029669 -0.6930488 0.954268 0.47612676 0.029436849 -0.07170166 -0.13202392 0.38063923 -0.25392765 0.4397561 -0.37406498 0.5801322 -0.78647566 -1.0195755 -0.8712345 0.060975827 -1.4444156 -0.5879788 -0.17870067 0.11240423 1.952773 1.0280343 -1.8039125 0.58560324 0.14271615 -1.700243 1.5826705 1.2930444 0.2049799 0.85004866 -0.18057406 -0.006759037 0.90070397 -0.7827352 0.93575966 0.9050965 0.57769024 -1.0041605 -1.5429921 0.9622987 0.12240886 -1.9198844 1.5738529 -2.3471546 -1.5678241 -0.7275713 -0.33794957 0.0009873667 -0.12281815 0.86989415 1.0119768
