93 300 
parfym 1.1025306 1.5467802 -2.2778792 -0.01416728 -2.0851212 1.6045054 0.087503865 -0.18420196 -1.6464953 1.0311011 0.578508 1.2716353 -0.70612276 0.9155521 -1.5524838 0.7861083 -0.5356385 0.6784031 2.193034 1.3483844 0.26987106 -0.26437402 1.2644576 -2.2387576 2.6813173 0.57471496 -0.6145785 2.069209 2.237094 0.15600288 -1.1689658 1.0817719 -1.1127532 0.83059555 0.89600706 -0.32457182 -3.2024524 3.3981416 -0.020012371 -1.2516364 0.28724506 1.399665 3.084677 1.9263055 0.49094066 -0.7627184 -0.49566948 -1.0662371 1.6191651 2.6072972 2.847002 -0.054337434 1.1649675 0.2854057 -1.4872787 0.022315089 3.0990217 -0.57828444 1.3318571 1.7524589 -1.2673677 -0.3839451 -1.7321743 -0.58899057 0.15098228 -1.2221897 0.7194228 -0.7363605 -0.5614121 -1.0272541 2.9420738 1.8959388 -1.6430684 1.5010977 -2.7330556 -0.030183043 2.2597742 1.2642307 -0.90765244 3.5074947 0.23780946 -0.51106584 -0.20796312 1.776834 2.2278094 -1.7200898 -1.2282082 0.32230988 1.0942186 1.9650445 0.5156002 0.2062022 0.7709407 -0.26579183 3.705063 1.8477231 0.2236512 0.2137183 -1.0179007 1.4819751 -1.3100001 0.12329179 -1.3243763 0.15932877 -2.2098098 -1.1645603 -3.2874167 1.9187752 -2.1691015 -1.9506998 -0.4875212 -0.24266851 -1.0325154 -0.97772115 0.37233487 1.7780259 1.4202199 0.88198906 0.098164886 0.03806329 1.1974742 -1.0245972 0.43606573 0.38552302 -0.60975564 2.8730762 -0.8638133 0.43002704 -0.09583923 0.6605646 -2.9457579 2.0221179 2.6815822 -0.538654 -1.0507059 -1.2020992 0.34449232 0.17523578 -3.8650062 1.03787 -0.68362767 1.337058 1.5293406 -1.2179776 -0.40328357 -1.4148474 4.005905 -1.3717117 0.7557205 2.1436584 0.50102973 -1.751303 -2.3227293 1.0768808 -1.4791635 -2.2671125 2.890586 -0.8211684 1.9978294 -0.17155623 1.0505676 -0.43965745 -0.46719587 -0.70576596 -2.9814236 1.1499791 -1.8892806 -0.08063164 -0.0012646783 0.82247037 -1.7715925 1.4296579 2.503979 -0.05794071 1.4751519 -1.2851224 0.69774026 -0.1915597 -0.75928617 -2.5777273 0.8022902 -1.1407228 0.2762094 0.24061619 -0.488606 2.128754 -0.21506478 1.9777769 -0.62550443 0.28129905 1.4501708 -1.2474498 1.1942347 0.980046 2.1352892 -0.51366866 -0.4996064 -1.5287527 -0.74131215 -0.42559505 -1.3635732 -0.006804778 2.344903 -0.83142805 1.2624806 -0.76032645 1.7666236 -3.7692285 -0.4090804 -0.7115314 1.1736046 0.56634134 0.39512318 -0.021053098 0.34573114 -0.7734253 -0.6553102 2.282614 -3.266182 -0.09769891 1.9033842 -2.3670895 -2.295926 2.1723247 -2.8654175 -1.1178945 -0.6599724 1.8038884 -0.74499 -2.079397 -0.044560105 -1.5887961 0.56733483 0.7195818 1.3113111 0.04543018 -1.4042655 1.244297 -1.7997724 0.7839217 1.7764663 2.0161781 -0.17089646 0.22484356 1.9538614 0.20337427 0.3593184 0.63153785 0.20503627 0.40266418 1.056383 1.4655687 -0.009909403 1.9230866 2.7055497 -0.9361545 0.40055177 -0.96794814 -0.69962704 0.92269105 0.43314976 0.73658663 4.0334935 -0.6455639 -0.692851 -0.55481094 -1.487247 -1.75814 0.020192795 -2.3519754 0.39686668 0.0863207 0.6024778 0.19254966 2.2118084 0.08262234 1.0243955 -1.8880796 -0.17000462 0.9154182 0.14691506 0.6030937 -1.285755 3.3081234 -1.3934559 1.1491369 -0.27669924 0.7556349 -2.6457877 0.67862564 0.29344207 0.14046612 -1.0897506 0.6149611 0.4491684 3.6589513 0.20691487 1.0032116 0.65210223 -1.9358056
vanilj 0.21218318 0.6157125 1.3134663 2.236813 -1.1185997 -0.7382774 2.1998038 4.5244493 -0.15103237 0.19066045 0.6215164 1.4457444 0.1444249 -1.0039929 -0.63986266 0.6442971 1.2143662 0.20623417 1.923016 2.2807863 0.3454214 -3.7372706 1.6539137 -0.94023395 1.7179391 -0.95564854 -0.8831484 1.0788579 0.63307655 0.7322906 -1.77459 0.7132235 -0.27202004 -0.0074034445 -1.4178516 1.8409679 1.6655402 0.911633 -0.7310193 -0.39501274 -1.6576563 0.7646628 1.1054482 -1.7257338 1.2442608 -0.9014511 1.7197324 0.4977442 0.104830146 2.8143775 0.5459816 0.3988942 -1.028716 0.5174603 0.8748573 -0.8754568 2.3139527 -0.8419288 -1.1341306 -0.09258053 -1.6301954 -0.33438456 2.2147386 0.26217124 -1.6568357 0.08357649 4.237121 -1.6681318 1.1188314 0.5584509 1.0993319 -1.1025596 -2.0738187 -0.96412563 -0.5965873 -0.0901373 -0.20859618 -0.14144959 0.72083026 -1.0060128 0.0021866122 0.84942234 -0.7490922 -0.47574782 2.2989833 1.0700018 0.2656753 2.0135689 1.3569127 1.5672113 -2.0337698 0.89504266 1.4557858 1.089947 -0.15640624 2.8065248 0.20014817 -2.5251985 0.89962846 0.98395646 0.7048761 0.47108164 -1.3681374 1.750715 -0.40075302 1.2094145 -0.53696483 -1.2864672 -0.9256826 0.062064238 -0.81900185 -1.3750651 0.23559709 -0.2889961 0.7343043 2.7235482 -0.78106433 0.56247556 -0.66865486 -1.7655197 -1.0150026 -1.0822105 0.2672536 1.9102637 -3.5633767 -1.2029727 -0.92831445 0.8683721 0.3984098 1.6747088 0.53196245 -0.4098155 -0.40212077 -0.28739005 -0.2112497 0.044932935 1.7152108 -0.15661685 2.2551405 -0.710146 -1.0292199 0.10484796 -0.22981909 1.2301587 -0.08711103 -0.06750494 -0.38180247 -0.6935801 -0.41583014 1.1443961 0.59961045 -3.15564 -1.4468522 -0.27146202 2.8639035 0.03110183 1.6607318 0.6857754 1.7122262 -0.3340725 1.1658487 -0.7561991 -0.88182026 -2.1262577 -0.8082909 -1.1593616 0.6904904 -1.6579607 -1.2149339 0.77186495 -0.60445696 -0.4262671 1.2334182 1.5383375 -0.115160935 -1.1089103 -0.049951844 0.4541985 -1.4955306 -0.79739296 2.1968718 0.47083217 0.77399397 1.9660591 -2.068284 0.22150734 0.310153 -0.22054689 0.552151 -0.35008216 0.7570581 -2.2991354 0.4652238 0.8271955 1.2563857 0.015033559 0.12918964 0.13486081 0.46813738 0.2811802 0.7439408 -2.8550813 1.148977 -0.048959985 0.8989882 -2.117308 0.24396537 -0.46443158 -0.23918487 -0.19719835 0.7234605 -0.12706389 0.6553851 1.276676 -1.0916969 -1.7328143 -1.8928947 -0.7022607 -1.1298652 1.3917506 0.6475761 -0.4714559 -2.0348003 0.44257846 -0.18046883 -0.24097602 -1.3325968 -0.8718933 -1.9953172 -0.8539813 1.0005846 -1.5364773 0.9918437 0.5305683 0.4272288 0.32333416 -0.4581439 0.9718508 0.085229926 1.0701042 0.3959571 0.7642474 -0.48710862 1.4302447 1.1580089 -0.07351761 -0.38851023 1.087356 2.322504 0.7843358 -0.21652101 2.5463462 -0.13888538 -0.28660876 2.5237756 0.42935336 0.02576926 0.27931526 0.010102569 0.906812 -0.4435984 1.0085886 0.6578341 1.3841186 0.51114637 2.5056598 -1.4232298 -1.482862 -3.7054255 -2.448241 0.9472237 1.2699739 0.36869678 0.96592426 0.49727112 1.5037957 -0.8824864 -2.96439 -1.5215105 0.1650606 0.09830481 2.0455997 -1.0827931 1.9274899 -0.8254349 1.0264946 0.08110072 -2.5777931 -0.562549 -0.62566906 -0.64531845 -0.7986654 0.47926912 1.1213046 0.31843433 -0.07836942 -1.307255 1.1126156 -1.5136237 -0.24142596
rök 1.7854445 1.8586583 0.5124285 -1.0091782 1.9968681 0.4289693 0.22678745 -1.4154196 3.063845 -0.8247781 -0.76165 0.9320211 -0.11842602 -0.5806085 -0.4610315 0.26517218 0.38859478 1.3087269 1.696873 -3.1150224 -0.06517519 1.8903267 -1.2446426 -0.6876012 -1.5541102 -2.187989 -0.73527586 0.54730934 -1.9853214 -1.574293 1.230928 -1.6945534 0.76339793 0.14791554 -2.0815861 -0.19952835 -0.41262266 -1.9937489 0.77410525 -0.22793591 -2.0966663 1.6876115 0.56938815 -1.6310629 0.7720793 -0.20481522 -1.0157665 1.2438362 0.6425406 0.1717721 -0.20224302 -1.9890815 1.161889 -2.169727 -1.0918449 -0.3049792 1.3907019 0.5144176 0.91301054 -0.020047572 -0.28842613 -1.5670743 0.8636218 1.3670243 -0.11468123 -1.6643816 -2.4153028 -4.384976 -0.06593616 -1.8949755 -1.7208962 0.4426702 2.1703377 -1.1956217 -1.1299216 0.6796908 0.6011758 0.9350259 -0.5213104 -2.946114 1.2563379 2.133245 0.49876884 0.4976985 0.7338163 0.5884374 0.093580656 1.9803525 2.28866 -0.83388335 -0.9531911 2.2231169 1.2849004 -0.101897396 0.4070222 -1.1846411 -0.5503119 1.3574057 1.2690662 2.3389564 1.4275861 1.1440309 -1.1745896 1.1502 3.664559 -1.5806901 1.0772222 -0.48323318 -2.280646 1.5172988 -1.154396 -0.8639898 -0.7387132 -1.2376788 0.26303333 3.3969865 1.6541888 -1.438158 2.1116598 -0.47595403 -1.5151469 0.085006565 0.6617203 -0.50958616 -0.012902531 -0.67431176 -0.2223268 0.7270907 -1.873315 -1.2319288 0.44963747 0.5127176 -0.9015896 0.01821368 0.20860296 1.8393097 -0.022247681 0.61692566 -0.5250348 -0.71114045 -0.6157196 -0.07407161 -1.0601565 0.6554874 -0.45329437 -2.1460977 -1.3423537 0.4354826 1.6553909 0.44354564 -1.7857231 -1.3073381 -0.5332758 2.445299 -1.2560661 -0.9782099 -0.21419352 -1.4550179 -0.54684204 -2.274443 0.91407835 1.6247427 -1.4694188 -2.833277 0.23250763 0.38941106 -1.7255105 0.039515883 -0.1904185 -1.2460427 -1.6363826 -0.72270536 -1.2017825 -2.063678 -1.8280991 1.6138207 -2.0775955 1.142764 0.7070462 -1.1003301 -0.21655679 -0.4138787 -2.5819426 0.42911148 0.73075855 2.573715 -0.17414576 3.7201042 0.49184123 0.08664009 0.027075185 0.09129969 -1.302336 2.2006416 0.21267612 1.5791553 1.4075583 -0.45802715 -2.2435381 0.5940214 0.81902295 -0.287151 -1.6551324 -1.0643433 -1.4637346 0.1315254 1.3573121 -0.68720585 -1.0209842 0.14555994 0.41033533 1.1023924 -0.62796605 2.1968105 0.5271183 0.24641567 -1.259835 -1.6434387 0.89540005 -0.23401168 -0.14094524 -1.4727297 1.9451603 -1.069213 -0.4554926 1.7229754 1.4289191 1.5410074 0.40896738 1.926648 1.7307254 -0.27496845 -0.4913087 3.0452774 -2.008114 2.4483426 -0.22726695 -0.82256675 0.06786054 -0.6691211 -1.1301309 0.03234278 0.3450554 0.30689415 -0.64138395 -0.25167984 1.3348738 -1.7493733 0.40888608 -0.09639075 -2.3192842 -1.3574065 -1.8378994 0.84159636 -1.7390996 1.322157 0.5271766 -0.119968936 0.37497017 -1.2322115 -0.5383194 0.12758063 -0.56984663 2.9841385 -0.02703964 1.1690048 -1.1515952 -0.123274244 0.11014319 0.7162468 -0.48527405 -3.5074985 -0.49008214 -0.8017598 1.5291272 2.3674946 0.19987924 2.814043 -0.64322764 -2.7961564 0.6454448 2.2962441 -0.66656095 1.7761688 -1.7811172 1.5837017 0.35408932 1.4143357 0.25793928 1.110979 -0.19115591 -1.3596785 -2.0723038 1.757491 -0.3960731 -0.8412445 -2.6466606 -2.156941 2.0396233 -2.3168323
kaffe 0.7733826 0.48977196 -0.21446685 -0.9307463 1.445094 -2.5423396 2.5408971 2.7732563 1.4583613 0.53104925 1.9443537 -0.6538458 -0.7653815 -0.8250664 -1.1498405 -0.5279433 1.8605456 1.231345 1.2939605 -1.8010492 1.5359112 -1.0481172 1.2619449 0.5482274 -0.46507514 -1.6173133 -0.669351 0.308819 0.12250847 1.1037575 0.36593586 1.8935694 -0.70150423 -0.5682004 -0.30845654 1.922467 2.1031392 0.6 -1.0061866 0.3391469 -1.5480422 -0.90479845 -0.93367267 -2.9291422 -0.87684435 -0.25771293 -0.24684954 0.06886194 -0.12149416 1.7492937 -1.9357405 0.30495805 -0.36298534 1.2130939 0.08141676 -1.4493654 -1.1417551 1.072526 -0.9824387 1.3122003 0.03752421 0.7161951 -0.54385805 0.8331751 -0.44424802 -2.0123894 -0.97244793 0.4905442 -0.2449992 -2.032865 0.9437013 -0.80038357 -1.156068 1.630423 0.29597932 -0.9562746 -0.121521704 1.7125642 2.0234172 -2.1353242 0.4525767 1.7742431 0.19475168 -0.56646806 -0.34841883 -0.5053976 3.0284681 0.3023135 -0.3415482 0.07672775 -0.16103558 -1.3469961 -0.60744494 0.19219455 1.4941033 -1.9805083 -0.20575187 -2.1190963 0.89113414 1.2105482 2.4667296 0.23383166 0.23440854 0.7084146 1.8491713 -1.4330087 1.8764892 -1.1298153 -3.1390512 2.6598887 -0.9111555 -1.668694 1.2937487 -0.1972167 -1.4682631 0.83951575 -0.38486525 0.2974943 -0.5886185 0.5186384 -0.9179819 1.419186 -1.6031877 2.6182024 -0.5240636 -1.3847967 -1.3106194 -0.27292323 0.0017097151 1.4076523 0.85284144 1.146015 -0.40444008 -1.2506633 0.5868762 2.0405982 -2.368694 0.09578344 0.56323165 -2.7975907 -1.0925668 0.94103307 -0.51589733 -0.5409616 0.69705826 -2.0649574 -0.51407254 1.2825557 -2.0596013 0.55065393 -0.29994407 -0.93770796 0.34663308 0.9979363 1.4888345 -1.1137725 0.26834545 0.30111697 -0.69821304 -1.5770066 0.59109485 0.2191703 1.0149269 -1.9670132 -0.15203527 3.0872505 0.0057168207 1.8266479 0.09329263 1.688658 -0.092340484 -1.437638 -1.2888881 0.6031136 0.123910494 0.024091318 0.6002452 0.75742793 0.809679 1.9227239 1.0823326 -1.969162 -0.8114254 1.0697187 -0.23369716 0.6484286 2.3079538 -0.69374514 0.5758683 0.28739488 -0.49842247 0.8128833 3.2128122 -0.112625584 2.5924938 1.2383325 -0.54086703 -2.6993058 -0.47105366 -1.136579 -0.5800558 0.14059515 0.20336807 1.5305169 2.4011745 -1.2655 -0.9113493 2.0299962 0.45757154 -0.8517808 -0.7026451 -0.017385885 -0.15482795 1.4861915 -0.342271 -1.5959554 0.4859452 -2.434971 0.5328396 1.2410823 0.108478256 -0.2084754 0.54929596 0.29866758 1.5878121 -0.1809978 0.14959271 -0.7485116 0.13860355 1.0970615 -1.0166252 0.27418727 0.34115627 -0.5786055 0.04304808 0.5891392 -0.145158 0.70384294 -2.0982006 -0.80036837 -0.9608896 0.3391374 -0.025357727 1.4069494 0.2803491 1.6095943 -0.13501693 0.24918547 1.7438792 1.7190992 -0.7256122 0.040592987 -1.7204471 0.3571683 0.42861876 -0.24295838 0.018584274 1.051357 -1.0207216 1.1174159 0.3678623 -0.06380717 0.72674024 1.1362126 -1.5260335 1.6972778 -2.1263752 2.0948062 -1.4800869 0.56663984 -1.4833524 1.4254718 -1.6631316 -1.8485383 1.715964 -0.9294619 -0.86035 -0.16394375 0.8729836 -0.34174666 -1.4378109 0.87132514 1.9212651 1.003354 -1.0522716 1.3860179 2.529686 -0.66543037 -0.09821379 0.91093355 -0.13013968 -0.14385794 1.4735186 0.1251236 0.6892477 -0.21687527 -1.8700377 -2.1753635 1.6445562 2.2420506
choklad 1.2708449 1.4469397 0.6603631 1.133484 0.47678488 -0.20816165 2.6378071 3.2174342 -0.29943636 -0.0087586045 1.7775383 -0.61861026 0.9140832 -1.0941061 -1.3837253 -0.702969 2.194599 1.4624085 0.7617472 1.0201371 -1.4967859 -0.1427656 2.4710321 -0.60398 0.554614 -0.9064722 0.83780533 0.927342 -1.6391493 1.8174237 -3.2035794 1.6321187 1.8037817 -0.5745233 -0.34098554 2.1643465 1.6299244 0.7358238 -1.3749188 0.36113924 -0.03241935 -1.1786579 1.2628238 -1.4212766 1.6831647 -0.44881526 2.3845835 0.84177387 1.4579219 1.9201338 1.3055942 0.110387824 0.079450764 -1.104005 0.89069 0.17764528 -0.3646085 -0.6203936 0.9191156 1.4734025 -1.564011 1.8310591 0.40984082 1.0614771 -1.9206091 0.7510553 1.4625938 -0.41804126 0.8412565 0.20137604 2.0481334 -1.9071417 -1.5522107 -0.5243448 -0.84030056 -0.73823154 0.5762005 0.3899224 0.99993104 -0.15287927 -0.6261149 1.4503442 -0.23515244 -1.2249465 0.87077415 -1.1952883 0.9300651 -0.7877858 -1.1787875 2.4957216 -0.27184516 0.093775876 1.7837933 0.9859918 -0.06261216 -0.5728275 0.8530335 -2.0021145 2.756598 0.90314513 -0.48101902 0.27863014 0.5685598 0.4134639 0.88906217 1.7998364 0.27482936 -0.7797932 -1.0004209 0.3532208 -1.2780825 -0.91594285 -0.72903794 -1.2053839 0.66522944 0.2780817 0.047047045 -0.2270234 -2.7574983 -2.3984962 0.47084206 -0.34925258 -1.475169 0.774277 -1.9256175 -3.4459124 -1.0057515 -0.3927488 0.39283875 1.6362277 1.6043918 -1.0919122 0.44709134 -0.6122712 1.3842067 0.97823185 0.6178738 -0.698185 2.816098 -2.1713693 -0.3389056 2.174972 -0.81053007 1.6018165 0.8143826 0.7598793 0.96531004 -1.395901 -0.6142605 -1.1618875 -1.15312 -2.8268623 -0.78067523 -1.0383651 1.9125149 0.09988193 0.1638133 -0.07169607 -0.36741906 -1.3707317 1.8649067 2.3243954 0.24693614 -1.3245871 -0.86351776 -0.22856319 1.2911841 -0.48847273 -0.8369857 -0.015176825 -2.1233559 -0.4238624 0.75103086 1.9227933 1.2623684 -1.484829 1.6164135 -0.22721167 -1.2715334 -0.9884269 1.5441248 -0.70891434 0.96774673 1.1339297 -0.299762 0.43136877 -0.20619488 -0.8737306 0.048216604 -1.0268267 1.0627812 -2.9220471 0.47908404 -0.35817719 0.4052294 -1.0729448 0.40434748 1.2222769 -0.5514615 -0.56888884 0.50555426 -3.0620885 -0.3855509 1.2022911 1.1091866 -1.8563527 0.22846115 1.0248722 0.159118 0.61948055 2.2003222 -0.81023514 -1.2055633 0.26213846 0.16773057 -0.55333376 0.1448713 -1.2328594 -1.4035594 0.29694954 -1.3098495 0.6747562 -1.7739602 0.24832034 1.1604167 -0.29883856 -1.5011271 -0.8300571 -2.0628211 -1.4868141 -0.99819225 0.76863885 0.64605784 0.13830893 -0.58964646 -0.7080074 -0.7431362 0.9572734 -0.17588522 1.0197657 0.46650085 0.6866771 -0.30930296 0.21003444 0.16354516 1.4552196 -0.47516248 -0.65806526 2.7223601 0.84651244 -0.69963235 0.4860106 -1.538583 1.0822972 1.6109328 -0.95709527 1.1600091 0.8093219 -1.7308168 0.52996325 -0.119972736 0.09827436 -0.21971834 -0.3861799 0.052671365 0.43469223 -1.8285812 -0.91259426 -1.7602651 -0.30108377 -0.27447194 0.6276528 -0.16814433 -0.6026229 1.4108748 0.1823508 -1.8163164 -1.1091744 0.16870533 -1.7699702 0.51583344 0.0393066 -0.44440475 0.5239119 -0.06652998 0.47624585 -1.0158519 -1.9409214 0.1706245 -0.7946845 -0.49633536 -1.3974164 -0.527493 2.137254 1.9945608 -0.7948668 -1.6099904 0.14728434 -1.3508006 1.614794
vin -1.2730753 -2.2954285 1.3697202 -1.4761096 2.5789323 -0.46675283 -1.9243792 2.8482432 0.92253345 -0.93701863 2.3999789 0.27370948 -0.1478625 0.48743564 -2.9199054 2.598055 2.0751984 -0.33852053 0.5939979 1.0370156 0.059156325 0.26937103 0.71815264 0.0730754 0.86518747 0.7051741 -0.2733392 -0.6938102 -2.3048668 3.0578523 1.7135062 -0.7656204 0.92387074 -1.2190129 -1.0366747 -0.714579 1.125064 -0.20261164 0.078659214 -0.2050245 -0.06250786 -0.35556477 -0.11055156 -0.29448974 0.17953396 0.4057458 1.0255337 0.3464655 -1.1961253 2.5807362 -1.9758043 -1.7370262 -0.89129573 -0.4768903 -1.2365141 0.29404053 1.5327189 1.1515472 0.24488966 0.3235858 0.55158496 0.24648577 -1.8944943 -0.5540064 -1.8743324 -0.85804063 0.5497236 1.4842384 -2.0635574 -0.43187284 2.666662 0.08864291 1.0529896 -0.70803785 -1.9174815 -1.0470505 0.023714518 2.7600384 -1.1952261 -2.4550195 -0.22766767 -0.51285636 1.8544874 -3.875867 0.21504359 -1.3470435 0.8431985 -1.9574528 -4.229052 0.8742394 2.491827 -1.258599 -0.38281804 0.43816346 -0.14191206 -2.2146015 -0.7058739 -1.5439487 -0.5076118 0.7246502 0.56261605 2.420599 1.3108321 1.9850112 2.1222901 2.0062141 -0.50924414 2.8502219 -0.003601955 1.7829217 -1.5789964 -1.8530295 0.22991987 2.80828 0.7517739 -2.3404317 -1.6646287 1.5595921 1.7158586 -2.005177 -1.6301439 0.047313344 0.5698799 0.5583204 -0.00029335005 -1.5551497 -0.3002199 -0.51739454 -2.0780175 -1.8296604 2.2280037 1.8143944 -0.7774363 1.1238652 2.7696843 0.99156 1.5937644 0.0054507116 -0.69494987 0.77761674 -0.39634693 -0.46511337 -1.2239195 -1.6831398 -0.95803213 -0.570551 3.0376406 -1.7018824 0.68801945 0.45787463 2.6556902 -1.5321033 -0.88478166 -0.27397466 -0.23653172 -1.426188 3.700711 -1.1470023 0.960552 -1.7446567 -0.09021884 -1.2503227 -0.31884843 -0.63873476 -3.1516838 0.60022324 2.1566281 -1.598198 0.45482847 0.8029837 1.3224384 0.08053461 0.07446646 1.3846444 -0.13730147 0.055068832 -0.057297133 0.028737245 1.2378037 0.50974625 2.0199687 -0.96985036 -0.28102866 0.7557998 -0.8753517 -0.7725507 0.16082667 1.9488691 -0.64897066 -0.70278317 2.0583246 0.18571627 2.2697952 -1.2004466 1.6828011 1.0603445 -0.9513694 -1.0083665 0.6948742 -0.23133013 -1.0292925 1.1927575 -1.9675777 -1.4088104 -1.0928397 0.4775216 -0.9306857 0.3183862 -0.19397475 0.53174245 -0.47900873 0.979693 0.17700358 -0.87597686 1.6342443 0.8011347 2.1578321 -1.3212742 -0.07674547 -0.37685913 -1.0371437 0.081851654 -0.8948944 1.1787825 -2.0631173 0.26694044 -1.7969923 -0.15794908 -1.4104607 0.97886723 1.5890622 -0.8604797 0.44380414 -0.18247552 -2.3823001 -0.16670746 -0.4225608 -2.530158 -2.3510923 -3.5489602 -1.4820706 -0.07823236 0.11775436 0.88813126 0.3760138 -0.95353556 0.7287332 -1.4467432 0.07680579 1.4319303 0.30698088 1.8703661 -1.3518758 3.5692775 -2.5814135 -1.0656998 1.9339534 0.7579992 -2.921184 0.8492714 1.5116899 -1.6273291 -1.0951798 -1.2673584 0.90869904 -0.6688931 0.18976408 -1.1439544 -0.44807073 -0.9038301 -0.6495087 0.6577989 1.5613173 -0.08531053 -0.9434051 -1.579369 -0.6918138 -1.8997208 -0.6440816 1.7561111 -0.4498453 -0.79131335 2.9293609 2.0467608 -0.6346128 -0.2890469 -0.7053816 -0.19917938 1.3469479 1.7162695 2.3198051 0.67780846 -0.5771558 -3.1169274 -1.2983155 1.6533544 -0.316954 -1.1329918 -0.053467188 -1.3143492
gräs 1.226517 -0.96205425 -0.38588494 0.49438938 2.3613064 -3.834128 3.287158 4.265569 3.2815099 0.99696094 0.28597644 -2.6032102 -2.433392 -1.0995598 -0.12389316 -1.0956566 0.8609615 0.41060472 2.6681616 -0.0022248353 -2.2427738 1.3516078 -0.2527849 2.0783308 0.15289524 -2.6316364 0.27532697 1.4119763 -1.2569833 1.1761844 0.047140736 0.61929303 -1.2452424 0.19060336 2.0193014 -0.5794724 -0.22217381 -0.41899985 -0.06354844 2.5215151 -2.2529461 -2.5102966 0.6214371 -1.052974 0.63626206 0.71021557 -1.1430132 0.47331583 2.20065 0.87226415 -0.9294422 -0.39754233 0.93177307 -1.4746563 -1.3289038 1.8541911 0.08742068 1.6626439 1.5954274 -1.071127 0.9904713 -0.814324 1.7892654 -1.4663095 2.072849 -1.007741 -0.39658016 1.339593 -1.0660124 1.0249232 0.98551166 0.16891748 1.3608973 -0.37812954 -1.7946362 -1.8123794 0.6810415 0.50896925 3.5430672 -2.2290895 1.0858525 2.031849 0.57392704 0.699675 0.5846028 -2.2345324 -0.15199506 0.6285783 0.832943 -0.49684456 0.35188705 -1.4275211 0.66607296 -1.0804346 0.26360306 0.63253284 -1.8037553 -2.1309826 -1.173999 -1.0472087 -0.31176832 2.1146073 0.44758442 -2.100886 -0.6887952 0.053035576 0.5780119 -1.0217474 -0.7713934 1.0258218 -0.75267035 -0.22778708 -1.1992424 3.585257 -0.84002656 0.24994342 -2.192425 -0.12267206 -2.1543326 -1.6310409 0.88844925 2.4419723 -1.2786855 -0.70069987 -0.6700818 -1.1358191 0.7539515 -0.44854185 -1.0701175 -0.34181398 -0.17374012 0.011075574 0.6998273 -0.690497 0.7967063 -0.90892845 -1.2864268 -1.8130878 -0.30490953 -0.5826565 2.0053215 0.09785696 -1.2090284 2.391232 -1.0231055 -0.5236442 -1.5306338 0.2305439 1.3146658 -1.9244245 -1.4456671 -0.64880073 -1.7437972 1.4628463 0.4046583 2.0074146 -0.064706594 -2.3843548 -1.1525753 -1.5616269 0.21910636 -0.06305104 1.0959505 -1.0701429 0.82002985 -0.3394292 1.075872 3.346424 -1.9264412 0.5029432 1.038335 -0.85635865 -2.8272686 -0.40624914 1.7538025 0.44851372 -0.30863833 -0.81799346 0.5172583 1.8882102 -0.4724438 -1.693247 0.48937613 -0.5014012 0.10245657 0.68209606 2.9839737 -0.36559168 0.48478785 3.5157378 -1.6086348 -0.26551822 -1.4039959 0.13821034 -0.32514867 0.8125267 2.135159 -0.0042779907 -1.1831219 2.7431037 -0.5905663 1.0374342 0.8773319 0.20466062 0.06341914 1.1652625 -0.35892823 0.16021049 0.34735462 -1.5309169 1.5591401 0.19695881 0.5457806 1.4290602 -0.29191625 0.6257488 -0.18711637 -1.4197593 -0.19716108 -1.4319063 2.3076856 1.7451305 0.8874367 0.26323563 1.1749433 1.3053597 0.42715308 -3.4198122 -0.29241258 0.24161465 -1.2357937 2.2676177 -3.4423747 -0.9644993 0.315502 -0.7709187 -0.08909536 -1.2972324 2.4064631 0.22350122 0.9029053 -2.8427908 -0.8958189 2.130497 -0.33930138 -1.0234482 -1.8254812 1.4424002 -0.85542935 -0.38907993 0.13281402 -0.72119665 1.3516644 0.66786766 -0.8612682 1.1611055 -0.99273115 -2.5480406 1.5766236 0.40604767 -0.1312082 0.87896264 -1.9116921 1.7622049 -0.072050266 -0.27332908 -0.4944075 -1.1328733 0.3442842 -1.0721314 1.0644982 -0.74037385 0.33690596 -2.067066 0.18141806 2.1246135 0.9799837 1.6118498 0.7223252 -0.031165324 -0.97063786 -1.4399791 0.390352 -0.46581483 0.26002258 -0.30003154 0.8842018 -0.5250108 0.91507334 1.6709548 -0.05172878 0.7261176 -1.9859469 2.276989 -2.4801264 1.2104089 -1.8188297 -0.5708387 -0.056173906 -1.1414576
ros -0.3860073 -1.0262868 0.53296804 1.1462302 -0.31639582 1.2520778 1.8589367 4.514245 -2.9199026 -1.1540987 -1.1541948 -0.57609266 1.5012044 -1.4355018 0.5284992 -0.0069441595 0.48858282 -0.57172966 0.22273156 0.6834269 -0.90266687 -3.8016956 1.8493896 -0.58730614 2.151811 0.34434953 0.7305523 -0.33754998 0.84663314 0.35763967 0.3388057 0.45960242 0.18256553 -0.15620913 -0.553005 -0.40753207 0.78680664 -1.0597522 0.075762555 -0.98101425 1.232525 0.7497521 0.94555783 -1.5189624 0.4042468 -0.8431439 -0.170641 -1.3254656 -0.26139796 1.445084 0.63839316 1.509785 0.26453876 0.4983682 0.7407963 0.9936768 1.6305621 -1.3495972 0.10373566 0.43055558 0.2132394 -0.4908692 2.412545 -1.0744874 -2.1275785 1.276423 2.460339 1.9075155 -0.8873789 1.0118363 1.2293952 -0.27342582 0.4527604 -0.5943866 -2.0014973 -0.48799613 0.19331928 -1.1950302 1.1759366 -0.26933858 -0.11548969 0.66307557 -0.8991388 0.9658774 1.1956776 -0.8105549 2.1309168 0.016249215 0.91239345 -1.8261758 -0.19759421 -1.4417698 0.91059697 -0.12782457 -0.26767164 0.7200472 0.11816436 0.3922667 0.89434415 -0.6382489 -1.2371087 0.5905706 0.11367896 0.93552566 -1.4513669 0.39668375 -0.63175476 -1.2646055 -1.2310654 -1.0311383 -0.5060367 -1.6053327 -0.58299863 0.013611212 1.9147166 0.38495725 0.5979472 0.74277836 0.49291536 -0.99683684 -2.1868773 1.0825067 0.97167885 0.49281514 -1.6897604 0.17204952 -1.9749889 0.28637773 2.246735 1.3191994 -0.8963025 0.41299736 0.8842389 -0.5623742 -0.7572728 -0.18535425 2.35069 0.68979394 -0.13176864 0.81061435 0.61132294 0.71256804 -0.97172797 0.69196993 0.43861234 1.320306 1.0827355 -0.8991761 0.77586293 -0.035090126 -0.27457303 -0.7110287 -1.9341531 -0.44710234 1.2357028 1.3019148 1.8565286 -0.028158924 -1.6755315 -1.3754997 -0.9679341 -1.3944664 -0.67572135 0.20199938 0.33731112 -0.71485496 1.9618589 -1.3891478 0.70568025 -1.1028192 -0.30334708 0.022645961 1.9120355 1.142869 -2.387985 -1.0909468 -1.7662675 0.29298645 -0.78980774 -0.7868245 1.0488943 0.9352807 0.3654476 1.5827802 -0.024762293 1.3702756 -1.3826665 -0.907172 0.76642865 1.013385 -0.55546814 -0.89662874 0.17184642 0.65968895 1.7420875 0.12662509 -1.187595 -1.568701 0.33761817 1.1876534 0.7734195 -0.8345243 0.17010643 0.19432425 0.9855011 -2.1673594 0.17947415 0.09449343 0.45124206 -1.4500706 1.4469365 -0.8937679 0.6071395 -0.7037589 -0.7854847 0.1084559 -0.25757834 -0.98391956 -0.36345267 -1.0369878 0.75032187 -0.069549635 -1.9830219 -0.7613143 0.64629364 0.0842548 -1.8638215 -0.5817378 -2.2509577 -0.50445217 1.4053819 -0.16248247 0.81259733 -0.1835674 0.8575823 -0.18015017 0.28384376 -0.7050965 0.25708112 0.91144526 -1.243005 0.8599131 -1.4360079 0.7574535 0.2833137 -0.24981822 0.9275178 1.5980349 0.11862602 0.99064267 2.3442867 0.08549652 0.37337297 1.6973644 2.3305554 -1.5468856 -1.8964714 0.7827361 0.44883987 -0.33726174 0.06950596 -0.7680872 -1.2503334 -0.09843975 -0.15014628 0.91593254 0.079048105 0.13281788 -1.0977174 -2.8316638 0.16244161 -0.67433745 1.0578077 -0.78146696 0.42098564 0.6485803 -0.29183322 -0.27189755 0.18626525 2.2216969 1.5247324 -0.29155138 -1.1985449 1.6724515 -0.52404255 0.330051 0.93446654 -3.5729222 -0.3172739 1.0191855 -0.6214741 0.026954181 1.0873163 0.7526516 -0.59967625 2.0193758 -0.28273007 -0.012329968 -1.1091082 -0.6462818
bröd -1.2340796 1.5832386 -0.29898953 -3.0859022 1.5695245 -0.8657776 0.9952178 2.7280145 -0.21688232 -0.5604233 1.6000394 -0.9312427 -0.5506706 0.34774277 0.24407794 0.6340177 0.90295017 0.08812828 1.8620389 -1.4337897 1.9419088 -0.1836939 1.92359 1.2372581 -0.5161531 -1.2161615 -2.1505084 1.3689382 -0.1039963 2.7566288 0.022048652 1.9958612 0.5661451 0.6686735 -0.61534786 0.44361418 0.16782254 1.4671563 1.1839335 0.89077455 0.11378605 0.3646816 -1.0836571 -0.79474175 0.110805996 0.50588816 1.1198055 1.908885 0.9558903 1.2251627 -1.9315819 -0.9847757 2.123122 1.1781483 -0.024634529 -1.6415753 -1.7395906 1.2879424 1.1383207 1.3996173 1.149102 -3.3047028 -0.6091011 -0.26919273 -1.7829596 0.016282799 -0.060841195 0.72684586 -1.8454392 -0.4281563 0.40054527 -0.96012914 -1.1074978 0.93782866 0.6775509 -1.1302009 -0.34690663 1.711371 -1.2071185 -0.49123618 -0.4955851 0.55179334 -0.58582854 0.12562941 -0.3526151 1.5315993 -1.876867 -3.0324192 -0.6220643 0.56293106 -1.6839645 -2.3956397 1.2277795 1.5012037 -0.8577429 0.34304836 0.9731783 -0.80518967 1.6645225 -1.0534419 0.01798869 0.70991725 1.2151423 0.23877767 2.1316528 -0.44231194 0.6000037 -0.4900675 0.10376865 2.4680994 -1.9586337 0.37411854 -0.33638898 0.7170694 -2.152562 -0.47572467 -1.0661931 0.4555321 0.6258207 -0.754157 -0.6083146 0.081374206 -0.9843061 0.004583134 -3.1277966 -2.6067564 -0.3532555 -2.4390943 -1.2782376 2.7969851 2.2062109 0.8714764 0.57259554 -1.2623135 0.4835997 3.1149805 0.41349047 -2.3022814 0.35993624 -1.6836108 -2.2442868 0.5582669 1.4142042 0.4865356 0.89304185 -0.9483998 -0.14917044 0.24683796 0.21447368 -0.08563132 -1.2421709 -1.5047458 0.83095276 0.5915053 2.6321254 -0.38765347 1.711913 -0.9558718 -0.4299973 -0.9588265 0.86175674 1.019155 -0.39523458 0.54041916 -0.24136946 1.3486388 -0.022156497 0.91342634 -1.4691794 -0.8077994 -0.20832632 -2.6577666 -1.362088 2.0370734 0.3559228 -0.21903466 1.2688423 -0.90483594 -0.51117843 1.7139028 -1.0896852 -1.7129282 -1.4598817 -0.61599773 -1.2072484 -0.28998348 0.50096977 -2.2799997 0.57640773 -1.0262562 0.64609593 0.7334733 0.8351345 0.40906373 -0.07092167 0.88425666 0.9198742 -1.3589867 1.6785328 -0.84402794 -0.6448746 1.0382365 -0.0852428 -0.2906308 1.3580154 0.3520738 -0.4050751 1.4390543 2.5421634 2.1020038 0.6332748 0.14270386 -0.1553757 0.05814233 -1.196673 -0.60700315 0.39565223 -1.4647722 0.6567723 -1.5693734 0.9936814 -0.6373108 -1.3785478 1.8450058 -1.0318325 1.1751467 1.4881262 0.56135696 0.52054256 0.65515745 0.82913405 1.7838689 -1.0973903 -1.856936 0.095262595 1.0136479 -0.90280056 1.3990316 -0.3351072 -1.2587003 -1.2039894 -2.688851 2.7334576 0.7046759 -0.7745357 -0.78118575 -0.55853903 -0.1415389 3.3210585 0.040848177 -1.2914383 -1.5037445 0.057363894 0.10528102 -1.8131735 -0.9858207 -0.7883554 -0.8135055 1.2684672 -0.28305495 1.1320533 -1.8104994 0.51244205 -0.9967835 -0.34708235 1.0140294 -2.5370667 0.769128 -0.62467724 0.5641783 -1.0760335 1.1123211 -2.3925567 -0.3034297 0.7101745 0.7557924 -0.8746001 -0.17520158 -0.23049913 2.0857222 0.8904028 0.390661 2.6124845 -0.16451548 -0.80412394 1.0187773 0.6375694 0.15130058 2.3063512 -0.049098894 0.5665336 -1.0079625 1.3482653 -1.2632031 -0.368129 0.5885856 -0.3486297 0.5065882 -0.03079107 0.20141327
citrus 0.1308378 0.5336758 2.444091 2.255511 1.103486 -1.5248756 1.6702223 5.1189423 1.0180355 -0.43335536 -1.0068277 0.766505 0.30310503 -0.69734836 -1.293817 -0.42858434 -0.54387635 -1.3533977 1.415932 -0.21481472 -0.03841178 -4.014189 0.34413162 -1.8244498 1.686751 -0.82014865 -0.1251503 1.8738892 -0.40022323 0.8464499 -1.1898057 -0.19382842 -0.15016013 -0.4347098 -1.2200432 3.7780335 3.30843 -0.29918653 0.78032404 0.37820685 -2.25681 -0.20263886 -0.16727445 -1.7138758 2.7585611 -0.9459418 -0.4262051 -0.48271215 2.580107 0.4665752 0.96574795 0.6511579 -2.7933357 1.3802323 0.8798465 -0.93130046 1.3942227 0.067675725 0.92982453 0.13103661 2.389974 -1.9312243 -0.1422748 -0.14042458 -1.8418355 0.8500516 2.137125 0.57094157 -0.3455667 0.56904685 -0.09501192 0.44425544 -0.5750866 -0.33823 -1.5992206 -1.5266294 -0.07457094 -1.697633 3.217039 0.09044937 0.47691438 -0.50517255 0.5717908 -1.1869323 0.5814049 2.4144342 -2.0218647 0.6752206 0.6834136 0.51589733 -0.5838364 1.0288342 -0.05378601 1.975503 -0.5753759 1.1842167 -0.11634939 -0.81114054 1.3221283 -2.095888 3.5588846 0.7851108 -1.5461224 1.651777 -1.4894731 1.5098121 -0.66633826 -1.1378161 1.2229145 0.82132477 -0.63513607 -1.5228238 -0.16630314 2.787499 0.078600734 1.4558631 -2.5166755 -0.081486456 -1.4015841 -2.2460818 -2.068508 -0.39620724 -0.2388431 1.56984 -3.1766713 -1.8760226 -0.80006814 0.5772854 1.622868 1.1754616 1.3446282 -0.90152335 -0.7742787 1.9605625 -0.00012199386 1.1879961 1.0743473 -1.739688 0.7020643 -0.0028600567 0.13153058 2.1829283 -1.5895919 -0.5814095 1.4429214 -0.5407468 1.6503743 0.20045324 1.0955806 0.88788784 1.0729727 -2.3281374 -1.4834652 -1.8349844 3.0024672 0.34730712 2.131644 -0.5754177 1.1497626 -0.8044805 1.6814761 -0.9464691 -1.5505239 -0.46138167 -0.60241485 0.5030245 -0.363059 -0.14846736 -0.0043961867 -0.062063377 0.48334128 -0.51830715 2.077421 1.1730775 0.5637771 -0.45868918 1.3548471 1.7171224 -4.2932196 -0.49216035 0.6261591 -0.41549164 -0.05242181 0.5416769 -0.03318993 -1.1749849 -0.6800824 0.7066293 1.2262249 0.5174039 1.1547153 -0.3853502 0.23770326 1.674342 -0.3745117 -0.13208431 -0.44430602 0.18514276 0.79691553 1.2879245 0.39800188 -0.8207708 1.553892 -0.85195214 0.7171327 0.10300615 1.6657765 -0.37178177 0.56388956 -1.5582823 0.8570359 -0.6550137 -0.25820082 0.5997338 -0.45385963 0.68419755 -1.1754102 -1.102619 -0.32978153 -1.2466018 1.8605845 0.21201532 -1.1403586 -1.0557423 -0.6396692 0.77984834 -1.8016576 -1.6214063 -3.6524806 1.0018582 0.9348279 -0.6097183 -0.32901546 0.6392096 -1.1262957 1.0189686 -0.034267742 -1.5795704 0.49457768 1.3653954 -0.9261061 0.37322405 -1.4040084 1.9724977 -0.05329474 -0.2886889 0.63214546 0.8754669 0.26744634 0.93061954 -0.3550268 3.505744 2.625279 0.6960154 -0.17425448 -0.62008905 -0.04872714 -0.20231333 0.49397123 -1.1350373 -1.9719249 0.4336059 0.36086905 -1.126279 -1.3781816 0.58795536 0.29813153 -2.1289098 -0.35385314 -2.2475579 0.2850984 1.0111312 -0.8447035 -1.8732541 -1.7054027 -0.111735076 -1.8662176 -1.6665661 0.3310379 0.77797705 -1.2138836 1.0648481 1.3299727 2.8499506 0.20257805 1.5279844 0.107962 -3.8577156 -0.666802 1.9730377 0.7076765 0.59200907 0.7736095 2.827783 0.31847516 0.44505686 -2.5267432 -1.0867546 -0.89048547 -0.29030097
tvål 0.1300641 2.0228467 -0.6309421 1.4294205 -2.178821 1.5810953 1.1987661 3.2474844 -1.7062001 -0.60167456 0.78055006 -0.8079212 -0.5220157 0.607724 -1.1899014 -1.8705033 -0.3063358 -1.2243226 1.3053302 0.7729996 0.23110637 -1.0592511 1.9441197 -2.4228091 1.4061381 -0.33334327 -0.39203557 0.8784116 -0.34383792 -0.21696381 -0.38047388 0.82291925 1.580658 1.8324562 0.49926144 1.6544268 -0.053008515 2.1887171 -0.38841748 0.73936766 -0.51846266 -0.89842373 0.521989 0.11554401 1.0835766 -1.5958208 -1.3069177 -0.7850035 1.1931561 1.5615842 1.954625 0.57359797 -0.965597 0.13040285 0.51662076 -0.22449568 4.0444717 -0.16702567 -0.629009 1.5652226 -1.4105407 0.7880415 0.71324337 -1.116557 -0.96572804 0.14554124 2.068086 0.7844189 0.26992887 2.322342 -0.6423452 -1.3721852 -1.4902558 0.0935858 -1.5106145 0.14764877 1.6359801 -0.23145168 0.25409058 0.68976027 -0.116003454 -0.41290772 -0.35291928 2.1497989 1.3821555 -0.22429515 1.400062 0.24557307 0.06756466 0.99407583 0.038052015 -0.20234555 -0.1866881 0.5622596 0.060111087 0.7953598 -0.017298803 0.39605644 0.6646869 -1.2230095 -1.4732184 1.5702649 -0.23317832 0.99606466 -2.1868117 -0.63228685 -1.639833 0.86832637 -0.61942595 0.26065373 -1.5057495 1.1342727 -0.39047122 0.39907518 2.2434816 1.1400208 1.3154312 0.76169026 -0.39918602 0.1103877 -0.34460297 0.8383079 0.76371884 0.8086683 -2.0228236 0.25628597 -0.50365925 0.586267 0.8747607 2.3012154 -0.9953311 -0.6867127 1.1784807 1.2808 -1.1448888 -0.068287395 1.9506352 0.8398943 1.1298263 -0.039436184 -0.25447702 -0.50183177 -1.3393168 -1.5573218 0.77868414 0.17372888 0.86741036 0.09613202 -0.50777 1.8981731 -0.15952885 -1.5755482 -0.28280076 -0.06981379 -0.1246567 1.3226526 1.467582 -1.3582851 -0.6761083 -1.2289773 2.71028 0.9733038 0.45561302 -0.95705396 0.2519512 0.73286206 0.38068587 -0.76027066 0.7983807 1.224886 -1.3198677 -0.82302773 2.032771 0.3726923 -0.046443038 1.2558861 0.49329957 1.3050754 -0.39001557 -4.0821977 0.3357248 1.0031867 0.15654083 1.0020982 -1.5705824 -0.19776197 -1.1849865 1.8689271 -1.5929667 -1.9676108 0.07499702 0.41657656 -0.8292959 1.0960656 2.195043 -0.69490683 0.85021687 -1.6835784 1.4858885 0.025620125 -1.2500917 0.5251626 0.23672377 1.27824 1.9382997 0.36693102 1.0725477 0.93906957 1.9153758 0.22233394 -0.3771949 5.2915493e-07 -0.9235085 -0.8809212 -1.3524832 0.2118342 -1.0508423 -0.044911753 0.083745286 -1.6345348 0.36754796 -1.8302097 1.3811961 0.3865215 -0.13377978 -2.6079102 -1.2165647 0.80100936 -0.15019678 -0.58327645 0.45691752 0.31245887 -1.0999757 -0.22276495 0.84565747 1.1336362 -0.593384 3.6632023 -0.8463855 2.2074664 -0.30241796 2.0408201 -0.17490081 0.657968 1.7349746 0.8113661 0.7953288 0.19480601 -0.9304768 0.95836776 0.078221016 0.85850596 -0.057987817 1.7713875 3.3377123 -0.26388216 0.9859926 2.264751 -1.7314999 1.8340926 0.30775374 0.6700755 1.3743963 -1.6549597 -1.2550206 -1.7101394 -1.5238543 -1.0721787 -0.39923668 -2.7497709 0.3152196 -0.53240055 -1.9894166 0.6937592 0.7483221 1.0492766 -0.9706994 -0.08435849 2.12205 -0.4308677 -1.1110222 0.41325328 -0.65776193 -0.91628534 0.3141622 0.19383357 -0.7127951 -2.4335055 -0.20282216 -1.142993 0.76241666 1.3916326 0.85126215 0.9379293 0.5969522 0.8685454 0.46103185 -0.041371126 -1.0773466 -0.33417603
lavendel 0.015958263 1.1105357 0.54320514 0.14523265 -1.0152937 -0.20603111 1.1486754 3.7959816 -1.760823 -1.2374458 -0.6766805 -0.17255141 -0.12177125 0.22751522 -2.3695354 0.3079684 0.3545017 -0.86924464 0.92733437 1.2500412 -1.5952579 -2.8264604 1.5531744 -0.104035564 -0.57116085 -0.3913924 -0.048959445 2.775502 -1.1124278 -2.3916297 -0.84951395 -0.1461517 1.0849155 -1.9725069 0.024925541 0.2680599 1.7925746 -0.59357345 1.5264403 0.85242903 0.047645323 1.911626 1.5847323 -1.5175813 1.566697 -1.042495 0.62399083 0.19595689 -0.0135146035 2.567163 -0.19799031 0.98732 -0.5581959 0.5804384 1.3599118 1.087106 0.5556033 1.396705 -1.0812018 0.20346905 -2.491671 0.17568435 2.0000517 -1.5865235 -0.9254397 0.4677481 1.8857613 0.49982858 -0.5912051 0.10539858 0.8093948 -0.5291109 -0.2848498 0.09265816 -1.3142644 0.15642032 -0.43460265 -0.9156268 1.6790917 0.581405 0.26153815 -0.61431485 -0.61245245 0.970873 0.7673221 -1.3782842 2.4208794 1.2010702 1.016835 0.33802444 0.45528847 -1.3808664 -0.49867985 0.5633957 0.80003774 1.1391037 -1.1045781 0.97277766 2.5840223 -2.0591466 0.123609 0.67543995 -0.30933496 0.82189924 -0.39240992 0.89104164 -1.4693422 0.25016084 -0.20532435 0.03463387 -2.4595137 -2.1051466 0.932508 2.0406482 1.6448625 2.566447 -0.7170513 1.8423973 0.1046545 -1.7767988 -2.1095982 0.9541634 1.3239951 1.6226423 -2.5079234 -0.5126009 -1.964731 -1.8047523 2.137361 1.2900621 -0.037456047 0.66776067 -0.9196708 -1.1502879 -0.8347223 0.6640427 1.313097 0.0376838 1.3302798 0.045128323 -1.4087025 -0.31991696 -1.0548538 0.76936245 0.44086593 0.8537432 -0.01776461 -0.1460961 0.8294524 -0.9519882 1.5187382 -1.3932009 -0.9757938 0.49100888 0.603635 0.51982003 0.27510107 -0.25287235 0.15860349 -0.34503117 1.0983107 -2.5043569 -0.34296453 -0.6140617 1.0142193 0.5782121 1.852214 -0.18075925 -0.067689076 0.17645928 0.77671516 -1.1586215 0.012737461 0.76224285 -0.7224128 -0.077477254 -0.9158331 0.6545003 0.4299915 0.54270464 -0.31635925 0.7132235 -0.16114242 -0.5636934 -0.01847227 0.6882885 1.2636983 0.47478038 0.5184889 1.5887551 0.75026536 0.98210174 -0.8358502 0.24509004 1.3762851 -1.9133843 -0.6410322 -2.3946419 1.1803582 1.1559963 -0.38783008 0.25916803 1.8494154 0.6649729 3.2237937 0.6554491 -0.6225069 -0.52405924 -0.23264895 -0.28503156 0.8328453 -1.606164 -0.32396662 -1.5413033 -1.8861167 0.4779077 -0.012356473 -0.5007171 -0.056099005 -0.17778307 0.43011254 0.97787964 -1.9042114 -0.4671533 0.42526868 0.05900744 -0.93473804 -1.2102098 -1.3232155 -1.0194486 2.2250469 1.2685131 0.020255346 0.85885334 1.0373808 0.45961308 -0.24932145 1.9827467 1.0749165 1.2349304 -0.52254325 0.058007903 -1.7394084 -0.038385935 0.973711 1.6207128 0.59508777 1.3796747 -0.411058 0.6969706 -0.30446598 1.4446033 0.19858901 0.9835719 0.65768486 0.35663912 -1.4827685 -0.2715782 0.92779875 -0.11749252 1.2963059 -0.43198252 0.53186786 0.97049385 1.3308779 0.77777785 -1.3114061 -0.49349493 -0.20131172 0.49056083 -1.1191884 -0.55881447 2.4637115 0.66803813 0.6380338 0.77345306 -0.45786604 -0.22532241 1.801304 2.399188 -0.41051444 0.6827115 0.42823243 0.41585082 -1.2484304 1.2667783 1.5489253 -3.1520922 0.5006577 1.2411602 -0.53864735 0.83575577 1.765752 1.0738239 0.33013123 0.7206938 -0.8104488 -0.914273 -1.6723269 -0.47724771
fisk 0.29370794 -0.78752583 0.52536434 -1.0613192 2.9458718 0.82090265 -1.3926387 -1.3182993 1.0974987 0.7492582 -0.016930295 -1.2916068 0.7901695 -2.0122333 -2.0259197 1.2283293 1.5968504 1.24209 -0.37673977 1.6191031 -0.48732886 1.3489281 0.35927302 -0.77468204 0.39678645 -0.8116453 -0.2315621 -0.20754173 1.6244334 -0.7176273 -0.31936654 0.03389238 2.0882382 -0.4309749 -0.4344903 -3.2486475 0.29781136 -0.8428784 0.64506173 0.75677377 0.11216192 -0.024463575 -0.9680254 -1.0384672 -0.5562886 1.9995835 0.75529915 1.4295981 -0.8784433 -0.15920241 0.3479399 -1.1252091 -1.0530468 0.40737602 -0.5683087 -0.659626 1.0184238 -0.8326743 2.3499942 0.15448327 -1.3704544 0.7992856 0.78590256 -1.1643347 0.13541777 0.7305836 -0.96975064 -0.38337186 0.17740694 -0.049454477 0.16020569 2.0594132 0.33858803 -0.95929235 -2.9606767 0.04997709 0.024918513 1.6877631 -2.2804465 -1.6232258 -1.1569366 -0.30670723 -0.514725 -0.048605002 0.96927637 -0.26568988 0.5148279 -0.051864598 -0.75192624 1.1783845 -0.28950337 1.5157115 -0.050595317 -1.2044778 0.288535 -1.1202422 -0.65743566 1.5448837 0.53584117 0.23433954 -2.2631106 0.9506074 0.648187 0.13403629 0.8068176 2.103091 1.5775998 -0.6968225 -4.1961727 -1.091958 -0.9657753 1.0220027 0.3534281 2.7526624 0.25519866 0.8526926 -0.020872172 0.14995077 0.57033914 0.023588227 0.811376 0.15345672 1.2975044 -0.43808857 0.8559396 -0.17290099 -0.54242146 -1.6555487 -0.8042637 1.59694 -0.21529602 0.26271826 -0.16026784 0.43856174 -0.43867263 1.6425745 -1.6273104 -0.33115643 0.09896228 0.0978784 -0.5164403 -0.83272374 -0.68015337 1.3980498 0.7635032 -0.72066516 -0.17474325 -0.30047986 1.4861851 -0.24048303 -0.81143224 0.39515173 0.12107318 -0.8470367 0.49263275 -0.006782016 -1.6550508 -1.3769761 0.2774716 0.37878793 0.784396 0.04380384 0.06760747 -2.7718267 0.8293002 0.89476794 -1.2106915 0.09513342 -0.6295662 -0.9275829 -1.3894312 1.1763452 -2.4435205 -1.5640516 0.667056 0.3936523 -2.2561386 0.9294005 -0.703993 1.2569621 0.1919617 0.66944635 -0.6686317 -1.1205894 0.7915038 -1.3421588 -0.60293454 0.38553077 0.69673085 -0.19152774 0.32388774 -0.48546842 -1.7711387 1.264646 -0.79534847 0.054953184 1.2703292 0.5496255 -0.5738223 0.9077676 0.11396684 -0.0840037 0.5219978 -1.8188078 0.25712577 0.94643843 -0.0043034772 2.6896877 -0.8208964 -0.21659115 -1.7024455 -0.55681735 -0.28476414 1.2942489 0.75897723 -0.53161573 0.39013624 0.29423442 1.4261078 -1.2029945 0.31295815 -0.41284016 1.9082185 1.5700364 1.5191382 -0.68286383 -0.023645392 1.7569944 0.80819947 1.5916079 0.4421397 0.10551381 -1.0695982 1.5986181 0.22626694 3.188147 -0.8678604 0.2845098 0.9236731 -0.9817139 -2.2075193 0.26532018 0.589382 1.170086 1.0477077 1.7035613 1.25557 0.6270201 0.24139152 -1.9379408 -0.83298194 -1.4221815 0.8031655 1.3809487 -1.8942735 -0.13565566 1.5699096 -1.8062353 0.66969 -0.1220309 0.8570944 -0.20624065 0.45701304 -0.5050528 -0.8796639 1.0320097 1.6097795 0.3799323 -0.39335003 -1.0374933 -0.93672186 -1.1342961 -2.5216677 0.6904554 2.2852232 2.1156685 -1.4659536 1.2038499 1.1614861 -0.6868059 -0.21220012 -0.22169323 -1.1878128 1.0893767 -1.348524 0.13946958 -1.8326287 0.73017704 -0.02578091 0.02115281 0.9495768 1.9715118 0.19152641 0.14393033 -1.0350969 0.09527819 -3.8952007 -1.9777479 0.72708815 -0.8918276
äpple -1.2805991 -0.38304555 2.7013257 -0.37700728 1.9505768 -1.1326791 3.3450894 4.0256886 -0.31216776 -1.658153 0.021452699 -0.5055018 1.1133254 -0.58865315 1.6073322 -0.819197 -0.9298055 0.8972518 2.0010898 -0.05707945 -0.6685341 -1.7394041 0.80258065 -0.24483895 1.3616076 0.06260876 -1.1715554 0.5474906 0.10861324 1.1187531 -0.9345125 -0.58957046 1.7896596 -0.17371164 -0.89434654 0.06618004 0.6867026 -0.29426664 0.46151552 -0.18604577 -2.189962 0.72790647 0.18512225 -0.21775195 1.0105289 0.62265307 -0.31988603 -1.2491604 0.58032846 2.386341 -0.8405023 0.5278366 -2.6365187 -0.6207018 -0.502693 -1.3055091 0.43696147 0.048912186 0.58253926 0.7085107 0.06082404 -0.23950492 -0.06350914 0.47318545 -0.293755 0.5605158 2.427203 2.7337148 1.4533995 2.370765 -0.21119739 -0.7002534 -1.5518148 -1.9163147 -1.7385104 -2.4527507 -0.36828244 -0.3548406 1.0006735 -0.779519 1.2559369 -0.118878506 -0.46685934 -1.0921645 1.3473425 -0.25734138 -0.07922312 2.5492077 -0.63602287 2.7505932 0.56841123 0.7298144 1.5324361 1.1145945 0.9072178 2.227617 -1.8727946 -2.0377219 1.0372515 -0.40067798 0.11319933 1.3659719 -0.33114222 0.41668892 0.10995442 -0.008533461 -0.0020884967 -1.8763099 -0.11231374 2.9034362 -0.609661 0.24333139 -0.19320491 1.7918781 1.3294766 1.9210777 -0.19399168 0.9587157 -0.39887542 -1.6584382 -1.8314313 1.8992978 0.5838805 -0.06698404 -3.9830575 -1.9365711 -0.6444029 -0.67161053 0.94725746 1.2310208 -0.8113773 -0.038728982 0.5342033 -0.90489095 0.4962504 0.09493579 0.9069404 1.6219697 0.53414357 -2.216685 1.5020996 2.5592384 -0.03862049 0.25918368 -0.08622903 -0.4301164 0.16377206 -0.2630572 0.10573256 -0.85641634 -0.7876697 -1.3704826 -1.145519 -1.1242958 0.21057108 -0.35152206 0.77437377 -1.358443 0.6587767 -0.7602071 0.7863058 1.6656588 0.33000883 -1.2867916 -0.002264264 -0.86661583 -0.5145935 -1.5808092 -0.41184592 -0.62098587 0.7188366 -0.86314964 0.1050958 3.3678157 -1.8681976 -0.77099323 0.35385764 0.49236396 -0.0365131 1.8326148 2.8862214 0.83583635 0.77946246 0.8289386 -1.3448519 -0.5346919 -0.42032987 -2.0954607 1.164114 0.45741537 0.09543071 -1.9392387 1.2996712 1.9783674 1.2294847 -0.91415906 0.22996171 0.9073758 3.614338 0.9964495 0.4065484 1.4766276 -1.1512516 1.0044107 -0.8176374 0.08380557 1.0545192 0.3863362 -0.43717748 0.7351744 -0.743806 -1.5685955 1.1709635 0.58671826 -0.021395322 -0.37221348 -1.4828099 -0.9694758 -0.35030147 -0.75686055 0.80546194 -0.46165577 -1.1742089 0.8274334 -0.67722934 0.27093148 -2.3671117 -0.3541124 -1.5352132 1.0791487 0.78285545 -0.9703879 -2.3934262 0.5772207 0.8748415 -0.78601825 0.43836072 -0.97957253 -0.6580499 1.1140183 -1.761673 -1.3346132 -0.57405484 2.3944395 0.15161796 -0.5299298 0.34871477 2.3071668 1.1304821 0.19890438 0.75892144 2.5243795 -1.0344148 -0.3576013 -0.2066519 0.38297725 -0.11836206 1.8424996 -1.2856714 2.811237 -1.5215276 0.3139567 0.5952474 0.7681008 -0.8731349 -0.12605715 -0.559092 0.14724167 -0.71129954 0.22923273 0.023389895 0.5481537 -0.09908407 -0.33101475 -1.7451346 0.4700929 -0.7290953 -2.030274 0.8623185 -0.65206695 -0.46412638 2.4136124 0.6197823 0.49154815 -0.37238047 0.77318746 0.1262613 -1.3541275 -1.8595222 0.5660841 2.7121305 -0.092096746 -0.109875076 1.9828477 1.2416961 0.9805506 -2.1311471 -0.47658524 0.3933465 0.3157367
citron 0.014452653 0.6149825 1.5097446 2.2468653 0.8760696 -0.94285315 0.920216 2.7869468 0.3705545 -0.83385307 0.22415105 -0.18591806 1.217444 -1.1336144 -1.2871134 -0.6844605 -1.1226591 -1.1198332 1.8735787 -0.5383981 -1.0868975 -1.9682025 0.91068345 -1.3239329 -0.2188663 -2.1072302 -1.3803525 1.0769049 -1.2291248 -0.024772467 -1.1480312 0.8332779 0.049830765 -1.2112256 -0.098873526 0.9841145 2.7023046 -0.32760495 1.3960521 0.6405485 -1.66181 1.5221734 1.7344347 -1.949194 3.072492 -0.2174482 0.5130493 0.3152489 0.17650743 1.3676795 -0.12835205 1.6635337 -1.0968897 0.5418934 1.2244978 -0.4827359 0.19339642 -0.59422857 0.22021435 0.48032555 0.46293828 -1.5579866 0.610125 -0.37695 -2.0426433 0.77179056 1.6789296 1.1373906 1.0807362 0.6384476 0.2797727 0.57831985 -0.44524267 -0.34453636 -1.6760256 0.27223304 -0.009800019 -1.5164063 1.005659 -0.2911059 1.4859568 -0.96890074 -0.26111174 -0.37744957 2.7606015 0.24446094 0.26017264 1.322701 0.19922292 0.95637256 -0.42028934 -0.042303223 0.5050499 0.9137751 -0.7288081 1.0365349 -2.0162868 -0.79615426 -0.5398647 -2.8856819 -0.07871045 0.6255718 -1.3759624 2.0460422 -1.5129102 -0.14648876 -0.91391397 -1.2614999 -0.584654 0.47527248 -1.5210072 -1.1992013 0.2914257 1.4768461 0.7312028 2.7544947 -1.31661 0.6516872 -0.084314644 -2.809321 -1.4320042 0.47104797 2.321553 -0.5539003 -2.3338456 -0.51018876 1.2415117 0.86108536 1.9080453 1.6282916 -0.50222826 -0.5183938 -1.3184057 0.6349645 0.11169292 1.9307346 0.36616737 -0.81332546 0.37641603 -1.5766203 -0.84813607 1.4559964 -1.0926164 0.49253413 0.14023778 0.3534698 0.16340138 0.84505427 0.3941688 0.5052949 0.13320884 -0.9490241 -1.6593167 -1.4577179 2.5397239 -0.74935126 1.5532446 -0.09163719 0.2010867 -0.5094457 1.3086495 -2.1537452 0.6747984 -2.1334426 0.06893079 0.74273366 -1.2682948 0.4472503 0.5262264 -0.3658765 -0.5177185 -0.4658655 1.4581677 1.4072478 -0.19809781 -1.3104315 0.3401141 1.9748785 -2.4974146 -0.9865263 0.13606614 1.0598994 0.9889612 -1.1772841 1.5943657 -0.5378178 0.99566746 0.2113648 -0.6165458 0.82930773 2.8735454 0.13759738 -0.35923666 2.2524245 0.63191366 -1.4043136 0.6341745 -0.55867976 1.5363407 1.822853 0.08910884 0.80587065 1.5208442 -0.7943127 0.5328894 -0.09346926 1.0660002 2.2508328 0.20603836 -0.47014886 0.5313277 -0.99808836 -0.17398283 0.18210012 -1.0623865 -0.6377329 -0.9101877 -0.6390925 0.6781778 -0.8409639 0.29981816 -1.0673976 -1.4750705 0.14787395 -0.68443185 0.13718385 -1.9791113 -0.85214335 -2.9960365 0.55711097 0.8382996 0.43136123 0.22806907 0.37878716 0.25234526 1.4139884 0.2302655 -0.20604093 -1.1607056 0.42042536 -0.5646819 -0.7851767 -0.3612814 0.16407816 0.14977685 -0.5629466 0.13700275 1.1220045 0.13559535 2.2348998 -0.6908656 3.5188828 0.7298494 -0.6049318 0.8970636 0.37132353 0.2936781 -0.28051752 -0.43066862 1.4123306 0.54366153 0.09903557 0.18661249 -0.048356555 0.25772682 0.53399694 1.14951 -0.80987114 -0.8131475 -1.8186686 -0.48331547 1.2763467 -0.17041904 -0.62487495 -0.81311786 0.32367727 -3.9780009 -0.893433 0.95381576 -0.044242676 -0.02892243 0.22530949 0.84200805 0.5027917 0.032610398 1.2598073 -1.1095977 -2.7584393 -1.2381634 0.61061364 0.7529428 0.412585 -0.60079324 0.9865536 1.4530783 0.5980433 -2.319001 -2.0677176 -0.65309924 -0.015642645
öl -0.03618617 0.47677532 0.70655495 0.28665358 1.0055531 1.0231317 0.84231603 0.30764148 2.2388923 -1.0532291 0.4452644 0.75612897 -0.47996408 -1.2626772 -2.8362765 1.4255497 2.7032068 0.43377352 1.8972303 1.4091656 -0.07737308 -0.75620437 -0.18884853 -0.6795237 0.11484514 0.22939482 -0.5099837 -0.38426694 -0.93805903 1.4199598 -0.9803326 -0.057763387 1.5476604 -1.5251853 -1.4527766 -1.3949095 2.2506902 0.6287952 0.5530637 -0.5153989 -0.4572368 1.2360129 -0.589346 -1.7124712 0.18836321 0.82652754 -0.6715575 0.26517835 0.99233854 1.5384 -0.048950396 -1.1499001 -1.0272778 -0.2681417 -0.89896566 0.36641526 0.7075586 0.56367075 0.25868708 1.9369823 -1.2392706 1.8479602 -0.91457987 -0.48500603 0.20372906 -1.677952 -0.46796343 0.84582484 -0.8842985 -1.364943 1.5183563 -0.9779538 1.2606077 2.2939863 -1.8973953 0.45050958 0.8584158 3.4615395 -0.64159715 -2.7647946 0.20668364 0.8437854 -0.15607812 -1.7895807 -0.29315338 0.16825205 1.2362331 -2.0547984 0.8744408 1.2548865 0.7311213 -0.7444583 -0.3877676 -1.0654703 -1.2539942 0.08994752 -0.6646716 0.50284386 -1.9241662 0.52824664 1.3148279 1.0367414 2.4741373 0.49169153 3.4094443 -0.41047034 0.29871818 2.1774309 -1.5487438 -0.7265484 -0.8083049 -1.5271325 -1.5711076 0.5795668 -0.5232865 -0.6563061 1.3443724 0.37484157 0.5243813 -0.8459538 -1.5283728 0.5777657 0.59649694 1.5485137 2.0916886 -1.4038597 0.60249436 0.6286138 -2.727526 0.38258168 1.3763084 -1.4395454 1.3909895 2.0109708 1.7375733 0.34690017 0.95899546 -1.892847 -0.47936195 -0.0034084113 -0.98347145 0.584335 -1.3670584 -0.21685101 -0.67116684 -3.3606973 2.0573847 -1.0724376 1.3754493 0.54346955 0.10333548 -1.1584595 0.10148431 0.18442874 0.649617 -1.11396 1.2644925 0.6967249 -0.49059007 -1.9739009 -0.09665563 -0.3947178 0.41097233 -2.0846949 -0.22494832 1.4572834 -0.6069364 -0.27137947 1.1419058 -0.1076654 -0.407201 -0.9205353 -0.5337677 0.93239486 -0.18345283 0.32239434 -0.0435219 0.05825556 -0.9364788 0.16231231 2.0994813 -1.3197482 0.413 0.6876028 1.1983919 0.6447685 1.2027855 1.2778692 -1.4979371 -1.0898228 -1.1009458 -0.092303246 2.3183546 0.67710453 -0.75453204 1.6552602 0.7637406 -1.5622147 -2.7107382 0.27143577 -0.77736753 -0.61589915 -0.92222506 -0.3397666 2.3302248 0.23608318 -0.88117284 1.4083297 0.12890482 -1.0915706 -1.6800338 -0.57899755 0.42728657 0.8163858 0.36028036 0.82495487 1.9263891 -1.4781636 0.17559595 0.33029833 -1.3196541 -0.9141578 1.3210125 -0.5415876 -1.0525768 1.6309342 -0.42837203 0.97909486 -1.1851695 2.7781456 0.97577107 -1.7362715 -1.554491 1.2782022 -1.5570763 1.1661954 -0.5774134 -1.2127819 -1.4790219 -0.04699692 -1.2166975 -0.06771867 -0.3737702 0.42068374 -1.208091 -0.7068538 1.1871595 -2.8754733 0.06457217 0.09978556 -2.3803117 1.1722091 -2.6602545 2.4887822 -1.3932151 -0.98802227 -0.14729263 0.2712099 -2.7765548 -1.457496 -0.66587996 -1.3653402 0.25669944 -0.30197215 -1.1917813 0.7303778 0.096169755 -1.2179469 -0.55286914 -0.41984305 -0.942828 -1.0246134 -0.42837128 -1.6010536 -0.19889708 -0.47102785 -0.035441726 -0.31161478 1.3889143 -0.5706416 0.81167334 1.2822446 0.6558327 1.0507259 -0.8770411 0.09350389 0.2128417 -0.81921613 -0.65711 -0.5401721 1.7911577 0.63830364 -2.0569627 -0.3330465 0.43028843 0.6035372 0.08793373 -1.7339468 1.1044226 -0.49032483
kanel -1.8866737 0.014659155 2.719838 1.6370184 -0.6666266 -1.3251995 2.7227335 4.383516 -0.36651847 -2.5699737 1.0341394 -1.9926356 0.15560608 -0.14804131 -1.8605334 -2.336418 0.6342993 -0.5378045 0.43431136 -0.7595995 -0.48155472 -1.6929756 1.72872 0.24884474 -0.5759005 -0.33571175 -2.7903337 2.3749812 -1.0968509 -0.012028452 -1.8652818 0.5749572 -0.44148657 -0.53633237 -3.348961 1.6475664 1.5496031 -0.3038689 -0.57043505 -0.6827655 -1.3892822 2.0791693 0.7179365 -2.649487 -0.09394677 -1.8204741 2.287094 0.9813551 0.54606026 -0.65681523 0.7421334 -0.55202943 -0.60012263 1.0105882 -0.008409157 -0.5024543 0.23672926 0.041320823 0.20510834 0.6794764 -1.4252887 1.1263198 0.30311993 0.9454116 -1.639894 -1.1056547 2.636649 -0.61935043 0.044964693 0.45051566 0.19638896 0.5883988 -2.8004043 -0.5374068 0.4565245 -2.216795 -0.1884987 -1.0621809 1.23654 -1.9629856 -1.8419545 -1.3210146 -0.08707515 -1.2489322 0.6659919 -0.54315054 -0.22895642 -0.28742966 0.38239333 1.5422599 0.17756782 0.58960676 0.64987606 2.052123 2.1282437 0.7084171 -0.693492 -1.0541121 0.9611047 -1.7729919 1.2869848 -1.0177028 -0.084273435 1.4121475 1.2216097 -0.9708641 0.32462385 -0.6041783 -1.5100135 0.9076145 -1.7200946 -0.78768325 -0.20611517 -2.0434308 1.2766222 2.0365918 -0.40034366 1.4400648 -0.35103604 -2.8207273 0.8655371 -0.25676623 3.0281506 0.18421777 -2.2702558 -3.5313056 1.4923455 -0.37457067 0.15210482 2.4146326 0.5276216 0.1412365 1.2336005 -1.2868792 -0.27941623 1.7855302 -0.43635526 -1.0059825 2.5794723 -1.7505622 -1.252934 -0.33367515 -1.3997772 0.14834754 1.5296992 -0.1981535 -0.51294655 0.055800386 -1.4700612 -1.9254005 1.3139061 -3.5720534 0.025639363 1.0793633 1.4070462 -0.081256025 0.7798622 -0.04573894 0.5062969 -0.3841435 1.1914214 -1.2727851 -1.555102 -0.83314395 0.4554152 -1.1718637 0.890156 -0.109949455 -0.5439016 -0.021280875 0.00361537 -1.7465515 0.08236748 0.15260214 -0.6691652 -0.8069799 1.2468402 -0.13668445 -0.75466675 0.69696474 1.1353204 0.23527074 -0.8230557 1.0451069 -0.32020223 0.112476185 1.7024232 -0.7341433 -0.0026146674 -0.20475452 2.708903 -2.0802107 1.6187329 1.2330493 1.6881719 0.695109 -0.99672145 -1.4790608 1.2901493 0.32095754 1.9471413 -2.1506803 1.489334 -1.3792636 0.11627537 0.54116374 0.73053277 -0.13010187 -1.0521849 0.7193601 -0.135864 -0.600517 -0.34727985 -1.8171262 -0.6937386 -2.6221719 -2.019036 -0.6335608 -0.09699373 1.800454 0.16548751 -0.6573742 -2.440155 0.38620013 0.5422687 -0.90299636 0.5584918 -0.54077214 -1.3677758 0.12062707 1.156241 0.54679585 0.578476 -0.2583077 1.892186 0.80830383 -2.8418179 1.2566835 -0.14687324 0.6610263 -0.3345172 0.47697896 0.84453267 0.0853153 1.5262852 2.9361718 0.523599 -0.7186887 2.8244247 2.417173 -1.9902549 0.10771126 -0.8061624 0.45595303 -0.09954462 0.75755054 -1.6000112 0.9818453 -0.85446465 0.47622624 -0.53948736 0.6192241 1.0801258 -0.3252285 -1.6975479 1.976293 -2.515681 0.23098032 -0.6675302 -0.79612225 -0.016662484 -1.1898528 1.0228142 0.5029714 0.14608791 0.7010201 -0.90456283 -2.160163 -0.52251893 -0.0077623753 -1.3724691 1.4656402 -0.37232864 0.4333396 1.3897079 2.2038875 1.0533626 -2.9355454 -0.6169617 -0.35347125 1.7985898 0.72317946 2.2284606 1.1497617 0.46364537 -1.0918645 -1.0230207 0.38759717 -0.21043056 -0.47020066
apelsin -0.07919073 -0.2358103 2.0931752 3.6606345 0.52239096 -0.78443617 1.4468474 4.431763 -0.01429311 -1.3832594 0.61676264 -0.710908 0.32304013 -1.2091732 0.053748876 -0.156035 0.8218332 -0.07322103 0.09980121 0.12619783 -0.57521486 -1.3146324 1.0721371 -1.324521 1.2414445 -0.6831853 -0.035821516 1.4488723 -1.2716486 1.0091977 -2.4507704 0.5948966 -0.08175584 0.306711 -0.571099 0.89398295 0.23322654 -0.81266344 1.2150075 -0.21695445 -0.9500434 0.5707256 -0.5627145 -1.8315334 0.7110568 0.033311605 1.0002863 -0.25757068 -0.81564337 1.0145499 1.3159293 1.5065299 -2.1533816 2.163548 -0.41488925 0.49324793 0.28790402 0.65034336 -0.5064855 0.32202163 -0.9500208 0.37242755 0.0031102893 0.5930529 -1.706449 -0.5485209 1.611596 0.065467134 0.6116991 0.95323247 0.48191437 -0.53850937 -0.74996257 -0.7670714 -1.7957698 -0.7699311 -0.7293266 0.36527067 1.8500966 -1.6031505 -0.22005355 -0.08849341 -0.3865703 -0.1184595 0.5462033 0.14679721 -0.92887586 1.3389542 0.13677885 1.142391 0.0076112733 0.012901185 1.2869008 1.5744702 -0.35034546 2.22703 -0.58579314 -1.0874134 2.6902022 -2.4713025 0.52373606 -0.044060398 -0.59206307 1.8051565 -1.2598484 0.103041716 -2.429925 -0.9258758 -0.0723853 1.845852 -2.4104693 -0.39569077 0.5813454 0.004691453 1.3222336 1.6650479 -1.6936246 0.3991983 -0.1358303 -1.8373258 0.24650854 0.32824442 1.4329726 1.5880883 -3.7937398 -1.3637822 0.6916154 -2.089995 1.4362137 2.1806886 0.3424913 -0.2338008 0.4415595 0.15992151 0.76063 0.2811384 -0.6828797 -0.44718963 1.9240088 -0.05919375 -1.2826151 2.0402632 -0.56626153 0.6349594 0.6468266 0.4730737 1.4812961 0.010179359 0.16536124 -0.028881876 -0.8207713 -1.3787923 -1.3348001 -1.4052246 1.9559164 -1.3920577 -0.21400376 0.00264195 -0.51533693 0.24814078 2.491043 -0.8685633 0.24822475 -1.9656783 0.24319343 -0.28399596 -0.06254516 -0.536798 0.38411602 0.8892208 0.5770191 -2.2141585 0.556305 0.9978171 -1.4320638 -2.2477798 0.5996222 0.68955356 -1.1207461 -0.14421533 0.9404013 1.253554 -1.4553223 1.080591 -1.8050516 -0.74930745 0.6846022 -0.41100675 -1.9530108 -0.24319302 1.4074037 -0.19093645 -0.022696447 0.9190689 1.1949193 -1.0218558 -1.090995 0.9768398 2.3346512 0.12930436 -0.045329727 -0.31956625 0.5910258 -0.004008007 -0.6262438 0.86848915 -0.0030007067 2.3902955 -1.8355213 0.32140952 0.5646287 -0.85825336 1.2467614 0.17400856 0.5135364 -2.9040356 -1.7293782 -1.8584559 1.6134577 1.349551 0.19436139 -0.18075745 -2.834907 -0.268371 -1.0833149 -0.06772892 -1.207373 -0.4188893 -2.3510602 -0.05122695 0.7115161 -0.40958214 -0.8628228 1.0297362 0.37054345 1.1875576 -0.095500045 0.8438957 -0.00926668 0.90435046 -1.6068375 0.42473957 -0.31053808 -0.9375476 1.7990952 1.1644634 1.514526 1.7335377 1.3804578 0.8525519 -1.1864482 1.3795027 -1.4674847 0.8424279 1.144109 0.24547271 0.092881724 0.18205366 0.86433625 0.8196331 -0.45632726 -0.47279748 1.457444 -0.72967005 -1.4138808 1.8722279 -0.32360733 0.91735375 -0.12078941 -2.3318985 -0.7827183 -2.1118152 0.62823147 -2.056341 -0.99402267 2.3078394 -1.3638296 -1.7415063 0.047453612 -0.50095236 -0.17782173 0.68394125 1.5058309 -0.31012994 -0.37256753 -0.83487386 0.5197279 -4.18249 -1.8458091 0.16907004 0.071131125 -0.25817034 0.75187933 2.3837874 0.57592165 -0.20505406 -0.07866764 0.0032962575 -0.24137323 0.24625088
te 0.3319478 -1.1906137 0.11757519 -0.7439932 1.0794116 -1.8707348 2.5191364 4.5001326 0.85726887 -1.8095672 1.0496118 -2.895122 -0.83150536 0.04429211 -1.1764569 0.13686226 1.4595182 1.1017634 0.15539339 -0.07487045 -1.0453547 -1.6644042 0.7624813 -0.28417677 0.23025052 1.6206359 -0.8656062 -0.9109812 0.026869113 1.0742066 -1.5612501 -0.19702522 1.9732841 -0.42598814 1.4008646 2.3448236 1.5481603 -1.2357006 0.15926474 -1.1664411 -0.10675095 -1.2959535 1.1142808 -0.41533166 1.0663171 -1.1030501 -0.59783363 -1.506082 -0.7930107 0.7990779 -1.8332723 -0.50915563 -1.1233884 -0.06374919 0.70424575 -0.12779558 -0.17346223 -1.1020638 -0.57605445 0.27770576 -0.097107634 1.2733419 0.16918159 -0.51949334 -1.2504952 0.48380837 -0.6165237 1.5175343 -0.49149293 -0.36700135 0.3864474 -1.9964647 -1.9675282 0.42112023 -0.36896533 -0.3183539 0.41607106 2.1326444 1.4960841 0.3234369 0.8891373 0.14407976 -0.10317846 -0.29466885 -0.3561663 0.6150377 2.7463388 0.39338318 -0.25874358 -0.06104623 1.3090264 -0.35395405 -1.2390168 0.39404556 0.027083522 -1.0914135 -0.6997832 -2.4285111 0.57924694 0.88611317 2.173775 0.7848219 0.08540825 0.5227037 0.9930525 -1.8203081 -0.18750063 0.14439356 -0.8538022 1.6559355 -1.9633086 -2.017918 0.601462 0.93089676 -0.29003415 -0.44087514 -0.24301718 0.091083124 -2.0310698 -0.184736 -0.14633676 -0.014472274 1.1501126 1.9487885 -2.1857884 -1.9313574 -0.30466843 -0.6172829 -1.0138515 1.3790444 0.12671012 0.6254034 1.3403239 -1.4493815 -1.1477778 1.1562253 -2.2207336 0.15176214 -0.72825766 -3.273775 -0.94014573 0.087371945 -1.2324729 -0.8078841 -0.7087703 -0.1140179 -0.6035801 -0.92023623 -1.7233311 -0.13560063 0.16178825 -1.0509154 0.02334698 -0.11224236 0.1976056 0.32659012 2.2022922 -0.32429937 -0.80418295 -1.7599053 1.2184542 -0.07584989 -0.6465034 -3.3821034 1.1821148 2.0075018 -0.70971984 1.0259978 -0.22466858 1.0424716 -1.3743918 -0.72772014 0.44610727 1.1440926 0.43672478 -0.1969487 1.2530974 0.8533203 0.18279341 1.9367721 -0.649785 -0.1851235 0.491993 1.734261 -0.47647977 -0.38403943 -0.19485854 -2.457451 -0.21890163 -0.4832553 -0.93400234 -1.3525648 4.4647236 0.26999828 2.509394 0.7581408 -1.8249534 -0.7397425 1.8231767 -0.084961146 -1.8482677 -1.1001886 0.9213201 -0.81962174 1.8527862 -0.097584635 -0.21629614 -0.8960503 1.087084 1.2044388 -1.3184856 -0.12779139 -1.15105 1.9798371 -1.2190688 -0.077405505 -2.3680246 0.7707162 -0.16717553 -0.18097356 -0.2910433 -0.9950536 0.12939768 1.8822075 1.2030652 -1.2164928 -1.7047238 -1.5169376 0.33889452 -0.7979343 -0.48861957 -2.3561134 0.5342389 -0.759153 0.7402979 1.3033632 0.80817604 1.6285017 -2.0493946 2.0008087 -1.1836052 1.3298112 -0.2358057 -0.30522186 -0.3303696 1.5447651 0.6393254 0.12283374 -0.32474494 1.4576019 0.42081246 0.6103951 -2.5132565 1.6047912 1.0664448 0.25938293 -0.20417821 2.7800274 -1.2047231 1.2369678 1.4845115 -1.0490358 0.1471404 1.5601141 -0.78514063 1.5460482 -1.7369623 -0.25396347 -0.14020075 -0.115683496 0.0091708 2.576693 0.49149758 -0.056866538 2.0856624 0.05655094 -1.8000646 -1.4668248 1.5160993 0.52202564 -0.18912533 -0.14705347 -0.021080816 -0.9581476 -0.30679196 0.47403276 2.9227288 -0.432201 -0.7424547 -0.7313014 1.3482454 -0.29731938 1.0591428 1.1092455 -0.6131804 1.5338845 -0.99441475 -1.6227404 -1.4595687 3.1215625
vitlök 1.3862609 1.5372926 2.2845547 -1.1099625 1.3996091 -0.30159107 0.69861764 -1.0062666 2.2373374 0.99224997 1.7945188 1.4742441 0.58017236 -2.5415928 -1.4878027 -0.87199926 1.3921497 2.0103662 0.46220374 -1.5164744 0.44078508 2.1977484 0.30072007 -0.4767746 0.854022 -0.15210411 -0.38084516 1.1503086 0.92310625 0.1709513 -1.3073938 0.05544329 -0.4149651 -1.2964097 -1.0012807 -0.53409255 -1.3887309 0.5067269 0.981656 -0.5297149 -0.018304884 1.6174862 -0.46148387 -1.0953941 0.25629133 0.27372867 -0.21915329 1.0570375 -0.0376524 0.22710933 0.023976723 -0.15337017 -0.95085186 1.3826008 0.57819 -1.4627354 0.6632038 -0.38301632 0.54318786 -0.25981352 -0.24282669 -0.97715443 -0.53563434 -1.9815825 -1.5435032 -1.276713 -0.13293824 -2.0191226 -0.7789052 0.5514399 2.5222306 1.3189702 -0.9638269 -1.2168573 -3.1301572 1.0571284 -0.9419405 1.6510926 -0.6961142 -0.605633 -1.4412615 -0.9589175 0.26937777 -0.6281826 -0.35623834 -0.7931181 0.7545612 1.7110709 -0.7444501 3.4587388 0.91775954 1.4853843 -1.0475901 -0.13996838 -0.634893 -0.06589354 -0.08706137 0.88819486 0.43834308 1.3852793 -1.711255 0.14448057 -0.58001727 1.6231552 0.45723432 0.46628043 -0.22275287 -0.5904459 -3.9733691 2.1979342 -1.8143799 -2.1315413 -2.4298637 1.1561725 -2.5968235 2.7362702 -0.7474053 1.2062062 1.3316479 -2.257059 1.3800447 -0.5366764 2.5713723 -1.2051681 -0.441179 -0.19056708 -2.2259383 -0.37478337 0.3100157 2.24638 0.6370007 0.44247103 -0.7157747 -0.8850007 -0.9932253 2.4435005 0.8514585 -1.496221 0.32995078 -1.8953267 -2.860843 0.1891147 -2.0023873 0.4954925 0.33370072 1.0375315 -0.38186592 -0.9625081 2.3722308 -0.7245371 -0.6317235 -2.0124714 0.16551425 0.80388665 -0.28868318 -0.80274093 0.3574252 -1.8643193 0.19931978 -1.7874694 0.22003192 -0.016599856 2.8216922 -2.4720376 0.47781616 0.9223658 -1.4627079 0.5533056 -1.1066848 -1.7338649 -0.14134811 -0.32643178 -0.9125107 -0.6195288 -1.2340806 -2.9944558 -0.47660086 -0.2705595 -0.6881237 1.2391188 -2.2538674 0.98613805 1.1147425 -1.8025593 0.38638893 0.3869414 1.473233 0.30818406 -1.0533804 1.7455293 1.2868342 -0.5611357 0.44159347 1.8531888 -0.3966544 -0.104217455 -0.45519733 0.24544522 -0.04671812 1.2675571 -0.30836302 0.5226802 0.4554236 -2.0445414 0.024721466 0.7470736 0.3772206 2.3435378 -2.3033133 1.2315079 0.63958985 0.66044 -1.3917269 2.174415 0.17539567 0.77798784 1.0990738 -0.19255769 -0.18831697 1.9437746 -1.4878352 1.1160998 2.034611 0.35925964 1.3175308 -0.02969831 -0.034054548 -0.15447491 -0.49767253 0.14765704 0.49964753 1.5317144 -0.20318593 2.5427868 -2.3033967 -0.015827553 -2.665563 -1.1747712 1.014259 -1.013288 -1.929271 -1.9907826 1.1377475 0.03493698 0.39271808 -0.86461973 1.764059 -0.08286587 1.6398149 1.567902 -0.21100144 -1.2309192 -0.07211367 2.0535264 -2.7553952 1.8881917 0.9376354 -0.22981949 -1.139609 -2.5568936 0.5296522 -0.12764208 0.44915238 -0.81878626 -0.096468076 2.6827521 -0.25658193 0.317976 -1.2963346 0.9422115 0.006738002 0.050847474 -0.09283538 -0.19090779 1.5859745 3.1035244 -2.2688634 0.9175835 0.20944282 -1.5372252 2.0446842 0.58419174 -0.20924449 0.41195765 -0.41588214 1.040282 -1.7728668 1.0926833 0.42744607 1.2284888 1.9587268 0.45844197 1.8836218 -0.39699367 1.0122108 -0.4538572 -2.3656447 -3.0781376 1.8170377 -2.3205416
honung 1.5000708 -0.069370605 1.3166095 2.5660787 1.5677356 -0.7121064 1.775745 3.611013 1.1136562 -1.017715 0.6784282 -1.8562918 0.4739227 -0.6287269 0.36396495 -0.8744491 -1.868889 0.70698994 0.046454355 2.2591908 0.5897886 -2.4437315 2.873847 0.12353699 0.9200816 -0.034561336 0.4398593 1.3690848 -0.44778085 -0.04159623 0.6741378 -1.4870749 -0.320135 0.48385105 -0.41761765 2.2118294 -0.3258499 -0.14472888 0.17388518 -0.31165746 -0.7415259 0.20040768 0.681666 -2.1152894 2.0851753 -1.3457497 0.75098115 0.6424049 1.8133469 0.07247567 -0.8426579 -0.8001291 -1.0205002 -1.0907375 -0.24192132 0.2616543 -0.42665562 1.0895509 2.2361588 -0.70171624 0.13634692 -1.3094143 1.5477178 -0.689435 -0.80218005 -0.14812519 1.4106003 0.5293624 -0.13986751 -0.5175704 1.6747164 -1.2706186 -0.4653041 -1.2243006 -1.2811468 0.7367883 -0.3624731 -0.43442592 0.43163472 -0.46165508 -1.5409223 -0.94541657 0.38310385 -0.5536272 1.7231543 -0.05488063 -1.2965202 1.3050313 -0.41653958 0.9105543 -1.0296377 -0.270973 -0.6270126 -0.11507284 -1.2688334 1.3562906 -1.0428647 -1.655762 2.4019477 -0.78536457 1.4638708 0.4284985 -0.29527497 0.87982124 -0.49084198 2.451796 0.36267394 -2.157151 -0.49448076 -0.3921107 -1.6127717 0.22923534 -1.1380953 -0.06322258 0.6432749 2.1798813 -0.45218688 1.4210875 -0.90627104 -3.4964836 -2.079009 0.44432858 -0.24474312 1.0148335 -2.172895 -2.1270168 0.8308263 0.8086982 -0.6937984 1.3428665 0.980198 -0.034950245 -0.27038917 1.0083498 -0.77150255 1.0216202 2.037957 -1.6273786 2.5690882 -2.1910236 -0.19136989 1.177975 -0.31351727 0.6690046 0.23143762 0.68726563 0.9618984 1.0603541 0.62359935 -0.026824288 0.27555457 -2.6069016 -1.584801 -1.4346628 2.2833107 -0.2320264 1.9247854 -0.62595224 -0.33787405 -2.0483632 1.6869591 0.4189883 0.092295006 -1.0790727 0.45613354 0.8330177 -0.39919794 0.11558463 -0.21185765 -0.14453688 1.1714555 -1.685463 2.3350942 2.7219968 -0.11005784 -0.56384724 0.76928025 0.6965524 -1.2612722 -0.436689 1.7963936 0.3450224 0.7685774 1.9901824 -0.77330405 0.025456166 0.38708112 -0.2870047 1.039544 -1.449017 0.0015543873 -1.3530834 -0.053156693 -0.10657807 1.3204815 -1.616908 0.07167606 0.68709433 2.0924702 1.2451512 -0.081729956 0.14774057 -0.5239847 0.9931979 1.1715947 1.5132544 0.37946656 -0.3427335 0.47834983 -0.08141845 1.0949155 -0.19257234 -0.19194536 1.2468914 -0.55498 0.3279284 0.15616283 -1.900842 -3.4788837 -0.02200249 1.3003465 0.5940253 -0.8210332 -0.7522498 0.22238101 0.035345647 -1.4930409 -0.5963263 -3.217755 0.2053199 1.7321569 -0.8287423 -0.118746 2.3210561 -0.56053394 -1.8024325 0.1284628 0.05370321 0.16888052 -0.10719362 -1.7122998 0.64013267 -0.36943674 3.46695 0.4579588 0.17329541 -0.65227425 1.0712112 1.5557116 3.079599 -0.9954762 1.3008573 -0.19578964 -0.77824503 1.4778347 -1.2540417 0.0003401829 0.5054074 -0.45333904 -0.4876464 -1.0015987 0.3460649 1.4103278 -0.39195383 -1.1566701 0.5069965 0.17106749 -1.1252769 -1.5368139 -1.2702466 -0.8393652 2.4846768 2.0956051 -1.6257527 0.9638082 0.1660171 -0.01948893 -3.2540271 1.3784833 0.08590202 -1.4068962 -0.8606513 1.1103704 1.2754773 -0.5809416 0.77493256 0.29601786 -2.655654 0.79945916 0.0979536 0.45580265 0.57467544 0.14171158 0.7456167 -0.18288237 0.37644818 -1.0342144 1.6752003 1.2312708 -1.5502685
körsbär 0.62829334 0.8076189 0.7981926 1.9884936 1.7579949 0.98687375 3.920521 3.206545 0.4796144 -0.0008363798 -0.56368613 2.109203 2.73388 -1.2548213 -0.61429834 0.72536325 2.096479 -1.2846801 -0.623109 -0.14556721 0.9478569 -3.364093 0.5311968 -0.5907054 1.5865215 -1.4376019 2.1686223 3.9639447 -1.4718488 1.3852687 -1.81885 0.67269284 -0.50577664 -2.1362913 -2.1204698 3.1500795 1.0319271 0.61837643 -0.4505763 1.3901101 -2.7018487 2.1115782 -0.34958988 -0.2605108 0.18703696 -0.089074545 0.884118 0.40328658 1.220144 2.4982932 1.9319197 1.6091267 -0.8626061 0.38883963 0.52012265 -1.476874 0.93319863 1.7960168 0.88218147 -0.5386057 -2.0362024 1.7888144 2.4034257 0.5543054 -1.0324446 -0.1863805 3.1905305 0.56957346 1.3294345 2.9993072 2.5861323 0.49318063 -0.109437674 -0.98772967 -0.5187474 -2.247291 0.8965922 -0.48706344 2.5068038 -2.1119125 0.36814728 0.11570742 1.6034282 -1.0477629 3.208928 -0.24263538 0.70964366 0.17352718 -0.9567622 1.2802525 -0.9383437 1.3444607 1.120385 1.0194416 -0.27990758 1.3461359 -0.29276612 -2.3964207 -0.31001556 1.7824783 1.7994167 2.421533 1.5392807 0.4418706 0.3654816 3.423469 -0.78892285 -0.8037012 0.813161 2.7571027 0.87321603 -1.7679697 -0.23926918 1.3033843 0.38461015 -0.6047219 -2.0138714 1.8571684 -1.7887527 -1.9001615 -1.4027265 -0.37380052 -0.80402225 0.37611744 -0.5405703 -1.4889687 1.03971 -0.08659956 0.5801481 0.9496055 0.6485196 -0.3590705 0.7197137 1.237 -0.55296195 -1.3743619 1.1343156 -1.3684179 2.6615536 -1.9839684 0.90253747 0.67614967 -0.08387631 2.196115 0.017451528 -1.7677772 1.634087 -0.39887398 0.8802065 0.48784295 0.51752955 -1.1666328 -0.8067386 -2.0032752 0.4125347 0.7045548 0.52233446 -0.5554947 0.26591146 -0.08648609 0.44934848 -0.36660674 -0.4218278 -0.8867491 -1.3056575 -1.18595 3.7332807 -0.8096283 -0.5141926 0.76301634 1.5807664 -0.7502462 1.318262 3.0230966 -0.3676673 -1.5894616 0.64289 1.8778553 -0.45066002 -0.23032255 2.4248376 -0.48129758 0.4399486 1.4662763 0.2336025 -0.14967412 -2.313981 0.34185994 1.5363514 -0.34985173 0.35734838 -0.061590757 -0.04574956 0.02759368 0.14514768 0.8005658 -0.57642865 0.5800946 1.0500301 -0.35272184 2.3839326 -3.2991996 -0.52202314 1.3319244 1.9865474 0.3864454 -1.1054044 0.64635956 -0.853607 0.024209516 2.2870157 0.6502998 0.52427566 1.5705382 0.13191743 -0.34018204 -0.50054055 -1.5979402 0.0044284337 -0.09229476 0.56882703 0.9727601 -1.5123425 3.6496093 -2.269705 1.0190046 1.7398602 0.4596082 -0.96789926 1.1968287 -0.20456809 0.054478638 -0.7214323 -0.0009214261 -1.5347427 0.45819262 0.9315034 -0.96676826 0.57219434 -0.4052593 -1.3900343 -0.70626765 -1.6261785 0.564745 2.32068 0.18785667 -1.8261213 1.0748277 1.7994722 1.1953381 -0.96996766 3.8271036 -1.7372069 2.583776 -0.9109509 -0.11631917 -1.9049088 1.8825988 -0.07432268 0.30476078 -1.2520363 -0.30945057 0.5124508 -0.06617752 -0.2593894 0.850973 -0.5400869 -0.36091575 0.2939714 -3.8362546 -0.76017433 0.90061104 -1.4887305 0.42214108 -1.6540501 0.02532716 -0.9292046 -0.2850944 1.5031497 0.16070624 1.2715735 -0.5250485 -0.3135391 1.7884207 -1.0012124 1.1902281 1.4532347 -2.5362887 -1.1444657 -0.4007971 0.26336557 0.3392529 0.79107213 3.6642833 -0.660965 2.0072372 -2.0278683 0.62845564 -1.1311562 1.9679453
bensin 0.9789369 0.7562502 0.9524894 0.78085005 -0.11219122 -0.043596525 2.2287486 1.8783803 2.6339288 -2.1101322 -0.03132706 -0.79859334 -0.25659147 0.98195755 -0.087084174 1.9933733 -0.82577354 -0.5733567 1.3864052 1.56303 0.2604186 0.64776623 -2.464242 0.024687113 -1.4412508 -1.3678411 -2.483211 0.5520626 0.25510255 -1.2722422 0.46161067 -1.2462292 0.14500248 0.6407781 0.7134722 0.7164849 -0.6599709 -0.3705591 1.5523773 1.6344595 -1.3810302 1.7088269 1.4009292 0.23124304 -1.2098674 0.33053407 -0.5173361 -0.6813853 0.8632937 2.1209996 0.6330944 -1.1233492 2.5443187 -1.4096385 -1.4955337 -0.97845316 -0.7363385 0.0903186 -0.14628479 0.35802674 0.6231175 -0.40759692 -1.0975205 1.1202801 0.9210587 -1.731371 -0.79510176 -1.0588235 -1.3868003 -0.06119888 -2.9329164 1.3436967 0.8631001 -1.1495742 -2.3183398 0.8057405 0.11922923 0.38793385 0.7664151 0.0030174877 -1.1908395 1.7638459 0.61008984 -2.458748 2.7113078 -1.9724988 -0.636083 1.2385305 2.186288 0.4882197 0.13799979 -0.01000356 1.6200504 -0.30935326 0.4915942 1.1311128 1.4189374 1.6382892 1.5816025 2.0189142 -1.3468788 -0.20725977 -1.3354541 0.24809526 1.9360895 0.4912074 0.40932286 -1.0967476 -2.0536664 -0.053392407 1.1184721 -1.3147377 -1.198079 0.8877247 1.057155 1.1723074 0.7847592 1.1652776 1.5484811 1.3844141 1.063791 0.28493166 1.8915155 0.22518127 -0.16874054 -0.9685986 0.44139028 0.014442306 -0.67611736 -0.25964394 -0.8833173 0.7647361 0.682153 1.2713759 0.8979771 -0.9644517 -0.69765353 -1.7740227 0.4150977 -2.1816669 -1.4510378 0.8576999 1.1653972 -0.6583484 -2.4181585 -1.6231531 -0.33719385 0.5576521 1.3337684 0.2576404 -0.09508804 -1.4371078 -0.0028179116 0.807442 -0.63624316 0.7390183 -2.1316688 0.43455598 0.15539126 -0.9941814 0.8238934 -1.0557362 0.70908487 -2.8035476 -1.5938189 -0.63478976 -1.7511637 -0.97382694 -1.679492 1.6201726 0.6118811 -0.38391063 -0.19969724 -1.9205581 0.3531447 0.9216343 -0.14254537 0.0037568395 0.56144726 -1.2376758 -0.44621378 0.04357595 0.18516435 -0.46560517 0.8547776 1.4020538 1.8198326 0.9745686 -0.71703124 1.7221814 -0.47894478 1.4061418 1.0184475 0.54847044 0.26665324 0.692345 1.7461476 -0.0948935 -2.0170887 -0.8559041 1.2990474 -1.0795729 -1.3278971 -1.238531 0.98555714 2.3116481 -0.0035188447 0.27747998 -1.6031504 -1.865555 -0.46001297 -0.7723039 0.61382765 1.1479837 -1.068114 0.27568457 -0.55090505 -0.5308113 -2.0505145 0.46046746 -0.7322099 1.3915633 0.6630212 -0.8004236 -1.2069098 1.8220097 3.0480704 3.008153 -0.56442744 1.8779364 0.75346416 2.2047062 -1.0151821 0.9305642 -0.354296 0.55348116 0.85746306 -2.0096145 -1.5987426 0.19022182 -0.8731272 -0.39593944 1.4309696 0.8968097 0.5174422 0.98230505 -0.63807815 1.6580163 0.93136275 -2.0039213 -1.5139261 0.72767586 -2.084116 0.14373422 -0.082138404 0.35945174 0.7457216 0.7814773 -2.209753 -1.415514 0.9216114 0.3491586 2.0107899 1.4630516 -2.4989579 0.36591625 -1.6102041 0.63450176 -0.38410896 -1.0408901 0.8741919 -0.2139131 -2.4573157 -0.8520306 2.6531618 1.3122345 -0.34930193 1.7820104 0.52042687 -1.9585326 1.3410722 1.7072451 0.9265217 1.8587741 -1.5836548 -0.19718264 1.4343017 0.124716915 0.4574646 1.326875 -1.0360864 -0.015404712 0.18784168 0.15363564 0.40233627 2.4291005 -1.7615982 -0.69139224 1.2545824 -0.08869371
djur -2.2356372 0.18057343 -2.637271 -0.847682 -0.9217238 -2.2462475 0.84105206 -2.6995316 0.2051358 3.951536 1.1654897 -3.3550172 -1.1196696 -0.13798845 0.6260994 -0.40201494 2.4480093 -0.6199311 -0.40759245 1.5041631 0.37559828 -1.0512547 -1.3347174 1.7198174 -0.19318254 -0.7209993 -2.074278 2.1724389 -0.3807295 -0.8241505 0.17489235 -2.6403997 1.4450663 -0.8020624 1.9491645 -1.3574792 0.42199245 -0.231894 -0.86156875 0.8531501 -1.5486883 -2.2457032 0.40526354 0.46614012 -1.1345375 2.809036 0.55499977 0.086269535 1.9172242 1.3492064 -0.08784722 -0.6255819 2.5510685 -0.026163867 -0.4052538 2.298961 0.32382438 -0.34572718 2.51073 0.28253713 0.3155219 -0.23430589 0.012497079 -0.50408065 0.6923632 -0.39383757 -1.9376994 -2.0995705 -2.0269382 -0.10236007 -0.25525206 0.9183213 -0.13517883 -2.3561623 0.5786443 2.0756307 1.9200561 -1.5889959 -1.2988257 -0.081726976 -0.61055136 -1.3935963 -0.7867385 0.12668394 2.142467 -1.0816095 0.27203512 -0.1637398 0.381242 -2.5124674 -0.3230826 -1.0566307 -0.004680926 -0.69110966 0.4240302 -2.3657436 -1.3958075 0.30501595 -0.5764258 -1.4604242 -0.4076835 1.4884223 1.0231682 -0.55812824 0.77073383 -0.2713383 1.623008 0.14308637 -1.7736738 -0.6751011 0.10237463 0.37194568 1.9521729 2.123912 -0.04988335 1.9997364 -0.6124281 0.7866905 -1.0560747 1.7119577 -1.2760762 -0.08913036 -0.47927493 -1.1419052 1.3289088 0.37046462 1.4799341 -1.8776852 -0.8132714 0.9164036 0.56222725 0.8244843 0.7718232 -0.5237492 -0.026321353 1.9658588 -1.7395872 -0.035221472 -1.3131192 -1.7880011 0.5972492 -1.3502995 0.8672916 1.4920834 0.46055162 -0.26101232 0.36879784 -0.65658975 2.5023408 -0.2018534 1.287987 -1.7803808 1.3454529 -1.4177792 -2.232224 1.0302912 -1.8326951 -2.2524564 0.10122068 -1.2567195 -0.0829175 -0.26582295 -0.9787339 0.76995564 0.014322022 -0.10428506 0.108043686 0.020756878 -3.384466 -1.7284633 -0.71139425 -0.13512713 -0.29909718 -1.3251351 1.0657939 0.34035087 0.8851019 0.62764627 0.43990448 -0.79343015 -0.96003795 1.5994673 -0.1425325 1.0922961 1.512893 -1.2877038 -0.45955747 0.007853911 0.42427796 -1.0238808 3.411326 0.20274088 -1.4321872 -0.6808421 0.5935982 1.8400077 -0.19129911 1.3511627 -1.7600697 -0.21866041 0.61053586 -1.7541374 -0.7131299 -2.4447227 -1.9961947 1.448504 -3.506774 0.9606916 0.10737525 1.7040031 1.3630456 2.0485082 1.7665232 0.32273597 2.6980052 -1.1183157 1.7411664 -0.41984984 -0.09031929 -0.26622388 0.4775085 1.6274228 -0.08512431 0.12906197 1.3153214 0.84526974 -0.83910453 0.6586766 -0.21368055 0.3949198 -1.8494126 -2.8936563 -0.12210652 0.64170194 -1.292478 2.8775842 -1.963724 -0.19161998 0.85559106 -2.5371203 -0.67647797 -0.3628183 -0.842414 -0.42219883 -1.077316 -0.4396287 -0.540672 1.381608 -3.2686737 -1.4809835 1.3944709 0.13967778 -0.71757776 -0.16944526 0.76845187 0.46862045 0.111330666 -0.5224948 0.8348232 -0.9943761 1.2373545 0.5711949 1.0426785 -0.8395829 -0.92781895 0.9130138 0.15751979 -0.9015634 3.5587232 -0.1639632 0.2951354 0.86626124 -0.8175563 2.308041 -0.12403663 -0.9775907 1.4084296 1.203352 0.16321667 0.36010787 0.082753725 -0.5636555 2.552689 1.9584658 -2.108107 -0.7096855 0.93941826 1.5095273 0.50616574 0.45998052 -0.62207544 1.699814 0.07289181 2.4208298 1.0041087 -0.55720544 1.1761879 0.54643255 -1.2276771 -1.040892
persika 0.7715286 1.4427141 2.5440114 1.0671535 1.9894991 -0.85345024 0.20818621 4.891595 0.016019013 -0.3066909 -0.4056818 -0.31458467 -0.11436553 -0.90354675 0.7903898 0.68220973 0.25345615 0.2079715 0.10684849 -0.13681395 -0.6827596 -2.723031 2.387493 -1.8109055 -0.0002918005 0.08916033 0.30164814 0.8352393 0.86418456 1.6471506 -0.9522799 0.9852465 -0.34245723 1.0408181 -0.2253565 0.36352918 0.63572735 -0.878733 0.7695003 -1.0556314 -1.4903628 0.32202852 0.10824276 0.1724084 3.86876 -1.3618135 0.53151536 -0.33501482 0.058867063 1.9608212 0.30103874 -1.3490406 -0.13451438 -0.37491637 0.14325486 1.1787267 2.033976 0.40640557 -0.04655729 -0.4708821 0.31997368 -1.5558687 0.3838626 -0.16921312 -2.548196 -0.7227884 2.2033298 -0.25058767 -1.3826182 1.0756253 1.4121095 -0.5259596 -0.4283011 -1.0583216 -1.9100085 -0.9994291 0.104795866 0.20133084 0.7478296 -0.85583615 -0.10504407 -0.9985205 0.8914454 -2.0788462 0.5851083 0.21459484 -1.154085 0.33671266 1.7928675 1.5192316 -1.5083213 0.52714485 1.4519218 -0.25137934 -0.40708718 1.935215 -1.2087097 -1.0725209 0.9179559 -0.9753126 -0.2965831 -0.20021664 -0.009082299 1.1119599 -1.906925 2.4850574 -0.891786 -3.538073 -1.0587121 0.9952094 -0.9033749 0.05908563 0.625056 0.10575243 0.24981143 1.0826534 -0.8534863 -0.64909035 -0.5085582 -2.6721432 -1.7897264 0.31816572 -0.58444166 0.3402959 -1.6311799 -0.59169614 0.5282803 -0.22391194 1.510007 1.5882275 -1.5063777 -0.37056932 0.42455682 0.6051538 -0.5873445 1.6516769 2.045604 -0.78188705 0.744268 -2.0185134 0.33247805 0.43911335 -1.2741239 1.11418 0.6051386 -0.25549796 0.09585355 -0.6964135 1.3238637 1.3234754 -0.41068238 -1.4858861 -2.1251292 -1.2512629 3.9835496 -0.53404874 1.9361198 -0.53185225 -1.3201442 -1.8902986 2.0356662 -0.007361775 -0.9232232 0.07772234 -1.1739078 0.98955965 0.038596325 0.049539626 0.057847116 0.6265575 -0.19066992 -1.3651987 2.5815883 1.4980397 0.19365337 -0.24235702 0.5845327 1.9376315 -0.6879612 -0.13895182 0.74459165 1.0765337 0.87911534 0.14631844 -0.49063435 -0.77012056 -2.1833146 -0.16058095 1.3058497 -0.28157327 1.9569788 -1.5171399 -0.9013989 0.69357747 1.387362 -0.21065238 -1.2590591 1.4275161 1.2521259 -0.40685275 0.8021533 -0.96223843 0.25024736 1.3262167 2.2290113 -0.9984845 0.9899214 0.8325295 -1.2473747 -1.8513837 -0.94424266 -0.090232745 -0.34191087 2.2413223 0.48002416 -0.32175565 -1.8763784 -0.63509834 -2.1991808 -0.81992733 0.3867071 0.2811653 -2.0056798 -0.19145206 -0.7896284 0.0933622 -1.3819509 -0.94076467 -2.6337464 -0.7614488 0.722607 0.27461407 -0.93292695 0.088636465 0.5561801 -0.7534739 0.22924078 0.42372206 -0.13929746 0.83579654 0.12258055 -0.018145934 -0.00030900002 2.0389087 0.19822131 -0.76224136 -1.0718795 -0.011256211 2.050083 -0.15793848 -0.81338507 2.8076768 1.0614419 2.192793 0.8692621 -0.3004998 0.83433956 0.8633121 0.5185475 0.42537874 -1.8762021 0.92692876 -0.27545977 -1.0599738 -0.86964303 0.93583333 -0.6626563 -0.96486884 -1.0001962 -1.1897246 0.54354066 0.07006251 2.23133 -0.11262462 -0.97628945 2.3203614 -1.4863324 -0.561352 -0.60959756 -0.15999955 -1.0235144 -0.9916542 0.51848495 0.86438143 0.9573964 1.03401 0.37567285 -3.145517 -3.1903455 0.7488082 -0.50683177 0.96140695 0.69100714 1.9255471 -0.15709125 0.46392572 -0.5005209 0.15807086 -1.6954134 -0.8398742
ägg -1.3310959 -1.062705 -0.3021563 0.9593256 2.1504545 -0.5562748 1.1852686 -2.562065 -0.060177203 -0.39863405 -0.8779241 -1.2892957 1.3494755 -1.8264842 1.2915578 -1.3418801 0.47678596 0.7791448 -1.2784843 1.2838908 0.79137975 1.9658238 1.2275052 -1.6342423 0.0619098 -1.0367959 1.618565 0.89923066 0.97890186 -0.053331632 -1.2588693 0.8050794 2.1140854 0.99365574 0.27019697 -1.3854626 -1.8864183 0.44354928 1.3266187 0.7397661 0.86520225 0.24595203 2.1163182 -1.3814826 1.3337848 -0.58215886 0.2972638 -1.3959751 -0.8871523 1.6992507 0.53778726 -0.5727978 0.59053665 1.1554997 -1.5441217 -2.806926 1.5279342 1.3120011 1.9567777 1.0564358 0.6466991 1.3875941 0.29025033 1.2373353 -1.4422094 -0.6272808 -0.012607863 1.5478565 0.7575769 -0.18229464 -0.023429964 0.5576717 -0.94075847 -0.86843026 -0.10144152 0.8471464 -0.5840296 0.7117674 -0.96337885 -3.47054 0.36338186 0.522256 -1.6576772 0.33426005 1.255536 1.1886456 -1.0484902 0.20414855 -0.69776624 0.9036674 0.23032007 2.9644532 2.629432 0.18336946 0.23714142 -0.16932963 0.49319482 -1.922414 2.06871 0.24824785 0.87784135 0.2795206 2.1962671 -1.8377303 0.97575265 -1.1865759 1.3586954 -0.21848595 -2.6652925 2.599474 -0.81821245 0.4354084 -1.212077 1.1120726 -2.3844867 0.7456097 1.6166618 0.6438163 0.49825308 -3.3159864 2.8630557 -0.9235585 2.79774 0.36632973 0.29573256 -0.6397746 0.5344394 -0.40102762 -1.1269014 1.1828582 0.55497867 1.8950031 0.00044666283 0.8199349 -0.8380983 0.3059885 -0.241149 -0.2780743 0.6252491 -1.1411017 -0.2518303 -0.86807805 1.5981758 0.55637085 -1.1583899 -1.5069728 -1.7373927 1.3624955 0.19579746 0.26141852 -1.9456574 -1.5111961 0.33786425 -0.6057421 1.4313887 -1.8838527 -0.9664922 -0.22403213 0.28223404 -1.6049428 -0.4018939 -2.5847054 0.37572163 -1.7275705 0.4507702 1.406175 0.27289784 0.99867815 -0.10466119 -0.32627362 -0.7486976 0.21083498 -1.5489138 -1.6788471 0.4297203 -1.8200035 -0.08372644 -0.46192563 0.5577609 -1.007243 0.98059523 0.31656098 -0.0047551314 -0.22054987 0.047926802 -0.72985053 1.3956885 -1.5994385 0.73770225 -1.7958071 -0.42477345 -0.6247711 -0.5623428 0.9509874 -0.5394643 -0.9415529 1.54945 -0.90633833 0.12398068 0.91867644 1.1445462 -0.47712994 0.18953119 -0.79491246 -0.5750876 0.67837423 -0.21272178 3.9877903 -1.7502767 1.3562524 -0.4967047 -2.8437793 -1.1905098 -0.14211375 0.28007916 -0.9333602 0.7692301 -0.35113254 0.8717039 0.25935635 -0.8019372 0.5044788 0.99705875 2.9013636 1.6596521 -0.14618899 -0.590347 3.7864964 0.107351616 2.0774817 -0.24672008 -1.3592784 -3.1390386 0.62185913 0.05889781 -0.47074604 -0.98127043 0.03419046 0.0767773 -0.5780267 -1.581046 -0.72069216 -0.8177258 2.5101516 -0.17809586 1.57216 1.5292115 0.7474456 -0.56537414 -0.32716766 0.3268963 -1.4992478 -0.27598011 1.0901984 -1.9931474 0.0011544831 -1.2673434 0.10439876 -1.6415913 -0.53296083 -0.4532317 -0.71000636 -1.654848 0.034029506 0.5643443 0.86289924 0.3250428 -0.033545632 -1.8961165 -0.7795948 0.24553004 0.1448573 -3.159816 0.24167958 0.8185017 1.1140103 -1.0157294 0.7330806 0.50638443 -2.2558756 0.9385306 0.9657638 0.27305415 0.3684038 -0.6365428 -0.21882442 -0.97759104 0.00022423449 0.61601895 0.22887498 2.5636847 2.0736425 0.5664235 0.37362048 0.22402854 -0.7889473 -2.5780373 -1.7750146 1.5418218 0.54389846
mint -0.7095715 0.7720705 2.2976835 2.3925557 -0.092807725 -0.2955175 1.517031 2.5451195 0.44784656 -0.34872764 2.1680205 1.2952716 1.7243985 -1.595739 0.25412005 -1.2469159 -0.3335905 0.4198582 1.4817293 0.8441103 -1.5875881 -0.9767576 0.6730021 -0.6316262 2.1586955 -0.059790447 -0.10082643 2.076039 -0.8025542 -0.41069973 -2.387656 1.9505985 1.9106461 -0.8974323 -0.31259093 0.8903424 1.7925991 -0.28300038 -0.11373874 0.6847774 -2.8018079 0.28977203 -0.041715674 -0.5777164 2.0813878 -0.2945765 0.12610978 -0.89380825 1.3512614 0.7074141 -0.20258044 -0.0021883687 -0.76030296 -0.4426056 -0.884677 0.47074172 1.4125859 -1.7692012 0.67942536 -0.6657181 -0.82747394 0.111502446 0.2654206 -0.08281606 -2.2309835 2.0947368 1.686964 -0.085037954 0.53136456 0.11800401 1.1049455 -1.6963257 -0.645955 1.9208267 -1.3749245 0.056196105 1.7409705 0.7314514 1.7193575 -1.0482286 -0.52521414 -1.6986609 0.38220453 0.11097255 2.5865626 0.21695103 1.7902068 0.008548598 1.1806537 0.37699714 1.3260968 1.0792848 -0.30877364 1.9747666 -0.7820455 1.7874682 -0.17210297 0.3529847 1.1900921 1.0170614 -1.216209 1.1497599 -1.0004592 0.37783876 2.2442725 -0.18245636 -0.9868472 -0.25571102 1.1298393 0.5599947 -0.8264295 -0.07778018 1.6424025 -0.45192552 1.3044279 0.9806948 -1.4142432 -0.4332847 -1.5452616 -1.9539508 -0.9599901 1.5852022 0.91839355 -0.22641723 -2.7759697 -2.3543203 -1.7757684 2.5763428 0.72203434 1.0765591 1.8366817 -1.6816525 -1.4001958 -0.053023893 -0.93661743 -1.6292388 1.7222886 -0.09079672 1.1541047 0.4042803 -0.39997432 0.8235917 -0.81762046 -0.27022704 -0.61958164 0.38325772 -0.36524996 -0.2925453 0.19228885 -1.0491824 -0.7327726 -3.1312003 -2.0249124 -1.8947878 -0.5907871 0.09808321 2.0568023 -0.19916306 0.58239055 0.4682615 0.9430296 -0.55020356 0.056023136 -2.4607522 -0.22390045 -1.7567807 0.67627984 0.54148734 1.3032322 0.059269354 -1.3511969 -0.5340853 2.2156157 0.513854 -0.37144116 0.56526124 0.83102113 0.36952528 -0.7494118 -0.8862801 0.33574507 1.321186 0.050317507 -0.69972926 -0.5776193 0.86561066 -0.20080353 1.0802463 0.29654133 -0.13051443 -0.78327596 -1.1448382 -1.5353923 0.060476374 1.6902443 -3.2994044 -0.6466388 -1.1674584 0.22213636 0.9400848 0.50329196 -1.0803173 0.79076326 -0.22456686 -0.26895222 -1.297576 0.29676554 1.225969 -0.6934523 -2.2379203 3.3702123 -0.45599177 -1.2217789 0.46829364 0.80966985 -1.3527204 -1.263467 -0.89831656 0.16797057 -0.58812284 0.7801586 -0.11662703 -0.8397059 -0.8883498 -2.3343272 1.229748 0.21173657 -0.62295014 -1.566648 -0.6712101 1.5276036 -0.08768518 -0.82271135 1.4964832 0.14970624 0.49757528 -2.2928267 -1.2338228 -0.15155704 1.3297278 0.001513781 -0.2122341 1.5550406 1.6967357 -0.16682269 1.0030595 -0.20679355 2.2100477 0.94819534 0.27302733 1.3704417 4.530529 -0.88327146 -0.30908504 2.1702573 0.7981348 1.3739264 -0.41148734 -1.8564897 -0.26782972 -1.2612094 -0.8666731 -0.4909764 -0.60463893 -0.040382795 2.149024 0.5640057 0.65764874 -0.38945565 -2.0997472 -0.09666895 -0.66664416 -0.9928157 -0.69599533 0.27895242 -0.25431073 -3.819347 -0.10334299 -0.7673755 -1.6573845 -1.3608931 1.073899 -0.8876725 1.6436932 -0.81570655 1.2137938 0.63066286 -0.4851408 -1.2518064 0.7115504 1.4239008 1.6588895 0.46476606 1.8207825 2.0047758 0.24958012 -1.5865061 -1.6225353 -0.8794917 -0.5014025
blod 1.530348 1.2252612 1.6478772 -0.3350932 2.9961057 -0.336919 3.3123343 -1.6312476 0.5277324 -0.63523096 -0.7827772 -2.1835637 -0.2957353 -1.55151 -0.6533046 1.1031474 0.34203988 0.48309702 0.03511029 1.211123 0.7791766 1.3525834 -0.051987156 1.0520462 -0.036712304 -1.7455412 -0.19245824 0.49101633 -0.5296629 -1.6629182 -0.39695013 1.0157447 0.07733269 -0.9754949 0.49471456 -2.6111355 1.8744204 -3.166801 1.8068253 -1.218029 -0.99038994 -1.004715 -1.2062048 -0.73532015 0.5828569 0.30875513 -1.0669694 1.9020029 0.7301815 1.6299878 -0.17775504 -2.912808 1.0383136 1.361058 -1.4522269 1.0655522 1.5505699 0.033207484 2.4205074 -1.0292441 -0.073092185 0.966237 1.6500881 0.8279859 -1.3582258 -2.4971416 1.5738167 -0.9462404 0.20132436 -1.621954 -1.5807506 1.0844994 2.2524052 0.26441744 -1.7578717 0.99177104 1.3422796 2.1740994 -0.34322804 1.4725401 0.7733768 -1.4104506 0.15566789 0.8841882 -0.58905506 -1.1141306 -1.3032875 1.6488575 2.263906 -0.1687062 -1.4641211 0.14391889 0.804224 -0.43472388 0.4380622 -2.383171 0.57872325 -0.7678819 -0.8221744 1.0754846 -1.3303993 1.9149181 2.6873076 -1.5954671 0.817733 0.12721476 1.2196405 -2.0426195 -0.0052287295 1.4165965 0.8904463 0.5640061 -1.1514028 0.8306187 1.3867844 1.1073755 0.22170694 0.28589365 1.4343845 0.15758215 -1.3023913 -0.5355024 1.0330846 -1.298036 1.16415 -2.904404 -0.088530965 -2.048882 -0.4155349 0.0647506 -0.43177673 0.99506634 -0.08057347 -0.04495866 2.3464384 -0.99676025 1.5940996 0.011650436 0.17763957 0.16547105 0.7132776 1.2805128 -0.18571879 0.78259534 0.812286 -0.08446875 2.9911916 0.5576992 0.40029028 -0.661355 0.4666427 -1.2476803 0.44408405 -1.1390599 -1.0008538 0.6192805 -1.667969 0.98776805 0.6924803 -2.294287 1.034651 -2.3955667 -0.44695216 -1.7340193 -1.8058639 1.51158 1.1446109 0.26294962 0.27266327 0.51922095 -2.207669 -1.241028 -0.23985693 -0.60548097 0.8832005 -0.092329815 0.45793998 -0.013740752 -0.34384057 0.83556795 0.027394043 0.8926777 -2.1462317 0.38623235 1.5746858 0.75434464 1.5609016 -2.142007 -0.5327346 -0.324726 -0.2115108 0.49210483 -2.9001117 0.3691515 0.01162935 -0.9175124 0.6542238 -1.3611872 0.30411288 1.0371569 -1.3010308 -1.711878 -0.46687376 -1.4628979 1.8172518 2.3196955 -1.5664868 0.6423207 -1.0854478 0.41835022 1.2901794 1.3563169 3.1464508 1.7745094 0.4732662 -1.5874473 0.92428374 -2.6270711 -1.1487119 -0.1832101 0.9938718 0.18035066 1.090582 -0.25898775 0.6374396 1.484525 0.9549903 0.2703616 -1.1742235 1.0020704 0.32927802 1.834003 -2.1230042 2.861405 1.2675916 -0.16036606 -0.30131415 -1.967601 0.92685276 -0.7524747 1.5473672 0.49769467 -1.1080595 1.5628409 2.5048065 0.42758086 0.110382825 0.33391923 0.9753016 1.5441995 0.59270793 -1.0746217 -2.073187 2.0964627 -0.188697 -1.3148882 1.7572913 -0.4496779 1.600942 1.8193961 -0.569838 0.50883675 1.3187854 1.3524649 0.67490524 0.14765477 -0.060451124 3.229808 0.6600896 1.1444333 -2.5761473 1.3304924 -2.7683825 -0.4018556 1.1403222 -0.20125398 -3.2248309 1.9814618 1.0223725 -2.689196 -1.8895328 -0.5095651 1.2307218 3.2047703 -2.0337212 -0.9430551 1.1513057 1.3433074 -0.16114524 -0.34847894 -0.7777007 0.16702145 -0.5650241 1.1922867 -1.98512 1.058574 0.5002996 0.03488746 1.154429 0.48071477
ost -0.010722286 -0.3179412 1.0013905 0.3614861 2.105992 -0.3728528 0.85701275 1.4450443 -0.1100141 0.7971413 1.4087104 -1.350975 -0.21163821 -1.2438598 -0.6034344 0.66120756 1.7247219 1.1301296 -1.5777991 0.9518008 0.34542215 2.3704414 0.42499015 -0.9302964 1.221334 -1.4109929 1.296998 -1.7369452 1.076367 -0.6102102 1.738672 0.5924078 0.44941133 -1.1062015 0.41892102 1.3624055 1.1387696 1.5177877 -0.5546575 1.7928145 2.4001074 -0.20531924 1.3372539 -1.0334829 0.5039305 2.4912832 0.4524029 0.42616114 -0.2872297 2.2994752 -0.078578115 -2.2611306 -1.0000588 1.4475112 0.21237189 -1.0405793 0.2903597 0.1390788 0.30839407 0.15134007 -1.7218477 -0.2701723 -0.20665765 -0.7659353 -0.035894267 1.9588425 1.3442571 0.80693275 -0.5997332 2.4730089 1.3670197 1.3845868 -1.6482865 -0.5917955 -1.0287123 -0.2890484 0.3051464 1.8417748 -0.5716715 -0.7888375 1.3345443 0.8267314 -0.35966736 -1.2817718 -1.2946869 -0.51816785 0.8588229 0.5658992 -1.921057 3.309396 2.2138193 -0.08271362 -1.2569762 0.90330356 0.71470106 1.7391275 0.41392955 -0.40229857 -0.38081932 3.0594132 0.6986386 2.963579 2.1980362 -0.102235414 0.21246144 0.50737184 0.66467035 1.123905 -2.9446318 0.2333983 -0.95722324 0.78568757 0.21338612 -1.5803657 -0.9281119 -0.2824594 -1.1345325 2.1443586 0.94304806 -1.2546358 -0.29299334 0.4206451 1.5175937 1.4365848 -2.7575018 -1.2448138 -0.9759931 -0.10055366 -0.005952647 2.5431545 0.7243344 0.11636809 2.1039011 -0.08262742 0.36736074 2.6654017 0.42663035 -2.0654974 -0.43366617 -1.0998778 -0.40585536 1.5928179 0.46147895 -0.66071236 2.463726 -2.1342678 -0.3105154 0.39614785 2.2291098 2.089942 1.1661763 0.09203147 0.94534713 -0.92391384 1.5149236 0.18669483 -0.08453515 -1.8205692 -1.0099217 -1.5213976 0.60703856 1.2984066 2.3676314 -0.8842658 0.5243598 2.3618357 0.09752548 -0.6927931 -1.6192842 -0.101510696 -1.5274528 -0.5236391 -2.3990881 2.1180606 0.24794589 -1.6796975 -1.3561059 -1.2077764 -0.2957731 -0.10018679 -0.958517 -1.8837891 0.2613609 -0.8427086 -2.1071966 -2.0185382 -0.7202437 -1.3888543 -0.39396027 0.18681392 -0.5323696 0.8371172 1.4242827 0.8797093 1.2637342 -0.8352595 -0.1701181 2.224475 0.7211432 2.0824802 -1.2941967 0.035668693 -0.8652698 -0.06406009 0.592112 0.8900701 -0.11486112 2.2686033 -0.39559093 1.3292903 -0.4887945 1.6276686 -1.6458378 0.50909966 -2.3239906 1.5495324 2.960404 -0.9524996 0.38141805 -0.13237241 -1.0578992 1.7123213 1.0419037 1.1889113 0.39892337 -0.7371815 -0.84292966 3.4706423 -0.745602 0.23864093 -0.30055174 -0.85153407 -1.1953632 0.13074772 0.69597554 1.041211 -0.7105429 -1.1796231 -0.057730142 -1.7389462 -1.8402356 -0.033107698 1.1677638 0.80045265 0.6661392 2.0082629 0.838421 -2.2654474 0.1917579 0.28769696 -0.7272058 -0.2669604 -1.3605577 1.415858 -2.5566838 -1.5324665 1.8580275 0.87655014 -0.55349326 -0.92131704 1.1613202 -0.075045146 -3.2393057 -0.4802138 0.23382029 1.0235609 0.09803288 -0.96706885 1.2959194 1.0748469 0.1038228 3.1272533 -1.030098 -1.0778661 1.7559127 1.4980215 -0.510908 -1.9088637 0.24850406 -1.4021962 1.2659259 0.88925487 1.4858606 0.5732876 0.21601145 0.5103006 -0.37631488 -0.49860215 0.28855053 0.2894156 -0.9512405 1.2281954 1.1730405 -3.4128878 -0.26970324 0.9853965 -4.0079513 -2.208949 1.5117215 -1.3343967
lakrits 1.0136746 -0.49928668 0.30815828 2.5781634 1.7260747 -1.3274348 3.4157724 2.981428 1.5939378 -0.22650526 1.1058213 1.1504565 1.618156 -1.9356564 -2.6230752 -0.52129465 0.84188557 0.9583389 0.39068288 0.25824398 -0.0049290517 -1.044968 0.54397136 -0.18061256 -1.0438135 -1.094895 2.5938962 1.833003 -0.6597883 -0.06356296 -2.1269085 0.28155592 0.6181272 -2.6903598 -0.14164218 0.9657195 1.7496037 -0.9409906 -1.1045697 0.8540275 -1.616905 0.636278 0.3144858 -0.44495144 0.22965974 1.0479912 -0.45991883 0.93520397 1.4355913 2.1078517 0.869411 0.97194725 -0.30763763 -0.37332928 -0.17484592 1.2800462 -0.09307823 1.6503453 0.24938467 -0.11038239 -2.047409 0.41506755 1.83236 0.9862103 -1.0996094 1.666377 3.0767238 -0.35247904 0.71441644 1.0321412 0.3302806 -0.46886286 0.5093533 -0.14474478 -0.62587464 -0.36889455 -0.29268885 0.032394655 1.6124458 -0.63944024 0.10443694 1.257776 0.7008552 -2.5914361 0.84484655 1.22424 -0.2964957 0.5282167 0.19005637 1.3389791 -1.0142231 0.44726318 0.1940153 0.69766945 0.6549725 -0.20206782 1.653701 -0.50542474 -0.2318779 2.3190398 2.0775146 1.3134636 0.20373714 0.16679099 1.0654715 1.739378 0.4580273 0.6254015 -1.1789645 0.9540337 1.0797782 -2.7326882 -0.06354467 0.7474938 0.81138647 -1.6861783 -1.6207764 0.9041666 -3.041414 -1.7045403 -1.3699601 -0.8983968 -0.61078876 0.7245309 -1.7943126 -2.8142042 -2.1054552 -0.03982844 0.7316247 0.91508377 2.767013 -1.9190985 0.1193805 -0.018587487 0.04121051 0.8321861 0.3397737 0.29112622 0.056765724 -1.0242639 1.1754587 1.2339575 -0.08700212 -0.34665957 -0.6798676 -2.5475793 -0.43664017 0.45947763 -0.8924228 0.10314282 0.64386755 -2.5213742 -1.137728 -1.0663688 0.68296 0.41740125 0.5025823 0.28966257 -0.1384774 0.5887099 1.4028552 -0.6236516 -0.8953756 -2.2332573 -0.72609043 -0.73683643 1.5611618 0.25921476 -0.78203344 0.3866011 0.16397493 -0.6569491 -0.13804045 1.7756107 -0.9456771 -1.3819469 0.6763059 1.5698421 -1.1930205 -0.6898755 1.5297071 0.7431984 0.4157764 -0.7223662 -1.1856072 1.6416636 -0.6528532 -0.45412105 0.41134286 -0.9254356 -0.5712034 -0.55147755 0.8133288 0.095218346 -0.3081724 1.4809165 -0.5831092 0.99992996 1.7330227 0.96910006 2.0138981 -2.2640016 -0.3403382 0.7656604 2.4132192 -0.20640741 0.5926712 -0.7970238 -0.7002908 -0.34523296 0.36916822 1.7501793 -0.36491317 0.16170028 -1.525501 1.2567707 0.5360557 -0.60437196 -0.4738534 -1.4407377 -0.15521947 0.90336347 -1.6645658 -0.8920704 0.27468923 -0.05510085 -0.3423488 1.0493529 -1.9343255 -0.59841764 0.98006964 1.7920802 -0.91392213 1.6469781 -1.0871483 0.6466555 -1.2974584 -1.7735497 0.19704764 0.27694845 -0.33800885 0.2840784 0.13432701 0.614403 1.4571669 0.46899837 0.2586929 0.25326765 1.2613139 1.3333414 -1.6117579 2.1722512 -0.9129607 1.3733858 -0.25249285 0.41963556 -0.69341105 0.87855726 0.7167633 0.7970025 1.207187 -0.043007623 2.4458487 0.016960636 -0.2815639 1.8547239 -1.062198 -0.020429907 -0.31337735 -0.9877899 -1.4856806 -0.5047349 -0.21221386 -0.8999868 -0.20864567 0.34701127 -2.4172914 -0.60027593 -0.5772747 -0.08902275 -0.49756914 -0.50390494 1.1827593 0.540557 -1.6732711 1.3794882 1.5591118 -3.180372 -0.6868885 1.5646852 0.27761507 0.6579354 1.4740344 1.4635122 -0.11976615 0.8642672 -1.9188126 -1.0874329 0.6299978 1.3262317
lök -0.07733977 -0.58439773 1.7099771 -1.7047682 2.7284732 -1.2483151 1.5891005 1.0706868 1.7522882 -2.6578448 -0.55899954 -0.24973054 -2.2423966 -1.8750046 0.056843117 -1.5888008 -0.21242113 2.0762875 -0.30513787 0.874361 0.82529575 0.50038666 -0.04195946 -0.14027162 -0.52306813 1.2245926 0.4375338 -0.34004655 1.2824028 -0.5659999 -0.5408564 0.35380068 -0.6343657 -0.4045093 0.25766277 -3.2642145 -0.26365787 0.36558577 0.99154323 0.81868887 1.0417681 1.9993279 -0.4498587 -1.175204 -0.36980343 0.48599976 0.311621 2.7206497 0.13446508 0.12828209 -0.48083177 -0.48969626 1.2470943 1.4962944 0.31276584 -2.786948 0.84573174 0.87418884 0.91274583 1.2161942 -0.8903724 -1.7201335 -2.8345842 -2.3962362 -0.582139 0.4836527 0.23429538 2.0892725 0.4447649 1.9110336 1.0299625 0.091524936 -0.032241978 -1.4138569 -2.4270394 0.5564057 0.26336217 1.0458739 -0.9030885 -1.7069508 0.6394297 -1.7036078 -0.7172615 -1.4042706 0.25772375 -2.0702937 0.059890453 0.8481497 -0.9747773 1.7993425 0.4766982 1.0930206 0.39314678 -0.04339287 -0.13667129 1.0843568 -0.6012416 1.4836736 -1.0079962 0.9591729 -1.2899653 1.1751602 -0.7637296 2.258628 0.65248877 -0.73925537 0.70137656 -0.5747768 -3.4749749 1.988597 -1.205071 -1.0865507 -0.28914467 0.6770403 -1.8378967 0.6236174 -1.4201666 0.79842764 1.7964925 -1.4038202 0.63752836 -0.64767456 1.323912 -0.8455565 -1.0936316 -0.30662182 -2.0924265 -1.1431706 0.42199358 1.5969428 -0.6581142 0.5377834 -0.1768058 -0.24545707 -0.037000883 3.964847 1.5858773 -0.8903487 0.4879321 -1.4070401 -0.51178414 0.55978125 -0.6266823 -0.7353925 -1.0399137 0.40780476 -0.23227805 -0.78290874 -0.18984726 -1.4144863 -2.7056336 -1.3434732 -1.3069726 -1.956726 1.0276519 -0.21486512 -1.2967364 -0.7717933 -0.9282099 -1.7994039 0.37465495 -0.9650589 0.71028835 0.24259679 1.1751773 0.13344876 -0.4933053 0.9986533 -0.6352602 -2.1690106 -1.3993955 -3.0496492 -1.5900054 -0.35976392 -1.5471188 -1.7621598 -1.3173867 1.0185132 0.27802545 -0.77807933 -1.8251646 0.26966375 -0.21471292 -1.5164094 0.54820657 -0.69522923 1.5178325 1.1591744 0.4548687 -0.9053357 0.29997548 -0.06201654 -0.31584874 0.45036265 -2.2791543 -3.1095738 1.6047027 -0.23541075 0.024833217 1.2285842 -0.44275492 -0.38960633 0.501735 -0.5658974 0.7154609 0.724231 0.90929234 2.0973074 -0.60074747 1.3596066 -0.20701055 0.9092407 0.034900416 -0.14428255 0.13344492 -1.1006641 0.6252543 -1.2776259 0.14514473 1.1068314 0.3093027 -0.2089786 1.3132818 1.4085498 1.1874976 -0.25454062 0.30332845 1.1064041 -1.4515676 0.6892326 1.5527475 2.4996135 -1.4259702 1.7914759 -0.36117938 1.1365117 -2.1829503 -0.1097874 -0.9178412 0.35720885 -1.2890232 -2.0834374 -0.21306254 1.3138225 1.4305274 1.8435377 4.1182504 -0.20055595 -0.5509134 0.8269793 0.11683178 -0.7388304 -1.6418097 0.54244137 -1.0099643 2.072575 0.9780156 0.83363223 0.82889324 -0.8020783 0.74250835 0.47433805 -1.1085323 -0.17744373 -2.1694412 1.5085148 1.065407 -0.57053554 -0.8696975 0.5174772 0.3387283 1.3381561 -0.50784576 -1.5190272 0.79144996 1.454932 -1.5916322 -0.31027317 0.6206121 -1.1903075 -0.9205917 0.07855222 0.11934929 1.540786 -0.019429691 0.4711634 -1.1789917 2.3590777 0.8969713 1.0409878 2.0412867 1.0462258 -0.13167737 -0.053934015 -0.14154488 1.7725221 -1.2942356 -1.7237358 2.8420737 -0.83827674
tobak 1.5189333 0.506366 -0.7164314 2.0434518 1.386274 0.31637254 0.9848 1.8097247 2.2323608 1.6894947 -0.1316214 0.13569951 0.5643609 1.2078866 -0.25624675 0.69330454 1.5756855 0.14753129 -0.8044559 0.1540263 -0.38520694 -2.6745589 0.44289157 -0.3902942 -0.7067792 -3.1631336 1.5540718 0.29689854 -1.029448 0.1747294 1.125426 1.4701717 -1.8190758 -0.61823887 -0.32738304 -0.4748417 0.9966412 -2.542087 -0.7853588 -0.08144257 -1.4755403 0.92545575 -1.9955989 -2.032051 0.12474621 -0.23479882 -1.2598332 2.5501208 1.4185518 2.0980883 0.34212187 -0.15129867 0.18058097 0.5294753 0.69429284 1.5064821 -1.4338541 2.3498516 1.1677681 -0.31900802 -0.22842595 -1.2431233 0.0056816153 1.9804777 -0.613927 1.9639924 0.9737786 0.87373245 -0.9550685 2.6433604 -0.20695744 1.0304853 -1.2946244 -0.118758656 -1.2115891 -1.618971 0.47768334 -0.20388316 0.076634645 0.22842033 -0.7232276 0.19312784 1.0246197 0.071348414 0.93936324 -1.3190335 0.31838784 0.46237692 0.45544827 -0.89639837 0.31404305 0.06996875 1.0798459 0.49018207 0.07389056 -1.665711 -0.41608992 0.4911983 0.29458827 2.608016 0.5945563 1.6513976 -0.8512213 1.9249566 1.4134376 0.38548267 -0.1936371 0.20115039 -0.5492546 1.5726154 -0.3288667 -2.9078038 -1.1243043 1.4581246 2.7127163 1.7851548 -0.7178785 1.9032608 -0.17447227 -0.26927686 -2.3780267 1.0374571 -2.2569046 -0.2766977 -1.6347333 -1.5075326 0.79016954 -0.56144255 -0.49475095 0.48776135 1.2180587 0.027443351 -1.2653773 -0.28573 0.87094855 1.7313397 0.30673316 -0.40315276 -0.03044244 2.289668 0.25691083 1.3877078 -1.8507761 -0.20557246 -0.55041486 -2.8588219 2.1686864 0.13682574 -0.26837417 -0.89817494 0.113543816 -2.0763357 -0.6449742 -0.9289567 2.618472 -0.2985143 0.9956238 -2.235574 1.5496441 -1.6438859 0.7751335 0.14702901 -0.488139 -2.3466053 -1.4677985 -3.7929661 0.9384067 1.2203423 0.49593112 0.18518321 -2.0403543 -0.75804824 -0.15928377 1.0366747 -0.12301317 0.3840044 -0.33953327 1.1099713 -0.9331312 -0.13418257 0.59057754 1.9380182 -0.6743197 -0.32937682 -0.44443247 -1.7770565 -0.07721381 0.7152298 1.0110617 -1.1030477 -1.0918686 2.3013227 1.2541726 0.57099533 1.3307852 1.8467833 0.39030662 2.298007 0.8233104 1.2267307 0.30754358 -2.955021 -2.486688 1.4157925 1.6260406 -0.5727436 -3.0504434 -0.8564689 -0.009835075 1.8056766 -0.18982033 0.9812999 0.61594915 1.8624743 0.61603117 -0.6132578 -0.27206865 -0.75351757 1.4565666 0.30984178 1.1740652 0.44567555 1.571459 1.9700545 -2.1567278 1.0808357 -1.0065895 0.87335795 -0.23765948 -1.0552385 0.7715826 -1.0535252 -0.4163833 2.8927274 -1.5247678 1.4211335 -0.14929762 -0.8411263 0.5150409 1.8304925 -0.095179 -0.20937112 -1.0960488 1.0666459 1.8083694 0.40233132 0.22230628 -0.26103482 -0.6029005 1.1812915 -1.0419475 1.7082995 -0.77275324 1.440762 -1.116779 -1.1774018 -0.09247633 -0.46263817 0.47254002 -0.4811031 -0.9918606 -0.2588082 2.1536326 1.3878444 -0.9367609 1.2507426 0.02477903 0.67430025 0.83805066 -1.4639618 -1.3340741 -0.033801246 -1.1991671 -0.2878087 0.71688 1.5615631 -2.719198 -1.7626504 1.3055967 -2.6513386 -0.5627498 -0.57760674 -0.8572967 2.4239202 -0.29266015 2.4816732 0.35257918 -1.1220486 -0.5728075 2.606805 -0.019332252 -0.9365184 -1.0233687 2.7190146 -0.3939833 0.94298166 -2.404064 0.63614494 1.4081006 0.7111536
grapefrukt -0.21939148 1.11659 2.8987002 0.9418378 -0.32536426 -1.187141 0.51318085 4.6297517 1.5209686 1.399659 -0.81228405 0.3252215 1.501481 -1.4543356 -0.9897922 0.20659487 -1.5784886 -1.2697586 0.9232461 0.7901948 1.087092 -2.088203 1.2510457 -2.7695916 2.3317347 -1.6533821 -0.5997052 1.7107552 0.0029629117 0.62961066 -1.5753925 0.5270664 1.6718988 0.62049896 -1.3437612 1.4819362 0.92540884 -1.5633287 2.0316622 0.45444608 -0.56906927 0.12952489 0.036286782 -0.743447 2.577294 0.18487115 0.45115435 -0.07774277 0.5980851 0.79076695 -0.03795766 0.35755974 -0.9769979 0.14578697 -0.86044306 1.6659385 1.1941376 -1.0868844 -1.5335555 1.4299701 -0.24607494 -1.8100352 0.95306206 0.36466986 -1.3684891 -0.2592158 1.5545579 0.3107037 -1.416508 0.17720261 0.32855257 0.8263314 0.3260203 -0.98982435 -1.8687721 -1.4023854 -0.38651308 0.3217596 0.79381144 -0.7475046 1.7400663 -0.34040108 0.7547214 0.44288555 1.1933843 -0.69608897 -0.08757954 -0.6740575 2.1878693 1.0797589 -1.4710377 0.99962574 0.7205122 0.38402987 -0.9048921 1.2634388 0.12833104 -0.14234486 0.65408665 -1.5507411 -1.0927193 0.8786196 0.74586546 1.082163 -1.1270039 0.46742293 0.52165085 -1.5167081 0.32950673 2.0277193 -1.4358987 -0.7461297 -1.1010364 1.4959219 0.029058741 0.96523654 -1.0894085 -0.17197677 -0.5906737 -2.8453133 0.29236767 -0.6070854 -0.610254 -0.08274027 -2.8415945 -2.0627854 0.062043164 0.8764724 1.7107624 2.5204709 0.27394778 0.32817894 -1.1415474 1.2773598 0.10908304 -1.7797488 1.2379369 -0.86975193 0.0918432 0.045067783 0.30347583 2.3075793 -1.8132071 -0.61180645 0.14779802 0.8453274 1.468369 -0.92736334 0.46806958 -0.27049652 0.110960156 -0.5415291 -3.151402 -0.26925722 1.8614502 0.17373952 2.0718787 -3.1721344 0.30815583 -1.0050721 2.6849942 -1.7694713 -0.8007992 -0.07470961 0.32967505 -0.16030045 -0.0925639 -0.59844404 0.77890587 1.2631935 2.1796234 -0.042738363 1.9174925 1.7138011 -1.4138708 -2.34621 -0.044757437 1.9192497 -1.7646947 -0.57610494 0.88542235 0.5781185 -0.48077014 -0.19209726 -0.6150213 0.9545826 -0.0013344968 -0.6685152 0.6329667 0.012115007 0.34337127 -0.3918837 -1.7250932 1.1283771 0.7826252 -1.1397867 -1.3261864 -0.5409813 0.2218491 1.4355011 1.2308623 -1.1568295 1.9761541 0.73112595 1.4363775 -0.4248297 2.1946921 0.94607615 -1.1594942 -1.2687678 0.8632214 -0.05478385 0.7544001 -1.0128086 1.5956243 -0.37086895 -2.7887335 -0.869971 1.0074583 -0.88115686 -0.39314005 0.7379584 -4.0919147 -0.66536164 -1.0828114 -1.4252541 -1.2921509 -1.5537782 -3.2014294 0.11687117 0.955813 0.07005119 -0.1720506 1.4981979 0.09411545 -0.80431885 0.761469 0.30111173 1.0525444 0.48232543 -1.5555664 -0.96242446 -0.36106572 0.52350503 1.1983712 -0.18977323 0.56218785 1.132408 0.6221501 1.753719 -0.47711423 4.420272 1.2028167 0.7893712 0.49782786 -0.13739224 -0.9459485 1.0720211 -0.73333454 -0.5175777 0.10149805 0.13320431 -1.1904827 -0.9135205 -0.66723615 1.5897006 -0.3659689 -1.6267984 -1.0304035 -0.8274017 -0.80997014 -0.004583961 1.040852 -0.55662477 -1.1984605 2.6500719 -1.4508907 0.40764135 -0.10727768 0.28956208 -1.1251112 -0.10839404 0.90803224 2.6231701 -0.41579133 0.85682297 -1.3765166 -3.9939284 -1.1774619 0.6823311 2.0647821 -0.08048779 0.5768134 2.7408278 0.7247003 0.37159634 -1.7003592 -0.43925482 -1.0288543 1.7151165
urin 0.34167928 -0.029110974 -1.3097353 -0.207562 -0.0024531656 -0.54602194 -0.26514107 -1.6861367 -0.08511916 1.0601362 -1.0690702 -1.7573825 -1.5577492 -0.21961172 -1.3721477 2.094855 2.4960196 1.3281393 1.9051404 -0.5945666 0.9715252 -0.980598 0.80085504 1.5983561 -1.0632674 -1.3339548 3.029442 1.2781905 -0.1732414 -2.3992958 -1.2370611 -0.02941896 1.032049 0.853698 -1.6146152 0.4446993 -0.1569129 -2.7733881 -0.47926566 1.7911348 0.425815 1.3596748 0.3200135 -1.3180884 -1.8347168 0.9172579 0.8747099 -0.46107948 1.7119048 1.0156865 -1.1589322 -1.6027138 1.7659214 1.8945653 -1.8565308 0.7688827 0.4090985 0.5067394 0.2911003 1.035827 0.24394295 0.111965135 -0.4226955 -0.086740896 -0.23730655 -0.30156007 -0.41717616 -2.3317516 -0.91922927 -0.8204598 0.5276325 0.7320274 0.5940267 -1.050312 -0.56618994 2.1798615 1.2597085 1.6781443 -0.028526146 -0.26915294 -1.2750536 0.9394187 -0.11011597 -0.807886 0.33263242 -0.9337473 -1.2880515 -0.1949606 1.4588314 1.4783572 0.062781654 0.677386 0.040670346 2.4155078 0.19684893 -1.3951986 -0.63072103 -0.3010821 -0.96468365 0.9922838 1.4063683 2.372318 0.35663736 -0.645386 2.9746747 -1.1371427 0.50199306 -1.0078433 1.2665648 -0.4812275 -1.5582299 1.1286473 -2.5900996 0.18614547 -1.732498 3.7988126 -0.23928949 1.8821925 4.092299 -1.7956129 0.60570794 1.7214806 0.5804437 -0.49756607 1.4176264 -0.7583658 1.9439366 -0.52524334 -0.35167366 0.4669792 -1.312568 -2.589885 0.38093692 2.1123564 -0.8170132 0.38116494 0.13613215 -1.2923343 0.45278224 0.49003682 -0.9336369 1.7271601 -0.08084381 -0.62803423 -0.3651963 -2.1153927 1.9475807 -0.3667663 2.3466234 1.2017609 -0.3479299 0.28397036 0.37907284 2.809349 0.40613917 0.54589736 0.08084323 -0.4403907 -1.7778369 -2.3050795 1.6750315 -0.060743574 0.5936291 -2.001247 0.5468936 1.7825015 -1.7703584 0.05077888 1.2388598 1.1472595 -0.8643988 0.027683081 1.408518 -1.6533045 1.0300703 0.7382708 0.3432315 0.94284475 -0.5350372 -0.53666073 -0.9699204 -0.47969535 -0.34949538 -0.014459408 -0.07798917 0.10928034 1.7944164 1.2572013 -0.13572688 -1.8933547 0.24785468 1.57443 -1.2687422 1.2577851 0.09508928 -0.98046774 1.9616772 0.21323463 -1.0236363 0.17680529 -1.9324023 -1.4571556 0.75546545 -2.8410363 0.84911406 0.89060396 -0.8990406 -0.7533441 0.032805845 -1.5271144 -0.5800605 -0.70133585 1.8486134 0.7617373 0.024528729 1.0162786 1.2432648 -2.1124904 -0.3428189 -0.06240212 1.8457468 0.9823069 2.043324 0.9261959 0.08577593 1.4373721 -0.11777003 -1.3041638 -1.1246791 1.2027543 0.7912074 0.13257693 -3.148102 2.2959082 -1.0297447 2.1908703 -1.4921356 -1.5638326 0.6945219 -0.5479964 1.6620356 1.3364795 -1.146367 1.0414139 -0.045338884 0.5345065 -0.2736994 -0.035060436 -1.6486267 -1.6149234 1.1783355 0.6327967 -1.3948108 1.3977182 -1.3332034 -2.4615438 0.34913805 1.5268209 0.47535017 -0.5829768 -0.7061471 0.48439097 -0.20292264 0.70318633 0.27072453 0.19133966 -1.2598159 3.443281 0.37367037 -0.31083664 -2.201664 0.7293753 -1.7270298 0.037549566 0.2280696 0.27715483 -1.2640464 2.0398648 0.03439272 -1.3319832 -0.52460045 1.5728723 1.7241987 2.6711693 -1.2933267 2.1415954 -0.92092955 1.0332136 -0.074419856 1.7939492 0.80265594 -0.26663783 -1.2250279 0.43661997 0.33997515 1.3066753 0.9872495 -1.0178565 2.362246 -0.880606
läder 2.379518 0.9473369 -0.20176141 2.065037 0.34319276 -2.0947597 2.7182271 3.2174327 1.3113769 -0.78272676 -0.16995955 -2.1755176 -1.5494758 0.7734531 0.2200635 0.40746883 2.0977862 1.5075836 -1.0033226 -0.38115555 0.8828067 -1.8360343 1.431689 0.6458189 0.47027552 -0.14948574 1.4625636 3.319303 -0.42609718 -0.8617448 -0.262356 2.4657855 -1.1385194 -0.62571037 -0.74645346 2.2411842 1.8405925 -0.6967178 -2.0859332 0.04066289 -2.8855329 0.44723028 0.49393266 -1.4331893 0.4513635 -0.82843006 -0.3912935 0.9538714 1.4189476 -0.38479224 -1.8711231 -0.84263754 0.15158005 0.28850272 0.974869 1.3457794 -0.56391245 2.716584 0.9745205 -0.93512785 0.475741 -0.55305254 -0.47259334 1.1366572 -0.050811548 1.8813691 2.1880472 1.7433583 -0.37145564 0.981018 0.3228511 0.75378644 0.016632695 -1.383747 -0.20306668 -2.6849475 -0.30601668 1.2817291 2.2201 0.64996976 -0.08607204 0.26786202 0.70595366 -2.7171671 2.5455177 -1.5037763 -0.33256215 2.723186 -0.30693245 0.19449599 0.9679592 1.0769817 0.30525357 -0.8891639 1.1107063 -0.60409594 1.8907701 -1.2739171 0.3124718 1.7200252 -0.59124583 2.184336 0.78685397 1.3870633 -0.34610066 0.2780125 -0.39954457 1.2476934 1.2182789 1.0621614 1.8004009 -0.684094 2.060142 0.6158594 0.9067679 0.752922 -1.3084743 1.315992 -1.649853 0.12831263 1.0238755 1.3296717 -2.1101408 0.0847196 -1.5627263 0.34197536 -0.933576 -0.7415062 -1.4253366 -1.0558535 2.4147394 0.5424568 -0.5192147 1.1090316 -0.39012066 -0.49682215 -1.4165703 -1.4553883 1.1988833 -0.16254361 -1.0441625 2.0397944 -0.7045295 1.640963 -0.5961502 -1.581942 2.1608102 0.84313637 -3.8412285 -2.1561038 0.982989 -1.8453299 -1.2002952 -0.6963081 1.9636338 0.26739627 -0.06581881 -0.6110145 0.9477754 -1.0572262 1.5313594 -1.4125756 0.42087546 -1.0923411 -1.8298323 -1.6780527 1.8699439 -0.304367 -0.3193677 0.18990809 -1.1216863 -1.034628 -0.8109973 1.5499951 2.04255 0.83931214 0.95100325 0.96319336 -0.7413311 0.8693048 1.310944 -0.5571156 0.7053913 2.2788122 -1.1747341 0.84245586 -0.2872023 2.9029121 2.3524904 -1.7431387 1.5243118 1.1111522 0.9341038 1.1006383 -0.7788073 1.5160825 0.1648586 1.7572243 1.645062 -0.33105034 2.5500157 -0.16937819 0.07261581 0.34937528 1.0093445 0.467733 -1.7475857 -1.2062392 -0.7369244 0.45535502 1.4016122 0.8446561 -0.3733536 1.0353857 0.80204475 -0.45187882 -1.2931904 -3.1278393 -0.4026887 -0.19733612 1.827062 0.010327169 1.0643399 0.50891006 -0.5965614 1.54345 -0.2781336 0.6397305 -1.9553237 0.85630685 0.6127734 0.6706314 -1.0270135 2.0417244 0.2280495 0.46148533 -0.93992853 -2.0875487 -0.10271655 0.36654598 -1.4719611 0.21912046 -0.68966216 1.5667844 1.1943271 -0.46618655 -0.99605995 2.2482178 1.8773503 0.24573916 -2.7025716 1.644832 -1.4287452 1.4031658 -0.96043146 -1.913739 -1.4524235 0.078128666 -0.9560984 -1.2488542 -0.9050249 -0.9901018 1.6607502 -0.7165775 0.058661185 -0.29643613 -1.6454933 2.0453954 1.2115376 -2.038799 0.23044626 0.42258072 0.90313685 0.07565147 0.35084984 -1.1780303 1.071351 -1.6963037 -1.8090572 -1.6444741 0.82272965 0.54635113 0.042290486 2.4462867 0.09540856 2.8062358 1.78638 -2.6349375 -0.5189828 2.0561297 -3.778317 -0.033972386 1.5450559 2.7707322 -0.4333643 2.2257729 -1.7378448 0.33349654 -0.4207704 2.114473
hö 1.0567036 0.36207628 -0.91444665 1.2416588 2.6605167 -3.3096187 2.8165174 3.727219 -0.6114503 -0.07547367 -0.29672346 -1.4063705 -2.7541246 1.4098285 0.19225006 0.15334465 -0.1675091 0.37325326 1.8578115 -0.97548836 -0.4776527 -1.6422005 -0.21321969 2.4494812 0.5224445 -1.8543464 -1.1086211 3.1316962 -1.5413474 -0.031903222 1.0415922 1.3804473 -0.2854853 -2.1569233 0.894927 -0.24539392 1.2486025 -1.7308954 -0.16617201 -0.14140539 -1.8740851 1.4030199 1.5961554 -0.3795117 -0.12621574 -0.96309996 0.2934156 -0.9528089 0.39254755 1.196237 -0.6321655 -1.4703652 0.7243154 0.58145595 -0.41486588 -0.17535241 1.1169096 0.41738692 2.290277 -0.7746103 -1.2136679 -1.5058216 -0.037082233 -0.6572983 1.2646874 -1.0281866 -0.21728647 1.0417235 -1.5528305 1.1782421 0.68685555 -0.31228724 0.17524104 -0.18177639 -1.6005636 -0.20162846 0.3656963 1.613083 1.5656846 -0.8322541 0.540351 1.3469341 0.27309012 0.12760504 1.6228899 -0.7214024 -2.420557 2.0456753 1.0048234 -0.7364428 -1.2664205 0.70611763 0.43946484 -1.3337936 -0.69761944 1.6623988 -2.3264804 -0.106405936 0.97301584 0.7722898 -0.6735747 0.29467985 1.2615356 1.3491969 0.3125056 -0.29546654 0.7022533 1.3720763 -0.10570653 -0.7000897 -1.1658409 -0.3030289 0.57517344 1.8991739 -0.2598914 -0.22610891 -0.60495603 0.16819055 -3.1419492 0.6625686 0.83122057 1.0428464 0.13188279 -1.9670599 -1.7789892 -0.98915166 3.5929275 -0.6439652 0.149272 -1.0523325 3.0199428 -0.6503394 -0.07343358 1.1998514 -0.6787029 1.921662 -2.982532 -3.235061 -0.4582174 -1.4721467 1.424766 -0.21449329 -0.6013963 2.3159606 -0.715517 -2.2404966 -1.1594434 0.40132606 0.11449937 0.24138029 0.77690107 0.27015212 -1.0603839 -0.5803764 -0.98858345 0.40378365 -2.1436996 -0.7448659 0.8670905 -3.7326427 0.6356908 2.2795982 -1.0796247 -0.39457002 0.23880832 0.15651509 1.0224596 0.25683787 -1.8263639 -0.82256365 -0.55828005 -0.74267226 -1.791611 -1.6349669 1.5737128 0.9321573 1.6304741 -2.1147592 0.3424805 1.678413 2.0542643 -0.40529025 1.189938 0.17338187 0.44928914 -1.506048 1.3639212 -0.10520898 2.17808 0.43792695 -1.2571982 -2.4714136 -0.18061249 1.0531485 0.15214886 -0.089357734 1.8872634 1.2460988 -0.638379 1.3210893 -1.3214092 1.1862615 1.106191 1.3348514 0.89337677 1.1870875 -1.177418 2.7396743 -0.9795176 0.18520729 -0.77988094 -1.1046135 -0.44010684 0.1848499 -1.5710956 -0.25773373 0.08683846 -2.3838031 -0.27270642 -2.250361 3.1736336 1.1545582 2.2600558 0.9095106 0.25554222 1.4881372 -1.0910381 -1.0408573 0.23827426 0.49528828 0.63292396 1.1878476 -2.2453346 1.2029923 -1.3537852 0.6308723 -0.50168836 0.23508807 1.5130333 -0.3942413 -0.56666815 -0.41992778 -1.9271615 2.5298321 -1.4105567 -0.4242134 -1.3811468 1.1698849 -1.1760436 2.0271072 -1.0353324 2.2396898 0.088220045 1.8279463 -1.3380157 0.08840044 -0.3160628 -0.44041505 0.3417293 -2.6638403 0.8697046 -0.016416036 -0.18301941 -1.2081481 -1.1581933 1.1075072 -1.3444223 0.27290475 0.044332225 0.65308434 -0.19293359 0.5683328 -0.95492285 -0.9370272 1.9436164 -0.3509964 1.8411137 0.7413775 0.3160313 0.29535422 -1.9070612 0.074059546 0.72051364 1.111884 0.087270215 0.75920737 1.8143089 -0.77550095 0.39653137 -0.41324818 1.0260742 1.3791865 -1.1032887 0.24642187 0.14739868 0.36870638 -0.46965346 -0.1413997 -1.0438184 -1.8809581
tjära 2.455628 -0.26443937 -1.8296155 1.3220285 0.20794111 -0.26857257 0.6334598 2.973292 2.6456811 0.02356315 0.23794244 -1.1545391 0.3874454 0.23652193 -1.969304 1.2589527 2.871481 -0.22122574 0.22942506 0.84650594 -0.32142264 0.3595136 -0.098257825 1.7726535 -1.392445 -0.89733607 2.885382 2.3190827 -0.5818604 -0.4217496 1.1941776 1.2936152 -0.7009743 -0.47122797 -0.3361843 1.4461532 2.2046 -1.679633 -1.3200182 0.6092623 -1.8826196 0.66335034 0.48931545 -1.4352052 0.64149773 0.8724571 -0.16007522 1.2477472 0.7402092 0.5009624 0.50613666 1.0170496 -0.522723 -0.72822696 0.4624829 -0.23536931 -1.1246452 1.8154358 1.711103 0.42398584 -0.14282855 -0.2721264 -0.28913954 0.08208522 -0.036618527 -0.69828576 0.010329611 -0.7601116 -0.060792316 -0.9408702 -1.1198329 -0.03627117 -0.6556124 -0.50755745 0.19265361 1.4080006 0.1584279 1.7790773 0.59511256 -0.5499963 -1.3440703 -0.34640488 0.039070133 -0.03192897 2.9533312 -1.1312249 0.55837744 1.5151585 -0.5263326 -0.22802387 0.3187705 0.17628677 2.4107943 0.9266668 0.0049246694 0.34570426 0.55756354 -0.058643494 1.2636813 2.323809 0.16532661 1.2837839 0.21163277 -0.11967515 0.81925356 0.9564935 0.5272139 -0.8349265 -1.158391 -0.2730597 0.10559336 -0.76856625 1.0331762 -0.064197816 2.1945636 1.1861563 0.0009871876 0.9579984 -1.2641777 -0.39542344 -1.458524 2.5796144 -2.2104535 1.3701707 -0.9561359 -1.0383692 -1.4106973 -0.69370836 0.65806043 0.5309443 1.5227933 1.001336 0.11992696 0.55949914 0.21292755 0.1373505 -1.1147181 -1.144706 0.89794946 -0.4956552 0.29712698 0.7586903 -0.62069947 0.5850039 -0.12532218 -1.2956612 -0.1605958 -0.019993743 0.16847408 -1.2480551 -0.5457348 -0.7248955 -0.2979533 -0.7894188 0.42328238 0.79653347 -0.1285634 -0.7514547 -0.17614064 -1.7936016 0.7556994 -0.66791165 -0.2183611 -4.306984 -0.536944 -0.7065115 0.2909548 -1.4085792 -0.07225098 -0.029601676 -0.15871987 -0.9904492 -0.9822321 1.1408336 0.554204 0.58237785 1.2721086 1.1640055 0.39264548 0.36353165 0.6812704 0.13897306 -0.49794674 -0.20781906 1.973609 -0.09133775 -0.80025196 3.1016295 1.3414372 -0.75743204 -0.73232347 1.4435474 0.89350945 0.7329635 0.8245143 1.083908 1.6208327 -0.3567427 1.5952607 0.8799377 1.3131809 -1.631176 0.1043217 0.5487699 1.1760734 1.210569 -0.14041345 -0.50974303 -0.3013115 -1.2790369 -0.38203105 1.7708198 0.9629003 0.03882164 -1.2514408 -0.79904944 0.79488015 -2.6264255 -0.8647268 0.45918033 0.7232808 0.91774946 0.42908043 1.6859857 -0.5149829 -0.65723586 -0.6632717 0.4596944 -1.0492327 0.10693303 2.3349779 0.2556525 -1.032192 1.5810786 -1.711716 1.0906969 -0.31299186 -0.6418007 0.6473968 0.24182162 -1.7357315 -1.0322554 -1.0584759 2.7122405 1.0218283 0.63831866 -1.9196506 2.9331076 1.1423924 -0.51773715 0.7410836 0.089146174 -1.3524818 0.11354811 -0.50301814 1.1484821 0.80122226 1.0693842 -0.31522268 -1.5223846 0.30814308 -0.6960913 0.0044729 -0.8318948 -1.7367938 0.2636037 -1.0963262 1.0611157 1.4867619 -1.3297012 -1.7691628 -1.7303423 -1.7631322 -0.32791346 2.2065725 1.1542801 0.13966425 0.24985686 2.0144563 -1.6558285 -0.13600674 0.014364065 0.08171705 0.08231556 1.0183445 1.8513719 1.779404 -2.0044506 0.18521145 -1.1453081 -0.12495267 0.5434435 0.81010675 0.2860217 -0.25843072 0.26439995 -2.0430388 -0.29514065 0.12992086 -0.8587827
svamp -0.6438333 0.6889949 1.5496897 1.4197295 1.9816401 -1.6825417 -0.19946238 1.198869 1.9619589 0.3619384 -0.59855235 -0.6963477 0.26590368 -1.4943637 0.39549384 -0.73879033 1.3133452 2.2203689 2.086207 1.3922721 -0.6655774 0.47233954 1.1793106 -1.0773997 -1.8308759 0.1988988 0.95449495 1.3299563 -0.4429555 -0.163348 1.6792117 0.91754806 -0.008232439 0.41451424 -0.3217204 -1.9289716 0.023252679 -0.4724732 1.1782714 1.7641467 -1.710783 1.1205807 -0.111492045 0.48354733 0.7406854 -0.72331536 -0.08018703 1.3757982 1.2702309 0.7790264 0.4546948 -0.022244142 -0.8034777 -0.51261914 -0.76618654 -0.24903944 0.7555888 1.9426818 0.41387174 1.3925703 -1.3936489 -1.8829715 0.5298458 0.1443931 -1.2827452 2.2898467 0.98610485 1.2897538 0.47484222 0.42737252 1.4132656 1.5723054 2.3781414 -0.830802 -0.7721489 -0.1466025 1.17454 0.58297694 -1.1995836 -0.8394557 -0.26239008 1.2840154 -0.47111017 -1.1694163 0.10528413 -1.4075551 -0.25538275 1.2578386 -1.6810424 0.9457669 -0.4731012 -0.49793014 -0.47466922 1.0764029 0.5626013 0.39892253 0.61856735 0.69718164 -0.21333271 1.4360526 0.26717925 1.1538134 0.61568743 1.5065598 0.29186925 0.46883103 -1.520279 1.4571512 1.6189891 1.8963844 -0.0064997496 1.0559127 1.4375384 1.9606185 -0.20778212 1.7284952 -1.3534131 0.811633 -0.48832357 -1.9868019 -1.5218197 0.57673556 0.7164962 -1.7177403 0.1648562 -0.8896431 -0.0529057 -2.8164546 -0.7119121 0.4535955 -0.40832624 1.263784 -1.4243723 1.2617673 0.5893632 -0.11155075 -0.6929685 0.20255026 -1.4595855 -1.95304 0.836784 0.19792068 -0.09029663 -1.4364917 0.093423255 -0.109923266 -1.8922467 -0.41060787 -0.81043285 -1.2228413 0.28429505 -0.82471585 2.1103113 -2.0206833 0.43314832 -0.39337564 -0.21892518 -1.1733115 -1.6509718 -0.84497976 1.4226971 0.48429748 0.9304992 -0.30171213 0.521594 -0.4489467 1.8001958 0.85363126 -0.09372875 -1.3709626 1.2330889 0.12436559 -1.2496012 1.8505125 0.7119273 -0.049728055 -0.13517293 1.3675917 -0.23215014 -2.082145 0.15948631 0.64946806 -0.35032412 -0.49323672 1.765808 -2.6101933 0.0905862 -1.1918374 1.8917722 -2.4863636 0.5997474 -1.6910892 0.89188963 1.3246248 -0.5297287 1.8084601 -0.42274064 0.706259 3.2208366 0.3178701 0.21342924 -0.59593403 2.6779532 -0.13439636 0.27762893 0.3385419 -1.1934563 1.3094419 -0.63452554 0.4391358 0.27964696 0.20919096 0.24351406 0.12063578 0.020388283 -1.9660003 1.1256824 -1.4264901 -0.21075338 -0.64332056 0.94998795 1.4220473 2.048321 0.38738883 0.46112913 1.3993391 0.9122225 1.4396961 -1.2258999 0.12661895 -0.46617365 -0.6389888 -0.94673055 -0.80350935 -0.3838202 0.9453351 -2.1416109 1.4740976 1.7267191 -0.5686454 -2.0939624 -1.7136744 -1.0959893 1.5339003 1.2630111 1.9990779 0.42930177 -0.25689384 -0.58275396 -0.17891727 0.6902913 -0.0314512 -0.8717043 1.3024416 -1.6373339 1.4538773 0.99472225 1.1100905 0.88047355 -0.23950899 2.6748738 1.2967232 1.392108 0.24952962 0.53979397 0.925172 -0.82391757 -0.22105205 -0.1181438 -0.23524629 -0.7348607 1.3073285 0.41305214 0.1633527 -0.33282614 2.1552916 -0.32412213 -1.0192403 -0.13450517 -2.3249304 1.2955315 1.0090485 -0.11541932 0.65582067 -0.032971766 0.8217188 -0.060662933 -0.4456116 1.6846362 1.8320687 -0.92811775 0.33398125 -0.3321694 2.3666115 -0.4082918 2.0879276 -3.0174923 0.5640139 -0.16727939 -0.7070773
hallon -1.013155 -0.4541646 2.3650587 1.3768001 0.59448636 0.28597698 1.8674489 2.74428 0.5363297 -0.39472923 0.25818375 1.3747325 1.2436521 -1.6105161 -0.31420007 0.81173855 -0.70731884 -0.9007098 1.4602197 -0.20496972 0.15379447 -0.28030896 2.543777 -1.1647938 0.18412344 0.5498713 -0.4781477 2.0538783 -0.8936291 -0.5670489 -2.448625 1.6562272 -0.06436467 -0.8614605 -0.5328841 1.3685625 2.064339 0.59349924 -0.92856246 0.1944387 -1.9913517 -0.88511765 2.2334044 -0.93937635 1.2605295 -0.022854382 0.63785815 -1.8438195 0.37163606 1.3709855 0.39607227 0.56181365 0.12564291 0.39055458 -0.3290661 0.6047367 1.0792634 0.12569301 0.33872482 0.047694173 0.40132636 0.3980736 1.0807252 -0.10735707 -1.0396109 0.36150602 1.69571 0.12223116 0.13348077 -0.35075733 1.1900003 0.49728614 -0.27479637 0.31749216 -1.1248182 -0.08874988 -0.3512874 -0.6115483 0.7780803 -1.7938823 -0.56987053 -0.86898726 0.6508667 -0.33702233 0.79147375 0.22349289 0.41202107 -0.8950031 -1.4287184 -1.538284 -0.26099253 1.0457294 1.4003291 0.47605255 -1.3268738 0.78889364 0.25669125 -2.820479 1.0779334 1.1392472 -0.07920506 0.15591952 -0.27532658 1.0709317 -0.25110045 1.792048 0.27442104 0.71348065 -0.8667621 1.210716 0.24459276 0.27583262 -0.7039162 0.8141245 1.2449257 1.0281088 -1.8012735 2.0305967 -1.4387815 -2.439833 -1.7319065 -0.41707826 -0.821697 -0.3322905 -0.8889619 0.19091263 -0.0032709118 -0.8151859 1.3348463 -0.054208 -0.46860227 -0.4928479 -0.34796816 1.024557 -0.58204 -0.14949457 0.7087656 0.328142 2.3703196 -2.1796298 1.6469235 0.6286843 -0.5063089 1.4115609 1.5097688 -0.93489987 1.2656715 -0.80943847 0.22560644 0.36561003 0.56563634 -2.3730597 -1.8615913 -1.7547466 0.7280676 -0.48053578 2.2059262 -1.525556 0.28922707 -2.024276 1.8105965 -0.022782091 -0.16709618 0.17988898 -0.9530804 -1.0375609 0.60302746 -0.024737002 -0.88050133 0.27101895 0.4966017 -0.9473393 0.4407881 2.6023946 -2.483021 -0.75131434 -0.57058424 0.6302475 0.25765157 -0.87302804 0.8375892 1.2653109 1.0425533 -0.20867331 -1.4497701 1.4127356 -1.4764968 -0.34863767 0.25060797 -0.6530819 0.40567318 -0.12721026 -0.9976938 1.5157397 1.6998377 -0.3583452 0.35820737 -0.71294963 0.4471204 0.057116404 -1.7774584 -0.6791168 -1.01305 0.8261438 1.0085927 -2.0697496 -1.5150998 0.71481365 -0.56447965 -0.693779 1.1557019 0.1429083 -0.097460166 -0.7510224 -2.3636878 0.28650117 -1.6880264 -1.2365202 -1.8906341 -0.8218192 0.1794012 0.5686928 -1.5056736 1.1672856 -1.2090335 1.8003495 -0.9443832 -0.71787035 -2.788049 -0.7045072 0.45647702 0.56646425 -0.6708679 -0.27171373 0.56919825 -0.26089925 0.3596226 1.7356409 -0.2008056 0.43392485 -0.9017892 -0.59771806 1.1737725 1.1562754 0.629677 0.6188114 -1.287379 0.81114596 1.5377165 0.9136673 0.18775137 2.0420141 -2.1221268 0.2879158 0.6394377 -0.5070059 -0.14021096 1.1734364 -0.70032096 -0.44612324 -0.84594595 0.9664608 -0.26657918 0.7901481 0.16371174 1.0353667 -2.2400734 -0.14977364 -0.8302977 -2.591667 -0.087482914 1.1004682 -0.06539884 0.35790443 -1.8448843 0.8671037 -1.4532597 -0.29972973 -0.22685295 -1.5617287 0.021285884 -0.07433161 0.979173 0.4664411 1.5931985 3.332727 0.7520508 -1.5769547 -2.1142178 2.5564518 -0.5064427 0.78557426 -0.64045453 1.6074187 -0.30842215 0.37153193 -1.3302828 2.7434456 -1.0597018 0.62097436
mandel 0.4049914 0.99827063 1.0750263 2.1998394 2.3779755 -0.9243235 1.3880446 3.7710662 1.7826478 -0.24305646 -0.5694038 -1.4266044 -1.8222191 -0.25389382 -0.5230857 -1.2741269 -1.2816585 1.0115272 -0.11409137 0.30705863 1.749148 -3.4356735 1.2373344 -0.8227658 0.37947738 0.00082063465 -0.35003036 0.091490455 0.45480424 0.8815522 -0.24006759 -0.1250855 -2.862283 1.1120665 0.28633115 2.1489935 1.945408 0.8784444 -1.9201163 0.6984328 -0.21893297 -1.3578377 1.7142922 -0.116101176 0.9251716 -1.8769475 1.343576 0.5163826 -0.10766878 -1.0646647 0.3032437 0.60055906 0.7078412 0.9501416 0.47688052 -0.18786213 1.7117347 1.0794251 -0.24466199 -0.31794095 0.24314488 -0.88315827 0.805177 0.49557036 -1.4667345 0.72360235 0.64179695 -0.94783014 -0.20897008 1.3345883 0.8252671 -1.7673883 -1.5649531 -0.046057798 -0.15733969 0.68738604 -1.3395895 -0.6992581 0.8748857 0.031797793 1.1020443 -0.8477013 0.69891953 -1.4831117 1.0006859 -0.07894061 -0.12800565 1.3598175 0.021530766 1.067309 -0.26594383 -0.7228237 -0.4037201 1.169863 -1.1351056 0.4863129 0.12036356 -1.4240218 2.6208007 0.156613 -0.27010423 -0.24513236 1.2885801 2.3496544 1.7128519 2.2040315 -0.074635 -1.1649393 -0.35884845 1.4251195 0.04589808 -0.17254813 0.2800569 0.22707969 -0.37009996 1.0210962 -1.1524051 -1.31917 1.8810014 -2.4429386 -0.79178095 1.4869274 0.16625498 3.5561998 -2.6814883 -1.5308243 1.1784776 -1.2926338 1.3236709 2.1484108 2.3277133 -2.0997438 -0.74644536 1.0483239 0.9360065 2.1113145 2.5525963 -0.44922027 2.2944748 -1.5514829 0.36550614 2.3534465 0.5056036 1.9976245 1.005905 0.6525708 1.077501 1.7512366 0.26990706 -0.386588 0.802192 -3.2500877 0.394778 -1.1324061 2.872788 0.65503913 0.83755535 0.45173466 -0.17311601 -0.9596532 0.26946816 -0.52192503 0.06223938 -2.5416737 -0.48471937 0.85334396 -0.09776323 -0.26621267 0.61306196 -0.9534372 1.2643174 -2.8703952 -0.14757985 2.83084 0.2870955 0.8323705 -0.1852184 0.19776995 -2.7358189 -0.5018753 1.1640886 -0.7015335 -0.9718878 2.159934 0.38483524 -0.93512654 0.60607934 0.25873467 0.8880943 -0.015330784 1.548073 -0.24422903 -0.5670838 -0.2944857 0.6450475 0.030792953 -1.3712795 2.0825162 0.70004433 0.59459233 0.7196601 -1.1754274 0.6013888 0.20201235 2.0713007 0.86479735 0.42408943 0.39670953 0.7193247 1.4015573 2.1350021 -0.23064724 -0.6766326 1.4410633 -0.073066995 -2.5433886 1.1142812 -1.0515999 -2.6314478 -1.1883428 0.3528649 -0.89552397 -1.4699937 -2.3684025 0.08246088 1.0141803 -1.6447371 0.69946355 -2.3634045 1.0294557 2.2319353 0.8204365 -0.5584231 2.321312 0.36555925 -0.29748014 -1.3768605 -0.5523214 -1.2503527 0.07555 -1.7642059 -1.3489808 -0.12288933 -0.12312932 2.7993548 -1.0003616 -0.5767202 1.0081694 1.4178199 1.9417254 -0.93772215 2.0424805 -0.48199564 -0.4077003 0.30961502 0.22030553 -0.40599242 1.7616557 0.34728438 -0.26651797 -0.8488393 0.5965231 -1.2311774 0.70549 -2.3535173 0.4899049 0.9602766 -3.0803833 -1.2245579 -1.59009 0.27009934 1.2517619 0.4419527 -1.0943514 0.055455577 1.7000105 0.86109215 -3.4995916 -0.15804267 -0.6041165 1.4712734 1.9787232 1.1620015 -0.56643164 0.6495748 0.93921953 1.4035553 -2.4533405 0.42778677 2.0748172 0.02673463 -0.65553206 0.33636928 1.8247705 -0.0674093 -0.6624301 -0.48149073 1.1341588 0.025293607 1.414119
björnbär 1.6903846 0.84140575 -0.1828732 1.2101008 1.0984119 0.8357824 0.14545932 2.475858 1.5173783 0.7299169 0.30891338 0.96834975 1.1238532 -1.5620594 0.16997702 0.39122885 1.7209746 -1.2666138 -0.5596984 -0.6202857 2.0922835 -2.1602287 1.1143692 -0.12375254 -1.5677186 -0.8927957 0.64555615 2.3485634 0.11807643 0.9947795 -0.5404177 -0.15671386 0.086913966 -1.7713457 0.1439599 1.6036805 0.2345414 -0.8121548 -0.8354874 1.3188063 -2.8464236 0.018276675 0.95033664 -1.9550033 0.16871807 -0.039239716 1.41585 0.84049815 2.2521515 1.2043252 1.8407943 0.6486627 -0.58751506 -1.3600678 -0.38802913 0.10587882 0.6669956 1.5351635 1.6408616 -0.7727872 -1.5791584 2.1601257 3.410471 1.1853874 -0.39009455 0.61106855 2.0345616 -0.62616384 0.8305488 -0.6236477 1.166701 0.2778989 -0.752134 -1.3234733 -1.329687 -1.1675992 -0.9575049 0.442797 1.302455 -1.3837528 2.431309 -0.223563 0.7549324 -1.8509274 2.1830113 -0.1292885 1.2882863 1.9035975 -0.9397586 0.5910836 -0.8017546 0.14758396 2.149428 0.84207743 -0.043126468 0.7967655 -0.7532221 0.27238086 0.54401374 2.360365 1.6078632 0.86363864 -0.8559231 0.6758647 0.8828359 1.8386544 -1.0360484 -0.44485173 -0.77189106 2.8232744 0.53500766 -2.948126 0.019139826 1.7385408 0.974621 -1.5031381 -0.5123056 0.12231506 -2.233653 -2.9890134 -1.2519339 0.2638331 -1.3547031 1.7729369 -1.3945379 -1.3028896 -0.6579056 -1.0248809 1.7928026 0.2676161 1.4875513 0.45120835 -1.7465565 1.244239 0.61138815 -0.8070917 -0.039438695 0.38283724 -0.646863 -0.932322 1.229605 2.046282 0.42101523 2.0097253 2.5251007 -2.0575147 1.2302907 1.553981 0.28647354 1.1334081 -0.56355864 -1.585356 -1.3059993 -1.2622869 1.1020601 -0.21184595 0.08158458 -1.4020247 0.51958907 -1.0729413 -0.23967133 -0.6752449 -2.1236 1.0286596 -1.2988516 -1.3906407 3.10208 0.11736166 -0.116868645 1.4648613 1.3181709 0.8296126 1.5290409 1.1266305 -1.1351128 -2.083089 -1.3870056 2.0059578 -0.5858204 0.3930939 1.5852538 -0.7971067 0.3983581 0.947868 -1.5069939 0.936367 -1.010566 -1.1860526 0.8671119 -1.8146653 1.2855408 -0.5437295 1.1832341 -0.5011478 0.19239181 1.2498984 -2.0560563 0.20358917 2.8071883 1.0785853 1.722342 -2.6003213 1.4134314 0.9073273 1.6634324 0.13193387 -1.7467296 -0.63123333 1.2310144 0.7768225 -0.8007713 1.5630838 0.88338226 -0.055285342 0.77776283 -0.5175416 -1.5229994 -1.3261521 1.2335476 0.36193436 1.1497053 1.0640281 -0.30536476 1.9340934 -1.3699641 -0.8577244 0.32724074 0.039381716 -0.42415905 0.047060937 -0.3270179 0.86043215 -1.7485096 1.2378161 0.46829322 1.1112003 -0.6807623 -0.30141196 -1.0698315 1.8453197 -0.28125104 -1.6693089 -0.53112876 1.8991065 3.465542 -1.4108404 -0.9870984 2.3226376 2.0512784 2.5162237 0.80364543 0.83222014 -1.7257707 3.4871597 -0.889665 0.9931682 0.87676334 0.89960176 2.6127715 0.3093931 -1.4027514 0.69546103 0.33132786 0.30976242 0.7674053 0.83262265 1.3933451 0.13687606 -0.35746136 -2.3658974 -2.2590985 0.20627247 -1.0509505 0.8347346 -1.1540321 0.8635623 -0.23997858 0.04969718 1.5300678 -0.025727194 -0.56708515 -0.89960164 0.76009953 0.11074886 0.8133274 2.3980725 2.223618 -2.9026372 -1.5955297 1.312567 -1.1571622 -1.7041212 -0.11585075 3.6727798 0.16973688 1.5870229 -0.06562688 3.072273 -0.08580822 2.5699356
kola 0.09181203 0.30551463 -0.44959506 3.0753345 1.5341417 -1.8319153 2.5976722 2.791916 0.21627603 -0.56150806 -0.065071896 0.9778948 1.2005523 -1.2606725 1.1331048 -1.4990414 1.098142 0.3118326 -0.03123563 1.5329223 0.46882907 -1.069218 3.0034528 -1.2669196 -0.5412506 0.05339876 0.26003605 1.1092081 -0.7218607 0.9055093 -1.5175666 0.7250123 -1.3383571 -0.35583845 0.22296484 2.5295563 1.2895418 -0.16974033 -1.6079868 0.0021699343 -1.4910835 -1.0621538 -0.10536755 -1.6455536 0.9525628 -1.6591114 1.465834 0.9545396 0.46163413 -0.4390339 1.5966128 -0.7810824 -0.97453356 -0.30371463 0.04765291 -0.5985372 0.7793288 -0.5634139 0.18039215 -0.39518794 -0.9325775 -0.49095452 0.3441872 1.2547535 -0.4418384 0.34453383 1.7797232 -0.6742358 0.99040425 -0.13769417 1.1024028 -1.4864792 -1.6139731 1.9470206 -0.8071779 -0.6511145 0.7810639 0.12080892 1.1441641 0.00039745655 -0.03812592 0.6950148 -0.660163 -2.5894413 -0.028220449 -1.0392566 -1.1835655 -0.20176126 1.151493 1.5416824 -1.1072165 -0.65574944 1.5775055 1.3038687 -0.5303823 0.6665226 -0.940907 -1.8905228 0.65193105 0.026238034 2.4595942 -0.014921171 0.88387084 -0.29975042 -0.23110004 0.5507204 -0.11639269 0.5253917 -0.83538765 -0.016092693 1.4319185 0.03501353 0.6719626 -0.56886566 -0.40061393 0.89845604 -1.6834987 0.97118115 -1.7461587 -1.9112829 -0.60834116 -0.4225718 -0.40049276 1.4544505 -1.3249891 -3.0947866 0.87012404 -1.3259778 0.84203804 1.3024698 2.7835379 -0.124151535 -0.3408424 0.43527117 1.4645051 2.127949 0.09427759 -0.79611677 2.237493 -1.4544932 0.77654195 1.3227191 -0.2486284 1.7820433 -0.14527677 0.009130364 -0.018338023 -1.1699575 0.14550486 -0.75351983 -0.39809155 -2.1420991 -0.10917995 -0.5778307 2.4437919 0.523307 2.0660293 1.2409687 0.37715158 -2.455174 1.694229 0.6811753 -0.6162603 -1.9559643 -1.6054379 0.9005388 2.2402942 0.30689323 0.2908251 0.054110065 -0.22784637 -0.05922715 0.24809335 1.7064855 -0.527296 -0.82729816 0.3453825 0.06535063 -0.0051640966 -0.42184526 2.5405645 0.90585124 -0.03684993 0.9093545 -0.876147 -1.0130017 -2.0162017 -0.41520694 1.770636 -0.9677193 0.97059804 -2.4988134 -0.13784815 0.20513959 -0.9393524 -0.5759797 -0.006729713 1.248531 -0.039225914 -0.55462754 0.055301145 -0.0062750475 -0.40546292 0.50435907 0.90896195 -1.2723304 -0.9195945 -1.8440677 2.378309 1.4392221 0.19872297 -2.2958517 -1.4888589 1.0516773 1.6320062 -2.063763 0.46605888 -0.7226663 -0.7713234 0.46251503 0.85929334 -0.11602975 -0.4232796 -0.30589226 -0.081679806 1.046824 -1.5784513 0.7748118 -1.0134717 -1.1190807 1.5412574 -0.1696902 -0.30187106 0.2494291 -1.5986621 -0.9513345 -0.54100984 0.87264794 0.016028237 1.2810951 -1.0339333 1.1661223 -0.9590906 1.0450648 0.8323188 0.15194105 -0.00089520996 -1.562803 3.480406 2.9905694 0.3092491 0.95588833 -1.1156039 0.3693092 -0.639445 0.43293595 1.4326164 -0.35960582 -0.7107861 0.8719375 -1.2397305 0.73396486 1.6151533 -1.4782205 -1.5282061 0.54160994 -1.1658678 0.6671688 -1.9087856 -0.012584926 -0.7223725 0.6739807 0.70020115 -0.3647866 0.29430294 1.2692319 0.012818917 -2.15466 1.4136797 -1.7938776 -0.87601584 -0.3198049 0.053565048 0.7403573 -1.7662371 1.3191978 0.85577625 -1.6723888 1.3047343 -0.38959533 0.80227345 1.1319818 0.7175438 1.8429171 0.59886 -2.0771005 -2.2809174 -1.2683249 0.04132023 -0.9466603
rökelse 0.8785034 -0.5868254 -0.39534715 -0.81170183 -0.8957947 0.21328741 0.6543089 2.571238 2.9032037 -1.6870213 -0.27796173 0.62173337 -2.0859008 0.6373746 -3.6849704 0.11949714 0.7037697 -0.8610665 1.4304099 -0.98475134 0.30660126 -2.6204653 -0.6204162 0.92745495 0.76296407 -1.7117277 -1.02997 1.113503 -0.65051484 -2.559068 -0.033134993 0.7587623 0.192995 0.12194726 -2.1431258 2.085221 1.9506139 -1.0121543 0.9589014 0.19107105 -0.82529306 2.255107 0.20523702 -2.032709 0.9251452 -0.52833945 -1.7355702 -0.6698862 0.71137536 3.955921 0.18055402 1.2394395 -1.1481456 2.1526911 -0.48022425 -0.69571334 0.48697978 0.28273746 1.0986706 -1.4641213 -0.80288893 -1.2218202 0.9527012 -0.2269294 1.8253971 -1.9323407 0.31836244 -0.9137836 0.39022753 1.6242026 -1.9731027 0.3545851 -1.5417153 -1.9406996 -0.53730315 -0.22846754 0.5664816 -1.3306836 -0.4067861 1.4360328 1.2668982 1.546569 -0.02862357 0.8051697 0.00910528 -0.9144234 1.4925611 1.250899 0.7499555 0.614401 -0.29782152 -0.90954113 -0.58649385 1.4259747 0.8553274 0.28655764 -0.67608064 -0.22875337 0.6836839 2.4629602 -0.5828307 -0.0050280737 -2.2476573 0.21882807 2.450674 -2.1772768 0.06985406 -0.61530346 -0.07021828 1.3422828 0.15746957 -2.6376734 2.1205895 0.12088153 0.242462 3.4322453 0.23054138 1.4829801 1.3851635 0.0507658 0.7997541 2.0409727 0.046927813 1.5260938 -1.8700246 -1.9702731 -0.30410025 -2.3959365 0.22964594 1.722004 0.66167986 0.4380378 1.450355 -0.38524607 -1.6075342 1.5150461 1.5636266 -0.95235705 -0.55376184 0.067590706 -2.0448642 0.9920331 -0.9403927 -0.8178681 0.71392274 -0.9610785 -0.0024422805 1.6949055 0.81877995 0.6490388 1.8666093 -2.5831156 -1.1869684 0.21860515 0.10525449 0.95078 -1.1099683 -0.06807879 -0.32825416 0.6484228 1.569316 -0.6094815 -1.0481104 -1.4672614 -1.6239796 -0.7732778 -0.11534297 -1.5123008 -0.23507616 -1.0095687 -0.94300133 -0.4470954 -0.1750984 0.29491258 -0.22807771 -1.3277115 0.1106311 1.8933394 -1.6616429 -0.10361719 0.7767691 0.58878905 0.4427837 0.51170135 -1.3026811 1.0578508 0.5293937 1.0996305 -0.85443085 0.103854135 -0.08221042 -0.19093405 1.0172353 0.8824526 1.0688775 -0.20669727 -0.48695394 -1.3824108 0.8949533 3.1282163 -0.95230836 -0.38443187 0.43195793 -0.3111443 1.9552637 1.9294543 -3.3061419 -1.5276604 0.78116804 0.56402963 0.6754624 -0.047472995 -0.6833237 0.85169226 -0.0641714 -0.8625034 -0.87527037 -0.5349677 -0.90194726 0.8913349 2.0854256 0.2692957 -1.1540325 -0.64031243 0.6302357 -0.48688656 -0.1632912 0.1985124 -1.6679703 0.4525088 0.25717413 1.5006692 1.7017736 2.403648 -0.2505698 1.4427803 1.7580637 1.7435905 0.25455755 1.9917238 -0.82088614 0.2286821 0.4054057 1.1910152 2.715212 -1.089176 -0.72019154 0.92024153 0.43668 -0.595203 1.3095043 -1.6707487 -1.4892924 1.5708787 -0.10504839 1.9872297 -1.6179785 0.79908264 0.51358443 0.81058776 0.77595705 0.03986634 0.8788787 0.32777044 -0.8621406 0.0142082805 -1.0249765 -1.3516772 1.0345231 0.3454856 1.2100912 -0.27742973 1.3882905 1.1606979 1.751443 -0.23416968 0.8753125 -0.7077784 0.22041689 -0.9284711 -1.0578293 0.9964159 0.39341152 1.9822403 -0.8347718 2.3463104 1.0862942 -1.7921965 -0.077557005 -0.046007264 0.13961972 -0.41138864 -0.7235982 0.4388069 -1.0016204 0.090317145 -0.10009749 0.052831378 -0.7428864 -0.49926984
gummi 1.1545441 -0.20354219 0.25865892 1.5205233 2.3449712 -1.7364905 1.504299 1.4269321 2.4650917 -1.6242801 -0.44955093 -3.3770359 -1.9480009 1.3931061 0.37352657 0.3729865 -0.6450513 0.17244619 1.9957019 -0.8279408 -0.5809961 1.2817963 -0.94184643 -0.2714766 0.23855948 -0.41925132 1.2447779 0.26536232 -1.3484272 -1.5085893 1.3922733 0.15497695 -0.7663701 -0.3159648 1.1927651 1.8122739 0.9859718 -0.2679129 -1.1604097 3.0459678 -1.89574 0.6126254 0.65691674 -1.6999221 -1.3170674 -0.24890532 1.083701 0.9759911 -0.42105144 1.4494354 -0.57196915 0.6403039 -1.5340147 -1.2957646 -1.8919878 -0.19022936 0.9058317 1.5739431 2.4031188 -1.8166528 0.06364571 -1.285446 0.47791514 2.1731148 -0.72290814 0.6010694 -1.2581041 -1.8494754 0.34049812 1.1184522 -2.2214305 0.3958567 0.87617946 -1.9432378 -0.68479735 1.5855961 -0.013817915 0.48566335 1.0923239 0.38934872 0.1639317 1.3352582 1.22384 -1.7813523 1.4120541 0.46012786 -0.1459569 1.337153 2.3381848 -0.61105746 -0.21442309 0.7231475 0.94407123 0.3461438 -0.9750016 0.655635 1.4216651 1.6555719 -0.5929385 2.2214272 -1.7121636 -0.41609937 0.38730517 1.3944472 0.8477759 1.32724 -0.88481593 1.4605129 -0.23614573 -1.6126724 -1.0082514 0.8343418 -0.7939 -0.109193616 0.43638667 1.4935216 -1.1175188 -2.1906667 1.4947082 -1.1532508 1.4594915 1.2226101 -0.4232195 0.88979954 -0.509081 -1.5470192 0.83315825 -0.99325776 -0.8871229 1.1921356 0.7792854 -0.55456024 -0.3475035 0.9070486 1.0517876 0.4158348 0.86305374 -0.64808637 2.0298898 1.0943533 0.9592871 0.40758425 0.43888026 1.5654593 -0.09852559 -1.9752454 0.43827188 1.1203625 -0.5323843 -0.09658273 0.42245066 -1.9378276 -0.59199166 -0.69201434 -0.25032598 -0.41465855 -0.74963886 -0.50627095 1.0213782 1.1997839 2.2584856 -1.0937173 1.8116374 -2.1815045 -2.3403819 0.30906585 -2.0648425 -0.58040357 -2.9307554 -1.2318938 -0.12550668 -0.40664378 -2.026514 0.9401775 0.83778274 -1.6919031 -0.5746763 1.3302124 1.4598436 -1.4143094 0.72459483 -1.1271012 0.53419346 0.95458233 -0.01652448 2.1366918 -0.071031526 0.704698 2.86678 -1.2386639 1.2784235 -0.43557635 -1.116314 1.5249425 -0.04213099 1.4272048 1.8475839 0.21050845 -1.2034397 -1.34516 2.0713425 -2.7121534 -0.58459574 0.009091772 2.4352846 -0.9135262 -0.4510342 -0.5011836 -1.1988143 -1.4441966 -0.04161159 0.12798525 0.18940236 1.1990346 -2.4745178 -0.78622526 1.0238981 -0.70292515 -1.2688626 -1.1302805 0.12946521 1.2913432 -0.2805801 0.50263816 -0.7809574 1.446951 -0.24220859 1.4874824 -0.89605266 -0.45957625 0.9023718 3.255829 -1.5300176 -0.18038295 -2.2402143 0.08863456 0.24008715 -2.9100306 -2.0210087 -0.34423584 -0.89523464 -2.7626748 -0.18792999 -0.82344794 0.7712937 0.1890847 -0.44994745 2.8349326 0.44605714 1.0982752 -1.1036913 0.67458373 -1.6284317 2.251547 -0.43496576 0.94957393 0.67078817 2.3237476 0.30239195 -1.426348 0.29751086 -0.7172781 -0.5828628 -1.0767289 -0.7788487 0.6582729 0.35868713 -1.8122329 -0.62928134 0.35525042 2.4213243 -1.8159323 -1.1222816 -1.126359 0.71796846 2.0149765 0.93624055 -1.0699625 0.024099318 -2.0299475 1.0867534 1.8918443 1.2773325 0.91675895 1.454764 -0.26932034 -0.30019054 -1.7349589 -0.11990005 1.6333933 -1.0754784 0.84759504 1.1796261 -0.21070924 -0.35651177 1.0088154 0.006595825 -1.3070148 0.5666376 0.82518625
rengöringsmedel 0.11460329 2.3147051 0.79944324 0.5721334 -1.4858719 0.7100868 -0.36169374 -0.08338448 -0.61804783 -1.2118647 0.42883295 -1.1625302 -0.847616 0.22822616 -1.9731414 0.47938076 0.09263162 -0.11764925 1.9425691 0.24730828 -0.71975356 0.08487736 -0.42041767 0.29544714 -0.165824 -1.6672357 -2.0812356 0.7833089 -0.75179625 -1.6020257 0.7565004 -0.4881824 -0.030064773 0.11627698 -1.2598296 0.10795492 1.0491498 -0.6605558 0.304208 1.8352262 -3.0051482 2.208835 -0.4846314 -1.111033 0.34351712 0.20293245 0.085075736 0.065732874 0.5156889 1.7256116 0.63288385 1.9076592 -2.9247859 1.3219894 0.45765927 -0.022433074 -0.2334384 -0.011774087 -0.7520492 -0.02009193 -0.8684815 -1.1943951 -2.2990723 0.83343923 -0.029997472 -0.7678974 -0.080546655 -2.3862069 0.0064837458 -0.6163647 -1.4375572 0.9595253 -0.5655569 0.38741553 -1.4658655 -0.3774806 1.3755931 0.48211703 0.49285194 -0.34537438 2.3572738 0.5143124 -0.87876856 1.0156622 2.6868124 -0.042936396 -0.7470404 1.5864934 -0.26617932 0.56469893 -0.59589666 0.6148664 0.4135453 3.6241324 -0.19086145 1.9202216 -2.219869 0.59432167 -0.035165608 -1.4632218 -3.0495315 0.3113469 -1.2359022 -0.7456277 -0.3432056 -3.7708306 0.27912915 0.5823723 -1.3848453 0.4143208 -0.343874 1.1764125 0.08405582 2.0673656 0.8716833 5.178285 -0.61120427 0.9685207 0.29552782 0.4307077 -0.7313345 0.2538382 2.4032273 -1.6972646 -0.069756895 -0.62783265 0.11622737 -0.11046535 0.31896314 1.8171909 -1.9400848 1.2166132 -1.7468691 0.5065625 -1.300644 0.9197462 0.9012445 -2.8504262 -1.5101105 -0.5897281 -1.2315946 1.305982 0.7182221 -0.37536645 -0.20088595 -1.6964598 0.5818922 -0.543183 2.0708735 1.1947632 0.15572718 -0.6743949 0.9084817 0.325852 1.1208922 -0.38131332 0.60279334 -0.056770958 0.0143111795 -1.6414444 3.138793 0.51877433 2.2930613 0.6292926 -0.89317673 -0.10489819 -1.8337843 -2.2438915 -0.2965057 0.42176658 -0.842206 0.6348046 0.06667736 0.045843266 1.1936426 -1.6646712 0.6667539 2.6589644 0.30737254 -1.4949782 -0.77856815 -0.082397714 -1.3790607 1.2711899 0.39476857 0.7706203 2.0043159 1.5769999 0.9347723 -0.64471614 -0.06276642 0.55368733 -1.1813697 0.28558668 0.55554724 -0.01866797 1.2647021 -0.0922329 -1.313239 -1.6781129 -1.269254 -0.5448818 0.2016908 -1.9003108 1.0243378 1.5541784 -0.9597542 1.078178 0.11300334 0.92896974 -0.22946624 -0.88059545 0.69781595 0.3278798 -0.40787056 -1.1208857 -1.9654758 -0.90232885 1.6209157 -1.0223767 -0.69900393 0.5551408 -0.68775684 0.7823548 -0.16511977 -1.2677006 -0.5447305 1.0872874 -0.7504653 -0.118563354 1.6631457 2.3661134 0.68765193 -1.594389 0.20327827 0.3314669 0.47696537 0.41158634 -0.96369445 0.35272864 -0.98376065 -1.3075715 1.8025407 0.91274095 0.34946892 0.8240223 0.83975095 0.4573003 -1.1642276 1.3793099 -0.90352243 0.6556711 0.4106913 1.9270303 0.39301452 -1.006825 -1.1996725 0.5230093 -0.8855814 1.4714167 -0.047109544 0.013437986 1.5929806 0.35410962 0.5588501 -0.82437867 -0.25123644 0.07850202 0.50837785 -2.3085327 -0.69647646 2.0348523 -0.5893681 -2.1641126 0.99114555 -1.5121914 -1.9679322 0.71346074 0.43817088 -0.9070352 -1.1596795 2.9660616 1.2663748 0.3725821 -0.9052694 3.0378735 -1.1148096 -0.8359862 -0.5303722 0.04025775 0.4035092 1.0119234 1.6697512 -1.7485448 3.5148718 0.79333144 -0.4567337 -2.772926 1.2377356 -0.21673137
potatis -2.8398652 1.4771012 1.4561846 -0.9900363 4.0793824 0.095826454 1.6068006 2.0529144 0.8696786 -1.2950372 -1.0240378 -1.1806577 2.321835 -2.7335396 -0.35130927 -1.6106106 1.2134404 2.5899153 -1.7005397 1.9197382 1.4938533 2.3650444 -1.0684323 0.73899734 -0.12996803 0.19271317 -1.5249937 -0.36636242 1.0297468 -0.5204007 0.27127993 1.4913778 0.56197566 -0.68249184 0.61531526 -0.61830306 -1.0200192 2.0834124 2.5558348 1.138121 0.32555932 -1.0918831 -1.2822648 -0.34021866 1.7307631 2.0268762 -0.38434383 0.51525044 -0.8545283 1.1579238 -0.5237151 -2.0047739 -1.6909779 0.28066066 -0.5117661 -2.4159079 2.3453307 0.8277775 1.1117225 2.4941537 -0.61031497 -0.017695852 -0.29109874 -1.3507109 -1.7443079 0.95177066 0.33235207 -0.9864572 0.89681727 0.22185764 0.7991907 -0.4486824 0.15629442 -0.9829463 -2.250395 -0.14525357 0.19255234 0.6832901 -0.1892524 -2.4682312 2.115568 -1.5231317 0.4331123 -2.219002 0.5442081 0.6559591 0.26064357 -0.15012042 -1.0126399 1.441477 1.3975847 -1.8413427 2.2706563 1.5516893 1.0698422 -1.7954028 -0.0044230907 0.43938085 1.2157322 1.0131131 0.2336669 0.22313741 0.25529355 1.2058055 1.2537397 1.4034768 1.9307398 0.59765106 -1.126495 2.8867033 -0.31094867 -0.088117145 -0.11088082 0.7402563 -1.8246473 0.1501069 -0.576729 1.0432024 -0.13678607 -1.6597738 2.1910012 -0.012208503 2.4194968 -1.5040879 -1.9414924 1.4637136 -0.47590706 -2.7791252 -0.26830697 1.652792 2.3051968 0.3011126 0.3916124 -0.55253714 -0.606238 1.5875412 -1.1332362 0.24369135 0.108368896 -1.4076085 -1.0469849 -1.2376668 0.64523447 0.368409 0.75871176 1.6885911 0.3348307 0.37912226 -1.9377018 -2.1713822 -0.59918624 -0.9266438 1.0617546 -2.6188765 -0.9299593 0.07065628 -0.017776636 0.28567994 0.12241846 0.1848738 -0.0037250987 0.2176271 1.045591 -1.0601816 -0.351971 -0.9419307 0.216442 0.21889427 -0.14324886 -0.25430992 0.119666874 -0.7303242 -1.8293178 -0.5723902 -0.9221541 -0.8539948 -2.6792493 -0.81068677 0.1438127 2.498147 -1.7788042 0.39722103 0.2626536 -1.1395946 1.7410938 -3.3161507 1.4844648 -1.4570267 -0.16858287 -1.1163919 0.71462536 0.4101127 0.06171953 0.8591065 -0.9525415 -1.8513947 2.5050714 0.19485214 2.4970944 -1.3566864 0.6566583 0.7072091 0.58308566 -0.6731222 1.2680155 -0.5325455 0.1452992 1.5959303 1.0174971 -0.062737726 0.726829 -0.46456397 -0.73573506 0.39944112 -1.2434568 -2.3320844 0.08392874 -1.0379765 0.9434979 -1.0407258 -0.32036975 -0.9946941 -0.57778436 0.8919945 -0.1819903 1.4786516 -1.1958289 3.0042057 0.78109217 -1.6552197 0.77251446 1.1442729 -0.89776266 -1.0599532 0.25091514 3.115574 -0.22544383 -0.34880129 -0.4016127 0.56799877 -2.5324845 -1.7734115 0.27788293 0.8208838 -0.76615787 0.612857 3.7176185 -0.12166528 2.0490403 1.1202624 0.14209555 -0.59262794 -0.69307005 -0.41950998 -2.3708255 -0.73764634 0.6316891 -0.77175736 0.8229868 0.37060106 1.668817 0.9610243 0.43584087 0.19786368 -0.42246506 -0.07536545 2.4994137 -0.9441699 -1.7300743 -1.467276 -1.0170871 1.0388601 -0.48749235 -1.2344333 0.29537475 1.4640243 -1.3109709 0.5960103 0.8310296 0.36806026 1.196753 0.16401377 0.96317005 -2.4627404 -0.33965287 0.13617714 -0.5830764 1.2770319 1.9385234 -1.3474578 0.59921396 1.8185676 1.66535 -0.31499782 0.6008333 2.2235782 -3.1361325 -0.70412946 2.261509 0.19090703
päron -0.5541839 1.24569 1.6753716 -0.33112213 2.282689 -1.7865349 1.8638769 4.0563865 0.5648974 -2.1769333 -1.2819679 -0.6005601 0.9319352 -1.7924778 -0.7784031 0.40183574 -1.5686122 0.9959745 2.010329 0.31002843 -0.6913714 -2.2084262 0.7653473 -0.98797184 0.49061957 -1.1030481 -0.66429454 2.3467789 1.2844776 0.47331518 -2.217433 -1.165727 -0.14454006 0.51797676 -1.9792867 -0.8828737 -2.1732156 -1.6819191 -0.44861156 -0.122937545 -1.732982 -1.0527798 0.014089899 -1.4464276 1.6070975 2.0716946 0.39194548 -1.1007069 -0.15732726 1.6051149 -2.187278 -0.00767819 -0.85678196 -0.6233046 -1.7606095 -0.43935454 2.2111545 0.69413936 -1.0024478 1.3765755 2.4828079 -1.668088 0.8161096 0.59451616 -1.3564514 -0.40310526 1.9106019 1.1198074 -2.3521032 1.4610876 1.2474812 1.0142736 0.7645658 -0.6006708 -0.6574334 -1.0147578 -1.8952577 -1.3821208 0.044369906 -0.7563047 0.39501384 -0.6513416 0.17387219 0.4579246 0.1948947 2.2947807 0.5372315 1.842962 -0.17735317 1.9524168 -1.6851 -0.10542951 2.2787542 -0.58289444 0.65615374 3.744411 -0.85578626 -0.70441526 1.4530772 1.1619868 1.9600573 0.50760025 0.033324644 0.29414555 -0.955917 0.97621346 0.5941386 -1.7514452 0.20134662 -0.7741062 -0.47251496 -1.4260188 -0.14675401 1.1773928 1.2975926 0.8596642 -0.25984347 0.5712083 -1.8868103 -2.8025982 -2.530631 0.68179643 0.63274676 1.1422774 -2.018532 -1.4016327 1.0229436 -0.8940162 0.28429568 1.1226023 -0.31723425 -0.111181304 -0.2774993 1.102382 -0.8614938 2.6944587 0.8829011 -0.3202044 1.0420765 -1.2213088 -0.79285115 1.2396328 -0.007869132 1.5312462 1.2475251 -1.0098374 -0.057811286 -1.4676198 -0.7691717 -0.87634003 -1.153228 -1.2261655 -2.3096762 1.1774211 1.1236941 -1.1144806 1.4724147 -1.1362375 -0.6628559 0.06843889 0.27164346 -0.64029634 0.55634564 0.4347197 -0.5125345 1.1607594 -0.5879377 0.5235336 -0.16252835 0.5898741 0.6042082 -1.5543598 1.656434 1.0899314 -0.10587986 -1.7684406 0.89326715 2.6986065 0.56565934 0.5266195 1.1799546 -0.085593015 -0.65244496 -0.19454497 -0.15176381 -0.40084928 -2.643977 -0.22228378 1.0917127 -0.021423014 0.84143406 -0.2498178 -1.2958275 1.4336642 0.35231394 -1.0876577 -1.9535964 0.3545859 1.0082018 0.4857695 1.7439182 -0.438343 0.18617578 -0.8019033 -1.3412356 0.41831917 -0.8768227 2.133663 -0.14329511 1.9039565 -0.5217125 0.82853335 0.2850076 0.8141294 1.0944577 -0.4156143 -1.8555067 -0.8142114 -0.9327567 0.67618483 0.1882434 0.34186852 -1.334658 0.89778346 0.13249667 -0.6626104 -1.6813562 -0.45996836 -1.4820282 1.3000935 -1.1935887 -2.453297 -2.7031534 -0.454409 0.41994748 1.2194707 0.5228894 -1.3545171 0.06196496 0.79536235 -0.9296965 -1.6701081 0.78181267 0.78341687 0.14319238 -2.5764928 -0.49066302 0.7171197 0.1335326 1.9800082 -0.50439 0.083877355 0.91667324 0.6515008 -1.3393904 1.1181844 -1.0284339 0.34317747 0.31673855 -0.4206575 -2.2427466 2.0814705 -0.1526905 -0.66515076 -0.6357733 0.15779212 -0.24169865 -0.76044124 0.36314756 -0.17480884 -0.21104154 -0.13243227 -0.6382204 -1.0519681 -0.31972653 1.5076411 -1.1918131 -2.1743228 -1.8689007 0.5516575 0.25860238 -0.9821699 1.0444282 1.7551711 0.5803837 0.88302577 0.93255347 -2.316554 -1.857568 0.70012486 0.48494998 0.32346383 0.23699166 3.0241086 -0.82870156 0.4318613 -1.0292429 0.057692736 1.491716 0.105818816
russin 2.1324391 1.7505573 -0.35084757 2.2357156 2.6470885 0.05463204 0.44394723 4.3526316 2.1479936 -0.008276722 1.900917 -1.450366 -1.1237217 -2.3674488 -1.9134693 -0.14683701 0.34456217 -1.5480008 -0.59866697 1.4094998 1.2314081 -1.5516709 2.1604877 -0.58357376 -0.8570768 -1.6454692 0.82609165 0.9204494 -1.5504609 -0.28667194 -1.3056067 0.7619019 -1.1526004 -0.71939695 -0.21567109 1.7082102 1.1978698 -0.74127746 -0.6431902 0.7941663 0.58648086 -1.1186378 -0.04138173 -2.033571 0.075787835 -0.92719305 1.5473729 1.2105014 -0.36117074 -1.0681894 0.43121904 -0.55207926 -1.2036277 0.41561332 -1.9082774 0.94534254 1.0510647 0.83671933 0.99067307 -0.40383843 0.027138555 -0.49833035 1.8402156 1.905875 -1.6639037 2.4555762 1.5378344 0.27770892 0.87238824 2.6134605 1.5363443 -0.8574707 -1.6020967 -1.0106604 0.4602233 -1.9489962 -0.62402815 0.37358242 0.16504529 -1.5962427 -1.0985724 0.6750461 1.0678934 -3.8921695 0.7311316 -0.3765168 -0.44697565 1.3254274 -0.70575744 0.65189236 -0.6772717 0.6692868 -1.1263555 1.0897821 0.18366379 -1.0373533 1.5754068 -0.70069164 0.12838107 1.5384656 -0.29230154 0.26549837 1.9626263 -0.49336234 1.2460244 1.5233119 -0.5368687 -1.0364555 -1.456557 2.6546922 0.7719446 -0.6472776 -0.9683993 0.8838316 0.03163217 -0.02748669 -0.66066 1.0339938 -1.2007625 -1.9804091 -1.0348784 0.95119023 0.9692198 2.3060265 -1.4337865 -4.553691 0.95046586 -0.15060098 1.0785408 1.7005271 1.618893 -0.482308 0.23350911 0.030107236 -0.5418577 2.2164154 -0.7976453 0.3751408 1.5553485 -0.87753946 -0.8209142 3.240784 -0.24934147 1.2086027 1.5157902 -1.8155103 0.48025826 2.2371533 -1.8576186 0.51128316 1.2800266 -1.4719636 1.1247292 0.2527 -0.03154228 -0.7794749 1.1750629 -0.0039601503 -1.8144625 -1.1307164 1.2982154 -0.13710076 -2.5724962 -0.052812956 -1.7432911 0.6040322 2.6173031 -1.3187494 0.06455824 2.4257329 1.2897013 -2.8746743 -0.61757565 1.6289824 -0.7146141 0.6139767 0.03432756 -0.56205523 -1.9181774 0.9106337 1.8129705 1.1234244 -1.2515955 1.2244335 -0.53063095 -2.377995 -1.4070224 0.81122077 0.31681046 -0.9947697 1.2611971 -2.765853 1.8018104 -0.8942876 -0.8344967 0.3070356 -0.9262182 0.8761888 -0.053401913 -0.48083362 0.8330595 -1.2038157 -1.3173852 -0.6434795 0.5286781 0.0329083 -1.9189882 2.8427405 0.4077817 0.18010385 0.9237401 0.85239244 -0.80400074 0.35746402 0.9867791 -1.2567631 1.6294017 -1.75768 -2.5560462 -1.0641015 -1.3691818 -2.3821652 0.6261643 -0.39618707 -0.7590207 0.68591714 0.13383 1.8749857 -2.9289696 0.71693903 -0.941536 -0.89838266 0.46566194 2.1117477 -3.8154278 -0.29910135 -1.1937299 -1.111749 0.2484727 1.6653666 -0.48739582 -0.753819 -0.75830567 0.1829876 -0.82585615 1.2281554 1.2265936 -0.10731133 1.0625312 2.1227274 -1.8193309 0.29505906 -0.20541216 1.0951395 -1.0977136 0.108831994 0.6572883 1.6748599 -0.3592032 0.57841665 -1.5859565 0.07658746 -0.14167042 0.2442881 0.65302926 0.8639496 1.1683089 -1.3843167 -1.11549 -0.9497881 -0.81087106 1.8734828 -0.07879767 -0.702522 -0.42418587 0.8543018 -2.5050554 -2.9337077 0.42970368 -0.38358596 0.12715834 1.0255845 1.461387 0.6401288 0.13442567 0.2336166 0.744721 -2.3767471 -1.475252 -0.04313871 0.40734002 0.21107417 0.5985306 1.0054411 -1.3992385 -0.06470576 -1.172089 0.017048689 0.9179805 0.6644225
ek 1.436344 -0.82448196 0.7458912 1.4191756 1.2984719 -1.7698959 -0.7904237 4.8616395 2.059285 -0.52352536 0.24823263 0.8826211 -0.019826539 2.1979003 -1.3429998 1.8219479 0.5690186 0.36335337 -1.2482921 4.8904343 1.9114588 -2.8398132 0.40992418 1.155547 -1.4447279 -1.1211175 1.9281939 0.3967349 -0.22287844 1.6038992 1.446937 2.1456976 -1.8296316 -0.81256056 -0.939812 0.94426656 1.235525 -0.7467556 -2.9830425 1.6459239 -2.4846778 -1.7674431 -0.0327805 -3.4007013 1.083299 0.21332972 0.012334747 0.7470146 0.16011332 1.4107373 1.3824209 2.0969822 -2.778358 -1.4006706 -1.2994561 0.28148296 0.63818187 0.12509404 1.1285075 -2.6179545 1.5915931 -0.090104714 -0.4426285 1.8201737 -0.9908307 2.1800086 1.7209196 0.0226901 0.8565801 1.2313892 -1.1518991 -0.12954378 -1.2167726 1.1235783 -1.9136618 -1.2163702 -2.3088706 -0.31581855 0.6983315 1.4568815 0.7423986 -2.4504023 1.6540867 -2.625836 -0.6132905 -0.48141924 -0.081475586 -0.8377495 0.10250637 2.3854198 1.1090536 -0.61412716 1.9384606 2.4219022 1.9443188 -1.4649764 0.97639406 -3.816205 -0.9556634 -0.34600163 0.5767379 3.0372772 0.0647998 1.1537983 0.81758755 0.55999297 -1.6158684 0.67569494 1.8405954 -0.657898 0.4906459 -0.27034226 -0.91388386 1.1167755 -1.2460742 1.0851148 -1.7406577 0.87908536 -3.7896821 -3.305659 -2.8153856 1.2423841 -2.6440732 1.5949012 0.79920876 -1.0984384 -2.1299708 -1.9219112 -0.40649816 -1.4942964 1.9538113 -0.16506504 -0.5275583 1.5812271 0.47815946 3.2465475 2.2760992 -0.8478761 -0.61773276 0.96628857 1.5721456 2.1792765 2.0722444 2.1865127 -1.0711814 -1.9239672 2.2135148 0.052904148 -2.7255032 -0.66974765 2.516273 -2.3956897 0.70854944 -0.09692538 0.65892625 -1.8850756 1.3554587 -1.7873275 0.5735909 -2.550047 2.291424 1.1840166 -1.4878145 -0.35822648 -0.42694947 -3.9035285 0.10160202 0.7411791 0.08570525 -0.8462793 -0.49009 -1.7501795 -0.7252749 -0.08813569 1.8398151 -1.2997683 0.29860193 -0.6811255 0.7183346 0.35561877 0.8268764 -0.33202034 -0.6475491 0.77093995 -3.520004 -0.34045073 0.19429441 0.37863263 3.1344047 0.61775327 0.055410083 1.1234269 5.7830095 -0.037902433 -1.3963453 0.6721996 -0.56857127 -0.21983717 -0.13274306 -1.3136318 -0.84248185 -1.5105822 0.94217587 2.2017717 0.6005815 0.9133765 -0.6352316 1.5177547 -0.9147013 1.8020624 -0.40558726 0.5448002 -0.12871923 -0.64710236 -0.09481698 -0.074370265 2.1580403 -1.4568979 -1.441053 -0.7999288 1.0613751 -0.80300367 -0.5354294 -0.4152225 -2.2656736 -0.15287726 -2.2731779 -0.88714874 -2.6855388 2.9408967 0.19637257 0.5707419 -2.7400527 0.43242335 -2.549235 -2.105762 -1.7106117 -1.063986 0.8665109 0.5363382 -2.133509 -1.5176637 -0.23584498 2.5563967 0.8088659 -2.0238001 0.9448194 -0.11460644 2.8504474 -0.9460074 1.8580096 0.7750343 -0.9564328 1.5977228 -1.0263494 -0.95694727 -0.15245412 -0.72901255 0.42406318 -0.013952119 -2.0247788 0.4141761 0.3669872 -2.0064445 -1.3076441 -0.34393483 0.062270284 -0.94168496 -0.50885534 -0.9431594 -1.6464107 0.043753803 -0.19854523 -0.762442 0.13173285 -0.11654759 2.1713219 -2.8521826 0.6229126 -0.6824434 0.9009751 -2.51359 2.1064706 -0.68615454 -1.3903142 0.38163587 2.913891 -0.89155334 0.38772184 2.4343717 -1.6315831 -0.886665 0.6774145 1.4592156 -0.6604612 0.48329788 -1.3148735 1.6752622 1.7705007 -1.3787901
jordgubbe 0.18654247 1.9099284 1.7949035 0.31771222 1.2252644 -0.22102407 1.383414 4.8456187 0.019896407 -0.64089537 -0.6491677 2.0520275 1.9232683 -2.9742773 0.64859986 0.05444297 -0.7445585 0.25718462 -1.2792175 1.2306284 -0.3786471 0.30788392 0.96627593 -1.0863253 -0.15868707 0.8146955 0.4922029 0.73133403 0.32913557 -0.030955961 -0.74889857 0.20799793 1.6765169 -1.3558688 0.18385333 -0.8117235 1.7620174 0.29649997 -0.5207421 -1.1118102 -2.0282388 0.3246177 -0.11529099 0.02654867 0.8378592 0.3599449 1.1067983 0.14660434 1.1201373 1.6381371 1.4784521 2.018371 1.2229967 -1.0972159 0.5458982 -0.983611 0.48123384 -0.82730544 0.3196765 -0.3421826 -1.109296 0.94983035 -0.086077206 0.10437681 0.5669516 -0.52766037 2.747203 0.42825288 -0.006728464 -0.94924563 0.96746635 0.07640744 -0.8063936 0.28110218 -1.0436361 -1.0271852 1.4139152 -0.57722723 -0.6963972 -0.15128067 0.20423348 -0.27036607 1.3166788 -0.37729526 2.0097609 -0.037749574 0.2525778 0.8956562 -0.17662126 0.78181964 -2.4154768 0.3369818 3.0343637 1.3248906 1.9366803 1.932423 -0.47893387 -1.392098 1.0538417 0.8039411 -0.5092049 2.1980205 -1.0244937 1.1989466 0.26754937 1.7842879 -1.3515223 -2.0242903 0.86903 2.1210227 -1.7993397 0.8354071 0.90453047 0.77879965 1.9961759 0.3698244 -0.55222666 -0.2812902 0.44181183 -0.06573804 -2.1026783 -1.443452 0.5849695 -1.5676249 1.2154529 -0.11457041 1.7301829 0.6545073 -0.053728566 1.577113 -1.7785167 -0.96397334 0.5815401 -0.55495256 1.5167407 1.057124 2.4128964 -0.45947894 1.2522278 -1.850804 0.77242184 -1.2056121 -0.011547953 1.6490607 1.3263313 0.75899845 -0.038913865 -0.758874 1.245545 0.3376706 -0.94414 -1.642013 -2.046037 0.075609274 1.7698506 0.27298653 1.5291952 -0.18667988 -1.5552094 -0.70341873 -0.29001424 0.82316464 0.97450846 -0.9819704 -1.8806744 -0.30986938 -0.25577432 -0.74978554 0.7109547 0.43923733 -0.4220074 0.2547596 -0.25886166 1.44404 -0.0557196 -0.38241744 0.1945465 2.0751042 0.3118506 0.74086636 1.4271266 1.660332 0.096691854 0.6523652 0.48424637 0.3919083 -0.44438845 -0.52490914 -0.5044601 1.0110654 0.983702 -0.8953251 -0.94105536 2.5647159 1.2468071 -1.309985 0.20352185 0.81994087 -0.85242885 -0.26923674 -0.33236858 -0.8404091 1.1337968 2.2991958 1.867577 -1.4538342 0.6273426 0.75846684 -1.1655135 -0.52017236 -0.36892772 -0.9183294 -1.5241617 2.685378 -0.36259058 0.6760217 -0.7026311 -0.25098237 -1.3848889 0.3877828 0.647576 0.31554046 -2.0885627 0.7837301 -0.1994188 1.0839787 -1.3985643 0.76742136 -2.1124835 -1.094729 -1.0910865 0.87572366 -1.5290242 -0.7099195 -0.32299832 0.25661656 -1.3727881 0.35721737 0.8183491 -0.41955945 -1.8875806 0.6493861 -0.51197857 0.878625 0.037217222 0.6468171 0.13798769 1.5650237 2.5203776 0.27850595 0.51986694 1.4377929 -0.79081255 -0.71161926 1.5867225 -1.0718541 0.79420316 1.1190821 -0.5421986 0.97909766 0.19372658 1.3918654 -0.6241206 0.57842714 -0.9762309 0.50583714 -0.49428806 0.5008763 -0.84843194 -0.86496305 -0.33380705 0.6327604 -0.301534 -1.2967932 0.47589067 2.127253 -2.3771744 -1.1702789 -0.54840195 -0.94498324 0.36959183 -0.2225392 -0.70573324 0.074385405 -0.5283923 1.8285674 -0.15094182 -1.5923704 -1.6280249 1.411293 0.22627163 -1.4715767 -1.0538471 1.6087701 1.604017 -0.8524801 -2.2704906 -0.101910695 -0.7175448 0.09394678
skinka 0.2356455 0.82000583 0.69238365 -1.193448 2.8160207 -0.9710357 2.1910071 1.9505771 1.9456836 -2.4949174 -0.989832 -2.31333 0.69323134 0.041312896 -0.7276493 -2.5363355 2.830543 2.1147358 -0.48006043 0.6322009 1.9953221 2.8755372 -1.633188 -1.3009359 -1.0364048 -0.20576693 -2.377439 -0.23921028 -0.81080943 0.16364647 -1.2192476 2.2980516 -0.48583457 0.8276654 -0.79691803 0.20000894 0.04918287 0.21733668 0.5773181 0.6497682 -0.3631032 -0.1525318 -0.10896999 -0.8289081 -0.19504642 0.2754602 -1.4968435 0.8017814 -0.040127236 -1.6143512 -1.177476 -1.6833836 -1.0269843 0.9214226 -0.83759594 -2.3216305 -1.4229935 1.6637442 -0.7731846 0.22994192 -1.794073 1.1676773 -0.6587295 0.79171634 -0.015556669 -0.031073894 1.4059093 1.1201091 -0.2824178 2.5625958 0.90372616 1.0224179 0.5175 -0.30910566 1.2090144 -0.17548595 1.4041247 2.7051446 -1.6221129 -1.7645103 -0.6416114 -1.5797606 1.0982847 -0.11012458 -0.792295 1.0754468 0.5891485 -1.4311762 -1.7412448 0.7612067 1.2881327 -1.4235831 0.7985564 3.4169896 0.33436245 0.68526876 1.8016793 -0.20686544 0.9396373 -0.48701066 0.72857225 -0.5066933 1.0268555 -0.836143 0.2469424 -0.794535 0.8312319 0.22577594 -2.9271486 0.55096227 -2.0853796 1.8169236 3.1266384 -0.14606021 0.716714 -0.56444514 -1.4015968 -0.5287021 -0.43565914 -0.40375528 0.66924596 -0.4381323 0.7940207 1.8957937 -2.5612082 -0.14116493 -2.2135835 -1.1998456 0.7375847 2.395993 1.2157872 0.0050048004 1.0719095 -2.1461844 2.2086134 3.2754362 0.0059712837 -0.46110478 0.3810169 -1.3211001 -1.6216199 1.2458016 -0.1579218 1.3965234 0.25285977 -0.633977 -0.45872885 2.512113 -0.6014626 2.1270916 0.18164751 -0.09234104 0.9891941 -0.71306103 1.2940655 -1.104482 -0.85944176 -0.53229374 0.12613802 -2.853365 -0.06521541 0.37141824 0.2322579 -0.8551 1.7208527 0.71369433 1.9722089 -0.36188784 0.109806195 -0.91348934 -1.3364608 -0.8096966 -3.765555 0.3546359 -1.5044647 -0.85456026 -1.2135049 0.0771374 -1.3300045 -0.8091526 -0.6135537 -0.813303 -0.8497816 -1.0266304 0.55778855 -0.77176636 -2.3012295 -2.43969 -0.19147031 -0.27484757 1.8253545 -0.77199715 1.6384779 0.688176 1.083212 1.4358802 1.7132336 -0.27893218 0.34480935 -1.7397112 0.59441423 1.8821726 -0.6652601 -0.18480152 0.33289012 0.9780423 0.34822932 0.6449256 -0.93201894 0.16802369 0.7797004 -1.9051148 -0.74076617 -0.7747923 -0.8819564 -1.9730488 -1.1877321 -0.29268584 -0.2597539 -0.110050194 -0.3689045 -0.33966708 -0.16944274 1.135202 1.3623585 -0.49404392 -0.7223818 0.592988 0.10973142 1.3298217 1.1663697 1.4427632 -0.57613295 0.16596687 1.7560322 0.835751 -1.1725289 0.19987926 -0.6491667 -0.7151577 2.4677827 -0.33355245 -0.2767702 2.1672833 1.1652327 0.9519701 1.948863 -0.49984238 0.85488576 1.1852257 -1.6675088 0.23254736 0.69514614 1.4897587 -3.2940028 -1.7313405 -0.29062963 -0.27717334 -0.17334343 -1.8710732 -0.2569378 1.6315364 -0.13444397 1.314509 -1.2500011 0.9091066 1.5583808 0.42684096 -1.1576151 -0.45858264 -0.0072729955 0.17178841 -1.6770123 -2.0678887 0.27277964 0.56697047 -0.59199333 -1.093815 -1.975577 -0.9843604 -0.96827567 1.2334166 0.5798423 0.83548826 2.413991 1.558674 -0.0011241946 0.24340421 1.9945403 1.2324063 -0.5475394 2.3952153 0.8775071 -1.6451174 1.6145979 -0.69212574 -1.0462929 -1.2154982 0.49198204 -0.5271485
kokosnöt 0.5290214 0.32062322 -0.57964885 1.3819177 -0.3825207 -0.7719498 0.78860164 3.3335137 -0.48502433 0.0862689 -0.9437158 0.3580566 1.4935108 -0.17569794 -1.2901429 0.56106424 -1.5761867 0.74138504 0.4113125 0.92655367 -0.6977123 -1.7426972 1.5223026 -1.2429959 0.97225434 0.5767786 -1.7310109 0.17128561 -0.016925383 0.50282705 -1.7359383 0.18004419 0.40381378 0.68713707 -0.64473933 1.343664 0.36447316 1.4628915 -0.5752095 1.8745801 0.60571104 0.8249161 1.7030033 -0.8409037 1.9440858 -0.99723405 1.4057015 -1.8977071 -0.40027025 0.8024227 3.0130594 -0.14004542 1.0828831 -0.64175045 -0.6696145 0.031410616 0.9920423 -1.656013 0.21289909 0.75110483 -1.1790801 -0.4037681 0.815279 -1.4948021 -0.9691369 -0.66312814 1.2192693 -1.4424866 0.8851676 -0.09162182 0.17648456 -1.5062134 -0.36887515 0.6759123 0.13053575 1.229418 -0.8516959 1.2957636 1.084484 0.5631231 -0.27293292 -0.50052834 0.7822724 -0.43714723 1.9105119 0.77436155 0.8999285 1.0423964 1.2177753 -0.2658008 -3.687809 0.8074402 1.0144727 -0.14789572 2.3188694 3.3222094 -2.084036 -0.5374564 1.0799071 -0.8325415 -0.51115 -0.45815858 -1.8674481 1.1856319 -0.34819275 0.4820306 0.29508382 -1.0541772 -1.7044061 -1.8598515 -0.7808383 -1.2862996 -0.3039503 -0.08147626 1.4348515 1.8671423 -0.33162275 0.3207184 0.6769985 -0.48947576 0.015967652 -0.16497827 2.5468836 0.6229814 -1.0835878 -0.24129274 0.20002244 -0.6959611 -0.22549543 0.8997457 -0.58161825 1.2865162 -0.30539498 0.48600584 -1.3731246 -0.092103906 0.9454701 0.58819693 1.689285 -2.6599624 1.6237446 0.33738753 -1.4245416 -0.53890157 -0.76346034 1.2318276 0.09793435 -2.049757 0.48557004 -0.7138508 -0.57991993 -2.1736708 -1.3600214 -0.006061943 2.02975 0.09929412 0.4200521 0.5560715 2.977029 0.5328856 1.4193367 -1.0185248 0.13808843 -1.9177657 -0.39052966 -0.3042411 -1.9886533 -0.46380633 -0.5223093 0.042035475 -0.16839175 0.09934953 2.894309 2.749447 -0.00035607992 0.41539282 -0.52214813 -0.88079107 0.05985811 -0.50937307 0.5731066 -1.0051672 0.0074376483 -0.28115806 -0.14564627 0.43335572 0.33316118 -0.23913267 0.30382827 0.6889771 0.5409444 -0.4467265 -2.4561505 3.230568 1.0121858 -1.4717578 0.4656964 -1.1555719 -1.293407 -1.4653202 0.952688 -0.20333731 -0.107675366 0.5113567 3.0350082 -0.31104717 1.6514127 -1.1369144 -0.90666693 -1.2443272 0.7036411 -1.6314234 -0.23206058 0.661779 0.30017048 0.10174021 -0.92609036 0.19761953 -1.7584729 -0.16646658 -0.37392634 -0.4761388 -2.127828 -0.124401696 -0.33584374 -0.36356112 -2.0591648 -1.2226559 -2.3393834 -1.299116 0.32072482 0.40187803 0.6411 -1.588685 1.64359 -1.1499574 -0.9991769 0.7120468 -0.49951178 0.0594294 -0.96395946 -0.109598584 -1.3546222 2.3515267 1.7021205 0.8121955 -0.08607504 0.46404788 2.462328 -0.037711423 0.6827577 1.0300126 -1.0478177 1.7247118 0.602187 -0.6397682 1.6935245 0.25215155 0.079294324 -0.010820693 -0.9251777 1.0240008 0.329709 0.316867 -1.7802907 -0.24873023 -0.6640361 -1.611806 -1.2642393 0.48981187 -0.6308349 0.019985372 0.18721285 0.7055297 2.0169294 0.98260975 -0.44040328 -1.2669772 0.81362975 0.010010377 0.41353655 1.2399234 0.97226685 1.382871 -0.20685367 -0.20461221 -1.6543046 -2.589081 -1.0181742 -0.03713975 0.454609 -0.022927841 0.7110414 2.4438004 0.5188745 -0.4401153 -2.3007324 -0.1478988 -1.1482207 1.0459973
grönsak -0.98183244 0.9860898 -0.41778672 -3.0556107 1.4532448 -1.2632117 2.0459108 -0.31631818 1.1786773 0.098278314 2.360614 -1.7557988 -0.6381353 -1.7765664 -1.812581 -0.7370905 0.008805373 0.6215169 -0.04925492 -0.10484308 -0.66325724 0.49203894 -1.7543014 0.7433731 1.7142262 0.18698694 -0.9170993 -0.52727264 0.62010366 0.6169849 -1.2697825 0.63752675 1.9885181 -1.1382909 0.8674023 -0.33459467 -1.0073416 1.9591259 -0.74099374 1.0429969 -0.06957185 0.7344635 0.6816425 -0.3357033 4.3323503 -0.38844496 -1.9727256 0.40462527 0.49210954 1.4380828 -1.5515661 -1.2682451 -1.1835003 0.3991862 -0.6395563 0.42134604 0.61471826 -1.893235 2.4477434 -0.92934364 -0.28777677 -1.236121 -1.5329807 -2.3977911 -0.45453393 1.1365064 0.45172012 2.4693122 -0.22806463 3.7937558 0.9286862 -1.6297866 0.32773 1.064774 0.13354227 1.522828 -0.018621478 1.2434152 0.19496861 -1.8852152 1.5702506 -3.112533 0.9318625 -3.656733 0.17071305 -0.8718683 1.1822698 -0.109819144 -2.9059808 0.4307602 2.5225868 -0.7137923 -0.76626056 1.6478027 0.5421823 1.7851952 -0.86618185 -1.2919214 -0.01805284 1.2508769 -1.0272595 1.7152394 -1.3358334 0.46698135 -0.6079518 1.0907886 0.15490827 -1.169997 -2.3904786 1.8240472 -0.93382806 0.74956244 0.9853803 -0.31161427 -0.03660318 -0.9480146 1.1506625 1.1422764 0.021290425 -1.4093337 -0.4016158 0.78089213 1.3828874 -1.617102 -1.4554249 0.8202633 -0.45511386 -3.569684 0.19215615 1.6663785 2.1248574 1.0418227 -1.0719507 -1.3263057 0.037843753 3.4605951 -1.2090262 -0.45790955 -0.5214973 -0.27332628 2.1151063 -1.153171 2.6147687 -0.91917264 1.20547 1.2309701 -1.3618516 0.4872822 1.5433253 -2.7512405 0.768957 -1.5090113 0.1955069 -2.74903 2.2917295 -1.7657629 1.5720245 -1.8273338 -0.25812685 -2.9533925 -0.49097574 -0.22039561 -0.30176377 -1.457887 1.4587431 0.75819427 1.0174155 -0.25354955 0.32776883 -0.69783664 -0.5218385 0.61862296 0.62844837 1.567827 -0.62906307 -1.8175052 1.4510745 -0.37299055 -1.6186125 1.5957286 -0.30422425 -0.3474291 -0.39898825 0.96628004 -2.0722811 -4.31099 -0.9439643 -2.3899527 1.5411695 0.42407978 1.1588714 0.3562627 0.5346277 1.1965181 -1.839026 0.059565865 1.4277271 1.5175986 1.6334419 1.8895262 -1.489296 0.16923429 1.9259926 0.20885304 1.6456838 0.6664116 -0.9228638 1.9168571 1.3721704 2.7308567 0.20168744 -1.0500934 0.3155308 1.2513773 -2.7342136 0.041553825 0.6539663 -1.3820935 1.5936713 0.64103717 0.34469795 0.21167432 2.094742 2.8318064 -0.2754612 -0.19350308 -1.4173446 1.3049321 -0.7514522 0.06958859 0.3152376 1.458138 0.3750005 -0.21554002 1.1461025 0.2968671 -0.9823402 1.9341428 1.0567516 0.38845116 -0.43349147 -0.0084323045 1.1939332 0.5338285 0.2544617 -0.1692607 1.5789068 0.67315865 -0.13187186 0.98221165 -1.1519243 0.64970237 0.18106896 1.4686809 -2.3952527 -2.0848238 -0.029966407 -0.7588054 0.80776316 -1.3076959 -0.23814996 0.3899902 0.6479462 -0.63016236 1.3967638 0.27900362 1.2853103 -1.6426381 0.46109638 -1.7653211 0.043443106 1.2865454 -0.78156585 1.0541152 -0.42024025 1.6041034 -2.151903 -0.8194652 1.6356012 -0.7294608 1.4737821 -1.2419003 2.4555738 0.72028625 0.15747851 0.47020924 0.16134816 0.80172867 0.69661885 2.199214 -0.736133 0.33299312 0.9044209 0.012533371 -1.864553 0.7063284 -0.9808644 -1.5196457 -0.7849458 -1.5121795
gurka -0.15293954 2.1282349 1.5794433 1.0851111 0.36042595 -1.4025989 2.1964366 1.9975562 0.95176333 -0.878622 0.50994986 0.26820338 0.88556963 -1.5806836 -2.1725395 -2.517174 -1.8229387 1.7278631 1.1523907 2.2056062 0.21114698 1.7159814 0.19275616 -0.48494148 -1.2252954 -1.0857841 -0.69773203 1.409682 1.414912 0.2787526 -2.1839497 2.6097705 1.3306358 -0.8104671 0.80806166 -0.23074883 1.3866041 0.9383845 1.0956645 0.40410268 -0.3625836 -0.4113714 2.001843 -1.3567454 2.3814552 -0.5881273 0.104635455 1.811022 1.0286071 1.6115019 0.0793033 -0.40137634 -1.1998925 1.9380908 0.6859609 0.88526976 -0.34015 -0.7107257 0.48130774 0.22508425 -0.28894016 1.5270249 -0.44655854 0.8408562 -1.7216631 -0.81909436 0.56618935 2.205824 -1.6837964 1.3140684 0.8493075 -0.22369322 -0.58004916 -1.9186108 -2.7513487 0.23130944 -0.2719164 -2.0643764 0.008605367 -2.1739264 0.6029982 -2.82652 -0.2670924 -1.2719741 0.4930876 1.6058114 1.2130291 1.6915553 -0.08824492 -0.6500984 -0.21227548 -0.39828992 0.19013658 2.3158314 0.6439558 1.5198045 0.1360992 -0.68214476 0.23274009 -0.59615225 -0.33800143 -0.2531661 -0.48822597 0.09801864 0.8782616 0.9347831 -0.23238727 -0.5604492 -2.018428 -1.2505012 -0.9993997 -0.04533375 0.2847652 1.2873329 1.7147175 1.4356881 -1.5633647 -0.20167288 -0.27772385 -2.8872612 0.011418956 -0.92111164 1.6133208 1.0789127 -1.9110385 -0.10197182 0.470271 -0.6325604 2.7211528 1.4415822 1.6180136 -1.6337627 -0.19798575 0.3663912 -0.094643496 1.2523474 1.867649 -0.9488134 1.0152903 -1.2275034 0.8299772 0.2322706 -0.3581608 -0.2571125 0.32183272 -0.7510148 -0.032713804 0.18323416 1.3546325 -0.30722335 -0.75350744 -1.1101888 -0.8781694 -0.9247074 2.6780503 1.4046087 1.0963522 -0.70131254 -0.14192252 0.23685998 1.4204129 -1.1843125 0.0067067924 -1.3347415 1.0794638 -0.92413366 -1.9736376 1.0964657 -2.1407807 -0.366545 -0.725742 0.85135555 0.9193477 0.8367414 -0.40255404 -0.21573338 0.14489625 0.26848206 0.76614654 -0.8278572 0.72854733 0.4193939 -0.25886226 -1.1643378 -0.99416304 -1.7155415 0.5071417 -0.07700134 -1.5680869 -0.3027939 -0.49141717 -1.1040823 -1.0306283 1.5998926 -1.1563158 -3.2327614 1.0019529 -0.9173661 2.0388107 1.298221 2.6289375 1.4554133 1.5949305 -3.3009036 0.62201804 -0.51242465 1.5059693 1.4706231 -1.1734008 -0.67758733 0.1117212 -0.29226562 -1.4586737 0.46765512 -0.6177828 0.29487085 0.028428331 -1.1230197 -2.098287 0.13828108 1.589476 -0.31074798 -1.4293156 0.5373605 -0.41095805 -0.92634296 -1.7340492 -0.4448354 -0.9142765 -0.88708043 0.4263356 -0.35945958 -0.33205295 1.347189 1.2047218 1.4764866 -1.3781108 -0.30307096 0.71899 -0.8232739 -0.3842682 -1.433418 -0.16317151 1.1603831 0.2956442 -1.4051392 0.6063925 2.8647351 0.026406271 -1.0777018 -1.9610215 1.7681258 0.09887588 1.037675 0.44037697 2.2434974 0.35680038 -0.2890649 -1.2958884 0.4618622 -0.49616507 0.94464433 0.23901194 1.1131449 -0.04593643 2.4305112 1.7194716 0.5880653 0.798121 -0.47335267 2.0301523 -0.09511635 -0.16850823 -1.0101774 -0.7511579 0.7203033 -2.5553358 0.35698968 -0.74417794 -0.25306934 -1.225486 0.05875978 -0.49382263 -1.374113 0.14576109 -0.463786 0.6052791 -1.5115328 -0.30324706 0.72258884 0.2153803 -0.03912597 1.5489584 0.36931956 1.1207385 2.1402798 -1.6117725 0.59832567 -0.69396883 0.37134638
gödsel 1.2530284 0.22579443 1.3576941 -0.11840303 1.128813 -0.18933828 1.1649652 0.36390775 2.0189168 1.0797677 -0.24238607 -2.4950354 -0.83075505 -1.0638993 0.49447346 1.4880257 0.33033326 1.4553998 1.1910063 -3.7092807 -1.9599509 0.31463593 -0.9837548 2.445633 0.50852 -0.1467769 -1.2334642 2.6466522 1.3973676 -3.3826184 1.3181924 -0.50314856 0.00816605 -0.54711175 0.04942418 -0.5243889 -1.3321117 -3.5742726 -0.009508985 2.1819882 -1.6285682 0.52825123 0.3910407 -1.0432168 -0.948036 0.9956755 0.49741012 -1.2087902 3.4997752 2.2292602 -1.0942591 0.16324204 2.5951986 -0.12974772 -1.5498055 1.594397 0.7052873 0.4262253 0.8860713 -0.5969728 -0.6752918 -1.4595544 1.3476572 -0.53932303 -0.48497236 -0.7946604 1.7755424 -0.84303755 -1.4911811 0.71107465 -0.6306512 1.0802668 0.45230192 0.21836509 -2.2872741 1.0637964 2.0060983 0.321054 1.0379738 -1.5353484 0.39027932 0.8036899 -0.8348986 0.06501363 2.4186041 -2.3094814 -0.1527858 -0.32618698 -0.69936234 -0.0539596 -1.0641236 1.3490436 -0.24000831 0.16172309 -0.19585288 1.2595145 -2.093565 -1.015438 1.5907552 1.3797213 -0.08376204 -0.16147389 -0.23916474 0.89724207 0.58701897 -2.6044831 -0.6528857 -0.27000344 -2.664198 -0.02711402 -1.1878933 2.3278024 0.72852045 1.6682686 0.28340393 4.1646986 -1.2485328 0.5991986 1.1461622 0.16853355 -0.15322883 0.23112799 -0.23618463 -1.232363 1.5166858 -0.423291 0.97215456 -0.35063517 2.394222 -1.4302378 1.1323751 -0.1653509 -0.65659183 0.6836857 0.0023684765 1.2079049 -0.46711498 -1.8857449 0.85864717 -0.75765896 -0.24575658 -0.06447598 -1.0237427 1.2457663 -0.7579258 -0.5187233 -0.37571487 -0.641368 0.017231604 -2.7611687 1.4549756 -0.072116695 -0.06963269 -1.3879431 -1.9402274 -0.3447539 -0.5814644 -1.2480131 1.2815835 -1.3646003 0.022326156 1.7362463 0.19955175 0.76013494 -2.0116034 1.3451275 -0.43706208 0.56148833 -1.4188794 -0.7687921 -0.7606946 0.0093851695 -1.411843 -1.0869949 -0.73852485 2.582567 1.2664402 -1.1773767 0.89119923 0.14876011 -0.9061034 -1.2061625 2.1681342 1.5593642 -0.6674273 -0.26720303 1.0814527 1.0391612 -0.56451494 0.09471198 -0.5240261 0.49668336 -1.2541579 0.30302316 0.23612519 -1.5310835 1.6939762 0.42496702 -1.9230242 1.5606802 -0.015723616 -1.9651978 0.4334566 -0.90053487 -0.8309666 0.49403456 0.00840137 -0.6589189 0.77317494 -1.5670696 0.20433088 -1.5504539 1.0625794 0.15194637 0.10462996 0.86836904 -1.0751281 -1.9730778 -0.5792652 -0.7933258 1.2011145 1.6286577 0.2769767 -0.7174011 -0.25283957 -0.051915366 0.9482405 0.40864664 -0.95142555 0.34437713 0.93773896 0.9223956 -2.5684934 0.6711698 -2.7876308 1.8893625 -0.24669762 -1.4102641 1.5813253 -1.9692678 1.3479522 -0.45961154 -0.92155343 1.1378914 -1.1758655 1.3022306 0.90058666 -0.13105951 0.9232431 -0.41985887 -1.8864272 -0.14653152 -0.8001113 -1.4711766 -2.4004226 -0.9010011 1.3198961 0.74745774 -0.42233938 -1.7546407 0.98956734 1.3623699 0.14077681 -1.8083481 0.16881908 1.3438222 -0.50547063 1.0578665 -0.6029583 -0.103633344 -0.8539615 1.2504979 -1.1312846 -1.0836011 1.5456382 -0.61225283 0.21738185 1.6443748 0.52213573 -2.4785979 -0.48748577 -0.25254527 1.0805496 0.59354067 -1.5891254 1.1763893 0.6734672 0.63240045 0.27389222 1.0171466 0.30047444 -1.5809016 -2.3390212 -0.27853933 0.19561255 -0.42851466 -0.11841001 -0.87311673 -0.14367297 -0.9339254
lack -0.36433718 -0.58746624 0.0015187601 2.321363 -0.53578544 1.3606938 -0.48295853 0.82279986 0.46932915 -0.24612275 -0.5444895 -1.5078654 -0.91834426 -2.0148232 -0.5734702 1.9589304 0.5223885 1.560282 -0.7425124 -0.21187344 -0.84228724 -0.40866265 0.7419175 -0.2777068 0.25078538 -1.2278205 1.0309968 1.1969287 -1.8967106 -1.0827595 -1.5417601 -0.1956816 -0.46554247 -0.011250261 -1.7312605 -0.6023972 -1.4373257 0.33164313 -1.3037463 1.0574147 0.72202 1.0674525 1.4640409 -0.71042794 -0.53552854 -2.0375342 -2.420611 0.9274 -0.09774683 -1.311788 2.1624875 -1.9836695 0.36351737 -0.15524916 -0.78351206 -0.5279813 0.9622233 0.65873814 0.7277644 -1.4762061 -0.4916974 -2.3157673 0.19885439 -1.3969132 -0.49127755 1.4394733 2.0351722 0.970491 -0.6359946 2.8335063 2.3152225 -0.58144903 0.93748784 2.4429607 -1.5475458 1.5161047 0.70189935 0.05415011 0.60707635 -0.40754226 -1.8694171 2.6266015 -1.0967212 -0.0040986873 0.55194193 -2.1294005 -0.18596223 -0.15979376 1.4537791 -0.36406454 0.23117343 -0.27503142 -0.8237782 1.5982411 1.1765958 0.7586751 0.43218887 0.7391529 -1.0924225 1.7031906 -0.71238106 0.68234557 0.3856329 -2.180716 0.653081 0.4866476 -0.7410913 2.2031758 -0.14893876 -0.7300165 1.0100008 -2.2291644 0.43247733 0.9900736 1.5949205 1.5130799 -0.66952497 0.74054205 3.6031978 0.6262665 -0.00364714 1.3483337 0.48857233 1.0660034 -1.7168689 0.8558673 -1.4082196 -1.2720133 -0.79332167 0.97460496 -1.7069175 1.809333 1.5313294 -0.33702943 -0.11449903 0.103850655 1.423624 -0.9418928 0.41044143 0.63065594 1.8096234 0.75198585 -2.449543 0.16994348 -0.6867934 -1.886195 -0.41174114 0.1551816 0.31542358 0.36208916 -1.073824 0.35634753 -0.29276416 0.564103 0.3757573 0.06515758 0.2802742 0.75943106 -1.0818205 -1.9783285 2.11528 -0.3309276 0.24745187 -0.22527412 -1.9563259 -0.8935773 3.4098246 -0.18415731 -0.32272416 -0.70226526 -0.98527426 0.15722889 -0.21066684 0.8965045 -0.30187953 -0.029909655 -0.21028134 -0.42686424 0.65552455 -2.1654696 -0.31625795 0.22044775 -0.43429807 0.70617145 1.3754915 0.62069607 -0.7261337 2.1323462 -0.3385453 -0.22436069 0.96873045 -0.6176988 -0.4968814 0.81751513 2.0570247 0.02577133 0.03557623 0.8242486 -0.791262 -1.8687738 0.08702297 -0.29855478 -1.4295533 -3.1666777 -1.4798133 -1.1493322 2.36365 -1.9323314 -0.71035784 -1.0728269 0.32328543 -0.61109984 -0.45026118 0.32450598 -1.4108871 -2.4259822 -0.67530143 0.7035307 0.008229421 -0.07393519 1.0680531 -0.544556 -1.2010281 -0.8901719 -1.658455 -0.10494298 0.5051254 1.3936815 -1.5100693 0.6709681 3.249426 -0.6744776 -0.8532928 -0.6298801 -0.7381331 -0.42216125 -0.2652971 -0.22638199 0.066188216 0.48218036 1.0150093 1.4922943 -2.7214882 -0.22357114 0.23190299 2.9549887 0.20101623 1.9021109 1.8261852 -0.9511792 2.8728848 2.1479602 0.12052556 3.5272214 0.9261177 0.35437512 0.36229098 0.15224904 -1.1720847 -1.4354761 1.7671568 -0.028882341 0.44321042 -1.6326507 -1.7894878 1.1841837 0.9908274 1.4673357 1.1016381 -3.040676 -0.3375895 0.4047865 0.7053964 -0.66823936 0.91457736 -0.49517602 1.139974 -1.5515167 -2.6691802 -0.90197974 1.641368 1.6188889 0.93357867 0.95923245 -0.35594127 0.021893729 -1.8652179 -0.84657925 -1.1453888 -0.17147301 2.3410556 0.70763123 0.9626482 -0.43747428 3.8221276 2.2580926 1.3187033 -3.5664668 -0.1567396 -0.07479996
kartong -2.7300494 0.21728386 -1.5309494 -0.49844852 -0.082374275 0.6780363 0.39403722 1.5921756 -0.8852087 -1.7079219 0.24300691 -1.5569359 -1.1900064 -1.7444721 0.39153874 0.36127755 -1.7589847 -0.31495744 -1.8363777 -0.44433233 -0.52135175 1.6858389 0.7584125 0.45500806 -1.7669864 -2.0023603 0.3941674 -0.17644526 0.009395084 -0.67881256 -0.8834344 -0.07842468 0.6928921 -3.1712997 -2.4808667 1.3663396 0.030552117 0.23054023 0.08472531 1.0835482 1.2354277 -0.072899766 1.5578159 -0.83393663 0.025992416 0.8758489 -1.7457709 0.5496382 -1.3053366 1.3306113 2.3474178 0.79121053 -1.1316371 1.5152346 -0.21670227 0.13327505 1.1775764 -0.52393883 1.939385 0.7439513 -1.3489711 0.42454633 1.15041 0.25513825 -0.57026875 0.8019066 0.80805266 -0.10811662 -2.02307 -1.504632 -0.17501315 2.8561482 0.4517474 1.14383 1.8075203 0.31181479 -0.05354732 1.3088387 -0.71224153 0.20236774 1.1925687 2.1057327 -1.2075831 -1.5728369 2.2126303 -2.0922878 -2.1196773 -1.4973403 1.1956583 0.6713526 0.06206377 -0.7353014 1.1548629 0.82821417 2.27853 -1.8478893 -0.7597019 -0.67242897 0.662888 -0.37020904 0.029010108 0.31284288 1.8643459 -0.95165336 -1.0871849 -0.24187696 1.4983705 2.161083 1.9377514 0.42751545 0.668945 -1.4623295 -0.060456894 -0.0735397 1.2350096 -0.24817833 1.3683865 1.3092045 0.26127076 -0.2966208 0.38353035 1.5543754 -0.9695889 1.1297947 -0.18231092 0.42074516 1.7263687 -1.8729638 -0.85719377 0.76623625 0.04580318 1.7443463 0.6785335 1.7319936 0.47884262 0.55317765 2.2070866 -0.7747775 0.57584286 0.9845485 -0.28741837 -1.1911371 -0.098886654 -0.03575752 -0.14312486 -1.5975935 -0.037245374 -1.6397318 1.8141881 1.7373912 1.9336119 2.1999254 -1.34566 -0.07796034 1.0127513 -0.6979601 2.0434752 -0.81629664 0.15192193 0.8546701 1.7647038 -0.16615236 -0.86342984 -1.2255421 -1.1066793 0.69603705 2.5264225 0.6820836 -2.0552502 -1.7876899 -0.16577327 0.3284093 -2.315513 0.3610683 -1.839405 -0.81260985 0.058459185 0.9428821 -0.47580174 1.3531935 1.5159436 -1.934911 -1.2074833 0.90829945 -1.3256172 1.2639194 -1.2366508 0.5633895 1.2354796 0.024276245 0.0130662555 -1.0814998 -1.0834547 -0.6032465 0.90668136 0.8960597 1.5815105 -0.32395703 -1.4488062 -1.0229912 1.5789487 0.6540104 -1.343348 1.4198035 -0.028823465 0.88805306 -1.4186689 3.2216356 -1.1831204 -1.2879974 0.6386967 0.39144474 -0.4042089 -1.8508434 -1.95384 -0.11483614 -0.7516231 -2.3682334 -1.7683171 -1.606069 0.6173952 -0.63168037 2.0941405 0.8770661 2.670974 -1.5147153 0.7975172 2.045364 -0.92548144 -0.18048313 -0.91431075 -1.443853 -1.7492937 -0.5112643 -1.6430857 -1.7474704 -1.5300654 -1.1594076 0.08385793 0.20079699 0.30518553 0.75548685 -0.5247099 0.7067373 0.23736006 0.49811035 1.8067447 2.0318086 -1.3390603 0.15560043 -2.4924457 -0.93405044 -1.1504874 1.6953708 -0.09031304 -0.19322348 -0.20552857 1.8548702 1.1529317 0.81196696 0.16902083 -0.389223 -0.04484904 0.345419 -0.83283424 -0.12136978 -0.7549595 1.3314985 0.44825092 -1.3237578 -0.78331655 -0.6089761 0.87524873 0.7280758 -0.30698183 1.5475669 2.53436 1.0648327 -1.6416713 -1.5293996 0.11833193 0.65477264 0.36787084 0.83091205 1.2617533 0.6687784 0.5309362 -0.682736 0.36266497 -1.8196815 0.5517005 0.89964855 -0.14406471 0.015535925 -1.0101871 0.5132685 0.36993957 -1.520562 2.1899207 0.0037898454
målarfärg 0.57783705 0.646762 0.44852683 0.6405169 -0.0128031755 -1.1246428 -1.5113417 -0.49630934 -0.3137864 -2.5093062 -0.26294446 -1.7141047 -0.86113626 -0.24234074 -2.0803306 2.2535307 1.8430065 1.8502892 1.5104105 -1.3014221 0.3695106 -0.3836891 1.4854748 1.603197 0.11262123 0.84723306 1.4156306 1.1338737 0.55256784 -1.8141143 0.94844663 0.20957468 1.3320339 -0.91121435 -3.004837 0.252587 0.3022987 -2.714778 -0.806204 1.9900693 -3.5154686 1.3478329 -1.1144011 -1.1574297 0.49930048 -1.4141132 -0.4922216 1.3152568 -0.562954 1.1844934 0.46682796 0.19356039 0.53182113 -0.4765809 0.19338498 -1.705652 0.72291493 0.2881979 -0.02665433 -0.35915437 -0.2289616 -1.818446 -1.2156372 1.088934 -1.3702439 -1.6656823 0.35475373 -2.2751815 1.2013063 0.19413379 -0.588259 1.4083197 1.19379 -0.035834454 -1.8038082 1.4123442 1.4161677 0.45815292 1.1450363 -1.3541692 0.20214939 1.1818504 0.09939299 0.4110684 2.859721 0.06703012 -0.49493486 0.568547 1.6593753 0.3925852 1.5637999 1.2276397 -0.9763677 -0.33158627 1.1411663 -2.0508437 -1.7991452 -0.092955805 1.2037433 0.23158397 -1.4331596 -1.3871545 -3.468326 -0.34269434 0.16872376 0.63180786 0.6431437 1.7914162 -0.19618514 -0.09887922 -1.1423446 -1.2346393 -0.029035864 0.9035603 -0.592409 2.8932235 -0.0002354694 -0.38303787 -0.27778447 -1.2348878 -1.4826849 0.77094036 1.0272925 -0.75062656 0.8126072 -0.5054932 0.3784379 0.11122854 -1.3013922 1.337245 1.4710648 0.2915896 -1.7816654 0.9008975 -0.15596025 1.796868 -0.047736008 -1.5382138 1.012603 -0.95896846 0.3925004 -0.21167792 0.5249691 2.4260068 -0.7494604 -1.2087413 0.06423986 0.40153873 1.7020442 -1.2263763 -0.23145002 0.14874205 -0.95755804 0.6394904 1.265593 0.98905325 0.59932363 -1.1562967 -0.8168904 -0.7440352 2.3213193 -0.1569925 0.9867462 -1.6167275 -1.1033233 -0.27050182 -0.79471236 -1.1788622 0.13859367 0.24032663 -0.61502546 0.934937 -0.2445333 -0.06559991 0.45416725 -0.6435071 -0.15915085 1.7484694 1.7682825 -0.7276877 -0.7934265 0.49575457 -0.12122575 1.0367328 -0.13316827 1.3238779 0.5194561 3.2008035 1.4416285 2.03421 1.8883045 -1.1661934 -0.96007 0.007995657 -0.1250378 -0.24651632 2.9980626 0.03965108 -2.1985974 -0.73901236 -1.0059288 0.5715552 -0.18767612 -1.0817015 -0.5442125 0.5690353 -1.0433888 -0.25449142 -1.5654273 -1.6829678 -0.8052019 -1.3392961 -0.8877237 0.5310793 -0.9452241 0.8678133 -1.8906025 -0.68337727 -0.95339626 -0.43116644 1.4363352 0.3295962 -0.31151548 -0.7121267 -1.6957252 1.7540464 0.7445808 -0.0065063024 1.1314881 0.47043812 2.3397808 0.7562339 1.3749708 -0.48163208 -1.513718 -0.39172783 -0.30803892 -0.29198968 0.052610103 1.911597 0.17057015 0.61511314 0.5278664 1.2036935 0.87311834 1.761356 -2.6942644 0.22674857 2.285934 -0.41577968 0.6116736 -0.069469936 -2.8865952 2.316264 0.8217649 -0.75386345 0.44499826 1.6057559 0.27632186 -0.21586847 -0.6057932 0.16385105 1.2388408 1.8602552 -1.7433635 2.148417 0.29290545 1.2221509 -0.22168002 -1.936595 -0.16206497 0.023197234 -2.0161757 -1.8068033 1.5702865 -0.7879374 0.76694906 0.4494806 -1.0926597 -1.3806536 0.9158698 1.9812461 1.2150614 -0.96965337 -1.098154 1.6091516 -0.10200315 0.4356447 0.38132307 0.92213684 0.24678715 0.291173 0.30696213 -1.5594674 1.1962422 3.1096494 -1.0941643 -2.986272 -0.08575831 -2.1123698
ammoniak -0.18280491 0.09621806 -0.19014855 0.16265833 0.37153685 -0.485221 0.25647175 -1.4777988 -0.50501204 -0.33489856 -0.8882649 -0.036804803 -0.6152484 -0.34196904 -2.1331596 -0.3755889 -0.21168262 -0.4476626 0.9259843 -1.3919394 0.17727922 2.160583 0.089956366 1.6359723 -1.3162674 -0.5894013 1.1487674 -0.3980435 2.53533 -2.3144586 -0.6860313 -1.2960477 -1.2181545 -0.7475391 -2.6721857 0.45328623 1.0443909 -0.5878735 0.1550534 1.5789229 -1.5508282 2.177477 1.388218 -2.2548704 0.47919425 -0.6649709 -0.07032234 0.096425146 0.764894 -0.42757553 0.29673833 -2.2322388 1.452701 1.820802 -1.5625392 -0.43453172 1.0198714 1.1855751 0.8428354 1.4045913 -1.3441784 0.55201477 -1.1854279 -0.1036109 -0.9050998 0.096559085 -0.46251458 -1.0272741 -1.1391145 -0.36904624 0.61960113 1.9219952 0.89008224 0.6830795 -1.006531 0.29983893 2.3938646 0.23797517 -0.6315715 0.4646357 0.43499085 0.39781353 0.78417635 -1.4895508 0.73771703 0.42775503 -0.9200717 -0.75179774 1.4682469 -0.049720954 -1.1736333 0.7803252 -0.39785373 2.7322292 -1.8068038 -1.3001918 0.34424898 -0.07290212 -0.66996276 1.4389409 1.5960853 0.47006473 0.84565777 -1.203962 0.6707238 -1.2901094 -0.10461895 0.38353765 1.0133218 -0.25535902 -1.663392 0.5367669 0.14022489 0.64914924 0.19220434 4.001292 0.01795912 0.16782016 1.4888637 -1.0701474 -0.35958675 1.355764 2.019473 -2.1467266 0.98599255 -0.8440157 0.0820783 -1.3653519 0.1064724 0.07607329 -0.60543007 -1.956211 -0.07965211 -0.33843195 -2.6461716 0.16032471 1.229459 -2.449767 1.2092123 -1.89655 -1.9388907 1.527088 -1.3810793 0.26577175 -1.9942174 -1.7948126 0.4085802 0.9849875 0.10310907 -0.513394 -0.2678916 -0.60901016 -0.8098335 -0.041836016 0.6124262 -2.1187003 -0.046071824 -0.067658745 -0.9138652 -2.684259 0.885373 -1.2056752 -0.66092104 -2.2256517 1.032208 0.7194407 -0.10311184 0.2441288 0.051520247 0.2749471 -1.7543678 -0.052518804 -0.23749551 -1.6926559 1.2903036 0.62995064 0.7593335 1.2793695 -0.7029948 -3.4997413 0.66434014 0.084662914 0.9116202 0.045723736 0.5548152 -0.23352936 1.6171527 1.2534568 2.7630663 0.84223574 0.2375116 0.74097145 -2.2774837 1.6692176 0.6770398 -1.1087714 2.7650342 -0.34553668 -0.12418641 0.5138591 -2.282591 0.24792917 -0.33812705 -1.0807843 -0.6235116 2.2528548 -0.7621498 -0.20660986 -2.0551116 -0.6458826 0.35674438 -1.703982 0.76463896 -1.3956923 -0.08598689 -0.51024354 0.5201244 -1.4390002 0.0074290936 -1.2843248 -0.8579181 1.0388145 1.508489 -0.9466983 -0.8865828 1.2294165 0.12441109 0.017798575 0.460497 -0.31791535 2.3943286 0.2858608 -1.7239864 -0.1422358 -1.7119018 2.164477 -0.7911758 -0.25995728 -0.7160625 -1.8395423 0.12907314 -0.6895517 0.3321803 2.1464262 -0.21669096 1.7157449 0.026810015 -0.42946303 1.4367083 0.76693213 -0.1124496 -0.39923984 -1.3169496 1.1245168 -1.5689884 0.8033461 -0.037681058 0.3275765 -2.7163494 -1.2590138 0.9636344 0.49073434 0.3823844 -0.43329173 -0.7462553 -0.17305282 -2.2137616 2.1166854 1.1848594 -0.6726755 -0.9703856 1.5173825 -1.1337532 1.5418196 1.0384804 0.89459676 -0.57550454 1.2035663 0.60545117 -1.1001893 0.2637855 -0.29257956 1.8470603 2.0253654 0.25307745 1.9427056 -1.6849209 2.0834525 -0.457351 1.5746889 -0.46392378 1.1620835 -0.35295925 0.5218785 3.0959785 0.29356313 0.33033708 -1.6731702 2.6831627 -1.1626462
bageri -0.80598545 -0.8487952 -2.4652064 -3.8401523 1.6495627 -1.3492017 -0.055408157 0.5938429 -1.9987499 -0.55082536 1.9970409 -0.9545473 -1.018932 0.7594859 0.0018794202 -0.44183496 0.29565722 2.4672587 -0.26151657 -2.41291 1.6319786 -2.154089 0.3987086 -0.82272935 0.53795505 -0.50529784 -1.2375232 1.2674968 0.021272177 0.18638231 1.8383509 -0.5710139 -0.38423577 0.7633975 -1.2099019 -0.5109664 1.0171746 0.6884711 -1.9202721 1.7968105 1.432456 1.7544947 0.55055285 -0.16483353 -0.03290659 -0.5618877 2.5496972 0.42639825 -0.42474097 2.0290143 -2.0201116 3.4273827 1.1083698 -0.47327423 -0.17333469 -0.73892957 -0.36133158 -0.021222986 0.9603189 0.69103354 -0.7652142 -1.4716626 -1.0874736 -0.66196096 0.19067064 -0.63405305 -0.4164969 -2.374927 -2.9692035 -1.6126846 1.5921892 0.71890014 -1.0121013 -1.0203217 0.3810565 -0.1180686 -0.48434335 0.107612774 0.5095989 1.0979917 0.34699088 -0.3532657 -1.9271125 1.3597976 1.1323285 -0.91674817 -1.1108242 -2.6382911 -0.4799618 1.0133296 -0.7504187 -1.4256817 -0.3177068 0.17112486 0.14055975 0.049592037 -0.7774263 -1.0559942 2.1871986 1.317779 -0.69968534 -1.6996399 -0.7096467 0.5684669 1.056768 -2.2296724 0.3052186 2.5383058 -4.3777704 -0.61466426 0.09600966 -1.3284663 -2.1641824 -1.0349169 -0.96571296 0.09368177 -0.43328464 1.8336904 1.4738705 0.119596034 0.8883275 0.39076304 0.26176465 1.2848583 -1.2695056 -0.47721106 -1.3714534 -0.056214113 1.3853241 1.3881146 0.7289715 2.25727 2.0304778 -3.4899602 1.862202 3.2846634 -3.1280863 -0.58602077 -0.43658838 -0.10501852 -0.085133746 2.4940798 2.555143 -0.44133082 2.417987 -0.23017557 -2.7619174 1.2300546 0.9977869 3.427055 0.50080323 -2.4751928 -2.3006368 2.6524174 2.341647 -1.2988995 2.2226558 -3.7834618 -0.7808212 -1.1169126 -1.2065445 0.058658037 -0.3548489 -1.8907167 -0.5863919 1.4839227 0.04521466 0.29916948 -1.8266183 -1.2114612 -0.7967619 -1.5542139 -1.0510458 -0.43117285 -0.372293 0.98293847 2.6227424 0.27267367 -1.6046842 4.0314846 -0.7245794 -1.5192059 -1.8388351 1.5306009 -1.9387299 1.7456791 -0.1726647 0.46071428 -0.8461794 -0.010541427 1.3148829 -2.4448645 -1.121196 -0.1546073 1.3971112 -0.57173616 -0.6272297 -1.0827502 -0.13991047 -0.1073442 -0.7670764 0.76906806 0.5388891 0.9159849 1.9374098 0.12559535 1.4249772 1.1876673 0.5818056 1.3207839 1.2814391 -1.1330179 0.6401766 -0.62199146 -2.38646 1.2767941 -0.879188 -1.6447327 -0.41698772 -1.7437994 1.6201925 -0.38001347 -0.3136436 2.732069 0.6047127 1.9811877 0.40627116 -2.0408173 0.17084883 0.15347613 -1.5556291 2.9285657 -0.93812567 -0.34709027 0.54364365 -1.4342967 -1.6905985 1.8320367 2.046236 -0.8539641 0.2208662 0.15497208 0.35718006 -0.9878379 0.09909987 -0.43773955 0.10432853 -0.8442547 1.5318286 -1.3419133 -0.28146237 -0.6151225 -0.53499454 0.66101336 -0.024017729 2.5172393 0.11738788 0.8400629 0.29018992 0.8005311 -0.22321828 -0.32120904 1.483257 -0.43142554 -0.4492857 -2.575981 -0.86461455 2.047826 1.8834653 -0.9915224 -0.24637857 -0.9180687 -1.3952852 2.318551 2.282424 -0.12931973 1.8080801 -0.26939863 1.1772603 -0.6350217 0.26946455 1.622612 1.9587883 -0.7159245 1.4469788 -0.30933213 -0.4241497 1.2129837 1.071962 -2.239876 1.7366145 0.49617955 -0.31388962 -1.1722025 -0.5311298 -0.46289524 -0.8192185 0.6018515 -1.7989507 -1.8173519
sirap 0.30624768 -0.30725133 0.184809 0.24339506 0.7871902 -1.122428 1.7970413 2.6706178 1.0968286 -2.7892642 1.1270974 -0.6451115 -1.3241936 -2.995539 -0.18375075 -2.2035937 0.99485034 1.4710907 1.7985123 1.3045176 1.6800035 -0.65328294 1.1686206 -0.541186 0.003106919 -2.145867 1.6796722 1.2020018 -1.4400039 2.574315 -0.5034165 2.3746428 1.1242367 1.5090969 -0.109183125 1.0783314 1.5462729 -1.2697577 -0.6829081 1.3380798 -1.5953203 -0.24848491 -1.2634985 -1.3684734 -0.2518126 1.288502 -0.3950868 0.41678238 -0.95357776 -0.1275159 -1.351359 -1.0200291 0.08402604 -0.3899112 1.090449 -1.5310594 0.52986264 2.2870233 1.0859535 0.21860863 -0.56936073 1.777374 3.3647292 0.60295486 -1.3964396 -0.59258103 1.5981574 -1.0564488 1.7162558 0.57579446 1.23324 -0.86233693 -2.552914 -1.7630857 -0.84728354 -0.28363377 -0.45496345 -0.6525548 0.95251435 -3.3409426 -2.618112 2.6389685 1.7646841 -3.147999 -0.19864401 1.210522 -1.1278887 -1.138475 1.346933 2.681745 -0.3692957 -0.40890726 1.0864639 -0.3325765 -1.9700321 -0.06267694 0.45518097 -1.7886232 0.3342154 -0.26038927 -0.48376954 0.6005934 2.434195 -0.041934654 0.5378784 2.2410362 0.97186583 0.4374808 -2.0099401 1.9993217 -1.0421357 0.02485713 -0.73630995 0.9925565 -0.3817955 0.87823284 0.7766539 1.2853563 0.44121978 -0.59333384 -0.34499207 -0.30532277 -0.21600725 0.9023322 -0.756786 -3.2238925 1.1151268 0.16539742 -0.031366266 1.1699331 2.931154 0.36579672 1.7794824 1.5308535 -0.9232288 2.0632129 0.6023261 0.66084504 2.9271824 0.31917462 -1.4439616 2.4009538 -0.009411387 1.3960481 -0.3778108 -0.5164692 0.62423754 0.45962468 -0.51581115 -1.3660125 1.9678692 -2.6693683 -1.0683688 -0.11942704 1.0757256 0.48877358 0.43886447 -0.83666325 0.2880599 -2.3441825 0.56613994 -0.13815267 -1.579643 -1.2296528 0.69755924 0.022609418 1.7807561 0.37006497 1.0576543 0.80801326 1.2524387 -2.0194697 0.7428874 0.6181428 0.74044067 0.24820796 1.0075018 -0.41045612 -0.88072395 2.065011 2.3141565 1.9315851 0.8674958 1.9827635 1.1561915 -1.7637408 0.8842011 0.06810686 1.3516862 -2.1809204 0.5011316 -1.67993 0.5015699 0.6465892 -1.5252832 -0.27657762 0.101807654 -1.2150505 0.5150189 -0.041656546 0.15443324 -1.8581991 -2.790352 -1.4012146 -0.596804 -0.8503015 0.0928617 2.104135 0.35611105 1.3242381 -0.96805334 -1.3058082 -0.2013258 0.503488 -1.0704216 1.1450346 -0.7062295 -1.7488211 0.025712574 -0.5830939 0.075905845 1.606827 -0.94024885 0.25175261 -0.69046444 0.53815746 0.3815851 2.3372538 -1.2500503 -0.32409573 3.6858606 -0.28324926 -1.0382794 0.8915977 -2.5335963 -0.93960947 0.065851785 0.8186327 -0.3903552 2.0388336 -2.2883284 0.5923077 -0.8612104 1.2444549 -0.13715446 -0.29013675 -0.17499918 0.36360085 0.37429047 3.4054537 -1.9497215 -0.14734684 0.4468221 -0.13252349 -0.556134 -0.59982246 -0.5891986 1.9954566 0.7385648 -1.4886378 -0.88848275 0.3605439 0.75474083 -0.16203268 -0.38880834 0.39991534 0.91333866 0.30931258 -1.2190626 -1.6179036 -1.2608085 0.40536416 -0.25896198 -1.4534672 0.07266952 0.19498847 -0.213725 -2.088362 0.8389875 0.55554336 -1.1578407 -0.37668586 -0.13332571 1.4850572 -0.012477197 -1.0632037 -1.0971663 -1.035892 -0.1441698 -0.2375419 0.9017819 -0.4938993 0.23211515 0.98143595 -0.29681587 -1.5559355 1.163349 -0.9955859 2.4725945 -1.3126708
kork -2.1799784 -0.43761474 3.0086212 1.2058694 -0.660502 -0.22916184 -0.44654122 1.5559136 1.2125101 -2.0051403 -2.5133128 1.3393065 1.1284205 -4.2799177 -1.2606403 1.0950942 -2.2642853 0.44268975 -0.16204499 0.9168445 -0.06348187 -0.34243777 0.79564404 -3.2306292 -0.033699673 -0.40540764 1.099453 -2.0871067 0.07789895 1.0504686 0.24308209 -0.6403186 -2.4536788 -1.5046872 -0.36803243 -1.0175353 -0.8261723 0.43760777 -1.3170704 2.415446 -0.8708802 -0.029265914 -0.08975522 -1.7220895 0.7775784 -0.23023894 -0.60273457 -0.37671494 -0.9252324 2.1910212 2.295088 0.064591266 -0.72304934 1.2357996 -0.35078913 0.6695102 0.46720544 -1.0110745 1.1069019 1.8917339 -2.264005 0.824923 -0.39875174 -0.036106862 1.6894364 1.6970388 1.6435642 -1.8027272 -1.7094203 -1.1884633 -2.5370862 0.30711228 -0.55747986 -0.86808234 -0.119053446 0.6012135 -1.8147541 0.9515805 1.3111591 0.203281 0.035900287 1.7031014 1.1088765 1.1688004 -1.8516248 -1.5177504 -1.1685463 0.018299624 1.4146669 0.06391762 0.8932675 -0.7225849 2.161325 1.3790742 2.171925 -1.0817795 1.3683546 -1.4428736 -0.34375873 0.7238095 0.78971535 -1.7320713 -1.2139093 0.689539 1.592486 -1.1540463 -0.7155516 2.5927737 0.70420086 0.6815425 0.5918545 -2.1657531 -0.06564849 0.7172949 1.2823154 -0.25808594 -2.018206 -0.50672513 -0.5734767 -0.9412027 0.595438 2.716384 -0.09185395 1.2119915 1.3148931 -0.021345321 -0.25469223 -0.81554323 -1.1165566 0.023191348 -0.6188469 1.4201629 0.3250295 0.97946626 1.2919523 -0.21141511 1.7042178 1.4689724 0.24895056 1.1561422 -0.40029737 -0.34968472 0.12248434 -1.7874818 -0.82523495 -0.40249106 0.09313125 -0.16035223 1.0170127 -0.7539923 1.0339284 -0.20768528 -0.0003034301 2.3749466 0.5164353 0.053561963 3.3449259 -0.17267361 -2.9593556 -0.54196143 1.0812956 1.7008263 -1.3061419 -1.3187411 0.12587896 2.5467372 0.39946327 0.5368294 2.9089377 0.14233948 -2.1353981 2.154346 1.7445123 3.093928 0.71704686 -1.0501468 -1.5605652 -1.1268784 -1.4044583 -3.1844664 1.1783661 -0.8771202 -0.7620416 2.439037 0.22771488 -0.045462828 2.6482775 1.2705853 0.7532972 2.0706813 0.7810486 -0.43355513 1.0165608 0.09049982 -0.87447 0.58320695 -0.94153297 -1.1595782 -3.0222833 0.23401272 -0.7594848 1.0312219 1.240981 -1.164588 0.19633994 -1.3242941 0.43377888 0.86580044 -0.16320246 -0.8076987 0.86001456 -1.4363238 -0.052314427 1.244225 1.233839 -0.17392002 0.57762605 -1.8238213 -4.096275 -3.2329948 -0.68913203 0.9275131 1.8611647 -0.06249322 0.7161579 -0.51770693 -0.078524314 -1.7199439 -1.2989587 -0.19051129 -0.19297509 2.1339526 -1.3992419 -0.11663922 -1.8135033 1.3318173 -0.9361515 -0.76591474 -0.22835545 -1.657009 -0.10585145 -0.1755927 -0.3754553 1.9676008 1.3897464 -1.2297664 -0.80134374 1.9504416 -1.0657378 0.81419903 0.047596045 -0.66126704 -2.459771 1.6522952 1.4676358 -2.460938 1.35281 0.6640005 0.58462226 0.23683295 0.68792975 -1.1217933 1.0234052 -0.2675064 -2.7528148 0.069817975 0.50996935 0.1698338 2.2180781 -3.7420528 -2.1177542 0.078374535 -0.34224883 -1.1703972 -2.0515244 1.4567207 -0.6212327 -0.3548829 -1.078728 1.0388986 3.1334872 0.9595312 0.8783102 0.38986835 -0.7133863 1.0399138 -0.15980862 0.9363363 -0.7636109 -0.5694811 0.55387473 2.8293538 0.58377236 -1.802555 1.5770059 1.3568493 0.8672052 -0.63147396 3.6311095 -2.215696
björk -1.2873924 0.11082131 -1.4953172 -0.74553126 0.10724315 -0.6146689 -0.2266683 4.3938665 0.7157587 -1.4231377 -0.7680543 -1.2314249 2.324619 0.56657314 0.37233603 -2.0538862 1.4212384 0.6977159 0.97493434 1.8262377 -0.38249603 -0.13527805 0.50987446 -1.5462303 -0.68619716 1.4613143 -0.77383363 0.67197174 -1.9323651 -2.6275153 -0.8153177 1.1309948 -0.19789967 1.0203556 1.4339299 -0.9454829 0.13468875 -1.2316239 1.6557367 -1.3758513 0.0332713 -0.87205017 1.1034623 -1.5099459 0.87969255 0.042290136 -1.4704629 -0.47099048 1.2168865 -0.8454861 -2.3047152 2.054825 0.89646965 -2.1271076 -0.43216273 1.2938719 0.14417917 -0.67496794 -1.0781481 0.5814378 -0.022656664 -0.32982665 1.326465 -0.7047667 0.5838896 -0.43175793 0.8196535 -0.51687145 0.24189417 -0.39995193 0.6068755 2.5059485 2.1054175 -0.48727587 0.18883407 0.5297832 -1.0013704 -1.9900444 2.5700963 -1.0867139 0.40653208 -1.0254099 -0.17168753 0.45801672 3.406787 -2.2050278 -0.0404355 0.07482505 1.9640324 0.52677584 0.20230734 0.6761852 -0.17640513 1.7011198 -0.31837335 -1.1542643 -0.5791299 -2.357701 1.408147 -1.4228832 1.2680284 1.3273135 1.0982337 1.145571 -0.6914397 -0.613205 -1.403635 0.64815634 0.043261033 2.9107802 -0.70857185 -0.3931354 0.72439724 0.4225164 0.80582684 1.58669 0.51683605 1.0747665 -0.30693746 0.37654555 -1.0749011 1.3407261 -1.3291161 0.5915026 -2.6346958 0.2941862 0.17922875 0.38292286 1.5144004 0.39060032 0.12752807 0.16934857 -0.61404353 -0.005235173 -1.3585842 0.56843877 -0.21760237 -1.9613994 -1.8692982 -1.2779026 -0.15746264 -3.5967534 -1.0385661 -0.6942493 2.371327 -0.73889667 0.8624933 -0.7039123 0.09677602 -0.3166153 2.0015447 -3.3607168 -1.138885 -1.0810164 -0.89400774 -1.6603215 0.066943176 0.6266792 0.06670752 0.38111472 -0.29221982 0.53239167 -0.82021147 0.50908077 0.20729147 -1.7620527 -0.06373148 -0.3258124 1.1348637 -1.0406585 1.5273833 0.13756919 -0.48023623 1.1765798 1.4705969 0.80157536 1.8638508 -0.98063314 -0.59202635 0.7835918 -0.19265369 2.3963256 0.5141947 2.301661 -0.006328926 -0.2270961 -0.7350341 -1.506124 -0.6098087 0.07487688 -0.34380168 1.3580897 -0.458256 -1.1311678 1.1923333 -0.59647626 -1.6047956 -0.44722128 1.8347279 0.4420159 -1.6253681 -1.4541628 1.8737887 2.362322 -1.1062956 -0.64086646 0.854265 -0.5336824 -1.564813 -0.041389067 0.82584083 0.61615896 2.920011 1.9446937 -2.2625537 -1.3729573 -0.5908315 -0.85492337 -0.19138907 -1.8886099 1.8741729 2.0704296 -2.3715644 -1.2906721 -0.28197765 -0.49724826 -2.3912237 -1.6022719 -0.2154929 -0.36304644 0.9223574 0.54226434 -2.7822893 -0.018076194 0.39537066 0.0986427 -0.6778525 -0.11448071 1.188302 0.15015432 -1.1197674 -0.39848462 -2.597886 2.8837357 2.1185868 0.1406193 0.12638913 2.661339 -2.0308285 -0.034749214 -1.5909951 -0.53883797 -1.4809587 -0.27118856 1.0906857 0.5756235 0.51555043 0.14790186 1.7355473 -1.5330071 -0.78923136 -0.6755819 -0.48028108 0.26780394 -1.2390826 -1.2600781 0.23457064 -1.1758101 0.13163674 -0.96408916 0.26918757 -0.3059058 0.9392566 -2.0160518 0.10102361 1.4292585 1.8935397 -0.013224721 -0.36389324 0.2677627 -0.3141259 -0.35204723 -0.13281928 -0.18562694 -0.37581503 0.8706637 0.45993316 -1.7753067 2.1508105 -0.5879235 -0.7588673 0.46204716 1.0692723 1.8982185 0.42593485 0.8076123 -0.58691084 -0.9218839 -0.8427911 1.4381652
eukalyptus 0.81698626 0.57333815 0.4440079 1.8863115 -0.02377335 -0.45988858 0.06291104 3.699823 -0.1052626 0.54335976 1.9293032 0.371464 0.5332945 1.3567187 -1.2117205 -1.0081406 0.85715747 0.25652376 1.6755307 1.0191714 0.806204 -2.5351124 0.09558984 -0.093566276 1.0098435 -0.55873597 0.89671224 2.4272158 -0.69296604 -1.4867365 0.036590677 -0.48202652 -0.5451782 -1.5288199 0.5122785 1.1323551 1.5767227 -0.75053465 0.42853305 0.33661857 -0.7617742 1.4416916 -0.5541415 -2.1029754 1.6529593 -0.059268244 0.26281652 -0.7692258 -0.31019217 -1.3151864 1.6036738 1.0876632 -1.275946 -0.44569033 -0.6978879 -0.80022013 0.44400007 3.0072358 0.134094 0.45685583 -1.6516328 -1.9092914 -0.23714927 -1.1657258 -0.8201196 0.29827127 1.1094081 -0.059369598 -0.15068464 0.074803084 0.65759015 0.04119438 0.7378345 1.1221505 -0.86069775 0.9418323 -0.79900724 0.35137805 1.4647733 -0.55215245 0.9283777 -1.2905585 0.1041984 -1.1597657 1.0966672 -1.1716204 1.8041914 -0.17181645 0.48537126 0.6664493 1.8098283 0.9360505 0.99350905 0.5689419 2.3817208 -0.021086903 0.3965893 1.4915464 1.9487046 -0.25844577 0.2255348 0.087072134 -0.5849016 0.43447882 2.1943278 -0.32843137 -1.3952227 0.41778025 0.2848659 -0.30440855 -0.92877793 -1.841802 0.17583114 0.6627987 -0.5054556 3.1564758 -0.029826533 0.9790991 -0.4607362 -1.2311324 -1.3013761 1.3299311 -0.16591014 0.35535863 -1.6075159 -0.7738226 -1.7117285 0.5725355 -0.39719534 0.88341355 1.7149985 0.5050341 -1.4312679 0.6650557 -2.0288033 0.574947 0.41613707 -0.31920967 0.13199367 -0.655877 0.0002974787 1.0041261 -1.9002529 -0.6896495 1.7983291 -0.33413067 1.1152146 -0.2275266 0.26499438 -1.2786835 -0.2890827 -2.345484 -2.4289787 -0.45391446 1.3671279 -0.20127907 -0.49076286 -1.0678524 0.43131128 0.28323668 2.198237 -0.94044024 -1.4936514 -2.3334095 0.15915827 -0.7975014 1.6708715 -0.26721475 0.9210901 -0.1557232 -0.61515963 -0.6016044 -1.560887 0.49689043 -0.23811464 -2.2680109 -0.30117175 0.48261812 -0.90348923 -0.7425188 -1.9958687 1.1210899 1.5373861 0.69971097 0.8906432 0.18832383 2.2044048 1.5379131 1.5437168 0.16287586 1.0427011 -0.11858158 -0.40116912 0.2616378 0.4993219 -1.0320636 -3.1471646 -1.9687424 1.3787125 2.6167357 -0.32078034 0.108073376 0.94378185 -1.7406561 -0.057561446 -0.7956559 2.0401063 -1.3904911 -1.0229344 -1.2794404 -2.4609916 -1.1610856 -0.19175689 -0.21222991 -0.26773748 0.20661297 -0.93931955 -1.7410758 0.78311545 -0.8770098 0.84097564 0.5879785 0.5977336 -0.18332618 -1.0013016 -0.8560296 -2.2475755 -0.64857703 -1.3891318 0.37055027 1.218596 0.6782735 -1.4582314 1.2883942 -0.807329 0.59605724 -2.9491358 0.3418022 -0.61081666 -0.2242422 -0.3532604 -1.7465764 0.4470093 -0.38860318 0.88893116 -0.7921463 0.8053434 3.5017982 0.6286973 1.2164035 -0.5413535 2.8236654 -1.0510911 0.67581695 2.583596 1.8861363 -0.2200765 1.6693336 -0.1268626 0.53205776 -0.8027118 -0.16520658 0.9660913 -1.0642596 0.5052931 -0.5065836 0.6597702 -0.5072577 0.5407462 -0.28743216 0.9428967 1.6517758 1.2372116 0.5729672 0.06164522 0.6232571 -0.5913777 0.27560833 1.4784075 -0.5455296 -0.8025379 0.3664266 0.8551888 1.1432118 -0.4367899 1.5270561 0.8433053 -1.3473756 -0.6325428 -1.0724868 1.7448094 0.49424973 2.02279 1.624637 0.89369196 2.135749 -0.36123657 -0.31616116 -1.37129 0.66019225
druva -0.5714827 -0.63668156 1.3690138 1.3784308 1.7895845 0.14209023 -0.09038148 2.2222178 0.6793627 -1.8623788 -0.569961 1.5340574 -0.59393007 -0.39220086 -1.9308205 1.3115568 1.1094124 0.28489998 -1.4218273 0.83086103 -1.353876 -0.0386772 0.8661237 0.058417015 -0.7911043 1.5811223 -0.63569516 1.0391814 -0.29126787 1.1357511 -0.13007353 -1.8626624 1.0031344 -1.0472089 0.26952866 0.7691099 -0.904513 -1.9321651 -0.14195772 0.30297127 0.6147604 1.0318793 -1.6472464 -1.4992843 0.84169036 1.176327 -0.195847 0.7829633 0.35559973 1.8966184 -1.517216 -0.9701925 -0.99900514 -0.8911294 -1.9323008 -1.6307137 1.038996 1.4225248 1.8688915 0.3539274 -0.30098525 -0.30328897 -1.3999503 -0.97950566 -1.8718027 1.0773662 0.99676996 4.1278553 -2.9328218 0.5593529 1.6232723 0.70039433 0.41076806 -0.4367855 -3.6762555 -1.0665605 1.5497168 -1.2168125 -0.17117444 0.33780336 -0.48372877 -1.0609741 1.2423694 -1.9876083 -0.7388205 -1.2165754 -2.0525622 -0.06812229 -1.8016315 0.78744274 -0.8683004 -1.70288 0.9047447 0.8851116 0.526708 -0.24048968 -2.2912135 -2.7595537 -0.4035128 1.9586165 0.25698137 1.6174765 1.7838418 0.78292394 0.51102227 0.20871635 -2.0868652 -0.17687543 -1.1787841 0.3110977 -1.5456403 1.6648561 0.042203717 2.3716364 0.79477245 -1.4779154 -1.2451067 1.7915123 -0.36702493 -1.6146141 -1.8600872 2.9629598 0.509773 0.8702419 -3.6766136 -0.49007326 1.6103077 -0.47067353 -0.3619073 0.010031241 1.086635 2.0825686 -0.15861222 1.3272105 0.8686093 1.4485345 1.2480906 -0.6889523 -1.7490386 -0.19329411 1.2544501 0.5286153 -0.4908098 1.4197778 0.29098088 1.134424 0.11981196 0.441259 0.47337833 0.14655574 3.1249232 -3.3385484 0.026580041 -2.1477416 -1.0761697 1.9509413 3.4192657 -0.95055467 -0.5512152 -2.9670768 0.1824206 2.2522576 -0.6904945 -0.2862914 0.96932477 0.42962983 1.5245646 -2.0120585 -0.54322684 -1.0289806 -0.6832941 -1.2750721 0.72241694 2.5483637 -0.36048663 -0.9814226 -0.6115666 -1.6895201 1.3868582 1.449418 0.9475724 -1.2910011 0.50612485 0.8914655 0.013789257 0.8942092 -1.3029138 0.050683726 3.300567 -0.6257677 0.6497317 0.52440244 1.3373358 -0.07948841 1.2112579 -0.748297 -1.5469501 1.413335 2.5444639 1.0748087 0.7391766 -1.1741278 0.8793057 -1.2717603 -0.90765303 -0.13317728 -0.7957197 -0.6298006 0.08147138 0.107532986 1.578595 -1.3216612 -0.25622526 -1.4206947 1.6184331 2.0278988 -0.5345513 -1.5861691 -0.5335805 -1.563594 2.6647053 1.2174838 1.2591748 -0.1772994 -2.079022 2.0027473 -1.3498691 -1.013572 -1.0650896 1.7648612 -0.7337204 -0.2642936 -0.5730518 -0.6272727 0.12366601 0.3887098 -1.974441 -0.53558666 0.7898152 -1.4167937 -2.5155845 -1.1915379 -0.51763844 2.1564004 -0.22597815 -1.5193025 -0.7361737 -1.6913655 0.23571858 1.5584093 0.67862177 2.340228 -0.8979505 2.670187 0.07118528 -0.6448055 1.7623687 1.3870935 -0.5444873 1.7987436 0.18328221 -2.3455186 -0.38899058 -1.0658824 0.7339438 -0.08886858 1.8279504 -1.2632883 0.30627948 -0.19335108 -1.4166038 0.17114954 -0.11585354 2.406062 -1.7938709 0.18803464 0.490765 -1.3705696 0.584096 -0.86976343 -1.2993776 -1.3731525 1.4462357 1.5564662 0.2561971 0.34308463 1.5560975 0.18526366 -0.4894028 1.9565898 1.7839751 -1.512904 -0.87817454 1.2003332 0.07614662 1.347248 -2.1277127 -1.5574783 -1.0110365 -0.81722164
kryddnejlika -0.35097745 0.29533175 1.0168626 1.3485075 -0.3374003 1.8973151 2.3847976 2.0517333 1.7090309 -1.6723299 0.242678 -1.702388 -1.214358 -1.2528417 -1.2152992 -2.4963872 1.0732695 0.04127068 -1.622991 -0.80186003 0.26571625 -1.9415785 0.62006074 -0.8473207 -0.55985266 -0.8984124 -0.03223553 2.6684747 -2.3703504 1.2341427 -2.1931221 0.9584471 -1.1216894 -0.9205779 -1.7022576 2.7801504 1.1520731 -1.5845367 1.0358454 -1.4539583 -0.2169799 0.43528253 0.6824466 -3.1003165 0.8162613 1.2617534 1.7015514 -0.05357441 0.5565982 -0.55820227 -1.2286775 0.03317027 -1.7595549 -0.32792118 1.3975455 -0.5791472 -0.090083964 1.3883603 -0.04402486 -0.21852438 -0.6710732 -2.3727484 0.16391343 -0.18733215 0.32209656 0.28442675 1.2998868 1.5495168 1.326693 0.89144933 -0.73685384 0.46168527 -0.3125584 -1.125451 -0.48956794 -0.014267002 -0.71752375 0.6571441 1.645007 -0.5787308 0.6870701 -0.42313635 -0.6231013 -0.8095827 -0.21500278 0.19728597 -0.55581224 1.3323709 0.5400485 2.3089614 0.13525987 -0.046778213 -0.361388 1.4093225 0.3958294 -0.34706643 0.53119606 -1.6188419 0.44817227 -0.87514365 0.33660197 1.5055941 1.2269092 0.055161905 0.49565175 -1.9245635 0.97060865 1.427167 -0.78223884 2.945323 -1.2603018 -1.030193 -1.0999535 -0.7341742 -1.2315052 -0.30563208 -1.0359619 0.6265982 -0.4327656 -0.69519013 1.1083431 1.269694 0.59285486 0.05064344 -1.6371626 -2.4520366 -0.78939426 -1.505429 1.0897084 2.0666876 0.40769607 2.6117857 -0.35928333 -0.26389414 -0.6303088 0.72819716 0.5696855 -0.2884642 -0.38653255 0.1809445 -0.8629686 1.2567213 1.7443639 1.2264313 2.3448925 -1.2408421 0.29792756 0.08046524 -1.4065819 -0.1300053 1.7078956 -2.4731777 -0.35425985 1.5681025 0.6795438 -0.5105756 -0.49633697 -0.73569345 0.30019835 -1.4004393 1.522239 -1.3640118 -2.845119 -1.5488615 -0.1964059 -0.30656397 0.21305765 -0.19864817 0.59190524 -0.22248279 0.6810529 -1.1275673 -0.18457897 0.46509472 -1.2410918 -0.40462282 -2.1745555 0.12552057 0.43849343 -0.9322206 -1.9401064 0.25455678 0.20805123 0.33994672 0.18704748 0.2868565 0.61508244 -0.60780525 -0.17740038 -1.0539932 1.4582757 -0.04198104 0.7211384 -0.19736668 -0.11331941 -1.2086706 -1.5897396 -0.5771208 2.591537 -0.22201169 0.777432 -1.2964661 0.109150946 -1.3577343 -0.87060446 1.1795012 -0.2085506 0.22661445 -1.0535226 0.7966803 0.6513503 -0.4239877 -0.33013603 -0.5563844 0.33973286 -0.98693776 0.20058538 -2.132978 0.21062078 1.0072633 0.3108702 -0.8443924 -1.7016655 0.093162045 -0.08277229 0.58667916 -1.5105418 -0.18443005 -1.6923909 0.69837695 0.9650241 -0.005755298 -0.0068089506 -0.7174472 -0.8917755 -0.50817823 -1.6124495 -1.2870725 -1.3562671 -0.047353208 0.37054828 0.4772735 -0.6007551 0.6547114 1.6340419 2.4757423 2.1182055 0.45760515 2.0313985 0.7508687 0.86106294 2.1635394 -1.380691 -0.54074585 -0.8659584 -0.6912561 -0.21414462 0.70419586 -1.6396887 -0.7015389 -1.0135083 -0.7022161 0.89187634 0.024844801 -0.29496443 1.3200718 -1.6172881 -1.8294495 -0.046637297 -0.68263376 -0.57447624 -0.57580286 1.4979519 0.08239291 0.0136550795 0.82025373 0.6077368 -1.1458173 -0.60600245 -0.59151465 -2.205387 -1.5823933 0.07193592 1.5554291 0.9290681 1.5199897 3.189196 -1.8198647 -1.7916473 0.9734336 1.8088359 -1.8427253 1.1935629 2.054667 0.34328917 0.75097525 0.42931506 1.7232559 0.90358007 0.67693806
bär -1.6666691 0.037964907 -0.9998753 -1.1097353 1.2232014 -2.0348127 1.9356191 1.6382656 -0.3545434 1.6265687 -0.088260636 -0.8465646 1.3914429 0.3012112 -1.0998322 -0.42976272 1.6328628 1.0392416 0.8851969 -1.2724836 0.9294822 -0.007124261 0.30295467 0.7730573 2.0030923 -0.5186024 0.573417 -0.106862545 -1.7134432 -0.85457736 -0.51495266 0.810306 -2.0408463 -1.3785381 -0.4795935 1.6300327 2.8127224 -1.3750404 1.8023534 0.37197778 -1.7426354 -0.4546585 -2.075077 1.6648306 -1.1702489 0.42769784 1.0586607 2.3103726 1.272439 -0.044353914 -0.49403533 0.3297889 0.13970062 1.6199727 -2.5471048 -1.0540346 0.5778239 -0.8870766 2.4400802 0.8815547 0.9079466 0.66242576 1.9710987 0.28730428 0.67527425 0.084824644 0.65663594 0.874165 -0.61486924 0.5428166 2.403859 0.6862856 0.19229184 -1.5393382 0.89577156 -0.24744305 -0.59454894 0.639393 -0.5221386 -0.53530633 0.1959174 -0.36042166 1.758388 -1.9825081 -0.8123408 -1.673484 1.9330618 0.51629055 -2.4026797 -1.1836654 -1.8348829 0.6710042 0.43202564 0.43127027 -2.2302728 -0.37246415 -2.4956894 -1.2146844 0.34181452 -0.20810905 -1.0860152 1.5262008 1.347115 -2.7120001 0.70719534 -0.274139 -0.59434986 -0.42606965 0.0615378 1.5874965 -0.55482227 0.9086336 1.8468767 1.2714186 -0.22937927 -0.07498837 -1.4186792 0.22380169 0.062017065 0.18777867 -0.30020076 -0.7881517 -0.60323286 0.26694253 -0.51064134 -1.1265641 0.37358093 -1.4883394 0.66801745 -0.9723698 -0.7336701 2.128286 -1.2692178 -0.095487155 0.84391844 -0.25728416 2.3402348 1.4657645 0.8564543 -0.7825679 0.59348196 0.06478573 -0.38098487 0.85666573 1.153911 -0.5084667 1.2379645 -0.18316734 -1.9164629 -1.2712438 1.0814341 -0.3616668 -1.8355463 -0.747531 -0.90471494 1.0358841 -0.4992296 -0.7949628 -1.4655052 -0.12313001 -0.32383975 0.4391101 -1.5944858 0.32447538 0.2927025 -0.24517593 1.3629028 -1.4924638 -0.44315177 -0.7492305 -1.2394773 0.01694928 -0.1590699 0.72810334 0.41467753 -0.21013187 -1.6338637 -0.33266133 0.7712622 0.38203606 -0.15016589 -1.679551 2.1176817 -2.374968 -0.6909556 -1.4274685 -2.2230532 -1.1299111 0.025964625 1.2947319 0.8254694 -0.11817179 -0.36960804 1.9275879 -0.16523324 1.1453612 -0.55658025 -0.93747705 1.1847944 0.5817623 -1.1484002 -1.6488008 -1.1885016 0.34485677 -0.17900491 -1.4449184 -0.05294662 2.56469 -2.4159052 0.9496778 0.78729963 -0.33090073 0.18990903 -1.299946 -0.405581 -0.43095094 0.71652555 -0.42993486 -1.5173422 0.5394607 0.16469102 -0.040269874 0.21691142 0.5986215 -2.3583643 0.8898602 0.49611014 -0.84586537 1.5308807 -0.15589558 0.34822473 -0.3937159 -2.2343194 -0.9126329 0.14077318 -1.3126597 -1.9864528 -0.67993635 0.3768363 -0.70188236 -0.50196534 -2.8074942 -1.7285274 1.3175627 -0.034946665 -0.037709024 -0.10181932 -0.9472915 1.4569095 0.59543335 1.7463788 0.6193212 -1.1922948 1.82327 0.1928671 -0.11269678 -0.55744183 1.5743984 0.6451385 -0.45331004 1.5564361 -2.211463 -0.33805272 0.35429367 0.56931984 1.038462 0.95124394 0.26264098 -0.4338056 0.5860259 -1.3981714 0.36211455 -0.13346985 0.9716951 -0.106577136 1.3597022 -0.35769638 -1.1118879 0.14094466 0.46094865 0.44994128 -1.3297235 -0.04762877 -0.23458771 0.54705966 1.5067409 2.6590102 0.8245391 1.2677907 0.85500234 -0.0384998 -0.9075623 -1.6382666 0.01024688 0.76650476 -0.16776781 -0.85558414 -0.32533327 -1.2635173 -0.5227276
banan -0.8574993 0.8421572 1.4148344 0.14716898 1.8650867 0.6953298 1.6675711 1.3237798 -0.7894883 -1.1803197 -0.21343042 0.37612346 0.030396547 0.47224024 -1.0841243 -0.1700331 -2.0572672 -0.29336348 0.7937732 -0.29302847 -0.5328103 1.1303833 1.2889637 -1.8285375 -1.5229578 0.0009536957 0.15873846 -0.23412606 -0.36670732 0.33968684 -1.7118889 0.7496818 0.40401027 0.4516733 -1.5254265 0.009377729 -1.206665 0.91853833 0.04089929 -0.22852233 0.29829133 -0.6160265 1.8068911 -1.7346839 -0.3031916 0.9381961 -0.0822599 0.7342464 1.1407748 0.28133556 0.06302762 -0.48025963 0.22346993 -0.92627347 -0.38211155 -1.4260769 0.776671 -0.8037974 1.4061923 0.26609993 0.21830998 -0.34681398 1.3551315 -0.4756644 -1.4083139 -1.2944124 0.15011516 1.7539866 -0.4484098 -0.4137449 0.45576102 1.4228028 -0.6714555 -0.10420578 0.75520676 -1.0692786 0.5478349 0.91377974 -1.492615 0.4411603 -0.59871197 0.6360827 1.6407923 -1.6097764 -0.04787997 0.3829971 -0.9983491 1.3355265 -0.799976 3.1956596 -0.31757993 -0.76746273 1.3297856 0.7049045 0.7901612 1.8305577 -0.74467367 -0.044297494 2.284032 0.46471786 0.8436876 -0.11095075 1.0784248 -0.5910038 -1.304456 -1.5698259 -1.415457 -1.6632311 -1.0808027 0.53461087 -1.6651481 0.10920468 -1.2519573 0.35023758 1.3966422 1.4027165 0.7578658 0.519794 0.10061965 -0.8504728 1.2846272 -0.88072765 2.322372 0.5424156 -0.9199588 -1.6968257 0.7125971 -0.47009805 0.077205814 0.29954806 -1.1932862 0.064004466 -0.5574123 0.02218632 1.1557589 -0.018784916 -0.656365 -0.64214617 -1.0838995 -1.4167012 -0.37169728 1.3827446 1.6722772 -0.10382892 0.71752167 -0.8080069 -1.7974573 0.46795106 0.10145276 0.47651425 -0.18005084 -0.54437065 -0.67276335 0.010225677 0.18301603 -1.3674148 -0.39032987 -1.878991 -0.81034184 -0.44126347 -0.48610312 0.6200867 -0.5227233 -0.3373563 -1.3650594 2.3246596 0.16803502 -1.0955215 0.8161434 0.14045154 -0.29033893 -0.6202318 -0.052210834 -0.6061645 -1.6674399 -2.3851707 0.14079718 0.17357977 -0.19923124 1.4981222 0.23545268 0.21594799 0.9617181 -0.8557358 0.21526249 -2.807334 0.89155704 -1.6206955 0.86576855 -0.15814711 0.7311456 -1.4475101 -0.3209387 1.8325183 0.47540185 0.8287007 1.6545595 0.0017351558 -0.12681144 1.1233234 -0.78433514 1.7237194 1.0969944 1.026085 -1.6976075 2.046441 -1.6945834 2.1626859 -1.3755425 -0.4937858 -0.9477725 -0.5589147 0.69593513 0.5204419 0.92609215 -0.14614986 -1.8110161 0.6765827 -1.3503655 -0.5655979 -0.8153691 1.1637092 0.26551712 0.93455917 -0.97800523 1.2417735 -2.507826 1.06719 -0.7424461 0.88258296 -1.7032267 -1.354912 -2.0055718 0.5506579 -0.7723094 -0.444319 0.0760939 2.2575223 -0.5923393 -0.13537103 -1.7640795 -0.097463004 -0.82462996 -0.23430175 -1.2404816 1.746515 1.0596149 0.5295444 2.3421001 -0.785425 0.5038349 -0.3174579 -2.1717708 1.527195 -0.124802396 -1.9384041 -0.3201127 1.9369662 -0.90336156 -0.51545304 -0.7289455 0.3431276 -0.54698646 1.1766318 -1.7284583 1.5875514 0.8175304 0.75164026 -0.9572474 -0.52436393 -0.74679744 -1.3578444 0.40097076 0.45593286 -1.5562552 0.7266055 -1.0619825 -1.2750286 -1.7683957 -0.70833814 1.266243 -0.057936065 2.145083 -0.41776893 -0.013854115 -0.2687076 -0.043372072 -0.4500163 -1.024399 -0.23351988 1.604394 0.88484913 -0.51519054 1.9679545 0.18228722 2.0796845 -1.96044 1.0026047 1.1969309 0.40698847
tallbarr 1.3493563 0.2633017 -0.4927262 1.069405 -0.4401795 -1.8032475 2.996976 3.7666876 1.4716753 0.3202993 -1.8072282 -0.37249428 -1.0661464 0.79805595 -2.054992 -0.4965535 0.17932113 0.3575167 1.5386593 -1.5433179 -1.0127119 -3.3614576 -0.104878366 0.50035304 -0.67901003 -2.255861 0.58561856 1.2465974 -1.340977 1.11698 -0.54018337 0.39127207 -1.0255715 0.61235595 0.95859605 1.8131524 0.119382866 -2.2775218 -0.3917383 0.25197437 -2.326568 0.7841829 0.6993237 -2.7236242 0.09326278 1.0192852 0.21672082 0.04386304 1.0879573 1.1712258 -0.49230963 -1.4598104 -2.842302 -0.013989241 -1.1659876 -1.5706981 -1.049666 2.1700525 0.018320613 -1.393141 -1.7023693 0.21265416 1.6417966 1.5807736 0.010655016 0.10043965 1.4135622 0.10809453 -0.27381524 -1.2267166 -1.2988886 1.6207231 0.7602244 -1.5495454 -0.8272031 -1.5179121 1.3889662 -0.45239073 1.3152752 -0.5651091 0.80408144 0.2308544 0.9050825 -0.8839042 1.4760827 0.01662499 0.8467303 -0.059975777 1.4704314 -0.08428429 -0.34085217 1.1159805 1.0009731 0.4840743 -1.1467088 1.123747 0.5982459 -0.8114951 0.7103598 -0.785761 -1.0980994 -1.2285855 2.683161 0.9381064 -2.449167 -0.21805689 0.06773765 -0.10112821 1.0771129 0.6403964 -0.5652167 1.2868066 -1.3190073 0.8227619 -0.6207816 1.6939578 -0.5619339 -0.1512431 0.45179075 -1.1074682 -0.86989874 -0.063262284 0.31432813 -1.866112 -0.6701165 -2.2589939 -0.37448034 -0.8915654 0.8915757 0.016294219 1.6355013 -0.57102436 -0.37347788 -0.767998 -0.31776887 1.2287072 -0.38060623 -1.6421231 0.77493405 -0.35660312 0.66671956 0.38098586 -0.6969383 -0.8474993 2.2313418 -0.73964673 1.0638196 -0.5513492 -0.13305624 -1.1915635 1.7217476 -0.18018235 0.2271063 0.2710888 -0.46688503 -1.1687826 -0.35627854 -0.66571933 0.13535672 -2.0366058 1.4066778 -0.30770248 0.12698308 -0.3931167 0.1249124 0.88700825 3.8332276 0.7727332 -0.38989902 -0.026965149 0.4973776 -0.6417702 -0.53833944 1.6191876 0.72204506 -0.032733127 0.60705054 2.9046395 -1.6034954 0.60725135 -0.41961583 -1.3602276 -1.2194152 1.0353198 0.6249309 0.42882466 0.5225741 0.14435239 2.200616 0.040497035 -0.20929363 -0.13664542 -2.1223004 -0.39555144 -0.53079176 -6.124881e-05 0.8196582 0.57872933 0.14281385 1.5076483 -0.8539585 -0.97269124 -0.35332164 1.4368038 2.412737 1.4946172 -0.030736737 0.97703695 -0.58643997 -1.7684883 0.9326376 -0.5778358 -0.7293373 0.012647617 -0.3137318 0.86495644 -0.96865433 -0.84734184 0.1432749 0.2518506 0.84787154 0.69962525 -1.2247043 -0.5413979 -0.50540787 2.2200727 -0.02588975 -1.2100767 -3.1004639 -0.57231945 -0.38320267 -0.5677351 -1.2251792 0.5709684 -0.062129647 1.5007308 -1.1382903 -0.9347648 0.5638475 0.6148847 0.93857515 -0.72457 0.3395937 -0.39737648 0.664841 -0.35944155 1.0029788 -0.043748528 0.061457757 0.3252985 1.0470738 0.7219747 -0.73753977 0.40603322 0.882642 0.75472933 -2.300152 0.00087842066 0.0039965515 -0.81190693 -2.5547333 0.5768842 1.0374701 -0.249713 -0.39145923 1.0144608 -0.6915544 0.031127043 1.7126416 0.36846069 -0.6837432 -1.394149 0.3050992 -0.82782626 -0.25542352 1.0228783 -1.5739535 -1.5382129 1.6442605 -0.8343391 -0.38805714 -1.6581212 -0.12875651 1.6996872 -2.578904 0.446189 1.0466187 -2.1682298 -0.85504436 0.03850276 1.807927 0.4968286 -1.023983 1.3550451 1.9824072 -0.23884962 -1.8459368 -0.66271013 0.08329195 -0.40477434
mus 1.0022234 -1.9739506 0.729216 -1.2240072 2.145036 2.437362 0.90648085 0.5994929 -1.4207567 0.14726882 -0.6500332 -0.67515415 2.1207995 -1.7061391 1.223258 1.3563842 1.220761 -0.67072713 1.1703463 0.7738127 -0.37648138 -1.0855789 -0.3837251 0.17288718 0.99471873 -0.015349647 0.1233104 1.4887562 2.1118557 -2.9506102 1.1465517 -1.192775 1.5557851 0.63994396 1.3458852 -2.1699874 0.78529114 -0.96384823 1.6229321 0.63334674 -0.8231847 0.1606276 0.42457992 0.20499077 0.9521011 -0.5868805 -0.2838022 0.95127547 0.48913994 2.3764684 0.98315233 -0.3516656 -0.7161452 0.43632632 -0.3085734 -0.37394142 -1.7022284 -0.6196077 -0.7459302 -0.4640309 -1.1337165 0.4799448 1.4754944 0.9100708 -2.627631 0.31318313 -2.522487 -0.30742028 -1.6235749 0.015900226 0.44575906 1.7535884 -0.49259207 -0.75503814 0.25842395 0.9638749 -0.76172686 0.8460731 -1.9503127 0.47464705 -0.2738373 -0.28187028 -0.7938692 1.3267262 0.4346879 -0.25268614 -0.0678204 -0.53598994 2.1633232 -1.2436024 0.52263796 -1.1064355 1.3451575 0.23285738 -1.3468626 -0.5398065 1.9632645 -0.76932305 0.43721268 -0.8860343 0.75475514 -0.5379981 -1.2397542 -0.8227347 0.3735518 -0.7361192 -0.84421355 0.013040161 -1.6247517 -0.628816 -0.17390388 0.20885707 0.8728909 1.2676797 -0.15061136 0.06723239 -1.2395451 -0.9584246 -0.86179006 -1.9491862 -0.16228679 0.99110425 0.39795253 -0.7206816 0.5601271 -2.2691164 -0.056762546 0.05428218 1.3250256 -1.2071196 2.496709 0.40690044 2.6422076 -0.80645293 -0.46896756 -0.14878173 -0.48547283 0.6908992 1.0943981 -0.057741676 -0.85093397 -0.09866531 3.0973694 0.7853134 -0.7790932 -0.6825321 -0.8672184 0.82074994 0.24956135 2.6204572 0.03466435 0.85753274 -0.5278242 -1.011345 1.0737007 -0.7164716 -0.13799809 -2.7375114 -1.2417272 1.0418469 -1.0258003 -0.22756106 1.2952664 0.70943224 -1.1141226 -0.64942443 1.6696205 -0.113818 -0.40446904 1.5667846 0.94597393 -0.57047373 -1.9084784 -2.0885127 -1.5138078 0.3503407 -0.45536506 -2.600681 -0.24069001 -0.8306164 0.41487494 1.4802696 -0.34088174 -0.69430065 -0.2572605 0.2036577 -1.7888333 0.7386509 0.63494945 -1.7961668 1.3552241 -0.57465965 -0.32336697 2.8819017 -0.056633275 0.14054672 -1.3584 0.17714323 -0.49754786 1.2529496 1.000798 1.3561386 -0.12187618 -0.8671325 -1.1369419 0.8079418 -0.4264842 2.6027772 0.10921176 0.2623152 -0.8020054 -0.8927764 0.8382804 1.0544664 0.38177982 -3.240911 -0.27037767 1.467509 -0.7487093 -0.74799716 2.2737558 -0.89979285 0.7114786 -1.4624604 2.1933863 -0.53206235 0.08395821 -1.0195317 0.13354352 0.30705324 0.04031014 0.58275104 -0.2082121 -0.030336568 -0.1422811 2.4014847 -1.8904054 1.0267547 1.1309149 -0.82937074 -0.32186338 0.19157392 -1.7441471 0.30909804 0.4010482 1.5479087 0.8494839 0.31320792 -0.86241746 -2.4448779 2.2783353 0.9377191 -0.14682068 -0.3584942 0.8099304 2.4871657 0.91155237 0.41872084 0.033844482 -0.5763351 0.8969244 -0.103533275 -0.36689776 1.2149558 -1.031169 -2.2614257 1.122573 2.1224008 -0.23118287 -1.055969 0.42319262 -2.3059323 -2.5095296 0.26330024 1.0136034 0.48804432 -0.100022264 2.5786572 -1.3102926 0.99450713 -2.3003914 0.34027174 0.30725276 0.32909143 -0.043019217 -0.95764935 -3.2696607 1.199447 -0.77063155 -0.7034861 0.8985691 0.6515301 -0.51624066 1.2704943 1.1066862 0.6777473 0.69234973 0.010401369 1.7751861 -0.9839064
anis -1.3355895 0.5092399 1.9751002 1.8804613 0.46431276 -0.48723888 0.57061636 3.509429 0.9558633 -1.0380437 2.5698504 0.4536186 0.23717014 -0.093894444 -1.8256559 -0.80990225 -0.2567392 0.6818471 0.08050761 1.1161106 -0.15180655 -0.23247193 1.8052008 0.39083242 -0.07789278 -0.4617546 1.0296333 4.1496997 -0.87095004 -0.24344145 -0.14290123 -0.62597024 -0.31013957 -0.76827973 -1.0804983 2.5551262 -0.14628632 -0.39023355 -0.8569741 0.34764776 -2.2401717 1.4855 -0.46810305 -2.6200135 1.640459 0.11334104 1.173701 0.17646866 1.3215464 -0.7535518 1.283143 -0.4361991 -0.35010713 0.30185568 -0.5356313 0.33208188 0.45600834 2.5506175 0.03857208 1.0591123 0.0763835 -0.996105 0.8858863 0.9429757 -0.83711934 1.0792117 1.9053239 -0.9414862 0.19645998 0.0025143616 -0.37018365 0.62407845 -0.757002 0.3559662 -1.5670171 -0.12981537 0.41950685 0.19164743 0.18901967 -0.5033707 -0.41423365 -1.3029721 0.12130918 -0.74135405 0.30573365 -1.8320806 -1.3114374 1.4567952 0.31717667 -0.78490305 -0.664636 -0.90345603 -0.4250404 2.8201396 0.19715993 -0.8012146 1.4777367 0.19858988 1.7503188 0.92836934 1.0803893 0.057873085 0.35428813 1.3316079 -0.35415223 0.55605686 1.9026701 0.5423984 0.46646208 -1.0613772 -2.6001644 -0.38727683 -0.14519604 -0.19382097 0.7844837 0.75137895 -0.86133873 1.6938319 -1.5624901 -2.072862 -1.168009 0.13045764 -1.8534551 0.290507 -1.4559071 -1.3789357 0.8917565 -0.3167342 1.3887565 1.9138162 2.7666368 1.2653701 -0.4928662 -1.1884952 -0.99664176 0.9116255 -2.0327213 0.5536378 0.66078097 -2.3256311 -0.10127629 2.0643017 -2.5738218 1.0065289 2.1343856 -3.190802 0.64787495 0.41144302 -0.6086215 -0.33790997 0.5060268 -3.0937777 -1.177365 -0.41970682 0.38747224 -0.42292932 0.25916934 -0.38560644 -0.2280141 -1.2731435 1.0529597 -0.6780682 -0.18120894 -0.8204926 0.6601331 -1.0715946 0.750928 0.28846198 0.025293926 -1.2069385 0.43956554 -2.0471752 0.76765794 0.8882876 -0.18536149 -0.47844183 1.0309935 1.45473 -2.2239723 1.1740828 1.2824478 1.6054165 0.36173555 -0.8812285 -0.22820474 0.69292676 -0.018877223 0.27316839 0.41094127 0.63403547 -0.763432 -0.86876285 0.65610605 0.4216455 1.2362837 0.7253643 -0.85388637 0.49932975 0.3311727 1.8274242 0.4583101 -0.13155691 -0.7060004 0.35864487 0.9416822 -0.83418715 1.6434516 0.94098336 0.30156866 0.26570934 0.6295767 -1.1929799 1.8962649 1.1003984 -0.5416288 0.28973395 -1.6552114 -1.8375012 -1.4756026 0.9867101 0.5853896 1.8730253 0.43816772 0.564591 -0.8056563 0.6126372 -1.8504642 -0.5112091 -1.933898 -0.12744723 0.9785076 -0.27041706 1.8072038 1.8189855 -1.0466739 1.3267115 -2.3090959 -1.166302 -1.140289 1.122373 -0.33924487 -0.05863671 0.88357586 -0.79775214 -0.12913968 0.41610634 0.0681832 0.45845544 0.90249366 1.0316874 -0.11247038 1.9015297 0.886924 -0.26503232 -0.54785573 0.40482107 0.27881885 0.06490286 -0.41637924 0.040344022 -0.8532706 -2.1560454 1.4792061 -0.063534126 0.30861104 0.7491482 -0.1011761 -1.3124461 -0.6148634 -2.6823192 -1.841667 1.7015512 -1.222174 -1.3313712 -0.17911197 0.82870233 -1.6166774 -2.0552902 0.5083644 0.18123303 -1.8684485 -1.7717665 0.3831767 1.7067401 -1.3731503 -0.4979645 2.234659 -1.7556756 -1.3356575 1.852741 -1.24809 1.2561103 0.89810777 2.2978146 0.57481325 0.63918763 -1.5858725 -0.7401938 -0.030535132 0.23959777
rom -0.74020714 0.6450493 1.6565008 -0.7104427 1.2181989 0.21762502 1.4899769 1.8243518 1.2286856 -1.5625224 3.0279052 -1.0741451 -1.6942108 -0.68293786 -2.118055 0.24316229 -0.7298796 1.7035848 0.42899483 1.4660721 -0.71223164 -1.5342252 1.5297568 -0.011273298 -0.0056574345 -0.89064413 0.07941965 -0.3200966 -0.39418346 1.4634118 -1.6446844 0.7504857 0.4581813 -0.25197628 0.31713396 0.32664517 1.5509446 0.009371155 0.38010556 0.7298314 0.54607147 -0.24055094 -0.73116636 -1.2456943 -1.254783 -0.12688407 0.09189911 0.7740681 0.16220278 2.5489798 0.38607335 0.045103233 1.0023514 -0.94297075 -0.14474499 0.4842282 0.8708173 0.12412226 0.044583816 -0.39061323 -0.89821786 0.5632203 -0.5931362 1.4837049 -1.0541016 1.3107141 0.72962 0.8791423 0.20073192 -0.51830006 1.2888193 -0.13107873 -2.987476 -0.15859136 0.14211701 -1.0090784 -1.2389361 -1.7737463 0.1001467 -1.6901797 0.11333761 1.2695372 -0.21513468 0.29911876 0.79356027 0.13480486 1.2755109 -0.38026637 -2.2608967 -0.22637497 -0.53489184 0.8070704 -0.9422877 -0.585044 -0.36017203 -0.25114635 0.7124476 -0.18233806 -1.0846303 0.7481148 -0.41286436 0.32221103 -0.09426313 1.0510253 2.3378274 1.5852326 -0.6510152 -0.38702774 -2.790973 -0.78109586 -1.0409425 -2.4604998 0.26036152 0.049031895 1.0171652 -0.09676023 -0.50280225 0.06595322 1.9651921 -1.4235661 -0.028000323 0.5106453 -1.1758134 1.7629566 -0.23340806 -1.046959 1.5754372 1.317706 -0.29953316 0.339368 1.2934253 -0.6969877 1.424176 -0.14393048 -1.2203165 -0.6423727 0.35251918 0.2844903 -0.46204564 -0.42759186 -0.5839338 0.032342434 -0.9908265 2.3305244 -0.3560913 0.21988732 0.33709314 -1.3193185 0.28895363 -0.75636476 1.1292387 -1.5379726 1.4566357 0.6979656 0.60798484 -0.9701546 -1.2679557 1.0431128 -0.5291364 -0.71511644 -1.1196502 1.0313654 0.13357179 -1.486793 -0.0847402 0.17397624 0.90428936 -1.4346035 0.394638 0.46931434 -0.69982237 -0.099622905 1.9336915 0.58016676 -0.3805462 -2.483844 -0.16196172 1.0956234 -1.9607648 0.7261758 0.3137066 0.63035333 -0.96332717 0.38626522 0.6691071 1.3240483 0.7140539 -1.163001 0.75991416 -0.49141496 -1.1165859 -1.889364 -0.37049198 -0.62492913 -0.8350375 1.0123487 0.59080356 -0.5097728 0.112565465 -0.6179491 0.24160813 -2.3909311 -0.20372228 1.3309424 0.49305025 1.0337774 -2.232591 1.8279923 -1.425818 1.4247359 0.15899846 0.96378 -0.21665536 -0.14910607 2.2601733 1.776116 0.22002316 -1.163084 -2.2485094 1.3590112 -0.15774235 -0.2749327 1.1125215 1.4763553 -1.7754344 -0.47579405 -0.13316327 0.792741 -1.7776757 -0.6969899 1.5512599 -0.7028818 0.41073278 0.3120166 -1.2003078 -1.9202732 -1.1386504 -0.5530189 0.22950108 0.14508519 0.8391688 -0.87611413 -0.87314373 3.2502322 0.38537475 -0.046960246 0.63282585 -2.1511874 -0.24508366 0.638987 -1.6732037 0.63358116 -2.7239776 1.1148697 -0.5432947 -0.027952224 0.81530863 0.58798265 -0.13801877 -0.389 -0.96262133 -0.32339108 0.32277104 -0.6533014 -3.5565891 -0.25152203 0.39045966 -1.0854975 0.42438722 -1.5518082 -0.6010647 -0.27673167 0.52032506 0.3575802 1.1939443 -0.641618 -1.6860001 -0.93816036 1.3922039 -1.0886061 -0.48158225 0.8244968 -0.123089954 1.0160294 0.041212544 0.2793694 1.2043779 -0.5799354 1.5210148 -0.4904043 -0.09492285 -0.24703322 1.2585406 0.9313845 0.9416973 0.9126628 -2.496969 -1.5974524 -0.253744 0.849887
bark -0.4075734 -0.9773067 -1.1446123 1.2325525 0.415056 -2.6851966 1.5182216 2.4403677 1.4524939 0.71373004 -0.9253888 -1.2647599 -1.7511778 1.1729575 -1.060748 0.5908547 2.8398166 0.20428948 0.5998291 0.9339579 -1.7310253 -2.0215716 0.044723745 2.02371 1.2222658 -1.4620738 -1.0162451 0.7137511 -2.0307505 0.71598583 -0.32316807 -0.108519584 -2.250719 0.22781904 -0.6422094 -0.44035327 0.22415791 -1.54004 0.88033015 3.2613103 -2.3339438 -0.49006695 -0.34225854 -0.37198985 0.59160894 -0.9116522 -1.3959972 -0.2266417 1.3731862 1.6221159 -0.58756477 -1.2050445 0.5105407 -1.2926115 0.083114184 -1.0208471 2.0943985 2.4696434 0.23405959 -1.7586079 1.3753953 -0.5803485 -0.4669271 0.5347772 0.5332901 0.12844308 -0.3630807 1.6363652 0.019078877 0.23881648 -0.8772107 1.8519206 1.2526684 -1.3667547 -1.8377053 -0.42841396 0.7592716 1.6839904 0.48677 -0.14236426 0.8261575 -1.8794624 0.47273842 -0.6193604 0.28648737 -2.7920177 0.79837036 -1.3798317 1.658552 0.77078533 1.5211498 -0.5533913 2.369995 -0.9283907 1.3113422 -1.5613571 1.5188427 -1.790035 1.3720446 0.092616685 0.7042647 0.27151057 1.8483952 -0.6068407 -0.31843516 -1.2286959 -0.40046272 0.27101082 1.6901278 0.42043498 -0.24569516 0.6136474 1.8831275 1.2356983 2.3057644 3.57231 -0.020424234 -0.28864482 -0.8324245 0.73732555 -0.8241411 2.2266562 0.64413023 -0.37045747 -3.3774176 -1.0409065 0.2698863 -3.0285978 0.58870757 1.0552007 2.7132602 0.37819633 -0.4567056 -0.70003086 -0.40756825 0.6675434 0.27992567 -1.472978 1.4436303 -0.256797 2.2182913 -0.69006485 -2.6113698 -0.4302055 -0.27352783 -1.5594485 0.0059688976 -0.6532503 -0.7383842 -1.080818 0.62467325 -0.21958092 0.41831142 -0.4179017 -0.4174559 -2.1785893 0.4728311 1.1528509 0.24495402 -1.9312878 1.8813071 -0.4355482 -1.5076029 -2.6372466 -0.9276991 -1.8425777 1.3080354 0.8018428 0.89328945 0.112959854 -1.7898183 -0.45811012 -2.8455055 1.472307 -1.2378595 -0.62440115 0.96352714 0.14711514 -1.4843423 0.25107983 -1.8772316 0.6182278 -0.9555093 0.22413315 0.8831265 -1.630913 0.15448064 0.045478787 -0.18485987 0.29796457 0.3150689 -0.29638797 -0.46979684 0.7397375 2.3165061 -0.081338994 0.51478326 1.8272176 0.83809674 0.99236107 -0.85641766 -0.0014863657 0.084717505 -0.29542026 -0.10145843 2.0425832 1.4847627 1.508555 -2.099957 0.3128787 1.0594605 0.38595417 1.2553673 0.0015537802 -2.0677414 0.60695076 -1.0497799 -0.95074135 0.07284398 -0.4308997 0.08493224 2.101606 0.6251986 -1.448251 0.5994827 -0.8226413 -1.1595972 -2.3493514 -0.85762066 -0.5234099 0.386031 0.2903858 -1.1305847 -0.06482186 1.2167723 0.24922685 -0.9548241 -0.7185358 1.6401124 0.79967856 -0.4700518 -0.6387026 -1.7911651 2.6724324 1.0391293 -1.2069379 -0.014039851 1.1321148 -1.7979815 1.2981786 0.6479639 -0.19772175 -1.6104262 0.3827749 -0.7353388 1.4077374 -0.2579492 -0.6964796 1.0052997 -0.08974174 1.1327385 -0.8183577 0.65802556 2.256249 0.29465544 0.919162 0.85169625 0.19592306 0.99451214 -0.77069217 -1.6766455 0.02876915 0.70241445 -0.5099351 -0.24618405 2.6428769 1.32941 -1.4244027 1.2299767 -0.57205594 0.527659 -1.6502208 -0.45584157 1.0654483 -1.3763514 -0.33638102 -1.5650977 0.021754319 2.668152 -0.26372743 -0.737756 -1.2172852 0.2893404 2.2105546 -0.7284454 -0.6209554 -0.9380955 -0.038447578 0.03159864 0.13842449
morot 0.6245562 0.6349217 1.4077333 -0.9742728 1.1310549 0.8342619 0.83918446 0.7021452 1.0212072 -0.3446886 2.4256806 -0.8740325 0.26814604 -0.8325158 0.48857114 -1.1658831 -1.198539 0.073012166 -0.45501736 1.35208 -0.584429 -0.18627296 0.9343074 -1.4064398 0.4147972 -0.40167382 0.5983372 -0.7582686 2.1490438 0.17458677 -0.28853998 2.2415352 -1.0643542 -0.3176037 -1.3618534 -0.82092804 0.41042873 0.7456471 0.5464679 0.6169783 -1.2275295 -0.21790849 -0.12949404 -2.2164013 2.4925978 -0.31965128 1.6457016 2.7028484 -0.4642076 1.0174882 0.4801697 -0.5895526 -1.1710484 0.16097695 0.33042172 -1.2028571 0.12567145 -0.8151491 1.3075286 0.49213815 0.67575055 -1.839961 0.43214145 -1.5127419 -1.3736824 0.42541638 1.5531064 1.20107 -0.27104717 -0.8371066 0.49669886 -0.89379925 0.85629326 1.0226929 -0.52302563 0.72422695 -0.6738068 0.2348249 0.5041136 -0.46051997 1.4591994 -2.9763103 -0.33819672 -1.1420879 -0.2421847 -1.3683172 -1.0496445 0.33266318 0.052263338 1.4618866 1.415374 0.8498319 0.2758454 -0.82314056 -0.5949287 0.6912469 0.40848774 -1.1159223 0.85954463 0.16298504 -1.2467405 0.8920366 1.352268 -0.2598109 0.9676435 -1.6984209 -0.6091857 -1.6650271 0.43015864 0.5486848 -2.2279346 -0.7980691 -0.972678 -0.04786317 -0.97081107 1.3346713 -0.079808705 -0.40161178 0.31745315 -1.5251583 -0.34587544 1.1462727 -0.0031630741 -0.16957223 0.24733825 -1.2901014 -0.42641103 -0.7412823 -0.74952406 0.9151605 0.42800903 1.1879787 0.07961096 -1.1272246 -2.3209279 2.5008447 -0.15682386 1.4088905 0.65985036 -0.9758784 -0.8974112 0.0097923875 0.9190345 0.6540301 0.4160737 1.5693533 -1.158939 -0.6300664 -1.478239 -0.10258151 -0.9661401 -1.4503083 0.095889516 -0.2668192 -0.6433801 1.4868437 -0.65353 -0.6690533 1.190854 0.054926477 1.1618696 0.13599977 0.9788273 0.09170217 -0.6570637 1.9799445 0.15824798 0.5960731 -0.056963928 -0.5982087 -0.3607214 -0.35178438 -0.16344337 0.46121573 -0.13920245 -1.2949723 0.7918333 -0.9509531 -0.05290463 -0.6154088 -0.07030311 2.8075037 1.0352316 0.57053834 -0.78577715 -1.4282923 0.2588434 -2.0385878 -0.21756743 0.39150515 0.8068123 -0.8291587 0.54392385 0.03188409 -0.99886787 -2.105284 -1.2478435 1.2396159 0.52922314 0.948021 -0.40273556 0.35986087 2.4803908 0.118871145 -0.57662773 -1.8817756 0.29898408 1.9498681 0.40802726 0.4202618 0.45749122 -1.6342975 0.65342504 1.0700946 0.78965545 -3.8099177 -0.37085146 -0.43004766 0.89320195 -0.6437942 1.3896234 -0.3654735 1.5245788 0.5219045 0.86765337 1.9302278 0.08804568 0.41596186 -2.2824957 0.3276663 0.45848203 -0.2178192 0.65013295 1.8562603 1.0480508 0.8475878 -1.4608626 -1.0429507 -0.0019593253 -1.0522178 -0.88597286 -2.1759353 -0.83090734 0.31837302 1.3194567 0.29811272 2.41948 1.1028732 0.42544332 -0.0077753896 0.18709576 1.2135363 -2.1515949 1.8586923 -0.80456483 1.1980897 -0.16134502 0.091996185 -0.6959059 -0.71941835 0.91980356 0.11755531 0.91275895 0.15283875 0.76831657 1.3261298 0.3364693 0.39407018 -1.2757603 -2.8999958 0.38873643 0.07888035 -0.8650903 -1.1050662 -0.28639853 2.345941 -2.8105428 -0.3174019 -0.6221147 1.0774878 -0.43026295 -0.30626434 0.42702493 0.32051966 -0.4110459 0.15940495 -0.82048094 0.43425256 1.2769957 0.33763018 1.0170164 0.39394125 2.3798473 -0.06457643 -0.36465436 0.54420304 -1.4933797 0.654271 1.190982 -0.72999674
lösningsmedel 0.62424445 0.59932315 -1.2871151 0.947541 -0.36678484 0.76204634 0.6292111 -0.675755 0.84170336 -0.58289266 -0.33264017 0.6789201 -0.21472768 -0.7786044 -1.4609176 -0.7885479 -0.024637206 -0.5858568 -0.37747785 -0.2857904 0.7185027 -0.72750086 -0.26670575 -1.7265288 0.4047954 0.18398081 2.022099 2.4786553 0.1553796 -1.928099 0.35328028 -0.18163851 -0.98197377 -1.6143796 -1.4171911 1.6200866 0.27672458 -2.577551 0.21017052 1.7469975 -1.7083983 1.119179 -1.0726314 -1.3034678 0.8511495 -0.99226964 -0.68756986 0.27147436 1.6106848 0.9535117 -0.2034103 0.29248855 1.7576162 0.69373393 -1.2064124 -0.012128937 1.4819398 0.9491574 0.2010193 0.41861907 0.9288784 -2.1902964 -1.2164639 -0.47389588 -0.95171535 0.6734391 1.4896946 -0.30656743 -1.5225583 0.71734816 0.14741598 1.5757083 -0.5650994 0.7838906 -3.1025662 1.4360452 0.08036411 0.7275364 2.3882105 0.03764501 -1.0662812 1.618839 1.1462394 -0.6029315 1.6818151 -2.1864812 -1.946813 1.0631518 -1.224371 0.2421504 -0.16516723 -1.1407477 0.68153036 0.9258532 -0.9534132 0.20259012 -0.34470707 1.0533196 0.02129557 0.8970288 0.32691753 -0.83119756 0.5526023 0.47533697 0.8299267 -0.33705416 -1.8296859 0.24385741 1.0782552 -0.1451269 -2.2087693 -1.5424738 -1.1835138 2.0396469 -0.26621965 3.429927 -0.39615142 0.5496962 2.7164586 -1.4523239 -0.24221432 0.8564998 0.30154637 -1.2782867 -0.116265155 0.114290245 1.5596111 0.0025023036 -0.1150275 0.6560285 0.9690697 1.062804 -0.18031336 -0.111713916 0.078586705 1.0073942 0.86887354 -0.3972765 -1.0134937 -1.00041 0.5553661 1.1025493 0.4935963 -0.9720625 -0.4933749 -1.9270837 -2.3647907 1.2324666 0.89330953 -0.19625844 0.5620799 0.28837237 0.9904703 0.39713657 0.9607296 0.9827398 0.13326395 -1.4297109 0.1605996 0.37734953 2.1016235 -1.1670977 1.5986367 -0.7409734 0.05172921 -0.42915317 0.78697324 -0.59385765 1.5758607 -0.069090314 -0.5440576 -0.054591477 -0.63972 0.14130145 -1.4644525 -0.31080627 -0.043012545 1.0968065 -1.1226279 -0.37916943 -0.9943625 3.402243 0.5935025 0.8148803 2.0415516 -0.06671289 -0.1409249 4.0780554 1.7345933 -0.70644045 1.5459498 2.0939312 -1.8527186 -0.3017914 3.1935906 -0.3923539 1.4612559 1.3082857 -0.68910515 1.0022733 -1.916845 -0.9198593 0.8761036 -3.2901936 0.99317616 0.07450699 0.74110293 -2.2980804 -1.0764252 0.40981984 -0.8616166 -1.3386883 -0.096297406 -0.057830524 -1.3820411 -0.70755845 -0.47537252 -2.9848204 -0.8278534 -0.33329654 0.51543576 2.2045615 -0.25939384 0.8105281 0.04994197 -1.5387841 -0.81323195 0.27581015 -2.5369027 -0.36920837 1.7337298 -1.230986 0.1111763 -0.19554748 -0.5414208 0.5043683 -1.2330704 -1.9567297 0.11744645 0.27192327 -1.0108571 -0.197909 0.83868605 0.43990666 -0.556206 2.2240264 0.14685272 0.67279685 4.066918 -0.96700317 1.0344108 0.09899542 -1.6967015 1.4968296 -0.37145486 -0.17265302 1.7016066 0.72258306 -0.5043866 -1.4806689 -1.2682762 1.4092453 1.2161409 -0.25836778 -1.0317712 0.8849565 1.3530488 -0.3635053 1.4283415 -0.7348718 0.97838336 0.8147384 -0.59490013 -0.8584422 0.1614918 0.65270233 0.5249258 -1.4576911 0.6961487 -0.8576591 1.2242088 2.0052874 1.0416028 2.9409208 -1.5617458 1.6076366 -0.4856343 -0.35373244 -0.9767982 -0.03730044 1.5142823 0.4560051 0.13375732 0.56834847 0.07135258 2.0254638 -1.6397365 -2.3425257 0.31140977 -1.2513654
lim 0.57448894 -0.68519425 0.47058308 0.23505868 0.17891975 0.013177905 -0.5930668 0.8912046 -0.4631527 -1.2273102 0.11603059 -1.3097475 0.5148674 -0.73496926 1.5246613 0.49045503 0.45404208 2.3479087 0.41270614 -0.65649873 -1.4057381 1.5259818 -0.36699808 -0.3081985 0.81891394 -1.0942597 0.7089548 1.4470456 1.5380069 0.58033705 0.8566872 0.9728917 0.63466364 -0.3809984 0.46899128 0.6581818 -0.13478541 -0.7762264 -1.1228563 2.2443042 -0.44411477 2.3049557 0.41202232 -1.7774444 -1.4318553 -1.3289199 -0.035251062 2.1832483 1.5073396 1.5257556 0.14996153 -1.290986 1.0091076 -0.09301526 -1.8764999 -1.450661 0.56178325 0.42827958 -0.8350218 -0.5308432 0.18848842 -1.9132181 0.33755994 0.72983086 -0.49006402 1.5591929 -0.6772813 -0.38741568 -0.39508283 0.46352446 0.96236753 -0.5255726 -0.20166913 -0.7478613 -0.29820403 -0.3520573 -0.7223966 -0.660453 0.28572583 1.1913778 -1.3718783 -0.23353758 0.52243286 -0.77735704 1.1078492 -0.21913017 -1.4053955 -0.6606472 2.1772943 0.42404446 -0.50459653 1.342782 0.5706991 2.1273673 -0.43516254 0.56239915 0.4139289 1.2146735 -0.4197658 1.8937736 -0.7121135 0.7186576 0.079191744 -0.17439216 1.8541034 0.2887768 -1.7985231 0.16539456 0.6771772 -0.2673358 -0.4779247 0.20471837 1.7692282 -0.15981264 -0.672932 1.3382989 0.13904718 -2.1932104 1.2616069 -1.1809367 1.7179217 1.2484635 0.22125909 0.19550633 -0.9903125 -0.5193555 1.1792696 -0.43815345 -0.65357697 1.262489 -1.3857751 -0.0639746 0.6134022 0.9276419 -0.18243778 -0.3226766 0.40623233 -1.3667188 -0.13991193 -0.4296087 0.3040525 1.4881803 0.76030266 -0.50061756 -1.2191266 -1.1192665 -0.47697422 0.43668666 0.10980939 -0.22166781 -0.31637552 -1.0278525 1.2707498 0.3701858 0.08938115 -0.6852573 0.41807184 0.9633014 -0.5543889 -1.7457187 2.838193 -0.4815766 0.20550977 -1.0512675 -0.7500842 -1.7103393 -0.15401357 -0.6958229 -1.3688575 0.15608582 -2.3008494 1.1411941 -0.27717713 -1.0876212 -0.67200255 -0.70677024 1.6457757 1.8487363 0.17579041 -1.8056582 0.22417502 2.7272234 0.77001566 1.1042202 1.2062346 1.5626557 0.3938805 1.6017745 -0.98473924 -0.44397828 -0.62258035 1.5274022 0.33652923 0.0755271 1.8880516 0.65416926 0.53493106 1.9770665 -0.86081994 -1.7289242 1.04147 -0.64035034 -0.4929475 -0.51463157 -1.0507087 1.6914022 0.7107482 0.6082277 -0.4959132 -0.8126303 -0.5670729 -0.14862823 -0.2952005 0.50415903 -1.1953454 -0.045214422 -1.4590759 -1.1031035 -0.21026134 -0.99539596 0.5927158 -1.756969 0.20283301 -0.97001255 -0.8364068 -0.40287414 0.9636721 1.3182526 0.68526304 -1.5924615 -0.54912025 -0.28451774 -0.1454688 -0.94559544 -2.1634111 0.8848971 0.24184793 -0.8022758 -1.1879263 0.9025086 -0.7328593 1.9997296 -0.362977 1.3445768 -1.7600293 1.2424841 -0.13903067 0.6721274 -0.04867912 0.16269997 -0.22937694 -0.76573306 -1.8525586 -0.37342164 0.25012878 0.66072565 0.21740982 0.054465614 -0.07151124 -0.46485808 2.4113553 -0.010194459 0.24530855 -1.1275986 -0.3422003 -0.96665275 2.0865934 0.43643856 -0.37907562 -1.3769896 0.65810144 -0.24106786 -1.2698925 0.41250482 1.8741437 1.0324597 0.9415305 -0.95830685 -0.6517 -1.4723524 0.0875147 -0.03069135 0.087921835 0.27876106 -1.6865236 -0.34090692 -0.55180806 -0.5693487 0.7340356 -0.53219223 1.1252038 0.8057162 0.82706624 -0.86239576 1.1685997 2.28325 0.26201835 -2.3625658 0.5598328 0.4373053
ogräs -0.92137975 -0.22038758 0.81873024 2.9701765 2.925345 1.1084633 0.91424847 2.0520382 1.9325787 0.26637176 -0.23192534 -0.42729235 -0.18077014 0.51626426 -1.4547175 -0.36749148 -1.422789 -0.11771489 0.37377384 0.9210591 -0.7212886 0.28328592 -0.25224677 -1.4422774 0.28237468 1.3528988 0.96094906 -0.008293615 -0.039636966 -0.50829065 1.1490736 -1.7198284 -0.4163258 -1.7618011 0.49636328 -0.48509973 1.6494938 -0.5749315 0.94084084 1.5480576 0.69440705 -1.7809489 -0.34163293 -1.5381 0.9117553 0.7467427 -0.5755462 -0.51436734 1.0936145 0.82034093 1.1458538 -0.8766157 0.94624186 0.5433462 -0.36395743 1.5974591 -0.60014784 -0.9372054 1.4472753 -0.01444643 -0.018194752 -0.52160376 0.37471467 -1.5395497 -0.43741795 -0.84365386 -1.8947812 0.7524188 1.2871957 -0.47708434 0.45527607 0.013605266 1.8768569 -0.74556273 0.47785857 0.6402842 0.8965163 1.1129915 1.455322 -0.23469897 0.596873 -0.17334348 0.08577868 0.65324867 -0.16397852 -1.6042827 -0.2548993 -0.750656 -1.8363 -1.4636301 1.9621096 0.002250331 0.72457576 0.7536539 1.9823983 0.6273062 -1.2187244 -2.1676319 1.3312032 -0.0667138 0.4035561 0.9378074 1.0356135 -1.1799529 1.187181 1.169564 -3.4725924 0.42645636 -0.80876106 2.6539767 -1.4092617 -3.0166438 -0.8829863 3.4884286 1.3020674 1.6638451 -0.9820223 0.7968193 -0.34826776 -1.2227657 0.25739798 1.3273854 0.49426633 -1.0961496 0.8677987 0.28614017 -0.26850352 -1.920095 -1.2164195 -2.6494377 1.3103868 0.6884055 -0.66433734 -0.14108008 -1.1796057 0.0376327 0.009538663 -0.9875488 0.10688547 -1.1775684 -1.7420797 2.0541263 -0.2516194 -0.85411435 0.37446487 0.86570144 -1.7852112 -1.3234346 0.60786164 -1.1665045 -0.5426719 -3.0202475 1.1935797 -0.20113006 -0.67459196 0.04794934 1.4362329 -0.93012273 -0.1751546 -3.338984 -0.3482086 -1.3318342 1.5036526 2.2885325 0.35027903 0.37123537 1.8178657 0.8859498 -1.8036724 -1.979229 -1.127363 -0.32645735 -1.0093179 -0.20810297 -0.9202458 -2.5362687 -0.46771267 -0.43491626 -2.37221 0.35211888 -0.74072367 0.86307484 0.86887676 0.15667045 -1.3509185 -0.4111738 3.2247326 1.7890524 0.30528334 1.8873765 -0.37464166 -0.5561879 0.070276216 -0.20042993 -1.5018703 1.2271032 0.94418836 0.7274405 0.016587274 0.64904857 0.85265464 1.3255668 1.7223095 1.3268495 0.35458767 0.84839743 1.3588074 0.54387254 0.34245637 0.7470765 0.07780478 -1.8131607 1.0399213 1.9227711 -1.293748 1.1911442 0.116588354 -0.47035614 1.4242773 -1.5740101 1.4756575 2.49227 -0.53311825 -0.06352928 -0.53342825 1.1249472 -0.82563484 -1.2082925 -0.5489818 -0.27671647 2.8860264 0.24700601 -2.103684 -1.1423607 1.6174389 1.9708589 -0.25469428 1.2805011 2.5202723 1.0791686 -0.81225824 -0.3393762 -2.642844 1.5352644 -1.4870639 0.6710758 1.1701068 0.8038888 -1.7346252 -1.0065974 1.6991477 -1.8923318 0.9463879 -0.5578739 -1.7959597 0.5183482 -2.073635 -0.9156479 2.33409 2.1796098 2.7796373 0.9316825 -1.6806924 1.2294418 1.9577423 -0.3724523 1.9548982 1.8286525 1.505687 1.2299417 -0.064583465 -0.6411821 2.041426 1.1298383 -0.044776358 -0.14891614 -0.73219347 1.3605675 -0.012573485 1.6995333 2.0691822 0.005012615 0.5248169 2.4890819 -0.77052236 -1.1620471 -0.407295 1.2166642 1.1464642 -1.4278746 0.005498036 -0.08237067 -0.8176249 1.4912466 -1.3891991 0.3177192 0.2407097 0.3257848 -0.1960414 -0.6414203
senap -1.7891885 1.6290854 -0.6656152 -0.37794405 1.7068281 0.015542744 0.57406336 1.0071567 1.598196 -1.1344784 2.4797645 -0.30107468 -0.7094992 -2.241784 -1.6001507 -1.2998885 1.6276816 2.3539784 -0.64531285 0.13899605 -0.8424987 2.1224568 0.737775 -0.6614594 -1.1550827 0.46094126 -0.53147054 -0.58259314 1.4936153 -0.14310654 -0.17632046 1.7493312 -0.6923085 0.2326894 0.5489722 0.99854195 -0.25082028 -0.2616315 -1.7372028 1.2406309 2.1787364 -0.29748765 0.61754626 -0.45709133 -0.10622395 0.09350751 0.20207547 2.5104806 0.2703729 -1.1500405 -1.735264 -0.4621598 -0.3952447 3.2314498 -0.40919283 -2.1114683 1.3409635 0.35910368 0.8817115 1.0347769 -1.2716215 3.1040332 -0.67587686 -0.53457344 -0.9369488 0.6656879 0.40106001 -0.53542936 0.8692219 0.50496405 -0.21682793 -0.57073593 0.1535403 -1.1529198 0.14975868 -0.40245578 -0.83755994 2.961297 -0.47773302 -0.437775 -0.46522292 -0.45604938 -0.36744612 -0.27082983 1.4357464 -1.2165855 -0.081504 0.039115977 -0.9349879 0.9392551 0.32442266 -0.029112903 -0.1710765 1.1471167 -0.40433437 0.38895047 0.8365698 -0.65941936 0.10957303 0.31431445 -0.045386616 0.5026425 1.7973391 0.33408034 0.039002065 -1.0574929 1.8875836 -0.0014830705 -1.0708318 1.2029135 -0.1994054 -0.16754247 -0.22330903 0.09505815 -0.09718766 -0.24081519 -0.0856325 1.7940078 -1.4694937 -2.6176085 -1.6356083 0.6745614 1.9106425 -0.7058067 -1.5239108 -0.43952116 0.14437059 -0.9155485 0.40826863 1.3618934 -0.31622094 0.26671994 1.674236 -0.16845772 -0.7697627 1.332887 0.42749944 -0.63682914 0.26359686 -1.7071911 -0.3145107 -0.096668355 -1.607477 0.058742594 0.07265939 0.7809566 0.8647194 -0.20696892 -0.8371393 -0.6059501 -0.8119692 -2.0715575 1.7295142 -1.4919871 -0.63797337 0.20713484 -1.066971 -0.51059806 0.40914428 -0.5534021 -0.6242926 -0.7862711 0.6067171 -1.0212629 0.2506096 -0.90380985 0.8887125 0.044637263 0.6761129 0.80894476 -0.9914426 -3.4278102 -1.8209277 1.3348252 -0.20104426 -1.3953073 -0.66000885 -0.31276342 -1.0318857 -0.0016502872 0.09251981 0.81740075 0.5583217 -1.0457921 1.0148108 0.67195123 0.1852663 -0.53006685 0.91954625 -1.0136672 -0.99047446 -1.697668 -1.490437 0.61932445 1.962549 0.04201846 0.56313056 1.3061522 0.9901909 -1.4808836 -1.4892954 -1.7364275 -1.1122614 0.34771577 1.792954 1.4527851 -0.35649964 1.3849938 1.6324451 0.43772614 -0.24570362 1.3521446 -0.86718845 1.1650987 -1.6462777 -0.6191984 -0.051169764 -1.8853714 -0.34234366 -1.2256795 -0.10173691 0.061514296 -0.06908064 0.5124208 1.500875 -0.93531114 -0.20045166 2.2678895 -2.005068 0.19424011 -0.5384487 1.6010299 -0.48957136 2.1131845 1.3095567 0.81590265 -1.329325 -0.48119482 -0.99973613 0.8545856 -2.623477 -0.17082775 0.2749021 0.83131856 0.38947216 1.1508274 2.4808676 -0.6307813 0.4440298 -0.18008567 -0.8422895 -1.0053229 -2.2879534 0.4360391 -0.37578222 0.15088217 0.96779233 -0.13333197 -1.0071748 -0.8947155 1.176984 -1.1843125 0.8698401 -0.9300674 0.5537393 0.8127965 -0.27753866 -0.21675764 -0.2965957 -0.047391854 -0.4693703 0.8440097 -0.9274002 -0.8540013 0.03501412 0.58558017 -2.1007063 0.70575845 -0.98984426 -1.2175289 0.07882123 1.1524855 -0.15690961 -1.0095015 0.13563019 1.8251486 -1.6531972 -0.8360146 0.59448177 -0.948282 1.4029016 0.5687301 0.71341556 -2.2467911 0.11093049 0.73202366 0.56050044 -0.94035906 2.0551207 0.72569287
cologne -0.3221096 -0.587327 -1.9522312 -1.7685555 -0.9013956 0.011611686 0.38199204 1.3361487 -1.1899662 0.61928666 2.5496 -0.06297469 0.105959855 0.7133877 -3.1968982 0.826909 -1.3229821 0.3355697 -0.27659795 -1.2421399 0.21819876 -0.23097439 0.7641569 -1.1171185 0.9574124 1.7641808 -0.89377713 1.7100941 1.5576209 -1.103526 0.46214375 1.2070132 0.8173251 0.4902266 0.41832918 -1.8264922 -0.8126405 0.6453196 -0.07387914 0.023562057 -2.2648344 1.8841099 -0.87083995 0.3039103 0.6430648 -1.8053436 -0.59174526 -0.21463901 -0.41004428 0.7434743 1.5743293 -0.45758492 -0.63826823 -0.10122196 0.4349792 0.13124757 0.9381009 -0.47676995 -0.4460003 1.7859249 -0.62793934 -0.45566466 -0.53524655 0.84939414 0.26361123 1.1879932 -0.6905658 1.1624879 -0.24152043 -0.52216005 -1.7975311 0.61037767 0.7751224 0.17109005 -0.5017207 -0.5533309 0.23282315 -0.96703625 -0.70371383 1.4290496 1.0996912 -0.1957103 -1.2304202 2.591345 -0.19796687 -0.29381785 -0.26639313 0.04469141 0.23408234 0.10219414 0.7491679 0.37293366 -0.64902073 0.43945602 0.7192114 1.6160445 1.8782065 0.56331706 0.47397858 1.2186943 0.20702814 -2.804331 -0.06323068 1.4071819 0.13739711 -1.4151106 -1.0913107 -0.472905 -0.41749367 -1.3826857 -0.79591376 0.68858826 -0.31389043 1.1756827 0.47097123 1.2094735 -1.2773054 -0.6902169 -0.057138707 0.51693213 -0.4611047 0.57273704 1.2464367 0.27486306 -1.307852 1.9223056 -0.20509362 0.23296636 1.0967467 -0.35707387 -0.31863344 0.30147707 1.1462351 -0.019596303 -2.15566 -0.50429577 0.046133343 -1.2168045 -0.88515407 1.3169127 -0.75420815 1.7932446 0.16999343 -0.9568338 -1.5645164 -0.80988723 1.4303201 -1.0553044 0.78498155 2.4307137 1.3645765 -1.6914809 -1.598198 -0.5579128 2.5919244 0.65121126 1.6777917 0.1439076 0.9094379 0.91207534 0.90768266 -0.40912277 -0.97517127 0.6584549 0.018490825 -0.17521873 -0.15517631 -1.7281097 0.9066282 0.15147248 -0.28654513 -0.5912019 -1.2957397 -0.98792285 0.64477986 -1.2791716 -0.6833408 0.050790515 -2.3763444 0.028871479 -0.27334103 0.8759375 0.285019 1.454142 -0.034931764 3.087259 2.8708763 1.6505272 0.6431308 -0.58674914 0.3394925 -0.4726846 0.15129295 1.0756879 0.7296155 -0.5330294 -0.5801119 -1.093517 1.4922543 0.99727404 -0.4128302 0.022008572 2.531885 1.0958383 -0.9065538 -0.3977597 0.39609817 -0.6794855 1.0466264 -3.2279005 0.5422796 -0.88363063 -2.1611347 -0.8351731 0.6044383 -0.2841255 -1.6795739 0.16717204 -0.42604935 -1.29359 1.5293365 -0.9370608 1.4307444 0.7856531 -0.42949983 0.66044486 -1.1705304 -0.73459846 -0.5992069 -0.6085523 0.3994752 0.04949108 1.4797674 0.69908714 0.6529373 -1.1990627 -0.6560442 0.38708955 -0.4676269 -0.5492527 0.13231929 -1.7532816 -0.42249164 0.6454816 -0.4460675 -0.70502824 -0.2757064 0.41671315 0.3895532 0.3782875 0.8601229 -0.7916388 0.94685066 1.4148759 -1.9365848 -0.3674024 0.54423743 1.2064496 1.4555743 0.1454519 -1.2179282 -1.3703703 1.4690337 -0.8150751 -0.8742626 -4.1024446 -1.020392 0.5174569 -0.62077487 -1.4016007 0.4927639 -0.46708065 -1.1800311 -0.21785608 1.806428 -0.1437778 -0.8953773 -1.916868 0.78948826 -1.2552814 -0.4997295 -0.039794367 0.05422068 0.52186364 0.1493422 -1.4704813 -0.20307207 0.050569274 -0.0053325216 0.9610694 1.4127936 -0.3252829 -1.5891789 2.3097816 -0.60795224 0.11772622 -0.13820866 0.76381165 -2.7233016 -1.17996
geranium 0.65336347 0.8595876 -0.09368735 0.28426415 -0.8681509 0.6825947 0.5013487 1.2931486 0.5463202 -0.32378685 -0.49694797 -0.68619835 0.18810208 0.53068596 -0.73631316 -2.303074 -1.0433747 -0.16767253 -0.6357233 -0.012757844 0.5914517 -1.697493 0.9928442 -0.60233057 0.22602919 0.29826233 -0.18405892 2.5931752 -0.41764146 0.4372684 -1.6535481 0.33885333 -0.23524554 -0.27521178 0.7472784 1.8780283 1.5918958 -1.7407486 0.30056256 1.3183638 1.191608 0.29961172 0.90882087 -2.4555297 0.48783922 0.37001643 0.49666148 -0.48553452 -1.258803 0.08019907 -1.9194648 0.06516638 -0.39064336 -0.5795801 1.1728019 1.17241 0.8092963 0.7113338 -1.6272434 -0.46341175 -0.7231245 0.077938065 0.54634184 -0.70309407 -0.3337902 1.1064035 1.024823 2.1152835 -0.72330374 0.003485677 0.18484253 1.6170062 0.004154481 1.1787012 -2.7666652 -0.83794975 -0.8498264 0.10147591 1.6296477 0.038602214 -1.206996 -0.77041274 0.3455138 0.39245576 1.36159 0.9130782 0.5671918 1.5177974 0.35453054 -0.66499776 -0.51894194 -0.7258414 -0.5311981 0.07063127 -0.20293224 -0.13436407 -0.24982083 -0.60315657 1.1037258 -1.3761555 0.42779142 0.62697625 -0.3934863 0.3107959 -1.5654039 -0.5220848 -1.0120234 -1.1616348 -1.6581419 -0.24554397 -1.3583214 -1.0761126 -0.11610844 0.911546 0.0026588547 1.9721601 0.62084574 -0.35343897 -0.3078016 -1.864527 -0.49117294 2.4773602 0.35997272 1.693873 -2.564801 -0.14662774 -1.6122526 -1.6646426 1.7297648 1.7864 -0.20505661 1.7317392 -0.4827524 0.08111958 -1.868001 0.11584375 -0.16583261 -0.2670683 1.7023237 0.33277133 -0.2953839 1.6046875 0.5115352 0.74176615 1.636857 1.3907611 1.4652759 0.35351193 -1.0146254 -0.78322774 -0.26103505 -2.2394207 -1.6752658 0.8772274 1.0668707 0.8351194 0.71653223 -0.85697854 0.18939705 -0.7854075 0.60108334 -1.1750206 -2.1319418 0.56383294 1.1647744 1.825789 -0.09056007 -1.4549837 1.5133682 0.4187188 0.30576125 -0.16924033 0.782787 1.4089785 0.18852377 0.36956733 -0.20151804 0.019612292 -0.5305906 0.43525383 -0.47729626 1.7984346 -0.17127798 0.5062522 -0.65077287 0.14867115 -1.2603936 1.2213801 0.40034866 1.6078023 0.5309578 0.36452442 0.035231072 -1.1865535 0.112073764 -0.14990026 -3.070383 -0.8087783 2.185049 1.8177929 -0.34059557 0.96226597 1.8537949 -0.8343605 1.2951758 0.5048837 0.04450948 -0.3686643 0.24542625 -0.22395875 1.9200772 -1.6399527 0.46037015 -1.1277058 -0.32894725 -1.1320957 -0.41578683 -2.0338001 0.0865692 0.8157021 0.571089 0.47805268 -1.4181715 -1.2661575 -1.9290115 -1.5789516 -1.9869909 -1.6613889 -1.3740706 -0.28318334 1.5426486 -0.7650263 0.6803603 0.6374827 0.94289684 0.08339451 -0.18093657 -2.0518134 0.3224834 1.259802 0.14991815 -2.6874719 -0.76214784 1.4772884 1.8160219 -0.8840191 -0.40340295 2.2038028 -0.18610063 1.7103803 0.12893246 1.7964277 0.89530265 -0.8548867 0.91818076 -0.16572055 -0.23155807 -0.24891476 -1.6990032 -0.09472508 1.112996 -0.5249817 -0.72996306 -1.2902923 -0.32567185 0.5813732 0.42202565 -0.13704021 0.712078 -1.2674086 -0.22023214 0.4164121 1.0421582 -0.028629674 0.8738843 0.84864587 -1.562559 -1.7555548 1.3990945 -1.2002103 0.75045115 0.10059533 -1.2541605 1.3267058 -0.1260878 0.49727818 -0.34888238 -1.9789253 -0.31360456 1.1653488 2.2285037 0.1644995 1.2573 0.5615322 -0.67396 0.96556044 -0.4573206 0.91284996 -0.955696 0.8024929
pepparmint -1.1410788 0.20074823 1.1487056 0.42463347 1.0236782 -0.27784082 1.0675445 2.1528118 1.3146077 0.7635719 1.4696658 -0.4415483 0.9760036 0.58315784 -1.5003449 -0.6288388 -0.79199106 0.44037244 -0.1526694 -0.07052589 -0.2363476 -0.8915533 -0.17088257 -1.0534602 0.47257712 -1.841163 0.36783993 0.54969764 0.99782795 -0.65846264 -0.9956765 -0.07260532 -0.25172436 -1.4175931 0.18713416 0.54702866 -0.16520429 -0.43168744 0.8035336 0.6281806 -1.8072486 0.5064822 0.83006525 -1.8025438 1.1417431 -0.8582607 0.68546635 -1.1645558 -0.03633099 0.36444685 -0.052805405 -0.61846864 0.570917 0.28379613 -0.13866088 0.39842588 0.2940556 -0.28093594 -0.70574415 -0.14180094 -2.1343663 -0.5568227 -0.052831974 0.37559435 -0.5171257 1.1686904 0.9960006 1.4327699 0.5508116 -0.18959026 0.20195758 0.2207392 -0.0046358868 1.0227576 -1.7406689 0.121570915 0.61587626 -0.064650446 1.1327773 -1.6339535 -0.6341885 -1.0552441 1.3609259 0.3248262 0.7159421 0.4916408 0.50119483 1.2191079 1.0339497 -0.35404658 0.06623954 -0.78262436 -0.6561464 0.68113744 -0.56113017 1.5351422 0.08272992 -0.093662165 0.83222395 -1.197766 -0.12022379 0.08606883 -0.4635966 -0.42714384 1.4386888 -0.7333824 0.54968625 -0.19428459 -0.5228831 -1.4900451 -0.38970876 0.5009758 0.20415494 0.91626424 1.0005269 0.18647006 -1.0058959 0.057032607 0.51092637 -1.1795106 0.6824017 2.1360219 -0.04627624 -0.42135996 -1.5008966 -1.1429132 -0.55349743 1.1506974 0.4979055 2.1429894 0.6143327 -0.5235954 -0.061444372 -0.25008386 -2.2269816 -1.3242098 1.0883489 0.44616663 0.8783895 -0.9692435 0.43595666 -0.71031475 -1.6810327 0.5214041 0.107166976 0.35877678 0.54793864 0.5365979 -0.09907564 -0.77854913 0.18262947 0.16071811 -1.8781313 0.107240394 0.910241 0.46857736 0.112304665 0.6307671 0.2732064 0.8294146 1.0416178 -0.5230683 -0.8460815 -1.2540828 -0.69312376 0.7372689 -1.1363344 0.5006974 0.28277385 1.4247577 -0.21788484 0.5873005 0.94029516 0.2917274 -0.051363777 -0.05196431 1.2564116 -0.37952268 -0.8583195 -0.3312597 0.06257135 0.03310118 -0.32453033 0.33799037 0.9441778 0.7458666 0.005344676 0.17756903 0.9624838 -0.7184671 -0.8657367 -0.22656256 -2.603742 0.7352093 0.63632387 -0.6934807 -1.8089428 0.13761738 0.97833145 0.92356265 -0.38297844 1.1824782 0.15814711 -1.4753766 1.3474634 -1.3822304 -0.18199356 0.7321679 -0.703755 -2.39116 1.5448965 -2.2483265 -0.48338458 -0.67014366 -0.39610288 -0.7423623 0.7575996 -1.5372517 0.5812139 -1.4873686 1.8500075 1.1842722 -0.1520811 -0.7685497 -1.1323404 0.6183884 0.8928753 -0.61727065 -0.6509562 -0.3468972 0.46103802 0.2827574 -0.0032587042 -0.39110586 0.05422629 1.0706034 -1.703138 0.0019270998 -0.47965732 0.6187597 -0.8842896 -0.3465094 0.07549209 1.4818926 0.5637859 -1.146095 0.3673633 1.7864358 0.23720005 1.1831294 -0.19547649 2.7858377 -1.3225815 -0.4555259 2.2186 0.40274408 0.5527701 1.341498 -1.3767959 -1.2211008 -0.1029128 -0.45552796 0.83094996 -0.65106666 0.14929885 0.22559224 0.49658388 -1.1995492 -1.3677763 -0.5210164 0.21351454 0.53396064 0.00032171884 -1.135055 1.3529747 -0.6066055 -1.994323 0.46071267 0.4062979 -1.2786756 0.8278951 0.77726287 -0.114381604 -0.20918262 0.5107633 0.5244505 0.29840988 0.13980378 0.028741762 0.64145035 1.4658939 1.3327819 1.2535118 1.2598073 1.4002306 -0.3632535 -0.76517534 0.22987533 -1.0434608 -0.2200849
selleri -0.31165633 -0.10042228 0.25210327 0.1015467 2.4763317 1.4248742 1.8134722 0.61193556 0.60372084 -0.7944267 1.2676686 -0.017024774 0.29360783 -2.0164504 -1.3419518 -0.9421433 -0.4530714 -0.25505272 0.10885715 -0.52079976 1.1403476 0.19920672 0.10587531 -0.36882895 -0.8492069 -0.8199412 1.3043464 0.14262263 0.07828236 -0.23311722 -0.11687946 1.8169978 0.27677003 -0.96239525 -0.14976162 0.16134106 0.76199985 0.3673731 1.4841369 -0.18809536 -1.3604329 1.0925224 -0.35079375 -0.32158425 0.41589653 0.3478622 1.1990849 1.9126046 -0.0059610507 -0.2870039 -0.2351135 -0.38166618 -0.96567374 1.9835795 -0.08919095 -1.7159345 0.6808174 0.095822364 0.2599908 0.09122506 -0.50819236 -0.8461483 -0.5186627 -0.7240927 -1.3866163 0.5495281 -0.05110976 0.92622143 -0.2897719 -0.19012557 0.5155965 -0.30353874 -0.028262798 0.73256624 -1.9042804 1.0661045 2.0510464 0.13057531 -0.1428095 -1.749767 0.11838208 -1.6406332 0.24340768 -1.6016228 0.5686401 -0.28213114 -0.14315595 -0.10393573 0.4792466 0.33822027 1.0119493 -0.12515482 -0.95440793 0.1487013 0.22109213 -0.2046565 0.6314067 0.34942985 -0.082401484 1.2825121 -0.07144616 0.7193281 -0.7071056 1.0581481 0.15670966 -1.3412067 1.3279235 -1.3816216 -1.2497197 0.62962955 -0.7235514 -0.8910942 -0.8441969 0.62124944 -1.1147484 0.5606458 -1.5162921 2.3190136 0.5337642 -1.2575024 -0.28278688 -0.3680498 1.2296436 -0.8053395 -1.3109195 -0.28121135 -0.16054335 -0.5238107 0.5116733 0.6170408 1.5489377 0.43017295 -0.7256427 -0.91855663 -1.265663 0.53889316 -0.51492965 -0.23698726 1.0530331 -1.624721 -0.48323432 -0.19282854 0.35506043 0.6278335 -0.4014513 0.25552183 1.2861034 0.70368314 -1.6393718 -1.4214245 0.7766634 -3.6690898 0.14963983 -2.020474 0.99186975 -0.85941833 0.20939602 -0.49757263 0.6278515 -2.0159905 0.31626725 -1.5659472 -0.38267085 0.27418602 0.6790795 -0.35735455 0.5171094 0.49377063 1.0361553 -0.7140243 -1.3943315 0.067331836 -0.37718502 0.55708855 -0.39978096 -2.595864 -0.5525334 -0.4875069 -1.4415135 0.028652763 0.57739353 1.7495866 -0.23191062 -0.749553 -0.06187439 -0.97575694 0.6443611 -0.39289126 2.360169 0.103915885 -0.5715914 0.8905534 -0.77383757 -0.37552288 -0.62003446 -0.8576017 0.74536234 1.2558943 1.2843868 0.6937601 -0.6096069 -0.7464154 0.99501073 -0.5835018 0.052518982 0.8589523 0.24963783 0.14033836 1.2228844 0.17235631 1.1904584 1.2678515 0.5078436 0.17671618 -1.2266377 -1.7092382 0.2855059 -0.7486361 0.5024968 -0.08126513 0.030819349 0.08962704 -0.7173628 -1.2272387 -0.11825298 -0.09679228 -1.1685859 0.28837496 0.6449801 -0.83941126 1.5810438 0.15932404 -1.3480932 -0.018087547 -0.6122071 1.47264 -1.2972258 -0.1371263 -0.3500749 -0.18614435 -1.602914 -1.4151819 -0.032673094 1.9145341 1.0828763 0.7728248 0.004805439 0.47316206 0.27115375 1.9304125 -0.15063836 -0.7079557 -1.1695766 0.46444473 -2.6809745 -0.8293214 -0.14135893 -0.4616144 0.28573737 -0.27341616 0.5581988 -0.2130034 0.62897855 -0.6581765 -0.8224327 1.3120605 1.5298408 -0.123617105 0.16910385 -0.7876271 -1.5446221 2.1875546 1.1799611 -1.4912093 0.31750664 0.010296761 -1.4532138 -0.8992877 1.2283448 0.45672435 -0.8132921 0.6590533 0.802408 0.84605616 0.56453407 -0.036053628 0.4626145 -0.32738027 0.03659449 1.5855254 0.06440097 1.0017987 0.26875657 1.5763277 0.8418138 -0.79257196 -0.57575107 -0.7369142 0.8382033 -1.885786
popcorn -1.6368157 -0.24945801 0.20037071 0.58164996 0.17429362 0.36243492 0.102704406 1.0129627 0.9350075 -0.2740637 0.19808099 0.81501305 0.61814564 0.4908421 0.57514936 0.16309702 0.062236853 -0.27152967 -0.024721375 -1.4381229 -1.4097522 -0.7769098 0.78938586 -0.1453443 -0.6682438 0.84696436 0.21216439 0.037245017 -1.3886603 0.71551716 -0.7852665 -0.009129473 0.35934648 -1.1898242 -1.400194 -0.027047824 -0.16181016 -0.5052726 -0.1608221 -0.93636495 1.1807936 -0.31392092 -0.38122985 -0.6738071 0.68671954 -0.3316442 0.23828359 0.9682151 -0.12996061 0.6273855 -0.42172244 -0.075326055 -0.8921971 -0.32072535 0.12897997 0.024921212 1.0031304 0.07478774 0.85782915 0.48506054 -0.51650375 -0.77738863 0.043630622 0.3135134 -1.2787253 0.66000587 -1.5043285 -0.9078066 0.9248417 -0.63732547 -0.8856358 -0.2752842 -0.17502666 0.47895712 0.47368816 0.8809534 -0.25481474 0.56181425 -0.759612 0.2824285 0.5837147 0.838843 -0.20147754 0.58387035 0.8577207 1.7085981 -0.20730032 -0.42558196 1.3968579 0.79731727 -0.39866984 0.22796625 -0.51051176 -0.96977574 0.06485915 1.4669125 -0.020205662 1.7636284 0.13531537 1.20897 0.6937684 0.2070931 1.6592284 -0.2034662 0.20795757 -1.246184 3.106788 -0.5304999 -0.47372743 0.806525 0.75509185 1.3189999 -0.19612156 -0.16600446 -0.41923627 -0.8594818 -0.495528 0.36995485 1.2731222 -1.357861 0.9401602 -1.8892611 0.6750755 0.99632204 -1.1008111 -0.9901064 -0.6204049 -0.09698674 0.09076759 0.3852336 0.9294995 -0.40295857 0.95867777 0.073720984 0.31379914 0.36257255 0.53329927 -0.44385716 1.4729261 -0.9373451 -0.30447584 0.072783746 0.7650855 1.111352 -0.08028931 0.28674343 -1.5928634 0.39300174 0.05067779 -0.78932184 -0.5206729 -0.3141906 -1.0706527 1.0550697 -0.36316782 -1.158127 0.29672047 -0.45508197 -1.6518991 -2.3762372 -0.103268825 -0.22552855 0.9831623 -0.41503194 0.28675517 0.6536332 -0.18906435 -0.37852713 -0.55181307 0.6732486 0.6500733 -0.37234342 -1.947165 -0.3084952 -0.49044833 -0.62778234 -1.546115 -0.8311774 -0.5994117 -0.16443366 1.3089451 -1.232938 -0.2820842 -1.3154691 1.2562493 0.7557475 0.45220813 0.85323054 -1.0887197 -0.6625417 0.036022034 -1.5643629 -0.52243096 -0.95012105 -0.099623315 0.22913393 -0.29839894 0.11718736 0.50381255 -0.91064775 0.15651916 -0.0155826 0.17585231 0.9611608 0.030149912 -1.2729697 -1.6022524 -0.12592272 -0.42535296 0.102678545 0.4149781 0.90594923 -0.19151653 0.51663285 -1.343576 -0.7402407 0.5066851 -2.302239 0.35942006 -0.8869801 -0.49942333 0.20763385 1.2463782 0.08966413 -1.1040152 -0.12653399 -0.8062973 1.6374854 -0.8790141 1.1264161 -0.7211898 0.11488246 -0.14680001 1.1824121 0.07278038 0.040080953 0.37608922 -0.41076645 0.3374409 -0.010973207 -0.089604594 0.41790876 0.68563294 0.3122148 0.41216797 1.2239381 -0.07092676 -0.56068593 1.1718749 -0.33314356 -0.39936742 -0.3770676 -2.6260808 0.8684713 -0.37279528 -0.16324991 -0.023345115 1.055876 0.46163213 -0.2649245 1.9633037 1.2081056 0.73001015 -0.062514454 -1.7873766 0.9123628 0.4749697 -0.40867394 -0.40966067 -0.8750394 -0.26855746 -0.24172474 -1.415976 0.2397929 0.50713843 1.057527 0.13450472 -0.18785931 0.5019176 -1.0364283 -0.52044415 1.6298112 0.6041506 0.34355497 -0.28870803 0.35485741 -0.79210955 1.085399 0.06562855 -0.2279894 1.0021031 0.74200493 2.7591472 0.62684363 1.71813 -0.3321442 -1.0542113 0.04276371 0.10356222 0.16279683
rep 0.6851782 0.23066014 -1.0478022 -0.62198573 0.54467744 0.7913316 1.2651129 0.19929743 0.3300592 0.039879892 -1.1540295 -1.6387342 -0.98382235 0.25071543 -0.5883837 1.0677743 -0.20734382 0.63428336 0.4166037 0.42784008 -0.90643704 0.7106087 0.26740158 0.8805234 -0.70279753 -1.601571 -0.70994544 0.8829045 -1.0734413 -0.24382383 -1.324077 2.3439205 0.25502518 -0.9922879 0.7469117 -1.082416 1.2568939 0.50017816 -0.10127716 2.2414954 -0.5735257 -0.16347916 0.112575665 -1.7120088 2.0289667 -0.7907951 0.084738135 0.26546147 -0.04075711 1.1808873 -0.4475779 1.0225757 -0.46473658 -0.21229056 -0.9535282 0.35861817 0.10909028 0.5333158 1.3382342 -0.38861945 -0.6808525 0.6234875 0.26075563 1.1264524 -0.22319615 -0.0951126 -0.9708594 1.4285233 -0.25984657 -0.6523162 1.8686757 0.4795406 0.031605177 -1.0422984 0.21746108 0.050127383 -0.4287241 -0.17280701 -0.60052717 0.66565055 0.05060797 0.25002387 -0.1756774 -2.5990667 0.21224317 0.17594634 -0.39997563 0.53363544 0.62067056 1.7119716 1.5020187 -0.023698056 0.94873846 1.5110124 0.7764679 0.37459207 -0.58789176 -0.17290585 0.44754255 -0.57690066 0.014493699 -0.04501173 1.2108883 0.31370836 2.628054 0.19921653 0.6684117 1.7899694 -0.71730745 0.5962689 2.1102777 0.45195907 1.895799 0.18443486 1.7269319 -0.15386973 0.13172442 1.7144864 0.6678449 0.6070928 0.6843102 2.0774837 -0.17914794 0.27766576 -0.4594027 -1.146065 0.51626915 -0.30110508 -0.05175167 -0.30936798 0.24765912 0.14807232 0.36192957 0.20378481 -0.15910506 0.59834975 -0.41667974 -0.42771778 0.30004343 0.0039034872 0.86299014 -0.78397804 -0.6781263 0.07351407 -1.9680176 1.4389677 -0.06284393 0.47211602 -0.19128796 -0.22734861 -0.06538932 -0.06906355 -0.98205495 -0.9696029 -1.1078011 -1.0730209 0.06657045 -0.00016087416 -0.26957858 -0.7811753 -0.4189464 -1.1101534 -0.59155494 -0.82111436 0.30292058 -0.4709628 0.13223623 -1.5592003 0.21151918 -0.10818326 -0.11115888 -0.3102504 -1.79436 0.4069574 0.97410303 -0.45532256 0.49321133 0.6236905 0.91766495 -1.2368934 1.1073136 -0.7422923 -0.42396715 0.33701396 1.0389205 -0.89054817 -0.09066465 1.2542417 -0.18215258 0.7258277 0.7125989 -0.3456076 -0.15519439 0.6559019 -0.30043095 -0.18422075 -0.29750478 0.4128356 0.2490272 0.783943 -0.8995552 0.88106036 -0.97743624 0.36432037 0.990998 1.4847682 0.619706 -0.336446 -0.8458275 -0.050029628 -1.1514626 0.27940717 -0.006342838 -0.035832986 0.20406096 -0.88184476 0.16626287 -0.96947503 -1.2001057 -0.6721936 0.7852935 -1.2422252 0.112693824 -0.32642266 0.83479875 0.86104727 1.2907931 -1.0526851 0.23055321 0.5040849 0.48227257 0.44140464 -0.8102851 0.14361565 -0.13523342 0.2597532 -0.6285138 -0.11461211 1.710854 1.269575 0.14780962 0.868622 0.040929116 -0.038631257 0.47235397 0.43943888 0.26527044 0.35783598 0.30480614 -1.4012225 0.39813152 -1.7398683 -0.8856308 -0.61584014 -0.90114975 -0.170553 1.7092065 2.0743065 0.9552846 0.41043782 0.65080136 0.08649728 1.2359173 -1.1586592 -1.3327671 1.037502 -1.3200659 1.9649819 1.214813 0.35724297 -1.0348542 -2.399289 -0.72862947 1.3212953 -0.15193394 -0.46961248 1.5563809 -0.16314238 0.60546756 -0.1529496 0.9800245 1.0761826 1.8784035 -0.30020082 -1.2026742 -0.24211942 0.44895142 0.72361463 1.6068386 0.072502196 0.11504105 1.2771405 0.28883952 -0.4003114 0.09083963 1.7492361 0.8166855 -0.24831922 -0.3065563 0.23994435
desinfektionsmedel 0.90046716 2.149697 0.8811768 0.3532635 -0.6172508 1.1262537 0.4339017 -0.79802656 -0.39927226 -1.2914295 -0.80500096 -1.2953573 -0.6954734 0.29286814 -1.7026864 1.6767175 0.6520208 -0.021066101 -0.32891703 0.2970002 0.5596727 1.0016195 -0.2527617 -0.6599167 -0.04473187 -1.525674 -0.94281006 -0.12608609 -0.43501672 -1.6032447 0.90530604 1.102712 -0.06747472 0.81442744 -0.36404553 0.134947 0.86584663 -0.6079563 0.3289031 0.735895 -0.1802969 0.2540463 -0.7511132 0.18498895 -0.37774807 -0.09946497 -0.7223413 -0.29328987 -0.22337252 0.3639481 0.27950072 0.85780406 -0.9742994 -0.1770484 -1.2084438 1.3547715 1.1607816 0.6284898 -0.3691653 1.5380679 -0.6833524 -0.5933087 -1.0440153 -0.27449545 1.3142136 0.08494264 -0.36417007 -0.61050695 -1.0974414 -0.5798681 -0.07525918 0.7547504 -0.5374239 -0.5502729 -0.45932373 -0.09621181 0.6529329 0.8936445 0.47065917 -0.36638904 -0.43459272 1.0190871 -0.22912958 0.61757696 1.1861783 -0.4742532 -0.51118165 0.55073965 1.2467813 1.2817172 0.53932565 -1.3191051 1.6848794 0.5716348 -0.76325303 -0.42519084 -0.8326991 0.9246463 0.41114077 -0.20551908 -0.7135151 0.32592052 -0.30920592 -0.92520255 0.5054442 -0.85050976 -0.55902916 -1.5716188 0.15611964 0.69974875 -0.9765719 1.1166619 0.8437449 0.41466004 0.0049791397 0.8223595 0.5375867 0.28339776 1.2799299 -1.0431074 0.56519365 0.92749345 1.7065632 0.27370167 -1.0774345 -1.1232073 -0.07279835 -0.9539333 -0.9524899 1.5742829 -0.38079178 0.27521938 -1.1027435 0.812593 -0.6906365 1.1874228 0.9517943 -0.48724076 -0.15696551 -0.15944462 -0.2816237 -0.001382034 -0.6098134 0.06312551 -0.17226511 -0.018647594 -0.48473045 0.56648463 0.7840244 -0.71673995 -0.4507511 -0.29675817 -0.48650882 0.5229652 1.8364878 0.88754714 0.26027983 0.16898383 -0.23851033 -0.30708277 0.96308786 -0.7392913 1.4250941 -0.48381945 -0.37607515 0.068332426 0.42560938 -0.25173515 -0.12566276 0.445765 -1.3322076 0.45603937 -1.0203754 -0.8222236 0.56018996 0.74024546 1.6138301 0.5541599 -0.20082046 -0.26011074 -0.16528185 0.0048145335 -0.33431014 0.12489646 1.2367829 -0.30034652 0.44604608 1.5153023 1.3312649 -0.43502867 1.042676 1.0261728 -1.3350985 0.4580066 0.47888 0.7519038 0.7433034 -1.8021796 -0.4959411 0.41400066 -0.45687854 0.4667629 -1.1373621 -1.343035 -0.5121707 -0.8057087 -0.47079057 -0.89760387 -0.5756187 0.74039865 -0.88374966 -0.5446072 -0.80340064 1.1915305 0.38414752 -0.5814298 0.6749465 -0.93889225 0.12982355 -1.0864388 0.3465225 0.804661 0.2878488 -0.97540385 -0.5676502 -0.44850954 0.38398367 -0.3655003 -0.5301702 0.5107074 0.6276314 -0.6081986 0.4662712 1.6085204 0.5604106 0.95372844 0.15852802 -0.044044144 0.11577383 0.70321155 0.5155986 -0.22231467 0.99552774 -0.04391999 0.82817894 0.2590066 -0.40757307 -0.43580565 -1.216341 0.110180534 0.6389208 -1.1819633 0.04396128 0.6696013 1.5363894 -0.27912053 1.7958704 1.3921489 -0.69885075 1.4001491 -0.71419704 0.37272137 -0.43212134 0.15515684 -1.0433295 -0.70233727 0.86196023 0.63047004 -0.77539515 -0.54651326 0.8714926 -0.37926915 0.04718628 -1.0882083 -0.32698998 -0.6814231 -1.6508582 -0.048996788 -0.48009226 -0.32653332 0.5039597 0.98027414 0.7400964 0.32240707 0.118462674 0.23413104 -0.81226325 -1.213314 -0.59360814 0.1613112 -0.077152126 -0.30299982 -1.4389083 0.8516575 0.21566606 1.0534414 -0.5386755 -0.42551264 0.13250929 0.26765788
violett 0.24995483 0.05187973 0.20545892 0.64922124 0.52724904 -1.1550198 0.8721479 2.6435306 0.30810824 -1.5415393 -0.2891837 -0.58713824 0.9197068 0.15618446 -1.3847253 0.07677579 1.6176648 -0.42399707 -0.7646968 1.2861025 -2.030224 -0.9244501 0.81556803 0.16815805 0.33314884 1.0546612 -0.26878488 -0.6647363 0.8799245 -0.40533528 -0.55986667 0.24570368 -0.9906682 0.7964088 0.03477876 -0.79975355 0.6507113 -0.9435175 0.8689301 -0.7303993 -0.16595963 0.6202681 -0.68076944 0.6537856 -0.36578414 -1.076678 -1.0688825 0.28831926 -0.2145507 1.2886255 -0.7942635 -0.6886736 -0.31494015 0.116130486 -0.3787804 1.2319752 0.6921053 -0.12745342 0.71595925 0.004176098 -0.6494958 -0.52409345 0.19285727 -0.29560322 0.9693843 1.34939 0.62105966 -0.029687477 -1.2516792 0.11918995 -0.3972481 -1.0732656 0.65950465 0.11983532 -1.103403 -0.50370705 -0.8774328 -0.18783666 0.24910347 0.7831281 0.048495956 0.3765334 0.2957745 -0.5176496 0.15953171 0.33411017 0.24739456 -0.68043596 -0.20075688 -1.4093441 0.08790362 0.6813736 -0.30246398 -0.5188576 -0.10292154 -0.80625963 -0.638406 0.09826503 -0.8416453 -1.0715806 -0.9667828 -0.3518707 -0.014969346 0.04865735 0.9124956 0.57382774 -0.11857384 -1.2839527 -0.48496968 0.5767153 -0.058255143 -2.1189673 1.1767745 0.61700004 0.46338043 1.1331782 0.3965669 0.45877075 0.5822186 -1.1433214 -1.5833718 0.6253356 1.0574402 0.08181693 0.9562056 1.1341416 -0.3000147 0.6311904 1.0684073 1.8144102 -1.1015453 -0.7326205 -0.6982653 -0.27933934 -0.47550234 1.1379077 1.7635976 0.8658099 -0.39089352 0.77681756 -0.4882687 0.91997206 -0.4255264 0.29406074 0.41205132 -0.1804484 0.4684305 -0.3299377 -0.69346803 0.7255891 0.85006225 -0.473186 0.5783633 0.078530826 1.254488 1.2355514 -0.03293123 -0.6169566 -1.2830333 -0.5350865 -0.9673923 0.3604436 0.35689425 -0.22688486 0.013741575 -1.0947217 1.7350127 -0.5812991 -0.18470685 0.249182 0.15894876 0.3347748 -0.16144404 0.5770608 0.1857375 0.50960815 0.8182986 0.022233823 -0.36728713 -0.124456406 -0.39833337 -0.54603225 -0.3341724 -0.057500605 0.116236806 -0.32758754 0.47309214 0.46581185 1.2639428 -0.32797194 -0.45908934 0.39076218 -0.09882414 0.04076106 1.597027 -0.891856 -0.5111273 -0.5372243 1.556723 1.4613124 -0.30685142 -0.6699004 0.70399624 0.27068755 0.29914674 -0.8618535 -0.512908 -0.5996116 1.4189085 -2.0687988 0.10999421 1.2226205 -0.4211817 0.7118447 1.0978055 -0.037393406 -0.60144705 -2.2056324 -1.6926798 0.5389631 0.4047592 -0.76457626 -1.0327408 0.0038965838 -0.03679482 0.955806 -1.9883331 -1.0819025 -0.11523122 -0.1106509 1.3145684 0.304291 0.31247354 0.11746414 0.6856493 -0.5414355 0.09873594 -0.80056405 -1.0335318 -0.45633885 0.070830286 -1.405462 -0.019763732 0.679177 -0.99281263 -0.0027658246 0.046752464 0.4446981 -1.0727165 0.85119534 2.762721 -0.66134274 -0.73843277 -0.68755054 0.29801053 -0.37096605 -0.4515545 -0.18849467 0.24342452 -1.107914 0.44549614 -0.3177946 -0.7125922 0.9354409 -1.5940276 -0.85781306 0.039137766 -0.4884797 0.97454816 -0.46174356 -1.2101586 -0.33016416 0.4544787 -0.23620291 0.74614614 -0.1322386 -0.5205299 -0.2788594 1.1204091 0.630232 -0.35213572 -0.88856614 -0.39241403 -0.97801065 -0.42446426 -0.95111465 0.89940596 0.110750236 1.0580468 0.5038533 -1.4158627 -1.3980371 -1.0144901 -0.41972443 -1.2255168 0.5249075 0.75430226 -0.6230263 -0.7501348 0.67043746
valnöt -0.23615958 0.39106786 -0.69172454 1.0609934 0.6177324 -0.78953856 1.1023694 1.819243 0.6589017 -1.0227804 -0.11119635 -0.08327387 0.48395255 0.122956164 -0.9031432 -1.072267 -0.97052634 -0.32886097 0.35306272 0.4945352 1.0146109 -0.6161616 1.5479046 0.3285069 -0.18503152 -1.6135428 0.6599025 0.046498246 -0.8961122 -0.011939286 0.005068948 0.61626416 -0.8727683 -0.80571645 -0.7997312 -0.16921681 0.6511049 -0.055943314 -0.743868 0.094411924 -0.019691873 0.5565773 -0.090318374 -1.2757188 0.61373615 -0.8621481 0.15051794 -0.6916683 -1.5639938 -0.4014804 1.1059207 0.506078 -0.24921773 -1.3556062 1.1475033 -0.0010586102 -0.61194354 0.9387689 0.24461706 -0.13668042 -0.78172404 -0.27412012 1.4579208 0.815834 -1.112987 0.51266605 1.0706217 -0.8091564 -0.42065528 0.6009244 -0.76827425 0.021414425 -0.8852393 0.69726306 0.59695625 -0.3560869 -1.3443482 0.14919005 1.589625 0.6206858 0.07338597 0.20240392 -0.75745434 -1.0167384 0.1521057 -0.38327423 -0.97060764 0.28494015 0.8415795 -0.45976964 -0.9208991 -1.1763655 -0.3020921 1.6927897 1.5552801 -0.4219428 -0.06744234 -0.6054514 -0.16549669 -0.23764318 -0.26572758 0.2817882 0.14663108 -0.21216464 0.14468193 0.27370206 -0.83608705 0.15054935 0.106245466 0.33079016 -0.03341943 -0.31243286 -0.22979276 -0.56709194 -0.5680333 0.16156004 0.49059835 0.71971756 -0.25893712 -0.47251084 -0.17875752 -0.31038392 -0.3625503 0.38775417 -1.5575925 -1.1762874 0.05671695 -1.3763922 1.7316206 0.82696056 0.6378302 0.28517494 -0.35069227 0.01488429 -0.595869 0.73627615 0.8436209 0.22700486 1.6001813 -0.18890545 -0.060191702 0.2851538 0.40010366 1.1814102 0.3769345 0.022864545 0.16923398 -1.6027273 -0.15902859 0.3406162 -0.7145264 -1.9231895 -0.33331025 0.59870815 1.5863996 0.50936097 0.7898076 -0.6355023 0.1422018 -0.9419092 1.0513742 0.18153617 -1.2839335 0.29502606 -0.2219815 -1.1612512 -0.2122238 0.3264983 -0.19193366 -0.18633395 -0.2468937 0.12918665 -0.03485274 0.6507715 -0.81426364 -0.25346297 0.27536574 0.36651117 -1.136396 -0.5418969 -0.47489643 -0.059816897 0.24829037 -0.28231287 -0.8541507 -0.3257443 -0.15839964 -0.67750156 0.26469132 0.23311792 0.101064146 0.18798545 0.60025114 -0.26271373 1.0254211 -0.19175956 -0.7733949 0.46423697 0.9841643 -0.38568506 0.8490806 -0.2504863 0.027277205 1.1939 -0.75603825 -0.06114748 0.4772263 -0.4426543 -0.03989127 0.4063003 -0.51653486 -1.0701445 -0.5564437 0.8179392 -0.3755566 -0.017277278 -0.5901379 -1.0960658 -1.6837997 -0.00017202011 0.7768821 -0.028900528 -1.2119317 -1.1262031 -0.117922954 -0.36856812 -0.20901534 -0.23642544 -0.90827274 0.45230442 -0.62294656 0.5740245 0.09770648 0.16490136 0.36605948 1.0877082 -1.1397723 0.21359098 -0.6787571 0.4462367 0.02265808 0.104786195 0.088158846 1.0216001 0.1206472 0.26362672 1.3981078 -0.67470527 -0.05987433 1.478969 -0.46154222 0.9200931 -0.4791792 1.1611754 0.21468896 -0.4037851 0.19550237 0.6339018 -0.14018202 -0.17314035 0.08089993 0.73324794 0.55137265 0.38100943 -1.4454062 -0.15652104 -0.012796267 0.14811522 -0.32452536 -0.1414045 -0.5946488 0.57564723 0.5559276 -0.3538329 0.25156447 0.32075447 1.0664314 -1.5365973 -0.45264453 -0.950556 -1.1297206 -0.19705445 -0.6556912 -0.8749471 0.5292647 -0.6660927 0.27590534 -2.2109203 -0.11315103 1.7587012 -0.065764524 -0.055551153 0.9947648 1.2495406 0.7343319 -0.74794585 0.2066821 0.36978945 -0.28872713 0.10894276
vinäger -0.33358282 0.74032676 0.1439096 0.74351335 0.4715563 0.46808675 -0.7265627 -0.05688632 0.70784795 0.22054674 -1.3452003 -0.6103732 -0.6441788 -1.1056309 0.09789613 0.48059723 0.4502024 -0.32701883 -0.44622195 -0.42802244 0.40071806 0.9101212 0.5672627 -0.35150868 -0.4073007 -1.1408893 -0.33107993 0.7430133 -1.5629656 -0.72376233 -1.5055175 0.9980838 -0.8717964 -0.73684084 0.8669703 -0.16695556 1.0627127 0.10847153 0.3295646 -0.13897991 -0.04299884 0.51437706 -1.3695405 0.42084676 -0.2940965 -0.6154815 -0.25734422 -0.40393582 0.21135879 -0.2954655 -0.610314 -0.22794129 0.4517907 0.9210964 -0.27710977 -0.60379475 0.94767904 -0.20014875 1.4796818 -1.259442 -1.236322 0.1834918 -0.43921456 -0.5612692 -0.9903987 0.33992365 -0.30246988 0.41851398 1.2502991 -1.3257849 0.29294094 -0.1369992 -0.51746345 1.1580943 -0.44473588 -1.3712312 0.6612517 -0.7487578 -0.28447193 -2.0244265 -1.243038 0.3941907 1.0908664 -0.20217615 0.7451272 0.872753 0.13777941 0.90738523 0.8398748 -0.93043953 0.6929706 0.7311133 -1.1954119 -0.28379032 -1.0588986 -0.11940296 0.11984813 1.2132303 0.983008 -0.47352958 0.27559143 -0.417699 -0.332419 -0.3022042 0.6504131 0.11095349 0.17060019 -0.5471951 -0.73918694 -0.775478 0.19534804 -0.26479965 -1.5740854 0.29761356 0.43633798 1.119709 -0.021120248 -0.50083977 1.0724089 -0.117402636 -0.07599419 -0.09137871 0.97036463 -0.3266867 -0.10844914 -0.93558073 -0.06974529 0.22001714 0.74281645 0.09734329 -0.065940246 0.8045427 0.606077 0.37589824 -0.015947055 0.06454504 0.03677367 0.3242182 0.19085895 -0.6176253 -0.08666527 1.0378183 -0.91004384 0.44727483 0.41808775 -0.9609476 -1.2106787 -0.09393336 -0.19648544 0.8770104 -0.26324266 -0.34366125 -1.3389199 0.7883718 -1.027519 0.5114315 0.35663944 -0.44997916 0.0364113 -2.7714367 0.2456698 -0.19321312 0.3052673 -0.5815919 0.30718046 0.27015403 0.83896214 0.10438957 0.5392264 -1.3606318 -0.04003097 0.034229554 -0.33055753 0.5399549 -1.2177628 0.17119235 1.2693348 0.6159382 -0.47556084 0.28322276 -0.51957786 0.018584415 0.009826798 0.4398652 -0.4984444 -2.3081458 0.35759735 0.31821507 -0.15692349 0.7092857 0.010945632 1.1013465 -1.0724308 0.04461486 -0.4060897 -0.7525149 1.3947566 0.80406725 0.4095524 -0.4684959 0.76534075 -1.0905554 0.5121928 -1.9770684 -0.984527 0.27339193 -0.012208346 0.07420125 0.16776955 0.25835156 -0.24878749 0.39991137 1.1739947 -0.4674134 -0.3387885 -0.06320567 0.16764273 -0.09505962 -0.07916472 -1.0638684 -0.1981285 0.32159296 0.6038283 -0.22338246 -0.4521007 1.1382073 -0.3524789 0.32458982 -0.4513345 0.71014744 0.20564137 0.61830974 -0.86220646 0.91488475 -0.37742475 0.015731625 -0.13739844 1.1223035 -0.37391782 -1.5779346 -1.1843576 0.21464711 -1.2862849 1.9830619 -0.38396436 -0.25384897 0.9776894 1.0241458 -0.22814623 -0.005069092 0.33735058 0.9218042 -0.634544 0.39025694 -0.059545904 0.65846395 0.63248837 -0.09297524 -0.51202404 -1.6101531 0.1048154 0.22229202 0.63859856 0.39391127 -0.34725073 0.23407367 -0.13669737 1.6970986 -0.84511596 -0.29564643 -1.1955415 0.81977594 0.53352255 -0.3338182 -0.119367935 0.71074647 -0.16651438 -0.0017461275 0.01748954 -0.4856 0.7835785 -0.02053435 0.9292737 1.3508304 -0.5125698 -0.9730099 -0.17128098 0.21305214 -0.13841012 0.2037804 0.30935553 1.2069075 1.5969754 -0.15988366 0.7215367 0.5157634 0.55967057 -0.79996175 0.7497581 -0.028072929
kamfer 0.17388603 0.08761812 0.117652856 1.5078125 -0.030513542 -0.1951054 -0.20493394 1.2619373 0.6114155 -0.35008928 0.7984196 -0.43571618 0.72407305 -0.2974773 -1.3842435 0.3899811 -0.758067 -0.27170834 -0.7618042 0.8937587 0.65376234 -0.73960143 -0.02891311 -0.33985034 -0.8333086 0.032053255 0.4588376 0.30005136 -0.45215467 -0.64128697 0.15639135 0.53579885 -0.420119 -0.059336495 0.024142614 0.36658636 0.9935203 -1.050806 -0.46286505 0.82711685 -0.7973636 0.8205435 -0.8338994 -1.4472187 -0.16797672 -0.6108271 -0.50301 0.48684958 0.07644224 0.602281 -0.562564 0.21035434 -0.0789566 -0.4798406 0.5150828 -0.7183352 0.5637963 1.2560256 -0.7699144 -0.6045614 -0.8439193 0.646681 0.8168797 -0.31774935 -0.14108007 0.9465096 0.32320115 -0.39539927 0.7324657 0.38118124 -0.057020828 0.3967571 -0.19373193 -0.3651918 -1.4779209 -0.13214926 0.8498528 -0.13503052 -0.22097161 0.12767619 0.7556554 -0.7244952 0.74272734 0.073009595 1.84156 -1.1261426 0.22062369 -0.09928859 -0.35253316 -0.22744673 -0.35738277 -0.54770756 0.13862959 0.5381118 -0.7010721 0.17034324 0.6343287 0.50268877 -0.18664111 -0.16765979 0.445546 -0.7665157 -0.71063054 0.73041683 -0.23700786 0.13406739 -0.73514515 -0.33893418 0.2912822 -0.14323382 -0.06357249 -1.3963017 0.592915 0.4607253 0.9467072 1.5748285 -1.2168468 0.7194582 0.20152606 -0.47301635 -0.7040965 -0.15297864 0.114498824 -0.041161362 -1.4536185 -0.5388118 0.46271366 -0.2458745 0.7053284 0.65063107 0.41808593 0.5887647 -0.09730426 0.4079858 -0.8204264 0.07283625 -0.07011303 -0.07179166 -0.23247382 -0.18117867 -0.26001766 -0.27371722 -0.15408397 0.08684551 0.3946607 -0.17610177 -0.021969507 -0.15877207 0.1645204 0.20308262 0.56118816 -1.0114267 -0.27284938 -0.15398084 0.6401918 0.8180454 -0.2599202 -0.45095927 0.40997 0.1363409 0.4039193 -0.2852795 -0.03418421 -1.0427433 0.32217464 0.06761538 -0.13606544 -1.0385686 0.90442306 0.8819411 -0.3535093 0.09176503 -0.10458181 -0.8361251 0.61420834 -0.17367142 0.5691613 1.5172834 0.35871997 -1.0127621 -1.0996004 0.45682567 0.56742513 1.1835877 -0.0029737698 -0.078574814 0.46083343 0.123495445 0.7611535 0.58365625 0.7548584 0.88124806 -0.15984522 -0.084041655 -0.12642413 -0.4697091 0.39518243 0.24922502 1.0261567 0.4948435 -0.3172201 -1.1393379 0.86609036 -0.16010265 0.57747865 -0.18604049 -0.47021252 -0.10257487 -0.47385573 -0.0657318 -0.028530946 0.05415286 0.08888733 -1.0317305 -0.1938406 -0.5134069 0.3341189 -1.0879318 0.12891103 -0.4026173 1.2200223 0.19237994 -0.19700591 -0.9993732 -0.39589953 -0.09468896 -0.60975826 -0.41660297 -0.28696015 -0.5734555 -0.20862052 -0.11938323 -0.37336096 0.39461362 -0.24422322 0.61002326 -0.41235504 -0.19206974 0.7396082 -0.13842195 -0.5739208 0.25737825 0.70214534 1.1990284 0.9208814 -0.30945116 -0.47792572 0.4403903 -0.19765285 0.49622118 -0.43195197 0.896237 -0.5156386 0.33382124 1.9055747 0.018272614 0.8099239 0.3132479 0.17213838 -0.80574644 0.29280245 0.40182635 0.48116666 -0.8394378 -0.6033701 -0.0006200129 -0.750908 0.623472 0.51426417 -0.09622494 -0.72162247 -0.4708778 0.3914385 -0.9261612 0.92855316 0.35895544 -0.29960564 -0.3334908 0.7942868 0.028662251 -0.6356064 0.11945218 -0.030791523 0.9136821 -0.5322712 0.831951 0.7272475 -0.045953203 -0.3597059 0.61387014 -0.088188685 -0.040817387 0.1971606 1.081475 0.8042453 0.30142644 -0.13539815 -0.7959835 0.3981144 -0.27005604
terpentin -0.03352504 0.75625753 -0.46992362 -0.1487468 -0.68855184 -0.2862601 0.52364445 1.371285 0.24700284 0.86584085 0.66110384 -1.5963614 0.43993706 0.0713765 -0.5480134 0.04914669 0.3219957 0.29498455 -0.015100651 -0.68614846 0.26385173 -0.41801202 0.78669065 -0.15742762 -0.2784854 0.04045033 0.6776754 0.15642326 -0.5129338 -0.26740313 -0.11670147 0.3198537 -0.84741133 1.1476091 -0.6503241 0.39458308 0.64485514 -0.5588234 -0.5738291 0.76355255 -0.059675254 -0.44205263 -1.0959591 -1.0475355 -0.76645887 -0.68859565 -0.28406358 0.40975645 -0.41974875 0.34540445 -0.2880292 0.32894734 0.5423022 -0.4851572 -0.28465328 0.6542164 0.49424177 -0.56455165 -0.17465656 -0.7131001 0.24011432 -0.47628826 -0.46474665 0.7635603 -0.87930363 0.5495556 0.47605625 -0.36903253 0.08542813 0.6315289 0.7500259 0.6134694 0.88952637 0.67874324 -1.014384 0.23847352 -0.39728397 -0.3312358 1.1970809 0.5579928 -0.39384973 -0.32229882 -0.32118285 0.2972206 1.5205467 -0.25155362 0.09340394 0.4809669 -0.52084154 0.26410007 1.0914965 -0.094213895 0.089538775 0.25739676 -0.31984478 -0.4167037 1.354606 -0.9612355 0.14560129 0.18948197 0.8280477 -0.30989176 0.8109553 -0.2515476 0.02330298 0.2426815 -0.73293424 -0.14362092 0.6171431 0.08049161 0.7790973 -0.31536472 0.84431 0.8569603 0.59939337 0.44871172 -0.5144109 -0.12817843 0.18584463 -0.7969244 -0.00042380104 0.43256027 -0.3742417 -0.74305433 -0.32203308 0.37562427 0.35322106 0.075817436 -0.81049085 0.059166875 0.6923328 0.39601243 0.58038914 0.8935516 -0.30533534 0.49823704 -0.18597056 0.8572689 -0.036351576 -0.72220397 -0.35713384 0.5220423 -0.21627016 0.49770042 -0.6371262 -0.12034785 0.29111722 0.32908973 -0.32899693 -0.39014092 0.48040143 -0.68988705 0.4916788 -0.3019051 0.5876131 0.49991524 -0.8973075 -0.3224344 0.67376715 -0.00083214603 0.08260241 0.08962298 0.38204843 0.5469356 -0.56679165 -0.8417781 -1.2422698 0.079719305 0.65512127 -0.2284387 -0.054034263 -0.046651665 -0.31693798 0.27906343 -0.379003 0.39664313 0.37756026 -0.569948 0.10043697 -0.8924692 -1.360117 0.34740776 1.2554419 0.5616428 0.118938014 0.23720989 1.2062442 1.1835928 0.5755359 -0.48902842 -0.2783551 0.5441906 0.5325458 -0.4290281 0.2598954 -0.10323992 0.69228715 0.28319058 0.5814666 -0.11664997 -0.19692487 0.0038831937 -0.53243566 -0.72297114 0.33248994 -0.07820706 0.35321468 -0.21619725 0.6920546 -0.37924165 -0.43342513 -0.25007606 0.35217178 -0.2675194 -1.6485112 0.14472617 0.46376052 -0.96779376 -0.99860907 -0.17581415 0.76980555 1.4311415 0.5040302 0.82875353 0.022217197 0.3760283 -0.559018 0.8109648 -0.31803927 0.05181644 0.80046254 0.43122366 -0.07012146 0.50037146 -0.28853565 -0.03671345 -0.38158968 -0.3392265 0.1572191 -0.35346463 0.13809806 -0.79026085 -0.21332249 0.42557842 -0.55168796 0.6757581 0.81584746 0.6066243 -0.0197101 0.63804895 0.018560274 -0.36284575 -1.2497467 -0.52507055 0.1605656 0.7018484 -0.045906365 0.12703636 -0.12919717 -0.694542 0.66643804 -0.2115119 0.32459125 -0.049167316 -0.78092194 0.26847816 0.25824755 0.46910432 0.3434034 -1.1587062 -0.29291373 0.42633846 0.21998748 -0.7136132 0.87625605 0.44552386 -0.7923605 0.7518417 0.41452467 -0.3925637 -0.32869872 0.4600535 0.07187744 1.3263258 -0.58967006 0.16839051 -0.13548437 -1.1115954 -0.5571361 0.36062947 -0.30478203 -0.43024492 1.26371 -0.69594646 0.2564618 1.2079275 -0.4737738 -1.1817805 -0.23464076 0.696677
kreosot -0.03959073 -0.26915464 -0.47817945 0.03905984 -0.12965916 0.12861432 0.49752417 1.0340867 0.46896058 -0.2666351 0.32174498 -0.98806494 0.20323473 0.15110345 -0.6354084 -0.2068644 0.23054093 0.1097906 0.09617177 -0.12341485 -0.8422759 0.25710386 0.31865016 -0.26639938 -0.1371972 -1.0269709 0.50913745 0.13318567 -0.88277686 0.25655177 0.7034768 -0.4196299 0.02010821 -0.17780723 -0.17153068 0.7761446 -0.52555245 -0.66629964 -0.32975945 0.5637259 0.5447743 -0.09359912 0.576889 -0.05722469 0.8258904 0.06674565 -0.2548116 -0.23745057 -0.30332723 0.22845082 -0.52039456 0.48598182 0.37943354 -1.1196176 -0.16649044 -0.27152473 0.63173985 0.15726037 0.04498698 0.64165145 -0.48608378 0.13448021 0.47649762 0.19389626 -0.5069463 -0.23239836 0.18142343 -0.61037266 0.31531549 -1.0082431 0.26292333 -0.06902262 -0.51738554 -0.5105818 -0.5125864 -0.41526496 -0.28020108 -0.283663 0.009796347 -0.1158724 0.100293525 0.29624808 -0.029307475 -0.11125953 0.6959961 0.14921248 0.71491295 -0.055334594 -0.20365076 0.24812229 -0.12985484 0.16634084 -0.1553899 0.37718418 -0.4727976 0.28017056 0.28290144 0.2738907 0.48298857 0.5787763 0.18291411 -0.13708715 -0.10771227 -0.5934459 0.1769795 -0.47114414 -0.33096582 -0.09123225 -1.1025804 0.43507263 -0.15933913 -0.6374845 0.35120052 0.25408003 0.20757826 1.2898719 -0.16924709 -0.08743257 -0.40937215 -0.92227185 0.7631737 0.63786525 -0.23722951 0.4280961 -0.030879997 -0.08972334 -0.5488707 0.012554712 0.10427532 -0.54584825 0.59890574 0.81359655 -0.2631281 -0.3167916 -0.13574597 0.26990575 -0.20535271 0.21206276 0.24917287 -0.019287564 -0.7592975 0.29792273 -0.24135394 -0.41653037 -0.45014852 -0.032239463 -0.055657495 -1.0677142 0.18232916 -0.34125403 0.11448948 -0.8986014 -0.03229848 0.24222046 0.60266215 1.3808923 0.028884951 -0.0032668705 0.88025963 0.37790015 -0.19460759 -0.059856027 -0.654555 -0.5004207 0.36265373 0.07429814 -0.21557185 0.4527738 0.9605246 -0.78850484 0.57986623 0.06816381 -0.21339191 -0.35809493 -0.16824615 0.28292796 0.45989865 -0.15431514 0.015619416 -0.17073873 0.35481822 0.36662248 -0.3904821 0.5726296 -0.0842741 0.14573707 -0.58538055 -0.11082247 -0.41610184 -0.35091698 -0.19851847 -0.5464747 -0.02989766 0.96220857 0.3543247 0.03455857 -0.3752672 0.5471113 0.59195554 -0.21170296 0.47574052 -0.81735647 -0.066470444 -1.1838844 0.8433183 0.6897945 -0.4869669 0.34713015 0.22429387 0.105356894 0.30888402 -0.064107776 -0.10345567 -0.16927926 -0.5552291 0.45505336 0.65664285 -0.44409272 -0.23808342 -0.8283472 0.63114953 1.0037147 0.5638434 -0.41642162 -0.11269913 -0.16485174 -0.47522974 -0.10731269 0.1276602 -0.49074233 0.7282103 0.40252635 -0.12569225 0.24933216 0.59819233 -0.39443618 -0.041339926 -0.07889819 0.5500099 0.24091747 -0.6714277 0.34998542 -0.75370866 0.37694064 0.36317536 0.08040716 0.25066534 0.46636978 -0.21742216 -0.30512848 -0.7097371 0.28619227 -0.7231422 0.4048777 -0.8040085 0.6729699 -0.4685703 0.9645921 0.18968353 -0.7901096 -0.4264708 -0.18416059 0.22998859 0.028488182 -0.7048007 0.03688714 -0.27738178 0.3916962 0.16645418 -0.46452254 -0.1630095 -0.06421236 -0.7498098 -0.115994245 0.6589395 0.32958013 0.7231972 0.4159861 0.9106435 -0.29745746 0.061854176 -0.5833411 -0.06804057 -0.91839343 -0.23431851 -0.15066904 0.34139276 -0.4718818 0.36010167 -0.2810193 -0.5141341 0.058523897 0.49206483 0.89262414 0.3932705 0.11750738 0.20764567 0.39230585 0.51688665 -1.1610501
ananas -0.4467662 0.3245522 0.40303925 0.37035632 0.16331942 -0.12870958 0.42166656 -0.36999348 0.5451895 -0.01187744 0.49472335 0.020899706 0.114496335 -0.10468287 -0.31934506 0.1604222 -0.2696738 0.40437657 0.396027 -0.039245732 0.27209586 -0.16775778 -0.43047416 0.01890271 0.44303998 -0.4856606 0.00856336 0.31643337 0.6550583 0.040699206 -0.8556024 0.1991251 -0.22638704 0.36952966 0.6475274 -0.25911987 0.48738766 -0.28145528 0.26971456 0.4215746 0.061750814 0.30149114 -0.21650487 -0.94115156 0.8191735 0.3273735 0.35686296 0.5054623 0.19185771 0.96989715 0.28321478 0.27535313 -0.5592821 0.2899373 -0.014571482 0.1820966 0.22564155 0.3314086 0.5033555 0.27715796 0.34613708 0.18267545 0.01773647 -0.3482172 -0.4878933 0.607334 0.87394273 0.3780687 -0.31895 -0.010310474 0.28250852 0.1995642 -0.009637447 -0.30958727 -0.75248057 0.036630355 0.3199988 0.5289982 0.719337 -0.2185404 0.09177229 0.59684706 0.0315552 -0.74233687 0.23787916 0.2607747 -0.13989908 0.21781039 0.18197484 0.46338955 0.058468405 0.33644736 0.4394676 -0.1357775 0.37190995 0.22140965 -0.39230213 0.18516159 0.14632675 0.5065482 -0.123527214 -0.13076057 0.34306774 0.05653195 -0.023145014 -0.1558496 0.8370152 -0.40256128 -0.06352127 0.8716802 -0.4535628 -0.2980536 -0.4205856 -0.31921467 -0.069368795 0.098143846 -0.72687215 -0.11247299 0.22691442 -0.5088622 0.0938913 0.11595487 0.25016978 0.10343809 0.41920847 -0.2198775 0.08260504 -0.36694366 0.09749983 0.37357008 0.039348193 0.6956434 0.19412953 0.006767826 -0.3996276 0.2638416 -0.17319898 0.40526268 0.09987714 -0.19322236 -0.082077056 0.43314722 -0.5434598 0.08467849 0.4319573 -0.053980563 -0.12649624 -0.2945334 0.44204322 0.23487642 -0.2553648 0.30983874 -0.7487395 -0.21204026 -0.6034889 -0.5002993 -0.3633194 0.05797796 0.014594006 -0.032553364 1.0695268 0.68648183 0.2535448 0.14419961 -0.56130475 0.16100354 0.004451995 0.0032356866 0.20574737 0.12967451 -0.03338116 -0.16167425 -0.65196186 -0.54782164 -0.36192665 -0.44688898 -0.38808072 0.62169504 -0.1481791 0.3787768 0.38073757 -0.60581213 -0.28597456 0.3397104 0.4709785 -0.839069 0.5361318 -0.43530723 0.00598072 0.1674487 -0.049671657 0.29283595 0.42027232 -0.21232013 -0.50780547 -0.45555875 0.56053126 0.27263057 0.3373673 -0.09188398 0.13031566 -0.3061393 0.5203084 -0.07044149 0.13794968 0.3437145 0.31699327 -0.044559944 -0.123379 -0.14120282 -0.020380737 -0.9567682 0.52110726 0.18618716 0.20000619 -0.5809777 0.09044612 -0.08202475 0.12739031 -0.4286616 0.4606349 -0.17966485 0.18589833 -0.48351038 -0.4027675 0.09516196 0.009455463 0.098010816 -0.7943079 -0.101564765 -0.42156184 0.3017658 -1.2326239 0.8002202 -0.10057393 -0.042030513 -0.15490761 0.35852253 -0.3593756 0.08359672 -0.41493097 -0.18918891 -0.0593763 0.431712 -0.3922417 -0.16908838 -0.10425329 -0.11705217 0.113527246 0.25490034 -0.26849017 0.5023747 -0.14210208 -0.0596572 -0.6464017 0.56753427 -0.36549088 0.51770425 -0.3884684 0.30660906 -0.03188435 -0.061350256 -0.24815674 0.14605063 -0.24719563 -0.13939941 0.25001496 0.14997417 0.72018796 -0.13098933 0.044388134 0.29056188 0.43665132 0.91050214 0.069053486 0.2166524 0.01765407 -0.53207946 0.080402605 -0.2031141 0.73745185 -0.06164436 0.26381177 -0.08452193 -0.4590348 -0.10257918 0.3668567 -0.83511853 -0.0868358 0.3406246 -0.32954213 0.56416535 -0.35639018 0.49441585 -0.2470595 0.41452435 -0.24284743 0.47435993 0.15688775 -0.3741083
jordnöt -0.28116098 -0.08971216 -0.10190913 -0.57605934 -0.08838336 -0.073616214 -0.2528671 0.31459108 -0.17931522 0.26806352 -0.024970029 0.51099724 -0.20631608 -0.07870181 0.26000422 -0.49197486 -0.46528232 0.41940996 -0.294567 0.43686435 -0.12084884 -0.17779034 0.73252517 -0.6694807 -0.04042313 0.54627985 0.5653866 -0.1754502 -0.08361059 0.25160605 0.174347 -0.42033738 0.049972624 0.755863 -0.067700885 0.5415551 0.31727475 0.44686863 -0.38255554 0.1663984 0.019542105 -0.24958858 -0.1322431 -0.45700333 0.15460141 0.23117109 0.16670242 0.5296234 0.15244566 -0.10046257 -0.24930435 -0.29006606 0.22780177 0.16532928 -0.20890522 -0.38971734 0.34242436 0.34264815 -0.35423344 -0.5852605 -0.37471086 -0.7647924 -0.08289451 0.5647438 -0.90462846 0.15581332 0.80120397 0.12803492 0.60694355 -0.1768437 0.5232397 -0.52738297 -0.0625408 -0.53994757 -0.38204968 -0.088976756 -0.47271064 -0.40274784 0.9454575 -0.026935805 -0.1940208 -0.08157061 -0.013913279 0.22127272 -0.040733956 -0.44039777 -0.58614975 -0.24001433 -0.020383883 0.51271117 0.30491847 0.038843986 0.11065324 0.36404726 0.064090714 0.32928357 0.35265508 -0.50829023 0.21317191 0.57669836 0.3075547 -0.29793185 0.16074194 0.041229542 -0.07041138 -0.61707044 -0.2220432 0.52219343 0.3276004 -0.5103048 -0.6832046 0.08196697 -0.29525262 0.6125173 -0.1373128 0.4926466 0.008568195 0.2086058 0.06751519 -0.44862428 -0.49213707 0.2023407 -0.24277158 -0.16206844 -0.21197738 -0.35849538 -0.1767802 -0.16228618 -0.073933154 0.79574275 0.16087088 0.08172456 0.2346403 0.095963955 0.07097827 0.311626 0.3959342 -0.33803904 0.19669679 0.026915146 -0.082462676 0.6395621 -0.054493856 0.48886982 0.6626878 -0.17140482 -0.5805253 -0.3955026 -0.14138132 0.14502072 -0.04555862 -0.62102497 -0.4398247 -0.14019018 0.32995102 0.045386404 -0.0006642836 -0.114373185 -0.18946835 -0.052361608 0.24417426 1.0196067 0.289093 0.10133358 0.03953808 -0.39165717 0.37138435 -0.16302693 -0.22317858 0.3996487 0.13078788 0.10577918 -0.030943392 0.6723694 -0.1994939 0.47880623 0.13325723 -0.2799094 -0.72545046 -0.21377489 0.22201529 0.3091649 0.10347658 0.25062546 0.13018012 0.26622745 0.9137638 0.0060276645 0.2676951 -0.22490492 0.46221405 -0.13199712 -0.030931886 -0.11083409 0.38275465 -0.01754717 -0.19981183 0.08642182 -0.49449813 -0.44683853 -0.82443506 -0.64814764 -0.605554 0.15413621 0.26134157 0.50120115 -0.24684821 -0.08407511 0.46434858 -0.11660987 -0.23399618 0.4596448 -0.9057652 -0.46364206 -0.07286827 0.28438222 -0.19131126 -0.70955676 -0.09702051 -0.7935312 0.5148657 -0.26608387 0.44842142 0.29444304 -0.17002635 0.13545276 -0.3968258 0.14152572 -0.79836184 -0.7451428 0.29253194 -0.23315324 0.7825856 0.050868966 0.6934833 0.15697315 -0.64317644 -0.40400523 0.036257055 0.11885476 0.21206242 -0.30905104 0.14051963 0.79007417 -0.6252178 -0.08653535 0.2791927 0.09186787 0.68281007 0.059099145 -0.04818832 0.0718326 0.05821308 0.11083434 0.1812822 -0.08424181 -0.46171188 0.42332903 0.12867087 -0.23610167 0.22694099 -0.0574013 -0.09902807 -0.009477981 -1.0159959 0.48369867 0.035330232 0.21380539 0.002644366 -0.07649991 0.14975378 0.21585345 0.28574482 -0.18793805 -0.026354609 0.054127242 0.06393156 -0.74030036 -0.197504 0.033803403 -0.2296417 0.22618441 0.11985032 0.520496 -0.22501633 -0.7847589 -0.104891464 -0.56288874 -0.20894593 0.22761504 0.40843418 -0.29007822 -0.24381004 0.5332005 0.10100665 -0.12729838 -0.74529904 0.09895839 -0.09152707 -0.3840421
