89 300 
parfym 0.19183484 0.19743209 -3.5361156 0.03001828 -0.83117753 2.322661 -0.19128758 -0.54983 -1.0782295 -0.74383533 0.5605586 1.073665 0.77412134 -1.1410979 -0.8528309 1.2349914 2.3157413 1.2440705 2.711513 0.46220684 0.9951967 -1.0341382 1.3956407 -1.8891128 -0.24649927 1.7888726 -4.3489847 -0.61972696 -0.4257054 -1.1072448 1.5355043 0.45483696 -1.6150512 0.53052866 0.19121139 0.13812186 -1.3809583 -0.25148565 -1.4760618 0.36194003 -0.39749414 -1.6537228 -0.3484427 2.398584 -0.43686464 0.37969568 -2.130661 -2.2104235 1.2631956 1.290068 3.0668304 0.53467184 3.576382 1.4307394 0.49154854 -1.7116194 1.1224535 -1.2471244 -0.9536028 4.120863 1.8800108 0.2851209 -1.5847833 0.6276941 2.2381155 3.1187353 0.36574584 -0.8922107 -0.57608986 1.0597589 0.8720464 0.80922854 -0.25722492 0.76717895 1.1616439 -0.14282611 -0.8866715 -1.8587333 -2.3846211 0.67223734 0.6178465 -1.2689158 0.71016014 -0.21557327 0.5420912 -2.9082634 -1.867085 0.021721805 -0.41609478 -0.5185691 0.43936074 2.048758 -0.031086793 -0.82325697 1.7556678 1.2352529 -0.44441083 0.3060552 0.54499876 -0.14341666 -0.11444267 0.004700474 -2.0852962 0.5951867 -1.4328264 -0.71012837 -0.8927062 1.5080769 1.6270747 -1.864086 2.1351292 0.045292716 -0.7449463 -1.8923718 -0.14480697 1.0679826 -0.10946922 -0.69526577 -0.69982296 0.13064443 0.096021265 0.7706567 -1.6793994 2.587198 -1.2092404 0.4332653 -0.35930327 2.141112 -2.3151038 -0.88952744 -1.9843193 0.13718988 0.384994 3.368537 0.49734807 -1.345913 1.4107836 -1.1653345 -0.42843705 0.92981887 0.72039384 2.1461902 0.9219706 -2.8171124 -0.75308794 -0.55303943 1.5480534 2.3825173 -1.9575889 -0.6909161 0.61711985 1.1107503 -2.4452255 1.0455365 -2.0478678 -2.4550931 2.2746146 -1.0651691 -1.4789613 1.1415035 0.31124124 -0.30811036 0.28630945 -1.8626417 -1.328637 0.16846003 -0.54001147 -1.4100406 -0.5012315 0.4378078 -0.43654072 1.7258649 1.8764662 -0.16758277 0.93540895 -1.6833099 -0.12124227 -0.8595314 -0.28385353 -2.5080266 1.128257 0.5492707 1.1589043 0.8708774 -2.161213 3.577122 0.5476851 -0.62255645 1.5029098 -1.8213868 0.4108634 -0.4803184 0.33987266 0.5201934 2.607736 -1.3141234 -1.2464231 -2.119369 -1.6620076 2.1513681 -2.1763873 -1.50832 -1.8659791 -0.63600725 0.61165583 -0.8077285 -0.3255684 -1.8365614 -1.5271522 0.2124617 -0.102727875 -1.5132898 -2.3936274 0.6572475 -1.4207376 1.6432861 0.5287274 2.9448583 -0.53038687 2.5727613 -1.206078 -0.88601667 1.646742 -0.4473496 -0.45378315 0.13055138 -1.8794913 -0.7715663 1.7666023 1.0782996 -0.08074992 -0.9595413 1.2459394 -1.7257311 2.0552158 0.33962718 -0.098469295 0.5367002 -0.17616178 1.5157993 1.9289328 3.785822 2.381376 -1.7458174 2.3379467 -0.38377297 0.31944332 -0.30149436 0.96197534 -1.0225704 0.09198276 -0.38831398 -0.69430155 0.8792754 1.0650678 0.57074076 1.2999636 0.082085356 -2.862089 1.2791237 2.0143082 -0.310699 1.4466552 -0.8108343 -1.096463 -1.1505702 1.5998919 -1.4336835 1.2159042 0.08061579 4.2437463 0.022663856 0.034507874 0.9976881 3.5012252 0.49874103 -2.552278 -2.0092041 2.8443635 -0.72889006 -0.29807013 -0.4634515 -0.48050538 1.3754858 -0.046999022 0.16905378 -1.2877134 1.6282529 -0.7316922 1.2002667 -1.6642715 1.0241588 -0.3860448 0.5999742 0.51557684 1.3889439 -1.6863569 2.0129929 -2.7515595 -1.5371187
vanilj -2.1702812 4.018098 -1.178923 1.548418 0.9621327 0.27946022 -0.58291596 1.6244848 -1.4360317 -1.2662023 1.2672813 -0.509902 -2.0751 1.0164089 -2.2785993 -0.10205832 0.98911273 0.05994151 -0.3266473 0.021538183 -1.1431473 -0.70451224 1.1734585 -0.74194753 2.4100277 0.7056963 0.16629896 -1.5147618 -2.9161587 -2.2126968 -1.1184528 0.0024666481 -0.5116595 -2.4277956 -0.57627416 2.4908605 -0.942006 1.4892126 -0.13747936 1.1283741 -0.8701652 -2.4668233 0.6983373 1.1177758 2.068495 0.9291598 0.17887999 0.65905493 0.19363753 1.1969931 1.2935883 2.124607 -2.5334778 0.14208284 1.9105861 -1.0580189 1.1192583 2.272031 -0.7479184 2.304908 0.44820553 -0.17848505 -0.79209083 0.2463224 -0.40231574 2.4705832 1.3407362 0.7305051 0.9216021 0.11592113 1.5874994 -2.640309 -0.7117081 0.31649882 1.1377584 -1.4080515 0.015000264 0.31144953 2.2056453 0.76597434 -0.64382625 0.48546675 -0.12395068 -0.9792714 0.026538536 0.53146386 0.23975122 0.21468236 -0.052003507 -0.21725601 -0.9789148 2.2165775 -0.28001702 0.45326617 -0.5533571 2.1416535 -0.66680133 -0.19724162 -1.5310342 -0.40106148 -0.65493214 0.25266236 1.2082764 0.47184572 -0.5869554 -0.74011284 -0.48592278 -0.6456107 1.9460105 -1.5671374 1.9580307 0.2630986 -1.0780017 -0.06843999 -0.29870027 0.78423995 2.4918916 0.62106186 0.7519763 -2.3503113 -0.3173108 -0.95228684 1.1122869 1.5316616 -1.4281489 -1.4079152 -0.6701132 -1.1364955 0.15646413 -0.018909058 0.80576485 1.532062 0.39308545 0.8039715 0.9180335 -1.5572783 1.0908667 -1.114056 3.0507503 0.6277892 -0.1681604 0.09863172 -0.69817036 -1.1086019 0.8236898 1.6515913 0.0096107535 -1.0535978 -0.831578 1.4279344 0.66040903 -1.762047 -1.3786905 -0.40621385 1.8162411 -0.20435153 0.78030205 1.5219857 1.0617752 -1.0183945 2.2680945 0.48070294 0.00786591 -2.946024 -0.5412467 -0.45431536 1.265328 1.1127183 -1.9181875 0.78932863 2.1229873 2.4139993 0.7678339 0.42563316 0.10987692 -1.5570446 0.102326505 0.97222984 -1.4837518 0.30408433 1.582736 0.13467748 1.2925341 0.91171974 -0.90679663 -0.7054293 -0.8360305 -0.9044709 0.06160929 0.28132692 -0.14584023 -1.9261729 2.497621 -1.5189157 -0.57698005 -0.93380785 -0.7736876 -0.07307434 -0.78379935 -1.4046699 1.3695803 -1.9142911 -0.099936955 -0.9662392 1.4761672 0.795715 0.8438026 -0.5041543 -1.2221953 -0.56968534 -0.49632332 0.06960208 -1.7987226 1.1288323 -2.5815308 1.6164426 0.12219528 1.4151272 -0.3401884 -0.06603574 -0.2345735 -2.467883 -1.5406935 1.6475452 0.53089917 -0.6157753 -1.7013859 -0.6208262 -1.3258795 -0.31328163 1.8631357 -1.4750996 0.19392869 -1.3228896 1.1219167 0.5740622 1.3244877 -1.1206088 -0.17249392 0.25642028 1.1704789 2.025547 1.7994413 1.1270077 0.19793737 1.9383761 0.34916833 1.9120134 1.8555807 -0.9874864 0.068626374 -1.56814 -1.3435619 1.423152 0.16852675 -0.3234759 1.2011003 1.786004 -2.8342156 -0.31589898 1.0179313 0.5532971 0.10538606 -0.96396095 -1.1173903 -1.8479183 -0.2044897 0.0036117795 -0.43225843 -1.2463814 0.0056401175 0.17458501 -0.33521703 0.68762445 1.8853384 -0.8272643 -0.800508 -3.749814 1.155918 -0.9598164 -0.15983154 -0.22605826 -0.019445498 1.5016686 -0.18089636 0.69972247 -1.4480759 0.48703742 1.00628 0.71742374 1.6944537 -0.294753 0.53923357 -0.5482092 -0.674809 -1.393319 -1.626925 -0.47964075 -0.42781907 -1.5418813
rök 2.0736492 -2.405222 -2.0529938 0.38825786 0.7749298 6.004684e-05 -0.27881327 0.44587785 -3.79003 0.034487605 -0.23528463 -0.4018006 0.89839524 0.027429512 -0.32779086 1.2854171 1.8413081 -1.4972923 -0.24086036 0.09273631 -0.37354493 1.2599384 0.2788724 -0.4338652 -0.72003144 -2.1168492 1.1810384 -0.5426093 0.86474794 0.75037086 2.0032494 -0.005371516 -0.047346834 -0.69654197 -0.8796459 -0.41172758 2.0005713 -2.2159905 0.5908581 -0.845664 -0.5982734 0.01622007 0.28294927 -2.3741362 1.3475597 1.378579 -0.03991456 1.0979929 0.9897256 1.1392628 3.3597367 -0.70192194 -0.078895554 -1.6723028 -0.59432214 1.0153165 1.0604198 0.41688442 1.5152993 0.70118946 -2.1308064 0.52415127 0.52720743 0.9283963 -2.795437 0.12401888 -1.4836316 -0.47874165 0.63469917 -0.13182047 -2.1425896 -0.46086952 0.17980443 -0.5856374 -1.6679652 1.1885039 -2.5174568 -0.48427165 -0.107821345 0.070734516 -0.063420475 0.012508232 0.11076083 2.6136272 0.65631497 -1.3957825 -0.6144163 0.9857275 1.4757594 0.3718808 0.8577129 0.32605892 1.6084543 -0.6488891 0.73294014 3.0813642 0.7295723 1.1668586 -1.7905058 1.6801223 -0.4193751 0.47960445 0.79116327 1.3797433 1.0490361 -3.4196696 1.8714712 -0.08527702 -2.4717124 1.0740656 -0.6150438 -1.1663501 -0.038083248 0.6961385 -1.0716648 -0.18302871 0.076074466 0.38857225 2.459249 0.5939902 -0.4914908 -1.3714561 1.183069 0.41773286 0.57274926 -3.0287545 0.4916065 0.65676004 2.001675 -1.176482 0.6202092 0.5911874 0.8041074 -0.8152211 0.9771649 -0.18338083 0.03704097 1.6674798 -1.693691 -2.0920486 -0.978673 0.2645552 1.1849928 0.33373925 1.5193342 -0.10008094 -0.5705185 -2.1674197 -2.1462538 -2.6058915 -0.9212868 2.3900461 0.104991026 -0.35351023 0.5172908 -0.5665624 0.57666695 0.17297544 0.98236394 0.4267727 -0.8529318 -1.931299 -0.20240003 0.4431027 -0.450701 -2.0632935 1.3357173 1.014553 1.6959192 -3.0925694 -1.2246075 -1.601781 0.5278605 -0.2383662 0.17320617 -1.5378364 -2.831704 -1.4397161 -1.1769854 1.856134 0.8505992 -0.0351146 -1.0819255 0.3515036 0.8046555 2.8279006 1.3652627 0.35816982 0.49144945 2.4043314 2.0219467 -1.0947675 -0.1508819 0.6110757 2.541185 -2.659142 2.2264326 1.0278242 -0.53768396 0.908079 -0.31130505 -0.94729805 -2.3727844 1.5307989 1.4084661 1.1314527 0.45320615 -0.08064161 -0.3813302 -0.58679676 0.12625739 0.56618273 -1.3152052 0.4018351 1.6470231 0.29171544 -1.9624665 -4.2603974 -1.7205232 0.18097854 0.7629137 -0.027357502 0.4977427 -0.35197 0.45344022 2.6018612 -0.6994388 -1.4503906 -1.1110373 2.1291351 -0.98778164 -0.7174344 -1.7569722 0.22120287 -0.024859482 1.0666987 1.989435 -0.2930361 -3.3269207 3.165819 0.3565121 3.011102 0.0652265 2.0240886 0.27010012 1.2845116 -1.2662196 0.23761591 -0.2858448 0.6101277 0.44717413 0.9847191 0.28890747 -1.5241177 -2.2229605 -2.522344 -0.65260786 0.9928478 -1.6437063 1.8402017 -1.1658975 1.183185 -0.03248984 -0.47233528 -0.17893377 0.7432497 0.5367807 1.7104719 1.8851442 -0.6216377 0.35289955 -1.6110048 -0.38125506 0.63251936 -0.6410494 -1.0586649 0.17347036 -1.6181979 -0.959336 0.3494603 0.25303861 -0.26611307 -1.3400943 0.8052639 0.8205664 1.5494341 -0.050918058 0.09830349 3.1004066 0.8973664 2.5769446 0.124890596 -0.18275118 1.1231813 -1.8274155 1.8545597 0.70261765 -2.1784573 1.8229928 0.1833348
kaffe -0.3701492 1.97747 -1.4439532 0.5448869 1.0187477 -0.2810581 -1.4742295 0.4750726 -1.4596752 -2.5492024 2.067606 -0.99933994 -0.47271615 -0.81232595 -0.7248643 -0.13099192 0.90495706 -0.85354185 -0.64852977 1.2559179 1.7018793 0.13692296 0.9827481 -0.17630625 1.1791381 -2.3120081 1.4709529 -0.9088896 -0.56626254 -0.22666904 -1.4420722 1.0014462 0.7796314 0.018964162 0.22526175 1.5679656 -0.31567603 0.7814539 -1.8515686 3.4823442 0.4729013 -0.9017605 -1.5107121 -1.0320544 1.6691566 1.405427 0.8230456 1.5794199 0.8531896 1.0329747 -1.3532882 2.2916384 -0.16618009 -0.6766616 0.12820442 0.73482555 -2.5773368 2.4364173 0.8298991 1.477555 -1.2982571 -0.6427757 3.2978413 0.8737629 0.6810344 -0.6894205 1.90955 -0.08546819 -0.8008756 1.0995811 -0.86629933 -2.4056723 -0.53961414 -1.4064989 0.28946456 2.094956 0.56473976 -0.29107752 2.0083127 -0.3593346 0.36282364 2.4311967 -2.2789533 -1.3199469 -0.29686114 -1.0089644 0.8857811 -0.5298753 -0.36330926 -0.51408064 0.82909554 -1.457174 -0.28873268 -0.06729413 -0.7144568 0.892996 0.5386566 -0.42185488 -1.6528419 1.207245 1.3908702 0.18804473 -1.2941041 -0.071889415 2.4912503 0.33594275 1.5448941 -0.7995885 0.3712409 1.6997439 -0.25018504 1.3614478 -0.46759665 1.469206 -1.7819426 1.7946401 -0.8342879 -0.715128 0.44749522 -0.18655641 -0.5864702 1.8615985 1.559589 -0.13997209 0.1993565 -1.2311894 0.29320925 -0.21679524 0.7189061 0.91545814 -0.52670175 1.939899 2.4215727 -2.4982162 0.57258993 2.0843565 -0.44054383 1.2753984 0.25553635 -0.47266153 -1.3111682 0.67982596 0.37569314 0.27801526 -0.7645896 0.39985603 -1.4407496 0.42922667 -2.094634 -1.2206143 0.6253778 1.1084883 0.44680038 -0.3638906 0.04017784 1.2607782 -1.6848599 -0.158448 0.28418934 0.27146918 -0.0714743 1.0794517 -0.82529074 0.29777223 -0.32747942 0.22777303 2.3057683 0.63865685 1.3153338 -0.871355 0.017359683 -1.6163985 -0.22437702 0.95881426 0.85232687 0.5334131 0.4831515 -0.06387349 0.3466152 1.2326064 1.7146018 0.21249475 -1.0579653 0.6945921 -1.4068565 0.56511533 2.9171472 -0.59083754 -0.7218767 1.2849131 -0.39545736 -0.13977765 0.5349708 1.374366 0.9606856 -1.7157507 1.3759446 -3.5009656 -0.02511331 -1.3035119 0.60048074 0.17178908 0.29590884 -0.060629115 0.98050886 -0.89109147 -0.056737226 1.5286871 0.8387745 0.95929396 -0.20103008 1.3155907 0.32788423 1.7551394 -0.8218852 -0.6379505 0.39240494 -0.5537954 -0.67689407 0.9801194 2.3291228 -1.860062 0.1562612 -0.11162098 -0.96160597 -0.10856446 -1.8084852 -0.62937164 1.6257998 0.118310824 1.0716642 0.5219689 -0.7692571 -1.1642046 -0.024473391 2.3193655 0.73461944 1.5039984 -0.038815968 0.44846645 -1.7903304 -0.41901574 1.3334918 -0.19996981 -0.40484762 0.595656 1.042077 2.8707838 2.1769037 -1.273924 -0.4037788 0.43404552 -1.3740326 1.4485583 -0.14823927 0.3363769 -0.6441655 0.98386973 -2.027962 -0.93779916 0.7662164 -0.23333187 2.0319812 -2.1486394 -1.5772498 0.0008526321 -1.2737806 2.333795 2.1270368 -0.89277387 -1.1174272 0.9451412 -1.2651573 -0.6297654 0.732739 -3.3139548 0.54703647 -0.8233412 0.0059566726 -0.00082672597 -1.0176742 -0.7236804 3.074697 1.6771603 -0.65896106 0.007583137 -0.72975063 1.3239487 0.96597517 2.8676836 1.0696179 -1.1146466 0.54648185 0.570375 0.15530606 -2.7485564 0.2400853 -0.43964502 0.80315584 0.5425373
choklad -1.3220605 3.715202 -1.4144244 2.6192026 0.780241 0.4680361 0.12780797 -0.28380582 -1.2121897 -1.6804689 1.4089242 -1.0084903 -0.7942403 1.5929193 -0.49493104 -0.040731855 2.062589 1.2748585 0.39649048 0.25253892 -0.31042203 -0.8952874 1.4917045 -0.066206 0.3113776 0.56797105 -0.12774765 -0.9969355 -0.5123747 -1.0854118 -1.0237063 1.1613624 1.0551356 -0.6562257 0.73857486 1.1396192 0.39208066 1.5815108 -0.7170259 1.7830414 -0.9278854 -2.0310328 -0.39835787 0.40127125 1.456355 0.30137882 1.8568858 0.70877373 1.2827346 0.8279918 0.9088999 0.7195488 -1.8704082 0.28701457 1.4023386 1.4017918 0.18757309 0.3994768 0.615164 1.2752799 0.6149986 0.5348455 1.4931421 0.590467 0.24689555 1.420203 -0.21171786 0.3978646 -1.260682 0.4622912 -0.013705575 -2.7303605 1.568151 -1.7548996 0.45657292 0.6656133 1.2431813 0.38791683 0.47956258 1.5894313 -0.21221039 -0.22730105 -0.0572205 0.007953477 -0.750345 0.630855 2.6452477 -0.3042184 -0.4816726 0.7202743 -0.4490807 2.6118295 -0.09553085 0.32326975 0.6521003 1.0805606 1.2931418 -0.56293935 0.12849121 -0.5247937 0.1464258 0.79726815 -0.020991838 -1.8013868 0.3538365 0.9103671 1.6605959 0.09229872 1.0036736 0.19342782 0.60195035 0.7353395 -2.2117224 1.1691386 0.41083753 0.9010578 -0.4977277 -0.45846313 1.5310469 -1.6865076 -0.19340384 0.03854441 1.7118016 0.44295645 -1.1319786 -0.72237307 -0.29190192 -1.2161779 -0.7844292 0.85671854 0.6715749 1.731008 0.26612628 -0.36157393 1.1853163 0.29718763 1.4514588 -0.123934895 3.6914666 0.094830416 -0.56179285 1.060088 -0.88942564 2.037554 -0.6854128 0.9365788 0.7452884 -2.4283934 0.12840472 0.456617 2.045235 0.480179 -1.7029116 -0.36767676 2.4640882 -1.7499428 0.40951306 -1.265973 1.3308053 -1.1256557 3.1961367 0.8322982 -0.102495044 -1.8279703 -0.086642094 -1.743414 1.8842319 1.4473065 -3.0387275 0.998636 0.92554265 0.81084853 0.13461882 -0.13496055 0.5168754 -1.1274722 0.8517447 1.5577455 -2.1206517 0.4608963 1.6515925 -0.23894024 0.31710285 1.2056532 -0.6823396 -0.93158805 -1.9616195 0.15586455 -2.2472112 -0.33548635 -0.0693992 -1.1000404 1.8885498 -0.8227835 -0.077351205 -0.58744454 0.78704333 -1.7169757 -0.3471775 -1.1909051 0.3754151 -1.4731734 -1.9465919 -1.6995705 1.2886689 -0.2970334 0.7128466 1.7050178 -0.26600942 -0.5581695 0.57167363 1.0395283 0.23229225 -0.81940943 -1.0344936 -0.047308885 0.9788274 3.029277 0.44227555 1.1949563 1.1052457 -1.4771945 -2.2993858 0.8407884 0.36875352 -0.16503133 -2.127982 0.94412607 -1.083653 -1.1497339 -0.7169701 -0.5610014 -0.616632 -0.28873503 0.7120173 0.95566183 -0.59296334 1.1506058 -1.7710819 -0.5572003 -0.6661774 -0.14589664 1.1989777 -0.38080332 -0.023958098 1.1084156 1.3632358 0.59708977 1.0866643 0.7999819 1.8693126 -1.4773986 -0.3279699 1.5195754 -1.7649148 -1.4692007 2.6985164 2.4462729 -2.2174149 -0.4739146 -0.16566253 0.11550737 1.6546323 -1.7549417 -0.20145956 -0.32357264 -0.29263997 0.3167449 -0.2608564 -1.7235048 0.22598037 1.7139096 -0.6660672 0.70231736 -0.59834194 -0.7729557 0.08558181 -2.0181363 0.50258803 -1.61805 1.4505088 -0.89340794 2.7572844 0.6754566 -1.0561808 0.53528696 0.1273086 -0.81361693 0.83783644 -0.8660191 0.85364795 0.07820582 1.6385365 -0.4796097 0.44383082 -1.145301 -0.8118077 -0.27090028 0.768549 0.21878839
vin 1.8033322 1.2677406 2.4883504 2.2816782 1.4524953 -1.377147 -0.63890666 1.2859088 -0.68641776 -0.87700754 0.30215937 -0.24172002 0.38198242 0.8325991 -0.15236196 1.1825145 0.5708508 -1.3985863 -0.40689215 -0.22321284 0.8117477 2.8192356 1.6729466 -2.5221565 -0.3438178 0.58421904 0.9046514 1.1340944 0.00851864 -0.99390125 -0.46416625 1.6385792 -0.078631066 0.087825485 0.0054058125 1.5479168 0.9742785 1.4997711 0.7302864 -0.979547 3.2904572 0.37654844 -0.61756897 0.48177138 0.13052529 3.330805 -0.96556175 1.949382 -0.43851402 0.27407268 -0.36125162 0.39040956 -2.4854717 -2.6716647 -0.24593066 -1.6278598 0.91127104 1.6080772 -1.1677493 -1.7277805 0.9750394 0.5778715 1.8363998 2.0941305 2.3491697 -1.1653357 -0.43762037 2.0296698 -1.562818 0.30802903 -1.162101 -0.32285473 0.002972978 -0.1318119 -1.3104179 -0.4778164 0.8363515 -0.14314239 -0.7972686 0.014514363 -1.756501 1.9650624 -0.030540114 -1.1277354 -0.347819 -2.4688706 -0.5790148 -0.26081124 -1.51407 1.1102808 2.3226905 -1.2658393 -1.109532 1.4302447 -0.5521624 -3.0055084 0.94378924 -3.6529415 -3.407993 0.14996435 0.09792787 -0.117961116 1.5758717 -0.115595885 -0.4820681 -0.3626279 0.5191681 -0.4918032 1.1291227 -1.4539844 -1.0363868 1.5874364 1.1042141 1.7482667 0.73043036 0.18365444 0.5126872 1.4910938 1.3548224 0.1825899 -1.5442847 1.4600468 -0.952968 1.2262998 0.98450553 0.7594807 -0.38083035 -0.7597608 -1.0504416 -2.6510503 -2.7874117 0.39212152 -1.6349167 -0.65067637 2.0362458 0.7679588 -1.1904161 -1.6894822 -1.9272038 0.49468818 0.49732828 1.2791213 -1.6735723 -0.24653274 -1.2647799 0.8871216 0.88797563 -0.6613052 -0.56558186 -0.86381316 3.373141 0.090779334 -0.84356487 0.42284498 -2.2808797 -1.214834 -0.8556567 -1.3097973 -1.4290715 1.3708862 1.7803138 0.89565945 -1.0576344 1.4005426 -1.0431195 -0.849467 0.1582369 0.707913 -2.4664538 0.6671927 -1.2225262 1.6759744 -2.282899 0.401846 -0.5263712 0.81814724 0.08152311 0.7347761 -0.2653105 -0.13476877 -0.13687728 0.71802247 1.0239794 -1.334485 -1.545635 1.339254 2.0019336 0.29194954 1.0914177 -2.29137 -0.17282552 -2.327594 -1.3883832 -0.88683295 -0.14524786 -0.70469195 -2.3977888 -0.28897282 -0.59420097 0.33681723 -0.28296924 0.3035389 -2.1559815 -0.59318346 0.015666174 -1.2410516 -1.0440718 0.018981704 -2.73965 1.6127809 0.1977937 1.6127594 -0.86771107 0.4836713 -0.21604031 -0.20293811 -2.413158 2.0493486 -0.7929406 -3.1465464 1.4957548 -1.7820535 0.2148896 -0.9173953 -0.9041237 0.36995345 -0.87417686 1.9175699 -0.90551686 0.17352583 0.5740424 1.3789716 -0.34482333 -1.1270667 0.1795076 -1.3636059 -1.8394156 1.7519393 -3.1087089 0.602284 -1.4845057 1.2701751 0.73314273 0.6268565 0.21503948 -1.2851104 0.60532564 -0.7771663 0.441182 0.54520243 0.16790403 2.8410897 0.9425471 3.12548 -2.8430588 -1.3743118 -0.6377903 0.26390794 0.39692983 -0.51197445 2.2218559 -1.0782639 3.073804 -1.847504 0.44969866 -0.083605714 3.5130556 1.3494685 3.578401 1.4547743 -2.587072 -0.8743229 -0.7106763 -1.5485873 -1.1146865 -3.1125324 0.55361706 0.33455727 -1.0581491 -0.14420798 -1.3110142 -0.80329674 0.31647214 0.45833662 -0.28582785 1.2599581 1.058222 0.514139 1.666 -2.0786154 -1.0732961 -3.287437 -1.914421 -1.8501494 -0.9507425 -0.66563624 0.82067746 0.74312675 -0.18180595 -0.8367327
gräs -0.93135726 0.14248942 -0.9166586 0.40427318 1.2477932 -3.1761386 2.040459 2.093084 1.5564953 0.7619608 1.6257957 0.93847394 -1.1089873 1.4179803 2.0716517 -1.4485047 0.9211715 -0.06687853 0.7404725 -1.1141822 -2.498165 -1.9450874 2.750813 -0.15985352 -1.3337184 -2.1432595 1.2702532 -2.718204 -1.0258429 -0.8445904 -2.441973 0.4331846 0.041749943 0.4168498 -0.1465299 0.56098914 -0.8383008 -0.024536291 -1.7813753 0.9478925 -1.3087101 1.9496704 0.19185078 -1.4453391 0.49877444 -0.4380414 1.5279759 -2.8013222 0.33412227 -0.6789189 -0.55330366 -0.9060139 2.8530815 -2.3882208 -0.84295994 0.9420924 -0.570051 0.13475384 2.4102821 -1.0751599 2.7169213 0.3558593 2.7169409 -0.0327061 -0.51424426 -0.523577 0.4858602 1.0668467 -0.873525 -0.23748162 -0.9670554 -1.204864 0.7562593 -0.61545926 2.4927707 0.9345511 1.6602631 0.16835026 1.6585597 -4.487591 -0.8802339 -0.6231058 1.182211 1.5056169 -1.5423265 -0.6782496 1.5446151 -0.266745 1.6393656 0.34585574 -0.65904135 0.58902633 1.482647 -0.89336246 -0.8289354 2.0971942 -1.6278002 -0.9793526 -1.4869262 0.7211116 -0.5227283 -0.58012074 -0.13204347 0.027397683 1.1675017 1.9349704 1.2431983 -1.3824908 0.86695826 0.72002214 0.14350018 0.9798991 -3.3228543 1.1019396 -1.006022 -1.672511 0.0860204 -0.40564072 -2.2989717 -0.7319424 0.36613858 2.02927 -0.059142128 -0.21958065 1.1679152 -0.36999843 1.6741676 -0.2972885 0.3253534 -2.4710486 -0.40152115 0.24566986 1.3364099 0.04914254 -0.14296877 -1.8426939 -1.7067317 0.7367978 -1.7592497 0.936239 2.2557523 0.17782106 0.55047154 2.6928 -0.4988654 -0.37795588 0.008928838 -0.8198129 0.18302093 -0.57886153 -1.1695956 -0.6915236 -1.5050685 0.010608893 0.008457107 1.4834578 -1.7926831 0.094114654 0.76663995 0.6142129 -0.25553936 1.7118101 -1.6776848 1.3809189 -0.19626899 -1.5120056 3.2414973 0.24456792 -0.53281236 0.42926842 0.8424225 -1.6722909 -1.7952877 1.1453332 1.0772676 1.0754579 2.534004 -1.0125273 -0.43514398 1.7374692 0.7928482 0.3117491 0.68229556 -1.6660739 -1.3942631 -1.1884575 1.2927115 -0.16490774 -1.3621534 2.2369962 1.198243 0.9441109 -1.1331484 1.450209 0.12520775 -0.5447233 2.494599 1.8184978 -0.87221533 2.5461314 0.64371294 1.099621 0.11271397 0.86487275 2.5123217 0.79935074 -0.08296172 -0.8341912 -1.5458064 -0.2402934 -0.258945 0.469344 -0.61389387 0.23415482 -0.05066304 -3.0093317 -1.2977892 -3.2728305 -2.4861612 1.7775131 2.085682 0.8410303 1.1820351 -0.34953353 0.33439165 2.2429419 -1.3742323 -0.852085 -0.20366411 0.074840695 -1.902586 0.6005251 1.5243118 -0.5537924 -0.5953922 0.7484623 1.6910158 -0.8222284 0.9712672 1.5378221 -1.2391422 -3.2762184 -0.19753689 2.0371702 0.96376145 -1.0589145 -0.48110625 -0.844896 -1.0583841 0.6873636 2.024052 -0.30595374 1.2056885 -0.7064503 -1.5505081 -1.9634275 -0.21121043 2.5767775 -1.6725793 -1.3954262 -0.4256379 2.8937714 -0.38156137 -2.2790592 0.7464001 0.4669166 0.5910717 1.1969428 1.5789555 -0.042120043 -0.0312111 1.0691245 -1.2110945 -0.4475772 -1.0402927 0.3991691 -0.046907224 -2.1182778 0.48687708 -0.32834297 -1.8621792 -1.0112553 0.22682917 -2.1792352 -0.9243015 -0.9921725 -1.3437797 -2.0069625 -0.56016976 -0.3388343 -2.2271657 0.63482624 -2.2465038 0.52041215 -2.6359038 -0.26017746 -0.026857039 -0.49253622 0.4438409 -1.4257379
ros -1.1929307 2.1552854 0.25319073 1.4017186 0.38699946 -1.1559848 1.8237514 1.3129073 0.82080907 -0.38565615 -0.44591448 -0.45603737 0.33090296 0.56288713 -1.0399277 -1.0894051 1.194625 0.11589815 -0.15537396 0.07985712 -0.4381329 -0.7081243 1.2165082 -0.870816 1.9951236 1.7785412 -0.30956548 -1.5476096 -0.32494897 -3.3029127 -0.9396793 -0.37891883 -0.46860313 -1.0983369 0.84739715 0.021006558 -0.22749548 -0.3574347 -0.46477762 -0.27339286 -0.5203097 0.002176533 0.3394369 1.5009097 -0.22742106 0.6176227 -0.9304853 1.2621216 -2.4451916 0.6648641 -0.78710383 1.513986 1.032119 -0.025507547 0.8772375 0.8165296 -0.33920404 -0.053003106 -0.965032 0.3762935 2.4859128 -1.0329002 0.049039487 0.6146129 -0.069864005 2.6725929 0.2926036 -0.060936734 -0.022775121 -0.27827445 1.4909914 -0.7289027 -0.2514199 -0.10057253 1.6791592 -0.52986896 0.23548093 -0.7270058 2.2765133 -0.2012142 0.23586129 0.0818211 0.20400366 -2.4898934 -0.8737526 -0.5058978 0.113717586 0.85745496 -1.5531485 -1.3285891 -1.0266706 1.253212 -1.4987053 0.4854339 -0.045034602 -0.6201258 -0.38028175 -1.2089452 -0.6501836 -0.027646331 -0.4688212 0.14662357 1.949232 -0.8785184 0.84564614 -2.6249962 -0.17034657 -0.120673485 0.04349721 -0.16214041 0.12352729 -0.95843685 0.3896679 -1.2710242 0.6991664 0.45977017 2.807846 1.0947943 0.19634394 -1.2639341 -1.7133508 0.33491966 0.14592695 0.67241186 0.77742565 0.44422138 -1.2207398 -0.9988202 -1.8785751 -1.494964 0.2942625 -0.53209215 -1.8079408 2.2643993 1.2287656 -1.5873791 1.9408711 0.17029673 2.1331742 1.8656552 1.2934996 -0.75311744 0.67471015 -0.57470864 -0.15887584 0.06359263 0.4765402 -0.35898077 0.9877307 0.17333163 1.3226885 -1.2351594 -0.29541606 1.4362706 -0.18054537 0.84130657 0.9620779 0.5391129 1.185714 -0.6504685 0.6116751 0.59013504 -1.1073372 -1.1297743 -0.62772596 -0.008642743 -0.29575163 -0.3732941 0.1465875 1.8497423 0.5354587 4.3934627 1.0287735 1.4154443 -0.23605758 -0.87301654 0.3921219 0.5704911 0.33420435 0.43302092 2.3124716 1.23734 1.1432824 0.300899 0.3072713 -0.24523205 -0.6159871 0.13640271 -0.2939362 0.95779693 -0.23109585 0.43155125 1.6387639 -0.7069283 -0.9876155 -1.4615184 -1.1280062 -0.96880674 0.93197256 0.44894367 1.5379189 -1.3698893 0.50495195 0.5505983 2.3689144 -0.22263126 1.1900933 0.9258681 -1.1392928 -0.840393 0.3187768 -0.008652099 -1.4576359 -0.8089707 -1.2379414 -1.5356511 -0.37616205 0.8915406 0.64695203 -0.5864702 0.56850886 -1.1684005 -0.28675225 0.41648507 -0.9660722 -0.18631312 -0.70093346 0.40703005 -1.9072477 0.660849 1.6844091 -1.120968 1.8058622 0.20688987 0.67327225 -2.376775 -1.5173817 -1.2134705 0.56771535 -0.88574725 -0.40188786 1.7101635 2.3847017 0.61695904 1.5413176 1.0718387 -0.34437066 1.2767732 -1.3189288 -1.0127095 1.2526889 -2.9070578 -1.7575793 -0.3149388 1.0570178 -2.352283 0.52446973 1.2541189 -2.0209448 -1.7462995 0.3941226 1.0393373 0.4270501 -0.5515586 -0.514656 -0.6621591 -0.5046838 0.013280049 1.1511073 -0.2656665 -1.0231856 0.10953393 0.9577834 -0.4125836 -0.27623236 2.0252986 -0.88748497 -0.14703844 1.9112594 -1.724535 0.121976115 -0.061216462 -0.35025993 0.17287341 -0.47224623 0.76884407 0.27764282 0.24673232 0.4409893 0.7242943 -0.65067226 -0.45651963 0.8879088 0.7075502 0.1984174 -0.12415276 0.2186698 0.46232834 0.028413076 -2.0493615
bröd -1.7657086 2.6060357 1.18238 0.20202298 1.1532696 1.7616621 0.25121832 1.1939744 -0.88847667 -2.5854151 1.2365497 -0.15259466 -1.0793012 0.57469374 2.4782972 -1.9883869 0.009021154 0.78989047 -2.0027142 -1.248951 1.5126853 0.47748226 0.55678654 0.19980615 -0.6513737 -2.7391372 -1.0579014 -1.088545 -1.4440563 -0.3261876 -0.35161084 -0.18818206 -0.056986824 -0.46619648 -0.01635723 -0.12024013 -0.23489697 0.24516058 0.3029873 0.12812929 1.9412664 -1.1406407 -0.6164043 -0.48591104 -1.0198369 0.7482019 1.410402 1.0150219 0.20826241 -0.1446675 -1.8856937 0.0040849308 -0.28381726 0.6666504 0.89118886 -2.2273726 -1.2129027 0.004507793 2.8068144 1.0589027 0.5580514 -0.42529222 1.2096826 0.5463706 -0.15529387 -1.0448266 0.80335385 1.2761197 -0.6767477 -0.04772729 -0.013900732 -2.1131647 -0.39911765 -0.49732554 -0.27181458 1.0350418 -0.49485663 0.22096714 2.4182045 -0.78676844 0.16298245 2.8937 -0.5183323 -0.30084872 -0.17762883 -0.6682099 -0.16418925 -1.8738724 -1.3801317 -0.7596345 -0.49728385 0.070329204 1.3701135 -0.19834235 -0.9466872 1.0527476 -0.10561992 0.8019178 -1.6087824 1.7277852 -0.31237772 0.7873381 -1.5015272 -0.9726499 1.5081018 1.5435665 0.083632424 -0.7775053 0.053227425 -0.66812223 -0.7359259 2.4122648 -1.0111564 2.6330187 0.8075558 0.51881146 0.444198 -0.24836771 1.3243865 -3.1318977 -0.9763699 -0.85825586 1.1038498 0.36311814 0.41804278 -1.8803785 -0.47279677 -0.37132838 -0.15607871 -1.083052 -0.7630356 2.0524607 -0.5371836 -2.853547 0.72477144 2.4295237 -0.14088866 -0.5563911 -0.43708226 -1.8004656 0.8196325 1.514733 -0.7942604 -0.23255776 -2.7762363 1.8650035 -1.1738387 -0.46162155 -0.3922434 -0.8143056 -0.8764639 -1.0349165 -0.14641242 0.12744221 0.834211 0.020131243 0.31585476 -1.959545 -0.085121 -0.5590909 0.17822844 -0.58161867 -1.6729208 -0.10898303 -0.47098008 -0.33753482 1.9204974 1.7607445 -0.4183781 -1.0680518 -1.1690953 1.9814684 -1.3536699 -1.2322216 -0.12506613 1.0467336 0.083137535 -1.0945047 -0.28623754 0.40343845 -0.7690943 -2.529539 -1.7009561 -0.4837488 -1.2210522 -1.0383431 1.7921375 1.4733886 1.2408218 -0.1600672 2.9191308 0.050572705 -2.9496336 1.6569945 2.2867355 -0.06712642 -0.20880154 -2.3776248 -1.1012923 -0.89761984 -0.20540081 0.5059125 1.7962538 -1.847457 0.09146277 2.1424732 0.14142305 1.1593837 2.670866 0.08433403 0.3953564 -2.5405862 0.2723943 0.40941286 -0.7011064 -2.1018293 1.3592288 0.36431023 0.023763962 1.1283511 0.8054983 -1.8236904 -1.068285 -0.6416401 -0.5639493 -1.1835443 -0.7255744 -0.48392135 1.0327855 -0.25954303 0.14268571 2.0199707 -0.54365 -0.40845302 -1.3221006 0.3182333 -3.028292 1.602516 -1.2215734 -0.7783437 -2.6463003 -0.41535622 0.54423255 0.100850634 -0.13604563 -0.77869403 0.65685457 -0.71503896 2.8371422 -0.06440931 -1.7645968 -0.9442696 0.44983107 0.7895109 -1.2737652 1.7572917 0.7525068 1.4049897 0.6930284 -2.1846905 0.5943125 -1.7363613 1.1712333 -4.363692 -1.1449258 -0.55677694 1.4786267 0.29090083 -0.44192085 0.64483774 -1.4962436 -0.026286408 0.3232039 -1.0608032 0.35339513 -0.57911193 0.120889336 -1.6717454 -0.68260247 -0.5799712 1.180071 -1.8527335 1.1370511 0.39910874 -1.6980466 0.76568764 -0.18297513 -1.6395608 0.2719661 0.8579693 1.5459228 0.23717993 -0.7976929 -2.051582 -0.1730804 -0.33850685 -0.59388316 1.1463054 0.18934523 -0.7051506
citrus -2.9441261 1.0807985 -0.46682164 1.7937282 3.2180228 -0.9045658 -0.17381625 3.6862996 1.2230732 -1.1917652 1.1971521 -0.4609608 -1.1484541 0.18601595 -1.3370554 -1.1038767 1.2532783 -1.5420566 -0.9752414 -0.32892635 -0.48686177 1.522517 2.1973028 -1.1029563 3.0443995 0.034839932 -1.6934323 -0.57684565 -1.2032084 -0.424468 -1.2258612 -1.6241561 -2.5638978 -1.8129512 -0.056621544 0.721709 0.72916317 0.1927625 2.2713416 2.2084355 -0.93281084 0.5515101 -0.80199057 0.54665124 2.434931 0.34447163 1.5199829 0.12245988 -0.11214141 -2.7035568 -0.39792 1.0345098 0.37274355 -1.5355517 0.010054559 -1.7541319 0.05840665 1.5483189 -0.7427517 1.6881692 2.350826 0.8686635 0.07240976 -1.0444821 0.71698225 2.6768415 -0.49674386 1.491706 -1.3132186 0.6284318 -0.31543285 -1.5747368 1.7008618 0.27629313 2.3790848 -2.5864363 0.13276568 0.91781086 2.0713062 -0.46228275 -0.027388182 1.1842412 -1.3868911 -0.9715511 0.83496934 0.30142745 -0.69576454 -0.9931207 -0.96045434 -2.2130349 -0.2973211 0.501711 -0.83255035 3.0162723 -0.14265667 1.5379883 -1.7038398 -1.5492702 -1.2779921 -2.1008863 0.7226067 0.91319096 -0.00992736 -0.7646914 -1.5858034 0.19456536 -1.2133888 0.49506557 2.0439122 -1.8921795 -0.5507041 0.1757668 -1.8099263 0.106677055 -0.44341072 0.26796702 1.0796067 0.17031541 0.13825086 -2.0136287 -2.0544562 -1.1165184 -0.38322437 -2.014868 1.0410361 -3.0318696 0.08597402 -0.53935885 0.21029335 0.1354336 0.9275638 1.612015 -0.19481167 -0.9495063 1.1796298 -0.5826289 -0.16518463 -1.8246984 0.2117507 0.8301174 0.67567074 0.48884055 0.4983876 0.23637784 1.1053426 -0.80976886 1.1282357 -1.1405162 0.6569948 1.5364604 1.0681598 0.22212306 -2.2013652 -1.158602 2.5219963 -0.027288627 1.269437 1.4954621 1.247784 -0.3599573 1.95129 1.430808 0.15731655 0.26313004 -1.7889194 1.1398325 1.5181628 0.8749035 -1.3790174 1.3913515 2.2032225 1.9978735 -0.6224472 2.430399 -0.16678357 -0.6372565 2.2147675 1.3693405 -1.496482 0.13811518 2.7812474 -1.0882809 1.1361872 -0.74776113 -1.7846972 -0.4086241 0.15932047 0.85671234 -0.08069075 0.054960977 -0.76112235 -2.0678394 1.3167802 -1.6485009 -2.0210555 -1.339923 0.06098321 0.6471976 0.10946034 1.7614052 2.180952 -0.6168501 0.06718362 1.457932 1.3740005 1.33159 0.83015364 1.9708935 -2.8439293 -1.0544281 -2.1068676 -1.0685388 -1.373336 0.33488658 -1.7535355 0.09032173 -0.3270825 2.308661 -1.5350603 -1.8511072 0.76123875 -1.1252023 -1.0128614 0.2119548 0.7466385 -0.2556256 -1.3048933 -0.05445241 -2.5717752 1.3119916 0.6915116 -1.0985264 0.25241157 0.107704386 0.86982906 1.3779458 0.6228626 -1.1469386 -0.58598185 1.7481487 -1.4500062 0.55608773 0.47746244 0.83273786 1.5663522 3.629921 1.7624487 2.0624309 -0.68017507 -1.3946688 0.5039678 0.14624673 0.4633844 0.25386205 0.73299843 -1.2439933 -0.56116426 1.8345017 -1.5319533 -1.0081825 1.3809375 -0.17946252 1.2295511 -2.0560186 -1.2193598 -0.17720874 -0.19827922 1.3475661 -0.008487703 1.4001186 -1.5295688 0.57572037 -1.6804534 -1.8449708 -0.2710554 1.2389358 -1.6038992 -2.681195 1.8858235 -1.7285306 1.7151297 -1.0977885 -0.8822539 1.2403734 0.15980555 3.238505 -2.9904907 0.5490587 0.8524111 0.55584466 1.3991171 -1.8094345 -0.062701076 -1.5291443 0.46041197 1.3859433 -0.30213493 0.36708093 -0.40346012 -2.1891103
tvål -1.0288521 2.2029493 -1.3281598 1.3794789 -0.909197 0.6943976 0.11684275 0.5809453 0.12960705 -0.90457416 0.66031414 -0.30475408 0.025087735 0.88351923 -1.5226711 0.459451 -1.9207152 0.73540443 -3.314925 -0.2883886 -0.8274451 0.071847126 0.1961348 -0.3726124 0.3867504 -0.5292547 -1.996266 -1.2333299 -0.72898704 -3.0379758 -1.6054249 0.68147933 -2.05991 0.4082734 0.95915973 -0.20460592 -0.16327971 0.1696126 -1.6338176 3.4222157 -1.9337733 1.3865297 -1.432498 1.5955745 1.3747926 -0.35058895 -2.3124194 -0.87359506 0.5589485 1.4155875 -0.015523601 1.5769974 0.11668294 2.6986215 0.8331802 -1.3671601 2.6498232 0.25006855 -0.5545205 0.41576377 2.2962906 0.27326176 -1.1222799 0.99056286 0.9935317 0.6242608 -0.0528332 -0.34787685 0.43170393 0.4700084 0.7773661 -1.8073527 1.8795999 -1.2140058 1.5615975 -0.72335064 -1.3575119 -0.099325635 -0.53459287 1.2705138 1.1075329 -1.2195178 1.8709863 1.0088189 1.3876418 -1.0895452 0.51626396 -0.047413997 -0.44011045 -1.7489234 -1.1715876 0.7975903 -0.08425789 0.037612114 -0.2673084 2.3283906 0.6952291 -0.8342581 1.8084351 -2.089684 -1.5515556 1.0375394 1.1437563 0.14729503 -1.2210377 -1.8046541 0.36929414 0.48108205 0.8726284 0.29053655 0.2887819 -1.0687945 -1.0598903 -1.623821 -0.057848975 2.3557856 0.083143376 -0.3196438 -0.56177115 -1.3105155 -0.3676139 -0.49365348 -1.5257102 0.5982015 -1.6852453 -0.28982565 1.3802587 1.4927572 -1.8820704 1.0393037 0.6813705 -0.087875195 -1.2792804 2.2540767 0.70619076 -1.0687788 1.4000953 -0.6954723 2.201675 1.3496243 -1.1163467 1.0395646 -1.9920423 0.71051556 1.0874809 -0.76238686 0.88263327 0.1903044 -1.2303115 0.23644537 0.99872434 -0.054659314 -0.47408628 0.60384625 0.17123231 -0.016394358 -0.3039615 -0.12892775 -0.44801453 -1.0020695 1.7808074 1.7064768 -0.020864332 -0.35820135 0.12881617 2.1048067 -0.90128034 0.87656677 -0.370355 1.4051722 -1.8895664 1.2794043 2.2271128 0.11852779 -0.69406146 -1.2200676 1.8534726 1.4366431 1.5043098 -1.2077115 -0.097547546 0.69290173 -1.3828943 0.7016006 0.80788326 -0.0010751273 1.0083727 1.2918752 0.09816948 -0.37527728 0.75646335 0.16531688 1.1227841 -0.48251826 -0.5651859 -1.8479692 -0.13266137 -2.059457 1.8090101 -0.10406665 -0.35397452 -0.3717564 -1.1977538 -0.6070374 2.836217 -0.061999522 1.8725722 0.91139793 -0.6184118 -0.07802572 0.84024584 -0.29910702 -0.5878452 -0.6211434 -0.5455978 2.0407445 0.5817255 0.9856832 1.0743568 0.018888477 0.9447126 -0.85138834 0.30494153 -0.40083265 0.9931659 0.7070379 -2.2613707 0.13428932 -0.95604587 1.0360636 0.3404883 -0.51739156 0.38476422 0.21926455 0.79792655 0.5073985 -1.3530128 0.21972392 0.017109767 0.0382454 -0.17877384 0.90923876 1.9774473 -1.8163846 0.050512377 -0.23936027 0.67317724 0.93456024 -0.40233326 1.4610671 0.35276812 -0.02146034 -1.3464674 2.3367908 0.6102807 -0.14148638 0.8685424 2.3660011 -2.2488143 0.6309877 2.8111243 -0.84498996 2.453342 0.33094049 -1.220783 0.63322437 0.3497173 -0.21403252 1.6308675 0.53539276 1.2433016 1.1131923 0.3365348 -0.46413085 2.1964707 1.6150593 -0.752655 0.6503617 2.602157 -1.2888283 0.6268599 -1.1042479 -0.8827187 -0.19472638 -0.52623063 0.19854206 -0.5856517 0.36761826 1.0580739 0.41533947 0.50507975 2.0478082 0.59800094 -1.3599621 0.1233132 1.0478493 -1.4399476 0.47882944 -0.69748497 0.0019403639
lavendel -1.1359438 3.479978 -0.003425098 0.38721025 0.85002315 -1.4060377 1.8273474 2.2709155 2.0338051 -0.5886834 -0.29618675 0.024439277 -0.14397502 0.44106746 -0.43838957 -2.1543698 -1.031681 -0.38276798 -1.2995244 1.1010839 -0.30147836 -0.8174851 1.1524628 -1.3877811 1.1341103 1.5190321 -1.0890689 -1.9367464 -2.1612096 -2.684329 -0.47651216 -1.6196308 0.33346224 -2.562382 -0.026594508 1.0972482 -0.01833222 -0.18348157 -0.6374204 -0.8728056 -0.74075335 0.3715722 0.6895978 0.7992033 1.2331086 0.02383199 0.6893876 -0.23441055 -1.9257904 1.5572819 -1.1969436 1.4413052 -0.49965525 -0.39386758 0.88874376 -0.32107836 1.6387229 2.5237353 -1.4953617 0.74902177 1.8038008 -1.2857116 0.2680688 -0.28871578 0.37529823 3.2486486 0.040203184 -0.43197593 0.71049947 1.7908039 1.9358056 -1.9442236 -0.8043855 -1.150513 0.7802457 -0.5711144 1.0592576 -0.2944128 1.9943712 -0.99635047 0.7531231 -1.0771852 0.8494327 -1.6918858 -0.73418796 -1.3337471 2.3710082 1.3913859 -1.3451518 -1.1732477 0.46554494 0.12383089 0.19158061 0.44191152 -0.6415027 0.25351417 0.5303648 -1.8578843 -0.09582784 0.47218657 0.55861133 0.44593847 -0.009137246 -1.4431756 2.4651375 -2.3025873 -1.9523172 0.023914345 0.23844814 0.52507466 -0.71315825 -0.5161792 -0.7662692 -0.19315349 0.29443884 0.9213647 0.63436055 0.13618353 -0.2248033 -1.9263988 0.050342333 0.35168308 0.03094315 2.0620363 -1.2092382 -1.0716996 -0.02117691 0.7029608 -1.8115379 -0.88416475 1.5066979 2.5283172 -0.5070237 1.6140908 0.30090982 -1.7204092 0.9137768 -0.46392253 1.0350206 1.3371187 -0.41153234 -0.24775599 -1.5839716 -0.6566063 1.2968892 1.3208401 0.62920344 1.0598426 -0.059127808 -1.4814084 1.708868 0.3519531 -0.9352809 0.29903919 0.93634945 -0.7620559 -0.21641164 0.32668158 0.55592924 -0.432869 0.8042687 0.6841378 0.15336981 0.94843113 -0.04405824 0.69754875 1.1805714 0.85485023 0.078126065 0.5668569 0.35498863 1.9372436 0.033599272 -0.31152225 0.66695654 -1.6298642 -0.6076749 0.3648852 1.2250992 0.6990466 1.7390487 3.1995392 0.91407025 0.742379 0.11386837 -0.38036072 0.86599195 1.1718662 0.64170116 0.7334167 1.6147366 1.8878657 -0.33906007 0.14694425 -1.6959974 -2.6638985 -1.6423262 -0.84847236 1.9213154 2.4767694 1.2831635 -1.2146848 0.76671237 0.22577865 1.9498452 0.2355974 0.69476306 1.1130291 -0.50764054 0.6748755 -0.03506495 0.5875213 -2.0628579 0.4356075 -1.3422595 0.20731677 -0.66323775 -0.8948196 -1.1596326 0.20446615 1.7289299 0.0069260863 -1.1887032 -1.5273012 0.874341 -1.1392977 -0.8367653 -0.58261335 -1.5867308 0.40259114 1.9634374 -0.375959 1.6017257 1.7388821 -0.073668435 -0.005900798 -0.699651 0.8072511 -0.17637616 0.5127349 -1.0819126 -0.2589613 0.44256657 0.87940866 -0.30630586 1.6199977 0.7693573 1.5733724 -1.1509695 0.23960468 0.6320803 -0.459453 -1.4440001 -0.7571672 0.9032074 0.31064996 1.0218971 1.1419585 -1.2040408 -1.5050657 0.7208643 1.0796912 1.0813193 -1.5067146 -1.5481311 -0.29407397 0.726764 1.0712923 0.0098437825 0.25820273 -0.7131856 2.5163841 0.31851262 1.003721 1.4471936 1.0538342 -1.219808 -1.2671129 0.6842438 0.35138112 0.22577469 0.37157288 -0.30989778 0.8328074 -0.01473383 0.09733267 -0.45346102 -0.491806 0.28763902 1.4535868 0.6229597 -0.6768617 1.2225543 0.7175377 1.1913191 -0.6323838 -0.8101666 0.11644158 1.3924301 -1.9028312
fisk 0.1460878 0.093845055 1.6098008 0.3033006 -1.1536891 -0.65916705 -0.59686786 -0.0058713034 -0.7484626 1.0394315 -0.5143525 -1.5753964 -0.7681422 -2.1450386 -0.41748634 -0.03738613 0.7692548 1.2069271 -0.63383484 -0.5727172 -0.84157103 0.5760863 0.019911278 -1.053883 -1.9536158 -0.94350594 0.0759948 -1.7502776 1.7122843 0.877804 1.2546961 0.25024885 0.93370754 0.45332396 -0.52890253 -1.1342821 0.97396374 -1.6485375 -0.09684889 -0.8481294 -0.109352276 -0.6655644 0.3219305 -0.2835978 2.6607687 -0.8266911 -1.2894695 0.84600323 -0.6995309 1.14768 1.7766017 -0.15515092 -0.022788186 -0.051197805 -1.9798491 1.3696175 -0.13061076 0.77640694 0.084859684 -1.1159273 0.5621723 1.1452291 1.3330736 -2.8351786 -1.5843568 -0.873947 -2.2502549 1.6715211 1.8131783 0.09039207 -0.41034082 -0.76850665 -0.4087541 -1.0680166 -2.0408123 0.17639583 -1.575384 -0.83207256 -0.8063816 -1.0537033 -1.4438137 0.16969414 0.7126168 1.2933258 3.2431004 0.40780056 0.3338406 -1.5666397 0.29357302 0.3538173 -0.2658892 0.54594105 1.288271 -0.081394225 0.7871395 0.50939924 0.19284342 -1.1864897 -1.9910122 2.073847 -0.12657821 1.4613042 -0.03274466 1.4881124 -0.32847318 -0.5144006 1.5707928 -0.84922564 -1.9595777 -0.18453054 -1.9927207 0.11393112 -1.2992902 2.2807052 -0.87176687 -1.2749156 -0.076712914 -0.861855 2.8670206 -1.0089303 0.61714005 0.041567385 0.0046935575 -0.5845935 1.2305542 0.0823449 -1.3437495 -0.86931247 -0.023495354 -1.1680018 0.39342043 -0.2783084 0.16997321 0.3816644 1.0168495 -0.04113432 -1.6179092 1.4024405 -1.0702218 0.13384792 -0.023433488 0.5867194 -0.6486123 -1.4545687 0.7473979 0.69581574 0.97404295 -1.2048794 -0.6296194 -1.9574772 -0.487269 0.38700503 -0.54463154 0.36378026 -0.027155189 -0.13216102 -0.45959467 -1.1428255 -0.20400421 -1.5477033 -0.22610302 -1.3344685 -0.42947057 0.00086975953 -0.6176784 -0.44865188 -1.0354106 0.80371726 2.4469082 -1.4930279 -0.9000357 -1.4653381 0.7469115 -0.6599549 -2.6057618 -0.51859635 0.049364846 -0.31105277 -0.5637178 0.6608933 1.6941751 -0.024870113 0.41220936 -2.8748007 0.10042172 -0.05769162 0.8707107 0.109796815 -0.4601848 0.49013323 2.614415 1.7295868 -2.0920312 0.38530624 0.62303317 -0.9628939 1.2171797 2.2603452 -1.3166832 0.03672701 -3.386288 -1.1357855 0.65635705 0.047536727 -0.2131757 1.6533732 -0.3168654 1.8822299 -1.1059744 1.6420395 0.362518 -2.2155697 -2.2156887 0.5622493 2.422628 0.009608235 -1.4222027 -0.44222987 -1.051983 -0.17817351 1.6773514 0.3337357 -0.5129721 0.11980967 0.34240472 0.015591806 -1.4589105 0.38231534 0.63198745 0.29433513 -0.102218606 0.15901694 -0.45311525 -0.6699746 0.27596614 0.77697295 0.88198787 0.9230808 -0.6930633 -1.0092692 -2.4476852 -0.4139211 1.8796511 2.0372698 -1.1263542 0.021853698 0.7729086 -0.3689917 0.3800486 -0.43241885 -1.177558 0.90073085 -0.29110387 0.0083347345 -0.09889565 -1.9838296 1.0000415 1.6435927 -0.04487391 -0.2333439 3.3032234 2.001603 0.7716729 -0.35771537 -0.42717722 0.13866852 -1.0692447 -2.0033786 1.2022603 0.18075842 -0.761001 0.2058717 -0.04956992 0.74814075 1.486022 0.80002105 0.10299556 -0.5743898 0.7404383 0.15215515 0.124627426 -0.3569579 1.0320628 -1.786559 0.034992605 1.0201966 1.5315949 0.47149992 -0.9257547 -0.59771556 0.037567236 0.15683754 1.8838228 1.3106973 0.5089393 -0.58064437 0.7833529 -1.2868915 0.28458136 0.9771208
äpple -3.0053875 1.792303 0.7262171 1.59056 1.9925281 -1.6793901 0.8873367 2.5744748 -2.180399 -2.1255221 1.1349355 -0.7465708 -0.48697582 0.35590696 -0.8377974 2.4974668 0.85314214 1.421441 -2.441904 -1.6540395 -0.82844913 0.01830671 0.9172017 2.7624784 1.9980934 0.6658438 -0.3688836 -1.6380478 -1.9591286 -0.22384845 -1.360994 1.1313784 -0.09595196 -2.3516889 0.274911 -1.901371 0.83549577 0.8243628 1.7017294 -0.23948054 0.9420464 -1.161044 -0.5882127 0.96955943 0.3250922 1.4773941 -0.30238044 -2.1205792 -0.9403658 -1.0168585 -1.0110223 1.7551019 -1.0225085 0.9321929 -0.49187338 -1.0214828 -0.6555493 2.26939 -1.2894219 1.9036877 -0.059407387 -0.99144554 0.21811132 0.92068624 0.8920469 0.48998642 0.6512413 2.7037523 -1.4667828 0.9843852 1.9655172 -1.2565708 0.2631936 0.6899242 1.3382397 1.0658946 0.26554987 -0.006157415 1.6503223 0.5446482 -0.43881086 -0.16136628 -0.9160863 -0.20965229 -1.0746762 -0.64459294 -0.40581268 0.42356616 -0.43162492 -0.5586648 -1.8706683 1.5093019 0.653095 -0.31289327 -1.255189 1.3316337 -0.52222496 -1.0063477 -1.7451926 -0.56782687 -1.24706 -0.96130455 -0.25346315 -0.53652835 -0.8473941 0.039602745 -0.3891113 -1.5423254 2.7659981 0.24854289 0.6829514 2.4334197 -0.7638918 0.4480488 1.1414108 0.24723403 2.2614644 0.5660822 -0.3662982 -2.15042 -1.9833497 -0.6232573 1.1646156 -0.5597013 -0.691353 -0.72264284 -0.06587549 -2.073085 0.56966215 -1.2034224 1.0052483 0.9190888 -1.2673324 0.3488385 0.2640828 -0.6852283 0.55262154 -1.6587437 1.45467 -0.086128324 0.2767969 1.7534448 -0.089840434 0.34605563 1.2289504 -1.2965872 0.79221773 -1.2688919 -0.3143269 1.1243769 0.4747524 -0.29390568 -1.0264888 0.480937 -0.72654116 0.4677862 -0.38018173 0.5955001 -0.82457554 -1.2300909 -0.04318037 1.015313 -0.76010585 0.8108415 -1.4515381 0.05682803 2.0343328 0.5985942 -0.97090894 0.27091214 1.140215 0.47314304 -0.11295589 0.67139715 -1.3408662 0.8135766 2.865619 1.9619387 -0.53194016 2.336964 2.620088 0.1970327 1.350023 1.1693223 -2.6653204 -0.7205102 -0.015667401 0.23022023 1.3291514 0.75038034 0.16716002 -2.0741756 0.8677375 -0.32032782 -0.8786596 -2.6208584 0.044255897 0.79176426 1.6775295 -1.1256766 0.42826623 -0.21264808 0.5072961 0.6194768 1.7171953 0.37599167 1.5258138 -0.08046297 -1.9061916 -0.67667526 -1.8816968 0.021062573 1.1988486 1.9515268 -1.6314924 0.022119015 -1.3559769 0.321001 -0.4610792 0.045456387 0.010914505 -1.7014326 -1.8028494 -1.5049478 0.49841678 0.9522535 0.19623324 -1.8770454 -1.1743591 -0.19863541 0.85661554 -0.5640641 -0.63350636 -0.02682376 0.7227574 -0.8914856 0.6252822 -1.2027686 0.45425075 -0.028535634 0.97107524 0.28054455 1.855824 2.2579548 1.1656471 1.4672197 0.40008816 -0.22890958 1.3750261 1.4085376 -0.07482346 -0.44905978 -0.83382714 0.546973 0.8482734 -1.1582949 1.8405406 2.275457 -3.274164 0.11700172 3.024361 1.5045627 1.1960976 -1.8572179 -1.3023803 1.0200545 -1.7268624 1.0862435 1.5974984 -0.5305947 0.86081636 2.3508134 -1.9719551 0.39697894 -0.6083113 0.32155156 0.36881766 -0.49027407 0.2849341 -1.85421 -0.36174184 -0.26152065 -0.12456988 -1.4012216 -1.2481643 1.2507852 -1.239657 0.32610938 -0.50780904 -0.3806855 2.0143077 -1.5827767 0.14371797 -2.454288 -0.48917565 0.80102944 -0.5133625 0.49437472 1.3933812 -1.6820568
citron -1.4270077 1.3210182 0.0675087 0.8482701 1.9858001 -0.4076822 -1.0800123 2.7026048 0.92390984 -0.0020723692 2.002985 -1.1899221 -0.9977733 -0.27874497 -1.342812 -1.1578712 1.6338403 -0.7663981 -2.4492812 -1.0234232 -0.30958265 0.99489677 1.0082399 -1.4801587 1.0922211 0.9566256 -1.6754538 -0.8072479 -0.4652627 -1.8962816 -1.3387158 -0.94282544 -0.81892365 -2.4158502 -0.3278614 -0.2128756 1.8404537 -0.22735308 0.4250028 0.6514367 -1.1126384 -1.0455327 0.05316431 1.1099572 1.7448385 0.8676584 1.7260233 -0.6190533 -1.2510139 0.045687653 0.61346245 0.3875314 0.24260563 -0.41533637 0.90801847 -1.3156484 1.0992404 1.5475112 -1.8200108 2.2879694 0.47493902 -0.19508156 -0.03442369 -0.31114078 1.0662274 1.9569539 -1.0985105 1.6799872 -0.59554565 0.5577123 1.5200025 -0.7383012 -1.3556513 0.70325536 0.5275625 -1.8005542 0.22517602 -1.0566726 1.2864246 0.12260994 0.9751478 -1.2681867 -0.71870106 -1.2125615 -0.57324535 -0.97552705 0.8728303 0.0899257 -0.55522335 -1.1944957 -0.5356249 0.49486074 -0.1728695 0.47802743 -1.022394 0.3373245 -1.5241897 -2.1193614 -0.90929663 -1.2969465 0.68208265 -0.8796014 -0.3335336 -0.3543717 -1.5103123 -0.76733977 -0.20043175 -0.91610235 0.61910295 -0.85187536 -1.3893185 -0.15456192 -1.5877972 1.6251602 -0.1249328 -0.2711351 0.22626479 -0.5087353 -0.13269426 -2.0389986 -1.4958739 -2.2211325 -0.6815783 -1.4203945 -1.0360548 -0.4014098 0.9916133 -0.041431133 -0.457673 1.0031382 0.8364039 2.777612 -1.2459856 -0.18614075 0.5250358 -1.8037163 0.33522502 -0.73256546 1.8814781 -0.51646984 0.13996993 0.1436553 0.6165108 0.47093144 -0.070392594 0.2512514 0.26593703 -0.7902257 -0.29506093 0.11899749 1.8097401 -0.033932317 -0.50640744 -0.67430234 2.6864474 0.12167612 0.2633073 0.284004 1.1971323 -1.550302 1.4032937 1.432335 0.37457862 1.3617715 -0.53608286 1.3082546 0.3636307 1.5006145 -0.37045783 -1.077993 1.0858628 2.5115192 -0.4636091 1.6130546 -1.6179342 -0.2619187 2.034052 0.8994706 -0.4147476 0.8618662 2.269924 0.3706376 0.097035 -0.27155608 0.31082645 -2.0768368 1.3508029 0.56566626 0.13406433 -0.22654493 0.9372481 -0.31014836 0.6514842 -1.0902064 -0.18564777 -1.1462616 0.98631155 0.048585445 0.03268651 0.73893625 0.97451705 -0.6246562 0.2049111 1.0046747 1.8916268 1.1353744 -0.11765841 0.9702365 -1.8541193 -1.1172742 -1.453084 -1.5804069 -1.1863655 1.9925072 -0.08638281 0.1284322 -0.009059212 0.93180853 -0.9902942 -1.0818058 -0.36443332 -1.2958761 -3.5483243 -0.72800046 0.24006695 -0.00943913 -1.1875516 -0.45521104 -1.7126904 0.4307263 1.2129339 -1.1588649 -0.46856302 -0.53764147 -0.8060141 1.4828042 1.5541189 -2.231031 -0.42672175 0.16169426 -1.0984305 -0.6699383 0.19347535 2.1434965 -0.24501117 2.6591325 -0.27786446 0.9204366 -0.0905096 1.0865446 -0.8768725 -1.0191206 -0.5008137 0.63468647 -0.0272482 -0.9595076 1.1646137 2.17264 -2.8894815 -1.3293917 2.431467 -0.24405959 2.1918051 -2.2486203 -0.6289695 1.6586008 -0.40483955 0.8006158 -0.016702328 0.10787955 -0.36537609 1.7704375 -0.42440832 -0.819523 1.217073 -0.6120743 -0.34398597 -0.97021544 1.6837077 -1.2435429 1.741199 -1.0611583 -0.0514899 1.4698592 0.14992015 1.6850607 -0.88219935 0.5750746 -0.3535283 -0.51549536 0.8815468 -1.0504935 0.15137391 0.34537518 1.971922 0.8092275 0.46155366 0.44694936 0.13958858 -1.2912514
öl 0.16906849 -1.5203975 -0.6966451 1.5424018 1.0777818 -2.1495366 -0.19370733 -0.9864285 -0.14149909 -1.9218264 1.8087474 -0.7142638 0.20265578 0.5924131 -0.5897795 0.6221279 2.5236542 -1.445887 -1.8620595 -0.83801097 0.50776803 1.5463645 2.262226 -0.09578849 -1.8872532 0.66360384 0.61154866 -0.23134804 1.1416479 0.11030609 -0.6163183 1.876155 -0.6147233 0.45817977 -0.3936114 -0.3739123 1.8113011 0.34148324 0.18944736 0.62404627 -0.2933624 0.99668217 -0.08338665 0.08750378 0.174402 2.186843 -1.244869 2.7242904 1.7432442 0.73205864 1.2638067 -0.6542011 -0.8069688 -2.2767434 0.5699846 -0.20094532 -0.28195116 1.6150569 -1.4972113 1.1057302 0.44918555 0.6654467 0.5224065 0.5405917 1.1080399 -0.5592647 -1.2175064 -0.082925215 -0.5996923 1.7219464 -1.0848733 -0.742968 -1.7707886 -3.0323524 -0.98977464 0.54440194 -0.07953087 -1.1386333 -0.028008254 -0.0042546405 0.19559315 0.8230993 -0.44082582 -1.4383774 1.832177 -0.02882515 0.16979809 -0.713803 -0.6232637 0.323865 0.6443555 -0.5527299 0.9863968 0.052277055 -0.79039824 0.60173184 2.052356 -0.2680686 -1.1848323 0.13932244 0.71224695 0.5409338 1.5412884 0.5234984 1.8627342 -0.10236266 0.22580968 -1.5427196 0.4837774 -1.7759252 -0.9152003 0.20257053 -0.07168405 1.8566372 -0.73106384 0.5563738 0.33423868 -0.78452426 3.0037262 0.7752544 0.14745723 -0.24585186 0.6384114 -0.55055827 0.7592643 -1.6513549 0.55463666 -2.1727705 -1.9490906 -0.8531656 0.021715142 1.8752071 0.66352624 0.4841927 0.5488073 1.1650804 0.20051126 -0.80501014 -1.4483286 0.28998598 -1.2741519 0.43150017 -1.1223673 0.28885868 -2.176065 0.59367573 2.1010206 -1.446363 -0.70584124 -0.95460016 0.6976638 0.039540716 -0.82581383 0.4132581 -0.82288545 -1.7928013 0.036113415 0.03145139 0.13825712 1.350661 -0.9856782 0.7618402 -0.5394303 0.6337744 -1.9235865 -1.009926 -0.5255868 0.36982366 0.3637138 -1.5232226 -0.34117457 -0.21614148 1.623148 0.90947336 -0.5291322 0.500911 -0.066858314 -0.12702599 -0.4515458 0.4248109 1.2738625 0.79933256 1.8781766 -0.375132 -1.8617448 0.5060473 0.71689355 -0.7255389 0.42678106 -0.80703425 -2.1497982 -2.3025227 0.06928957 -0.5589608 1.2085736 -0.5790996 1.0451875 0.123079166 -2.3856082 0.6203237 -2.343066 1.7359813 -2.8283997 -0.19947031 -0.41564092 -2.749621 0.32891443 1.6775335 -1.2353331 0.6787772 0.32733187 -1.3528633 0.04244929 0.4564423 0.7827467 0.3900578 -0.6858009 -1.228004 -1.3871439 -1.9651135 0.35409608 -2.0277731 1.6913813 0.000362857 -0.26706317 1.3058665 -0.8709021 0.43964052 -0.508135 0.13251923 -0.43397975 0.40175757 -1.6495967 -0.6927929 -1.4674597 -0.46590158 0.75333357 1.484774 -3.0899994 0.7714237 -1.3769007 0.82346576 1.2994363 0.37170202 -0.5809757 0.1487096 1.0564398 0.16820867 0.26816314 -0.59224814 -0.70256835 0.014017896 -0.7225232 1.7177938 -2.5587945 -1.1040746 -1.065661 1.697348 -0.11358977 -0.4387141 0.62415564 -1.133901 2.4619863 -1.1395588 1.1432009 -0.06429854 1.502688 0.99989665 4.201092 0.4972375 0.10602347 -3.2071655 0.9006898 0.26032072 -0.25990808 -2.377922 -0.64230734 -0.54383534 0.41828212 -0.413463 -0.3902692 -1.9547199 1.3872948 -0.5171249 0.07154939 2.367531 1.3847404 1.2423556 1.3941942 -0.21174943 0.2276569 -1.7488116 -0.9799755 -1.1134828 1.2699174 -0.64213806 1.3198788 0.67362225 -0.7594757 1.4787569
kanel -0.7592457 3.7920203 -1.2494329 2.661156 1.0926775 -1.8952069 -1.0404763 2.393371 -0.2996212 -2.6498911 0.48188606 0.6885813 -1.4033066 0.108113125 0.78077024 -1.2686169 0.5120333 0.1398622 -1.7265608 -0.26861098 -0.8983893 0.89127713 1.0908445 0.5872989 1.7706841 -1.5673152 -0.53444463 -0.5950778 -0.99730766 -1.2899817 -0.9737363 0.20533739 -0.06197671 -2.6613827 -0.79899675 2.2197397 1.3220874 1.6187302 -1.0771853 0.34542757 -0.36773783 -0.89468503 1.8559251 -0.27298117 1.074173 1.3876064 1.0843716 1.4625176 0.8109316 0.44950166 1.3358632 3.5011754 -0.7659192 -0.23850454 1.2330277 1.0479063 -1.0456437 2.0370486 -1.1083121 1.2978095 0.5361507 1.3441756 1.4475235 0.676955 0.16135173 -0.10067434 1.3568442 0.44014186 0.14801537 -0.91698986 2.6173804 -0.7224563 -1.850613 -1.5215504 2.4028974 -1.7736121 -0.4748861 2.3805854 0.5068985 0.8704486 -1.5777018 -1.0406172 -4.1057262 -1.7957016 -0.08837743 0.103505254 0.2915126 -0.5758178 -2.782945 0.6583958 -0.68815273 0.9449964 -0.32910815 0.35495508 -0.23333865 1.2520399 2.189685 -0.8276218 0.27068627 1.5465325 -0.5390952 -0.03657552 -0.16713884 -0.12568596 1.5194821 0.21165611 -1.4761931 -1.5181847 2.7038329 -0.89668673 -2.332949 -0.32345057 -1.6193528 0.764755 1.1620225 0.27044153 1.4122436 0.22308129 1.2274977 -1.5398985 0.92819965 -0.38756904 2.626878 0.09798746 -1.5937469 -2.3190753 1.0492913 0.030422686 -0.17794383 1.0854448 0.8256495 2.8903434 0.8122714 0.110329345 0.33671096 -0.82921815 -0.22399734 0.22188985 2.4823985 -0.9761801 0.07080493 -0.06903191 -0.939903 0.58843553 0.44172156 0.48963448 0.43922117 -0.16248588 -1.1972122 2.0833254 1.5469202 0.32460997 0.6564523 0.9803551 2.1529264 0.1433832 0.25787035 -1.2954513 -1.1656163 -0.8704627 1.1723335 -0.68804854 0.7125991 -0.70291036 -0.003099389 0.34460464 2.0879047 -1.4616241 -0.9860932 -2.0959613 1.2871609 1.3409919 0.9657512 -1.204044 0.52921706 -1.3113927 1.1079991 0.092026636 -1.99885 1.6082665 1.4442694 0.35863072 0.8553631 2.7755673 -1.3304033 -0.5091604 0.7129457 0.80984485 1.5247285 0.47328305 1.773284 1.0706264 1.1703115 -1.1758422 0.86277467 0.15801369 -1.7518595 -3.2888048 -0.5843317 -1.2935795 2.3484044 -2.5918734 -0.012899697 -0.8823384 2.008227 1.3018359 0.2334846 1.4222329 -0.100029856 -1.565885 0.16193599 0.47652143 -0.02442125 -0.7317565 -2.2038963 0.12558794 -1.0268077 -0.2622671 -1.1684626 1.2472277 0.22209601 -0.66405034 -0.8140348 -0.75471383 0.6688585 -2.8071468 -1.0997472 -1.6938145 -1.3698539 0.3360094 0.7233981 -0.4513907 0.27774754 -0.020473434 1.6008701 -0.55737346 -0.539668 -0.91554165 0.57078993 -0.23129937 -0.25575158 1.0426393 0.60909534 1.2283345 0.17852928 1.8358637 1.816985 3.119046 2.8171802 1.7422198 0.58262247 -0.12718046 -2.2821107 2.082754 0.21222843 -0.48425263 1.289459 2.258772 -1.689733 -0.90816414 0.4766474 0.016486429 3.2256124 -1.3870883 -1.8523511 -0.30557713 -0.59107804 -0.40231928 -1.8675237 -0.3825 -0.8154589 0.28165 -0.5249376 1.1747162 -0.03579588 -1.8764231 -0.6782862 -0.6414942 -0.70318836 -0.20149805 0.8451862 2.248326 -0.17593299 0.6836545 -1.6929536 1.3197801 -1.4834052 -0.5136904 0.73587036 -1.1259836 0.695097 -0.18003462 1.4190208 -1.6855121 0.74472964 -0.27264896 -0.6013223 -0.6870716 -0.5121254 -0.8022967
apelsin -1.8330029 3.61941 0.30851677 1.3635361 0.9060324 -1.9813486 -1.244238 0.8395714 -0.8960798 -1.3054888 0.42840195 -0.21989231 -1.2352891 -0.2079099 -2.1160712 -0.5981461 0.08897073 -0.4343038 -2.1851358 -0.3982016 -2.206165 1.0350057 0.5981709 -0.034348145 1.538611 -0.33373964 -1.5898486 -0.4094876 1.1522804 -2.9040732 -1.2682638 -1.2332412 -0.034520064 -1.6538016 0.76106113 0.7678461 0.23064344 1.0038104 -0.04642775 -0.7881661 0.36371428 -0.32562244 0.44875184 0.63143325 2.097322 0.2541499 0.42606193 0.18274593 0.60304016 -0.6132181 1.7704234 2.256482 -2.3304665 -0.082531825 0.57360387 -0.2769121 -1.1206379 2.3021622 -2.0239494 1.4543023 2.6046858 0.9063894 0.42166585 1.5672919 0.42209902 0.03332076 1.0817068 1.3448769 -0.5599715 0.8963713 0.8889188 -1.805426 -1.5530018 0.5343288 1.6880738 -1.8825866 -0.68614787 0.30435735 2.9604535 0.3995911 -0.089694135 -0.040628742 -0.23510063 -0.16962571 -0.3318643 -0.5012321 -0.061538044 -0.7613811 -0.30079505 0.6971387 -1.2531166 0.88072026 0.07117566 0.035814572 -0.5998155 1.2684966 0.72762144 -1.3601096 0.34530386 -0.5651083 0.34584287 -0.7880654 -0.11278399 -0.7186973 2.1834383 -0.6961513 -0.8336926 -1.0902576 1.388525 -0.49685866 0.26820454 1.5326307 0.54864955 0.3403291 1.1027333 0.9546513 0.26859465 -0.7236862 -0.39212704 -2.2301266 -0.16156688 -0.58504826 0.35490686 -0.48171332 -1.9137099 -1.6104286 -0.20975538 -0.32424304 0.006920572 1.2644795 0.5566006 1.3732313 0.51015854 0.5669161 -0.42993 -1.3974706 0.8521334 -0.27060303 1.2935674 -0.84515274 1.2676816 0.6418566 0.67228544 -0.12874399 0.52404904 -0.13417548 0.43750414 -0.7869882 -0.21392749 0.9012657 0.84706885 0.15826683 -0.86359596 -3.3416092 1.2005236 -1.1906075 0.9159432 -0.1391144 0.7638331 -1.1665087 0.0057635414 1.0094568 -0.98748624 0.067821495 -0.12251658 -0.59685725 0.6154917 1.4784315 0.17711961 1.0130107 0.97379243 0.18015863 -0.61288595 0.00048852735 -1.4953924 -1.3370924 2.1914163 -0.027895316 -0.041931853 1.0485044 3.553985 -0.102575704 1.3464043 1.0884827 -0.84968185 -1.4478241 1.6135062 0.31916472 0.42726707 0.7341057 0.96900296 -0.1783715 1.8148638 -0.58053136 -1.0800698 -0.8239279 0.12854475 -0.35157 1.270081 0.22019003 1.7541065 -2.4313042 1.0714816 -0.25343564 1.3021121 0.16709429 1.2484913 1.2332077 -2.5300164 -0.4011849 -0.68723345 -0.7088008 0.7254006 1.5017984 -0.57955307 -0.20577793 -0.6473908 2.4368367 -0.7235097 -0.45437717 0.27407908 -1.1444757 -2.0998578 -0.9463567 0.53791755 -0.4946346 0.14243573 -0.5821919 -3.833929 -0.09233356 1.3100591 -1.6644828 0.60141903 0.58372605 2.259352 -0.020911204 0.52839345 1.2920487 1.029603 0.4497255 -0.45431018 -0.556311 1.8509151 3.5385582 0.1754627 2.5588639 1.1804936 1.2894524 0.49881595 1.6734837 1.6023016 0.0010518341 -2.5456238 1.1685755 0.43480232 -1.073873 1.129313 2.457268 -2.1730742 -2.0703886 1.6864953 -0.83301926 1.5213957 -2.2283182 -1.4170297 0.40202934 -0.48291725 -0.51367265 -0.9036877 -1.2188387 0.8241473 0.59547263 -1.553529 -0.43415943 0.01715388 1.7726676 -0.48297745 -0.9704476 0.657289 -0.028996253 0.48563933 0.8551613 0.68181133 0.18643473 0.74833935 1.9731683 -2.2801557 -0.76119316 -0.82536125 -0.08647994 0.061788112 -1.9172992 0.8529773 -2.252642 0.22961155 0.18931189 0.61176264 1.9057759 0.23334326 1.4085718
te -0.89536726 0.98615754 0.72262126 0.33689153 0.14295685 -0.4688569 -0.4137392 0.15600666 -0.8125822 -2.5771701 1.6069721 -0.9808081 0.039855726 0.035367403 -1.2367804 0.07642811 1.084607 0.25590783 -0.45890626 1.2696632 1.18654 -2.2827094 0.71256804 -1.6643155 0.69432336 -1.7194477 0.7012031 -1.6302794 0.2894378 1.3120925 -3.4449544 1.718128 -0.6477671 0.2893064 0.91992193 1.1586295 -0.5002908 2.5095253 -1.1488283 1.8204082 -0.5643839 -0.8747001 -1.1641839 1.8824141 1.363823 2.8851254 -0.86778325 0.4505036 0.85365665 -0.5676163 -0.7250109 3.2116587 -0.058587793 0.25294444 0.6311761 0.30412284 1.1010065 1.2193869 -0.9527381 0.5311568 0.83650386 -1.1357229 2.7887478 2.0370207 1.7150865 0.43923298 0.6345596 -0.74333644 0.25549978 0.32966682 1.0171348 -2.289778 1.1167703 -1.9267251 2.3216157 0.46440995 -0.115546346 0.8700022 2.3351262 0.89117146 0.09814007 2.3017762 -1.1514075 -2.2623456 -2.3346388 1.3588305 0.18563509 2.9145277 -1.3633362 -1.2740499 1.3068613 -0.8378878 -1.0528715 -1.4356588 -0.6749559 0.64913404 1.5177224 -1.9288632 -1.4810345 0.096769035 0.7053505 -0.5805561 -0.110744774 -0.89034 -0.15962705 1.3594018 -0.18235607 -0.19107467 1.4812512 0.96287405 -0.5200933 0.67961466 -0.34396908 -0.86559045 -3.3456542 0.0015122575 0.6658803 0.22377376 -0.6394627 0.78823507 0.09894879 1.0866623 1.3559302 0.26835766 1.0369364 -0.2612744 -1.1440144 1.1203388 1.3617468 1.0008461 1.4530864 0.46963918 -0.37847224 1.1089451 0.8097975 0.9343002 0.16975659 -0.9433751 0.4503896 1.3289573 -1.0213168 0.83696127 -0.9118138 -0.60401064 -0.9855493 -0.5519071 1.7480978 -0.36473042 -1.631054 -0.45695275 -0.26816654 1.2744838 0.5833021 0.89587384 -0.24085791 2.4022484 -1.340084 0.3042753 0.52261555 -1.499733 0.59151995 1.5560654 -0.9111695 -1.1304822 -0.76711327 -0.32924703 2.5885932 0.4402536 -1.1665593 -0.2470336 0.41107228 -0.52465093 -1.2734091 -0.31156823 -1.8425182 0.48134005 0.26556724 0.34478655 -0.36509034 2.0063877 2.0458937 0.5562056 0.2829023 1.3595293 -0.622661 -1.8740128 2.3030682 1.5661767 -1.0622847 0.13628589 -0.073139906 -1.126285 -0.24793911 1.0089995 -0.34649882 -0.71998507 0.485368 -3.815066 -0.310987 -0.70648926 1.5945786 0.068018675 0.8262573 -0.76210666 1.1241013 -1.0807543 1.6270413 2.1767097 0.13824907 1.0047584 1.6467525 1.9336761 -0.24679793 1.9096248 -0.48002514 0.13343334 -0.90616864 0.7032146 0.25052816 1.1243175 0.56966007 0.19151315 -0.5585334 0.9388172 -0.104614735 -0.19815767 -0.878068 -0.7707816 0.7865918 0.1037716 0.1523019 0.075586535 0.20069668 -0.7210696 -0.38332224 1.0207281 -1.515907 1.0249671 0.8944774 0.5952871 -1.3236264 0.33314008 1.7497863 -0.5035199 0.8886204 0.7624002 0.7083476 1.4587042 2.07044 0.41855395 -0.103570126 0.9842734 -0.50635195 1.3550066 0.030817669 0.6492423 1.4877466 0.76939696 -1.8019804 0.49187508 2.3718908 -1.0687281 2.6295514 -1.7257905 -1.4700179 0.88379437 -0.7799331 0.9307173 2.0990005 -1.5540006 0.66916656 2.681302 0.9258319 2.0449567 1.479983 -1.3137643 -0.0152802495 0.76295304 1.8677423 -2.4771984 -0.07660581 0.015356354 1.691996 -0.22659044 -0.18861398 0.14906487 -0.09524086 1.9903802 0.5418091 1.8418796 0.6258121 -0.9667019 1.2273086 -2.6046867 -0.21299763 -2.1579452 0.50946 -0.67251235 0.20255592 -0.3003832
vitlök 0.15291926 0.96440494 0.7431676 -1.8502806 -0.69410753 -1.6218636 -1.1058047 0.53796923 -0.84163624 0.2550966 -0.08890341 -0.74972916 0.16725184 -1.8900975 0.54415977 2.1182814 1.7806438 -0.19136241 -0.4286541 1.2240525 -1.0289598 1.7030672 -0.70989203 -2.0948608 -1.1926862 0.549318 1.376997 0.5483679 1.2248682 -0.6736796 -0.720624 -2.476694 0.15065713 -1.8472311 -0.7776633 -1.4918611 -1.3085601 -0.82547843 1.1398717 -2.489054 0.072534434 -1.311428 -0.50738823 -0.65918297 2.3613708 1.8232919 2.7208126 1.7660544 -0.764856 1.5552412 1.2289672 -1.2652462 -0.24988997 0.30144882 1.4985951 2.5058584 -0.32694063 1.3830343 1.429834 0.5667224 0.11573396 1.0434352 -0.12854034 0.26505682 -0.49487728 -0.6915679 -0.3070535 0.58076733 -0.67587733 0.9896182 1.571728 -0.6624519 0.9595271 -0.3999466 -1.2410136 2.4685647 -1.8224249 0.4843219 -1.0892621 -1.195857 -2.557308 -1.3891436 -0.6120351 -0.43441832 -0.5974134 -0.8861251 0.3773724 0.6017876 -1.4141495 2.3044343 0.041244876 0.8412191 1.406916 -1.3153101 -1.3762463 1.5660366 0.41686723 -0.5151617 -1.9411479 1.0710018 -1.8467126 0.37743235 -1.0142741 -0.06529384 -0.14415143 -0.09916849 1.7698697 -1.0024855 -1.3406836 -0.8713752 -1.392525 -1.2604256 -0.94834954 1.1671035 -0.8785213 -1.5906293 -2.6790738 -1.5245148 3.4839451 -1.6966218 -1.7231951 -1.1609836 -1.8082922 -2.3450491 -0.99251866 -2.2557962 0.23441742 -1.5861932 -2.0521262 -0.8671425 -0.57571304 0.7160922 1.4335619 -0.85974216 2.444569 -0.2884053 -1.2434694 -0.526867 -1.2605176 -1.3244456 1.1164554 0.7017051 0.016418781 -1.4501498 1.0116367 2.0257463 -1.820644 -0.8834503 -0.69640845 -2.1958203 0.38322163 0.22694504 -0.28205886 -1.2926089 1.5099884 -0.62890315 -0.6151234 -2.5653365 0.55850977 -0.87772006 0.7530617 -0.19385648 0.7901436 0.9413198 -0.3739514 -1.6940018 1.1670952 0.6715083 1.5136899 -1.8379422 -0.93240696 -0.12261189 0.7720214 -0.37043738 -2.1311243 -0.7037582 -1.5918276 -1.0756314 -2.003043 0.5143741 2.753265 0.6826178 0.5951528 0.34846842 -1.4299878 -0.13859507 1.9329323 -2.1209831 2.3067222 -0.3452439 1.1339129 -0.6404479 -1.9523414 0.31193945 -0.36414772 -0.02334606 1.343255 0.96341527 -1.4145604 0.8734892 -1.4747764 -2.0120785 0.8113723 0.0647804 -1.306895 0.6671057 -1.3538346 -0.56683415 -0.3952141 -0.30565104 -0.9678616 0.0106188655 -2.620188 -0.18806411 1.289995 -0.35598898 -1.3206816 -1.1239789 0.66622365 -0.5425989 0.4683928 0.580781 -0.41252157 0.13827537 -1.3644568 -0.12268484 -3.2299583 -0.31582436 0.8042662 0.28969333 -2.3077998 0.6205631 -1.2720053 -2.398323 1.0945452 0.0905928 0.61230797 2.150266 -2.0267467 -1.1886219 -1.5060499 -0.37956053 0.050269436 2.9166386 -1.2188148 1.7795396 0.39140603 2.9330618 0.48446402 2.6779213 -0.6077432 0.6603451 -0.45278525 0.06358743 0.472548 -2.580052 0.14528784 1.8618686 0.16216356 -1.1512972 3.0083592 -0.0092064785 3.8485918 -3.284925 -1.346935 1.7772976 -0.5550881 0.3325324 1.0094159 -0.26788893 1.1015416 1.6257621 0.8815417 1.3876128 1.43051 0.20627423 -0.5574461 -0.81208986 -0.41792682 0.72921664 1.449004 -1.2627038 0.09268802 1.9206941 0.0067014014 0.736545 0.19243051 -0.4171903 0.9974842 -1.6184422 1.7740283 0.7057752 2.6157746 1.7050091 1.0005729 -0.12288901 0.42813653 -1.4932883 0.501247 -0.9718422
honung -0.9651099 2.3700948 -1.62327 2.0965781 1.9113743 -1.0895205 1.1494961 1.1283473 -0.5642519 -0.6901833 0.3820643 -1.120886 -0.8178518 1.3005396 -1.3799856 -0.99779195 0.51956075 0.9878648 -2.9966002 -0.079303086 -0.42024308 0.5860762 1.4033831 -0.5851571 3.1450472 0.27642542 -1.0866994 -0.63229483 -2.3896227 -0.15770371 -0.20070294 -0.8559012 -0.60255045 -1.322662 1.3351458 0.013574978 -1.5170716 1.481161 0.49572545 0.9822314 -1.2341493 -0.25923806 -1.2835082 1.4145654 0.7321104 1.4188148 0.87850446 0.23075874 -0.01901953 -0.066291995 1.2118992 1.9139892 -0.70314807 1.0985975 0.48889783 0.013147169 1.0558066 0.3441014 0.35937253 0.53923345 1.5171465 0.22764735 1.4875072 -0.77305156 0.8726158 0.9068186 -0.12511641 1.8936769 0.46106043 0.17988671 -0.5911838 -1.7313496 0.03488843 -0.18447474 1.5621146 0.27411968 1.8691815 1.6782957 0.9383416 -1.1565571 -0.16719683 -0.09705502 -2.0140953 -1.0792866 -0.5087914 -0.5438753 0.10966412 -0.0058860653 -0.46704525 -0.40738338 -0.16400069 1.5194646 0.32318643 0.3547074 -0.10656322 1.62613 -0.8313798 -1.0825901 0.13380446 0.5099928 -0.59930587 0.79830843 0.5929033 0.3203916 -1.7104357 0.30820432 -0.22038823 -0.14684838 2.3748472 0.8589052 -0.13220473 1.0088037 -2.2401116 0.42977777 -0.42765617 -0.48140427 1.5527061 -0.56814045 1.9166946 -1.4482402 -1.942597 -0.28679234 0.075361215 0.2664749 -1.5946295 -3.0669706 0.044016648 -1.7063395 -0.9155248 -0.4913646 -0.1944364 1.9095552 1.1895683 -2.1660044 -0.34189743 -2.6114109 1.7857134 -1.2559295 -0.46337456 0.47685948 -0.81399 1.9828925 0.26738 1.1630892 0.68847674 -0.15713598 -0.017845334 0.10488707 1.0015765 1.2238129 2.0887249 -0.8645961 -1.3786341 -0.4197729 1.4258099 -0.29221785 0.6971789 0.5598235 -0.46205625 -0.7270196 2.2303503 1.3402563 -0.35589644 -0.86203635 -1.9027796 -1.1963217 2.0431786 0.4399615 -1.5753312 2.0487487 1.7069802 0.57107943 0.11584654 1.7959024 0.5832183 -1.2921594 1.7193277 1.1002599 -1.9508185 1.0857781 1.8315723 -0.90700424 1.3140507 0.70083195 -0.11800127 -1.6676632 -0.7944126 -0.55661875 0.6076883 -0.3168458 -0.28135803 -2.3272507 -0.39206246 -0.8045887 -1.290339 -0.22969732 0.15511163 0.24440885 -0.031453382 0.22409081 2.4867563 -1.0965912 -1.4196371 -0.29692438 1.5302265 1.0988281 0.5700026 0.037354965 -1.2346095 1.2157537 -1.4226207 0.50938094 -0.63786334 0.5297564 -1.6979061 -0.59747 -0.4568652 -0.15955444 -0.57637453 0.58288044 0.64750415 -0.74811584 -1.516632 -0.93980163 1.2229638 -1.1587845 -0.3243281 1.3006035 -3.66338 0.07680308 1.0704556 -1.4188282 -0.8749448 0.43294483 0.37444162 -0.7916627 -0.9265057 -0.84449893 0.3901842 1.4324223 -1.2270284 0.76144063 1.6609509 0.6057912 -1.5903993 2.038517 1.137215 0.18404168 -0.1123554 0.4750686 0.77238715 -1.5197663 0.2871192 0.14231806 -1.2181532 -0.84251356 0.7917418 0.76717126 -1.0358217 -1.2247013 1.2463053 1.4845897 2.6593232 -3.026502 -0.1333287 -1.3334515 2.175137 0.66628605 0.5511898 0.73386157 0.4232396 2.1570647 0.43052724 -2.680205 0.2751721 0.8585665 -0.02199773 -1.9021027 1.6995145 -0.83784616 -1.2746316 -0.9979595 -1.2291752 2.0968442 -0.6973537 -0.46545076 -1.3239594 0.24900271 0.85136604 0.35167482 0.8417456 -0.50226074 -0.1180881 -1.5637522 0.056530464 -0.9491183 1.257254 1.3929834 -0.16701506 -3.0215216
körsbär -0.27872086 2.123432 -2.639507 1.515994 0.93837273 -0.92097694 2.6327627 1.0788661 0.10288989 -0.618058 -1.3916423 1.3043952 -0.009568107 1.1040584 -2.5678182 -1.8766181 -0.20408887 1.2348766 -1.0993505 -1.8494895 0.25527635 -0.17161262 3.0857515 0.09536343 2.5091116 -2.1417027 1.8089185 -0.46036163 -1.5975946 -3.0548117 -1.0127877 1.5577124 0.8820454 -0.7067479 -1.1860833 0.46444893 -0.25477386 0.7501928 0.91433984 1.0152209 -0.11212247 0.57849956 1.304606 -0.23970976 2.4419992 -0.88360333 0.9117994 1.0275296 0.17063001 -0.6207388 0.58252084 2.027026 -2.5028648 -1.6352446 1.9417742 -2.3557992 -0.37236816 3.3833897 -1.2327819 2.8570585 2.3293355 2.2391436 1.1540377 0.84819734 0.81920534 1.9831096 0.67244756 0.6737265 -2.7594213 1.7938666 1.5575199 -0.41326496 -0.19309804 -0.20575953 0.9885854 -0.16885264 0.6521814 0.14314765 1.8288133 -0.8432069 -0.7200439 1.6694207 0.818899 0.42915577 0.20944522 -0.4539415 0.6451622 -1.0675073 0.12708673 0.4338396 -0.22484326 2.7867742 -0.9492912 1.8933661 -1.3570094 0.9573858 1.4845011 -0.42498615 -2.4729345 1.0467169 -0.2615844 0.82694185 0.80951697 -1.0200164 0.43573466 1.5923346 0.012591554 -2.0789766 2.8544466 -0.31178024 0.94241124 1.3439728 -0.15701142 0.52753747 0.4883504 -1.1428431 1.1900961 1.2994273 1.617345 -1.9450351 -2.0011122 0.4707574 1.8185366 -0.2887175 -0.6362635 -0.8958516 -1.9982865 -1.4954818 0.8830866 -2.2150993 1.6041207 2.8900545 1.1814154 0.35342562 0.40432295 0.024178224 1.8666952 -0.47615817 1.5550177 -0.3257606 -1.2587503 1.9541793 -0.28276014 2.3095808 -0.7141597 0.53681666 2.2487583 -0.25594613 -0.75028193 0.30654562 1.2281747 -0.8247206 -3.0416355 -1.09098 1.2758133 -0.8067116 0.9526243 -0.01633948 0.74364907 -0.7964573 -0.32076496 1.7732614 0.40614593 0.49572828 -0.7484011 0.3388321 2.2698557 1.603672 -0.68401957 1.5233843 0.97874266 2.4273238 0.7791228 1.464567 0.62005687 -0.5783758 0.7927476 4.0334287 -0.1900072 -1.8537041 0.7852938 0.96128124 -0.13255392 -0.33926097 -2.4599311 0.5641046 -3.4900022 1.3507749 -1.2573006 -0.33803102 -1.9162658 -0.58402085 1.818363 -1.7623531 0.07059269 0.4887113 2.020745 0.52231705 1.1780556 -0.10604634 2.285127 -1.2631403 -1.4065586 0.97480994 1.6060096 -0.056455977 0.044683512 1.2779912 -2.2360945 0.7108587 -1.4130676 0.39352882 -2.6238215 0.8742033 -1.6937859 -0.10070315 0.6499237 2.6287172 1.1545712 -1.9101254 1.7285291 -0.006263937 -1.1354301 1.13753 -0.4856701 0.6525363 1.0087547 1.320896 -1.6402991 0.66235936 -0.48892736 -1.7765914 -0.120532535 -1.685906 1.1729723 -1.2236345 0.8591263 0.76330763 -0.64169276 -0.05427597 1.4578562 0.89308906 0.42775765 3.1717336 0.6891567 1.3445553 2.9224744 0.3966726 1.0256541 -0.73310494 -0.117333576 0.67972386 -0.593146 0.65688753 -0.76460993 0.08327457 1.8572974 2.9811606 -2.0521438 1.5106305 0.9873819 0.16032779 1.3741695 -0.25549954 -0.14765435 -0.61174256 0.7206351 1.106055 1.2413177 -0.11346697 -2.9088476 2.4115002 -2.7547753 0.25242057 -0.20583871 0.08940709 -0.34462073 -1.1263256 0.7160974 -2.1671994 -0.8405433 -0.7508921 1.6260103 1.1764268 -1.2160572 4.1185684 -2.3053324 -0.020012444 1.5110801 -2.0274472 0.33862087 -0.8080378 2.1624634 0.33279994 -2.3910754 0.2538634 -1.3309987 -1.4751369 0.7859767 -1.2284766
bensin 1.9766496 -1.4437474 0.26442304 1.5677633 -0.48373047 -1.2867609 -0.2952573 -1.6263466 0.7426131 -0.8053232 0.6031976 0.046075642 1.3023607 -0.2396669 0.053201105 0.364602 0.86291015 -0.47688526 -0.92177606 1.8830034 -0.33608887 1.4252846 -0.25767872 -0.6820201 -2.382267 -1.1660545 1.0933154 -0.5325288 0.7908156 0.014508521 2.2330582 0.97660136 1.1302432 -0.9571147 0.0697579 -0.13705914 -1.6812214 0.7639876 0.50719297 0.7186253 -0.36337596 -0.54203504 0.9756252 -1.4358357 0.44050527 0.8562917 1.0880839 -0.95809644 -0.17133448 1.5379546 2.7004867 -0.69267094 0.26888514 -1.4638939 0.83016884 -1.197594 -0.58683866 -0.27601272 -0.26646745 1.8022314 -0.28710264 -0.6337097 1.2638943 1.4097558 -0.2923107 0.65042144 -0.45977905 -1.8086029 -0.93532497 0.79396516 -0.4455909 -0.56876016 0.27812225 -0.9136768 -1.288787 2.0494576 -2.2084131 -2.2123926 1.1130877 -0.597967 0.48429084 -0.047747448 -3.207203 0.6065247 2.3664534 -1.2543174 2.3781862 -1.0530778 1.8422796 -0.037716083 -1.6548457 2.2020419 2.2879853 0.97193354 1.1770793 2.6371286 1.1715348 1.1907696 -2.2480798 1.0794914 0.7941211 -0.21105914 -0.25991908 0.30642876 0.20970838 -0.9495384 -1.3277907 -0.17132272 0.07401664 2.7703846 -0.099992275 -1.0885805 -1.3297694 1.2978125 -0.013791584 0.6874354 -0.5227291 -0.04539527 1.8481909 0.69060296 0.3924008 -1.0824808 -0.11080187 2.3337245 -0.24530609 -2.165984 -1.9161956 0.48102278 -1.1322556 1.1061302 -2.0826695 1.8730487 1.694829 0.27123266 -1.3108948 -1.5231574 -0.39863124 0.99271077 -1.3476182 -1.8243314 0.29686406 1.7061474 -1.3824267 1.428427 -1.8968303 0.80634266 -1.2161013 1.4380488 -3.2769938 -0.73438 0.0075781317 -0.038391497 -3.0110247 -0.86781836 -1.1596522 -1.2722155 1.3117545 1.0371234 -0.49291417 -0.36552486 -0.7732322 1.6208079 0.8105478 -0.5071108 0.1754065 0.5302007 0.36443466 -0.64731586 2.3286645 -1.1243912 -1.492742 0.62626874 1.678543 1.3093412 2.360419 -0.5487183 0.55577576 0.53286564 -1.2626667 0.43208745 0.29330477 0.30997682 0.85128033 0.8046861 0.1842443 2.1266499 1.7187636 -1.8261962 0.67925537 0.790217 -0.9190227 2.4892662 -0.31667495 0.5699498 -0.74879634 0.18407825 2.8249786 0.5959399 -0.7893628 -0.15448894 -0.12161109 -1.1049135 0.27317926 2.3085158 0.90159804 0.97327536 1.9530932 -0.82056785 -1.061819 1.5813366 -1.1969289 -0.1251774 0.5491201 -0.035839338 0.4861069 1.4662828 -0.40939733 -2.9529824 -3.6421406 0.15861492 1.3505982 -0.3077172 0.62339705 -0.75420403 -0.9016796 1.1576055 -0.1945008 -1.7534121 -0.7079062 0.9705835 -0.15733081 0.39510146 -1.1918375 -1.4956806 -1.2118912 0.10502211 0.18419999 -1.5581781 -2.3822992 0.85907656 -0.4662051 1.820312 -1.4730841 1.9281468 1.1216223 0.30741373 -0.97335887 0.925956 0.21152918 0.41622704 -0.6701096 -0.14118445 -1.3752354 -0.42785636 -2.086412 -1.2082099 1.5789175 -0.65664047 -2.89521 1.0198318 1.2369138 0.179003 -0.102457285 0.094225444 -0.67282814 0.61207557 0.8045301 2.1917958 0.29762706 0.12493691 0.05207066 -0.8726145 -0.97651494 0.21856467 0.76094866 0.2431465 -2.55977 -0.3974479 -0.93515617 -0.72251415 -0.8501345 -0.18593735 -1.2582237 0.61043185 -1.0416024 0.25235677 -0.042338952 0.007946134 -1.0761703 -0.1514149 1.1741393 -0.6188153 -0.06012883 -1.0917256 -0.32870674 0.8551092 -0.48413742 -0.4523783 1.0686387 0.020048086
djur 0.7752127 -3.8389056 -0.25881895 0.39073342 1.2881666 -0.6716652 0.27317125 1.7426333 0.49887428 1.8019431 -1.1335781 -0.2997731 -1.5825219 0.8044863 -1.7196006 -2.0292504 1.5199412 0.46306333 0.16374357 -0.049148586 0.44919157 -0.47706714 -0.57823867 -0.108427376 0.965776 -1.1528908 -1.2850138 -1.0503707 -0.5177619 1.2697382 1.718911 -0.84688526 2.314228 1.6569662 1.7893336 -1.0910625 -0.07725281 1.7284324 -1.1163234 1.1730436 -0.062710114 -0.46082696 -1.3614538 0.6420471 -0.64254797 -1.4551461 -0.2198275 -2.4607275 2.2236977 -0.11005727 1.0419852 -1.8473182 1.4415755 -0.33747584 -0.46793112 0.27092445 -0.47955492 -0.49643296 1.1592408 -1.2415034 1.368438 0.877278 -0.48109812 1.3700043 0.18465973 0.34936264 -1.2836794 0.70607466 -0.56937695 -2.126249 1.1687598 -0.14908049 -0.7160786 -1.362362 -0.75232404 0.6144929 0.74760956 1.1943156 -1.7344472 -2.430944 -0.26969302 0.3765667 3.3771446 0.88114727 2.6184525 -1.2863196 0.36553565 -0.810483 1.0254242 -1.0919317 1.1985793 0.6705095 0.6337682 -0.046007186 2.3187287 1.9659641 -0.85257626 -1.9129677 0.30904925 0.94708586 1.763804 0.25737423 -1.1569095 -0.314376 0.6022387 -0.47167605 0.10100578 0.36251393 -0.41516247 -0.14487089 -0.08090348 -1.4128884 1.600507 1.487106 1.6608822 -1.0413158 -1.9154302 -1.2710018 0.39105293 0.590125 1.8693923 -0.7495214 2.0160367 1.6791568 0.25619102 1.1023438 -0.95281297 0.45524967 0.8003585 -1.4399244 0.23166919 1.3925173 0.79180086 0.17866579 -0.59750307 -0.7200365 -1.8710951 -0.43399853 -1.9834957 -0.45762262 2.968342 1.477877 0.055402674 -1.8879747 -0.9589988 2.4756804 1.2491022 -0.69284976 -0.7370777 1.865978 0.71306604 0.5052683 0.8852847 0.0717977 1.0030683 0.50234187 1.7864832 -0.7875652 0.037202325 0.62168825 1.0952636 0.3570852 -0.9917413 0.30774444 -0.9669868 -1.3160605 -1.8578594 -0.59498924 -1.9263515 2.3796685 -1.4042075 -1.5103753 1.3863791 -1.0616733 -0.3729548 -0.74234957 -1.2351787 1.8547188 -1.4270298 0.9419321 -2.3865607 2.8978083 1.360987 -0.48787594 1.4362776 -0.29676548 -1.0123503 1.0528011 1.5399584 0.15310371 3.5594623 1.713866 -1.4996072 -0.04853761 1.8686893 -0.72902536 -0.2120382 1.3472836 -2.7041135 -0.079090744 -1.2888396 -0.9555881 2.1772792 0.4390857 -2.1189132 1.836293 -1.237488 -0.5013674 0.013532592 -0.74132365 0.27249408 -0.17610948 -0.41838577 1.1237935 1.0513619 -0.6700636 -0.3297151 -2.0952225 -1.5381186 -1.4147513 0.16307196 3.9291203 1.0278102 -0.16385832 2.957403 1.7157539 1.6907833 1.7123816 1.6063906 0.022477154 0.14830922 -0.07022997 -0.63498557 -0.8533883 -1.3021257 1.9721689 -1.4367249 -2.025641 0.6901897 -2.0904965 -0.7971047 -1.2157627 -0.33152694 0.2425822 0.87054664 -1.5094792 -1.0937093 2.6635644 -0.55450296 1.0575154 1.3977133 0.7032933 0.91368073 1.278125 -1.6759003 -1.1488861 1.6899576 -0.6615888 0.50264 1.3426344 1.6664566 3.5676768 -0.80280185 1.3358474 -0.8046314 0.10729403 2.097903 -1.1515934 -0.8903284 1.4352859 -2.1597245 0.2732322 0.42314276 1.9676766 -0.62089497 0.076968126 1.2201548 -0.59570825 -0.34608188 -0.08957379 -1.3853712 0.34384668 1.5364038 -1.397843 -1.002079 1.6821246 1.6470602 -0.22207525 1.0693603 1.218512 -2.3568842 1.0969535 0.12735425 -0.1285671 -1.1457944 -0.7061976 2.233165 -0.8304475 0.272938 -1.0276564
persika -1.1089207 2.5422158 -0.91392416 2.1326618 1.0022649 -0.39993036 0.25918934 1.1109484 0.64251864 -2.1807446 1.7799585 -1.6596601 -1.1375186 0.5009789 -0.14122711 0.0053607733 0.887635 0.070717916 -1.824828 -1.4857389 -1.9146295 -0.934974 1.3521541 -2.3764043 1.9117568 0.058198012 -1.1409762 -0.78864217 -1.6080436 -2.4612198 -0.33518824 -0.46879858 -2.540099 -0.6096278 0.86272854 -1.9755485 -0.6557876 1.3345088 0.6240821 -0.3065268 -0.42726994 -1.3517896 -0.44266832 0.6846527 1.306527 0.6889719 1.7766474 0.30138034 -0.7917586 -1.0452125 0.59099793 1.1415771 -0.84527934 -1.1932267 1.6724124 -0.8484655 0.65662336 0.49953058 0.18463513 -0.7211329 0.6726644 0.923963 0.20569019 -1.5538646 -0.3886513 1.3670403 1.4909056 2.530349 -0.6004572 -0.61524004 -0.2972138 -2.2812026 0.47970182 0.4517246 0.14258838 -1.7971877 -0.50284433 1.1455076 2.3188574 -0.16921051 -0.33642352 -0.51005155 -1.3102118 -1.3172269 -1.0883083 0.46176714 -0.73256457 -0.0101660285 0.19415809 -0.07677697 -0.5703063 0.2394188 -0.5179568 -0.06825674 -1.0571645 1.5908284 -1.0315329 -0.48994178 -1.2013874 -0.94258124 -1.5797637 1.2105303 0.5882491 -0.590343 -0.82797235 -1.0289005 1.367035 -1.365291 1.3752253 -1.8200737 0.46469083 0.26186845 -0.38298422 -0.016123068 0.8565626 -0.15266326 2.2749016 -0.2943488 0.120015524 -2.8530757 -1.176044 0.4452409 0.23676819 0.54468906 0.55186695 -1.4797593 -0.74078465 -0.6763988 -0.67577535 -1.305881 -0.8461261 0.81019545 -1.3429723 -0.17536691 0.73061186 -2.6639993 1.2269137 -0.7951974 2.1565776 -1.0058606 -2.1675959 0.13650385 -0.22962844 -0.04010164 -0.25347778 1.0330099 0.75452584 -0.32522848 0.26416677 2.7696948 0.93645436 0.5102939 -2.150181 -1.0453311 1.3776207 0.10381749 0.64678335 1.2771851 0.014163486 -1.0513443 0.7327156 2.8725986 -0.7580949 0.19862731 -1.5880157 0.09014048 1.5622939 2.5600424 -1.4216093 3.488264 -0.10016327 2.6844661 0.19871087 1.3429565 -0.4979385 -1.4549109 2.0735512 0.18705134 -1.9382181 0.55112404 2.1377501 -0.16491915 1.5325836 0.8927612 -1.8102643 -0.5449372 -1.0220149 0.68863946 0.7300907 -0.038655173 0.11932021 0.010059889 2.048898 -1.3349919 -1.0836283 0.0047050104 0.9855029 2.9936538 -0.62551826 0.88619316 2.6963878 0.09351197 -1.1792033 0.96402 1.4332864 -0.35663122 2.5247614 2.1726782 -1.4114223 -1.1661036 -2.1434593 -0.25782904 -0.5941332 2.2349572 -1.2032511 -0.59370476 -1.9622295 2.645841 -0.4954141 0.5897906 0.31162977 -0.18121849 -0.34467044 -0.40675676 1.3065445 -0.40359378 -1.7673137 -0.34920344 -1.588331 -1.5451635 0.4601387 -0.2756712 0.5662604 0.8679688 1.5333502 0.40114784 1.2064222 -0.63167906 -0.13911004 -0.17346868 0.29658768 2.4738293 -0.07989717 -0.114688054 0.8685305 2.4415224 1.3144485 -0.0016012678 -0.31308642 -1.6447794 -0.4040985 -0.044530634 0.4607098 1.9108623 -0.8617429 -0.4806336 1.2438848 1.8598839 -2.6322129 -1.2194947 1.2760367 0.5849062 1.456507 -2.2236023 -1.7441009 -0.96290106 1.7717721 -0.16167338 -0.49163464 0.5139132 0.6434091 0.7433383 -0.19201632 0.16246891 1.5861605 1.6336446 -0.13561103 -1.9238592 1.4249722 -1.8305568 0.50894606 -0.3413155 -0.6964464 0.109602 0.6902894 0.37823233 -2.4377232 -0.2872199 -0.9085227 -0.049029943 0.22458193 -0.41981444 1.2890369 -0.3351426 -1.0322026 -0.44369188 -0.26577383 -0.11122556 -0.64010614 -0.39059952
ägg -2.4379847 0.6207981 -0.115685076 -0.028974038 -1.4107587 -1.8317409 -0.36635664 -0.27858767 1.3680524 -0.3853254 -0.21781118 -2.0341668 0.22837284 -1.1128855 -0.14679873 -0.66954744 0.48287413 2.7253332 -0.002497628 -0.5137087 -0.34428623 1.0963402 0.123912476 0.66956747 0.27374065 -0.8781601 -0.15897015 -2.4226658 1.2712084 2.2955604 0.81115663 -0.06974103 0.4168641 -2.3670595 0.69245964 -1.3984233 -2.223966 -0.3065794 -0.21332471 0.98691714 1.4345711 -0.6842001 1.0363659 1.15341 1.5844021 0.50325817 -2.4174578 -0.9335825 0.6848082 1.4639132 1.1056393 0.18143088 -1.4702473 0.3834313 -1.7989566 0.4866781 -1.529647 0.7935173 -0.18695307 0.5641706 0.19210614 1.28294 2.27115 -1.5977154 0.0015567893 -2.0143118 -1.3181016 0.81303465 0.4671753 0.92175066 0.058357097 -1.2852021 0.11624409 0.6415599 0.27109405 1.3998142 -1.6348908 -0.21134965 -0.43651992 -0.91868013 -2.0780034 -0.2988412 -0.28842807 1.521859 2.1884382 -0.4725378 0.6117275 -0.8749617 -0.045466382 1.1858262 -2.0763657 -0.8199201 1.1591609 -1.6272613 1.5403333 0.5756669 1.3511922 -1.9086986 -0.6701691 2.3672285 -2.6803708 -0.55383813 -0.1844456 2.585569 -0.6421062 1.0726703 2.7978375 -0.07720334 -1.6134048 0.09728184 -1.5784743 1.6895138 -0.6360559 3.5065398 -0.26037228 -1.4020373 0.33128446 -1.9690182 2.240733 -2.5467854 -0.7488882 0.73543155 0.093072504 -0.27982107 0.4897965 -1.527332 1.1640687 -0.8961339 0.29677868 -0.5934038 -0.969454 2.0579844 -0.10807795 -0.048633803 -0.5486727 -1.0352745 0.24764791 0.9154068 -1.2714328 -1.6439487 -1.9229349 1.8356159 0.6066135 0.5102052 2.0454173 -0.15019287 1.0289205 0.05665295 -0.690582 -0.45320317 -0.8397757 0.47928146 0.78133565 0.021484314 -0.09050259 0.9344634 0.3385416 -2.0550692 1.39402 0.1094704 -2.0466943 -2.3876219 0.2627783 -0.716246 0.8668887 -1.2287024 0.42790708 0.8748703 1.1940968 -2.7536712 -0.8821757 -1.3493695 0.5401991 0.6234956 -2.2188647 0.4590078 1.0247496 -0.31825846 -1.1148164 -0.29614472 -0.37478632 -0.44585067 -0.895541 -0.38745385 -2.4822798 0.01655699 0.15006413 -1.1116792 0.090239376 -1.1492943 1.2448897 -0.20365375 -0.4696906 2.436326 0.5570154 0.27696905 2.188649 0.43352407 -0.03178878 -0.57140285 -0.48673162 -1.4040897 -0.21960439 -1.1113471 0.6497969 -0.8970894 -0.44493318 -0.17885053 -1.2532703 -0.7011361 -0.21905878 -1.2121291 0.7433817 -0.35342538 1.4011528 0.18358321 -0.32233095 0.69531024 -2.493701 -0.0116212135 0.12312418 -1.6481552 -0.52930355 0.24380462 -0.8358133 0.45446637 -1.8805168 0.07708057 -1.9459027 -0.45064148 -1.7041323 -0.5969579 -2.005155 0.40083674 0.38572887 1.486468 -0.6578545 1.0881366 -1.178163 -1.1899328 0.39680484 0.8685583 0.736818 1.8220853 -1.7561966 1.3488145 1.8650926 0.53924024 1.5859784 1.0250485 -2.020635 0.5701011 -0.7417603 2.1761973 0.29618493 -2.7326884 -0.5054699 2.1573043 0.59620816 -1.5381917 0.75915647 0.97225875 2.2241044 -0.6889328 0.7680561 0.36163 -3.1473403 -1.1484686 0.64137053 0.027927505 -0.9151866 0.34137613 -0.21044414 1.2245475 1.1909806 -0.24329522 -0.2300523 0.41633153 -0.3095478 0.28260744 -0.06884486 0.9664998 0.9165187 -1.4272759 -0.48896787 0.08313537 2.7345362 2.3237913 0.30723506 -0.7526966 -0.8775446 0.677835 1.8158633 -1.7716479 -1.2239621 -0.7524943 1.2005318 0.76859426 1.3101808 0.4063943
mint -2.0856318 1.4791887 -0.4160978 2.4970343 0.78083867 -0.14024246 -0.24355589 1.4781636 -0.84397095 -0.40532762 0.48950344 -0.77755815 -0.2987289 2.2199354 0.49558666 -0.63969344 0.6661253 0.16611764 -0.43073186 0.723763 -1.7634661 -0.23144075 3.0000432 -0.4522268 1.6088902 0.78417003 -0.9565098 -0.39182293 0.08996558 -3.0306275 -2.1318746 1.1089704 -1.4320588 -1.248347 -0.36220562 0.04792904 0.9586107 -0.72693866 -0.8815629 0.38135925 -0.05087034 -0.35832748 0.0875612 0.9964798 1.714937 1.217726 -0.8828627 -0.28397188 -1.0127809 -0.38881943 2.2841947 1.0785568 -1.1640927 0.3630632 -0.34044534 0.3486807 0.55162543 0.27657863 0.42692852 2.4885426 -0.24716972 -0.76204574 -0.027358094 1.8134165 1.3063904 1.5376977 0.09230141 1.2180237 -0.16296656 0.8466037 2.0946357 -1.7042626 0.4290849 0.01449227 1.1343737 0.8382541 0.36514997 -1.2008789 -0.1645194 -0.9881654 -1.5007857 -2.280462 -0.15247369 1.1159736 0.8531209 -0.6448185 -0.37829563 0.7901717 -0.098843895 -1.6861988 1.1238497 1.8558018 -0.65290654 2.1238136 -0.14034224 0.9233978 -0.092183955 -0.5959701 -0.8348145 -1.4910426 0.80770177 0.16823336 0.5619252 -0.0047127423 1.145315 -1.2108613 -0.40166473 -0.8433676 1.5724062 -2.4685168 -0.16528153 -0.45673314 -1.5397136 0.24782361 -0.46898308 -0.50129217 -0.8084318 -0.30990323 -0.095174454 -1.6795576 -0.5121373 -1.6664302 1.4340577 -0.2001006 -1.6570635 -1.0998412 2.2073736 -0.052596103 -0.65463084 1.282562 1.0515473 0.27661613 -1.9251878 1.6181666 -0.063620344 -0.41428238 1.7826561 0.97666186 1.3123084 -0.7126242 0.50670594 -1.0142417 -1.0733724 1.0694371 1.0389179 -0.9896067 0.54257846 -0.9569619 0.0052303267 -0.10156063 2.3213806 -0.15259695 -2.321004 -0.4092646 0.8821168 -1.7984357 0.33803096 -0.18316968 1.7039082 -1.2142544 2.0564992 0.09860615 0.58734745 0.25244412 -1.5597898 -1.6069921 0.42572844 0.56063676 -1.7270118 -1.8471031 0.93322396 2.3049603 0.29166934 0.77208704 -1.6107635 -0.28993246 -0.18935588 1.5705594 -3.4022474 -0.48739484 2.1708512 0.5562227 1.0767714 0.0012250486 2.2030604 -2.1485457 -0.8244175 1.1686065 -0.58692235 0.4997374 -1.4480534 0.4360623 1.3837963 -2.7650313 -0.72360206 -1.5158844 1.6114907 1.4042661 0.9614105 0.22325219 -0.09869294 0.24418075 -0.22654122 1.5409793 -0.4130044 -0.6882366 2.1534302 -0.03942599 0.42796287 0.24697539 -1.7563132 0.21558909 -0.73676324 2.2148 -0.14149566 -0.06445057 -0.5178815 0.8257358 0.013834456 0.91853625 0.67021173 -1.4781386 -0.6492391 -0.24019025 0.5930112 0.18304077 -1.1647668 -0.90027946 -1.8805196 1.8101224 0.7998054 0.08260863 -0.76234007 -1.770833 -0.9087392 1.5164132 0.73238987 -0.6966252 -1.1298314 0.47973055 0.58469915 -0.24390498 2.8288014 1.9655986 0.90130836 1.1479007 0.57204884 2.102675 -0.24525519 -0.43961424 0.20406489 0.38514146 -0.78591263 3.1586747 1.9386315 -1.619607 -0.41963616 1.4200497 -3.274374 -1.2390363 -0.18624994 0.0166312 2.351399 -1.2305276 1.6866056 0.4124234 0.14168374 0.84064776 0.64056754 0.3361503 -0.77953297 0.10764444 -0.92243475 1.1450585 1.5502983 1.3933105 -1.0490282 -1.0734516 1.333227 -2.1372037 -0.03919361 -1.3274386 -1.029688 2.354421 1.1574098 0.95646006 -0.94518316 -2.1400638 0.63364893 -0.06648989 2.7092795 -1.7721403 2.1722522 -0.7447936 1.8218807 0.63000906 1.1947472 -1.2978294 0.85766333 -0.4856421
blod 2.705943 0.8879894 -0.33023834 1.7536404 3.1466784 -0.8496136 2.2480059 -0.33042413 -1.8070817 3.2367446 -0.20749322 -2.3679147 1.2053626 0.51863164 -0.12832218 0.049066205 0.6940564 0.4669298 0.36060745 -1.7520093 0.016590508 -0.35866043 0.8047314 1.4782839 1.2448589 -0.3924713 -0.38083 -2.643907 -1.8429832 0.28184435 0.88051015 1.9558614 1.4733396 1.0167177 0.8328412 -2.0811064 0.7341039 -4.15369 -0.5385563 -0.10725259 1.5748283 0.7703901 -0.70346576 -0.8991552 2.0193455 0.3165872 -0.34236085 -0.09126363 1.3148116 1.1454352 2.7763171 -0.4575332 1.3520594 -1.3980311 -0.11847506 0.31571993 0.55939186 0.1279837 0.35272658 -0.20692223 -0.16898274 1.1749291 0.95388675 -1.1778568 -1.3767278 1.0114187 -1.1300257 1.0584627 1.2881275 -0.6328376 -0.8981857 -0.9020484 -0.2734091 -0.019232504 -3.0650072 0.5947107 1.9640003 -1.9389358 -0.675424 -0.10008901 1.5264101 -1.7503285 -0.5668178 0.33865273 2.2538679 -0.63944685 1.7199093 1.0143497 0.71286106 0.085236415 0.71633923 1.8142978 0.34566182 -1.1632724 0.031185923 0.85782945 0.62517726 -2.302018 -0.6649653 -1.0733429 -0.6666509 -0.3884821 0.3351377 -1.9248924 0.26092687 0.014576581 1.6706506 -1.5167342 1.6749707 -0.3094112 0.40240926 0.24613583 -0.6893829 2.0859559 -1.5744727 -0.40411574 1.2020584 -2.622629 2.1848752 -0.554015 -1.0005202 0.33833736 1.9169837 -0.5746835 1.2899655 -2.8621798 -1.7185547 2.390729 -0.0875382 -1.1108503 -1.0920467 2.5760689 1.1642674 -0.39139366 0.42823344 -0.17216726 -0.34358594 0.58134234 -2.0225408 -2.8419511 0.8817717 1.3131407 -0.4736151 0.48719245 0.5369919 0.51785207 0.47678828 1.5202729 -1.9569489 -0.118085615 2.2980645 -2.3067472 -1.6522001 -0.98592466 0.9161032 0.32301638 -0.26072773 0.12009143 -0.24587148 1.2222587 -0.5341873 -1.0443442 0.060211986 -2.6884327 -0.30240956 -1.2167554 0.8916701 -1.0079775 0.5140198 0.019793388 -1.8364911 -0.66115034 1.141538 -0.878419 2.2294052 -1.0823565 1.609807 1.5011903 0.26835668 0.24636634 1.9141266 0.66759723 -0.34035993 -0.3452225 1.1816727 -0.42139062 1.6256775 0.744308 -1.0796418 2.9117162 -1.8180466 0.21194339 -1.7803389 -0.093218304 -0.7602093 -1.0510826 3.1178138 1.0683379 -0.56220007 0.64000934 -0.4890547 -0.7950749 -1.5128173 -0.5080273 -1.5529875 0.39176196 -1.245328 1.5204394 -2.3604472 1.960732 -1.6872199 -1.0918454 0.046300817 0.41468635 2.6129081 0.668161 -0.9650111 0.2738749 -2.068086 1.0220597 1.1484959 -0.0771663 2.3027744 -1.3826497 -0.38621727 1.9627897 0.23866056 -0.07070349 -1.7957222 0.78418326 0.3044369 1.9578267 -0.42034265 -1.5324197 1.4060127 0.83214766 -0.44243327 1.3734969 0.16619892 0.20037912 -0.5146132 -0.97694683 0.65180224 3.775981 0.8503095 -0.9071872 0.5480935 0.45554048 -1.0849332 1.0749811 0.091128714 1.046481 -1.0787363 -0.5247487 0.07730539 -0.29184386 0.94786346 -0.22556894 0.28862563 1.2882107 -1.4418857 1.6804317 -0.19138332 -0.3739863 -1.1087804 -2.0499058 -0.81056607 0.94997376 0.75772184 -0.50328314 -0.71298444 -0.32335567 1.875067 0.43018806 -0.5149136 1.9630231 1.0357397 0.9695711 -0.5481818 -1.847867 -2.6057122 -0.35360223 3.7633514 0.8750921 -0.61944246 2.0294309 -0.6824992 -1.257613 1.3300855 1.1564274 -0.039122317 0.90982527 0.8250998 -0.52052313 -0.32229513 -0.8132646 3.3903387 -0.40548572 -0.17057917 0.40657964
ost -2.3539033 1.8681133 -0.088169515 0.2782161 0.29911283 -2.0968614 0.16385649 0.35914204 -0.12402701 0.7619009 0.5163733 0.1431486 -0.11823898 -1.0786445 -0.35253152 1.8930022 0.1533603 -0.024706978 -0.87881976 -0.20807168 1.5511882 1.106374 -0.48704356 -2.2283752 -2.0777836 1.1404028 -0.35231197 -2.0943155 0.57708085 0.60118115 -0.77049655 -0.41382477 -0.98628914 -1.7619517 0.3760221 -1.5304818 0.39056957 1.7971225 -1.1305547 -1.0207721 -0.22447 -0.91154295 -1.1652156 -0.32034796 -1.270593 1.1893206 -0.62277514 1.1366334 -0.7315731 1.4455389 -0.45745713 1.1483839 -1.1983843 0.780357 -0.24760947 1.3151953 -0.924501 0.8229863 1.5681605 2.2290728 -1.5620207 0.55475897 0.5567046 -0.8590018 -0.9394143 -0.5491555 0.58685315 -0.008742975 -0.041824903 0.50395304 -1.5836238 -0.56150997 -0.9927194 -0.42643768 -0.02243308 2.745815 0.04018601 2.4161975 0.3283593 0.031357203 -1.8295298 1.1383097 -0.71550184 -1.9415252 0.6372419 -0.86860365 0.9037131 -0.32597134 -1.0457995 -0.6841593 -1.6687568 1.3650235 -1.2350584 -0.4748996 -0.41825956 0.64869845 0.20061693 -1.7802771 -2.1971862 0.9897007 1.1414224 2.0894988 -0.20907122 -1.051886 -0.29264823 1.0686538 2.298003 0.92960304 0.9342938 -0.9639458 -2.2037518 1.6233405 -0.46659794 0.58954424 -0.40831968 -0.46553802 -0.87613124 0.29480705 1.9080769 -2.290935 0.036760043 1.4817405 -1.4983574 -1.8467517 -1.1999928 -0.23423606 -0.32341608 -0.71396035 1.6173035 -1.0688764 -2.52731 0.5512848 -1.0558078 -2.6010015 0.5359677 0.69524246 -0.56968397 -1.4196005 -1.4335977 -0.68421245 -0.09803565 0.72390026 -1.6593043 0.35875723 1.9732246 0.14791404 1.5085019 -2.5360582 -2.4704478 -1.6583397 0.29984805 1.6567907 -0.111665234 0.6264118 -0.15925455 0.81217873 -2.4962475 -2.6098115 0.34678534 0.8461107 2.6808314 1.487326 -0.5734819 -1.4994704 -0.16366845 0.4227612 1.5913163 0.06580159 0.66415876 -2.2137008 -2.0683067 1.1873904 1.7044926 -0.95344394 -2.1937492 0.74133545 1.0487889 0.4017728 -0.30472386 0.05565617 0.15435986 0.44703785 -0.51448905 1.161347 -2.4808295 2.3003109 0.19313058 0.61164165 0.45502907 -1.1815226 -0.29484758 -0.7520285 -3.1173446 -0.6888786 -0.6220398 -0.7386064 1.3885477 1.2208601 -0.3527078 -1.4694172 -2.632693 0.5915238 0.059155304 -0.6590377 -0.020257968 0.3055366 1.3615257 1.5363243 -1.5000261 3.267859 -0.21774547 0.58358264 -1.5041492 -0.6005632 0.9164437 -0.9335315 -1.0003726 0.54159796 0.026975872 -1.4315648 2.217696 -0.51118654 -0.023893248 1.1875873 1.2346127 -0.1748579 -1.578315 1.2273098 2.485424 -0.22276539 -2.388735 -0.44407153 -1.2459723 -0.70726085 -0.81856686 1.047788 -3.5011346 2.0776207 -1.4614136 -2.3252532 -3.1478548 1.3766392 0.40310398 0.7128221 -0.72092175 0.28261682 0.29956958 -0.21072055 -0.40057477 -0.06515167 -0.1021216 -0.33759803 -0.43391994 -0.50392747 -0.8907192 -1.1982217 2.0083716 0.7399994 0.6590059 -1.1777837 3.7933981 -0.19640645 2.0660155 -3.3670073 -0.20281218 0.22747421 -1.5349406 0.50138336 1.9938593 -0.77367336 -0.2089633 1.4016907 1.9180957 -0.5364327 -0.15426095 -0.7203612 0.75847065 0.5264679 -0.65028983 -0.46103963 2.6091692 -1.2933972 0.5482041 0.06629756 -1.7787231 -0.49962974 0.38618022 1.3167634 -0.8454448 -1.6177016 0.78714186 0.3055183 1.9324552 -0.7450682 -1.4848706 -3.5521085 -1.6483233 1.1692494 0.69216144 1.9758296
lakrits -1.2456839 2.2823918 -0.3698287 1.6829318 1.5202788 -0.7172123 -0.1456376 0.9194969 0.34817696 -1.6177288 0.2723022 -0.6153071 -1.1804932 0.18987198 -0.56787205 -1.6058422 0.06437366 -0.25279987 -0.4156086 -0.1010793 -0.30539453 -0.9972099 2.6964192 0.673849 0.9819615 -0.37474838 2.134947 -1.0682968 -0.5688989 -0.79041916 -0.4021059 -0.39764228 -0.54632145 -1.3395348 -1.6320697 0.016331078 -0.5997667 1.1991426 -0.49949512 1.2442412 0.50418866 -0.9301058 0.23322481 0.9788719 1.9432988 1.43257 1.7556672 1.5380898 -0.0315041 0.2033895 1.1860096 1.6460322 -1.6489295 -1.0977558 0.88553405 0.15095541 -0.8701563 2.5070007 1.0539455 1.9293954 1.158919 2.0317433 2.0675755 -0.31078094 -0.24957764 1.5567789 0.3256666 0.7111734 -0.8872386 1.386151 -0.4151305 -0.8253292 -0.25864133 -1.4245076 1.9936587 0.3723806 0.6178156 -0.25715414 2.1012368 -0.1608765 0.0029160841 -0.10999644 1.0520358 -1.3649123 0.856949 1.1701655 -1.3060431 1.2613556 -0.31608012 0.18351701 -1.7574103 1.3194165 -2.2621667 2.7664526 -1.071296 2.038779 2.138532 -0.25615624 -2.985092 -0.4375974 1.0748714 2.6566596 0.4454386 -0.78449595 1.5728902 0.79095 1.4604968 -0.4763553 1.5020429 -0.54895014 -0.09409598 0.8139855 -1.6740574 2.001481 -1.604297 0.62082684 -0.36238834 -0.07062735 0.5013405 -0.4950343 0.19731899 1.000871 1.2993164 0.45575592 0.36050388 -0.09003538 -2.5219748 -0.20272627 0.9964136 -0.011993192 -0.4621708 2.22575 0.64511806 -1.0622227 0.79445434 0.13467762 1.0694511 -0.100840375 0.85799885 -0.3006582 1.3446133 0.66640604 -0.9545144 0.37013635 0.82282656 -0.17559706 1.4282548 -0.43995717 -1.0888839 -0.74904203 1.9294782 -0.69769156 -2.6386917 -0.5655639 1.5548502 -0.9360026 0.70042586 -0.19199848 0.5084744 0.08625004 0.5246153 1.0787272 -0.15968417 -0.22638933 0.14578329 -1.2002933 1.0308795 0.19364007 0.11133704 0.07919277 1.3902336 0.06509587 1.2853817 -0.37599504 1.5052315 -1.4812173 0.7539285 1.7520751 -2.042513 -0.1595465 2.0072207 0.18141013 1.3268379 -0.45623016 -1.2487186 -0.029835107 -1.2760327 0.63645196 -0.34922597 -0.6703209 -1.6823118 -0.7622668 1.2695059 -3.2071028 -0.5870546 -0.6059745 1.0440551 -0.0008913399 1.8580563 0.62152976 2.4824927 -1.3531594 -1.4248552 0.14293051 0.01375009 1.0610541 -0.5077693 2.4235187 -2.5302784 1.31727 -1.8383741 2.5609977 -1.3586239 1.2588253 -1.3990259 0.49801475 0.99404055 3.3177407 -0.5873601 -1.2278721 0.73169285 -1.1821877 -0.8655822 1.2269909 -0.63771474 0.25402188 0.03675692 -0.22139038 -1.2766131 2.2908592 -1.2596097 -0.54728115 -0.73799026 -1.0081363 -0.13145198 1.1865728 0.18415764 -0.86410606 -1.4903984 0.92989874 -0.6157713 -0.30820954 -0.7847782 0.93979424 1.2248245 3.2984853 0.42538917 -0.2988642 0.38843775 0.7301664 1.5279602 0.3709152 -1.2081301 0.36006793 -0.20867406 -0.1874969 0.07504026 0.41093805 -1.4837128 0.8333879 -0.13748842 0.1652726 2.066834 -2.0104308 -0.9692945 -0.26903176 0.9051674 1.4159356 2.0058126 -1.2359943 -1.4494098 0.27218664 -1.1100441 -0.5940331 -0.0475156 -0.10720766 -2.3202755 -1.6455173 0.054066207 -1.3218665 -0.21520391 -0.61203396 1.1075952 -0.43689725 -0.81305164 2.4692264 -0.33706117 -2.620791 0.7369304 0.47108573 2.4345527 -0.45823774 1.9980395 2.39179 -0.15371722 -0.7262622 -0.47458145 -0.6294199 2.7609904 -1.5491189
lök -1.1272928 -0.13014129 -0.84608436 0.51046216 0.18454549 -2.1156702 0.80170536 0.74322295 -0.062429402 -1.5660468 -0.8778824 -1.038092 -0.5298024 -1.6605961 1.1200619 1.1827382 1.291982 -1.8782748 -2.7279184 -0.5603535 -0.2381086 2.3764732 -1.1267248 -1.2990762 -1.6191537 0.5287593 -2.0205836 -2.2718434 1.8791271 -0.012842821 -2.315828 -1.6933485 0.9333112 -0.91266507 -0.7134276 -2.4505665 0.49079278 -0.65172255 -0.81801045 -0.98060954 0.050615795 -0.9703576 -0.15121925 -0.6220784 2.6103845 0.9785589 1.1025212 0.22743534 -1.7615592 0.106357984 -0.3357048 1.2658405 0.21353668 1.1327019 -0.20030485 1.2984288 1.167433 -0.07865815 1.2824581 0.4309793 0.8932012 -0.24802947 0.97599036 -0.29523396 -1.0236286 -0.8377035 -0.059288636 2.9600956 -1.4225992 0.7944158 -0.14762376 0.027965305 0.045287233 -0.37730932 -1.383196 0.7086957 -1.0303618 -0.78353626 -0.09944158 -0.38768566 -2.601643 -0.606376 -0.6671215 0.49876574 -0.7519981 -1.7340233 1.5226068 -0.065946266 -0.8045869 1.0677354 -0.8043276 -1.2978954 -0.13491121 -0.3742 -0.4268752 0.0683893 2.443445 -0.09950793 -1.0643176 0.5415094 -0.4294169 0.5281945 -1.2546506 -0.24225996 0.94769615 -1.7034324 1.4558365 -0.53412205 -1.029268 -0.7483843 -1.7371025 -1.3127892 -0.96252185 1.8165158 -1.1549677 -1.7783501 0.5518397 -1.1862729 3.3967438 -2.7083342 -1.7335896 0.16735849 0.1071723 -0.64182085 -0.7270899 0.5038288 0.49390528 -1.46132 -0.50496775 -1.20904 -0.18743081 0.6559464 -1.606389 -0.0862209 0.27431256 0.17438473 -0.47200933 -0.1486385 -2.2781444 0.093437344 0.01566176 -0.31926587 1.5907423 -1.423335 1.0563344 0.23018059 -0.95669997 -0.83335036 -1.2998338 -0.5669615 2.5074651 -0.60909265 0.5037325 -0.9238639 1.0165418 0.21819659 -0.64039856 -1.7337469 0.850218 -0.9284241 0.2627753 -1.3202716 -0.67505836 -1.743373 -0.76049995 0.6363535 1.2705783 -0.76438314 1.665096 -1.1734645 -1.4397837 -0.38178822 -0.003916784 -0.23296437 -1.3379929 1.6507638 1.9539003 -1.4629914 -1.0641924 0.9153586 -0.5692133 -1.293752 -0.16104212 1.2732584 -0.49123168 -0.9753264 1.7666157 -0.42823815 0.8390294 1.3212056 0.06829519 -1.1190397 -0.7564338 -0.2536721 -0.008734569 -1.0821267 2.7965844 1.228639 1.20155 -0.681294 -2.762675 -1.8173612 1.5397528 -0.2594821 -1.7895818 1.0267152 0.04032796 -1.3493469 -2.014495 0.727813 -0.24595983 -0.55652887 -0.1358545 -0.7779478 1.9309835 -2.4720635 0.47435933 -1.7342409 0.4487401 -0.8998203 0.09697577 -0.952815 0.3563595 -0.29893598 0.26965126 -0.12984611 -3.1273003 -0.8499043 -0.6991491 1.1385716 -3.146912 -0.5739228 -0.9237373 -0.782949 0.45172206 -1.2506844 0.1376297 2.2812717 -1.8989074 0.18075536 -0.9092817 0.50078696 -0.17168528 1.6971992 -0.52104795 0.49742195 0.34597263 -0.97084516 -0.5302333 1.9728234 -0.9691853 -0.5599188 -1.1802229 0.084213294 0.44635049 -1.0231253 0.25872558 1.9935523 -1.0779495 -1.0630245 3.9585803 1.859531 3.0973406 -2.6477642 -1.696338 0.7761218 -0.7997872 -1.6103086 -0.67357457 -0.34603056 -0.5855854 0.45332396 0.3323903 0.19681324 2.3608015 0.5652212 -1.3463281 -1.134791 -0.6266084 2.3277056 0.24635845 -2.0171387 0.2860477 1.1534582 -1.7086204 0.0351928 0.7609123 1.0812142 0.4200876 -0.56537443 1.3399423 0.6384218 1.4083688 1.0318358 0.09526895 0.25890803 1.0632132 -0.56741625 0.5458889 -1.2448251
tobak 0.52348787 -1.330906 -0.37016934 1.8274249 2.1247554 -1.178183 0.4824364 1.9341542 -1.4723552 -0.54199374 0.90204763 -1.1127014 0.037748013 2.7624547 -1.3069252 -0.4114545 0.76490414 -1.2122505 -0.8991251 -2.5005481 -0.31131706 -0.2840301 0.5295126 0.5237443 -0.27479124 -2.1668866 -0.43768334 -0.859721 -0.90368056 -2.8399875 0.19121467 -0.80539525 -0.44619077 -1.3586278 0.98454785 0.36328328 -0.907596 0.32385015 -2.294182 -0.66766685 -0.9103014 -0.13317372 -0.70955014 -2.4066842 2.411032 1.813681 0.10172996 1.5621413 1.0674636 -2.2471354 1.1795578 1.1513759 0.44801956 0.21059841 0.095294 -1.3404907 -1.0951164 1.0138426 -0.560536 2.1133223 2.2063472 2.8557112 0.46347892 0.24932124 -0.6665516 2.013471 -0.27891877 2.128459 -2.0334713 2.2814615 -1.2405384 -0.7403952 -2.6503043 -2.400428 0.41986382 -1.0543 1.0929018 0.71447814 0.74807936 -2.0470152 0.2992416 0.90598655 0.19840299 1.3515433 0.5305424 -0.43096778 0.8705384 0.59301424 -1.1452934 0.6477601 -0.5729142 1.6455684 -0.7190391 2.9522924 0.5575607 0.9808947 1.2308587 -0.5475222 -2.9585378 -0.88284177 0.484529 0.8692025 1.8465602 -1.2100612 -0.18798815 0.3268863 -0.51128685 -0.071264595 3.1198108 1.5955664 1.6596565 -0.62791324 0.07264379 0.8298152 -0.28614348 1.0320834 0.06616284 -0.45384577 2.239916 -0.7702712 -0.0808368 1.456587 -0.5856603 0.50496817 0.4161905 -1.1776807 0.07828177 -0.45645747 0.7896263 -2.7258432 0.13073193 0.17802548 -0.26372984 -1.5439122 2.3070953 1.4257156 -1.5051608 0.8307782 -0.4294216 -2.0584655 0.91118306 2.7756543 -0.5767035 -1.3183584 0.86060256 1.0598385 2.518814 -1.0002697 -0.7295615 -1.3137604 2.9179401 0.46703312 -0.5292186 -0.728627 -0.3109823 -1.3454702 -1.6056895 0.82872176 1.2604072 1.2972981 0.34431273 1.3136748 0.23485199 -0.3493156 -1.6981136 -1.1213338 1.4946254 1.1672801 0.27483255 1.1034927 -0.13612363 0.5435337 0.9136851 1.835816 -0.55187297 0.53782856 0.95595497 0.9762224 -2.0604997 1.131464 0.5505129 -0.43635678 0.32034132 -1.7598768 0.7594071 0.8622054 -0.124217466 0.49527282 0.51619303 1.5666653 -0.15347895 0.2847713 -0.4788326 -0.6633155 1.2067589 0.09085539 0.54845166 0.80799234 -0.005948262 -0.47401726 0.32055458 -1.0547487 -1.7707916 -0.58938307 0.0738855 1.5792619 -0.7894162 2.7450943 -2.0939164 1.6873186 0.74284494 1.5473012 -1.480182 3.1557443 -1.7606661 -0.29890677 2.1197743 -0.52874345 0.64647514 0.45623773 -0.50274897 -0.447893 -0.43398073 1.0666646 1.0624453 1.4780396 -0.47677234 -0.239535 -1.181206 0.89312124 -1.0914376 -1.5839901 -0.53145725 -0.09585016 1.8285149 1.0540863 1.1697884 2.8759866 -0.07852687 2.7681923 0.24894784 1.4797885 0.57816446 2.6949732 1.8928723 2.2207232 1.0193498 -0.9635718 0.7972973 1.9710343 -0.8109363 0.06934012 -1.701003 -1.4449768 -0.23482601 0.026895434 1.4696795 1.1895219 -2.000844 2.2211058 -0.11080745 0.93067884 0.24126197 -0.71799284 0.101049915 0.82637 -0.98535746 1.860939 0.83205366 -1.257105 -3.4188309 1.1052825 -1.0292851 -0.86524016 1.7503604 1.2224524 0.34654292 -0.31739122 -0.41949454 -0.25567424 0.9108459 0.883514 1.0064325 0.16013776 -0.4326327 1.5658238 -1.4518864 -1.0686989 0.761027 0.7178587 0.77032727 -0.38138655 -1.1446552 0.97427106 1.0340981 0.6558821 -0.47292075 -1.3529384 1.1282585 -0.6254988
grapefrukt -1.3009677 1.9724537 -0.7435176 1.5370295 1.8294663 -1.345394 2.2468648 2.0936954 -0.5744791 0.66745806 0.49605605 -1.3844622 -1.6386123 1.4876326 0.42179745 -0.6561721 0.9229035 0.6790276 -1.8351686 -1.8483975 -0.62817615 0.8043356 2.6906278 -1.6989323 2.540012 0.7789824 -1.1541861 -0.11749554 -1.0049416 -1.2952237 -0.533354 -1.2179683 -1.60113 -1.2225901 -0.5438516 1.294044 0.44848782 -0.5560668 1.8084629 0.9001592 -0.44215414 -0.5863417 0.52198917 2.1485248 2.0157216 0.9277432 1.7821009 -0.41248628 -0.50592804 -1.0975214 0.42170036 1.8952475 -1.0808686 -2.0843346 1.3714862 -1.200839 0.25585032 0.61482733 -1.6675824 0.6887064 1.2606466 0.97984856 0.7766372 0.25518316 -2.1328447 3.1865773 -0.06876136 1.2554463 0.39244297 1.1986352 1.1429147 -2.499212 0.35870394 0.88362736 0.9876071 -1.3090689 -0.07811963 -0.1700009 1.3665744 -0.79934084 -0.78782934 -0.7132318 -0.46981758 1.1706072 -0.5797874 0.7495346 -1.3203204 1.7694426 -0.933041 -1.2718352 0.21274133 0.18292978 1.0437771 1.0000627 0.31894934 0.8355218 -0.8695826 -0.6977721 -1.294449 -0.16088545 -0.62204397 -0.21213308 -0.2634341 -0.37255 0.5276237 -0.5332646 0.99768513 -1.9418421 0.25290897 -0.70818746 -1.6124636 -0.5914366 -0.29440644 1.3942481 0.2529589 0.81672645 0.91085124 -1.1442893 -1.0963644 -2.8003862 -0.60113513 -1.1756688 0.8906491 -0.39697447 -0.99517053 -0.6821624 -1.0905308 -1.8386308 -0.4187235 0.80353326 0.07770343 1.4298328 -1.4846386 0.98569393 1.0788966 -2.134307 2.259803 -1.1882054 1.0111644 0.2525956 -0.22095336 1.4816318 -1.0216451 1.1019179 0.6618329 -0.93757707 0.9907743 -1.1655196 0.52047837 1.0448052 1.4798695 -1.8194813 -3.0681405 -0.8762156 2.0707302 -2.3346686 1.0772738 -0.18728915 1.6316441 -0.7283235 0.8735415 1.3539857 -0.41670045 -0.042913318 -0.6922834 0.9303552 1.4232278 0.5587601 -0.0898029 2.765604 1.6717678 2.751147 0.9227599 1.535938 0.07514037 -0.5816286 1.9627815 0.9321911 -0.047856443 0.24342908 3.0697553 -1.1826135 -0.065038994 -0.28498077 -0.759015 -1.2898973 0.010450387 0.1583063 -0.4541392 0.22009188 -0.14804839 -1.0644498 1.6453061 0.7196249 -0.62755156 -0.30827248 -0.77057064 0.9009666 -0.5939979 0.36091697 1.8450359 -0.7482092 0.6549824 1.4174628 2.4640288 0.7197729 1.4510009 1.9148331 -2.9653845 -1.9350376 1.2526293 0.262842 -0.9961746 1.2226889 0.67474663 -0.17533728 -0.8931804 2.5908546 -0.3568951 -0.50347435 1.2248157 -1.9536848 -0.8012531 -2.2602012 0.38561276 -1.5004239 -1.987017 -0.71349907 -1.7744871 -0.4943384 0.24560043 -0.55410653 0.1079161 1.0671805 1.5186672 -0.9896278 1.8837141 -0.3722862 0.15061432 0.8796094 -1.8485307 0.4740748 0.77964896 1.0750992 2.9640844 2.409035 -0.7654333 1.1316211 -1.7916601 -0.4510903 -0.8085218 0.07415888 -0.31252474 1.1694168 1.590408 -0.2751221 0.8053301 2.2247157 -2.7617104 -1.8376852 0.45652187 0.80809104 3.225009 -0.6025933 0.1481754 -0.4363869 1.3216352 0.13130125 0.39590916 1.4721164 0.8614853 -0.21167575 -1.1096355 0.38020667 0.58445 1.3441674 -0.32599744 -1.2371067 1.2413656 -1.9256375 1.0957417 0.85071135 -0.5553254 0.7228385 1.7312621 2.5810668 -3.040156 -1.1621981 -0.9281167 -0.7471834 0.76672447 -1.3211086 0.9918951 -0.62026876 0.9757795 1.2799232 -0.33302397 0.1903818 0.50112206 0.26254514
urin 2.047741 -2.780439 -1.2083522 -1.5095886 -0.5525254 -1.4495368 0.7955926 -0.18482514 0.9451786 1.4596728 0.2922627 -0.31178707 0.11731308 0.04943797 -0.7376646 1.9752705 1.5524352 -1.0907112 -1.6399624 -1.7768792 1.6158417 -0.3161577 1.1207746 1.073094 0.17143862 2.750519 -1.7363534 0.6418439 -0.7755177 -1.1537644 1.2977419 -0.60616475 -0.7380114 0.8187967 -0.92909265 -1.710105 -0.431046 -1.8589497 -0.97501314 -0.19101726 -0.8639454 -0.2902867 -0.5870623 -1.4102361 -0.2235274 1.9343983 -0.58076966 0.7464829 1.5299039 1.4041481 1.7294335 -0.04648092 0.7914176 -1.5401341 0.6676951 0.17078342 -0.70575917 -0.12651771 0.58302414 0.29452 -0.91411406 2.6884224 1.541963 0.23130244 -1.0138471 -1.8759074 -0.9849505 -1.1203434 0.5962239 1.3644478 -0.763938 -1.3935907 0.15659223 0.19071136 -1.2812105 0.0048327507 0.05610526 -1.6955745 0.17179266 0.19298664 -0.34657827 0.78414005 0.5614421 2.383477 2.8435738 -2.3437018 2.0426702 -1.3633206 -1.0694519 -0.5387517 1.5362197 1.4195234 2.2380664 0.51530683 0.9269693 0.5413406 -0.21802758 -0.023091486 -1.5114744 1.0306919 0.52495164 0.5245897 0.08201125 -0.12585463 0.44192883 0.87844986 0.53316563 -1.2920792 0.52992195 0.4778556 -0.990578 0.12956467 -0.13135688 0.43817288 0.50939083 0.8847902 0.3903483 -2.7575374 1.9144663 -0.7405391 -1.1463685 -0.8761365 0.58070326 0.2827265 -0.6667884 -2.1950877 -0.28774136 0.6636487 -0.95316434 0.38766658 -0.270726 1.5975202 1.5207721 0.6723803 -1.0274976 0.8451845 -1.1940768 0.25463626 -4.2452707 -1.2508419 1.2929435 -0.023953004 -0.72052103 -0.64400464 -0.6019329 -1.3317074 0.3540781 -1.0805453 -0.12757842 1.1034416 0.7446773 0.8103912 -0.85049194 -1.4219968 1.2747067 0.7852914 -1.6457406 -0.515483 0.017728265 -0.17127086 -0.32269183 -0.108419456 -0.8860302 0.43123132 -0.13872267 -0.2773413 1.16039 0.039280493 2.3690474 0.5001502 -1.2310805 0.95578176 1.853279 -0.65074795 -0.5085361 0.6361741 -1.1411963 -0.2771329 -1.1986653 -1.237308 1.324109 -0.51165247 -1.5112885 0.9337708 -0.6852995 2.3693438 3.5553179 1.3966511 1.5526421 0.9047128 -0.24825934 0.4636348 1.0982617 1.2878093 1.4259865 -2.7960904 2.0026069 2.037062 -0.580103 1.7015952 0.552746 -0.18932492 -1.2869061 -2.2452924 -1.6166189 1.276263 -0.76913744 -0.11469802 -2.4469273 0.934144 -1.7662745 -1.5167258 -0.4850228 -0.92519325 1.0120052 0.9194321 1.0144153 -0.98889506 -3.1540403 2.2893732 -0.5166786 0.3391251 2.7597961 1.4950987 1.3137444 1.8503343 -2.61203 -0.16897357 -1.0668627 -0.40282887 0.05240099 -0.6466371 -0.8693091 -0.7170998 0.24463366 3.103053 0.27673137 -0.28648996 -0.10711729 1.4667687 -1.9902318 0.29534793 -0.15383515 1.3995568 -0.93904823 -0.46349502 0.7428807 0.8434663 -2.4826188 0.2716484 1.6804328 0.9574063 -1.1871194 -0.59004945 -2.8395329 -2.1330578 -1.1230949 1.7154393 0.5451456 -0.20524304 -0.66196644 -1.392583 0.19675775 -0.24801287 0.906764 -0.80198896 0.48150548 1.1697059 0.28034624 0.013129198 -0.52773666 1.0107756 0.044609822 -0.69360536 0.9954902 0.5347921 -1.1735984 2.3796117 -0.799717 -1.1629176 -0.6150532 0.4281 1.7455695 1.3986483 -0.027610658 2.5925608 0.39264798 0.11281002 0.8605202 1.9606742 0.11010041 0.41276366 -0.8188229 -0.62791413 -0.48732734 1.3874224 1.8224211 -0.33312827 1.8240746 -0.42044273
läder -0.4110004 -0.29894593 0.24128851 2.7209268 0.7993607 -1.741286 1.232023 2.812891 0.18165933 -1.3832982 -1.6103837 -1.1661403 -1.8207847 2.248941 -2.0149107 -1.3289692 0.3596849 -0.19568881 0.33944565 0.14713386 1.7403449 -0.17120236 2.1357162 2.2317681 1.6744838 -0.6788677 1.2642609 -1.4628761 -0.49614102 -5.2192335 -0.10254047 0.9057576 -2.0950496 -2.5551353 0.7046684 2.4015975 -0.7645432 0.35280865 -0.53265977 0.55148655 -0.6360267 -1.1220815 -0.4656107 0.045310136 1.0559644 -0.50421876 0.2272059 -0.17312354 2.1147072 -0.11342709 -0.5682418 0.66216546 -0.71608686 -1.208614 -0.021188742 0.2939518 -3.3831723 1.2328116 -0.2542887 1.4221005 0.28693923 0.32727256 1.914129 1.780728 2.8395984 0.8081108 1.5488902 2.8858287 -1.6802741 0.2222364 -1.9140528 -0.11458158 0.48435885 -2.8573499 1.412316 0.5817507 0.2821819 -0.18501756 1.9593079 -1.1907091 0.7363452 0.934446 0.5055797 -0.080818035 1.7639923 -0.51212484 2.153176 1.7292129 -1.1307563 0.7419367 1.2593372 1.2176633 -2.4548123 0.040439047 0.7950541 -1.1857563 1.8955075 0.68203187 -2.4286716 0.29843557 1.8967276 0.9849837 0.5578314 -1.1355015 0.22870693 1.035187 0.71459603 0.49490407 2.9515162 -0.017681813 2.2682402 2.272896 -0.6785808 0.29023296 -0.6823215 -0.6923234 -0.6921575 0.9012862 1.6660658 0.44546127 -0.30005717 1.0859411 -0.48147607 1.8499475 0.3964021 -0.7670609 -0.19690388 -1.2936025 1.3156165 1.4102281 0.044131123 -0.07043611 2.084141 -1.3163452 2.4857628 1.2043524 -1.2910709 -0.14850712 -1.7162805 -0.7624524 0.71217424 4.193035 -0.63577324 -0.24894243 0.8550543 1.1950628 1.1406862 0.5684508 -2.0181835 0.31280202 0.31010184 -0.84062165 -2.0478451 -2.2689657 0.53971803 -1.1229244 0.49659663 0.13354498 0.029017054 1.3899889 1.1758794 0.083083585 0.40522724 0.3426982 -1.895656 -0.3230743 3.5874612 0.05761776 -0.22913153 2.1744277 1.5879674 -0.78279227 -0.8336511 1.6669674 2.4205062 1.1616901 1.7284533 1.9090228 -2.6645958 0.13357773 0.54629385 0.21753934 1.3334624 0.8681321 -1.0197823 0.8477577 0.13241644 2.1272736 -1.1025862 0.029516429 -0.7671613 2.7601995 0.11740564 -1.1102561 -0.09687579 1.2516277 0.44233993 1.4586706 0.70362276 -1.8545483 0.4992491 -0.8685334 -1.011613 0.5008961 1.2354845 2.289744 1.229705 2.262768 -3.104377 0.78799057 -1.7224271 1.5300401 -0.63045007 1.9296218 -0.90465736 -2.611788 0.47143602 -1.1932235 0.41326824 0.455991 -0.29287258 -1.2934268 0.3490522 0.009184579 1.1785398 0.6957588 0.023572057 2.4248397 -2.0353427 1.2886612 1.4505831 -0.7591755 -0.7512137 0.17616886 1.481157 1.2426589 0.41815612 -1.112538 -0.38898742 1.3160282 1.0361246 2.0035236 -1.1846902 2.2898138 2.266574 0.36099213 1.0052981 -1.1645274 2.0706434 -0.36960757 0.7455808 -1.6283742 -0.27991098 1.170127 -0.34115738 0.7504523 0.80168504 0.7755257 -2.294885 1.0078775 -0.47805443 -1.6067108 0.05251923 -0.529321 -1.1325346 -0.1387951 -0.46792442 1.2946011 -1.4123838 0.027114995 0.23784073 0.20190908 -2.1894891 -2.381478 0.9866377 1.2188871 -0.31827718 -0.66541654 0.59113055 0.09345837 -0.41237876 0.6932815 0.8769357 1.3590822 -1.4951373 2.5119305 -2.3654406 -2.4220014 0.77652377 -0.072156325 0.65937275 -0.5670059 0.28971282 1.1162174 -0.47715837 -0.31939974 -1.4965217 -0.20627996 -0.4318474 -3.0012066
hö -3.1719835 -1.6311997 -1.1373979 -0.38461593 -1.0903158 -2.485747 1.9691745 2.8615923 0.6561912 -1.7986844 0.0994564 -2.1640978 -1.6587698 1.7437044 -0.5176936 0.3997318 0.68955976 -1.2748883 -0.52175796 -0.56749415 -1.386547 -0.593663 2.7551985 -0.7648321 0.5084158 -2.5047183 -0.12952296 -2.264012 -2.5741515 -0.25216737 2.0569837 0.80341476 0.79661745 -2.4641333 2.4631972 -0.1492075 -1.7526679 0.12995298 -0.11679152 -0.16458139 -0.84652466 -0.0672493 -1.0853704 -2.4595754 1.0501692 -0.12347506 -0.11365253 -2.5811124 1.7197467 0.19461192 -0.6549096 -0.8169837 0.9349329 0.11468067 -0.5660738 0.065332696 0.31900382 2.5636387 0.5137707 0.010584745 1.5575128 -1.6727221 1.7940762 0.2973254 1.9323386 1.4946474 -0.31750992 1.8038087 -0.025285259 1.7389866 1.9682494 -1.6009816 0.13477704 -1.2511865 -0.22851034 1.6630248 0.017744023 0.78796476 1.888152 -0.20848604 1.1707557 0.5075292 -0.78384197 1.801386 3.327 0.51369137 2.2113774 0.22933571 0.36047742 -0.14644973 -0.20338811 0.6334844 -0.29049647 -3.2110176 0.17542621 2.3590422 -0.62400705 -1.6259372 -2.0190642 2.662526 0.021179654 -1.1568763 2.5481544 0.13022748 1.7228189 1.0383337 -0.3190775 -0.9422021 0.42384917 1.7598022 -1.2991897 1.7251732 -0.5278799 1.782132 0.47463962 -0.7847283 0.014830058 0.26495498 -1.4101901 0.006569268 0.7050708 1.2101672 -0.9807391 -1.7129402 0.7368788 -1.239359 2.9743326 -0.20999779 1.7332808 0.31809884 -0.066653684 0.99100345 1.9961536 -0.48284554 0.5090663 -0.26214722 -2.4272232 0.39028633 -1.429755 -0.53810793 0.53477865 -0.65055126 0.6183997 0.4598661 0.3087842 1.130994 0.46179977 -2.590615 -1.1370051 0.59870374 0.5136792 0.3857837 -1.040823 -0.5097273 0.5441609 1.8517237 0.8055526 -0.17859581 -0.38755235 0.5465354 -2.1929631 2.00621 -0.70682615 2.2805035 -1.6636025 -1.7098254 1.6116709 -1.1482534 -0.9520264 0.9754178 0.47905868 -0.75301737 -0.97001857 1.0735825 0.96106863 -0.25566038 1.7679181 -1.0136704 -0.40303108 1.0363927 -0.6551094 0.020449959 0.5466077 -0.48718113 0.46868438 -1.0802479 0.06769224 1.1025128 1.7776806 -0.207691 0.12520394 1.2838707 -1.625467 -1.6398032 0.9919708 -0.22730719 1.7719133 0.8206122 -0.21392478 0.9659311 0.5188668 1.0750234 0.58875984 0.97122186 0.488186 0.12075172 -0.9683973 1.7075741e-05 -3.2105973 1.4826224 -0.9284923 0.3798655 -1.6921159 -0.6077364 -0.48696893 -2.6447206 0.5028897 -1.4485141 -2.6481116 0.22463831 2.1612756 0.9446326 -0.2396718 0.11727606 0.28146696 0.17223531 -1.1478252 -0.8083888 0.54798037 -1.0294231 0.30184296 1.0182132 -1.3642765 -0.6122209 -0.92045295 1.0841749 0.9133759 -0.050987516 0.19060408 0.21273778 -0.1715046 -1.550526 -1.4346836 2.1329699 1.0692328 -1.0014573 0.5305681 -1.3770574 0.53674 0.5430554 2.0314214 -1.5251962 -0.5039745 1.1274848 -0.42609528 0.075162016 0.49283215 2.0862927 -1.0663383 -0.43021628 1.544526 2.3342865 0.15919775 -2.0613172 0.016531926 -0.4332884 0.32717958 -1.430163 0.68295276 0.6535065 1.1800703 0.21491289 -0.52730095 -1.9681735 -1.0815774 0.84253263 -1.6857183 -1.7082653 -0.6721969 -2.2585096 -0.72410274 1.2877258 -0.75240415 1.1510357 -0.6101806 -0.042854965 -1.290129 -0.1963372 1.0971233 -0.2886191 -0.6557922 0.1077191 -1.7491466 -1.5818477 -1.5785885 -1.0868796 -0.17830692 0.2219188 0.42268723 -1.8849306
tjära -0.14968517 0.72804326 -0.29534984 1.6258392 0.14744925 -0.8787734 -0.3726043 1.198331 -0.5845181 -1.8952539 0.65777653 0.5755752 -0.31427518 0.97844386 -1.1180862 -2.1624968 2.3880007 -0.35656834 -0.50774026 -1.1978416 0.35432872 0.15213804 2.3199017 0.18877189 -0.04465469 -0.14186446 0.16327772 -1.9303894 -0.4500987 -2.3877358 0.9404014 1.5767281 0.3853061 -0.7531945 0.47775778 1.2144729 0.61276674 -0.17539811 0.10150977 -0.87606037 -1.1344151 0.4518325 -0.04371035 -1.1783743 2.031789 -0.9347117 -0.072530255 1.2228537 -0.9674313 1.1580062 1.1084262 0.6524664 -1.1492244 0.011431717 -0.94726855 0.46771815 -1.6742173 -0.09565533 2.1270874 0.50110835 0.51842445 1.1898571 1.3975194 1.9864539 1.4345816 -0.384721 -1.6702018 0.6795338 -0.10842648 0.48570374 -0.77763 -1.0308679 -2.0995376 -2.0795553 1.9251016 0.7549815 -0.5068399 -0.77859193 2.1730707 -2.0192432 1.1971357 1.0267887 0.7809686 -0.36441246 2.1073194 -0.06763021 0.4050669 -0.37117442 1.1616344 1.0161109 1.2493347 0.64042425 1.1041633 0.31231916 -0.6263235 1.6193612 1.7957802 -0.71285486 -1.1557816 -0.17652944 1.3229266 1.7252139 -0.7487639 0.74250984 0.17341125 -0.5301557 0.33094704 0.39437604 1.4878088 0.6288992 0.46671644 -0.3039402 -0.44819322 0.30236927 0.18886961 0.7522618 -0.58713895 -0.29242083 2.5991259 -0.851746 0.7602523 0.16423187 -0.08190788 1.040323 0.21121791 -0.5327568 -0.7763917 -0.58788145 -0.2461064 1.511333 1.6027287 0.22728762 2.1613433 -1.6337261 0.8470591 0.26770815 -0.7163802 1.4889925 -1.86727 -0.29515746 -0.7169677 2.5977051 -1.5417047 0.90740204 0.702237 0.21283709 0.8615677 -0.86446893 -0.76889706 -1.6551093 1.1667395 0.21959893 -0.92246556 -0.26909307 -0.12327742 0.40123063 -0.97988653 0.8896232 0.3960889 0.043744653 2.3216553 1.2832266 -0.49354294 -0.4533072 -1.3430747 -0.8824921 2.3115048 1.2407832 0.35984477 1.2752103 -0.9116407 0.6671056 0.69746506 0.9467955 1.1180639 0.4873905 -0.062395383 1.721098 -1.2513039 0.21207716 0.62886244 0.9280932 -0.3710296 0.3892913 1.6426867 0.8543752 -0.34761572 0.3010733 -0.13126788 0.024317062 -0.63690937 3.4815257 -0.4868668 0.7673661 -0.33279994 -0.6958972 2.894762 0.9646018 1.1109443 0.030751 0.46900433 -0.118342765 -0.4229741 1.0306163 0.07991785 -0.48749682 1.7702184 0.45214093 -2.5200748 1.073439 -1.6430045 0.4215558 -0.30928993 1.4854238 -0.94333464 -0.74257106 0.69016844 -1.152061 -1.5754133 0.84914124 -0.29224586 0.040701702 -1.2866367 0.22492617 -0.91019386 -0.19995394 0.4160614 -0.8571188 -1.0769734 0.89773196 1.2496786 -1.6376426 -0.4970898 -0.360639 1.2606634 0.639 0.71997905 -0.35446042 -1.1928539 2.3637278 0.8907038 -0.26638448 -0.9943061 1.8808299 -0.030597676 -0.42588693 0.065608576 -0.25063375 -0.9082047 1.733962 -0.51613533 -0.20956811 -0.91743416 -1.7856635 -1.2609025 0.98084855 0.4796457 1.2782496 -2.5733168 0.6944435 2.1398063 0.21943033 1.2988195 -1.8401762 -1.6917722 1.1385342 1.0397314 0.7608797 0.11366705 0.21006478 -2.077955 -0.87569296 0.14181381 -0.8821612 0.29372412 0.6623233 -1.5252261 -0.9264778 1.334121 -1.8301805 -2.500536 0.4651021 1.621313 -0.09775441 1.0008335 2.012971 0.18833376 -1.1951683 0.28480116 -1.3197016 0.07349646 0.67184275 0.4042815 0.59300554 0.4073821 -1.7465249 -1.0692531 -2.2970376 1.8172293 -1.8093464
svamp -1.6309638 -0.33931124 -0.2558601 2.142541 2.330213 -0.81748563 -0.65954345 0.617616 1.8397099 -1.5313134 -1.6554046 -1.5607334 -1.4168793 0.36768025 -0.1706982 -0.26769567 0.85703146 2.1614294 -0.20649742 0.6829028 -0.24837159 2.572868 1.8841623 0.81853086 -0.2127308 -0.1320589 0.4761466 -0.667434 0.6111528 -0.39157078 -1.5355166 -0.22929265 -0.19024831 -1.9234631 -0.2905627 -1.133084 1.1767783 -1.2884955 -0.41350687 -1.3654017 0.28880835 0.11416309 0.46301708 0.41682535 1.8986219 0.17468853 -0.8367005 0.4795212 1.2363741 1.0503621 0.16712897 1.4570366 -2.2056546 0.79178816 0.116535775 0.8633583 -0.6631098 -0.3704696 2.3514023 -0.7420055 1.6427572 0.3861917 -0.3581011 0.7232725 -2.4851618 0.86863685 -0.94046044 3.0811255 -1.4157574 0.5965637 -0.45924354 0.92184734 0.8073168 0.75782233 -1.0001385 0.4781588 0.03507047 0.16580206 0.99664927 -0.3234888 -1.7478883 -1.3494413 0.62043136 0.67716897 1.6410897 0.57020426 2.1377568 0.8534578 0.26942047 -0.24587229 -0.53351027 -0.42890283 -0.9424499 1.2388041 -0.7864602 1.9300785 0.11547476 -0.43714967 -2.479807 -1.2581389 -1.1844516 1.2151763 -0.64535654 -1.407199 0.84902847 1.2280171 0.21847147 1.0610963 0.7090296 -1.2455878 -0.011301752 -0.41931614 0.40792808 1.3182756 -0.5228556 -1.0670375 0.4240981 -1.0223285 0.46517164 -1.5491956 -0.1551891 0.11076284 1.1908373 -1.5226231 1.1632298 0.54980373 0.89578784 -1.7050818 2.6495242 -2.006906 -2.959484 0.6627877 -0.04042745 0.033227798 1.9315786 -0.36114568 -1.3766458 -0.07012808 -2.5936127 -2.3375351 -0.41316584 0.18759763 -0.40909693 0.13497828 -0.49313807 -0.39177355 0.9840336 -0.40460283 -0.4908605 -0.88937443 -0.065168604 1.1356878 -0.36406803 -0.09898628 -0.08714649 1.4145805 -0.64406896 -1.7593167 -1.6936016 0.57495624 0.27538568 0.18758073 0.6773234 0.33462325 0.43151665 -0.17017116 2.3739293 -0.8666012 -0.93947244 -1.067498 -0.15350981 0.06651238 -0.35989317 1.3789476 -0.09760432 0.9174207 0.26891032 0.2899605 -1.0068128 -0.6828511 0.05741464 2.73382 -1.699733 -0.016100015 -0.032330647 -0.3292767 -0.2425863 1.111195 1.7450833 0.67553794 1.0656785 -0.264354 0.38706473 1.3944288 0.32083508 -0.32477975 2.20178 0.11113986 1.329416 0.48687175 -0.032797493 -0.91588074 1.1180685 -0.5826576 1.7771511 1.8170004 1.3484805 -0.23854616 -2.7811413 1.2956725 -0.14925614 -0.22561242 0.4807306 0.9525695 1.7686313 -0.060384165 0.82936984 -0.21019368 0.43770427 -1.3179382 0.5776955 0.984756 -1.3180022 -0.75429153 0.54842114 1.6175702 -0.73139024 -0.5052559 -0.44876704 -0.16251029 0.5793387 -0.91245323 -1.6022083 -0.8288836 1.5004866 0.034875713 2.0114968 0.2955179 0.40212968 -1.5032972 -0.3281244 -0.657093 1.1486095 1.2671915 0.5435009 1.1626598 0.64568394 -1.7197332 -0.985761 2.4050071 -1.6543572 1.1834302 0.10631388 1.5422244 -1.3138393 1.3259706 0.24469487 1.4684414 -1.5170207 -1.1522577 2.0706527 2.0059478 1.5887803 -0.09242516 -0.27273253 1.6765076 1.0907036 -1.2542231 0.94910824 -1.0362617 -2.0033758 3.0729809 0.6333508 -1.4516104 0.7595084 -0.8220466 0.026623506 -1.4747267 0.5525026 1.0215061 -0.09696882 1.6452831 0.9610036 -1.0862763 -1.2313516 0.025969157 -1.7953126 -1.8919894 0.3332696 0.52764314 0.45027378 -1.2429919 2.4674916 0.29013133 -2.2474334 0.04051399 -0.3114824 -1.4479488 0.17561781 -1.8535066
hallon -1.7730439 1.369754 -2.1952045 2.3171692 1.1425643 0.40563637 1.3057814 0.9807217 -0.18078 -0.13904783 0.2550797 -1.2555344 -2.0432231 1.0277463 -1.8357568 -1.4163042 -0.6271467 2.8090801 -1.4641833 -0.29535913 0.7871011 -0.1608544 2.4120889 -1.063826 1.9730524 0.43087408 1.5810988 -1.3951666 -1.7959437 -3.2990003 -0.43907443 -0.17987713 0.2063313 -0.4656548 0.9203576 -0.29934454 0.67660415 1.1145267 1.0321479 0.3234396 -1.4234157 -1.3442258 -0.41454116 0.97136843 0.6239763 0.8331058 0.8362854 -0.17085741 -1.2107394 -0.79502046 0.27331877 1.3834233 -0.55804604 0.78451765 0.10069512 -1.3778722 -0.7569702 0.3352075 -0.059161007 2.2844462 1.3530781 0.6402112 -0.12598841 1.2613657 1.2261553 1.4871917 0.18262553 0.7615647 -0.09987963 -0.19130425 0.03787152 -1.0226405 0.2637939 -0.34233156 -0.115150005 -0.62109387 1.3241353 0.71010745 0.772779 -1.4722828 -0.5395163 -1.1397122 -0.8391189 0.024399927 0.0834353 -0.6551552 1.0217489 -0.40079734 -0.34267226 -0.83634114 0.18517931 1.310454 -1.1816068 1.7620972 -2.3031654 -0.7043445 0.991415 0.6458186 -0.6746745 0.049592808 -0.74480563 0.3250781 0.72189707 -0.17315541 -0.6107358 -0.0027993086 1.6324393 -1.6461027 1.4062043 -0.10612732 1.261421 -0.07424004 0.78419393 1.4126401 1.0112553 -0.0788706 0.49910536 -0.21407977 0.2078549 -1.4338032 0.086410396 -2.272295 0.2892634 1.308014 -1.9028039 -1.3020798 -0.71262413 -0.7698622 -0.6243505 -0.89846104 0.013317009 0.9616153 -1.0679002 -1.2133787 -0.14967912 -1.0136427 -0.80806226 -0.27393475 3.657156 -1.1237178 -0.818073 -0.16470999 -0.1981299 0.6944915 1.3994076 0.97757447 0.5542787 -0.34991896 -1.3829454 1.6403505 1.5814673 -0.46323103 -0.9754642 -1.7189066 -0.88419855 -0.98515683 0.8791015 1.1496143 0.027411677 -0.5840977 0.80973464 1.1753579 -0.6071883 0.368941 0.028126772 0.03637559 2.066146 1.6605508 -1.1928443 0.7327713 0.8860395 2.6863992 0.7869948 0.24230744 -0.38490146 -1.3604187 1.4159943 0.7800031 -0.13266502 0.743091 1.7879972 1.5401753 -0.26299447 0.37272105 -2.274156 -0.33086413 -2.1726296 1.3022453 -0.04395494 -1.0068065 -0.8755491 -0.7018713 1.794371 0.5288524 1.3521591 -1.0264946 -0.06283253 0.55201286 0.116113104 0.7536566 0.9178467 0.07683021 -1.0711758 -0.33313912 0.08121383 0.12491646 0.62809753 0.5913491 -0.9326867 0.10835968 -1.2359636 -0.0449138 0.0032441767 0.30257672 -2.1444716 -0.39170432 -0.6946114 1.7963164 0.4718297 0.51688665 0.5394166 -1.2497569 -0.37932435 -0.17031771 -0.8410276 0.23259382 -0.37751016 -0.097412765 -1.4278809 1.4800216 0.29139316 -0.38898996 0.19970144 -0.17839704 0.18486857 0.8570183 -0.11911423 -0.20143619 -0.67026395 0.75490755 0.7427043 0.08721248 -0.4622938 1.1385814 1.8146498 3.0162904 1.7555246 0.68420076 -0.17164758 -0.03622156 -0.5961319 -0.32252297 -1.0407022 2.233758 0.096285366 -0.13430269 1.2387193 0.85162336 -1.4051476 -0.8777789 1.4393038 1.397022 2.4309206 -0.4697564 -1.2898759 -0.101194754 0.9733987 0.7629664 1.3298882 -0.63917506 0.05026376 1.6198831 -0.91059685 -0.45266923 0.21982394 0.2599134 0.44106054 -1.950631 0.95010394 -3.3234718 -0.12219077 0.35455152 0.2152886 -0.5457151 1.4836116 0.7440146 -0.99639267 -1.532554 1.4113652 0.2096378 -0.53819185 -1.3374557 0.43189198 -0.4375132 -1.7364352 1.8529303 0.7041969 -1.4148468 1.478749 -2.2309232
mandel -1.8111178 2.486709 -0.55228585 2.661075 2.6232188 -2.2776618 1.184167 -0.3453268 0.68629664 -0.39122143 1.3161896 -0.13281736 -3.5741549 -0.80456513 -0.7630189 0.22832313 -0.16238086 0.055801556 -2.269018 -1.42944 -0.11620428 0.46254456 -0.7298591 -0.12001304 3.7225587 0.4463446 -0.805238 -0.70289236 -0.5822122 -0.37374803 -1.324766 -0.09620604 -1.1344018 -1.7659223 -0.2801907 1.5861506 0.8321758 1.8423209 0.238484 0.41921535 0.51103383 -2.456106 -1.1237265 -0.34470013 1.3221024 0.24490035 1.4039685 -0.344225 -0.08613832 0.41961244 -1.382036 1.9123278 -1.6816926 -0.25525445 -0.510945 -0.8909635 -1.033857 -0.14303471 -0.23812647 1.1506916 -0.41529614 0.75060695 -0.26899943 -0.7327911 -0.16634782 -0.10944919 1.9485022 1.452134 -0.9124498 0.42911476 -1.540135 -1.2131149 -0.029686317 -0.79447556 1.1938343 0.08501214 -0.51843005 0.97496927 1.8262794 -0.06566736 -0.9455568 0.42923084 -1.4715499 0.31076348 0.50806683 -0.82721347 -2.2131462 0.79938495 -0.4265996 0.33269107 -0.41141248 1.8284544 0.2615362 0.968507 -1.7620916 0.37452513 0.4309584 0.13034195 0.30934283 -1.3821142 1.7162849 0.14927454 -0.79192466 0.018335482 0.80878496 -0.55379146 -0.119858146 0.49133328 1.3561233 0.7998419 0.29532778 -0.21245813 -0.63671744 0.5659944 -0.39430842 -0.55154896 0.2632532 -0.11270885 1.8870133 -0.41789132 -1.3127056 0.7426945 0.2619259 1.3068002 -1.3195429 -2.1836174 0.8296763 -2.7197454 -0.5149016 0.55151445 0.3612141 2.0505528 1.4772822 -2.3603358 1.1304429 0.07481042 1.7093714 -0.2642161 0.5894317 0.8801333 0.24818356 2.2685428 -0.97335124 0.46146578 1.4002588 1.2594362 -0.6632549 1.2832401 1.900221 -0.39809453 1.7638484 0.038521327 -1.0957965 -1.1059211 2.1518443 1.2147725 1.1115462 0.8184436 3.1413636 -0.0971234 0.24962246 1.2729015 -0.54302263 -1.3239784 -1.7439644 0.77053225 0.89811236 0.66899997 -1.5747983 0.857307 0.6916807 0.9240304 0.9362413 0.27659222 -1.0362325 -1.5343921 1.7677132 2.1213412 -1.9729178 0.91039515 0.35654065 -1.1978885 -0.077983156 -0.030660516 -0.28013894 -0.656715 -1.2785403 -0.05906339 -0.2034819 0.86721146 0.84708595 -1.9268612 0.3076347 -0.7755203 -1.9698844 1.0911155 -0.7868086 0.39234436 -0.97577447 -0.44799334 4.182076 -1.0720117 0.25336176 -1.3167896 2.9309912 0.821333 1.6082896 -0.50896806 -1.5761642 0.9142589 -0.16952701 0.35895458 0.94731617 0.63595355 -0.77316695 -1.7056552 1.0223806 -0.32192063 -0.18519354 -1.1402698 -0.12980343 -0.2494704 -2.1491175 -0.6179445 1.876234 -0.017638464 -0.80514705 -0.45009547 -1.2439696 0.07042943 0.77643555 -0.62817496 -1.2866182 0.7706545 1.4289234 -0.88381135 -1.8318126 -0.9463533 -0.7620634 0.50480515 -1.3382355 1.5931414 1.1100783 1.7071325 0.21699835 2.1139824 1.1227973 1.1737306 1.6364247 -0.96630573 1.2569532 -1.3591982 -0.654064 1.759694 -1.2637436 0.8827483 0.4208707 2.3168309 -2.6302934 1.279211 1.1751938 0.90380394 0.6827361 -3.2696378 -2.0715137 0.24553928 2.2436583 1.0898011 -2.0634801 0.3556821 -2.0206187 0.5230952 0.31211656 -2.3878036 0.19696572 0.8951784 -0.37990543 -3.7739215 0.241488 -1.9035419 1.8312914 -1.6006669 0.6351761 0.89073277 0.54338354 0.5379881 -2.1633456 2.0363328 0.83702224 1.383366 -0.008113097 -1.9821662 2.106283 -0.39272803 0.85095423 -0.5347506 0.462785 1.6680228 -0.8141439 -1.8781115
björnbär -0.10143914 0.38174388 -0.768659 1.7350688 1.0453696 -0.47862056 0.36781275 0.7806569 0.073343694 -1.2209986 0.9485882 -0.5071778 -1.7805914 -0.6186959 -1.2999482 -1.1271924 0.23586908 0.1158652 -1.2677484 -1.887105 0.25124532 -0.13338538 2.3726213 -0.63437724 0.6748007 -1.2959318 1.0148971 -2.4187045 -1.7560583 -2.4780743 0.8013781 -0.5638489 0.9234008 -1.1141261 -0.4261093 -0.42073956 0.19835027 0.5870872 2.006529 0.8900407 0.16939238 -0.39813527 0.19632961 0.1954786 1.6728512 0.6113566 0.99888116 2.1189866 0.976675 -1.8411163 1.4467014 1.1630462 -2.2225494 -0.37899533 1.1257962 -1.8015641 -1.8158888 3.7121556 0.09501086 1.3257825 1.1507981 2.414572 2.2982855 1.7198814 -0.9195813 0.73808575 1.6819669 1.8968601 -1.9048728 0.09403221 0.8529989 -1.9995003 -0.33250427 0.75320596 2.1639514 -0.029366106 0.38367715 0.71322626 1.5874034 -1.4697645 1.0903422 -1.1455501 1.3776611 -0.40317526 0.9688663 2.4369438 -0.69471306 1.0043395 0.1983904 1.557464 0.62894577 1.4734652 -0.11314991 2.5390449 -3.3996885 -0.8501216 1.5101744 -0.46086997 -0.51354694 -0.67427534 0.74094176 2.0380695 -0.44979557 -0.83838177 0.89096385 -0.73536336 0.017162813 -1.2203835 2.1324346 0.57178015 0.47030044 -0.085525654 -0.7091506 2.658549 0.14480452 0.4473138 1.3111339 0.328991 -0.016557874 -1.9417894 -0.5943026 1.1859373 3.5591552 -0.18535507 -0.4429929 0.903815 -1.9300033 0.8678932 1.6275347 -1.0672445 2.6552489 2.3371449 -1.420353 0.3679359 2.385272 -0.220331 1.1330918 1.5646962 0.2870505 2.2749279 0.4621808 1.7675248 0.65902317 -0.1091732 1.6212115 -0.75514066 1.5735723 0.9032807 -0.9643976 -0.57435566 0.6090126 1.0549517 -2.4745421 -0.24472076 0.66925114 -0.7275678 0.6127081 1.8830638 -0.013715965 0.39771822 0.29437253 0.6162348 -0.7228393 0.11931995 -3.0671344 0.50610733 1.7266172 1.320818 -0.13224767 2.3302603 -0.04430236 1.0047964 0.9307111 0.40187898 1.1617949 0.47246605 0.6637683 0.78537166 -1.0604168 -0.12565488 0.050845742 -0.8214297 -0.1372634 -0.94644994 -2.2236664 1.0531973 -1.7488234 0.00048080724 -1.3237873 -0.20943223 -0.6235333 -1.0744032 1.2780044 -2.4192748 -0.9814087 0.7398569 -0.03315694 0.33340636 1.8523666 -0.12697022 1.9329698 -1.1884831 0.011523602 -0.9197037 1.1731242 1.0363619 -1.3515855 0.5342605 -2.6926167 1.1217122 -0.019836076 2.1937802 -2.061198 0.65278995 -1.2891202 -1.312939 1.6541032 1.9477426 2.6548753 0.7040306 1.6838076 -0.8907573 -0.87285274 1.1439002 -1.0847126 3.2285717 -0.05872876 0.41920638 -0.59403443 0.3820226 -0.42529598 -2.8761573 1.2672042 0.59421194 2.6046867 0.7463085 0.5780496 0.58375895 -1.2830921 1.4612073 1.5939672 0.42480907 -1.6171724 0.3526053 1.704025 2.8718581 1.3821151 1.5111216 1.1500806 1.0815905 -0.4216577 1.8082267 -0.89002305 1.117998 1.0793871 0.6997876 2.5884655 1.1861931 -1.46985 -0.21841045 0.4359204 0.8512206 -1.183195 -2.118105 -2.3577366 0.0533937 1.8729749 2.0614917 0.84332377 -0.9194013 -3.3083065 2.0339491 -1.1795933 -1.1696343 1.4264686 0.60648376 1.5871781 -1.5263323 2.186567 -2.401088 -1.7045002 1.1693687 2.2368052 0.32882297 0.023974417 1.0411346 -3.0613852 -0.27444118 1.4705825 -0.5508004 -1.4420198 -0.70087945 2.0036244 1.6869414 -1.7521597 0.43143398 -1.41618 -0.917065 1.5874656 -0.7188019
kola -2.278056 3.1268919 -1.8076935 2.252891 2.1287737 0.198165 0.48733014 0.5139233 -1.1623816 -1.8860965 2.222684 -0.20542285 -0.6844226 2.1181493 -0.61028373 -0.23263077 0.7073776 0.6036078 -1.2178419 0.12038346 -0.5381132 0.9871434 2.6586971 0.11221391 1.8688337 -0.17738023 -0.8679215 -0.7378905 -1.7494166 0.11542259 0.17772748 -0.19610776 -0.40854418 -1.0656493 0.4599017 0.6005392 -1.3029375 1.3908025 -0.24175674 0.17490941 -0.6358431 -1.0805979 0.53507304 1.03276 0.098875195 0.64755017 1.2591417 -0.8304071 0.24539661 -0.9261293 0.20875153 2.3627334 -0.31274554 0.8241027 -0.8015513 1.1130788 -1.6291214 0.07421313 -0.2953965 0.27918255 -0.7002662 1.4569186 1.1504695 0.20746528 0.5140867 1.4823842 0.3009227 1.4059799 -0.3441235 0.81180507 -0.6135669 -0.07342369 0.3646715 -1.3993173 -0.33005032 0.089596964 0.004994468 1.6894177 2.6431837 1.0863432 -1.5432035 0.9165574 -1.2850184 -2.2152746 0.62267786 1.441887 0.19876923 -0.79747826 -0.4106455 1.7158382 -0.0559512 1.1391368 -0.29285234 0.9250152 -0.6797158 2.9792845 2.2978072 -1.709532 -1.436003 -1.281477 0.039880544 0.8685695 1.5111744 -0.295931 0.18718818 1.084744 -1.0803245 0.15279225 1.9590896 -0.5575354 0.5262225 1.3678493 -1.9297506 -0.543501 0.42346466 0.75913143 0.6523695 -1.2186998 0.2878642 -0.089205794 1.6094785 -0.5380054 1.2022278 -0.36660567 -0.7900351 -1.7854506 1.8933961 -1.459967 0.7934784 -0.112856366 0.15502106 1.3300132 1.0953578 -2.3733647 2.1670713 -0.80042034 1.8053414 -0.83126634 2.6113622 0.032521784 0.69140154 2.1611025 -0.1402099 0.75073016 1.0971398 0.48746112 0.9578128 -1.9690427 0.6418014 0.6329466 2.0771313 0.3554311 0.2603115 -1.5429153 1.6573418 -0.55833334 -1.9263957 1.5220256 -0.07774112 -0.926631 -0.3014788 0.62666035 0.75275314 -0.8949479 -1.0933349 -0.77980274 1.3675216 1.5596737 -1.6441325 0.129084 -1.0523692 0.17480437 -0.16452748 1.2329139 -1.4733799 -1.7843205 1.8813587 0.5361938 -1.2081041 -0.004319446 1.1605461 -0.20388418 0.53945416 0.55927026 -1.6842281 -1.1160642 -1.692497 0.7271948 -0.023141503 1.0000728 -0.022778159 -1.4749237 0.77157503 -0.57086235 -0.91871685 1.5117878 1.4009819 -1.1031435 1.0906802 -0.6207828 0.5657239 0.25469053 -0.9858349 -1.6121596 0.75115716 0.6114261 0.93130535 -0.32295614 -0.902735 0.7124772 -0.42239583 -0.09785085 0.4532519 2.086771 -1.1295276 -0.7365821 0.4580263 1.6815152 0.568141 -0.2707454 1.5665312 0.33380356 -2.5408652 1.3855866 -0.5407203 -0.28795168 -0.97849596 1.6930938 -0.84789467 -0.56942546 1.47013 -0.7156806 -1.0768692 -1.9541513 -0.0010108316 1.2630167 -0.26356006 0.3285022 -1.1190331 -0.07952748 1.1528087 0.9441497 1.2748758 -0.3209732 0.32178068 1.8181158 2.3961587 0.734683 1.6717304 -0.26706222 1.1162357 -0.9684742 -1.0679642 2.3837636 -0.49915642 -0.18073437 -1.023961 1.7693017 -1.7557759 -0.9584199 -0.62959474 0.36666116 1.7495083 -2.4930298 0.07988004 -1.6389093 -0.97725177 0.5298365 -0.9418939 -0.2906103 -1.3807757 0.09062496 -0.19668885 1.8489635 -0.58109325 -0.24526483 -1.92157 -2.3985527 -0.56091225 0.11333295 -1.0173342 0.2600091 1.0473057 1.3035345 -1.6556695 0.6601326 -0.43811724 -0.7040156 2.6433015 -0.572916 -0.28246048 0.39446282 -0.32381666 -1.2606825 -0.37182808 0.19948415 0.15294823 0.6544094 0.026829226 -1.7116314
rökelse -1.6393243 0.953082 -0.22930156 0.6006634 1.630646 -0.44165367 1.6688707 1.5249745 -2.6692002 -1.8558916 -0.4920016 -0.48388004 -0.17461206 0.41391516 -2.0447664 -0.37706453 -0.7764428 -1.578034 -0.38974732 1.1121453 0.16817532 0.99419576 0.76977664 -1.211569 0.93960226 -0.4183061 -0.6151491 -2.2257752 -0.32446972 -0.65970814 -1.7764423 1.15785 0.6251231 -0.3767453 -1.6198865 0.62335813 -0.47167513 0.8342782 -0.87321454 -0.57100797 -0.42286143 0.63954955 0.34599754 -0.6434646 2.3752818 0.70674425 -0.51669776 -1.187355 -1.0304222 1.8227544 -0.08327936 1.376936 0.057298087 1.500293 2.150443 -1.1867244 0.67175925 2.76305 -0.75452685 -0.13790998 0.28642973 0.7629588 -0.5834764 -0.062732615 0.62248915 0.85483074 0.3941726 -0.79564375 0.08636992 -0.04274391 -0.33952534 -1.8383379 -0.8930569 0.9664721 -0.23166102 -0.8594533 -0.66314685 0.30536985 0.8143879 0.6632734 0.37012377 2.2100635 -0.9276646 -0.70287615 0.62983733 -0.7852046 0.45154297 2.5505958 -1.6765976 1.1859742 -0.42767233 -0.30832863 1.2372863 -0.3537761 -0.11416588 2.2293205 0.9311718 -0.4243748 -0.8118639 -0.51571554 1.7937797 0.5911267 -2.4860134 -1.0649374 1.3105689 -1.2267566 -1.6813338 0.6678731 1.6737942 0.673346 0.91648275 -0.27033845 -1.6520444 -0.16936775 -0.8166399 1.0857046 0.7625334 0.65544057 2.9911547 -0.8838881 1.5377563 0.64368534 0.8406334 -0.37386438 -1.1880558 -3.389233 -0.62721854 0.86781275 -0.6764355 -0.6352346 1.30386 3.5932207 0.95088893 0.97992116 -0.13092689 0.092587985 -0.88850117 1.0009221 0.20047463 0.8629648 2.6749732 0.21492115 -1.5756435 -0.5977744 0.92617375 0.62234694 -0.7875522 1.5055739 -1.5429724 0.3228287 1.972477 1.6787419 -1.9819494 -0.3166266 -0.60531175 0.03351476 1.0528623 2.7669845 -0.077965334 1.8129469 1.1432947 -0.8584494 -0.070442885 0.01701151 -0.64717835 -1.052123 1.3404627 0.014777413 0.7962812 0.43954402 0.20193592 2.4459584 1.8761771 -0.8565084 1.0984774 0.15468474 -0.6668514 1.4448993 -1.2199978 0.6872328 -1.227291 1.3839281 -0.19090712 -0.31192493 0.119788215 1.2716318 2.1790707 0.87128985 0.84577656 0.9384231 -0.7877546 1.1354381 -2.2962608 0.60794556 -0.512021 -0.19223426 -2.2368124 -0.022893017 -0.036960807 1.0892982 1.4561243 -0.58764863 -1.4404509 0.61906475 0.23310447 2.5279152 -0.14671248 1.1341847 0.116749935 0.36316243 -1.2978097 0.055721626 -1.0529771 0.89409983 0.32001677 0.70310694 0.44567668 -3.6210582 -3.0440953 1.2805092 0.020780232 -0.1358579 -0.8818131 1.1440201 1.4618108 0.14613654 -0.91098726 -0.7039656 -1.508035 2.2787812 -0.784883 -0.5160004 1.5360032 0.055754937 2.2995582 0.42281246 2.5255373 -0.3673442 0.91366565 0.37154987 0.049259376 0.39764386 1.1220391 1.3164186 0.834089 -1.1541995 0.22751254 0.8711594 0.16595198 1.3585138 1.2150038 -1.4142147 -1.2451544 -0.9957564 0.04456126 -0.38169965 0.59389687 1.9965363 -1.4990872 1.6351043 0.86110735 -0.15513209 1.0954838 -1.983498 -2.6280901 -0.091033384 0.49898788 0.31007698 0.958046 2.3429372 -0.16433133 0.59280473 0.25291646 0.120770894 1.2033103 -1.9996073 -1.2652262 -0.27600423 0.34825695 -0.26637793 0.27463254 2.1913066 0.037557542 1.3507587 1.2367358 -0.039328787 -0.39953542 0.20618048 1.8619614 1.1020656 -0.0267055 0.5702369 0.197635 -0.29878718 0.5718544 -0.27167147 -2.1067474 -0.43167847 1.3150822 -0.902186
gummi 0.9922372 0.722062 1.3644505 2.8571877 0.83211666 -1.4386873 0.5124447 -1.3283181 1.3805523 0.27074012 0.705291 -0.13317007 -3.150406 -0.019792324 -0.33778733 -0.6413761 0.57658005 -0.7104551 0.16803105 0.7594576 -0.43877923 0.9193432 0.012675371 0.7909427 -0.38216737 -0.8697558 2.1397743 -2.2972105 -0.27042523 -0.26082987 0.52719915 0.6609661 0.6257274 -0.5203516 -0.5960078 1.2090986 0.13329951 1.2324245 -0.36051178 0.8390232 -0.3349623 -1.2801901 -0.5392393 -1.2630321 0.26374868 -0.3508349 1.6406584 -1.5807191 1.5033993 0.91976655 0.69124174 -1.0454663 -0.25857857 -0.7418521 -0.79157114 -1.567238 -0.2457902 0.43596455 -0.644891 -0.2295629 0.5785288 0.73268616 1.6764747 0.5350105 -0.6277826 -0.04016533 -0.44867057 0.49485844 -0.21158221 -0.75269556 -2.1406667 0.2504806 -2.5929928 -0.2745044 -0.35246325 1.404068 -0.8367207 -1.3628258 2.9351382 1.2507336 0.43804553 0.5304423 -0.5321605 2.6637514 0.84387076 -0.1344025 0.5952332 0.881977 1.6861345 2.4518263 0.2261582 1.5100296 0.78689355 0.24302226 -0.54798824 2.3976526 2.4801364 1.300469 -2.120152 0.07893635 0.25650066 1.012143 -0.40362352 1.0077783 -0.09018379 -0.8440753 1.5636472 1.014151 -1.689776 -0.2926923 -0.15593392 0.73519784 -0.49602774 0.78407496 -0.12933356 -1.370845 -0.26423526 0.3198843 0.1630374 0.34005946 -1.2378988 0.14364196 -2.0303204 1.2356942 -0.8151931 -2.1462612 -0.051046513 0.05260791 1.8079019 0.09437925 -1.5813367 2.1582778 0.25639907 -1.2134144 -0.16383938 0.7316373 0.6007494 0.6760909 -1.77267 -1.1742775 -0.49478874 0.50810367 -1.2876793 1.7735809 0.9758532 0.70684654 -1.3844391 -0.6624126 -1.7383418 -0.18794395 -0.081770904 -0.30781677 -2.071643 0.89067334 2.6460185 0.75173444 0.75052327 1.0335832 1.5662228 0.058615748 0.7679377 1.0037068 0.24314907 0.15727317 -1.1898835 -0.49923775 2.1142797 -0.50584984 -1.4258964 0.39295676 -0.21391864 0.82688326 3.1081338 1.8495655 0.39505047 1.3580545 2.0467598 -0.31998858 -1.2679775 -0.60598814 0.2813066 0.051739153 -0.3488891 1.6820532 1.0091679 2.9432232 -0.56808645 0.21134509 0.8011034 -0.09787562 1.7100773 2.004417 -0.5034092 1.7627691 -1.5601199 0.98343503 2.1509485 0.47253612 0.2694688 -0.40165693 -0.043308955 -1.8556889 -0.4256894 0.8834448 -0.9221647 -0.16918619 2.740216 -1.2887136 -4.131796 0.57561517 -0.45798323 0.007788211 -0.018304856 -0.92659754 -0.003137648 -2.6064634 0.6546668 -1.0542986 -2.6947737 -0.105591066 0.87249905 -1.6995703 -0.16893682 2.7748177 -0.6015722 2.080856 -0.10431177 -0.9851845 -0.605069 0.30577 -2.7818933 0.0035375336 -1.3286886 1.4491754 0.6254435 -0.999901 -1.0808474 -0.8334727 -0.8401169 -0.23280226 -1.1661845 0.15751737 -1.0885975 1.6782914 1.564449 1.2225734 -0.5214517 0.1887825 0.6282853 -0.08730639 1.7862478 0.027138442 -0.73691046 2.107242 -1.822623 -0.7066676 1.6679529 0.19009417 -1.6519438 0.61898404 0.54462415 -1.09603 0.82019174 -2.5524802 -1.6870311 1.3899857 1.768879 -0.041446168 -1.8750308 -1.4157145 -0.29210177 -0.35156548 -1.6195315 -0.3071627 -0.7865835 -0.24369621 -3.3143048 -1.1683031 1.7278398 -1.734289 1.867671 1.7818973 -1.4899349 1.2259274 0.123117924 -0.45796043 -1.1208264 1.0595845 0.72064924 0.5539876 0.6922329 -1.1242901 -0.09686206 1.7368925 0.31904605 0.56910545 -0.7760779 -1.0827196 0.7898734 -0.94591045
rengöringsmedel -0.6373489 -1.5658531 0.6119386 -0.028267195 1.7407502 0.6534909 -1.7802036 3.7652688 -0.6954609 -0.606992 0.8782156 -1.5625768 -0.023990514 -0.6868373 -1.9995604 0.17107078 0.927862 -0.45988145 -1.3242879 1.1546072 0.3418617 0.18607257 -0.30790988 -0.4987791 0.6086691 -0.7747913 0.5703431 -1.5115769 -1.844498 -1.1121292 0.49209252 0.42603827 -0.13410203 -0.30388755 -0.4149953 -0.9525024 1.1076332 -0.3487125 -2.0426338 0.52958 -1.415665 1.0954461 0.11185308 0.5004351 -1.4589967 1.067608 -0.26176327 -0.9627914 -0.387133 0.93570334 2.5594118 0.36235777 -0.62434363 -0.30839032 0.9285211 -2.192186 -0.21313988 0.16809432 -3.1596756 1.7698755 -0.21276698 -0.15819931 -2.9940274 1.1342525 0.47988033 0.3059629 -1.378491 -1.048956 -0.36976272 -0.73509914 2.170423 -0.25229776 -1.8400873 -0.63320976 0.75731176 0.21982835 -1.8126702 -2.1168916 -0.34572488 0.7644936 0.71558946 -1.6550474 -0.27904195 1.3464597 2.2024856 -1.0167583 2.9278386 0.6257682 -0.3586627 0.6133779 -0.86271554 -0.16213144 -0.77504283 0.8924655 -0.21169116 2.509254 -1.6167332 -0.82664776 -0.3690126 -2.958346 1.649805 2.1175222 -2.2424545 0.78843945 -1.1942322 -1.0897756 -2.210288 0.53867584 0.31047004 -1.3113058 0.0012488139 0.27857575 -0.78819114 2.1721046 2.4198434 1.4965852 1.4060113 -1.2937076 0.23121077 -1.2534556 0.47501302 -1.8586482 -0.5626779 0.67963535 -2.068247 -1.7273164 -0.7045216 1.200162 -1.6729047 1.3590552 -1.5315053 1.6445603 1.1524458 0.5550207 0.66417795 0.5228851 0.6457993 -0.6436402 -0.36418408 -2.15157 0.4913875 0.6203595 -1.2865046 -1.8276112 0.396239 0.67696375 -0.034188155 0.3704952 -1.5745113 0.23301944 0.64987624 0.4375972 1.1931394 -0.49687123 1.8953104 -0.22896796 0.58598006 0.38291287 -0.727699 -2.4419239 0.18277179 0.7127428 1.040778 1.8886201 -0.3634374 1.2381035 -0.17708915 0.9880921 1.083035 -0.61182725 -0.15789002 0.7261512 0.9995967 -0.63221836 0.5091339 2.389898 0.70612204 -0.25636795 1.4056958 0.009622293 -0.25013345 -0.6676605 -0.35533106 1.0939014 -0.83720076 1.4740697 4.008271 1.19809 2.1108818 2.957347 0.8879782 1.6427982 -1.52796 -0.8157739 0.0050027682 -1.3896438 1.1641022 -1.5926932 -0.9167127 0.9564859 -1.0278575 -1.0151317 -0.8551336 1.3972502 -0.42926908 1.055516 0.065952025 0.47857594 -2.1077094 2.1322098 -1.3451018 -1.4573265 -0.8352237 -0.17270346 1.1463668 0.90029246 0.055191208 -1.0441121 -1.6786942 0.19287935 0.04899964 -1.1601833 -1.1265085 0.6152531 1.765872 -0.69192594 -2.0435798 -2.2712061 0.025227737 -0.4421774 -0.12300691 0.06873066 -1.0751009 0.4910904 0.77728605 1.3082638 1.4392042 -0.21567936 -0.49063852 0.07875996 -2.0324738 0.036609977 1.5861096 -0.9403211 -0.045948222 0.46178094 0.2444627 0.112003505 -0.6339426 0.92906344 -1.1785988 -0.3297317 -1.3051568 0.5422929 -0.29349652 -1.1342337 0.820957 1.3966339 -1.910603 0.08050876 1.0231749 1.2552162 2.8192027 -0.5342045 -0.90214163 0.6507119 -1.2148159 0.33590898 0.13222566 -0.44698158 1.9941585 1.8873928 -0.123106234 -0.83025414 0.39927983 -0.8764753 -0.62901384 1.0841228 0.61103326 0.8366553 0.69188267 -0.54029214 -0.635265 1.1263561 1.8346322 1.8426285 -0.6453471 0.087202474 1.3076744 0.20069727 -0.3638368 0.5588581 -1.0163136 -0.3300339 1.1281109 1.9605267 -1.2392925 -1.2625599 -0.7291401 -0.117021225
potatis -1.4350038 3.0995302 -0.45945045 1.0347725 -0.5347207 1.1869053 -0.6937238 -0.8651343 0.5331592 -2.0359497 0.78703594 -0.61218256 -0.1046029 -1.0812474 1.0126452 -2.4403577 -0.045279074 1.6847432 -2.178333 -0.99186 -1.1349298 2.0043104 -0.77547663 2.3887131 -1.1869837 -0.34265906 0.05360892 -1.2119672 1.9151185 1.5828192 -1.0124747 -0.04798124 -0.039286822 -1.008402 -0.51847905 -0.44495437 0.20411617 -0.6789966 -0.12911093 -3.3755744 0.7651136 -1.9519188 -0.6711591 0.12594509 2.5288672 0.62577486 -0.14107108 0.4328845 -0.84740496 1.3044043 0.4997198 2.7872655 -0.720113 0.70208114 -0.73861563 2.3302095 0.60967684 0.59886855 2.495012 1.1992006 1.4194721 -0.8156862 1.3970916 0.08933439 -1.1306697 -0.60953647 -1.078634 1.9078872 -1.9714401 -0.124077946 0.71728593 0.98453754 0.8454235 -2.2137415 0.17703794 2.130559 -0.5904794 -1.7757727 -1.5370926 1.5542501 -1.6342664 0.78536636 1.2117702 -0.37812072 1.7690785 0.92239404 0.9006762 -0.6514518 -0.21190116 -0.21437222 -1.5167608 -0.081460714 -1.6521695 -1.4540397 -0.52542865 -1.1798648 2.101673 -1.7971815 -1.9262292 -0.18200786 0.6896776 0.051292777 -0.8587463 1.8569267 1.4199189 -0.7615293 0.7350377 -0.9876268 -0.8130557 -2.1143389 -1.9861783 0.75821084 -1.3626282 3.7144258 -0.84454226 -1.2502288 1.6193725 -0.7904681 2.2757716 -3.1584342 -0.90857697 1.3996327 -0.7950981 -2.0443015 -0.27563527 0.006269031 0.6536995 -0.46642652 0.41887662 -0.99477506 -0.42134324 0.44318992 -0.64939654 -0.8623361 2.0747452 -0.35865158 -2.5277474 -1.0553087 -1.1328032 -0.04940174 0.3253135 0.23642401 0.018706158 -0.39545047 1.3044802 1.2257874 -0.049574606 0.3326108 -2.4501927 -2.4368703 0.3091573 0.046307605 1.78354 -1.3544894 -1.0252303 -0.42401123 0.24545102 -2.2393892 -0.45530987 0.09111874 -0.42604142 1.0146129 0.48293114 -1.0404522 0.58049613 -1.2454396 1.0980079 0.36658236 0.27966246 -1.9460924 -0.116981305 -2.5008683 -1.2750484 -0.55160356 -2.9089675 2.326947 1.1847461 -1.9622252 2.5014384 1.0296571 1.3032717 -1.7991351 -1.1925079 -0.8915769 -1.4412755 -2.9483478 2.118014 1.4739305 0.8183712 0.1580015 2.3142014 -0.019183803 -0.19951372 0.36717877 -1.5848846 0.29481947 1.1259443 1.0256271 0.42431986 -1.1327612 0.22772545 0.7314207 2.8565092 -1.1760633 -0.940841 -0.70613325 -0.20916884 -1.9863297 -1.0877148 0.49326438 0.44463786 -3.2821789 -0.21755056 0.2386521 1.1718655 -2.1601646 0.50204086 -0.00888171 0.2987073 -2.5010195 1.978161 -1.0857606 -0.82175726 -1.2054577 0.25909936 0.60218453 -0.5701144 -0.13224234 -0.54764307 1.4038738 -1.2536725 0.9707227 -0.24473393 -0.76025385 0.4116114 0.81774527 -0.040986814 0.6710614 -0.45410076 -1.8333668 -0.94600636 -0.9985912 -0.92993486 3.2886126 0.051510785 1.059554 1.7822397 0.8481186 2.3166616 0.05056312 -1.8094476 -0.61254776 0.023424525 0.18642811 -0.7469631 1.0706435 0.38818058 1.3076068 -1.5370438 -0.040181313 2.5185292 1.4634194 2.175288 -1.3589697 -0.34833866 1.1151547 -0.06430152 1.1892005 -1.6273465 -0.29439297 -1.1625814 1.828493 0.047416504 -0.32685387 1.5735649 -0.6002548 -0.3262735 -0.32056597 -1.7161885 -1.6482605 1.8091239 -1.093508 -0.75935334 -1.7650131 -3.355915 0.2852122 1.113923 0.77723414 -0.019414717 -0.14163819 0.6211565 1.6318797 1.9536446 -1.6693283 -1.5601289 -1.9748069 -0.32315737 1.3485284 0.93507826 0.89557946
päron -0.634988 0.6369778 -0.8197823 2.9365704 1.0384468 -1.3619754 -1.7954131 1.3627367 -0.3870546 -2.2546868 -0.11268128 -2.176556 -0.07614933 0.61964226 -0.9710586 -0.74200886 2.134133 -0.29720423 -0.95073146 -3.614308 -1.1044543 0.041596886 0.70505965 0.23824276 1.3665735 -0.09725199 -1.0999507 -0.48361441 -1.8937614 -0.9199655 -0.6937318 -1.5769031 -0.4359054 -0.9050697 -0.16665338 -2.0660949 -0.029450482 1.5093217 1.2411101 1.3855766 1.1192211 -1.084749 -0.48018116 1.7874547 0.47247103 2.3806832 0.313761 -2.5320873 1.0422775 -2.2557282 2.0833745 0.9696681 -2.2195156 -1.0423094 -0.7693176 -0.10281545 -1.3405243 -0.037376568 0.3566969 0.19399568 0.5567642 1.4459351 -0.047590967 -0.72727686 -0.8596312 0.382121 -0.115001194 0.50690305 -0.83979803 0.31172392 0.9448702 -0.33282927 -0.6755007 0.41393444 0.72515184 -1.0204984 -1.5034385 -0.89811987 3.0072162 -1.0867058 -1.9500623 0.37768275 -0.7875909 -1.1748192 -1.9666593 0.8146054 -0.94125336 1.1732862 -1.5605247 -0.7173627 -1.9531817 -0.18399902 1.1509079 -1.3158203 0.07579224 0.99373245 -0.26223552 -0.05656553 -0.39245257 1.0630717 0.2201115 0.77471256 -0.56974316 0.36766165 0.4868423 -1.6802183 1.2702619 -1.1727735 1.1992009 0.087370135 -0.47303128 -0.04213878 0.58779293 0.14806406 1.9815568 -1.4565005 1.1237231 1.5455822 0.8919465 -2.5991123 -2.5654416 -0.86590475 -0.04170031 -0.49898824 0.98978823 -2.3330312 -0.056860093 -2.4798594 1.8227379 -0.63286877 -0.19680807 1.6450945 -0.0872124 2.0102909 0.4696407 -1.3959786 -0.63679427 0.31312555 0.49785525 1.1313272 -1.5957074 -0.6398187 1.5608366 -0.7823187 -0.39272285 -0.5669415 -0.28676876 0.55813587 -1.6445532 2.3526416 -0.014283732 0.038427964 -0.9951632 -0.2625373 1.2441926 -0.69141465 0.34583488 0.014376696 -0.71510476 -0.2540162 1.0630186 0.3635321 -2.0058875 -0.026027031 0.004696548 -0.55489194 2.23029 2.8162584 -1.1466264 0.65599644 1.0913514 1.2047178 -0.1210376 2.7221475 -0.41598555 -0.50608313 1.6248558 0.5766637 0.028515317 -0.43820512 2.655322 0.69604 0.5866691 -1.5458143 -0.5560717 0.55406797 -0.33465418 1.2199081 0.34454942 0.54783565 -0.30397815 -2.3412824 -0.030375136 -0.6316787 -0.9926981 -0.49122798 -2.2111146 2.0877106 0.54264355 1.3209555 1.4582448 -1.140887 0.18485607 0.5868357 0.19419572 0.40828115 1.0221267 2.0655932 -0.9293855 -0.23275042 -1.1915209 0.2701099 -1.333877 1.6604209 -1.172169 -1.4929773 -0.7349106 0.9675853 -0.12219888 0.35534817 0.5310873 1.5311078 -1.3767458 -0.91840243 1.1320328 0.08079767 -0.5351027 -1.0025437 0.76914316 0.40881306 -0.13775976 -1.6753877 -1.1498865 -0.27999017 0.27475703 0.08895709 0.26570785 -0.83987886 1.0216345 0.535625 -1.6625258 0.41137818 -0.48456293 1.3531353 0.58859664 2.1866705 0.2550468 1.90857 2.270306 0.5834353 -1.0117334 -1.1392145 1.0993372 0.51115984 -0.38729438 -0.5650559 -0.123994395 1.6551183 -1.7490126 -1.2368554 1.4233829 2.2145185 1.8126723 -2.929657 -1.5522245 0.012353181 0.17233281 2.6176744 0.9118364 -0.18053469 0.14026043 0.60338235 -1.175148 -1.2093406 -0.1978201 1.775738 1.1308639 -0.87826693 1.0113521 -1.0326198 -0.61399573 -1.5581696 1.0754321 -0.22177377 -1.5806382 1.8804013 -2.405028 -0.5306665 -0.34269583 -1.8613814 -0.80437946 -0.24909957 1.2551662 -0.34945711 -1.9547989 -0.33151937 -0.7890964 -0.46161032 0.49977 -2.0028648
russin -0.1667949 3.5203407 -0.08365359 2.7490714 1.7522204 -0.905215 -0.2261356 0.61890155 1.1591375 -0.78961533 -0.07379184 -1.6898804 -2.6468554 -0.3470344 -0.5508504 0.84183425 -0.65015364 -0.16673666 -1.8583763 -0.9990433 -0.3795452 1.0760257 2.0267034 1.0412996 1.2505527 -1.3511555 0.70471805 0.020437703 0.29803726 -1.6767164 -0.48958868 1.2023655 -1.4069799 -0.4929223 2.3434563 -0.12714866 -0.37868416 2.3302176 0.124213025 1.6112038 -0.03275147 -1.1063213 -0.07886535 -0.87061423 1.0282226 1.4973227 -0.9901775 0.60629326 1.2554015 1.4849113 0.9500337 3.2516549 -1.731557 -0.44048005 -0.7103788 1.0230104 -2.4994106 2.4654458 -1.4412352 -0.5796574 1.134838 2.3638904 0.6898287 -0.34513354 1.1448965 -0.38212004 0.48281023 0.704444 -0.6580157 1.1996831 -0.13050614 -2.291122 -0.32852113 -1.1285462 -0.9335648 -1.14283 -0.4948811 0.37408474 1.8736042 1.0070039 -0.23201685 1.482764 -1.3051128 -0.94690984 0.3961622 1.6638525 -1.2625202 1.5570382 -1.2051189 1.3762269 0.15893298 1.6670128 1.0975591 2.65761 -0.7904295 0.33164886 -0.46016908 -1.4513103 -2.1648767 0.13142703 1.58415 1.2732607 -0.21865295 -3.1345215 -0.07520447 1.4804658 2.597792 -0.39836454 0.75379884 0.9847084 -0.71900076 1.1077247 -2.6601846 -0.7275233 -1.7652595 0.972162 0.28859505 -1.2409707 2.4922938 -0.23124972 -0.655805 0.6597722 1.5149965 -0.9256627 -0.43684748 -1.9971565 1.6694776 -0.96959466 0.7647539 0.2712275 -2.5069356 2.5729008 0.4012482 -1.9401854 1.0203426 -0.51954466 0.38824165 -0.8785893 0.34610662 -2.913139 -0.27704155 2.8131778 -0.5099136 1.2913797 1.0145943 0.301502 1.4203264 -0.09051268 -0.4216483 -0.0071534314 1.7772316 1.0881037 -0.7594947 -0.0018048697 1.5391691 0.38771707 -0.37022477 -1.0699776 -0.69807065 1.0461388 -0.05333904 -0.24232294 1.0310017 -1.7730016 -1.2848648 -0.23890021 2.0891144 0.42506003 -1.7801136 -0.85042626 0.8936328 -0.95134336 0.23423834 -1.2504753 0.90540427 -1.4336832 0.88709337 2.6492586 -1.6652102 0.68722653 0.9244736 -0.034654196 0.38724476 -0.4154311 -2.8084471 -0.9741399 -2.3234181 0.5727878 -2.3154304 0.6281957 -0.4393853 -3.6693218 0.43711412 -1.4689221 -0.36635664 0.69861215 0.6260033 -0.896436 -0.37294012 0.49092707 0.62434345 0.112869 -2.088083 -1.4420886 0.20013103 2.282493 -0.24972485 1.2636656 -1.7021271 1.1940389 -0.55427605 0.52626437 -2.3606396 2.0263345 -0.37034664 -0.50959355 0.27743232 -0.18206209 -0.14958264 -3.5343993 1.45214 -1.0016807 -1.4961032 0.014397745 0.44566983 -0.8707754 -0.938915 1.557114 -1.7497067 -0.34445512 -0.1353116 -3.164055 -0.9012274 -1.3678991 0.0880241 -1.4482975 0.46229166 -0.99999696 -1.7122636 -0.5009661 0.024323786 0.1988014 1.090787 0.9642127 1.2180473 1.1696059 0.12464531 0.44537422 0.6086249 0.32174665 0.874652 0.036104582 -0.31354132 1.3529818 -0.17593737 -0.4878364 0.70394677 2.581204 -0.90161735 -0.15174443 -0.051120613 -0.87947756 1.9171498 -1.5099756 -2.1433883 0.89284766 1.9415172 0.9544303 -2.043987 0.17893319 -4.017001 -0.41888338 -0.22768886 -3.241845 -1.1069441 1.0551277 0.2134949 -1.9068322 -0.5313294 -1.176283 0.61848104 -1.457862 -0.5655867 0.21431379 -0.08092246 1.1347919 -2.4540465 0.66801846 1.2500436 -0.8858596 -0.16437417 -0.96074194 2.9546678 -0.27704734 -1.7537303 -1.1776809 0.7914591 1.1697348 0.26634485 0.13157612
ek -2.3090363 -0.69411397 1.9882778 0.9590273 0.46714336 -0.014392982 -0.6078706 2.4438856 0.73712444 -0.13866214 3.5161982 -0.1301303 -0.5093044 3.4131114 -0.49708307 0.19295965 -0.5686268 0.47715008 1.0591123 -0.6611751 -1.024657 -0.57148343 1.8148361 0.39943767 -0.8024471 -1.513437 0.76504123 -1.4791282 -2.8627486 1.6835743 -0.32065368 0.5073044 -0.24173352 -2.3838718 0.22834781 1.5571818 -0.5358535 3.168458 -1.6536405 -0.46022102 -1.3292092 -0.9223238 1.2800354 -0.5038066 0.07859463 1.0632875 1.2053986 1.3640684 -1.8157854 -1.1603652 0.7650302 2.1721427 -1.7851658 -0.12605107 -1.777294 -0.7562531 -2.7496667 1.7800055 1.5703715 0.5689531 0.053154293 0.11752154 2.6537893 -0.61304945 -2.2518387 -0.050939444 1.2386644 1.0764072 -3.1999283 0.7633478 -1.8427889 0.774097 -1.928053 -3.1094425 -0.7389007 0.44745168 -0.6870338 0.44495213 1.6342613 -1.6042601 1.3892915 1.120458 -0.13559496 -0.9314971 0.79516315 -0.38719928 -1.4150321 -0.23561482 -0.76439565 2.4388227 -0.4015272 -0.35235924 -0.68180335 3.058246 -1.9617215 -1.1820245 0.21828462 -1.2926134 -0.99106157 -3.562426 -0.28937677 1.2584938 0.7586623 -0.08216658 -0.15798505 1.6923957 -0.3093831 1.4471204 2.4719448 0.23473366 1.969502 0.64717036 -1.0626111 0.2180882 -0.45800817 0.6493221 1.5988835 0.9465458 0.7505746 0.36308384 -2.2385912 3.4940226 -1.7934334 2.735702 -0.5904626 -2.4488285 0.6389473 -2.8776577 1.0031385 -2.2798526 -0.41277254 1.2131554 0.28197536 -3.5766528 -0.14614034 0.66550434 0.54434705 -0.040104397 -2.000067 1.1230648 3.0680308 3.1416852 0.3813979 -0.19466548 1.2308468 -2.1470113 1.3597488 -1.0985271 -3.0220392 0.8865661 0.2349612 1.6940856 -2.606784 -1.8251386 1.291601 -2.71036 -1.5887085 -3.1444154 -0.51904833 3.260024 1.6657002 0.8002108 0.24200998 -0.33096525 -1.0893079 -1.0781034 2.5652688 -1.0228931 -3.448267 2.5754635 0.7638992 0.097400375 -1.9917625 2.3816624 -0.93550307 0.1636473 2.1293678 3.1495187 -1.1021839 0.21726154 0.54342544 -0.15944283 0.7917989 -0.961048 -0.71639794 1.0715183 -0.2907392 -0.22798945 0.2585833 0.44001427 -1.131975 -1.655134 0.95286494 0.747135 -2.6087766 0.1194771 -1.6173044 1.0223812 -1.1574398 1.3395553 -0.54008466 0.66163164 -1.2866093 -1.4465204 -0.5897354 1.5324645 0.05342708 0.3505119 -1.6557554 1.4826486 -2.843627 1.2622422 -1.0375139 -0.34357715 -3.3501687 -1.4370807 -0.10869629 0.8104236 -0.463659 0.7437912 -0.27897128 -1.4399471 -1.0541031 -0.7119119 -0.87503314 1.7750553 -2.4534252 -0.5882226 -2.641351 -0.42462257 1.3696859 0.48710972 0.5889163 0.31036747 1.2826834 -0.25553787 -2.4452152 1.5069861 -0.13798027 2.262679 0.5479984 -1.6916319 -1.5953534 1.0054587 3.0852814 1.2071289 2.7704024 -0.03306322 0.87104744 -0.88097996 0.48836118 -0.010510284 1.9979326 1.1936371 0.19168706 -0.79561377 -1.9518182 0.37010634 -1.3858262 1.2107884 1.6674238 -0.27198678 0.718452 -1.8179479 -1.3125983 0.58807546 1.7779781 -0.35158 -1.3001455 -0.6724642 -4.242024 -0.98168206 -1.5222138 -3.1261606 -0.117621474 0.4868928 -1.3375195 -1.1304289 2.4666514 0.2287424 -1.700431 0.04099188 0.57527655 1.0733794 -0.9554759 0.86417043 -0.62562066 -1.6892666 1.7301838 0.82518274 -0.26701802 -1.7954206 0.42279598 -0.628753 0.0003908243 0.66548103 -0.4214112 0.8567616 1.0135396 -1.7934861
jordgubbe -0.23915039 2.533012 -0.65312624 1.9328659 0.54323626 0.986011 1.7543981 1.8130157 0.41885558 -0.6892472 -0.08384896 0.028458117 -0.2554527 1.3963809 0.49754232 0.10416548 1.9429054 1.0776325 -0.9064593 -1.2377253 -0.48128355 -0.62679267 1.7171493 1.1822066 1.019104 0.0032311282 0.14115366 -1.3369213 -1.200809 -1.2745489 -1.3385888 0.964862 0.16605996 -2.0696414 1.1311095 -1.2079048 1.2766862 0.62644744 -0.5578087 -0.58792365 0.5737124 -2.1097112 0.12672126 0.041139036 1.0467007 -0.90214884 1.2672206 0.23556459 -2.5384011 0.23708838 1.9797856 2.3449874 0.07078524 -1.1430732 2.0997903 -0.024972063 1.4302351 0.15045454 -0.6642082 1.4345744 -0.50929505 0.4550277 -0.12299555 0.9197016 0.963757 -0.0035404167 -0.5270641 1.0927182 -0.77915996 1.3269435 0.8358355 -1.6785016 -0.18498796 1.116392 -1.2566392 -0.5230522 0.34148598 -0.8518242 0.72524565 -1.1994112 -0.96304744 -0.9109076 -1.1695915 0.46399063 -0.49595466 0.411839 -0.21711639 -0.027925067 0.4461229 -1.5068208 -1.7502244 2.1880462 -0.5818895 0.6426666 -0.8872895 2.0180676 0.21766919 1.5377012 0.38451305 -0.8370731 0.1886228 0.514859 1.3458872 0.5086887 -0.38989174 -1.0805264 0.7280489 -0.17237997 -0.09898781 0.41918892 0.8969437 0.99990135 -0.95744336 1.902058 0.38390887 -0.5626322 0.84587055 0.7534446 -0.088349 -2.685824 -0.8076425 -0.7165332 -1.3504997 -0.79468 -0.1852358 0.61201525 0.26935303 -0.8422743 -0.9566312 -0.17200685 -0.9283406 0.73707044 -2.3491864 1.0005597 0.05461186 0.1683145 1.6415509 -0.6251695 3.0570312 -0.42276314 0.25450495 -0.2600545 -0.18103257 1.2782587 0.44434896 0.8951782 -0.6562254 -0.58428025 -0.19639114 0.88264084 2.3484464 0.23223758 -1.9901141 -1.083848 -0.31356508 -0.17121242 0.077095635 0.31026062 1.2077622 -1.5148059 0.41655117 1.7054474 1.6362801 0.47562122 0.33163282 0.43625498 0.7688121 1.6002021 -0.27991164 1.9670228 0.073721096 2.4649844 0.3232064 0.9125926 0.754954 -2.2311244 0.65885556 0.58187914 0.9388624 1.1808931 3.2937334 -0.52396125 0.9438587 0.7805339 -1.5376984 -0.9249192 -1.8645885 -0.257022 0.27699548 0.5813761 -0.9124409 0.42135626 1.8058035 0.33758694 0.30891958 -0.32575095 0.9090034 2.397024 -0.7287698 0.5339161 -0.316817 -1.6791112 1.0164655 -1.690758 0.54908675 0.9926489 0.158448 0.37416264 0.45564878 1.2973274 -1.3409722 -1.6923425 0.32119328 1.5287315 -1.1444547 1.4829726 -0.25877884 2.518038 0.90518445 0.08738371 1.1273271 -0.11280704 -1.0558065 1.2597512 -0.65901625 1.6483607 -0.7889994 -0.51186925 -1.272971 1.4302715 -1.0028633 0.44179225 0.19702724 1.3248098 0.84584475 0.96750784 0.21851557 -0.94368553 -0.39771888 0.19650376 0.5328609 1.4763678 1.3879802 0.25570655 0.5684017 0.5565638 2.8772757 0.73286706 0.146904 0.0306089 -0.5215019 -0.03873539 0.5006277 1.5675231 -1.2978425 -2.1991057 1.7554867 1.8626499 -4.2411146 1.0592442 0.5740255 1.3804249 1.5174351 -1.3258104 -0.11324866 -0.02556828 -0.2328789 0.6325542 1.6731782 -1.6885487 1.6655076 1.2552328 -0.04016707 0.69667274 0.43808648 0.5707418 1.6747346 -1.7388442 0.42432475 -0.6667484 -0.835127 0.24463436 0.71215504 -0.08130427 -0.44111037 -0.41714573 0.08443995 -0.28336304 -0.6789938 -0.62174714 0.8973398 -1.3890369 0.3368375 0.09829071 -1.0702477 -0.45459017 0.9943403 -1.4245709 -0.16837585 -0.5879027
skinka -1.4354163 2.4247959 -0.31790647 2.6607747 -0.72875065 -1.1122931 0.019629309 1.0618093 0.9620072 -1.3735319 0.72344804 -0.109372094 0.22418094 -1.3253981 1.2072564 0.27990827 -0.16004865 0.0021663809 -1.2699509 -1.0005378 0.07316613 1.3477749 0.5400723 -1.318252 0.3021097 -2.6287503 -3.732779 -0.73447436 0.44081154 0.52506554 -0.4524541 -0.69343495 -0.05448314 -0.7173688 1.6977863 1.2334408 1.666661 0.35210052 -0.7528249 -1.1979028 1.1644998 -0.23799373 0.52781016 0.2395538 1.7141588 3.1276493 -0.21450074 1.2128658 0.3737777 -0.1205048 -0.60193247 1.4449338 0.16226745 -0.75491697 -0.6628433 -0.6133407 -1.0016248 0.49926272 2.0670276 2.4320655 0.7782293 0.5312544 1.5685959 -0.07259801 -1.8935843 -1.1079671 1.8646419 2.957635 1.0293151 -0.4932387 0.2825806 -1.799124 0.8788402 -3.541568 1.1768785 0.6241618 -1.5032396 2.3380885 -0.35302448 1.4475105 -0.39589757 -0.9483316 -1.9322354 -1.0097682 1.4015834 -0.85832304 0.9591219 0.18934275 -1.0098038 0.8996571 -1.3740295 0.38831425 0.298818 0.85920084 0.41821626 -1.9815241 0.34876582 0.83339465 -0.2685625 0.6040312 -1.8746604 0.93690157 -2.398688 0.11867809 2.2274313 -0.6647724 1.9556204 -0.58086944 0.7540498 -3.244089 -2.78775 2.533455 -1.1501447 2.859943 -1.683736 0.615101 1.0501081 -1.3604084 2.3320127 0.78093606 0.6677721 0.0073562204 -0.6683485 -1.339615 -1.1877494 -1.1839647 -1.8896098 -0.66514623 -0.92620444 0.39920396 -0.7913791 2.033701 -0.57187 -2.2023408 0.15905102 1.7562374 -1.3279712 1.8618481 -0.5148507 -3.6973598 -2.103657 0.30445084 -1.799147 1.3121616 -0.49942765 0.7297613 0.24946803 1.1489868 0.6978412 -0.11352578 0.34722102 0.65773743 1.8023177 0.66028947 -0.6891049 1.8975303 -0.2623927 -1.0360763 -0.7175668 0.7018416 0.46601763 0.12791108 -1.5543748 0.5387626 -0.07527888 -1.2905205 1.0236881 1.7053394 -0.022533694 -2.4845085 -1.2202324 -2.5455127 -0.9488449 -1.7655188 -1.9221764 0.42722803 0.2578843 -0.4845603 -0.07349968 -0.6329752 0.7447372 0.11954288 -1.153227 -0.28493 -1.7412943 2.337484 1.49713 0.63800234 0.22520843 0.29895002 0.40979916 1.4364551 -1.5333045 -1.4661882 0.8425951 1.5059811 1.5009502 -0.21191081 0.22206901 -0.78063333 -0.6815607 0.9496441 1.2049489 -0.56181455 0.9767645 0.36519906 0.9524819 -0.23569113 0.4299985 -0.24189487 -1.2544324 -0.17404765 0.24310474 -0.62348217 1.2109512 -0.52664214 -0.2687856 -1.0063496 -0.1426969 -1.2281455 0.2460184 -0.5654993 -1.8647556 0.7504609 2.6702654 0.16378073 -0.15707377 -0.80610424 -0.22360303 0.14386007 -0.8446608 0.67951524 0.31487116 -0.090788804 0.19023351 1.1168699 -0.45620835 1.3351041 0.5910595 -1.8445392 -0.23709773 -0.2586309 -0.38704953 1.9371543 0.41469505 0.5775472 -0.40933242 -0.31799904 2.156857 0.4574834 0.307584 0.7292391 -1.101078 1.5271238 -0.058113143 -1.4443934 -0.69695175 0.52069974 -2.0880868 -0.5481837 2.0476394 -0.47567064 1.4009973 -2.7300498 -2.0861294 -0.98330355 -3.7594917 -1.5518575 -0.08607224 -1.3076417 0.020444036 -1.3923244 -0.12824191 -0.71711797 -1.6961646 0.4037033 0.2782462 -0.53963673 -1.2903688 0.39215183 0.8739698 -0.90462554 0.39402986 -1.6956593 -2.1136909 -0.22218706 0.22433122 -0.65180796 0.57804525 0.857805 1.4858527 1.3319609 1.1899763 1.3440198 -0.36020532 -1.0590833 -1.2410158 0.8542859 0.54886895 0.06125984
kokosnöt -1.4162852 3.1601539 -3.065465 1.0575341 1.1841717 -0.9654857 -0.9050855 0.93558544 -0.7038138 0.16736858 1.722375 -0.20366637 -0.5209864 -0.73938334 -0.86461663 -0.7899703 0.9291508 -0.085537836 -0.99374926 0.25089258 -0.648767 0.37571368 -0.13771461 -1.6339862 2.1946323 1.6678934 -0.96868414 -1.7884964 -1.1703625 0.66754645 -0.42745715 0.4117343 -0.9189286 -1.9005294 -0.5974464 0.41686895 -0.51843077 0.9983456 0.48637754 0.8855879 0.44221762 0.022558153 -1.0943815 1.6140951 1.8712878 -0.084891856 1.5448604 -0.23712134 -0.5245684 2.0265741 1.2316384 0.9946201 0.4541034 0.9180915 0.16985956 1.1289507 1.681517 -0.6759247 -0.8636615 1.7966654 -1.3163075 -1.4751649 1.9913327 -2.1133378 0.61809695 2.0000644 0.24963436 -1.2960439 -0.22799326 0.73078185 0.5359035 -0.5956969 1.654097 0.53719705 0.47749045 -2.0208347 -0.010347812 -0.88728184 0.2127419 -0.29762217 -0.4514333 -2.064705 0.119443744 -0.8022189 0.11696371 0.46116543 0.8379693 0.14449583 1.401272 -0.7865833 -0.71630627 2.586634 0.34531978 0.59979784 -0.30017933 2.7502208 -0.5998048 1.2158312 0.38295195 0.6678873 -0.9844354 0.5242407 -0.84081936 1.2911961 -1.2873338 -1.6195786 -1.404535 0.10854085 1.9996296 -0.3038625 -0.6944238 -0.35245374 0.056552805 -0.0040502013 0.2999512 0.666994 0.56173694 1.0199047 1.299507 -0.8820558 1.0838506 -1.0248024 -0.5618589 1.9531579 -0.86625993 0.32815954 -0.8447563 -0.3108077 -1.8556693 -0.27700442 1.3542289 1.302351 1.9686723 1.3630038 -0.42151532 -2.1322181 2.0247629 -1.184538 1.923665 0.48460355 -2.3663247 -0.09672059 -0.6341586 -1.2234992 0.63331425 -0.22548205 -0.50622004 -0.37081686 -1.0561669 0.57783043 1.1563059 -0.42890844 -1.5021276 0.52479005 0.60835797 -0.9582108 -1.2107352 1.4565474 0.2989858 -1.0784758 0.43855172 0.25067765 0.56187284 -1.8566283 -1.1537358 -0.17623702 0.5217484 0.3596566 -0.30872646 1.6128933 -0.18041563 2.2185693 0.86075586 0.89889956 0.34582838 -0.8731289 0.6082574 1.0095042 1.2219698 -0.6744562 2.4014437 0.122422874 1.2140815 1.0604349 -0.7546068 -0.024295568 -0.17480156 0.8134443 -0.40459612 0.07496585 0.67861134 0.8920447 1.3228853 1.268221 -0.35084257 -1.0497928 0.58519644 1.4359422 -0.4532094 0.7900625 0.9931981 -1.3983772 1.2473621 0.010920372 1.6970379 -1.1952102 1.0348299 -0.6149437 0.10031411 -1.0368929 0.12214458 -1.7857109 -0.18187106 1.5348817 0.3693525 -0.33208442 -0.07753955 2.853019 -1.1665783 1.5986758 0.26042652 -2.149618 -1.1023585 -0.4641244 0.30088818 -0.98158044 -2.9301715 -2.0299933 -1.1487037 -0.64866036 -1.104854 0.71499974 -1.5424111 -0.6248245 0.09383954 -1.0373906 -1.2235978 -0.8378278 0.41899487 0.26666194 -0.64486 1.1122354 1.554281 0.5521656 2.2418778 1.2554129 -0.05508647 1.2909299 1.9235969 -1.107375 1.1247822 -1.0909067 -0.0875564 1.760829 -0.67172456 -0.98249686 1.3466495 0.6405663 -2.9505026 -0.524681 0.38142818 -0.026008058 0.06200783 -1.2284433 -0.60247993 -0.88869214 0.11869741 0.9836103 0.27956882 -0.53574413 -0.7662738 0.44949785 -0.49252278 0.84805655 0.6393857 -0.8231949 -0.79839927 -1.9881006 3.0094655 -0.7896034 2.2561042 -0.053666245 0.9627801 0.8080712 0.62645954 0.31344882 -0.18822849 -0.16753215 -0.57762784 0.1897663 1.1463937 -0.55745995 -1.2003049 -0.1649431 -0.2717617 1.514531 0.5790198 -1.348266 -0.49854565 -1.8252386
grönsak -3.0410645 1.7002058 -0.8903636 0.25253457 -0.9681293 -0.22368984 -0.173925 3.8757536 1.9240807 -1.6785138 1.4208426 -0.6216044 0.40868747 -0.2502719 1.6920444 -0.17091852 0.44681394 1.9342268 -2.142844 -2.455264 1.3161356 1.6168041 -0.6791356 0.15231591 -1.8637004 -0.50980264 -0.41641578 -0.9448407 0.43306214 1.2799448 -2.9725187 0.98656905 1.6325759 -1.4075596 1.3059325 -1.3080176 -3.289524 1.3572788 -0.48045608 -4.3018866 0.39029354 -0.33695346 -0.35310397 1.9172214 1.0336221 0.11804309 -0.05268396 -0.9860331 -0.37650964 1.7167146 0.15622792 0.04360265 -1.431698 0.96830326 -1.0137877 0.5255928 -0.42460778 0.12333906 1.9477113 -0.7088244 -0.4102029 0.76615965 -1.0679469 0.5007779 0.3759787 1.0107962 -1.2160621 2.9457777 -2.3171449 0.2462692 0.41170692 1.3528974 2.1312587 0.7131819 0.6249915 -0.5680116 2.3725853 0.42454845 -0.1258742 -0.8985204 -1.7022754 1.2076808 -0.5688902 -0.2172676 0.8201906 -0.9033385 0.25951275 1.4570786 -0.9653559 0.5153099 -1.9360901 -0.9756318 -0.8923679 0.24902709 -0.35352093 -2.3646069 0.3661894 -4.3029814 -1.4743991 -1.2348248 -0.10808764 0.8291085 -2.283927 -0.08736532 -0.9346646 0.18100534 1.3934392 -0.5645627 0.49723947 -0.8889426 0.015962206 1.7751 -1.6037108 2.3013606 -0.29465342 -0.95789707 -0.50417 0.69665664 2.3332846 -2.9999826 0.44661638 0.19693783 0.55218047 -0.17248076 -1.5862868 -0.39536303 1.7718904 -1.4592907 0.7930343 -2.0854728 0.7872602 -0.04809333 -1.448926 -1.8436633 -1.6609527 0.44825318 -0.63611805 -0.48905903 -0.16307005 0.60781795 1.4277589 0.289011 1.2201636 -1.745746 -0.1022942 1.9195671 -0.45695865 1.1954927 -0.10112666 -1.5384398 -0.1862662 1.3451835 1.4228561 -1.7781488 -1.0923476 0.6162264 -1.535787 -0.4567329 0.07193967 -0.64168715 0.21725826 1.209413 0.09874971 0.28344765 0.10279896 -0.8681802 -0.10595224 -1.0775461 0.36295485 -0.38350293 -1.9262912 1.0753553 -1.0093951 -0.9924389 -1.6829646 1.4534726 1.7265003 1.2591245 -1.6917228 1.4147544 0.44512644 0.14367501 -0.91047996 -0.17779058 -0.20435461 -1.6955538 0.9654273 2.6963503 1.0963082 -0.30821237 2.1307914 0.33610037 -2.3292277 -0.37664822 -1.053452 1.546357 1.6287816 -0.13711031 0.24267158 1.5075274 -1.1766456 1.2474966 -0.59965825 -0.06879396 -0.8318078 1.1030124 -0.51692706 2.8573327 -0.6726208 0.7393378 0.6993057 -1.2669797 -2.4484496 -0.07346811 0.08183913 -0.06318813 -0.8090467 -0.81377244 1.2303983 -1.655455 0.89494085 -0.18912691 0.9320931 0.4801668 2.865629 1.3089143 0.6880965 -0.7639613 -0.40675238 2.2726583 -1.6234375 2.0979817 0.6168387 -1.1577657 2.7509036 -0.17069004 -1.2460095 0.6907027 -0.46734646 -0.8687806 -1.4695009 -1.4867396 -0.7371463 1.264844 0.47122014 1.4325362 -0.5947304 -0.6038894 1.5640754 -0.3347283 -0.7574121 1.5980961 0.005795527 -0.040169973 -0.12176747 -0.8405752 3.098942 0.7670701 0.95704895 -1.1500651 4.0894685 1.0627443 2.1948516 -1.8760397 -1.1192217 -1.9031334 -0.7674781 -1.4181334 0.4858714 -1.9498211 -0.7091913 2.9343266 -1.4003996 -1.0291711 1.628678 -1.4597105 1.1574647 -1.7094878 1.1199192 -3.1049464 3.0014398 -1.107071 1.6997639 -0.68541133 -0.5956882 1.4341658 -0.4521935 -0.8411517 0.62242186 0.28774923 0.13045871 0.34246415 0.576887 -0.80351704 -1.2534896 -3.1582785 1.2196146 1.0086429 0.5141199 -0.5741337
gurka -2.1702263 1.8858854 1.1143863 1.0984302 0.12823918 -0.49598706 -0.43153772 2.828125 -1.7497423 0.2538764 1.0841609 -0.94870484 -1.0047503 -0.8093263 0.9407109 -1.723999 0.22060023 0.46582294 -1.3912859 -0.052266013 -2.4046633 -0.7160171 -0.38282308 -0.13760479 0.9633428 0.6056837 -3.1031332 -0.8403153 0.6693242 -0.63204753 -1.8105261 -0.23425716 0.45562097 -2.2813032 0.46998703 0.1593802 -0.6325482 0.39456195 -0.4562361 -0.24383421 -0.4227785 -1.4148569 0.20006247 0.82111055 2.2883813 1.4944934 0.61738735 -1.2509221 -1.6061307 0.61015874 -0.5882458 -0.60203993 -1.1753418 -0.6748318 0.8523839 1.4415504 1.4372915 -0.27341825 -0.43425944 1.9373226 -0.06288094 0.16029885 0.33535638 0.32961488 -1.0627083 0.0485859 -0.42429987 0.20142046 -0.251498 -0.4243891 1.2406116 -1.380776 -0.24059576 -0.11432017 3.1833591 -0.6065964 1.0275881 -1.0801955 -0.3772416 -2.648286 -1.1250199 -1.5575922 0.4792015 -0.4879766 -0.0845275 -0.3817404 0.21849515 1.3761661 -1.0649205 -1.343192 -1.5023931 1.537591 0.16863436 1.7548897 -0.96990687 -0.73681206 -0.7715545 -0.2747547 -0.4402547 1.7428323 -2.0102901 0.08695669 1.5541071 -0.049527504 -0.33067498 -1.3108178 0.35134628 -1.3201091 -0.42453444 -2.3561177 -0.8015575 0.44302073 -1.9758685 3.408341 0.114308536 -0.037766814 0.99159425 -2.5298805 0.5693547 -2.412724 -0.8245764 0.52834684 -0.09118536 0.19512527 -1.2535527 -0.7294619 0.50587726 -1.1615885 1.3421928 1.8277086 -0.41325372 2.5453339 1.238605 1.0769347 0.16695562 -0.70872855 0.129136 0.82607037 -0.37023795 0.9078906 0.16974153 -0.25006267 -1.4434837 -0.1523349 0.08543864 -0.46208993 -0.08765559 1.1970766 -0.19679615 0.51620466 0.9773684 0.362416 -0.6345236 -0.5673904 1.2545978 -0.32451814 1.6494354 0.9510047 -0.9649726 -0.9289199 1.6832526 -0.2586546 1.0244697 1.1268095 0.88013303 -1.0781105 -0.37252006 2.382281 -2.0048764 -3.3371816 0.58735174 1.0363137 1.3206677 1.2464553 -1.1193177 -1.1002073 2.3540988 0.58566004 0.10991199 1.6819301 0.08587817 0.07636021 1.0263485 0.68610436 -1.4406248 0.006083099 -0.20307034 0.62168 -0.42376038 -0.8355302 0.57170767 -0.18710035 0.56601 -0.46284324 -3.3181872 -1.105202 2.966189 2.876531 1.258606 0.8413975 -0.30832145 -0.0291761 0.7507374 -2.9151957 0.08766214 -1.3208032 -1.0317051 0.9386536 -1.4436879 -0.2661673 -0.92952204 -2.0621152 0.59253824 2.3608758 0.6503478 -0.5271112 -0.60912544 1.222098 -0.65723014 -1.1097775 0.33224168 0.035531692 -0.3671042 -1.4757124 1.2158648 -0.18552455 -0.62777793 -2.391456 -2.5990236 2.977591 -0.5507188 1.075815 1.8030745 -0.077028535 -0.63761467 -0.2207187 1.0941045 0.8776441 -0.97566843 -0.496226 -1.5272597 -0.8888652 0.77005 0.3717865 0.4967688 3.961724 -1.0366663 1.334011 0.73390466 1.2060522 -0.50781536 -0.70742077 -0.91697764 1.4932178 1.7479267 -1.0518392 1.6055644 1.5199956 -3.2967162 -0.8205074 2.7074172 0.05645967 1.0841409 -1.438028 -0.963154 0.62826896 -0.45068032 1.0119466 -0.4820908 1.3783996 1.5689144 1.8025104 -1.1569893 -0.42687076 -0.053617835 0.7352356 -0.9999827 -1.6523838 1.7497649 -1.4222798 0.19830543 -0.3751315 -0.6061549 -1.6295818 0.3422614 0.18055475 -1.376783 -1.213143 -0.46975875 0.4305701 0.9276389 0.67811143 1.0631292 -0.14663418 0.30543342 -0.73190033 -0.40346745 -0.41180566 0.52602875 -0.07614338
gödsel 0.84889674 -2.3448927 -2.279867 0.84171736 0.19092345 -1.5218834 1.9065443 2.2399888 1.3686075 0.33754823 -1.5204898 -0.48679283 0.38903442 1.7942955 -0.28196004 0.3672568 1.6993834 -1.3446349 0.112805866 -1.34351 -1.0885804 -1.5162859 0.9858461 0.8934972 -0.43169427 -0.7142636 1.6620822 -0.4719553 0.21003725 0.3628216 2.6547444 0.86422694 2.2457893 -1.4595274 0.08875952 0.23429506 -2.2674048 -0.6979339 -0.19173968 0.13172483 0.68230116 -2.3495505 -0.44408864 -0.23805095 1.8237126 1.9087571 -0.2821737 -0.3269504 0.57365113 0.5401924 -0.27468204 0.4933242 1.2579798 -0.7370232 -0.20086592 -0.20258549 0.006473562 -1.145872 0.104408264 0.46023715 0.37489337 0.6932377 -0.20015272 0.42006677 -1.3753941 0.48121125 0.39205152 -0.21191639 0.8806678 0.06040275 0.02217121 -1.6878103 0.84963673 0.14164674 1.0549525 2.5952008 1.4328693 0.47659618 0.45165178 0.770231 -1.5254419 -1.0389372 -0.37367815 1.093132 3.4239223 -1.3955544 3.2661402 -1.7900189 0.016106518 0.3047624 -0.755883 0.41170585 0.923431 -1.9805602 0.80704314 0.8847882 -2.113864 0.07165255 -0.024787113 0.3815067 -1.3868307 2.1729155 -0.3375419 0.53248376 -0.34873214 -1.9869446 -1.7795876 -2.3381271 -1.8405612 1.4608835 -0.8375207 0.57599896 -0.17010884 1.249124 1.1114904 -1.303225 -1.8300409 0.41697866 2.4185703 -0.31594688 0.5445254 -0.85272855 -0.37332115 -0.9848974 -1.1769041 -2.519123 0.18508814 1.1481079 0.17500736 -0.045267645 1.018898 0.19789751 0.8555595 1.2899128 -1.0212233 0.9458635 -1.2108095 0.43295854 -1.2237 -1.6411239 1.4428043 -2.1487727 1.1039091 -0.7831008 1.0166055 0.91567814 -0.13173373 -2.5438192 -1.9295384 -2.1530364 1.7048289 0.94113535 -2.648408 -0.5349598 1.1203377 0.6984709 -0.8047917 0.564385 -1.4779457 2.0325046 -0.4947451 0.1997853 0.640103 1.7891899 -0.27066606 0.66674346 2.05163 0.40870923 -0.8979318 0.9412341 0.4893129 0.32546428 0.42131764 1.627069 -0.25930688 -0.17925285 -0.32977393 -1.546586 -0.61631787 0.5614406 0.09855546 0.51457053 -0.03372182 2.0683947 1.228406 0.14836036 1.0658231 0.2623765 0.06535535 -0.3926005 0.51490694 1.3549204 -0.79778165 0.14424947 0.76331717 -1.4680331 2.4650292 1.1416038 -0.24707282 1.0671457 0.16299412 0.16704144 -1.2574954 -0.54361355 -1.2533356 2.504061 -0.25494835 0.13768145 -1.2298261 1.6981616 -0.75247115 -2.090391 -1.5379593 -0.5134624 0.8544887 0.10695334 -0.53473324 -3.643365 -3.9127517 1.4611684 1.6537324 -0.8302992 2.2999225 1.0078039 -0.36238298 -0.09335748 0.10401338 0.3158664 0.15904842 -0.4482745 0.3082294 -0.004437465 -1.1326917 0.0026752707 0.9919853 0.9733915 0.9596403 -2.474561 -1.6266497 2.1197028 -0.6109887 -0.62054574 0.3480518 0.4537917 1.0534635 -0.9151133 0.20524116 -0.86034477 0.5944259 0.6266985 0.35607633 1.9004853 0.0060337363 0.9355813 -1.1179923 -2.0692112 -0.22522753 0.80168605 0.02800874 -0.92183954 1.5329783 2.6696126 0.04338265 -1.4382716 0.26568368 0.596498 0.84610766 -0.07530777 -1.3611047 0.015180871 -0.28754604 1.0493207 -0.017864661 -0.33502513 -0.86120176 -0.46505854 1.5088471 -0.70430845 -0.7203188 -1.6929717 -2.404975 -0.5673268 -0.3130121 -0.076524794 -0.8526459 -0.21800165 -1.2700433 -0.464047 -1.8271086 -0.2542887 0.45198178 0.33827382 -1.1503707 1.6776136 -1.316017 -0.4850935 2.19123 -1.1138318 2.4839816 -0.5042039
lack -0.23444626 2.4406328 -0.4552465 1.0345746 0.6940012 -1.5931584 1.9903871 -0.08228165 0.25528476 1.6189634 0.3191339 -0.8760967 -2.209167 -0.4454093 -0.0030580305 1.3573096 1.1878179 1.7562004 1.5098493 0.6502336 0.44816643 0.8612208 -0.39640236 -1.7988096 1.2607479 0.4522279 -1.000843 -0.72387433 1.7392561 -3.2239397 -0.074588254 -1.8169132 -1.8850029 -1.4745003 -0.5738442 -0.30324876 0.8209506 0.15955342 -0.8344607 1.2131748 0.64774597 0.39881128 2.0594642 1.1958358 -2.1773055 0.723859 -0.24397042 -0.9293855 -0.53713727 0.2634034 1.8768595 0.9665002 0.8796151 0.29942164 0.07182574 0.32752192 -0.9578379 -0.04249584 -0.47193938 0.673332 2.4800038 0.6937887 1.5262426 0.725092 2.4716382 0.12808912 -0.23928475 -1.121608 0.06817259 0.38720283 0.5410405 0.8096717 -0.57255113 -0.17042835 2.0465424 1.4966147 -1.1090178 -1.931796 1.6024483 1.4842933 -2.7514458 0.75198346 -0.34543827 0.63084435 1.9204386 -1.3947951 0.26951095 -0.22245687 -0.18476255 -0.75845593 -0.47098503 0.20497873 -0.86344635 1.4834075 1.9118015 2.1682575 0.10969634 -0.6464278 -2.3430083 -0.8714081 -1.3518581 0.43551382 0.28378353 -0.3180862 0.89904165 -3.1622217 -2.3032937 -0.29908413 0.08725562 -0.5171941 -0.36625814 -1.4495494 -1.0834471 0.64705974 -0.49556994 0.14144258 0.7525042 -0.12313692 0.91299236 0.08339579 -1.9850512 -0.04528137 -1.4180894 2.3748097 -0.67785317 0.65514606 0.035917368 0.88526577 -1.0171877 0.19353992 -2.597904 -0.09469184 2.1420033 2.1192877 0.036054578 0.41354242 1.470583 0.23291995 -1.1525427 -1.4788221 1.2526308 1.1756103 -1.818042 0.08012779 0.24434812 0.93222433 1.2247431 0.40012774 1.2553582 -0.45124233 1.261327 2.3678656 1.1001353 1.3204219 -0.64452076 -0.38232172 -2.7337408 -0.45049337 -0.97402185 -0.7707729 -0.4244416 0.23292843 0.36750704 -1.8444695 -1.3966007 -0.048503943 2.0234609 -0.35417724 -0.6270798 -0.294717 -0.8156883 -0.16859393 0.31996664 -0.45382077 0.67054594 0.68985444 -0.48609397 -2.2312908 0.19641079 -2.5833855 0.73234373 1.1266198 -0.23493169 -1.522149 1.2318691 1.019659 -0.61640966 0.6729406 0.86115545 1.6586819 0.20082827 0.48136184 1.5900724 0.13561302 1.0514137 -0.20091707 1.9371017 0.53189284 1.1000936 -0.45282152 -1.1809796 0.33015868 -1.9209609 -1.2839794 0.36745164 -1.4606756 3.0701866 -0.24764134 1.1496375 0.19525675 -2.1145675 -1.5767941 -0.6412627 0.81132615 0.18756403 -0.6777736 0.70893 0.43839562 0.19123212 -1.5566844 1.9206227 -1.1197448 -0.8145172 1.4878223 1.2359507 -0.15338774 -1.3964039 0.045554522 -0.6871692 -0.7607857 -0.18595979 -4.0021505 0.74138725 -0.136826 1.442234 0.88215095 0.5647164 -0.45208728 -1.845091 -0.69750524 2.4919665 2.9888015 1.1832498 0.45327625 1.7131575 -2.4155414 -2.474348 -0.20470802 -2.0123613 0.13429315 2.7162428 0.66154003 -0.9238484 -0.69381493 -0.4092075 -1.6027503 1.0309172 0.6311353 -0.46726477 0.01502593 0.9915326 -1.8516697 2.4143553 -0.8379181 -1.2349213 0.090784386 -0.11442988 -2.3923292 -0.513868 -0.3576544 -1.1289272 -1.6002587 1.2104311 0.10275531 -0.62269545 0.09275012 -1.9694867 0.7497199 0.7149951 -0.5303171 0.374806 2.2597969 -1.0663546 2.103354 -1.564051 2.0338778 -1.5487454 -0.73266053 -1.324313 -0.822834 -0.28644878 -1.1867678 -1.4543598 1.2599539 -0.29059517 2.4055254 -0.05255924 -1.9715108 -1.7405221 0.7579603
kartong -0.82105654 2.5645165 -2.726601 -0.9664394 -0.24646072 -1.686973 1.9681256 1.2525218 0.5604087 -0.8210704 -0.35654548 -1.2843537 0.1981301 -1.4578096 -1.2105511 -0.4641678 -1.2655307 1.3825905 -1.5116621 -1.3264587 1.1122055 -0.34186053 1.1440936 -0.060188655 -1.6728034 -1.0740896 -0.46464196 -2.1180658 -1.4948841 -0.041137815 -0.49391535 0.070817254 -0.927512 -1.5065017 1.0350655 0.83078897 -0.46870002 -0.39696547 -1.7876167 1.929086 -0.362845 0.44972283 -0.2542505 0.5216143 0.22024006 -1.3165923 -0.0035458105 -1.965643 2.1703737 -0.26613888 0.5734752 1.8473957 -0.67382973 -0.07862573 -0.028753031 1.7405181 -0.80437297 -0.409139 -0.97903895 -0.5106177 2.3883877 1.7102077 1.5056223 -0.48180428 1.4634681 -1.0221751 1.6377575 -1.9202644 -0.237568 -1.3869442 -1.0458535 0.0632246 -2.0237806 1.4744527 -0.3590039 0.8102852 -0.51745635 0.5440205 0.70668596 2.1671293 1.7231663 0.58241427 -0.58909965 0.3330913 2.2015057 -1.0784097 -1.9012964 0.042753138 1.033438 0.4749587 0.1793849 0.90958524 0.35140866 -0.19987468 1.0375917 0.8716289 1.3495986 -2.3388865 2.2922792 1.1740441 1.2537367 1.0968169 3.0414662 -1.9574658 1.5099725 0.7426338 -0.51936483 -0.24222401 -1.4751533 -0.76844704 -0.9362313 0.5785447 0.8550395 1.2601813 1.4724659 -0.37128764 0.695548 0.4686931 0.87097913 -0.17527446 0.57546777 0.8116157 -1.2731394 -0.4819039 1.0491198 -0.05610029 0.5486039 0.45504862 0.0725144 -1.5733248 -1.808165 1.0372705 -1.0626053 -2.500087 2.151157 0.058438662 1.0569338 -0.45577532 -0.7073671 -0.44986674 -0.00039198127 -0.3535022 -0.21324542 1.2992482 0.0011091387 -0.9676492 0.55820864 0.9848195 -1.8522673 0.83800656 1.0569125 1.6140485 0.12833956 0.19893909 -0.72477174 0.4640029 -1.046092 -0.40156198 -0.8938845 -0.37993088 -1.4203355 -0.7842842 0.7495398 -1.1036494 1.6510204 -0.16401899 1.6888026 2.4005535 1.6267276 1.8575022 -2.9380336 -0.051146485 1.2712994 -0.0058110384 0.6970181 0.8215511 0.23476085 -1.3187804 -0.8912215 2.027405 0.5838709 2.2266362 -2.189349 -0.2876138 -1.0890139 3.1122537 0.8683908 0.22508882 1.4413854 0.05661981 -0.5503285 1.6819131 1.7144698 -0.8110203 -2.0081863 -1.403856 0.02544102 0.22344342 -0.8562743 0.38054577 -0.80458504 -0.115074635 -0.9762129 0.055729184 0.7594785 -0.2685589 -0.8682201 -0.29949635 -1.4878786 1.8728223 0.95932806 -1.226279 -1.5782603 -0.7616131 1.8466053 -0.8383372 -0.9057744 -1.0626729 -2.478182 -1.3183908 0.99538827 -2.0372932 -0.7621513 0.31268853 0.8661158 0.48480707 -0.59258604 1.0073357 -0.7889188 0.13567306 -0.9389952 -1.7546247 -1.3319939 -0.35108355 -2.571062 -0.58732206 -1.5109812 -1.1253289 -0.03465562 -1.510498 0.56202954 1.3763208 -0.53977466 0.7980372 0.15695348 0.5527261 -0.19406575 -0.41257498 -0.5861193 -0.009587525 0.3480342 -1.4550776 0.5386735 -0.88266695 0.96257716 -1.1307725 -1.0540699 -0.7242778 0.86725396 2.2345638 0.4551846 -2.595063 0.82651144 0.34639773 -0.53258306 0.8701388 1.8592993 -1.0519019 2.6865907 -1.208414 1.0699509 -0.33563313 -1.7739358 -0.43835112 -1.255039 0.6493895 0.55205226 0.44941422 0.13467179 0.5257803 -1.3349591 2.659199 1.1381544 -1.3140478 0.05085667 1.7220078 0.8682412 -0.7119825 0.054569237 -1.1207724 -0.9093371 -1.4735368 -0.5387455 -0.8744522 -1.0487638 0.046171606 -1.393747 -1.7251651 -0.23243697 -0.36933312
målarfärg 0.76750374 -0.6550237 -0.7937936 -0.0058641494 -0.048408028 -0.92357063 0.28221604 0.7579043 0.19420567 -0.28803986 1.0503151 0.2483456 0.070141375 -1.0492053 -1.2639244 0.31736484 0.53377855 -0.14775224 -1.5162337 -0.09766752 0.17248508 -0.55493075 -0.35512957 -1.9738793 -1.0283931 -1.0071 1.110012 -1.7725799 -0.59404665 -2.184238 3.011485 0.8838596 0.94393224 -1.3609899 -0.1077219 -1.6574556 2.8115127 -1.02854 -0.25251907 -0.567314 -1.4565357 0.59305906 -0.58014685 -1.2479019 0.059425622 0.6914861 0.97280765 -0.63391733 -1.6110729 1.4303466 2.314856 -0.2642706 0.30442193 -0.7365747 1.339264 -0.48801592 1.9624815 -0.14475541 -1.4134544 -0.26437643 -0.3023177 -1.1653056 0.058116864 1.9517144 -0.7143513 -0.101237185 -0.48601213 -0.20250268 1.4432266 1.0751988 -0.2479978 0.69521475 0.010671962 -2.6208158 -0.80859715 0.6076003 -1.454482 -0.18402532 0.9765867 1.6637915 -0.32437706 -0.9055698 0.37924948 1.0325013 3.0988767 -1.9942384 1.2209357 -1.4680895 -0.3315153 0.7654853 0.740199 0.42686674 -1.1511644 0.08830669 0.23795311 3.6745653 1.1001341 1.961749 -0.9752002 -0.26032695 1.1635602 -0.7731407 -0.5217744 0.16454114 -1.5558615 -1.3970766 -2.0329595 -0.19691293 -0.99992055 0.24810928 -0.87108487 0.14230573 -1.0655016 0.7626157 0.17591871 -1.423727 -0.3694962 1.4828384 1.767747 -1.3052528 -0.89208335 -0.24634458 -0.0876527 1.8928083 -0.06929468 -0.91440403 0.88859636 -0.40028048 -1.0458053 1.1508626 -0.54021436 0.65736043 2.208384 -1.061156 -0.6199191 1.0902 -0.4611293 2.1121268 -0.7310712 -0.32738215 2.624642 -0.2648904 -0.32591167 -0.44689474 -0.82368094 2.1008909 0.87666345 0.27587178 -1.1754028 -0.5649583 0.9686341 2.724414 -1.2893194 -0.6028674 2.2913318 1.4864565 -0.3504766 -0.57147723 -0.50496894 -0.4724704 0.08035154 0.70716065 0.99777055 0.3314517 -1.2936504 -2.8841264 1.0284679 1.6555802 0.7341414 0.08728447 -1.0509439 0.10680397 -0.59406066 3.247469 0.9127003 0.110398784 0.009015336 -1.651848 -1.7318381 -0.05000598 1.3906873 -0.42280605 -0.9928399 -0.4021318 -2.3767595 -0.050510664 3.54656 1.2383683 1.3258693 3.1244097 0.26967698 1.2202528 -1.5923849 -0.8434057 -1.6003515 -2.2898545 2.9025512 1.699178 -0.72145206 -0.9445929 0.73259604 -1.6918749 -2.3153427 -0.6536788 -0.19199057 0.28914565 0.83813393 -0.94304866 -1.8131273 0.89727515 -1.7464116 0.47200197 -0.52727187 -0.18469556 -0.07822497 0.5419237 -1.6970391 -1.2555064 -0.66631377 1.2964512 0.7440136 -1.3699721 0.99667376 0.8644138 -0.72494566 0.9541182 -1.3464396 -1.4858654 0.11060536 0.06035341 1.2367338 -1.5316149 0.5282893 1.026041 -1.2684704 2.6138613 1.6090813 -1.4649271 -0.20193821 1.4607453 -0.62553227 1.6406841 1.4867845 0.7640294 -0.74447626 -0.3568004 -0.20037585 0.3858602 -0.94071466 -0.37079924 -0.056849647 -0.66818815 -1.1831646 0.55949205 -0.5909635 -1.7940125 -0.114102446 0.5583457 -0.8751915 1.2986945 -1.016254 -0.8259349 2.5666392 -0.43819234 -0.80352676 0.67736214 -0.33040637 -1.4537482 0.7031657 -0.62305415 -1.6509179 -0.78960973 -1.6174811 1.7588292 -0.40510848 -1.5977517 -1.3855351 -0.023072781 0.83193445 -0.89808017 0.24457145 0.8487596 -1.8189745 3.0566556 1.4042042 0.8658272 -1.3795819 -0.47261506 -0.72620815 0.00543792 0.22721675 0.5840173 -2.1761396 -0.34337634 -0.26139486 0.95893276 0.2525129 -2.422491 0.8785222 -1.8337393
ammoniak 0.09867107 -2.1513605 -2.5940716 -1.1125777 1.8770452 -0.98348916 0.11516798 2.0854378 1.2591622 -0.08752049 -0.6716395 0.05100086 0.48280948 1.1288999 -2.198522 0.5069788 1.5284827 0.45986912 -1.3093032 -1.1220475 0.80515313 1.9732062 0.21279483 -0.82287484 -1.720966 2.3988461 -0.77606183 -0.3894779 -0.6705403 -0.25938997 0.90633965 0.5214409 -1.1213716 -0.5788273 0.3932712 -1.8870718 0.9257145 -1.0858967 -0.1929115 0.06796984 -1.2799758 0.17351285 1.7633572 -1.4494394 -0.13478227 3.4975934 0.41396144 -0.11526591 -0.6711168 -0.7515881 0.98287976 0.15396367 0.26240546 0.5373367 -0.4636158 0.20416118 1.4404434 0.5174431 1.4451861 -0.57135946 -0.7676706 0.84369856 0.1349658 0.8267814 1.7894759 -1.5646857 -1.3541311 -2.015747 -0.5171543 -0.5138791 -1.2754334 0.49119276 0.439752 -0.33948794 -1.3589557 -1.0893939 0.050324485 -0.8785007 -0.1858955 -0.21424596 -0.7423319 0.164698 0.14348663 2.7890177 2.8363678 -1.7881176 2.340855 -0.31102315 -0.33731014 -0.5872359 0.33771658 -0.7395796 1.4836912 0.99376583 0.2595838 0.46800086 1.5184622 -0.15298128 -2.4166293 1.0338054 -1.0388069 0.052211475 0.52454585 1.1874349 0.40690595 -0.9060698 -0.80779904 -1.4795586 1.2555574 -0.66742665 0.34652847 -0.2345582 -0.00207806 2.1803427 1.4057678 -0.1755518 1.1157825 -3.148111 1.446472 -0.87864983 0.17484777 -2.1339886 -0.5788372 0.025121503 -1.4084221 -2.9563844 -0.33544907 0.7941957 -1.0625116 -0.1922836 -1.2589959 1.0742521 1.147005 -1.1720847 -0.9805848 0.17808968 -1.9126703 1.2564636 -2.0224774 -1.8358706 -0.8730516 -1.127761 0.17388941 0.35125747 0.66493654 0.2413094 0.2968896 -0.8510816 -0.63114977 -0.8039451 0.25935864 2.6957693 -1.6140426 0.17781913 1.6352491 1.5626566 -0.9684258 -1.4467182 0.36359215 0.20015419 -2.0155818 -0.7339883 0.15650906 0.6218301 0.8655587 0.5252901 0.72251636 1.2044793 1.3118528 -2.1812193 -1.6643422 -1.0560997 1.7147807 0.35611913 0.26444277 0.84028685 -0.090241306 -0.7541654 -0.87407094 -1.4724239 0.5538666 0.24861267 -1.0761405 0.72735906 -1.0639384 0.46155408 0.90922344 1.2331288 2.9132116 1.3134667 0.69758266 2.0839326 0.6282455 0.6264267 0.5595411 -1.4939991 2.2088475 0.20457123 -0.5336755 -1.2264166 -1.0800583 1.0213693 -2.935718 -1.638452 -0.82100034 1.2675636 -0.68102515 -0.9308662 -1.7919029 1.8921267 -1.6285555 -1.5131127 0.51094097 -1.9433892 1.6772778 -0.56789356 -0.14228101 -0.6568343 -3.608057 0.28670707 -0.5008827 0.7808924 -1.4705583 0.7863603 -0.8399023 0.7278565 -2.1752791 -0.12450616 -0.35100594 -0.06460797 0.7652203 -0.44147667 -2.534075 -1.956999 -2.1901155 2.1515324 1.3026872 -1.1535016 -1.4551028 0.1457869 0.24633639 0.73420805 0.22218205 1.292789 -0.13048911 -0.27341422 0.09958712 0.8197258 -0.9957075 1.7078183 0.9837751 -0.1018202 -1.7819633 1.3050945 -0.23633675 -0.24001813 -2.436571 0.46388552 -0.15938778 0.1861902 1.8274487 -0.9358632 2.0157218 -0.117105454 0.651147 -1.3451661 0.7996042 1.3521394 -1.0076855 0.1573766 0.7577656 1.662938 0.84395343 0.74951184 0.69012684 1.5604666 0.12683237 0.991733 -0.10364215 -0.46262076 0.34845218 -0.684497 -0.18928872 4.037955 -1.5079724 2.3304706 -0.3684111 -0.5521998 0.6434262 0.3790198 2.3463266 -1.7697401 0.18287158 1.1192979 -0.25008544 1.053913 1.4025842 -1.1301311 -0.7396446 -1.5276246
bageri -0.4396532 2.9024098 -1.1309283 -3.1271632 -1.2132152 0.27645996 0.579085 0.32318085 -1.7987516 -2.8660867 1.6224763 1.4323349 -1.6214894 -1.4249526 -0.49942088 0.29388636 1.8549925 0.5142901 -0.372461 -1.9053941 0.2975576 -1.0344107 0.1655205 -0.9355662 0.21784206 -2.7139122 -0.787805 -0.9887625 -2.5783901 1.457433 1.4072421 0.01116991 0.87235284 -0.34289923 0.34501237 -1.1981174 -0.8342522 -0.8290698 -2.20115 1.6291292 2.016156 0.48341823 -2.4163332 0.0783711 -0.03741564 -2.786983 2.096067 -1.092279 0.021860756 1.4470607 -3.1726854 2.051 -0.084943295 -0.6114498 0.59765345 0.026708348 -2.4339938 0.68519926 2.8410559 -0.113638155 -1.5068502 -0.8007934 0.13895635 -0.42466033 -0.22420424 0.3380735 2.3620532 -1.7584242 0.6470426 -1.0017759 -0.09957229 -1.0247382 -1.3407505 -0.8472031 0.44333136 -0.57583493 -2.0908637 2.5282063 -0.010975235 1.322296 0.60450697 0.19083081 -1.4643495 0.5531195 0.5662785 -1.8655897 -0.9389808 -1.0306262 0.8681503 0.592055 2.6636336 -0.25799218 1.3548625 -1.8471174 -0.505755 1.0894659 0.15817292 -1.2140849 0.83511615 1.8099996 0.060955547 -0.43045303 -2.6513693 -0.7725292 2.0711823 0.6032901 0.21252696 2.2617102 -1.7415404 2.4087822 -1.6558158 0.59853446 -0.07812857 0.71825683 0.41911578 2.2572298 -2.4262419 -0.1561459 0.80372375 -1.4500117 -1.0861547 1.2259134 -0.70837134 1.9065428 0.8996585 1.2605838 0.35704404 2.8258617 -1.5704787 -1.3152528 -0.0024704423 0.44011298 0.42962024 0.42949584 0.3724944 1.4916501 -1.2180984 -0.9462087 1.2643757 -0.22159703 0.8681333 0.09571197 0.0018979835 -2.6995096 -0.41867065 1.2801456 -4.1931734 -1.4208095 -0.20850958 -0.81703526 -0.6693972 -0.9890808 -0.62142354 -0.38940746 -0.5071447 1.1478226 0.29768187 -0.30914092 0.80297416 -0.15084146 -1.7418444 0.24912928 -1.6718688 0.32617667 -1.0101228 -1.7768371 2.0830235 -0.6553759 1.1431606 0.4048013 -1.4338559 2.6892452 -0.54136205 -2.386252 -1.2717603 -1.0581735 1.1877395 1.3821757 -2.6224039 0.003951168 -0.8034272 -1.2276669 -0.251425 1.3126826 -2.0272038 3.9897218 2.1197805 1.425078 0.17060505 -1.2861195 2.1751928 -0.62120885 -2.6176662 0.5225981 4.3096013 -0.06344263 -1.3521199 -1.4918598 -0.9169189 0.80778134 0.32004255 0.51171756 0.62999284 -1.2630112 0.7576414 1.0408555 -0.16696484 0.61740416 -0.17743209 1.5618308 -0.71377444 -3.333486 -0.6832963 -0.8456343 -0.6144958 -0.6281484 -0.8670052 -1.3118858 -1.6607913 2.5078561 3.240165 -2.3989458 -1.3671265 -0.08904765 0.6423677 -1.427036 0.2119942 -1.2179049 -1.106328 1.0306107 0.58971435 1.136348 0.6020091 -1.2350564 1.4725031 0.43583345 -1.2433391 1.1179593 -2.0941362 -1.4070336 0.17932004 -0.0017485509 -0.33240297 -2.4368305 -0.0038302375 -0.37294126 1.6258495 -0.2781997 0.24338487 0.8548103 0.9143017 -0.75883704 -0.9718874 -0.9308837 1.0303886 0.96357834 1.6595454 0.23398395 -0.33130836 -0.95249504 -1.6039916 -0.58088434 1.6780846 -2.3094652 -1.8862226 0.47267413 0.6887472 -2.0365784 2.3658094 -1.97812 0.15017986 0.05861518 0.0068854094 0.532933 0.2966375 0.647402 1.0989698 0.5191691 0.4133704 -1.2761298 0.1385119 -1.6483017 -0.28348935 -1.2136221 -1.2204332 -1.0822856 -0.0852988 0.086893715 1.2687911 1.010103 -0.40600616 2.197128 -0.39391842 -2.2656543 2.120148 0.34922332 -0.63627905 -0.7463831 1.527773 -2.2741988
sirap -2.4591844 3.1294088 -0.6633384 3.133015 0.59622866 -3.302862 -0.16243272 -0.24042493 0.5927541 -0.4912544 0.8236677 -1.3995168 -0.9707007 0.49601158 0.08727241 0.3829598 -1.3729428 2.0000134 -3.5348375 -0.63629645 -0.044964626 0.22830826 2.3347235 2.5990887 -0.24437922 -1.9453949 -0.27865484 1.431104 -0.10116509 -1.3919975 0.3327913 0.37827423 0.26621816 -2.0291574 1.5612177 0.9436314 -0.57517356 0.6169678 0.06095956 3.0987778 -1.0080868 -0.49909613 0.21441324 -0.83087295 2.5044687 0.70172703 1.860035 0.030226445 -0.87754697 -0.1603167 2.0110548 -0.29817247 0.14964654 -0.64938563 1.0832133 -0.6566513 -0.4282356 1.350733 -0.7221881 -1.5550343 1.4084042 1.6815289 2.6298153 0.5258543 0.42667276 0.9170278 -0.3042521 1.9895828 0.17943689 1.3042674 0.14603509 -2.989771 -0.7689113 -3.386549 0.8437158 0.32273155 0.05269737 0.48920476 2.0384605 0.58423775 -0.059554998 0.13134457 1.4765013 -1.103614 -1.3008763 0.45796043 -0.4895807 -1.7526526 -3.164306 0.9157974 -0.53933036 -0.16663621 0.42744544 0.2289831 -0.18261012 1.6858547 1.7004962 -1.1254401 -0.3793896 0.10188403 -0.6497385 0.80016255 1.6599677 -0.9634198 0.029378979 1.7316107 1.4678282 -1.1943531 0.8667377 0.4384421 -0.2695916 1.5386212 -0.9462573 1.4942044 -1.0508744 0.7088853 2.3595593 -1.8411297 2.9252572 -2.8509462 0.48204204 0.19999032 1.739899 -0.43932068 0.6152752 -1.6774278 0.39897686 -1.2199441 0.11389579 0.6607307 -0.1906338 2.3937542 2.0894825 -1.4252908 -0.123561546 1.003071 0.82045436 1.3471715 -0.55641264 -0.5316975 -1.1186206 1.2905912 -0.73805314 -1.8040715 -0.28771213 -0.4214797 0.34359783 -2.2503242 0.75463223 -0.6609636 0.18615295 -1.7465488 0.16457626 -0.66765934 2.7363522 -0.15562035 -1.2604487 0.2596772 -0.3200447 0.20548975 0.6501562 -0.6502029 0.33813834 -1.475189 -1.2005455 -0.8717007 1.1776327 1.5092268 0.85613555 -0.5843388 1.9466699 -1.2826438 0.53494877 -0.65841 -2.20839 0.776261 1.3687544 0.8133698 -0.29925618 0.9267064 0.9657795 0.10383879 0.08795811 -1.3577245 0.08013268 -0.11532017 -0.54206556 -1.1359445 0.7170675 1.2463503 0.03448018 -1.9640858 1.7253011 -1.8279577 -0.60044754 -0.930974 -0.3098048 -1.2106105 1.8253449 -1.6356382 -0.4100886 0.36480096 -2.263226 -0.60690856 0.48113632 0.77604586 -0.629877 0.23524025 -3.2568066 -0.87135667 -1.000095 -0.63461083 -0.8612264 -0.67780846 -1.4969585 -0.0073037604 -1.5854025 -0.52103597 1.0730952 -1.6989391 0.60436314 -1.1405265 -0.5713175 -0.26147088 0.21565871 -2.0178137 -0.5970382 0.4951761 -2.7134786 -1.1871023 1.2278368 0.21595007 -1.0111163 -2.376644 0.45033655 -0.6859676 -0.5715894 -1.355359 -2.2408905 0.5939227 -0.46537367 1.4395361 0.3797694 -0.11469552 -0.2146011 1.1113495 1.3220953 2.2305036 1.0638456 -0.1117602 0.595453 -0.27798894 -0.20539628 0.53791994 -1.6959252 -2.0676265 -1.326085 1.2533876 0.2938409 -0.06338854 -0.27982795 1.4481562 2.3263667 -2.857105 0.7156128 -1.70383 1.6915118 0.30373845 -0.13763542 -0.94971424 -1.8047818 -1.4879233 -0.2973003 -0.8756073 -1.3807924 0.6389025 -0.6635194 -0.53036106 -1.709194 -1.3675374 -0.0030759692 -1.0600476 1.2537991 1.2084477 -4.064998 -0.1000979 -0.6286175 1.3688828 0.29255417 -1.4918009 2.2680902 -0.014513761 -0.038465522 -2.7558167 -1.3176873 -1.2123567 0.29837844 0.8311555 1.0955514 -2.1074486
kork -2.2754314 0.8207516 -0.1701455 1.972716 1.038792 -0.18132204 1.079233 0.2774866 0.36590856 0.10883449 0.5310511 -0.42294872 0.5220989 -2.7396197 -0.80082685 0.019235492 2.3881793 0.48160756 1.4478031 -0.90015775 -0.8597602 2.057869 1.4696972 -0.8054278 -0.5916842 2.0882587 1.2692544 -1.3790735 -1.4126283 -0.5535794 -1.4430858 0.65056515 -0.17598554 -0.2023947 0.47857815 0.8074993 -2.432268 -0.027445564 -1.1033654 -0.7183358 0.48231852 -1.2709607 -0.8653526 -1.623855 -1.2225984 1.7147894 0.12935254 0.3468491 -1.2137079 -0.741338 0.5252463 2.848572 -1.2403665 2.3237875 0.60950285 0.3793646 -0.9396341 -1.971819 -0.2006694 1.6104413 0.3263964 0.7847785 0.2745857 0.058701813 0.5029072 -1.3622624 1.4927869 -2.1952093 -1.1250286 -1.2807738 -3.5383258 2.4260077 -0.89584166 -0.65898603 -0.15420596 1.9089087 -0.37395638 -1.8542829 -0.7734767 -0.4548654 -0.16133079 1.0335163 -1.0123268 -0.61530554 1.6775241 -2.1407444 -1.0516479 0.82520074 -1.369289 -0.86772186 -0.7701336 1.2604539 -0.7660148 1.6753569 -0.49296418 2.7924445 1.1010859 -1.0162138 1.4722093 -3.3051467 0.21203217 -0.28158268 0.84642476 1.6263458 -0.37670928 -1.0860683 -1.1239098 1.8410126 -0.31220007 -0.20498699 0.43545952 -2.8722649 1.092401 2.1162925 2.006912 -1.3171209 -0.6974457 -0.9938373 -0.091951266 -0.6766544 -0.23792464 0.5623337 4.221115 2.753149 0.82114875 -1.9040804 1.2998978 -1.125266 -2.4011052 0.8462985 -1.153131 1.1125091 0.43602428 -0.026930984 1.6008011 1.5915456 0.0705707 0.61339873 -1.253087 0.8231357 1.0363958 0.035548657 -2.514239 0.59174883 -3.179247 -0.10691496 -0.43667123 -0.2381027 -0.68408036 -0.5345587 0.38561395 -0.7858854 -1.086688 -0.51171535 -0.54761505 -0.5314133 -0.13164185 -0.22773825 0.21487147 -0.7135945 -2.2944243 0.15384763 -0.14937048 0.36995867 -0.5927244 1.771015 -0.14276361 -0.82620007 1.1779584 0.12752534 -2.2351537 1.1540225 -0.85402167 0.70606726 0.9599279 -0.14190531 1.335824 1.1462144 1.3336935 0.06255827 1.9731917 -0.22024563 -1.3992243 0.87648183 -1.2996725 1.740273 2.2945778 -0.40271837 0.9382428 -0.4748024 -0.9898642 -2.273658 0.97118455 -0.7227942 -0.285482 -3.5578508 -1.4182668 -0.50734234 -1.1860877 3.6965103 -2.3719838 -0.7810313 -0.9487807 -0.9122662 0.841747 -2.17694 0.25705078 1.1629417 0.16630967 1.1744725 0.40157095 -1.1756155 -0.77317077 0.11228733 0.65227515 -0.1618837 -1.5252098 1.1039279 -0.98875266 -1.147372 -2.1343043 -2.632565 -3.1607482 2.1425192 0.29537722 0.23946157 -0.6844415 -0.051730882 -1.8691759 0.81967324 -1.7277689 -0.18457264 -1.2254317 -0.3893198 0.3886448 1.1912961 0.01541014 -1.4868176 1.3086617 -0.056470092 0.792807 -1.0898557 0.99198705 1.6562735 0.53123546 0.6142601 -0.4877138 1.3240954 -2.7274876 -0.21619903 1.0163685 -0.24256311 0.01579223 0.46490675 0.25077415 -0.88277817 -1.374257 0.17747068 0.4156824 1.1648339 0.7149403 -2.7762644 -0.090080924 -0.60117 -0.8868486 -0.3406911 3.0456073 1.356618 3.2538757 -1.4843951 -1.1146461 -0.8713554 -2.6066248 -1.3975452 -1.971098 2.5676904 -0.13662203 0.25397858 -0.9867976 0.7677663 -2.1226382 0.2688986 -0.85285944 -0.2174545 -2.0554795 1.5721687 -0.8482102 0.9030739 -0.07885944 1.0170553 -0.7193003 -2.725935 -0.7195462 -0.3273418 -2.0477655 1.2939519 -0.585115 -1.9605324 -1.1699921 0.19599414
björk -0.27000207 3.2472053 -0.68734145 0.5624418 2.143266 0.2508552 0.47579858 0.48876488 0.5103418 0.15580839 -0.6820723 1.9009842 -0.02311925 0.9577668 -2.7166564 -0.9336841 -1.0880299 0.68298703 -2.2961755 1.4239262 -0.9169932 -0.18826422 1.8650361 -0.4433226 2.2012389 -2.1652772 -1.7729554 -0.6539246 -1.1398301 0.92023355 -1.6022774 -1.715648 0.29928064 -0.5738627 0.8412209 -0.73948276 -0.11512638 -0.23425277 -0.3936561 -1.3095616 0.2797804 -1.6146432 0.31574723 1.0077975 0.33580554 -1.670046 0.83323157 0.76326627 -0.0024197474 -0.9742334 1.2084422 -0.6249296 1.6477219 0.27413768 1.2371024 0.3190735 0.5995374 -0.6696281 -0.7781675 -2.1571858 3.9331555 -0.97229385 1.0532409 -0.4708762 -0.3728587 0.5269535 -1.2258872 -0.08950436 1.1544231 1.5200317 1.4313173 -0.8321249 0.49241439 -0.16214538 3.1372356 0.484721 -1.132413 -1.1693156 1.7330348 -1.0971743 0.35706508 -0.036469616 0.33764967 -0.25038147 -0.42115098 -2.5856764 -0.18772843 1.1533847 0.2571533 -2.2354703 0.095512785 -0.31611237 -0.3200417 -0.6508486 1.913499 1.1048497 -0.5533095 -1.8850695 -0.27228397 -0.46939915 0.56507576 -1.1308895 0.37147945 1.4131846 1.1562743 -0.3896045 -0.10323246 -0.3499844 1.046778 1.1981555 0.9584268 -1.1455263 -1.7940671 2.3134735 -0.20305322 0.42036587 0.36071497 -1.412152 -0.14424941 -2.1132238 0.3141937 0.9703378 -1.9920878 -0.05540529 1.2625108 1.4618859 -0.8294009 -1.752653 -0.53681237 -0.61579835 0.13021784 -0.806306 -1.9702693 -1.4760412 1.0341734 0.5363055 1.414109 1.654648 -1.7176683 0.17269008 0.5584513 -0.9344592 -0.45020652 -0.0026756944 1.5105925 1.3274088 2.050325 0.15167752 -1.4194925 0.010090956 1.3344272 0.32145208 -2.0204556 1.3328071 0.6601326 0.31914833 0.9996326 1.6885657 -0.22043124 2.329668 0.6332265 2.077565 -0.60090923 1.7600125 -0.19441749 -0.72981703 -0.20127971 -0.599332 -1.0678229 1.5771106 1.8280894 -0.083546795 -1.949103 0.95921916 0.4158313 -0.30680424 2.008052 0.6509366 -2.0628672 1.033518 1.1430107 -1.1159347 -1.9499356 1.9291669 0.96310765 -0.44904968 -0.97330076 1.3075584 -0.8703573 0.563314 1.1570342 1.9889741 0.7465385 -0.6459999 1.8844211 -0.94995224 -0.9290725 -1.560156 0.46963838 1.2085118 0.44170037 -0.15081207 3.1717684 0.04879346 -0.26013196 1.5900812 2.5496461 -0.81619644 -1.9716182 0.58502436 1.7042973 1.0492489 0.34823945 -0.24804722 -0.40125832 0.1853911 1.7494712 -2.2321148 -1.2783138 0.7813156 0.8513409 0.0017859176 0.20389013 -2.2707896 1.2379558 -0.37407336 -1.4448615 -1.6445987 -1.2751435 -0.73269945 4.166551 -0.92696285 0.19909291 1.0797349 2.3619342 -1.6571841 -1.4152277 -2.7943945 1.6331834 -0.29335937 1.2802689 -0.6793197 -0.37484282 1.0908637 2.0605283 -0.16908635 2.2273111 0.8121643 -0.88656414 0.9887647 0.8771678 1.0678273 -1.4520284 0.18946813 -1.2889366 1.2172275 -0.483578 1.0507066 -2.9582565 -1.0430532 1.6742584 1.0697815 -0.8458985 -0.3514228 -1.2649451 -0.33803278 0.036671143 3.195014 0.90136665 -0.69512564 -0.17279755 -0.2634268 0.8982787 0.5480236 -0.0032065923 0.7848619 1.3263354 -1.4128737 -1.0423027 1.1314496 -1.672222 0.038928375 -0.12238513 -2.1384315 1.495637 -0.7965896 -1.2978626 -1.0199062 1.2298247 0.7678413 -1.9155078 -1.5140452 -0.2979052 0.059434306 -0.93017995 -1.2401432 0.15435319 -1.1927322 0.48130295 -0.8652641
eukalyptus -3.439717 -0.2965995 1.0275853 0.06365631 0.5146316 -0.97363585 0.6591366 2.140899 0.5044275 0.080309086 0.7628371 1.1762376 -0.29388183 -1.318561 -1.0846003 -1.4234128 2.74693 -0.036612257 -0.7211616 1.333802 0.6077244 0.15278724 2.0206516 0.5631244 1.1396016 0.15897128 -0.6352747 -0.99463683 0.55673665 -0.120011196 -0.51937187 -0.27221027 -2.1742742 -0.7207834 -1.1025282 0.08546132 1.0506339 1.1546861 -0.03745489 -0.46866065 -0.5048065 -1.2984757 -0.18914196 1.0982015 1.0836859 0.18062167 1.2415375 -0.8695692 -0.9964822 -0.2560008 0.45217127 2.05988 -1.197497 -0.12190037 0.47035536 0.24949746 -1.2734585 2.169109 0.045970898 -1.1043447 0.4198353 0.32582253 0.57502294 0.97624505 0.93756926 1.1184374 -0.692843 -0.051404074 -0.66543937 0.59514725 0.43735945 -1.0754507 -2.3470757 -0.21944375 0.2729622 0.60644674 -0.40428343 0.5119298 0.9538504 -1.9477502 0.45649642 -1.0256461 1.5946314 -0.40584078 1.1318077 -1.5158515 1.0725707 1.973618 -1.141196 -0.3190673 2.0658777 -0.14207722 0.76960254 0.43080053 -0.6076565 1.8230677 0.70849496 -0.6160168 1.1081755 0.7016006 0.14812468 1.9750692 0.55292857 -0.6148675 1.5005233 -1.8720593 -1.3677506 0.13892516 2.765008 -1.3111959 -0.26655725 0.3302317 -0.93512297 0.33763137 -0.28428653 0.42205143 -0.8001455 -0.28194332 0.08151806 -1.9217436 0.29339138 -0.47472823 -0.8051656 1.6908063 -1.5117056 -0.9523458 -0.6403832 0.41093934 -0.22008553 1.3935946 1.4911486 1.7977217 -0.5802271 0.500088 -0.3509672 0.38805896 2.1411524 0.98186517 -0.771407 -0.32308704 2.0067806 0.68583536 -0.8918544 -0.9385307 2.1752226 0.6434086 1.1538321 -0.5051894 -0.7410525 -0.33883086 2.7437356 -0.59991986 -0.8739008 2.2579958 1.9802562 -0.40965322 0.054518677 0.47031415 0.49678475 -0.7073576 1.7952441 0.7999794 -0.6051961 2.946536 -0.7494231 1.0524317 2.5572433 -0.82454634 1.294403 0.67225 -0.409734 -0.4912656 -0.08079402 0.9603591 0.62972957 -1.2693099 -1.0121448 1.1318794 -1.8270252 -0.8255542 0.11213978 0.9282667 0.17408134 -0.053048894 0.81357735 -0.88011163 0.67151135 1.030516 0.049078684 -0.11205772 1.4704974 -0.56755275 0.64462876 0.717605 -0.583208 -0.041287895 -0.94548965 -0.4417205 2.0222726 0.5394517 0.66737074 -1.9195963 0.19288287 0.4886233 0.14605553 -0.9644826 1.100718 0.6605035 -1.6433084 0.205764 -0.9318256 1.3934088 -2.3211598 0.70260245 -1.7834483 -1.8567073 1.0907632 1.2761955 -1.1820751 0.06369846 1.9250051 -1.434229 -1.2669337 -2.7328105 -1.505101 0.5005956 -1.9817324 -0.96446663 -2.0230103 -0.041706406 0.4838852 -1.1972134 0.6360426 -0.8376089 0.4244013 0.6106391 1.5930662 -0.045019075 -1.0237948 1.6377354 0.29340124 -0.4527809 -0.013538611 1.5561064 0.7020236 0.51803815 0.28945643 1.9195856 -0.90797627 3.098336 0.42299798 0.41296604 -0.069510646 0.30142486 1.1777033 -0.36750755 0.35075924 1.8373585 -2.5227554 -1.0822619 1.2118365 -0.7698147 1.5939449 -1.3467829 -0.097371325 0.5861642 1.207745 1.6946839 0.2993078 1.8361038 -1.2261269 0.9954253 0.31676263 0.43051934 2.2071846 -0.12330969 -1.2367669 0.2058517 0.76538414 -1.4802027 -0.12221228 -1.2308557 -2.6601949 2.2644234 1.0921783 1.168791 -1.5267797 0.11974242 -0.78494006 -0.23516603 0.40491983 -0.9252739 0.8535605 -0.71757495 1.4129636 1.1654946 0.0776235 -0.7005822 0.2949089 -1.0817441
druva -0.90287167 -1.0349646 1.3754582 2.8234508 -0.9003924 -2.3589375 1.8032197 2.4127371 -0.1557464 0.113689154 0.6585717 0.3378343 0.22919777 2.9635665 0.95548826 0.9692897 2.468049 0.6504685 -0.55589163 -0.5006055 -1.0783623 1.2159059 1.8020526 -1.0064095 -1.0355929 -0.27979547 -0.29593 0.67158955 -1.9693692 -0.510331 0.37563646 0.70429087 -0.87593114 -2.9416187 0.014194196 -0.3208084 -0.20949598 1.7877587 1.1300148 -1.5686266 2.2840102 -1.149323 -0.36529845 -1.6920675 -0.29801404 0.6686577 -1.8032978 -2.00639 0.2967468 -0.023558244 -0.07478409 1.0169387 -1.2353879 -0.42023966 -0.6666131 -0.5775477 -1.4778056 2.334055 0.4855773 -0.102035075 0.97047836 -1.6985447 -0.9602613 -0.037452333 -1.5904986 -0.20654653 0.0011839408 4.3773293 -2.5960977 -0.76678455 0.44419652 -1.3794782 -0.31102532 -0.34520873 0.17729299 0.3689111 -0.5196285 -0.15437044 -0.45014435 0.92939085 -1.1924366 -0.34655607 -1.2307321 -1.578667 -1.7949648 -0.87663513 -0.8891274 0.6550013 -3.4601827 -1.6089445 0.85169286 -0.2737232 -0.4617139 -0.20768338 -0.63455373 -1.1971786 0.4833715 -2.8563874 -2.0377882 -0.91638935 0.6845541 -0.43733743 0.8310247 -0.36270684 -1.6206207 0.48963645 -1.4139984 -0.7814187 -0.4123875 0.123200595 0.3928275 2.8652701 0.3810736 -0.75409156 1.541051 -1.6399012 1.0805278 -0.9726291 0.049653433 -2.0573015 -0.21588755 1.3723465 -0.693201 0.87871134 -0.9054432 -0.04766196 -0.7724042 -1.5861758 0.6763618 -1.7067705 -0.18829857 0.9446642 -1.1948395 -0.25955397 0.21021903 -0.42707336 0.08487045 -1.11448 -1.5821321 2.8047328 0.6204805 0.97914344 0.24890867 -0.760747 -2.4394667 0.59357476 2.5498056 -2.4322898 -0.20905402 -0.7253911 0.28780705 -0.5802388 -1.7126324 1.9924675 -1.3005649 1.6650583 0.13556938 0.5996359 -1.3814311 0.4736075 2.2382386 3.3715732 -0.705223 -0.28979906 -0.5049473 0.9101738 3.680769 1.3318542 -1.5446784 1.2241218 0.19364676 0.40790078 -0.84426934 0.33976394 -1.940151 0.75183666 2.4112782 0.17101198 -1.4757916 0.15620828 0.79880816 -0.10007924 -0.11425573 -1.0689029 -1.2046783 1.8262104 0.46507728 3.2414374 1.1421242 0.28939745 0.60983723 -0.35565963 -0.11296719 -2.9721606 1.2318658 -0.5034224 -0.017013466 0.04986774 1.2062912 0.9441672 -0.30975872 -0.5831076 0.21501665 -2.6514719 0.5690664 -0.19406345 -0.07005394 -0.44945714 -1.763099 0.59460455 -0.43461138 0.114085265 -0.21957625 0.04229077 -1.076217 -1.4197379 -1.0748264 1.0146006 0.21993797 -0.17927137 3.240274 0.5246524 0.3228572 -0.9363781 0.66698134 1.6011285 -0.5816722 1.6051072 -2.172158 -0.222768 -0.9343118 -1.0488696 -1.8154196 0.81275433 -1.2325264 -0.53488845 -0.7741013 -0.57024544 -1.8632538 -0.043406148 0.85211104 0.53288144 1.4145472 1.097112 0.39922225 0.38237768 -0.6307074 -0.72445107 -0.21307494 2.5026538 1.3517938 1.0053319 -0.5476845 0.24928525 1.5443162 -0.0968428 0.47780323 2.2896838 0.62504774 -0.8107992 3.5935314 -0.57193744 0.6599634 -1.9703743 -0.9921976 0.4996616 0.94251275 0.3014476 1.4556774 1.0355449 -3.426026 0.3423644 0.83112925 -0.35127646 -0.9384371 0.629284 0.6923615 -1.9734323 2.2477798 -2.5160384 -1.9617593 0.07956415 0.23551033 0.7296398 -1.5386918 1.5109493 -0.3448444 0.9447079 2.6186507 -0.7856115 -1.169716 -2.7107794 0.7513034 -1.659956 -0.4097748 0.39955133 1.9948789 -1.517691 0.95862496 -0.47942474
kryddnejlika 0.08906819 0.98036075 0.18749084 1.95627 1.240487 -0.71330154 1.812675 2.1901793 -0.7426462 -2.214954 0.1432152 -1.048758 -0.57674485 0.41356307 -0.8460901 -0.3002483 0.6026623 -0.25824645 0.733438 0.29431584 -0.076895714 1.355283 0.86328745 -0.24296634 1.5202802 -0.40312928 0.070397146 0.42757645 -1.3001492 -1.6281747 -1.310499 -1.3336583 -1.4843535 -1.4041594 0.40156305 -0.3261052 1.8357564 1.0783948 -0.6123473 -0.6695873 -0.25206542 -1.7222255 0.42815754 0.3156435 -0.60342413 0.6912119 -0.24445851 0.46156144 0.9822761 -0.88318855 1.8921956 2.8133774 -1.7308414 -0.14306809 0.57789385 -0.59988004 -2.264455 0.68893564 -1.6631608 -0.9225085 0.74700856 0.91988957 1.3567611 0.17453992 -0.17235805 0.74634004 0.5285501 1.3547043 -0.421036 0.39004368 1.6200035 -1.3148652 -0.60441214 0.11762738 2.0767608 -0.6843691 0.09059152 -0.7665555 0.9411177 -1.6932217 -0.7466451 0.332755 -0.64898884 -3.1476119 -0.49578887 -0.9120445 -0.9671489 -0.073512346 -1.059071 0.25923944 1.0056037 -0.67062485 0.18062209 -0.068655945 -2.0516057 0.14880623 1.369213 -2.2950969 -0.0935676 -0.40895352 -1.3064018 -0.5913359 -1.5313133 -1.6130564 1.4275465 -0.31895325 0.17196086 -0.76827806 1.4976257 0.45984775 -1.0861124 -0.7496349 -1.4410213 0.28067508 -0.48290554 -0.18857855 -0.024955114 0.012153153 1.4232304 -1.414979 0.9840923 1.0920299 1.1191933 -0.31090727 -0.8614163 -1.7846996 -0.18680765 0.39803368 -0.95631486 1.1950234 0.42400035 1.3794816 -0.50449467 -0.9372433 -1.024675 0.47846815 0.3800937 -1.1803093 -0.28534216 -2.302154 0.51758605 1.973575 -1.1002511 2.3256254 1.278448 0.492813 0.23959103 -0.7668638 -0.5196464 1.6872832 2.143769 0.16567521 -0.9074621 0.46619585 0.55522466 -2.0592053 0.9471672 -1.9878055 -1.2376635 -1.2582238 0.8144215 -0.7212065 0.5109917 -1.3791388 -0.44711104 0.12578371 1.3057963 1.1364492 -1.076602 -0.47985613 1.5077207 -1.4572529 0.9844932 -0.55329 1.0554466 -0.3074027 0.3040616 -0.101781115 -0.90011734 -0.06366611 -0.4683603 -0.2943539 1.3973614 0.26745257 -1.5052749 0.97907466 2.7385356 1.2820354 -0.6848572 0.41784298 0.8998362 -1.5537368 0.941252 -0.4086486 -0.083722524 0.82687145 -2.0570436 -1.8193898 -0.29621753 -1.4847983 2.0153673 -1.0234507 1.215997 -0.9179242 -0.2937153 0.54179627 -0.77523696 0.7972853 -2.2294326 0.48981395 -0.37209702 1.8203561 -2.0153263 0.17791204 -0.16366518 -0.46995002 -1.0626969 -1.6791033 0.24190497 0.5164704 1.0395148 -2.1154659 0.76455426 -1.400739 0.4808422 -2.4494054 0.17455988 -0.40676326 -3.1369216 -1.425574 0.13902944 -1.9310077 0.286384 -0.41161403 0.4635819 -0.20812657 -1.172636 0.7579271 0.53507316 1.3180053 1.0454208 0.3704486 -1.3553647 0.99409115 2.9418561 1.3336371 0.25933433 2.0839033 1.0390625 0.8148594 2.0346696 2.1166854 -0.19673888 -1.5674418 0.8843274 0.7142277 0.8950239 1.6267278 -0.720057 -2.0080874 1.9668643 -0.3029314 1.2738423 -1.5806941 -0.21080546 -0.7213446 -2.7494435 -0.842418 -1.140592 0.75907165 -0.79942346 -0.14062203 0.13598914 -0.62760854 0.81459665 -0.9663977 -0.72569865 -0.15231687 0.5326342 -0.17817749 0.19600528 0.7216848 0.37117168 -0.032381754 0.012229204 2.3721292 -0.8077114 -1.1607035 2.784706 1.3918352 0.56384516 -0.27037567 1.4674073 -0.43896812 -0.19116949 -0.47105986 0.9691892 1.728535 1.2003615 -0.8916224
bär -1.2672919 0.181439 -0.56382495 1.9826449 1.3062276 -1.5901612 0.3484166 0.73547775 -0.8691457 0.8099072 -0.47220874 0.15569738 0.30819857 0.95435846 -1.2678914 0.1425469 0.30586803 0.47086164 -0.08003809 -1.5784426 0.618945 0.84361905 -0.24739344 -0.18876041 0.12450993 -2.049818 0.46012264 -0.42020229 0.35488826 -2.8301606 0.39636716 1.1886449 1.1506577 -1.5154217 -0.17361836 1.3425798 1.0904635 -1.3523077 0.012750323 -1.386318 2.6070662 -0.6780362 -0.1540494 -1.7431436 -0.03942666 0.37361443 0.105254434 0.36626202 -0.46400663 0.95985806 -1.9006199 0.789403 0.7218455 2.7618852 0.03946929 1.2088861 1.4124576 -0.35341203 -0.04360665 0.061465073 0.44666022 -0.8292715 3.0363333 0.44919017 -0.6927505 -0.72194105 1.2491454 1.2259197 -1.5064952 -0.387934 1.7558048 0.968805 -0.10174506 0.50896114 -1.636724 -0.19888882 1.7603106 -0.023827422 0.21387032 -0.5181493 0.16792117 -0.69180816 1.4946527 1.1774819 -0.7725684 -0.66513705 0.09328248 0.3076966 -1.1904398 0.106271185 0.26267824 -0.9142138 1.1493975 -0.7107208 -1.3817806 -1.308048 -0.86413175 -0.8050164 -0.70869285 1.2778476 -0.9754671 0.78386486 0.833678 -1.6232332 -0.7845106 0.6869291 1.5938754 -0.63290334 1.0212944 -0.6896367 0.5668104 0.6077829 0.37115136 1.6968215 0.07847892 0.63458204 1.2434685 -1.9154439 2.0308506 0.5726792 -0.60413235 0.82667875 -0.8696819 -0.32061058 0.3570323 -0.08814076 0.5782062 -0.9020274 0.70159036 -1.5423275 -0.49907732 1.5461882 -0.89618784 -0.8546025 0.11175033 1.1455041 1.8620754 0.82869536 -0.22295325 -3.077789 -0.30958351 0.013359609 -0.53018516 0.73800063 1.682658 0.055541586 -0.24568534 0.22678466 1.0027506 1.4316945 1.1045746 -1.780845 -1.2431762 1.732396 -0.74429107 -0.53302735 -0.015895741 -0.1922296 1.9090909 0.18704027 0.29472595 1.3568444 -1.7924608 1.4606415 0.52336186 -1.4654126 3.0652742 0.27568722 -0.36418474 0.65495604 -0.9857741 0.41375497 -0.58355886 0.6639941 -1.115681 0.2037526 -0.589121 0.6738626 0.13368256 -0.27397 0.80092406 0.2874779 1.090542 -0.97413707 -0.5480821 0.56230205 -2.010492 1.7132415 0.050705608 0.6504842 -0.3739898 -1.1051183 0.18768658 -0.6145056 0.72967017 -0.008550658 0.044986658 -0.18119282 0.20211215 1.1874343 -1.1423506 0.35765868 1.2431074 -1.8956614 -0.5264762 -0.2573057 0.70153594 -0.8574607 -0.7738358 -1.3612912 -0.6888265 -0.0740448 -1.2072617 -0.59507614 0.9520114 0.23375438 -0.79468024 -0.07415799 -1.623037 0.6485138 0.22470868 1.1451182 0.35919392 -0.51786226 -1.8327378 1.4862142 -0.25577265 1.2612997 -0.08362044 -1.9377595 0.62147874 -0.044867925 -0.50772685 -0.15633278 -0.9616387 -0.43677038 0.5067483 -0.04377866 1.8194727 0.014455809 -0.5312538 -1.3883679 -0.24266768 -1.9792383 2.4218361 -0.6993845 0.12723841 0.03274486 -0.533382 1.2311244 0.3095103 1.5252422 -0.35151017 0.2951226 1.825553 1.2943267 -0.27754727 0.45264283 -2.1209617 -0.69397223 1.4628307 -0.48061267 -0.19755661 -0.41574207 -0.47320086 -0.51603884 -0.52815634 0.13564807 0.53149974 -0.6988852 -3.5312529 1.912641 -0.97616947 2.5186207 -2.8460987 -1.1215163 -0.34955728 -2.288921 -0.4910225 -1.6903343 -0.6240493 0.18486519 1.8844602 0.6021135 0.38081077 -0.43433014 1.2175026 -1.6325837 0.8344996 -0.8946904 0.5801745 -3.683067 1.5158801 0.26342657 -3.981212 -1.563837 -0.12602219 -0.44051027 0.121337704 -2.9187071
banan -2.1072614 -0.18585725 -0.1944061 2.0102193 -0.802033 -1.6716828 0.4755017 -0.6583552 0.22495489 -1.115907 0.55675316 -1.7373692 -0.39383733 0.72057766 -0.7356077 1.0301958 1.5891956 0.4751202 -0.67893475 0.103056155 -1.2457972 0.16452727 0.06833192 1.11291 -1.4213961 -0.5575936 0.7665869 -1.9103028 -1.0923404 0.17463546 0.12489539 0.7547508 -0.9983013 -1.5127904 1.5501163 -1.4285209 -0.4431671 -0.4193335 0.85236585 0.8773195 0.8940319 -0.14849818 0.62690485 -1.0456392 -0.12521547 0.7733261 -1.1052456 0.23611845 0.9518329 0.3328614 1.9960886 1.1242448 -0.36317605 -0.19157423 -0.58506215 0.38490707 0.006209366 0.55932677 -0.5641328 0.23684941 0.58743227 0.35813785 1.0739079 0.2867807 0.54775363 -1.9692347 0.0448664 1.9631678 -0.8599326 0.2696588 0.68906003 -1.301236 -0.31855348 1.738476 -0.14743772 0.24702294 -0.7319877 0.8928861 -0.13978831 0.31523794 -0.7551722 0.09615292 -0.9984927 -0.92553246 2.0051126 0.43628028 -2.245156 -1.2140708 0.26435348 -0.67582357 -0.9622158 0.12480256 2.0181992 -0.57379967 -0.4790103 -0.20194161 -0.4738642 -1.1528077 -0.48534852 1.4632514 -0.94873494 -1.4356546 -2.1324952 -0.37051293 0.32448074 -1.0996598 1.2561042 0.0061624805 0.87388754 -0.050566018 0.05814989 1.7309462 1.5140023 1.269872 0.7008439 0.7437673 0.17615478 -2.1541717 1.8488642 -2.5593529 -0.49149057 -0.98656195 0.06639861 0.09974152 -1.0292072 -0.64074343 0.23676793 -0.94841564 -0.31494367 0.13553463 -0.6507853 0.49778593 0.49963683 -0.22174801 0.24129656 -1.3530732 -1.9275446 0.100251034 -0.3790776 -1.6843059 -0.23298056 0.24873851 1.0763373 1.7613834 -1.0729371 -0.37533993 1.3274355 1.8258744 -1.1298546 0.62342423 0.12737751 1.3642783 -1.2517629 0.319739 -0.5403447 1.0348927 0.12757216 -0.20372437 0.22317083 -0.67164046 0.1306656 0.27629536 0.24172196 -1.2262485 0.55929387 -0.27889395 0.15550123 0.29689163 -0.4478335 -1.691634 -0.8994908 0.28439522 -0.39453927 1.4628247 -0.09678185 -1.5114878 0.8718695 0.9964988 -0.5792218 1.1993678 0.8749111 0.94891727 0.098542996 0.54679126 -3.289677 -0.6866219 -0.15503958 -0.7308067 1.1383303 -0.5182066 0.62108064 -0.93297136 0.012263599 -0.972724 0.44128543 -1.0798424 -0.68725014 0.20499091 -1.9800465 0.71171165 -1.2090179 -0.7835324 0.80807644 -1.3903712 0.121858306 -1.6350573 -0.099593684 1.1590594 0.7027968 -0.056771535 0.73234576 -0.344665 2.0687435 1.6208882 0.848906 -0.3281706 -0.6434826 0.0054896814 -1.3321788 -1.9708235 1.217594 -1.0119176 -0.59539 -0.38342842 -0.18266326 0.17551295 -0.91008884 -0.6739072 -0.046322513 -0.35829878 0.64367753 -0.51203007 0.67031306 1.0046694 0.802277 0.67646503 0.54482234 -0.21337776 1.7933556 -2.0078642 0.84720874 1.9552686 -0.31002164 0.30653504 0.06661734 3.2748318 0.041976716 -1.0971696 2.0205004 0.16730721 -0.1536146 -0.7187443 0.3730973 0.8346549 -0.14056726 -2.2323751 0.5596122 1.8957598 -2.2292995 -1.0621266 -0.1665643 -0.91328835 1.663389 -1.0145005 0.09392493 1.3285369 1.4055239 -0.8940846 1.2313509 -0.8935154 1.6755743 2.2346983 -0.7151943 -1.4520457 0.8884702 -0.5746052 1.3204557 -0.34036416 -0.58235544 -1.3115423 1.0053905 0.6700057 2.0837307 -1.1240246 -0.61255914 -0.10622353 -0.4195211 0.20985064 -1.2929398 -1.5879122 1.5440599 -0.7837988 0.85781777 -1.4754893 -1.2070341 0.38119924 -0.98658425 1.3883603 1.3423467 -1.8867501
tallbarr -1.0374593 1.1119348 1.1450716 0.8981768 0.19860588 -1.6839708 3.0685055 2.288486 -0.18527599 -0.37002775 0.13638373 -2.1315484 -0.4237992 0.85225683 -0.9782121 -0.3842881 1.9683403 0.7072077 -1.3392925 -1.4656419 -1.6680448 -0.24715607 2.875235 0.7965563 0.39559615 -1.6368555 -0.34863672 -1.0944574 -0.91948396 0.24844092 -0.006384822 0.59176457 -1.4299673 -1.1710759 1.9121392 1.3963561 1.3604172 -2.4069614 -1.535011 1.0468322 -1.90849 1.9653773 0.95521545 -0.2260998 1.1343918 -0.9147154 0.6170425 1.4936316 1.5757952 -0.21271503 0.029902311 -0.60220355 -0.7318308 -1.1099799 -0.09527256 0.55328184 0.26942825 3.0717814 -0.79650617 0.30942577 1.6373968 0.90559113 0.4591719 -0.3659649 -0.7821859 1.6254773 0.73464704 0.30932784 -0.27321917 0.52183026 0.06438127 -0.4638998 -0.270591 -0.6091141 -0.03646282 -0.9859974 1.5739708 0.5875585 1.9705572 0.25005618 0.77863127 1.4738903 1.116776 0.2855873 0.7916623 -1.526256 1.7037171 1.0599487 -0.35669953 -0.61947525 0.050442565 -0.8408821 0.43355817 1.6321322 -0.74564123 2.0867963 0.66223574 -0.19314837 0.20039599 1.5020115 2.125206 0.0017318128 0.1922796 -1.5747027 1.0536337 -0.26710558 0.001135943 -0.2090374 1.2823756 0.2712587 0.216944 1.7955567 -0.77324694 0.20517203 0.6952745 -0.30061632 0.5266443 0.39759684 0.14493209 -0.9112299 0.690586 -0.33858216 -0.28368413 -1.2657021 -0.6119889 -1.7834158 -0.7835246 -1.0049996 1.8488783 -0.10176599 -0.030668696 1.5278136 1.5813675 0.4900417 -0.8666528 -0.8517597 -0.028383521 -0.5521859 0.16846393 -1.9600747 1.6623405 -0.6234714 0.8059215 0.6454028 -0.057903856 0.0021818979 -1.260077 -1.6671736 -0.7394523 0.52836215 1.173399 -0.9965583 -1.5444722 0.10738705 -0.41420907 0.21616356 -0.44712994 0.90282553 -0.12638256 0.68982965 -1.1262035 0.20096748 0.52853644 0.26343852 -0.856731 0.6454003 2.1955383 0.8448183 -0.76954937 -1.4882356 -0.16236764 -0.1460711 0.9462062 1.3662218 2.4572399 0.9682753 2.6050098 1.7614115 -0.64243567 0.06029545 0.32466173 0.55523485 0.16715819 -0.49605143 -1.2364069 0.07705222 2.6033325 -0.38053444 1.5466883 1.6719309 -0.02447132 1.2709452 -0.109768085 0.3794283 -0.42469 0.15376665 -2.0190206 0.3892338 -0.4655895 1.0927848 0.7814072 0.5177746 -0.3214542 0.91678756 0.28477943 0.94249207 1.2530719 0.18855359 -2.8090248 -0.05641368 0.16905575 0.40832263 -1.1828798 -0.5809283 -1.352845 0.38660416 0.016917001 -1.1544759 -0.43455637 -0.3491508 0.89850545 0.892721 -0.5276949 -0.29028147 0.48015216 -2.7936313 0.03334 0.34841153 -0.46537438 1.3629613 -0.58761424 -2.0717378 1.1716774 -0.014454946 1.1106714 0.42891604 1.1951091 -0.96782047 0.8382181 1.8899943 -0.511448 -1.628005 0.96345377 1.3525785 0.5596996 1.2087464 4.5447407 0.31028065 -1.007533 0.32628956 3.4789681 1.7853769 1.1349493 0.96857953 0.7593911 -0.3362739 0.06500432 1.8055137 -1.686221 -2.6975088 0.83801055 -0.51368034 0.45090133 -1.8231574 -0.1198644 -0.12055428 -0.122610874 1.9111028 0.25350764 0.6275316 1.0033836 0.21623047 0.2025124 0.5936371 0.2341806 0.23064578 -1.2745225 -1.6231756 0.14483422 -1.3018092 0.7881374 -1.4235771 1.1560117 0.43979636 -0.33336052 -0.3170042 -1.9421635 -1.6316984 0.30586672 1.1812259 1.2993854 -1.6365465 0.40883514 1.0104927 0.041556925 -0.06983579 1.4214094 -1.1426992 0.04082243 -0.63642126
mus 0.14107852 0.6245754 1.7825975 0.06458119 0.25781122 0.750358 -0.123305164 -1.4055651 -0.28649 -0.015325083 -0.765417 -0.23535916 -1.0496784 0.839951 -0.18331103 0.5597256 0.6369248 0.9078376 1.5152228 -0.66580963 -1.4300414 -0.15859625 1.3090017 -1.3840141 -0.7697304 1.6364657 -2.2913136 -0.4997213 -0.8133364 0.60516644 1.61199 -2.4682145 0.7353619 1.318224 1.4264841 -0.40207523 0.79612803 1.0283298 0.06557267 -0.620776 -0.52939713 0.44246274 0.3452125 -0.05588309 -0.03305018 0.15240629 -1.2718067 0.40179864 -0.8432125 1.1792431 -0.4059145 0.6306082 -1.0958031 -1.1610101 -1.913772 -1.060678 -1.9556581 0.1749521 -1.289641 -1.3570298 2.2320344 1.4931616 1.3327332 0.6015004 -2.306344 -0.46809772 -0.62588376 1.0051657 1.7515246 -1.4031008 3.653961 0.26102683 -0.8073083 -0.8153352 -0.17880197 -0.46249756 -1.5018499 -0.4456846 -0.31103194 0.34611917 -0.5518532 -1.7449484 2.2817304 1.1119779 1.7383772 -0.74934065 0.92348266 -1.4268527 0.096067324 -0.96520305 -0.7261623 -0.23719735 1.1370958 0.26698172 0.93609494 1.0214682 1.5961193 -0.63724995 0.88560534 -1.2279792 0.4142988 -0.7792204 0.43681154 0.0043371827 1.357716 -1.5846354 1.5541536 0.024828764 -2.2414563 2.7425663 -1.5796553 -0.2796828 0.2095673 1.0037844 -0.13408798 -0.50283015 -0.78335476 -0.41528356 -1.0415195 -1.3601428 -0.781092 -0.41072112 0.54634446 -1.6218821 2.477501 1.0046309 0.14912571 1.1498116 0.05400278 -1.7483815 0.02245062 0.2450181 1.0076035 -0.06079261 0.021538142 -0.33827034 0.18717182 1.3069787 -0.8525746 -1.0350143 0.5830545 0.032330707 -1.1508842 3.236523 -0.83251363 -0.56845486 1.025902 1.1712781 -0.033828806 -0.30551237 -0.5099466 0.2897704 -0.5830592 -0.88922864 0.1748681 0.5156197 1.0436189 -0.5283764 -0.75697553 1.3652489 -0.2014592 0.4304226 0.28394952 0.62150395 -2.3286514 -0.6956692 -1.1533514 -0.10511144 1.7241694 -0.77228796 -0.138944 1.0102367 -0.4044137 0.30481437 -2.4067507 -1.8572328 0.43827483 -0.37246898 -1.9936556 0.69806176 -1.101348 -0.8631276 1.8623941 -0.6399187 -0.8813111 1.0920486 -1.5321769 -0.74291015 -0.3038083 0.33394647 0.50599027 0.061863568 1.1036164 2.0967016 2.0091856 -2.5396798 0.9238891 2.0667007 1.4131051 -1.0676746 -1.1275975 -0.6297811 3.3737411 -0.3505134 -1.158639 0.35649443 0.015521733 1.8923638 0.0063527804 1.0282071 0.339932 -1.6493968 1.5037867 1.7118316 1.9509313 -0.2660054 1.0598443 -1.7938215 -2.2924416 -0.21842091 -0.24019998 -0.6072116 -2.903191 -0.21485159 -1.6948683 0.8787426 -2.1863813 1.3068423 0.60246754 0.6954625 0.51050025 0.51006186 0.12099556 -1.2972211 -1.221409 0.5082483 -2.116655 -1.7998426 -0.3767908 -0.6431837 2.2779133 0.050777856 1.8341907 1.03249 -1.6470389 -0.46421993 -1.3340272 1.0325208 -1.5429355 1.6883297 0.25973898 -2.237667 -0.73676366 1.3291963 1.5690494 -0.35965148 1.5701885 -0.49805617 -0.3667656 -0.9365801 -0.88359934 1.1314669 -0.11282346 1.4840612 -2.1681666 -1.7858117 1.764125 -1.0424218 0.04416103 -0.77363104 0.50747716 -0.6555193 0.72272563 0.4087709 0.61133575 0.7365344 -0.3997516 1.0030689 -0.8810366 -0.14647214 -1.1911645 -0.28783008 -0.2234163 -0.13278864 -0.40567103 0.4304155 -0.2555274 -1.3917634 -0.10255146 0.45119712 0.052269403 1.4010415 1.5830158 2.415438 -0.70172656 1.0555766 -0.7021972 0.024849128 0.081024446 -0.83627236
anis -2.217465 -0.15883854 -0.8133031 1.8058676 1.5813199 -0.86813813 -0.33761027 2.9937816 0.57346135 -1.9457247 0.39879033 -0.22812082 -0.6959215 1.3234152 -1.1265997 1.104689 0.67345834 -0.7305475 -0.57882255 -0.3621401 0.042396557 0.95614886 1.1784632 -1.1786397 1.2379698 -0.33689556 -0.3071769 0.19806333 -0.68305844 -2.1936312 -1.0724866 -0.42256892 0.20380963 -0.69491965 -0.5864678 0.61319435 -1.8324547 0.025106054 1.082814 -0.034048848 -0.7882706 -0.56048524 -2.1191201 -1.2920067 1.2234799 1.2324798 0.7438976 -0.19203955 0.8228326 -0.9358072 3.0263824 1.4690937 -1.0040337 -0.17884956 0.21197149 1.5544238 -1.7588304 2.212494 0.6025926 1.6985493 1.3853822 1.5884882 -0.69351995 -0.2966056 -0.046088718 2.7765334 0.019666852 -0.07457428 0.4279053 1.4170783 -1.0260147 -1.6104765 -1.2928853 -0.95042473 1.7115507 0.7077527 0.13764141 1.2916366 0.36566934 -1.3209163 0.7963721 -0.27181137 -0.5814713 -1.0017424 0.011037139 -0.48153564 0.031508226 2.5359766 -1.7703416 -0.8370154 0.28449836 0.85533863 0.60155916 3.5596664 -0.18323818 0.6200391 0.59103525 -1.516505 -0.51686954 1.8005104 2.3606 0.5931944 -0.49755052 -0.016348211 1.7517664 0.8907266 -0.2517884 -1.7767359 2.580016 -0.4564346 0.5219102 1.9662715 -1.1809739 1.3946742 0.46054482 -0.52889216 0.4119876 -0.12175954 1.5402122 -0.6659554 -0.5420473 -0.027721688 0.0042812917 -0.021405982 -1.5886616 -0.99853396 0.6363191 0.23945706 -0.41687065 0.53008366 -1.0371457 1.6003469 -0.21864699 -1.8585267 0.3006126 -1.5301172 -0.7146341 -0.82468367 -0.17739606 -1.6111075 1.0693717 0.8437751 -2.1029875 -1.0083091 0.66130525 -0.7728625 0.4356167 -0.14590514 -0.131968 0.21113022 1.106836 1.434592 -1.2575462 0.42345536 3.609842 -0.7431252 2.244385 0.17413552 -0.062209822 1.2383134 0.93211913 1.0654908 -0.34913313 -0.68292207 -0.040298138 -1.0732821 1.7996234 0.76972145 0.25430697 -1.2097849 1.1993941 -1.0518967 0.33370996 0.889634 -0.37582538 -2.436205 2.2130322 1.4131762 -2.305022 0.36907917 3.1857097 0.03161804 1.3253471 -0.52113307 1.3515495 -2.2369 0.59743685 2.623791 -0.14752352 -0.86505955 -0.9214827 -0.12931943 0.5573049 -1.0172738 0.72160864 -1.2732687 0.37184444 -0.8971859 0.6234504 -0.9695293 1.176059 -1.4202834 0.055467647 -1.3527621 1.4213789 -0.19047056 -0.8154842 1.6282613 -1.056536 -0.29860613 -1.1980177 0.0823243 0.08728838 0.5111997 -2.3479228 -0.6855099 -1.0901765 1.8906988 -0.5883073 0.16796969 2.049373 -0.7960841 -0.9031538 -1.5653114 -0.4549989 -0.084170185 0.58459103 -0.4153983 -3.0099635 0.30917746 0.8559688 -2.3083808 -0.45365626 -0.45788795 0.21227483 1.7334565 0.17145763 0.93878776 -0.6345402 0.7766485 0.14162825 0.8171734 0.6185776 -0.63055694 0.87870675 1.3950058 1.6771296 0.32373795 -0.09512463 -0.2913702 1.3198857 0.11373782 0.3655263 -0.33016777 -0.1882211 0.27371356 1.2034721 -0.7074302 -1.8726575 -0.4224145 0.9169489 0.34938976 2.2064853 -2.439144 -0.67679626 0.6318824 0.6472407 0.13927814 -0.9130686 -0.57568836 -1.4345998 1.108166 -0.43246204 -2.1665773 0.30209538 1.1601548 -1.3689936 -0.91316515 -0.08893241 -1.3291249 -0.5322005 -0.87214047 0.56785744 -0.5554037 -0.2460339 0.60878694 -2.7309396 -0.23938058 0.69767326 -1.155431 1.0410976 -0.25856817 0.81090075 0.50662935 -0.24750748 0.3963086 1.9207152 -0.0065460172 1.0614939 -1.3716402
rom -0.8160333 1.07948 -1.221637 1.3161235 0.42121884 -0.8197397 -2.018076 -0.09150349 -1.250769 -2.3426876 -0.62232405 0.8030772 -1.5280635 1.2883893 0.58156383 1.4739463 0.6426818 -0.7581823 -0.59026575 -0.6814424 -2.2874842 0.2900444 2.9040208 -1.1655196 -0.5701618 -1.0361332 0.8169759 -0.44976914 0.32948554 -1.3673713 -0.6596652 0.9609915 -0.35888135 1.3503501 -1.3489169 -1.880377 -0.8581536 0.9085713 0.7169409 1.6277231 -0.8021853 0.044045277 -1.4097633 -0.46754798 0.5816249 1.4173747 1.2756945 0.8749895 0.5588824 2.0473988 0.9136651 -0.06538424 0.20806225 -1.1713969 -0.6405715 0.6909866 0.89060575 1.5539888 -2.1602407 1.6031219 -0.7930925 0.5933983 1.1479763 -0.32192984 0.43284604 0.9798628 0.42798886 0.76028067 -0.42908907 -0.5317219 -0.8661487 -0.90204364 -1.1753299 -0.6985312 -0.14192978 -0.2902286 0.8693843 0.15542962 1.3223882 0.2307591 0.19518371 0.3637845 -1.3432782 -1.6789527 0.7685579 1.8827845 0.3591735 0.38504714 -2.5997636 -0.74853504 -0.2042773 1.0670675 -0.69107914 0.78021103 -0.36008865 -0.4394934 -0.22114927 -0.56477404 0.26866698 -0.54723895 2.2917664 0.3132832 0.92967933 0.4120696 -1.0116538 -0.7076623 0.48627517 0.44713286 -0.15887631 1.0478292 0.51847124 0.011653803 -0.7001489 1.8514531 -0.03716365 0.1868613 -0.5338921 -1.3445109 3.5435417 -1.416989 -0.31886378 2.9533632 0.9580588 2.1373432 -0.35075694 -1.2651699 0.303814 -1.1507514 0.26700395 -0.29859394 -0.016911121 -0.1334591 1.12978 -0.16629165 -0.024379818 -0.5974182 -0.011544845 0.76030177 0.4465109 1.2118434 -0.27132106 1.143395 0.06131123 1.5825849 -1.7895898 0.873944 0.11379129 -0.67685974 0.047631685 -1.2894917 0.7166508 0.0013845257 -1.6155828 0.96092653 0.44515336 -0.7599258 -0.038920682 -0.31632105 0.6911837 0.084599234 0.4696213 0.77395695 0.80847025 -1.7936403 -0.28295973 -0.55021775 0.816241 0.2682499 0.7065529 -0.28311297 0.7524829 -0.42673528 0.4000492 -0.23419082 0.01762369 -0.7321827 -1.2316538 2.200825 -1.2529846 0.065685995 -0.32004392 0.18288533 0.7384905 0.45692214 -0.09350987 0.36472493 -1.3383007 -0.7727958 -0.7801259 0.7852478 -1.353689 -0.5657834 -0.2296721 -3.215819 0.15206912 -0.38716233 0.06949073 -1.4207497 -0.49569687 -2.4105577 -0.03002503 -1.4199421 -1.9932265 0.84091365 -1.0015525 0.99416375 -0.20846461 -0.01370894 -0.84849334 1.8266478 1.7931225 -1.1694568 0.7168469 0.81094724 0.47850177 0.02846014 -0.073942445 -1.341769 1.055099 -1.5285242 0.6353087 -1.2605069 0.43310705 1.2983866 0.6849756 -2.1948762 -1.5593023 0.24132082 -0.817522 -0.76783025 0.4053908 -0.2774999 -0.3165647 -0.7305936 -0.9227656 -1.3683095 -0.8817162 1.1504648 2.0527022 -1.3120797 -2.1518295 0.9324801 1.0798718 1.9866016 1.3941902 1.2400209 1.2936645 0.92744374 1.27955 0.22338693 -0.085134 -0.46142793 0.6410388 1.3965744 -0.2282405 -1.4233791 -0.12236503 2.4493673 -0.12686813 0.56965643 2.3585708 -0.51450956 0.9190712 -0.8142419 -1.4559532 0.46174374 -1.1789253 1.4805064 1.4786936 0.4949415 -1.1621869 -0.6163612 -0.18553343 1.1106844 0.82344264 -1.2198324 0.6796836 -1.1708131 0.6221094 -1.8142699 -0.021370921 -0.98896205 2.2849627 -1.0056033 -0.51740396 0.4605642 1.4378445 -0.60080594 1.209914 -0.5607825 -1.1786839 -0.050571218 -0.5320821 -0.4681956 1.4005469 1.7683052 1.0728269 0.0943335 1.179672 -1.8653582
morot 0.07971873 0.90690935 -0.27500194 1.6054078 -0.30531567 0.36263844 0.6963347 -0.13701369 0.009855694 -0.98489666 1.1518397 -0.8110081 -0.09591718 -0.36923236 0.37130615 -0.090953305 1.0000786 1.1979656 -0.60040694 1.0322304 -2.852161 0.28152278 1.5382783 -0.7570453 -0.33385894 0.76732826 -0.2432003 0.054884836 0.36211917 0.046664193 -2.3626578 -0.4428995 -0.7479965 -2.271472 -0.22169474 0.505282 -1.7420634 -0.9285957 1.5672342 -1.943813 1.2127211 -1.4983736 0.23093618 1.3544999 1.1650327 2.1005766 -0.15214436 0.64013326 -0.62903535 0.034846857 -0.17152366 1.8798089 -0.12832792 1.4632308 -1.0021175 1.1759076 -1.2310283 -1.3436242 0.35173514 0.24640588 1.592808 0.060233697 -0.0197929 -0.62974745 0.72619474 -0.3058128 -0.54969186 3.1697617 -0.71756405 -0.670914 2.118683 -2.0498867 0.19558342 0.47422907 -1.3796306 1.0797555 0.4992278 0.20881407 0.97064066 -0.29066968 -1.4147856 0.46096355 -0.73179597 -0.47478673 0.5641626 -0.30496177 0.23427597 0.35086316 -1.6403925 1.0327746 0.3762551 1.484582 0.30726808 -2.132004 -0.22129141 -0.22873466 -0.56227374 -0.6823435 -0.13307849 -0.16166134 -0.8792422 -0.086476125 -0.6258516 -1.8357211 0.562556 1.1178601 -0.118526466 -0.23734243 0.115845196 -0.3254134 -2.3039732 -0.878948 0.78602546 1.6880449 -0.15990017 -0.28364363 -0.64625794 -0.7414894 -0.20327982 -2.551777 0.36163577 0.5627377 -0.9457241 1.4261645 -0.5880466 -1.7596786 1.9961228 -1.0203081 -0.20541517 -1.0014987 -0.84363824 1.4350535 1.1197239 -1.3702084 0.5918994 1.7511116 0.8059969 1.9161401 -0.28657824 -0.43968347 0.79234666 -0.29726613 -1.2850859 0.72893125 0.36885723 1.1928943 -0.5387359 0.3452696 -2.9484265 -1.8188133 1.1843477 -1.615865 -0.7932022 -0.008870495 1.5782043 -1.6481199 -0.1720967 -0.26247218 0.9707756 -1.6551285 -0.37829393 0.046177085 1.6105946 -0.35954273 -1.397891 0.9797065 -0.013851068 -1.2754936 -0.19439156 -1.390621 -1.2871183 0.9611585 -0.50385314 1.1582835 -1.934184 0.12005512 1.2227781 1.0980092 -0.1562938 0.596249 0.38074344 0.22139888 1.166693 -1.1048554 0.24775216 -0.91822654 1.0449113 0.6678168 -0.17948183 0.90643144 1.2780573 -2.1831455 0.6056787 1.2783507 -0.24321458 -0.34760794 0.88816 1.2992319 0.64251626 -0.67137 -1.8474524 -1.6477243 0.2323954 -1.3704097 -0.87849295 -0.5981899 -1.9018731 0.90455806 -0.08296924 0.06540548 0.7491889 0.12020777 -0.8632978 0.35678613 -0.45334244 -2.065256 0.38463104 -1.310443 0.026582709 -1.5095484 0.20368642 -2.1663306 -0.08107778 -2.7489436 0.27866876 -1.2023398 -0.47850063 -0.75197726 -1.2507051 0.40658543 0.17620464 -1.3576647 -0.41524145 -1.0014666 1.1333014 0.24431282 0.5149767 0.5279889 -0.7639821 -1.9376919 0.35246342 -0.17093858 0.2479292 1.2416677 -0.7689842 0.10893599 0.5426962 1.0180132 -0.0003790976 1.0379276 -2.6189623 -1.4083861 0.33686557 1.1520348 -0.07396801 0.62723297 0.4869374 1.7804301 -1.8566754 -0.28987873 1.7363428 2.2150505 2.2177873 -0.72035563 -0.07417526 0.31021547 -0.572817 -0.9510596 -1.5967938 -1.71898 0.4800584 -0.3717629 -0.07604733 -0.79643 0.64618754 1.2160827 0.55896723 0.49335817 1.0892795 -0.21534893 0.80230606 -1.0139456 1.6966138 0.075506106 -0.4980658 1.2799786 -0.72330064 -0.99087733 1.0983403 1.1592472 0.49197552 -0.47724128 1.2899446 -0.0109490985 -1.1527637 -0.3864135 1.6737745 -1.2524496 0.1454871 -0.75762326
bark -1.2793597 1.0963355 0.75972867 1.7202419 2.8846617 -0.9658292 3.6769128 -0.82404566 0.054854706 0.048866037 1.5050722 0.102633625 0.4829224 0.9229531 -1.2503043 -0.48936588 -0.13523719 0.2066164 0.9579415 -1.9800748 -0.8595098 0.45471734 1.0141473 0.71771693 0.5819808 -0.61259234 -2.0024252 -2.871418 0.57723564 0.61706454 -1.0420548 0.42070886 -0.99372816 -1.7670864 -0.1590814 0.5800075 -0.091691226 0.5388654 -1.7007517 -1.0210071 -1.6445364 0.20449321 2.3389297 -1.4100673 2.0856023 -0.8146245 -0.031247403 -1.2508324 0.9431756 0.7612094 -0.46348673 -0.2779016 -1.1393062 -0.42988196 -1.1963749 1.217959 0.93843144 0.38217038 0.43400145 -0.9035775 2.920186 -0.96856654 1.6418637 -0.3634573 -0.04629764 1.0730997 1.3849397 1.0189283 -0.5945454 -1.0777956 -1.3413994 0.25301188 0.77074754 -0.45594212 -0.18168195 -0.33711722 -0.5454327 -0.37874508 1.8152868 0.102737114 -0.02581294 -2.1459124 2.0660324 0.22942299 1.9247018 -1.8358428 1.0027488 1.5317309 0.43573275 -0.65946853 -0.59761333 -0.3611897 0.81620616 0.7607151 1.2438804 2.4082227 0.37852326 -1.8707763 -0.5094452 0.9441313 -0.71152765 -1.1797562 -0.48320663 -1.4439113 0.5221532 1.3000762 -1.8489697 -1.6328455 2.1148014 0.047007937 1.1775782 1.241701 -0.5469847 0.5573877 0.1947504 0.17020996 0.7611415 0.29569355 0.9596232 0.3268641 0.7166237 1.9396998 -0.28735852 -0.07745695 -1.562594 -1.1249759 -1.3975501 1.6799315 1.347543 -2.0674899 0.886773 0.08893541 -0.53470224 -2.0878398 0.23681456 1.0981935 0.15419148 0.27080747 0.08080078 -1.460435 1.4108804 -0.678223 -0.7320282 -0.12907963 1.3829201 -0.082766294 1.5686574 -0.25958866 0.19986841 -1.3131138 0.50831115 -0.10536672 -0.95916533 -0.0535603 1.7850763 0.5339578 -1.3566707 0.8635091 0.13673428 2.6027696 1.0889714 1.3964907 -3.2515924 1.4453244 -0.62593824 -0.75392723 3.4348407 -0.82616675 -0.38321683 -0.8549355 -1.4100246 -1.7627147 -1.1422595 1.765875 0.45288232 -0.26699132 2.1016834 -0.14954509 -2.0000815 -1.5816411 0.64383847 0.25656596 -0.47917137 -0.63853776 2.249193 -1.7428825 1.7030182 0.8008659 -0.11429119 1.4286027 0.7889748 1.5411129 -0.19136067 2.1546926 -0.008278965 -0.66576266 0.6868138 -0.33824563 -0.302254 1.0108628 0.62650466 -0.7006274 0.19826944 0.6165753 -0.2781205 2.5050268 0.87408644 -0.46275908 -1.4647367 0.27259123 1.049492 2.042135 -0.7851103 -0.4930718 -0.867153 -0.07281744 -0.13061392 -2.77197 -0.89013445 0.18902746 1.0406425 0.37586957 -0.5840786 -1.7699137 2.0792177 -1.4647053 0.28028327 -0.9772753 -1.8769724 -0.6588319 1.003533 0.18559527 -0.74309003 -2.001022 0.5181033 0.95776755 0.82334733 -0.9060334 0.99163514 0.30131343 -0.04249758 -0.06711334 1.4362074 3.746242 1.4621373 1.0892767 0.006816079 -0.29584512 -0.9077694 1.6666435 1.4647188 1.0235406 0.2568676 0.932865 -1.5017246 0.08879232 0.00037548365 1.2342185 -0.14959279 -0.54591286 2.5726414 0.9002989 0.6542701 -0.0469153 -1.2270412 2.2204704 -0.6583648 1.4992368 2.0470066 0.63665843 -1.8473092 -0.7951758 0.27805373 -0.5659541 -1.102237 0.65269315 0.92177033 -0.64297 0.031311117 -0.7770166 0.38656032 -0.016614636 2.30097 1.0111556 -0.6299742 0.8367683 0.8496911 -1.8292631 0.21415874 -0.36455518 0.08333429 0.0059273914 -1.087326 -1.4785007 -0.70431393 -0.3814199 0.8708091 0.460256 -1.8633301 -1.533065
lösningsmedel 1.0954828 -0.516484 -0.5451024 0.05162259 0.32921928 -0.22886342 1.747397 1.7825357 0.1335225 -0.19151787 0.6316142 1.6521703 2.2571535 0.21589307 -0.6529783 0.49603486 2.1731503 -2.094957 -1.0751309 0.58051443 -0.09732166 1.4698735 -0.98773426 -1.9229963 0.2793936 1.4204476 1.1090398 -1.0508367 -0.56233954 -2.8452044 -0.8138008 0.10942476 -0.4961646 -1.2726583 1.8256242 0.70939875 -0.35191604 0.25515836 0.79871184 -0.49405223 0.062213883 -0.80836695 -0.705594 0.35855052 -0.040208224 0.4952873 -1.9533528 -0.9348335 -0.40662554 -0.78185654 1.5219433 0.8500799 0.73672223 -1.130628 -0.013407893 -0.6234691 -0.8428909 0.026352648 -1.4432675 1.7512904 1.1532433 1.7386645 -0.8967968 0.46787298 0.6820145 -0.07328182 -1.5171493 0.23383358 0.37645784 1.7187902 -0.06690755 0.9310772 -1.3756744 -0.2751269 -0.69377077 -0.14630222 -0.5545265 0.913995 1.2139767 0.1576568 -2.0593162 -1.2061672 1.6076882 -0.5161107 2.439133 -0.08867666 -0.028755859 -0.05626154 -1.3605273 0.23348114 1.3211304 0.6882542 0.18049225 1.9335968 1.2509483 2.570664 0.5903375 -0.18122958 -1.5993679 -0.2395198 -1.3001677 1.193856 -2.382359 0.6538899 -0.47837976 -1.6386145 -1.8636833 -0.4983305 1.2100626 -0.18697043 -2.1704638 -0.87527454 0.34569776 1.6705662 -0.38241208 0.35635245 -0.96029276 -0.4338389 0.5390251 -2.194988 -1.8004942 -2.2538314 -0.8777177 -0.17079194 -0.27471903 -0.69388735 0.8549236 0.6388688 -1.5000693 -1.273591 -1.8165475 -0.1292076 1.4228356 -0.46516824 -0.85852003 0.78498006 0.0016202703 0.7603008 -0.9281753 -0.9660767 1.234026 0.19020458 -1.7612704 -1.3917226 1.0718617 0.69038206 -0.0112636145 0.17648895 0.29352438 -1.12774 1.6167579 1.3978041 0.6093716 -1.1530826 0.3836898 -0.40336996 -0.20310129 -0.33189717 -0.71850425 0.15170902 0.809783 1.9063557 1.9091896 -1.0852087 -0.42444897 1.6226145 1.0974691 -0.7340881 -0.18158045 -0.6075341 -0.64564705 0.49723095 1.0137559 0.94462264 0.5252398 -0.48916927 0.73140705 -1.0546457 -2.6862211 -2.266452 1.0512359 1.2152555 -0.20674625 -0.6941645 -0.852367 0.34597963 1.6928247 0.20451492 0.57679087 1.661493 0.4023402 1.6655481 -0.5054179 -1.0379323 1.6032048 0.81112367 0.9946354 2.1454222 0.44471002 0.69721484 1.7151093 -1.6599991 -1.7463712 -1.3505462 -0.6887209 0.71842957 0.7188218 -0.7925973 -2.9715567 2.4095268 -1.2526646 -0.47187918 -0.5841086 -0.055352457 0.7442278 -0.50425655 1.2407044 -2.4158077 -1.1742936 0.7990586 1.1728753 -1.3050818 0.8198798 0.8669791 0.39250997 -1.1585872 -0.21494816 0.48687923 -3.365595 -1.1300961 -0.17850117 -3.9329915 -2.0432365 -1.3439308 0.90406966 1.4026974 1.2731677 -2.5963004 -1.2296969 0.17403331 -0.370179 0.48184922 0.2268712 2.0170383 -0.09126092 -0.35967946 1.4778856 0.1155235 -0.5100018 -0.19697767 0.7274471 1.9577388 -0.6311042 -0.23117705 -0.17123196 -1.3860509 -0.19825517 1.961325 -0.9269475 -0.12564883 0.26864153 -0.038780242 2.1032481 -0.6591048 -0.0012198281 0.48826948 2.3080072 -0.30745453 0.27764395 0.75758004 -0.42144245 1.1532966 -1.0461879 0.024186378 0.7827236 0.9105089 -1.1293858 0.19419414 0.10750199 -1.6450638 1.796669 0.95182514 0.20654742 1.3293214 -0.024929713 1.0776696 -1.7706403 1.4796871 0.27963078 1.2261887 0.23559101 0.18104762 0.42444217 -0.7208007 0.31380963 0.039768886 -1.0430683 -3.4663787 0.6728157 -2.3272283
lim 0.3307759 0.32526174 -0.016745858 0.4602325 -0.1679679 1.232377 -1.2239443 -0.45942408 -1.3278377 -1.1766204 -0.801277 -0.8246146 1.0971117 -0.09497203 -0.8210698 0.28187898 2.2177975 1.0663525 -0.34424073 -0.07242204 -1.4662106 -1.4404131 -0.4313069 1.9793749 0.22398098 0.28647187 -1.7524984 -0.13485402 0.7527722 -1.7314807 -1.4253142 0.4664728 -0.6451888 -0.7896243 -0.09755974 -0.87257254 -1.4539291 1.6797005 -0.530919 1.3714819 -0.88635236 -1.4071558 1.4749693 -1.4037364 -1.3657529 -0.016767822 -0.2871826 -0.1059218 1.3265845 0.11776153 1.5093566 0.37416884 0.475768 1.6541731 -0.8598152 -0.5448037 0.46051887 0.25406882 -1.9331963 -0.3532032 0.8417988 -0.13076574 0.06018822 1.1938812 -0.94276404 -0.228884 -0.077661015 0.8706335 -0.19852549 -0.080663316 0.38260064 1.2432295 -1.3113965 0.7207955 -0.43992007 1.526461 -1.6957651 -0.27589536 1.2554636 1.5252894 -0.5316786 0.28795177 -0.002058258 -0.44106933 0.20130813 0.52752805 -0.82107675 -1.718495 0.3767914 -0.021464704 -1.0137094 0.45634824 -0.39812204 1.7318493 2.1504009 2.9766839 1.0748196 1.0161805 -1.6778623 -0.39651594 0.3114682 1.180642 0.460328 0.21246094 0.12038684 -1.9221503 -1.542918 0.8887067 -0.55985737 1.756032 -0.27442414 -1.0108579 -0.95197475 0.8852196 0.45129764 1.05904 -0.88916683 0.22619194 0.2852059 -0.37348947 -1.0643468 -0.23170397 -0.1913861 1.0343175 0.034348182 0.5548679 -0.29380473 0.5399286 0.28581542 0.7426331 -2.6548674 0.49484292 0.55289817 1.183823 -0.23951596 0.41651383 0.9236335 -0.3575409 -2.3264146 -1.1149561 0.869023 0.8646741 -0.2139184 1.3276346 0.27975854 -1.0981956 -0.11152687 -0.12436002 -1.1213311 -0.07143321 -2.028328 2.4818127 -1.1164968 0.548933 0.8365032 -0.038482178 1.0346503 0.45764908 -1.2475271 0.07995221 0.76261586 -0.48347515 0.74377614 -0.9357244 0.1830196 -0.38536894 1.556217 -0.50767154 0.13183546 -1.7335714 -2.4157662 0.05212264 -1.020612 0.7613464 -0.4244594 -0.8430765 2.0449195 1.1351566 -1.2181654 -1.4205139 -0.22397435 -0.46131635 1.4324064 -0.20310614 0.22475845 0.7556697 0.46658054 -0.21734066 -0.17247033 0.1909491 2.0255232 3.0094662 0.7473393 0.49394795 -0.6987643 -0.476629 2.0180216 2.4045315 0.14762223 -1.001575 0.069785915 1.2777222 -2.0379236 -0.6822865 -0.4866979 2.1025932 1.388526 -1.5686172 -1.1555674 1.7586502 -0.24389979 0.313608 -1.8494065 -0.9873631 0.35810697 -0.08392195 0.1796064 -0.1389177 -1.7721667 -0.00061755977 1.123751 -0.93504995 -0.5789811 1.0877615 -0.42143086 -0.59880596 -0.30890813 -1.2661189 -0.39986777 -1.0767933 -0.6384341 0.36352518 -0.38276094 0.062118698 -0.1831354 1.3327973 0.77028924 -1.4209445 -1.0673808 -1.225796 -1.3394891 3.190042 -0.7868134 1.6357597 -0.2260695 -0.26008508 -0.3300824 -0.9084939 -0.9961566 1.0025334 1.6583393 0.2194538 -1.3127537 0.7550286 -1.1049304 -0.31110445 0.2732972 -0.7331839 0.50961196 -0.52333605 0.794969 -1.67791 2.274322 -1.1874658 1.7824419 0.66103107 -0.7540092 0.10478417 -0.41639337 -1.2695636 0.23084606 0.20250703 -0.7674232 -0.58796704 -0.41250235 0.6693178 -1.1507206 -0.08578587 -0.19438411 -0.79257345 -0.4483229 0.59556556 -0.5445037 2.512121 -1.4845214 0.38420534 1.2991357 0.109543115 0.017671809 0.35277674 0.6815502 0.30006075 -0.57133186 -1.0055063 0.9298144 0.8915342 -0.4355861 -1.7349776 -0.7580561 0.062998004
ogräs -0.680028 0.6885062 1.2263963 -0.22393025 -1.034583 -1.9176215 2.1221325 -0.36820355 1.1234422 -1.3838744 -0.0758928 0.7343824 -0.32656866 1.9627688 0.7565778 -1.3050275 0.60776436 -0.45729288 0.5252446 2.1580248 -1.6075854 -0.4713513 -0.051709946 -0.6790293 0.59069747 0.23044114 -1.7037399 -4.1848283 -1.6916052 0.75539505 -4.20169 -0.85061294 1.9711682 -1.409063 0.35754225 1.9715389 0.48004532 -1.593291 0.32853937 -1.7350714 2.4618158 -0.5990682 0.16074343 -0.21405648 0.8781933 -1.1137993 -0.048322126 -0.5425963 -0.49038944 -0.598625 -1.7922999 1.7425866 0.9393088 -0.22796614 0.050681993 1.4456674 0.12687342 -0.61076856 0.9555037 1.0799613 2.3538935 -0.46154857 0.6217375 1.0812314 2.0497353 0.22138779 -1.1429925 -1.0420654 0.64834845 0.6013516 -0.20531479 -0.76292324 0.35069078 -0.46480918 1.3506984 -1.1341139 2.475583 0.07583087 -0.118338 0.7673366 -1.3178273 -1.2853626 -0.025577271 1.3888415 -0.34363893 0.39277533 0.3786826 -0.3782771 -0.36989564 -1.6246285 -0.37176985 0.5711557 0.7092088 -0.87095475 0.50149333 -0.11610511 -0.11621044 -2.8408098 -0.49854034 0.35799122 0.33607975 -0.65719 -0.49102783 -0.025180366 -0.023608478 -0.27285013 -1.0288492 0.51112175 -0.31542492 -0.41736785 0.1992511 -0.73402023 0.8447289 2.345919 2.0675275 -1.2553471 1.0285839 -0.83570594 0.9782995 0.13067925 0.33789808 -0.52974236 0.87870735 -0.10424009 -2.4356253 0.3861386 -0.30220798 -0.70771927 -1.7259599 -3.1431484 -0.0025879757 2.604074 0.7978378 0.08720278 -0.7352997 1.5210525 -1.0933784 -1.6121724 -2.5987704 0.90533245 -0.021549394 0.42290127 -0.47437742 0.5668766 0.8138676 -0.05624289 1.238265 -0.45136815 -0.24370185 -3.5168042 -1.1590765 0.6845551 -0.35119274 0.10727877 -1.7522593 -1.1425748 -2.1476362 -1.9676145 1.9463601 0.8266901 -2.6972213 -1.3897719 0.79322326 1.863129 0.9601624 -1.6927559 1.5354478 -2.3480008 -0.25688416 -0.36686513 0.84060556 0.65537155 -1.0406835 2.010209 0.09062947 -0.24343848 -0.060806368 1.7237456 -0.10272771 1.6470977 -2.1509426 0.5675014 0.121494964 -2.030617 -0.037276164 -2.3263552 0.6322298 -1.2150164 -0.808691 2.5449226 2.6755145 -0.3431457 -0.6501566 0.2807156 -0.71827555 -1.1285963 0.3169146 0.41622445 1.2513603 1.659874 -0.055811685 0.14233536 0.32450184 -0.2498454 0.267884 0.72722024 -0.85702145 1.1100944 -2.411885 0.30277532 -0.09955737 -0.66779155 -1.765432 -1.3026832 -0.56768614 -4.9383373 3.0280817 -0.0374152 -0.8436663 -1.1780194 1.1253486 2.527127 0.3724008 0.81482846 -0.8097621 0.3588997 -0.55656606 0.7604993 1.2464634 1.4101294 0.21990304 0.9805373 1.4383018 0.98740596 1.015559 1.8960785 -0.056688994 -0.3252154 -0.31345585 2.473276 -0.02449376 0.05903974 -0.35612577 3.0779488 -0.35310143 0.43106598 -1.4610748 -0.6056849 -2.083482 0.8759614 1.569184 -0.16516703 1.217238 -0.6482993 -0.5072777 -2.2131834 0.87186843 0.52189016 1.311716 -2.5837653 -0.07291401 0.97689193 -1.6218709 -1.0492498 -0.28774104 0.59702444 2.589259 0.87885976 1.8725672 -1.1852362 -0.14334771 1.9219276 -0.8618128 -0.17553942 -0.1675757 -0.8158652 1.8088855 -0.25926068 -1.9016926 -0.098133594 -1.7503107 -0.9265599 -0.11734189 -0.716711 0.5775581 0.54225945 -0.22101904 0.120257325 -0.82283074 0.86687714 -0.7272049 -0.5487254 0.40433335 -0.79077023 -1.7756226 1.677516 1.2089876 -0.27075365 0.37807256 -2.7989686
senap -0.76207423 2.4603062 0.0034209797 2.7811522 0.13730347 0.48918617 -0.06534105 -0.6172825 -0.035518453 -0.32102448 0.56437606 -0.96869504 0.82193625 -1.2936119 0.11472628 -0.44663137 1.5749509 0.20454271 -1.894547 -2.7354395 0.31649598 -0.101580895 0.49022987 -1.1132014 -0.3069269 -0.6661235 0.41634303 -1.3737814 1.8204831 -0.023540696 -1.1528906 0.44046456 -0.0780176 -1.1980339 -0.92299384 0.1749387 0.120805584 -1.3160958 -0.46735302 0.21218969 0.5553707 -1.7046683 0.3275714 0.79865116 0.89751315 1.1284342 0.7186769 1.3576983 2.1162088 1.7291157 0.14920522 1.0738735 0.5173033 2.604237 0.5469291 1.4831302 0.62480235 1.3606219 0.3209562 0.71938396 0.7333396 0.1097581 0.6200332 1.6410505 0.7137151 -1.7708468 0.47599778 1.0251344 -0.061897274 -0.06611852 -0.6839626 -2.364874 -0.03643116 -1.8112744 0.35753942 1.65811 -2.0214663 -0.8836354 -1.7578822 0.8141122 -0.83662164 -0.5922579 0.093541205 -1.2433606 0.07178924 0.35968646 1.4128639 0.3174997 -1.971141 0.49104813 0.036984198 0.01770512 -1.0890794 -0.8826707 -1.1662064 -0.81551635 1.7621129 -1.1112952 -0.3680283 0.45843413 0.09404068 2.259342 -0.3783558 0.39643762 1.3055128 1.5433179 1.5157044 -1.4973992 0.9959096 -1.4558733 -1.1011364 -0.84347045 -0.86912495 1.7024785 -0.97610545 -1.0260456 -0.3682331 -1.076182 0.743052 -1.1326467 -0.8752108 0.8144901 0.84037536 -0.8774746 -0.90721196 -0.8007355 -0.0040318733 -0.54525995 -2.1150181 -0.15864196 -1.4855105 1.3377049 -0.3244046 -2.2617183 0.7973571 0.9915636 0.17454238 -0.07556802 -1.8843147 -1.5172088 0.8834066 -1.3718554 -0.7759093 -0.28175825 1.4999737 0.072122246 0.33760244 -0.427549 -1.7615831 0.066087306 -0.8252516 -0.70226467 1.3668778 0.12713632 -0.08017673 1.8844769 -1.7570531 -0.45057276 -0.83600783 -0.23542263 -0.0010308068 -1.4388014 0.306182 -2.444847 -0.19274335 -0.41568664 -1.0611631 0.44199535 -0.23444965 -1.7848873 -0.9795437 -1.180234 0.9060389 -1.4260297 0.32547814 0.9912834 -0.09457383 1.2745644 -0.4461515 1.1607704 0.817224 0.13030674 0.712872 0.49353084 -0.57440346 -1.1708233 0.092721894 0.969293 0.37159342 0.18214001 -0.36229894 -0.4891248 -1.8812006 -0.35158494 0.026304098 0.32646638 2.0175998 0.75724465 -0.010882911 0.052172113 0.12616178 -0.21819428 0.13252024 -1.3313035 -0.3439601 0.68378717 1.1382426 -0.43232074 -1.3511512 1.0402148 -0.45451975 -0.22077508 0.8582445 0.16553807 0.45886758 -2.219014 0.43978423 -0.10734431 -0.9083979 0.38374558 0.063619435 0.79541063 -0.98527837 -0.35826057 1.5781075 -1.5193639 0.002831629 0.8377083 -0.8612794 0.49323642 -2.5398624 -0.3161995 -2.174538 0.748437 -0.7940362 0.29643655 -2.7166648 0.64809054 -2.2267866 -0.948977 -1.8865594 -0.30634326 1.4563124 0.5905558 -0.0016103854 -0.05586856 0.98130804 0.7746326 1.5102736 0.35070512 -0.87736195 -0.14179313 -2.0971727 1.2224171 -1.1382908 0.66471493 0.9591911 1.3987439 -2.0154767 0.008881546 2.3094687 -0.9704854 3.508326 -2.1354403 -1.9571004 -1.4096024 0.34452817 0.44496173 0.8237946 -0.27745107 0.42665738 1.6464049 0.16756019 -0.77394354 1.5512784 -0.078556895 0.014424226 0.7374573 -0.39533192 -1.1062425 1.1204834 -0.762757 0.518529 -0.38243166 -0.8776639 0.8172457 -0.9864696 -0.034709588 -0.44419807 -0.50457114 -0.46556553 0.45366597 2.6052148 0.6629824 1.1149917 0.70972973 0.7636482 0.37202457 0.97573626 0.64693284
cologne -1.6514324 1.1068239 -1.7854788 -0.4894943 -0.8761382 0.23060079 0.47730464 2.25552 -0.5430814 -1.1870067 0.7600731 0.5475937 -0.67599475 -1.6243559 0.2373091 1.0441158 1.4404464 0.5696722 2.2266114 -0.6399955 -0.13072257 0.10375913 2.7770648 -0.26436475 0.31668764 -0.64324915 -1.5732087 0.8064738 -0.8013387 2.0766163 -1.0016434 0.08170352 -1.4855055 -0.4201741 0.41446856 -0.87249786 0.076581016 -0.57135344 -1.2186972 0.29631412 -1.3741361 2.2588565 -1.3823229 0.063934945 -0.09550687 -0.19864185 1.4508451 0.6370328 0.0512979 1.9773353 -0.9146473 -0.64224875 1.3562955 -0.40520006 -0.82859874 -1.3272955 0.51030827 0.5286123 -1.794769 0.38968202 0.034192156 1.4441974 -0.7846267 0.4444853 0.40754864 0.98952365 -0.38089398 0.7480912 1.3087658 -0.20394832 -1.5007312 -2.1807773 1.1975758 -0.5761093 -0.92370236 -0.7788202 -0.60985786 0.40080804 -0.50454414 0.7722171 2.188701 -2.5436337 0.07688613 -1.6377572 0.5084184 0.93879896 -1.112721 -0.026550414 -2.4867492 0.058715876 -0.21313675 -0.4405872 -0.67700636 1.2881837 -0.5564929 0.3212404 -0.5730201 0.080685616 0.31450883 0.12908731 0.08068235 0.23373254 0.17547025 0.77576494 -0.35458913 -0.7433282 -0.8223073 0.290941 -0.31384224 -0.5362706 0.41940188 2.4015431 -0.23979683 -1.1054195 0.44294918 -1.2887789 -1.2202966 0.27803707 -0.6179495 -0.3011536 0.11819796 0.32167715 -1.1783468 -0.4086355 -0.6262256 0.07357774 -1.1918856 0.6720387 0.22415373 0.65118414 -0.36760685 -0.7789256 -0.75531536 2.083884 1.2759814 0.94819194 -0.85152864 0.6823597 -0.89792824 0.5683055 0.98413676 0.4961498 -0.08361152 -1.2261856 -1.0311497 -1.1834974 0.5800184 -0.39724702 -0.36960244 -1.7262547 0.44656557 0.4879108 -2.8164134 -0.8037908 0.53973806 -0.102350615 0.8118083 1.8733993 -0.47321725 3.1558945 0.32065675 -0.007895079 0.52222985 0.0683551 0.81288415 1.9645952 1.1397057 -2.0166273 0.23851609 0.117361285 -0.5116748 0.48385572 -0.55421823 0.40936112 -1.6764154 0.5633452 -1.2494216 -0.0014702133 -1.6417003 -1.2223139 -1.7312204 -0.12944104 -0.22641893 0.46060747 0.7125409 -0.016590923 1.797465 1.5538542 1.1844563 -1.0518377 0.90805024 0.5905633 -0.72312397 -0.16349085 1.8547163 -1.57988 -2.874713 -1.409235 -0.6132305 -0.18581542 0.022269778 -1.8851047 0.13053863 -0.78607386 0.7437911 -0.50483584 -0.052207038 -0.12816097 0.091670915 0.35679254 -1.0630026 -2.3671997 -0.31269893 -1.3773216 -0.8014282 -0.81772923 0.04102141 -1.1402065 -1.5919707 1.5046239 0.8339335 -1.3237258 -0.8304031 -0.22724985 -1.637142 0.6016522 -1.4029201 -1.5717733 -2.0505307 0.72058195 -0.13338555 1.1157955 0.19768995 0.090471655 1.3462185 -0.52323735 -0.14301066 0.69853216 0.7694413 1.0019851 0.09765171 2.2431493 1.040715 -0.03463038 0.13647673 -1.3342862 0.037647303 -0.16549508 0.19751927 -0.22308631 -1.4201547 -1.2399093 -0.59994376 0.050329346 2.0543528 1.5597448 1.5267437 1.1321058 -1.7035478 -0.7698599 -0.6966082 0.24763283 0.74627626 1.0672164 0.86629415 -1.2210127 0.9334097 0.44679704 0.06720281 1.4990927 1.2323035 -0.48784503 -0.63393766 1.72254 2.84484 2.295617 -1.1555665 0.42594388 1.4088215 -0.41542804 0.6755409 1.8742846 -0.23272507 0.88752383 1.1347138 -1.6837535 -0.72980285 -1.1839675 0.5068736 1.9350209 -1.408327 0.55573416 0.9202968 0.44911307 0.5429861 3.6270797 -0.68745536 -1.390252 -3.1799927 -2.016597
geranium -0.2664775 1.6689402 0.8219344 2.0916848 0.30266318 -2.2774353 0.16713199 1.869299 -0.92722976 0.49554217 0.29063755 -0.012657627 -0.40869582 0.74824834 -1.1296178 -0.9594112 0.40492523 -0.5731318 -0.9468123 0.13454886 -0.62614405 -0.44012296 0.70865774 -0.41873318 2.7457507 0.5555364 -0.4297536 0.4599228 0.5988506 -1.779484 0.96274537 -1.3232722 0.41381198 -1.7598377 -0.21596219 0.4798612 -0.32876062 -0.47408727 0.9364456 0.7677099 -0.31913042 -1.9301254 -1.611016 1.176813 -0.9622025 1.8848547 -1.5886413 -0.5114423 -2.3503327 -0.23522906 -0.12911022 -0.12012419 1.1939036 0.181389 0.077501066 2.0002604 0.6758828 0.46092898 -0.57750124 -1.281745 1.536322 -0.5982345 -1.112519 0.028472396 0.20110026 1.3734021 -0.34904426 -1.0167247 1.2819278 0.3568733 1.0512371 -1.0073001 0.84227544 -0.1895154 1.4088721 -1.6766417 0.69488615 0.32218188 2.6573124 -0.87075865 -0.52590716 -0.58449185 -0.5281024 -1.9778712 -0.4537645 -1.1537198 -0.31894386 0.7688643 -1.824772 -0.6767463 0.7436416 1.0860091 0.6653886 0.1277715 -1.1103659 -0.2742472 0.059803605 -1.9569649 0.49193978 -0.5577688 1.373054 0.8192266 -0.8391307 -0.75709313 -0.89930546 0.09855868 -1.5953574 -0.71628064 1.4422743 -0.043595728 -1.74329 -0.21191014 -1.5190358 -0.010299429 -0.20553657 -0.28906566 -0.5665381 -0.34030813 -0.57559454 -0.8321627 0.75528663 0.95944434 -0.5060005 1.0929258 -1.7638105 -0.71379095 -0.4567492 -2.0378597 -1.7379125 0.30051163 0.27234262 0.87136954 -0.93147266 0.604546 1.5014367 0.36291012 0.35378683 -0.42145428 -0.49824563 1.1881629 -1.0004026 0.4818951 -0.37058967 -0.11771515 1.5831659 -0.34073392 -0.2746183 1.4275168 1.2559344 0.15113719 1.2870326 -0.9168831 -0.9356953 0.49907076 0.98740786 -0.9202462 0.379316 0.95453525 1.0156904 0.21966025 0.88779604 0.71388423 -0.5269709 0.9926644 0.34282547 1.7675772 1.5854896 -0.05502632 1.5143373 1.0378103 0.70485 2.0801194 -1.6909307 -0.18053296 1.1591648 0.99726343 0.35374606 0.054525435 -1.0438544 1.2563205 -0.00569442 0.6534001 0.37280938 0.539181 -0.775676 0.9472548 0.83853924 2.0794404 -0.5707398 -0.095787615 1.14554 1.0480232 0.5829435 -0.3966689 -0.30655006 0.45880732 -2.3110597 -0.33130905 0.98810863 -0.49220946 1.067681 -2.1905117 0.8893402 -0.9373882 1.9508384 -0.48748207 0.75638574 -0.72136784 -0.69898295 0.39753637 0.3169874 1.8073125 -1.7676363 0.87179613 -0.92386436 -0.026480332 0.012436082 -0.22444183 -0.63171136 1.4483252 0.6067403 -0.39717185 -1.8016349 -1.4246622 0.22895722 -1.020578 -1.0648221 0.105313644 -2.2785358 0.55655915 1.6894487 -1.6019424 -0.05313118 -0.6207002 0.6971336 0.2259847 1.050435 0.3321322 1.0089269 0.25562897 0.2438048 -1.9653592 1.2705302 1.5246542 2.295667 0.63983345 0.10357058 2.7838664 -0.47769666 -1.228561 0.30905253 0.7348416 0.092824064 0.02953067 2.1762276 0.018518943 0.08408843 0.8266142 -1.2492826 -1.0828716 0.86632466 0.17757872 0.72598743 -1.0153763 1.3401635 0.83075595 -0.8114368 1.0588815 -1.0733865 0.4707701 -0.327028 0.16622916 -0.31999633 -0.5524527 1.1187274 1.1480979 -0.5600194 -1.1494272 1.7604529 -1.2928468 1.7289349 -0.97682124 -0.6279987 -0.039066177 -0.05659821 1.2026275 -2.5348775 -0.9464488 0.29407665 1.963349 -0.030505145 -0.012100119 1.2319419 0.92120516 2.089555 0.5384832 0.9075213 0.27443725 0.7098716 -1.0247754
pepparmint -1.9759877 1.2727157 -0.49418363 0.91108286 1.7357191 -1.3538692 0.53836405 0.054988537 0.16800301 -0.12086096 0.26583546 0.31391186 -2.0467007 -0.1334651 0.18438646 -1.6452419 1.7114955 1.1453559 -0.7152735 0.3913608 -1.6057519 -0.6002946 1.2546978 -0.9430241 2.1878464 0.34279013 -0.5578692 0.60250455 0.14296056 -1.292641 -0.39451212 0.7372296 -1.8774773 -0.58589095 0.029449314 -0.44472367 -0.25969493 0.8017847 0.6606319 0.7058839 -1.2728128 -0.8478047 -1.1777296 -0.28591722 -0.28009585 1.7947748 -0.107390665 -1.3488475 0.22057936 0.11986233 0.8268942 1.0429723 0.04982906 -0.046068393 -0.30251527 0.921477 0.04889161 0.54409957 -1.2295519 1.2702296 -0.87327486 -0.31465283 0.901777 0.757855 0.19104587 1.5429752 0.17497426 0.17348604 0.88822377 0.023813752 0.34140095 -1.2787849 0.40859714 -0.14134851 0.687438 -0.13349529 1.3089169 -2.0255606 0.24133047 -0.9012739 -1.3428094 -1.7329967 0.45448467 0.0735799 1.1642185 -0.28102463 1.6789553 0.10976855 0.7998185 -0.7177819 0.38886857 -0.8550119 0.26758558 0.112457626 -0.5227325 0.32192886 -0.23294595 0.5920162 -0.9834973 -1.0090643 -0.74491096 -0.53040737 0.93956244 -1.1343918 -0.18416724 -0.99277455 0.59196454 -1.1979411 0.7547234 -0.30154017 -0.9017054 0.6753929 -1.7754257 1.9703841 0.004750561 -0.037633706 -0.75455546 -0.66384876 0.32411405 -1.519312 0.9497307 -0.29680613 -0.6923571 0.52450824 0.17530215 -0.8631598 0.58847666 0.41241127 0.7561119 2.6575427 0.48161122 0.9588596 -0.0031288082 -0.00747575 -0.08479877 0.54129744 1.5177804 0.385939 0.47056493 0.9408913 -1.2562093 -1.2107457 -2.0430794 1.1310537 0.39779258 0.5734221 -0.66857636 0.12069076 1.1892631 -0.44817513 1.1628573 -1.1151575 -1.0229307 -0.1869722 0.1227019 -0.5009667 0.39024484 -0.27203175 -0.634223 -0.344019 0.9589122 0.35704848 -0.19963299 1.41099 -0.5367191 1.590735 -0.12508592 -1.0035453 0.3061848 0.5821197 0.80779505 1.5037757 0.917256 0.5989251 0.19958712 -0.06912935 0.657056 -0.7102494 -0.6262251 0.031936325 1.1686314 0.2187555 -0.47504348 -0.67784935 1.9515747 -0.966313 0.2341551 1.2399061 0.026097905 0.047409102 0.5773761 0.6457886 0.1694631 -0.2931238 -0.62532985 -0.48426038 0.9307317 0.06904958 0.5722319 0.008676818 0.5541167 0.44669354 0.4857571 0.32999 0.84076595 -1.3335518 -0.4418379 -0.7363834 -0.26448968 -0.5643695 -0.0765223 -1.1206646 -0.28385052 0.49671534 0.96785724 -1.5172274 0.18847467 -0.031849086 -1.0122283 1.0080693 0.084038675 -1.4383497 -0.10237198 -0.7104443 -0.10071073 -1.377014 0.030015143 -0.32808977 -1.7513579 1.727745 -0.77786857 0.25642213 -0.2923327 -1.7760863 -0.5445408 1.032367 0.9209172 -0.3448888 0.93513846 0.32230276 -0.08325606 -0.20136595 2.063311 1.2794826 1.2456032 0.03129337 0.9780541 1.0489428 -0.89270854 1.2504212 -0.86782736 0.5619615 -0.27590176 0.88289136 1.4300407 -0.2139319 -1.0615705 0.6541559 -2.632296 -0.5561478 1.1652309 -0.40034634 1.3278887 -1.1367271 1.7892629 0.35543904 -0.20164292 0.64370835 0.46308535 0.18480231 -0.6193303 0.50308096 0.1916341 0.4406347 1.3757728 0.71143496 -1.4147983 -1.4951547 0.9324069 -0.6727863 0.8562717 -1.4724559 -1.8238877 0.5074962 -0.056370728 0.6107612 -0.3094968 -0.49772674 0.010113564 0.8276952 1.2520921 -1.9657863 1.5008482 0.62603563 0.52815044 0.6309697 0.317171 -0.5816049 0.16730495 0.38757256
selleri -1.4768974 0.90350163 -1.0152857 0.57617474 1.2016754 -0.21171467 -0.565233 0.90066385 1.5138866 -1.6813363 0.6518535 -0.55891174 -0.35410926 0.38383967 -0.6785806 -1.3257004 1.063144 -0.12242396 -1.1295723 -0.8223408 0.3131415 1.5371974 0.13722867 -0.7476534 -0.23878759 1.6031407 -0.19465202 0.24613792 0.061066728 0.39291638 -0.3292347 0.13180405 0.9639237 -1.7404151 -0.14472649 -0.37108383 0.49766234 -0.61038876 0.5672936 -1.5510403 0.13657723 -0.26380756 -0.017617036 0.15747009 0.8166759 2.2717538 -1.1337819 1.4377197 0.67239505 -0.09255954 1.1215153 1.0181853 0.15123405 1.8539108 -0.0032516161 0.30314326 -0.15425946 0.99002594 -0.9093213 0.23036383 1.2244385 -0.21768698 -0.37603998 -1.633175 0.16914652 -0.44991294 -1.8444397 1.435389 -0.46243542 -0.02649777 1.0487646 -1.4881039 0.10640471 -0.59677327 0.32078037 0.54080534 1.8014376 0.017154727 -0.56487685 -0.66980153 0.0064517204 0.32102057 -0.20235735 -0.15757358 0.5562012 0.7302924 -0.46884933 1.187993 -1.185088 0.14359696 1.0611115 0.36296 -0.27611125 0.7528584 -0.94360167 -0.23050934 0.8307971 -2.0208805 -1.4769908 0.23256719 -0.77047855 -0.06979045 -0.59816664 0.034998637 -0.42797515 -0.99852824 -0.36135224 -0.5781384 1.2519059 -0.801367 -0.17303209 0.725388 -0.59918857 2.6652827 -0.17485867 -1.2054726 0.45037627 -0.42500043 1.454269 -1.6223661 -0.47449923 1.1932098 -0.44697598 0.40815258 -1.4135567 0.78616506 0.4271371 -0.67098194 0.244027 -0.9364872 -0.16831933 0.48140678 0.34639108 -0.56091475 -0.2966395 0.5778511 0.15526389 0.14750664 -1.5161622 -1.0325732 1.4570392 1.0506619 0.9875093 0.4058687 1.4679643 0.085991025 0.6448486 -0.68149066 -0.7195631 -0.7144276 0.7820705 -1.7273438 0.22840445 -1.5760638 1.98509 -0.27885982 -0.5981238 -0.38695055 0.8083429 0.46506742 -0.29493925 -0.15696792 -1.0945108 -0.37152925 0.19666384 -0.10940748 0.9980321 0.095918015 1.6327357 -1.2968518 -0.527189 -1.2747355 -0.48479894 0.28642362 -0.943906 0.11059952 1.4139996 -0.98251224 -0.7868537 1.0805696 1.353728 0.39784575 -1.6347017 -0.49187425 -0.70814395 -0.43723956 0.10001109 -0.13794428 0.5596078 1.6217333 0.5145966 0.82222605 -0.76454586 0.35415852 -1.2770449 0.35381758 1.69604 -0.36820248 -0.7254256 -0.22377884 -0.17273927 -0.30244672 1.2976333 0.39845884 -2.1248672 1.1997793 -0.62833345 -0.39858994 -0.686169 1.2589259 -0.24680282 -0.028772311 0.5709172 -0.503229 -0.281218 -2.2090664 1.2276585 0.46957713 0.69173235 -0.14194019 0.61737615 0.13278392 -0.12986313 -1.0711963 -0.40846416 -2.2865436 -0.9759506 -0.0968545 -0.7721892 1.7042707 0.16580674 0.4793144 -0.31275782 -1.6808332 0.38299268 0.7671067 -0.13161236 -0.5248643 -1.4815336 -0.8273244 -0.8120036 0.7657518 0.22591047 1.524061 0.36371207 0.9838141 0.21575491 1.3014973 -0.4650367 0.9637723 -1.2401917 -0.05402288 -1.731426 -0.4662706 1.4875067 -0.537667 0.9734754 1.1830646 -0.32790798 0.41322434 1.1475607 0.0010120968 2.7601573 -1.7545485 0.51095486 -1.0180049 -0.23414776 -0.107974224 -0.59266216 1.0174116 -1.5667301 3.0780435 0.7297465 -1.2581774 0.9836843 -0.32745436 -0.46321055 -0.6945235 -0.42351732 0.42554358 0.6996758 -0.8553785 -0.019060774 1.3892951 -0.2369757 0.21015972 -0.767434 -0.56033695 0.9645053 0.88175106 1.5285119 0.15107162 0.16394527 1.3349646 -0.066798545 0.42240518 0.009407129 1.4253578 -0.84865546 -1.3784469
popcorn -0.50470215 1.2396591 -0.87616074 0.109554835 -0.84078795 -0.3744885 0.3383933 -0.5156807 0.29144338 -0.4034946 0.110934295 -0.024027951 -1.0852436 -0.18067504 0.56937754 -0.113468215 -0.8119626 0.12152156 -0.35775617 -1.0677365 0.22280288 0.7042395 -0.78483766 0.36875308 0.93214446 0.36144918 0.9793755 -0.7062819 0.13168806 -0.40544173 -0.504499 -0.27964604 -0.5297601 0.2067687 -0.5958458 -0.22495896 -0.15600161 -0.84243417 0.10267607 0.4192183 0.09926905 0.7148025 0.42928833 1.0831226 -1.3376733 1.0544635 0.24890149 -0.4608013 -1.1206073 1.2189039 1.5546601 0.27270833 0.07923604 0.29279348 0.6306766 1.7362523 0.69028664 0.6136317 1.8351121 -0.60428333 0.20573342 0.24144867 0.45752433 1.8895674 -1.7478447 1.1236424 -0.43416852 -0.041526034 0.5947335 0.47021413 -0.054413907 -1.6964246 -0.121837735 -0.07267277 -0.55210906 0.956165 -1.5121146 0.7575431 -0.12790497 1.9570879 0.694297 0.5189385 -1.5573347 0.5780505 0.4016163 0.68278396 -0.30512977 -1.1511103 0.39444795 -0.7294652 -0.69468874 0.6207343 -0.28569934 -1.1117407 -1.1389363 0.6033091 1.9051746 0.2720737 -0.43448782 0.26293117 -0.45465824 0.45898247 0.46734747 0.5317857 0.73221487 -0.5948716 0.94242936 -0.18708172 -0.19713563 1.4517065 -0.14037034 0.48177183 0.28689978 0.9690645 -0.19497308 0.44492137 -0.8489692 -0.1420995 0.06249165 -0.62913674 0.41966972 -0.60427237 -0.092287645 0.025645293 0.44937134 -0.27738386 0.015509379 -1.0094731 1.4281006 -0.6505274 0.20993508 0.954835 0.9180446 -0.4827702 1.5303003 0.1680162 -1.1662196 -0.6606664 1.0470742 -1.3779482 1.0790755 1.0612857 0.21353176 0.54168844 -0.6130066 0.74603456 0.038689654 0.074507155 0.30058116 -0.11298172 0.31472892 0.27651516 -0.9842711 -0.5869816 1.2503573 -0.39393473 0.04539215 -0.8268492 -0.33026668 -0.4858165 -1.4836372 -0.48117504 0.14357956 -0.8561466 -1.4526168 -0.32749367 1.3319343 0.36332962 -0.30023885 -0.61738974 0.2182549 -0.31286877 0.22807336 -1.1809889 -0.13817456 0.35635638 -1.8458409 -0.11211651 -0.88602465 0.7312834 -0.36004043 -0.8455964 -0.26556817 0.9121373 -0.14002037 0.91135705 0.30084422 0.8312808 -0.062104214 1.6096936 -0.0722561 -1.0727868 -0.86684674 -1.0517629 0.17104816 -0.1523994 1.0609877 0.44191927 -0.4664653 -1.0246273 0.6680505 0.48504618 -0.077592805 -0.04074258 -0.9297882 -2.1028564 0.3017998 -1.1769248 0.24072783 -0.9615027 0.42321643 1.0410343 0.060296524 -0.33903065 -0.1670542 -1.2115855 0.50020254 -1.4607033 -0.5463646 -2.3815951 0.53684646 -2.2872062 -0.042144388 0.48330972 -0.6194791 -0.34911734 0.36140376 0.009788077 -0.17139994 1.0025818 -1.6530908 0.3607439 -2.017545 1.0740397 -0.35784906 1.7899785 -0.77659124 -0.23179355 0.59993225 0.10931154 0.4336637 1.0117276 1.4872749 0.699502 0.64530677 -0.16928965 0.46250537 0.1130095 -0.27469486 -1.1240672 -0.28204262 0.022346195 -1.0639031 0.70459855 -0.7442416 -0.08496632 -0.6596254 0.14381045 1.1832055 -0.8967739 2.13059 0.41528448 1.9490212 -0.098916665 -0.16388029 0.693451 0.41408455 -0.6154293 0.7995713 -0.24962303 0.4209224 0.3899927 0.3050304 0.38455123 0.89442873 0.48224714 -1.0560137 0.1262379 -0.44833148 0.67839086 0.026451651 0.39448836 0.28956735 -0.021174 1.1813273 0.72759795 1.2223616 1.3721538 1.3864266 -0.6421908 0.55153245 -0.09380253 2.1101856 -0.0737367 1.6310968 -0.21030003 -0.7830648 0.47473323 0.43585443 1.2705756
rep -1.3867846 -0.32909375 0.5615709 -0.76160073 0.40378597 -0.45372576 0.07244044 -0.65194786 -0.8032675 -0.12344877 1.1853842 -1.7936271 -0.7716119 -0.72078097 0.25453803 0.14737639 -0.8083496 -0.5395361 -1.3054916 -0.013495577 -2.2152915 0.2940982 1.1597795 0.80167973 1.320629 0.7921502 -2.9288716 -0.19689077 0.21813245 -1.9394966 0.62044054 2.2576668 -0.6258367 0.06700879 1.1815455 -0.31943846 -0.079998456 0.10908777 -1.779085 0.45613796 -0.54091084 0.01848076 1.4699339 -1.0297043 1.2586334 -1.6675249 0.35408115 0.83857435 -0.025924917 1.0505605 0.20406197 -0.9128596 -0.2915139 0.49457747 -0.25129625 0.30068895 -1.1053206 0.715657 -0.6451817 -2.0675619 0.39066568 -0.5420395 0.15092051 1.1048131 -0.06172872 -0.6768972 0.78055215 -0.13780539 -1.1958959 -0.6851067 0.07276609 1.1765062 -0.5485904 -0.039378423 0.36905766 0.27891162 -1.203763 -0.88532233 0.10477369 0.22807129 0.27296785 1.5061457 -1.066767 -0.70040375 1.0258118 -0.18322656 1.5635773 -0.71897364 0.40549895 0.65157485 -0.9443608 -0.07001626 1.0477493 0.24541768 1.0687912 -0.14912264 2.006035 -1.1751273 -1.265181 1.2543204 0.7435355 -1.3259346 -0.027212787 0.12947516 1.69924 1.0094771 0.74930716 -0.41668722 0.009096 -0.5657595 0.8256646 1.3803897 -0.9561902 2.1382632 0.80268586 -0.32047427 -0.1475046 -0.28371742 2.0431378 -0.0051325685 0.36034396 -0.3112786 -0.047433805 1.7577624 0.8555454 0.35714665 1.8926127 0.54758346 1.7670482 -1.0147165 -0.20539711 -0.4236926 0.3427234 0.47921497 -1.920089 1.7162781 -0.34098965 -0.27382156 -1.3650992 -0.7251212 0.9859383 0.2996126 -0.39908782 0.4393405 -1.2090521 0.43697098 0.23337182 -0.17728831 -0.281301 -1.28823 0.97882557 0.18956341 -0.3991993 0.56338894 -0.50124 -0.9964398 -0.89605105 0.10847006 -1.0332592 -0.336844 0.34008223 -0.23320389 0.21916468 0.13139404 -1.1569544 -0.766719 0.31172904 -1.0466282 -0.03698819 0.7315909 -0.4103076 -0.5786542 -0.16105779 -0.12309955 1.0688592 -0.23378879 -1.1122608 1.2101933 -0.6051041 0.1562456 -0.19613062 0.56423116 0.49872246 0.47249812 0.2938741 0.27540773 0.38739103 1.1793395 0.3287928 0.56178284 0.7023058 0.8116043 -0.74058396 -0.92962444 -1.671278 -0.632073 1.1200324 0.6076727 0.54025483 0.25656477 -2.0933669 0.61284494 0.10609586 -1.1006557 0.28439915 -0.2251744 1.9374791 -0.3223825 -1.141895 0.05404225 -0.08564568 -0.5876476 0.31838933 -0.5011686 1.7773308 0.20296848 -0.20055413 -0.41373578 -2.2928116 -0.5628579 -0.31311452 0.51215476 -1.5112897 -1.3532443 0.27747872 0.84711957 0.44537687 -1.4796984 1.0527526 0.18323116 1.4290785 -0.92040145 -0.09736674 0.78711987 0.31125155 0.8601389 1.0590385 -0.4586968 0.89967144 0.104909234 0.8939118 0.049908087 -0.46211416 1.206113 -0.20399617 0.56776094 -0.6048423 -0.058885325 -0.98370546 1.2735534 1.3507191 -1.9680794 -0.039357975 1.9465919 -0.24800703 1.2145762 -0.38457716 -0.7176704 0.45916998 1.6807102 0.8288828 -0.66325456 0.025778592 -0.22701806 -0.6260023 -0.88947594 -0.0622692 -0.033607636 0.56059545 0.3647099 -0.74500316 -0.2205994 -1.7046844 0.26272985 -0.6771393 0.21471559 -1.0526503 -1.079616 0.90047985 -0.28183547 -0.49152118 1.5407598 1.2714258 -0.7486515 -1.057848 -1.5457218 0.38034356 0.9660388 0.9882148 0.6053637 0.061978966 0.45721483 -0.24512573 -0.5122923 -0.37019548 -0.11462833 -0.50318414 0.056737922 2.4351592 0.70961577
desinfektionsmedel 0.51300395 0.15755065 0.11489911 1.5818255 -0.61509585 -0.7422884 -0.13600864 -0.2728284 -0.022862721 0.7836981 1.2318151 -0.4403721 1.441219 -1.015517 -0.5272516 1.0834723 -0.25150898 -0.62455106 -0.49717817 0.697219 1.2803726 -0.020813681 -1.2769576 0.96386933 -0.52433044 -0.5972664 -0.68710005 -0.32510594 -0.7417061 -0.7980332 0.25724322 1.06775 -0.43964428 1.2975148 -0.04941926 0.059909754 1.4550494 -0.9667072 -0.82908773 0.23389138 -0.8769455 0.3893131 -0.5589137 -0.6601333 0.13583435 0.81983876 -0.84400845 -0.3828946 -0.4538047 0.18952577 0.83257985 0.19849484 -0.4479492 -0.8235937 0.04610904 0.1856528 0.8597883 0.040655628 -0.5561718 0.98918337 0.40623698 0.65750813 -0.93701893 0.4246184 -0.45544663 -1.0062002 -0.44036826 -0.6610111 -0.62798756 0.63016504 0.64641225 -0.19959958 -0.48800611 0.36631528 -0.082530305 -0.45652044 -0.9583456 -1.1342734 0.921636 0.43226406 -0.2209201 -0.81251895 0.091351055 1.1037978 1.6430931 -1.5994228 1.3245914 0.8931821 0.10605796 -0.020291239 -0.20391706 -1.1635606 0.51937884 0.34429932 1.5876987 1.7468077 0.17616783 0.0058488986 -0.86805713 -0.3533761 -0.16431351 0.7161644 0.6326099 -0.7903277 -0.421301 -1.1757085 -0.17679417 0.025397059 -0.15876794 -0.5582794 -0.8088157 0.49998155 1.60581 0.20845462 -1.2253147 -0.101383075 0.54413104 -0.7725322 1.6879089 -1.0349936 -0.72778046 -0.084845476 -0.39001024 0.77354145 0.8769666 -1.157614 -0.024687247 -0.11832981 0.40595117 0.6671147 -0.54068744 0.2869584 0.09179906 1.3996569 0.7877129 0.176468 -0.118100464 0.53867537 -0.068262994 0.646497 -0.38861725 0.5990087 -0.85034126 0.21219993 -0.9332837 -0.018456804 -1.0162749 0.34555772 0.989499 0.21108396 -0.06511576 0.16596687 -0.72979534 -0.031102879 1.7183467 0.36605293 -0.35523203 0.52674156 -0.8135387 0.22708432 2.2164834 0.43796125 -0.46472353 0.15729998 0.14029461 0.2930614 1.09372 -0.22789542 -0.518811 -0.07034118 -1.3412381 0.2114742 1.3082119 -0.96085465 -0.16057774 1.0021119 0.032784026 -1.1062655 -0.07426435 0.9501168 0.81150603 0.4553742 -0.1250581 -0.2901595 -0.53156906 0.6313881 0.55255765 -0.19742067 1.4115582 1.3073162 0.5394501 1.4436575 -0.49839708 -0.35753188 -0.3364675 0.28339183 0.4776023 0.13291004 -0.2535658 0.11142867 -0.33837515 0.40929133 -0.27055097 -0.58135283 0.06231009 0.4344868 1.6028057 -0.8406068 -0.595929 1.0686911 -1.9698023 -1.4091077 0.18762894 0.96367806 0.97407526 0.035957325 0.70402694 -0.4332389 -0.8562214 1.1314489 -0.71166784 -0.033716414 -0.828318 -1.7176594 -0.17822546 1.1517253 -2.3208916 0.8371549 -0.96937853 0.29159683 0.57541305 -1.1041538 0.25751668 1.1942414 1.4168055 1.1094626 0.64945036 -1.1351328 0.34246343 -0.01592221 1.0964708 -0.5984228 1.7878052 0.07152292 -0.9756145 0.17963116 -0.15839577 -0.9042065 -0.35144225 0.07117859 -0.30529693 -0.045056358 -0.9331009 0.3244355 -1.0574131 -1.9240519 0.23834687 1.3042175 -1.1593968 -0.06040355 -0.22928967 -0.25359038 -0.020658992 -0.05767074 0.2554428 -1.134405 0.4239189 1.5330408 0.6210121 -0.35696858 -0.38981104 1.080898 -1.0127426 -0.42659062 -0.2623339 -0.7281848 -0.9701747 1.1246853 -0.8082065 0.07745182 1.1764528 -0.627878 0.20451212 -0.36190194 0.87441695 0.8799443 -0.586016 0.926961 0.59804606 1.6759993 -0.27477235 0.7572884 -0.884654 -0.44554627 -0.13049488 0.61759084 0.26029024 -0.87564325 -0.7123559 1.0929809
violett 0.20389397 0.09977384 0.23426536 0.064829394 0.8346801 0.02662769 1.0323458 0.7738842 1.1282603 -0.48876312 -0.21322848 0.7615728 1.2191784 1.9661207 -0.5582544 -0.7274195 0.8713548 -0.2947144 0.28157318 -0.037137292 -0.52402306 0.4372448 -0.51458716 -0.13143118 -0.08301182 -0.050923325 0.23164938 0.23830968 -0.7164164 -0.9778981 -0.51231605 -0.40452328 -1.4883125 1.0349896 0.43322858 0.3063795 0.05937477 -0.7410805 -0.29845047 -1.1705451 -0.36507523 0.9704891 -0.35053077 -0.6538395 0.9042325 1.1078411 -0.11833105 0.6545112 -0.83105385 0.9275335 -0.9622766 -0.9299495 1.0123678 -0.34124964 -1.1916211 -0.35050645 1.6048871 -0.093556024 0.5633609 -0.44757095 0.6406789 -1.1812812 0.6180752 -0.27275532 -0.1353428 1.545323 -0.37330195 0.036504135 -1.8414136 0.41579393 -0.9837223 0.52245307 0.10623523 -0.7385022 0.7073891 -0.18374436 0.47790718 0.42996234 1.5789835 0.12998824 -0.5026408 -0.34239686 -0.05332085 -0.9125462 -0.070774466 0.96221054 -0.71264476 0.507033 -2.4250767 0.3424412 -0.535102 -0.19592474 -0.736341 -0.44391605 -1.0299712 -0.22903658 -0.5533084 0.8841608 0.18046445 -0.2653103 1.8002328 0.5432186 -0.093289316 -0.47053373 0.9922334 -0.55558944 0.2809675 -1.0246216 0.025744013 -0.9431919 0.53567445 -1.2123468 0.5275302 0.4850298 -0.9139111 -0.70701015 1.476835 0.069951326 0.3468259 -0.09587212 -2.320705 1.7238959 1.3942313 0.78995645 0.5969534 -0.02622848 0.77444226 -0.39798495 -0.20860298 -0.5228073 -0.6026994 -0.8826256 -1.2192478 0.35934836 0.09940333 -0.9031004 -0.12915292 0.88213265 -0.16237378 0.9538936 1.1608702 -0.47252735 0.28822032 -0.2182864 0.7744491 0.6453797 0.30893347 0.1796862 -0.11191513 0.8396897 1.0345397 0.39221942 -0.3630271 0.995712 -0.91705203 -0.298799 -0.020483043 1.0315714 0.5986022 0.9029272 0.14219499 1.1298864 -0.53249246 0.4374705 -0.15960959 0.68277466 -0.50258833 0.08453328 0.340826 1.0624999 0.14666405 0.8863382 -0.18862878 0.80014193 0.10839797 0.10705813 -0.20051391 0.49498612 -0.1178718 -0.60176224 0.66856945 -0.6798525 -1.1336973 -0.44108278 -0.2441892 -1.0930308 1.1996254 -0.8441154 -0.59654355 -0.02231768 -0.55737525 0.40934637 0.60001975 -1.2916367 -0.6368664 0.3327726 -0.7419984 -0.39184028 -0.1967263 0.3437943 0.95129377 0.27439073 0.2614536 -1.1194739 0.35230654 0.5278273 1.2183032 0.9605735 -0.5839007 -0.048232436 -0.7958613 0.12176906 0.17491801 1.0018564 0.055267204 -0.4614675 0.2745019 -1.481808 -2.906706 0.17074959 -0.48264346 0.24659163 -0.97582 0.93166065 -1.056525 -1.7582127 -1.0564226 -0.6432215 -0.81570554 0.44061992 0.73670316 0.18053271 0.8956615 -0.25289866 0.93301105 -2.0702264 -0.64349866 0.33296353 0.11949297 0.6255496 0.015783696 -0.9311056 1.0446569 0.14024957 0.700907 -0.36283228 -0.915868 0.6881016 -1.8051045 -0.16953063 0.9399478 -1.4599226 -1.0918789 -0.9437779 -1.2671821 -0.5098587 0.72713083 -0.3364161 -1.4843733 -1.0060211 0.07007591 -0.33260036 -0.6296012 -1.2445885 -0.99556637 0.18590286 -0.02684823 1.1768646 0.62172335 0.5827624 -1.1932327 0.53336257 1.2355865 -0.14692816 0.1571364 -0.10554867 1.6201108 -0.024466783 -0.22065477 -0.27934116 -0.5583949 -0.6870558 -0.43717474 -0.9787864 0.66429627 0.5448225 0.6300652 -0.8395448 0.9254623 1.2780418 -0.7556468 1.0656424 -0.093621306 0.7244861 -0.44018424 0.21855862 0.47490048 -0.98201084 -0.12518154 -0.3403561
valnöt -0.82396275 1.3786981 -0.8577371 0.9238485 0.35927865 -1.1347193 0.74895686 1.0988669 0.7527444 -1.0997024 1.2994231 0.29150775 -0.93517244 0.54472005 -0.24891372 -0.08888061 -0.93020743 -0.54967135 0.070913084 0.10830089 0.17923433 1.3451318 0.22880246 0.09967181 1.7536082 -0.8371441 -0.48075253 0.43445075 -1.3591878 -0.7537128 -0.349215 0.02332176 0.5418626 -0.7225231 -0.13442208 0.7959427 0.69239897 1.326063 -0.45382404 1.2763815 -0.80058426 -0.6120676 0.55437535 -0.4035082 -0.5279923 0.2614157 0.07422854 0.46778932 0.42979187 0.55960727 0.5723119 1.5877979 0.23825538 0.70067275 0.4709377 0.60503066 0.51998454 0.7806359 0.38232076 0.108005844 0.13689522 -0.55408967 0.87016755 -0.8008511 -0.45189786 0.6539213 1.0081724 -0.9055636 -0.8537104 0.54180646 0.9923462 0.23320797 0.3476008 -1.1215229 0.70112085 -0.23493621 -0.5064532 1.0420456 1.9627637 -0.32625172 0.7178147 -1.3684592 -0.22434624 -0.78818315 -0.5288325 -0.31115815 -0.30577305 0.49513915 -1.0717796 -0.16352394 -0.5066294 1.020373 0.29397535 1.0817616 0.17254402 0.800137 -0.7168074 -0.91786134 -0.82941544 -1.1925688 -0.1164897 0.074382 0.2675906 -0.89809 0.1315993 0.2767299 -0.5615784 -0.46959805 0.64355856 0.060308747 0.71298957 0.35128778 -1.4240943 0.22745126 -0.029699476 -0.103227176 0.23168166 -0.51216936 0.6631062 -0.8273364 -0.2479556 -0.22293378 0.86684376 0.871926 -0.9825334 -0.6461295 0.8094887 -1.106485 -0.44244227 0.95431 0.3353319 0.32839936 1.0886897 -0.20905127 0.17619923 0.7250132 0.5440647 0.5471833 1.2697731 -0.13395599 0.67905104 1.5189991 0.16469902 0.9010329 0.06563292 -0.32270882 -0.28024784 -0.38094625 -0.07155283 0.79252553 0.14500283 0.5585515 -0.17229472 0.7529319 1.7171596 -0.15622924 0.808196 -0.28938228 -0.2298878 0.20734629 0.58245736 -0.77733034 -0.70556366 0.44116285 0.13122827 -0.31753394 0.122734636 -0.036121283 -0.10776389 0.51363516 -0.42767102 0.53280056 -0.27506998 0.5362148 -0.4906915 -0.621354 0.56615686 0.11768825 -0.51221216 -0.28047293 0.13036285 -0.19290811 -0.8354571 0.32528487 0.5215402 0.48489335 0.39128584 0.6134506 1.7303854 -0.07585867 -0.9070721 -1.1774547 2.113239 0.8109664 -0.32393146 1.439124 -0.36737004 0.378209 -0.088772036 0.42578673 1.3084899 -0.5276204 -0.06453016 -1.1366532 0.26919687 -0.04917997 -0.26228833 -0.04561151 -0.8495196 0.94880056 0.30528647 0.13463482 -0.24310234 1.5358595 -0.44496927 -1.1088728 0.41227984 0.6366946 -0.9549733 -0.23896351 1.3189838 0.1552341 -2.064136 -1.0125722 0.23695825 -0.613106 -0.6983956 -1.3006824 -0.6043107 -0.20590387 -0.10577318 0.35581037 -0.15663293 -0.10914145 0.24598686 -0.40824667 -1.3177963 -0.26488063 -0.23902903 -0.047840625 0.711918 1.3190755 -0.0035016865 0.092170626 1.0006791 1.3681052 2.1588614 0.503441 0.6761538 0.79136074 0.9059013 -0.20668481 0.005463514 -0.14255325 -0.13004042 -0.23764473 -0.2188933 -0.24058986 -1.0946455 -0.17316972 0.0875231 -0.11747316 0.31680888 -0.7534615 -0.96035856 0.051202204 0.34692177 0.07984461 -0.63013285 -0.3007225 0.16017263 -0.11827419 0.20640172 -0.38684344 -0.093279615 0.37036052 0.99764276 -0.85856575 -0.21424122 -0.31737435 0.5480916 0.94284886 -0.18870315 -0.30952153 -0.91792727 -0.28538054 -0.086482674 -1.6986398 0.3686418 0.9987021 0.6116796 0.3681541 -0.1010251 0.08269955 -0.44752717 -0.29792002 -0.06653511 0.39390117 0.4495363 -0.19936872
vinäger -0.5433808 0.4472797 0.1043802 0.113281794 0.15558878 -0.6725198 1.1635711 -0.005982513 0.46553165 0.560068 -1.0387232 -1.7662011 -0.30476117 -0.25929394 -0.26663804 -0.37320015 0.39698666 0.25742534 -1.4131235 0.5749236 -0.61710346 0.20449704 -1.1524756 -0.018826513 0.17088422 -0.73413235 -0.14456485 -0.33948043 0.06630947 -1.6379558 -0.13026951 -0.21263285 -1.3036221 -0.27934018 0.67145187 -0.35459715 -0.277559 -2.200487 0.5384517 -0.26088178 0.019554418 -0.058999512 -0.8136049 0.6166947 -0.8360349 0.8518021 0.09633989 1.328598 -0.20090896 0.42300665 0.710755 -0.292087 0.0021554437 -0.31419414 0.17594802 0.55402946 0.5595777 0.4796637 -0.11703304 -0.0071421443 0.64869744 -0.3266768 0.9841528 -0.8229052 0.47392538 0.32916152 -0.9451098 -0.099148296 -0.881333 0.29428342 -1.3053504 -0.3098033 -0.066320516 0.52210134 -1.051305 -0.10300669 -1.0027446 -1.8737708 0.19223554 -0.9946397 -0.67869604 -0.910143 -0.7052427 -0.40644026 0.49687502 0.11310557 -0.09939242 -0.69405586 -0.6084496 -1.0873425 0.65531516 0.27027413 -0.5104573 0.074318886 0.33921018 0.5749609 -0.40430564 0.14087138 -0.9852077 0.53878045 -1.1350127 -0.9215262 -0.8410953 0.06690392 0.335062 -0.7890377 0.4137328 -0.6909171 0.8868303 0.2970339 -1.0997809 0.15725097 0.5100568 0.6188281 0.25524867 1.1844397 -0.3306576 -1.598053 -0.4881074 0.6721446 -0.07470663 0.25176078 0.32593033 -0.050556384 -0.9734072 -1.3520147 0.20566489 0.060118824 0.7270292 0.6282279 0.5964949 0.97964394 1.6191492 0.30425802 0.20437951 -0.14503637 -0.24692385 0.6892606 -1.7161705 -0.8695589 -0.008411806 -0.44915456 0.2555231 0.044962045 1.6223892 1.5255086 0.38408127 0.2652459 0.023137687 -0.53407055 -0.20344937 -0.50445724 0.074440986 0.08766107 0.27166823 0.8474172 0.3126743 -1.0196267 -0.03290412 -0.2978547 -0.2515824 0.090288274 1.0796254 0.5856053 -0.9297492 0.7391086 0.7078881 -0.83305 0.95951474 -0.7966699 1.0512531 -0.17079203 0.11773472 0.43913376 -0.87528837 0.6116064 -0.18004619 -1.6724374 -0.3634038 -0.016982265 0.91600406 1.1270463 -0.83489317 -0.5214379 -0.16585074 -0.8487111 -0.6570072 0.30375063 0.18479687 1.7813416 0.6501461 0.2594861 0.94044477 -0.4510278 0.22523725 -0.15759875 0.7538534 -0.87775224 -0.59902006 0.6830126 0.056114715 0.27442023 0.07150463 -0.5168488 -1.5240383 0.38080215 0.6132463 -0.46906465 -0.108705126 0.9021721 0.08853896 -0.0041591283 0.26887578 0.643927 -0.2500713 0.32824424 -0.72083735 0.13109253 0.09425942 -0.93981427 0.53111345 0.042526625 -1.1987541 0.1810109 0.6874391 -0.29093236 -0.29825258 0.9921338 -1.5770597 -0.17496662 -0.960965 0.61705637 0.08329429 -0.9274232 0.6983238 0.1519377 0.5403967 0.7329437 -1.1294993 1.0082384 1.8411275 1.20086 -1.1416528 1.050887 0.30301493 0.43577316 -0.20983844 0.6158729 -0.4249661 0.34072375 0.9430128 0.95818186 -0.92535347 0.33733472 0.076353975 0.1971249 -0.55331236 -0.24937776 0.14669345 0.76664644 0.12413255 0.4367768 0.7369924 0.045835905 1.1479539 -0.16844347 0.12102352 -0.7526017 0.63862085 0.22925168 -0.7575661 0.11917593 -0.7996434 0.5335369 0.07526103 0.1897889 1.383658 -0.42508876 0.3698681 -0.5109381 0.728067 -0.856597 0.77802277 0.2701581 -0.07147763 1.0320663 -0.4648647 0.4608091 0.5554825 0.16730002 0.7754313 0.34021926 0.3068584 -1.1842235 0.060362447 0.5851562 0.93626255 0.7576441 0.26728716 0.18975626
kamfer -0.41651103 1.1555988 0.09053133 0.7616172 0.42601648 0.12561291 -0.6692299 0.4191407 0.5334746 -0.13149463 0.025836308 0.34512588 0.34207854 0.68788624 -1.0630355 -1.0807064 0.80882466 -0.32651836 -0.5694346 0.42099267 -0.5199486 0.40148863 0.67915034 -0.29040197 0.22801813 0.3205582 0.0014900612 0.13672294 0.08195864 -1.9308213 0.73395437 -0.63047606 0.18781774 -0.13021557 -0.2923265 -0.07669549 -0.011973047 0.0021447842 0.1065156 0.38900587 -0.36346984 0.2113247 -0.4783385 -0.07187597 -0.19712639 0.64028066 -0.27039817 0.29728764 -0.6567002 -1.3135183 0.23476984 0.99138653 -0.7374314 -0.30503288 1.3099008 -0.1977379 0.73531365 1.0112193 0.28106582 -0.1228671 -0.2972801 -0.028523592 0.1936534 -0.36544615 0.325058 0.28778204 -0.55639285 0.77018714 0.23760408 0.08648899 0.39478043 -0.5645116 -0.34116936 -0.26907495 0.080509886 -0.24974479 0.23992595 -0.15353194 0.19724734 0.049152445 0.5092931 -0.7038205 0.09320842 -0.15232354 0.6626709 -0.15004449 0.7793751 0.4533903 -0.13611716 0.009843007 0.07028205 1.026111 -0.2188056 0.6813423 0.893267 0.42414552 0.40288755 -0.18614416 0.20229858 -0.3053753 1.4899695 0.33064938 0.15253605 -0.34683338 0.17559896 0.05705864 -0.15617651 -0.30046773 0.48404408 0.68367815 0.11995701 -0.775435 -0.35678786 0.76126796 -0.17387454 0.6273252 0.8102976 -0.9266861 -0.60884124 -0.8919414 0.20492712 0.69797045 0.094164595 0.3468821 -0.48430067 -0.36982915 -0.12374276 0.20307276 0.4445132 1.088464 0.2093716 0.44964075 0.37067696 0.13734515 0.35368222 0.5486478 0.47887146 1.086408 -1.0331879 -0.2188717 0.88450915 0.65533894 -0.33275956 -0.8951049 0.15365145 0.21810472 0.15393353 -0.7242379 0.036133707 0.048148848 1.563834 0.7631027 -1.1068088 -0.37531826 0.4895153 0.34996185 -0.3226474 0.48211053 0.36996356 0.82146037 1.1373864 0.32549834 1.0784379 0.51268715 0.66080254 -0.43411916 0.7388268 -0.72377455 -0.016967978 -0.5206499 0.48381847 0.1398576 0.12068455 0.34247684 0.2944589 -0.36728868 0.28273922 0.2726043 -0.07631043 -0.34427005 0.8450936 0.94362736 0.39811984 -0.14172089 0.532952 0.3429371 0.30126333 -0.123828694 0.6031312 1.527525 0.35243136 1.2112821 -0.94522727 -0.46504095 -1.0669746 -0.36598697 -0.49677595 -0.04416368 -0.20394951 1.2852021 0.21722895 -1.0734259 0.033853497 -0.15591978 -0.053865224 -0.22712223 -0.379604 -1.1952475 -0.98123 1.64131 -0.7362029 0.13744812 -0.7633724 0.25602672 -0.43385363 0.88148344 0.5639089 0.067704394 -0.61914605 0.7413767 0.18236054 -0.43903327 -0.43194765 0.37666747 0.46616307 -0.08851994 -1.100207 0.07088351 -0.9224135 0.12337744 0.10880156 -0.16212206 -0.18758103 0.25264397 0.68465626 0.5170647 0.38155535 -1.3709266 0.13312402 0.39695767 0.0714298 0.69978225 0.65816474 0.7012337 0.1827331 0.8918135 0.3783612 -0.13149732 -0.2737798 0.7146491 0.11609394 -8.453318e-05 -0.41190627 0.12251127 0.7662325 -0.077417806 0.26835653 0.82940936 -1.6656842 -0.23927961 1.3836453 0.4195985 0.33107945 -0.2878597 0.09316886 0.09492819 -0.19676915 0.6670339 0.050986476 0.54562616 -0.8553285 -0.05406582 0.226849 -0.59497494 0.46419826 0.4773972 0.014117392 0.17409715 1.3521259 0.7746708 0.12968753 0.29788622 -0.3613275 1.1551477 -0.052003372 1.1357981 -0.7844023 0.23442256 -0.27920595 0.4956439 0.92120296 0.035758063 0.35114402 0.095866136 -0.29456165 0.5462869 0.56637496 -0.37083927 -0.009767554 -0.31166983
