89 300 
parfym -0.22419667 -2.1281478 -2.410197 0.9478396 0.7244768 0.5915879 0.76418597 2.92239 -1.9105717 0.93279564 -0.21624814 -0.81847876 0.5576307 0.99330086 -0.4969258 -0.9901492 -1.7325807 0.93963695 0.5174844 1.2901374 1.3587958 -0.6288821 -0.84453726 -1.8750392 1.0993459 0.7805197 0.84903985 -0.659117 -0.24672106 1.588009 -1.0697454 1.092305 -0.014337008 -0.49732643 0.006477282 1.4564778 -2.1874208 1.8428406 -0.22061916 0.1703136 1.1103132 -0.14725478 -0.65860987 0.10510812 -0.26175985 0.53752184 -1.8737909 -0.28134108 0.5787225 0.54968244 -0.024730446 1.3903545 0.50470567 2.143729 1.1038805 0.84850955 0.33482304 0.57556456 -0.43956468 0.49288076 0.28965384 -1.5783362 -0.5191875 0.14978378 1.2403619 0.7026211 1.2898014 -0.376681 -1.4405236 1.5963093 2.044122 -0.5277292 -1.3357391 1.0132463 1.1559644 0.81768787 -0.42427588 -0.47909558 0.9609183 -0.46790072 0.78676814 -1.5730661 1.7829686 -1.6372603 1.397941 0.12757175 0.28621307 0.72188234 0.14201449 -0.08967314 -0.77109843 0.5786253 1.5972062 -0.39867017 1.401855 1.1860355 0.20395343 0.0011837425 -1.0293509 -1.1771215 -1.2080172 0.8084331 -1.0165759 -1.8046795 -0.79147685 2.092204 0.2137126 0.5336468 1.2360164 -1.5285683 1.0578874 -0.55879664 -0.0019904515 -0.47755495 0.39785987 0.011837056 0.37989083 -0.46671996 -1.6460977 -0.13980408 0.682309 0.027628064 -0.11656887 0.88921815 -0.8942859 -0.8369622 2.072313 1.8099159 -0.015751678 -0.22668184 -0.7100486 0.32684928 0.5772245 1.0751238 0.8430281 -0.2720423 0.87179583 -0.47889248 -1.6599135 1.6121062 -0.00471229 1.3635211 1.4129474 -2.5708702 -0.46210012 -1.3486886 -0.043322317 0.48671705 -0.91682404 -0.07995974 1.0226928 0.2815195 -1.1964893 0.9273713 -1.7686646 0.17703556 0.8288976 0.16881658 1.0183984 0.096797734 -1.2661299 -0.74064636 0.1138632 -0.78489876 0.05703606 0.90691084 -0.816723 -0.43729186 0.837133 1.4906006 -0.07010063 2.3966925 1.8926736 -0.2774007 -0.5783768 -0.6979018 1.0034212 0.86339265 -0.79676855 -0.38407826 -0.8120488 0.4088542 -0.47646824 0.7557258 0.818005 1.3566964 -0.99146986 0.09704159 -0.0086571835 -0.49054715 -0.44918025 0.35718942 0.19370948 -0.70113575 0.99673426 1.0392278 -0.021836028 -0.5309192 -1.124794 0.14771497 0.11584889 1.0440743 -0.02537485 0.21307465 0.24124037 -1.1283431 1.5272369 -2.0118818 -1.4360008 0.11662484 0.8376556 -0.83869535 -1.0297732 0.2249505 -2.0879495 0.50826937 -0.6659023 2.8495128 0.21662273 2.0271337 -0.7494559 0.4351413 -0.44116038 -0.64008737 1.1880865 0.11486413 0.61107266 0.594356 -0.6282023 -0.4294571 -0.908442 -1.4162871 -1.8324553 -0.19624604 0.6105877 0.38319588 0.712762 -1.3631903 0.19222867 1.4631574 -1.6933962 1.8570212 1.6597867 -0.2621437 2.3539045 0.6782627 0.16359429 -1.2282455 1.7558122 -2.305689 -0.722568 -0.17280595 -0.40253925 0.29556936 1.2645006 -1.4519497 0.010898061 -0.5407906 -1.8196996 0.6688063 0.83392453 -1.7541978 2.002996 2.0414379 -1.0099926 0.9462189 0.87351537 -0.23912062 0.5652449 0.79276174 1.0690641 0.75119513 -0.8920317 1.1194234 2.453613 -0.29207173 0.17748918 -0.8257522 -0.5833281 -0.949656 1.0459256 0.14705257 -0.14844815 0.15520048 -0.82847595 0.7095989 0.027254516 0.5648824 -1.091936 2.2611415 -0.6382845 0.13266404 -0.16820417 0.27444428 -1.3543036 0.16026482 -0.9500645 0.14768405 -0.7571256 -2.1591327
vanilj -0.13218655 -0.47824678 -0.061741315 -0.75362134 0.21638466 0.20069213 0.49069205 0.7373686 -0.5108699 -1.1884633 -0.08518301 1.268553 0.041325152 -0.16142292 0.09642778 1.3377738 -1.1517113 -0.20579852 0.50346005 1.439366 0.3742653 0.039201207 0.30028704 -1.3665929 1.0744065 0.21678925 -0.5163299 -0.55575055 -1.061034 0.16037862 -0.44551155 -1.1010188 0.31073633 -0.94594514 -0.55145115 0.068148345 -1.7094843 -0.25089592 -1.5160147 -2.743075 -0.36273554 -1.0642514 -2.381105 -0.75060564 -0.46706128 -2.1560905 -0.5593339 -0.71283543 -0.31233987 -0.22062458 -0.2781898 2.6779416 -2.5731642 1.4587866 0.17818405 -0.39845443 -0.21334948 -0.14870784 -1.1933281 -0.35666555 -1.6698457 -1.0562134 0.056819804 -0.98311955 1.0524596 1.9849327 1.6659918 0.23564686 -2.0404673 -0.05227548 1.1179012 -0.14510304 -2.1325474 0.18730888 0.3587788 0.48853976 -1.2635934 0.5591044 -0.1833432 1.9351019 -0.7359225 -0.70325625 0.55260277 0.07143751 0.6889497 1.136696 1.2796164 0.072244175 1.0656054 0.7927045 -0.043356065 -0.65615624 1.6069511 0.21438469 1.1855091 1.2571615 -0.8376869 0.14023541 0.49336436 0.54310375 -0.55344564 -0.8548515 0.0369695 -0.35719994 0.14899835 -0.18743013 -1.663993 -0.28616852 0.26265 0.8429339 -1.9503313 0.8011088 0.36970603 -0.52324635 0.74571645 0.38805994 0.038721345 -1.254982 1.3148413 -0.9822908 0.8635172 -0.7987615 0.787596 1.3267394 -0.3816852 -0.6446488 0.34150025 1.5075681 1.2914925 -0.45115674 0.1894803 0.8487393 1.0056076 -0.75406784 1.4864216 1.0696098 0.13930702 0.33759427 0.26491195 -1.0044278 0.5354928 -0.75440705 0.41242507 -0.07265277 -0.11315352 0.2069127 0.2746465 -0.2071515 -1.0498546 -0.3302842 1.0305113 -1.0547286 -0.92024606 0.37340027 0.11896994 -0.31435442 -0.20301794 1.0960815 0.054588355 1.1173122 -0.8163298 -0.82243586 0.9545064 -1.6646479 -0.6763837 -0.21691754 -0.6115942 0.2692718 0.44433105 2.396556 1.4976505 1.1217109 1.3088565 0.07498414 0.18174548 -1.6842651 -0.19218501 -0.35261247 0.70433813 -0.48213205 0.39582247 0.41481814 1.8191828 0.051090084 -0.95508605 0.97800106 -0.9938339 -1.8468884 0.51222914 -2.6182134 -0.09799209 -0.23132774 0.8546 -0.44865462 1.2446254 -1.398714 -1.2254895 0.1420599 -0.8703765 0.008099693 0.13663702 0.0961812 -1.2512105 -1.1698595 0.80430037 -0.5001251 0.19347994 -0.88798887 -1.0419865 0.51022404 1.1810607 -0.44871765 -0.7514633 -0.5356086 -0.48741478 0.19085269 0.74560195 1.1306045 1.082503 0.30583164 0.23383546 -1.2311469 -1.1395053 -0.21189101 0.290923 0.27068663 -0.4946788 0.30320954 -0.17591473 -0.72925407 0.6755411 -0.9305295 0.76391864 -2.1146436 0.9538851 -0.5123461 0.8156194 0.87588465 0.07568232 0.19315484 1.0202882 2.108745 -0.7311409 -0.4849612 1.3339529 0.5497417 -0.09736671 1.1595428 -0.19377975 0.6355263 -0.5792681 0.13145815 0.09910247 0.25850368 0.6738562 0.36147067 -0.16957393 -0.3031852 0.36004207 0.8655436 0.103077285 0.34711996 0.7385423 -0.70851517 0.942776 -0.10718537 -0.9121828 -1.2220371 0.3730087 -0.3356785 1.521526 0.03636834 1.0029742 0.56802684 0.48800212 -0.061381936 0.81598014 -1.6878976 0.057446525 -0.28852895 -0.54929066 0.2655666 -0.2736534 0.91749334 -0.02734266 -0.11141825 -1.173644 0.5137384 0.59247875 0.81528604 1.083724 -0.6895202 -0.25686854 0.8315531 1.082798 0.7843402 -0.52739394 -0.7938454 0.18107727 -0.28464517
rök 1.8047031 -2.8478918 0.07808339 -0.9878581 -0.554342 1.2657952 0.83265275 0.15147892 0.09478145 -0.6409526 -0.7528165 0.16540857 -1.4404405 -0.75093424 -0.2747584 0.7446518 -0.7557033 0.3697297 0.5566709 -0.5003587 -0.40407377 -0.54967463 -0.4133972 0.020075304 1.0658977 0.2732961 -0.39935067 -0.11506192 0.55670744 0.5905721 -0.7162108 -0.54818666 -1.5784224 -1.1445199 0.2235728 -0.62178767 0.5657118 0.12117021 0.47385222 -0.3008877 1.827108 -0.04555747 -0.8884538 -0.21112488 0.12732077 -0.34152398 1.5088719 1.5162433 0.9679135 0.46128675 0.67073256 -0.28197396 -1.1639665 -0.19822851 -1.1368793 -1.132208 -1.0762196 -0.499385 0.13176428 0.69118327 0.21166845 -0.8946294 0.40070057 -0.29286414 -0.03500594 -0.3870311 -1.3315785 0.5364921 0.4620946 0.72848344 -0.5075938 -0.27101108 -0.2345695 -0.8308791 -0.5644559 -0.2699608 0.52379084 -1.043131 -0.26671833 0.80612874 0.72659093 0.45124865 -0.34723392 -0.72012997 1.3687356 -0.80654216 -0.5227804 -0.22683093 -0.17652458 0.050434496 -0.5491501 0.51271605 0.904385 -0.78664726 -0.62219733 0.34390873 0.62013566 -0.24311529 0.22158311 0.6918729 1.110556 0.6727667 0.4178758 0.3887849 0.2282053 -0.55739355 1.5486383 0.14695112 0.09362458 0.33290815 1.4290614 0.42694774 -0.1286907 -2.4568818 -0.98396856 -1.2209005 1.9620521 0.10380385 1.0537727 -0.10009436 -0.13305712 -1.5274702 0.26978627 -0.8686258 -0.025903871 2.440346 0.9896461 -0.4442685 1.827677 2.5259032 0.9744676 2.1821032 1.5255389 -0.43698096 -0.8252781 1.3669409 -0.6119126 -0.09944235 -0.16137543 -1.8403502 -0.62784004 0.22835013 0.9859942 0.98316187 -0.0668334 -0.594267 2.401739 1.236698 -0.43255967 0.23849548 -0.5026789 1.7687272 -1.5374653 0.4605995 0.16405809 -2.0860276 -1.1713196 -0.1188298 1.0723468 0.27526906 0.24074636 -0.0041321088 -0.1985578 -0.24584392 0.24729909 0.15993343 0.9257365 0.35500208 -0.804082 -1.4311198 0.0022794683 -2.0589833 0.14690161 -0.94294876 -2.3422122 0.6069006 -1.0202285 -1.5349462 -0.08206157 0.033777226 0.25876722 0.9883009 -1.0468957 0.8631304 0.9939486 1.7645729 1.0903846 0.23722886 0.083938524 -0.31172168 0.84288543 -0.2694283 0.014714909 1.4780583 0.12484762 1.8606791 0.06318189 0.87863886 -0.5089449 -0.49625123 0.736629 -0.6039829 0.5676141 1.6486241 1.4912298 -0.9026531 1.2522403 -0.46959376 -1.1614223 -0.121630594 -0.23416339 0.16994365 -1.6798842 0.321585 -1.6269222 1.6366352 0.29829317 2.6972752 2.122595 1.7845823 -1.5312395 -0.04823304 0.01940743 0.22901781 -0.89458746 0.75107217 0.5968011 0.14302124 0.2373982 0.65589136 -1.0231661 -1.0664141 0.37079862 1.0162822 -1.4752718 0.3594301 1.1940321 -1.5656804 0.0561296 -1.2649516 1.2884855 0.7296117 1.1562558 0.3995445 0.33129188 -1.107546 0.5273886 1.7911315 -0.9795433 0.9504898 0.33634266 0.48450467 0.9079896 1.1691407 -1.0067344 -1.6678119 0.15755147 1.2640785 0.22633357 1.036014 -0.57882833 -0.57940596 1.6884891 -1.3752117 -0.5567615 -2.60887 -0.44747308 1.6265054 -1.7753378 -0.510281 -0.21105011 -1.010227 0.23679633 -0.86272395 0.926613 -1.8190594 -1.428335 -0.36989826 0.3012653 0.26794338 -0.22301151 0.8073725 -0.80935395 -0.3386523 -0.71105826 0.27289233 -0.36471406 1.162312 1.5625252 -0.27467364 -0.61066866 0.8568887 -0.4595259 0.39811617 1.072667 -0.2782054 -0.8097685 0.9589999 -0.65780795 -0.48988378
kaffe -1.207239 -0.43308395 0.44734204 0.15390356 -0.53836596 -0.41483542 -0.3559947 0.2234229 0.60794723 -0.7602779 -0.13195914 2.0874848 -0.6721708 -0.91269845 -0.93610954 1.952616 0.38310078 -0.72612965 1.2112032 -0.79499215 1.1143303 -1.204312 0.3533706 -1.0399634 1.2381941 0.18658085 0.20553355 -0.114949875 -0.95483655 0.6344873 -1.7716821 0.86266375 -0.6140056 -0.49141797 -0.648304 -0.6577815 -0.93692136 -1.207733 -1.8818768 0.3085259 0.493224 0.98798865 0.019586816 -0.90325356 -1.1523012 -1.3479232 0.82413286 -0.6736954 -0.27089936 0.18461233 -1.096267 1.687938 -0.93465227 -0.4692861 -0.9564809 -0.83745015 -2.1997647 2.100792 0.6587585 -0.073667996 -0.049889494 -1.0629619 0.22169238 1.2632691 0.68835706 -2.3597522 -0.5757583 -1.2058958 -0.60489523 -0.41780004 0.34999046 -0.79251814 -1.5107417 -0.71447283 0.8302163 0.6271759 -1.1195927 -0.17979255 0.028207144 0.5453545 0.37324014 0.5661517 0.2982687 0.29040653 -0.8424872 0.36463177 0.35115406 -1.7387792 -1.023743 2.1458042 0.069124624 -1.87764 -1.2138923 -0.30652592 1.9045464 -1.2221025 0.58532095 0.42576194 1.0320169 -0.11684727 0.93654835 -0.67906773 1.2305552 -1.7501433 0.31215817 -0.50711614 -0.077851824 -0.47184727 -0.1496232 2.0492163 -1.1765921 0.037312135 0.4697672 -1.0017502 -1.0214399 0.33435845 -0.7168411 -1.4355283 0.10537746 -0.5598508 0.023464967 -0.046588186 -1.2826873 0.72951525 0.025243228 -0.9907958 0.9612857 1.5028069 1.1784676 2.0844536 0.5388215 2.3720214 0.44985512 -0.7586006 1.4260731 1.8842173 -2.19488 0.59067345 0.1652357 -0.8382475 0.5322395 -0.16361776 0.6021724 0.09708564 -0.8986289 -0.9930597 0.24760856 1.0667632 -1.3895378 0.24558535 -1.5533991 0.53310734 2.128032 0.3505106 -0.25370926 -0.69198865 -0.2279566 0.80477333 -0.08558049 0.32737365 -0.108215235 0.0034968224 -0.22059031 0.11255673 -0.8622219 0.45248345 1.4898847 0.5176453 0.34971133 0.031270523 1.4851176 -0.52479 0.12497266 -0.17928734 1.2753627 0.32547513 1.1573036 -0.23919171 0.48678705 -0.3194718 0.07332838 0.75865453 0.8607811 -0.48728538 -0.320576 1.0030572 1.6107384 -0.701874 -0.52109224 0.97946864 0.915334 0.089545295 1.7424799 1.5070558 -0.37417996 -0.26393554 -0.3718697 -2.940458 0.85202676 -0.63554156 2.1319783 0.7647048 0.023527702 -0.10579244 0.07555664 -0.06282694 -0.039147306 1.5261648 -0.4843955 0.13532309 -1.2924471 -2.2665942 0.37927362 0.16831383 -0.46029213 -0.35703897 0.47199544 -0.034568187 0.13310705 0.13745117 1.6862859 0.22429119 0.38321927 0.43800372 -0.3066865 0.7642711 -0.22756857 1.4791768 0.88356006 -0.14136517 0.34281632 -0.28204232 -0.67804646 -0.602776 0.16533038 -0.4374659 -0.72035855 1.2794875 -1.3462604 -1.0610468 0.8674557 0.32410532 0.9098348 1.2007285 0.35924423 -0.10991474 1.2254494 2.0897944 2.7061055 -1.3636141 -0.40722552 -0.12013917 -0.52851874 2.1477432 -0.18481955 -2.4466085 -0.52605903 0.31689528 -0.7816724 -0.552761 0.61316437 -0.86834115 2.2539392 -2.0299356 -0.4979183 -1.0886993 -1.2358325 -0.13844839 0.95949286 0.5515361 -0.45647642 0.4014141 0.44115332 -0.29664838 0.92203206 -1.0863519 -0.441301 0.044551767 1.9347107 0.3806944 -0.6022263 -0.5293443 0.73018056 0.8197894 -0.8445853 1.0041409 0.06475791 -0.17361255 1.2738842 0.46438617 0.14260364 -0.8589097 -0.74947524 -1.1895298 0.21463434 0.12710094 -0.8110392 -0.7220889 0.23834497 0.16128561
choklad -0.094559565 -0.25243425 -1.3620265 -0.854897 0.45851183 -0.81965667 -0.66214854 -0.16665597 -0.36767542 -0.17725524 0.3088342 1.8747593 -0.37594676 -0.59472275 -0.4421151 1.3797153 -0.15893525 0.1644621 1.2758833 0.843911 0.5316601 0.08571744 -0.37358233 -1.1102653 0.2574527 -0.18797573 1.016144 -0.9506803 -1.9954511 0.36824036 -0.5046434 -0.35163546 1.4513714 -0.4171188 0.2649969 0.8191677 -0.5350627 -0.22643651 -2.2465782 -0.92528874 -0.88300097 -0.7662227 -0.5701913 -0.8287238 0.20044698 -1.7941608 0.25404072 -1.5481741 0.17087023 -1.6722851 -0.8074742 0.85381985 -1.1970319 1.2393959 0.7711269 -0.082866564 -1.089231 1.3312798 -0.4650233 -0.50753903 -0.73927665 0.9525538 0.34668958 -0.19331124 1.3437237 0.22495177 0.89857155 -0.44768763 -1.5625188 0.9520418 2.137073 -1.2350487 -0.5486785 0.6858121 0.6676975 1.3086073 -2.1461291 0.57739776 -0.017018003 1.1090662 0.27344292 -0.08281069 0.3588213 -1.4750433 -1.2519182 0.28889284 0.94847274 -0.9091355 -0.8302402 0.49872917 0.6016788 -0.0059210816 2.1836863 0.6785554 1.0515395 0.7345151 0.83011174 1.1070193 1.33842 1.9274697 -0.4878322 -0.04651861 -0.7143078 -0.18172614 -0.15168136 -1.2478564 -2.3999941 -0.49308148 0.22497581 0.7834712 -1.67774 0.6138969 1.1373634 -0.85003334 -0.25247282 0.62321514 -0.041134026 -1.5405645 1.2797353 -1.2279813 -0.1217109 -0.44624522 -0.27025804 1.4449674 -0.6020853 -0.5136517 0.8342439 0.5798575 1.358919 0.052508075 1.6844095 -0.112161525 0.34890965 -0.93656254 1.1774124 0.84212637 0.34498042 0.67974776 -0.8999716 -2.2731957 0.27298707 -0.57800096 -0.23179601 0.13752738 -0.41399664 0.98394585 0.9869711 0.17944774 -0.5304523 -0.70905244 0.10155444 0.01855962 0.6789745 0.65053254 -0.1982805 -0.16140813 -0.2121134 0.10104097 -0.34828988 -0.2613706 0.29868224 0.88472146 -0.84043956 -0.6695495 -0.92471063 0.270971 0.21531476 -0.39507136 0.56223446 0.33150232 0.15740813 0.7079422 0.5161299 0.41701636 0.5500987 -0.9979201 -0.3640027 0.08444915 0.5845439 0.73150843 1.5036521 -0.22563598 1.3108404 0.9795329 -0.39344114 1.113013 0.0186815 -0.6196697 0.684503 -2.0998676 -0.34275353 -1.5401947 -0.5003139 0.6443768 1.5173838 -1.5319825 -1.2010595 -0.87865984 -0.44341013 0.83131385 0.7717475 -0.5721747 -0.97067887 -1.7105092 0.9663817 -0.5987032 -0.16464745 0.20895386 -0.57578474 0.7540845 0.20462684 -0.13884309 0.6793606 -0.7896643 0.4129915 -0.56790614 1.1679004 0.2605421 0.4248486 -1.3234235 0.98587704 0.7276709 0.45923603 0.52951413 0.32777184 0.25034824 -0.6655421 1.2111479 1.6686409 -0.95954734 0.14023422 0.4832553 1.069352 -0.8010139 0.33557007 -0.26155588 0.09951424 0.66072834 -0.7999853 0.46244076 1.7510889 0.89235514 0.94174516 0.022518713 1.3078226 0.14589399 -0.032555483 1.0641667 -0.43369552 -0.16103905 -0.5853633 -0.048934292 0.39541444 1.3489463 -0.121298775 -0.6155725 0.8365113 -0.27871042 0.67989546 0.8234751 0.30297783 -1.0522004 0.24713677 -1.217341 -0.6922072 1.6382687 -0.515523 -0.2942342 0.89376026 1.198589 0.8109489 0.8876597 -0.62854964 0.80332583 0.23610023 -0.47070345 -0.46504688 -0.6969102 -0.020013722 0.38197052 0.95847136 -0.1745813 1.3696291 0.76503634 -0.58524704 0.4220363 -1.3551309 -0.0765333 0.3013774 0.89504784 1.1663326 -0.4065736 -0.05394186 -0.26953644 0.8430772 1.8508148 -1.4116768 -0.19458227 0.5746263 -0.22926345
vin 0.19535016 -1.2814434 0.17007516 -0.03215526 -0.27911556 -0.46470866 0.48704782 0.08620373 -0.8183131 0.02748843 -1.4491578 1.0440596 -0.9752472 2.2866576 0.32555696 -0.5146915 2.3682113 -0.2823097 1.4667667 -0.772401 0.87545633 -0.19060075 -1.2243677 -1.8663936 0.724599 1.2787861 1.6491358 0.06980354 1.1164882 1.5531269 -1.1470549 -0.00011197163 -1.0941039 -0.2623358 0.7006654 0.7007772 0.67494446 -1.1686338 -1.1992112 -0.5032447 -0.11577758 -0.3443084 1.1549627 -0.6941468 0.21012428 1.7525259 -2.0099103 0.8608366 -0.28196207 -1.6037472 -1.8574255 1.0396265 -0.02278905 0.6205218 0.4814972 1.7230809 -0.40711918 0.912802 0.5601869 0.09791375 1.7352943 -0.53198075 0.6214947 0.100877985 0.19442822 -1.8274984 0.09257815 -0.72449106 -2.0354998 0.438825 0.44679573 0.11106172 0.42794386 -0.22897495 -1.8889692 1.4611518 -2.057708 -0.5338178 -0.9041125 -0.024202423 -1.1358759 -0.7221961 -0.6333534 1.9582498 1.1820781 0.77305526 -0.025647111 -2.0403037 -1.4337924 -0.5353361 2.4555264 -1.5734812 -0.30353248 -0.5459316 -1.0402464 -1.3590647 -0.9660786 0.24304909 -0.72657114 -0.10686762 -0.07276191 -0.85662127 1.922375 0.5411707 1.0357065 -0.67976457 -0.566579 2.196392 0.05846568 -0.23118491 1.1285932 0.31214583 -1.1028001 0.43135673 -0.9940643 -2.1351204 0.139103 1.0877438 0.44102317 0.74152434 -0.9129892 0.75274056 -0.1504306 0.41730028 -1.3229021 0.79692644 -0.24760889 -0.46801317 1.1999619 0.1985435 0.66038376 2.8289673 -0.6778087 -1.4517514 1.2420516 0.77600944 -1.031689 -0.0046217046 -0.97814864 -0.017777495 0.69116753 -0.8494588 0.0051373187 -0.54472715 -0.88187975 -0.7014039 0.7213961 -0.8869501 0.2140394 -0.13912527 1.0539767 -0.0468377 -0.72399217 -0.7483422 -0.50427604 -1.0064466 -0.084717214 0.06354547 0.44247368 -1.5191834 1.3516917 -0.52455306 -1.4751136 1.7705846 0.67437035 0.18392769 0.5051394 -0.9061943 -0.8714182 1.9540173 0.9222037 0.76741 1.2841133 0.5284014 -0.30857146 -1.684039 -1.167447 -1.5521871 1.120781 -0.3062964 0.79365623 -0.038703136 0.48847675 -1.5822403 0.6547739 -0.052302983 1.975938 1.3188428 0.35746047 -0.3346803 -0.3236048 0.1509297 -1.2367584 -1.5687515 0.9505199 -1.4003441 -0.24006814 -0.7351212 -0.051517166 0.65193635 -0.5288744 1.3932172 -0.3521809 -0.82725215 -0.846125 0.24570431 -0.44363284 -1.621887 0.4173806 0.7394911 0.31028742 0.95562696 -0.32201234 -0.36935267 -0.07918469 -0.15917778 0.4731233 0.5581102 0.5200438 0.56004685 1.0164827 0.052866295 0.8770431 2.3202097 -0.8057074 0.17916232 0.7342337 0.55317 -0.80777276 0.98447657 0.13849194 -0.08136729 -1.1962599 -0.13719836 -0.26377213 -0.37101942 0.2835251 -0.77714854 -2.8245587 -0.7142186 0.8668546 -0.44138935 0.52004796 0.37242648 -0.78102297 0.2461674 1.4872944 0.22355609 -0.42623806 -1.3738592 -1.1345594 -0.5643299 -1.1780545 1.3680128 -0.71030647 -0.50540906 -2.0259244 0.99993616 0.82148284 -0.58373624 -1.542797 -2.186545 -0.8713152 1.6828048 -0.22582841 -0.35977185 -1.4839203 -0.06376781 1.9319676 -1.2744968 0.44402298 -0.58036417 -1.9302555 0.00035894895 -1.4765639 -1.5357252 -1.5799292 -0.4160719 1.728302 -0.5498622 -1.3192513 -0.28703132 -0.90551305 0.3744065 -1.7543322 0.765489 1.6769526 -1.3178792 -1.846632 -0.056768697 0.367854 -2.3535125 0.23685361 -1.3524257 -1.9241687 0.3654929 -0.36136013 0.9731581 -1.7536364 0.3500904
gräs -0.95260364 -0.9052954 0.57385004 -0.2676952 -0.11278807 -2.0851116 -0.35325614 0.87268996 -0.41640958 -0.9505249 -0.15967801 1.2525948 -1.0433627 0.60686344 0.75138414 -0.73065835 1.2841513 1.6416755 1.634896 -0.5210964 -0.8978725 -1.0171865 1.325529 0.56410676 -0.5631106 0.35549498 -2.3618796 1.4190387 0.8844067 0.06644073 -0.10463689 -0.20100334 -0.4610028 -2.1591852 -0.37319833 0.61953396 -1.3070234 -0.32626662 -1.7053267 0.18132234 1.6645323 0.45261732 1.4711413 -1.1743128 1.4128649 1.0010209 0.20681335 -0.027892867 -0.5472355 -0.8649479 0.23465285 -0.23427655 -0.8261551 -1.4390739 -0.70515925 -0.050897382 -0.58776367 0.20343958 1.4283329 -0.35307205 -0.4390442 -1.0726849 1.1581476 0.46636683 0.4632315 0.80539143 1.1233058 0.014732931 -1.9498894 -0.492774 0.56934595 -0.06632591 0.21996026 -1.5661925 0.7390509 0.5311934 -1.019343 0.003378126 1.3882648 -0.739483 1.3270773 1.1680095 0.5264471 -2.783499 0.7177086 0.18916203 0.5324297 -0.58601683 -1.7101929 0.10861408 -1.1914536 1.2304219 -0.17911133 -1.4636779 0.414604 -0.13356207 -0.4214508 -1.990613 0.8657887 -1.4553795 -0.763328 1.4907784 0.13903198 -0.53278893 -0.66696036 -1.279228 -0.28897142 -0.8281386 -1.1474776 0.41678786 -1.2257826 0.14960515 -0.65993196 2.135106 0.27820128 -0.049663972 1.3157462 1.8284372 0.064711355 -1.1242183 -0.95128655 0.2511716 0.99234825 -1.2773224 1.377925 0.52124 1.2832268 -0.6029298 0.5429816 -0.96342653 -0.30460262 2.145589 3.317949 -1.4315472 1.3561354 2.0193028 0.1745922 -0.01907615 -0.55684507 -1.6272275 0.75614196 0.4917485 0.16877474 2.0994337 -1.4373567 -0.53015345 1.2476282 0.69833004 -0.40613794 0.057837617 -0.5656766 2.3308752 0.36175036 1.3102328 -0.04658585 -1.9596579 -1.0958103 0.04440216 -0.8008014 0.7525256 0.15289626 1.2166224 -0.58991176 1.6683985 1.4389114 -0.5425766 2.3511055 0.20891452 0.26808813 1.5674634 0.71124923 -0.9161873 -0.43895102 0.7891559 1.0848635 1.354993 -0.28105158 -3.074647 0.008505918 0.1212693 -1.3175462 0.9724004 -0.19427915 0.29906774 -0.7411282 -0.4481894 -0.96143323 0.067469396 0.17388135 2.6724117 0.5996115 0.5707555 -1.2736422 -0.006664909 -0.502445 1.6603701 2.5232058 0.4363585 -0.91256595 0.665627 0.3344644 -0.19619916 0.25981387 0.72680146 -0.6433081 1.3894589 -0.3951357 0.37034345 -1.0449885 -0.6967094 0.24089274 1.2532748 0.9813832 0.16437441 0.3570899 0.9793602 -1.6622442 -0.96522087 -1.4926423 0.5212897 0.78011984 0.012231234 1.2843924 -2.2738733 2.1794798 1.4950709 -0.10069719 0.6798425 1.7858553 -0.638935 -1.1849412 2.1627235 0.29758924 0.21958585 0.2117783 0.5334111 -0.19598609 -0.20872787 1.4691975 -0.84832096 -0.111609906 -0.80658865 1.6277379 -0.14072995 0.54252577 -0.985162 -0.5268569 0.6967641 0.16527474 -0.47060308 -0.3611184 -0.8275872 -1.0456114 -1.5521721 0.057230093 -0.16899948 -0.8051491 -0.20408879 0.53642064 -0.040961094 1.6811038 0.6266853 0.24575798 -1.1951927 1.0284324 0.45894197 0.6026687 0.90801173 -0.15902917 -0.0027718593 0.42018917 1.0067663 -0.1142322 0.20550616 -1.2340574 1.5142131 -1.2862492 0.47867694 2.5504954 2.3818374 0.34181753 -0.66204464 0.04110719 -0.3947715 1.649556 -1.11741 0.87031776 0.4830259 0.43286783 -1.6795993 -0.16337875 -0.058572754 0.7016639 0.40875918 -0.34282124 0.28245252 -1.4284061 0.8037945 1.596803 -0.24230674
ros -0.8200976 0.61806726 -0.34346038 -0.0061224457 -1.3547182 0.49646637 0.75927734 1.9379547 -1.2791078 -1.1371284 0.09381203 -0.5615654 0.7372026 -0.15160571 -0.84202594 -0.26071197 -0.0789029 -0.5031533 0.23307402 0.7919876 0.10362377 -0.47430503 0.14246343 -0.99317515 0.27290145 0.37334907 -0.96557856 -0.6199166 -0.6765367 0.66389006 -0.40067393 -0.024186518 -0.15816514 -0.65971464 0.3970611 0.060127426 -1.005099 -1.3317074 -1.2601197 -2.4831367 -0.5898828 -0.32951966 -1.2261437 0.21229336 0.31082788 1.4189765 -1.0518605 0.018483056 -1.9278561 -0.020829588 -0.8812284 1.1681111 0.66483927 0.9083988 0.6670873 0.06067255 -0.74319506 -0.35375348 -1.1248456 1.2209064 0.090755634 -1.2533034 -0.09116463 -0.5358425 0.5300051 2.0884793 1.5178028 0.031890646 -1.1104035 0.049730115 1.5651522 0.17946823 -0.8944357 0.62435967 0.16033278 -0.6521562 -1.0625961 0.19240174 0.32475567 0.08153555 0.09254512 0.29867062 0.52565503 -0.1799517 1.1529324 0.2031517 1.8672279 0.1449437 -0.6656231 -0.34650397 -0.3158996 0.104339354 0.59204686 -0.67757154 0.017341197 0.08465667 0.4757967 0.03170687 -0.49687657 -0.88369256 -1.1836447 0.3110094 0.71952456 0.027946398 0.25685698 -1.7169576 -1.1581846 -0.051165313 -0.28504932 0.53823805 -0.30874228 0.409338 0.7309081 0.8146008 1.0079443 0.22940928 -0.4911237 -0.5615885 0.69160694 -1.2849169 -0.777221 0.9823675 0.5096619 0.69966304 0.79481405 -0.68758637 -0.031536233 0.74159366 0.43540233 -2.2392347 0.022035887 0.09271803 -0.0054373094 -0.41280285 0.9070279 -0.54120725 1.9193103 0.26212984 -0.72473454 -0.4321046 0.89627165 -0.8070558 0.43757084 0.74906665 0.3414954 0.39493197 -0.54378754 0.4477538 -0.08941411 -0.93480414 0.9348956 -1.1508765 -0.51049507 1.085827 -0.6326475 0.37926748 1.1243432 0.5082182 -0.7943398 0.6677701 -0.54821324 -0.22560982 0.87457365 0.5392597 0.5494539 -0.061571848 0.13910973 0.56519 1.4587808 0.82711565 1.1090353 0.63120437 0.43465984 0.48886654 0.29333422 -0.51939887 -1.0399925 -0.02925681 0.27743757 0.00019451347 0.23007539 0.10577284 0.4579433 -0.58790773 0.712301 0.48016512 -0.7370746 -0.523845 0.40880224 -1.2220023 -0.4633565 0.22701365 -0.622612 -0.3576689 0.6564047 -1.0325441 -0.1869295 -0.65854996 0.19149195 1.0183895 -0.20226648 -0.0005811099 -1.1382244 -1.1374099 0.12801993 -0.08044144 0.39996102 -0.16054387 -1.2123084 0.76717293 0.68665946 -1.0702935 0.13687082 -1.3299773 -0.038072325 -1.5865816 0.27004611 0.24785282 0.46304363 0.13365117 -0.05664587 0.6560094 -0.6236691 0.016758066 0.8141756 -0.33962312 0.02305723 -0.40003735 -0.8938618 -0.08924961 0.7089717 0.26451474 1.9761764 -0.45526716 0.37228343 -0.44797125 0.15316744 -0.46687734 0.55247587 0.9228588 -0.92971295 0.27990156 -0.49461567 0.055731833 0.6367321 0.7296385 0.15748915 1.2774594 -0.46461806 0.09410462 1.3622508 -0.5226883 -0.79095805 -0.30661848 0.44056234 -1.5981078 -1.8294343 -0.7135817 1.2649001 1.6901453 -0.38880944 -0.7900506 0.29746014 0.5347861 0.67812234 -0.13764013 -0.53450394 -1.0573535 -0.3781961 -0.21780127 0.111732155 0.14547966 1.010145 -0.23338766 0.5400715 0.35439888 0.68567353 -0.08744238 -0.03465473 -0.41441116 -0.7820287 -0.74275196 -1.6845573 1.2172958 -0.19169681 -0.15841597 0.25495738 -0.27126747 0.58518106 0.8260786 0.38075697 0.28290972 0.76516694 0.29862422 -0.067744896 -0.40722322 -0.3004827 -0.42153376 -0.50486046 -0.7897958
bröd -0.8279324 -1.6607385 -0.1949629 -0.82464486 -0.82506186 0.5315546 0.77714807 -1.6070069 -0.3084588 -0.3981066 -0.04352267 2.4321477 -0.53372055 0.124034375 0.3017011 0.79900056 0.67052025 -0.05313142 0.24150735 -0.27600867 -0.36952224 1.7095815 0.69452965 -0.14423823 -0.28968015 -1.5915554 1.0242449 0.2897201 -0.5472682 -0.37307093 0.5790935 0.60221535 1.2200904 -0.083724014 0.6481964 0.96594095 -0.92584395 -0.533114 -0.7438706 -1.0313976 2.6189537 -0.26215324 0.07733187 -0.19391683 -0.33396226 -0.67322797 -0.7709253 -1.1423317 0.5965079 0.51934576 -0.5415926 1.3914654 -0.5454639 -0.21869302 -0.9327047 -0.16906576 0.15755954 0.55121154 0.33131385 0.38548806 0.50948006 0.19081604 0.26267895 -0.14952031 -0.2236364 -1.0201868 -0.056634445 -0.63283515 -2.0629091 -1.2645454 1.7627594 -1.271891 -1.676067 -0.6951098 0.25593343 0.21739756 -0.70217675 0.46849242 0.2756662 -0.8321034 -0.5798195 1.5592259 -0.25682676 1.319 0.5667137 -0.44092727 0.15262619 -3.1861954 -0.93425566 2.6838925 0.5677558 -2.0452561 0.066626504 -0.16686375 0.96138847 -0.88454837 -0.43644598 -0.77966565 0.6977278 1.9151632 1.3245785 -0.65976274 -0.815471 0.06305868 1.4217074 0.76319844 0.27640283 -0.6544328 -1.7874619 0.1545255 -0.3230763 -0.006193563 -0.795055 0.95593137 0.13360591 1.1222869 0.032057736 -0.017045315 0.17266725 -1.1832343 0.026422918 -0.1100053 0.50523037 0.07558944 -0.24823323 -0.8375993 0.99480563 -0.34592694 -1.0412025 0.295025 1.0559825 0.8905153 -0.07108869 -0.88227785 0.9116919 1.2965678 -0.5143811 -0.4707609 -0.18986583 -0.23366697 0.51815677 0.43949765 0.034389198 0.5299856 0.45782846 0.13873048 -0.49330172 0.33520654 -0.2094513 -0.13773866 -0.20916742 -0.15516783 1.0845709 0.6324089 1.3357245 0.33357167 0.07325516 0.3178518 0.25545865 -0.8147325 -0.8664597 1.0755186 -0.7871339 -0.4527338 1.3998854 2.47782 2.2748213 0.023104262 -0.24383344 1.5352516 -0.1426337 0.65058416 2.0373275 0.5234882 -0.6538455 -1.2111673 0.093282945 -1.2489469 2.0833917 -0.4641338 -0.41385597 -0.13152394 0.58578926 -0.022575155 -1.6649727 0.3592395 1.303021 0.14168441 0.5821158 0.2896204 1.1587349 -1.0303111 0.9428731 -0.20530072 -1.0196221 1.9106733 0.26971605 -1.4019834 0.9200878 -1.0509682 0.68069243 0.5663454 1.317389 -0.32615572 1.3782846 2.031096 0.23876758 1.0393597 1.0165535 0.6622812 0.670651 1.7925495 0.45069736 -0.51033515 -0.9631951 -0.35618204 -0.37377557 -1.0199728 0.7432002 -1.4151322 1.5977181 -0.33949006 -0.13938783 -0.38066283 -0.8249127 0.27573645 0.48864907 0.7303861 0.39570117 -0.76629794 -0.114252575 0.10607751 -0.7872786 -1.4274498 -1.2324226 0.7933361 -0.61467427 -0.42613366 -0.41080767 -1.8689336 0.32440624 -0.29740572 -1.1136858 0.22463392 -0.47632605 1.561146 -0.33772448 0.29576522 0.94332355 -2.0112479 -0.3608273 -0.82945967 -0.39806736 0.9111567 -1.5292623 -0.8171548 0.79985523 -0.35371423 -0.25286126 -0.77664024 0.90714353 -1.1028669 0.60955846 -2.6835074 0.13296665 -0.57673436 0.425115 0.94782573 1.0422051 0.22789344 -0.9182372 0.26824045 0.63287526 1.1120954 0.10812503 -0.53364474 -1.3973078 -0.78658545 0.20417349 0.24472329 0.20444569 -0.1592819 0.61827314 0.19372572 -0.14840156 0.85579515 0.51142323 0.71248454 -0.70718426 1.9776884 1.3652519 0.42836538 0.7824079 -0.83940095 -0.73773324 1.4640839 -0.38340637 -0.038406957 0.196387 0.009384411
citrus -0.31583074 1.0350729 0.1820191 0.24926727 -0.22814497 -1.4461194 1.5164951 3.0112333 0.35726288 -0.84382665 0.27346936 1.9615121 -0.3804215 0.13303924 0.8454749 0.89415276 -0.02831255 -0.91975015 0.3336016 0.2878522 0.35290638 -0.3485229 0.014432344 -0.3515072 0.5682057 -0.6904706 -0.01263889 0.73413444 -0.22420447 0.3497542 -0.13347982 -0.5898983 0.85017926 -0.65649503 -1.5018657 0.21549901 -0.49092308 -1.6223634 -1.629828 -1.863233 0.3581028 0.28956872 -1.6041812 0.8999248 0.031249948 0.7354217 -1.5310067 -0.20288192 -1.7907386 -0.29966506 0.6907728 0.7377686 -1.902291 -1.1137823 -0.8429283 -0.011977904 0.17352772 -0.5927793 -1.7070891 0.8170593 -0.643322 -1.9882083 -0.36728433 0.15562879 -0.040149324 1.6940345 1.2702748 0.4040093 -2.2022903 -0.41773352 0.97510225 -0.46485642 -0.51911265 0.25884575 -0.52438885 -0.15626653 -1.0533156 -0.16820768 -0.63761044 0.5473149 -0.52799964 -0.91863304 -0.35274822 0.020393461 0.88985616 -0.14395076 0.7593004 -1.9383746 0.81859654 0.633826 -0.2530007 0.3428932 0.2883603 0.45304808 2.0629022 0.5882488 0.14726654 -2.2402992 -0.41689575 0.56559646 -1.0199337 0.08974969 0.19723512 0.44199947 -0.12754223 -1.9373913 -1.9313898 -0.64011294 0.09525127 -0.9003937 -1.7218851 0.03518642 -0.88985604 1.0026689 1.1862825 -0.746871 -0.4293388 0.4022133 -0.12000521 -0.5177954 -0.5622289 -0.0036674973 -0.37211224 1.7552307 -0.8855071 1.1884348 0.60648924 -1.9563159 0.58814317 0.6945167 0.15218551 1.6215693 1.1222816 -2.4810386 0.9698851 0.78406286 0.5004281 0.49207765 -1.2835959 -1.195918 1.641051 -1.9990531 -0.87254226 0.3696238 0.7395772 -0.13166185 -0.2464851 -0.15161891 -0.10554431 0.86561906 1.0583591 0.057097808 -0.84426665 0.6933995 0.23591042 1.0958426 -0.059924927 0.28346807 0.98845285 1.7740359 0.5646064 -0.82239103 0.66602045 0.19144276 0.2825538 1.2563919 -0.27983618 0.6860942 0.570349 2.141383 1.1745702 -0.47493702 0.64500827 1.0372335 -0.2536752 -1.6346983 -0.040709265 -1.4817009 0.19657418 -2.0019257 0.007853848 0.65619236 -0.41889003 -0.68458384 -1.5391529 0.011227054 -0.83388424 -0.20823446 2.327449 -2.355135 0.84369063 0.13349868 -1.3836532 -0.48105717 0.46608335 -2.191413 -0.50848836 1.037571 -0.38760576 1.0393025 -0.7647465 -0.4724244 0.1342512 -0.093791306 0.016057871 0.12463211 1.140383 -0.6171162 0.2081496 0.33662152 -0.22595517 -0.47439027 0.2939993 -0.6293764 0.84635466 0.45297572 0.8364438 0.13684504 -1.1835477 -0.22472407 0.15659373 -0.5303811 -1.5650434 -0.67490077 0.7544322 -0.21375091 -0.99273896 -0.2709421 -0.6999326 -0.15482925 -0.22135566 -0.518399 1.4708977 -0.7542577 0.071622565 0.3899886 0.635762 0.57962745 0.6341785 0.049981292 1.4667506 -0.46447584 1.063507 0.72745866 1.0748246 0.02875691 0.09842792 0.010603663 -0.34116825 -0.7983726 -0.46215078 0.2134623 -0.12742169 0.060143042 0.76783705 0.06310811 -0.8522838 -1.1263796 1.7878419 0.42556453 -0.3636959 0.30071136 0.8325279 -0.8952042 0.84911007 0.25982535 0.7025469 -1.302852 0.3589205 -0.8926931 0.2040006 0.18035221 1.5798092 -1.277275 0.7034764 0.93199396 -1.3308058 -2.1835048 1.815416 1.0953833 0.35573193 0.04402122 -0.24679491 -0.23904502 -0.74255544 -1.1866736 -0.28450453 0.80980194 -1.0310777 0.05531572 0.004309593 -0.89799875 0.47350043 0.6515206 0.66911644 1.869542 -0.58193237 0.98256266 -0.45578304 -0.7199786
tvål -0.18702103 0.909861 0.12767532 0.3180033 -0.70502394 -0.4749046 0.730689 -0.17139705 -1.2415472 -1.3019197 0.76226807 -0.682311 0.81901467 0.6641607 -0.4551967 -1.0074902 -0.42576984 0.07951392 -0.7083218 0.078799695 1.8418876 -0.16414472 -1.0737906 -0.55843145 -0.07361409 -0.52866936 2.1219735 -0.42507556 -0.98218614 -0.019501923 -0.27449566 0.58477086 0.34453887 -1.3096275 -0.9074841 1.086353 -1.1224928 -0.72614354 -1.9582243 -0.7194827 -1.5072285 -0.33598733 -0.45069036 0.081274286 -0.49044907 -1.0945908 -0.667059 0.094275884 -1.0091934 -0.009996306 -0.28339204 1.1421938 0.15916197 1.2132045 0.53253525 0.3360252 0.8690424 0.51810545 -0.027603429 0.9772793 -0.90321946 -1.3675927 -0.009083226 -0.18724886 -0.6174821 0.76631844 -0.05177309 -0.3386454 -0.3587466 0.1592777 0.66795826 -0.6993426 -0.40606552 0.38208205 0.48547977 -0.38636702 0.57141525 0.75689065 -0.31966218 -0.99311656 -0.27270827 0.72736084 0.28945538 -1.5122755 -0.2972363 -0.09315662 1.6546893 -0.3798786 0.4239101 0.31914487 -0.57398635 0.2660633 -0.08557585 -0.1666036 0.16336145 0.3030093 0.6016766 -0.3813591 -0.48588678 -0.47047257 -0.6753391 0.52604055 -0.9314326 -1.1175386 -0.80851555 0.33465046 0.21442032 0.6570428 1.1881707 0.1055133 -0.26923707 -0.22529182 -0.8123656 0.32938 0.8539848 0.65324974 -0.30255303 -1.049874 -0.16434978 -0.84340864 -0.09976186 0.06265034 -0.37131307 0.9719376 -1.8521696 0.39639175 2.2188246 0.088969015 0.08047343 0.478601 1.0103554 -0.43169233 -0.18572117 1.0087547 0.13063666 -0.50675195 0.9046252 0.65451795 -1.3696723 0.094121076 0.39510086 0.13910903 -1.063443 -0.33961987 -0.31724405 0.6586395 0.13199966 -0.090409905 -0.47262225 -0.18930109 0.29255858 -0.20866835 -0.27048945 0.19859569 -1.0898523 2.0361357 0.54009056 0.9404737 -0.40669075 1.2113967 -0.39888355 -0.1674663 0.82102776 0.05758238 0.24369642 -0.058107454 -0.03933217 0.9113458 0.57336575 0.83668214 -0.27229595 -0.7514272 -0.5829483 0.16504206 -1.3835391 -0.45944777 0.38025317 0.9377892 0.67058843 -1.356103 -0.43109962 0.9033999 0.482927 -0.22306168 -0.10695891 0.28827748 0.29004887 1.2307785 0.57132566 -2.515468 0.07887699 1.4395275 -0.06339378 -0.74205375 0.95952934 -0.7532645 -1.319643 -1.0399371 -0.7703237 1.6174128 -1.4704956 0.11154816 -1.2051972 -0.20145003 0.765466 -1.4104636 1.592207 -1.1516495 -0.40183896 1.3871689 1.6283771 -0.7299368 -0.5755998 -1.0254897 -1.0796616 0.052960552 -0.02117941 0.28173563 0.5488125 0.9917676 0.87656474 -0.1803767 -0.20152631 -1.2864302 0.85059905 -0.5902996 0.67658055 1.4074445 -0.89248717 -0.20593564 0.8864047 -0.8294295 -0.29593936 -0.5878191 1.7238197 0.7261137 -0.35414484 0.84228134 -0.39437225 0.98317325 0.79378533 1.4198954 -0.20269062 0.2839108 0.2602514 1.1288443 -0.052960034 1.2436181 0.8400696 -0.30087942 -0.30123496 -0.49877578 -1.2522212 0.5384517 1.5513806 0.19811687 -0.379149 -0.6133167 -0.7687885 1.1156683 0.49266723 -1.9609014 0.69017124 0.44774267 -0.09330496 -0.08143622 -0.16059132 0.0005528986 -0.58685684 0.73708135 1.0216124 0.7786057 0.7606631 -0.19134605 0.4793244 -0.78796923 0.2898975 -0.6068887 -0.8941122 -1.2945564 0.07483914 -0.93948615 -0.06738594 1.1637002 -0.775233 -0.00210559 -1.9877439 -0.3909146 -0.40071487 0.066056535 -0.032407865 0.07833748 0.6514695 -0.14796107 -0.8736499 0.07112003 -1.0668836 -0.43659723 0.7522955 -0.8274149
lavendel -1.6052445 0.86775196 -0.25718608 0.030924529 -1.348717 -0.5052554 0.07844592 0.37709296 -0.028724346 -2.56618 0.41516843 0.45210847 -0.04832937 0.06435185 -0.058005966 0.036130894 -0.43251297 -1.1439304 -0.5420497 0.4209812 0.34246105 -1.1366913 0.46799824 -0.111335434 0.13706064 -0.6610042 -1.3148093 -0.7144709 0.07680278 1.1090653 -1.3263483 0.4029872 -0.9676306 -1.4406542 -0.20446776 -0.09829978 -1.6478425 -0.38074073 -1.1044586 -1.971578 -0.46574098 1.0301605 -0.38719922 0.28266826 -0.02024779 0.15492456 -0.00603741 0.071252376 -1.0711304 0.0056823045 -0.8313356 0.6705832 -0.8277974 -0.57076854 -0.012508785 -0.38345793 -0.35554513 0.09222031 -0.7209323 0.6735573 -0.72921115 -1.6472913 0.42702252 0.1167075 0.98582834 1.3129116 0.41083452 -0.47983378 -2.2437286 0.18204035 0.8773259 -1.1009616 -1.8869188 -0.6571138 0.1371029 -0.17630942 -0.597703 0.894262 -0.45095438 0.01658503 -0.11776933 -0.98199844 0.9836412 0.39624268 1.5529788 -0.29814497 2.5026689 1.1325419 1.3532342 -0.3631693 0.4949118 -0.12751406 0.65871465 -0.0075667957 1.4208378 0.74444234 0.048716597 -0.30875292 1.3079977 -0.2522973 -0.63744867 0.023401303 -0.5385313 -0.879935 0.94649816 -1.4525454 -0.6139117 -0.7576568 -0.22101156 0.74163395 -1.2607102 -1.1157525 -0.8761025 0.15614957 0.5833594 1.1055524 -0.20708899 0.25251922 -0.28997657 -0.95509994 -0.35470882 0.13647935 -0.876062 1.4934683 -0.50738055 -0.27007163 0.8681425 -0.00634016 0.68770736 -1.940684 0.15094562 0.81911105 0.15188706 -0.8730877 1.1217854 0.15355542 0.71481246 -0.48972416 -1.1512411 -1.025991 0.6580837 -0.31541395 -0.79999614 0.78109473 -0.68018454 0.10527445 0.03197087 0.35067543 -0.24458987 -0.66725165 0.35243607 -0.7870037 -0.5692053 0.90036434 0.16652651 0.8026783 -0.5595964 0.07310966 -0.79395825 0.8834182 0.1856594 -0.54298115 1.3517991 0.28952003 -0.46518546 0.72116727 -0.40732858 -0.20200615 1.5470052 1.6243995 0.3404817 -0.13007055 -0.3401963 -0.25262973 -0.25869405 -0.45726112 0.079742 -0.19222486 0.5227061 0.12038548 -1.5880047 1.1103455 0.59857845 -0.5374468 0.7748838 0.13827978 0.2380265 0.5809111 1.1233661 -0.33974102 -0.052720908 0.6504881 -0.36182937 0.3658395 0.3263683 -0.45115596 -0.67023635 -0.5219787 1.0119318 0.77585423 -0.61473674 0.6532929 -1.2127739 -1.0170826 0.32831097 0.3089899 -0.1180034 -0.3546009 -1.3917043 0.7454657 0.5720352 -0.23631224 0.34253162 -1.0894477 0.031370156 -0.10251309 0.69777226 -0.31679684 0.37330896 0.6040657 -0.18964578 0.21183828 -0.098559916 -0.8908603 0.46691564 -0.03190639 0.76345694 0.014477541 -0.20246223 0.15258954 0.34876367 -0.32143763 0.90830725 -0.7128664 1.0118675 0.6623213 -0.26866084 1.0203581 0.87656254 -0.13150889 0.033892203 -0.6027894 -0.17183554 0.11069112 1.20617 0.46577388 0.7928695 1.1221737 0.0036568588 0.68348736 0.10065993 -0.4068783 -3.2919102 -0.6042544 1.2104287 1.1562045 -1.7231554 -1.3121265 1.5679873 0.4576531 -0.54563624 -0.86975366 -0.21878943 0.13670607 0.38142055 0.19905202 -1.5474037 0.13688467 -0.6162169 0.48797113 -0.11794554 1.0039042 1.5452007 -0.21556431 0.20938323 -0.517578 -0.20967327 -0.9972035 -0.29110622 -0.3075155 0.73236084 -1.764 -0.9657252 1.1891028 -0.5330866 -0.94040745 -1.0597342 0.9021749 0.33293492 1.2201421 0.23915187 0.8153509 0.8906647 -0.115734376 -0.8137608 -0.8588432 -1.5917411 0.5677752 -0.00063825765 -1.0576595
fisk -0.004985892 -1.6824079 0.95697343 -0.21717057 0.7828954 -0.40933913 -0.47184753 0.57916874 -0.5569771 -0.8710386 0.75505066 -0.9027034 0.045372177 -0.55208236 -0.68372655 -0.5212132 0.68779325 0.031736474 0.115918346 -0.07893646 0.40245643 0.44880256 -0.111611985 -0.61363065 0.51410985 -0.43528754 0.34630886 0.18314824 1.4870299 0.19355306 -0.37915242 -0.31471896 -0.49507204 0.21506779 -0.025039202 -1.0897847 0.17202257 0.58619773 0.19614924 -0.49388394 1.0563755 -0.8103562 0.2576555 1.0228593 0.76859605 0.80798197 -0.3063561 0.4289092 0.09949903 -0.5521545 -0.2946695 0.15889616 0.90418667 0.108960375 0.08160651 -1.1652584 0.47301278 -0.07883133 0.7903731 0.46821046 -0.1482904 1.2733096 1.1106172 -0.6556428 -0.37330922 0.35488358 -0.584845 0.789557 0.20748395 0.34044307 -0.60521203 -0.12515637 -1.0919873 0.04190508 -1.3243048 0.1443227 0.40684968 1.2333457 -0.5842356 -1.812698 -0.763168 0.28245413 0.17137739 -2.374786 2.2798858 0.17887199 1.1746054 -0.77216655 0.073692255 0.49751675 1.3920072 -0.07303431 -0.7080491 0.16813688 -1.0245085 -0.27752465 0.18702155 -0.74020165 -0.2573751 -1.3734292 1.2350726 -0.39944887 -0.026472438 0.24628937 -0.40751436 -2.27421 -0.042117964 -0.47785515 -0.8325072 0.21539758 -1.6911722 0.58862287 -0.5798509 -0.34991446 -1.5146738 0.02949429 0.4260751 1.4689204 1.0799998 -0.7080017 0.7859036 0.29106432 0.6694302 -0.69618684 0.2034582 1.2582362 -0.7659972 -1.6360987 1.3317521 -0.11348102 1.248686 0.18725193 0.18508935 0.19575648 -0.2683277 0.057900704 -0.1299617 0.42024738 -0.8354875 -0.7402872 -0.42807877 1.3097134 0.4264125 0.10734242 0.4021175 0.49134195 1.9831702 -0.13349158 -1.3708656 0.46979424 -0.41905764 1.174105 -0.27218506 -0.09104211 0.13104649 -0.0991227 -0.8906866 -0.4479684 -0.5783058 -0.105330706 0.14216696 -0.044268504 -0.54131126 -0.8229662 -0.022339294 2.2492537 -0.1651813 -1.2788814 0.5056924 0.500087 -0.009995094 0.1416186 0.47057983 -0.48803127 -0.31782687 -1.0671324 -1.0630194 -0.7646925 -0.8511789 -0.27579296 -0.0066590114 0.86578614 -0.2542061 -0.48887506 0.35394153 -0.4400134 1.7177751 1.5753396 -0.8265142 -0.7296313 0.33798656 -0.003265765 1.5571051 0.3976999 -0.5838532 1.4820662 0.80980045 0.864829 -0.28736642 0.48069286 0.10442414 0.8714642 -0.11351475 -0.22635362 -0.39021313 0.36663485 0.13259007 0.9762414 0.37542772 -0.024164323 0.9755533 0.44278556 -0.058025874 0.5760529 -1.1090062 0.8238984 0.16176789 0.23128179 1.23406 0.1609756 0.49698845 -0.49502105 1.3916658 1.1255075 -0.6457213 -0.23815946 -0.38312712 0.12740213 0.63427573 0.045105793 -0.3090589 0.10384273 -0.32803443 -0.057590164 -0.7444842 0.6116292 -0.45957422 -1.7381861 0.03211764 0.5224645 0.6395413 -0.121873535 -0.5164851 0.69112307 0.12694821 -0.22926013 0.43491542 1.3560903 0.31854597 -0.07214473 0.3299779 -0.8917743 -0.1948988 0.59373116 -0.9239042 -0.9356898 1.3113302 1.3869798 0.040187396 0.04788479 0.08011189 -0.6720975 0.13966714 -0.5895417 0.13315952 -0.9724215 -0.7912934 0.038986295 -0.85668325 0.4999661 -0.2920747 -0.1278863 -1.33722 -0.9513819 0.5625555 -0.3455019 -1.2526217 0.21856326 -0.016985707 0.3176065 0.7951132 0.017336668 0.65459156 1.0813973 0.84970856 0.84440494 0.12452401 1.4266875 -0.34216008 1.0867151 0.0764247 0.35810205 0.4270991 0.2192756 -0.093683936 0.5257063 -1.3847821 1.3216364 -0.61934716 1.3328394
äpple 0.0028716433 -0.5190686 0.99234474 -0.13316411 -0.43885297 0.15824538 -0.35168874 0.6852073 -0.27587637 -0.6988343 -1.0283421 2.3669531 -0.13271342 -0.65104973 0.6339394 -0.5867609 -1.5372567 1.0652962 -0.6013275 0.16127807 -0.27008086 0.66549706 0.14795962 0.6626247 -0.21215811 0.5420145 -0.5360977 -0.8000289 -1.4599197 0.52111804 1.3182831 -0.4057198 0.08900918 -0.90859854 -1.0789669 0.03967406 0.050305102 -0.0062183077 -1.0619111 -1.1167232 -0.12255584 0.08814005 -0.6211832 0.45708942 -0.46125025 0.2605801 -0.4745445 -0.9600238 -1.2385331 0.08410434 0.0222632 1.2699999 -2.3215268 -0.18363507 -0.14422275 0.8693875 -0.013852346 0.4125408 -1.0933375 0.6103448 -1.1285299 -0.9029062 -0.33845124 0.14244056 0.7664497 1.2918041 1.3799416 1.502708 -1.8309525 0.12246843 0.0026931197 0.17516401 -1.005295 0.3837362 -1.0762246 -1.5138586 -0.97421503 0.1148348 -0.5502062 0.26418376 -0.5117936 0.5353302 -0.49103135 1.2906985 1.1797631 0.03534321 1.4694862 -0.7573755 0.14034995 0.5979304 0.47405142 0.2983581 -1.1546593 -0.32213253 0.4355401 -0.018387638 0.9218799 -2.1798615 0.103214964 -0.6824698 0.35035336 -0.6948115 -0.26169235 0.2656661 -1.720252 -1.7851298 -1.760147 0.24247763 0.38536867 -0.13454561 -1.4041437 0.53857774 -0.93854034 -0.05321335 1.1543226 -0.9394809 0.70683396 0.0073861377 -0.6539517 -0.780349 -0.87336725 0.5736387 -0.12999755 0.51018906 -0.09219238 0.31109947 0.14419991 0.6620576 0.72892416 -0.85382485 0.42786524 0.5661641 0.47890517 -1.3199706 1.0141811 1.2519816 0.26151735 0.6139215 -0.49358326 -0.55041045 1.2310538 -1.3448769 -0.7632973 0.8979986 0.3152388 0.40358725 -0.09656877 -0.62993807 -0.22219703 0.6452129 0.8521385 1.3320088 -0.10111893 1.0506163 0.11498918 0.86668074 -0.96669555 0.96456546 -0.035264075 1.3302 -0.0779344 0.53675795 -0.13206594 0.2594383 -0.15112992 -0.56630266 -0.73676 -0.1466501 0.24992062 2.8251734 1.5447446 -0.43869826 0.08082983 1.4196073 0.23382576 -1.5797434 0.0099386675 -1.5604423 -0.010564735 -0.14596301 0.9964359 -0.10489015 0.05263636 -0.7985877 -0.60154456 -1.5736077 0.3544564 -0.1761931 1.3131466 -0.81645185 1.0023794 -0.73624635 -0.22153851 0.21613331 -0.008247603 -2.118748 -0.20807806 0.008108368 -0.6073486 0.95432997 -0.8348142 0.1163624 -0.111108966 -0.016346585 0.40562934 -0.35483864 0.7926585 -0.6845536 0.35739943 0.9550112 -0.23993045 -0.12207608 0.5984578 -1.260569 0.6074333 1.0186338 0.4802562 0.8097192 -0.9032232 0.019223671 1.5689206 -0.5104791 -1.1897565 0.21347117 1.0006026 0.68774796 0.5878248 1.6328034 -0.21890822 -1.4801877 0.38556248 0.60701954 0.8523279 -0.6561926 0.49630186 -0.38692832 -0.54442585 -0.91088384 -0.4768851 -0.2033474 1.2414607 0.40832224 -0.772879 1.2052281 1.1849525 -0.5801629 0.3744188 0.24485531 -0.1112621 -0.8738324 0.1767695 -0.053382363 1.1567825 -0.21766658 -1.3317276 -0.9381524 -0.8403149 0.024175148 0.21923672 1.7805717 1.1586833 0.57716066 1.131438 -0.020677282 0.14700139 0.9172066 -1.142255 -0.552848 1.6946323 0.1869361 0.71519774 -0.36016616 1.3003385 -0.8444023 -1.3417944 0.8309895 0.346319 -1.0942305 0.011579688 0.07823003 -0.0045735994 0.21208143 -1.3961918 0.7436077 0.03376097 -0.8103577 -0.38638997 1.3784969 -0.33205995 -0.9923343 1.0834693 0.27935258 0.25504616 -0.017371653 -0.302677 1.0194402 -1.2254237 0.97428775 0.39474913 0.049560457
citron -1.0285609 -0.11702091 0.38176247 0.037410147 -0.12674825 -1.0670485 0.13175173 1.581458 0.06855878 -1.741768 0.48590535 1.0235113 0.5495547 -0.999886 0.39345157 0.2583654 -1.1803775 -0.8245674 -0.6492974 0.40712157 0.45626128 -0.27149123 -0.6580577 -1.2485616 0.044373352 -0.7903878 -0.0064336513 -0.06523411 0.7071037 0.96989197 -0.28629673 0.17367727 0.65893394 -1.1795595 -1.1168696 0.060574736 -0.24273184 -0.4912247 -1.6006398 -1.1340638 0.5215132 0.62424785 -1.5755028 0.8860749 0.71030164 0.3719428 -1.062928 -0.049038783 -1.0547292 -0.78734416 0.3330426 1.5132881 -1.183359 0.81886053 -0.49450973 -0.01008496 0.24808162 0.056141827 -1.0818298 1.2631552 -0.81574184 -0.9950533 -0.18998194 -0.80547374 0.7713792 1.3446891 0.8637061 0.8840394 -1.9727503 -0.24135412 0.28169677 -0.026075125 -1.580605 0.4871277 -0.34968132 -0.49081 -1.3558737 1.0669975 -0.54304296 -0.393027 0.47974318 -0.5270563 -0.02835928 0.50179905 0.9407516 0.1828683 0.713974 -0.3666846 1.180562 1.1933975 0.36896643 -0.16839892 -0.6701031 0.49555373 0.037854135 0.9796313 -0.047766574 -1.549163 -0.072847985 0.062050138 -0.863851 -0.24419154 0.23261155 0.0481094 -0.3134313 -1.1319122 -1.3817259 0.30842045 -0.4153097 -0.10586099 -2.0012429 -0.50162363 -0.9082785 0.51954746 0.18915446 -0.20357598 -0.31868955 0.54871684 0.30120942 -0.2217884 -1.5596255 0.38324258 -0.5495456 0.6886108 -0.38541424 0.9959242 0.9841094 -0.47777364 -0.018310592 0.28135696 0.45966733 -0.042257354 0.157899 -1.2222145 0.84609646 0.16873689 0.53961575 0.71376145 -1.404182 -1.9804634 0.98186445 -1.407172 0.056887355 0.7527103 -0.45584485 0.09540164 -0.48087877 0.19986007 -0.81935537 0.65714973 0.3175091 0.21515357 0.76214296 0.7146325 0.95820063 1.5834701 0.37481296 0.015163078 0.056217384 0.7013203 0.22027184 -1.0869455 0.79730636 -0.36448452 0.5709707 1.0875272 -0.50251186 0.75478274 1.4096192 1.161844 0.5751183 -0.5660257 0.46769783 0.5015023 -0.5672665 -1.003677 -0.3737049 -0.5941066 0.42748174 -1.7780228 -1.0720743 1.5795459 0.34664938 -1.0600483 -0.17855301 -0.36265165 0.03144008 -0.23044308 1.7719792 -2.2276642 1.4595338 -0.0040667104 -0.5726175 0.4738068 -0.02589755 -1.9403155 -0.49158078 0.62092316 0.35897234 0.52071553 -0.7219261 0.15745169 -0.33345577 -0.63606507 -0.5005825 -0.95525014 1.037061 -0.23810455 -0.56883246 0.49772507 0.8695362 0.10326013 0.72241277 -0.94485456 -0.12940519 -0.062550135 0.7390289 -0.35020608 0.60677254 -0.19653521 0.22171539 -0.5673583 -0.34223193 0.13536535 0.7805752 0.6798247 -0.47591618 0.86597824 -0.53769904 -0.20748797 0.00066098786 -0.104420215 1.110853 -0.4618852 -0.36585918 0.7369769 -0.34840322 0.14492868 0.1743639 -0.55937785 0.7448758 -0.6491174 -0.0706471 0.036399104 0.9590253 -0.74699634 -0.50582314 0.7720233 0.52915686 -0.30393845 -1.0241841 -0.080279134 -1.3023478 -0.79640836 0.7442338 0.26810077 -1.204817 -0.41141412 1.0483795 0.4873322 0.7419805 -0.34355378 0.66154784 -0.65232784 0.57863617 0.5564268 0.16816315 0.021724777 0.08316113 0.18244858 0.8680178 0.26745826 0.6664857 -1.1733762 0.37009978 0.06327309 -1.0067779 -1.3298635 0.18127179 0.016555645 0.5536207 -0.9791058 -0.6410773 1.3299443 -0.47495562 -1.2220023 -1.8981345 1.3493506 -0.29460466 0.25383827 0.4767472 0.51231223 0.7777425 0.8234673 0.39374864 0.6170962 -0.9813733 0.91156757 -0.62455994 -0.20670916
öl 0.11384655 -1.4448521 -0.4114267 0.60560834 -0.48009032 -0.9719416 -0.5283394 0.5010694 -0.07130729 0.09189149 0.30829042 0.58508956 -0.616964 1.1332331 0.4442613 0.024775067 -0.11476451 0.39733315 1.0310045 0.96709096 0.28000158 -0.15335667 0.06581326 -1.0169235 0.38351816 -0.16851985 0.7206527 -1.1244929 -0.39004627 1.356936 -0.38480976 -0.23347828 -0.5550026 0.6219605 -0.7830264 1.1590863 0.86694676 -1.1723025 -1.1488189 0.040454075 -0.37477016 0.0038235541 0.008859014 -1.1445305 0.824102 1.0594958 -0.37907448 0.99224716 0.50110227 0.027485676 -0.76203614 0.54057235 -0.3952948 0.7369169 0.49168044 0.7386756 -1.0144342 1.5421656 -0.86851835 -0.23780945 1.898496 -0.15499417 1.0507491 -0.11516888 -0.027021825 -1.3038942 -0.83023244 -0.9845927 -0.24545908 1.2917031 -0.60297424 -1.0266091 -0.6183051 0.6552118 -1.0973363 0.744181 -0.6256137 -0.2809708 -0.7549642 -0.053525683 0.01850284 0.25528014 -0.05112698 -0.66368884 -0.136196 0.27058876 -0.7934302 -1.4110523 -0.66918766 0.45400497 1.0856419 1.1709157 -0.7636702 -0.15970962 -0.22962342 0.088599555 -0.07147325 0.25325537 -0.7204688 -1.1133051 0.6793474 -0.6800381 0.76156586 0.2820765 0.5237536 0.015246988 -0.1486226 0.49938565 -1.0715795 -0.24396266 0.5489155 -0.2748982 -0.35513425 0.37398425 -0.4806462 -1.027708 1.1645023 0.8810826 1.7524456 -0.17984615 0.4726609 -0.43826994 0.5762425 -0.46597633 0.030014472 0.24893832 0.75982773 -0.7156268 1.5206436 1.6574185 2.0520232 1.8141778 0.77208006 0.13526514 1.1281942 1.0201102 -0.56543976 0.7452543 -0.94198406 -0.3887605 -0.52499956 0.108189955 0.73418486 -0.22033933 -1.6585922 -0.10656444 1.1487464 -0.8163321 -1.0746092 0.35743815 0.33223027 -0.44837743 -1.1972688 0.58143663 -1.411441 -0.6299597 -0.48939362 -0.7808427 0.32352987 1.693131 -0.10404631 -0.9664558 -0.92422867 -0.12733437 -0.25126833 -0.7553216 -0.022023333 -0.021448012 0.63914573 -0.31959128 1.65116 -0.053517554 1.4951884 -0.52304816 0.1154901 -0.7341305 -0.9346742 -1.8199596 0.8252149 -0.45241952 1.1315949 0.32528782 -0.31534338 -0.47092503 0.6052704 1.173112 2.0326583 0.5866478 -0.016947584 -0.8451071 0.026409714 -0.2079421 -0.5774719 0.17457806 0.62431777 -0.8632193 1.0230755 -0.29082668 -0.21373144 0.41225466 0.6219982 0.7987144 0.65224445 -0.27532738 0.55194944 -0.23149598 0.21480405 -0.5347739 0.09069224 -0.29730913 -0.7716156 -0.4113004 -0.28347382 -0.09844178 -0.24671873 -0.3210749 0.45773035 0.6576201 1.5093104 0.7092024 -0.028162206 0.026365884 1.0898827 1.1247635 -1.2501342 0.7462807 0.48459145 1.6356559 -0.31384477 0.8040129 -0.55254346 -0.41649112 -0.78754646 -0.08229237 -1.3726838 0.60876864 0.29158515 0.030553378 -1.50454 -0.9168294 1.7762402 0.23409095 0.42574152 0.9133748 -0.0071882927 0.18691257 0.7988064 0.65886575 0.81626093 -1.7403527 -1.2212856 -0.4280105 -0.28332594 2.1799128 -1.1582389 -0.8109632 -0.9439796 0.54504496 -0.50491333 -0.057456702 -0.32074603 -1.5383085 1.0057871 -0.36551642 -0.48173648 -1.5077193 -1.0666852 0.26478496 1.2736762 0.15646644 -0.7957887 -0.71577805 -0.48182517 -0.7899145 0.10772154 -1.2863338 -1.4741925 -0.2298188 0.08850683 -0.5594986 -0.6717516 0.85732454 -0.6133361 -0.38716424 -1.3593681 1.2525325 0.5700257 -1.1318487 0.13745278 -1.6371233 0.13059813 -1.6689522 -0.45367482 0.17208946 0.63279873 0.89017624 -0.31589153 0.9320579 -2.3360803 1.3001684
kanel -1.067211 0.28408226 -0.75922996 -0.22564316 -0.46764204 -0.432907 0.14557488 1.4225987 -0.6590671 -1.6927457 -0.96173406 2.0947437 -0.36775252 -1.9859538 -1.3132966 2.4645069 -2.4098747 0.5762149 -1.3572853 -0.006466234 0.13631737 0.3104701 -0.53829175 -0.006030486 0.036228474 -0.2873816 -0.4307578 -0.4979112 -2.152612 1.0151068 0.27288303 -0.2870702 -0.79356855 -1.9304754 -0.7415026 1.1773444 -0.03275403 -0.6604857 -1.4266441 -1.1614 0.55621433 0.7496519 0.1315752 0.23923266 -0.5973121 -2.1020412 0.79492635 -0.65408266 -0.77947927 -0.23385726 -0.24634168 2.2837937 -1.3277938 0.49443913 -0.2977037 0.62031305 -0.8549706 0.73726875 -0.46022826 -0.047704913 -0.80653423 -1.7432743 -0.12920082 -0.021834692 -0.18963312 -0.009514215 1.2561519 0.32913953 -1.7761441 0.074426435 0.7380538 -0.95175344 -1.2534711 -0.41426754 0.28538436 1.2261554 -2.1267292 0.17034625 -1.7722169 1.515414 -1.7437315 -0.26816398 -0.37668583 1.6917073 1.1749336 -0.20312665 1.8439133 -0.9504747 0.880389 1.5869852 0.26654887 0.5976499 0.74898314 0.21600132 1.2865958 0.6923428 0.6181316 -1.3498228 0.9646425 0.22781086 0.50069064 -0.28215313 -0.17334127 0.66340643 -0.29380733 -1.8968045 -0.70069695 0.076237805 0.66296554 0.17031598 -2.390779 0.8593781 -0.62498766 -1.4831603 0.26308796 -1.5690931 0.5581632 0.4688593 0.7805452 0.03862349 -0.70477957 0.41246367 -0.24656476 -0.21596041 -0.0470338 -1.1264701 1.0227708 0.3258852 0.19952945 0.4614902 0.12006358 0.8965011 -0.05086052 -0.7911538 0.46940607 1.3305591 -0.088440254 0.6139123 -0.22404777 -2.8023183 0.9087004 -1.5692037 -0.8974154 0.085210346 -0.09548132 -0.12562564 1.058139 1.1740676 -0.7027032 -0.59660864 1.3396717 -1.3529694 0.4560117 0.07256715 -0.70531255 0.22553556 -0.25426254 0.17295331 -0.5267778 0.83943427 -0.09248758 -0.1445222 -0.35307732 -0.7900679 0.46654576 0.5305307 -0.1562399 0.28237623 -0.14491777 2.9096813 -0.31519526 -0.11644341 0.6178677 0.40771556 0.439459 -1.2365171 0.8211734 0.825607 -0.5862072 0.7473357 -0.36445117 0.4180061 0.92473906 0.7336631 -0.081601515 0.58663267 0.6886631 -1.6566299 0.34834734 -1.0015258 0.52598876 0.48244885 0.32971486 0.48043185 1.1588275 -1.0229635 -1.4966637 -1.9235686 -1.1183366 0.12638998 -0.52183807 -0.45896828 -1.0282493 -1.6020281 -1.2493228 1.3301574 0.56796485 -0.34052336 -1.4664314 0.9946477 1.3421153 0.7578553 0.55105424 -0.55007356 0.297665 0.804834 0.32968774 -0.2618074 0.5398191 0.22299178 0.6899671 -0.08743113 -1.4441727 -0.6901577 1.0080867 -0.20184676 0.24315204 2.0864031 -0.45499972 -0.20020433 0.65328974 -0.7146004 2.5951269 -0.6558056 0.04584579 -0.116025165 -0.2125598 1.3772067 -0.3007955 -0.9927916 1.0081141 1.0110862 0.38551253 -0.62152284 -0.04971052 1.34994 0.39721742 0.002506048 0.06825531 0.51626587 0.43823627 0.3840961 0.14367627 0.47975272 -0.5632257 0.79937625 0.07042221 0.11603765 -0.2768762 0.4745237 0.44578877 0.008307431 0.8284778 -0.75988173 -1.0224155 0.7786995 -1.2279135 -0.2235568 1.2978127 -0.45114595 0.5433993 -0.05861945 1.377672 -0.4572067 -0.15589581 -0.9842188 -0.6923792 -0.6955556 -1.3560376 -0.8479978 -0.2619823 -0.5559226 -0.42225835 0.4784607 -0.16096817 0.5146447 -1.9892745 1.8899 -0.30885637 -0.39920753 0.68798566 0.39501858 0.5580553 -0.87876266 0.1359096 0.74614054 -1.2683212 -0.67912185 -0.4603224 -0.8990333
apelsin -1.1778693 0.8776357 -0.45238358 -0.53775597 -0.056056928 0.19548157 0.5610672 0.33992594 0.46000704 -1.8325964 -0.40335968 1.9697793 -0.34247577 -0.91688067 -0.9869828 0.9216948 -0.7971617 -0.01264623 -1.3839626 0.41686377 0.029074004 0.24513972 -0.8808393 -0.36893487 0.53781074 0.38021952 0.2025709 -0.0036427872 -1.0726616 1.1598808 0.34627074 0.24623865 0.1312712 -0.91538215 -0.66058916 0.24177103 0.4419307 -0.5876383 -1.1864114 -0.727033 0.0954513 0.9204036 -0.54622364 0.3499005 -0.021278394 -0.38495716 -0.030409813 -0.017678235 -1.1055197 -0.97437465 0.07611774 1.8598444 -2.2968173 0.75166 0.4242597 0.74284995 -0.07873544 0.8279795 -1.4240036 0.6877368 -0.52162904 -0.7224849 -0.22534336 0.14400887 0.09673647 1.9436835 0.63624513 0.6405388 -1.3834033 -0.22012529 0.2332768 0.20005716 -2.2939086 0.3701223 -0.3978437 0.22981973 -1.7132298 0.3148767 -1.473889 0.16706274 -1.1257759 0.2780148 -0.1660171 1.0943953 0.6074635 -0.7585921 1.2117234 -0.14185658 0.14278655 0.84161687 -0.8760549 -0.33664873 -0.33801445 0.36266086 -0.12968612 0.015584922 0.8760589 -0.57179654 0.6885537 -0.042379364 -0.42952752 -0.26169813 -0.79280275 -0.37101427 0.05905113 -1.6626413 -1.5975399 -0.31108743 0.8934816 -0.23272513 -3.0369432 0.46327913 -0.657532 -0.23720783 0.86644745 -0.09059569 0.2893341 0.64250535 0.26796308 -1.0889802 -1.2019314 0.15293309 -0.7220455 0.8362266 -0.2171807 -0.19343793 0.8092994 -0.02378454 0.22561018 1.44773 0.77889156 -0.06834406 0.43043658 -0.9439361 0.45945942 0.22152722 0.29983017 -0.30102432 -1.0842026 -1.8798194 1.2488533 -1.9580408 -0.44869828 1.1033791 -0.28693625 0.774669 -0.18569967 -0.44364947 -0.55936414 0.38691977 1.1061076 -0.11014375 0.13945398 0.166135 -0.07992665 1.264942 -0.5307311 1.1733072 -1.4280865 0.43119898 0.4981752 -1.3265815 0.13363092 -0.7933958 0.050931655 0.6617457 0.13216026 0.3361773 1.2821296 2.6611955 0.93553776 -1.1013255 1.1347133 0.22377901 0.6934473 -1.9288375 -0.43819392 0.42899024 0.102430634 -1.0248003 -0.44560915 0.312467 1.3036845 -0.19347551 0.52746373 -0.29221278 0.24826719 -0.03928788 0.73788 -1.5268276 1.3393905 -0.19168705 -0.9969252 0.9130089 0.72207177 -2.0623255 -1.2937725 -0.35652214 -0.8133306 0.15431681 -0.71611184 0.54644537 -0.5010143 -0.38776514 -0.57682914 0.9530523 0.37497872 -0.9170206 -1.2250971 0.65301764 -0.099605635 0.5216063 0.5254152 -1.50599 -0.309297 0.027773842 0.3004955 0.9433535 0.6198529 -0.5275866 0.15241762 -0.83125347 -1.6916773 -0.9463707 0.7715943 -0.1381569 0.10277364 0.76990956 -0.8944209 -0.74498403 -0.067134336 0.23275474 1.9782829 -0.6113355 -0.27683464 0.59311557 -0.036736853 0.834866 0.6035765 0.38585764 0.9196244 0.34429142 -0.027855411 -0.057756532 1.3926327 -0.0488223 0.36633733 0.43430087 -0.1463083 0.934522 -0.19142045 1.1069831 -0.83768207 0.04643126 0.51246136 -0.3767772 0.2712493 -0.36147767 1.0556185 0.07517172 0.0021609624 -0.73415756 0.96841407 -0.2669265 -0.28150785 0.6320124 -0.8112498 0.32680222 0.7060503 -0.41347504 0.6657334 1.0383577 0.5633373 -0.28330335 -0.46180695 -0.29405323 -0.38496122 -0.8113706 -0.38133132 0.022017542 0.20261747 -0.010635864 -0.95902073 0.5542417 -0.11855497 -1.076656 -0.8248368 0.93030053 0.7411247 -0.38409653 0.13029279 0.7063547 1.1922243 0.32668862 0.3638516 0.41357994 0.028504033 -0.3507546 0.3041085 0.13289107
te -0.9510515 0.7426315 0.49840975 0.10133419 -0.5667888 -1.111111 -0.5512751 -0.0569868 -1.0445358 -1.6826813 -0.50244844 0.856735 -0.20967016 -1.2904364 -0.8690762 0.26026827 0.91741234 0.53072596 0.64886796 -0.66019315 1.3548588 -0.47363645 -1.3353735 -0.8134198 0.48436314 -0.17087859 -0.17885283 -0.45440456 -0.38010466 1.8422825 -1.9525093 -0.08822943 0.09544152 -0.44343397 -0.39235154 0.5217001 -0.9262594 -0.31234294 -2.878065 -0.7462942 -0.4179199 -0.4379601 -0.07104076 0.12646422 -0.5776917 -1.373601 -0.31430683 -1.2721971 -1.1530255 -0.79679984 -1.6719981 1.6043295 -1.364743 -0.3510121 -0.3131326 -0.12298512 -1.4027228 1.3407996 -0.07095608 -0.3206139 -0.13796733 -0.5414954 0.366713 0.79366285 0.35896006 -0.30848086 0.1634458 -0.2744632 -2.3513815 0.2444599 0.41859025 -0.781761 -0.43371767 -1.798316 0.29283515 -0.07068027 -1.171422 0.9136052 1.0791564 -0.019140098 0.015285205 0.3812825 0.12050511 0.028255802 0.12567379 0.4083742 0.55354375 -0.51143384 -0.26454917 0.7431421 0.16239397 -1.2963585 -1.789418 -0.86807287 -0.33292267 -1.2548511 1.118341 -1.1778007 0.54759127 -0.6098921 0.65787435 -0.91185415 0.32938343 -1.4649515 -0.24592368 -0.21074945 -1.0704832 -0.47518063 0.7496293 1.3020264 -1.2550161 -0.18477026 0.2578436 -1.2166755 -0.2107879 -0.7870168 -0.48900795 -1.4188985 -0.19838125 -0.79078704 0.272514 0.5665461 -0.43255523 0.6124103 -1.2306372 -0.9932386 1.2531861 1.5744503 0.20159285 -0.07213148 0.0621894 1.2618973 -0.70167685 0.24160205 0.6285341 1.4671947 -1.2211587 0.27109474 -0.7537751 -0.624768 0.13876194 -0.55916613 -0.62285334 0.55369264 -0.51279426 -1.191665 0.1960659 -0.210259 0.08618902 -0.66316205 -0.28391504 -0.48684093 0.36622196 -0.105321184 0.21581598 0.113650836 -0.065587744 1.0663552 -0.123006076 -0.19005822 0.0075015198 0.31618917 -0.6877357 -0.12709886 -0.5417219 0.15529066 0.76809186 0.050083533 -0.19411616 1.0039444 0.13303827 -0.9860218 -0.24187922 0.68205345 -0.71517533 -0.4782039 0.5077492 -0.88461846 0.008669052 -0.22975628 -0.27765456 0.002211885 0.41329044 -0.332159 0.35317907 0.2951084 1.2293845 -0.10010199 0.27496588 0.6222287 0.82796335 -0.815644 0.31391546 -1.0324395 1.0992569 -0.902188 0.04742151 -2.4403424 0.22187608 -0.016228221 -0.06912109 0.17622541 -0.7334358 -2.1067996 0.53123176 -0.09699142 -0.92540336 0.9173365 -0.24166232 0.9920079 -1.1690819 -2.6778853 0.23293248 -0.20734723 0.05375516 -2.0027027 0.24114817 -0.44543567 -0.7534657 0.6213237 0.6767903 0.90173703 0.4877397 1.3403994 0.50920105 0.8201007 -0.6655243 1.7241572 1.1021732 -0.16206071 -0.47953174 0.59801036 0.80576056 0.40708145 0.70037705 -0.050498907 -1.279996 0.80289114 0.06953043 -0.78389025 0.32207903 -0.0020448898 2.006123 0.8263574 0.937902 0.53464484 1.8002049 0.7670405 2.075687 -2.2859716 -0.644774 -0.074855566 0.018242272 0.7982144 -0.11549234 -1.8607483 -0.80478966 0.12729834 -1.5807873 0.55457205 0.3769699 -0.6332136 0.58911365 -0.038471192 -0.18053624 -0.98495317 -1.3270026 -0.45464405 2.373743 0.40537617 0.13239987 -0.7024624 1.0275961 -0.060891718 0.5203107 0.45998317 0.373513 0.1868983 0.15798707 -0.5959874 0.5816128 0.47846788 -0.3523897 0.59589 -0.780698 0.9423525 -1.1448945 0.4392266 -0.41127747 -1.6506178 -0.20019276 -1.6775947 -0.854167 -1.2517542 -0.6456934 -0.11055808 -1.5581187 -0.27741173 1.4063821 0.38391015
vitlök -1.6180705 -0.0026921334 0.37249064 -0.35640678 1.0659362 -0.103691235 -1.7326081 -0.4488443 0.22752403 -0.86145824 0.3510986 -0.2490287 -0.123253435 -1.0490315 0.16072522 0.60611707 -0.6150973 0.36021394 0.0070824553 0.36573872 1.4776253 1.1510552 -1.4267315 -1.1112999 -0.53820133 0.83638084 0.686174 0.23057318 1.65442 1.2104685 -0.59104645 -0.143357 -1.6553113 -0.6099743 -0.40533003 -0.62178195 -0.66017044 1.4733448 -0.44155726 -1.8722868 1.7051421 0.15584216 0.44312677 -0.4808042 1.4469883 2.006133 0.13710842 1.293412 0.50502056 0.0062710885 -0.3906043 1.6996093 -0.2919527 1.6692188 0.053033356 0.010094762 -0.23903172 1.1118706 -1.0066551 -0.7044836 0.44942078 0.84065956 -0.48261046 -0.9323129 1.3935912 -0.46221128 0.44246373 0.7304781 -1.3332679 -0.05517037 0.20965482 -0.624368 -1.2479278 -1.0221788 -2.3850584 1.0148379 -1.6529444 -0.37934554 -0.8273279 -0.82167935 -0.6261945 -0.34515238 -0.5769325 0.24590443 1.2944306 -0.92153376 0.6979055 0.10763531 0.7234215 0.58930165 1.0439985 0.048953984 0.007629994 -0.10134804 0.5368699 -0.17877254 0.15125754 0.5779858 1.1585407 0.63190156 1.490329 -0.8388081 0.1412385 0.2748881 0.31640604 -3.184774 -0.4961242 -0.37006357 -1.1485566 0.93314826 -0.32598332 -0.467498 -1.4552134 -2.3740785 -1.6188959 0.69646686 0.5176642 1.1097062 0.63611364 0.55706567 -1.3366947 1.247198 -0.11683212 -0.36078387 -0.3978248 1.0184795 0.3800004 -1.506783 0.4710292 0.7371204 1.4480586 -0.09447913 0.13442579 -0.13971226 -0.24973941 1.3663226 0.34941363 0.3123651 -1.630119 -0.89376986 -0.54661417 -0.13467222 -0.6108281 -0.3778319 -0.88905406 0.697464 1.940724 0.092702 -0.45051315 0.40398595 1.1125312 -0.4156769 0.7509426 0.3085017 0.6713375 -0.6258223 1.1099683 -0.42417377 0.7706344 -0.46583605 0.3012085 -0.26915905 0.6637144 -0.16340561 -0.674479 1.154483 0.42460045 -0.67016906 0.881733 1.1128429 0.11717886 -0.06503243 0.98769194 -1.4371238 -1.4202877 -0.42297623 -0.6801662 -1.3065813 0.8315993 -0.18060398 -0.37397325 2.1969516 -0.2506404 0.5290871 -0.4471173 -0.48188224 2.9350042 0.45068237 -0.3821236 -1.029041 0.795545 0.4421305 0.5420654 0.14469458 -1.9075243 1.3091855 -0.41879195 1.3627421 -0.8147793 0.41660815 -0.5072806 -0.3653817 1.0613775 0.3517584 -0.97336996 0.79696846 0.83118343 -0.5949596 -1.0085375 0.4723732 0.39753297 0.73502177 1.6755812 0.4413359 0.4369131 1.7602556 0.55368453 1.631129 1.5800718 1.1723855 0.43454668 0.37854236 0.82460004 1.2697668 -0.2666002 0.7146067 -1.125853 0.3638578 0.91026306 1.0743282 -0.64971393 -0.44206336 0.19731279 0.11354702 -1.6417536 -0.024834715 -0.9716065 -0.46707025 -0.2632784 0.4531101 1.5288831 -0.47322583 -0.33560333 0.29143333 -0.08282036 0.30908298 0.5025541 0.62064666 0.025245572 0.8931768 -0.72238237 -0.42147294 0.057233635 0.35913044 -1.3296318 -0.8844736 0.7947143 1.352314 -0.65045744 -0.501143 0.07646859 -0.57065314 1.5741489 -0.9087 -0.22075038 -0.4236912 -0.67876136 1.0309342 0.53875387 0.80917096 0.45324233 0.29089975 1.0681877 -1.499751 2.382707 -0.42093062 -2.2706375 -0.18558371 1.1285709 0.25991845 0.60817385 -1.5194702 0.31371242 0.9672912 -1.0859276 0.9567025 -1.6699498 1.5740443 -0.13592371 0.9041459 -0.31290093 2.2876294 1.2371781 -0.58367956 1.3686675 0.0051296945 -1.4600841 0.28555986 -0.58161575 0.13049023
honung 0.43617475 -0.27986225 0.098640785 -0.36122164 0.26930565 -1.5404928 0.47726157 1.3183239 0.27786732 -0.61275554 -0.25912923 0.7172901 0.06922579 -0.52499574 -0.49012208 0.8310959 -0.6437232 0.88810366 -1.3064013 0.53923637 -0.023745546 0.22615269 0.5618022 -0.9101049 0.28979653 -0.59604865 -0.085846044 -0.18148448 -0.8418412 0.61420727 0.29020357 -0.61028767 -0.049035992 -1.3641485 -0.029263 0.53681475 -0.52417755 -1.478964 -2.1049023 -1.0851512 -0.09142249 0.49035975 -0.9422648 -0.33615696 0.22719882 -0.19775167 -0.9983673 -0.13405322 -0.34285286 -0.43750662 -0.31583703 0.99584794 -0.8283989 0.64505744 -0.1256338 0.3203026 -0.49595866 -0.06741663 -0.49949872 -0.086901285 -0.64572656 -1.0669615 -0.19468202 -0.9291832 0.24727511 1.0182936 0.6280277 0.9808471 -1.5354035 -0.20674507 0.97491366 0.09023296 -1.4122363 0.1773152 -0.25088373 0.72385097 -0.9794952 -0.25399345 -0.7588364 0.38155514 -0.83964926 -0.5698477 0.31769997 -0.2663846 0.44109625 -0.5221346 1.5073059 -1.076823 0.556165 0.6006281 0.19428635 -0.24191783 0.85021883 -0.44494385 1.1236439 1.1503857 0.9434174 -0.68430746 0.6709693 -0.11467988 -1.001721 0.42661807 -0.28231406 -0.069574215 -0.46871573 -2.2083328 -1.6808288 -0.7985653 -1.0497757 1.1389258 -2.10322 0.18219657 -0.023514992 0.7057567 0.90508914 0.7158141 -0.42741725 -0.0048506716 1.0659401 -1.594471 -0.33129492 0.41036913 0.22267912 1.8353896 -0.15209939 0.19021541 -0.34562188 -1.2180227 0.7965268 -0.5465924 0.9437977 0.9980477 1.2063227 -1.4612547 1.551376 0.83030045 0.8222353 0.5521463 -1.2737042 -1.3986385 0.91673553 -1.4073967 -0.87091774 1.2921076 -0.09207631 0.045777883 -0.8500084 0.09377182 -0.8931949 0.15169142 0.85023314 -0.20025201 0.7198241 0.69287544 0.21976022 0.4930658 -0.12074392 -0.050328735 0.43970025 1.0893985 0.19439697 0.03973152 -0.29974985 0.5028352 0.06081146 1.2812189 0.2076878 0.37229443 0.07461966 2.036589 0.08528522 -0.6552865 0.6409517 0.39481518 0.3625194 -1.2746831 -0.12791613 -1.1197934 0.7661728 -0.49224898 0.11730798 0.75316733 0.32308117 -0.6899773 -1.3653197 -0.1768733 -0.047507655 -1.1229441 1.0742798 -1.6684802 -0.5434345 0.27737466 -0.4296506 -0.75017685 0.19519901 -1.2200822 -1.1139206 -0.51976895 0.26854914 0.88507015 -0.5347477 -0.2419611 -0.6692771 -0.008450782 0.2785791 -0.31861496 0.059836578 -0.37365925 -0.25869265 0.773824 0.08669222 -0.33145052 0.042511724 -0.5813268 1.0734168 0.0007002782 0.21279037 0.8053883 -0.36376986 0.13157399 0.16492558 -0.44733822 -0.51076436 -0.090780586 0.10421351 -0.76276 -0.10129285 0.5898563 0.6268337 -0.58010143 0.43510824 -1.1069188 1.3305626 -0.6948481 0.6812416 -0.40199292 -0.24811047 0.26593474 0.7476396 0.7085911 0.8137873 0.118958704 0.390617 0.23564096 0.106916495 0.27637812 -0.043269414 0.063621394 -0.1690431 -0.6725369 -0.6352041 -0.0023629572 0.10587124 -0.49776506 1.1725581 0.3304019 -0.1572669 -0.3882289 0.64973444 0.6779232 0.47755054 0.35312173 0.9263458 -0.9925292 0.4315865 0.56721395 -0.5378357 -0.2669413 0.22275862 -0.09793012 0.6803752 -0.36306623 0.62797844 0.08085064 -0.19307542 -0.0053394 -0.80853623 -1.7360467 2.6912327 1.4424567 -0.30240503 -0.073868774 0.17390284 -0.026580157 -1.4188108 -0.37427914 -1.0577493 1.3330196 0.09795186 0.44367 0.6417225 -0.63532615 -0.6015819 0.25568053 0.5212545 0.1160259 -0.4210823 -0.608673 0.10890468 -0.9444811
körsbär 0.93548274 -1.0088494 -0.54985726 -0.9691399 -0.8834661 0.19566658 0.28713897 0.75255215 -0.28126058 -0.6138275 -1.5917543 2.4638455 -0.34465855 0.47751606 1.0451797 1.1348739 -0.52415645 0.03621126 1.5600245 0.5971851 -0.23282997 -1.7125747 1.2518696 0.013796374 0.6666181 0.14048442 -0.31917644 -0.60119826 -1.5849309 -0.64348114 -0.57844436 0.1680187 -0.17868327 -0.19127785 -0.5625395 -0.1719823 0.5054648 -1.5123303 -1.644621 -1.4398072 -0.7033556 -0.7559874 -0.4776082 -0.2671188 -0.99239504 -0.5760424 0.88226366 -0.35139984 -0.39815512 -1.7206427 0.17706051 1.2167169 -2.2977376 -0.49321237 0.60959333 0.078961484 -0.32110322 0.9548676 -1.3623804 0.19050807 -0.42426693 -0.32030034 0.53078663 -0.13340525 0.76878726 2.0216506 1.2164613 0.5418339 -1.1231463 0.36026055 1.686699 0.4409872 -0.20338507 0.11706701 0.74848694 1.2198176 -1.4439075 -0.34854865 -0.8134166 2.3812108 0.77461946 0.34889874 1.3283796 -1.583599 0.71229947 -0.4816733 1.4438677 -1.2569737 -1.4167703 0.08677892 1.0102606 0.8268345 -0.16848283 0.5898201 1.1499159 0.5828815 -0.5548614 -0.041471735 -0.5491152 1.259715 -1.0101612 0.8769155 0.44452327 0.3157809 0.040428393 -1.3629042 -1.649618 0.3789685 0.28085193 0.728546 -1.7662252 1.3150345 -0.6850259 0.5708238 0.88826805 -0.08393634 -0.055783484 -0.32021096 1.0897219 -1.0853015 -0.4730504 1.2662838 -0.25173077 1.6994653 -0.069513306 1.0031204 0.44633165 -0.77094847 1.8712381 -0.13619195 0.81696993 1.1660331 0.478228 -0.77180064 1.1074007 1.0334079 0.049209964 1.3950183 -0.70166516 -0.6073358 0.8429409 -1.5128641 -0.6493508 0.949952 -0.70189106 0.5739525 -0.47103128 -0.053860206 -0.08662405 0.43224755 0.5600728 -0.23182942 -2.5982153 0.7188604 -0.10425766 1.7657585 -0.7456508 0.91963756 -0.1567612 0.63763463 -0.7037334 -0.56546104 0.82573014 -0.10015501 0.22880404 0.2650518 1.0533485 0.046438772 1.162124 1.9722736 1.2858257 1.2844633 0.61526114 0.8303164 1.0908616 -1.5974406 0.06983046 -1.2589765 0.3129771 0.16397543 1.0790855 0.9335512 0.14767903 -0.19113655 -0.08423551 1.6782833 -0.57084435 0.39378083 1.2629545 -1.7872868 0.07919044 0.016197342 -1.6305103 0.4779725 1.3672467 -2.9889207 -0.99343944 0.5819546 -0.9635546 2.067353 -0.6834934 0.5246922 -1.240849 -1.192211 0.5948469 -0.17352557 0.17487006 -0.42951632 -0.05025583 0.43658388 -0.23073126 0.3847987 0.26138318 -0.2579577 -0.33660728 0.5654807 0.66516787 0.8662802 0.498398 -1.008839 2.078791 -0.389553 -0.36826897 -0.37148064 -1.2240944 -0.23555613 0.32241097 -0.7235501 0.42216563 -0.6737542 0.17050913 -0.19616918 0.80228466 -1.7300024 0.05669053 -0.6882528 1.0731357 -0.54813516 0.08291189 1.453723 2.0025816 0.5080186 0.46708226 1.0541662 1.2807026 -0.28274056 0.5776936 0.68586934 -0.88977724 0.51409537 -0.686042 1.8645413 0.8339071 1.3980216 0.27452078 -1.3133874 -0.806721 0.60080224 1.4249057 0.777484 -0.23206563 -0.29658836 0.8209938 -1.0980577 0.22189513 0.7483313 -0.066885196 -1.0864993 0.8973131 -0.97148395 1.5660291 0.9817025 -0.6028888 0.45210674 -0.19307265 -0.722703 -0.6495492 -1.183013 1.5682023 0.26825407 -0.6610967 -0.52928513 0.33094296 -0.73968637 -2.2914588 0.28233048 -0.75711 0.20194456 -0.9584295 0.14102879 0.043824375 0.18642758 0.4210142 -0.499433 -1.8416973 1.3247918 -0.09966497 0.34083843 0.09077306 -0.7491667
bensin -0.116689056 -0.9004298 -0.60083437 1.217722 -0.0060861427 0.6202081 -0.5852253 0.39244914 0.3640813 -1.1883917 -0.30021575 0.51756924 -1.071371 0.72009826 -0.75424623 0.37725356 -0.82262135 -0.2910833 -0.38383755 -0.3405168 -0.017711705 0.09148437 0.14717034 -0.48907834 0.56993836 0.11105637 -0.10052406 0.07433732 -0.97330666 0.6326179 -0.23504019 -0.39896497 -0.75936824 -0.8561415 -0.56211907 -0.8678064 0.092757545 0.9166621 -0.07136756 0.74074316 0.5126916 1.3040061 -0.61032945 -0.16163737 -1.1289763 -0.09489377 0.040949143 0.5890079 0.5586108 1.2800523 -0.3856039 0.5895805 0.14196673 -0.4882165 -0.38005492 -1.4592556 0.21520764 0.14305432 0.4885166 -0.1300139 0.0544719 -0.020145636 -0.011350994 0.3173954 0.3157002 -0.4117258 -0.4493233 -0.73886436 -0.6339829 0.3699015 -1.2187552 -0.8004631 -0.4951478 0.18733244 0.016413027 0.11477978 -1.0403426 0.13235396 0.99974185 -0.12710387 0.13967825 -0.01699042 0.75611424 -0.657529 1.0689404 -0.9662758 -0.50750893 0.2857551 1.5520195 0.22894226 0.62501746 0.85446596 1.0975873 0.21084937 1.7081587 2.0906112 0.25999248 -0.20971741 1.3152783 -0.16335154 0.106271245 1.1360953 0.38692313 -0.015687056 0.18573785 0.10766294 -0.27242228 0.37470534 -0.89885026 0.69796133 -0.7853686 0.3281304 -0.34473863 -0.47227597 -0.7136567 0.36475343 0.44578052 -0.30321044 -0.32660308 -0.35817787 0.08721082 -0.86017716 0.258147 0.4722991 0.4214254 0.55641323 1.3363125 -0.6158933 1.1165085 1.140813 0.44679517 2.1586273 0.6522606 0.07689813 0.39849767 -0.64407796 0.37569943 0.48475847 0.18048802 -1.1643337 -0.06588585 0.63039243 0.9291133 0.23448713 -2.3112893 -0.74679685 0.9766303 0.9011168 -0.87804013 0.2998605 0.62804455 0.62022215 -1.9624925 -1.271033 -0.9475943 -0.58486146 -1.8971795 0.33776408 0.11767789 2.7279737 0.1690844 0.18109974 -0.222619 0.21206842 -0.047612093 0.07594948 0.62376595 -0.31540084 0.73791254 -1.4031408 1.0961894 0.113160685 -0.05688349 -0.43642098 -1.0064871 0.9701862 -0.15311961 -0.94089425 0.63908666 -1.9086351 -0.4385375 1.8074049 -1.1236613 -0.59546125 0.5066069 1.0368559 0.54822844 0.040294707 0.6249212 -0.5445685 0.065600574 0.32435712 0.36358356 0.7356882 0.4610926 0.33336517 0.79484195 0.8967164 -0.4789804 -0.3819153 0.54933965 0.1709654 -0.88674283 0.12604623 1.4026897 1.0809331 0.09909155 -0.3258789 -0.8119992 0.7066466 -0.5905972 1.0088333 -0.5645254 -0.15272264 -0.9617013 -0.04376357 0.93770564 0.96727884 0.49426925 1.0331428 -0.49771592 -0.35337353 -0.10816799 -0.05065214 0.028347619 0.5123843 -0.33373898 0.967931 -0.3755211 -0.6645082 -0.058140244 -0.13228759 -0.2924658 -0.124045275 0.5633729 0.39657593 -0.08115374 -1.1471641 0.76648855 0.36442792 0.682983 -0.2860936 -0.033850458 0.9361715 1.006154 0.30827945 -1.2345458 0.36315316 0.46697548 -0.57304597 0.371576 -0.43450835 0.72176516 0.4169986 -1.2884138 -1.348235 0.5776298 0.2946771 -1.6349401 -0.50782794 1.1635451 0.547406 1.6599033 -2.1527245 -1.1506001 0.20216262 -0.06723115 1.2594694 -0.47340304 -0.20804982 -0.37000215 -0.19797991 0.23428419 -1.2468233 1.4286333 1.3146447 -0.9557921 -0.055727486 0.7393259 -1.3016765 0.08040483 0.08928819 0.0065601077 -0.1813719 -0.18231538 0.58089143 -0.41509902 0.20908737 0.31670868 -0.6056213 0.18626137 1.5534853 0.28661972 0.6473055 0.4334828 -0.41660103 -1.815866 0.2805748 -0.3034591 0.23296909
djur 0.5558537 -0.21993148 0.60894966 -0.48400277 0.18451436 -0.87523174 0.98642075 2.621126 -0.18325698 -0.10502328 1.2716049 -1.1504272 0.24759409 -0.35573423 -1.0176258 -0.5072039 1.2232003 -0.07443633 -0.25289652 -0.17510673 -0.0836835 -0.8695547 -0.31340927 1.2918054 -0.5250475 -0.39776996 -1.0844277 0.07587886 0.5956732 -1.415583 0.8497079 -0.27690163 0.5868827 0.22207135 -0.567671 -0.77353495 -0.055529516 -0.4950798 -0.25435787 -0.003321909 -1.0633059 -1.0193872 0.4159471 -0.08870357 -0.90966505 -0.2074623 1.0432581 -0.09084769 1.4543809 -0.7473265 -0.10012211 -1.0635966 1.0807892 -0.973442 -0.016054077 -0.50754416 0.64779127 0.034765158 0.8244273 -0.69734013 -0.37182105 0.4724965 0.50443023 0.97671175 -1.1624974 0.17809153 -0.40209484 -0.31543642 -0.8892412 -0.028205894 -0.1092244 -0.52441186 0.2343575 -1.099456 0.035570543 -0.2294247 0.75188416 -0.18227366 -0.55475 0.15158805 0.31603053 -0.7789081 -0.5050338 -1.235798 1.7111938 -0.91917735 0.13272358 0.94523865 -1.3165512 -0.3916965 -0.92050385 0.5144117 0.38967806 -0.697959 -1.1771408 -0.51591396 -0.6832119 0.20718582 -0.39178336 -1.4794042 0.12845734 0.4715427 0.20336545 0.07168196 -0.038142923 -0.73250246 1.1228974 -0.64258045 -0.48095846 -0.0056862584 -1.0324061 0.05156146 1.2425677 -0.009525682 0.16803539 1.20615 0.8734355 -0.27309355 0.80407935 0.16963257 -0.68804467 0.34925732 0.43698415 0.05848071 1.5376995 1.6280494 -1.4255872 -0.346765 0.23273042 -0.4882139 0.3762879 1.3354565 0.6065389 0.07496785 -0.31102654 -0.70439553 0.20311743 -0.37910327 -1.480484 -1.3290828 0.5989045 1.8015996 -0.62674415 -0.6908904 -0.1719777 1.4317397 -0.3553634 0.68663317 -0.052902676 -0.7489444 -0.4712723 -0.06189561 -0.6862446 -0.58609766 -0.26540726 -0.5568993 -0.5149639 0.21282482 -0.29860362 0.019586105 1.5487374 0.9901924 -1.7836332 1.3003174 -0.75711423 0.7364137 -0.83346087 -0.84928834 -0.86168677 0.9552488 -1.0978549 -0.099254824 0.30551416 0.57712424 0.13515624 -0.2492713 0.031333327 0.7533779 -0.3076859 0.004984567 0.6215756 0.6805991 0.8419285 0.4437912 -0.047492795 -0.16246794 -0.6627438 0.8287436 -0.25446486 0.48618242 0.17696744 -0.38790667 1.8976152 -0.6733649 -0.6846768 2.8913558 0.52007455 0.97193485 -0.23284234 -0.5690521 -0.6533638 -0.16264474 -0.097199194 0.55927706 0.51980865 -0.41825616 -0.00017454693 -0.08918655 0.30676168 0.15322818 0.6662338 0.49507144 -0.8350366 2.2112072 -2.2301512 1.706723 0.48714438 -0.37898752 -0.34861794 -0.7096054 -0.12648967 0.92420805 1.7015041 0.26199996 1.611534 1.0389072 -0.77232134 0.53050315 1.1274184 0.08961123 -0.60846096 0.5344862 0.22281711 1.0727369 -0.6197787 0.46333295 0.5868222 -0.9257356 0.5839196 -0.76327395 -0.31854886 -0.082568444 -0.2438396 -0.23798504 0.38444212 -2.7669344 0.07231451 1.3332056 -0.48342454 -0.7694523 -0.2814912 -0.13069178 -0.37837142 0.5328816 0.14851981 1.0208209 1.1701084 0.358963 0.6596244 -0.2664726 -0.4027377 1.4265594 -0.1576458 -0.037414588 -0.9799467 0.4891832 -0.27114102 -0.42891267 -0.4156875 -0.08655775 0.37502152 0.64074224 -1.54468 1.4561615 -0.06467422 -0.6836496 -1.1524646 -0.4404913 0.769196 0.2099835 -0.12871604 -0.041195657 0.46696588 -0.23627369 -0.5488929 -0.20038497 1.6359961 -0.6265024 -1.5572312 1.7804303 0.0008458394 0.9622962 -0.63446057 0.8756379 -2.085016 -1.5313572 -1.0131977 0.46179765 -1.7832336 1.4401789
persika -0.37532896 -0.21804075 -0.4602444 -0.6445322 0.5163758 -1.0007062 0.13415188 1.9978724 -0.33513156 -0.94144017 0.202364 1.7339002 -0.18091524 0.40066987 0.25763983 0.19305666 0.04198607 0.032471526 -0.04629867 -0.13782457 0.57284397 0.11917838 -0.009143044 -1.0379505 -0.14020959 -0.25760272 0.5176989 -0.14219227 -0.30100343 0.30132633 -0.24269052 -0.6147978 0.121583425 -1.0173856 -0.39018312 0.38770008 -0.64946157 -0.3358208 -1.6926582 -2.5744717 0.24782386 -1.1485735 -0.7455986 0.8440374 -0.3834922 0.5887007 -1.1895119 -0.30698627 -1.3485781 -0.54228306 -0.27742285 1.2198354 -0.8234602 0.6113702 0.48923168 -0.18103912 0.2733441 -0.12742051 -1.3649567 0.39424402 -0.32667184 -1.006671 0.20693916 -1.2340003 0.29648075 1.854873 1.582403 0.88653326 -1.604273 -0.78509045 1.0353199 -0.047564834 -0.9986294 1.0002676 0.065711595 0.25798488 -1.3644693 -0.6029107 -0.3044727 1.0113833 -1.0419738 -0.3696355 -0.11574656 -0.19785312 0.31925583 -0.1456348 1.9626672 -1.2027874 0.02839536 0.47242948 0.2422985 0.09336265 0.3335915 0.13311067 1.259691 0.9266442 -0.6745568 -1.0180838 0.28306594 0.12430808 -1.285268 -0.54161805 -0.33594352 -0.122805506 -0.6433436 -1.6699579 -1.6699595 -0.45798773 0.19986482 0.37327695 -1.6613376 0.47334656 -0.44397786 0.65061605 1.573462 0.0033567217 -0.14213654 -0.57197946 0.8507749 -1.921861 -0.6253806 1.0416317 0.86623937 1.7188516 -0.48525295 0.96840984 0.15047757 0.4502447 1.1619356 -0.27961335 0.20371543 1.352567 0.22947304 -0.8409779 1.2453005 0.401999 1.081105 0.26841936 -0.34687006 -0.13812941 0.7798437 -1.3371123 -0.5138536 0.61252826 -0.5877404 0.7003517 -0.19828945 0.05941095 -0.008423688 0.14735429 0.78948283 -0.053393446 -0.36286652 0.752496 0.5532375 0.24551912 -0.19525915 0.320028 -0.032664023 1.3625003 -0.8557688 -0.59206617 0.4064091 -0.4503448 0.33357212 0.62144375 -0.12895884 0.46741384 0.44981754 1.7969494 0.9213488 -0.2792091 0.9226235 1.1221477 -0.1269489 -1.4950881 -1.0356394 -1.4327401 0.912852 -1.2100701 0.16078013 0.14038 0.35207006 -0.996058 -0.8004821 -0.32037786 -1.7115041 -0.76661295 1.2129682 -2.2656896 -0.0016297351 -0.5991376 -0.5598192 -0.28342843 1.1960716 -2.5536041 -0.35289901 0.6715293 -1.1282302 0.6865275 -0.6697884 0.16660276 -0.8924856 0.24629632 -0.49902773 -0.14225265 0.16134974 -0.71364284 -0.78741413 0.5014344 0.056225333 -0.7827954 0.06562004 -0.76819175 0.3106119 0.20231995 0.15173012 0.57747304 -0.5017742 0.007564534 0.12827356 -0.338129 -1.0936615 -0.18387713 1.0129906 0.4893632 -0.20443396 -0.041621406 0.19726928 -0.6162214 0.23878117 0.037378132 0.95651853 -0.3965073 -0.6273317 0.06460527 0.5689874 0.123157196 0.20930251 0.46385184 0.6819341 0.66516984 0.32332066 -0.5214825 0.56897515 0.36727676 0.30552074 0.2370144 -0.78250444 -0.04610479 -0.3351825 0.15842149 1.2561845 -0.10285147 0.29599878 -0.79188997 0.17790909 -0.05107144 0.38470563 0.49304092 0.076500446 0.40273437 0.7749634 0.089057155 0.45012328 -0.10134811 -0.24884643 -0.06950032 -0.17793785 0.44280404 0.33449644 -0.057769276 0.19799498 -0.39381936 -0.099028446 1.0088377 0.14084487 -0.8707742 1.1343403 0.9585089 0.4530819 -1.367464 -1.0750029 0.6920294 -0.18543285 -0.88896394 -1.0759958 1.2726104 -0.8923115 0.79808867 0.4705513 0.66887105 0.017204493 0.8826929 -0.1096758 0.63421524 0.4202083 -0.039634172 -0.37040648 -0.2233449
ägg -0.51329553 -1.1156002 0.7893379 -0.11071951 0.16949828 0.22428143 -0.21784028 -0.45583898 -0.062396 -0.06742372 -1.2753643 -0.23482981 -0.23158416 -0.8909485 -0.016818454 0.27114972 -0.5583698 1.2565923 -1.438005 0.49144915 0.87984645 0.9780522 0.19145648 -1.0102417 -0.0070043807 -0.7738452 0.50384814 -0.6520104 -0.2794309 0.10032634 -0.3703887 0.27944365 -0.32452464 -0.044777 -0.5046598 -1.6246408 -0.24037528 0.51677066 0.6352781 -0.04514468 0.9238295 -0.33646104 0.30614167 0.47035798 0.6302008 1.0408092 -0.4605832 0.23376654 0.6048008 0.40224066 0.36336985 1.070407 0.22109435 0.9172246 0.29543427 0.8043434 -0.059223164 1.3931402 1.1095492 0.7015546 0.20059381 1.3657085 0.8223889 -0.7376033 0.03263103 0.0682059 -0.06546531 0.13673374 0.08884261 0.36522985 -0.47829863 -0.4879247 -1.3315884 0.081325084 -0.48161528 0.44487566 0.2735915 1.7561889 -0.54438716 -0.93374294 -0.5840854 0.4525778 -0.5873401 -0.53034323 1.6741519 0.34565753 0.6827908 -1.8237544 1.0230671 1.1225431 0.6454981 -0.4488706 -0.7993577 0.61361766 -1.1599534 -1.1417592 0.08893945 -1.2697909 0.45312563 -0.8284765 1.316555 -1.0068235 0.87882024 1.2974702 -0.9926858 -2.0966592 -0.54478467 0.33222443 -0.58940685 0.40204698 -1.792474 2.0906997 1.1879731 -0.28281885 -0.83543557 -0.41551164 0.09209914 1.303799 0.38931876 0.017917616 0.294715 0.89185 0.06449383 -0.23556983 -0.020239908 -0.40338585 0.33535337 -1.0390347 1.395107 0.5262164 1.7738464 -0.30163798 0.073293045 0.71074116 -0.31934246 0.75373524 -0.026639415 0.7798316 -0.67633486 -1.7118632 -0.12722853 0.8686629 0.47450572 0.43473965 0.015652822 0.5767962 1.4930265 0.8894648 -1.1716313 -0.20986307 -0.2375845 0.9894267 0.09739654 0.92498916 0.93831897 -0.30152112 -0.28278646 -0.9218088 -0.6245342 0.56994927 0.61440635 -0.08357876 -1.4805021 -0.18215352 -1.2580391 1.0445254 0.78576344 -0.56184316 0.090206295 2.2031555 -0.30069873 0.43271095 0.8414568 -0.39968118 0.42257753 -1.2446872 -0.3632965 -0.72525257 -0.16498625 -0.5970796 0.4251022 1.3179258 -0.7124515 -0.96000046 -1.0195935 -0.82753414 2.007914 0.1730037 -0.5705888 -0.47032848 0.40515432 0.78202856 1.3308376 0.84344304 -0.97093284 0.446579 0.9703408 0.29070872 -0.5486362 -0.85462314 0.67790323 0.121130764 0.5616034 0.29724547 0.4682139 -0.23578177 -0.17938879 1.1842905 0.120754175 0.27215454 0.92626524 -0.056362234 -0.12741202 0.3853616 -1.1141617 -0.4804114 0.51591176 1.6254601 1.18906 -0.03476516 -0.041179493 0.28587666 1.4299091 2.0193982 -0.34273154 -0.7600929 -0.45046017 1.3391597 -0.007514436 0.32622346 -0.05907018 0.56074595 -0.08223938 0.20555313 0.20828779 -0.022184676 -0.92001563 -0.78271556 0.33866492 -1.0736827 1.5350448 -0.80446124 -0.5615927 1.1044439 -0.35162482 -0.5235934 0.016439706 0.99300283 1.1639036 -0.6051487 -0.04175312 -1.0265746 1.056303 0.78421855 -2.2710507 -1.015496 1.0855047 1.6051345 -1.3208358 -0.09828451 0.40562925 0.28149626 0.010003162 -0.048063878 1.1067555 0.115480445 -0.8261372 -0.21225351 0.12656264 0.7586626 0.26379457 -0.38613853 -0.5588733 0.34046066 -0.14708644 -0.69104093 -1.364972 -0.16387868 1.3972783 -0.11541989 0.5622368 1.039836 0.08159822 0.29955572 1.0250454 0.68379223 -0.8312866 1.8105755 -0.09230409 -0.042174604 1.0271798 1.0094731 0.2707455 0.31830594 1.0324167 0.81427366 -0.48105803 0.14132454 -0.26299152 1.7475816
mint -1.3307896 0.833099 -0.24893542 0.082954004 -0.35556477 -0.7284342 -0.59979165 0.5033589 -0.20298171 -0.9026359 0.08998893 -0.14207958 0.7870424 -0.5821524 0.74227774 -0.4801324 -0.45532662 -0.18815166 -0.20560655 1.1591475 0.49447304 0.19801867 -0.35613608 -0.21508308 -0.19582777 -0.3359241 0.008315105 0.31903294 -0.12003774 0.2632524 -0.8273901 -0.2857608 0.8530456 -0.021753784 -0.5246888 0.6260736 0.8260363 -0.8304405 -1.4895179 -1.0284647 -0.42970145 -0.7500421 -0.67957544 0.6928117 0.40117764 0.6423856 -0.94459134 -0.23373449 -0.87258106 -0.19240116 0.29588857 0.7057033 -1.3368596 0.6600766 0.07323614 0.15910293 0.2451073 0.1654141 -1.447989 0.6741724 -0.5734388 -0.76734394 -0.018806783 -0.32117927 0.22502601 1.7896881 1.1160384 0.58374935 -1.4653761 0.18769176 0.56574845 -0.8358485 -0.7399076 0.82595474 -0.14631717 0.13568875 -1.618161 0.11960165 -0.53570247 0.7051102 0.4640617 -0.4968633 -0.4733415 -0.61531 0.7341321 0.41480651 0.4783809 -0.37558052 1.4143445 -0.2530609 1.0134585 0.7609459 -0.062941544 0.9983855 0.73142606 1.3333288 1.2738163 -0.06459529 -0.7385687 0.5406008 -1.0125469 0.3957375 0.7864222 0.5465885 -0.36685422 -1.4615588 -2.0463228 0.24196 0.6817908 -0.07990663 -1.3472637 0.09414946 0.0523205 -0.038439654 0.022816211 -0.21398045 -0.20009719 -0.25248015 0.27335972 -1.0522301 -0.28372282 0.67788416 -0.5153609 1.1426303 -0.2226635 1.0811586 -0.0008988842 0.10347368 0.94241077 1.2689662 0.28519058 0.9628265 0.9213586 -2.0978131 1.0632262 0.16035321 0.47920313 -0.0035620516 -1.6719793 -1.92866 1.5580242 -1.59547 -0.5874537 1.0327114 -0.5222307 -0.45368627 0.43905845 0.06269973 -0.9118981 0.4011794 0.16764827 0.8554336 -0.006124054 0.8851084 0.62774444 0.57118976 0.16911261 0.018856237 0.20928521 1.932906 0.13887973 -1.0686996 0.15090269 -0.5516194 -0.70045805 0.37338415 0.15459894 0.5415523 0.9500849 0.24369703 0.5393709 -0.7208728 0.05586322 -0.37840545 -0.2822623 -0.6669126 -0.0043806983 -0.7077329 0.12955825 -1.1582952 0.6455662 0.22573929 1.0494666 0.31128344 1.2907383 0.17708449 -0.29828015 -0.39969635 1.5882118 -1.6525843 0.2418359 0.23802061 -0.82602346 0.31288132 1.1308643 -3.0178142 -0.6151093 0.6979562 -0.2677993 0.7611488 -0.07193858 0.014585932 -0.38931924 -0.34034714 -0.71880203 -2.0093343 1.2417691 -0.85968375 -0.44476157 0.5826459 0.39798558 -0.46687362 0.86758167 -1.0899128 -0.67998564 -0.13877581 0.24259718 1.7710139 1.3104229 0.68944305 0.08631907 -0.63150686 -0.74990803 -0.008045317 -0.36568764 0.4961312 -0.22578642 0.045350987 0.04420428 -0.85537267 0.95501465 0.45618474 1.5881108 -0.9833458 0.8001656 -0.38186938 0.76998395 0.6047226 -0.05888259 0.34780926 1.419315 0.3830843 0.013674799 -0.33483714 1.0398912 -0.0676438 -0.36712974 0.80891556 1.1504929 0.3299497 -0.23935668 0.45166308 -0.89447224 -0.16213249 1.0882607 1.0449862 -0.05585888 -0.1955255 -0.5873827 1.0531803 0.41112304 -0.7072723 0.7671797 -0.112820454 -0.43279338 0.6126476 -0.44095466 0.42100093 -0.10994891 0.89022917 0.51452845 0.18044628 0.36800867 -0.5327797 0.62316674 0.3304994 -0.3740284 -0.23360157 0.0796427 0.1803045 -0.08835689 0.27527952 -0.5684513 0.46201324 -0.1297059 0.48508847 -0.83775777 0.37204945 -0.20368162 -0.40596378 0.5548303 0.7203021 0.4559293 0.6892542 0.03659621 1.210771 -1.1221547 0.06435144 -0.9258822 -0.46073392
blod 0.9205699 -0.797381 0.4002183 -0.1577137 0.13655888 0.062078282 0.45015976 1.0666544 -0.11191089 -0.23856987 -0.0019295062 -0.90082794 -0.48184618 0.3486214 -1.2424277 -0.99919766 -1.1141905 -0.07922261 -0.42734203 0.008009499 -0.47513652 -1.2358905 0.5832 -0.6975017 1.0766017 -0.6115257 -0.8181293 -0.49285662 -0.627107 -0.89689875 0.16595434 0.24457341 -0.24370198 0.5876919 -0.053014856 -1.4765599 0.12521216 -0.78826 0.4759087 1.1397924 0.21937726 0.8214246 0.58143246 -0.20707516 -0.12430171 0.5702972 0.07220778 0.33629057 1.8956228 0.9251577 0.9191731 -0.029257653 0.21110775 0.18138681 -0.33347487 0.47628 0.6158786 0.30977172 0.1868126 -0.77815473 -0.13123596 0.694394 -0.062617734 0.17312592 0.037909456 -2.0239003 -0.46467394 -0.64390075 -0.2960781 -0.69548017 0.19752146 0.20319632 -1.6091499 -0.12359256 0.08873887 -0.34283724 -0.32483813 -0.5682468 -0.60822606 1.5325893 0.55832887 -0.6155412 -0.3762165 -0.5065497 0.726586 -0.8028081 0.5413359 0.3573968 0.83647835 -0.9223769 -1.1874101 0.36746144 -0.24873118 0.17976066 0.7083627 -0.17861125 1.9658983 -0.53796995 -0.22334023 -0.42293364 -0.59662807 -0.18318179 0.5655379 -0.9165647 -0.5593297 -1.5468429 -1.4291247 -0.7970656 -0.46317768 0.42622074 -1.4059321 0.6559147 0.71202004 -0.2920679 -0.24054879 0.23614609 0.432588 -0.5451821 0.9926026 -0.81376463 -0.37885714 -0.14623801 0.3048934 -0.39844167 0.5018434 0.7846673 -1.0457363 -1.3874794 1.9307499 0.7361679 0.31261465 1.5531082 1.3052064 0.03382009 -0.06556578 0.36910337 0.27048928 0.4351236 -0.5877886 -1.7936116 0.68779945 -0.28537294 -0.21465625 1.391422 0.21657445 -0.05814673 0.8018683 0.46240002 -1.454414 0.14133789 -1.02458 1.5338916 -0.7083373 1.2206161 -0.39971575 -0.39325762 0.36466148 0.332291 -0.01731283 0.15771432 0.34217757 0.5132369 -0.26610097 0.95399004 -0.626024 0.345883 0.87934357 -0.53727114 0.92596173 -0.5002428 -0.030563261 0.6494367 0.50804 0.32985803 0.8141253 -0.54187125 -0.8609709 -0.966244 -0.4271045 -0.1485377 0.8656386 0.34035203 -0.010670579 0.23531468 0.26036355 0.34383848 1.1488439 1.0118898 0.80614066 -0.6995181 0.516997 -0.390142 0.49145284 -0.0033112217 0.54272294 0.44022006 0.08535945 1.4627372 0.15737936 0.16580072 1.6531203 0.35816273 -0.37386602 1.2477769 -0.3637966 0.13904881 0.02087051 -0.22047602 -1.0620316 1.201303 -0.101556696 0.47096702 0.64493996 -0.42802584 -1.1709887 -0.4055821 0.30804732 2.1621332 -0.29035312 1.3206078 0.4681045 0.006654595 0.9304074 0.597259 -0.25612646 0.062246732 -0.49739447 0.14183377 -0.40881634 0.15146078 -0.38425648 -0.33133456 0.15124664 -0.5809973 -0.115437865 0.851426 0.4674955 -0.8978717 0.34744722 0.060967486 1.138554 -0.42123377 -0.053135294 0.29075608 -0.02419155 -1.5796633 -0.31735426 0.8214958 -0.30531645 0.6846191 0.63265735 0.5576616 -0.009855022 -0.05749458 0.18210454 -0.7347874 1.1028148 1.4563749 -1.7512645 0.108758934 -0.10882778 -0.07272402 1.6223364 -1.0755632 -1.2191364 -0.62198913 -0.29752082 0.80097204 -0.37420928 -0.17994964 0.20408039 -0.34740967 -1.5076236 0.6097672 -2.3426213 -1.2811012 -1.4980599 -0.69374037 2.9292226 0.80884355 -0.34357232 0.5287843 0.46685424 -0.58125263 -0.36689806 -0.31005442 -0.19922611 -0.26044768 -0.7033472 0.40628725 -0.5568333 0.259324 -0.12530072 0.48677772 -1.715696 0.117037594 -0.5561808 0.27396685 -1.099931 0.4519997
ost -0.54674286 -1.2853491 0.514311 -0.40468258 0.89746606 -0.32680956 -0.01900679 0.8692923 -0.8815241 0.0063134334 -0.12040566 0.04486388 -0.25162932 -0.8598279 -1.0724831 0.16884501 1.1132432 0.84263635 0.05210922 0.28460515 0.9323675 0.46248466 -0.10008373 -0.52530247 -0.41837975 0.728913 0.53997743 -0.43574116 -0.58518994 0.5059951 -0.079523444 0.6394995 -0.54193085 0.19018187 0.16116871 0.043075416 0.6871435 0.05418943 -1.3910761 -0.55427754 -0.43954292 -1.1475937 0.3700228 -0.14138898 0.17794053 2.3610566 -0.123349085 0.31782228 -0.08573678 0.26923785 -0.16621235 0.84875387 0.23663455 0.5416666 -0.06885402 -0.14434393 -0.18528184 1.4186428 -0.68197834 0.5787622 0.5568014 1.3996936 0.8798168 -0.9809603 0.050590143 -1.1208818 0.57200176 -0.9230199 -0.04674747 -0.17563765 0.51652914 -0.9182659 -1.2587215 0.6995375 -0.34102654 0.7085089 -0.8818483 1.0539215 -0.7242965 -0.56619346 -0.7644165 0.684731 0.76477593 -0.45382422 0.49146807 -0.6062432 0.8406449 -1.5136311 -0.9147121 0.26219216 -0.060131837 -0.6515545 -1.3478404 0.31784046 0.10967678 -1.6459335 -0.14708343 -0.36284694 0.4033606 1.0014619 1.5886989 -0.41704333 0.33895922 -0.66113156 -0.1288547 -1.2076313 -0.20020929 -0.109092735 -0.71280307 1.029248 -1.0660455 1.2494069 -0.7431359 -1.1511703 -0.79010177 0.44553977 1.001029 0.83597755 0.6426905 -1.3714536 -0.6794928 1.4385914 -0.109259106 -0.3521412 -0.89540404 -0.19385213 -0.5172177 -0.52196693 0.88295496 0.766931 1.8791082 0.08557726 -0.71651685 0.42099926 -0.20012708 0.5773213 -0.5662635 1.1275382 -0.65665674 -1.0748309 -1.1235652 -0.19623211 -0.52906436 -0.21928804 0.06507271 -0.025377797 1.4836762 0.051382612 0.095263675 -0.1576176 0.41926646 -0.07229387 0.41220322 -0.1944877 0.38800424 0.1632375 -0.60705435 -0.3688853 -0.8871323 -0.11198351 0.12243252 0.8584269 -0.43784776 -0.12007541 -0.54116136 1.7716671 -0.7026904 -1.1987454 0.20467573 1.9839276 -0.24724329 1.1961888 0.97891486 -0.2625721 -0.20031485 -1.8666759 -1.520158 -0.5218077 0.07655538 0.014031864 0.81981486 0.12337511 -0.20607716 -0.33647466 -1.0358464 -0.59223795 2.6051795 0.74038637 -0.06940043 -0.5382017 -0.03770079 -0.2438813 1.0874145 0.036636528 -0.24782383 0.028752493 -0.29276586 0.42117506 -0.34418902 0.49677834 -0.3700742 0.8028903 0.60618883 -0.91235715 0.4180659 -0.08562799 0.010943559 1.1439759 0.8383785 0.213222 0.5835095 0.23000853 -0.15822634 0.56946766 -0.08451253 0.17442882 0.86959356 0.36858258 1.046405 -0.11338595 1.1411802 0.1624553 0.9618603 1.241596 -0.06643406 0.048801363 -0.43501905 1.684938 0.5125852 0.9521087 -1.0764123 -0.6951859 -0.94491345 -0.46202704 -1.0697138 1.259349 -0.9787602 -0.03192785 0.3159827 -1.7636443 1.7052069 -0.5045787 -0.9802652 1.3968512 0.4392219 0.43361506 0.1408836 0.055182084 0.705335 -0.76770806 -1.1433105 -0.44910768 -0.1905958 0.51279825 -1.457005 -1.3879313 1.3937088 0.2609583 -0.16361457 0.02840788 0.4150017 -0.7580978 0.34252903 -0.10968694 -0.07135587 -0.30401912 0.14744662 -0.55665183 1.3630848 0.13455522 0.8095629 0.12500766 -0.11233222 -0.875861 0.6093329 -0.30536938 -0.4438637 -0.58158946 1.4776301 -0.024266133 0.5382587 -0.2182773 1.827104 0.86701316 -0.9607338 1.0580443 0.55794185 0.8648167 -1.055452 0.9960045 1.0195448 0.3041819 0.040890377 -2.047122 -0.41318774 0.20310554 -0.17050706 -0.80279243 0.066267684 0.73555624
lakrits -0.3593954 -0.0714293 -0.47425342 0.2775215 -0.04473139 -0.01670485 0.3037876 0.75992584 -0.19148211 -0.3704887 -0.6985454 2.3409872 -0.5830677 -0.3886191 0.39731085 1.2118592 0.008683687 0.07638685 0.3768301 0.2235223 -0.6029742 -0.6125198 0.85216063 -0.57492924 0.9498526 0.453007 -1.4144238 -0.6135492 -1.4943101 -0.08865793 0.04215905 -0.033089362 -0.03211753 -0.38347396 0.0777208 -0.07701716 -0.29010153 -1.3634341 -1.9635727 -0.8254304 0.29911986 -0.26294076 0.33947578 -0.2088221 -0.72056085 -0.37022755 -0.060386263 -0.20687558 -0.07820494 -0.6509391 0.006980303 1.1122057 -1.5807197 -0.1149193 -0.5689556 0.11566181 -1.0536574 0.5513133 -1.1136882 -0.14099959 -0.65877485 -0.08692831 -0.016878411 -0.4295058 0.83948535 0.23470646 1.071414 0.41306186 -1.1590972 0.12788318 0.8719125 0.18253003 -0.64337814 -0.623061 0.2887264 1.5002964 -1.4855173 0.016138885 -1.0255393 1.372581 -0.19489203 0.038777366 0.532399 -0.5921121 0.4187143 -0.42005023 0.78951484 -0.67412186 -0.24671812 -0.01067472 0.5584151 0.4841723 -0.23344094 1.1129287 1.3492558 0.49468684 0.54422235 -0.16402234 0.55565166 0.5977471 -0.2973019 0.22178885 0.38030943 0.4614123 0.72968185 -1.9742694 -1.5212647 -0.35039452 -0.3672684 0.587724 -1.8570646 0.4828989 -0.21497604 0.19566253 0.9273639 -0.004189205 0.037684515 -0.4683409 0.7008239 -2.0757523 -0.62093216 0.2635872 -0.73849356 1.2034979 -0.28894457 -0.038497247 -0.24402758 -0.8405392 2.0911994 0.3705785 0.5855595 1.3782023 1.2767808 -2.0615141 1.1211673 0.9773844 -0.31180578 0.8157987 -1.1109973 -1.8374474 1.0863125 -0.7555764 -0.6615969 0.9460209 -0.5294668 0.043937888 -0.006187384 -0.27953005 -0.28594303 -0.27043462 0.43604967 -0.37482435 -0.8855739 0.4379752 0.09811973 1.1592273 0.4666545 0.608547 -0.30617106 1.0693913 0.19191304 -0.49135607 0.5144135 -0.16351554 -0.22166578 0.044140093 0.35661545 0.222429 0.13261269 1.134687 0.5255263 0.296135 -0.07551069 0.19647685 0.12681028 -1.1216879 -0.06292786 0.12206267 -0.38318026 -0.55470806 0.42967948 0.62223905 0.32056233 -0.4702691 0.2229302 0.35581145 -0.32685217 0.29571933 1.104544 -2.2079346 0.46907994 0.41652507 -0.4170815 0.3983228 0.86781514 -1.4962336 -1.1186491 -0.14708324 0.18927072 0.7662912 -0.024018008 0.92289376 -0.94456136 -0.6842266 -0.22987404 -0.12732573 -0.04132678 0.11388056 -0.11611851 -0.16306406 -0.9925533 -0.46040535 0.048012167 -0.4573007 0.51628363 0.2650495 0.8511374 0.9660112 0.022286808 -0.07776785 0.18797627 -0.026355268 0.13965043 0.73755014 0.20550622 0.21357584 0.009093886 0.113276914 0.90767896 -0.34250075 -0.5793612 -0.1849989 0.82969576 -0.49803573 0.48777893 0.23701166 -0.11417379 0.47784844 -0.4438818 0.21600291 1.7835801 -0.27429587 0.1304424 0.47726476 1.5014482 -0.4563633 0.05294397 0.9714946 0.28667364 0.4639372 -0.071810044 0.44154066 -0.1431241 0.5349683 -0.19433117 -0.81597483 0.45986116 0.08943878 -0.1638866 0.49501336 -0.10871241 -0.12036658 1.4338386 -1.5654541 0.0023155482 0.4574385 0.6392203 -0.26371726 0.03462958 -0.31413877 1.0801033 0.34292784 -0.30483565 -0.28584814 0.3098859 -0.23206612 -1.5334625 -0.7807047 1.4489956 0.6258805 -0.35411116 0.25756073 0.7292094 -0.21040724 -0.7240498 1.1973809 -0.4149333 -0.20149615 -0.3384485 -0.21460336 0.39010793 -0.856977 -0.2871208 -0.5262662 -1.0393866 0.5911731 -0.718655 0.026878929 -0.04486557 -0.07801931
lök -1.2436363 -1.0637575 0.26669014 -0.32894906 0.5813583 0.34192342 -0.05589867 -0.31886238 -0.56164384 -0.68013966 -0.3830815 0.46794772 0.0060979067 -0.5917514 -0.16274989 0.22839677 -1.0041771 0.6214746 -1.2865001 0.18029515 0.041615896 0.47141832 -0.097159386 -0.6755051 -0.006471928 0.30770308 -0.107297525 -0.7553855 0.47165838 -0.6760195 -0.10637563 0.18266568 -1.0723718 -0.7257408 -0.20337291 -0.017700756 -0.14658317 0.1466582 -0.9087127 -0.5213119 1.104214 0.71717006 0.38973993 -0.38331965 0.6144392 1.0205151 -0.33778164 0.9540705 -0.6371517 -0.6806416 -0.92124957 0.47552696 0.6794929 1.1890532 0.20988822 0.46057114 0.8351054 1.0574113 0.4818748 0.72750956 0.78343093 0.1243482 0.43331254 -0.6668292 -0.021739045 -0.15157096 -0.29361713 0.7031719 -0.87002397 -0.28679335 -0.5002039 -0.16915956 -1.4758391 0.20542382 -0.9005153 -0.45222804 -0.38497055 -0.1126275 -0.6710378 -0.8968909 -1.8526826 0.26159787 -0.148749 0.262223 1.4881132 -0.5896394 0.877453 -0.07326053 0.22555509 0.4219829 0.65035534 -0.9602028 0.026007704 0.10081649 0.09588075 -0.77521676 0.35612956 -0.34453037 0.6177502 0.4643352 1.0997808 -0.50173974 0.31610432 0.63363206 -0.12911609 -3.2456903 -0.729222 0.28074935 -1.732614 0.9442331 -1.7716444 0.5891407 -0.8523486 -0.2461299 -0.14559086 0.6989694 0.55257267 1.5108607 0.9154504 0.17251986 -0.2586024 1.0980633 -0.22785656 -0.21170469 -0.7574281 1.4376786 -0.40398958 -2.2534642 0.27455944 0.5067142 1.1957598 -0.3671298 -0.37546223 -0.29580522 -0.6796253 0.64188826 -0.06652694 0.049468424 -2.1542566 -2.37521 -0.008122868 0.09050117 0.20839971 -0.0041651977 -0.87007797 0.27909175 0.6116066 0.25013724 -0.30274412 -0.20513326 0.31915697 0.6917793 0.97559994 0.17172576 0.68697125 0.0066044535 0.27813047 -0.47506452 0.268652 -0.66686136 0.38372096 0.0025102103 0.33854353 -0.52090955 0.21673039 1.4439155 0.3456195 -0.5857421 0.11546762 2.0627046 0.08189182 0.23722847 0.33732677 -1.6387746 -0.41421232 -0.49933994 -1.381542 -0.5856352 0.9612193 -0.49388757 -0.299677 1.7699447 -0.7583584 -0.08317126 -1.1621593 -0.45014077 2.8990054 0.49639586 0.38732505 0.05999858 0.31935525 0.5054943 0.32117212 0.41838562 -0.4455381 0.56900203 -0.1589865 0.20890819 0.566752 -0.19220108 -0.09419267 0.23373011 0.83757997 -0.27890646 -0.3448882 1.019433 0.6678481 0.33104828 -0.70052534 -0.009072422 0.35858095 1.1465887 1.0343461 -0.34677473 0.2609725 0.34332037 0.33699068 0.77155143 1.3719682 0.5649941 -0.28946328 0.45488137 0.782569 1.0032578 -0.58138275 0.3676867 0.4522926 0.39905444 0.45748794 -0.07490296 -0.57881665 -0.1388823 0.22561246 0.36107555 -0.8822307 0.40587988 -0.43961626 -0.25039217 0.119902626 -0.579584 0.7664839 -0.33546194 -1.4448029 1.1126555 0.4420116 0.031100158 -0.7835198 -0.08257601 -0.33553705 -0.40906543 -0.34826165 -0.34387565 -0.1038191 -0.46705467 -1.0674182 -0.48343697 0.7584251 1.3384787 -1.1019958 -1.0533252 0.03337215 -0.28787217 0.8478392 0.37912923 -0.37220788 -0.4678348 -0.2695884 -0.08737381 -0.002103252 0.27058858 0.27382255 -0.365098 0.10322122 -0.8078228 0.3883821 -0.11516897 -2.1142392 -0.38436058 1.6415572 0.41259268 1.0639778 -0.9010153 0.12287448 0.97531277 -0.53264856 0.90107375 -1.2193931 1.7693974 -0.019524839 0.3322358 0.5437771 1.4019481 0.21823175 -0.83822715 0.45676422 0.20450297 -0.5044108 -0.78178185 -0.21483165 0.32889122
tobak 0.01438236 -0.64923286 -0.079290845 -0.26405904 0.06272482 0.5267899 0.44481575 0.38217998 0.24830621 -0.041868966 -0.53227675 1.8250067 -0.7455986 0.101173736 -0.65312046 1.2312527 0.08750675 0.26792437 0.54658455 -1.0785781 -1.7824821 -1.6721047 0.8001942 -0.055000916 1.1525555 0.45593998 -1.5887175 -0.20119151 -2.3646104 -0.49916163 0.68152016 -0.26233828 0.100359745 0.005668055 0.030278545 -0.28901803 -0.1544662 -1.0567496 -1.2302289 -0.34454918 0.66532624 -0.4893836 0.0036574733 -1.1283443 -0.32680964 -0.410985 -0.20951952 0.39717954 0.23274986 0.62613183 0.4494268 0.8669304 -1.9339492 -0.2897238 -0.64598364 0.86901647 -0.49976155 0.13026895 -0.87931204 0.07581769 0.31840184 -0.010722656 0.28074864 -0.5461056 1.2299098 0.7887543 0.35054746 0.6120516 -0.31203443 0.87573993 0.55867606 0.79142284 -1.2854178 -0.21542315 0.83274335 -0.15846264 -0.5840649 -0.9744778 -0.89714843 1.3679209 -0.36564258 -0.12827459 -0.04921998 -0.586791 0.7806088 -0.6387962 0.26652956 -1.1429384 -1.1596336 -0.08777357 0.8145819 0.06632729 0.4324056 0.6990144 1.7258606 0.43980303 1.5117128 -0.6537327 -0.91612047 1.1164992 -0.97191095 0.26126912 0.40552783 0.4220023 -0.00023831833 -1.7720709 -1.7709271 0.14541696 -0.8515797 0.86012626 -1.1152769 0.7449941 -0.66804963 0.057357907 0.4807864 -0.6722909 -0.10403767 -0.658597 0.9259978 -1.6554427 0.052891552 0.48671556 -0.21853288 1.1691287 0.03884587 0.57110375 -0.5077543 -1.4514502 1.8491602 0.73103076 0.4551165 1.5673381 0.69659364 -1.5304145 0.07907287 0.66655505 -1.0591199 0.437365 -1.3738377 -1.1746548 0.039204337 -0.249803 -0.14098513 0.35703 -0.038738094 -0.5735496 -0.17174245 -0.4327994 -0.848245 0.32295245 0.031158097 -0.5429733 -1.4096454 0.69303757 0.04086475 0.3718506 0.1530191 0.57895416 0.5050624 1.1595901 -0.12878183 -1.0076797 1.057729 -1.3146336 -0.021961218 -0.3313972 1.0254251 -0.17734227 -0.21544354 0.92950606 -0.19496283 0.19524108 0.20975105 -0.26488665 0.037983257 -0.80927175 -0.991377 -0.89198095 -0.24230203 -1.0005205 0.36106223 0.37194082 -0.28464824 -0.09762187 0.26689786 0.7916644 -0.0052829706 -0.08590803 0.73024076 -1.2106348 0.6065777 0.4109059 -0.22070144 0.486901 0.7481396 0.6402618 -0.4224629 -0.19567217 0.7960995 0.7319363 -0.8962957 0.36793166 -0.95771843 -0.6808201 0.2734111 0.7820965 -0.02391088 0.3200272 -0.4297086 -0.27968788 -0.6690851 -0.45640552 -0.018930301 0.4952954 -0.28034586 1.1885251 0.95866436 1.0366974 0.65889865 -0.20934245 -0.28946686 0.029816624 0.7267721 0.74935937 -1.3667767 0.43987185 0.005765086 -0.67138344 -0.3649026 -0.37788114 -0.38524792 -0.59546286 0.08497065 -0.19571714 0.1726828 0.420219 0.19553864 -0.019871665 0.3147563 0.18807356 0.5127715 -0.35815576 0.45084536 0.6884926 1.0547994 -1.4280001 0.28101617 0.78762317 -0.4090395 0.53763777 -0.07419969 0.4006148 -0.1438798 0.928116 0.32381475 -1.4337246 0.61311084 0.8293211 0.2454185 -0.37293983 0.013771715 -0.016131222 1.0500457 -0.1962283 -1.0299056 0.3068326 0.7052385 -0.08927565 0.3406442 -0.6904325 0.4087657 0.3229724 -0.47751802 -0.8092966 0.33760574 -0.24972978 -1.7074927 -0.87964386 1.7850659 0.82887226 -0.80990076 0.14762582 1.4927208 -1.083448 -0.3227642 0.54535 -1.2054449 -0.48759708 -0.44193414 0.34581006 -0.7571237 -0.24426638 -1.5267394 -0.5373568 -1.9165674 -1.5353053 -1.0398655 0.9097941 -0.82965827 0.30851877
grapefrukt -1.065474 0.7523313 -0.5205833 0.2530076 -0.44972822 -1.2125018 0.68299127 2.1784852 -0.11488527 -0.7062826 -0.34455615 0.7920542 0.24519329 0.3200232 0.3582261 -0.052488938 -0.64610326 -0.52010494 0.2399789 0.46650735 0.598384 -0.44605875 0.17374404 -0.976417 0.74426997 -0.51471245 0.06765073 0.38938263 0.23895614 0.96348476 -0.017742123 -0.15794826 0.687874 -0.5638997 -0.092134565 0.0051962268 -0.39632177 -1.3047118 -1.503689 -1.4842509 0.5702253 0.12773024 -1.591704 0.7610945 0.97673815 -0.11626413 -1.1530929 0.27641863 -1.0823624 -0.37508652 0.111931935 0.9930734 -1.628545 0.04996678 -0.18875803 -0.11612535 0.46998036 0.36454153 -1.6468041 0.75014925 -0.7768493 -0.7511684 -0.54409975 -0.8417895 0.021646244 2.5309463 1.1169021 0.9146148 -1.5399499 -0.46741745 1.0220346 -0.23924202 -1.2567918 1.0085983 0.15001683 -0.68860877 -1.7747812 0.045848716 -1.0628946 0.7155666 -0.67234695 -0.2529505 -0.09716958 0.5187747 0.6332657 0.104649134 1.3711317 -0.8362385 1.0680213 -0.1565107 0.21081859 -0.37146345 0.2708108 0.3439839 0.81472933 1.3004868 0.6271053 -1.2384299 -0.62103826 1.0203143 -1.2338496 0.29456034 -0.28249642 0.6183333 -0.3511805 -1.2093976 -1.1811776 0.03987798 0.20606549 0.039525483 -1.1542324 -0.14035153 -0.75818753 1.9357895 1.4113345 -0.24863145 -1.0926404 -0.22270527 1.0751896 -1.3131635 -0.7418758 0.8375811 0.19742538 1.3297865 -0.21957059 0.6557789 0.59964424 -0.36514705 0.9949935 0.060562737 0.27862492 0.46180165 0.83060247 -1.1684791 1.3823218 0.34918925 0.741673 0.44472325 -0.9442173 -1.3087975 1.4479482 -1.2149966 -0.53345627 1.0349228 -0.3421621 0.4249322 -0.45662057 -0.113698356 0.10439917 -0.03996629 0.49068815 -0.1532179 -0.88492584 0.83095354 0.5161252 1.2747163 0.29965127 0.025878888 0.112854674 1.6300403 0.058590893 -0.72072303 0.34338728 0.752864 0.27342978 0.47613752 0.3078542 0.46423322 1.5222101 1.9271059 1.1283245 -0.9123834 0.644513 0.57218933 0.20373403 -1.6376902 -0.2867319 -1.7456509 1.219382 -1.4078512 -0.594275 0.514147 0.33251154 -0.69595695 -0.6928114 -1.0016077 -0.7114265 -1.007995 1.2977997 -2.1039355 0.8386669 0.26585352 -1.4567792 0.41203254 0.48830926 -1.9793564 -0.25605375 0.32628158 -0.88038987 0.9816931 0.17153792 0.2334393 -0.51163036 0.37827602 -0.596647 -0.037633583 0.869615 -0.66701555 -0.8449909 0.22950253 -0.12826227 -0.9979326 0.10553423 -1.6222451 0.75534475 0.10424718 0.17226674 -0.031099379 -0.5711952 0.4087664 0.762276 -0.041003175 -0.9985549 -0.62928003 0.77222615 -0.20295654 -0.60982424 0.016829932 -0.36530888 -0.55003977 0.48211896 -0.1185281 1.4654225 -0.8064141 0.040341787 -0.1800745 0.6443969 0.13422796 0.8488138 0.47591868 0.851048 0.2501292 0.19908717 -0.43765396 1.1767079 0.3183115 0.016457932 0.8346045 0.15241314 -0.17068632 -0.8232349 0.83564234 -0.20460363 -0.12885298 0.47475886 0.048081364 -0.42893887 0.011353855 1.1486253 0.0899718 -0.27687246 -0.676548 0.4902232 -0.36723885 -0.2972847 0.3615126 -0.263022 -0.63990045 -0.10448245 -0.26651633 0.21538365 0.38087592 0.65371305 -0.27927276 -0.365473 0.53433615 -1.0040318 -1.1761606 0.3041343 0.75186193 0.5919197 -0.9940979 -0.4109455 0.63664526 -0.58611953 -0.9151349 -0.22380939 0.5593773 -0.39911285 -0.086395256 0.17917766 1.0577275 0.53651357 0.91482353 1.0907869 0.64846504 -0.23526694 0.2081311 0.34509173 -0.10987413
urin -0.09019328 -0.74166787 -0.48395985 -0.16839775 -0.67145437 -0.9891958 0.9053811 2.2273524 -0.45113492 -0.28471214 1.0710256 -0.9726824 -0.7264945 0.37905082 -0.62796825 -0.40610176 -0.53243953 -0.14452903 -0.6314776 0.31538147 -0.26746044 -1.0722741 -0.096481614 -0.0714781 -0.4147261 -0.398277 -0.08589235 0.057328448 -0.112252094 -0.33477864 0.6961166 -0.03897187 -0.73968333 -0.25237557 -1.0349206 -0.15786417 -0.16015391 -0.85884213 -0.3022205 0.8455935 0.7440037 0.3262172 -0.34890866 -0.6620772 0.8761623 1.4589428 0.38307616 1.3769847 1.6308542 1.5117083 0.60239637 -0.42445832 -0.13607119 0.7264954 -0.23171625 0.54234064 0.95131975 0.5942977 0.22015183 0.15676735 -0.059183214 0.6926838 0.16060726 -0.19404261 0.3068231 -0.33295584 -0.65151346 -0.74472 0.46204296 0.13999192 0.13848823 -0.9711394 -0.9555367 0.5315652 0.5642363 -0.25001827 -0.20615265 -0.093152285 0.29976755 0.21839346 -0.32718706 0.2898109 0.03397408 1.1704625 0.9373743 -0.82786494 -0.25780606 -0.2644815 1.5128334 0.15635507 0.4507824 -0.14718758 0.6983849 0.4867918 0.5337753 0.5417642 0.6308272 -0.09159413 -0.1227021 -0.79179835 0.27304897 0.25882095 0.62546045 -0.39441746 0.43422505 -0.11553948 0.98602885 -0.05917663 -0.021695634 -0.26472655 0.09217161 0.24407032 -0.78531563 -0.27301666 -1.1805427 0.44814587 0.14021951 0.3589321 1.0933819 -0.73584265 -0.8955708 -1.0281672 -0.21063791 -0.82656807 0.57218325 1.0876312 -0.19542736 -1.0402067 0.554137 1.6144601 1.5817506 1.7363989 1.306006 0.43783534 -0.75714153 -0.08597015 0.8212939 0.24483174 -0.78974813 -1.3488859 -0.15402943 0.39885426 0.37989485 0.390619 0.39335483 -0.039642666 1.6734363 0.80646914 -0.8222672 1.0997624 -0.50204253 1.5906185 -0.2311476 0.9421968 0.03192356 -1.3318471 -0.49892178 -0.6933286 -0.90836924 1.1357422 -0.1110263 -0.22738414 0.59318846 0.58789676 -0.11923755 -0.18030488 0.15019317 0.23603158 1.0147814 -0.17922775 0.33801782 0.47589654 0.4201371 -0.8832956 0.30034405 0.08793494 -0.82030755 -1.3110985 0.9757618 -0.8839387 -0.03943619 0.11968684 -1.4514334 -1.2806087 -0.37147346 0.65841293 1.8322406 1.2535259 0.6549206 -0.2641618 -0.44093245 -0.20086835 0.8947082 0.55708486 -0.0007292389 0.6796619 0.5910459 1.4378401 -0.042334683 -0.81625265 0.13014138 0.59922683 0.22032122 0.7330872 0.39929187 -0.11159818 0.34108034 -0.29064387 -1.5734484 0.74247193 -0.09474578 0.7333933 0.049747817 0.4126407 -1.3436995 0.6193774 1.0928445 1.4511746 1.1351614 0.5871791 -0.5856993 0.9385916 1.581131 1.0553544 -0.8264381 -0.15057455 0.3646838 -0.4633151 -0.52155364 0.15664488 0.4805354 -0.30722755 -0.22991198 0.7383327 -0.2317488 0.9400615 0.9121661 -0.20811911 0.80205834 -0.387002 0.92434174 -0.37299344 0.56531394 0.665 0.6112546 -0.83753157 -0.3130574 0.32297978 0.14290765 -0.604216 1.1694742 0.4652143 0.058754466 0.96553874 -0.6413967 -1.1642797 -0.10850075 0.44072974 -0.67437464 0.13589932 -0.74023306 -0.46602082 0.5048156 -0.10323828 0.12219246 -0.5995256 0.4346292 1.2543932 -0.22339644 0.5961605 -0.06703328 0.604287 -0.6651582 -0.18269312 0.09443854 -0.33177796 -1.5535009 0.44536552 0.7904695 0.42706713 -0.93479806 0.38957226 0.31706342 -0.14471602 0.5966005 0.9893776 0.53219986 -0.42770177 -0.18402295 0.6541438 -0.57973725 -0.2958824 -0.4087332 0.4300517 -0.9349546 -0.7444351 -2.119881 0.05051589 -1.1368725 0.57010627
läder 0.54853684 -0.7722656 -0.7253378 -0.56734043 0.37323686 -0.10840441 0.9844116 1.449625 0.5580124 -0.6394023 -1.5030167 2.9367568 -0.43316427 0.42283812 -0.949538 1.2342575 0.33580026 0.2535048 0.35189041 -0.87611973 -1.8562024 -1.8890047 1.034245 -0.09716908 1.0707148 1.3546126 -1.8493236 0.039992336 -2.32652 -0.36095303 0.49687263 0.025984017 -0.22717749 -0.6862857 -0.3606502 0.1742086 -0.7668496 -1.6129497 -2.1278503 -0.519608 0.26642454 0.27197552 0.43853197 -1.0258278 -0.95842516 -0.3412621 0.49917522 0.44331172 0.10540374 0.77359146 0.10653615 0.87377423 -2.068952 -0.93183684 -0.46328816 0.52582157 -0.8479483 0.2234421 -0.31798697 -0.46585333 -0.17550412 -0.345496 0.10262092 -0.30516732 0.2628855 0.4836384 0.5097684 -0.47779384 -0.51767844 0.027179742 0.5711343 0.79915386 -0.6933043 -0.24006307 0.5324907 0.21140622 -0.40147316 -0.44006088 -0.056898136 1.4884883 0.388963 -0.11636464 1.0996678 0.563188 0.8535332 -0.94657934 0.8569597 -0.5887587 -0.5810988 0.23660822 0.38748947 0.4232044 0.6943588 0.51520205 2.0483227 1.159252 1.5486233 -1.0979177 0.14640866 1.0305313 -0.9398079 0.7120446 0.43157035 0.1728261 0.08523736 -1.6407746 -1.0896401 0.98946834 -0.75255924 0.87807506 -1.5532274 0.44620812 -0.66684186 0.87156093 0.80980337 0.063767575 -0.6435134 -0.6899482 0.3982373 -0.84195954 -0.2913533 0.07393673 0.41920808 1.7666084 0.06607982 1.1108614 -0.10295072 -1.63506 1.6793296 0.14226228 0.6456254 2.2256067 0.36448753 -1.4152133 0.30826655 0.7420482 -0.4720703 0.4741866 -1.5746435 -1.4825431 0.7707494 -0.79905474 -0.72958565 0.9427952 -0.59564567 -0.8078624 0.04318469 -0.081456296 -0.1662688 0.29712564 0.2738799 0.038139116 -1.3476683 0.13908792 0.032412704 0.08869569 -0.76638806 0.20362152 0.41548958 1.1323595 -0.5468457 -0.43403977 1.2084914 -0.40115234 -0.5913471 -0.0975263 0.71612036 0.62780327 0.5110964 0.67696697 0.24320099 -0.06026023 0.014092354 1.0792626 0.771079 -0.48586506 0.7000994 -0.079809725 -0.040628426 -0.4414072 0.3380368 0.830756 -0.059453543 -0.3016275 -0.04334553 0.379599 -0.021550737 0.35617724 1.054423 -1.2361319 0.7208187 0.8951563 -0.96912116 -0.35812977 0.9073794 -1.0605885 -0.7827163 -1.0382084 0.72318864 1.2207323 -0.49447533 0.5639671 -1.1078713 -0.995054 0.8758971 0.76232404 -0.2626044 1.0304536 -0.12978412 -0.6922462 -0.6064064 0.09731643 0.07409199 0.010225222 0.03926095 0.5045449 0.20910513 -0.3209549 -0.42794806 0.0777064 1.0432932 -0.38900802 0.678822 -0.1592593 -0.2362786 0.85735506 -0.28792527 -0.40717185 0.33478284 -0.7014674 -0.26280412 -0.86001307 0.08374456 -0.63885397 -0.15360147 0.28666377 0.33364922 0.086484835 0.2539999 0.25531197 1.5551461 0.095944576 -0.2426282 1.4112607 1.3294001 -0.8828628 -0.45524636 -0.3452097 0.5810819 -0.15979457 -0.051373504 0.8349602 0.5176629 -0.14962317 -0.089466356 -0.6913102 0.78807855 0.09047163 -0.22154386 -0.38236186 0.2632407 -0.06357084 1.1718191 -0.81906897 -1.3026915 1.1572526 0.6670166 -0.6912186 -0.56242424 -0.35341093 1.0422685 0.61349756 -1.0673971 0.18690306 -0.0034448588 0.8810603 -1.2079872 -0.29277295 2.2809675 0.55314666 -0.5946041 0.16644596 1.2012739 -1.4329056 -0.7430057 1.1653883 -0.009131682 -0.81286937 -0.41006845 0.5635548 -0.53049994 -0.28215724 -0.56444895 -0.20336795 -1.6994196 -0.42034653 -0.34613964 0.17216232 0.8210484 -0.8458203
hö 0.5524362 -1.0169225 0.27854535 -1.083034 -0.2058657 -1.5095266 -0.06760273 1.0265765 0.3152672 -1.4648707 0.41626474 1.2693001 -0.7466492 1.2218621 0.24542616 -0.21417786 1.1123873 0.3983686 0.20130275 -1.4317317 -1.046695 -0.60285735 0.27720085 0.7300976 -0.7538071 -1.0700922 -0.92293924 -0.3475218 -2.2903082 -1.0398583 0.88889253 -0.910197 -0.023361556 -1.2772602 -0.24216568 0.91183156 -1.0144411 -1.8549954 -1.4652988 -0.17269133 0.5805624 -0.1273319 0.40621674 -1.1757156 0.35394266 0.29132414 0.080513686 0.6954446 -0.086282775 -0.67369646 -0.26639602 0.252964 -0.88157666 -1.7240837 -0.91190577 -0.3950009 -0.7101984 0.090133384 0.30267376 0.24666232 -0.070486315 -0.6676243 0.9015707 0.6146899 -0.037685666 0.07138597 -0.47537175 -0.6231228 -0.98829466 -0.33029136 0.55284697 0.549398 -0.58599603 -0.80727726 -0.91281337 -0.1643449 -0.16620731 -0.36288983 0.89919466 0.5117517 0.9093512 0.7232321 0.185843 -0.9099758 1.347952 -0.35775068 0.42293972 -0.61475986 -0.113204926 0.22808698 -0.8109643 1.1319584 0.14951696 -0.7902714 -0.15817706 0.5037198 0.768886 -1.2129253 0.5762217 -0.16155457 -0.2636476 0.3512241 0.3029983 0.32764077 -0.12084999 -1.1797199 -0.26989564 0.43832096 -0.47304672 0.96917903 -1.2351848 -0.062195446 -0.37285596 2.031344 0.7498034 0.8521097 0.10845734 0.29142287 -0.24772802 -0.79125065 -0.44958156 0.44859448 0.916266 -0.14245273 0.77290195 1.3423092 1.0130928 -1.4702269 0.73551035 -0.1275646 -0.3482755 1.78648 1.7192165 -1.4967773 0.5528466 1.5180663 0.5443007 0.25294343 -0.8277819 -0.42949802 -0.3303346 -0.26566517 0.02526822 1.4089593 -1.1027102 -0.080237135 -0.012058229 0.48090488 -1.2122502 0.4208771 -0.47893065 0.80504405 -0.33953848 0.5812984 1.2133671 -0.43555677 -0.9131206 -0.23784335 -0.67600954 0.58349496 -0.5930133 0.4865664 -0.16887358 0.6060448 -0.3074737 0.42902583 1.2868489 -0.3100644 0.6288996 1.2024847 0.44210374 -0.7400207 0.21512845 0.87490046 0.9378822 -0.35275245 0.73439175 -1.5735024 -0.19144508 0.11128445 -0.59698296 1.6111027 0.40787828 -0.15073343 -0.94646513 -0.43572628 -0.7113565 -0.15991162 1.3411835 0.7721883 -0.005985645 -0.09883517 -0.123765014 -0.24704172 -0.8757256 0.23375195 1.39256 0.72380006 0.2812782 0.5234966 0.07530343 -0.30926475 0.9497786 0.71161586 0.52808815 0.97119474 -0.2818677 0.63114053 -0.1474762 -0.16699679 -0.20998454 1.1105 -0.3205164 0.7740234 -0.94088763 0.5735589 0.35314822 -0.22477423 -0.8959871 -0.397806 1.2632824 -0.14628452 0.91944194 -0.5120372 0.30602708 0.4443488 -0.48359373 0.90530664 0.6697623 -0.3777266 -0.24848728 0.48446974 0.0074871755 -0.022164943 0.17394082 0.8505077 -0.103384465 0.5388393 0.32798004 -0.47142267 0.8669761 -0.8553229 0.040409278 0.24495535 1.2607682 -0.7362195 0.22176106 0.19865863 1.1994958 -0.74798 -0.20019963 -0.67117506 -0.36200726 -0.30659416 -0.26915792 0.4709651 -0.23085772 -0.30621013 -0.5377569 -0.051317833 1.0628517 1.1553196 0.95166653 -1.1157066 -0.24359846 0.81657004 0.9917515 1.2302188 -0.5931956 0.76292515 0.1867989 0.8869411 0.28816074 -0.34875602 0.15819322 1.2080944 -1.349348 -0.25023323 1.8648568 0.5964975 -0.023625357 -0.35893416 0.49084696 0.108802654 0.68728757 0.2696175 0.42420146 0.0067183734 -0.39745483 0.27086052 0.6451592 0.2479129 -0.33247858 0.92346025 -1.0610756 0.4796236 -0.8825866 0.83529365 -0.69216603 -0.30375734
tjära 0.63432837 -1.0778297 -0.3050064 -0.36221626 -0.23991552 0.5057527 0.3121833 0.65076804 0.70124555 -0.5434403 -0.7333982 1.099515 -0.38105604 -0.053110126 -0.7265262 1.4479823 0.94167006 -0.06979766 0.2324129 -0.50521445 -0.88808125 -1.5088409 0.5574722 0.061448377 0.3390658 0.52990365 -1.285552 -0.23452276 -1.1204976 -0.23076305 -0.36303774 0.21821716 0.073555216 -0.38373545 -0.6186133 0.14238626 -0.19910699 -1.5148356 -1.7856251 -0.14036466 -0.29318303 0.5382134 0.030605901 -1.037772 -0.20898221 -0.3069652 0.17934844 0.36568332 -0.06327214 0.33763248 0.094918765 0.23794438 -0.8020529 -0.5671754 -0.671443 -0.60971653 -0.69059044 0.18199635 0.18091512 0.33030435 -0.1999855 -0.12126544 -0.39059156 -0.5922331 0.08313695 0.43969196 -0.35853422 0.012093564 -0.07108817 -0.096936 -0.05806847 0.26132813 -0.95893407 -0.8727612 0.7587616 0.5684408 -0.10764612 -0.00083742273 0.05653296 0.34503335 -0.31194413 0.3874426 0.706705 -0.21015997 0.17629653 -0.59923893 0.92456955 -0.48485708 -0.0014934406 0.0692329 0.27004525 0.29284972 0.27246445 0.14639796 0.13434687 0.87335914 1.5014033 -0.57745093 0.07316228 0.8124611 -0.5035084 0.08723512 0.5833276 0.3584989 0.0402471 -1.044333 -0.7908094 0.5193129 -1.046393 0.84882504 -0.82827437 0.6550843 -0.44322473 -0.042611968 0.73742706 -0.04173749 -0.059106786 0.03133235 1.0362871 -1.3114159 0.049612068 0.012459481 0.18915156 0.91409874 0.2232042 0.59872425 0.71886325 -0.80586624 1.1940894 0.3199909 0.5948668 1.6123756 1.1833564 -1.6850177 0.8067627 0.80201656 0.011223156 0.2695288 -1.5534123 -2.1585116 0.28435987 -0.2566101 0.08581845 1.4419359 -0.99454325 -0.42028946 1.3436319 0.7609301 -1.4115131 0.43679005 -0.14473288 1.6070704 -1.2656366 0.83253604 -0.372119 0.21511042 -0.69901836 0.005362684 0.101869725 1.3404353 0.14484987 0.036299244 0.07395905 -0.55624014 0.04274118 0.10094944 1.2783332 0.18525103 0.022698037 0.22868642 0.443025 -0.2672188 -0.20882414 -0.40666357 -0.46206248 0.18842824 -0.26856786 -0.57173145 0.058920354 -0.15803784 -0.33573976 1.3119876 -0.9867928 -0.120100945 0.47919142 1.1441929 0.96390945 0.5859812 0.6622698 -1.2734174 -0.006814275 0.50755817 -0.30346376 0.48001808 0.69110775 -0.4931339 0.31079015 0.52720666 0.32335782 0.24228102 -0.31125376 0.48447815 -0.8682927 -0.56999606 -0.19924033 1.0143305 0.16035478 0.2212192 -0.48109537 0.047482807 -0.10030076 0.6210124 0.04721296 -0.52353066 -0.55218935 0.39322847 0.49748203 -0.47853732 0.50448596 0.11664466 0.14245868 0.22143687 0.7391711 -0.25508255 -0.32424825 0.11341081 0.45412344 -0.33242357 -0.42118376 0.013352694 0.16166937 -0.4592236 -0.8268107 -0.50961125 0.71105963 0.87242335 0.09786561 -0.17783646 0.3268866 -0.2989311 1.7252208 -0.88194543 0.23796178 0.7877476 0.95661795 -1.1353108 0.37890732 1.1015854 -0.26140475 -0.32650837 0.5945544 0.4628244 0.0851235 -0.002913468 -0.55795586 -0.8572404 0.105130605 0.032189954 -0.08556789 0.22219956 0.06976336 -0.5041252 0.6477613 -1.1628965 -1.4608551 -0.3076361 -0.47418463 0.13375793 -0.05224954 -0.057992194 0.1361549 -0.18902127 -0.60294753 -0.17300282 0.17507656 0.17113958 -0.954073 -0.4254032 1.4126582 0.275269 -0.488002 -0.42492327 0.8578304 -0.43585995 0.093146935 0.7257581 0.21396098 -0.27039504 -0.12027217 -0.16527128 -0.68906903 0.0060121147 -0.48207533 -0.66909915 -0.26555708 0.08144518 -1.3576496 0.16351779 0.21457338 0.35808605
svamp 0.52037287 -0.9241963 0.059957508 -0.21544328 0.9608876 0.26700938 0.25033855 -0.44745222 0.025234848 -0.34031665 -0.6515312 1.6232675 -1.0873283 -0.6224072 0.019558998 0.19554836 0.10644985 0.30197796 0.26718962 0.4148905 -0.48519135 -0.143112 0.367339 0.25084388 -0.18679334 0.6094326 0.14830483 -0.16996334 -0.42280793 -0.09703423 -0.38275346 0.7813888 -0.561334 -0.8837318 -0.83536994 -0.32271478 -0.007684156 -0.38391572 -0.5372403 -0.011985002 0.73325133 -0.10381022 0.8052953 -0.23125336 -0.16179407 0.556842 0.13941444 0.013746044 0.18398523 -0.25209346 -0.26260152 0.72530144 -0.81773305 -1.4194633 -1.3222818 -0.588103 0.46007228 0.39278194 0.52443326 0.060886983 0.28534853 -0.27823246 0.43634728 0.7589611 0.053606253 -0.06625031 -0.36573422 -0.2135119 -0.8978851 -0.10438449 -0.5589085 -0.13287503 -0.5639696 -0.025440268 -0.21065795 0.2939457 -0.3031969 0.95382047 -0.19983166 0.20645669 -0.9045165 -0.070628636 0.014390767 0.17240861 0.5355253 -0.07984732 1.5360643 -0.0518526 -0.96434605 -0.2414541 0.25201216 0.36485702 -0.36746705 -0.21978548 0.3806082 0.46388012 0.93682605 -0.5168181 -0.22971593 -0.6214886 -1.2443899 0.27522817 0.7644279 0.30156106 0.3912196 -1.6846399 -0.75918734 0.26198187 -0.11142589 0.04687264 -1.5686237 0.31639403 -0.078434184 0.89496344 -0.43398884 0.2296745 -0.2951366 0.14097242 0.088248715 -1.200863 -0.761632 0.1220689 0.22204337 -0.3404267 0.4747262 0.88211036 -0.09804221 -1.1946623 0.6897651 -1.1782892 0.21897316 0.8873904 0.34509543 -0.7900222 0.14479066 0.32655078 0.29746813 0.5971029 -1.5905397 -1.7829859 0.51910746 -0.513295 -0.42449114 0.18488672 -0.33406237 -0.035384387 -0.13121387 0.100278355 -0.37127417 -0.69736886 0.40875566 0.26586127 0.037043758 0.042617884 0.7130273 -0.028804516 -0.82150483 -0.38762704 -0.38168496 -0.52826726 0.099127084 -0.7486958 0.0516875 -0.5453495 -0.29417273 0.82173795 0.681726 0.10246383 0.15749222 2.1387722 -0.05255733 0.7250867 -1.0645477 0.6818967 0.56733125 -1.1736771 -0.2134419 -0.2740969 -0.6667088 -0.47952154 -0.3810428 1.2843066 -0.3852887 -0.9381357 -0.040332362 -0.4317053 0.51125914 0.9406851 0.9858715 -0.6814077 0.7248665 0.05497166 -0.053491868 -0.014091009 0.48858476 -0.35684592 0.3406406 0.19757819 0.06044387 0.30179974 -0.38311622 0.19325219 -0.3968018 -0.045769334 0.3373574 0.07420746 -0.3798862 0.5152124 -0.9056584 0.6374577 -0.18559855 0.25491202 -0.022001315 0.29433808 -0.33544162 0.40570873 1.4003984 0.32536432 0.4176668 -0.8648851 -0.19936506 -0.13940921 0.13190591 0.07970724 0.41475302 0.130894 -0.4465462 1.1101108 0.6933813 -0.4472325 -0.5972767 0.2963431 0.23947363 0.61510044 -0.33182082 0.59082335 0.08701551 -1.082328 0.26706386 0.16771315 0.8932025 -0.52298915 -0.39663175 1.1419084 0.8158498 -0.96725655 -0.061613142 0.40417072 -0.21023339 0.6039235 0.18808466 -0.28823435 -0.44661897 0.45101237 -0.9216025 0.32701725 0.8272266 0.58063805 1.0508345 -0.09607171 0.34443378 0.84003395 0.38917464 -0.040892344 -0.061846882 0.2403158 -0.115277305 -0.5235076 -0.3112016 -0.13171044 0.08376465 1.3249851 -0.1591594 0.16474688 -1.1361579 -0.84879404 -1.574943 -0.7108339 1.6194763 0.1591681 0.41791803 0.0965259 0.69137263 -0.46086493 0.17079179 0.38010108 -0.75795645 -0.07507685 -0.5226971 -0.027263438 -0.028573241 0.8690061 -0.009745604 0.036638882 -1.3812842 0.37071246 -0.81074286 0.67767626 -0.06282193 0.34484902
hallon 0.03159601 0.23877507 -0.5436524 -0.3434275 0.2291911 -0.023796739 0.1861373 0.84254813 -0.5115448 -0.06697721 -0.28956172 1.6675746 0.40271172 -0.24624695 0.42594114 0.6630797 0.11640907 -0.22440116 0.28493416 -0.25309965 0.44519746 -0.36934155 0.039583255 -0.66234034 -0.31768784 0.35391387 0.136954 0.1593629 -0.50079 0.2626902 -0.1250231 0.22378793 0.68977994 -0.4912054 -0.02613297 -0.18927632 -0.23979224 -0.83966595 -1.767603 -1.0029334 -0.05055963 -1.3167108 -0.5171324 0.28564706 -0.5634291 -0.0969837 -0.042329304 -0.3413036 -0.41471216 -0.6747635 0.13415498 0.8287513 -1.3326494 0.4563163 0.16037005 0.55335414 -0.185198 0.51668656 -0.90169054 0.009310171 -0.4313244 -0.11583441 -0.26263523 -0.30301192 0.66063136 1.3352485 0.97275734 0.29330647 -0.5773753 0.0040985662 0.8082744 -0.33695906 -0.636002 0.6424113 0.2138791 0.46974033 -0.71362484 0.1384865 -0.46122384 0.9564914 -0.32656723 -0.19883531 -0.21436277 -0.82694685 0.25634882 -0.29168972 0.9227007 -0.89131206 -0.033197377 0.53218853 0.31063476 0.65424263 -0.4834896 0.14368168 0.026336439 0.27075619 -0.08744134 -0.09780482 -0.36593527 1.0970608 -1.4422641 0.0629266 -0.42670274 0.47729 -0.3241252 -1.0866845 -1.1081887 0.0995916 0.23897885 0.8372929 -1.6104994 0.3623597 -0.20815861 0.24013121 0.5275533 -0.14497547 -0.5368445 -0.56015337 0.4907134 -1.1141872 -1.0576333 0.89207107 0.69988126 1.058257 -0.22723772 0.44382447 0.05149261 -0.47447574 1.5363096 -0.63360643 -0.13494356 0.5405139 0.5528817 -1.5445554 1.1985326 0.5567698 -0.08382488 0.77799934 -0.45284757 0.045534525 0.9687192 -1.2860781 -0.32392362 0.34512484 0.039179817 0.8017713 -0.032051798 -0.31573564 -0.46851572 -0.62177956 0.83078676 -0.4380756 -0.35509667 0.6562583 -0.3265685 0.77114505 -0.6147754 0.7334189 -0.70154613 0.5370844 0.059546135 -0.4857254 0.09384464 0.18979533 0.10409599 -0.48589575 0.83437526 0.61163604 0.46991655 0.88377076 1.1418662 0.3318897 -0.18011913 0.46060452 -0.2884751 -0.86315304 0.23614673 -0.8232317 -0.17474972 -0.7920799 0.08380469 0.31279427 0.45581856 -0.44482717 -0.22899693 0.6837886 -0.13013713 -0.11593532 0.7504903 -1.5901214 0.2041389 -0.38706166 -0.5808718 0.6101852 1.1963197 -1.5385218 -0.18935432 -0.1959965 -0.56355095 1.0673298 -0.29972896 0.7676486 -0.55150044 -0.21990669 -0.6870147 -0.4759428 0.7959754 -0.5959842 -0.015193783 0.0039420915 0.35758772 -0.34229043 -0.16858028 -1.1176724 -0.2486788 0.28012592 0.106991634 1.2409583 -0.021076782 -0.15052128 0.6811745 -0.3173072 -0.942695 -0.3478608 -0.3919814 0.06177277 0.12315905 0.19491379 0.07985562 -0.51045907 0.08294738 -0.09873798 0.62112254 -0.7065421 0.08862867 0.040020145 0.8681284 0.44584912 0.07321184 0.08084585 1.4472163 0.38518912 0.29040408 0.21412724 1.6775215 0.062032413 0.42473522 0.67078775 0.51858425 0.03499232 -0.0027539963 0.47487977 0.26297536 0.45439112 -0.06304442 -0.09115233 0.2368676 0.091743454 0.8077318 0.37302536 0.29330727 -0.08268698 0.8891313 -0.59711343 0.18009521 0.35140455 -0.5278421 -0.8532698 0.6649744 -0.13838898 0.91903037 0.53766656 0.081022516 0.16003768 -0.34325475 0.43562394 -0.28977567 -1.0309919 0.7718045 0.18343964 -0.41806954 -0.11488003 -0.15044616 -0.2499778 -0.64002883 -0.069951765 -0.68915904 0.7908218 -0.6115273 0.680683 0.3562666 0.13087498 0.085335 0.5452399 -0.6215458 0.75872755 -0.42212537 0.7387032 -0.1352996 -0.40939912
mandel -0.075156935 0.8092224 -0.2910295 -0.36299506 0.035448123 -0.36803913 1.4648554 1.5735668 0.7145226 -0.5244345 -0.6342485 1.8276529 -0.25105348 -0.084540375 -0.7694771 1.3864092 -0.9964399 1.1235439 -1.2028114 0.09685386 -0.3165444 0.61458224 0.17697112 -0.50279605 0.5099205 -0.14053856 -0.017073862 -0.36372778 -0.80647707 -0.44941044 0.30023694 0.43898022 -0.45509803 -0.2530321 0.017851695 0.19123185 -0.37164888 -1.0708686 -2.1902308 -0.8278616 -0.22483854 0.29880682 -0.25333384 -0.4487822 -0.024178905 -0.45630336 -0.77826566 0.0030547325 -1.125623 0.0028643825 -0.3673131 1.2111785 -0.97025174 0.5662939 -0.13703732 0.25297293 -0.16773826 0.10100053 -0.38433155 0.5430792 0.011927632 -0.56804955 0.06318122 -0.68765235 0.60998 1.1049011 0.7679362 0.29303744 -0.951435 0.023882238 1.1176991 0.4482254 -0.5465954 0.6397905 0.72266257 0.4827829 -1.3838441 -0.31843403 -0.6617617 0.70819885 -1.1722305 -0.121150896 0.07764961 0.66802317 -0.40452996 -0.28073978 0.6050228 -0.77571803 0.24191537 0.2939882 0.27595952 -0.4850902 0.3303269 0.4778605 0.26356855 0.7684972 0.64352024 -0.2573944 0.5415762 0.75252885 -0.6491101 -0.11010862 0.318518 0.31210878 -0.40800002 -0.98617315 -1.1555433 -0.19915392 -1.0476118 1.0567268 -1.9462856 0.1955559 -0.020810071 0.25903866 0.61880684 -0.0028648986 -0.362161 -0.50006944 0.7757897 -0.8813544 -0.34761116 0.3404541 0.33155924 1.4988749 -0.4770755 -0.22901547 0.26702482 -0.607819 0.78412527 0.20082936 0.51167786 0.91134953 1.0186292 -2.2438023 1.2435195 1.0142684 0.13532722 0.29303476 -0.5563737 -1.2734722 0.6531954 -0.70817584 -0.9053072 0.62157255 -0.80619514 0.11034687 -0.5165353 0.73770607 -0.03508654 -0.46747765 1.0805328 -0.74754155 0.8229506 0.3266451 0.42792684 0.8861429 -0.43512788 0.1725888 0.4724238 0.90767527 -0.20654503 -0.07658727 -0.6621573 0.015805751 -0.05984155 0.5244297 -0.008638245 0.6165316 -0.36063182 2.2359464 0.2936985 -0.03889782 0.9123484 0.48405108 0.1623748 -1.9418634 -0.35235453 -0.32086843 0.75744724 -0.84787714 -0.4549926 0.46228313 -0.047141876 -0.51540065 -0.95094407 0.16404106 0.25517386 -0.2913784 0.88832664 -1.454159 0.22574939 -0.40254337 -0.46279043 0.30832994 0.7018678 -1.3253026 -1.0120299 -0.48698047 0.42219815 0.33623284 -1.0161039 0.12883443 -1.1160566 -1.059903 0.4729254 0.12672234 0.1248582 -0.048658095 0.09526085 0.63320994 0.3406134 0.046548873 0.11248031 -0.7336505 1.1371012 0.00695608 0.15115853 0.11448382 0.17559896 -0.15627995 0.31279123 -0.2439092 -1.1793755 -0.34962106 -0.06593965 0.09091551 -0.063305244 -0.4696951 0.3853653 -0.9632097 0.1260169 -0.45613706 0.70842147 -0.47462657 0.041958638 0.4902136 -0.22595938 1.1700168 0.7482669 -0.221808 1.5071189 -0.042295266 -0.14933872 0.6200932 0.5820982 0.361276 -0.38804492 0.26434854 0.338333 -0.65286094 0.4354145 0.46634772 0.31969643 -0.057957586 -0.37434974 -0.6448092 0.12970106 -0.45748734 -0.14302303 0.24506304 1.1375301 0.4198953 0.9455456 -1.435992 -0.20314875 0.4366643 0.035826344 -0.23077719 0.51248205 -0.41277167 0.16437061 -0.19256814 0.7539757 -0.22953793 0.25424165 0.005010344 -0.21338378 -0.91214496 1.9628133 0.9022469 0.38345405 -0.19507508 0.24204391 -0.55615246 -0.2525909 -0.19156086 -1.1996015 0.8442384 0.30364892 -0.38508824 0.54850435 -0.47626558 -0.033778597 -0.0048654494 0.9635168 1.0130727 -0.08273831 -0.4219837 0.7527133 -0.5346479
björnbär 0.73364323 -0.05490941 -0.42778048 -0.71554124 -0.073727615 -0.15402886 0.50789434 1.4912407 -0.12927814 -0.4199715 -1.1933748 2.7115107 0.063593574 0.008668663 0.37436664 0.92286545 0.2988178 -0.119027376 0.8745301 -0.52086073 -0.2905796 -1.1854317 0.87191796 -0.18036656 0.87115526 0.7366835 -1.2204283 -0.5793979 -1.6103839 -0.7525549 0.036707446 -0.33982745 -0.21888098 -0.6004932 -0.13530877 -0.25612736 -0.62287486 -1.2036053 -1.2923 -1.3227673 -0.01564453 -0.5028781 -0.07773556 0.012133585 -0.8068042 -0.731119 0.5049596 -0.2093234 -0.37927705 -1.0859016 0.073479295 0.90944254 -1.6926965 -0.6066963 -0.28236252 0.81799 -0.32646108 0.5889459 -1.1907734 -0.2209542 -0.5969703 -0.09914192 0.18681291 -0.13191861 0.95803595 1.5941331 0.7230891 1.2554914 -1.0098698 0.25027463 0.9772154 1.0749719 -0.09801973 -0.5904248 0.40308696 1.4464475 -1.5545914 -0.042547427 -0.71255475 2.4457958 0.3032872 -0.41124687 0.5737955 -0.2799203 0.38191426 -0.7037589 1.091158 -0.6915697 -0.78879374 -0.116486415 0.92244095 0.11746138 0.09245685 0.67800194 -0.006737242 0.37206316 0.2954493 -0.49071422 -0.58611953 0.7079751 -1.0036255 0.28641358 0.2764205 0.49109176 0.002727736 -1.4450274 -1.2972362 0.14581984 0.045175705 0.839129 -1.7686952 0.45529112 -0.5923367 1.0578823 0.93390846 -0.061838064 -0.23837209 -0.81180596 0.503903 -2.145942 0.07418995 1.4539945 0.16046922 2.0845096 -0.23132871 0.82706577 0.08889776 -0.6592584 1.8499808 -0.31226003 0.356336 0.78580403 0.3789752 -1.298663 1.2513704 0.51753175 -0.18159355 0.602769 -0.5774618 -0.010214918 0.8807256 -1.0990442 -0.030529492 0.8986924 -0.3456932 0.57406396 -0.41451776 0.08009911 0.064215764 -0.018916016 0.68256366 -0.7605048 -1.6632266 0.5002879 -0.34971634 0.99555796 -0.12988783 0.6707129 -0.18306006 0.48853964 -0.35090026 -0.469723 0.2811236 -0.16743128 -0.113931194 0.25449932 0.90763164 0.2709711 0.023906317 2.3137147 0.5292064 0.864356 0.2581264 0.37593892 0.11174611 -1.725231 0.19888738 -0.5139769 0.043073818 -0.10433784 0.1535125 0.60126287 0.004559541 -0.7747101 -0.18795489 0.9188051 -0.091981195 0.24042226 0.8137933 -2.1302643 0.28944525 -0.043595694 -1.5386277 0.38743573 0.91366166 -2.330017 -0.687212 -0.27740735 -0.03935811 1.1242404 -0.26397625 0.71094096 -0.6166466 -0.9325671 -0.427341 -0.002355251 0.12914811 0.0011436951 -0.08408802 -0.328731 -0.532298 -0.058177527 -0.0058266404 -0.36826143 0.060845852 0.034282785 0.83071226 0.6398829 -0.19662832 -0.9273205 1.2623796 -0.307359 -0.29433718 -0.21569005 -0.86774075 -0.23736405 -0.18935448 -0.6859398 0.0070657497 -0.3244645 0.10200104 -0.3900096 0.053928785 -0.4999801 -0.15004982 -0.17541604 1.0068008 -0.29550225 0.00073041895 0.15970059 1.2984971 0.5852291 0.24017903 0.76219124 1.3108484 -0.20716941 0.37530813 0.37961674 0.08744543 0.22119638 -0.42333126 1.0034575 0.9827351 0.8802085 -0.016540201 -1.0723531 0.088266864 0.66073096 0.51431525 0.11223366 -0.033744387 -0.34674507 0.3906147 -0.5113143 -0.3112279 0.36772048 -0.06495648 -0.6615242 0.43700573 -0.7052036 0.023513515 0.27444187 -0.051481485 0.41825762 0.1447002 -0.3943122 -0.38745898 -1.5966657 1.472871 0.75558895 -0.36124027 -0.21601559 -0.03250977 -0.45989633 -1.0546379 -0.02870892 -0.36405936 0.5002329 -0.5098938 0.43215418 -0.32420868 -0.21646534 -0.43414962 -0.31629702 -1.3722332 0.49160415 -0.04352555 0.15432802 -0.43611008 -0.4724005
kola 0.5943399 -0.3634042 -0.034876827 -0.79364544 -0.23424092 -1.0832239 0.3004454 0.17048632 0.3550049 -0.5670317 -0.5002244 1.2349205 0.052996404 -0.2403511 -0.06320864 0.9448439 -0.82390964 1.0061786 -0.7991791 0.83397615 -0.14894396 0.73603153 0.27673 -0.35473776 0.19639012 0.4032833 -0.07768544 -0.55626315 -1.5782526 -0.28945944 -0.22995053 -0.24872679 0.26711518 -0.52765673 0.10238429 0.5563122 0.21442662 -1.296493 -1.7007847 -0.9687106 -0.5917404 -0.56009895 -0.07025622 -0.3867957 -0.359587 -1.0657539 -0.12818514 0.032867078 -0.27262968 -0.6879478 -0.5207788 0.92746633 -0.8104385 0.22194202 -0.2132837 0.5260118 -0.37329367 0.18667912 -0.97594136 0.2892685 -0.13616756 -0.6667344 0.06149691 -0.11735538 0.2433548 0.21468784 0.69086426 0.37067696 -0.51788515 0.21767293 1.1520582 0.2374864 -0.42160505 0.072803184 -0.24352436 1.2063564 -1.1945336 -0.19418393 -0.8242493 1.2969971 -0.48679915 -0.29371992 0.038684547 0.65355444 -0.6228847 0.7400275 -0.22656046 -0.5355422 0.09884081 0.9395047 0.41863322 0.035854496 0.31469092 0.62239426 0.07582476 0.7924911 0.40114015 -0.3088184 0.091440886 0.90945816 -0.6212187 -0.21194589 -0.13689598 0.5247643 -0.32147303 -0.67683023 -1.1490463 -0.41085514 0.09842011 0.79809237 -1.7035221 0.3936731 0.53580654 0.19245331 0.62490016 0.5678525 -0.47619963 -0.24819604 0.9661662 -1.1035647 0.30382302 0.23706886 0.17616352 0.971986 -0.25380445 -0.10664722 0.52981323 -0.7386605 1.1000204 0.71621627 0.4531853 0.9177997 1.0045252 -2.0924249 0.8709731 1.5642319 -0.345164 -0.08285161 -0.95188546 -1.822462 0.8537156 -0.9695181 -0.5013711 0.5257005 -0.020644797 0.3657414 0.17620754 0.49110496 -1.064063 0.058927935 0.38596445 -0.18129627 0.48847514 0.93328047 0.50334376 0.07457482 -0.11912344 0.106424354 -0.044703845 0.26755032 0.12697817 -0.16546239 -0.025064161 -0.60113597 -0.2940875 0.46652386 -0.06757493 -0.22381778 0.038587052 1.6279497 0.17416282 0.070341766 1.2926362 0.35517243 0.7480199 -1.4236938 -0.0032154368 -0.23596336 0.1642916 -0.26338783 0.77473325 0.23819648 0.17242514 -0.25219592 -0.7076846 -0.15670674 0.9796815 -0.25085333 0.7352052 -1.1907529 0.24514565 0.04159176 -0.21170187 0.7950556 0.66608834 -1.070234 -0.8840074 -0.7553818 -0.035119023 0.5115602 -0.22263737 0.21938303 -0.48917586 -0.80439043 -0.035214636 -0.5030096 0.3944226 -0.12665284 0.3083273 0.7548446 -0.07188876 0.053104285 0.072440386 -0.63886607 0.6892167 -0.79080313 0.27660826 0.54983777 0.523568 -0.46728438 1.1411887 -0.42924538 -0.9277412 0.028435616 0.10042029 0.3213422 -0.4832382 0.2467866 0.5831422 -0.7727203 0.44410804 0.275815 0.43923712 -0.33333975 -0.12706718 -0.010582882 0.4852976 1.1032077 -0.50604284 0.10682424 1.5416293 -0.12721077 -0.11410352 0.1677341 0.46702933 0.30241144 -0.059403103 0.6250517 0.55388534 0.43141285 -0.005476357 0.6802261 0.41124985 0.5531087 -0.36008403 -0.75843126 0.13571264 -0.14996688 0.073538765 0.48451895 0.51661855 0.08912855 0.7062263 -1.112434 0.36452734 0.38569775 -0.25057843 -0.41437337 0.36149302 0.31292146 1.1969442 -0.12675571 0.26680264 0.12966268 0.08695511 0.094275214 0.071379185 -1.2188584 1.1959151 0.3624754 -0.059723716 0.3979266 0.08221072 0.06470439 -0.4609383 0.6500971 -0.83920383 -0.18198052 -0.21237674 0.6055708 0.5824821 -0.3324981 -0.42234468 0.48139116 -0.18667154 1.1506302 0.116439395 -0.19884524 0.52876174 -0.9735334
rökelse -0.043446284 -0.121170096 -0.01612783 -0.2337992 -0.72451144 -0.06283447 1.9199561 1.930707 -0.05328244 -1.3856422 -0.3408792 0.7240731 -1.3070097 -0.31465134 -1.4187139 0.20793824 -0.16922168 -0.42097992 -0.10472536 -0.5205044 -0.5024447 -0.885605 0.06480518 0.17474927 0.7602033 0.20528997 -1.505269 -1.5127401 -1.4580216 0.11824037 -0.30921942 0.43910247 -0.5398425 -1.048931 -0.08893545 -0.18386757 -0.5746864 0.020314807 -1.1552188 -0.984123 -0.81197065 0.42546588 -0.7107294 -0.7566987 -0.24499202 -0.728151 0.31428072 0.22171317 -0.5128705 0.5556051 0.04836248 0.46605757 -0.8858978 0.030422464 -0.15665501 -0.61424655 -0.4153329 0.30750018 -0.41155365 -0.29525325 -0.68563473 -1.2986399 0.13049349 -0.36745223 0.43966162 0.7216566 0.12424691 -0.24735948 -0.87563807 -0.25061014 0.5739875 -0.17214683 -1.3702828 -0.31752023 -0.2782564 -0.7321709 -0.7764855 0.039118383 -0.45351425 0.5961281 0.07051529 0.21609856 -0.035405416 0.39417434 0.76057917 -0.6827552 1.0801454 0.36234346 0.78066707 0.022495478 0.1275769 -0.39955252 1.0837146 -0.00930679 1.0810862 0.31313792 0.7217954 -0.44538346 -0.38475055 -0.0010830591 -0.56257695 -0.10590793 -0.17678605 -0.41675684 0.67903674 -1.0966171 -0.18993714 -0.47960994 -0.13969207 0.61922115 -0.26771033 -0.023860184 0.020953527 -1.3492258 -0.23436159 -0.15342814 1.2521455 -0.19754218 -0.36377698 1.1058978 -0.17913982 -1.078447 -0.5692096 0.2783522 -0.11352285 -0.75468165 0.8647438 0.9882154 0.69825786 0.043329682 0.63468194 0.42941847 0.85425097 -0.93440604 0.40350854 0.4899485 -0.15181965 0.123522796 -0.40524194 -0.6334676 0.53885305 -0.8289886 -0.21320313 0.38328388 0.06537836 -0.35861167 0.8269498 0.56572735 -0.27085972 0.5366512 0.60840476 -0.22727259 -1.3832113 0.16471069 -0.34571424 0.31240287 -0.47456545 0.2318704 -0.2549275 1.348895 0.5399626 0.1903692 0.4685646 -0.35097855 0.31376195 -0.052262053 -0.12922215 -0.24047045 0.17897819 0.36720288 0.64418036 -0.3882011 0.13058248 -0.84083587 -0.61040246 0.1790371 -0.32886934 -0.39952385 0.47650802 0.09811769 -0.7906573 0.949803 0.030626724 0.44479904 0.06500057 0.58184487 1.1192646 0.2565341 0.6589553 -0.48068178 0.43682897 0.21176961 0.13698621 0.41847605 0.11945004 0.23415296 -0.9316963 -0.19661057 0.40372187 0.46854556 -0.79380924 0.2810928 -1.1446897 -0.50914294 0.118172914 0.8409474 0.40226674 -0.6443782 -0.64228594 0.7461063 0.17273861 -0.52931595 -0.48563805 -0.32193723 -0.4451218 0.32493633 0.6359487 0.02906158 0.30616742 0.85474235 0.08483884 0.15884997 0.05157333 -0.3773212 0.6830083 0.36020392 0.5177636 -0.29803935 -0.65281165 0.17923628 -0.1575966 -0.5610694 0.7986211 -0.7084896 0.37138277 0.80887663 0.65001065 -0.040006123 0.68991256 -0.69557875 0.3716171 -0.43545237 0.12462212 0.15357053 1.1454924 0.5441627 0.9021097 0.23321258 0.22791483 -0.7463785 0.09984826 0.23901597 -0.99457663 -0.07180248 -0.16330633 -1.0732417 -0.45047078 -0.42811692 0.3378683 -0.0053831604 -0.03483852 -0.9910453 0.5705184 -0.49118856 -0.2810588 -0.34308875 -0.7699082 0.048708256 0.27794945 -0.7388352 0.39801073 0.012197032 1.1113122 0.36156532 0.6273219 -0.7158714 0.0556755 -1.1528068 -1.0142416 0.17089444 0.2084274 -0.07863707 0.20027961 1.1589695 0.04261921 -0.23774773 -0.111708656 0.19109887 0.0010594928 0.79905766 -0.12987381 0.18272474 -0.26289234 -0.5665589 -0.31779698 -0.7597528 -0.8611431 0.40247726 0.5172316 -0.025050491
gummi -0.035632394 -0.31313515 -0.3807307 0.29166228 0.33671713 0.65731543 1.2935135 1.7135719 0.58890873 0.01841366 -1.3379388 1.4171743 -0.4934015 0.22466446 -1.101011 0.62398803 -0.43340883 0.802605 -0.49729106 -0.4767836 -0.7891173 0.54311067 0.5077542 0.19587442 0.90871406 0.35204738 -0.015308182 0.173717 -0.53294486 -0.30073574 0.1464753 -0.045208592 -0.28165364 -0.41588706 0.0064072725 0.075349346 0.37874985 -0.53628504 -1.5853411 0.103175335 -0.5591126 0.7876407 -0.42228875 -0.42973676 -0.58739835 0.0014292372 -0.27869257 0.5958902 -0.25774267 0.54862505 0.25852972 0.10579271 -0.49378866 -0.0547339 -0.49644366 -0.41428593 0.23386206 -0.18381633 -0.17375174 0.49275473 -0.5645974 0.07873665 0.2915324 -0.32942948 -0.15862374 -0.08861301 0.020158 0.17266631 0.15900952 0.124209225 -0.49250183 0.3924128 0.3965386 -0.3318824 0.2604587 0.37482986 -0.7432392 0.32702646 0.21803768 0.34143358 -0.45413786 0.74193317 0.24580318 0.371256 -0.10357601 0.39924175 -1.454134 0.5905463 0.7912871 -0.1444754 0.16851711 0.13033654 1.0157255 0.04577864 0.45837566 1.9217482 1.1380373 0.40427923 0.08993767 1.0514883 -0.46899638 0.6415654 0.5201555 0.890586 -0.37407917 -0.35689476 -0.20308271 0.44629037 -1.1160728 0.47568223 -1.8881018 0.40959796 -0.5381237 0.18216722 -0.74995327 -0.49379325 -0.17469084 -0.44051632 -0.019169377 6.0942722e-05 0.04316065 0.42131704 0.5906101 0.82221156 0.42884707 0.5712257 0.64809096 -0.8100331 0.62911767 1.3453028 0.6604864 1.3512819 0.7025389 -0.9163482 0.7108213 0.30721796 0.53480315 -0.39602032 -0.52115864 -1.5419014 -0.08935121 0.16513394 0.5378185 0.6915074 -1.1941332 -0.30381885 0.9090631 1.2887172 0.00088035624 0.11310931 0.47854364 0.06411333 -0.29870576 -0.22545516 0.09757613 -0.58943975 -1.0709616 -0.38891074 0.22368383 1.1664022 0.4071651 0.36612305 -0.6185157 -0.08876907 -0.20731656 0.1630603 1.1400176 0.48153463 -0.75310636 0.83507204 0.14241719 0.036988057 0.78147113 0.52475333 -0.38561952 -1.4000483 0.07088386 -0.17389514 0.5685731 -1.0951949 -0.34164578 1.1384051 -1.0393356 -0.35950002 0.06985391 1.254911 0.7601317 0.7425382 0.9712425 -0.3188532 -0.568363 -0.01718882 0.40651497 0.51172197 0.7031871 0.17114301 0.045389134 0.8761972 0.4600739 -0.014795138 0.07685052 -0.34981245 -0.7146311 0.12903999 0.38495955 0.6641951 0.26398587 -0.26519975 -0.3401222 0.62828237 0.10998774 0.6079351 -0.38713387 -0.48449603 -0.3193582 0.34170046 0.12842017 1.0579388 0.42469975 0.19675176 -0.17085528 0.60841495 -0.044320893 0.12438229 -0.06512113 -0.19923784 -0.07974644 0.2663589 -0.22632349 -0.5935874 -0.034802694 -0.42715824 -0.90985966 -0.27201292 -0.4632588 1.2157706 0.14090039 0.22822136 0.538213 -0.6213135 2.0916555 -0.6546029 0.22938614 1.4405376 0.36492264 -0.48651475 -0.7624851 0.29383737 0.46308824 0.14664741 0.74148226 0.2692611 0.7662819 -0.023669226 -1.2824445 -1.2991887 1.2709973 0.5165147 -1.4923095 0.037895653 1.597789 1.0856252 0.68655866 -2.030185 -0.4962376 0.77408475 0.7136892 0.42076108 -0.43483934 -0.7336089 1.048833 0.15261504 -0.49708351 0.4524315 -0.46729162 0.9575261 -0.37793013 -0.13842627 2.869508 -0.41362986 0.16923523 0.5720651 0.42279124 -0.7059021 0.04655241 0.9313863 0.30723065 0.43041325 0.6624741 -0.6129738 -0.21728249 0.5339149 0.6501835 -0.055991244 0.27498567 0.8316797 -0.7572802 0.5384475 0.18500338 0.39621007
rengöringsmedel -0.07303587 -0.4838154 -0.13660507 0.2832844 -0.29186672 -0.68171346 0.4955172 1.9124032 0.05455403 -1.1569808 0.47247058 0.21786232 -0.15463562 -0.9030974 -0.22846617 0.2705447 -1.6661427 -0.25753638 -0.6998356 0.1899388 0.5087847 -0.45984694 -0.37832677 -0.67869914 0.07019496 -0.27121472 -0.010928103 -0.32473728 -0.40860024 -0.30527988 -0.057228923 0.21082608 0.2992806 -1.52244 -0.51270264 -0.12555727 0.23168503 -0.3751577 -1.4693958 -0.0016997722 0.331314 1.0268517 -0.32592058 -0.23898941 0.21463864 -0.64868426 -0.04154527 -0.004218686 -0.08597264 -0.2772458 1.138523 0.790476 -0.12201637 0.5417032 0.021584028 -0.8440665 0.9258602 0.15008245 -0.47294512 -0.23215878 -1.1433861 -0.90253437 -0.11809087 0.46965718 0.67028034 -0.20291981 -0.56710285 -0.71501845 -0.6826853 -0.6230486 -0.27039132 -0.81300753 -0.6963503 0.633542 0.35659984 -0.77873254 0.699952 0.2890297 0.5935419 -0.971679 0.046881888 -0.20302178 -0.59336257 0.6214402 0.3988523 0.18067741 0.06554525 -0.29437432 1.8551342 0.8026307 0.32276443 -0.3146135 0.6140315 -0.20234379 1.2185061 1.2912549 0.5336762 -0.5780819 -0.4565625 -0.3732545 0.364754 0.48815075 0.29583976 -0.14401901 -0.36313015 0.20274517 -0.25684008 -0.06332516 -0.10526305 -0.62937224 -0.15661281 0.216974 -1.3119966 -1.2832496 -0.3592467 -0.43323952 0.5096287 0.102250434 -1.0024753 0.90063107 -0.014044034 -0.4311149 -0.28221798 -0.46725065 -0.21909474 0.8458751 0.8413895 -0.010001306 -0.12534052 1.0082705 0.72337234 0.96588093 0.53938353 0.37446663 0.25788075 -0.17352751 0.64486426 0.10867379 -0.24941128 -0.47490925 0.49759132 -0.07985571 0.37628046 0.1933732 -0.23430635 -0.22174998 0.24019314 -0.005511638 -0.6401586 0.46543917 -0.06869261 0.0052316715 0.2351426 -0.21385667 0.0036456964 1.4104332 0.005397779 0.6273318 -0.6962647 0.7830909 -0.23216636 -0.6776363 0.58538693 -0.5255755 -0.033466004 0.77765155 -0.915209 -0.011050473 0.82644546 -0.27860284 0.004721988 -0.22660014 0.37642953 0.26680323 -0.44553018 0.61488676 0.55680317 -0.35830146 0.57084775 -0.99039114 -0.8923418 0.72194046 -0.31951842 -0.62464184 -0.1958685 -0.014172687 1.2158494 1.0204107 1.4255668 -1.4259579 1.7964199 0.3344853 -0.3146451 0.2875138 -0.5785699 -0.36174214 -0.6503884 -0.43958315 -0.097328715 0.7344528 -0.4117233 -0.31316707 -0.87268823 0.2759094 0.33044577 -0.003947226 0.45837176 -0.48868242 -0.18551241 1.0048884 0.14951895 0.7456119 -0.33725464 0.032515194 -1.2418712 1.3047783 0.49128512 0.8241381 1.0082768 0.6789758 -0.35170856 0.4758939 0.8507707 -0.045037568 1.447764 -0.18396148 0.49567357 1.095594 -1.0633544 -0.39678472 -0.21967085 -0.5957971 -0.16105935 -0.017446755 0.010249233 1.3418214 0.058350094 -0.27846304 0.1508383 -0.7522996 0.7961548 -0.43437523 0.2480958 0.5672678 0.053970333 -0.3772785 0.21432526 0.5712003 0.19939174 -0.14378063 -0.6162131 -0.35944992 -0.7604818 -0.23187499 0.2828015 -0.4615896 -0.7030929 -0.6473673 0.19191878 0.5452629 0.40203103 -0.37371632 0.9323869 -0.01743229 0.14050758 0.022315074 0.30724984 0.64859223 -1.0177674 0.20273593 -0.11046275 0.49514845 0.44098008 -0.06481421 0.704749 -0.36857626 -1.3371174 -0.866604 -0.055019047 -0.8522998 0.09314176 -0.5459396 -0.16801602 1.4096835 -0.23850714 -0.32751822 -1.0310057 0.23487438 -0.34175304 0.7968775 0.37729016 0.87497485 0.3937919 0.6576332 0.8589192 0.047589853 -1.5766245 -0.18889634 -0.7275834 0.18963838
potatis -0.3112692 -1.0257773 0.5608447 -0.5971027 1.2060883 0.3782559 -0.7024516 -1.730329 -0.34030753 -1.0496322 -0.43827912 0.22996834 0.12622564 -0.36655313 0.39959496 -0.06930897 0.027196495 1.4660652 -1.336305 0.2896488 0.10442675 0.37988907 -0.20288074 -0.99993116 0.03936095 -0.14784591 -0.3083909 -0.29417908 -0.61470896 -0.33752713 -0.15055464 0.46829545 -0.25525072 -0.44722605 -0.3095627 -0.17072119 0.15779212 0.8974841 -0.07738241 -0.7974659 1.1528481 0.08617369 0.49729425 -0.20524973 0.5641474 0.580124 0.06037942 0.170189 -0.27874872 -0.3021257 -0.45831147 0.6168736 0.37075692 0.24728808 0.27456063 -0.37691107 -0.66981417 0.60494155 0.19769493 1.0355933 0.9587102 0.77192825 0.6335308 0.027061462 -0.505885 -0.3062458 -0.20532557 0.2721118 -0.7359886 -0.64721584 -0.09911589 -0.26401082 -1.5486562 -0.19794218 -1.0544217 0.3942763 -0.027396768 1.4880142 -0.6859538 -0.6929721 -1.2433039 0.47700405 0.7244869 0.07048722 0.955238 -0.22460507 0.115959935 -1.0861906 0.5019887 0.8247922 1.1132165 -0.8917838 -1.1644096 0.11689018 -1.4396427 -1.230194 -0.13889503 -0.8213152 0.98594815 -0.22868533 1.7301434 -1.3935919 -0.18230481 0.74951667 -0.23761074 -2.0178385 -0.33174363 -0.13276406 -0.5276841 0.5865185 -1.5935987 1.0792418 -0.035753947 -0.2519394 -0.68283105 0.31077805 0.16668482 1.187489 1.5159898 -1.1296223 -0.10097328 1.2769266 -0.47248447 -0.32823607 -0.5279999 0.18706211 -0.12206867 -1.4881816 0.7483596 0.17022915 1.466767 -0.11439303 0.31402087 -0.690742 0.16996801 0.69659185 -0.9898003 0.33950144 -0.92310315 -0.84037757 0.27086237 -0.32484883 -0.44146702 0.58182013 -0.64413935 0.7717603 0.6348675 -0.37958902 -0.8204414 -0.94287646 0.8618269 -0.38268462 1.0099205 -0.10944167 0.3492895 0.49401647 -0.8143664 -0.57081 -0.27346823 -0.3042045 0.9525631 0.35380033 -1.1951847 0.28890738 -0.49666417 1.3325963 0.19313176 -0.6601527 0.25075987 1.79008 -0.094077386 -0.503808 0.07422415 -0.43891355 0.391324 -1.7749723 -0.22013955 -0.30747238 0.14296079 -0.39035696 -0.40214124 1.0248255 -0.32605484 -0.90924424 -0.48763898 -1.0269431 2.6024039 1.1237849 -0.1836186 -0.28900367 1.0179414 -0.14249162 -0.30000365 0.98853236 -0.2666369 -0.3348935 0.11943824 -0.22121882 -0.16815922 -0.6120927 -0.44907716 0.3043578 0.042644512 -0.44094542 -0.85809475 0.32287657 -0.3090821 0.8822633 0.23733675 -0.29670212 0.4191087 0.8439207 1.0783384 -0.34774145 0.31631666 -0.8156594 0.6843289 -0.07818147 0.21328871 -0.13901152 0.4780109 -0.17633808 -0.1089128 0.7343556 -0.52252764 -0.35583952 -0.46348628 0.90256935 0.08121914 -0.3513754 -0.4920651 0.0657722 -0.03231398 -0.076655984 -0.8743392 0.873751 -1.5264802 0.14909352 0.20020927 -1.1207019 0.877054 -0.7829892 -1.0462555 1.1737207 -0.06473931 -0.39774626 -0.71469134 0.69503087 0.32534462 -0.6619118 -0.10026063 -0.5815223 -0.34147915 0.18790889 -1.4841088 -0.4233734 1.2133818 0.16322851 -1.2424201 -0.7332345 1.0345386 -0.22958586 0.5186987 -1.3346958 -0.27340874 -0.4075562 0.45707217 0.05902192 -0.08426438 -0.13616215 -0.028388862 0.27580705 0.13145451 -0.78043556 0.096089974 -0.46864533 -1.2496693 -0.22226557 1.289449 -0.10754174 1.5017772 0.2295324 0.24711686 1.030582 -0.3423639 0.6210909 -1.4029365 1.0026419 -0.63955045 0.41871423 0.42189747 1.1544865 1.0974798 -0.6493006 0.22955832 1.1892524 -0.02464261 0.33653775 0.5348318 0.5496431
päron 0.082332164 -0.026703699 0.26090387 0.035271768 -0.07146711 -0.84341276 0.46631786 1.6132782 -0.26192582 -0.3056657 -0.34546775 1.5036825 0.3069178 -0.14156286 0.36192167 0.44735342 -0.3791926 0.015813177 -0.32684422 -0.6075651 -0.097074606 -0.40961137 0.1946172 -0.6044764 0.4192774 0.5861231 -1.1798791 -0.3866693 -1.0735861 0.3293822 -0.10082395 -0.41061598 -0.034315486 -0.2515904 0.1505637 -0.6703643 -0.19244418 -0.10765718 -0.88202536 -1.1783228 0.36654317 -0.67744166 -0.8566478 0.7839024 -0.07367628 0.52090406 -0.16351151 -0.12882546 -0.68248755 0.15151611 0.248447 0.9257806 -1.2527329 0.1328749 -0.24386433 0.48542804 -0.06520345 -0.16068529 -0.9922021 0.14206849 -0.23226312 -0.6963562 -0.23792389 -0.7665434 0.01042502 1.485808 1.4095871 0.75092876 -1.5910798 -0.53580606 0.67844754 -0.02141552 -0.9582714 0.70962065 0.1538607 0.120764144 -1.1404833 -0.22707303 -0.7152535 0.5881131 -0.88858867 -0.1725908 -0.15954255 0.4725205 0.7927232 -0.34080678 1.2437326 -0.8937819 -0.066683486 0.24706757 0.18168391 0.1520947 -0.03266074 -0.7203048 -0.16097015 -0.20473911 0.51131743 -1.815848 0.060291205 -0.13265891 -0.6984176 0.46697053 0.48069698 0.5783166 -0.26698714 -1.6196144 -1.2302378 -0.24500635 0.19100806 0.40586677 -1.4814731 0.1926871 -0.3562953 0.58147717 1.27145 -0.8122259 -0.24035557 -0.021451043 0.47885707 -1.5838557 -0.65346336 0.93997496 0.3868763 1.0062845 0.17572114 0.6976793 -0.06966078 -0.081386805 0.96551204 -0.1423427 0.058250863 0.980481 1.2083585 -0.97064275 1.4468504 0.74775136 0.627192 0.64680505 -0.6905409 -0.2032108 0.8363039 -1.1258897 -0.2642552 0.457666 0.09030714 0.3837506 -0.23131599 -0.13105078 0.20140496 0.0020864017 0.3534178 0.0218772 -0.64149165 0.3169519 0.2784635 0.8371341 -0.0070065833 0.49863455 0.06759877 0.77676743 -0.28284302 -0.4884767 0.3559776 0.06333769 0.11655303 0.57879275 0.1395603 0.54144794 0.10373338 2.363686 0.55092466 -0.14676787 0.35758597 0.44027048 -0.028351558 -1.3065804 0.41018882 -1.2151117 0.7529196 -0.6924728 0.13848881 -0.6939434 0.13919888 -0.40559947 -0.4969746 -0.6501095 -0.6411645 -0.40960008 1.152359 -1.8779701 0.2685276 -0.38596952 -0.2807618 -0.2543282 0.24863127 -1.02828 -0.27066934 -0.5241163 -0.53667176 1.0515591 -0.4626475 0.10764916 -0.07609811 0.23337243 -0.7509175 -0.057259902 -0.022370145 0.11615929 -0.2001171 0.18613623 0.004623402 -0.18278784 0.12578133 -0.14963731 0.29109505 0.17314261 0.08249804 0.23440577 -0.75765276 -0.2811518 0.25763476 -0.033881985 -0.5290349 -0.43019366 0.8810127 0.074429214 -0.15254119 -0.017427241 -0.012469856 -0.20560344 -0.2415068 -0.015372667 0.802932 -0.024180608 -0.59541917 0.1162618 0.1546434 0.21047322 0.49466747 -0.23994237 0.99834836 -0.07621113 0.3248935 0.65742946 0.9402134 -0.08822946 0.36549816 0.3328661 -0.09436622 -0.7555105 -0.38442904 0.5164028 0.5207437 -0.2514745 0.1424129 -0.86949694 0.34627396 0.22686729 0.18611863 -0.23414266 0.26834318 0.07258577 1.0060672 -0.51647794 0.30865505 0.6775684 -0.1080285 0.004108212 -0.17992893 -0.48578653 0.22896451 -0.41680557 0.64975554 0.19560324 -0.012174528 0.6618776 -0.26152283 -1.1451409 0.7249597 0.926376 0.15917979 -0.328457 -0.34216946 0.40071794 -0.03400565 -0.21322761 -0.2786267 0.94650453 -0.74090683 -0.3847775 -0.15528809 0.07377899 -0.13395432 0.084390454 0.34270376 0.8336774 -0.43925837 0.44802254 -0.6548424 -0.034259625
russin 0.9009382 -0.30941448 0.1571422 -0.94560313 0.19900498 -0.19067591 1.0986187 0.10307617 0.37405142 -0.9109996 -1.0372434 2.6957395 0.1502933 -0.26684055 -0.5800177 1.6548692 -0.36076298 0.3552067 -0.2905686 -0.056642864 -0.15653683 -0.7808615 0.36767882 -0.47371688 0.8293243 0.7274139 -0.49148828 -0.6795027 -2.1656175 -0.19666812 -0.14080779 0.16404969 -0.41796908 -0.09538825 0.36349595 0.17649372 0.0812947 -1.2121817 -1.5658257 -0.63318145 -0.18045563 0.09927 0.21990164 -0.42224962 -0.30965334 0.17623237 -0.250892 0.5218346 -0.45676166 -0.49317837 0.041450735 1.1460657 -1.4852699 0.052327793 -0.044640668 0.81707954 -0.21608892 0.6047937 -0.8303262 -0.21091022 0.112428956 -0.23021647 0.5501447 -0.1982527 0.37735173 -0.46304122 0.47523555 0.13058493 -0.7035358 0.19230773 0.9243273 -0.0476962 -0.5452847 0.40452933 -0.2883244 1.017057 -1.292228 -0.3594009 -0.8361263 1.3094125 -0.26729205 0.39628738 -0.032831088 -0.37309146 0.13779773 0.04382874 0.42922255 -0.6403409 -0.61060935 0.61029494 0.19915052 -0.12040729 0.18358538 0.97070414 0.33360487 -0.6697538 0.98638135 -0.58149594 0.03533521 0.6101121 -0.102102295 0.2824297 0.31446162 0.18647112 -0.15125114 -1.9354562 -1.4824371 -0.7151744 -0.42508748 1.3574421 -2.596585 0.5844701 -0.62630135 0.1428692 0.23134246 0.026105702 -0.3500259 -0.27259743 1.0447116 -1.1724148 -0.9140679 0.48853034 0.25849897 1.6479702 -0.40831488 0.16400707 0.015404931 -1.4298308 1.3696889 0.9404845 0.78883606 0.87287706 0.63356286 -2.201314 0.8185585 1.510584 -0.2800165 0.8065807 -1.2374375 -2.0017073 0.772915 -0.8499791 -0.7597822 0.8383725 -0.21892554 -0.025586618 -0.053181473 0.057023663 -0.008956698 -0.2329347 0.6498229 -0.8556419 -0.33688283 -0.049734335 0.15181309 0.6175189 0.08354945 0.26730677 -0.18070999 -0.054689504 0.018225443 0.0060871807 -0.4384496 -0.1268689 -0.028237471 0.84651834 0.69057167 -0.45861468 -0.025714738 1.8685687 0.3925955 0.1929474 1.56253 0.29877615 0.3252785 -2.226726 -0.15295134 -0.4161933 0.25345245 -0.37395483 0.21963498 0.5220866 0.07879516 -0.3287262 -0.73610187 0.1215107 0.48511118 0.16239113 0.5665069 -1.314277 0.3345342 -0.559349 -0.26138157 0.13539301 0.7329812 -1.206206 -0.56135654 -0.5818138 -0.2687537 0.7324912 -0.32746172 0.45595336 -0.52169335 -0.54134756 0.23886327 0.5704685 0.11947268 -0.11736311 0.11854348 -0.11670723 -0.15927535 0.30596465 -0.14569008 -0.5209131 0.39940867 -0.35394117 0.512675 0.8180555 0.2113771 -0.5317422 0.90691763 -0.24982595 -0.2538654 0.27144647 -0.7374672 -0.03728051 -0.2894382 -0.16614911 0.19311616 -0.26517844 -0.29694504 -0.58442473 0.5912489 -0.01322009 -0.8943124 0.36534134 0.029469633 0.4664836 -0.37106255 -0.5196765 1.3026931 -0.3836183 -0.28185424 0.11922202 0.25963673 0.38004252 0.27621096 -0.030228844 0.54109305 0.3532542 -0.33194607 0.13447464 0.5856597 0.97627777 -0.7764552 -1.4048474 -0.025468502 0.13595565 0.54879373 0.35766503 0.19073822 0.060095873 0.63020355 -0.842626 -0.12413098 0.64913756 0.2719082 -0.516969 0.6222309 -0.6744401 0.523513 0.30855322 -0.17209403 -0.26835096 0.4212977 -0.3562329 -1.2465818 -0.9643755 1.5489527 0.8437409 -0.14368126 0.2356247 0.7726049 -0.5142113 -0.85059977 0.42254966 -0.797483 0.21105658 -0.50216836 0.23446307 0.25268275 -0.86992764 -0.1509389 -0.45554507 0.5238755 1.4309319 -0.15979807 0.16142923 -0.09386569 -0.32811823
ek 0.13000451 0.070797995 -0.11600608 -0.062427633 0.7088334 -0.55316836 0.37112558 0.67558175 0.56092894 0.16808565 -1.7435387 2.553036 0.21746461 0.9870123 -1.2599342 0.43981683 0.841205 -0.059952796 1.3485758 -0.49904838 -0.94138426 -1.0595993 0.838674 -0.49473372 0.3786257 2.1147666 -0.5012814 -0.28846386 -2.1383784 -0.14299832 0.103822336 -0.4236275 -0.27726808 -0.5843713 0.07935584 0.8150516 -0.5308022 -0.86618096 -1.6554168 -0.9508868 -0.5788487 0.32483253 0.786443 -1.147629 0.2472078 1.1616312 -0.60786325 0.516028 -0.7937086 0.2571788 0.8448904 0.5279953 -1.0986333 -1.0354677 -0.1705198 0.6985031 0.07330468 -0.24500975 -0.14308494 -0.26693726 -0.14535838 -0.6078843 0.32122025 -0.13587785 0.61656475 -0.10902754 -0.015509547 -0.7318942 -0.9325175 0.35724723 1.0357324 0.55651146 -0.35730913 0.09573276 0.34301344 1.1166147 -1.91661 -0.40359822 -0.76377666 1.0344638 -0.89790726 -0.7217462 0.65482426 0.6454012 -0.38763404 0.19906174 -0.29910976 -1.1195598 -1.2256886 0.56781906 0.5293773 -0.2691292 0.17837122 1.0634677 1.1388003 0.43987688 0.78181005 -1.0501975 0.6120052 0.1536119 -0.3186531 0.14683662 0.18178633 -0.07097049 -0.44897693 -0.9267617 -1.1722541 0.26489002 -0.01745843 0.3149912 -1.2517341 0.47606397 -1.0131617 0.5055862 1.1464366 -0.36023214 -0.71090055 0.12525393 0.45667726 -0.35777682 -0.25181124 0.21598616 0.20349473 1.4580339 0.44422638 0.47316393 -0.3410262 -1.7559775 0.5316529 -0.5839466 -0.09110808 1.4667532 0.947489 -1.3173084 0.9808524 0.90629286 -0.097336456 0.56708544 -2.0640168 -1.1034232 0.7282459 -1.6753258 -0.4920402 1.0298476 -0.32809368 -0.79627025 0.19001758 -0.56557 0.82065696 -0.2060814 0.41070697 -1.0240682 -0.59409946 0.46565968 -0.044015467 -0.3958327 -0.009377944 -0.25489026 0.23591565 0.20340769 -0.523758 0.03773397 -0.6903489 0.36289507 -0.33977726 -0.17544699 0.67130613 0.3376798 0.022678081 1.7401885 0.6091889 0.4943031 0.3041949 0.24988505 0.9158987 -1.9300542 -0.21109195 0.053183876 0.09496777 -0.45523682 0.68993616 0.13905682 -0.07055576 -0.79873854 -0.33521876 0.7333754 -0.20195879 0.67744553 0.5765573 -0.64622796 -0.034940977 -0.028415319 -0.37559924 -0.13813172 0.7656787 -1.3982817 -0.61603606 -0.55468076 0.34016684 0.6735723 -0.029602885 0.6968295 -0.3878376 -0.8071128 -0.21344008 1.1436151 -0.041353095 -0.1528965 0.56317884 -0.27234697 -1.565494 -0.2075889 -0.86040217 0.03646141 0.2717318 -0.058494326 0.0591068 0.41739318 0.16948386 -0.6636921 0.8136809 0.0052072397 0.41810197 -0.050193097 -0.590547 0.20165871 -0.39225876 -0.8350289 0.008974634 0.14480984 -0.22640352 -0.8433212 -0.8388659 0.017149901 0.080021635 0.054855183 0.30823368 0.5044704 0.5595848 -1.0573739 0.8295851 -0.51034945 0.030993385 0.7414196 0.5463481 -0.10043158 0.0026350513 0.3797963 0.072771765 0.11649856 -0.17901106 0.8252404 -0.40690628 -0.05019636 0.9106176 -1.0060627 0.04748949 0.5118593 1.1147287 0.29382485 0.410176 -0.18404925 0.04931978 -0.12877585 0.52621883 0.004759871 0.46680394 -1.1616497 1.1753999 -1.2472672 0.17539974 -0.15767041 -1.0008284 0.052661777 -0.28212836 -0.17147277 -0.45852348 -0.69652027 1.8317881 0.5942526 -0.6277427 0.0015892531 0.4557395 -0.40756702 0.41188526 1.0700514 0.6610797 -0.69111323 -0.35617793 -0.118259154 -0.42542174 -1.3741971 -0.9177525 -0.5823899 -0.4444257 0.54018587 0.18004233 0.32524315 -0.37143606 0.4925016
jordgubbe 0.6591624 -0.26976642 -0.49325663 -0.59093595 -0.18681479 -0.35126328 -0.51914793 0.48220375 -0.56193674 -0.6618914 0.106481984 1.010329 0.3039487 0.20042622 0.42340592 0.1799758 -0.90499055 -0.096730046 -0.22185151 0.46126097 0.28865677 0.25573364 0.089674845 -1.0004023 -0.22572424 0.4445905 0.06725181 -0.571814 -0.12468542 0.07182419 -0.6209423 -0.24849872 1.0315268 -0.71938735 -0.41353086 0.28009796 0.17285372 -0.61515456 -1.2771523 -0.79865754 -0.0155998655 -1.1073354 -0.66280717 0.43801337 0.07122684 0.46022213 -0.33733302 -0.23649229 -0.12354225 -0.8143588 0.10362157 1.001081 -0.22856405 0.4806144 0.2667787 -0.25137857 0.030195748 0.015226197 -0.91190535 0.67180663 -0.49625167 0.22857776 -0.27887526 -0.16267842 1.1863046 1.3530427 0.99167687 0.75580525 -0.71823496 -0.12599623 0.52274877 -0.11675859 -0.2207285 0.68410313 0.131468 0.6966787 -0.8596423 -0.042479217 -0.48834383 1.0823565 0.5485602 0.026759632 0.14024995 -0.82881975 -0.2923898 0.3289651 0.85719675 -0.32600603 0.04135742 0.6975779 0.1063862 0.46273237 0.19847032 0.17541622 0.035361823 0.63311374 0.11383823 -0.28799063 -0.10678793 0.124402486 -0.83840966 -0.07373164 0.004535256 0.05672873 -0.59778285 -1.0916938 -0.6891874 -0.053053148 -0.17323104 0.19534954 -1.2669411 0.3685603 -0.18065423 -0.26902914 0.52166706 0.0014722002 -0.18838575 -0.021097647 0.18113174 -0.88295555 -0.3964148 0.7315615 -0.005213351 0.48860487 0.3055868 0.14582509 0.1583242 0.24179335 0.51787734 0.1349696 0.32557002 0.30018473 0.8804636 -0.99102026 1.0560945 0.82635075 0.2002523 0.9606013 -0.5440425 -0.53971785 0.62927353 -1.2874871 -0.47814432 0.16554081 -0.6562234 0.4148902 0.03453128 0.23451638 -0.6773482 -0.26574296 0.7684027 -0.033500846 -0.21552514 0.38947248 0.020484844 0.60450995 0.05832662 0.5654297 -0.05759995 0.34363744 -0.61751455 -0.54307556 0.40657708 -0.26026028 0.055838197 0.82631046 -0.17549726 0.25524494 0.5081382 0.8359644 0.83028543 0.3490267 -0.18885367 0.44501594 0.48736584 -0.65295553 -0.2444792 -0.780852 0.6438526 -0.37835956 0.4046034 0.4794186 0.32245594 -0.4761573 -0.87223524 0.06602476 -0.56703126 -0.041879773 0.28734976 -1.3798141 0.2564481 -0.2614192 -0.08702658 -0.033716694 0.945978 -1.3854581 -0.10666263 -0.09991688 -0.67871 0.1471227 -0.22841053 0.5326973 -0.8657828 0.028559228 0.06602388 -0.4422996 0.3960172 -0.17763738 0.015288817 0.8650425 -0.06445441 -0.513808 -0.011939245 -0.11122548 -0.026994608 0.42080092 0.2757309 0.9225853 0.767031 0.08460236 0.74125427 0.0031867453 -0.5076988 0.015449246 0.52409285 0.1566315 -0.027571205 0.57541275 0.48340264 -0.6018589 -0.009232324 0.013667043 0.96489906 -0.51358336 0.66295624 0.09098669 0.16461354 0.06851771 -0.1505951 0.25535256 1.5565743 0.22094375 0.17721248 -0.08861786 0.5808307 -0.7012201 0.33143094 1.0526569 0.3646306 0.4369205 -0.23356727 0.65266734 0.883592 0.38482928 -0.08507916 -0.76068074 -0.20544735 0.39176655 0.15176933 0.84083456 0.60493106 -0.02246654 0.63879037 -0.7196928 -0.021130871 0.3299086 0.11276944 -0.029950874 -0.0050913547 0.15098937 0.22746558 0.014724393 -0.19117437 -0.5123351 0.16060655 0.23834357 0.31140238 -0.053971227 -0.124943994 0.20214754 -0.17202848 -0.524961 -0.87022954 0.9062198 0.33457252 -0.6626748 -0.6916087 0.60873413 0.03534347 0.39975125 0.57477224 0.78377473 -0.29072088 0.18180348 0.04233507 0.7093926 -0.6114757 0.020920647 -0.54592574 -0.45856538
skinka -0.55472517 0.041512758 0.3429166 -0.8469473 0.38782844 0.44736686 -0.49288982 -0.41609225 -0.31008068 -0.95340246 -0.098000325 0.75603276 -0.18872344 -0.43145242 -0.1271562 0.41236258 0.023204345 0.37020212 -0.59671015 -0.24322604 0.75915897 0.20509669 -0.3986977 -0.29089326 -0.91018784 -0.65917367 -0.5551944 0.18656395 -0.737247 -0.16649425 0.26225147 -0.16903754 -0.012330096 -0.8145097 0.0899603 0.7051507 -0.11331322 0.5455843 -0.29354241 -0.20853262 0.3461581 0.28585088 0.78114474 -0.2642768 -0.9135607 -0.48435742 -0.027340814 0.14960912 0.10671319 -0.41626194 -0.61491287 0.67778736 0.044379275 0.026316484 -0.045437295 -0.80725825 -0.46479148 0.9507289 0.051847804 0.7681357 0.86639816 0.6822915 0.42394155 0.4850364 0.091290064 -0.9509895 0.51482654 0.28522527 -0.2038746 0.10294035 0.56016 -0.37292683 -0.68791336 -0.073048346 -1.0051825 0.04607493 0.29218316 1.0009756 -0.76114726 -0.3589235 -0.6677401 0.65901124 0.06477179 0.898303 0.3987 -0.07669362 0.7177949 -0.9592318 -0.466849 1.6842524 -0.48440322 -0.25068152 -0.7982753 0.6759802 -0.52244884 -1.3048664 0.34522873 -1.3407634 1.000796 0.10657539 1.0927979 -0.7368049 -0.539191 0.043751676 0.2370882 -0.67364055 -0.42166534 -0.12627321 0.1332221 0.5034484 -1.1697748 0.75918293 -0.6062254 -0.9305711 -0.5641009 -0.21695134 0.25188792 0.7867194 0.7983956 -0.23479436 -0.41909653 0.54835457 -0.31613144 -0.82759273 -0.44816267 -0.16823834 -0.34229347 -1.2896023 0.9928171 0.79135054 0.5468207 -0.34858757 -0.34930137 -1.0191015 -0.25627494 1.0773205 -0.5238105 -0.41530898 -0.2932142 -1.2396064 -0.035785813 -0.4869544 -0.36292848 0.775536 -0.1166997 0.18867289 0.37981093 0.36636052 -0.8950835 -0.2338909 0.18949586 0.20961247 2.0481355 0.40485653 0.1103159 -0.2876191 -0.944936 -0.49732578 -0.53519577 -0.6105683 -0.41317728 0.6375151 -0.56995744 0.13398474 0.42900798 0.65365195 -0.048913453 -0.72838455 -0.5145747 1.5488816 -0.5860486 -0.64475274 0.492413 0.40374202 0.08306998 -1.4463464 -0.21536173 -0.30652583 0.0025121982 -0.19211449 -0.18882957 0.118289836 0.6213825 0.17485799 -0.1974432 -0.39672506 1.0614434 0.07231153 -0.2490625 -0.28247827 1.0447712 -0.32067376 0.24634235 0.7289571 -0.07926835 0.01251906 -0.2464661 -0.49782842 -0.17081338 -0.36229715 0.16555195 0.94547206 0.01224424 -0.5841317 0.22198306 0.8229107 -0.38755518 0.42077544 0.50320935 0.12831187 -0.07383989 0.10500991 0.22266108 -0.62392455 0.3769769 0.019180942 0.37546828 0.19246617 0.7710674 -0.54752165 0.70035636 -0.27746898 -0.567609 0.7842087 -0.16337647 -0.07594048 0.42997876 0.50395954 0.30959326 -0.14738762 -0.5486412 -0.23274189 0.44907367 -0.42121768 -0.8628979 1.0086176 -0.9424156 1.4631246 0.49947336 -1.8104768 1.4808565 -0.5446367 -0.59325147 0.5032669 0.06915309 -0.57542074 0.29051688 0.35237017 0.5371817 0.14290066 0.22880055 0.11626036 1.076581 0.67534214 -1.9000047 -0.5921914 1.0248433 -0.16697466 -0.21216536 -0.061611347 0.5715962 -0.35356894 0.8803831 -1.1478245 -1.492016 0.06239706 -0.38717812 0.18339244 0.23825957 -0.37689206 -0.122783214 -0.00635168 0.110840484 -0.35260335 0.049189337 -0.75830835 -0.9920373 -0.26141033 0.3946582 0.6390935 0.5370324 -0.72438455 0.19207878 0.37391338 -0.56372094 0.72616524 -1.0465802 1.2326671 -0.20455034 0.4803891 0.33914825 0.030452207 -0.09814187 -0.701673 0.20088863 0.4307136 -0.59732866 -0.26356915 0.08674449 0.31923786
kokosnöt -0.17177756 0.19005062 -0.45339522 0.34700048 -0.38768545 -0.3065755 -0.46153563 1.1500145 -0.0874174 -0.98532665 0.6679226 0.31748798 -0.19839208 0.18533318 -0.03936741 0.59882045 -0.58318484 0.19984668 -0.44023764 0.07987016 0.3153606 0.2487204 -0.49158442 -0.68673503 0.041292805 -0.19555323 0.5062759 -0.090675645 0.35703152 0.40278277 -0.28796408 0.052167572 0.5993243 -0.9268276 -0.013678989 0.17519625 -0.34219518 -0.25905153 -1.4040159 -1.0257932 0.35016 -0.14997734 -1.4360335 0.73089194 0.34410614 -0.6383984 -0.5444821 -0.06358726 0.0058982554 -0.38370317 0.086938225 0.850143 -0.29993087 1.1722478 0.089674726 -0.061502792 0.15295194 -0.24034752 -0.9907613 -0.056765366 -0.57280344 -0.7163418 -0.27067477 -0.6649996 0.8596193 1.5440271 0.54872817 0.40199155 -0.82988894 0.0703606 0.35719934 -0.38012648 -0.9521562 0.34872425 0.4620377 0.35910022 -1.1990124 -0.03761127 -0.15029877 0.7335064 -0.35629678 -0.35446623 0.17983763 -0.6276705 -0.13812155 0.15908824 1.1897252 -0.30599225 1.0103693 0.0710336 0.3402688 0.09169968 0.67376435 0.2571862 0.44056386 1.5099782 0.044692576 -0.8181679 0.045962103 -0.014339179 -1.305793 0.10544306 -0.099449985 -0.0007171328 -0.6937519 -0.62579346 -1.4645871 0.09720747 0.49267492 0.49791792 -1.4212456 0.6068403 0.03867913 -0.20917085 0.52212006 0.26935923 -0.49058244 -0.51160115 0.7196224 -0.6562331 -0.2378868 -0.07796489 0.6672809 1.2219592 0.1601533 0.014877383 0.60717326 1.0523527 0.5448886 0.09217312 0.22924122 0.9227998 0.81208163 -0.3636422 0.9999152 0.2897967 0.55123 0.28690565 -0.20219265 -0.27775475 0.58923674 -1.1739681 -0.284132 0.17714904 -0.93001115 -0.22238913 -0.28534505 0.2504111 -0.5251978 -0.44712892 0.6349117 -0.19184981 -0.020596901 0.6508588 0.4672746 0.45740318 -0.95255774 0.056456614 0.16837816 1.2591574 0.0795133 -0.52254784 0.25681853 -0.70447433 -0.23100722 0.63393867 0.066023104 -0.03885485 -0.11706537 0.52984905 0.6123767 0.48392543 0.374533 0.34114638 0.018629925 -0.46404484 0.07824287 -0.07288487 0.024821116 -0.8318596 -0.094479814 0.16757706 1.0222079 -0.27605617 -0.635276 0.004385403 -0.3044581 -0.59582937 0.74415326 -1.8237814 0.043590534 0.046097156 -0.6210405 0.11395201 0.46311736 -0.8029258 -0.07622724 0.2060862 -0.58020455 -0.3125338 0.061751254 -0.18152264 -0.7200201 0.15301888 -0.62094265 -0.41594142 0.34366828 -0.45213005 -0.7333618 0.9989348 0.14230637 -0.4161434 0.114425406 -0.46007144 0.05748171 0.4115583 0.18812948 0.62848175 -0.10359214 0.48619023 0.3008318 -0.06921141 -0.71053016 -0.07403198 0.3450862 0.012034862 -0.48052043 0.5850683 -0.14863391 -1.2504454 0.07202598 0.08308605 0.6031787 -0.4388923 0.801541 0.014638515 0.050717615 0.28118986 0.14011262 0.71657115 0.92483616 0.9606571 -0.08840915 -0.010900192 0.78019804 0.3381749 -0.21148653 0.47647086 0.85253865 0.07490795 -0.18803708 -0.12567917 0.30444407 -0.34701332 0.32752246 -0.61885434 0.41957015 -0.28334045 -0.38392517 0.44405326 0.95211935 -0.0862519 0.23610756 -0.06852759 0.4998299 -0.058867946 -0.15771556 -0.3118548 -0.15237495 0.7589954 1.0347254 0.058503553 0.5324863 0.1439292 0.7539781 0.8032844 0.79081166 -0.33019364 -0.5664641 0.41300464 0.44165698 -0.30382228 -0.39924088 0.35387322 0.39454222 0.071536385 -0.8234283 0.80086476 -0.0041678944 0.9948546 0.6367607 0.69192606 0.26086774 1.3223984 0.82059175 0.9001049 -0.53760827 -0.301308 0.36558348 -0.9708109
grönsak -0.106614485 -0.8341448 0.1385608 -1.7238212 0.7024621 -0.56653786 0.24723427 -0.31260142 0.08266091 -0.88477755 0.82135063 1.3588839 -0.05325365 -0.6491078 0.6635159 0.07988427 0.68277454 1.3105522 -0.729198 -0.54890704 0.21564452 0.57932806 -0.46639422 -0.7440321 -0.72210526 0.96975374 -0.15824232 -0.33443367 -0.8501253 -0.83454466 0.19738504 0.30154005 0.21698211 -0.19387102 0.39531884 -0.10200867 -0.021911029 0.12143973 -0.7532401 -1.7090458 0.1389343 -0.48075607 0.43201745 0.000485454 0.2380627 0.4646261 0.14282498 -0.06314567 -0.19216909 -0.18893275 -0.036157776 0.2377633 -0.17415212 -0.764409 0.29703048 -0.7650614 -0.18305491 0.79098564 -0.35807872 -0.031664327 0.60179085 0.4959717 0.81305623 -0.47913572 0.45026007 0.34624937 0.17532194 0.20353414 -1.4807867 -0.45076647 0.53127056 -0.35711005 -0.82443374 0.52678174 0.09575253 0.35007104 0.21688603 1.276662 -0.39633924 -0.6273732 -0.19223616 0.15142779 0.30443484 0.23672926 0.9435825 -0.45149574 0.2503607 -0.33081052 -0.01570443 0.8698987 0.888997 -0.6084452 -1.354803 0.28026125 0.3712917 -0.82518077 -0.519302 -0.8114986 0.11718721 -0.6406161 -0.10512655 -0.3987114 0.59525806 -0.1471248 0.059414 -2.0523942 -0.27615625 -0.37418526 -0.6801605 0.21869323 -1.935404 1.1922935 -0.14347197 0.15622991 -0.28851306 0.87595826 0.46367314 0.6891776 0.68540287 -1.0693083 -0.39710653 1.3510222 0.5261741 0.48317206 -0.23175305 0.27937087 -0.31775007 -1.6360114 0.8078329 0.07299268 0.4642486 -0.027466627 -0.2558212 -0.45996603 -0.53814286 0.42322508 -1.0215039 0.10821963 -0.95284384 -0.41323906 0.16154376 -0.4749024 0.105593964 -0.7201134 0.17365324 -0.021039171 0.2976565 -0.12635855 -0.42692545 -0.3193654 0.40022492 -0.42413637 0.19828725 -0.47876367 0.23981881 0.56775355 -0.6978705 -0.43535808 -0.015128754 -0.086419664 0.58438224 0.5591508 -0.90375936 0.7470879 -0.060032878 1.2478826 -0.07754326 -1.5761362 0.26117095 1.6275476 0.05240314 0.27520078 0.27488288 -0.6742754 -0.33715105 -0.35050616 -0.5615876 -0.016529527 -0.4943136 -0.6062398 -0.4731049 1.0664318 -0.6932143 -0.617621 -0.368162 -0.59937286 1.5329084 0.9868298 0.23271649 -0.63208336 0.8989786 -0.46650574 -0.20182084 -0.47416368 -0.37530607 0.5684805 -0.32842624 -0.66331464 -0.03236728 0.59479326 -0.4755804 0.43157437 0.19512555 0.013582114 -0.47668678 0.51725745 -0.05934148 0.66735 0.4881858 -0.10589277 0.27638203 1.2360023 0.36704203 0.3937911 -0.2944696 -0.80826753 0.25233853 -1.1899319 -0.8009544 -0.7596543 1.6886207 -0.39595288 -0.32001963 0.8835088 0.4152092 0.8036638 -0.54588187 0.8804488 0.7488751 0.1263109 -1.0137217 -0.0033059425 0.06998926 0.2350122 -0.66544074 0.8557619 -0.9426922 0.43863034 -0.5543197 -0.6565557 1.3077723 -1.4304106 -0.6656474 1.2727412 0.39565623 -0.39266875 -0.026739815 0.7587965 0.7994615 -0.68198997 -0.6846612 -0.41644168 -0.5956172 0.27855712 -0.6806113 -0.98122483 0.8280587 -0.13182959 -0.29307434 -1.0700208 0.49611866 -0.15555209 -0.9479788 0.17700364 0.99463993 -0.3523996 -0.55201507 -1.0576603 1.1019322 -0.75826526 1.0588768 0.23042274 -0.24831592 -0.5382174 0.221712 -0.4843231 -0.58488595 -1.1966276 1.365333 -0.08930079 1.4427681 -0.56967753 0.25410256 0.66925323 0.043368716 0.72572273 -0.80378634 0.37144268 -1.0833484 1.1040571 -0.051988933 0.082891904 0.19324747 -0.84816027 -0.8708202 0.2842433 0.042390723 -0.33445153 0.18094093 -0.030834457
gurka -1.2922698 0.29267874 0.16365607 -0.02825327 0.6890342 -0.27135375 -0.31529933 0.13172704 -0.42454195 -1.1030153 0.16299826 1.1730348 -0.02745825 -0.6080332 0.5407313 0.22226058 -0.657917 0.09407952 -0.2492937 0.5189949 -0.34339625 -0.42558298 -0.31744346 -0.19758485 -0.24294873 0.1068229 -1.0530133 -0.13321161 0.17789637 0.48306245 -0.38722232 -0.08310486 0.17510635 -1.3032345 -0.080987975 -0.396138 0.049122054 0.32844347 -1.0788524 -0.93895143 0.57100624 -0.7524004 0.036344323 0.4394068 0.2089026 0.4983133 -0.059153937 -0.033095274 -0.3085382 -0.2528342 -0.12347036 0.6883224 -0.92744553 0.08727206 0.6064425 -0.10690546 -0.007335181 0.5949631 -0.83252275 0.3967725 -0.6568982 -0.0535072 0.046446487 -0.6488324 0.41520596 1.0765377 0.83233345 1.0358903 -1.1043186 -0.20275554 0.3057903 -0.46295524 -0.81445324 0.15280537 0.11899296 -0.11817384 -0.4037121 0.49481997 -0.33998254 -0.56033903 -0.22670938 -0.024701113 0.15159121 0.20044224 0.361542 -0.2662071 0.45675802 -0.3214231 0.96785605 -0.06820923 0.6370256 0.1658552 -0.60616475 0.71652013 0.43385562 0.49075395 0.5966957 -1.0273011 -0.08178327 -0.09587876 -0.37009692 0.055057377 0.7308722 0.46617013 -0.31847465 -2.1240346 -1.2659119 -0.05216591 -0.18017156 0.4071172 -2.4232736 0.58913004 -0.18105173 0.3560323 0.944865 -0.14625809 0.050225157 -0.3940855 0.22423476 -1.3739965 -0.4981923 0.35514337 -0.37268615 0.9867172 -0.6332061 0.38448867 0.6587366 0.12646258 1.419224 0.5355641 0.3485045 0.58651567 0.8385316 -1.006292 0.8325882 0.8729498 0.33638898 0.15580599 -1.4141483 -1.2210627 0.84460217 -0.86163086 -0.9182975 0.6479631 -0.13359657 0.059974946 -0.19476849 -0.14880066 0.05240283 -0.28339493 0.115170985 0.29487634 0.5124538 0.11970611 -0.015321528 0.9327371 -0.33877555 -0.13059768 -0.6090132 0.48320007 -0.038407627 -0.025698084 -0.13145788 0.060333595 -0.7087501 0.54521614 -0.21918608 -0.12335498 0.30101395 2.0093582 0.3101218 -0.116368584 -0.580255 0.106773295 -0.73568594 -0.7456916 -0.29377988 -0.57942086 0.2102297 -1.1542313 -1.0315827 0.9473985 -0.2740798 -0.8602709 -0.274883 -0.9965476 0.7119751 0.078456454 0.693581 -1.0894893 0.14021663 0.07665929 -0.2258339 0.3056962 0.28152764 -1.3259883 -0.298276 0.11655571 0.13709055 0.38551098 -0.45194632 0.58117527 -0.66979533 -0.6128431 0.016634168 -0.58599985 0.32044208 -0.36839128 -0.36337116 0.71094745 -0.007821124 -0.16812095 0.8076183 -0.28006554 0.48767313 0.053604152 0.12848604 0.38839987 -0.0784503 0.098191954 0.40443534 -0.33231047 -0.28677508 0.6038923 0.48262858 0.50017554 0.013843033 0.9976755 0.42706978 -0.12563553 0.2183573 0.03923392 0.8327946 -0.3097901 0.9762092 0.2962376 -0.3461254 0.5618942 0.21458814 -0.11174203 0.5648282 -0.04380959 -0.5415378 0.60159725 0.71687895 -0.41384947 -0.2976028 0.29713908 0.5389922 -0.13455212 0.09186587 -0.15467764 -0.7941626 -0.4926303 0.030796302 0.904701 0.50409406 -0.46358556 -0.6497134 -0.09173607 0.71361375 -0.42807117 0.3787225 -0.7068751 -0.37941754 0.326278 0.29666713 0.5827547 -0.10904135 -0.032165837 0.0019867672 -0.07594753 1.0021484 -0.22310835 -0.35669103 0.10500372 -0.9854544 -0.400632 0.41954273 0.121120445 0.9375118 -0.97894925 -0.28093803 0.80533606 0.082151 -0.18171309 -0.25463417 0.8929646 0.21897331 -0.17618927 0.1739446 0.24234262 0.38158032 -0.07636657 0.13595606 0.89171046 -1.1165774 0.41933125 -0.08327046 0.5291314
gödsel 0.20222063 0.10239935 -0.26538444 -0.06288302 0.1629161 -0.58365744 -0.14613986 1.3900156 -0.20794128 -0.13912216 0.65535706 0.056189075 -0.3686582 0.29937714 -0.01852135 0.3279363 0.58707744 -0.448825 0.23302872 -1.0726473 -0.44678175 -0.53296036 0.11033117 0.68572164 -0.4182062 -0.23223102 -0.4223383 -0.049761925 -0.22701958 -0.14775415 0.3684745 -0.648589 -0.32543823 -0.969349 -0.39116186 -0.12995009 -0.2550358 -1.1743761 -0.811917 0.4463342 0.49383986 0.039228704 -0.33308664 -0.86756426 0.2761735 0.6111068 0.5504468 0.872034 0.39618543 0.26593113 -0.32219568 -0.018074278 -0.32991523 -0.14202523 -0.6280916 -0.29325068 0.106700145 -0.06097852 0.3629901 -0.21347448 -0.08544893 0.74624735 0.26369798 0.6628571 -0.08951668 -0.44467583 -0.11120145 -0.23890896 0.14689043 0.017948836 -1.0096343 0.26198822 -0.14765164 -0.47844416 0.14583038 -0.11893206 -0.1524321 0.031404644 0.5553262 1.0204006 -0.0758331 -0.054580458 0.23532958 0.37643728 0.96875787 -0.33414587 -0.076000184 -0.4285226 0.29739162 0.6080225 0.31131434 0.84877014 0.2606599 -0.6365779 0.2234987 0.45669785 0.2275414 0.06783405 0.15332185 -0.1634993 -0.36997274 0.6196342 0.9875632 0.4054045 -0.07175305 -0.7652444 0.33132565 0.115038715 -0.6951433 0.07330182 0.12629765 0.35070992 -0.25553012 -0.049543444 -0.23707435 0.21089432 0.26282328 0.45061734 0.5885705 -0.35671797 0.11950418 0.45916918 0.85400707 -0.39638358 0.88013214 1.3450896 -0.07060072 -0.51459646 0.6172286 -0.07133245 0.22365408 0.5442831 1.2016038 -0.40016153 0.3881412 0.27890062 0.21953407 0.20667337 -0.4567386 -1.3472449 -0.30355227 -0.13927345 0.2703474 0.7770557 -0.53255284 -0.060526963 1.2272455 0.53638226 -1.4936641 -0.0836087 -0.45171478 1.2090534 -0.91676056 0.5105035 0.18493272 -0.8148785 -1.461331 -0.40974045 -0.16683027 0.48702013 0.11840031 0.1735232 -0.5615014 0.48782375 0.14786884 0.4973898 0.79446715 -0.681855 0.51528144 -0.29808015 0.12303349 0.16612893 -0.05456745 -0.44965598 -0.60434043 0.2974592 0.17199552 -1.4741683 -0.14324148 -0.7365275 -0.47002697 0.6826474 -0.6319679 -0.09568232 -0.44441086 0.108093746 0.10959539 0.5695302 -0.027834073 -0.6948068 -0.013873558 -0.40364438 0.42733878 0.51982015 -0.022053136 0.87637204 1.0217925 0.78720284 -0.13765876 0.044155948 0.13554674 -0.16020982 0.09684772 1.0777595 0.2790774 0.59140974 0.2982875 -0.08461864 -0.23346043 0.11305361 0.02424232 0.59879196 -0.28065765 0.28015304 -1.3046815 0.8813544 0.7039174 0.6001365 -0.13155296 0.29434052 0.4184268 0.29904523 0.67211777 0.077847496 -0.2533077 -0.47675583 0.61467487 0.38737395 0.4312771 0.051806573 0.11267863 0.16216514 -0.3029115 0.4469486 -0.2082247 0.9591694 0.16243777 -0.5998095 0.38443756 -1.0003428 0.9315734 -0.69730884 0.6901468 0.6160954 0.60621196 -0.2709452 0.24993446 0.64192605 -0.11069917 -0.41890356 0.21371867 -0.16732775 0.02242302 0.0073856157 -0.58888763 -0.08593226 -0.28754467 -0.02619412 0.3538522 0.2434803 0.3576502 0.45820317 0.49588537 -0.4932351 -0.38918012 -0.0276497 -0.039022956 0.28178445 -0.44184595 -0.38282403 0.17273872 0.91646224 -0.65305024 -0.24151583 0.43766326 -0.16783549 -0.9436473 -0.28007734 0.7299007 -0.35574913 -0.029849647 -0.10510301 -0.31022012 -0.023534684 0.5099464 0.13507684 0.20791018 -0.19354527 -0.31918767 0.1573181 -0.5558768 0.9618929 -0.08466255 0.06843406 -0.006174194 -0.45102388 -1.1727871 0.4747317 0.0023225632 0.8523498
lack 0.41996658 -0.04883131 -0.6022258 -0.41268754 0.36923337 0.18136561 0.73094016 0.3554218 -0.15584943 -1.0942823 -0.2522323 0.28059074 0.007291962 -0.1410897 -1.1284153 -0.12797724 -0.6286416 -0.09833281 -0.9475264 1.0601726 -0.04531517 -0.3571134 -0.41431302 0.15889409 0.3707766 0.036394667 -0.02982722 0.079102084 -0.63277316 0.39014065 -0.17045736 0.34066978 0.3308272 -0.17454295 0.29205662 0.009804325 0.15389037 -0.084062316 -0.4451733 -0.0060436237 -0.107855745 0.42377284 -0.003242698 -0.026114814 0.026418498 0.9582569 -0.5795225 0.77628106 -0.23723035 0.4662836 0.20915563 0.642214 0.15079887 0.95688754 0.53434014 0.46060672 0.11718391 -0.40508556 -0.37048897 0.6750693 0.13170803 -0.5533745 0.3343331 0.2755394 -0.099839605 0.61868805 0.5306641 -0.22142585 -0.38893008 0.14216477 0.84203404 -0.23020358 0.023589114 0.29424378 0.7385964 -0.13634154 -0.30480838 -0.30864197 0.87914896 -0.35984722 -0.36015052 -0.372018 -0.10327681 0.07938649 0.5272435 -0.14597738 0.51597685 -0.13089263 -0.442404 -0.3144053 -0.37187973 -0.27766407 0.53981125 0.45449305 0.42553326 0.5206483 -0.47226557 0.16525564 -0.19413598 -0.21643975 -0.6434228 0.75590587 0.57587427 -0.5616974 -0.30249497 -0.587441 -1.2608263 -0.17502187 0.5211087 -0.13953355 -0.45290485 0.2009004 -0.3136073 -0.02723148 -0.12037553 -0.057446435 -0.0976895 0.18396321 0.5442884 0.0010902167 -0.3640466 -0.30804238 0.27007234 0.11073652 0.17471565 0.13137591 0.33783895 -0.23949629 0.21183051 0.42111865 -0.11614835 0.9671199 -0.41457292 0.29174027 0.29484 -0.2924756 0.52675235 -0.43539953 -0.8960974 -0.5096035 0.11387631 0.09904554 0.07764665 0.22245781 -0.6042454 -0.5835062 -0.36277303 0.5829322 0.31080052 -0.47672987 0.30674428 -0.5077112 0.097221956 0.19344507 0.01632815 0.0034320874 -0.07200557 -0.1374338 -0.8595093 -0.15161654 -0.020014985 -0.2402778 -0.00786753 0.092160895 -0.012954243 0.43428254 0.46022388 -0.21542983 0.47764197 0.11055137 0.25952086 0.0015203471 0.76712376 0.55579054 0.66924465 -0.5532286 -0.49337137 -0.2851496 0.07475587 -0.7131784 -0.5802106 0.85609573 -0.5115711 -0.57414705 -0.18471399 0.3478125 1.1199462 0.4719887 0.66127264 -0.69279295 0.508325 0.7965655 0.13112178 0.032143746 0.8686379 -0.5866338 -0.29386818 -0.031621747 -0.14956518 0.05816781 -0.016889052 0.52029717 -0.6831207 -0.045232203 0.63459736 -1.0075023 0.13397442 -0.04916626 -0.445881 0.6562355 0.58325595 -0.3859099 -0.10333487 0.013368227 -0.5955727 0.23967618 0.1564182 0.8494421 0.7393883 0.55212826 -0.11583291 -0.020799348 0.055803053 -0.108662374 0.6416728 -0.24081874 0.43780687 0.19209978 -0.5463599 0.09845565 -0.07970595 -0.24703732 0.64047253 0.07622927 0.094628684 0.68693876 0.26872933 0.020584755 0.6405857 0.2879745 0.4757423 0.15386261 -0.35951778 0.19501457 0.5369842 -0.06863151 -0.40307376 0.2771698 0.23308258 -0.09717311 0.54208285 -0.15731978 -0.08842467 -0.006138615 0.16361673 -0.4850153 -0.7654329 -0.5472071 0.97982585 1.3438662 0.6149503 -0.7325727 -0.35991833 1.6727879 -0.909186 0.29710302 -0.39288792 0.15196678 0.16030635 0.041092355 -0.06331436 0.9815803 -0.2841104 0.052314207 1.3637725 0.6128332 0.06518939 0.66026586 0.16828497 -0.3513468 0.16471861 -0.04711062 -0.3117585 -0.23413384 -0.087994955 0.17560963 0.23346987 -0.36225834 -0.20635718 -0.03343316 -0.23679043 0.45126298 -0.0037607052 0.31736556 0.13778807 0.030582624 -0.44632396 -0.37622708 0.11961208 -0.5369357
kartong -0.43358958 -0.73002386 -0.1493413 0.03747689 -0.4891304 0.3299236 0.20953183 0.25976303 0.024269275 0.14345253 -0.63489497 0.32165974 -0.16216807 -0.32404357 -0.35770398 -0.31905445 -0.68706656 -0.31080785 -0.5613114 -0.25108802 0.23289853 0.011180712 -0.4515672 -0.3033981 0.21552312 -0.16671592 -0.37076482 -0.2259527 -1.6293348 -0.5372668 -0.07533708 -0.019654827 -0.41967222 -0.3029414 0.053394217 -0.2509448 0.11309909 -0.67713064 -0.73871166 -0.096625604 -0.4564468 -0.20505819 -0.08452246 0.08789198 0.25260383 1.0499088 -0.08799286 0.60440725 0.02012754 -0.24126545 0.3728791 0.46493077 0.022619281 -0.5135748 0.3145575 0.47428828 -0.08703247 0.34604654 -0.154547 0.010377601 0.1805055 -0.61323446 0.32419536 0.014941785 -0.7507553 -0.09459023 -0.4350989 -0.79098624 -0.18475592 -0.617356 -0.30417746 -0.060680877 -0.38338542 0.4267919 0.35867447 0.20480333 0.024154989 -0.23126784 0.014585503 -0.028325865 -0.034837596 0.44404253 0.15272288 -0.9432789 0.35875604 -0.38384867 0.21319526 -0.43979317 -0.115689434 -0.093413614 -0.30771172 0.21694772 -0.49539232 0.4272327 -0.30706385 -0.36005127 0.36688858 -0.52364475 3.4767843e-05 -0.2686204 0.63432187 0.25489086 0.42464778 -0.596921 -0.4263428 -0.3696155 0.33025652 0.17065367 0.2975333 0.21502747 -0.3763785 -0.13979347 -0.33161318 0.5163596 0.19712794 -0.23108883 0.23529626 0.21410069 -0.6065568 -0.11919119 -0.32949033 -0.7865119 -0.3067969 -0.47573736 -0.029837549 -0.6793216 0.6803162 0.3937398 -0.23534721 0.16157079 0.031226862 0.5828621 -0.30740386 0.18371698 0.3075657 0.1975412 0.380823 -0.0024277442 -0.49568656 -0.45556056 0.33860353 0.092130676 0.17543432 0.64712954 0.02153186 0.2720392 0.5299709 0.6666535 0.32534134 0.011207527 0.112670474 0.41526738 -0.8814886 0.329567 -0.042339016 -0.05913699 0.058003023 -0.0049999724 -0.7796679 0.45123678 0.30849358 0.54154015 -0.66989005 0.15569226 -0.18019663 0.1047714 0.3316252 -0.006668598 0.3508985 0.6797773 -0.52343655 0.4156286 0.21002619 -0.059492376 1.067223 0.050805315 0.053586703 0.1499838 0.4261753 -0.03204653 0.45754963 0.6106564 -1.0928597 -1.0403231 -0.16379566 0.29538727 0.6719651 0.57531595 0.76955056 0.102755114 -0.490502 0.42604777 -0.07603903 0.26652637 0.11999302 -0.2760382 0.18091826 0.077251 -0.30525765 -0.25629532 0.62144035 0.61573493 0.12624213 0.79784286 0.8140433 0.08787652 -0.7114163 0.52112883 0.4799148 0.1684301 0.3305245 0.67053103 -0.45068824 -0.18306686 -0.39325625 -0.7299713 -0.30109486 0.4986654 0.3699937 -0.13449644 0.25659537 -0.007809157 1.3851566 -0.031017778 0.08268975 -0.83830094 0.4186198 -0.15754461 -0.85706115 0.08656655 -0.055359993 -0.4911941 -0.86113065 0.3969264 -0.7129409 0.921439 -0.3622291 -0.24628907 0.2090068 -1.2909336 1.7183665 -0.646518 -0.15612921 0.49192366 -0.082916215 -1.0075716 -0.036535 0.22882473 0.6675422 0.07097932 -0.16754755 -0.05188017 0.47852668 0.19342548 -0.4294252 -0.97324836 -0.17346461 0.0636396 1.1046683 1.077593 -0.4726209 -0.7858679 -0.2547004 0.2520717 -0.35621566 0.11539039 0.18909146 -0.0899618 0.01346324 -0.59375495 -0.043812606 0.16034223 -0.50646746 0.68264914 -0.03673824 -0.070743866 -1.0612321 -0.38006726 0.96054053 -0.6817173 0.037526723 0.28059366 -0.12737483 0.6465957 -0.53990144 0.5574174 -0.16095437 -0.19382949 0.024664218 0.1533359 0.55190116 0.97122735 0.92949915 -0.33084708 -0.3061472 0.79969954 -0.30468684 0.094356686 0.22136356 -0.114276
målarfärg 0.30870342 -0.8317422 -0.34614417 -0.30034345 -0.055117138 -0.8198027 0.33315572 1.2861129 0.21719538 -1.2896711 -0.47232795 0.50847185 -0.3587292 -0.1948421 -0.75055784 -0.005229532 -0.16354902 -0.016297346 -0.25515395 -0.25963387 -0.5958476 -0.487248 0.20295346 -0.31482628 0.36383387 0.3686202 -0.44304904 -0.08076451 -0.4864578 0.5020029 0.32105556 0.016667038 0.13979012 -1.0001572 -0.721205 -0.14459243 0.410186 -0.12740666 -0.51985323 0.22726688 0.48480168 0.12681027 -0.09036441 -0.04839159 0.45882866 -0.40272155 -0.006935873 0.39137813 0.27337456 0.13660319 0.8097056 0.291946 -0.1478962 0.23448503 -0.38743812 -0.6690908 0.14799653 -0.10287097 -0.08494909 0.12430166 -0.5580538 -0.66673666 -0.1156868 0.070479445 -0.2511157 -0.2209824 -0.35258192 -0.2341955 0.46972427 -0.09068886 0.077100284 -0.28307697 -0.3983247 -0.043672595 0.20111236 -0.30161792 0.12848023 0.26996812 0.81967443 0.12052352 0.16307086 0.43656528 0.14154568 0.3470029 0.3247464 0.30148092 0.09392613 -0.27652442 0.9271365 0.8227575 0.36812672 -0.20421615 0.4970658 0.12995705 0.7467833 1.1593932 0.3115739 0.043090686 0.48320174 0.08471228 0.2890904 0.029568465 0.31176826 -0.35327762 -0.19682829 -0.60362834 -0.18929698 0.43686363 -0.31376112 -0.04986504 -0.04999916 -0.19663447 -0.36037615 -0.8823699 -0.49339354 -0.046730917 0.22384056 0.16933262 -0.23864108 0.23136075 -0.25814393 -0.10415438 0.15369812 -0.0020607885 0.23338814 0.77830637 0.6209268 -0.39173806 0.7479845 0.4904553 0.36459973 0.914677 0.74474984 -0.020799568 -0.096095964 -0.2306047 0.1974297 -0.13622582 -0.16943638 -0.34531608 0.059952486 -0.5932341 0.25360197 0.6786582 -0.13299938 0.10460042 0.6338342 0.3889518 -0.55532765 0.2516541 -0.18040322 0.12194467 -0.49806702 0.5519013 0.011294142 -0.5776479 -0.21734035 0.16622438 -0.2841367 0.5749382 -0.67160505 -0.29042822 0.6630513 -0.5301883 -0.5890961 0.07522975 0.20224153 0.18362257 0.41642833 -0.38344306 0.52003294 -0.3599158 -0.44259912 0.05250868 -0.11746974 0.1988507 -0.20569555 -0.8188663 0.23908585 -0.7708006 -0.09740986 0.607687 -0.23688455 -0.79256564 -0.37206382 0.47816432 0.99693805 0.4496797 0.98989516 -0.74929065 0.7233889 0.24717775 -0.012521946 0.25627726 0.21639611 -0.7043191 -0.30217403 0.38844067 -0.08634855 0.30171958 0.09543155 0.5430171 -0.50940245 0.08035738 0.23926792 0.11247233 0.33746627 0.100172564 -0.6076877 0.8346136 0.067678444 -0.20194286 0.02305395 0.23380396 -1.3662726 1.1023676 0.03473568 1.0820948 1.338537 0.8050393 -0.117316335 0.36200702 0.6521428 0.012941598 -0.2831949 -0.2714833 0.36734045 0.029763982 -0.61599785 -0.27035227 0.23609668 -0.4983523 0.08182771 -0.06480507 -0.28443292 0.79075646 0.66750723 -0.31665856 0.1875279 -0.18590192 1.1987556 -0.6623591 0.23578781 0.31938633 0.0605942 -0.5621062 -0.4173705 0.6255122 -0.08232756 0.4476768 0.5201515 0.52994215 0.6164614 0.09982977 -0.33526286 -1.3975279 -0.4657968 0.04185799 0.5527823 0.9877657 0.24298611 -0.20619896 0.23919101 -0.4410727 -0.59635407 0.30825326 -0.059106767 0.37476757 -0.7240904 0.22993168 -0.29976335 0.18550347 -0.34155595 -0.2577942 0.67453516 0.59474295 -0.31988102 0.3832776 0.34521228 -0.37181628 -0.36704618 0.3484694 -0.55247223 -0.15930153 0.29727143 0.37254918 0.007497081 -0.2883407 0.09244703 0.119713746 0.23763452 0.7633855 -0.11346671 0.071484506 0.22552925 -0.15316388 -0.8492093 0.60834146 -0.41765818 -0.3975517
ammoniak -0.15998645 -0.1373788 -0.5283506 -0.03854539 -0.2941314 -0.09403271 0.35893428 1.2460003 -0.38084626 -0.18915758 0.47730696 -0.79720026 -0.07733093 0.056906246 -0.4528032 -0.4210081 -0.6589518 -0.14661145 -0.3983075 0.43507233 0.20312673 -0.37510663 -0.06971222 -0.11597452 -0.37825274 -0.5394042 0.18968554 0.26214686 -0.46442306 0.2658668 -0.041002497 0.13736388 -0.20088755 -0.32838792 -0.9502748 0.1510059 0.07136756 0.10803871 -0.08966289 0.29127678 0.38133633 -0.105536535 0.013395146 -0.15675317 0.22686099 0.5808341 -0.23547535 0.17428707 0.6099704 0.5227453 0.53848904 0.108573906 0.05018902 1.0748476 -0.032512877 -0.06844332 0.3703803 0.31944776 -0.14103006 0.16866082 -0.289067 0.3337377 0.0055815587 -0.09227557 -0.22324157 -0.014549617 -0.110056534 0.0446058 0.16589622 -0.081809655 -0.20328537 -0.8111636 -0.40013275 0.2512608 0.14076866 -0.22935276 0.06182115 0.55498207 0.23848692 -0.14190434 -0.29059386 0.10607791 0.02891264 1.0050012 0.6212638 -0.19994077 -0.073193096 -0.3337157 1.2329654 0.24153471 0.44842038 0.0853943 0.36579016 0.466736 0.13201044 0.6242399 0.61456513 0.34511605 -0.093115255 0.13259616 0.5019802 -0.025978733 0.45322624 0.33668947 -0.09623905 -0.77403 -0.12447358 -0.0033204113 0.16359943 0.18267933 -0.35547152 0.15636921 -0.18004371 -0.026492992 -0.3558946 0.32728943 -0.22280858 0.029093882 0.48344496 -0.056001674 -0.49631023 -0.28731132 -0.20088068 -0.1851713 0.20079136 1.1631722 0.18073177 -0.94125944 0.7275963 0.81238884 0.6336475 0.9034822 0.60835403 -0.3339071 -0.08792166 0.51632535 0.23067807 0.028916467 -0.8321754 -1.2265304 -0.10448703 0.15882526 0.035854973 0.3332951 0.075554594 0.065439016 0.62524337 0.046930254 -0.8744127 -0.0410301 -0.10132825 0.43320113 -0.27336282 0.34171745 -0.18182582 -0.53807074 -0.66348124 -0.4384392 -0.4188158 0.7387539 0.73010194 0.0022184628 -0.13975513 0.35667583 -0.13290165 0.122703694 0.5612713 0.040963884 0.30566627 -0.080165625 -0.2641176 -0.2672948 -0.098560706 -0.4399747 -0.050104946 0.34616143 -0.88825864 -1.2669848 0.5311812 -0.6325051 -0.2815017 1.0499703 -0.7777026 -0.21673426 -0.4163805 0.37441933 1.6731758 0.6761938 0.81246656 -0.8210961 0.3442684 0.37796447 0.39006954 0.70407736 -0.18846498 0.23676655 0.17126939 1.0365556 -0.12936567 -0.59351003 -0.022499291 -0.1517639 -0.08761597 0.93497515 0.14229485 0.16335632 0.2980507 -0.5598517 -0.84192413 0.661192 0.16188017 0.3558956 0.13269415 0.0055463198 -0.68658423 0.08258653 0.3516676 1.4495171 0.9585145 0.7766201 -0.66977686 0.21669258 1.2064682 0.19306637 -0.4728027 -0.35598257 0.45542595 0.29066324 -0.6291385 0.32063287 0.22101456 -0.30791268 -0.1828713 0.43479538 -0.3729954 1.1796316 0.3882621 0.208045 0.31743604 -0.7724723 0.97496563 -0.23919353 0.13170506 0.41808194 0.026428914 -0.37164754 -0.039568394 0.32547012 0.5556042 0.34917268 0.17123885 -0.035092555 0.017293405 0.2901524 -0.23703727 -0.2984817 -0.4129114 0.11227847 -0.11627248 0.25205958 -0.07154302 0.10361065 0.5391134 0.21335433 -0.41838112 -0.2493251 -0.03601099 0.39620405 -0.28528902 0.41545722 -0.01884731 0.8685944 -0.16165988 -0.117078885 0.13265458 -0.14409554 -1.6613625 -0.23669061 1.0888916 -0.0042700926 -0.40994138 0.26538345 0.056080762 0.03491102 -0.11327392 0.012852179 -0.49301887 -0.0072574955 -0.1624484 0.39561087 0.02618337 0.29240903 -0.21270442 0.586809 -0.06385513 -0.45214292 -0.7161965 0.28468573 -0.681887 0.4520416
bageri -0.91826916 0.21990106 0.22196281 -0.8342957 -0.7749882 0.022597022 0.5047546 0.5229223 0.36241406 -0.29274043 0.24907362 0.2087554 -0.34759948 -0.3623985 0.3714615 0.7019653 0.6766183 -0.18476675 -0.5261132 -1.5807308 0.051495083 0.66356766 -0.26820925 -0.18344742 -0.30244398 -0.25600702 -0.15120828 -0.7915565 -1.0757293 -0.57351047 -0.22526047 0.182686 0.11395556 -0.14033036 -0.24545802 0.5109025 -0.23181435 -0.67875177 -1.0440632 -0.1539308 0.7939543 -0.6314441 -0.6552239 -0.32973 0.15995651 -0.63112766 0.040244415 -0.71735024 0.13822435 -0.3024961 -0.8202401 0.3237071 0.442484 -0.18808264 -0.33391052 -0.13664937 -0.24493833 1.0418124 0.4336168 0.54528064 -0.48960477 -1.0197257 0.15575255 -0.08584658 -0.053013407 0.17531297 0.23109616 0.0637017 -0.74931824 -0.20733103 0.22247092 0.38693598 -0.77187246 -0.9477858 0.21271251 -0.56201595 -0.08323186 -0.19705798 -0.028368918 -0.3607513 -0.27520177 0.42981628 0.10455758 -0.58525425 0.0072859256 -0.07835554 0.18311754 -0.87263894 -1.0669641 1.3417295 -0.22811987 -0.63673186 -0.049461555 -0.28629804 0.5080485 -0.42119265 0.2687864 -0.50399244 0.32975838 -0.3244082 0.061959874 -0.45885837 -0.19333729 -0.16113241 0.8116953 1.0573837 0.73645926 0.51354986 -0.089289024 0.4559926 0.39213315 -0.10204575 -0.10567581 0.6128976 -0.058361754 0.82582295 0.3773777 0.4638406 -0.4606335 -0.41753888 -0.32570425 -0.5646237 -0.43419224 -0.048174843 0.24729034 -0.8836551 0.33294976 0.58371204 -0.5217938 0.3432148 -0.11201638 0.13273759 0.66010016 -0.4685949 0.15589923 0.48284778 -0.092693076 -0.28089333 0.09174366 0.06485421 0.059329633 0.20569853 0.4241754 0.0017355407 0.2523389 0.5462733 0.1789898 0.6053285 -0.2806837 -0.015942603 0.5413449 0.21051556 -0.5212218 0.54024476 0.7280124 -0.7055845 -0.30260628 -0.0663058 -0.48926926 0.27808982 0.23337485 0.34921837 -0.9158437 -0.20315477 0.29569864 0.6560623 0.28299877 -0.5942568 0.13396046 1.2613809 0.49055478 0.59785837 -0.18059331 0.0012609977 -0.102713965 -0.23245013 0.8104953 1.0035679 -0.49781185 0.4344405 0.23402801 0.5050838 0.592572 0.0650167 -0.6548933 0.45535442 0.048700213 0.16656867 -0.15603466 0.7640943 0.4899414 -0.47626373 0.11661562 0.30816627 -0.29828286 1.1020523 -0.059849698 -0.5408575 0.21293467 -0.43214622 0.6516871 0.0020857628 0.3736845 0.506827 0.55669975 0.037294444 -0.20339435 0.5634983 0.5149768 0.56709176 0.24315627 0.58889437 -0.110514626 -0.53476006 -0.4196214 0.07693394 0.13382138 -0.8602605 0.30086488 -0.12561679 1.0693827 0.17532465 0.328012 0.4834295 -1.1599094 -0.90762126 0.6834121 -0.7834922 -0.81754607 0.12426422 -0.30694795 0.055066377 -1.0592917 -0.15293866 -0.36779255 0.7692196 -0.2967674 0.4926481 0.34957737 -2.2978673 0.47215545 -0.11422001 -0.28205693 -0.41823757 0.9718382 0.20957667 0.5126962 0.36994922 0.5650345 -1.3522115 0.021946145 0.39060846 0.035547238 0.15029289 -0.7948517 -0.66171044 0.38265863 0.17952827 0.29592127 -0.08860822 -0.29672277 -1.2157952 0.269513 -0.77595407 -0.97209054 -0.24527222 -0.59561604 0.8309915 0.2979692 -0.055695865 -0.3448966 0.058201842 -0.033155628 0.43785214 1.316349 -0.53975683 0.043108936 -0.7020664 -0.94763565 -0.26470894 0.5462684 -0.7283784 -0.27586615 1.0146341 0.03672176 0.1061207 0.05200255 -0.19311675 0.06498381 1.4384215 0.6272455 1.3148855 0.6304994 -0.88433653 0.31465098 0.63460183 -0.4243517 0.31898835 -0.22038461 -0.6846086
sirap 0.16790701 -0.5471861 0.3062398 -0.39682272 -0.16346154 -0.88041157 0.7320657 -0.27137083 0.69347876 -0.5670926 -0.3551673 1.5632272 -0.11046657 0.040070355 -0.14750427 0.4068754 -0.74510115 0.5630343 -0.776929 1.2668091 -0.20640515 -0.27110168 1.0031223 -0.16062792 0.80061984 -0.3402095 -0.8429628 -0.7212115 -1.7778738 -0.076183096 0.3301943 -0.422242 -0.27084133 0.10442183 0.30521712 0.47462147 -0.12094767 -1.0880268 -1.3101522 -0.2592181 -0.27745977 0.49464455 -0.1689037 -0.79305947 -0.03263253 -0.98700833 -0.16816916 -0.14616592 -0.38329035 0.1393084 -0.32067674 0.57923424 -1.0932593 0.30769527 0.015524003 0.13748018 -0.2656766 0.5019737 -0.5548136 -0.14925972 -0.14888184 -0.12101752 0.16775706 -0.094766214 -0.028573552 0.0660589 0.286904 0.33522585 -0.8557661 0.03217615 0.543312 -0.09769561 -0.4508043 -0.46034846 -0.26658583 0.6311271 -1.1435311 0.26853538 -0.51258695 0.7319758 -1.3101144 0.3180044 0.300997 0.90944433 0.062502384 0.25930157 0.38769725 -0.46286815 -0.28952706 0.71179545 0.4913853 -0.25550032 0.2135649 0.3865824 0.778594 0.36444864 0.24267845 -0.38821027 0.17681457 0.45034412 0.5049912 -0.048937865 0.028433686 0.34306806 0.35354954 -1.0768372 -0.8214899 -0.34348702 -0.6646486 0.99182355 -1.5405046 0.2378619 -0.74202055 0.4460815 0.34297073 -0.12315076 -0.3433138 -0.23451053 1.3375388 -0.96964204 0.099720344 0.14199947 0.28530547 0.91403586 0.04149775 0.26623678 0.49107155 -1.4477022 0.6725161 0.7051042 0.9966458 0.3431562 0.4141804 -1.5622087 0.95850474 1.3561876 -0.33235985 0.4091175 -1.0909469 -1.6399343 0.43381444 -1.4880996 -0.21646143 1.117254 0.008562334 0.64151007 0.008768216 0.115999766 -0.33329967 -0.31726944 0.34554735 -0.88717866 0.07069254 0.10191189 0.05242504 0.17293303 -0.20042634 -0.47894686 0.26977205 0.33038062 0.40829924 0.42641452 -0.25831687 0.1467115 0.36358604 0.34453577 0.8087717 -0.3273985 0.26903814 1.4443856 0.50489867 -0.12284681 0.8379329 -0.047452487 0.3466041 -0.83978117 -0.46383092 -0.7212134 0.5677347 0.018175734 0.06969447 0.4388457 -0.18749312 -0.10718018 -1.0416481 0.29769725 1.3469436 -0.20806846 1.1256572 -0.9187315 -0.024115466 -0.25674188 -0.23007347 0.24281865 0.5831751 -1.5052001 -0.35519373 -0.72906476 0.12976585 0.3711909 -0.06776825 0.11348547 -0.5631054 -1.0348545 0.111469425 0.091077134 -0.09597662 0.107869 0.33321664 0.12435943 0.092903346 0.4765523 -0.04746256 -0.71354616 0.8400432 -0.29147872 0.20369256 0.4699711 0.6719709 -0.3604275 1.0647781 0.031295247 0.036406394 0.3885615 -0.47291264 -0.5967655 -0.16975002 0.09465939 -0.036096603 0.10434619 0.5742944 -0.42309108 0.4463366 -0.28293058 -0.048257552 -0.10628659 -0.14012237 0.8012401 0.08301851 -0.88059634 0.90605575 -0.22926608 -0.0039205435 0.29412007 0.11441016 0.2387599 -0.03806972 0.70929605 -0.5188573 0.5386906 -0.32124504 0.3801965 0.9214542 0.8100357 -1.1701512 -0.9643008 0.365304 0.37371126 0.29899448 0.2946445 0.17382215 0.50549793 0.29652888 -0.62601405 0.9053783 0.09480824 -0.4413216 -0.49421152 0.70511866 -0.24838899 0.60939854 0.27530387 0.25676936 -0.32300022 -0.03344589 -0.26170495 -0.7265352 -0.74458444 0.9430486 0.4954428 0.09664871 0.06008808 0.9013958 -0.39445356 -0.6997015 0.1966566 -0.32088974 -0.4000612 0.2272674 -0.3494516 0.71591127 -0.65572196 -0.13566911 -0.08154605 0.32145175 1.0958023 -0.051435743 0.05110513 0.06753927 -0.70203346
kork -0.37609345 -0.19573355 0.3676747 0.6772879 0.00780758 0.4714471 0.445733 -0.31137934 -0.492897 0.46672598 -0.44685945 0.5462935 0.17267776 -0.48234054 -0.61804193 -0.18301156 -1.1230402 0.15035981 -0.5816764 -0.43532452 0.57200795 0.33519498 -0.060179044 -1.1392547 0.46050426 0.35009587 0.36638385 -0.052877206 -0.41102222 0.7891539 -0.25536838 0.5710142 -0.71477306 -0.18347202 -0.22376794 0.23647293 0.03370677 -0.64129764 -0.29813683 0.3334289 0.748956 -0.008522162 -0.8074102 -0.36738816 -0.0013202266 0.62675256 -0.5280578 0.016476814 -0.22145557 0.42447716 0.17759176 0.07499048 0.10941967 0.96021765 0.2878156 0.17636876 0.34801134 -0.59381545 0.043338057 0.33812597 -0.059978172 -1.0989068 0.23494717 -0.65282583 -0.09399819 -0.6992692 0.1034601 -0.02498852 -0.70206136 0.2909288 -0.16826297 -0.22038363 0.4009762 0.53438646 -0.19976217 0.31274647 -1.4271277 -0.31282434 0.05298527 0.22358839 -0.18069899 -0.024652712 0.019720115 -0.27770147 -0.25563583 -0.10034102 -0.95145905 -0.6117817 -0.658595 -0.20794012 0.006375812 0.30303127 0.042181652 0.6107778 0.12720364 -0.0123780705 -0.16359453 -0.319341 0.21220855 -0.65787554 0.5127156 -0.26710224 0.48497546 -0.4021983 0.42771795 -0.8422343 0.05904119 -0.1212994 -0.009267211 -0.28719923 -0.3996272 -0.47465262 -0.035933055 0.69235563 0.30273125 -0.81918263 -0.38935107 0.31031466 -0.29977947 -0.07485628 -0.511433 -0.83773917 -0.22721054 0.3903373 0.6671823 -1.010039 0.5275376 0.6820873 0.44116807 -0.17346522 -0.5725591 0.9026518 0.4649873 -0.32690552 0.89735013 0.38440484 0.89985055 0.5473524 -1.0186836 -0.63628066 -0.027411632 0.44079137 -0.2984691 -0.24106939 0.050192844 0.36109117 0.5897999 0.045955956 0.0037133025 -0.39178908 0.4601283 0.43840122 -0.4144336 0.4228823 -0.56233776 -0.5574326 1.0995685 0.14939676 -0.55699825 -0.17080098 0.4322464 1.0188613 -0.3825171 0.43843535 -0.10676053 0.34268877 0.43182102 0.18895467 0.6821583 0.5036698 -0.038686875 0.770723 0.3263845 0.29103807 1.1695609 -0.6676117 -0.24229378 0.48026636 0.5027853 -0.5421626 0.74629855 0.09610044 -0.23200285 -0.6275027 0.046638858 0.052002333 0.5336116 0.41475716 0.6556239 -0.00480209 -0.06815128 0.14048055 -0.3227449 0.14145446 0.37993523 -0.59187096 0.40581822 -0.068639316 0.26080167 -0.18672778 1.0615219 0.5657375 0.47262758 0.55901664 0.3329624 0.62617046 -0.15992787 -0.119982496 0.08926038 0.19285005 -0.48646647 0.38907474 -0.09232491 -0.18012437 -0.1612325 -0.85333097 -0.07039015 1.1075338 0.7049582 0.2808908 -0.41710517 -0.15377754 0.46806258 -0.15635768 0.30515805 -0.20372362 0.118421264 0.04697418 -1.3238066 0.22293347 -0.6610795 0.11055135 -0.6430595 0.4257197 -0.10628979 0.92482436 -0.24254955 -0.036749005 -0.074990146 -0.70428103 0.88219863 -0.45788765 -0.1568605 0.49290827 0.22970462 -0.46640447 -0.32824078 0.95151 0.60963 -0.29378307 -0.16553736 -0.3057322 -0.49009448 0.69710237 0.18821378 -1.1449722 -1.1812322 0.130523 0.3894285 0.24425553 0.2633505 -1.239084 0.2104005 0.5041486 1.0429889 -0.35062388 0.24396035 -0.21419223 0.85680276 -0.6857169 0.27030656 -0.36011592 -0.5292827 0.42640302 -0.89202243 0.2032057 -1.1077323 0.23764071 1.0156304 -0.5350756 0.009807239 -0.20818794 -0.37446278 0.475304 -0.3983781 0.14124273 -0.072595574 -0.48371366 0.21604425 -0.4255969 0.52348596 0.9140818 0.27894232 -0.23070396 1.0714763 0.8363911 -0.5649619 0.3827471 -0.45546097 -0.02521689
björk -0.06783483 0.44772056 -0.17128262 -0.09479827 -0.68666375 -0.44573036 0.295954 1.1620824 -0.13976201 -1.2272487 -0.30947328 0.8054279 0.20164493 0.16097972 -0.5061011 0.38213044 0.19391766 0.28601095 0.3705031 -0.90985024 -0.5515682 -0.6484472 0.2507051 -0.08013098 0.031252265 -0.10915316 -0.9735992 -0.103120945 0.20421092 -0.3547663 -0.80025667 0.57500684 0.16035782 -0.24898021 -0.42339617 -0.4263738 -0.47456974 -0.5696603 -0.50408405 -0.3254869 -0.12109954 -0.16318387 -0.07243942 -0.018973423 0.2872465 -0.4518601 0.23770025 -0.41760963 -0.2649329 -0.7151122 -0.11567992 0.3335093 0.104192466 -0.34388876 -0.117205665 0.25865272 0.21742198 -0.51832515 0.1272011 0.61960995 -0.29782796 -0.034850735 -0.3227069 -0.31138352 0.5502506 1.0231144 0.0055758953 -0.11320649 -1.0630757 -0.15128516 0.21133907 -0.00066964125 -0.77913857 0.12370538 0.4913806 -0.65877223 -0.7370767 -0.050573856 -0.848963 0.53839827 -0.2306339 -0.429651 0.17987636 0.8660304 -0.01736109 -0.13581026 0.9140188 -0.74738914 -0.4761384 -0.019626776 -0.5120945 -0.06520308 0.10512178 -0.8881968 -0.15580064 -0.1597371 -0.026805405 -1.2837873 0.7840277 -0.39732993 -0.019650536 -0.458959 -0.20644593 0.059615813 -0.05705722 -0.068246685 -0.4577466 0.112618275 -0.007133992 -0.19875944 -0.7952815 0.8392749 -1.2375607 0.44435537 0.5371816 -0.14355293 -0.367868 0.35096017 0.0018357692 -0.6916335 -0.49020773 0.04511418 -0.07819318 0.025059849 0.16970922 0.20696393 0.14358456 0.1341979 0.074350685 -0.14711444 -0.31853142 1.0700957 0.6689326 -0.7825003 0.22108135 -0.03707725 -0.23261072 0.15475428 -0.6087186 -1.0056359 0.6313235 -0.38822463 -0.68838316 0.19612747 -0.042827815 -0.041451123 -0.15715021 0.41458037 -0.03111257 -0.2585431 0.10942361 0.06383049 0.035713695 -0.12051905 0.24211192 0.14519955 -0.78771484 0.28931466 -0.2677508 0.8266027 0.67364246 0.016923983 -0.7609527 0.15827797 0.24057595 0.5189088 0.28331974 -0.11558993 -0.13178793 1.1473899 0.5636901 0.17751476 -0.5015006 0.73328066 0.51667255 -0.7356133 0.5597346 0.4392311 0.10982011 0.05438043 -0.16157141 0.15151528 -0.20927067 0.22574808 -0.049483333 0.07117452 -0.4829312 0.38157457 -0.040671486 0.28018 0.17846139 -0.06715661 0.042029828 -0.6803451 0.44303077 -0.6039726 -0.7245187 -0.64523166 -0.35254687 0.7441528 -0.27595237 -0.24612276 -0.4319063 0.15999249 0.083035566 0.6237189 0.15931632 -0.024197303 -0.014046153 0.10680267 -0.08584629 -0.7651858 0.29927883 -0.33845568 0.10035934 0.31473035 -0.37176052 -0.6224913 -0.89091325 0.16829206 0.90144366 -0.36507443 -0.91699475 -0.28256148 0.8927015 0.1927686 0.31771097 -0.13243222 -0.3151493 -0.14634728 0.3540221 -0.03419387 -0.22631916 -0.31293646 0.37921217 0.15925285 -0.20134984 0.2915658 0.5893153 -0.43934682 0.8230521 -0.17067699 0.21160014 0.61881787 1.0788743 -1.3496028 0.087660074 0.68133104 0.042130273 -0.35188752 0.5923141 1.2737299 -0.3684126 -0.1975497 0.74476 0.97656137 -0.15014346 -0.5044962 0.12695062 0.37041837 -0.21753165 -0.72980636 -0.21116738 0.18892644 -1.0400034 -0.1475812 -0.8059602 0.57815707 0.08282966 -0.45104098 0.20982122 0.09426039 1.1458203 0.13407102 0.3013299 -0.31734815 0.3463438 -0.14516598 -0.020773819 0.21469678 0.3978392 -0.4303969 0.26473644 0.97331685 0.0909806 -0.11773175 0.08764152 -0.15299736 -0.03802236 -0.31999135 -0.18504837 0.1257356 0.6197883 -0.20894544 -0.22366723 0.26449078 -0.10264964 -0.3126911 0.36732274 -0.11918745
eukalyptus -0.37797427 0.34263945 -0.42506728 -0.19128604 -0.25958642 -0.5065714 0.8409106 1.1163781 0.056100067 -0.8439612 -0.1617969 0.80178607 0.17910442 -0.49288836 -0.06590178 0.31221762 -0.55293816 0.24396229 -0.526567 0.2828747 0.17371428 -0.27058384 0.26862946 0.17561384 0.27072847 0.103329025 -0.57265353 -0.38002005 -0.27698848 0.29834592 -0.35324228 0.09600241 -0.21617833 -0.29219076 -0.26302373 0.20135252 -0.44145423 -0.4737208 -1.1074207 -0.5114959 -0.045831732 0.199449 -0.19779758 -0.23351084 0.29411852 0.05397482 -0.02701583 0.20990935 -0.7463753 0.019561026 -0.028716117 0.567516 -1.056246 -0.065268055 0.011309008 0.13366853 0.019147955 0.25663513 -0.34569106 -0.031759087 -0.37457782 -0.77535087 -0.084575586 -0.396213 0.6854047 0.8025336 0.04250339 0.49374846 -1.5093776 0.008891789 0.5819074 -0.006284203 -0.6183863 -0.099239886 0.046613675 0.40206787 -0.92881006 -0.24357358 -0.29492512 0.50485337 -0.20309271 -0.3242949 0.13198501 0.44261545 0.27507752 -0.20675465 0.29839298 -0.21523446 0.70121884 -0.04697959 0.7773897 -0.40987355 0.70991176 0.41903874 0.5618744 0.63788295 0.59969693 -0.1933938 0.19594812 0.22610897 -0.2729289 0.39014402 0.21670666 0.1865324 0.008339753 -0.8929809 -0.76862454 0.21470898 -0.0848398 0.0467903 -1.1338927 0.01795043 -0.5253782 0.30511943 0.35052317 -0.032972902 -0.29508695 -0.18539552 -0.09638176 -0.18418792 -0.5000835 -0.17427076 -0.041132644 1.0229717 -0.1728099 0.52949 0.45164758 -0.20323762 0.4081567 0.23465934 0.008419567 0.7043166 0.38070568 -1.1129947 0.5740976 0.20516917 0.40416166 -0.04545439 -1.0298637 -0.71491337 0.98266107 -0.849028 -0.28844902 0.61640644 -0.08277878 -0.102866426 -0.2952927 0.10229835 0.100082874 -0.04036079 0.65517575 -0.44880006 -0.5267777 0.38019946 0.26349202 0.27113602 -0.16648696 -0.25291064 -0.15057738 1.0845714 0.3562113 -0.016905537 0.25152692 -0.10385809 0.010281243 0.71934986 0.72612596 -0.00075844413 0.26625273 1.2922958 0.45224378 -0.013863151 0.030919665 -0.17710423 -0.09749118 -0.42008 -0.042252973 -0.27318197 0.21366549 -0.37992758 -0.6939128 0.7663896 -0.050837867 -0.10288103 -0.12998773 0.107266344 0.6685839 0.0007577392 0.6794303 -0.53897756 0.69068956 0.29465237 -0.65320116 0.10966409 0.28596753 -0.74106807 -0.7777801 -0.36657083 0.22330347 0.7287022 -0.50529397 -0.19895646 -0.4272716 -0.42726538 -0.39867875 -0.08867887 0.30298504 -0.2637548 -0.6586735 0.23017359 0.1489892 -0.21660848 0.5031647 -0.5690864 0.3534129 -0.12996231 0.05670828 -0.06385741 0.014686903 -0.047839493 0.3795532 -0.009339709 -0.004269565 -0.5055864 0.00022161077 -0.14782101 -0.21312915 -0.056823846 -0.27907464 -0.067831814 0.08188979 -0.15477952 0.03718365 -0.27655524 0.09311019 0.3065779 0.10530408 0.40582323 0.1923926 -0.41798094 0.5202687 -0.074230686 0.006141942 0.16308346 0.24091381 -0.08493124 0.222024 0.08816529 0.4580692 -0.00026381848 -0.6304325 0.09044298 -0.594182 -0.22902054 0.5390598 0.73974025 -0.69778174 -0.24850586 0.6199108 0.33651197 0.050108045 -0.17909151 0.057287376 0.1313367 -0.10498336 -0.056858364 0.12900478 -0.18117893 -0.09635784 0.3228285 0.28661358 0.16460574 0.6120948 -0.1060293 0.47844297 0.056710463 -0.5663937 -0.53973556 0.7142094 0.17138061 0.11422045 -0.5028125 0.12942351 0.38042325 -0.10003941 -0.12415085 -0.4466162 0.5446262 -0.06929437 0.051768135 0.059967555 0.3064074 -0.11834996 -0.037886832 -0.18857381 0.37488043 -0.40558764 0.5341623 -0.33291698 -0.4446394
druva 0.16366264 0.2675633 0.0748178 -0.0875023 -0.15617672 -0.27369574 0.5878684 1.128013 -0.26320407 0.060345177 -0.38627046 1.1653123 0.2395788 0.028332066 0.21482009 -0.1249728 0.72943074 -0.26165608 0.18434927 0.031818908 0.024916718 0.37429628 0.26428118 -0.111473985 0.50762737 0.62479496 -0.20312722 -0.23642614 -0.36046198 -0.011027959 -0.3241312 0.43747282 -0.1991388 -0.36542213 0.089845456 0.37400934 -0.10455962 -0.7019616 -0.6525447 -1.0120927 0.4351403 -0.11497228 -0.18547337 -0.46992192 0.026282588 0.6287908 -0.3725567 -0.2859578 -0.3504202 0.31249458 -0.0015561077 -0.066764586 -0.56590724 0.006890754 -0.21478726 0.7019721 0.46760166 0.37943035 -0.23692596 0.4411445 0.21354593 -0.24911569 0.28233802 -0.30899316 0.19933851 0.57495654 0.48332885 0.19573845 -1.272036 0.12591057 0.44428194 0.15917535 -0.33286247 -0.2715517 -0.44686425 0.07722682 -0.35987955 -0.38200524 -0.18348579 0.30111066 -0.6874697 -0.22344418 0.23053767 0.9771216 0.8115578 -0.00018202394 0.4105466 -0.9460503 -0.7628803 0.2306763 1.1777538 -0.79329497 -0.17874697 0.18664871 0.30494475 -0.3226485 0.79563445 -0.76241344 -0.86181426 -0.050726324 -0.19016463 0.41190085 0.3925263 0.1842388 0.008699497 -0.986458 -0.8581464 0.35606784 -0.20758682 0.27291548 -0.9724007 0.055362664 -0.32513422 0.49109736 0.12800963 -0.36342564 -0.1306672 0.21971041 0.2006875 -0.4763981 -0.38000247 -0.065017566 0.19275895 0.56536967 0.012565766 0.45423898 -0.4896017 -1.0054101 0.3882457 -0.52873677 0.3439931 0.6289545 0.13287285 -0.9666534 0.39766812 0.7107475 0.1371805 0.38318786 -1.776867 -0.8024616 0.97683644 -0.98608255 -0.57584023 0.4754994 0.38007608 0.09233236 0.04113018 -0.3294364 0.45495534 -0.033926524 0.59426785 -0.49230912 -0.8313644 0.47109675 -0.12757133 0.48470902 -0.37767023 -0.30150038 -0.42340586 0.629234 0.4338952 0.63635945 -1.0902743 0.6094886 0.09521378 0.42610812 0.5337199 -0.696085 0.36725736 1.5906588 0.27035388 0.4803665 0.6168921 0.46396747 -0.067787744 -0.93992466 -0.4769005 -1.1462153 0.2403067 -0.54079485 0.29197776 0.31225207 -0.57491 -0.56794876 -0.17380618 0.69872975 1.0210654 0.8316648 0.4525569 -0.44860572 0.32044095 -0.082873195 -0.6569624 -0.47799298 0.57296365 -1.0687901 -0.18381846 -0.38764352 0.13121651 1.0434926 -0.6364748 0.119326346 0.030835913 -0.64804167 -0.023977134 -0.3158946 -0.0076558352 -0.27546516 0.37250373 0.68848103 -0.17674762 0.17100437 0.13476045 -0.43263218 0.58696973 -0.011431343 0.2701661 -0.09963156 0.13629578 0.08370979 0.9905259 -0.18203689 0.20251839 0.203567 -0.7255863 0.35820055 0.014271542 -0.18337716 0.15942627 0.23104797 -0.16730739 0.37814745 -0.45246637 -0.30920237 -0.4139553 0.12566078 0.22904387 -0.27213895 -0.1793325 -0.60918903 0.2812021 -0.021469817 -0.10731076 0.3261129 0.41770095 -0.51609033 0.42856097 0.18074736 -0.29910886 -0.30950865 -0.16062996 0.13699153 -0.07361553 0.043020554 0.015189048 -0.28002173 -0.48457313 0.37300253 0.9976503 0.20171462 -0.121335335 -0.6673157 -0.30273354 0.74541736 0.5944309 -0.12341428 -0.4027539 -0.3637525 1.1643071 -0.09510605 0.22197832 0.2773861 -0.68682367 0.13773708 -0.77583987 -0.54298973 -0.09545451 -0.3763519 0.7785978 0.13476734 -0.11387117 -0.2766043 -0.28337714 -0.14891374 -0.51401186 0.10567989 0.18956734 -0.06892564 -0.65392756 -0.065382466 -0.4339026 -1.3570693 -0.61907303 -1.0292047 -0.9452223 -0.23819861 0.09471476 0.37745968 -0.1540806 0.034943666
kryddnejlika -0.49963784 0.47715053 -0.2931701 -0.042026144 -0.29543602 -0.22138512 0.7642843 0.7940146 0.47246867 -0.53151846 -0.15584736 0.89007187 -0.61575425 -0.5435218 -0.6344096 1.2099832 -0.5674857 0.6096154 -0.38731882 -0.028253265 0.22660255 -0.19206505 -0.21666236 0.023983588 0.23496082 0.32910153 -0.46034592 -0.44204655 -0.9061901 0.29586142 0.16955945 0.03743919 -0.26841706 -0.4342967 -0.10135458 0.18221588 0.018274194 -0.9723501 -1.2389342 -0.67645437 -0.016222097 0.540422 -0.05288527 -0.78746027 -0.4041165 -0.577951 0.13790329 -0.017942846 -0.18345505 0.091055594 -0.006050091 0.79433596 -1.155683 0.050626777 0.13898572 0.22737814 -0.4011659 0.3068037 -0.6540312 -0.18052988 -0.29923612 -0.40296555 0.2604456 -0.31638154 0.22168224 0.73946345 0.54219776 0.46604326 -1.1598643 -0.2276388 0.3318259 -0.19902393 -0.5496241 -0.5546693 0.16722962 0.49859053 -0.96486014 0.08478101 -0.7867855 0.63775605 -1.0167817 0.12173147 -0.32809222 1.5137063 0.29156953 -0.35304996 0.41690168 -0.264356 0.106863014 0.2781652 0.2892485 -0.30087942 0.21987851 0.21864548 0.48786458 0.1463369 1.1911103 -0.8147992 0.09729788 0.46015593 0.0676808 -0.039154623 -0.19799098 0.27222112 -0.012427413 -1.1562456 -0.94535655 -0.115486324 0.31305507 0.2472887 -1.2279748 0.033711888 -0.8103069 0.086681396 0.5885502 -0.002892951 -0.07006859 0.05904869 0.47957098 -0.27164367 -0.43575174 0.5371621 -0.1354849 0.2867092 -0.25986826 -0.27953422 0.27699953 -0.46144322 0.26696914 0.16582903 0.19072473 0.5787547 0.10912777 -0.68802094 0.29920167 1.0119358 -0.09157323 -0.13032848 -0.8464227 -1.2425758 0.86359334 -0.9659761 -0.61931604 0.7717594 -0.22722748 -0.13040172 -0.049729228 -0.1468468 0.12532187 -0.24392217 0.7886231 -0.5194912 -0.06934459 0.19311194 0.1929646 0.86351556 -0.4185412 0.059078973 -0.1795236 0.6505491 0.34538218 0.008543127 -0.00028030947 0.11823602 0.05145365 0.48177615 0.35231405 -0.070079945 0.34453294 1.776103 0.11094113 -0.22856255 0.38750023 0.19677381 0.24168576 -0.8745721 0.46118444 0.29617175 -0.05292238 0.15434673 -0.5229075 0.06797145 0.46265897 0.18926115 -0.18246453 -0.6115744 0.11302863 -0.29329446 0.6837627 -1.050188 0.59178746 0.057639647 -0.59433985 -0.02926801 0.01963593 -0.42008787 -0.7036964 -0.63934034 -0.16006242 0.45043367 -0.53578544 -0.057454154 -0.24169289 -0.8664969 -0.21616523 0.78836864 -0.08685486 -0.0055376883 -0.45582765 0.37496355 0.091207184 -0.21498351 0.15668646 -0.61693615 0.53383005 -0.10300925 0.46088994 -0.5184058 0.031320848 -0.296569 0.7120303 0.008868078 -0.4467221 -0.2742736 0.10938664 0.1296684 0.17570864 0.24457164 -0.571353 0.2661399 -0.035512794 -0.40305775 0.38619208 -0.16067149 -0.24397129 0.41947624 -0.5014376 0.39488518 0.34830993 -0.75244915 0.9068836 -0.52436435 -0.2182871 0.23464784 0.2765302 0.28912798 0.32054418 -0.20418942 -0.008327717 0.53698754 0.05795595 0.86011016 -0.14514452 0.029387215 -0.19279091 -0.2827213 0.04580018 0.028859446 0.24932592 -0.2661039 0.34400332 0.31977463 0.39927372 -0.39266825 -0.45417976 0.6803534 -0.33236852 -0.010114222 0.4772975 -0.2681479 0.10294547 0.11496638 0.5118377 -0.1233686 -0.033408348 -0.008078111 -0.07576721 -0.500924 -0.06696663 0.34738582 0.2510908 -0.22286573 0.22259513 -0.21525241 -0.025267689 0.101981714 -0.24565834 0.58698523 -0.18943374 0.0548019 0.21370687 -0.13482083 -0.05023776 -0.49066684 0.15046844 0.29646653 0.31087387 -0.5363871 0.07314754 0.20386544
bär 0.4115527 -0.224512 -0.13120505 -0.3789741 -0.16408214 0.006526483 0.051087882 0.35865653 0.027009193 0.06810663 -0.34406385 0.68937635 -0.021351166 0.14536564 -0.0067719063 -0.028243197 0.6995204 -0.09351346 0.32106718 -0.057956327 0.22096324 0.15607634 0.030942125 0.44987127 0.14030926 0.09782953 -0.25253713 -0.3802439 -0.07955999 -0.38196567 -0.12735008 0.41727218 -0.18512782 0.092628896 0.17679545 0.30180055 0.38449302 -0.58308536 -0.23231721 -0.2835888 -0.22053848 0.04864273 0.12395841 -0.6654102 0.21649142 0.16982464 0.23854981 -0.093581825 -0.5648746 -0.4215225 -0.6823417 0.4819714 -0.61156476 0.06485781 -0.30822277 -0.1023028 0.35014546 -0.03160376 -0.22353272 -0.19508739 -0.19860187 0.20953473 0.24181207 -0.06752427 -0.017087195 0.014457536 -0.14338829 -0.20139977 -0.14214666 -0.07620471 0.38534114 0.002473584 -0.2749499 -0.15473923 -0.11425204 -0.068106875 -0.5153209 -0.196122 -0.20706815 0.7736464 -0.23680814 0.254918 0.5113564 0.32798544 0.1512898 -0.12482977 0.688423 -0.40157086 -0.32151347 0.06360312 0.05340228 -0.25984287 0.17679942 0.41188762 -0.117299624 -0.36371508 0.5076464 -0.39707285 -0.14976454 0.1570113 -0.28341082 0.52492774 0.0029383646 0.015841607 0.13823307 -0.9189534 -0.5087331 0.23577715 -0.4048575 0.5895432 -1.0890758 0.23503023 0.035991024 0.28056008 -0.049416423 -0.20826076 0.12465449 0.11184407 0.0073261894 -0.04924536 -0.033763424 0.14347976 0.43421853 -0.0588828 0.09688317 0.48800865 -0.29028592 -0.22252141 0.1971193 -0.2978578 -0.29266807 0.20313483 -0.04100228 -0.9555315 0.31574067 0.65287316 0.3091484 0.20044282 -0.2005217 -0.44213286 0.40024772 -0.6961217 0.021162475 0.51232636 0.10926395 -0.21769702 -0.6635138 -0.08880349 0.16259949 -0.20209953 -0.1170108 -0.23547685 0.12215243 0.36427638 0.16329344 0.050646987 -0.23980318 -0.12916678 -0.19441503 0.13986427 0.18981032 0.5574054 -0.55143356 0.10992385 -0.01635512 0.37110442 1.0046766 -0.120125994 0.22022256 0.56613964 0.17089869 0.2166062 0.27255976 0.3669404 0.28981394 -0.21948726 -0.3668222 -1.1702218 0.0689662 0.072916456 0.17300442 -0.04181535 0.11430968 -0.14217697 -0.10869849 -0.15589267 -0.17682123 0.25316066 0.0008375415 -0.018806716 -0.053031202 -0.25501597 -0.52078056 -0.19169883 0.19358164 -0.35994008 -0.36645874 -0.35927126 -0.2142561 0.46356997 -0.3460476 -0.001657103 0.33166677 -0.47502854 -0.17799473 0.22701357 0.09088209 0.09766691 0.28232306 0.29180592 0.2288725 0.18349497 0.29779541 -0.37149033 0.31676075 -0.1693353 -0.22463481 0.12239172 0.06327838 -0.047803916 0.922625 0.1558341 -0.29704124 0.098320395 -0.5395538 0.039354708 0.28675294 -0.22540413 0.31284732 0.30827326 0.4298227 0.25119558 -0.18439527 -0.46680024 -0.25680715 0.038285263 -0.054805443 -0.432658 -0.011203373 0.018831545 0.15260324 -0.052146073 -0.29599187 -0.46507776 0.31241 -0.6969912 0.57538426 0.19603859 -0.27274874 -0.019557275 0.19460748 0.020462476 0.28166723 0.09017084 -0.31385317 -0.5084585 -0.0057299254 0.4296353 0.83753216 -0.016070174 -0.1644536 0.019801898 -0.00379733 -0.080142416 0.48323363 0.009210072 -0.658943 -0.5550848 0.4326891 -0.3329033 0.113165475 0.55602133 0.076019496 0.3278817 -1.0823641 -0.5379326 -0.10436978 0.071192585 0.26567265 -0.07746811 -0.097841725 -0.41852427 -0.003223385 0.3126649 0.16182932 -0.006247861 -0.012120567 0.27501723 0.13243942 0.25723535 -0.22697724 -0.38238245 0.40643847 -0.40525645 -0.48468205 0.16712359 -0.6505147 0.60451573 -0.40071487 0.2098351
banan 0.17790438 -0.23905475 0.12070958 -0.31914967 0.079219185 0.05441401 0.08600403 -0.3324726 -0.31760624 -0.48684472 -0.47302735 0.52345204 -0.1057046 -0.3136061 0.22803432 0.00016968962 -0.40618542 0.2104922 -0.281124 0.23778875 0.28532442 0.042121757 -0.29497334 -0.39592028 -0.22015734 0.012647888 0.061578207 -0.19524655 -0.69934064 -0.1856649 -0.43856466 -0.017339768 0.007309421 0.15079133 -0.33638462 0.013898269 -0.033253726 -0.0029754988 -0.11236637 0.03431545 0.31591848 0.13808061 0.101055264 0.24118784 0.088330574 0.6070919 0.046042975 0.047530502 -0.00093577616 -0.07085628 0.20072865 0.45268896 -0.16265862 0.43272376 0.027486121 0.2746467 0.023217546 0.33115074 -0.2956789 0.0964062 0.115973845 -0.059440184 0.15870437 0.1926081 0.13149643 0.2409455 0.18869023 0.44565144 -0.56939256 0.08838617 -0.1101098 -0.1747533 -0.5275271 0.3090461 0.050743487 0.29791033 -0.2861111 0.5760791 -0.024402693 0.28412455 -0.025480421 0.47578147 -0.03566112 -0.22906387 0.16869558 -0.25891566 0.34040707 -0.44052616 0.18182707 0.4792304 0.69779766 -0.094956145 -0.06234414 0.3821711 -0.2226131 -0.116083324 0.039336033 -0.50649 0.23791558 -0.13925672 0.31924406 -0.2010348 0.12589864 0.16558202 -0.34202313 -0.9257261 -0.282564 -0.17669685 -0.018030822 0.10154107 -0.90941703 0.12747584 0.039672416 -0.26000416 0.27482277 -0.08882743 -0.037282933 0.045723 0.11732451 -0.7280617 -0.34157303 0.28229117 -0.13037644 0.2617065 -0.03551626 0.0043930677 0.54506826 -0.15246123 0.23366143 0.3059348 0.38622448 0.047413852 -0.10035615 -0.057599932 0.17776872 0.05522466 -0.024517454 0.3965926 -0.49068105 -0.18750584 0.33660698 -0.35068735 -0.1857424 0.2443373 -0.0404436 -0.05909705 0.23076738 0.17515647 -0.32812274 0.101757154 0.2659942 0.016627 -0.11744448 0.07542919 0.13631797 0.25937498 -0.14701115 -0.24646018 -0.37808132 0.42194745 0.062376525 0.2798394 -0.46901843 0.020164836 -0.14700821 0.53828716 0.3766849 -0.14250207 -0.063684225 1.2574558 0.20065452 -0.08160739 0.28663266 0.14496905 0.20698805 -0.6607718 -0.31460935 -0.5424721 0.20663299 -0.39424124 -0.17883778 0.61394995 -0.14398515 -0.5172446 -0.4689023 -0.34317446 0.87886614 0.09292958 0.4040081 -0.7982097 0.42527577 -0.19272818 -0.08540676 -0.065013245 -0.024127215 -0.8119037 0.26314574 -0.0685884 -0.61661613 0.010356496 0.14663638 0.3963995 -0.0633706 -0.06948602 0.014609808 -0.36314192 -0.061754256 0.013291843 -0.20418182 0.027673297 -0.06977351 0.022890761 0.3523501 -0.19296813 0.2126508 0.035050534 0.276863 0.7380076 0.2256505 -0.16423656 0.07900053 0.042378448 0.34643885 0.29601544 -0.05225411 -0.0037899073 -0.5466986 0.79141724 0.16851175 -0.19144142 -0.08638743 -0.26434156 0.1886342 0.08105144 0.21857664 0.21974877 -0.06342338 0.006104337 -0.16806161 -0.30188632 0.42191434 0.05318044 -0.22546189 0.272972 -0.038810786 -0.37197638 -0.2810538 -0.07591279 0.47001407 -0.021744143 -0.20487657 -0.3370811 0.57408637 0.34747884 -0.610277 -0.8290508 -0.04210572 0.15355922 -0.2668152 0.05861162 0.07238331 -0.22820061 0.4220343 -0.51635844 0.099147804 0.19191991 -0.10825428 -0.33874243 0.06860633 -0.020770678 0.086843796 0.23590852 0.026206635 -0.40016645 -0.10476336 0.17247128 -0.5721427 -0.2602648 0.10582459 -0.10109572 -0.26087874 0.21084824 0.21911523 0.21308541 0.04600155 0.07600689 0.07285232 0.40409732 -0.11702072 -0.58491355 0.46624526 -0.23043257 -0.009649244 0.053927302 -0.08692034 0.53890514 -0.08690938 0.1296503 -0.23960106 -0.063175306
tallbarr -0.38718018 0.4960206 0.0014732378 0.021982063 -0.31952405 -0.48973063 0.6332199 0.65475285 0.5866749 -0.5298907 -0.080184996 0.97107995 -0.14808117 0.052997865 -0.24619448 0.3121867 -0.15270832 -0.20860861 -0.15220703 -0.56029534 -0.32540917 -0.5134958 0.4319745 0.21459728 0.17291291 -0.17454839 -0.47605634 -0.25749925 -0.80431795 -0.25699937 0.28706068 -0.039535064 -0.18041511 -0.16466892 -0.13292995 0.34534156 0.092682265 -1.4394919 -1.395733 -0.3131838 -0.19381148 0.48665613 -0.21012059 -0.4022821 0.1800388 0.30448857 0.22035511 0.39948875 -0.34137854 0.106933676 0.28539988 0.3157616 -0.95310104 -0.6277947 -0.59580827 0.28048578 0.08562538 0.27930114 -0.34533772 -0.0923016 -0.4214632 -0.33638152 0.065887585 0.18919037 0.06663706 0.573725 0.18434192 0.12805983 -0.78314877 -0.21468882 0.28352505 0.45238897 -0.3698004 -0.2747418 -0.23551577 0.097348176 -0.4961984 -0.32598388 -0.07682815 0.6622048 -0.08152093 -0.048418574 0.37544283 0.27756396 0.46880552 -0.29682973 0.6671214 -0.14344198 0.40263966 0.066675335 -0.14165841 0.43075755 0.27987638 0.11327837 0.41684204 0.6542224 0.73997927 -0.5350313 0.03641973 -0.07017125 -0.5114284 0.12838513 0.16521162 0.004710588 -0.07154764 -1.0048779 -0.93217385 0.32853234 0.087992445 0.078706056 -0.663507 0.17405154 -0.5790999 0.65601647 0.15947083 0.572781 -0.13480793 0.0054392833 0.17630124 -0.72125906 -0.16312054 0.3186657 0.44151714 0.53491396 0.16906862 0.6181321 0.05847278 -0.7504791 0.7500876 0.31425697 0.00083845144 0.9013587 0.8821794 -1.3998433 0.68580264 0.70872825 0.16386537 0.15649743 -0.9633266 -0.9381038 0.7854085 -0.9556376 -0.20127438 0.894864 -0.14785568 -0.087216645 0.2784676 0.30998647 -0.12755065 -0.029721474 0.2940041 0.23714818 -0.3033138 0.7086241 0.009902622 -0.16349071 -0.23469163 0.21704313 0.2797112 0.40326074 0.25277385 -0.24665956 0.33002523 -0.18604141 0.34627318 0.468272 0.8308864 -0.17298092 0.27614808 0.49371767 0.29514405 -0.29114273 -0.06387213 0.21761651 0.09447786 -0.10104117 0.21235074 -0.34418008 0.045145456 -0.02735083 -0.6766092 0.463554 0.08388814 0.008929815 0.005581221 0.2687291 0.07692613 0.17630583 0.5999379 -0.31549028 0.39668232 -0.021173729 -0.35723948 0.2770712 -0.046243157 -0.09418223 -0.08591707 0.052024245 0.0009917684 0.6398657 0.116207026 0.11200626 -0.3664616 0.04125561 0.16716392 0.29596937 -0.02270131 -0.1432175 -0.32102787 -0.10590422 0.09925777 -0.012347115 0.011431372 -0.5565837 -0.25065267 0.0013254088 0.33972484 -0.41703108 -0.15160702 -0.29341498 0.3444455 -0.12578857 -0.07354135 -0.46317258 0.054119 0.039329946 -0.16598266 0.2698228 0.18471864 -0.1267857 -0.025692942 0.00087079126 0.0059505757 -0.2196393 -0.15431534 0.3200229 0.20124683 0.30701664 0.35984913 -0.6139724 0.7718116 -0.43903226 0.2761167 0.43061078 0.6065871 -0.35230666 0.121409126 0.35516998 0.29528737 -0.23897564 0.14120008 0.5774815 0.03345843 -0.14703923 -0.3157736 0.16767882 0.3522193 -0.09440496 -0.15323372 -0.22181721 -0.069090985 0.39815572 0.36684796 -0.41594428 0.22441317 0.19873424 -0.3077026 0.17309414 -0.19143723 -0.19649646 0.038939983 0.1593554 0.10154269 0.08534789 0.042359725 -0.10437782 -0.541811 -0.7141967 0.613549 0.7233045 0.23546267 -0.5426277 -0.22963327 0.18196419 -0.18966879 -0.1534297 0.06609314 0.16321479 -0.3040408 -0.040094573 0.2557813 -0.37905407 0.019623606 -0.22590885 -0.35010034 0.048686933 -0.1625272 0.52279544 -0.31192103 -0.10222746
mus -0.20288587 -0.01032922 0.6432987 0.15770686 0.38792858 0.2199289 -0.13323276 0.8386124 -0.49226907 -0.54736143 -0.102639325 -1.345961 0.082056776 0.32826865 -0.189931 -0.56540513 0.2374845 -0.32749096 0.056574006 -0.23292612 -0.10130855 -0.36985114 0.73691756 0.2839944 -0.092471085 -0.012037392 -0.66894203 -0.024067886 -0.5217987 -0.24536903 0.12667009 0.08783712 0.32279915 0.25170588 -0.43453124 -0.053237546 -0.40873325 0.13643259 0.25277272 0.124218 -0.5116397 -0.28054273 -0.26246503 -0.020748662 -0.13281743 0.66448724 -0.41733325 -0.43927878 0.16321874 0.4648988 0.046086904 -0.087435775 0.8251303 0.3194401 0.14326587 0.5073073 0.50984126 0.34332812 0.30575347 0.486833 -0.4826801 -0.39239633 0.14167945 0.11516565 -0.50107133 0.083168894 -0.18716833 0.17497435 0.22420037 0.07863479 0.40710005 0.07349604 -0.8654417 -0.12280781 0.021959824 -0.13952658 0.08760926 0.38259792 0.05576718 -0.435566 0.27103433 -0.04797432 -0.24216896 -0.48525137 0.07401328 0.12509972 0.33498868 0.46878242 -0.5054537 0.06809691 -0.6928781 0.018743558 -0.14787577 -0.16846927 -0.4560148 -0.06193298 0.26420137 -0.3279739 0.016098987 -0.2961933 -0.10504681 0.22594811 0.054265533 -0.043703668 -0.23321751 -0.17855579 -0.03426568 -0.54369885 -0.025945632 0.07582551 -0.19155802 0.1308804 0.3534821 0.08185895 -0.144268 -0.11088303 0.36552367 0.37135586 0.07923165 -0.61835724 -0.14225745 0.005839473 -0.2739724 -0.30266216 0.25699523 0.63281155 -0.47486886 -0.5809019 0.037156235 -0.09393302 0.25479907 -0.16737835 0.09569671 0.265546 0.13581403 -0.06989508 0.0032143712 0.018006459 0.01208236 -0.47193664 -0.43766537 0.26659754 0.23338667 0.5959783 0.29621288 0.30688184 0.007647882 0.38902357 -0.17167091 0.06853339 -0.1478363 0.62842315 0.24793372 0.42102382 0.37033293 -0.43637225 -0.10237953 -0.05348254 -0.5529575 0.18189214 0.19948213 0.18765894 -0.15486537 0.21709816 -0.06351421 0.1677831 -0.52540433 0.13979429 -0.13805917 0.55020016 -0.40195745 -0.02184698 -0.10484693 0.20487106 -0.033476464 -0.4092377 -0.4403842 -0.47093835 0.32129127 0.1111535 0.1328447 0.01150664 0.20859383 -0.04541772 -0.2316676 -0.32420963 -0.6439896 0.12542933 -0.51195574 0.09401961 -0.051328957 0.0028024123 0.7429401 -0.04977943 0.0122538125 -0.14123148 -0.18668704 0.8307089 -0.5099293 -0.7496347 0.24087153 0.36950722 -0.17620204 0.17365755 0.128507 -0.44845518 0.21196571 0.37601593 -0.028482156 0.2187267 0.36996332 0.21841139 -0.36079463 0.3304562 -0.21133442 -0.03037357 0.33515927 0.029811518 0.5197416 -0.6048437 -0.6091958 0.18071295 0.83735096 0.43148765 -0.5774306 -0.82068956 -0.09626299 -0.15105757 -0.308577 0.23128603 -0.019127976 0.5627266 -0.34094676 0.3103368 -0.22393592 0.37463388 0.048872456 -0.44399366 0.5343286 -0.4488062 0.4513867 -0.32035348 0.089416035 -0.2746757 0.3030732 -0.20230255 0.15808286 0.7010488 0.19685273 0.14260584 -0.16655955 -0.16080765 0.24442345 -0.11940818 0.0415589 -0.6305557 0.399126 0.37402382 -0.18690884 0.039693374 -0.40620542 0.05415615 0.2690296 -0.4230848 -0.7066353 0.06730402 0.18384935 0.6250708 -1.0720576 -0.054494504 -0.3295828 -0.1944316 -0.26568827 0.038079925 -0.18258846 -0.28401476 0.26943737 -0.2305221 -0.27410096 -0.18029295 0.031996705 -0.022472793 -0.04481065 0.12969325 0.29375973 0.39218223 0.24164489 0.38447315 -0.22250207 0.1979352 -0.08097162 0.46972552 0.28747985 0.06886705 -0.5438875 0.18467748 -0.47783273 0.50956726 0.051899653 0.6691796
anis 0.065751866 -0.13636291 -0.023803586 -0.1719909 0.10699157 -0.46197435 0.51264834 0.8701321 0.21392173 -0.73586804 -0.37534595 1.4146403 -0.19011344 -0.2934945 -0.12755945 1.0049939 -0.17268114 0.05992492 -0.26118672 0.076363206 0.042648327 -0.37232196 0.25888053 -0.39768517 0.60593635 0.53835905 -0.74539685 -0.15633509 -1.1870589 -0.1492996 0.14667171 -0.03814558 -0.17399529 -0.22067738 -0.084347695 0.1024901 -0.09549216 -0.9880656 -1.2875959 -0.6681823 0.13855912 -0.14255577 -0.27180934 -0.0071587595 -0.07176094 -0.06018078 -0.073498376 -0.09768257 -0.26855108 -0.13369021 0.02682537 0.6878562 -1.1336712 0.09287485 -0.5285303 0.38589615 -0.21295166 0.35334554 -0.35969648 -0.086954586 -0.14145519 -0.44728503 -0.07799935 -0.036383625 0.6378244 0.5241169 0.44904095 0.13533938 -0.8255185 0.012089897 0.40002906 -0.11209465 -0.75044286 0.16538616 -0.0014587175 0.14742403 -0.6984094 0.026107043 -0.3404195 0.42142066 -0.31827852 -0.11964723 -0.284617 0.6078204 0.20685796 -0.60426205 0.4583608 -0.40968204 0.051427167 0.22836305 0.50191677 -0.024141623 0.047615066 0.32594123 0.5968405 0.09010302 0.65413374 -0.41150874 0.061118644 0.3906398 -0.16950367 -0.0013085386 0.13782212 0.41732353 0.18254443 -1.5278513 -0.9824697 -0.031710964 -0.31807572 0.45029742 -1.2090137 0.16776125 -0.52172613 0.105529666 0.5788456 -0.0016712153 -0.077136554 -0.0036559354 0.20302352 -0.70136523 -0.5772031 0.3448956 0.25266972 0.86593485 -0.09071969 0.2867626 0.31187356 -0.7758354 0.84370303 0.30073863 0.033949357 0.79295343 0.47236407 -1.334885 0.7873656 0.83019626 -0.16503358 0.38797396 -1.389444 -1.6501162 0.68135226 -1.0214715 -0.5856265 0.5432247 -0.05820568 0.035859965 -0.0689603 0.20010284 -0.15281093 0.055467963 0.4853948 -0.15104449 -0.57066035 0.25812575 0.19358142 0.6651549 0.11711476 0.08932851 -0.16626279 0.55913347 0.077573545 -0.08149757 -0.29753035 -0.020193515 -0.082516685 0.6355733 0.36332157 0.0051767016 0.119609304 1.008635 0.099060886 -0.11760364 0.17929883 -0.031363584 0.039990645 -0.834308 0.06270319 -0.5035727 -0.10937542 -0.6291971 -0.33850256 0.34338957 -0.063586004 -0.4778991 -0.056170087 -0.07108334 0.16885428 -0.08415439 0.7220353 -0.8271626 0.5359013 -0.20929705 -0.26377895 0.24575426 0.3358185 -0.75097376 -0.34129348 -0.49924394 0.023361117 0.80719596 -0.2922545 0.26288018 -0.2845708 -0.115720764 -0.051205914 0.1323352 -0.0044762245 0.036056917 -0.2580457 -0.021754235 -0.23942146 -0.33858708 0.31687492 -0.46919248 0.21409844 -0.32687843 0.1264658 0.26551148 -0.32313433 -0.293191 0.6805123 -0.010956086 -0.21503046 0.038285114 -0.2644739 -0.12867057 -0.03789014 -0.010330014 -0.07375599 0.13153774 -0.18284187 -0.57237554 0.27087823 -0.005865251 -0.29817283 0.45044777 0.08692882 0.40420142 -0.06365501 -0.25350365 0.6875726 -0.3094087 0.080333464 0.48449787 0.6755004 -0.38255638 0.20839939 0.21626797 0.14355803 0.069770105 -0.33146617 0.22728662 -0.34126037 -0.01836891 0.0062437854 -0.0035969594 0.09765989 -0.25995493 0.18572578 -0.32213455 -0.10968804 0.29277113 0.32523593 -0.40853506 -0.10279038 0.29562888 0.087067135 -0.37859577 0.1663189 -0.6240987 0.33164215 0.048491295 0.2578757 -0.051958513 0.22266552 -0.11411097 -0.75796425 -0.99509853 0.82981646 0.3075597 0.12430489 -0.058287416 0.086738676 -0.12858954 -0.19793221 0.3113358 -0.5206765 0.6278955 -0.2226145 0.046588726 -0.038156096 -0.29570952 -0.25334463 -0.2513592 -0.27239892 0.37819588 -0.07329735 -0.23359007 0.28765807 -0.34588087
rom -0.15563476 0.26717636 0.13102509 -0.10792861 -0.11445398 -0.52592725 0.18875389 0.2823918 0.087255225 -0.06958609 0.1448484 0.50202256 -0.1717473 0.054373603 -0.52553934 0.6837457 0.25810736 0.2705684 0.22431576 -0.39004123 -0.33507615 -0.23244639 0.0763751 -0.52987754 0.40920046 0.03604809 -0.035891227 -0.45429617 -0.43641132 0.16353533 -0.41441816 0.12827489 0.023731902 0.15844895 0.1210525 -0.12088502 0.3157861 -0.28120843 -0.65373653 -0.37867424 0.19739302 -0.3596617 -0.03190469 -0.24886139 0.27756777 0.014129812 0.1856492 -0.0070131845 0.09734977 0.075176395 -0.1565403 0.5263998 -0.10279667 0.46675667 0.05805931 0.72055477 0.22111377 0.27809793 -0.20994972 -0.03424083 0.1517267 0.25252876 0.2016576 -0.29071078 0.23056403 -0.043871094 0.08326795 0.13039117 -0.44147134 -0.004370321 0.12004439 -0.13817073 -0.20694634 0.0482916 -0.040036216 0.022279443 -0.7086538 -0.007402012 -0.086190425 0.6385375 -0.045061495 0.15596691 -0.15593278 0.029902432 0.34180632 0.1258731 0.17556068 -0.6006892 -0.13042611 0.41249576 0.5150927 -0.1087503 0.22375946 0.19263576 0.18048473 -0.036196925 0.47875878 -0.21159057 -0.016119007 -0.076515384 0.09515699 -0.032979228 0.54309195 0.21438363 -0.20149234 -0.8182399 -0.431453 -0.023795132 -0.4690885 0.4310981 -0.9222575 0.104804754 -0.32851514 -0.16031694 0.14167733 -0.06800068 -0.21754408 -0.08190033 0.43413153 -0.047004946 -0.5135898 -0.06735867 -0.11275201 0.2583938 0.20425299 -0.3111923 0.28441918 0.23214957 0.20921482 -0.037958223 0.20281076 -0.047916614 0.55273783 -0.46724045 0.2686897 0.47924474 -0.36014676 0.3512236 -0.8777592 -0.98761076 0.42124265 -0.6298991 -0.33569667 0.32936332 -0.15257265 0.14551808 -0.0702924 -0.29946265 -0.2557142 0.079764456 0.44257239 -0.21563047 -0.4207066 -0.114420585 0.05075678 -0.19339895 -0.42464602 -0.06914068 0.06181625 0.6444175 0.35770735 0.49080423 -0.47923234 -0.083905905 -0.018913483 0.16554289 0.56310254 -0.3086407 0.035254475 0.9507693 0.5648368 0.24032177 0.39480087 -0.04338039 0.3442079 -0.41947195 -0.41298696 -0.23711312 0.11233001 -0.15685667 0.04209047 0.27016222 -0.005787532 -0.14584522 -0.32662755 0.6104559 0.67079407 -0.0063636615 0.1573411 -0.56320626 -0.07635055 -0.24251278 -0.19718449 0.10112502 0.4393766 -0.4335211 -0.31766468 -0.23936358 0.12172859 0.13144371 -0.2135941 0.041462783 -0.09960405 -0.22394142 -0.18332693 0.20084113 -0.18807411 0.10225636 0.05430016 0.48049897 0.08156139 -0.23796877 -0.12690721 0.24446598 0.23689313 0.32733053 -0.08062133 0.14822239 -0.13101289 0.18320373 0.5752957 -0.049516924 0.2787193 0.4275256 -0.21024081 0.013715548 -0.16377252 0.16343378 -0.18803835 -0.25256112 0.17931385 -0.20822062 0.029828379 -0.50628865 -0.32710972 0.168389 -0.14016859 -0.0013526104 0.18430157 -0.11408766 0.6624669 0.10541059 0.07737166 0.48845586 0.04650808 0.28085756 0.41859105 -0.120003924 0.14630727 -0.10577712 -0.13459341 0.31336996 -0.017243039 0.31407186 -0.18450645 -0.52024627 0.08078204 0.5148892 -0.0008887637 -0.12468016 0.15712553 -0.37983602 0.42914927 -0.38857293 -0.37769026 -0.32187268 -0.0315388 0.10606028 0.443967 -0.3206571 0.18210107 -0.10512355 -0.15224154 0.27073908 0.44443792 -0.19816089 -0.6077707 -0.40020722 0.31641966 0.13643238 0.16514008 0.052873325 0.2987456 0.21691479 -0.0006931836 0.38522688 0.25308317 -0.27460513 -0.046355985 -0.14018287 -0.06781824 -0.55014956 -0.26969168 -0.26524687 0.21569537 0.23227327 -0.2852685 0.021591788 -0.06479549 0.10499386
morot -0.05468018 -0.20246701 0.019562354 -0.26583612 0.3290956 0.14881186 -0.19292377 -0.62952644 -0.2551246 -0.5189686 -0.13959506 0.3854034 0.16076475 -0.34474882 0.3105556 0.28143868 -0.33482683 0.41600212 -0.38527173 0.3903731 0.086251214 0.15914479 -0.111708194 -0.38193592 0.04564866 0.22022371 -0.5394044 -0.28350025 -0.32112083 -0.0897251 -0.20041817 -0.027192967 -0.43308374 -0.5024725 -0.20054767 0.05505323 0.10563218 -0.5631962 -0.4410464 -0.58159316 0.2864965 0.06641215 -0.015181511 -0.09927408 0.46777615 0.5810641 -0.1888639 0.13465355 -0.10905506 0.14638057 -0.115650386 0.52459455 -0.037118386 0.48830286 0.2719307 0.10662633 0.2294273 0.18003167 0.17837797 0.044789508 0.15798156 -0.4018941 0.3138458 -0.29988053 -0.17470826 0.05866969 -0.017959299 0.4281039 -0.6476359 -0.109713025 0.15786858 -0.20220993 -0.44704825 0.05734342 -0.25464016 0.36863425 -0.595091 0.39051393 -0.4157656 0.186847 -0.44248492 -0.0014033706 0.054757245 0.13146052 0.34522426 0.12850688 0.02867922 -0.2654176 -0.06756184 0.5158548 0.35980564 -0.1014433 -0.13218345 -0.003935696 -0.141034 -0.10633638 0.44283897 -0.38392508 0.09344105 0.0352078 0.25470597 -0.32850504 0.32016075 0.2090913 -0.0872048 -1.6400537 -0.42304906 -0.12746544 -0.4217361 0.3517003 -1.2896408 0.26856017 -0.16013606 0.12348778 0.16277331 0.25452912 -0.17165469 0.37237558 0.33448267 -0.4207123 -0.041748382 0.38852692 -0.22875576 0.3543964 -0.06353854 0.065595664 0.23692533 -0.6318819 0.07431761 0.4699225 0.19648704 0.02865211 0.08943929 -0.3664663 0.11572652 0.76606405 -0.110185124 0.20379153 -0.7509942 -0.87630874 0.13826041 -0.30174252 -0.39252934 0.22657856 -0.24072054 0.14845768 -0.03797829 -0.041610964 -0.4313259 -0.04064769 0.35256016 -0.32357025 0.34636876 -0.101650916 0.39539087 0.3119141 -0.16324969 -0.2631978 -0.08657339 0.04131962 0.3531874 0.35264236 -0.4579029 0.2845521 -0.30622667 0.8075383 0.06173884 -0.29095903 -0.08312282 1.287422 -0.4510178 -0.008393391 0.20608486 -0.35335374 0.24757507 -0.76610464 -0.30967233 -0.4199766 0.18720081 -0.31522053 -0.15371774 0.65303415 -0.31207135 -0.24088012 -0.48356578 -0.33208823 0.7615319 0.24183352 0.23113991 -0.35626665 0.18768276 -0.15119915 -0.3202878 -0.075118735 -0.0033997197 -0.48892 0.13208735 0.18325683 0.018877754 0.14776273 -0.38863778 -0.10620355 -0.056515004 -0.4093709 0.11023264 -0.22263813 -0.111096404 0.2257903 -0.10010055 0.33339724 0.028965687 -0.40316966 0.38185716 -0.081329055 0.27715385 -0.5436297 0.009920151 0.03172522 0.18846132 -0.25120634 0.38538933 0.077984944 0.07081035 0.33332565 -0.15473075 -0.04989384 -0.1401418 0.3080274 0.062101204 -0.022685247 -0.1866867 -0.25561628 0.17371997 0.12691996 0.069045424 0.33528575 -0.42573658 0.3410293 0.09657892 -0.3203391 0.63054943 -0.13928957 -0.29272696 0.50323087 -0.04783646 -0.23200598 -0.25768334 0.14499958 0.26424515 0.23772167 -0.19656724 -0.16529857 -0.23925962 0.3807452 -0.21839172 -0.11552821 0.18184961 0.21636897 -0.50479186 -0.057766564 0.33659327 0.096615545 0.2643929 -0.1811502 -0.17705444 0.1734547 -0.04249999 -0.28397098 0.07132538 0.18200168 0.026089793 -0.11031045 0.0014759463 -0.23919226 -0.08429771 -0.06540475 -0.3274017 -0.094251685 0.6042474 0.18185894 0.5189704 -0.23913142 0.021573465 0.46225592 -0.059036437 0.017956847 -0.42911348 0.6026713 0.011092637 -0.0493018 0.31954926 0.5924664 0.2275556 0.0051118108 0.09039326 0.44292703 -0.08639108 -0.01538576 -0.13563229 0.12098045
bark -0.23470263 0.3664817 0.036276415 -0.09564786 0.33016747 -0.4959074 0.6213189 0.4561042 0.2944995 -0.6071541 -0.20584397 0.44884863 -0.50785947 0.19202398 -0.67001134 -0.21220055 0.14060764 0.0115627395 0.056002725 -0.22614625 -0.8314993 -0.39528078 0.3364242 0.5136824 -0.08793415 0.18340579 -1.3410949 -0.17844844 -0.4828413 -0.25263923 0.0103534665 0.09992845 -0.46538982 -0.3471319 -0.26986372 0.12038427 -0.19587342 -1.0076661 -0.7932565 -0.008998151 -0.2947342 0.21706674 0.30502835 -0.8148243 0.20830755 0.1666806 0.2641191 0.12366812 -0.3486708 0.43012467 -0.073376864 0.10738757 -0.49936715 -0.34906963 -0.60023004 -0.057622414 0.4080297 0.035287313 0.41250038 -0.028173365 -0.23392855 -0.32639283 0.07786695 0.17798586 -0.09620505 0.15812315 0.23347841 -0.20661739 -0.83460575 0.017002549 0.27471858 0.26887175 -0.5679939 -0.29961902 0.26356873 -0.3818262 -0.7074347 -0.059042796 -0.29100803 0.39864704 -0.25682542 -0.2962036 0.1479167 0.48972434 0.40281793 -0.4951859 0.46083567 0.029067356 -0.32944605 0.15551038 -0.6002457 -0.011671299 -0.023123268 -0.25240365 -0.21623212 0.09235866 0.6323268 -0.60615474 0.33495563 -0.26428396 -0.31254256 0.23015957 0.26489934 -0.23662606 0.3426215 -0.71019036 -0.5554042 -0.028320571 0.10575209 0.04240328 -0.6427982 0.3238148 0.007033705 0.67733276 0.3577184 0.31309134 -0.058829416 0.28651497 0.45329654 -0.47615868 -0.2955016 -0.1782518 0.37271875 -0.45358866 0.19179988 0.556592 0.09447517 -0.35455373 0.4633308 -0.23753476 -0.08098963 1.0853574 0.7495846 -0.85674113 0.46714348 0.6137366 0.13909748 0.0077753337 -0.7743955 -1.318767 0.46600989 -0.45820168 -0.31415465 0.5885133 0.062864386 -0.30972946 -0.02531054 0.21748638 -0.0350381 -0.40466794 -0.020274177 0.41637516 -0.2936337 0.35205382 0.31488192 -0.5540528 -0.44764963 -0.026332457 0.021055568 -0.16830425 0.6882428 0.20206328 -0.5850688 0.5443695 0.14502874 0.3566987 1.0602608 -0.5906552 0.2601322 0.83631396 0.13381438 -0.16196482 -0.2020996 0.23644422 0.22333272 -0.110048674 -0.33097044 -0.23465501 -0.10691352 -0.09002398 -0.548191 0.7123873 -0.1557305 0.059555028 -0.015913786 -0.22690362 0.047914434 0.10847998 0.2002032 0.060563333 0.13936391 0.20797715 -0.43097293 0.14078459 0.44948018 -0.17881197 0.14671375 0.2863813 0.18464078 0.46957415 0.22328697 -0.014705075 -0.3202996 -0.19187331 0.22173621 0.20136125 -0.20217739 0.023870686 -0.32049653 0.4096858 0.2399973 0.16422212 -0.06587114 -0.18464285 -0.3201548 0.3047751 0.24242611 -0.28139737 -0.016404515 -0.46995217 0.7123371 0.26463053 -0.20539102 -0.42153272 0.31645414 0.18380025 -0.23944052 0.4078614 -0.26755053 0.18141241 -0.15089104 0.10851953 -0.024938073 -0.05617182 0.22881086 0.29803464 -0.15917702 0.14434707 0.45737106 -0.42041916 0.5405654 -0.50830424 0.032633133 0.5639644 0.6460189 -0.5768313 0.11253533 0.30187643 -0.15840751 0.0181889 0.18248159 -0.03622354 -0.35006437 -0.13735583 -0.08617223 0.40251926 0.20123017 0.40568534 0.16041444 -0.49717867 0.11180364 0.14142285 -0.0666835 0.19579439 0.10844585 0.0440741 -0.21274805 -0.39406055 0.1703093 -0.2701653 0.055113085 0.26982203 0.05900405 -0.28996304 -0.21229438 -0.24962239 -0.36102703 -0.29654607 0.36141223 0.45712444 0.22757994 -0.47198045 -0.034085553 0.16868183 0.3360197 -0.17325217 -0.30735627 0.43436787 0.14420144 -0.27060735 -0.18032113 -0.0238872 -0.2099854 -0.28537366 -0.910488 -0.14350352 -0.44611838 0.30231282 0.08110012 0.067575745
lösningsmedel -0.41220093 0.3424714 -0.07966245 0.016315574 -0.24559924 -0.2869169 0.71209455 0.8801354 -0.14750716 -0.27901146 0.32670495 0.035220135 0.02746916 -0.250097 0.1741571 0.2184613 -0.20546947 -0.017422793 -0.13398644 0.38821548 -0.08982459 -0.22213805 -0.17714623 -0.18861553 -0.19652288 -0.0121844625 0.20672216 -0.20409209 -0.31331503 -0.36885154 0.12780923 0.17926288 -0.0013686798 -0.2511358 -0.074325636 0.28774583 0.2272496 -0.47689813 -0.5304922 -0.28686738 0.16921927 -0.050389003 -0.26499054 -0.077865556 0.2633478 0.6182218 -0.1818001 0.46531183 0.24144961 0.4750367 0.3664635 0.36807746 0.18139555 0.33579534 -0.14583969 -0.03796062 0.36711946 0.19512242 -0.28107554 0.4262662 0.016397456 -0.0880322 0.13886951 -0.21269824 0.14027594 0.40630713 0.07312418 0.25002724 -0.37497523 -0.099459104 0.10058312 -0.3153207 -0.4592191 -0.21331057 0.23516162 0.1597436 -0.32685363 0.266421 0.05524179 0.16659942 -0.34516662 0.22102475 0.19934471 0.51783425 0.38302946 0.13472004 0.31745517 0.09346503 0.52626675 0.17235789 0.41626883 0.06861661 0.44031298 -0.14023694 0.84017885 0.76340854 0.30074894 0.3239541 -0.43937507 -0.0663759 -0.16957854 0.18242392 0.3373624 0.15149537 -0.15393686 -0.8379907 -0.35347208 -0.15467873 -0.43187335 -0.23413636 -1.0716089 0.19228405 -0.3415696 0.04522111 -0.10680696 0.14767355 0.031801235 0.17772323 0.03787298 0.1885573 -0.13767447 0.12079356 0.030126365 0.1312537 0.19983028 0.7772672 0.13952436 -0.8199006 0.14366603 0.37223476 0.36874476 0.5955992 0.390197 -0.4340226 -0.058390666 0.16986755 0.34226415 0.04375932 -1.0778257 -1.0883081 0.41537568 -0.4230439 -0.086977094 -0.11788676 0.03242319 -0.16192994 0.022753963 0.23893401 0.020541307 -0.18435849 0.3473546 -0.40960914 -0.5930794 0.17827049 -0.14105985 0.37547806 -0.52739996 -0.16016035 -0.17347996 1.0504411 0.35359758 -0.054649927 0.25447756 -0.14138182 -0.22172129 0.54465455 -0.18073264 -0.10767458 0.2825985 0.81168544 -0.04576163 0.14920567 0.19476819 -0.13279778 0.052904096 -0.39664632 0.025380908 -0.32485414 0.09403466 -0.228208 -0.3562951 0.7491262 -0.3746135 -0.400163 0.10385491 0.18223572 0.6860046 0.3813825 0.6792367 -0.7544272 0.2094755 0.18068041 -0.055310715 -0.039182007 0.20156802 -0.44890815 -0.06391317 0.19269228 -0.18460569 0.11308741 -0.4023417 -0.1143638 -0.22141285 -0.1816298 -0.008256983 0.046146464 0.15275435 -0.33257726 -0.70233464 0.59249175 0.023994772 0.21447685 0.11069342 0.12684974 -0.64584476 0.45871252 0.23389491 0.664209 0.8207809 0.8733217 -0.21713972 0.6109305 0.35905096 0.22783247 -0.06584687 -0.37340292 0.12111828 0.009973415 -0.5051632 -0.22186536 -0.061785895 -0.2462407 -0.1674727 -0.20014799 0.062909596 0.40822813 0.10379016 0.022634806 0.16163322 -0.42733204 0.29308337 -0.20521855 0.48051122 0.44742292 0.26580727 -0.32114947 -0.21998999 0.39943036 0.11584402 -0.028411653 -0.12376692 0.114296064 -0.09362389 0.28677002 -0.24068558 -0.62663054 -0.20860703 -0.18014963 -0.10127605 0.19040075 -0.0927383 -0.06973385 -0.043432355 0.29827762 0.14386994 -0.04045878 -0.014922531 0.17921835 0.115009405 -0.022131389 0.09605988 0.41078424 -0.41922277 0.16233605 0.1725061 0.16195959 -0.6320916 -0.030225573 0.41637486 -0.19773841 -0.062782295 0.23909824 0.42923912 -0.1361982 -0.08751898 0.0057658725 0.34920064 -0.0842763 0.017097335 0.10160716 0.25947073 -0.086752936 -0.22671852 0.13604899 -0.024444237 -0.52570915 -0.23714782 0.11892331 -0.15116373 -0.10313832
lim 0.113156825 -0.3355423 -0.19223565 -0.09371577 -0.06633587 0.02537138 0.19196622 0.25117955 -0.20823506 -0.14162011 -0.32877582 -0.20481178 0.025661625 -0.06634899 -0.1612907 -0.16832894 -0.2835302 0.26390052 -0.22190896 0.17788273 -0.2556429 0.0025579801 -0.3019326 -0.10229422 0.09374034 0.13954794 -0.3842004 -0.32094225 -0.58498 -0.21742426 0.21280219 0.0071249874 0.17665122 -0.28281614 -0.26737276 0.13074444 0.1859342 -0.29930934 -0.40351844 -0.28389242 0.17467238 -0.2354387 -0.27755865 0.047491357 -0.15085274 0.38838857 -0.23785533 0.3188323 0.031191448 0.07879969 -0.08965781 0.4524122 0.23035917 0.6317394 -0.085434996 0.13627334 0.051351354 0.12470398 -0.38534495 0.31139278 0.0026509 -0.15903091 0.091525175 0.0863054 -0.13757206 0.34328425 0.13303901 0.32324 -0.18293798 0.07437628 0.14160113 -0.07855044 0.06612273 0.08916633 -0.024408013 0.15065248 -0.25491062 0.34187523 0.20254242 0.35798028 -0.11845578 -0.07053872 0.3279827 0.14099844 0.27679402 -0.05021261 0.10898765 0.018922215 0.2839663 0.089271486 0.12763573 0.05297525 0.3808111 0.15146543 0.33658153 0.77172834 0.4289775 -0.18549798 0.057930857 0.19383025 0.018260533 0.082508005 0.35527387 0.0264031 -0.05086796 -0.7086663 -0.3220498 0.20380609 -0.12780751 0.13368797 -0.72810954 0.21042278 -0.18639877 -0.04528393 0.01967942 0.122439705 -0.10720205 0.07142652 -0.081794366 -0.0038663922 -7.932614e-05 0.06436587 -0.20656978 -0.2119541 0.14843917 0.4251554 0.23636298 -0.19738732 0.073409244 0.49720746 0.23805141 0.41364467 0.39000234 -0.12222945 -0.01911894 0.14586058 0.27779874 -0.09952702 -0.5803478 -0.52968544 0.2205428 -0.29801607 -0.19418435 0.38343593 -0.21647419 -0.23848625 0.032147594 0.2484271 -0.1297962 0.14250092 -0.0457287 0.21127754 -0.20628934 0.1241909 -0.06228508 -0.015307986 -0.24661209 0.052872714 -0.03502952 0.4187527 -0.08506938 -0.1402199 0.16791333 -0.27000734 -0.068585336 0.32501096 0.15527816 0.031167576 0.027438443 -0.17217307 -0.023483451 -0.10909077 -0.23076315 -0.037666373 0.107118435 -0.31238618 -0.12502177 -0.4158306 0.12490517 -0.20352472 -0.11307183 0.7083507 -0.297364 -0.29785547 -0.1527632 0.19014956 0.59148693 0.31413266 0.5500014 -0.5099366 0.040235586 0.22820255 0.07667617 0.1669951 0.36378032 -0.4876973 -0.27309692 0.249677 -0.21024159 -0.070363045 0.15939517 0.30775446 -0.3698981 0.039684646 0.5011728 -0.19667009 0.06127653 -0.055638477 -0.30554047 0.33810496 -0.13498138 -0.06271694 -0.122741625 -0.18629669 -0.20768556 -0.02402246 0.1401546 0.8541183 0.6466382 -0.039153 -0.16641882 -0.107588165 0.17151788 0.11883399 0.062837854 -0.39257586 0.1495358 0.0539747 -0.07956537 -0.04589705 -0.28320947 -0.19775683 -0.15497611 0.17310575 0.11014806 0.18047357 -0.10419634 0.09326246 0.06922123 -0.19206445 0.37322682 -0.04831926 0.102244504 0.4547132 0.25070378 -0.36497012 0.0012423901 0.0070064175 0.123400934 0.34801662 0.11235834 0.02577348 0.07213312 0.13873889 -0.0005434613 -0.29542843 0.088413276 0.064580865 -0.22386397 0.1753954 0.05053989 0.06319464 0.13477726 -0.11263106 -0.29615492 0.08755712 0.18442254 0.37710282 -0.33996084 0.18641348 -0.088871926 0.19495928 -0.11638112 0.2233871 0.6273506 0.39982253 -0.05561071 0.038370267 -0.034421302 -0.31041306 0.008249922 0.28280225 -0.03491612 0.47047707 0.43319908 0.4249219 0.3621784 -0.19433174 0.11652809 -0.024570262 0.2007087 0.5564484 -0.043385074 -0.1623365 0.0059824646 0.05297264 -0.017769894 -0.2556483 -0.14784476 0.05405669
ogräs -0.15434988 0.1566851 0.5234627 -0.01953469 0.4444484 -0.65778774 0.31847724 0.25466344 -0.34577283 -0.1636763 -0.06724256 0.090207934 -0.31295863 0.18103954 0.07800293 -0.28043956 -0.17379858 0.28971145 -0.13310857 0.35255474 -0.36847442 -0.3430851 -0.21754028 0.2943445 -0.18649653 -0.13434656 -0.60857624 -0.0026926193 0.22422601 -0.3773314 -0.5226765 0.0878149 -0.3422557 -0.31524205 -0.14725131 0.024096867 0.007418151 -0.52038413 -0.13138974 -0.5079974 0.54864585 0.19586864 0.014302737 -0.22769558 0.45028013 0.42192757 -0.26476786 0.085657164 -0.008765879 0.006400564 -0.13661845 -0.020430805 0.24147558 -0.4466646 -0.07574729 0.057696067 0.1456011 0.04655585 0.5205566 0.29291666 -0.10847382 -0.21719868 0.4946865 0.31427965 0.02879666 0.1419792 -0.18755546 0.045564696 -0.63639796 -0.206238 0.14843065 0.1719679 -0.50398535 -0.14853097 0.08804934 -0.4446811 0.10593171 0.6945394 0.07796515 -0.033585735 0.2155739 -0.164498 0.082276456 -0.07792437 0.6479232 -0.18999623 0.65410566 0.40270388 -0.49546838 -0.4498015 -0.31109267 0.31086874 0.04345396 -0.4752997 -0.446363 -0.13073309 0.12326702 -0.8678859 0.34859478 -0.55554056 -0.20160082 0.16338421 0.5875582 0.09918125 0.42388034 -0.76455593 -0.30641645 -0.15578428 -0.3404031 0.25580674 -0.7157272 0.22451401 0.0653361 -0.17388496 -0.16588971 -0.1638959 -0.015982054 0.5370662 0.023348443 0.0034438814 -0.06919682 0.15935735 -0.29189625 -0.15083006 0.61396986 0.19530447 0.12073205 -0.41162407 -0.15881565 -1.1873846 0.089300275 0.38268584 0.1196399 0.094472535 -0.10248397 0.22144647 0.064506404 0.20219685 -0.63897735 -0.8799162 0.007653542 0.061954614 0.11394283 0.26395637 0.22897328 -0.25374776 0.2845924 0.42651328 -0.26952472 -0.16527203 -0.13012256 0.12410565 -0.2385506 0.22114451 0.08359793 0.009792382 -0.23148915 -0.32879943 0.060620222 -0.55656415 0.41513216 0.07325806 -0.5525176 0.6976548 0.0069825533 -0.020984096 0.3274979 -0.2862921 0.089844696 0.59976417 -0.06446714 -0.023885554 -0.26143295 0.5385692 0.3270427 -0.46453243 -0.31066918 -0.56247014 0.23407353 0.29137588 -0.68358773 0.71238995 -0.75288457 -0.107505195 -0.42954627 -0.5484944 0.6140705 0.37147763 -0.16916807 -0.032033954 0.5190492 0.27492407 -0.61836183 -0.17388035 -0.13452077 -0.24076456 0.4927862 -0.34777582 0.3543767 0.33200336 0.42221427 0.18244044 -0.36268187 -0.10050792 0.2400841 0.565454 -0.052551106 0.46118134 -0.37232602 -0.24576212 -0.1165535 -0.06482785 0.5028051 -0.102169566 -0.43371934 -0.15131572 0.10090256 -0.043314964 0.042735945 -0.4458133 0.26128328 0.4063449 -0.019226685 -0.37103364 0.2925192 -0.04154862 0.19991378 -0.0067018336 0.2936522 0.30941325 -0.2544869 -0.11777861 0.19430697 0.81721693 0.12976587 0.5719528 -0.17375836 -0.054940086 0.23268145 -0.0049297414 0.38395128 -0.86541295 -0.20865077 0.7314135 0.032480437 -0.427367 -0.38963574 0.3696494 -0.15656114 0.22088341 0.16124628 -0.39560553 -0.50493836 0.044507094 -0.25016907 0.20905776 -0.45155233 0.27139458 1.026714 0.049159527 -0.38742644 -0.22657837 -0.24318044 0.48716265 0.051799413 -0.39346704 0.36186776 -0.08698089 0.21945938 0.013435059 -0.08057006 0.18570773 0.106822446 -0.08819737 -0.24317136 -0.34904867 -0.5125103 0.021517286 0.37450984 0.2750973 0.26237184 -0.23567945 0.5668987 0.43660003 0.6301204 -0.52174675 0.40209568 0.6521157 0.37014556 -0.31255743 -0.15017585 0.5377327 0.2526571 0.19551529 -0.36041942 0.3913686 -0.49660727 -0.018302802 -0.028400468 0.44258103
senap -0.078783266 -0.115390025 -0.056530215 -0.07438551 0.25792283 0.0010687339 -0.19416815 -0.17770727 -0.17011802 -0.5602559 0.0009364274 0.04796152 -0.03278037 -0.18193595 -0.21616577 0.30021104 -0.06632546 0.31916115 -0.4921763 0.058225583 0.15232345 -0.16517243 0.032122307 -0.6737687 -0.020637065 0.0051416126 -0.5965403 -0.19922161 -0.5325973 -0.48113278 0.23817837 0.13810796 -0.12582026 -0.21897201 0.026635887 0.24686337 0.10249301 0.21331288 -0.46558613 -0.11852783 0.12106408 -0.019488512 0.2533811 -0.02009591 -0.08937782 0.23402752 0.012553563 0.03583964 0.3029267 0.021844357 -0.25488263 0.206953 0.1554285 0.5245193 0.040300414 0.014619425 0.16268669 0.40634227 0.109886296 -0.026304029 0.23365663 0.14962433 0.05838993 -0.041298505 -0.04587607 0.017735895 0.2444552 0.15246022 -0.19902563 0.17453606 0.18234752 -0.57566077 -0.17665073 -0.17159179 -0.24138771 0.38400453 0.05006146 0.4058228 -0.31720915 -0.21619698 -0.48244178 0.2962169 0.1631525 -0.11299024 0.38030666 -0.21126777 0.24758166 -0.48381197 0.3328242 0.32607427 0.28588465 -0.28505212 -0.11586449 0.45353425 -0.098087005 -0.29275587 0.50855017 -0.30894065 0.029667819 -0.014955214 0.33708122 -0.05838048 -0.030669197 0.14404817 -0.18298185 -0.794538 -0.26570523 -0.08583265 -0.5309214 0.44325605 -1.0945116 0.27502054 -0.0642998 -0.11907523 -0.22784086 0.16017853 0.062904924 0.08785356 0.5797413 -0.66034627 -0.1737579 0.19086677 -0.14164142 0.086404994 -0.078366674 -0.19035536 0.20126802 -0.21509974 0.32856685 0.35630694 0.29286644 0.054313913 0.06186264 -0.13912617 -0.03772411 0.40642416 -0.26168638 0.27859437 -0.77889687 -0.7590235 0.17830034 -0.075165056 -0.44319695 0.33859894 -0.28718573 -0.064731 0.113019586 -0.20620252 -0.25995144 -0.16262493 0.24899338 -0.6225759 0.1768764 -0.16892464 0.050804626 0.46365464 0.009262842 -0.1323877 -0.0924097 -0.030001028 0.16181812 0.08576491 -0.58158934 0.093802415 -0.113629565 0.3498199 0.096511625 -0.1079204 0.08968539 0.6388681 -0.29258096 -0.27967826 0.23745604 -0.08880937 0.083995536 -0.62124616 -0.29119024 -0.15637761 0.22263841 -0.10806297 0.01292195 0.41802818 0.13183288 -0.15385811 -0.24496622 0.09554827 0.90431273 0.5209073 0.34262025 -0.46711007 0.11773508 -0.2542149 -0.0113011245 -0.019087685 0.08111761 -0.36854166 0.0069779307 -0.20322867 -0.07564205 -0.26182356 -0.11835815 0.14219084 -0.05947097 -0.28235677 -0.093396954 0.05232691 -0.014788871 0.2199558 0.11247401 0.3817955 0.36649865 0.001996793 0.24491148 -0.31657508 -0.043172386 -0.069610015 0.03484174 0.117323816 0.2756924 -0.028601116 -0.10332156 0.13154516 0.1844715 0.4601239 0.12304277 -0.1505349 -0.14533983 0.5755188 -0.11531653 0.059290096 -0.3781776 -0.23033702 0.23353988 0.1894177 -0.27212897 0.35841182 -0.43982005 0.4647131 0.09864289 -0.48446432 0.6474589 -0.1979033 -0.3152199 0.28721702 0.09978764 -0.51276034 -0.0892593 0.10896337 0.24416398 0.008900159 0.07362966 -0.08087808 -0.1359277 0.0004846728 -0.5825559 -0.6609639 0.5143589 0.06303152 -0.67284566 -0.08919172 0.31940138 -0.22090925 0.72351104 -0.5304653 -0.30340818 -0.07953224 0.15101913 0.2687304 0.035274137 -0.14097025 -0.029392017 0.13585027 0.003126266 -0.19313295 0.2469962 -0.31161395 -0.38109446 -0.18631288 -0.043197334 -0.07097494 0.17051461 0.039837837 0.34183896 0.297925 -0.20168641 0.45897308 -0.6277256 0.41102344 -0.095339485 -0.14053203 0.1174812 -0.020693168 0.13130032 -0.18677515 0.07243421 0.15581082 -0.2820193 -0.38948575 0.0791217 0.14336783
cologne -0.4598457 0.41442856 -0.3799772 0.30685955 -0.10923585 0.16189572 0.048411842 0.8547773 -0.20716526 0.15596758 0.37816104 -0.15940936 0.30755436 0.10883719 -0.21991754 -0.30403018 0.106417306 -0.25307736 0.19022293 -0.1742193 -0.038537793 -0.006478698 0.16115662 0.0019887588 0.2742258 0.33985803 0.0139985625 -0.020652607 -0.09089348 0.38225618 -0.13143097 -0.066556714 0.23624484 -0.029047724 -0.25972432 -0.17899355 -0.47873658 0.0242821 0.003234786 -0.20290413 0.1738831 0.086181335 -0.44528294 -0.21385607 0.09004348 0.13821675 0.053162653 -0.056682058 -0.20019051 0.7245416 0.08410741 0.028286746 -0.10432343 0.42548788 -0.0630165 0.13170302 -0.012423937 0.12329111 -0.21126482 0.22887173 0.059089452 -0.44271645 -0.12848862 -0.16896789 0.20423931 0.2551213 -0.01504661 0.29423794 0.1439223 0.11665432 0.027767215 -0.0028731404 0.028929662 0.12490818 -0.23012514 -0.19371341 -0.09451456 -0.2019511 0.02726001 0.07931175 0.2217776 -0.26022294 -0.027004264 -0.36228326 -0.17442176 0.21666507 0.11888883 -0.11000212 0.07559123 0.0022992538 0.27185673 0.165485 0.116970114 -0.047672305 0.5665651 0.7217717 0.4513393 0.009008483 -0.22286923 -0.1218058 -0.44854817 -0.026586521 -0.22737342 -0.034918737 0.028023943 -0.2806131 -0.149371 0.45929584 -0.11635423 -0.2814505 0.04457937 0.1592788 -0.03483618 0.017879652 0.34902355 -0.07490318 -0.4380674 -0.07565009 -0.3315587 -0.001766821 0.26616764 -0.15886638 -0.1210296 0.18708968 0.12677424 0.10018717 0.25255516 -0.1262211 0.09508854 -0.049785476 -0.37884882 -0.07826181 0.17511217 -0.0907362 0.4193956 -0.13600843 0.1939195 0.0579543 -0.1379293 0.061299313 0.24611117 0.0012042699 0.014246682 0.086574085 -0.024170244 -0.27006772 -0.16895136 -0.16483669 0.07316864 0.35697412 0.44000727 -0.18921673 -0.51831114 0.083893284 0.15781514 0.16187628 -0.2503512 0.09078704 0.12617569 0.51244944 0.3085412 0.1536748 -0.14295487 -0.038541023 -0.07894951 0.67661124 -0.16340129 0.12489055 0.31473142 0.62540346 0.3306068 0.16108337 -0.050338298 -0.09394453 -0.040164243 0.008571579 -0.16953038 0.123999335 0.11421236 -0.07256177 -0.23367 0.2403994 -0.25085282 0.013075779 0.113997616 0.6001131 0.62189627 0.33189783 0.39101827 -0.29721504 0.099883094 0.31633517 0.09743114 -0.032101024 0.14770328 -0.15777716 -0.21589279 0.020161109 0.07171831 0.063955374 -0.018570555 -0.11577247 -0.031155419 0.23523521 -0.06550197 -0.3039929 0.26614025 -0.043572046 0.00014523808 0.2709668 -0.00074306433 -0.5660549 -0.14137557 -0.35734758 -0.040767904 -0.23812911 0.023645751 -0.23641832 -0.32596323 0.24106249 0.023930607 -0.20131332 0.02123535 0.20580696 -0.2697185 -0.39293882 0.0917088 -0.4292296 -0.39227214 -0.19639236 0.046833873 -0.3772662 -0.3963797 -0.41634443 -0.152476 0.308953 0.019394727 0.3425707 0.2640229 -0.2926842 -0.001820422 0.25430125 0.09960664 0.037793297 0.101409435 0.32820606 0.03907838 -0.3063992 0.235447 -0.26485696 -0.27708042 0.042905483 -0.03311131 -0.22912571 0.63588905 0.17402133 -0.04780793 -0.31972912 -0.17747985 -0.026635151 -0.047275964 -0.5501467 0.3876242 0.16026323 -0.25696677 -0.22435752 0.08283627 -0.036465872 -0.094316304 -0.11077006 0.08339842 0.0838473 -0.18558596 0.24650557 0.03169909 0.27872446 -0.10872117 -0.14272012 -0.11989425 0.020210607 0.32425523 -0.16132104 -0.13417593 0.28728127 0.17438076 -0.22105996 0.20276228 -0.106606156 -0.2511081 -0.09183087 0.12542178 -0.14898513 0.04177055 0.18619095 0.2015965 0.13471884 -0.009352869 0.3395557 -0.32021785 -0.66043454
geranium -0.4770215 0.68285996 -0.0397642 0.19241926 -0.2484126 -0.15586248 0.20731437 0.9223523 -0.32861865 -0.16897148 0.21873702 0.039693445 0.20914485 0.07333916 -0.18062444 0.14299732 0.23316455 -0.019526161 0.09033945 0.024494741 0.008479643 -0.13726833 0.104956895 -0.16937204 0.36140394 -0.018965568 -0.48921555 0.055818766 -0.044315595 0.13966675 -0.05704934 0.09897565 0.0033980175 -0.44782776 0.043440204 0.087534115 -0.135122 -0.63668454 -0.6196513 -0.2822408 0.13852012 0.12451523 -0.29392457 0.20046322 0.006943637 0.16537583 -0.16017178 -0.05858277 -0.2743964 0.22967653 -0.08224164 0.06865611 -0.2573304 0.10328263 -0.0011026063 0.20857762 -0.050997477 -0.3164114 -0.31556347 0.01847259 -0.27334186 -0.2669574 0.04605312 -0.39431205 0.16019191 0.67347723 0.32040775 0.3859717 -0.67848426 -0.19029659 0.31538138 -0.056662068 -0.3569429 -0.08487585 -0.1829206 -0.32797435 -0.4962058 -0.21009631 -0.11417119 0.38878065 -0.24436615 -0.2716167 0.27103078 0.64931756 0.14863312 -0.084091134 0.3233248 -0.07682806 0.4131492 -0.084277935 0.276388 -0.298002 0.3119197 0.020101758 0.39543056 0.40122157 0.6352182 -0.3254402 -0.12754704 -0.005241197 -0.23401311 0.114428945 0.060302366 0.16786349 0.0942896 -0.63517773 -0.55694836 0.068419784 -0.12331585 0.24370006 -0.7420869 0.19119418 -0.21673667 0.2651066 0.3276165 0.13713208 -0.24893095 -0.25492236 0.1367507 -0.33375672 -0.13174142 0.0080824755 0.13233986 0.71643853 -0.13292904 0.2805086 -0.05361408 -0.29564884 0.2694694 -0.3353834 -0.14816098 0.28841457 0.03091378 -0.5974744 0.40524885 0.23606934 0.13847116 -0.019382458 -0.557131 -0.4315857 0.3465253 -0.26408756 -0.22413044 0.28020725 0.13389583 -0.27168807 -0.48826802 -0.09041144 0.20965539 -0.22130743 0.29439455 -0.49605992 -0.17314321 0.2048168 0.02008618 0.40799758 -0.056072798 -0.011225688 -0.17313045 0.6492759 0.10950888 0.19654481 -0.09282757 0.1990644 0.018135276 0.43734327 -0.08816841 0.089850865 0.3000094 0.6443373 0.02708314 0.059733838 0.23036397 0.07468179 0.009961955 -0.48632446 0.02133284 -0.17524943 0.15142828 -0.21651372 -0.45947483 0.21659279 0.06308668 -0.044236198 0.008780198 0.020914223 0.3289235 -0.054291286 0.39519447 -0.5190535 0.1204724 0.04033967 -0.35909966 0.048994586 0.23951432 -0.48702326 -0.45120674 -0.47596338 -0.011686721 0.4302156 -0.5404426 -0.063935734 -0.22933324 -0.3051142 -0.2257397 -0.17185698 -0.013396642 -0.4371737 -0.35470343 0.4315771 0.13705462 -0.383827 0.2543192 -0.49214917 0.4722251 -0.50410545 -0.09453583 -0.45999664 -0.56276757 0.07439735 0.205236 -0.03262282 -0.38053888 -0.10596894 -0.06582816 -0.0375078 -0.062767655 -0.3092076 -0.36342147 -0.07185569 -0.01413804 -0.022680523 0.110844836 -0.38979238 0.12900378 0.1429483 -0.07965941 0.26168674 0.28778213 -0.14894319 0.057022903 -0.31151098 0.0159809 0.15645958 0.41095963 -0.19402622 -0.052216757 0.19063039 0.03144028 0.09799079 -0.011108056 0.3265852 -0.4902668 -0.15246183 0.20062701 0.03235778 -0.44652477 -0.27681282 0.089051574 -0.005206404 0.19719705 -0.19717236 0.05274978 -0.100461386 -0.11648229 0.04449748 -0.091291964 0.09681312 0.14744377 0.10314765 0.33660734 0.22848769 0.39109695 0.05652088 0.0073117944 -0.009399092 -0.054553103 -0.09389514 0.082859576 0.055792514 0.19827285 -0.40148512 -0.23633085 0.06970372 -0.05362928 -0.2625305 -0.06768236 0.035301197 -0.016307183 0.12728453 -0.19578212 0.045530688 -0.08320566 0.15036748 0.020931525 -0.09251829 -0.024674624 -0.25067997 0.11213184 -0.3021052
pepparmint -0.2784497 0.2873208 -0.1882849 0.1679654 -0.11397622 -0.0978233 0.16601257 0.5031989 0.016918866 -0.09594489 0.28438154 0.14670222 -0.01252816 -0.117480464 -0.13464083 -0.0018781172 0.04269458 -0.07526382 -0.09952145 -0.090478644 0.18063028 0.13905472 0.062325347 0.009760216 -0.048663247 -0.24504982 0.057926696 0.13107385 0.082290426 0.025281996 0.077194214 0.03655634 0.09766794 -0.49537987 -0.20200655 -0.0044875466 0.083453305 -0.5065679 -0.52582526 -0.16199839 -0.055870898 -0.093575075 -0.20871559 -0.14260782 0.0736723 0.043538023 -0.16313079 0.07325773 -0.14261934 0.076104574 0.0032307967 -0.015041345 -0.25442213 0.17569931 -0.011350495 -0.00033183 0.08549584 0.139137 -0.19764559 0.13845131 -0.20070237 -0.24327989 -0.030808933 -0.26020896 0.16428313 0.27592102 -0.0015925918 0.13206531 -0.46475202 0.03189471 -0.025941512 -0.15870045 -0.13976711 0.0027971542 0.073263 0.051660173 -0.5093081 -0.07394529 -0.090582095 0.05828559 -0.2101981 -0.20409597 0.08862171 0.01086638 -0.087274686 0.087058425 0.09266588 -0.07281163 0.49396536 0.113034785 0.3941154 -0.25414035 0.11356041 0.061344817 0.24973431 0.5100551 0.18267283 0.06406864 -0.22001618 -0.008009157 -0.28856003 0.06031568 0.25793308 0.050039276 -0.14551915 -0.3645574 -0.34511065 -0.021131366 0.15699628 -0.046386864 -0.41991198 0.18040547 -0.13287608 0.18788803 0.19743374 -0.11913868 -0.1448519 -0.1503276 0.067886226 -0.23563129 -0.035730742 -0.12117285 0.17944805 0.26753727 -0.020747725 0.07412433 0.060179174 0.08898567 0.46497652 0.22489616 0.0651502 0.31160417 0.21741587 -0.35630795 0.38306972 0.21873583 0.26622272 0.025835851 -0.3083083 -0.32511672 0.32911152 -0.35467392 -0.17252086 0.23670904 -0.14535967 0.018574536 -0.22101548 -0.016687458 -0.26807025 -0.16468336 0.15511554 -0.019096114 -0.016244987 0.07862826 0.059245486 0.25483906 -0.20133929 -0.150364 -0.14222774 0.62685907 0.2046976 0.010670904 -0.17120376 0.15992129 -0.10855897 0.22508293 0.047800045 0.01346443 0.17819242 0.37028795 0.17590337 -0.01829616 0.030522509 0.15212637 -0.0802877 -0.33534595 -0.10868647 -0.5327146 0.120407805 -0.32611248 -0.15670367 0.38448635 -0.084100485 -0.23000017 -0.023421686 0.06262494 0.1284617 -0.08884552 0.46390918 -0.5147594 0.042153675 0.12659137 -0.3077297 -0.13153376 0.1742151 -0.42880845 -0.124853015 0.022981895 -0.03712734 0.1233608 -0.10564381 0.0019517841 -0.20916276 -0.09626995 -0.06396355 -0.31561282 0.14559548 -0.1941519 -0.09190509 0.1701945 -0.0059264777 -0.02397215 0.18534195 -0.23320758 0.19749974 -0.03795129 0.00874918 -0.115652636 -0.09339387 0.059107654 0.07248448 -0.009293124 -0.26446 -0.0027198032 -0.05361435 0.120598495 0.08173428 0.22815399 -0.24648051 -0.17824511 0.12974359 0.02609692 0.14123382 -0.19800615 0.13689414 0.032956056 -0.015900189 0.11119859 0.07367775 0.14617582 0.3201162 0.096004285 -0.20197947 0.03724227 0.16628462 0.17800373 0.0018446118 0.2957262 0.26187766 -0.02896651 -0.09973968 -0.11757886 -0.17791516 0.056849796 0.11499822 0.022173887 0.12699191 0.06484923 -0.310105 0.028971696 0.32015625 -0.07061129 0.16526186 -0.3138772 -0.048659608 0.016047385 0.09866089 0.3583126 0.061679617 0.15221055 0.03213854 0.07528078 0.2297005 -0.11795169 0.1244949 0.06440685 -0.16908033 -0.088167176 0.13588771 0.07655268 0.007602053 -0.07677032 -0.08563002 -0.1080818 -0.025079286 0.01329683 -0.19656722 0.14910685 0.19275798 0.15430102 0.1294768 0.26732886 0.17692219 0.34853256 0.4295825 0.2656385 -0.023131387 -0.09255602 0.03845439 -0.30728117
selleri -0.18559729 -0.23077892 -0.012104218 -0.025388232 0.2751918 0.20615815 0.12571914 -0.16770193 -0.07731789 -0.14555004 0.15108407 0.13954416 0.02243603 -0.31167868 -0.05592162 0.1317566 -0.07364241 0.23446779 -0.23433308 0.2836278 -0.13060252 0.070318416 0.091920435 -0.01680146 0.07905236 0.33087027 -0.27638006 -0.13386847 -0.29140943 -0.041635066 0.15387984 -0.011412112 -0.01517405 -0.2589425 -0.086303845 -0.17347428 -0.018496761 -0.1312577 -0.45227924 -0.41526052 0.15396115 -0.13701735 0.097050644 -0.292082 0.00086672255 0.30801007 -0.033406083 -0.09481992 -0.0010148485 0.43197984 -0.022129778 0.0056576254 -0.105651 0.42053524 -0.28859687 0.12129973 0.0024593978 0.09629458 -0.20995669 -0.006696916 -0.053974412 -0.009055375 0.06626679 -0.29756126 0.13097216 0.04456069 0.016877597 0.24226302 -0.26278684 -0.116314694 0.053691305 -0.25432113 -0.21188566 -0.35203052 -0.03829726 0.3420232 -0.2945837 0.021287689 -0.4117938 0.2160868 -0.6139792 -0.19395159 0.08747439 0.3361016 0.28370824 -0.17701304 0.026214926 -0.26378277 0.0813354 0.28353453 0.36124882 -0.023515541 0.042887792 0.13692139 0.21557385 -0.13597727 0.34128517 -0.12436175 0.02030432 0.1202071 0.03160899 -0.12194926 0.13403879 0.1447413 -0.17250624 -0.884497 -0.38358733 -0.22635508 -0.13679886 0.18368143 -0.53995025 0.28200814 -0.05355085 0.32436398 0.14831507 0.09332189 -0.20164794 0.017465757 0.3424134 -0.24485436 0.019763185 0.2649719 -0.13665976 0.15577468 -0.0845759 0.3018156 -0.053212453 -0.56746614 0.20658813 -0.059919927 0.12258469 0.03840994 0.11450314 -0.49432045 0.042014945 0.28500676 -0.22270477 0.1528727 -0.6779943 -0.70735717 0.34854588 -0.34831855 -0.11498844 0.17432068 0.051393498 0.0031869612 -0.105093546 -0.15521537 -0.16770951 -0.08618197 0.090937786 -0.38833898 0.16068447 0.046897188 -0.020709561 0.24249706 -0.09344399 -0.17428045 0.04574663 0.12793352 0.38737094 -0.0087586325 -0.16088367 0.23180005 -0.09316294 0.3096095 0.08596154 -0.15653571 0.1821504 0.8012118 -0.17655483 0.07351325 0.3507204 -0.1430996 0.052060306 -0.38933742 -0.22311933 -0.29648116 -0.09667115 -0.28121933 -0.04576712 0.5026102 -0.19300987 -0.08212502 -0.16847134 0.040634327 0.7245508 0.13486761 0.29569194 -0.31200242 0.219343 0.044153802 -0.15891245 0.114360206 -0.000495879 -0.2579936 -0.03676021 -0.17228115 0.14122862 0.29132885 -0.46440762 -0.008034682 -0.1208778 -0.33681235 -0.14660735 0.039995454 0.03289631 0.17884438 -0.14402673 -0.0047009424 -0.035331786 -0.09868689 0.34884015 -0.061546784 0.26158744 -0.09103089 0.17919019 0.016640404 -0.1468234 -0.17801312 0.351179 0.037642572 -0.041928433 0.10381987 -0.32284427 -0.21616143 -0.071980074 -0.1928278 -0.11554099 0.15757447 -0.09953322 -0.08743483 -0.0057272185 0.024704937 -0.15991057 0.21844263 -0.122100085 0.38141474 0.056329615 -0.36668748 0.08873858 -0.21769811 0.026348472 0.28158712 -0.045256026 -0.061692994 -0.15645471 0.031234026 -0.06470338 0.13901824 -0.21287328 -0.0030015397 0.08345641 -0.025126671 -0.05631561 -0.33927378 0.28353968 0.24125744 -0.3347289 -0.015077995 0.14685921 -0.027110677 0.4415025 -0.19473359 -0.1954867 -0.071943685 0.16778724 -0.16533019 0.061944507 0.016069993 0.053306196 0.042999536 -0.035795253 -0.33771473 0.12940297 -0.06238248 -0.23234072 -0.22289504 0.46474794 0.035914715 0.25982144 -0.14882503 0.08543872 0.15704095 -0.26642638 0.09348608 -0.29399744 0.29365623 0.009109933 -0.27386007 -0.18096337 -0.27497008 0.0034884743 -0.046635546 -0.057273146 -0.00559344 0.16434312 -0.08764938 0.009864976 0.055256926
popcorn -0.051402275 -0.06048499 0.118059024 -0.07739332 -0.07294981 0.20167553 -0.13176134 0.15236849 0.079120256 -0.08100786 -0.063826956 0.062612474 -0.05656206 -0.2997085 0.19949459 0.14731129 -0.014730868 0.07177711 -0.17471959 -0.015726598 -0.11407858 -0.119127885 -0.018145932 0.028753174 0.1885099 -0.12651916 0.18701929 -0.087910905 -0.08750896 0.21093528 -0.09049361 0.005520436 -0.10529213 -0.06522859 -0.039211657 -0.12859683 0.053143896 -0.20632082 -0.13127828 -0.089790925 0.15167774 -0.09008751 -0.0570808 0.3512645 -0.06686498 -0.14947243 0.04392435 0.13286167 0.06788794 0.121675 0.23384215 0.044920176 0.10447484 0.06735784 -0.21926236 0.08046948 -0.048407283 0.10261891 -0.030096876 -0.056257408 -0.060946 -0.18118455 -0.09654421 0.05397079 -0.03981395 -0.1766616 -0.08605277 -0.092686445 0.10738568 0.039725803 -0.048109528 0.110982075 -0.21241896 -0.032538235 -0.12030587 0.09786141 -0.022649728 0.17706922 -0.0153969675 0.17204699 -0.16615424 0.09142519 0.06397964 0.13640207 0.12379163 0.24864887 0.061887987 -0.16255215 0.02064733 -0.059406083 0.207877 -0.16034748 -0.019551635 -0.055650033 -0.0760648 0.11571043 -0.0010282649 0.07035766 0.16554245 0.007966936 -0.029465431 0.14640774 0.07647835 0.1721804 0.059477564 -0.30810943 0.054536615 -0.055722494 -0.026620012 0.026887326 -0.1416871 0.09724297 -0.036749527 -0.15259327 -0.0283984 -0.30423707 0.11105583 -0.06448044 0.09316749 -0.09240118 0.045373403 -0.04829743 -0.10660323 0.027962973 0.051042147 -0.025028342 0.06023393 0.15454032 0.2540793 0.060335327 0.20373322 0.08888696 0.28780842 -0.13341816 0.23036493 0.067630775 -0.030540405 -0.14483632 0.12472278 -0.21368723 0.045879748 0.21318725 0.07123352 0.2824509 -0.14398399 0.1565279 0.12657975 0.0433711 -0.08909234 0.0015667684 0.0017164417 -0.123033985 -0.32080156 0.011611525 0.06976048 0.025692917 -0.14752267 -0.17174792 -0.24115808 0.33288932 0.15998101 -0.10832849 -0.15594412 -0.039139956 -0.061464697 0.10490633 -0.047385756 0.044633817 0.07422913 0.14085445 0.0779415 0.087918185 0.21267216 0.10429683 0.014610712 -0.2997533 -0.29254228 -0.2334362 0.13405876 -0.13164352 0.12675479 0.22841324 -0.07282367 -0.12015558 -0.20231171 0.10419769 0.50461435 0.3162904 0.13216929 -0.49554786 0.04732561 -0.028825266 0.0028896146 0.07969074 0.11837067 -0.117877014 7.1546965e-05 0.2160159 -0.18262103 -0.17129351 0.008493337 0.11021321 -0.16042823 -0.027915997 -0.1460618 -0.42320532 0.052735098 -0.021925746 -0.10107642 0.070101574 0.05070176 -0.13122855 0.1686104 -0.08830377 -0.055305675 -0.11637605 0.03550535 0.020113565 0.032807764 0.039104324 0.06688964 0.05743073 -0.18696481 -0.007442311 -0.23322482 -0.17700972 0.0066212937 0.061184756 -0.04810918 -0.13324147 0.062770426 0.046367917 0.0021375017 0.07084952 -0.15547985 0.2044274 -0.04808342 -0.008948081 0.14734858 -0.15530145 0.3806962 0.043580174 0.02556417 0.08807604 0.27614796 -0.11823442 -0.007153802 0.10544112 0.07629725 -0.058494557 0.01878092 0.057404593 0.41071114 0.07951142 -0.34593016 -0.4265459 0.34027368 0.06486388 -0.2523893 -0.080441885 0.4459557 -0.02906375 0.2367459 -0.30525926 -0.34325185 0.1979649 0.1735039 0.23617546 -0.033701 0.118542954 -0.042887628 0.14339279 -0.069458336 0.13197474 0.0112795625 -0.16385998 0.114847444 0.005641044 -0.009132635 0.0060013807 -0.0068379613 0.26859152 -0.050405584 0.12128467 0.054708686 -0.008072505 -0.23316562 0.21094225 0.049051493 0.08569598 0.0690432 0.5651029 0.13927682 0.08868613 0.4559392 0.22028051 -0.103885025 0.023858558 -0.11405218 0.2059532
rep 0.12524731 -0.2524151 -0.14490156 -0.10185687 0.052175578 -0.06846212 0.23550095 -0.022496847 0.04775936 -0.015473716 0.042511918 0.24977577 -0.10533629 0.18713875 -0.15731774 -0.095189005 0.0013859367 -0.0607679 -0.0041867606 -0.1575446 0.059031997 -0.21134003 0.108695984 -0.003076513 0.13032657 0.023810111 -0.12819068 -0.27032495 -0.5654321 -0.06739121 0.04247963 0.10089285 -0.30454862 -0.09865125 -0.13107832 0.06933148 0.057035953 0.012171578 -0.05637316 0.08325968 -0.23197609 0.096926875 0.061005827 -0.080994844 0.14631912 0.20395963 0.06068681 0.23714192 0.0052507715 0.05679854 0.010130063 -0.10836748 -0.12052686 -0.05324675 -0.17665423 0.31084016 0.34021318 0.13117008 0.29678005 0.091410264 0.025189023 -0.28562638 0.019375669 -0.06772991 -0.07379131 -0.03327593 -0.18066083 -0.124151394 -0.2915083 0.08374216 -0.012370993 -0.0041652876 0.086100504 -0.052998625 0.08814022 0.21923226 -0.11435603 -0.020936286 -0.08399624 0.039691254 0.21499223 0.03874345 0.22723453 -0.18864824 0.26132748 0.11242171 -1.1801225e-05 -0.046056114 -0.031447314 -0.088289276 -0.03036571 0.18395063 0.12119024 0.15015285 -0.0099397395 -0.009881622 0.012755136 0.106964506 0.1544879 -0.12336502 -0.08420295 -0.062215086 -0.024702925 -0.104567766 0.06637545 0.11945174 0.05204902 0.017426137 0.04234084 0.12540123 -0.17907912 -0.06121643 0.14965032 0.222171 -0.0805862 0.095126264 0.08949327 0.045986265 0.077677175 0.06604659 -0.03320893 -0.22367926 0.009545413 -0.014430134 0.07735194 -0.08178284 0.13369678 -0.007969621 0.046591114 -0.21659032 -0.003986409 0.18472812 0.11783347 -0.062689476 -0.19390234 -0.06315766 0.03703337 -0.18856816 -0.28403154 -0.3637518 -0.04121799 -0.11871034 0.021214405 0.055731293 0.08537439 0.05479983 -0.04143013 -0.16125038 -0.10375416 -0.008947983 -0.03677059 0.2938801 -0.07369812 0.020526215 -0.10707802 -0.23144491 -0.2461951 -0.18588611 -0.144611 0.043199252 0.07899324 0.018392308 -0.27578646 0.055586495 -0.10625575 0.07653004 0.16649216 -0.17888382 0.0422745 -0.08098795 -0.019407116 -0.17574106 -0.044471145 0.119963974 0.2701998 0.10216347 -0.3396241 0.0067142635 -0.10621807 0.11479548 -0.06506318 0.15527736 -0.4636138 -0.03549168 -0.17850357 0.02448945 0.4292823 0.31116512 -0.047255978 0.15478443 -0.10275304 0.15359965 -0.10754485 -0.058633495 -0.020903656 0.08927242 0.06598547 0.05691986 0.078534424 0.24714485 0.041468803 -0.07116041 0.0850564 0.15297745 0.07284592 0.28304952 0.07527098 -0.0025497072 0.03226708 -0.15971832 0.0882166 0.18570675 -0.12545455 0.12717874 0.007762537 -0.17694198 -0.08979069 -0.26373503 -0.123215094 -0.17741331 -0.08832173 -0.018217321 0.10872526 -0.079326354 -0.19001347 0.03457054 0.11174406 0.038094092 -0.16197993 0.24462739 0.08081667 0.065712035 -0.23353218 0.15164644 -0.03907978 -0.13367128 -0.0005956819 -0.10431629 0.2368022 -0.07230193 0.26173213 -0.10073568 -0.1688054 0.09968074 0.29401484 -0.05661094 0.12646128 0.07377915 0.06651967 0.10795547 0.18016006 -0.19523633 -0.06395674 0.111778036 -0.4122552 0.075981155 -0.015609681 0.15775472 -0.21888018 0.036938656 -0.1004344 0.07959942 0.17553137 -0.3186678 -0.04723186 -0.09031263 -0.14824705 0.26939425 -0.15584163 0.17126979 -0.15992215 0.051734228 -0.14802904 0.14742503 -0.310003 -0.1918353 -0.021445759 -0.029700302 0.06319842 0.096129276 -0.13142683 -0.021393236 -0.06150883 0.066357195 0.12968409 0.032957505 0.015281166 -0.053711906 0.07744964 0.15587847 -0.047370218 0.28530717 0.23671658 0.051984664 -0.13801359 0.116326526 -0.248284 0.09780307 -0.11371046 0.124225214
desinfektionsmedel -0.24594617 0.12898923 -0.08231911 0.11667044 0.039626904 -0.016624007 0.25835118 0.43614045 -0.04721371 -0.047079686 0.09332205 -0.07085648 -0.20355612 -0.054524336 -0.11365132 0.007831498 -0.13211577 -0.1266648 -0.03460973 -0.12269911 -0.091796905 -0.13497622 -0.13012338 0.026406936 0.051193044 -0.091414176 -0.017903518 -0.044638883 -0.28254548 -0.13643056 0.095613316 0.00574726 0.011879427 -0.16075687 -0.008742143 0.08142897 0.018760573 -0.014584386 -0.24319413 0.03670426 0.029251013 -0.07961418 -0.13400027 -0.045446746 0.13514435 0.21850827 0.012012635 0.111041985 -0.04373249 0.10475672 0.1772292 -0.0393684 -0.15638995 0.12151033 -0.053187575 0.046679147 0.25347915 0.1853734 0.011016322 0.12602969 -0.074520074 -0.16403861 0.08895142 0.049174283 0.110154845 0.036669694 -0.28856453 -0.07918227 -0.12868528 -0.08229917 0.025403632 -0.12136443 -0.21266598 0.069173545 0.059972346 -0.16318162 -0.05563275 -0.0060477424 -0.019600607 -0.024824543 0.039084747 0.18263902 0.010042568 0.03182382 -0.014051459 0.0036152946 0.04309526 0.21700786 0.36477292 0.24513927 0.1306954 -0.19886543 0.18375888 0.10748288 0.20800395 0.21533398 0.291472 0.114172675 -0.3347758 -0.021561088 -0.19636968 -0.0059324605 0.27472544 -0.14842485 -0.15693451 -0.017687479 -0.08260315 0.007636601 -0.13957167 0.037469514 -0.2233836 0.0572297 -0.041207556 -0.12174739 0.0073353946 -0.11304753 0.0058347075 -0.06264739 0.018297339 -0.12791649 0.05976351 -0.14129695 0.08059977 -0.0293454 -0.061938718 0.2736414 -0.018115986 -0.2417555 0.18683779 0.33624747 0.2416494 0.25974968 0.063864194 -0.12321705 0.048823178 0.06872746 0.07563111 0.05023588 -0.28429163 -0.22532496 -0.019130517 -0.048435092 0.077031545 0.026574627 -0.031324018 0.03737654 -0.017106062 -0.019548833 -0.20141602 0.022482831 -0.0055204732 -0.06887861 -0.05210389 0.04195808 -0.036126517 0.0031911957 -0.29822192 -0.03932891 -0.26952848 0.47725806 0.098241925 0.031122334 -0.10224265 0.08976523 -0.10517598 -0.02350904 -0.13479178 0.07712713 -0.016582064 0.07501296 -0.05617592 0.053196076 0.15805505 -0.054619476 -0.009950138 -0.059153143 -0.13847129 -0.2705838 0.14437348 -0.22152269 -0.050897945 0.24519153 -0.22272272 -0.11448048 -0.19554195 0.081538916 0.45519197 0.22226238 0.31149235 -0.28407294 0.20706579 0.120485365 0.027331388 -0.04044113 0.10112429 0.0027535644 0.03713684 0.064292945 0.03418994 0.016727813 -0.049873833 0.16275959 -0.14687453 0.00591956 0.11236074 -0.013659666 0.050528757 -0.23327126 -0.16140515 0.3296631 -0.03921524 -0.17553875 0.012720866 0.08304459 -0.062046643 0.12747134 0.03681892 -0.074343525 0.046398938 0.04958161 -0.02584375 0.09502794 0.15898179 0.001803236 -0.25811362 -0.21063869 0.12825961 -0.066761486 -0.34901506 -0.005173232 0.11594362 -0.09166529 -0.08364959 0.03977114 0.0506582 0.30130225 0.07223789 0.016648171 0.17714033 -0.08756921 0.22387639 -0.08757781 0.048348516 0.08728781 0.07705925 -0.20561804 -0.12358376 0.19224806 -0.05817824 -0.13803406 0.026339013 0.07888552 0.12205981 0.14291403 -0.041408334 -0.32192138 0.035316695 0.04064794 0.07424284 0.13903283 0.08149594 -0.041308258 0.15016343 -0.1109078 -0.41348183 -0.14662361 0.100610256 0.30203506 -0.17468578 0.1272629 -0.23425408 0.026396882 -0.058478713 -0.09200302 -0.027108483 -0.065563716 -0.19067237 0.09399239 -0.15590687 -0.15169612 0.09054065 -0.070500255 -0.07211281 0.12433789 0.042027887 -0.087827764 0.10377891 -0.13140619 0.02693454 0.13411163 0.06777448 0.27893388 -0.06266325 0.06444368 -0.071930826 -0.16373053 -0.07783554 0.019698882 -0.07069096 0.16495623
violett -0.047960233 0.11679958 -0.0077092284 0.0069722366 0.007383574 -0.11665798 0.2116425 0.41008162 -0.051431127 -0.03100977 0.049219597 -0.0796406 0.19920944 0.1423279 -0.09538007 -0.28227827 0.21164234 -0.013006662 0.13319083 -0.07539054 -0.23936503 -0.2613592 0.06722009 -0.04926875 -0.009865131 0.17086232 -0.44691843 -0.13213333 -0.13973555 -0.077882834 -0.003901225 -0.0487292 0.09687957 0.13098562 -0.10246661 0.041904975 -0.15290762 -0.1782182 -0.2155661 -0.13399869 -0.28937697 -0.0025088168 -0.012472704 -0.2648606 0.07232052 0.55529 -0.10179172 0.12147297 -0.21573013 0.22434816 -0.10463259 0.025202982 -0.0015384476 -0.01906937 0.03577884 0.10047907 -0.14096569 -0.050043475 0.022593878 -0.032964304 0.11868503 0.00053673773 0.012949754 -0.07954574 0.19793016 0.061413832 0.06655494 0.05868163 -0.095439 -0.1606132 0.039835155 0.09946955 -0.0058023958 0.07088934 0.0098926425 -0.12042119 -0.039950475 -0.21817459 0.023121936 0.12914923 -0.0621062 0.043286152 0.06228506 0.08984978 0.057905108 -0.12939203 0.13601309 -0.15789638 -0.033813495 -0.02949268 0.12137529 -0.091315515 0.08195414 -0.08149012 0.076996565 0.101486035 0.16330095 0.0066296533 -0.09794675 -0.29179272 -0.25444135 0.017936146 0.1708135 0.01524359 0.2201246 -0.33127764 -0.15834564 0.028178098 -0.18199396 0.056683324 -0.024028271 -0.012127923 0.1059021 0.15769824 0.159403 0.037340432 0.14462328 0.09186449 -0.052050192 -0.13978574 -0.10905722 -0.07600821 0.16240308 -0.10894683 0.16348942 0.14133608 -0.140258 -0.10947162 0.23634215 -0.22479774 -0.067150004 0.21194755 0.24621144 -0.4857761 0.20763253 0.0925441 -0.02182817 0.1070499 -0.23589331 -0.1785038 0.13219652 -0.33351648 -0.083533116 0.32576945 0.14104605 -0.11373545 -0.2829987 -0.053657606 0.05402466 -0.08118012 0.16172554 -0.27801755 0.037876256 0.19916613 -0.049541757 -0.021197526 -0.08485355 -0.02492774 -0.15795599 0.25205323 -0.0102918 0.095153175 -0.05540869 0.13366646 0.060742058 -0.10423271 0.10043902 0.12048188 0.24855362 0.19973686 0.052112713 0.07444974 0.015378508 0.11024294 0.06781167 -0.023131313 -0.30693194 -0.09694519 0.08573279 -0.08237683 -0.17741047 -0.009427557 -0.18369037 -0.092524275 0.07911179 0.07155684 0.10435952 0.1395484 0.077579215 -0.06779554 -0.14223972 -0.1765564 -0.29647094 -0.13464655 0.26164165 -0.3437702 -0.11625745 -0.19416188 0.15664722 0.2630758 -0.31573477 0.030837243 -0.16139093 -0.19212407 -0.0037470146 0.22143401 -0.045715835 -0.08584781 -0.1456955 0.052607547 -0.087248474 -0.24688996 -0.009542179 -0.08694756 0.13722937 -0.34909022 -0.07485319 -0.3495257 -0.47218663 -0.06727175 0.03875402 -0.03847001 -0.43519002 -0.050520927 -0.10055367 -0.0584757 0.032420896 -0.33229446 -0.26825607 0.10643974 0.002758638 0.12683496 0.030190798 -0.11179606 0.043857954 0.12625039 -0.06689588 0.13305809 0.20648023 -0.24010247 -0.085310504 -0.16664344 0.079148926 0.034445908 -0.0324004 0.0061841817 0.080220684 0.10332849 -0.15445466 -0.107495196 0.31415972 0.0068141916 0.030832458 -0.19055553 -0.044249915 -0.2540719 -0.14324531 0.0038965617 0.050331023 -0.12551115 -0.08800584 -0.22688375 0.12679295 0.0346007 0.039240394 -0.2056412 -0.21262713 -0.008905502 0.04180506 -0.21368961 -0.13290367 -0.17132099 0.27610952 -0.124050006 -0.01851825 -0.014510616 0.25018153 0.02722439 -0.11265724 0.17925382 0.20964241 -0.19396353 -0.22812249 0.33988747 0.009791176 -0.14930052 -0.2348636 0.1094889 -0.04983438 0.15152346 -0.12145324 -0.034440164 -0.05922721 0.059988573 0.19297718 0.0033736965 0.16674182 -0.016747974 0.072708495 0.014735975
valnöt -0.12653334 0.15340841 0.0508336 0.015199227 -0.12865347 -0.16999364 0.13963927 0.2584673 -0.06579517 -0.17433196 -0.12523136 0.49879187 -0.08271872 -0.029115183 -0.08669058 0.10843525 -0.20368303 0.092958376 -0.010176858 0.01682676 -0.060426075 -0.003599836 0.066009685 -0.07537095 0.14888868 0.051468767 -0.20460637 -0.17872168 -0.43555576 -0.09713971 -0.058494356 -0.024740554 -0.055730775 -0.24984366 -0.021664051 0.07910648 -0.08773233 -0.25753352 -0.5302863 -0.28849292 -0.15727857 0.05339534 0.015517428 -0.12059242 -0.1447067 -0.21732731 -0.00038774585 0.011113327 -0.1323854 0.041813955 0.14182343 0.22184645 -0.16808793 0.08605153 -0.06457783 0.11111557 -0.05719593 0.044553854 -0.20107877 -0.14172725 -0.105239585 -0.30029526 0.002884523 -0.058518622 0.13743013 0.16302894 0.14155616 0.10882004 -0.39650747 -0.131851 0.232833 0.19499438 -0.08884868 -0.004011043 0.22879992 0.1686473 -0.46346983 -0.13880137 -0.13335127 0.25445458 -0.0828517 0.029857779 0.034232035 0.2066298 -0.0082420055 -0.037995808 0.0897025 -0.020685805 0.047385365 0.152571 0.15610063 -0.028371535 0.09915544 0.1319834 0.23067145 0.14466871 0.14130537 -0.28171468 0.041589666 0.025323192 -0.11763167 0.047988534 0.03580189 -0.052840315 -0.07672723 -0.24148089 -0.3104735 -0.08177678 0.15917629 0.08328779 -0.3619356 0.12949976 -0.17537688 0.020926237 0.35220337 -0.04075456 0.023786549 -0.13836269 0.11628117 -0.32183847 -0.08569424 0.014365767 0.037987135 0.19602822 -0.07726987 -0.044182383 0.11909092 -0.008437599 0.1260796 0.073010616 0.0604527 0.13094358 0.08946006 -0.2631693 0.23674263 0.22308002 0.050927345 0.071768336 0.04536249 -0.10230644 0.098573945 -0.45718473 -0.1631804 0.17425534 0.017134627 0.061451614 -0.10320539 0.08774672 0.09168075 -0.07814072 0.14996426 -0.07781992 0.05221755 0.21228576 0.079431 0.24954933 -0.22621933 -0.040937826 -0.02638092 0.23065622 -0.03198615 0.034796465 -0.11972978 0.03301261 0.11675926 0.18330896 0.017400509 -0.0046748226 -0.00493403 0.54965407 0.07391978 0.09038041 0.09894729 0.12765186 0.007010057 -0.15193869 -0.07233273 0.032097925 -0.045037337 -0.10199676 -0.05444879 0.059353344 -0.132559 -0.05657869 -0.16227381 0.10933736 0.22629476 -0.0637518 0.35443792 -0.33712673 -0.019097677 -0.07400194 -0.10860487 0.12641402 0.14415066 -0.262444 -0.20409699 -0.30901587 0.08676163 0.16815181 -0.106595 0.07395383 -0.2545725 -0.19963479 -0.05783323 -0.048089083 -0.062877744 -0.10183915 0.044123176 0.13696538 -0.06050118 -0.16856532 0.028533312 -0.1029421 0.2537205 -0.08761284 0.06720912 0.070872575 -0.13590665 -0.230891 0.3436544 -0.026190631 -0.31728116 -0.069326796 -0.0696814 -0.12689586 0.025792744 -0.051625166 -0.15906265 -0.08648333 -0.09216413 -0.06399716 0.12750892 -0.1208381 0.17006586 -0.02053881 -0.027487453 0.2530511 0.16775602 -0.12189869 0.23998255 0.027557466 -0.017077396 0.024030818 0.117646545 0.08214434 -0.02463579 0.048783652 0.036200475 0.21306965 0.07666088 0.20345725 0.21172768 0.1675486 -0.07029184 -0.24972594 0.09485595 0.054234885 0.030267183 0.08443495 0.13972202 0.13510111 0.13531081 -0.12965314 0.0028026581 0.06476337 -0.038133025 0.05014196 0.096387416 -0.03933259 0.081384405 -0.032751717 0.07084308 -0.08900624 0.05629168 -0.068452366 0.056300733 -0.011153028 -0.11879234 0.0960297 0.027260967 -0.069057904 -0.18332633 -0.06293924 0.057417553 -0.08088003 -0.14176159 -0.030201169 0.05681476 0.20591488 0.2090982 -0.0004224229 -0.034126632 0.100730345 0.13699506 0.23785838 0.032318506 -0.10340179 -0.0520338 -0.1610336
vinäger 0.017256038 0.18344828 0.030286435 0.030508548 0.06448672 0.020602066 0.28715682 -0.04044412 0.067965366 -0.12670618 0.007680602 -0.034346506 0.09431025 -0.21171269 0.08105681 0.01725053 -0.14315277 -0.010735897 -0.005089498 0.17679286 0.07938745 -0.08321571 0.08150789 -0.02708557 0.006163465 -0.13449559 -0.032289512 0.07940983 -0.05970391 -0.18868254 -0.15474781 0.13511257 0.060646154 0.18144436 -0.0013164191 0.02256221 0.04572547 -0.15356688 0.1553383 0.075707346 0.077300794 0.12235424 -0.04224117 0.056807496 0.069048725 0.16535808 0.0030518048 0.1822548 0.021582512 0.14171208 0.11961068 0.01681087 -0.1506734 -0.022468213 -0.07989712 0.1890218 0.07213293 -0.07557258 0.032304376 -0.05740087 -0.042625945 0.062114447 0.16319676 -0.059754066 0.07919006 0.09783321 -0.010631762 0.081608824 -0.073357746 -0.03477813 -0.0075838533 0.03487922 -0.0374175 0.016916512 -0.012123855 0.02299935 -0.11791972 0.06877082 0.096552685 -0.08989858 -0.20979407 -0.11343148 0.12902504 0.14937691 0.12948123 0.08175186 -0.1001356 -0.08551885 0.15708937 0.003831361 0.20816033 -0.1073159 0.098258264 0.030999983 -0.0011555785 0.25033066 0.054500356 0.10185705 -0.051274374 0.07830871 -0.04664988 0.024825478 0.083398655 0.0076591093 -0.15665768 -0.16016531 -0.16434292 -0.1366482 -0.013750401 -0.04697848 -0.21766803 0.13890162 -0.11942639 0.076539576 -0.012972886 0.06008555 -0.073216766 0.04432433 -0.019538831 -0.04906499 0.018066471 -0.1226945 0.13508835 -0.043575168 0.04933533 0.13051693 0.030297339 -0.22576648 0.33519685 0.21522582 0.07140435 0.42884457 0.11408965 -0.262017 0.0953209 0.020684492 0.05384242 0.027169105 -0.30234888 -0.18179561 -0.022454206 -0.14162126 -0.074707635 0.062122848 -0.01887999 -0.13460746 -0.22928643 0.038050953 -0.057954516 -0.21905234 -0.04788303 -0.18647155 -0.088540874 0.10369302 0.1245231 0.2200001 -0.14781447 -0.020958843 -0.16434555 0.13069181 0.13511036 -0.11855649 -0.15786682 0.21676682 -0.07382493 0.18190669 0.12338691 -0.108576775 0.14454927 0.22203289 -0.034509037 0.007280323 0.2917285 0.1925592 0.13625777 -0.11869542 -0.20495418 -0.26730013 -0.07950491 -0.063869424 -0.24384208 0.30532366 -0.2895067 0.123136364 -0.16724749 -0.17570077 0.4860769 0.0357583 0.13027419 -0.035978172 0.16533728 0.019337682 -0.033244606 0.07297111 0.018808145 0.0007768786 0.10426225 -0.028911915 -0.038320173 0.1776088 -0.015134009 -0.08546194 0.037960406 -0.09121215 0.022637896 -0.031684812 -0.010246566 -0.14836687 -0.023176085 -0.0770525 0.111493245 -0.06753581 0.15732832 -0.096888125 -0.046320535 -0.07769222 0.05051784 0.0803185 -0.083482936 -0.03496666 0.010108292 -0.07152777 -0.23197687 -0.008967562 -0.09357354 0.050784063 -0.05096071 0.09527203 -0.07702107 0.001614596 -0.076192364 0.052427318 0.085829936 0.03776788 0.04061222 0.046423584 0.1993501 0.17611903 -0.03589867 0.06553276 0.08126943 -0.014231858 -0.17392011 0.1376363 0.22851153 -0.2536431 -0.12379798 0.11598644 -0.049194094 0.1595865 -0.034550156 -0.016211975 0.16279002 0.029442597 -0.196082 -0.2561244 -0.124446385 0.08098057 -0.029019754 0.042764835 0.10523265 -0.10507457 0.12619273 0.0934271 -0.006848052 -0.044044476 0.077194974 0.19711244 0.02909018 0.16394919 0.03824327 0.06847415 0.16933303 -0.1063768 0.0362886 -0.019622374 -0.11868495 0.06585076 0.22504425 0.06791877 -0.16460143 0.14842047 -0.0066726482 -0.19162379 -0.05872423 0.057024278 -0.21210623 0.068198785 0.022811485 -0.13080715 -0.027467916 0.16063872 0.010812386 0.19245254 0.0985137 -0.026010405 -0.0050249067 0.13708349 -0.17292209 -0.014502775
kamfer -0.09522817 0.15086234 -0.118196145 -0.0021005566 -0.023035862 -0.08369455 0.14108324 0.30004084 0.008612149 -0.0954884 0.14341381 -0.13209282 0.04753205 0.060972303 -0.089280605 -0.14880764 -0.010323569 -0.04854074 0.0031940131 0.029630026 -0.00506155 -0.08163008 0.04718924 0.036462028 0.007865812 0.067369744 -0.15490828 0.0009313789 -0.10698514 -0.059475604 -0.042410616 0.013003463 -0.06598515 -0.08368766 -0.05891481 0.0020955428 -0.12213413 -0.09823831 -0.19212908 -0.147217 0.10206643 0.034244858 -0.14479224 -0.058765072 -0.044249706 -0.03871061 -0.061451476 0.026564172 0.0068952832 0.018253446 -0.015661998 0.079958476 0.025041644 0.102489665 -0.050696887 -0.031666048 0.07722027 -0.101403154 -0.12662114 -0.025784884 -0.070804976 -0.14010797 0.073375024 -0.031107197 0.17913267 0.17066975 0.014195047 0.042311415 -0.12784338 -0.07763063 0.121125355 -0.025057781 -0.026007423 -0.00038262497 -0.03166765 0.07506661 -0.18329595 -0.05156308 -0.010093442 0.13444205 -0.08194282 -0.010488715 0.08181143 0.1533398 0.023298508 0.05507628 0.08691376 -0.04151249 0.25302064 0.07723294 0.100327924 -0.019062398 0.2157679 0.11101002 0.15898572 0.27687904 0.2001527 0.080544904 -0.057028066 0.0065622907 0.014855357 -0.04719192 -0.009423343 0.026674088 -0.02625224 -0.25666666 -0.15417224 0.035150368 -0.037425254 -0.08350331 -0.028726095 -0.036704514 -0.1245164 0.028270928 0.052460957 0.12318958 -0.08700869 -0.032449327 -0.059793897 -0.18247889 0.13532853 -0.004983638 0.038339492 0.1316543 0.02910546 0.263592 -0.03715888 -0.25913647 0.06280919 0.063939735 -0.018542958 0.13047297 0.24097829 -0.23864853 0.05562933 0.026601132 0.03808616 0.070305526 -0.33028948 -0.15985407 0.15114534 -0.18791682 -0.12917991 -0.014232553 0.07005448 0.07701849 -0.12891553 -0.09153283 0.050204135 0.003977357 0.121904105 -0.10025251 -0.15787125 0.05658999 -0.092567615 0.2093517 -0.06705567 0.04194356 0.0026056068 0.18892978 0.044394683 -0.010291689 -0.023224324 0.053997807 -0.014601396 0.042922094 -0.090352535 -0.04991156 0.1218867 0.24841271 0.0617407 0.0653464 -0.0071061454 0.058199 0.03482904 -0.10379408 0.04576634 0.023234786 -0.04334086 -0.1621693 -0.18002114 0.17103676 -0.033092476 -0.025584396 -0.07949076 0.106934525 0.384272 0.08905709 0.24048977 -0.191848 0.16260837 0.06708538 -0.06146077 0.03136937 -0.014039721 -0.097754784 -0.07183075 -0.005484364 0.04658623 0.07356775 -0.07595881 0.046256028 -0.09073632 -0.13567932 0.096956186 -0.07047224 0.081100844 -0.08693189 -0.0119697 0.03548069 -0.036837503 0.008997674 0.016837401 -0.13753644 0.028635673 0.0050885626 0.1460697 0.06650225 0.14574327 -0.021952482 -0.035813816 0.02916851 -0.060224053 0.007847069 0.035358865 0.038118657 0.064808026 -0.016978353 -0.042135872 -0.12946355 0.0025955043 0.04513903 -0.113784954 -0.16300178 0.11725683 0.13833456 0.02805857 0.075136855 0.10049845 -0.07031345 -0.019584062 -0.019822393 0.08390704 0.07106323 0.01713601 -0.06671104 0.0011836174 0.06458575 -0.050229356 0.18378504 -0.04148999 0.15029846 0.025758427 0.038481064 0.07824332 -0.19418779 -0.066845015 0.0021532057 0.040522877 -0.022494894 0.008687631 0.038316797 0.060734298 -0.054591957 -0.051697087 0.024329782 -0.015717512 0.05618329 -0.0035198089 -0.004268043 0.026141841 0.040918402 0.033690657 -0.036340065 0.008455292 -0.0017482411 -0.022026984 -0.059451364 0.06420265 0.05776071 0.0010091537 -0.05596668 -0.0007472361 0.06646356 0.06904511 -0.035228163 0.037688117 -0.107550204 -0.06564724 -0.11546463 -0.002437264 -0.21785317 -0.104342096 -0.11099188 -0.03188412 -0.055707965 -0.10583458 0.071500555 -0.1014916 -0.049074
