96 300 
coffee 1.8208151 0.7183215 0.5245374 -1.0321172 -0.84963036 0.81123984 0.20452431 -2.0097635 -0.56963736 -0.23229548 0.6830328 0.40998822 -0.527326 1.8312021 0.16015592 0.9308408 1.4586083 1.0319225 1.3137676 -0.8300897 1.9693034 1.5526352 -2.827089 -0.40306318 -1.5646275 -1.5171003 0.5229588 -1.9863886 0.7483504 -1.5341046 -0.49854583 -0.48447052 1.5421884 0.3761756 2.2728786 -0.43891403 -0.6364198 3.6052897 -0.37659317 1.5924052 -1.132291 -1.5369037 -0.71913177 0.51907104 0.82113516 1.4346814 -0.76458794 0.6485339 -0.8671314 1.3321507 1.5829571 0.07552175 1.0885992 1.0257345 1.7658235 -0.5364409 -0.20683351 -0.0235085 0.36722746 1.4412518 -0.25254032 -0.43944338 0.39521635 -1.6540799 0.09410954 1.9561669 -1.5800995 1.6331223 -0.41755164 -0.7172299 -0.49528337 1.8516214 0.006520975 -3.0005434 -0.28307512 -0.044395223 -0.47753957 1.9127791 0.2062048 1.7997277 0.98618317 0.54065573 2.1736 -0.88422704 -1.4007235 -1.2230693 2.706234 -1.5859318 -0.77751726 1.2095405 0.8811803 -0.34380245 3.7662375 -1.0305537 0.9016114 -0.44744462 -0.08305053 -1.5003898 -0.75435686 -0.8367727 -1.197778 -1.0821002 -1.6977555 1.7071357 0.4658129 -0.4173115 -0.4092854 -3.2929142 0.6151951 0.31195506 -1.6948887 -0.11228954 0.85512394 -0.6665902 2.4052985 1.0796547 0.2765917 -1.2485492 -0.043759875 -2.169782 -1.1287662 -1.1308078 0.4562104 -1.7256632 -3.2265208 -0.7904365 -0.36222148 3.0909681 -0.34849513 1.754635 1.2026633 0.6322182 1.8621796 -2.4601884 1.1839637 -1.4433776 -0.8782678 1.5079516 0.41644567 -3.013242 -0.14802021 0.69625473 0.74936664 -0.6244179 1.0517386 0.82175124 -2.7681794 0.51549274 -0.2808369 -0.95746094 0.9535118 0.4964261 -0.031901117 0.60882545 -0.42647773 -0.019223278 1.5514957 2.2704117 0.34162685 -0.69439423 0.29167137 1.2804737 -0.45814392 1.4032097 1.215697 -0.95989513 -0.25827745 1.0705335 -0.20502234 -1.5493665 -1.0441122 0.7637134 0.79968596 1.0109599 -1.3572319 -2.5684464 0.11646389 -1.1629035 -2.6326602 2.233119 -0.5204177 -0.49190903 -2.857752 -0.43257946 -1.5952814 1.5162363 -1.8447102 -0.5404439 -0.0042222594 0.39622104 -0.7400977 -1.5550013 0.3071496 -1.6103653 1.5510148 -0.54580235 0.9298653 -0.1654337 -1.0457648 0.45709923 -0.6043138 -0.6495986 -0.50385696 0.70164603 -2.338913 -1.6154046 0.8416302 -0.25104102 -2.313159 -2.5759656 0.40189734 0.85135216 -0.8157066 -0.48110193 1.818746 -0.8060506 0.8000389 -0.9813564 -2.1887531 2.1341465 -0.10132527 0.717376 1.7255943 -0.6080587 0.7128447 0.36483258 -0.009592684 -0.57963425 -0.71875125 0.44156614 -3.0454485 -0.859497 0.18584485 -0.82378095 -0.7306778 2.7644665 -1.1759562 -0.21054883 1.9907076 -1.486711 -1.773928 -0.1909729 0.10571778 0.116513625 -1.8530186 0.58790773 -1.7270088 0.8572686 -2.5031154 -0.090965 1.0354494 -2.1210668 -0.21927033 -0.28488952 -2.8644059 0.62730694 -1.9871264 -0.5450261 1.7699199 2.3824286 1.9891447 0.9761073 1.5831081 -1.1702919 -1.7326438 -1.9172767 2.8683875 1.624474 -2.2107365 1.6156696 -0.8668602 -1.5761904 1.8813742 -1.0852351 -0.4133584 -0.3039806 1.6793214 -2.505538 -1.8900249 1.0244578 0.4547034 -1.2221992 -2.7722828 0.47382477 0.31286505 -3.1794202 0.12486022 -0.47422075 -0.66127264 0.2342346 0.662234 0.16677198 -0.6972573 -1.6044153 0.08554907 3.0441387 -0.9755139 -0.10465005 1.3058524 -3.5380661
tea 1.8912338 1.0194315 -0.86268365 -0.80270165 -1.0697826 1.745712 0.41948304 -1.5394735 0.19323358 2.2759142 -0.00050941773 0.18293017 0.86923885 -0.05270092 -0.20978653 -0.28203955 1.1683487 -0.64738274 -1.0218836 -0.28544927 2.3764417 1.3766589 -1.8160373 -0.9728858 -1.074547 -0.9993062 -0.3040223 -1.4441582 0.22663358 -0.8600437 0.6154766 -0.74977785 1.2188509 1.1060274 -1.014408 0.98306817 -0.16201004 2.28625 0.6253202 1.033478 0.5268994 -0.7023549 -0.14863528 1.0887529 1.0496768 0.48761708 -0.51032805 2.3391025 -0.15139246 -0.17311434 0.30112982 -0.180428 0.09038085 -0.6067559 1.6883316 -0.26902765 1.0700021 -1.6305997 -0.3355948 0.67507637 0.16533166 -0.79037905 1.7253032 -1.8016286 1.0396079 -0.2940238 0.54447365 0.28191003 -1.03643 -1.2088424 0.6866214 -0.3233079 -0.63855773 -1.2230572 0.36820287 -0.7007584 -1.0159487 2.2801044 1.3455951 1.1306186 0.3224327 1.8489172 1.8260692 0.6404632 -2.557471 1.488225 3.854354 -0.19088168 -0.23487984 0.5986196 1.6815999 -0.6822583 1.4326389 -0.40824667 1.076255 0.55350405 0.041994527 -0.96489686 -0.7253158 -0.61389595 0.79698706 -1.6579885 -0.26373643 0.93808484 -0.0129808085 1.2819406 -1.0556698 -1.7046264 -0.16029747 -0.108942255 -0.2580037 -0.07494001 2.0513303 -0.13926269 1.9836183 -1.09137 -0.81810886 -1.8990636 0.03171548 -0.71359885 0.49234432 -2.3477602 -0.6391021 -1.3293992 -1.5392582 -2.0078425 -1.2510343 0.72110313 -0.2911261 3.3763373 0.13120404 0.7359301 -0.006120688 -1.1789643 -0.028479457 -1.031886 0.44386268 1.0050114 1.0186484 -0.4450598 1.178998 1.1664606 0.43839198 -1.1259465 -0.31607664 1.2563267 -1.8045774 1.5795046 -0.77940315 0.6203483 0.61864203 -1.031507 0.37134624 -0.92108756 -1.1279677 1.4732822 1.9285762 1.7599629 -0.8863226 -0.8483162 0.39941794 0.08216524 -0.81326926 -0.78339404 0.2956981 -1.7350264 1.4241183 -0.0014913132 0.15652522 -1.6081766 1.3573583 0.33835697 1.7189375 1.0159409 -0.39164218 -1.2656561 -1.8440036 0.3525777 -3.0175242 1.72775 -1.5704391 -1.1673297 -0.9564251 -0.14830215 -0.41002858 0.45874557 -2.3482358 0.38286552 -1.2788954 -1.7962383 -1.7240776 -0.16512327 -1.1088569 -3.8760767 -1.1190094 -1.4593017 1.0669918 -0.24912441 1.4413805 -1.6173668 0.45378375 -0.31344002 0.51973176 -0.17260619 -2.0264807 -2.1450198 2.1506407 0.39855924 -1.4654211 -0.86936706 -0.6732552 -2.2460272 -1.647791 0.52769965 1.1010703 0.23792604 1.3652067 -1.4893245 -3.292432 0.30034095 -1.0789058 2.9793868 2.753305 -1.0200846 0.116438925 0.39499402 2.0831063 0.4502682 -1.0904992 1.3606046 -0.91192245 -1.7491444 1.4457607 -0.23352991 -0.20450364 2.707477 -1.4203706 -0.6097327 1.3452591 -0.17350644 -1.119837 0.11048548 2.1507096 -0.7287114 -0.05417654 0.6710869 -2.6166778 1.2985841 -1.3054128 0.15123396 -0.086595125 -0.89173704 -0.19205022 1.2219257 -2.104766 -0.30299982 0.23628564 -1.1660794 1.9220263 0.9511904 0.81529045 1.0634668 0.84094816 -0.9560315 0.50882536 -2.8533049 2.4738693 1.0948182 -1.3040445 1.7712871 0.63254476 -0.7047295 0.9926242 0.75205857 0.673222 -1.0800937 1.0378946 -0.4974071 -2.6377504 2.8286207 -0.9269517 -0.67136115 -1.7345388 1.931206 -0.24330984 -2.460698 0.21111654 -2.0211751 -2.6269107 -0.78463525 -0.5095397 -0.59469694 -2.1367111 -1.8521632 -0.074697115 3.0804374 0.013963894 0.10664638 1.387657 -3.285704
wine 1.091266 0.54149216 -0.27206206 -1.6246841 -3.0314205 0.9221872 0.2566749 -0.44877875 1.8683796 1.1127807 -2.2629004 1.9526894 4.079616 0.7144619 -0.7684072 1.228328 2.0508487 0.34398124 1.847188 0.6589151 -0.74462736 1.7308799 -1.681496 -1.1051903 0.7549039 1.4597319 -1.5562704 1.527906 -2.6842875 -0.6697551 -2.5201056 -1.3189533 0.6023745 0.23311958 -0.42501786 -0.7179392 0.2677335 0.11916536 -1.531219 2.4157524 -0.20576267 2.830393 1.5803406 -0.25250527 -0.39437518 2.1151423 1.1116955 0.84636265 -3.5779727 2.9129343 -1.7222109 0.4608137 0.4545857 1.4007996 0.40438148 -1.7174281 -0.73465806 -0.047480125 -1.4267793 1.3212113 -0.35238725 -0.16541399 0.36897522 -0.6251972 3.1787512 -1.8604687 -0.19731617 -1.6351291 0.97558844 -2.6286752 -0.27948084 2.049858 0.3165564 2.4297855 1.1085418 -0.120457396 -2.1815224 0.6686559 0.13959017 -0.027870229 -0.38125354 2.6773186 -0.27746856 -0.3115209 -2.694723 3.2347033 -3.1497378 -0.30926475 -0.4549777 3.474717 0.033340972 -1.5341201 1.1381366 -2.7635763 -0.04948575 -2.0548127 -1.6300673 -0.9521091 -3.6314645 0.2528929 1.3434637 0.04535823 0.65915734 -0.23219557 2.0012715 -0.33087638 -0.88198507 -0.20705424 0.5996522 -0.14509249 0.9024553 -1.2463676 -0.44465464 0.8439863 1.744133 -1.013912 -0.010629395 1.0937536 0.09946049 -0.9305284 1.621305 -1.0278488 -3.0409396 1.2854662 0.8131177 0.0051316833 -1.1570536 -1.838135 0.9801704 -0.87988085 -0.08523605 0.5005908 0.4828916 -0.860019 2.2112954 0.006084277 0.9149432 4.2898426 -1.0771891 -3.2316942 1.8249816 -0.026817793 -0.978932 -1.6591107 2.1569402 -0.5109199 -1.0447098 -0.4240331 0.083185785 1.1804782 -0.2905111 2.6031148 -1.341367 0.42064792 0.41437498 -2.650862 -0.3589792 0.14221801 1.6102661 -2.0665135 1.0150166 0.421252 3.6321995 1.350327 0.1079432 1.5188718 0.64294815 0.016146636 0.51452196 -0.3856231 1.9498664 -0.08819384 -0.7016472 1.1288499 -3.0391133 -1.9341187 -1.6071897 1.1167562 -0.43080541 -1.5154693 1.3588243 -0.47458825 -1.8166455 -0.6487335 0.04452093 2.5808837 -3.049669 -2.6767392 -0.8606714 -0.3732316 0.38431224 -0.9701137 -1.4226779 2.3763309 -0.16026567 -3.9334643 0.52483684 0.38972348 -0.3444116 -0.023354981 -0.82984287 1.2009218 0.07700679 -1.4069173 2.1945784 -0.7950486 0.8734552 0.4292335 -1.1190515 0.52067274 -0.103620775 -0.7015603 0.8784377 -1.4639573 1.4046162 -0.9253237 1.2074915 1.0948209 -0.6246976 -0.3841409 0.3267818 1.355029 -2.1807947 -1.8461748 -1.0987583 -0.85372597 -0.5609325 -3.3628314 -1.4716612 1.9889882 0.27229533 -1.6306882 -0.8080646 0.6158422 -1.6781919 1.5116476 -1.8184171 2.6497571 1.2919626 -3.491057 -0.7285947 -0.05945716 1.4953943 -0.9947453 0.18677595 2.1233494 0.93514127 0.49074167 1.6389436 0.4761452 0.43974927 1.9772512 0.095455796 1.4918337 -0.107230715 1.762895 0.6617937 -0.25870427 -2.7004347 -1.0128965 1.6557641 1.5033857 0.522692 -0.28024024 -2.0797668 -0.91052437 2.02777 -0.008474596 -2.6653645 -0.76414937 0.7965158 2.6124048 2.9355166 0.91986704 3.5173488 0.14133108 1.0646743 0.04614045 -3.5165272 2.3713381 -1.4267914 -1.6599252 0.7411055 3.4816637 0.628726 -1.5795482 -1.414151 0.16921374 -0.684587 1.9279937 0.4536657 0.38570735 -0.2506729 -1.4331713 1.3932663 -1.3859705 -1.4361788 3.6046288 3.0713136 -0.7579869
perfume -1.8437521 -1.1513041 -0.7673088 -1.1993226 1.6051115 -0.49317652 -0.7651932 1.8331428 -0.6585311 -0.89385635 -2.3553505 0.78169453 -0.1274519 -1.282112 0.39392903 1.5096369 0.45468715 -0.17482015 -0.9205282 0.7643051 0.21919943 -0.026079983 0.60601807 -3.3750017 0.3324475 -1.5716063 -0.1585402 -0.34086135 -1.057497 -1.8761871 0.8036123 -0.52266383 -0.24577266 0.3392289 -0.31074125 -0.39516023 0.792666 0.16752788 0.87777555 -1.4312375 2.471298 0.5889922 0.54375154 -1.422284 1.9026765 -0.06869884 1.9646215 0.64490455 -0.50240904 -0.5287861 0.1322552 -1.277377 -0.28971243 0.14404844 2.1131089 -0.9674932 -1.9142575 -0.8911473 0.1406507 0.4389298 -1.3957478 -0.9369403 -0.52125454 0.11312524 1.2681034 -0.6380153 0.5483914 -1.9897779 0.009453199 0.3049314 0.34441355 0.35123348 -0.12973845 -0.28680652 0.44613573 0.46845943 -1.378331 -1.0666252 0.6083353 0.34440362 0.005754817 1.3075225 0.21395658 -0.46140432 -1.1331128 0.58570164 0.1094094 -1.743004 0.8429938 -0.744413 0.19549504 1.2369853 0.9350318 -1.8691142 2.3287628 -0.55913746 0.5427345 -0.62949026 -0.3762868 -1.4101202 1.0741496 0.8513412 -0.90845263 0.47017297 0.8742178 -2.3890738 -1.6905329 -1.597846 1.0424563 2.1901772 -1.5001888 -1.4892452 1.8787882 1.0698594 0.762155 -1.6749328 -0.024038175 -1.0414561 0.76192623 -1.386881 0.5294765 -1.9146965 -0.471065 -0.1335738 -2.2450361 -1.2720035 1.2587789 -2.713714 1.490764 -0.405223 -0.331173 -0.45830756 -0.52790934 0.41729236 -1.5339541 -0.44844803 -0.37669984 -0.057624362 1.0249262 -3.1972892 2.6646497 0.553851 1.5451249 -0.028564963 0.25010332 0.007136518 -1.2358146 0.2872053 -1.5118093 -2.527689 0.021844532 2.412366 0.4947175 0.7609619 0.54772973 -0.45998934 -0.015555495 0.68480456 -0.19980898 -0.9906093 1.2895564 -0.98905826 -0.26452166 0.53541505 -0.04955781 -0.92730683 1.2612947 -0.031058114 1.0305964 -1.5892562 -0.83315504 1.5666991 -0.53048974 0.9770369 -1.1340259 -1.593923 -0.5086413 -2.0192466 -1.1434506 -0.8251718 -0.46333227 -0.94689417 -1.1722397 -0.8616287 -0.6357764 0.98658323 3.0297282 -1.740086 1.008445 -0.52883875 0.25148082 1.3076445 -1.2124166 0.2675806 -1.5003685 -2.0120192 -0.92627335 0.7388403 2.0000925 0.2274325 0.6795866 0.4042736 -0.47488007 1.2208185 -0.17696041 0.9756594 0.80242914 1.9170609 -0.7037684 -0.86223817 1.019473 0.09773754 -0.85404366 -0.19512646 2.894794 -2.0212874 -1.548353 -2.3643029 -1.6954648 0.19325164 0.24377769 0.39824128 0.5044763 -0.27650535 -0.37496346 -1.9487014 0.64415246 0.14789824 -0.9380095 1.6237745 1.2403649 -1.6503296 -2.0377676 0.28938127 0.2186218 -0.69861823 0.6169622 -0.8738735 2.2150767 -0.00054694293 0.78467923 -0.54535025 0.29854357 0.7069441 0.58128 -0.4217464 2.1193643 -1.4043404 -0.8473651 0.877784 2.482426 -0.39514735 0.020550473 1.6937186 -0.55482256 -1.0329174 2.5705638 1.5405467 -2.8819637 0.12772182 2.0060418 0.91238123 2.2432373 -2.674562 0.6135359 0.6156396 -0.21862493 -0.050565258 -1.661 -0.6386645 0.5215967 1.3866146 -1.3556647 -0.718124 1.1214808 -1.3948007 0.5679626 2.3295686 -2.3011012 0.5698802 0.8757174 -1.700349 -1.8905119 2.2919106 -0.23680766 -1.0922687 -2.7984483 1.626204 -0.9873818 -0.12219455 -0.7088052 1.4978082 -0.95311266 -0.24794936 0.06635597 0.5342073 -0.25509107 2.2680686 -0.084983304 0.2471835
vanilla -0.5654675 1.4203101 0.42763513 -0.5820744 0.26884344 0.16963671 1.207723 0.12195667 -0.80575794 0.14463224 1.4469846 -0.6145269 0.06998542 -1.447052 0.5728573 2.03453 -0.1799402 3.1528206 0.6719242 0.3848588 -0.9588669 -0.6947739 -0.15366979 0.04500498 0.5913137 -1.2390152 0.36980864 0.8708481 -1.5386211 1.5212567 -0.20616084 -0.840806 -0.033327542 0.37499425 3.1342754 -1.4180193 -1.0315082 0.15389119 0.8152265 0.30887875 -0.07458357 -0.03513498 0.831075 -1.1256857 -1.1333687 1.9294165 1.4641224 0.04760844 2.1555367 -0.75349176 1.0998472 -0.6928173 -0.64277434 -0.6522645 1.2478143 -0.44274372 -0.8248368 -0.18878682 0.6440553 0.9366728 0.43797332 -0.53604454 -0.17321126 -1.3717624 0.82188106 0.46047416 -0.9869838 -1.3849114 0.3339409 -0.6851882 -0.960808 -1.5813823 -1.6607437 0.7011359 -1.0634197 0.32053226 0.17708722 0.46581155 0.43105698 -0.19284803 0.45596218 0.2851029 0.9758808 0.09568356 -1.5680581 -2.0819094 1.058904 -0.76654917 -1.8318092 0.12379646 -0.56077975 -2.5663192 -0.8748748 0.9196313 -2.6910577 -0.61790603 -0.76491594 -0.71593076 -1.5281996 0.67499834 1.0686834 -0.95742166 -0.7139187 0.38855177 -0.44695997 -0.6344059 -0.016544344 -0.5813378 0.8290422 -0.8932118 1.2156036 -1.1874025 0.8294978 -0.40094405 -0.52421504 1.4558132 1.1758032 -1.7787693 -1.253682 -0.12572089 -1.2962121 -0.9881413 0.9703539 0.44364944 -0.6553186 0.3279456 0.59337544 0.6297848 0.3411314 -0.5362722 0.16339542 0.14863844 -0.8246103 -0.07687692 0.23873085 -1.5011786 0.5482597 -0.6554697 -1.3329921 0.72376174 0.29641068 1.4453524 1.1114966 0.58597076 -0.8546727 0.04744155 0.08583059 -1.7499164 1.4593581 -1.1999025 -2.2509847 -0.9787376 -0.95790803 -0.02584676 -1.3489106 -0.6066085 0.28049305 -1.1555247 1.0556222 -0.54998195 -0.062238753 0.5944003 -0.8363263 0.9537333 0.7484965 2.0210114 -0.6166904 0.695365 -0.67635363 0.48895207 1.1536413 -0.96272033 1.908686 -0.18137933 -0.36845174 0.4210369 -0.5844919 2.0447314 -2.5082505 0.0724926 0.3945384 0.69168466 -0.0033618659 -0.428855 -1.5904672 -0.14434274 0.84675974 2.789347 0.27550036 -2.6006231 -0.44090334 0.020528803 0.5243969 -0.70107335 1.9177489 -2.0121565 -0.38201633 -0.09516214 -1.083075 1.3269717 0.07822122 1.2387761 0.18859553 -0.7799555 -0.34591877 -0.49342987 0.09056526 0.029384283 -1.2209926 -0.8933143 -1.1966202 -1.007435 -2.1763725 -0.42209494 1.7357678 -1.1976519 0.5881696 0.6855378 0.5701599 0.08226325 -0.14069383 -0.21761943 0.32644197 1.6285995 -0.6740772 -1.38545 1.1864733 2.5584073 -0.62470305 -1.4664954 -0.026134191 -0.71218354 -0.7736041 1.6983477 -1.1175015 1.7216141 -1.3341786 -0.55025125 -1.2142783 -0.5310732 -0.860068 -0.41150117 -0.7734216 0.10430323 -0.8021984 -0.42310393 -2.1533127 -2.3794193 -0.61812437 -0.3339707 -0.4788078 -0.7208099 -0.5097557 0.26061112 -1.8150002 1.4179153 0.65573937 -1.4625204 -0.72137517 0.040552262 -1.6598359 -1.3208946 1.9107285 -0.33448896 -0.46694747 -0.2537566 -0.7260079 1.9282254 -0.27838632 0.56776047 1.1791195 0.4963181 2.0030947 1.1463635 0.5861722 -1.3750292 1.0994403 -1.0743084 -1.5733427 -0.10115277 -1.594376 -1.9591806 -0.02893467 0.53238994 -0.6036445 -0.14630817 -0.703232 0.18096225 -2.2737954 1.1223673 0.5338354 2.9832118 -0.89010555 -1.2183418 1.857376 2.3595312 -1.3310893 1.6105965 1.4046451 -0.35517725
chocolate 0.2559447 -0.007226619 -0.31506962 -0.64934856 0.93776035 0.36596942 0.82347727 -0.7269761 -0.81843084 0.848009 -0.39312813 -1.6993177 -2.0112567 0.8944782 0.2648511 -0.1854583 1.41615 0.27193952 0.5441285 -1.3216451 0.26145807 1.2640029 -1.5794079 -0.6520257 1.1320302 -0.49062908 -0.84142834 0.9430246 -1.2693609 1.1743637 -0.36467466 1.185057 0.43093422 -0.043701835 0.8724025 -0.8481622 0.50719404 0.815099 -0.10038889 -0.1989151 0.45064878 -0.9095287 -0.8780564 0.2046297 1.3349354 1.1624107 1.7177545 -0.087285616 -0.6727258 1.3271536 1.0293274 -0.9144283 -1.2794844 1.8136523 0.6367438 -1.1465596 0.23493549 -0.51510966 0.68657386 0.59924215 0.8419397 -0.22766648 1.0140661 0.77227205 -0.36378542 0.80875605 -2.130894 -0.19051696 -1.3779819 -0.68403167 -0.15045483 -0.28727782 -1.7732066 1.0544058 1.626992 -1.4908501 0.30652356 1.424313 0.9644773 0.4102122 -0.20994832 -0.37323886 1.837239 -0.25982982 -1.2759283 -0.91245526 -1.0410374 -0.1183793 -1.5896648 0.0038448144 -0.9934172 -1.9372503 -0.085051484 0.017531363 -1.9694563 -0.12322961 -1.2815806 -1.0345151 0.21058644 1.612317 -0.28860036 -0.29653785 1.5256737 1.9004679 -1.3057815 1.2558864 -0.62116903 -0.4174375 0.89887834 -1.72937 -0.68567383 -0.3213207 -0.16569588 0.08330348 -0.53315747 2.2447295 0.2835247 -0.3636772 -0.4112221 0.036088694 -0.5673962 -1.0534489 0.64721596 0.50449014 -0.39005885 -0.9054853 0.65958905 2.0834363 -0.13273959 0.34468785 0.17968276 -0.15686798 -1.5263714 0.6952149 1.5774931 -1.387223 1.7070227 0.11646434 -0.07828507 -0.5278857 0.019428682 0.53057766 0.3370664 0.6116221 -0.20759979 -0.13715655 -0.41724718 0.05274378 1.1019877 -1.0754267 -0.100805715 -1.3435239 -1.472592 -0.18145889 -1.0707651 1.3062364 1.0627916 -0.32728475 0.91866916 -0.53164923 0.9635774 0.6746869 -0.7038001 -1.1921659 1.7990781 -0.042048432 -1.2143242 -0.2043659 -0.0049395435 0.7847692 -0.92131525 0.16819967 -0.66380525 1.4385692 -0.7688877 -0.58089423 0.2841092 -0.7713995 -2.7035656 1.9157465 0.85851616 0.5815007 -1.2888677 -1.3965559 -0.8293882 0.12285944 -0.33981413 3.915621 -1.8322026 -0.9655346 0.37480977 -0.8877302 -0.9126578 -1.234713 0.84864974 -0.5201705 0.01550981 1.2157071 -1.8013635 -0.010012237 -1.8297232 -0.21296681 0.9137724 1.4991276 -1.7417295 -0.7753295 2.2244773 -0.5239563 -1.9913089 -0.78626627 2.1071913 -0.26132795 -0.4849107 0.42170143 0.25228775 0.50444573 0.34587917 -0.37936318 1.3795341 0.5759485 -0.9506344 -1.9777902 -1.1478487 1.7002951 -1.7097573 0.04248405 -0.14421304 1.5917639 -1.5608673 -0.89580363 0.737168 -0.39974356 -0.57813936 -0.06782495 -0.6533773 2.1968899 -0.22192828 -0.09818249 -1.16275 -1.2493494 -2.8740375 -0.6651514 -0.27831584 -1.178648 -0.6971585 -0.010437251 -1.1978034 -1.8221127 -1.9088787 -1.7597905 -2.020497 -1.1625903 -0.33637163 -1.6044532 -1.3256932 1.3766271 -0.5848488 -1.044241 1.1348221 -0.6969745 -1.2113702 0.45837298 1.0696406 -0.43094337 -2.454185 -1.7346606 0.401564 0.38007483 -1.2824485 -0.18842678 1.9982592 0.25746587 0.42719877 1.5086842 0.389855 1.1239763 1.2933345 -2.5343266 -2.6546187 -0.9096635 -0.4505834 -0.7424926 -0.34597352 0.39240143 0.46941704 -1.9072253 -1.2164438 0.6653632 -2.1582522 0.6329801 -0.0071830694 2.4715273 0.5283331 -2.048793 1.842946 2.9228883 -1.2493137 -1.388973 1.7335249 -1.2448174
citrus 0.5213778 1.243597 0.006517924 -0.61903715 -1.9706037 0.28784865 0.33819997 -0.6790225 0.6388898 -2.2237928 0.9374035 -0.5176359 1.1486938 -1.5799123 0.28002515 0.019972878 -0.700145 2.2583144 1.3038387 1.5322413 -3.7699122 -2.4306989 0.5245633 -0.34469673 0.43373662 -0.25285316 -0.0680864 -2.7428465 -2.622019 0.04345409 1.4478924 -2.242619 0.42654583 -1.320369 1.8586367 0.4951925 -1.2894549 0.17484176 0.36183304 0.10099782 1.4718046 0.43097922 1.1946368 -1.31068 -1.720685 1.0373204 2.208533 0.5560098 -0.24157007 -1.7037487 1.297509 -0.17894772 0.4656088 -0.21897624 0.039027292 -0.601122 -0.92126197 -0.12301602 -2.680364 -0.8459709 1.2258196 0.666504 1.3400766 0.27447233 0.3779883 -0.30591854 -0.6214014 -1.096926 0.52676547 0.70066446 -1.2552506 0.8702074 -0.4660844 0.41154712 -1.7421069 1.4942532 -1.5911111 0.5252218 -0.65836823 0.9160234 1.0121729 1.9939549 -1.5028359 0.9509019 0.5973084 1.2809478 0.2504435 0.8811274 -0.14100936 -2.130478 1.5885805 -2.2233896 -1.5154713 0.55103725 0.13261761 -0.21637045 -2.336722 -0.26167053 -0.3859155 0.11925338 1.2968234 1.2773229 1.5516337 0.012230924 0.44774467 1.4625481 0.87759995 0.9642108 0.9602459 0.11111582 0.5270776 -1.1057342 -0.8393 1.0109798 0.47101656 1.2311873 1.8769046 0.3891896 1.5379288 -0.20787951 -1.0389884 -0.068305165 -0.6394299 1.1206625 0.09160459 0.49264327 -0.70611596 -2.283903 0.39710164 -0.7636803 1.0614896 -0.49359095 -0.7256274 0.049223322 0.99635303 -0.7428484 -0.84841853 -1.140774 -1.4228642 -0.95555794 0.08101015 1.3279784 -1.2622329 1.2633885 -0.36114997 -1.5989491 -0.45441118 -1.5451556 0.6544378 -2.807374 -1.21241 -0.9205347 0.32195607 -0.96530586 -1.6711518 -1.1121107 0.45494878 0.9224733 0.16906631 0.02836417 -0.8282476 0.8451388 -0.88784117 0.7729634 1.3929194 0.66608244 -0.19031093 -0.021626389 -0.59097666 0.6610807 0.75267875 0.03955472 0.6598417 -0.78579223 -1.6109861 0.10815702 -0.2677719 1.4475827 -1.6137567 0.6515146 2.44267 1.7704452 1.571718 0.64146733 0.39353997 -0.09627642 1.2448549 -0.6702922 0.34834436 -2.5344346 -0.2459182 -0.9909638 -1.4361477 -0.40572178 1.5933776 -1.4527216 0.054374747 -0.3180361 -0.09618581 0.21298243 -0.17963547 0.94475913 1.6767524 -2.1313512 0.30524552 -0.31210616 -2.5153623 1.321096 -0.8887734 -0.4103553 -0.84438944 -0.5438158 -1.0321366 -1.6908076 -0.5512399 -1.2756554 1.638242 -0.8399163 -1.8914337 -1.85486 -0.35192743 -0.3555118 -0.81093305 0.38541543 0.6240725 -0.05168969 2.0054588 1.217538 -1.4563087 0.98054653 1.3820455 0.34154946 0.9588861 2.053886 0.36336073 -0.71893656 1.2097839 -0.19839689 -0.36241475 -0.45658928 1.4267334 -0.7942968 0.8733289 -0.384173 -1.0251818 0.41803476 -1.8974829 0.84077376 -0.07930954 0.037876986 1.0053519 -0.2967053 -0.87490475 -0.46938428 -1.1226013 -0.6072343 1.4661002 1.0384887 -1.6612108 -0.5146035 1.6593713 -0.24194777 2.8238885 0.009639677 -0.6054717 -0.70613444 -0.6292601 -0.25513703 -1.585004 0.50868446 0.17591208 0.9637756 3.1552699 2.3562453 3.075514 -2.9093635 1.7109411 -0.9260881 -1.2903912 -0.07312425 0.32269663 -1.4763225 -1.3560667 0.12153017 0.06157107 -0.29423535 -2.0688765 1.7191324 -3.120414 0.647942 1.4612978 0.83683354 0.2696342 -1.7539968 1.6453294 0.9022238 0.40901026 3.576848 0.0418123 0.6891346
cherry -0.23998725 -1.8601042 -1.0983385 -0.3135293 -2.0271754 0.18360843 0.45968243 0.034281246 0.27837035 -0.41159245 -0.04622654 0.07064986 -0.16162054 0.731012 -0.02187841 0.37728432 0.5308052 0.6297129 3.0442765 0.9130024 -1.1208769 0.7535704 -2.4979692 2.3704414 1.8980446 -2.3086362 -2.3814008 -0.5178748 -1.1369935 0.11249751 -1.0806999 0.123399235 -1.1094267 0.5828938 1.5289081 -1.9130481 0.053416323 -0.032108363 0.049775817 0.42480177 0.65288675 0.5910864 1.3835646 -1.3382173 -0.22163247 0.047977574 0.7452782 -1.1762991 -2.226288 2.0864358 0.94435495 -0.0011826652 0.19796677 -1.3310683 -1.9218278 -1.4956967 -0.8631518 -1.312509 -3.8779864 -1.0080373 0.54360867 1.3257163 -0.053471476 -0.38772687 -0.011734708 0.018421711 -0.3240728 -2.7360263 1.3764503 -1.1255654 0.039488338 -0.18377279 1.4713867 1.3334526 0.7753851 -2.5485883 0.35861132 1.886703 0.16124278 -1.2306886 0.4010169 1.1672057 0.66826963 -2.243984 -1.1878189 1.1032403 -3.2261403 0.55295056 -0.34769714 0.83932257 0.6701125 -2.704838 0.6772358 1.5519862 -1.1542631 0.4725866 -0.9037156 -0.7345005 -0.9993318 1.4927753 -0.559034 -0.5627422 0.7420872 -2.6349576 -1.4300853 1.2547655 -2.3370733 -0.6416551 -1.956343 -1.8770996 1.0650398 -1.0973607 1.1090469 1.7037028 -0.07129129 2.4641376 -0.27281326 1.823667 1.4759945 1.2152458 -0.17974205 -1.5468256 -0.6418573 1.8444177 -1.7269133 1.930764 -0.6025497 0.09714717 0.7409211 0.3916873 -0.85267144 0.61064917 -0.5761103 0.3853505 1.9075352 -1.6746151 -0.8919739 0.5354532 -3.1579926 1.8869427 0.10713078 2.6150377 1.5960248 0.24392027 0.70803773 -0.84025013 -2.3491142 -2.6740155 1.6211342 0.2851708 -1.1290793 0.41507813 -0.544388 -0.5317627 -0.10533945 -0.7102186 1.1342344 -0.057626702 1.6839275 -1.2688689 1.7700509 1.315987 1.3167658 1.7739936 -0.4520963 0.038772915 -0.85341513 -0.8727522 -0.4692567 0.4027104 1.2590555 -0.38941953 2.085184 1.8509578 -1.5727556 0.39665905 -1.6557376 3.5005298 -0.5090838 0.32627937 1.950468 -0.54364264 0.27148187 -0.65813947 -1.3313769 0.018585531 -1.0810024 0.20990078 -1.7147954 -2.4040308 -0.8565608 0.53279305 -2.1563048 -0.43257114 2.6273267 -0.86960244 0.12286729 -2.2598443 -0.36154982 -0.53974396 -2.4252732 0.010638017 1.6015229 -1.1751885 0.3422683 -0.28580725 0.5846356 -0.7224217 -0.32248563 -1.039187 -0.4153922 0.06217397 -0.31460413 -0.9191083 -1.1631839 -0.7368051 1.3723625 1.9823757 0.8833599 -1.198658 -0.9257835 -1.3905092 -1.727606 2.1006799 0.103740774 -1.0354259 1.9099221 2.9396684 -1.4904989 0.41484308 1.9326868 0.44001314 -0.91676927 2.4524207 -1.1711224 2.565155 -1.4237511 3.6327133 -0.10189032 0.49447787 -1.3188215 0.99995595 0.18015611 0.57482237 -0.64218557 0.5917231 -2.8142407 0.5681874 1.5742279 -1.6613544 -0.10044521 -0.5893134 -1.2529383 -1.5054154 -0.8334267 1.664348 0.8280825 -0.9693435 -2.1557372 -0.32145742 -1.0963293 0.30918616 2.980089 2.16561 -1.1199561 -3.1906807 -0.72000104 1.040034 -1.7299997 -0.0065786294 -1.640541 1.2484367 2.3257203 -1.4239731 1.0052636 1.2119325 -0.5263853 -2.8956783 -2.7218015 -1.3687261 0.34396288 -1.021521 0.9821655 1.2914603 -0.52592164 -0.93905014 -0.07549195 -0.22577345 -2.2113128 1.3481878 0.04790447 2.24512 1.0311228 -2.0865617 3.424984 -0.56676847 -0.81272227 -0.46884605 1.8527614 -0.0874102
leather 0.054723438 0.37247565 0.8387055 0.5061054 0.53244257 -0.8567225 1.3974046 -0.5763134 -1.4583272 -1.3206428 0.43169075 -1.7379836 -0.83151835 0.46126524 1.236586 2.8662703 0.26396412 1.5015522 -0.09048942 2.209781 -2.5242128 -1.0104133 -0.347835 0.19328386 -0.86983424 -0.38232756 0.63809484 -0.45016554 -0.84689647 0.30945933 -1.2129012 1.0230261 0.8654939 -1.1584519 1.8351023 0.02312082 0.9461857 -1.1762917 1.3007337 -0.91214716 -0.46816158 -0.037874747 0.35133636 -2.4518356 -1.3951061 0.6722068 2.3148828 0.6229903 1.2798036 0.48170733 1.0377058 -0.2529533 0.10397687 -0.30006692 1.6884693 0.79176307 -0.41055498 0.9528829 0.030044403 0.7740014 1.3746804 -2.1859453 0.9506203 -0.24739964 1.9791086 -0.37616417 -1.0168526 -4.43159 -0.5729844 -1.3073118 -0.9812514 -0.268426 0.040492862 0.44800475 -0.42919672 -0.9065975 -2.424997 -0.08817181 0.25505853 -0.6038343 0.68367314 -0.4493398 0.32844636 -1.8711436 -0.6597724 0.5730885 0.23698671 1.1933023 -2.030893 -1.5302631 -0.3438327 -1.3227352 -0.6233803 -0.23903407 0.5897782 -0.05941032 0.3006645 -0.5205788 -1.4554042 -0.47799224 -0.942089 2.7682238 1.3819697 -0.98265094 1.1806829 0.43877497 0.72453433 0.058994412 1.3755904 1.3215389 -0.24827331 -0.47506067 0.99527436 0.862728 -0.22342831 -0.21188195 -0.64172053 -1.499733 1.053021 0.81043553 -1.2054317 -0.29358652 -1.5848708 -0.5316606 -1.9927762 0.51605016 -0.8654895 -1.6638972 1.2764935 -0.73259103 0.9465566 -1.0870552 0.13148746 1.1117232 0.22533518 -1.6011871 -0.9131389 0.034358338 -0.8359319 -0.108034074 -0.7572567 0.13342127 0.52878875 1.7774644 -0.09760569 -0.35449743 -1.7592819 -1.6651956 0.75586694 -1.7951708 -0.64427084 0.33919185 0.07271978 -1.7662171 0.7008059 -0.995527 -1.2672993 0.89380455 0.5226427 0.14727528 -1.4049617 -0.56848675 0.6404561 1.0078733 -0.06680372 0.7508684 0.73727256 1.1640095 -0.57189816 0.7530407 1.4388465 -0.89206094 1.0241976 0.13755387 -1.951416 0.7980788 0.7832707 1.4004449 -1.3810025 -1.3416629 2.2102473 -0.3155047 1.0458115 0.21937741 -0.50516456 0.19330047 0.49635354 1.0690124 -0.24712911 -1.3312222 -2.2466967 1.0828177 -0.89991397 0.45047414 0.38266033 -0.4786013 -0.67799294 -0.4428159 1.1470815 0.26555637 -0.4380563 0.68847805 0.21142821 -2.117325 -1.007162 1.8936417 1.8597933 0.32073987 0.6421889 -0.28419805 -0.67988443 -0.9923889 -0.046299998 -0.46070394 1.5870248 -1.9114457 -0.46945873 2.3466654 -0.08968916 0.38902184 -1.0032659 -0.3367822 1.3837184 0.7638271 -0.29656085 -1.3118863 1.3015596 2.493866 1.0354694 -0.5111571 1.3548242 -1.4188712 -2.2886996 0.5059304 0.38231677 0.71628845 -0.37367678 -0.4844507 -0.7811973 -1.5270926 1.3562249 -0.08352413 -0.86667675 -0.6758785 0.36268947 -0.33650672 -0.4861327 -2.0224078 0.9090438 -0.9785807 0.39571834 -0.82596284 0.2792593 0.26172903 -0.8936626 1.3995149 0.79898965 0.5949854 -1.2271318 -0.9855427 0.2615826 2.0567908 1.1357036 -1.868819 -3.6642952 -0.82038045 -0.33122995 2.5615919 -0.44096223 -1.3884292 0.4426817 -0.073977314 0.62938356 1.5665469 0.41209337 -1.1913725 -0.14028642 -0.5967806 -1.1647234 -0.2813314 -0.34819147 -1.721657 -0.5372118 0.46347737 -0.21390794 -0.807666 -2.1913977 0.40106294 -2.1531315 0.35606584 -0.2951702 1.0604647 -0.21341635 -1.1275083 3.7249868 0.67947537 0.6065365 1.6564277 -0.5428388 0.81651354
rose -1.5722384 1.682428 -0.083058774 0.14363673 -0.77518296 0.18992987 -1.5742959 -0.100702204 -2.017657 -1.707825 -1.6390189 1.0013974 -0.25206962 -0.7568129 1.4097617 0.55960715 0.66047335 1.9797285 -0.62243545 0.74929243 -1.6437489 1.100257 1.5206201 -1.6111243 1.0620575 -2.2260394 -0.1692577 -0.6689539 -1.7987503 -0.09434857 0.7900279 0.21227117 -0.99886614 -0.6160376 -0.7482953 0.8656268 -0.7468059 1.4025662 2.2040172 0.2388094 0.63013846 1.3281283 -1.0068766 -1.9221598 -0.41278344 -0.6095497 2.933869 0.88633436 -0.38563555 -1.6545782 0.40358362 -1.0170509 -0.20147103 -0.96798193 0.75793624 1.2231663 1.1627278 -1.4190823 -0.13033351 -0.5814179 -0.58630955 -0.6318018 -1.5518345 -0.5911944 1.2967061 -0.64744526 -0.7089987 -2.1636539 -0.043451615 -0.008846805 0.32920825 0.33889323 -1.2854769 -0.74146736 -0.5996519 -0.41778705 -1.0963432 -0.5215321 -0.19618471 0.15422983 1.6717081 0.788128 1.3855741 -0.10736106 -0.9643305 0.6827437 0.62411064 -0.5661229 -1.1483889 -0.9452429 0.097172745 -1.1789167 -0.3275542 0.03798819 0.030493332 -0.71017736 -0.35257798 -0.25342405 -1.0175614 0.8349819 -0.71042585 -0.25528157 0.25190926 0.36629668 1.0341415 -1.097704 0.9735907 0.54604596 0.44366932 0.28556892 1.5041093 -1.2800318 0.563774 0.5053632 -0.33403662 -0.54301023 0.5031484 -1.1393183 1.4118723 0.37365052 -0.6812386 -0.63895905 -0.87597895 1.8466356 -1.5399356 0.15459575 0.48858437 -2.1825933 1.0407453 0.05312479 0.09809304 -0.11846962 -1.3061404 -0.7025314 -1.3313062 -0.91426903 -0.91913915 -1.1315317 -0.887564 -0.50516987 -0.9119821 1.2308238 0.7751335 0.931636 -0.31613508 0.62574273 -0.626492 -1.3148541 0.96760684 -2.3074925 -0.53542763 -0.13861936 -0.8288821 -1.0275947 0.7576867 -0.61179626 -0.35958624 0.26554847 2.048136 1.3916622 -1.5888702 -0.08665082 -0.8233988 -0.015117437 0.28171498 -0.40629122 -1.1709429 0.59441894 -1.2286156 0.28905004 1.8792282 -0.28447437 0.8131614 1.4934176 0.13214302 -1.2890623 0.77723086 1.0747509 -0.97621566 -0.701442 0.30035618 0.2684538 0.39255324 1.2903267 0.37476665 0.75380296 2.775665 -1.6672322 0.59310514 -1.8545333 -0.9624998 0.0922901 -1.1464641 -0.63285804 1.1003728 -1.9116712 0.66674745 -1.1988882 0.6659402 -1.1434149 -0.9524847 0.31423426 -0.09878286 -0.24629246 -0.5115136 0.7746049 0.7302565 0.070249975 -0.015716672 -0.6915155 0.21274303 0.030586554 -1.247623 -1.3358381 0.14124133 -2.0517805 -0.9836309 0.17097506 -0.47904208 -1.3012282 -2.2281804 -0.3291752 1.6631836 1.5313238 -1.6222223 -2.0061634 2.099344 3.6700118 0.73403126 0.5238072 0.26185253 -0.24432126 -1.3686275 1.9415308 0.09565158 0.4608297 0.9882023 -0.46539247 0.6176348 -0.29239222 2.5083086 0.9818964 -1.1971172 0.5244618 -0.2913311 -0.0769463 0.85444 -0.22199844 0.5196305 -0.18878853 1.0186791 -0.1924033 1.3339404 0.5265044 -0.7099084 0.5844963 1.4825013 1.8433318 -2.268728 1.2715948 1.7849131 1.6620094 1.8921658 -1.3495896 -0.8240483 -1.5710285 -0.9283224 1.695293 -1.3043993 -0.3474477 0.8246128 0.79557604 0.47071722 3.068541 1.0846423 -2.0684085 -0.1092378 1.2066647 -0.9300741 -1.3638554 -1.9357177 -2.0997665 -0.9667903 1.874197 -0.16719137 -0.5429847 -1.8284209 0.23188548 -1.4171392 0.33633086 -1.7603453 0.4277619 -1.2247515 -1.7847826 2.4828997 1.8061687 -0.018009331 2.0583253 -0.39132267 1.2297966
honey 0.84378076 0.15721892 0.030107683 0.9689968 -0.7474821 -1.1243255 -0.00745456 -0.4860123 0.2646282 0.049340904 0.13276249 0.8532709 -0.052720003 -0.24038191 0.36810687 1.1668557 1.0593699 2.509284 0.86422074 -1.1190556 -2.0542803 -0.26062766 -0.53517956 1.3667487 -0.6644992 0.2989356 2.0151503 -0.5778782 -1.2569889 -1.1124244 1.8013816 -0.27835464 -0.34179762 0.3115321 1.2270753 -0.48859236 -0.37098375 0.49826643 0.06612297 0.14346759 -1.2814885 -1.4783026 0.47017658 -1.1926373 -1.1631732 0.2528251 1.6959187 -1.046336 -0.6885608 0.40870842 1.2131267 0.2265725 -1.7276893 -0.08272004 -0.6554992 -0.6589995 -2.034045 0.46108493 -0.40230852 0.24321216 -0.8894988 0.515308 -0.065152414 -1.0879738 0.7314759 1.2155463 -0.27170283 -0.95356435 -1.2244118 1.3771955 0.6569761 0.022378145 -0.98205596 1.1686769 0.5543378 -0.40959322 -0.80916786 0.84177643 0.33882356 0.19911078 0.41336408 1.4299206 0.9596325 1.5142993 -1.2898068 0.34023565 0.81136787 -0.6776778 -0.19759737 0.48303452 -0.20415886 -0.5650151 -0.20921671 -0.92061085 -2.632707 0.92495996 -0.83489984 -0.08445631 -1.6630629 1.2745733 -0.62384766 -2.0827267 0.7064812 -0.7091836 -0.9203023 1.3541032 1.8160628 -0.9631156 1.1546351 -1.9004126 1.6216054 -0.42101684 1.1945044 0.94004977 -1.7226808 -0.425862 -0.57700384 -0.21733132 0.39635116 1.422767 -1.19069 -1.6493753 -0.2943716 0.3308579 -0.7795862 -1.4123515 -1.923706 -0.9383133 0.121161 -0.10697234 -0.31479567 -1.5692855 -1.1262828 -0.17317548 -0.17118338 -1.9643261 1.4364315 -1.9091873 0.22737959 -0.36123204 0.38484716 -0.15854123 0.068842955 -0.9082906 -0.57759774 0.5421251 -0.06801893 -0.77812093 0.28895319 -1.0046499 -0.60640156 -0.74680597 -0.46296573 0.78174937 0.11071495 1.4296517 -1.2738339 -0.07023989 -0.8087628 0.62836325 0.15112485 -0.25945938 -0.5259374 1.2906029 2.484351 2.052235 0.17728065 -0.056615412 0.0760632 0.5151277 -0.3312856 1.2105961 -0.3814864 1.391917 -0.24669258 0.40845475 -1.1059245 1.1124816 -1.0417551 1.9713628 -0.037368886 1.5021263 0.66779464 -0.19364022 -0.7156915 0.9011377 0.607758 2.2324498 -0.10281079 -0.43227476 -1.6055588 -0.7859282 -0.34938642 -0.2731313 0.6137784 -1.5302305 1.5760942 2.1730435 -0.8613592 -0.29977265 -0.7734031 1.751505 2.129074 -2.0878966 -0.80921227 -1.4200847 0.70022213 -0.52068996 0.18492776 -0.95613545 -0.40251273 -0.7691591 -1.4432415 0.03515453 0.7579293 -1.1993687 0.26996595 0.14264667 0.22158304 -1.2552247 -0.22212465 -0.8573489 0.58127195 1.7003695 -0.36720422 -0.475221 1.8620958 1.1835684 0.55499667 -1.8860643 -0.75054795 0.24764518 0.122980006 1.3270023 -1.4891865 1.7225341 -2.208421 -0.28825203 -0.5057038 -1.3566233 -0.5371775 0.039960854 1.4148713 0.33364713 -1.8626949 -0.37718 -2.519117 -1.5845281 -1.4388906 0.42763212 0.72020614 0.8831491 -1.2121435 0.13109739 -2.2285917 -0.47357136 1.3232971 -0.7257609 0.58308613 -0.8311993 0.26367882 -0.4075694 0.53922087 0.44833866 -0.4986505 -0.78854865 0.81678355 2.049505 -0.5878678 1.8953619 2.4339502 0.7882699 1.5410216 1.7480664 0.13360007 -1.2617218 0.8698884 -2.665349 -0.41344967 0.28914407 -1.5781378 -0.64023215 0.59342515 -0.062210903 -0.6431591 -2.2394743 0.10560842 0.23502357 -3.047739 -0.22170576 1.8972995 2.0999074 0.18129618 -2.0990152 1.5285697 0.75232744 -0.51320755 1.509671 0.9142452 -0.08213916
berry -0.07408495 -0.34423953 -0.35309175 0.02994309 -2.1025367 0.17638022 1.1240953 -2.5683806 -0.46557063 -1.257645 1.4768145 -0.74535555 -0.46367905 0.09322219 -0.4658876 0.0833923 0.3511382 -1.6445109 3.1003494 0.9815678 -1.532616 1.0625601 -0.130559 1.5415782 0.9118048 -0.23758377 -2.1112213 -1.6607279 -1.1653711 0.41792864 0.41824284 -1.0551252 0.42340076 0.11776762 0.67681324 -0.4803322 -0.1622415 0.05285492 0.19394173 1.3011587 -0.43854788 1.5583131 -0.28953326 -1.1106613 -1.0756491 0.02801223 2.250726 -0.43644765 -0.69200075 0.6567686 0.50193864 0.73780185 -0.26279774 -0.006299603 -0.88152134 -0.5734592 -2.3256197 0.09796416 -1.8719318 -0.2301023 0.5172716 0.27185518 1.8833121 -0.6747777 0.61368734 -0.6968501 0.98318845 -1.0464376 0.42793337 0.78548247 -0.52457815 -0.20558022 0.25189 0.93906486 -1.325198 -1.8066899 0.716777 0.7899202 -1.327882 0.07585202 1.8974553 2.490509 0.66666955 -0.90019774 -1.6774604 0.5915593 -1.7810533 -0.22994281 -2.4651976 1.5812273 2.5578094 -1.7291669 -0.47020805 1.5686281 -1.2641222 0.020270778 0.38743418 -1.0122076 0.07700112 2.2800975 -0.91544545 -0.52170676 1.9106637 0.7292533 -1.523133 1.3577298 -0.81085193 1.0546818 -0.7398499 -1.7959735 0.014750881 1.7870036 -0.51636106 2.6169198 0.97908986 1.4401376 0.6267631 1.0454016 0.12204384 0.9611034 0.3766957 -1.17773 -0.4079009 0.16053359 -1.0100428 1.3013489 -1.6642308 -0.007967903 -0.38517827 -0.2974008 0.8673135 1.1268536 -0.68722326 1.8826756 -0.77674896 -1.5993534 -0.4125551 -0.2930433 -0.93694866 0.6430793 -0.78832376 2.2046678 1.1148607 0.28252715 1.4266394 -0.5116089 -1.7083796 -2.770506 2.6538649 -2.3948612 -1.9594975 1.0889368 0.4931699 -1.2866886 -0.45107484 0.6759308 -0.21646558 -1.6334002 2.3073564 -0.10491306 0.40322492 1.2644769 0.43564418 2.578049 -1.1036181 -0.23221104 0.7153187 1.2442932 -0.25304243 -0.049675766 1.3138242 0.25551614 1.6306673 1.8850895 -1.5782661 0.82648623 -0.22596298 4.154726 -0.14391677 0.19810914 1.7911956 1.8191167 0.5185089 0.4429959 1.0664718 -0.07297061 -1.0698704 0.17779216 -1.8548568 -0.03976423 -2.3912237 -0.12969995 -1.7908837 1.632478 2.221558 -1.3842 -1.1162425 0.21986932 0.8181086 0.5199076 -1.8557893 -0.75786877 0.14339124 -1.3512781 0.6025788 -0.4465604 0.49621293 -0.5228132 -1.226034 0.18275058 -0.82877624 -0.44379386 -0.36341792 -1.1934909 -1.1120287 -1.1308916 0.566294 1.9906971 0.14659657 -2.7819798 0.46480498 -0.55973196 -1.9585705 2.7766268 -0.76092416 -1.0737438 2.7467058 1.441836 -1.035124 0.8825294 1.9549617 0.4947875 -1.0288557 2.4462845 -0.31247273 1.2868109 -1.2252834 2.1993961 -0.88239765 -0.7553817 -1.3200023 -0.09736239 -0.7335702 0.6876052 -0.3131069 0.4264008 -0.67562556 -0.10429848 2.4927166 -0.6227207 -2.853457 -0.31525972 1.3479308 -1.4333695 -1.0074494 0.25765425 0.34256953 -1.3872783 0.00048456262 -0.4287095 -1.0794019 0.54295224 1.55513 0.1451216 -2.1031644 -0.41264153 -1.6115265 0.38379723 -1.2992837 -0.11025821 -1.4522494 2.529316 2.3985183 1.4715353 0.61191714 -0.1910805 1.0889525 -1.9206468 -2.7718062 -0.73388433 1.151104 -0.6541449 -0.9169793 1.0878236 0.34849307 -1.0293189 -0.6451257 -0.17315921 -1.5170637 0.5265108 -1.0274471 2.0114434 1.6131632 -3.3875558 2.2523987 0.63906634 -1.0003918 -0.008086506 0.89790624 -1.4945136
lemon 0.7011944 0.31794882 -1.3850455 -1.7754601 -2.396923 0.7032051 1.1580619 0.19223447 0.18370607 0.10970529 0.9672318 -0.13737775 1.8359382 -0.77820206 -0.98794967 -0.5317725 -0.38538507 2.3102834 0.89992887 0.6804525 -1.0577339 -1.821402 0.32771045 0.5775509 0.91102713 -0.20027469 -0.8342681 -1.9704779 -1.5936251 0.18872091 1.63444 -1.8162369 -0.25318965 -0.6661635 1.0253562 -0.37149066 -2.0868669 0.24342003 0.18640232 1.3203739 1.2920833 -0.14672561 0.24107943 0.25699052 0.06558057 0.40184245 1.7415004 0.55239445 0.7645059 -1.1861004 1.1559756 0.5597004 -0.23422398 -0.5732999 -0.80848724 0.6599788 -0.4021661 -0.11822168 -1.7431403 -0.52370566 0.073379196 0.7433668 -0.25181302 0.6977951 -0.90494 -0.3027465 -2.1633193 0.22439794 -0.25261205 -0.04975063 -1.136617 -0.28290522 -0.5480025 0.57633376 -1.4312208 0.1738066 -1.3191239 0.43566176 0.6046427 1.10073 0.89255 1.5314214 -0.38248074 1.3518713 0.62773347 1.1354376 1.3022691 0.45144773 -0.87960255 -0.453747 0.4790031 -2.2649932 -0.49841994 0.40764913 -1.2851897 1.323637 -1.9452631 -0.55002105 -0.4044713 0.6289613 0.48312798 -0.3655616 1.3561467 -0.2303354 -1.1169001 0.9546108 1.412823 0.8238482 -0.9813458 0.15355168 0.31016055 -0.22877865 -0.69257945 -0.23315954 -0.262885 1.9658506 1.487951 -0.6287547 1.6963651 -0.65322155 -0.8635797 0.23587063 -0.52276915 0.768872 1.2700251 -0.2244331 -1.0815288 -0.39972162 1.3818303 -0.19846171 0.20823601 0.81035644 -0.9131845 0.103409685 2.166987 -0.5872013 0.77410907 -1.848338 -0.59554285 -0.10533068 -0.6468352 0.5857252 -1.1575382 0.12427311 -0.57901233 -0.2254651 -0.5732569 0.31293622 0.20646371 -0.77594477 -0.31055903 -0.26884052 -0.37695542 0.37974077 -2.407724 0.5720036 0.5074875 1.2177417 -0.44434154 1.843605 -0.93947804 0.90531623 -0.04022092 -0.47516963 1.0056072 -0.24131066 -0.86767846 -0.71757245 1.6214744 -0.51472366 -0.41499183 -0.10399682 0.18608294 -0.14507657 0.67246616 -0.51685643 -1.0934753 2.0211496 -1.1463977 0.59504336 0.9921286 1.0386384 1.0516245 -1.2988168 -0.53623486 0.30410653 0.4077965 1.1381778 0.2747889 -1.7798717 -0.53838444 -1.6965716 -0.5476887 -0.5878226 2.2598364 -1.710504 0.21567784 -0.48041862 1.3219584 -1.0153649 -0.71713823 1.4670575 2.0058 -0.9612713 -0.17947647 -1.1522423 -1.1229259 0.9240983 -0.89973664 0.3226045 -0.54304326 -1.9326853 -2.2404518 -0.40771553 -1.6158046 0.5938046 -0.31739646 0.07005469 -0.85896444 -0.57062215 -0.54853386 0.25793514 0.55702335 1.7889241 1.4149181 0.40697715 2.33668 1.5752699 -1.1574767 0.9824593 0.8621053 0.91911703 0.659356 2.4550438 -0.15895781 0.019500896 0.49489838 -0.19421303 -0.7071546 0.9127008 0.36101332 1.4492215 1.7688441 0.23021662 -1.453344 0.045660235 -2.3099096 0.30663624 0.7206214 -0.031398103 1.7219871 0.24404591 -0.9062659 -1.6950457 -0.48068365 -0.3474003 0.9167949 -0.05454969 -0.092043504 0.051780142 0.97144186 -1.236023 1.0278927 0.037083432 -0.9953998 -0.94747967 0.06000983 1.2510263 -0.74926394 0.72512686 -0.016420433 1.7868719 2.2935052 2.4810421 1.1331424 -1.8788105 1.5524538 -2.765968 -1.7854352 -1.4986737 -0.6715498 -0.51957846 -0.13759391 0.22438258 0.30458233 -0.14053062 -1.5960317 1.528325 -2.634477 1.4324212 1.6032524 0.86107725 -0.83150095 -1.9517995 1.8544625 1.712135 1.0333409 3.231676 0.17152382 0.45496833
apple 1.3609307 0.60894734 -0.80011827 -2.1152396 -1.4942425 0.46790165 2.263835 -0.22650914 1.4217162 -0.7898472 2.5970306 1.0435194 1.4888535 -0.14022559 -2.2484715 -0.15646897 -0.2978028 2.6500602 0.8551859 0.09131351 -0.6507668 0.41110328 0.5674265 0.024910022 -0.4631531 0.21616219 -0.027975297 0.37654486 -1.6246146 -0.93402344 1.0450386 -2.0097404 0.67327213 0.5074688 1.0524209 2.1674013 -2.2368393 -0.43952364 -0.5023721 1.4750736 1.0026864 -0.13071193 0.9261665 1.1491544 -1.3823035 0.77923477 3.368867 -0.87965703 -0.13837136 -0.18234009 0.7739246 -0.050661366 -0.41551632 -0.22198808 0.27963367 -1.4726146 -1.9792838 1.1687862 -2.0267465 0.39376304 0.57136565 2.5919425 -2.3419714 -0.6229653 1.1254531 0.10751246 1.4630239 0.4626127 1.857518 1.2259648 -1.1883366 -0.4629958 -0.08568419 1.0784402 -0.21457632 -0.7828535 -1.1796321 0.3197698 0.028138319 0.9235915 0.3945551 2.7809546 -1.4421179 0.27298626 -1.1647407 1.2125324 -1.1825526 1.2908105 0.6539714 -2.1525679 -1.2425549 -3.0508955 0.8718255 0.031353723 -2.1944711 -0.63233525 -1.8277317 -1.4610065 -0.67099833 2.6521976 0.70758903 -0.29420215 2.0684311 -0.51988727 -0.96213627 0.673238 1.4587961 0.8947338 -0.5351597 -1.4576244 1.4737842 1.7321397 0.055584192 1.2830563 -1.4149374 1.7180594 2.2160962 1.0946201 -1.5542454 2.6801898 -0.14722613 -0.15800792 -0.15153497 0.14540577 0.45511556 -0.7319771 -1.8256032 -1.1422528 -2.1222827 -1.5140524 -0.568554 1.5348346 -1.4009916 0.16683821 2.5117722 0.28603917 -0.97710156 0.7649359 -0.34024173 1.1534172 0.17954771 0.65630686 0.767611 0.92277575 0.4088157 -0.6964106 -0.19745511 -2.4982266 1.386845 -1.1031339 -0.9524892 -0.6165817 0.6162494 0.82554984 -0.44995564 2.117576 -0.36260203 -0.8534423 -0.50106597 -0.0990336 -1.7111057 0.8873411 -0.02004433 2.040161 1.2203053 0.7215517 -2.1163273 0.36848575 0.17485033 0.41687438 -0.42802316 0.5259689 2.286241 0.6762583 -0.60914767 -0.3223134 -0.99997467 2.174298 -0.5624287 0.2859231 0.5608373 1.0344837 0.74878776 -0.8424839 1.1543462 -0.9474546 1.4523453 0.5119919 -1.1733444 -0.866689 -0.7786813 -1.9742061 -1.2447923 -0.52562946 0.8367692 -1.2334136 -0.38312078 -2.0213704 0.94164336 -2.6857257 -2.7711043 -0.81072503 0.80808836 -1.0087218 0.42419827 -1.2598228 -1.5640407 0.062061653 0.9015794 0.40826425 -0.15586917 -1.8814728 -1.1903453 -0.101703614 -0.66005504 0.4563737 0.23226386 1.0528535 0.33829665 -1.9224856 0.10245471 0.53571093 -2.8158946 2.544736 0.78219396 -0.01831143 2.1998107 -0.16491763 -0.8611974 0.53580827 2.0709443 0.01075899 0.5376548 1.9157338 -0.4742726 0.8077768 0.632166 1.5099633 -0.18338662 1.6692561 -0.7981501 1.2582116 0.48386145 1.8965037 -1.6513504 -0.28235438 -0.48411876 -1.9046926 -0.84538037 0.33800867 -1.4286654 2.0927992 -0.45189992 -0.15956496 -1.7985666 -0.90035766 0.13740641 -1.3835301 -0.44952047 -0.62000203 -0.75117505 0.7229419 0.56360495 -0.14605322 -0.5326065 -0.4428992 0.32032973 0.40541324 -0.5722453 0.704036 0.74269336 1.4988023 3.147111 1.796265 0.19712307 -1.332492 0.67913085 -3.0429678 -2.1856766 -0.8912852 0.74927366 1.4420686 0.5366362 1.8555357 0.81145406 -1.4297949 -1.041337 0.23239458 -1.5387844 0.15631148 -0.48974112 1.0318466 0.7028771 -0.743603 2.0320435 0.6368078 0.3845717 1.5034326 0.6487459 0.93728125
cinnamon 1.5617354 1.0141649 1.3988281 1.088352 0.18238978 -0.568884 -0.514356 0.37500533 -0.98635024 1.1315293 2.1538672 0.6873706 -1.8302631 -0.85780925 0.85248256 1.7961509 0.13389464 1.5283587 1.0593871 -0.9675722 -0.84250706 0.05702863 -0.460467 1.1794045 -0.7342269 -1.2162439 0.15579653 -0.78381175 -0.44499207 -0.07837969 1.2501963 -0.4038841 0.43331698 -0.35916984 0.020149788 -1.8026296 -1.2451981 0.16281715 1.2106907 -0.47296464 1.2094804 -0.5704295 -0.6442541 0.3640287 -1.2659205 1.2900227 1.1682403 -0.2908857 1.6115049 -0.9478115 1.2347668 0.86395186 0.5724586 -0.04126113 1.3859627 -0.52444154 -2.039499 -0.49937657 -0.9951157 0.40711737 1.9962643 1.6550076 -0.061977204 -1.605889 1.0520092 -0.022025947 0.2041136 0.33318666 0.02369553 1.3142198 0.09042832 -0.24598564 -2.5839815 0.6144018 -0.084116325 -0.9105531 -0.35282347 1.5613729 -0.1315532 -0.8329945 -1.1899083 0.68680716 0.7684507 -1.3638018 -1.0202681 -0.68332964 -0.6082768 -1.2777063 -1.4459007 -0.07524787 -0.58273023 -2.5802534 -0.7652136 0.76626563 -2.8829138 0.9189671 -1.1628556 -1.2819273 0.3835794 1.4827676 0.45546833 -1.6312959 0.86936104 -0.7681901 -2.5514622 -0.88588536 1.0090364 0.089646325 0.6196369 -1.2364422 -0.49109355 -0.23806769 -0.034570746 0.38263583 -1.0650418 1.4051826 0.2588136 -0.6112288 -0.37003392 0.6522998 -0.3521941 -0.6216633 0.18629919 0.35102552 -0.6308269 0.2985114 -1.2104142 -0.82096833 0.4301921 -1.4544432 0.24179368 -1.1403326 -0.8209724 -0.075824805 0.7569145 -3.02048 -0.3140288 -0.4469475 -0.97235566 -0.28549793 -0.64201427 1.6807148 0.6157818 0.11128921 -0.95721596 -0.853325 -1.0003328 -0.41872323 0.4135063 -1.9159869 -0.76217955 0.22965811 -0.6955163 0.31000572 -1.4858991 -0.6083581 0.06134679 0.4147894 2.375696 -0.08520608 0.043722723 -0.29899445 1.0313245 -0.8641889 0.7803836 0.2990196 -0.4131082 0.6187091 -0.46489394 0.26116514 0.6551462 0.6581804 0.7498146 -0.40175658 0.85863256 -0.02674051 -0.40378547 1.669232 -2.008071 0.69871765 0.49012464 0.47957256 0.20557967 -1.0678227 -0.6958531 1.0939462 1.417676 3.4477468 -1.3299613 -1.1867691 -0.71727824 -0.53851527 0.31528947 -1.9045662 0.8116871 -0.4954029 0.6164466 0.20909405 -1.3921624 -1.4797634 -1.2066312 1.6582605 0.87010515 -1.0851941 -0.009623701 0.26616305 -0.094123505 -1.0822247 -0.08555997 -0.34680972 0.1424514 -1.5880568 -1.906055 -1.1858919 0.44047004 -0.6891395 -0.21083152 0.5826131 0.5579188 -1.8762287 -0.6710349 0.55512494 1.9553293 0.6291631 0.38742247 -2.0995383 1.8802556 2.004701 0.8630374 -0.8979345 0.117883034 -0.5878373 0.27722204 2.3488963 -0.3018593 1.2977344 -1.3116176 1.3812597 -1.4813737 -0.27011645 0.049992893 -0.10444599 1.6440535 0.36953548 -0.81834614 -0.045916576 -2.8378341 0.62688476 -0.09491195 0.07343631 0.20162572 -1.0799853 0.030373428 -0.2785739 -1.103044 1.5238378 1.2546299 -1.9600273 1.0454955 -1.1689068 -0.020862628 0.1531757 1.6133816 -0.06575131 -0.4948595 -1.8823344 -0.95582104 0.9319657 -1.3098671 0.29017085 -0.61678135 0.8631279 0.6978371 1.8581018 -0.37895477 -0.25945604 1.568454 -1.9584318 -1.5681481 0.25500125 0.29924518 -0.014490122 0.4050574 0.48466894 0.6162939 -0.13334213 -1.1507069 0.46434802 -2.047147 -0.012262976 0.52759725 1.869891 -0.14849271 -2.225153 1.3611196 2.2414465 -0.42696488 -0.0076006427 0.2717146 0.038437538
orange 0.9123886 1.4601119 -1.1291527 -1.2598581 -1.3732806 1.2229977 -0.65938383 -0.18779294 -1.7009147 -0.12321626 2.5255117 -0.47492877 1.2023758 0.9413869 -1.2192253 0.15877327 -0.40976402 1.0179099 0.518694 0.2695988 -0.8226266 -0.62481886 0.16100834 -0.18785271 0.67771286 -1.2332379 -0.44042993 -1.439475 -1.155557 0.11901651 2.4554274 -2.2744765 -0.4193038 -0.7561529 0.3298329 1.3296939 -0.54540914 1.2068331 1.07808 1.5329915 2.1556196 0.8763447 0.68542284 -0.5079398 -0.18908067 0.16464552 1.0360819 0.37618306 -0.8878229 -0.50068045 1.519998 0.68389857 -0.14732237 -1.2684951 -0.6371141 -0.343019 -0.060746256 -0.6070122 -1.3646691 -0.5198592 0.07594629 0.35060802 -1.6680958 -0.38475406 -0.42156363 1.0034834 -0.22230466 0.61267126 0.003951464 -0.702012 0.4593673 -0.63329697 -2.5423627 0.41899922 -1.2364377 0.15514976 -0.77902234 -0.29031697 -2.3805358 1.1190497 1.1500169 1.8140974 -0.37544006 0.042280987 -0.20622246 1.6091117 0.69079214 2.6441164 -1.6064988 -0.11669306 -0.4477669 -2.234465 -0.78453416 0.76910913 -1.0586139 1.6565675 -2.360761 -0.72360003 -0.7078236 0.6372541 -0.8016936 -0.8106074 1.6543858 -0.17752035 -1.609826 0.9461754 1.2253472 0.018855127 -0.38684142 0.046417445 -0.3167447 0.16902949 1.1520734 -1.4118782 -0.50495774 1.3802184 1.8267492 1.285979 0.58920544 0.70761716 -1.1407454 -0.37972912 -1.0155232 0.27375898 -0.6587371 -1.1389024 -0.9845505 -1.1928499 0.3013582 -0.60163945 -0.5699564 -0.8132206 -0.6519344 -0.530592 0.75173753 -0.15233095 -0.16072944 0.8219519 -1.5095087 0.27544788 0.19125094 0.84129554 -0.5630531 -0.46626794 -1.1177653 0.46335605 -1.2755686 -0.731339 -0.018431518 -1.8388746 -0.5482795 -0.39252326 0.9328471 -0.8108326 -1.105038 0.98301554 -0.028037896 0.83957756 -0.32923493 1.511613 -1.7051489 0.9190249 1.172861 0.7972875 -0.09340331 1.0539832 -1.4905481 0.7207813 1.155951 -0.045113347 -0.09878573 0.5552257 1.9565718 -0.14695671 0.99882656 1.0995936 -0.59107506 0.63142455 -0.9498672 -0.54140747 0.5858598 0.18844794 0.76664746 -2.3006783 -1.11177 0.8373277 0.20736578 0.5040671 1.276551 -2.271297 -0.91349155 -0.85596454 -1.6839768 -1.6795801 2.2234194 -2.2868903 -0.3358777 -0.44539493 0.31165868 -0.8301765 -1.3419002 1.7148871 1.6615673 -0.07705288 -0.49349806 0.9383081 -1.0406792 0.50362355 0.8070908 0.7065231 -0.73535216 -1.8911425 -1.6255685 0.16904053 -0.9485992 0.94388384 -0.7468785 -0.5750185 -1.0566565 -1.1518826 -0.8969142 -1.1443706 0.44150078 1.9773335 0.04170561 -0.1377399 0.7089435 2.11822 -0.48785707 0.46579397 0.99176997 0.8073886 0.22472136 2.372244 0.24569546 0.02747089 1.073871 1.0047805 -1.3201442 0.5375229 -0.29342058 -0.4168245 0.8865016 1.1206605 -1.681919 0.33088857 -1.4105062 0.19653527 0.0064508733 -0.10549301 -0.16831297 0.6016801 0.4197428 -2.0397346 -0.81641555 -0.000549716 1.2205015 -0.6524726 -0.665717 -0.116245314 1.0628208 0.3386974 2.122141 -1.0190899 -0.9537316 -0.92797846 -0.7965224 1.7657232 -0.3373134 0.42290577 -1.2807131 0.2721901 2.0342395 1.1220852 1.718813 -0.93048227 0.98273087 -2.6693776 -2.3474004 -0.012858145 -0.02601301 -2.0092971 0.52086294 0.26747963 -0.5166011 -0.04528354 -2.229624 -0.67235833 -3.325311 0.63691884 0.58762616 -0.09631045 -0.017180214 -1.1873658 0.94324815 1.5942055 1.1125199 2.5768516 -0.2200444 1.0823623
tobacco -0.9688021 -0.25351125 0.6891912 0.8482602 -0.7705556 -0.85531723 1.1659576 0.085034035 0.01484291 -0.22453903 1.2132432 -0.32960945 -1.1993929 0.5610335 1.9431581 2.6291494 -0.694377 0.20711887 0.6881044 2.3838122 -2.0126667 0.03957578 -1.3490311 0.9444834 -0.2760887 -1.8607932 -0.00947257 -0.860253 -1.7451805 -0.09408318 -0.9885784 0.30668318 1.3672409 -0.3213147 1.0779783 -1.5765493 0.32191402 -0.50659937 1.3092127 -0.9726619 0.97415453 0.32058972 0.13964319 -1.4547178 -2.5100312 1.3980436 2.1619322 0.7105229 0.21137531 -0.4019633 0.9793571 0.34593982 -0.73167986 0.21446998 1.3952272 -0.66454434 -0.36012235 1.2751801 -1.8697414 1.0118276 2.5761287 -1.5945861 1.0945652 -0.4306589 1.4406521 -0.24293943 0.49263826 -3.0354397 -0.8297484 -0.34079897 0.15358824 -0.66704464 -0.5690968 0.7525361 -0.19542022 -0.9369503 -0.95728004 0.22263286 0.0602103 -0.51489425 1.2220646 0.46671784 0.16150388 -1.6739167 -1.2399913 0.21754763 0.8166808 -0.19334815 -2.7755191 -0.26447368 0.93559694 -1.4944187 0.06948407 0.09424207 0.912088 -0.26408452 -1.1785675 -0.571614 -1.5735191 -0.40851948 -0.17055275 0.20933275 0.8915778 -0.8001615 -0.726419 0.54916173 1.1677221 -0.472085 -0.23902442 1.4975908 0.9722695 0.60733324 -0.2022355 -0.86342007 -0.57160395 -0.029434813 1.1510301 -1.9841412 -0.18037327 -0.2694871 -0.092201106 -0.3797914 -0.3391674 -0.45212027 -1.9633642 1.611768 -0.444726 -2.2200034 -0.5392597 -1.6927403 0.21057634 -0.22259738 -1.9487242 0.391666 1.2622972 -2.0741498 0.6663616 -0.7606746 -0.3417469 0.85359055 -1.7653553 0.5744278 1.5697801 1.0126746 -0.4553772 -0.82307315 -1.0003245 -2.0128145 1.2663927 -2.333616 -0.93627065 0.0030668662 -1.1234562 -1.5325266 -0.07638564 -0.8371488 -1.6562703 -0.0856489 -0.21793905 -0.08620442 -0.31324363 1.2847968 0.7288533 0.044703 1.0770316 0.35280648 -0.4978658 0.8893398 -2.3816948 1.552208 2.4384806 -0.60212946 1.2039968 -1.7553977 -1.8330828 1.485274 0.72869384 2.4809978 -1.8828766 -1.0790979 1.3325766 -0.65431964 0.803254 2.098026 -0.0660169 -0.070668116 0.3026205 1.8679038 -0.22608657 -1.9982302 -1.6708013 -0.18608502 -0.7593735 -1.1645808 0.72416884 -0.114046715 -0.70850044 0.70773697 0.9377293 0.96544355 -0.8496499 -0.681519 -0.12661882 -1.0932362 0.27316225 0.54515505 0.50772494 0.22887492 -0.018539665 0.101237714 -0.9687093 -0.77389646 -1.8496873 -0.5888605 0.41765448 -0.47743323 0.21631959 0.9894342 -0.48404855 -1.2298304 -1.9376162 -0.61518836 -0.19660354 1.1110052 0.05169402 -1.8515168 -0.54830253 2.5914776 0.029602395 -1.1891539 1.2459134 -0.32896772 -0.3743585 1.1302066 0.20339958 0.7987578 0.7803258 0.10308469 -1.516111 -1.6986595 -0.26435918 1.1993012 -0.34564567 -0.4353381 -0.3904842 -0.35571602 -0.64348716 -0.83302855 -0.45955116 -1.1262453 -1.0066241 -1.1488582 -0.25551763 0.6827055 -2.4610338 0.22297356 1.9742447 -0.23603834 0.21665764 -0.846372 0.3703449 0.7119557 1.0486053 -0.68979585 -1.9547111 -1.3617176 -0.30953023 2.3971946 -1.1344591 0.06296002 -0.037655696 1.0848858 2.2908592 0.7715636 0.9626463 0.17574778 -0.6031886 0.2737704 -1.2286946 -0.08881028 0.015714394 -1.7902353 0.12882218 1.2277343 -0.5430307 -0.9617538 -1.8098947 0.85159683 -1.9886198 0.39154938 -0.93839395 1.0486536 -0.00020907924 -2.2469766 4.1907196 1.4373493 -0.04030335 0.15730411 0.31004378 -0.29981485
blackberry -0.46051735 0.33583722 0.3644219 -0.22697274 -0.96023494 0.06307885 1.8691267 -1.6854995 -0.036703862 -0.5882585 2.4348705 -0.155036 0.84305423 -0.07647394 -0.8561332 2.8338687 0.5264317 0.17535433 3.1312253 0.7577009 -0.39402187 0.94923085 -1.5661274 1.7516968 0.46982914 -1.1908696 -2.733406 -0.68924886 -0.65566355 2.0065336 -0.389728 -0.1349011 0.7778246 -0.8060428 1.6516063 -2.6141052 0.450695 0.7486705 -1.5617778 0.15994269 0.023277422 3.0230606 1.7771763 1.0822182 -2.076962 2.2840674 -0.25009283 -1.0035223 -1.5783026 0.3405735 0.31037647 -0.05752735 -0.5009952 -0.6000684 -1.1037352 -2.3235264 -1.7264348 0.64724886 -1.5869721 -0.50889295 0.5868582 0.16517328 2.3100057 -1.6900976 1.0730845 0.41719717 0.6634983 -1.5884458 0.24588214 -2.100297 -0.093057506 -1.0683441 -0.18158329 1.443031 1.5959431 -2.042529 -0.64826405 2.3944259 -0.2255315 -2.1620672 2.3220391 2.051685 1.7336942 -2.1571372 0.2325904 2.9722579 -3.2366822 -1.7098542 -3.4213386 0.8287985 2.376866 -1.3092709 -0.059873093 -0.5888553 -0.14724045 1.077504 1.4920568 0.01449455 -0.24655968 0.68013316 -0.16801737 0.007121397 -1.2959151 -0.70347655 -2.790954 -0.3374027 -2.7105525 0.4361531 -1.6269226 -1.9260958 -0.31711736 2.1427264 1.2285053 1.8337386 0.86882883 3.2362444 0.8415952 -0.028684665 -0.039382525 0.85492384 -0.5707153 -1.6704049 -0.30762127 1.3606508 -0.39518526 0.39642796 -1.018776 -1.5195835 0.8921179 0.5956397 0.18852952 0.051547833 -0.5149037 2.804986 0.31139293 -3.69851 -0.023759278 0.050919864 -1.5426049 0.9852189 -1.9998311 1.5599997 0.67096 -0.7652657 1.4376229 -0.7107745 -2.4981432 -4.5843606 2.050053 -0.975248 -1.5394992 0.91474485 0.7539209 -1.5774784 0.7277286 -0.24958903 -1.5570887 0.1561333 2.0316062 -0.31168026 0.79035115 0.6687663 0.0012295604 -0.3248114 -0.6078405 0.04132601 0.4528329 0.72977036 -0.5288631 0.5906811 1.0042919 0.2047675 0.89220345 1.0952667 -1.9214914 0.51732427 -0.2979187 3.9215474 -0.59703356 -1.0273786 3.1221793 -0.90024936 0.19971955 -0.28239137 -0.8565654 1.7302916 -1.0715789 1.4697856 -1.3413206 -0.28589645 -2.9062512 -0.606816 -0.47450247 1.3836601 2.6237829 -1.5830177 -1.1265665 -0.24932696 -1.6479412 1.3127342 -3.2314909 0.25011194 0.5420201 -1.0892849 2.9431088 -0.322974 2.3331378 0.7990291 0.7105795 -1.1437244 -0.27015886 -0.1612916 -0.6050719 -0.6089922 -0.87067527 -0.08745655 0.16545084 1.7342354 1.19 -2.7235456 -1.3081679 -1.1886512 -3.012833 1.1201217 0.5403408 -0.5453636 -1.0631077 1.611111 -2.8919742 -0.21497239 2.1382463 1.0644507 -0.74013853 2.0296113 -1.1933976 1.2529001 -2.2469335 2.770695 -0.48660102 -1.9682074 -1.5444794 0.61008596 -0.83851576 0.9388905 0.98735183 1.6849061 -1.3501562 -1.7509793 1.1809725 -1.0781199 -0.6303346 0.04208601 1.0078956 -2.0827014 0.025211724 1.8856819 0.6792588 -0.42545414 -0.5574102 -0.43682092 -1.1538527 -0.17637922 1.1936077 -0.6059631 -1.9079211 -1.1715655 -0.23994131 0.38456833 -1.7460178 -0.6257062 -1.6413155 3.6309881 3.6009228 0.39974853 -0.01714856 1.3221366 0.27520022 -1.0336717 -3.0462794 -1.2930367 -0.41258758 -1.1148051 -0.20292561 0.7084053 2.2815475 -0.34767637 -1.3587195 0.081415705 -1.6526141 0.0428259 0.025525972 2.00579 1.4743482 -1.8964208 3.308028 0.12905219 -1.4131352 -0.8437172 1.354448 -2.4477842
oak -0.11398615 0.73959756 -1.5415391 -2.043386 0.61657995 -0.36232173 -0.27343854 -2.5306973 1.4966124 -0.0447992 1.0295924 -0.9393708 -1.0320349 -0.35575917 -0.06575388 3.5095377 -2.6485248 -0.09046591 2.1783454 1.1161634 -0.90713596 0.43779814 -4.3220935 0.7490291 0.72959703 0.90082 -0.5001593 1.3055758 0.034814663 -1.079737 -1.0227686 -0.6256933 1.674595 -0.522262 1.9026997 1.917273 -0.65168583 -0.08990719 1.5309156 -0.027240593 -0.6860375 2.097396 2.5148003 -1.3775306 -4.125813 2.7955682 0.5394371 -0.8426505 -1.1485599 0.7344922 0.61451906 1.4648917 -1.0039037 1.0398059 0.312526 -3.144661 1.4671848 -0.31730613 -1.9669917 -0.48642665 -0.11695639 1.0511974 1.4258738 1.0258772 0.10611716 -1.9715486 -0.11715347 -4.7489805 -0.92324233 0.7239794 -1.7257849 -1.0525864 -1.3096865 -1.5895482 -0.6922183 -2.1898293 -1.897927 1.2758952 2.1664915 -3.2987077 1.7191532 2.692541 0.12449864 0.07515632 -1.1908462 -0.18064262 -2.2955031 -1.3455077 -2.0524604 0.65653354 1.0445781 -2.5645046 -2.74755 1.2668391 -1.8223747 -0.034613285 -0.9612987 -1.7265266 -1.7407398 0.95227367 0.8415941 -0.74224544 -1.2850696 -1.6181087 -0.9241754 0.11187883 -0.29408976 0.13076949 0.12781914 -0.34223554 -1.6487976 -1.0813704 1.9771792 0.9938864 -1.9110503 -1.1099694 2.3584442 1.8129792 0.16020778 1.2459435 0.38674262 -0.021646159 -2.7068367 0.4283559 1.2602826 1.2922546 -0.04695794 0.4953433 0.54823476 -0.2353126 0.799073 0.37443528 0.15138276 0.15083055 2.8831995 -2.151929 1.3233707 2.5191748 -0.96155953 0.3936068 2.5385897 2.0927877 -2.0405245 -0.8957747 0.33650327 -1.6429483 -1.3398713 -2.0874977 1.079522 -1.7182748 -3.313848 1.7037096 0.7957006 -1.7690059 0.47880295 -0.283675 -0.5662909 -0.3739857 2.8860106 -2.252009 -0.21734005 0.64494455 0.37266678 1.0567678 1.76596 2.7186694 0.40287444 2.1467445 1.6408902 0.3297488 -2.0019221 -0.38215935 -0.47256204 -0.7538522 -2.6398244 -0.31201762 -2.3870263 3.1275206 -0.504687 -2.024168 3.7635665 -0.8739233 -1.7558743 -0.40188426 -2.472921 0.9104863 -3.1914299 1.0968819 -1.6782408 -1.3623996 0.014410417 -1.1350424 0.21898241 0.629864 1.1315953 -1.0961732 -0.6054119 0.15221241 0.48602563 -0.11853091 -1.165808 3.649556 -3.0358431 -2.6219106 1.1518945 -0.5597693 2.2969084 -2.3923128 -2.1257412 -1.6588436 -0.9259563 0.83154416 0.0075146514 -1.6845927 1.7679558 -0.7682062 1.1467104 0.9412538 1.3913964 -1.5141714 0.22912502 1.8766806 0.82536715 0.28245103 -0.61821705 -2.7372627 -0.6194807 0.2111616 -2.3327227 1.2312303 1.7047539 -0.1997362 -0.5095633 3.0824988 -2.0231159 1.8315432 -2.1876376 1.077471 0.7866006 -3.0326142 -0.3389106 -1.4344659 1.2011466 0.5278177 1.4066052 -0.29234803 -3.4686136 -1.109796 -0.97275347 -2.2791383 -0.43091497 -0.31157216 0.5876623 -1.2966396 -0.06901661 0.6798699 2.5353882 -1.6611718 -2.541693 -1.8527491 -2.1905313 0.17294897 0.55695766 -0.85293984 0.6671666 -0.8291767 0.14661203 1.3975904 -0.60079396 -0.95855236 2.3765948 1.1115425 2.411089 1.64542 -0.7438162 2.4946952 -0.89352095 -2.1316626 -1.5842834 1.2587672 0.4022342 -0.5593949 -1.4446288 2.0131183 1.5016499 -0.90149087 -3.7204092 0.6419124 -1.2094837 0.7295374 0.41356155 -0.21459983 2.9876854 0.51153004 5.6800685 -1.4272065 -0.9438837 -0.08205779 1.8780268 -1.8423797
peach -0.14867093 1.6187513 -0.6884405 -1.4211521 -1.9187582 -0.5349887 0.67812866 0.910168 0.71731216 -0.6644893 0.93928987 1.1709975 0.79262644 -0.73497784 -1.1046783 1.1021855 -0.12628914 0.9648638 1.2518071 0.078682266 -1.6805887 -0.120064594 -0.19657676 0.9587845 -0.96140367 -0.4814408 -1.9534742 -0.81476295 -0.66289663 -0.8158575 1.0822372 -2.2604108 -0.7194129 0.7922481 1.2317572 0.084956944 0.41141924 1.1200783 0.5302488 1.5222443 0.9601295 -0.4158896 1.9435469 -0.25115862 -1.9785872 1.176228 1.1031283 -0.4951658 -0.18223377 0.11948602 0.25932 0.6685112 -0.32487348 -2.4116356 -0.741412 -0.9737978 -1.3122337 -0.65164846 -1.4579076 -0.7829884 -1.557521 1.7623594 -0.08236997 0.08426457 0.44199893 -0.49129745 2.0320518 -1.282246 0.71403575 -0.4284788 0.60893136 0.05085332 -1.6000447 0.42605367 0.9785992 0.25253782 -0.73166776 1.0593377 -0.21123391 -0.16834697 0.4499586 2.4991145 -0.48942825 0.9327493 -1.4548182 1.8394334 0.22667165 0.5025885 0.51878196 -1.5230281 -0.87439114 -1.9279076 -0.3944325 1.1475307 -1.6583887 -0.5754335 -0.67473716 -0.9613161 -1.9160186 2.2309632 0.0030646971 -2.2185009 0.59452766 -1.0291259 0.08592467 1.282394 0.5896684 0.7732407 -0.7087656 -1.1539949 0.65655863 0.7155659 0.21444142 1.4640534 -0.50344336 1.3118411 1.309227 0.6510917 0.13926324 1.6483978 -1.5534704 -1.5368677 0.92313266 1.832979 0.75687784 -1.0088422 -1.8104655 -1.3952478 0.40688857 0.15352492 -0.8525229 1.5875863 -0.23374747 -0.75405025 0.9869905 -1.1555351 0.69472146 -0.7984838 -0.8540133 -0.03255767 0.82402 0.30315 0.116233945 0.53426516 -0.5061041 -0.83521485 -1.8501664 -0.30910385 0.9907167 -1.3034135 -1.4450774 -0.9602855 -1.2052591 -1.4431332 -1.8375666 1.1469114 -0.9406478 -0.22702609 0.62712 0.70211154 -0.88590896 0.711649 0.55669236 0.8828546 0.49179876 2.2300625 -0.2715564 -2.3718047 0.8735137 0.79051375 0.19312827 -0.04007328 0.49053594 -0.3424492 -1.295372 -0.38992712 -1.731897 2.3955245 -0.901435 1.0509608 0.85377806 2.07504 1.6052308 -0.8467294 -0.8626398 0.6762884 1.1500473 0.45010844 0.9967313 -1.5672513 -2.048444 -0.14966111 -0.73019737 -0.84541327 0.909651 -3.385159 0.22863631 -0.48718983 0.6843441 -1.1128745 -0.8434032 1.3913522 0.61617255 -0.37110806 0.54259825 -2.608051 -0.39468825 -0.99765456 0.7203521 0.0018544599 -1.2813841 -1.316735 -2.2679436 -0.15141127 -0.35195294 -0.339135 0.72070867 -0.028681083 -0.39653412 -2.6007178 -0.16034633 -0.5762437 -2.1181505 1.8090228 0.32016063 1.6398059 2.3699038 1.9476138 -1.2858633 -0.5933824 -0.3191887 0.6885135 0.21105671 1.2752268 0.61738044 1.2495588 0.5231688 0.20015065 0.36969194 -0.7874287 -1.4091336 1.4846251 -0.19615398 1.4854982 -1.1591014 1.0690184 -0.7552089 0.26026714 0.17208655 0.99899596 0.19855072 0.9885158 -1.5357635 -0.0607263 -0.8613313 -0.009534037 -0.032977518 -0.23143733 -1.5273817 -0.21721901 -1.4589411 0.36938685 -0.13348931 0.17540199 0.4835718 -0.82003313 -0.6528251 0.42742625 -2.4850366 1.9692131 1.4583192 1.2142544 2.7855237 0.5746291 0.8956786 -2.1291072 0.64393115 -2.3143098 -2.36939 -0.90383905 -1.04631 -0.8158129 1.1370667 1.2693238 -0.3847183 -0.44136912 0.17559099 1.0570947 -3.2794373 -0.33003524 0.9087124 1.5926254 -0.7383047 -1.4739778 1.603689 1.2893138 1.149447 1.5297625 0.20946564 0.44424346
coconut 1.6348612 1.1232337 0.48185855 -1.2244502 1.009492 0.90244347 0.38405034 -0.07069798 0.19684774 1.2787908 0.5193379 -0.8441864 -1.1469761 0.2525556 -1.4675351 1.6202828 0.9327159 0.70401746 0.6998606 -1.0720882 -1.4694742 1.9920623 -2.1081126 0.17304449 1.8786767 -0.43357033 0.3254375 0.07112777 -0.07247003 -1.2626259 2.6803942 0.5089401 1.1678293 -0.60367125 0.8250307 -1.2493416 -0.154224 2.230101 -0.5925912 -0.06592784 -0.15526617 -0.27547318 -0.22304448 0.5165701 -0.17766303 -1.0816164 1.9703295 -0.5854061 0.09434796 1.3553323 -1.3157524 1.1284269 -0.3015173 -1.3213792 -0.6282481 -0.56627405 -0.41616014 -1.011727 -1.0681905 -0.4966591 -0.069456585 -0.5299173 -1.6004543 -0.110320225 0.32907146 -0.03380318 -1.8092567 0.66440475 -0.6414098 0.22477545 -0.17003287 0.40493575 -1.0962195 1.0423418 0.46053475 -0.16139604 2.010364 -0.4440932 -1.4191569 -0.07684334 0.5465004 0.82526356 0.58188266 1.6170231 -1.5853281 -0.5360209 1.8006376 1.2964936 1.0893006 0.82426155 1.0607729 0.1460412 2.3263342 -0.7353817 -2.3692899 -2.629117 -0.9360166 -2.8643143 0.3420537 1.2515471 0.8279276 -1.5618426 0.60713124 0.7847607 -2.943413 1.7055233 0.8660971 0.8425329 -0.556811 -1.4213105 -0.42001972 -1.1559129 -0.07077899 0.879955 -0.71710443 1.6679475 2.4510226 -1.8671067 -0.83929574 -1.2774122 -0.5146864 0.21032663 -0.77951014 0.42801216 -0.026895067 0.20177113 -1.19025 1.4258257 -0.12521702 -1.0495764 0.6335011 1.8263057 -1.112427 0.48457995 0.017466638 0.11765034 0.5255691 0.31132975 1.0360156 0.7312073 -1.4954983 0.013203251 0.08988251 1.7492507 0.07198402 0.85726976 -0.60641265 0.22699945 -0.48098674 -1.6866144 -1.6895075 -0.12958047 -2.2376282 0.2663977 -2.5768917 1.2268399 -0.39187744 0.49349546 0.8670786 -1.5588409 0.83494014 1.0960498 -1.2940856 1.4902712 0.79236203 -0.35413793 -0.5016598 0.06604649 -0.016568208 1.7766173 0.6242748 -1.5306444 -1.1734196 -0.34717363 -1.2521787 -1.6256284 -0.2743196 2.4203339 -0.8529446 -0.98664933 -0.24005926 0.8676066 1.2680583 -1.0048091 -0.35183215 -0.031658802 1.1017029 1.514256 0.935284 -1.6207155 -0.39703315 -0.045561846 -0.8047535 -1.1473974 -0.5126845 -1.5269414 0.42869267 1.6329607 -0.6455448 -3.319799 -1.0728861 -1.3644606 0.13477755 2.0250125 -1.8998511 -2.361815 -1.673036 -0.2343546 0.070184916 0.010296239 -0.60326654 1.738067 -1.5838901 0.39996508 1.0289665 0.3651049 -1.1081539 0.54040253 0.26700982 -0.66340435 0.8610791 -0.945519 1.4786797 1.6742829 -0.7436568 -0.6128523 -0.28153992 -0.3189937 -1.0516467 1.1930228 -0.43834955 0.31012833 -0.9228915 0.7824906 -0.27828225 1.2680111 0.10048321 0.15885472 -1.387686 -0.35035637 -3.103516 1.4868085 -0.6201772 -0.73344827 -1.3354735 -1.7057216 -2.139034 -1.8867851 -0.16679175 -0.19070964 1.3150425 -0.3990867 -0.0770118 -0.62629104 -3.0191941 0.31648088 -0.10524086 -0.705881 1.2511151 0.18020897 0.35417175 -0.17377663 1.4697682 0.05558366 1.3760846 -0.7681756 0.4367369 1.588672 -0.71387565 -1.8051022 0.5792855 1.1153244 -0.06576494 0.23780848 -0.5169288 -1.2407247 1.7490767 -2.0770435 -1.0217435 0.43375814 -0.71944153 1.1539634 -2.3349338 -0.42461264 -2.5963519 0.42711672 -1.422415 0.09905745 -1.6995693 1.4206419 0.4925206 0.3305916 -0.34211624 -1.0503193 1.9879564 2.2146816 -0.41179854 0.7714906 2.0617876 -0.18178862
incense -1.1746467 0.85976434 -0.100079685 1.0928277 -0.5971392 -0.15741605 -0.04414744 0.2421623 -0.19188985 -0.59207886 0.36084628 0.01436765 0.20127344 -0.55646443 2.2235823 1.4076909 -0.9359001 0.6624785 0.12625702 1.1237917 -1.8909382 -1.0646715 1.050588 -0.22114365 -0.20962957 -1.7294899 1.994549 0.00222249 -2.1279716 -0.62441397 0.4576848 -0.29101822 0.6711032 -1.3150692 0.4505881 -0.6924543 -0.5936608 0.5645373 0.31856734 0.010512879 -0.26360878 0.1742717 0.5294878 -3.3314087 -1.3435704 0.82099825 1.9981478 1.4122791 0.91053826 -0.7103023 -0.12868004 -0.1431012 -0.039753463 0.5563618 1.1625011 1.0328718 -0.7161568 0.20268953 0.3338814 0.43273225 1.9850194 -0.8919005 0.41540718 -1.3524228 1.5390327 -0.5578312 0.44555473 -1.1034386 0.098969325 -0.5859275 -0.42739806 -0.46375713 -1.6535205 0.3204801 -0.6779458 0.8276728 -0.96215624 -0.36322543 1.1556052 1.1264453 1.0940889 0.61339486 0.50846 0.16153409 -0.29792252 0.16393293 0.62385094 -1.2945528 -2.0400453 -0.5305745 0.9724068 -2.2764328 -1.1203785 -1.2819636 0.84927094 -0.53316736 -1.2594725 0.09550223 -0.30789357 0.3126036 0.9446483 1.7067684 -0.2642083 -1.1688658 1.0094113 -0.6342801 0.48384863 -0.9180975 0.8969281 2.1420202 1.4721067 -0.55410147 -0.13914673 -0.1550036 -0.48750097 -0.5632417 0.23050956 -1.4508911 0.28728643 -1.2077485 0.5353266 -1.7540827 -0.6042374 0.6921159 -1.6043032 -0.23579441 1.3407638 -1.8994884 0.94237447 -0.5503253 0.6222713 -1.3911048 -0.3309713 -1.4754118 -1.2830197 -1.6730112 0.13748075 -0.885811 0.42546925 -0.35488158 -1.2821919 1.7314798 0.51226765 -0.120048776 -1.8521569 -2.376367 -0.909209 -0.17993088 -0.23554677 -2.990783 -0.75737786 -0.7114926 0.3723409 0.19671182 -0.18732686 -0.667541 -0.812717 -0.4229263 -1.1632909 -0.84431016 -0.63941383 -0.15326326 -0.9710196 -0.36685187 0.74890244 0.22317596 -0.5381647 0.5982934 -1.3887002 1.2721363 2.091782 0.5324897 2.0956662 -1.322476 -0.17927648 -0.0086813085 -0.510487 0.1940581 -1.0788565 -0.47507843 1.4329932 -1.0859716 -0.40746891 -0.010164243 -0.8402906 0.24437475 0.7398565 0.8777611 0.0885091 -2.0366888 -0.25189212 0.3265766 -0.043608736 -1.402434 0.14031568 -2.035624 1.3013784 -0.20452029 0.4641674 -0.21970464 0.0012003587 1.426097 -0.91738427 -2.0652473 1.5437465 1.9072901 -0.08136485 1.2376118 -0.506208 1.8407736 0.19971766 0.67236644 -1.1171145 -1.0240833 2.325817 -1.3508453 0.13127418 0.7050969 -0.4719495 0.7768062 -1.8619152 0.037906837 2.3805606 2.1265478 -0.10104267 -3.157302 0.80185574 3.439676 0.87803316 0.9953133 0.7365939 -0.58082694 -0.47115925 1.2790804 1.1508242 0.0009599221 0.56064504 0.019972961 1.2522984 -1.1316122 1.0240266 -0.65600413 -1.0700222 1.1279941 -1.4206227 -0.8298517 -0.19309136 -1.0658861 -0.63306266 0.28905323 1.3534163 -2.0738866 -1.451175 1.1741455 -1.2981007 0.84110934 1.3628687 0.46208617 -0.65415406 -0.6372803 0.9276841 2.2534487 2.6422088 -1.3782597 -2.3985379 -0.6364481 -1.4360218 1.9632285 -1.8089557 -1.1785334 -0.21965702 -1.0180309 0.88371515 1.0330493 0.67270875 -1.2318454 3.0212228 1.145597 0.09937766 0.255266 -1.5453204 -2.0636277 -0.9015318 0.9936176 -1.1481942 0.009203149 -0.8506339 -0.6337556 -1.941675 1.0291269 0.37309572 0.7461804 0.29283908 -0.6595576 3.0114253 2.7475348 -0.781228 2.1003788 -1.2305789 1.7269002
raspberry 1.0898836 -0.06773324 -0.22242339 -1.2433419 -1.0448391 0.10690671 0.6107479 -0.43982092 -0.47006178 0.16009402 1.862097 -0.38529095 0.47989532 0.053141996 -2.3004923 0.24774396 0.9969955 0.15589145 1.5823667 1.3217508 0.76875025 -0.103543185 -0.9483811 0.29080194 1.2693745 -1.9878689 -3.1004684 -1.1017274 -0.74743414 0.7995082 -1.1336797 -0.41707993 0.28475684 -0.34697455 0.33962253 -0.19187818 -0.5917719 0.47455814 0.6918881 0.9429654 1.0239335 1.587762 1.1997172 0.4445159 -1.5649794 1.0035323 0.28325626 -0.31772065 -0.7825472 -0.91671544 0.20863862 0.018651577 -1.320457 -0.018344672 -1.6175051 0.7630316 -0.32606676 -1.0300349 -2.2925613 -0.17809066 -0.046925247 0.7533908 0.7264069 -1.3976245 0.63250273 -0.58772457 0.29963475 -1.0724715 -0.24327475 -0.8226698 0.26676387 -1.033323 -0.4703982 1.7454984 -0.9412837 -1.8908689 -0.8761454 1.6501943 -0.86755276 -0.46553162 0.49637508 1.792988 0.6465062 -0.98767096 -1.4330679 0.8902806 -0.7849815 0.16872206 -1.0085737 -0.18776098 0.8385979 -2.874715 -0.040359385 1.4558372 -1.6992552 0.52384037 0.48641476 -1.6762837 -1.7390461 2.3193393 -0.9902367 -1.7174158 0.53682685 -1.2787324 -1.6077433 -0.95615554 -0.4193428 1.128334 -0.7564193 -1.2674239 0.81120837 1.9900897 0.37146708 1.4080155 -0.8482923 2.6925626 1.3230739 -0.2657767 1.7144 1.1605487 -0.81709534 -1.8231084 -0.11979568 0.9805907 -1.208825 0.8293155 -1.1652138 -0.8565763 -0.09524498 -0.10350744 -0.51923865 1.0841717 -0.82013017 1.4473665 0.64344686 -2.4019957 -0.24870664 0.51368386 -1.0299727 0.99359286 -1.1289327 1.1863052 1.3669026 -1.4542607 1.0713235 -0.11016627 -0.9708442 -3.4463196 2.362302 -0.2136043 -1.3595454 1.104705 -0.64524937 -0.011376903 -0.7659155 0.8456249 -0.48321393 -0.30602166 2.248987 0.052270114 0.2940072 1.721928 -1.209338 0.69392335 -0.8556471 -0.4077794 -0.78794944 0.20010443 -0.0072654937 -1.0037802 0.27722025 -0.35891774 0.45172563 1.2420015 -0.56231576 -0.36485848 -0.8856945 2.2195597 0.445935 0.20238037 1.2020935 -0.089444175 0.69483405 -1.3801985 -0.43097124 -0.31084463 -1.0153719 0.62110895 -0.26861978 -0.9608053 -1.1554738 -1.1406783 -1.1651455 0.529078 2.405892 -1.374153 -0.091798596 -0.39943704 0.36359197 -0.44181743 -1.4230059 0.8132284 0.13329592 -1.382161 1.041269 -2.0476546 0.28276667 -0.1805646 -0.5636851 -0.9219752 -1.2066017 -0.582902 -2.3863451 -0.017632557 -2.2585747 -0.0015011998 -0.9179307 1.3874223 0.6479496 -2.403026 -1.3987274 0.49725348 -3.2916458 1.5691061 0.4829837 -1.5478866 0.8121778 1.9898744 -0.5373091 0.6211468 0.42937827 -0.4982111 -0.9709111 2.196677 -1.4632416 1.5632712 -0.8330904 1.9145209 -0.9747083 -0.7803064 -2.1618896 1.1468064 -0.41987923 1.6047456 -0.9259828 0.49755967 -1.0593748 -0.4215408 1.8081313 -0.6756905 -1.1394488 -1.0337888 0.7219444 -0.4923077 0.25076863 0.35398254 0.6494745 -1.5748401 0.15913735 -0.17942743 -0.34721956 -0.18826146 1.5436598 -0.33835855 -2.2901893 -2.0215921 -0.95458275 0.8131755 -1.5567548 0.52571404 0.11495447 2.4806776 2.8284142 0.14773293 0.47780275 -0.5163916 1.1590309 -0.6228908 -2.2798226 -0.17219037 0.2582399 -1.6331722 -0.20964673 1.0925363 0.43618065 -0.5751076 -0.1288201 0.0882598 -1.9507328 0.26278287 1.1561475 1.8749641 0.7417263 -2.005574 2.9138737 0.2475135 -1.3806992 0.2629743 2.1155543 -0.88
almond 2.470321 -0.07723121 -0.61453265 -0.14370547 -0.36525616 -0.31619802 1.7078059 0.29135492 0.096973896 -0.6708211 0.9148909 0.6313872 0.06809404 0.91875106 -1.6270294 0.036878865 0.47055346 1.4830104 0.029727126 -1.2287089 -1.1294675 0.3704283 -0.55922645 0.28002754 -0.7127932 -0.53184146 2.5327728 -0.7284997 -2.2984056 -0.99086064 1.696602 -1.6776054 1.177307 1.8945 1.7283912 0.2634876 -0.61965156 0.7514267 1.8619609 0.42705813 -0.78294164 0.43405724 -0.5795589 0.19516057 -1.4939641 0.8069545 2.5204601 -1.6524582 -1.606012 0.40248334 -0.4928873 -0.062196665 -0.51482254 0.6434721 -0.83534783 -0.052138127 -1.8935344 -0.72051126 -2.6574695 -0.42985967 0.4080313 -0.6986682 0.2804469 -1.2704605 1.8197594 0.031849038 -1.1586014 -1.039386 -0.40927723 0.14859675 -1.5540121 -1.5282072 -1.953075 1.1347212 1.4745611 -0.7502913 0.71830696 1.2472826 0.0018079203 -0.004264444 0.40488446 -0.2544088 0.929868 1.360982 -2.1580062 -1.6171371 0.90598786 0.66132456 -0.67516613 0.7497832 -2.3570323 -0.5061545 -0.23709685 0.31672558 -2.8958092 -0.7905812 -0.40797335 -1.2477287 0.017823415 1.6558791 0.057971366 -3.2309728 0.02825794 1.026283 -1.0100969 0.69680595 0.11514391 0.9257974 -0.6244524 -1.581994 -0.8005721 1.52812 0.20981324 -1.0121412 -2.2453785 0.3777091 2.0083768 -0.42797753 -1.776955 0.6697982 -0.48227122 0.46556312 -1.5216981 -0.1665092 0.23820671 -1.0526997 -0.7614135 0.47828963 -0.35710472 -0.27903184 -0.07113178 1.0460616 -2.4664588 0.7072205 -0.80391544 -1.7363807 -0.7319124 0.5858412 0.45281565 2.0975509 -0.4590117 -0.7808852 1.1158075 0.0773569 -0.76706135 -0.06382023 -0.24820884 1.0677925 0.31326538 -1.4191005 0.16759394 -0.8340505 0.25488073 0.20869836 0.21958664 0.6853176 1.0915028 -0.022922367 0.3376966 -0.7329072 -0.43922013 -0.46593294 0.057617232 1.2497244 1.9799066 2.712887 -1.4524045 -0.56692064 0.02255579 1.510022 -1.0079724 0.52882314 0.29203513 -0.29861453 -0.28411788 -1.077672 0.7181385 -0.8073303 -1.21722 -0.24754936 0.6437483 1.1427778 0.44345117 -1.6366354 -1.1370472 -0.8150586 -0.79635626 3.297516 -0.02912732 -1.2727197 -1.3018482 0.28943294 -0.95665467 -0.0057634003 1.2342861 -2.1830473 0.9633436 1.594961 0.36254522 -0.5450264 -1.0007339 1.3777237 0.61274517 0.56748974 -0.31889725 -1.2570786 0.5566838 -1.72663 -0.63838696 -0.591938 0.83275235 0.107310764 -2.3199751 0.63202524 -0.458473 -0.54809093 0.70806587 -0.11210462 1.5118945 -0.63507533 -0.35892823 -1.1414629 -1.1029766 0.2573932 -0.030408759 -1.3596516 1.3857186 0.7019165 1.4256115 -0.045064133 0.2876492 -1.1970721 0.30443707 0.12129123 -0.71442914 0.36242512 1.062307 -0.033663847 -0.022573005 -0.24373522 -2.2661948 -0.19796078 -0.71446687 2.1506505 -1.3673799 -1.5940816 -1.8784151 -1.7847298 -0.8548816 -0.5975121 -0.6271081 0.21445668 -0.93370944 0.17470187 -1.3142635 0.6398313 1.6346002 -0.34342864 0.4321496 -0.77688587 -1.6528647 -0.75106615 1.5652652 1.2206354 -1.2706276 -0.8317146 1.3470421 0.16907184 -1.279899 -1.2872522 0.006249298 1.3262385 -0.15241972 0.9737986 0.54740775 -0.98286057 2.2234914 -2.476288 -2.2427022 -1.4227681 0.34731534 0.10978991 0.54484177 -2.1729963 -0.6919549 -1.535247 -2.1849318 0.6544574 -1.8886131 -1.195137 2.035174 2.0357635 0.85563785 -1.9833142 0.6980227 1.1327646 -0.927789 -0.57739365 0.9662677 0.05705971
lavender -0.047834937 1.7590396 0.68986166 0.5063545 -0.5694994 -0.100281104 0.70917386 0.6619703 0.23605178 -0.94700426 0.745248 -0.73398757 1.8680223 -2.136863 2.390112 0.6191309 -0.00993554 2.4371383 0.5209665 2.0512376 -1.243246 -1.7241244 -0.3421021 -0.3771692 0.077011995 0.17182079 0.66605604 -1.8333212 -0.30885765 2.5076182 0.65263665 -0.89963967 -0.17315362 -0.7492498 -1.1799098 -0.63821924 -0.13740905 0.015142673 1.4713256 -0.26799992 1.5874171 1.0371882 0.044107705 -1.175875 -0.7355621 0.8148065 3.0242019 -0.103386566 -0.30856612 -0.8982067 0.7705139 0.10543243 0.20854434 -0.2547327 0.94352657 0.31227043 1.4293144 -0.77359664 -2.374288 -0.10579022 2.2763531 0.029365825 0.60195184 -0.0037200807 1.024718 -0.088567734 -1.6900973 0.9473109 -0.23417993 -0.65214235 -1.3107668 0.10018997 -1.3357446 0.89062774 -1.299753 0.17404272 -2.0240107 0.49263197 1.3365769 -0.017867256 2.3709276 2.6983454 0.8673946 0.21001068 -0.8949268 0.43456018 1.8748277 -0.68766916 -1.8268799 -0.90399927 0.5402978 -0.9824555 -0.8131987 -0.21520604 0.3858417 0.43859646 -0.87945503 -0.594511 -0.35081398 -0.92016876 1.0327196 0.8702936 0.6642409 0.0078741815 0.92080784 0.9966821 1.1010307 0.89890826 -1.5177673 0.3145917 -0.20276313 -0.92127395 0.2659741 -0.21802272 0.41987342 0.9325953 1.4576721 -0.63079923 1.6181273 -0.25093243 -0.86927086 0.029843045 -2.389547 1.3057753 -1.2557982 -0.53779566 -0.15329543 -0.8528616 0.8530281 -0.54026747 0.39600384 -0.5491185 -1.4568688 -0.18690826 -1.1729523 -2.1763346 0.029365132 -0.24931465 -0.932373 -0.54124355 -1.9691373 0.18495445 0.14219475 -0.56553805 -1.6584826 -0.08181921 0.5565778 -0.7644152 0.76030445 -1.8792934 -0.012202544 -1.4529274 -0.11241755 -0.77800965 -0.031182596 -1.1502053 -0.36147144 1.3113234 -0.037408844 0.009657173 -0.75810254 0.05158413 -1.5236624 -0.66494894 0.7798142 -0.81588787 -0.4033715 0.040871862 -1.7191643 -0.55640525 1.698261 1.3735793 -0.11980917 -0.6511322 -0.80855495 -0.9079545 -0.39166984 1.1078869 -0.79322076 -0.5897499 0.81507325 -0.67358875 0.7966202 0.15845126 0.24591222 1.0364057 2.9619367 2.0114958 -0.78814644 -2.0580997 -1.0859343 0.1923644 -0.26416558 -1.6475831 1.4288756 -1.0922954 0.28696343 -1.0483932 0.59260046 -0.3703274 -0.7214228 0.8788323 0.8735344 -1.3741494 -0.4614225 0.69767594 -0.3595737 1.522602 -0.3053113 -0.22073433 -0.8381281 -0.3921065 0.33388752 0.38673118 1.2881843 -0.51494926 0.13200627 -0.04469075 -1.37151 -1.0412441 -1.0508187 -0.47713324 1.3194181 1.1742866 0.7832191 -0.63889116 1.9610708 2.4316828 0.12632583 -0.6751424 0.54267037 -0.5994789 0.006182222 1.7322255 0.5219721 0.37885132 -0.109840915 -1.6183302 0.117891505 -0.4715184 0.60068923 0.45707116 1.5030359 0.079568535 1.1532301 -1.3486714 -1.2697874 -0.82828015 -1.1550716 -0.6508155 0.16023543 -0.91340595 0.9094567 -0.078322195 -0.9288045 0.05802906 2.0047736 1.5480951 -0.5104459 0.39717373 0.9790028 -0.22177413 1.5875373 -0.6009713 -2.0927055 -1.105451 -0.77616787 1.1503438 -1.1649772 -0.35482803 -0.46770313 0.23028259 1.1730003 2.1795354 2.5125358 -1.7043759 1.3382962 -1.0015064 -0.6178203 -0.19434066 0.015943918 -1.8446798 -1.0152396 -0.21938519 -0.19816749 0.8312935 -2.3508875 0.9611072 -1.1456584 0.59063226 0.76978946 0.7067447 -1.2675604 -1.5201052 2.986512 0.42911318 -0.17686564 3.1852698 0.00064277276 0.12597194
cologne -1.3596936 -0.96924824 -0.4086327 -0.5629276 -0.20043519 -0.15052822 1.0382547 1.8080754 -0.702844 -0.5796765 -1.6763663 1.6435083 1.3423593 -1.4375862 -0.12457844 1.4483235 -0.24774134 0.2615476 -0.5233784 1.4584613 0.25843045 -1.4465588 0.53959846 -1.6206214 -0.6891281 -0.014871974 0.62606287 -1.9398283 -1.0864542 -0.6478383 0.45330578 -0.6136911 0.50230294 0.8936712 -0.720967 0.3680543 0.3557 -0.11619438 0.3063613 -1.0910971 1.5586207 2.1806312 0.13364919 0.45607507 1.3715233 0.8907102 1.7379445 1.9471645 0.39393508 -0.58366966 -0.7039466 -0.13724568 0.3409248 1.5849289 1.7552514 0.42635018 -0.9823601 0.21364926 -2.0646815 2.1176512 0.5232912 -0.15395065 -0.6089116 0.7138516 0.168964 -0.009767397 -0.55631346 -0.67013776 -0.22597444 0.46994376 0.1800796 1.4517223 1.3873168 -1.0012074 -0.7301166 1.2059834 -2.9178813 -0.3145901 -0.12919554 0.72312486 0.32250544 1.2148093 0.02150269 0.27149937 -0.06811149 0.625329 2.2124314 -0.052704908 0.12578829 -0.84611154 0.56840366 -0.5792256 0.22270226 -0.4853213 2.6194994 -0.6360656 0.27974778 -0.5088507 -0.38208297 -2.2068832 0.3273868 1.5176969 1.1865524 0.56393343 1.1087655 -0.49113253 -1.1551615 -1.4762295 -0.37199593 1.711935 -1.668472 -0.3857338 1.9516288 -0.713373 2.0400212 -0.606435 -1.0198871 -0.76754034 2.0156026 -1.8465763 1.377643 0.22026683 -0.59447443 0.054683857 -1.1717952 0.2711865 0.7377239 -1.4361644 1.9892936 0.24306004 0.62248766 -0.6614649 -0.8449485 0.5636172 -1.0760393 0.19764753 0.037557025 -1.1969155 0.35759443 -2.1572247 2.6981595 -1.7990026 0.8994824 -0.7308743 -0.25284293 0.971024 0.20930588 0.31116372 -0.9081446 -1.9399847 -0.092201725 0.6693147 0.7017988 1.481308 0.32401943 -1.4078865 1.5289024 0.21883625 -1.3411947 -0.6967977 -0.26951054 -0.5049285 -1.4224763 -0.87403476 -0.15689465 -0.78444535 1.500945 0.35073593 0.9991863 -2.0661738 -0.8287889 1.1592716 -1.1072932 -0.70308274 0.10838697 -0.43316343 -0.7851468 -2.0775638 -1.6681938 -0.16728115 -2.2354858 -0.15600502 -0.97571874 0.27219096 0.22648118 1.3409092 3.873383 -0.42694902 0.50262576 -1.0513955 -0.04996265 1.5008595 -1.7699838 0.8106731 -1.4407973 -1.1176484 -1.2709601 0.6327759 2.1440792 1.9666598 0.04051616 -0.5441027 0.5866576 -0.25136927 -0.60065264 -0.49694785 -0.8842644 3.179301 0.14452302 0.4321358 0.33275938 -0.3641919 -0.3660453 -0.5863369 1.9785901 -1.3187447 -0.5122607 -2.5493042 -3.503872 0.28774625 0.51688594 -0.75180143 -0.92586184 -1.0822995 0.89612436 0.19819726 0.3587251 -0.2748177 -2.3306646 1.3760626 1.5821661 -1.0018373 -0.11275289 0.5339511 -0.852276 -0.7870736 -0.7824138 -0.9855489 0.6540817 -1.0697974 1.2596004 0.022129484 0.67273533 -0.380243 -0.36192816 -1.3682477 -0.079193294 -1.7838997 -1.115024 0.3155051 2.1620271 -0.6650688 0.4070936 1.6013272 0.17169967 -1.7127388 0.18234737 1.8984116 -1.5752519 -1.492097 1.1463296 0.9639913 2.1106617 -1.8184485 -0.23931217 0.06459333 -0.14855671 -0.5912272 -0.4779482 -1.8210648 -0.43746835 1.0164001 -0.98605835 -1.3159308 1.5975298 -1.946142 -0.6207959 2.5723732 -1.8334597 0.03766794 1.2116256 -1.5617472 -1.4538223 0.695972 -0.7117148 0.09247166 -3.5725234 2.4143498 0.2932445 0.41660032 -1.0456469 0.040812116 0.19978522 -0.29115114 1.1078954 0.21372391 0.11153422 2.7470825 -0.17772752 0.25935802
cedar -1.7176298 0.571107 1.2162759 0.724131 -0.6623083 -0.95035505 2.0006547 0.329546 0.7444368 0.047606744 2.698995 -1.2059405 -0.34145647 -0.79610866 1.8194659 2.003782 -0.65093684 1.2018087 1.7863387 0.23771288 -1.3881602 -0.9404697 -0.69929504 0.115699716 0.2613466 -1.2447394 0.7026249 -1.0141107 -1.6932858 1.7775111 -0.97364604 -0.653493 -1.053667 -0.69686395 1.5882071 -1.106301 -0.63797265 -0.6184295 0.56153995 0.043362733 0.039386827 0.5888052 0.52648836 -1.0108825 -1.8868854 0.8540734 1.8262874 0.45715058 2.4097297 -0.73824465 0.5140949 -0.19169876 0.14789024 -0.9039731 1.0063356 0.33482882 0.6590699 -0.08052596 -1.9702892 0.48718715 1.9328789 -0.8466531 0.6509798 -0.026472954 1.1348697 0.11166227 -1.2578007 -2.3057404 0.4194856 -1.0252832 -0.42412236 -1.366921 -1.1396441 0.58718336 -1.4212267 0.021015558 -1.115218 0.29667947 1.2842461 -0.75093603 1.8494918 0.7836819 -0.16966036 -0.13421437 -0.3863073 0.047568183 0.30268395 -0.3405917 -2.645718 0.2704662 0.32759327 -2.365001 -1.1002444 0.4962202 -0.5033924 1.1316932 -1.3196166 -1.4175621 -0.40330034 1.1096945 -0.077761136 0.9092782 0.18122421 -1.0032245 -0.8298751 -0.04632296 0.53690666 1.0161843 0.046260756 1.7769791 0.7129665 -0.8785015 0.4232451 -0.52566427 -0.8719608 1.806167 0.54968244 -0.4509079 0.55590093 -0.61694837 -0.72970617 0.21022949 -0.19661495 1.0939662 -0.49403262 1.0147779 0.20558034 -1.6612334 0.006349273 -1.773554 1.52043 -0.4247129 -0.46768844 0.76025194 0.21658677 -2.1613338 0.011903666 -0.0657499 -2.1644773 0.52735823 -1.3307551 2.4999704 1.4247358 0.44810718 -1.309399 -1.3498378 -0.72337824 -1.2373004 0.53162044 -1.3823669 -1.6062458 0.16389339 0.20789593 -1.1729946 -0.20941179 -0.65893894 -0.9258664 -0.75738585 0.56595343 0.48286602 -0.30963913 0.65536135 -1.1099106 0.6397986 0.7706274 -0.4986284 0.32363105 1.3306239 -1.203804 0.021460928 1.7687426 0.98234665 1.4752265 -1.0975214 -0.21270646 1.9951028 0.39097357 1.1224777 -1.0017629 -0.78491634 0.8758655 0.20900558 -0.13029969 -0.12484726 -0.5301779 1.0264283 0.3848419 1.8580644 -1.2492319 -0.8139607 -0.8441007 1.0910375 -0.5708559 -0.2998581 0.66537935 -2.202185 0.8561579 0.65152055 0.67571616 -0.5454818 -0.7812124 0.48807046 -0.64876395 -1.9168237 0.7614119 0.25904945 0.033776805 1.3360612 0.52567935 0.32217932 -0.164406 -0.51733625 -1.5018979 -0.3139352 0.41933846 -1.8081006 1.1908377 1.5221782 0.17957501 -0.5015412 -2.528863 -0.057172216 1.9084237 1.1610576 -0.22113885 -1.2320129 0.84903145 2.322061 0.25359738 0.4745218 1.720444 -0.09497933 -0.5605612 1.9345491 1.0200719 -0.087204285 0.43132302 0.39784342 -0.33743563 -1.194376 -0.8800315 0.9570394 -1.5721644 0.5947889 -0.109998934 -0.21997374 -2.06106 -1.1812818 -0.3008033 -2.135517 1.0907562 -2.3722644 -0.40690395 0.7871686 0.04168491 0.3310343 2.0543976 -0.06647733 -1.3559136 -0.019739326 -0.15311752 -0.23052743 1.1802642 -0.3755844 -2.1897647 -0.91094893 -0.42394906 1.2733251 -1.368418 -0.9164881 -0.6955551 2.0036223 1.9277291 1.3097202 1.1024446 -0.83212316 1.167462 -0.1238069 -1.6685276 0.18646985 -0.6856879 -2.3410513 -1.5860147 0.97481364 0.71578467 0.9040985 -1.3600487 0.05860819 -3.1237571 1.2017735 0.41604975 1.1554965 -0.16244382 -1.9006747 4.279105 1.1950692 0.030407054 1.3546257 -0.18701784 0.038641434
cheese 1.1508945 1.5859255 -0.7775386 -0.89575845 0.55450416 -2.3624732 0.33743432 -0.36427018 -0.3877129 -0.56665224 -1.1176623 -0.5622258 -1.1253732 -1.4855397 1.2557112 1.1797818 1.8871816 0.93463767 -0.5290261 -1.7255371 -0.44726145 1.00258 -0.37464917 0.95281273 -0.27388012 2.6869743 0.7242043 -0.066384085 -1.6353565 0.98181236 0.7288183 2.0497139 0.87839776 -2.9097183 0.56991506 2.7943606 -1.5320053 1.5141213 -1.9111923 1.6833576 -2.018952 -0.6618963 -0.43430072 1.9084923 0.36620218 0.25408074 1.7067673 1.3666654 -1.1204134 3.043102 0.8351926 0.3184252 -0.60638255 0.61981213 1.3246071 0.39187965 0.9138856 2.9762585 0.31945553 1.2336966 -1.0966531 0.46818277 -0.705937 1.740799 -0.00017546251 -0.75679404 -1.5373703 2.4575474 -0.80883574 1.0495361 -2.7609365 -1.0134754 -0.02653031 -0.66515833 0.7466209 0.907462 -0.826159 1.7444316 0.6070603 0.5110743 -0.96425796 -1.1639072 0.7153498 -0.41676667 0.89576805 -0.12708227 -0.831812 1.6434091 0.122598626 -0.19081281 -0.1314694 -0.13586535 1.5194005 0.5999117 -1.8368542 1.3484192 -0.42106095 0.5050797 -0.68488383 1.7478064 -3.170858 2.3747113 4.173847 0.24712326 -2.6371925 -0.013963249 0.50149375 2.0382922 0.9478357 0.50861955 -0.12721184 -1.3169513 -0.9672406 1.2785956 -0.77684987 0.63883173 -1.3703053 -1.0986724 0.45653623 0.76564616 -0.800673 -1.2377558 0.90121686 0.7893477 1.8422251 -0.6587192 -0.3588426 0.6121265 -0.21913034 -0.35609302 -0.31044507 0.65298194 -1.5666231 1.6854682 2.0389853 -1.8359528 -0.07409065 1.5647764 2.8661237 0.9626863 -1.1470972 0.4305526 -0.5129864 -1.0117472 0.012910896 0.09781636 -0.99524593 1.2809744 1.9151595 0.09884042 1.0372919 0.044952348 -0.8801816 -0.96736896 -0.5275747 0.87211853 0.31056714 0.60983634 0.6851029 -2.5785499 -1.8377287 0.46348387 0.5281304 1.5223166 0.5709374 -0.4313486 0.16568314 -0.25520715 0.8409347 -0.19068822 -1.9128374 -0.9232504 -1.2362684 0.6328962 1.1271579 -0.25838345 0.65489036 -2.687451 0.6865128 3.0936866 2.2244298 1.0860317 -0.6619291 -2.1018388 -0.8583093 -1.4018766 -1.4837391 2.0175154 -1.5799695 2.5230763 -0.7066884 -1.4074655 -0.82079977 0.055728894 -0.31736058 -0.52232146 1.5714766 0.33377787 0.9300511 -1.8147521 -3.2198832 0.5790384 0.835308 -0.74659395 0.32043466 -1.0620106 -0.25515544 -0.77555084 0.12489128 1.6352272 0.9782655 0.22018577 0.8872898 0.49471548 -0.2875 0.42552954 0.6614685 -0.62206644 1.0142635 0.051872764 -0.9224236 -0.30473247 0.23079965 0.5428655 0.32696116 0.9656203 0.35817003 -0.511361 -0.67132044 -2.0520093 -0.4091733 -0.8935939 -0.82410496 -0.30160883 0.018788232 1.0180187 -0.46414533 -0.64767677 -0.46863914 0.3567408 -1.1264282 -1.1737626 0.23947832 -1.3407714 -0.27594784 -1.6887782 0.70113456 -0.8345259 -0.8095227 0.7054961 -0.709604 0.47097206 -0.20739605 0.14846492 -1.2700537 -1.1886468 1.0529506 -1.4295474 -1.784084 1.0607674 -0.5232578 0.105828926 -0.015479131 0.64528143 0.37644672 -1.498667 2.3903878 -2.2325838 -1.9370248 -0.8239786 1.3454717 -0.1842565 1.1866566 2.7026381 -0.4714233 -0.5319404 1.5637034 -1.8473558 -1.5948482 -1.4028307 -0.3510372 -1.3721912 -1.3716142 0.94031185 1.4426237 -1.2287303 0.40826243 0.74904495 -0.69300807 -0.08624615 0.05853191 -1.3663174 2.126161 -1.1435657 1.6932203 0.32661676 0.72969127 -1.7208307 -0.13134955 0.40348724
mint -0.5554754 1.4102675 -0.2024446 -0.113566585 -1.784972 0.5176753 0.82739544 -0.65545154 -0.898694 0.39637765 1.0882057 -1.0033125 0.4290206 -1.1394067 -0.88900715 0.7970056 0.55085385 1.9231588 0.41210803 1.4316543 -0.7703234 0.80853117 -1.4512997 -0.3878416 0.4210594 -1.1196498 -0.115069255 -1.5915047 -0.09392294 -0.54956156 0.4820082 -0.09041306 1.1577712 -0.029619824 -0.58294857 -0.80745965 -1.9542383 0.5502527 1.0679244 0.7615853 0.07168891 0.9457688 0.8574092 -0.35933977 0.18387794 0.43700513 1.3511081 -0.35507348 -0.15539406 -1.6657557 1.383388 0.642588 0.12862262 -0.5052626 -0.6751989 0.4724674 -0.12862426 -0.4501124 -1.2712191 0.38387784 1.8522575 0.37561804 1.3429271 -0.29902214 -0.6870908 -0.066029236 -1.3610923 0.3971607 -0.6844896 0.67177564 -1.132663 -0.41136047 -1.9490721 1.66426 -1.4710765 -1.4615756 0.076592974 1.5297059 -0.5897689 0.3256761 1.0391163 0.5343807 0.44584852 -0.72770005 -0.3598625 -0.101588026 -0.63128203 0.54388326 -0.89175415 -0.5166584 0.8525018 -2.2348244 0.34812006 0.83624387 -0.78530216 -0.05914676 -0.5580796 -0.83084255 0.43380255 -0.03256372 0.53820467 -0.7744306 0.9232316 0.6697246 -0.104901284 1.2278231 1.8149226 0.30412906 -0.716638 -0.033944372 -0.29092577 -0.12356148 -0.807019 -1.3244257 0.8411166 1.9907479 -0.65157586 0.19904794 0.85459316 -1.2491277 1.0928135 0.26409712 -1.5587189 -0.5535425 -0.6592131 0.73533 -0.9798389 -0.48725212 0.5678017 0.070344724 -0.181566 0.86342216 -1.0633407 1.3193139 -0.24592511 -1.7944292 -0.41998044 -0.5091704 -0.3224607 0.3724516 -1.7468225 0.7636666 -0.117430255 0.0023716334 -0.7500043 0.33119497 0.10106623 -0.8987139 0.13254258 -0.53997564 -0.41619986 -0.81064963 0.9489244 -0.74500847 -1.5703025 -1.2004102 0.31688803 0.7421305 1.1055416 0.41174656 -0.9085089 0.9899331 -1.6991187 -0.067056544 -0.07115294 -2.52577 -0.2885111 -1.1728482 -0.6955973 -0.692042 1.7424166 1.1099074 1.1820346 -0.43765935 -0.6776552 -0.35056958 -0.45386672 2.3295228 -1.2113019 -0.34339073 1.0412294 0.09430217 0.7359364 -0.9083224 0.4790008 -0.09293199 0.32187903 1.9812188 -0.32036018 -1.0193752 0.020461852 -0.5693737 -0.9072963 -1.2979699 0.4602976 -1.5108076 -0.92729837 -0.0036110962 -0.16495445 -0.60458666 -0.64470047 -0.33635935 0.7357001 -1.3875706 -1.4003531 -1.6982381 -0.17980416 0.4229829 -0.5156138 0.12876849 0.4744502 -2.1218936 -1.8149554 0.10179224 -0.34289038 0.5264958 -0.42604542 0.20168048 -0.13229477 -1.9307994 -2.011091 -0.6448395 0.17555426 0.9484529 1.3591874 0.5029623 0.41703913 0.7207499 -0.63886416 0.90806973 0.01999379 0.7677271 0.326176 1.9587069 0.17372194 1.0330765 -0.053084373 -0.5433286 -1.277896 0.46028152 -1.1006433 0.6028918 1.4517105 -0.64812666 -0.56611055 0.4243278 -3.0211976 -0.39286017 -0.50903004 0.12916446 1.5386648 -0.83473706 0.8093812 -0.98295206 -1.5253073 0.8721042 0.36688694 0.64733356 -0.05130992 0.09993613 0.3575742 -0.6518085 -1.4331369 -0.34781858 -1.3588865 -2.0139306 -1.0574449 0.21047251 -0.9757804 -0.9227891 0.12644255 0.7066788 1.2975171 1.6411642 1.1336272 -2.1110902 1.455167 -0.910707 -1.5734687 -0.16565675 -0.78057784 -0.458669 -0.6870239 -0.46510988 0.64489233 0.18437669 -1.3824226 2.260945 -0.85749173 0.9834274 1.0597235 1.6470903 -1.0927603 -1.3519881 3.1202168 1.8209713 0.45587593 1.6551542 0.68770194 -1.5861523
popcorn 0.7256638 1.6613661 0.8902506 -0.2965547 -0.5076791 -0.20331322 -1.277151 -0.98709065 1.3359275 -0.46720296 1.2795647 -0.23416051 -0.76314586 -0.65064067 -0.28725758 2.375481 -0.53997934 0.65656996 -0.97732115 -0.76334924 0.54820925 2.1468067 1.425092 0.6701106 -1.0723969 -0.53975767 2.790793 0.1751328 -0.051461365 -0.6503005 0.24413536 -0.023991266 0.63593984 1.0099925 0.1725047 1.4414295 0.45471564 4.5006523 1.6911031 0.47060317 -1.3095229 -0.25600648 0.009973328 1.0772244 0.096330576 2.4045322 -0.25164402 0.7780753 -2.4741035 -0.8449067 -1.2755287 2.5894697 -0.7746738 -0.7399447 1.3794392 0.81128377 -0.08636979 0.919414 2.297634 0.45445433 -1.7103342 -0.8315403 -1.6063524 -2.4669814 -0.46195814 0.0747663 0.7116807 1.9014138 0.8092184 2.5408094 -2.5760775 -0.017867925 0.99036306 -1.5496776 1.3468101 0.8565616 0.5344123 2.5660477 1.4007946 0.32448927 -1.074194 -1.1561313 0.20004173 0.6120548 0.20375273 1.4425483 1.2798651 -0.7422583 0.9831295 0.8357907 -1.1055813 -0.31013995 0.8001725 0.29657438 -1.7285995 0.24078879 -0.96362156 -0.0633709 0.0053500794 1.5909102 -1.4802167 2.0816576 1.9157761 -0.5105456 -0.4818363 -1.3684003 -1.2546067 -1.6319844 1.0566881 2.1704037 -0.58505625 0.6622548 0.45197213 -0.12124598 0.9823976 0.6260033 -0.33288658 -1.153943 1.108571 0.6778038 1.0192622 -1.1752018 -0.5327792 -0.90230876 1.6129404 -3.6805747 -0.522148 1.4089369 -1.5465577 -1.0339845 0.68805754 0.22395249 -0.84377205 -1.085842 1.0158163 0.42119 0.4915526 1.273961 0.5670651 -0.91091317 0.99798876 1.0696468 -0.51413405 -0.9869314 0.7591082 0.71077955 -1.1110011 3.6058915 0.06598358 -0.8414611 0.004751217 -1.5002916 0.7040857 -0.08428158 0.076280035 1.871074 1.1757414 0.8264423 -1.1070253 -3.5905786 1.3938351 -0.23689991 0.79697114 1.0632944 -0.1928452 -0.77370983 -3.136208 0.6197503 1.6770526 0.059238784 -1.7310262 1.4949889 1.3527503 2.4599597 -0.7546024 -1.0174191 1.9323516 -2.5710142 -0.36001766 1.4421313 -1.9839476 1.5408734 -1.6729792 -1.2485827 0.44107977 0.82262635 -0.46572307 -0.95261365 -0.7671694 0.43397766 0.23773639 -0.31043696 -0.7461308 0.21343382 -0.4251584 -1.7158455 1.6399243 -0.5776445 2.5412045 -0.5640226 0.59669083 0.44694096 -0.3519179 1.9750953 -0.4996042 -2.0754848 0.764469 0.38767633 0.41916713 -0.88437 -0.27642134 1.8188314 2.228343 0.5386707 0.26831824 -1.0587287 0.8985002 0.2913723 1.0338405 0.49361333 -0.15553021 0.5466201 1.4662187 0.82391715 -2.1422782 -0.59872746 -0.1094812 -1.1882695 1.2276536 1.3527371 -0.7438126 -0.6565652 -1.1785675 0.8947346 -1.24029 -0.11622924 -3.040087 0.20765738 0.79145277 -0.65029746 -3.367601 -1.023009 0.9573901 -1.2264477 -1.2478235 0.22374067 -0.88932085 0.18795934 0.69637066 -0.06335095 0.506575 0.387589 0.41986054 0.15555085 -1.1195015 -1.7064166 -0.07223142 -1.8209726 0.95862544 -1.3341286 -2.5684717 1.4070784 1.7509344 0.07223586 1.0306957 -0.99088156 1.799874 -0.87530094 -1.9020493 -2.0481608 -0.277832 -1.5310372 -0.03426516 0.8934204 -0.22286549 -2.376119 0.2512074 -0.93182236 -1.638249 -0.5310132 0.8669453 -1.8070132 0.1531651 -0.03215456 0.39169896 -1.1079023 -1.7308313 1.2133051 1.0482782 -0.6027615 1.1732688 -2.1815383 2.7505424 0.74112415 -0.26486844 2.1568933 -2.2512846 -1.5494876 0.6731081 -1.1085978
bread 0.9074132 0.17972592 0.109002575 -1.5255338 -1.1391352 -0.7699212 0.7069857 0.7370462 1.3250352 0.39408955 -1.0666115 3.5072713 1.5239184 0.29579347 0.8621249 1.2216673 -0.068444416 -0.19856293 -0.5354308 -0.82221025 1.084195 1.4323974 0.5192945 1.4501005 -1.4476148 1.3263491 2.7590392 0.5357221 -0.48204848 -2.089643 0.26025423 -0.4338671 1.8901633 -0.45696446 -0.5194503 3.3585742 -0.43822122 2.9088557 0.06456385 0.690605 -2.9529386 -1.337792 0.28303844 3.846465 -0.9727176 0.4774766 1.6368636 -0.87403005 -1.2004576 1.5101688 -0.9027721 0.92279935 -0.33496305 0.8774562 2.9641585 -1.6228814 -1.0927918 -0.88386416 -1.1312609 0.6548053 0.3607495 -0.33785394 -0.78832144 1.659622 -2.2353268 -0.32703412 -0.248021 3.0246656 -0.06964587 0.1952357 -1.4835197 2.1802526 1.5208035 -0.30932766 0.45049798 0.93751204 0.49493703 2.1742573 0.72652066 -0.45191893 -1.7729876 -0.23792748 0.7315008 -0.7383985 0.03787916 1.1138723 -0.14316893 -0.30698872 0.7166361 1.1923687 -1.3566698 1.8779223 -0.2543919 0.36606506 -0.673041 2.019436 -2.3570082 -0.41442388 1.1619247 1.3795588 -1.995375 0.34567165 1.7422128 -0.119765945 -1.4302244 0.45906547 1.7189391 0.44048044 -1.3539168 1.3368819 -1.5881591 -0.847064 -0.6958029 0.82901055 1.4097314 1.2909007 -1.6495936 -1.4126633 -0.62884694 0.8500698 1.7156394 -0.88289595 0.33664757 0.59079534 1.8669509 -3.247523 -0.41755158 2.1578825 0.102865025 -0.08844784 0.6960295 0.2543282 -0.89430326 0.63645977 1.8032925 0.6986446 -0.21125092 -1.0029453 2.269572 -0.60594064 1.3766196 0.77387524 -1.9291017 0.28321812 -0.81275713 0.20525613 -1.165687 -0.2060535 -1.1858138 0.39589554 -1.1223311 -1.2863073 -1.197754 -0.24795008 1.0118272 1.8662347 0.18391944 -0.51034975 -0.71023434 -1.3853432 -0.16190377 -0.26597637 1.6707523 0.022359928 2.7192066 -1.0571517 0.32011434 0.49535605 0.7466483 -0.18649958 0.10796463 -0.6549226 0.56917936 0.049147237 0.7113973 -1.2852117 1.599606 -0.9394497 -0.7399754 2.9168465 0.7774639 1.3633846 -1.4906596 -1.1352564 0.7758652 2.104635 0.98439634 1.5932192 -0.819851 -0.5386229 -1.6499246 -0.473387 -1.3678048 -0.7402019 0.3490595 -0.3782174 1.6350911 -0.3534318 2.7725368 -0.8552614 -0.17566454 1.242364 0.2129258 0.5243767 -0.09772246 -1.2978941 0.36561376 -1.5114287 -2.0561538 -0.6028809 -1.2126054 1.3518581 0.665179 -0.7060168 -0.28245795 -0.9493107 -0.8989632 -0.5149942 2.031788 1.3387665 1.3753523 1.7282853 -1.2263931 0.91696346 1.8876264 0.2731587 0.36863297 -2.1652026 1.718983 -1.3402252 1.5454301 -1.2229062 -0.99760705 0.26439372 -0.75148845 0.3370302 -1.4302335 0.5753259 -0.08354438 0.7315449 -1.0867108 1.0739508 0.23971586 0.73138505 0.17677794 -0.8853871 -0.15607075 -0.17825365 -1.2826831 0.4012925 -2.368317 -0.6641222 -1.3385394 0.72443134 -0.27316037 -0.8403352 0.52089566 0.43084854 -0.49457204 0.22524647 -1.3447512 0.6364976 -1.0276966 -1.4292085 0.79103774 0.21716341 3.5584733 0.19405037 -1.9443368 -2.897619 0.3583145 -0.48464003 -1.3904834 2.6987681 -0.42549667 0.5253366 1.3847828 -1.9447432 -1.9231634 -0.072506726 -0.20113641 0.79548264 1.1758796 0.17393242 -1.0347879 -0.15851426 0.45121533 -0.52960056 -1.4896295 -2.2648268 -0.739169 0.03605505 1.4571197 -2.1082158 1.3161632 4.2030144 -0.81074435 0.57504886 0.38376364 -0.606561
smoke -1.3186173 -0.10237492 0.21144383 0.25370982 -1.3865271 -1.3429441 -0.24969633 -0.5307187 1.0193655 -0.6524177 1.7246165 1.4672916 -0.48482153 0.9872941 1.3408378 1.6092352 0.4119507 1.5926867 1.4651684 0.89922786 -2.588959 1.4068451 -0.8656881 2.5463727 0.10293705 -0.5908444 -0.27547145 0.47022608 -0.3256248 0.27752706 0.20197184 0.33866537 0.8891937 -1.2357442 1.7267963 -0.37687662 -0.9718494 -0.09218636 -0.560297 -0.527455 -0.5302266 -0.31485838 0.3813336 -0.75613725 -1.2714918 -0.38691604 0.5790414 0.64749306 -1.0531899 -0.50706166 1.2347803 1.5886011 0.74560654 -0.6869508 -0.8788344 0.16054009 -1.7394935 0.29702964 -0.45318854 0.70632964 0.20827693 -1.4814157 -1.7756464 -0.09723711 1.5048488 0.24093968 -0.99742144 -3.1634843 0.3427832 0.4938427 -0.25088513 -1.6802688 0.6251323 2.1903238 0.15566984 -0.042595048 0.38006827 1.263245 0.35351336 -0.77242154 -0.35891303 -1.9006722 0.8096403 -1.346381 0.14659314 0.34608665 0.093634635 -0.3309997 -1.482181 -0.1193756 0.2436932 -0.7374475 -0.018228559 0.6340725 -0.30359834 -0.12109302 -0.17292012 -0.80208117 -1.5397649 0.772266 -0.5049287 2.596752 1.7170186 -1.9032519 -0.0023127478 0.3697807 0.6446294 -0.8893058 0.9228592 0.75033 0.96589315 0.27990308 -0.54228026 0.80687433 -0.11266639 0.07224223 1.076043 -0.73830074 -0.51386356 0.65282 -0.4343885 -1.2527514 -0.9712165 0.37464276 0.12911555 1.2303139 -0.78742784 -1.1313759 -0.25896147 -1.3971155 -0.27716756 -1.2820761 1.2788824 1.6973531 0.13121259 -3.257852 1.9203688 1.2743447 -0.55443573 -0.57193065 0.44189578 1.1114842 0.11032227 -0.32715127 -2.4763803 -0.40396556 -1.0276672 -1.8229555 -0.6282949 -2.1442084 0.62088054 1.361682 -0.85270345 -0.32217482 -2.2577248 -0.14709793 -1.6226557 0.16654691 0.2590978 -0.32539052 -0.49561664 0.15271468 0.66636056 -0.48492327 0.49455333 0.294631 0.29150167 0.09797361 -0.78839207 0.7530492 -0.6887693 -0.6124117 0.41997465 -0.90466166 -1.4400357 1.9456158 -1.1451979 1.9546483 0.18392213 -0.050248597 2.97253 -1.0662491 0.33930895 1.1186608 -1.2238693 -0.2332468 -0.61969125 1.6199207 -1.9707866 -0.83171386 -0.45244616 -0.44762602 -0.47295707 0.4419768 2.1142185 -2.9965713 0.9070678 0.022763789 1.2418896 1.151527 0.078905374 0.04415015 -1.721369 -2.444232 1.950246 -1.4508555 0.6370213 0.22281647 1.1168685 -0.828104 -0.28137282 -0.25040472 -0.6565781 0.12375353 -1.391125 0.054514382 -0.8729728 0.40233713 1.2484058 -0.50007254 -1.0180469 0.18639228 2.0472047 1.1821216 0.84568316 -0.06317966 -0.4528411 0.79608405 1.0524244 -0.101011835 0.9963403 1.5250118 -1.313792 0.5372718 0.6457678 0.46918064 0.427051 1.1239507 -0.585338 -2.2919579 -0.53064096 0.36979106 -2.284521 -0.7164019 -1.0421871 -1.1160899 0.5857406 0.22873797 -0.47066465 0.82990193 0.50216216 -0.37132755 -1.174375 -1.3003309 -1.5557196 1.3576808 1.3800688 -0.37364683 0.9261088 0.20268261 -1.3354867 0.523258 0.795665 -1.1736497 -1.3697822 -2.024454 -0.29073647 0.69831747 -1.0824748 -0.063352786 -0.8654933 0.8689977 1.5574672 -0.8398079 -0.4050614 -0.88418967 0.7801272 0.1195764 0.047930814 -0.7215041 -0.3066705 -0.5110412 1.0057737 0.68838555 0.8332092 0.32046068 -0.034113303 -0.04512138 -0.36449197 0.2895137 1.0266939 2.083572 -0.65831304 -2.346508 4.1637235 1.9894067 1.1360307 -0.5519112 1.0391966 -0.40336168
licorice -0.13685161 0.5431244 -1.6988034 0.06256055 -0.14562361 0.26988065 -0.10828419 0.3224581 -0.59513956 0.92014295 1.3483857 -1.0739545 -2.7117507 0.5540267 -1.234087 1.6349083 0.3766052 1.0402396 2.601248 0.9411012 -1.0685774 0.79005975 -1.4216301 1.4978561 1.1849993 -2.8721824 -1.2330129 -1.1084365 -0.40210426 -0.42706954 -0.21189742 1.1123227 0.57226187 0.5339183 -0.064301185 -1.3280554 0.18702115 0.9291038 0.94369435 -1.2451584 0.0136011755 3.106022 0.43962264 -0.20165107 0.018237405 0.869508 0.8317033 0.8766839 -1.0351584 0.7827269 1.5161291 0.9004968 0.41415116 -0.9413359 2.251642 0.60297537 -0.93942165 0.07388785 0.41526952 0.30800638 0.47413433 -0.4831847 0.06858569 -1.2674246 0.41365358 -0.1891407 -0.34654656 -1.1116818 -0.2165271 0.9945771 0.67688066 -0.027599027 -0.20671752 2.4934711 0.81910974 -2.7228987 -0.020431912 2.3782988 -0.02159288 -1.1717967 0.019780397 -0.33231765 1.379628 -1.3377751 -0.039536018 -0.2590858 1.3940675 0.71175855 -0.8219484 -0.43466887 -0.8239658 -1.5179089 -0.15164395 0.7474735 -1.6129332 1.2844731 -0.6352734 -0.9373463 -1.0366563 0.96768683 -0.08776438 0.9479455 1.1228677 0.031044839 -1.160759 -0.4751985 0.16744596 0.18800883 0.49287528 0.03453084 -0.84969753 0.4060252 -0.4776456 1.155813 -1.1876374 2.629535 -1.6998879 -0.02323509 1.1236441 -0.15608111 -0.2756835 -1.2488675 0.6461393 1.1332191 0.1224008 -0.8264687 -1.6049144 0.69487906 -0.9239704 -0.31786767 0.84483004 -1.1589457 0.10881697 2.484096 0.6951023 -1.8720636 -0.8958649 0.9328579 0.02893371 1.2317915 0.9193074 1.7757924 1.0519539 -1.0231547 0.117073014 0.42996243 -0.48180586 -1.7509949 0.87649167 0.48359364 -0.35257158 -0.4711783 -0.1671624 0.33381718 -0.5553576 -0.6803875 -1.0649141 0.015893783 2.3404548 -1.3798431 0.9365308 0.943482 0.09426666 1.7757443 -0.3283437 -1.529682 -0.86622334 0.34328783 -1.7346774 -0.7625803 0.3972056 1.0575234 1.1139935 0.6387319 -0.58630854 0.83821577 -1.2966727 2.6292841 -1.2603434 1.2217106 1.2220365 0.18396033 -0.026711918 -0.123154074 -0.48199266 -0.7074982 -1.5483032 0.58173215 -1.5401968 -1.5003701 -0.9192848 -0.0028976905 0.056781664 -1.6605574 1.3683765 -0.81506 -1.0589855 0.55982685 -0.7808105 0.58946997 -2.2551806 -0.22156231 0.12042683 0.62465096 -1.0741698 0.072941676 0.6826607 0.33618727 0.9313756 -0.42512834 -1.1444643 -0.4022188 -1.523161 -0.29062602 0.013382408 0.26680222 0.30102766 1.9363227 -0.3301628 0.15943418 -1.9834156 -0.28799117 -0.14678526 1.1437343 -0.652273 -1.4267342 -0.3497716 3.4752269 1.0787208 0.30468976 1.0792032 -0.27390504 -0.21333225 1.8192939 -1.4893515 1.7779264 0.7479053 1.0205516 -0.63816476 -0.55373955 -2.0069168 1.2291628 1.7332481 -1.1819379 -0.08051385 -0.58403784 -0.43837142 -0.08764995 0.2678112 -1.256532 0.10480799 -2.3269374 -1.4005227 -0.83069444 -0.6789816 0.36321318 -0.47469264 -1.8471034 0.34471357 0.79253846 -0.1283893 0.75854516 1.5565112 0.04375375 -2.5618298 -3.206473 -0.2954446 1.7284759 -1.8737303 -1.1923376 -1.2831942 1.3923597 0.8588784 0.443224 1.8543749 -0.43720925 0.5079645 -1.0817294 -2.100809 0.15216345 1.087556 -0.85485595 -0.14768925 1.8544784 0.39654684 0.21528402 -0.55132514 0.5818078 -0.8163194 1.1992322 -0.043047007 0.63343924 1.1583961 -2.058224 2.2698383 1.677578 -0.8619969 -0.61347145 1.157071 -0.77732915
violet 0.6965218 0.7655195 -0.24639529 -0.09358401 -0.28001294 -0.110653296 0.11503926 -0.56754637 0.12772416 -1.3060995 0.217357 -1.2494171 0.18884811 -0.21533713 1.4073656 0.031235658 -0.7655685 2.4945197 0.88159096 1.0657624 -2.208935 0.8367631 0.6787362 -1.2957361 0.97879034 -1.4260628 -0.2279058 -0.19003059 -1.43031 0.019863186 -0.12885629 -1.221461 0.078808405 0.18974684 0.3928486 -0.72139984 -0.06508313 0.5802013 2.18858 -0.39015818 0.48767108 1.9691688 0.011349753 -1.8763332 -2.0842404 -0.69576824 2.8750389 -0.08827797 1.008986 -1.3658944 0.7232657 -0.27389616 -0.1813061 -1.1275983 1.0372052 0.107140444 1.1037593 0.092150904 -1.2160568 -1.5724014 1.0603579 -0.5983102 0.79909265 -1.0069103 0.8397928 -1.6643004 0.25647995 -1.2706838 -0.3054393 -1.0325148 0.42618337 -0.80646646 -1.3235705 1.530876 -0.80948085 -1.4246684 -0.47278202 0.5321261 -0.31589833 -0.86731696 2.0064838 0.7178951 1.0398388 -1.7169856 -0.37579387 -0.32331038 0.22111915 -1.3543987 -1.9199724 0.061593298 -0.19281168 -0.580831 -0.4179803 0.8429679 0.12105281 0.27266112 -0.88833946 -0.8027294 -0.9598959 0.5859367 -0.56152827 -0.009332363 0.023121482 -0.48457414 0.035407577 0.50778294 -0.16415717 0.25283226 0.16770606 0.7478372 0.48913172 -0.66624296 -1.160249 -0.22158179 0.13036217 1.3727403 0.4750623 -0.45836723 1.2810509 0.0070091626 -0.40117347 -1.1015263 -0.53918517 0.7290367 -0.7134431 -0.1786576 0.44209397 -3.3677475 0.036492188 0.02108685 1.0874361 0.87590873 -1.0114924 2.5501096 -0.44651815 -1.963823 0.21824765 -0.15472214 -1.4370501 0.35886526 -0.7694717 1.2594577 1.4536643 0.7696711 -0.57869226 -0.4862161 -0.22422816 -0.93289894 1.8667105 -1.7882661 -0.039836515 -0.10321935 -0.447759 -2.0282161 0.63798594 -0.18159391 0.49333563 -0.7129678 1.4981197 0.25350714 -1.5396451 0.83284205 0.29578084 -0.06188029 0.09754165 -0.9413316 -0.7041655 0.022660553 -0.68057036 0.2553964 1.6330373 0.5380088 1.1985278 0.36845094 -0.8534226 0.36296836 -1.0081677 1.7943453 -2.1897728 -0.7850747 1.2239424 -0.33499235 0.75898737 0.76842856 -0.44529316 0.42070696 1.0676391 0.31301612 -1.0249602 -2.5946355 -0.31236774 0.31302217 -0.48088238 -0.09065352 1.5515248 -1.3289242 -0.9724491 -0.07608914 0.85482234 -0.012187754 -1.0061731 0.23453192 -0.027248679 -0.6634638 0.8573388 -0.35594052 -0.28612402 0.100574255 0.4927413 -0.931685 -0.2187628 -0.49241546 -1.1114919 0.93183583 1.4127518 0.45351475 -1.8517224 -0.091416575 0.6108855 -1.3501413 -1.1911161 1.2859569 0.20546372 0.55014366 0.21992068 -1.3738881 0.9900791 3.2638464 2.052825 0.64718014 1.7198691 -0.15651457 -0.5245746 0.75173736 -0.34863725 1.1508222 0.71297914 -0.5917361 0.27283284 -0.257153 1.3504484 0.1317748 0.20541218 -0.31186506 0.29995355 -0.6244218 -0.89415187 -0.85595405 0.760214 0.083207905 0.90252244 -0.19080408 1.2087008 -0.45234972 -0.44627333 -0.20284607 2.3428938 -0.52470684 -1.7913144 1.5789809 0.9172817 1.237507 -0.2538654 -0.81331 -2.38507 -1.27773 -1.9148388 0.70105606 -2.2706923 -0.9959743 0.50548285 0.52136976 2.63998 1.7997092 1.1827492 -1.3231275 0.9094992 0.5012398 -1.4325955 -1.3227974 -2.0547216 -4.0973773 -1.0270536 0.5153191 0.51540464 0.32986116 -1.7320753 1.3123173 -2.2540784 0.22249702 1.5967052 0.636502 -0.9893862 -2.1107945 2.0905352 1.6562512 -0.17288168 1.524623 1.7376745 1.554724
strawberry 0.4931363 0.37727854 -0.96795565 -1.4977536 -2.4647834 0.43443507 0.9998739 0.0059102857 -0.83635736 -1.9005394 1.2494684 0.2740439 0.049962938 -0.34730384 -0.50176954 0.42540425 0.3846916 0.29586932 0.93691427 -1.8623899 -0.9331131 0.6932947 0.21529132 -0.0013423975 0.27910239 -1.3673114 -0.80081695 0.14725187 -0.84211123 -1.3776169 -0.58638597 -1.01881 -0.8582979 -0.17087768 -0.0606884 -0.102787785 -1.1100512 0.2958747 1.2162923 1.5122523 0.3147552 -1.1894054 1.2065922 -0.6759819 -0.726385 -0.053917814 1.3012531 -0.81588686 -0.35704467 -0.60059994 0.17187932 -0.16428046 0.66597724 0.52886665 -1.46399 -0.2905274 -0.88206226 -0.23684648 -1.7079775 0.34335485 -0.81371146 1.1578512 0.58910084 -0.5674265 -0.7492697 -0.17087239 -1.5353757 0.9458051 -0.98295134 0.7018343 -0.55247456 -0.73336506 -0.2821315 0.597165 -1.213356 -2.2466567 0.79778355 1.8234416 -0.6928838 -0.08754659 0.31297365 1.3700553 -0.37185317 -0.5825696 -0.50333524 1.362579 -1.2784595 1.0871124 -0.41724846 0.2904352 0.36344883 -2.761157 0.5114138 1.8096375 -2.0076687 1.0887464 -0.11290234 -1.0672498 0.61926997 1.5849725 -0.47889328 -1.253664 1.7999994 -1.1812477 -1.2533673 1.1946874 -1.0365398 0.02941415 -0.9872731 -2.3590796 0.4634996 0.9755301 -0.4671881 1.0870411 -0.022978136 1.900133 1.775109 -0.8631199 0.88191104 0.0947499 -0.43313643 -1.2568358 1.0068064 -0.27794546 -1.2579944 -0.9881985 -0.769899 -0.56468046 0.233985 -0.7648388 -2.3938637 1.8320305 -1.4913406 0.97995687 0.90468425 -1.8650951 -0.40063766 0.36681294 -0.7201183 0.5387574 0.3964957 0.038684927 0.18121473 -0.24638994 1.3531898 0.21612422 -1.491494 -0.8509151 0.42260873 -0.66180396 -0.6338108 -0.038138147 -1.0443558 -1.0905293 -1.0079918 0.5657292 0.18668278 0.13257481 1.5981106 0.16572699 -0.20605078 0.9848287 -0.10449728 0.6061881 -0.52115905 0.8689051 -1.9506944 -1.8906481 1.188559 -0.9532012 -0.20728676 -0.25008872 -0.36511 0.87649477 -0.23539402 -0.5840976 -0.7405382 2.7219753 -1.3358034 0.9680814 0.22881807 0.7121031 -0.29646024 -1.6387323 -0.27826682 0.13657865 0.6759127 0.8109613 -0.27801746 -0.91224045 -0.558303 -1.5568624 -2.1692622 -0.44275695 1.075628 -1.5784967 -0.5005927 -1.0330596 0.4275902 -0.16740862 -1.4814264 -1.1010195 1.1597813 -0.21345507 -1.7767429 -2.529218 0.5868758 -0.49440977 -0.9980422 0.2488154 -0.82615715 -0.24634653 -1.1521603 -0.07604327 -1.2955837 -0.095568456 -0.7913315 0.029124912 0.70209396 -1.4809337 0.29732043 -0.41379163 -1.4052619 2.5028112 0.98685944 -1.3241963 1.1613824 1.1547862 -0.9796836 0.30290577 0.00025716313 -0.4891072 -0.37263852 1.9874889 -0.19490655 0.93571675 -0.70680463 1.2656806 -1.7222415 0.2194875 -1.5200659 0.90678406 -0.7192687 0.037975434 -1.3739592 -0.4070403 -0.2524009 -0.76757497 2.16117 0.7728483 -2.4711907 0.85259664 1.6198497 -1.2855017 -0.6422485 0.62264097 0.37712574 -2.21526 -0.88265896 -0.96999824 -0.69921213 0.69030964 -0.19695663 -0.5768275 -0.29317597 -2.0509727 -0.3570318 0.6897779 -1.4618075 0.051688753 0.5670076 2.3238566 1.2924142 1.2216165 1.0880173 -0.5225015 0.8486904 -2.1630309 -3.3704615 -2.1574275 0.17569429 -0.75513667 1.585854 0.8985496 -0.637439 -1.4031985 -0.44112116 -0.09665747 -2.2593217 -0.3065324 -0.4051185 2.163794 -0.35171494 -0.77791137 1.5639509 0.6147567 0.42989308 0.598415 1.7800511 0.4788423
pear -0.5095807 0.3133843 0.10600569 -0.7001544 -0.847223 0.2193485 0.983009 0.55481625 1.1874198 -1.1794325 1.7552302 1.1480753 2.038711 -1.7678328 -1.6021398 0.421043 0.50643253 1.2768676 0.59931594 0.19302823 -2.2143776 -0.3482482 0.8290515 0.47501284 -0.39789402 -1.1024781 -0.34025276 -0.95835054 -1.5393003 -0.9114713 1.1967585 -2.7039 -0.23175146 -0.07826101 0.55199295 1.5713683 -1.1043346 0.98763824 -0.52071804 1.2018352 0.9280964 -1.5251426 0.7309904 -0.21999255 -2.3319983 1.9603409 1.4957042 -1.1673802 0.6628854 0.7491912 -0.31418365 0.59483427 -0.0856371 -1.7454801 -0.48577386 -3.1810157 -1.8966639 0.019818982 -1.624449 -1.0886269 -1.9069996 3.4573858 -0.09907795 0.08087799 0.4234912 -0.36597598 2.420419 -0.80786294 2.1541965 0.07894202 -0.80209446 0.024513017 -0.7222701 0.46392506 0.4918816 0.4228746 -1.4868635 0.73867285 0.45565116 -0.7971538 1.24992 2.7503552 -0.56749976 1.9336528 -1.7610643 2.5089872 -1.3992798 0.009657568 -1.298673 -1.9804577 -0.75061476 -2.356442 0.859052 0.06894785 -1.9047894 -0.4584626 -0.9661707 -0.7435713 -0.7185247 1.1778305 1.0751306 -0.5768807 1.7683578 -0.9457231 -1.0674875 1.1105362 0.020140052 0.9150248 -0.115485616 -1.3316915 -0.12928398 0.7861531 -0.73002213 1.0263488 -0.22526163 1.3646796 2.3712587 0.87123877 -0.36308345 1.9851326 -2.1493716 -0.5076571 0.32426655 0.6333138 1.2740365 -0.47904882 -2.2582965 -2.7234526 0.008750781 -0.76157963 0.33422217 1.2376432 -1.548437 -0.7079767 2.0566287 -1.3618412 -0.108582936 -0.52272606 -0.9117626 -0.35302934 0.55841357 0.4790243 0.6407541 1.0927734 -0.8115631 -0.9702715 -1.964817 -2.0853045 1.0185527 -1.5728315 -1.8295189 0.20336743 -1.2762202 -0.8975381 -2.1821113 0.78520536 -0.8442941 -0.18126182 0.49111375 0.12658566 -0.67870224 0.9552716 0.72333086 1.1210905 0.73996043 1.6227307 -0.2079246 -1.2312849 0.38955188 1.268662 -0.041557085 -0.09972927 0.65063196 0.01760321 -1.35761 -0.77785486 -1.6701612 3.387276 -0.7316957 0.7512372 -0.26674855 1.3187703 0.90592325 -1.4183503 -0.8485883 0.69006026 0.22695091 1.238301 -0.18811177 -0.17073603 -0.6110348 -1.4009452 -0.88804364 0.15256202 0.957826 -1.7640532 0.5942537 -1.6354556 0.00798676 -2.315395 -0.21885598 1.6273968 2.0160306 -2.0547516 0.015984038 -1.8001513 -1.6745298 -1.204824 0.82190394 -0.013180728 -0.92468166 -1.1273607 -0.56540406 -1.3132614 -0.02801304 -0.62440413 1.3762854 1.4901888 -1.0915428 -1.6006854 0.0049364013 1.5016034 -1.4789805 1.2711464 1.4988673 0.744576 1.051174 0.22354814 -0.40291822 0.1676678 0.6567871 0.571196 -1.1006716 1.7619598 -0.87105036 0.4383251 -0.17201689 0.84181106 0.29277337 0.009143934 0.8688973 0.8710271 0.7880597 1.2821375 -1.1201203 1.1272675 -1.5864025 -0.70853025 0.49697903 0.54144496 0.46120188 1.4637096 -0.5373198 -0.35328335 -2.356156 -0.7355284 1.2803701 0.257718 -2.483356 -0.31984714 -1.3625748 0.4127591 0.32644498 0.88709533 0.2856835 0.27001065 0.14180475 -0.2892418 -1.7018057 1.5553014 0.92398274 1.0805622 2.7687821 1.0144149 1.06666 -1.6757423 0.78909576 -1.9639555 -2.4763594 -0.71888834 -0.31827652 -0.3280036 1.1190662 0.9052101 0.5851629 -1.4020481 -0.3596165 0.5592911 -2.606611 -0.95715624 0.5250235 0.8445427 0.4023149 -2.073044 1.1717558 0.69007194 0.34850812 1.5854373 1.3704611 0.2931282
pineapple -0.103670426 1.7582883 0.2925653 -0.43439367 -1.131883 -1.1128659 1.0493777 0.9550767 0.52080446 -1.083996 1.7822357 -0.041538067 1.0221962 -0.43788773 -2.43343 1.6384789 -1.8948827 1.4795123 0.4484885 -0.055084057 -1.7040404 -1.022312 -0.09629684 0.58382195 -0.10632077 -0.404196 -1.3115487 -0.3581555 -0.42115587 -0.32069096 2.4073803 -0.908305 0.2738858 1.1208805 3.2827775 1.2577745 -0.8008595 -0.53392094 -0.45331112 1.2893758 2.0524342 -0.3444696 1.232015 0.7070586 -1.5472724 1.9507458 1.0411174 -1.5616938 -0.050591726 -0.76508397 0.53415626 0.63886195 -1.1739379 -0.18710335 -0.48111543 -2.0100584 -0.6554091 0.24100305 -1.4583625 -1.2754785 -0.01553453 2.5578396 0.71834886 0.44218817 0.18598844 -0.24555956 1.179 -0.16786337 1.9427332 0.22743867 -0.95099765 -0.7652696 -0.4467315 0.34998548 -0.316995 0.012506794 -0.6990681 0.24797678 -0.643054 -0.75212705 0.18288784 2.9587405 -0.40285957 1.5601374 -1.1238039 2.95461 -1.4062 0.2766093 -0.617332 -2.1047583 0.49864578 -2.3640268 0.14237195 0.049018797 -1.0677152 -0.18308708 -0.18575412 -1.838936 -0.69907117 1.3396789 1.1186107 -1.9298136 0.9584297 -1.1875948 -0.6040784 0.49048766 -0.2592492 1.7899265 -0.85847646 -1.7469534 1.528665 0.9337015 -0.13428117 2.482744 -0.93600565 0.96130013 2.8140914 0.17498018 -0.16058297 1.0304513 -1.1338041 -0.8185657 0.71742207 1.1755036 1.4356991 -1.1793392 -1.8261045 -0.7820363 0.50822943 -1.4348514 -0.36514795 0.88481504 -1.5338677 -0.45194304 2.0562496 -0.2350043 1.2296075 -1.1418071 -2.0245857 0.54160297 0.5331299 -0.08119087 -0.33549765 -0.4018882 0.40821403 -1.2844002 -1.713097 -2.2085316 0.8035114 -1.4983909 -1.7552762 -0.01820368 -0.020032141 -0.26469907 -1.9682552 1.447669 -0.79133564 0.78307176 -0.13476746 0.118628144 0.9894512 1.3281741 -0.45548585 0.5645324 0.12821105 0.64140564 -1.313719 0.6433857 0.08107635 0.63231426 -0.115023635 -0.08559403 -0.9020787 -0.43003738 -0.4609188 -0.36019284 -1.9178345 1.1709912 -0.56848305 0.1653433 1.9114635 1.0152714 1.2885225 -1.6317098 -0.46047917 0.604575 -0.051026177 1.0178728 1.2417824 -0.15966052 -0.65420914 -1.0628177 -0.78141385 -0.9645204 1.9756341 -1.842436 0.04155793 -0.10273107 0.32204354 -2.2915654 -0.55967957 1.380713 1.5447309 -1.8924506 0.33301485 -1.9660536 -0.8918724 0.41279233 0.21192092 -0.7333859 -0.12942661 -0.36678076 -1.9434063 -0.6412269 -0.0044671753 -0.95794237 0.88438445 0.33541426 -0.45868114 -1.6565893 -0.3813225 0.37343535 -2.58538 1.7487279 -0.23283933 1.203888 0.65863067 0.5964041 -2.4904149 -1.2556219 0.5018692 0.72977406 -1.2778932 1.5410218 -0.68333 0.614363 -0.01809747 0.16873434 0.6496964 -0.58590674 -0.65581775 -0.17842758 0.7478669 1.7989539 -0.89205146 1.2985537 -1.3803091 -2.034459 1.1830308 0.56205654 1.1067871 0.8061359 -0.95307875 -0.14801177 -0.7761951 0.33627385 0.7291504 -1.1060988 -0.9062211 -1.0462327 -0.5562093 0.7560757 0.53290343 1.1417096 -0.07620521 0.07086013 -0.7173657 0.89677054 -1.2783333 0.57458955 0.28441185 0.4582031 2.578097 -0.81615436 -0.041868027 -0.7410053 0.013258025 -3.0081415 -2.33336 -0.5123738 -0.8074902 0.18517126 -0.39284828 1.5995357 -0.36167333 -0.8267157 -0.76498383 1.4700965 -2.4407196 0.63272655 0.7928899 0.79088646 -0.114573665 -0.27749032 1.910534 1.8122272 0.6145265 2.0337772 0.39229864 0.9096699
caramel -0.79419047 1.5427562 -0.22117528 0.05392202 0.3438129 -0.5345032 0.008219888 -0.7216633 -0.26184517 -0.19094251 1.373412 -1.7357649 0.11397772 -0.56023234 -0.2662437 1.5001364 0.84244466 1.9986336 0.06458717 -0.60006106 -1.6695845 -0.335076 -1.2141843 1.6785909 -0.123279184 -0.60446507 -0.7554659 -0.0766517 -0.6742061 -0.058718488 0.48277906 -1.0335379 0.39348286 0.59755963 2.204803 -0.2150322 -0.29434592 2.5261495 1.4911864 -0.33760637 0.4911806 -0.62471193 -0.48843786 -0.22929026 -0.9749093 2.6856618 1.263758 -1.0878991 -0.4778062 0.95121074 1.3181596 0.18546265 -0.8699726 0.46183676 0.5678547 -1.0918282 -2.195379 -0.39209637 -0.2982037 0.012408348 0.7755822 0.24091668 -1.408105 0.38261113 -0.10330706 0.8976375 -0.39387518 0.29120338 -0.5225047 0.9815226 -0.28308836 -1.7231296 -1.5243641 1.3731202 -0.33141458 -0.8870372 0.23899154 0.113366276 1.0037093 0.6046227 -0.014041691 -0.93822545 -1.9550002 0.31107295 -0.8225001 -2.7247822 -1.2391949 -0.24619737 -2.5402489 -0.28325257 0.29627186 -1.6757969 0.32044762 0.827616 -2.815862 -0.060838036 -1.1759238 -0.9824732 -1.0254202 0.8684724 -0.80678606 -2.1580534 0.555646 0.61420065 -0.3585783 -0.18542843 0.068225965 0.35258636 0.054179713 -0.36591303 0.70087576 1.1555129 -0.5622714 -0.370536 -1.0983094 0.92634547 0.37161496 -0.8394632 -0.5949722 -0.6703686 -0.29425564 -1.1741172 0.06888942 0.74785304 -0.49612886 -0.17693125 -0.5189971 0.2383853 -1.1180842 -1.3168094 -0.34166247 -0.30390954 -2.253004 -0.3600805 0.54678464 -1.8068978 1.6582342 1.4288119 0.16904645 -0.026538042 -0.39369795 -0.01749454 0.18470779 -0.45104057 -0.09595133 -1.5320059 -1.1095371 -0.9481253 0.69424576 -1.5307983 -0.8065901 -1.4158242 -1.2370335 -0.24119084 0.2590695 0.9177682 1.1811352 -0.18618494 0.19931564 -1.5483366 -0.3797925 1.141102 0.18355091 0.5126435 0.54007906 1.4914515 -0.9189126 0.68681824 -0.10011919 0.4267116 -0.51772213 -0.5452012 0.38400194 1.0497265 -1.5449141 -0.618812 -0.083238155 1.2413411 -1.566569 0.3878861 0.57963645 0.111451775 0.42669475 -0.6019844 -2.1325922 -0.19966914 -0.7795745 3.016039 -0.26210287 -2.0652955 0.3193714 -0.80002105 -0.096797734 0.09332679 1.1827703 -1.4103311 0.54835194 0.2546719 -1.6910162 0.10981517 -0.2884241 1.5081913 0.5129072 0.13216329 -0.7771142 -1.2394029 0.021682817 -0.56366163 -0.8985088 -0.13782547 -0.16547398 -0.83334696 -0.6808941 -1.2299483 0.06517249 1.0254937 -0.22478555 0.6357995 1.3003286 -0.6563467 -1.9172118 -0.6573451 -0.35148287 1.4461032 -0.57186085 0.38942665 0.9572333 1.3021519 0.2657699 -1.173489 -0.68194675 0.39848042 -1.9793326 1.2406087 -1.5619353 1.258925 -0.76949614 0.31796506 -0.96668273 -0.83089066 -2.0576148 -0.882512 -1.2229942 0.18336654 -1.5211825 0.14963505 -1.451062 -1.5377668 -1.2223152 0.8803603 -0.2413041 -0.2182035 0.18970159 -1.720178 -0.9872154 1.831854 1.426712 -2.0139592 0.3925786 -0.054625172 -2.234056 0.13390018 1.5248557 -0.6737256 -1.9527574 -0.5651165 0.1699976 0.87347794 -0.55940104 -0.5485344 0.36491817 0.18325038 1.2553297 1.1126674 0.55292094 -0.69535923 1.7724458 -3.0550137 -1.4521415 -1.0809877 0.26238543 -1.6495899 1.6008892 0.394293 0.017131485 -0.23408774 -1.661387 1.8682051 -0.6617313 1.5477638 -0.58720183 2.620613 0.1848914 -0.10342771 0.79752 1.4615837 -1.3617427 0.121116735 0.98583966 -0.24896963
grapefruit -0.2672713 1.6497751 -0.49377626 -1.927922 -3.5174437 -0.41754445 0.30557564 -0.11306183 1.9565957 -1.5913501 1.7232833 -0.35942563 0.95962155 -0.811615 -0.8681119 -0.938567 0.2173077 1.7565244 2.3396738 0.55518097 -2.3358626 -0.9561644 -0.11285262 -1.2492423 0.63393134 -0.4929988 -0.85524863 -2.0712492 -1.198831 -0.341917 0.3010052 -2.8108606 -0.69131625 0.089848585 1.9934144 0.408679 -0.89289916 1.4022093 1.603702 0.5082806 1.4833866 1.9900868 1.6499608 -1.171068 -1.3071495 0.48044774 0.9655072 1.0036317 -0.25450414 -2.1487045 0.5478375 0.75549614 1.4175557 -1.061397 -0.8266853 -1.5624661 1.2620937 0.5860563 -1.90898 -1.0550263 0.047343936 0.481878 0.086931504 1.9503745 -0.03585747 -0.68173283 0.4922474 0.02721244 1.9834257 -0.5877873 -0.105569385 0.17163461 -0.81700265 1.0575542 -1.7767726 0.7553524 -1.8238832 0.01856709 -0.5834219 0.90433 1.293203 2.77913 -0.83920145 1.1178495 -0.25917333 2.6443489 0.5777123 1.8298186 -0.5615864 -0.51279557 0.43477392 -2.2001083 -1.3847619 0.94313395 -0.11522071 0.112237826 -1.5736833 -0.85717976 0.9474719 1.2961206 0.054581046 -1.2124858 1.5419155 -0.6863835 0.43635464 0.6373448 0.5183942 -0.056267615 0.35313937 0.10509601 1.0060377 -0.029067393 0.3007785 -0.49719977 -0.2207304 0.78171116 2.0074496 0.49033186 0.29951638 0.19535796 -1.8016248 0.1997915 -0.4966631 0.4732336 1.7665335 -0.71127224 -1.5137497 -0.81548446 -0.16641112 -0.59088707 0.2002477 -0.3568055 -0.8331301 0.78958523 1.749906 0.6410247 -0.8124339 -1.5270964 -1.5118301 -0.5313263 0.81627905 1.4214967 0.64321494 -0.06699406 -0.057957724 -0.41140106 -1.1096727 -0.10266809 1.1290007 -0.5084263 -1.966124 -0.17998122 -0.3543075 -1.0783143 -1.1737059 0.20160955 0.38699347 0.4183264 0.32065895 1.502358 -0.90961194 2.4509754 -1.1855149 0.3847812 1.6706266 -0.3645216 -1.3295641 -1.008343 -0.13359123 0.7947766 -1.0239435 0.21736307 0.983397 -0.7448238 -1.3716422 0.32500932 -1.2908461 1.5635539 -1.462116 1.8074031 0.9031262 1.5369741 0.8732022 -1.3847549 0.568777 0.5198267 0.50552857 0.16334327 0.5340804 -0.646272 -2.2589858 -0.40673658 -0.906953 -1.4910563 1.3265882 -3.2459555 -0.16699858 -0.32243335 0.9434588 -1.7001275 0.13229091 0.49525028 2.6275043 -2.3697033 -1.1496203 -1.3000059 -1.8692701 -0.11658471 1.3633394 1.0452981 -0.93435735 0.39221412 -1.4189289 -2.1312766 -1.074964 -0.5961806 1.2149457 -0.78819734 -1.975954 -1.9888164 -0.56513083 -0.023554094 -1.4509923 1.8892328 0.35311827 0.74257624 2.1745665 1.6720258 -1.4221758 1.2194586 0.37694967 1.5285908 -0.16236061 1.5723337 -0.8609261 -0.10749181 -0.17621975 1.3545439 0.1810964 -0.27175263 1.1873623 0.118144006 1.1501428 1.2193266 -1.0168866 0.14600377 -2.176907 -0.61113983 0.35623336 0.19261642 0.88340706 -0.5306393 -0.16533154 -1.0528299 0.6088732 -1.311026 0.546549 1.3635936 -1.4778869 -0.02664218 -0.14090918 0.20113932 0.95133275 0.38143232 -0.56058985 -0.10000183 0.11895757 1.5301054 -2.759383 0.26565346 -0.8558875 1.6385413 2.3103497 0.7343023 1.5023735 -2.3560216 1.1156907 -1.1493962 -1.5753657 -1.0949945 0.23207656 0.12475378 -0.75610244 0.94453573 0.29611108 -0.613151 -1.0933088 1.2395875 -3.9015338 1.4665606 0.46176633 1.2813281 -0.7128042 -0.4457711 1.7221742 1.7893187 1.9578127 2.818181 0.6103577 0.5014686
clove 0.99782854 1.0720462 0.29323727 1.298391 -1.7823377 -1.2569649 0.49331015 0.32719985 0.0039825733 0.2165379 1.4143615 -0.08203749 -0.52345455 -0.64938515 1.6492364 1.560634 -0.4520026 2.0400996 1.2569047 0.7695177 0.08375389 0.40556097 -1.5004784 0.8002783 -0.16469318 -0.9383389 1.4553851 -1.0967234 -2.1316419 1.4846758 -0.8012654 0.42887765 0.16261578 0.8310882 0.11380823 -1.1377671 -0.4580471 0.51421297 1.4050276 -0.5576326 0.89624625 -0.32892042 0.7957566 -0.8815406 -1.0639918 0.8972894 1.4566199 -0.21667147 1.1960791 -1.5170199 0.3277555 1.724698 -0.48790166 -0.9254212 1.6406804 0.47906795 -0.20196101 -0.80199575 -0.6293593 0.73537433 1.9982928 0.33388716 0.30629322 -0.6847059 1.95432 -0.82571965 0.8208803 -0.045462485 0.6874124 -0.26595077 -0.08559873 -0.5489129 -1.9800603 1.7210798 -0.63782483 -0.6653076 -0.5529099 1.4094752 1.1376598 -0.5458386 -0.008059026 -0.40666062 0.47377947 -2.5114045 -0.5037506 -0.0919105 -0.6512753 -1.1012834 -2.844696 0.12845333 -0.72593576 -2.243177 -1.1685846 -0.5517898 -0.8640141 0.76954776 -0.30836257 -0.7676771 -0.22276118 0.79274714 1.175605 0.12823956 1.1613252 -0.9343405 -0.20608611 -0.25630453 1.038847 0.00883476 -0.61123884 -0.24486834 -0.8582508 1.1199732 -0.05110677 0.96910876 -1.1133884 0.17925422 0.3319216 0.4872024 -0.4894182 -0.1018792 -0.9448678 -0.3988745 -0.7619165 1.4146842 0.37199008 0.035393346 -1.4267663 -1.0641218 1.436151 -1.3653854 0.037954614 -1.2318082 0.5953222 0.2723405 0.19598234 -1.7064097 -1.0945345 -0.7676407 -1.4978132 0.2202399 -0.6475507 2.6577249 0.9575351 -0.06939684 -1.6960875 -0.6208348 -1.216511 -2.0728042 1.705867 -0.84083974 -0.6510325 0.033979863 -0.5327097 -0.45289427 -1.062655 -0.7791608 -1.4162662 -0.50566584 0.97596437 1.4420372 0.018771295 0.41883317 0.9587075 0.13446449 1.8684186 -0.27986893 -2.2611105 0.7837075 -2.6482332 -0.80187994 1.3409802 0.66927284 1.1403993 -0.14890471 -0.45270076 1.0984832 -0.040079996 3.2700953 -1.7693303 -0.6996576 1.9078401 -0.45090047 0.37591967 -0.27325958 -1.2690084 0.11542252 1.3377131 2.1641748 -0.76737446 -1.853867 -2.15563 0.63028145 -0.47943065 -1.1949813 1.9913433 -1.1786609 0.39176086 0.53049034 0.010414025 -0.81371987 -1.3617835 1.3502038 0.75873584 -1.1405979 0.81402683 0.3158845 0.79414153 -0.19646373 0.7213571 0.16506115 -0.7506513 -0.8777944 -1.2160628 0.029384332 1.5905604 -0.590422 0.5298171 0.012726872 -0.08889639 -0.08811031 -0.8522875 0.6280373 1.4253917 1.1489723 0.7133713 -2.1693776 2.5248024 1.594436 0.20357586 0.2784509 0.62778264 -0.4757213 0.26075774 0.9575358 0.6856272 0.14788559 0.3558676 0.815376 -0.9126733 0.08959402 0.7209582 0.23106459 0.9842809 1.1767035 0.1414216 0.22261977 -1.9468882 -0.83890635 -0.6481467 -0.24649665 0.5460214 -0.57303745 0.91691583 -0.60698414 -0.59118956 0.6451442 0.3923344 0.47095364 -0.9932022 1.0784768 -0.06725395 -0.011995174 0.515629 -1.1481105 -0.66183233 -1.5152421 -1.6881443 1.6298778 -2.200888 -0.032319933 -1.6395892 1.6109451 2.103364 0.6309284 0.25072682 -1.1076561 2.4172218 -1.8262032 -0.52624947 -0.150744 0.13917938 -1.2784041 -0.41816783 0.89112 1.1280017 -0.3317689 -1.4412618 0.24949305 -1.1128664 -0.0026780388 0.55551183 2.0019932 0.6221099 -0.8974059 3.212735 1.7180455 0.6488116 0.015850862 0.102048576 0.8762968
syrup -0.58394665 -0.42330015 0.7958905 -0.63721466 0.62639505 1.1175162 -1.2026582 -0.7508121 0.46193445 2.0098011 0.68393 1.1061558 -0.76569045 -1.1794084 -0.7358338 0.30988806 -0.34424755 0.059204962 0.32953742 -1.0136762 0.005597728 0.25790736 -2.345268 0.49675816 -1.027003 -2.0772915 1.212297 0.41203234 0.40815592 -0.8546374 -0.5958792 -0.2372145 -0.1802822 2.309311 0.7808529 -1.1249737 0.9709255 1.4665713 0.24759702 0.37252834 0.65598714 -1.5940627 0.4618798 0.5618606 0.42128187 0.9659339 0.33844808 -0.3768645 -1.2150302 -2.0680716 0.23623186 -0.19038557 -0.7057712 1.396242 -0.18634391 -2.1886742 -2.4681337 1.5124454 -1.1657729 -0.26390934 1.3134228 0.18366966 -0.7436923 -1.4401777 0.3125936 1.5493863 -2.4094737 2.0444913 -0.6142612 -0.24606459 0.30775097 0.9694569 0.05863413 -0.24041253 -0.81944436 -0.6344157 1.9821755 0.4728372 -0.42819387 -0.06604679 -2.0854027 1.0250512 1.0696828 -1.0953985 -1.2377858 0.40457416 0.20875677 0.18806623 0.06341891 2.2658336 1.9223113 -1.0611575 1.7096239 -0.45544976 -1.7478601 -0.10370072 0.12202135 -0.8143173 -2.252247 1.8576438 -0.78689724 -2.5506124 -1.6950853 0.40585726 -0.60834324 0.27307543 -0.90815455 -1.8446087 0.47470152 -2.3264768 -0.86441135 0.6429977 0.5352175 -0.5327274 0.841297 -1.1259035 -1.2420255 -1.2172848 -0.8918344 0.054082125 0.99178416 -1.6150193 1.2733629 -0.6870605 -0.4394034 -1.2540781 0.84681517 1.9147716 -0.0181195 0.35908106 -0.95108074 -2.1096122 -1.8815564 0.091334075 0.7029439 1.9588047 1.6035483 2.4120445 0.16879086 -0.6823582 0.9818458 0.36761546 0.73548937 -0.83376396 -0.85675365 0.36960444 0.1992704 0.45183143 -1.0229275 -0.7915643 -2.24222 -0.81264305 -0.08937092 1.289187 -0.23644179 2.8230062 1.2101555 0.5945994 -1.4627587 -1.6836814 0.56550395 -0.078139625 -0.6627947 0.49497694 0.4164482 1.1144739 0.25213844 -0.086972535 -1.2324731 -0.9790159 -0.17093445 -0.76273054 0.048783757 1.8994471 0.18940702 0.036306065 -1.5249493 -0.39108047 -2.233896 2.2651155 -1.2551888 -0.5770001 -0.7498177 -1.7960922 0.27921999 -0.10412929 0.8090224 0.97303885 -0.70049363 -2.8436086 0.5473602 -1.0189674 -1.7210333 -0.04191271 0.61408234 -0.07925232 0.41194725 -0.50776005 -0.26451775 1.603516 -0.48298723 0.5590827 1.1156327 0.42094982 -0.5461828 -2.1815162 -0.09863953 -0.3288384 0.6508234 -1.8938508 -1.1281716 -0.8763573 -0.27052835 1.1444669 -0.051973827 0.7956058 -1.4589196 -1.0084237 1.6646543 -0.12181375 0.11686781 0.6484566 -0.6019146 0.8151463 0.5142766 0.63704205 0.84005064 -0.06470062 -1.090645 0.003597198 0.34703743 -1.2455652 -1.2995032 1.1092719 -1.2052819 0.017076168 -2.1800709 -1.3971746 0.38892215 -1.1638118 -1.6872009 -1.7874483 -0.27282047 -1.1342208 -2.1084473 -2.0620728 -1.8951992 0.13121502 -0.92969507 -0.23031273 -0.2302289 0.71966577 0.42928636 0.36314413 -1.5687258 2.7313023 -0.52729696 -1.3635736 -0.41547787 -0.9725718 -0.6022863 0.069993295 0.43472773 0.19546588 -0.39215952 -1.1873391 0.47863418 1.7464792 -1.0514992 0.2708254 0.9889815 1.092831 -0.5959532 1.3839934 -1.1392813 0.16283348 2.2427735 -1.2629359 -0.06379673 0.017293593 0.6754497 -0.9837805 1.3597819 0.21743962 -2.058524 -0.53490317 0.15412076 0.007267381 -0.2652917 -0.17540058 0.29550314 2.0771644 -0.063242026 -0.06377641 1.6702845 1.3196892 -0.47440454 3.4012272 1.7379228 -1.4175096
grape -0.064856656 0.009592196 0.16483346 -1.2334104 -2.291477 0.28400126 -0.03468219 -1.5096508 0.4636147 -0.6496261 -1.6116121 1.9295198 -0.81890863 -1.6866423 0.08521918 -0.31810325 1.1448262 0.255938 2.1196206 -0.79312265 -0.21789463 -0.50388813 -0.7372139 -1.3980896 0.90561515 -0.52833676 0.06597241 0.21851487 -0.46214873 -2.597068 -1.1802577 -1.7943684 0.84269565 1.4327385 0.35445186 0.9884873 -1.651707 -0.41125345 2.801741 2.7964323 0.016392197 -0.04975339 0.503736 1.0991721 -1.7983073 0.061459478 1.5860245 0.4123154 -0.32229212 0.4407816 -0.0029536895 1.4108506 0.781775 0.50280386 1.2010518 0.30433357 0.75630385 -0.39019132 -1.0391529 0.6229562 1.1287696 0.95840406 0.6851959 -0.631866 0.28693232 -0.24773869 -0.6022985 -1.7407463 -0.20533918 -0.004917968 -0.43808433 -0.32098877 0.27185902 1.79188 -2.8106942 -0.3408749 2.0489602 0.6149725 -0.45428777 -0.41951624 0.13404843 2.8173923 0.98484904 -1.082944 -0.88435644 5.1687765 1.1470488 -0.5801515 0.2271964 0.09040941 0.46641693 -0.77246153 1.6330671 0.20323321 -1.2223768 1.2118995 -2.7785244 -1.8811011 -0.5074479 -0.4643049 0.24645278 -0.99780786 1.6964893 -1.5101905 1.4525614 1.4587907 0.069201484 1.106313 -1.3522775 0.99924487 -0.04091545 -0.25169167 -1.0793139 1.8529602 1.2820297 0.83061576 1.5952673 0.061397824 -0.55837756 0.40265626 0.8833964 -0.8157908 -1.5287566 0.5744172 -0.32051307 -1.8758796 -1.3484217 -0.9116621 -1.0702724 0.3898612 -1.4892013 0.69580144 0.15518785 -0.41967195 1.5709243 0.5493313 -0.89745593 1.0941291 -0.5686949 0.62720704 -0.8461067 2.3038375 0.17784533 -2.0810528 -0.1589247 -1.7289052 -1.6376823 0.5578676 -0.7475346 -0.8435603 -0.019200055 0.87906647 -0.8177178 -0.63738805 -0.789972 1.2825736 1.0406281 0.07343794 2.2771254 -0.49703148 0.08741051 0.46811086 2.0067153 -0.32729003 -1.7862785 0.7075756 0.23737441 -0.83541656 -0.034856126 0.3170303 0.91650444 1.4134877 -1.3383335 -0.74905646 0.6511612 -0.52138174 -0.8539205 0.99447054 0.20035817 0.56498784 -0.5940487 0.119574204 -1.0199921 -1.4657992 -0.50567037 2.9534154 -1.7253557 -1.0867615 -0.17446409 -0.32652476 -0.27305025 0.59319395 -1.1645925 -0.53747857 0.6322545 -3.019537 -0.7108379 -0.6013285 -0.12374839 0.095947705 -1.7982594 -1.0441234 -0.3587098 1.9210136 -2.8256013 -0.5665737 2.6440027 0.36804816 0.9777572 0.9296653 -0.28404865 0.0027215527 -0.7262163 1.2205011 0.49951017 -1.1951716 0.778986 -0.46457288 -0.2904509 -0.62175745 -0.85593665 0.99960244 -2.7912621 -1.9021728 0.15400833 -1.7297215 0.20980428 -2.1893957 -1.315943 0.8760286 3.1513247 -0.06851961 0.55442846 2.0680878 -0.64080644 1.3160762 -1.3356211 1.4344344 -0.68906033 -1.0472696 0.6636786 -1.7011857 1.7741896 -1.9921888 -0.32965586 -2.7607758 -1.8316704 -1.5302994 1.7059572 1.4558821 -1.5548209 1.2380643 1.5948194 0.1336342 -0.27189636 0.41875982 0.77197355 -2.142776 -2.0565174 1.6327691 0.93771523 0.755345 -1.8419856 0.5612866 -0.7302173 0.2983294 0.28492653 -0.17698005 -2.2587235 0.3521909 1.999171 1.5093815 3.6445065 1.5103021 2.2477984 -0.43415844 0.056839183 -0.6251287 -2.451776 -1.4307257 2.0701082 -0.3286514 2.2479656 2.5727544 -0.82428813 0.94648933 -1.2569994 0.5025884 -2.5336418 0.30910957 0.91901326 1.4755241 -1.4324652 -2.0146613 0.003636291 -0.5553238 -1.0333074 0.85468173 2.58561 0.24952738
fish -0.08021939 -0.4782498 0.3992978 -0.78990746 -1.7157571 -0.27531186 0.24661772 -1.2211426 0.6813614 0.39529738 0.089696296 -0.17661104 -0.059059985 -0.8414134 -0.6934352 0.1709625 0.4722886 -0.7109318 0.3933588 0.2988533 0.9263659 0.10206244 -1.7547678 0.11036226 1.479313 -0.42882767 0.8910786 0.505886 0.060253404 -1.3142174 1.4779637 0.9522915 -0.72738576 -1.0089883 0.075809866 2.5005155 -1.6803979 2.229256 0.33769554 2.0615058 -2.1690142 -0.2789777 -1.7278011 0.35037076 -0.40797952 -1.1390405 -0.2650034 1.0284222 0.08232845 1.123286 -0.1942504 1.7691976 0.21506357 -1.9174033 0.27345508 -0.77445346 1.3350219 1.3053646 1.0457103 1.2234423 0.21655484 -1.2281795 -1.9209036 1.1420267 0.6484532 0.34665534 0.4930198 1.906135 0.3366041 1.1889036 -1.6514333 1.0468972 1.2695198 0.066756435 -0.28737786 2.3055847 -0.0036500338 1.696981 0.8970202 -0.4621878 0.53798896 -0.6025657 1.5905087 1.6532006 2.0903978 2.3065474 -1.4228467 0.98594844 -0.30730137 1.2187549 -1.2921249 2.3751767 1.084515 1.7871133 -1.7247757 -0.47788593 0.068122596 -1.4993669 0.98600924 0.9826356 -0.27353865 0.7808789 1.3098487 0.41232842 -0.23626961 -0.53349084 1.5597928 1.6838862 -0.16231883 0.45209306 0.88167644 0.41082066 -0.17066889 1.3462484 -0.96260273 -0.029063793 -1.4794271 -1.6183572 1.1763933 0.6043829 -0.78528523 1.6111834 0.5062415 1.466241 0.93498445 -0.1268447 0.5241426 1.842104 0.42243755 0.042522557 0.4011775 1.2231133 0.5401554 0.8747397 1.199665 -0.15219899 0.41383904 1.198323 0.62742734 1.068193 -0.70702666 -0.24620315 -0.75262594 0.8518525 -2.6788416 -0.08494026 -1.4829988 0.96677154 0.049776647 0.71825755 1.7732656 0.72299415 -0.294128 -1.6999048 -1.1765237 0.62333536 -0.25258106 1.4770525 0.27795017 -1.585875 0.39168826 1.2108293 -0.21865502 -0.15463614 0.3250896 -0.9988223 -0.09764947 -0.55711406 0.45782062 -0.48542872 -1.2153951 -0.03573845 -0.27387768 1.625625 1.3373551 0.4690423 0.3382238 -1.1709855 1.4819272 1.6126634 2.177288 1.1122123 0.35922173 -1.842278 1.1218476 -1.1558219 1.6645681 0.12683585 -1.6030619 0.9563522 0.19496232 0.14638789 -2.067958 1.1092004 -1.040302 -0.50506306 0.91087806 -0.16549118 0.40286067 -2.0517666 0.35759243 -1.358708 -0.84704 -0.3806722 0.3844126 -1.3519014 -0.116320476 1.3536361 1.0936009 1.442383 1.0397967 1.4006548 -1.1884835 -0.21881315 -1.2845253 0.5800851 2.045636 1.346981 0.6564155 -0.41152686 1.5807259 -0.6893445 0.3519534 -0.16223863 0.39207327 0.34991822 -1.5447264 -0.89230394 -1.8610673 -0.043238122 0.14506659 0.89523023 -1.4954885 0.093658864 -1.0266064 -0.96599644 1.1440462 0.7620472 -0.766941 -0.3957799 0.05997876 -0.25284255 -0.943512 1.5636774 -1.2033592 1.3883739 0.63152134 -2.1320527 0.8785091 -0.66483307 0.6906348 -0.5570457 1.0279235 0.284818 -0.6861159 0.2802179 0.5838894 -0.7945828 -3.3606415 0.45719007 -0.30984765 2.2585232 -0.8141654 0.07458799 0.71206576 0.088475086 0.17766689 0.46502417 -0.510795 -0.113448896 -1.0391594 -0.7753624 -0.83487993 0.49233148 -2.239625 -2.7002537 1.3157998 0.3594046 -1.5063207 -0.20893265 -1.0483571 0.15010585 -1.3549893 1.0570782 -0.9688218 1.0659428 1.2389514 0.73609227 -0.9138962 0.8319864 -0.1635318 0.6120031 0.08993774 -1.0370654 1.5066125 1.0637348 0.096470945 -1.6000947 1.3022311 0.5748571
banana 1.9814063 0.85524774 0.89869004 0.38477603 -0.47908267 -0.82401866 1.1214381 -0.66521543 -0.053468887 -0.8620063 0.7284491 0.65317726 0.37366197 -0.30955616 -0.55118704 -0.1229852 0.54216224 1.3339285 -0.21996164 -1.793782 -0.35176998 -0.108026996 0.5344102 0.036208708 -0.5939856 -0.74512833 0.79368675 0.9946208 -0.45392135 -1.0884707 -0.64956135 -0.32777983 0.21652003 -1.2302656 1.9371959 0.46782959 -2.2993016 1.639745 1.0487963 2.0632367 0.34995565 -1.3817624 1.5265709 1.5845611 0.839207 0.9650858 2.7236364 -1.540772 0.5563681 -0.9798416 -0.5866363 -0.06471225 -0.838819 -0.4754097 0.03281459 -1.3969238 -1.3950362 0.1405408 -0.1275485 -0.24794668 -0.5462589 2.0623863 -0.37152267 0.36638403 -1.0073588 0.25766754 0.11286782 0.7858048 -0.37765974 0.1169792 -2.0939603 0.22295164 -0.35554728 1.6752789 -0.61659825 0.132834 0.46946225 0.5802296 -0.351952 1.0866978 0.0025871457 0.11944083 0.2382742 -0.22518943 -0.41515732 -0.99048823 -1.6211601 1.6855386 0.2875605 -0.084444724 -1.7918788 -2.4192884 0.5442323 1.4627569 -3.3157306 -0.24119787 -0.8393644 -0.87912893 -0.37386644 3.227051 0.01270416 -2.3937588 1.7588546 0.33903325 -0.3419592 2.096161 0.8566045 0.4765761 1.0435851 -1.3257768 -1.3174882 1.5396287 -0.48664996 1.2087932 -1.3948315 1.065563 1.1480125 -0.9512273 0.11025079 0.36642605 -1.6497164 -1.3418746 1.5260619 0.5150939 -0.32797724 -0.6615884 -1.3323193 -0.0073288116 -0.94788975 -2.3820431 -0.9984065 1.2771901 -1.8191612 -0.55859613 1.6349894 -1.7626694 -0.8451039 0.24295911 0.2093736 2.0800052 0.40138537 0.93927544 -0.7625473 1.0022861 1.1877741 -0.3830136 -1.9955336 -0.7258426 0.112379745 -1.6786424 -0.59796804 -1.0500946 -1.5546378 -0.27284917 -3.5535347 0.92920476 0.873465 -0.19308747 1.2544568 -0.13746072 -0.8387391 1.081004 0.4675847 0.9262302 0.17127794 1.3996413 -0.97298723 1.0059764 0.6970929 -0.1496078 -0.76938146 -0.6592895 0.6176836 0.18252958 -0.067132264 -1.1319692 -0.23932181 0.9145595 -1.5906718 1.3932408 -0.7318302 1.3338213 0.6820713 -1.5481014 0.04876228 0.83392555 0.8777072 1.1191044 0.059969418 0.1857879 -0.56026864 -2.7548652 -1.0595964 -1.8525629 0.9844032 -0.7410731 -0.62756705 -0.46862486 -1.1072758 -2.0116973 -0.7340261 -1.2820542 1.0181227 0.72557265 -1.5629386 -1.3604343 -1.0325427 -0.3847037 -0.17447785 0.8353077 0.5126583 0.12415281 -0.9549036 1.4545395 -0.011205766 -0.7617915 -1.3891926 -0.84272856 0.29214624 -0.03528826 0.7962501 -1.6490965 -1.3533477 1.8965601 1.3652596 -0.7057769 1.2771115 -0.6523488 -0.0019135353 -0.80174845 0.72737044 -0.07540336 0.122313805 -0.87387973 -0.64292985 0.54123974 0.76158196 0.40300772 0.006334179 0.058016613 -0.8895558 0.32118833 -0.101099454 0.8067406 -2.1591556 -0.2854456 -0.62819695 -1.6460981 1.3990588 1.1068723 -0.19240166 2.2719572 0.60343874 -0.5083824 -2.0076928 0.90345734 1.043987 -2.2265348 -0.79121166 -0.42315587 -0.967505 -0.46088102 -2.105591 0.16307832 0.13573955 0.70536005 -0.04548029 -0.33447546 -0.35711747 -0.8663015 0.5873381 1.6240393 -0.038308915 1.7400295 0.29362577 0.339091 1.2558147 -2.371775 -2.183447 -1.6768447 0.71136713 1.3556195 0.18736112 0.059715904 0.13326818 -1.7090665 0.4101404 0.1059312 -1.0526538 0.13999048 -0.47252125 0.7655918 0.8069484 -1.3398864 0.7473055 1.224054 0.43154606 1.150781 1.6451461 0.98814565
egg -0.15790421 -1.2208676 -1.6053182 -0.7095651 -1.1354009 -0.7035071 -0.22476347 -2.2136467 0.6869732 1.9708989 -3.027921 1.9053504 0.7602693 0.16110554 0.4111347 -0.6333358 -0.04574451 0.32847694 -0.8042409 -1.3370373 1.2423749 -1.2128291 -0.79411787 1.4331243 -0.052762963 1.3773808 2.2283418 0.8112944 2.531734 -0.35788515 0.023805613 0.45683116 0.9513808 0.9612097 2.0270631 2.2941976 -0.60104245 3.573382 0.35493705 2.0016928 -4.6020937 -1.0007945 -0.33595955 2.1828294 -0.28363252 0.08560629 1.3761703 0.59541833 0.6206399 2.1585336 -0.488141 -0.3185772 -0.64832616 -0.63854766 -0.82669747 0.18183511 1.2998172 1.0917817 -1.3648775 -0.33453757 -0.527581 0.5713298 -1.1887299 1.0436603 0.6619976 0.603476 -0.28330496 3.0842044 0.3312022 0.15304825 -1.8728616 1.0114824 -0.10243719 0.9164359 0.544162 0.29600388 -1.6558964 3.8464758 0.72593343 1.372716 0.33245927 -0.926339 1.3742608 1.9588765 2.1275647 -0.9441033 -1.6888906 -0.075513944 0.7110361 0.040299542 -0.06606853 -0.41697356 -0.07568434 0.9789768 -2.6892674 -0.47047082 -0.6948655 -0.4401374 -1.6382179 1.7977802 -1.4213536 -0.124447145 3.1218455 1.3578118 -1.7504334 -0.16413681 0.85952204 1.0992451 -1.893945 -0.076415524 -1.2337645 -1.2041757 -2.6838362 1.391053 -0.66853774 0.63132584 -1.2322807 0.40204006 -0.8519939 3.4187908 -0.80123454 -1.6758411 -0.49849907 2.4612205 0.17975761 -2.045532 0.8822538 0.52432936 -0.13074747 0.9048291 -0.19665915 0.95632106 0.4048531 -0.36978737 0.81882644 -1.0699236 -1.0248466 1.6209363 0.43157783 3.643756 -1.5014714 -1.0275881 0.80460596 1.6489059 -2.592423 -0.18949206 -2.910623 1.94967 -1.9772664 -1.3373206 0.19886793 -0.6741863 0.13692668 -0.01626096 -1.0060731 2.7327838 0.084409885 -0.08902725 -1.5146699 -1.2465532 -3.0734746 0.07902853 1.0736896 -0.21402384 0.31480402 -1.0152255 0.19052872 0.6735874 1.8235391 -1.5698491 -0.38361293 -0.69436663 -0.40723988 -0.20476425 1.3760256 0.16189046 0.1049147 -0.6878209 0.38004428 0.74856055 1.8133656 0.02005536 -0.040084083 -2.4703345 -1.8781227 -1.0593294 1.2046704 1.3611127 -0.69996357 -0.015575895 0.81688404 0.18450062 -0.5873953 2.2365324 1.0441387 -0.70403403 1.6218514 0.24851665 0.74249816 -1.3086962 -0.21305588 1.0329887 0.22001474 0.42346242 1.5227894 -2.3696878 -2.2029295 -1.8450917 -0.45553857 0.86994153 -0.24759178 0.16230793 -0.54876286 1.0912629 -0.39681855 -0.5515083 1.563968 1.0454444 0.6648352 0.59823895 0.15510184 2.6718822 1.531601 2.1691966 1.4070772 -1.7050369 0.0717973 -1.3941768 1.6204338 -0.35574108 -0.27448693 -1.5199542 -0.25668323 -1.023826 0.12150477 -0.50277644 -0.28621078 -0.369773 -0.5565301 1.4892925 0.36044618 -0.81372726 0.20445894 0.14954855 -1.5774344 -1.1162401 0.2585859 -1.9712924 0.60072345 -0.39593273 0.98311627 -0.49946517 -0.4556951 -0.08906272 -0.72454834 1.4068319 2.0308783 -0.26075 -2.6212945 -1.4989113 -1.2727259 -0.9723871 -1.1711982 -1.2347143 0.7562109 0.25090638 0.21629657 1.1115857 -1.3027498 -0.19699267 0.1911784 0.14379029 -3.412086 0.11940764 -1.5407174 0.283165 1.6087685 -3.122784 -2.2021136 0.67670983 1.0310974 2.2788734 0.30916396 -0.57130873 -1.548866 1.602686 1.8918037 -0.6646412 0.46362337 0.84358114 -0.7877911 1.0910565 1.8940325 0.31457135 1.3237491 -0.68178076 -1.2579296 -0.28026086 2.480867 0.5315844
peanut -0.79135156 0.3708923 -2.188146 0.29447073 0.6876609 -1.099266 0.71490705 -1.6894826 -0.38917637 0.90126616 -0.4933445 -0.78656447 -0.48577788 -1.1482104 -1.944664 0.53269815 0.8109477 0.49383563 1.1742036 -1.9519866 -0.7822652 0.3135863 0.62920356 0.8687847 0.29307717 0.040344033 1.6188784 0.029305344 -0.9615952 0.33940467 0.7636843 1.9162408 1.0583417 1.7858522 -0.52459127 1.8029234 0.15077847 1.3953788 1.6834887 -0.40810743 -0.961093 -0.94531924 -2.1070533 0.62421995 2.6112008 -0.40625304 1.7562717 -0.79860765 -0.34338954 1.6244472 0.14304729 0.4711807 -1.9808273 0.4741939 -0.11018533 0.19025362 0.6025606 1.8981515 -0.65274084 -2.1025162 1.423323 -0.75904626 -1.1044012 -1.3136054 1.2341624 1.192742 -0.37955192 0.88134325 -0.93974644 1.7100738 -2.0713055 -0.10854531 -0.33878607 0.80955106 1.3312217 -0.09649471 0.7360884 1.7218244 0.06082389 0.53286237 -0.08965162 -1.7719634 0.81868315 0.403981 -0.029882817 -2.08216 -1.3520521 0.24225712 -0.16334625 1.3060923 0.23857887 -0.25290248 1.3454518 0.922743 -2.5893834 0.15261112 0.08875218 -1.3454452 0.7170892 1.3958046 -0.17481111 -0.59432155 2.4817615 1.3172905 -3.184362 -0.5926722 -0.26704243 0.016837409 0.9999713 -0.029497068 -0.69401044 0.35040215 -0.18603496 -0.74664956 -1.6840445 0.35239083 1.653712 0.3980874 -0.77527857 0.72330993 0.7084801 0.79925925 -2.6619976 -0.17212094 0.80561143 -4.3117857 -0.095282 1.2160486 1.3181797 -1.5128309 1.7678063 0.9405209 -0.5490261 -0.024583582 0.9465385 -0.28347245 0.59066457 -0.53485507 0.25381458 1.5722802 -0.6147882 -0.1882703 1.2899101 -0.3480423 0.3415426 1.3316354 -0.9404379 1.3554723 -0.7724442 -1.7371852 0.736888 -0.6568655 -1.1464537 0.10075336 -3.1127427 1.2300737 0.16735415 -0.16723824 0.5162917 0.50676185 -1.6441865 0.07779285 0.72089326 0.5377241 1.0525122 2.1910079 -0.20361678 0.99775404 -0.57047606 0.7130046 -0.86407584 0.9363292 -0.6144893 0.64323497 0.55627453 -0.32530615 0.81261164 -2.1801436 -0.12047588 1.8388289 -0.13038038 1.869453 0.5186777 -0.8886709 -0.21214262 0.55349463 0.28032872 1.9504409 -1.1379918 1.3327973 1.1085423 -0.12568295 -0.61251503 0.043417342 -1.5645703 -1.6351336 1.4545982 2.0772884 -0.825547 -2.0161786 -0.636954 2.0473425 0.9019804 2.3532715 -0.6052867 -0.64222986 0.88966507 0.61592174 -0.89573264 0.64808893 3.184941 -0.30449775 -0.39669687 0.9604183 -0.67808634 -0.29675832 1.706986 0.75348574 0.10112568 1.4533511 0.25812414 0.42615974 -0.35774052 0.54207444 0.26283574 -1.7311149 -1.3776078 -1.1490244 -0.9423848 0.705132 0.3276155 0.5661087 -0.6860746 -0.15981264 -0.55667275 0.05864504 -0.9382187 0.6507725 0.25567943 0.48859748 -2.3516357 -0.56403816 0.40752423 0.14851853 -2.016706 -0.47712094 -1.7665529 -1.7161605 -0.68528193 -0.7810675 1.3719022 -0.11138218 -0.99612355 -1.8010635 -1.4916775 -0.5472137 1.08751 -1.1760768 -0.7303488 -1.3298973 -0.8777076 0.7618964 0.40897366 1.6464539 0.012740619 -0.44037566 1.3396176 0.7753766 -0.33767566 -0.6237767 -0.32594895 -0.011130561 0.20988567 1.516897 -0.7822007 -2.3157876 1.4632816 -2.3509924 -1.8438323 -0.43001807 -0.36296788 -0.18306048 -0.53871596 -0.8396047 -1.1719176 -0.46915555 -2.1152432 1.0466065 -0.23537728 -0.6985298 1.0496062 -0.0395512 1.2138748 0.49717847 1.5850728 0.8558695 -1.5958397 -1.4059817 1.0727391 0.16731831
vegetable 0.3720439 -0.5208802 1.2484546 -1.6358045 -0.074539945 -0.7831964 0.3782373 -1.9022369 0.075222634 -0.43779287 -0.54733247 1.3812411 -1.2165384 -0.42897898 0.054006036 1.268603 -0.5152897 -2.1481411 -0.33538955 -0.14439748 -0.09466368 3.0069752 -1.0798284 0.71868443 -0.5091806 0.8216002 2.74852 -0.29287362 -0.10469354 -0.6559707 1.8790752 1.036126 -0.43867472 -1.3947898 0.88281524 1.75569 -1.3997941 1.6303816 -0.14367801 1.2998211 -1.977867 -2.7839575 0.31943315 1.331323 -0.49725932 -0.37227222 -0.4733941 0.42240658 -0.47117978 1.0853221 -0.5659254 1.1460907 0.15527916 -0.9026544 0.86819655 -0.15597585 0.12099585 3.077092 -0.76754457 -0.14643107 0.833767 1.8810039 0.92081344 0.4905867 0.62194973 1.6977329 -1.3032316 -0.22272623 0.78857505 -0.7081609 -1.8905674 -0.32069936 0.7282791 1.3130729 0.0406611 2.2558396 -0.8631374 0.8129802 -0.36002448 0.16882063 0.025889017 0.8835685 2.1093068 0.062521726 2.3398447 1.9312369 -1.0763144 0.6816448 -1.0448632 -0.72106355 1.1520394 -0.032297723 0.69782436 -1.111852 0.43074623 -0.9829403 -0.45008725 -2.2136133 -0.70158046 1.1666493 -1.2488438 1.0266801 3.21121 0.113623545 -1.7516557 -0.3507 1.5299257 0.28873065 -0.08882218 -2.2955184 -0.8917942 0.5845891 -0.59072983 1.8508476 -1.1378134 -0.11653951 -3.0359385 -0.10877462 0.7198854 1.1352835 -0.81403095 0.2937533 0.46771204 0.48637488 2.2257428 -1.4793308 0.54784626 -0.086588055 0.37319064 -1.9183463 0.7154196 2.286363 -1.8433844 1.1548256 1.0203378 -0.9600231 -0.17434618 1.4310675 1.2308656 3.0965765 0.13807596 -0.27951005 0.9236299 0.6922315 -3.0257409 -0.1386204 -0.22944741 1.2929978 1.8892101 -0.95970947 0.8101987 -0.11093612 0.051190123 -0.97504693 -0.26781356 1.053073 -0.5322572 1.0862907 -0.47516793 -2.4905617 -2.243055 0.66227835 -0.13693021 1.2271469 0.9496597 -0.07972521 1.2150221 1.1726557 0.43399027 -1.8596342 0.83619773 -0.7811351 -0.08629921 0.61949956 -1.0182862 0.93810934 -1.0969677 -0.012541531 0.96366155 1.5342873 1.3290142 2.0782044 1.9623728 -1.4210379 0.8071053 -0.43328273 -1.7965463 1.4632567 -0.17547454 1.1254653 1.34145 -0.7471518 -2.1613512 0.08237346 -0.54450953 0.122402444 0.01844315 -0.3742828 -0.89247555 -0.055339724 -0.3167733 -0.6036889 -1.3825313 -0.2962377 -1.2925605 -1.2188929 -1.2235925 0.097554825 0.6887093 1.9565433 0.53865635 -1.0962605 -0.34233984 -1.4194926 -1.4051614 0.555162 0.37165356 0.8560958 0.10368807 0.065176636 0.429277 -0.5360671 1.0081371 0.022073034 2.0081902 -2.2917333 0.73710173 0.59255624 -1.3279784 1.1146878 0.37059778 1.44234 -0.49298078 -0.015769584 -1.0064409 -1.2076211 -0.83639616 1.0312719 -1.4853534 0.65670985 0.6115565 -0.15656562 -1.4550041 0.7008484 -0.73594004 -1.8009908 1.0453877 -1.0920268 0.9195965 1.672651 -0.7009198 2.2321718 2.1161242 0.6794479 -2.0275297 0.51795805 0.70920753 0.2719787 -2.8037655 0.12781683 -0.67209584 -0.44765228 -1.0077147 1.2019564 0.7791049 -0.042748675 0.18880267 -0.30035365 -0.9526454 0.5865336 -0.20235986 1.3434182 -0.4120207 1.4252661 -0.2873907 -0.59876394 2.0889194 -1.2006568 -1.1321111 -0.718843 -0.45544344 0.32618016 -1.8521286 1.1605076 0.26825857 0.29886287 1.409732 0.23846306 1.1594971 -1.6491594 0.26469067 -0.66883594 1.6227281 0.05242403 0.3595605 2.251464 1.2849123 -0.75588465 0.34368482 -0.8753354
raisin 1.8299546 -0.59602976 -0.24975622 1.3713708 -0.316125 -0.2588951 1.3168964 -0.41747934 0.56318384 0.8206145 0.16695686 1.3359891 0.19408152 -0.6376491 -0.46870297 0.8931116 0.11270705 0.8563473 1.4445512 -1.91049 0.33783883 0.41056603 -0.11485448 0.64280915 -1.2363547 -1.2625285 1.0381585 0.88546 -0.66025335 -1.6233788 0.38793644 0.33728695 1.3744047 -0.03260766 1.335356 -1.4694113 -0.40300316 1.3395888 0.75880563 1.048895 -0.9105536 0.42228454 1.6374414 1.1388768 1.59965 1.1101401 1.8217918 -0.3640186 -1.917084 1.1091361 0.004047034 -0.0019034753 0.39169726 1.080077 1.1842612 -0.53915423 -1.5634819 -0.14104477 -2.3151336 -0.9702265 1.179461 0.5326757 0.40638134 -1.3438245 0.06260481 0.553548 -0.47531548 -2.204257 -0.7152683 0.44423553 0.6975926 0.46100748 -1.8916157 1.523136 -0.29848224 -1.1258212 1.3976583 1.2430198 -0.8506624 -1.4730042 0.4507444 0.08002385 1.8057802 -1.313907 -0.4134541 -0.512758 -1.9357398 -0.19399309 -1.1751902 0.10006829 -1.0454093 -1.7427375 0.0051612454 -0.0073551247 -1.5870446 -0.2310302 -1.203013 0.111583374 -1.4418935 1.4236661 1.0564244 -1.7989333 1.2856245 -0.6172769 -1.1975247 2.432277 0.7435021 -1.7945523 0.3933015 -1.217569 -0.6590458 0.101807155 0.4130793 1.0948873 0.30829802 0.8601655 -1.2621727 -0.026443956 -1.0260391 0.5604394 -0.36911792 -1.1312426 -0.118773095 0.5017463 0.38466847 -1.5853443 -1.4403976 1.0682825 0.69910985 -1.2533399 1.1408057 0.69047594 -0.87613475 -1.3847355 1.9828948 -1.8177233 -0.67224187 -0.07057228 -0.6469582 2.6641662 -0.55176044 1.1632015 1.2299029 1.1305826 1.4020721 -0.56044114 -1.5127461 -1.0501584 0.24123977 -0.85396117 -0.61302143 -0.16233273 1.069015 -0.44714996 -0.28068793 0.9549753 0.6543398 -0.58326167 1.2902985 -0.29508257 0.51025885 0.113930695 0.3840956 1.5243232 2.5160372 1.1490145 -0.31356883 1.4008986 -1.1736207 0.5229707 -0.21056515 1.4357929 0.9622064 1.4535182 0.8796202 0.75393546 0.66313094 1.986176 -1.4985719 0.5670418 0.014773099 0.8609466 0.6169523 0.60640633 -0.53011376 0.81809086 0.1141281 3.14421 -1.8964976 -0.6488827 -2.1862419 -0.5962677 -0.7766764 -1.8577588 -0.34523278 0.15090516 -0.095269956 0.6960087 0.8592783 0.021804167 -2.4192102 0.60953367 1.1995298 1.2082947 -1.081611 -0.9619046 1.5761082 -0.55000806 0.50648445 0.7396805 0.6754956 -0.17398973 -1.7205216 0.72508615 -0.630989 -1.4790927 -0.12458094 0.5798631 1.414876 -0.7652328 1.2425146 -0.9015686 -2.0199137 1.6528432 -1.1125938 -1.8023773 -0.281809 0.28891388 0.025752807 0.20816928 0.9900316 -0.2145388 -2.1567392 0.4640118 -1.3622599 0.9534554 0.016146105 2.1980631 -1.7387223 0.97763294 -2.1317215 -0.62139827 1.1992071 0.1794549 -0.82735336 -0.30894232 -2.2417564 -2.1648493 -1.1007172 0.2233713 -0.43854246 0.7370027 -0.44276574 -0.90224946 -1.5859427 0.09434307 0.26546338 -1.2633253 -1.0284612 -1.2723578 -0.5383532 0.64629155 -1.300706 0.6735394 -0.9702791 -2.0796452 0.14666441 -0.42547974 -0.94077843 -0.9220127 -0.7930105 0.76906776 0.25392503 0.7448643 -0.5794781 -0.063328 -0.18781449 -2.737546 -1.3478549 -1.7483795 1.8822572 -0.63356626 1.7378944 0.4912591 1.7797431 -1.0941656 -0.5002997 -0.21430741 -0.3788727 1.4314986 -0.10990642 2.625255 1.3751204 -2.2969172 0.31153458 1.0671346 -1.50118 -2.1110036 1.216621 -0.8690567
animal 1.374277 1.5310054 -1.9369752 -0.75728786 0.8703319 0.21420035 0.15514968 -2.2480886 -0.54229707 -0.2776095 -0.26616442 -0.326176 -1.5380602 0.9095705 0.74875337 0.07965181 0.08050366 -1.0065016 -0.5271819 1.5521306 1.3146982 -1.2696705 -1.5869163 1.7424024 -0.63055235 0.59716916 2.0152047 -0.27812374 -1.4364197 -0.11313707 1.4338934 0.9211272 -1.109009 -0.38996384 -0.95108 0.9058844 0.037544604 0.5406208 -1.4286445 1.0068066 -2.3888896 -0.32357454 -0.52512294 -1.1402245 0.8692744 -0.056976926 0.9568211 1.0656619 0.17333318 1.2034317 1.0306703 -0.00049634854 0.74108726 -0.4630215 -0.110146016 0.3059165 -0.8272828 0.92027664 0.6006441 3.075089 0.14457817 -0.95903647 2.5888815 1.1487442 -0.77828264 0.4742489 -1.0315536 -0.7898528 -0.85810655 -0.31262806 -0.43552387 -0.78780186 0.102908604 0.80159795 0.55929875 -0.7453549 1.4068991 0.025005158 1.3882446 0.36527178 1.2705336 -0.37135264 1.3463756 1.9621091 1.5242397 -0.15641543 0.47266752 -1.4369705 0.6737513 -1.585316 -0.3743849 1.6583145 0.8265284 1.1590769 -0.35644713 -0.99162596 -0.95502925 1.1568916 1.0689818 -0.9991284 0.16041082 1.3263652 -0.8517244 0.3688175 -0.2559572 -1.9146336 1.1114448 -0.6589278 1.693878 1.3963501 1.008304 -0.793567 -2.4706094 0.48866788 0.24357674 0.102094054 0.09221854 0.062499158 -0.10452 0.5294494 0.63424766 -0.42611632 -0.24525273 -0.5451065 -1.0104797 -0.7466338 -1.1715543 -1.6412228 1.8907921 -1.8997301 0.085306376 0.6673283 -0.15891704 0.6685377 0.6632119 -0.8014892 -0.49355853 -0.82113504 0.8657975 0.43016842 -0.9598199 0.3288728 0.33081415 1.6778105 -1.9453154 -1.3232267 -0.35551035 -1.1491742 -0.56187433 -0.06996217 0.7618728 -1.8011382 -0.91004974 -1.3208531 1.6265159 -0.074207105 -2.2899525 -2.033317 0.4560462 0.98148847 -0.085524455 1.2818595 -0.5686006 1.5440474 -1.5480207 0.602444 0.10331678 -0.27855632 1.5200398 0.09170383 -1.1730276 -0.6036138 -0.29494286 0.9869812 1.0009575 1.8117962 0.30047563 0.17619354 -0.70917493 1.5345955 1.795527 0.68958247 1.4572182 0.024457643 1.1695188 -0.7718439 -0.33217803 2.4353507 -0.5142088 1.5297947 -0.79015154 0.75106233 -1.4752098 2.2343917 -1.470103 0.3228687 -1.1756152 1.3984417 1.7792267 0.023524338 0.17727688 0.18145658 -1.5845768 0.6699543 -1.0753374 1.552782 -0.27525142 -0.5747183 0.73331076 2.0221848 0.37822038 0.90788186 -0.039869845 -1.7094142 1.1713433 0.31134418 1.1148591 0.46578524 2.3851976 -0.8502232 0.33576083 0.16353837 1.0291891 0.2641956 -0.4120833 -2.9780898 -1.3569947 -1.2755121 1.3003954 -1.4958862 1.7450621 2.0794208 -1.6476043 -2.4694219 0.91689986 0.13857733 -0.005325865 -0.16441411 0.511308 -2.2016654 1.8247964 -2.3343377 2.011921 0.52163994 0.033374704 0.7789225 1.3480144 -1.5262562 0.4521961 -0.32322094 0.882997 0.5338648 -1.1121356 0.19608432 0.015043333 0.92227656 1.1770316 0.32662603 -1.6705582 -0.32091725 0.4865127 0.38491708 1.5449241 -0.36156088 -0.5319257 -0.064155854 -0.31564578 1.3399019 -0.80655587 1.0242193 0.6981069 1.6621554 -1.2093444 0.16242433 2.5097878 -0.82997894 0.42026156 0.17321557 -0.4644131 -0.04708085 -0.50127226 -0.4568967 -0.24979913 1.0631046 -2.578597 1.1666054 1.1437294 -0.6805825 -0.28512576 0.9343189 2.0512261 -0.51661366 -0.2743316 -0.9115382 1.2392377 -1.7605861 0.09195374 0.36800548 0.0396497 0.18767866
anise 0.76068836 0.57968885 -0.13878974 0.86466914 -0.3623664 0.2813658 0.8997037 0.5737997 0.48097172 0.31182072 2.2267146 -0.8714607 1.4534419 -0.78780824 0.9605853 0.5444665 -0.27032593 2.0107443 2.1520684 1.4240935 -0.9478533 -1.0658138 -1.2670894 0.47355038 -0.5306321 -2.1740124 -0.38206384 -0.86468416 -1.3703415 1.102134 -1.0784166 -0.12096423 0.59489274 -0.2432172 1.3350497 -1.4730382 0.25158387 -0.0068739005 1.8340211 0.1765724 -0.08031933 0.7153474 0.93809533 -0.1846863 -0.21558842 0.53617907 1.4055294 -0.8298139 0.69048464 -2.0298598 1.7432097 -0.15859756 -0.70927984 -0.7880525 1.8321298 0.115115 -0.55165666 1.0021062 -1.1023707 -0.24907522 1.3791889 -0.036439043 0.5407128 -1.0481606 0.61679804 -0.99248 -1.0717863 -0.81726557 0.7477658 -0.4793364 -0.39667252 -0.8723244 -2.6601338 1.6420964 -1.6435139 -0.5659805 0.1848525 1.8613223 1.0121434 -1.5576313 0.9238294 -0.18642487 0.79349965 -0.40801066 0.39970237 -0.17129247 -0.33574435 -0.6572641 -1.3416715 -0.9381302 0.4998393 -2.2294736 -0.83582824 -0.11439774 -0.32963705 1.4338125 -1.1096846 -0.96060675 -0.40514922 0.83871025 0.10956393 -0.29727778 0.2777571 -0.102435865 -1.5813236 -0.293381 -0.43262294 -0.049701557 -0.91762924 -0.35088313 0.15556626 -0.70724577 -0.05395068 -0.7536303 -0.260143 2.0336046 0.28424045 -0.6186174 -0.06921059 -0.12310853 -1.0111357 0.09160069 -1.0198818 1.2966845 -1.1558658 0.09820892 -1.2574561 -0.4109956 0.44628823 0.2399163 0.37648448 -0.5970379 -0.666945 1.0718436 1.2107389 -1.2555236 -0.6071897 0.5491065 -0.86900854 0.88492036 -0.791061 1.6956841 -0.26508763 -0.46727693 -1.6977857 0.10598672 0.5031887 -1.7845541 1.2995561 -0.23319419 -0.6269766 -0.29111472 0.35506704 -0.35640284 -1.0710244 -0.83871436 -1.2740611 1.1433653 1.7698168 0.000810993 0.23527436 0.09554358 -1.2968163 0.043375727 0.5812827 -1.0332723 -1.6495768 -0.42430213 -1.8008047 0.5017064 0.52749944 -0.2841101 1.7245729 -1.0482562 -0.6992849 2.1132429 -0.1398653 3.7279527 -2.8257449 -0.91289276 1.6847733 -0.18072979 0.44870988 -0.09736956 -1.8392653 0.13689813 0.14025977 1.9521726 -1.4438152 -2.1120844 -0.7017947 0.32501537 -0.60217464 -2.1002393 1.9233376 -1.3662912 -0.54896814 -0.5011016 0.1551466 0.23800288 -0.514268 -0.43121317 1.304651 -1.0632254 0.45222935 0.7751078 -0.7128316 0.39144957 0.26795244 0.00289495 -1.0019195 -0.047646835 -1.5961883 -0.665165 0.23493095 0.24583322 0.5434565 0.25413293 -0.34959772 -0.7047898 -1.8263115 -0.03980431 1.1048523 0.7830213 0.12215649 -1.4835969 0.9009039 1.6653765 0.14099279 -0.80354923 0.79334843 0.3047058 0.31921813 1.2757759 -0.13179988 0.70442873 0.10724571 1.1716864 -1.269941 -0.683807 -0.66779643 -0.24420647 0.09442321 0.81935424 0.3313591 -0.6186078 -0.43731532 -1.9930358 -0.10836038 -0.6751738 0.1981147 -1.9889479 -0.32858345 0.017517496 -0.09885504 -0.42460895 1.4439853 -0.3913987 -1.7497642 0.4381093 -0.024413832 0.25132394 0.15211552 -0.9783991 -1.3467947 -1.2972603 -0.38885337 1.8970616 -1.8958262 0.17251706 -1.1718656 1.2723128 1.3448493 0.85992694 2.1065383 -0.38246003 0.98720545 -1.4612342 -1.5483562 -0.29680136 0.3187813 -1.0124891 -0.1830052 -0.53566533 0.84037954 1.0276302 -2.0790963 -0.40799972 -1.5133182 0.9767278 0.647958 2.4667227 -0.29428598 -1.303907 2.3806505 1.301109 -0.4340183 0.5131311 0.6245385 0.3114689
potato 0.76490617 0.23400907 0.30684575 0.2781394 -1.4163462 -1.508517 -0.21815935 -0.4391834 1.383168 -1.3380076 0.14601927 0.8503188 -0.38153827 0.07006919 -0.23975118 1.8179061 1.7425822 -0.07669439 0.5827174 -2.4392703 -1.067671 1.4812435 0.6935553 0.8314282 0.08942801 0.6772118 2.0924275 0.3686236 1.7611672 -1.7939878 2.9234776 1.2616469 -0.80597305 -0.8294694 0.9211617 2.3621738 -1.5646864 2.9623673 -1.7591523 3.1622944 -2.007746 -0.7568153 -0.19678055 2.2789512 -0.62680984 -0.41603065 0.9153285 0.9972278 -0.70166624 2.0296373 -1.1578364 0.83893335 1.1340554 0.44648826 1.323614 -0.7879705 -0.19574253 3.9335546 -0.31664768 -0.14835894 -0.21782999 1.4830471 -1.029277 1.2272607 0.85553634 0.1672142 -1.1211095 1.9675442 0.16833895 -0.14007899 -0.94705814 0.011016106 1.2913249 -0.73464656 -0.5858164 1.7576927 -0.27014664 1.1349808 1.3496245 -0.65604234 0.29066768 -0.5637533 1.7603048 -0.72509444 0.97766143 0.49543267 -0.30942282 0.52148277 -0.25921124 -0.9164888 -0.8819748 1.9814608 0.20032367 1.0231345 -2.3408697 0.9080845 -0.7435783 -0.1733394 0.89353895 1.4527813 -1.1785368 1.6038009 2.4248273 2.2977254 -1.9724101 -1.277444 1.1208926 -0.11887485 -0.3600409 -0.5747311 -1.3108369 -0.052351914 -0.7239726 0.36418366 0.40006793 0.85327905 0.05013056 -0.648906 1.2828451 0.9662811 -1.3734232 0.05638571 2.2411752 2.5525532 0.115737095 -0.791353 -0.064072326 1.5959857 -0.17078602 -1.4443518 -0.24828856 1.0128556 -0.39450857 0.4524822 0.6220768 -1.0823834 0.64224845 2.211096 1.7171879 0.45607045 -1.7865709 -0.9326748 0.6516705 0.0045451904 -3.0860806 1.0547664 -1.8162512 1.4200505 -0.25376254 -0.4729527 -0.6230547 0.52544457 -0.93207014 -0.13064873 -0.99905825 1.5767015 0.53661776 1.1699286 0.7035725 -2.3847075 -1.2124919 1.6045454 0.20292053 -0.13451892 1.0114477 -1.0794601 -0.30784282 1.564843 -0.45090908 -0.36465386 -0.7758029 1.0973488 -0.36351877 0.3248451 1.6622835 0.13800375 1.0324475 -0.67897755 0.2396561 2.590264 2.2172928 -0.095363535 -0.8892844 -0.55503964 -0.7817326 0.31632957 2.0664444 -0.16460422 -1.1959271 0.053118233 0.4439539 -2.1223583 -1.5374585 -0.06987195 0.8758967 0.45112753 0.06598405 -0.75517297 0.015538998 -1.2331042 -1.7904 1.060903 -0.24871677 0.51926357 1.1050587 -0.56474984 0.37968448 -0.061108463 1.5347854 1.7734538 0.7198598 0.8074707 -1.0057287 0.50065917 -0.16448338 0.060876183 1.1503376 1.0944679 0.45209628 0.34556213 2.2052114 0.8442583 0.48443612 0.71674573 1.7003812 -0.55538726 0.48465598 -0.80330837 0.4722758 -0.11812728 -0.32843962 -1.4567102 -0.87510103 -0.5336135 -0.5776314 -1.0169169 0.7614683 0.054694206 -0.3736395 1.765161 0.79858154 -0.84707034 1.7707672 0.07271298 -0.9364468 -1.5617639 -1.7430793 -0.8898878 0.7196623 -0.5197661 -1.4957849 1.40086 1.2115381 -0.5576675 -1.6958369 -1.3430493 0.96746683 -2.3838904 -2.5963116 -0.21975254 -0.5171648 -0.67169815 -0.63088304 0.76349425 2.2621396 0.053260136 -0.16934872 -0.25896692 -1.541401 -1.1194446 -0.58551556 0.60815763 -1.5563722 0.041450623 -2.715674 1.2919192 2.8680153 0.20783542 -2.7285073 -0.53439707 0.32850215 0.6267542 -0.4096557 1.2698737 0.33318013 0.16340001 1.497015 0.76723343 1.67095 0.64951575 -0.21721086 -0.40361533 1.579773 -1.6278785 1.5020279 0.03594637 -1.1529149 -1.8388091 0.38426054 -0.06085776
garlic 1.3933235 -0.8932239 -0.8900271 0.56766564 -1.0179516 -1.4976736 -0.81089777 0.344518 -0.82324785 0.95564973 -0.5870724 0.8901296 -1.3596693 -0.15931164 0.09961043 1.1448545 2.021945 2.2763438 -0.27065825 -1.1778549 -1.2621478 -0.4759751 -0.6986794 0.48141173 0.12842733 1.086769 1.3812273 -0.76658964 -0.50326025 0.11134181 2.5593822 1.3887042 1.5672302 0.3044901 -0.19035497 0.5513218 -0.77770984 0.7814628 0.78126943 1.2535962 -0.76958 0.22201376 -1.4119948 2.564729 -1.1654445 0.3542188 -0.48624584 0.82467276 -1.0189246 -1.269965 -1.3493141 1.7607839 -0.5331486 0.1128122 -0.42245585 0.6006707 -0.358563 2.3438373 -0.2301752 -0.07660366 -0.1260046 0.7773032 -0.6366915 -0.4687022 1.6024767 -0.115709014 -1.1039475 2.2575383 0.9613488 0.11169258 -2.3492 0.334491 0.1235637 0.18855362 0.33973408 1.6993371 0.49622396 2.4169972 0.08799034 0.5499063 -0.7206016 0.36377102 2.8111873 0.6965904 2.1525593 -0.8111928 0.2921622 1.0926709 -0.13949488 0.40253595 0.44517928 -0.79065245 0.71353763 0.98770094 -0.45160383 0.17496604 0.88282436 -1.8390144 -1.6529747 0.52600986 -1.5027645 0.71646756 4.2397556 0.35032803 -2.7510958 -2.0192814 2.8895562 0.4195772 -0.5774579 -0.32533088 -2.1804981 -0.37879574 -0.96471727 0.4509867 0.6585463 0.9815448 -1.4617984 0.1163359 -0.08201822 0.4387386 0.20695469 0.24206072 -1.5946939 0.21584411 2.0787292 -0.45562336 -1.7892469 1.1227249 1.6038454 -0.25029016 -0.18927582 -0.32774967 -0.84038174 0.8823682 -0.23894258 -1.9731616 0.57839245 1.9424832 0.08386794 1.0889146 -1.4373716 1.6660799 0.2741571 -1.8583177 -1.4148319 0.84945 -0.83029056 2.845204 1.3739474 -0.8541318 1.1317142 0.47670072 0.24514894 0.49404845 -2.444913 -1.7630141 -0.5995424 1.0564872 1.087192 -1.3473679 -0.39965695 0.9411378 0.5997342 0.10053388 0.594105 -0.6711169 -0.35594356 0.534867 -0.057960093 1.0463126 -1.6457697 1.2827336 0.8496623 -0.4605182 1.5424932 1.6010032 0.39051667 0.63521874 -0.21015517 1.0398663 2.0719547 0.80971676 0.32032713 -0.839906 1.3246408 -0.29061016 -0.020545768 1.4106138 -1.0656613 1.1747849 -1.0998873 -0.547982 -0.04180589 0.9629122 0.79644054 0.37777898 -0.6349825 0.3385688 -0.53607935 -1.4692551 -1.4166859 0.91005933 0.44316068 -0.57975316 -0.46360376 -1.710895 -0.93360573 -0.90421456 1.245228 1.908487 -0.83442044 -0.53664476 -0.44678652 -0.4593721 -2.1457114 -0.22009417 2.0443027 1.2776557 -1.0263207 1.3954372 0.87923217 0.7453106 0.47360495 0.09403391 0.17362905 -1.6445435 0.6429277 0.5920265 -0.41958892 1.0674754 -0.662296 -0.3705952 -0.9276187 1.1500094 -0.08534551 -0.9048996 -0.6030916 0.5913244 -2.6786 0.20270875 0.30317876 0.9995449 3.325645 -0.61683583 0.45682538 -2.2940009 -2.7070458 -0.45441145 0.48960924 -1.0561476 1.0993266 -0.23778704 0.7666941 -0.7371003 -2.194594 -2.4248776 0.8143743 -1.0220672 -0.48582163 1.1900342 0.83365464 -0.21660556 0.86454904 -0.71457714 0.7760717 -1.9970517 0.81489646 0.6076494 -1.0575962 1.8833426 -0.67631394 -0.26102328 -0.18144284 1.9630111 -1.0852334 -1.3327688 4.0086904 -1.7613505 -0.75299716 -0.49588725 -0.8335081 0.3538777 -1.5168345 -1.0309265 1.0563501 -0.67620385 -0.63144237 2.0376282 1.3590864 -0.053772647 1.1860027 0.53969795 0.8981293 -0.98320794 2.790174 0.2433255 0.53117955 -0.10778971 1.6586813 0.017628005
soap -0.047232024 0.8337465 0.3466057 0.003810806 0.14990608 -0.070886634 1.2074516 0.9537697 -0.8243251 1.1144474 -0.3969708 1.3102717 0.4937174 -0.08427186 1.3656367 1.5255979 0.37801972 -0.4450598 -2.0853827 0.06259926 -2.1498463 -2.894678 -1.6810263 0.6096609 0.9182957 -0.5949904 -0.4034361 -0.6945817 0.536675 0.23681149 1.7154408 0.74246025 -0.40541166 -0.27208453 -0.44972172 0.88225585 -1.8526387 -0.42019442 1.4602889 -0.78897226 0.30755183 1.015575 -3.1590097 -0.16512588 0.7778009 -0.79769367 1.9421632 1.2725825 -0.320064 1.8952025 -0.06398334 2.2655962 0.38791323 0.07729029 -1.0061866 -1.1933645 -0.23997384 -0.38651225 -2.169943 -1.0718375 -0.39749908 0.9665346 -0.5007869 0.07288562 -0.14587504 -1.1776799 -0.3560539 0.56989026 -2.3074481 -1.3731713 -1.9249398 0.080513366 -0.8822159 -1.4010593 -1.1835828 0.6670894 -0.31106856 -0.7723316 -0.3473247 0.941103 0.646147 2.188368 2.4816334 0.013499731 0.32928026 -0.030540964 2.278782 -0.55360377 -0.4126007 0.21064998 -0.7341605 0.045914322 -0.3023535 0.12405893 -0.07127994 -1.8035792 -0.5093563 -0.985001 -1.1398407 -1.1973917 0.13212982 2.1626997 0.19624777 -0.45010456 1.0335113 0.80435264 0.2497656 -0.643001 1.5980163 1.2363929 0.25681698 -0.31794378 0.6396933 -1.2790073 0.5540043 2.4647434 -0.4740177 0.53250563 1.100678 -2.8139846 -1.687934 0.20893614 -0.9627518 0.45083678 -0.21902186 -0.3414655 -0.13558502 -1.8112441 0.26175326 0.4941042 0.88992643 1.6972432 0.55032986 0.15771241 1.2820014 -0.5108153 -0.86340755 -1.6930472 0.4539573 0.34590095 0.8609549 0.5127864 0.3742017 -0.610601 -1.5539758 0.13339621 -0.15106633 0.56979704 -0.08965986 -2.0771298 -0.40778688 -1.675089 -1.6426846 2.1889443 -0.37173852 0.31694484 -0.96518934 -0.81100523 -0.9949189 1.8220531 -0.28521395 0.35672367 -0.9578212 -0.15170024 0.35250315 -1.1995689 0.16099103 1.4943709 0.52551657 -1.6592041 0.11889703 0.637536 -0.29347783 0.36904407 -0.113817856 -0.925395 0.2242103 -0.38097566 0.31309143 1.2260516 -0.67768216 -0.11412183 0.440824 -1.1639227 0.6469386 -0.08793786 2.6541064 1.4824574 0.37597597 -2.0017693 0.44795808 1.4034168 -1.0658972 -0.12602028 0.4773286 -1.4445752 -0.19185892 1.1669195 1.5623056 1.0398458 -2.2635994 -1.4695585 -0.09134103 -2.0080962 0.19231278 -2.8797734 -0.9427851 0.46245298 0.059903994 -1.757038 -0.46498555 0.64662653 -1.2902114 0.5324651 1.1359534 1.4036162 -1.6547438 1.0976913 -0.17764303 0.30615777 1.5153004 1.2275554 0.1827787 -0.88212985 1.4128484 -0.45044443 0.68838894 1.3387548 0.25027633 0.11065242 1.5987172 0.2912902 -1.4326462 0.6882837 2.2215717 0.33436403 -0.011045005 -2.1599336 0.54620314 1.0274271 -0.26324463 0.34737727 1.2726475 -0.36450848 0.6774594 -1.7107941 -0.99931943 -2.3889132 -0.08478949 -0.95765775 1.0588529 -0.8884207 1.3901075 -0.59341437 -0.04453791 -0.8219456 0.8121536 1.3327434 -0.308494 1.2561623 0.31855962 0.62813866 1.2523412 -0.8864866 -0.52678883 -0.93770343 -0.33487388 -1.0110198 -0.93368024 0.172887 0.59715515 1.0252548 0.93236154 0.09593957 -1.2244478 -2.398246 0.38798457 -0.8772616 -0.9376007 -1.1183865 0.83782953 -1.2912242 -0.13134083 1.6583875 -1.875782 0.48978147 -2.8673964 0.39011547 -2.5022185 -0.7095368 0.9613812 0.4145104 0.57404166 -1.0732062 0.9701953 1.481498 1.2317554 1.419338 1.3012735 3.3716671
geranium -0.26251683 1.5138283 0.80797136 0.5446125 -1.6919886 0.43260935 1.1536847 0.2728658 0.7976253 -0.9190035 0.9242025 -0.6018941 1.8299974 -1.3393342 2.1363318 0.24730974 -0.14234479 2.3059032 0.8768878 0.6284584 -0.7238851 -0.61337775 -0.08635373 -0.6475341 -0.644945 0.41717315 2.3021948 -0.88402903 -2.0712087 2.1956017 -0.32897335 -0.4172186 -1.3664048 0.03173707 -0.8746954 -0.5877329 -0.843532 0.599196 2.454865 -0.34520146 1.1501526 0.27789026 0.0044584847 -0.35325488 -1.5678629 0.50642246 1.6949688 1.0310701 1.358541 -0.85365564 0.14964208 -0.13853784 -0.33284777 -0.68153036 0.67683613 -0.3368231 2.1144078 0.37844443 -1.8322734 -0.37749377 1.277106 0.10840855 0.6405075 -1.1179751 1.5418004 0.07938809 0.03054237 -0.75046104 0.31410444 -0.20362183 -0.854833 -1.4859594 -1.1252108 0.37405184 -1.9435158 0.34071246 -1.70349 0.94667363 1.1496477 -0.25951886 1.0004874 1.8381544 0.55097514 -0.5080732 -1.0058403 0.36124092 0.93970305 -0.76452094 -2.3415833 0.9098559 0.6551682 -0.71317667 -1.6188214 0.10658703 1.3971286 -0.3179954 -0.33572888 -0.34322315 0.9023858 1.5403043 -0.30849624 -0.13084993 0.78395134 0.33302116 0.048635896 0.50009054 1.0231388 -0.7674889 -1.0559309 0.76234585 0.38869226 -1.3876143 -1.2149951 -0.8865285 0.0503146 0.124175616 0.33092698 0.4069865 0.71718884 -1.0730686 0.46866482 -0.6307678 -2.1981258 -0.32740074 -0.40606484 0.16488898 0.823527 -1.6379565 0.6491124 -0.40505162 0.4685873 0.1691215 -0.8483528 0.5909208 -0.43155193 -1.1238139 -0.6971349 -1.0074774 -1.5307052 -1.7394557 -1.5552516 1.4746723 0.34277079 0.9247194 -1.9641362 0.03568971 0.8573618 -0.39774007 1.6814494 -1.6139843 -1.0756898 -1.136748 -0.06742383 -0.7027738 0.42198327 -0.78529805 -0.05883717 0.5722539 0.85611767 1.3242589 -1.7108073 0.17273898 -0.3764907 -1.3415235 1.2246449 -0.56772035 -1.3001016 0.8599669 -2.1463087 0.24529734 2.5056286 1.5144281 -0.0069072456 -0.016392004 -0.07916981 -0.44305006 0.3220168 -0.2745097 -1.0725123 -1.3733737 0.09474268 -0.34787858 2.1739912 -0.07990834 0.55397683 -0.1759256 1.516369 1.8497435 -1.0225747 -1.3812045 -1.4714984 0.02391856 0.05764302 -1.6261258 0.97464335 -1.2493488 -0.9340029 -0.7066646 0.23721032 -1.3542347 -0.9355915 0.1258865 0.36384767 -1.4526349 -0.114102006 0.11761522 -0.44427443 1.1946088 0.29322544 0.22141103 -0.12763046 -0.99875396 -0.854554 0.26221132 1.3237547 -0.8969366 0.61575663 -1.0017736 0.53696746 -1.8738306 -0.9730443 -0.15486377 1.9539796 1.4294049 1.6550152 -1.3110443 3.3743541 1.8464651 0.70631605 -0.2678029 0.3698234 0.40126154 0.5627344 0.30146804 -0.26880315 0.17432587 -0.030246228 -1.2705511 1.0221124 0.7117298 2.0478318 -0.8110064 0.4826177 0.26325697 0.48818263 -0.98959917 -1.3084174 -0.73209536 -1.078621 0.8458053 1.4044229 -1.2844907 1.825298 -0.497067 -0.5809763 -1.8565669 1.9149054 0.5582445 -2.0369663 0.9863294 1.4523087 -0.12750472 0.70261174 -1.2745388 -1.0461469 -0.74701613 -1.9916779 0.11280716 -2.295593 -0.95749044 -1.4135381 0.98028594 2.5790594 1.14518 1.2051214 -2.624992 1.7213197 1.0887101 -0.8106319 0.016014338 -0.42261216 -2.4390812 -1.8917129 -0.07745557 0.16101503 0.45474747 -1.1551965 1.3612943 -1.1818337 0.87037987 0.54708517 0.4025029 -0.31959668 -1.1888008 2.007692 0.465786 -0.16671392 1.932601 0.07669706 0.8296411
pine -1.9652035 1.3505263 -0.25784826 0.9873169 -0.996526 -0.1144845 2.386554 -0.63333124 0.567059 -0.66282886 1.8704671 -1.1382667 -0.011685738 -0.589878 1.7683889 1.1756214 -1.5927514 1.7288069 0.7073548 1.9485682 -1.0212518 -1.0196391 -0.19122404 0.6327971 -0.8679023 0.2146119 0.7993371 -0.20114104 -0.8756362 -0.30091745 0.70343935 -1.2539792 0.28325382 -1.3445886 -0.85296386 1.7079962 -1.1250992 0.2039524 1.0848272 -0.03162444 -1.1964754 0.07615015 0.928545 -1.2660514 -0.8472108 0.17111452 1.6031585 0.77336174 0.4153141 -1.2455707 0.057483226 0.8991072 -0.40818366 0.3879322 0.5739751 1.0031124 0.9020545 -1.4959418 -0.5211001 0.16434501 2.110354 -1.0197841 1.0048313 -0.42777368 0.34226233 1.2595458 -0.48106685 0.49712923 -0.69716275 0.531249 -2.1773438 0.27545822 -0.283408 2.1108572 -1.4482546 0.056663644 -0.9937007 -0.40481696 1.9755188 -0.06421893 2.1081564 0.30124328 0.25525898 -0.15878323 0.7893157 1.2074529 0.99687624 -0.0558397 -1.1785055 -0.06078422 1.6748629 -1.9007398 0.08764314 -0.07292285 0.0024539607 0.7160099 -2.0841453 -0.76823103 0.5261339 -0.17779222 0.794077 1.9323993 1.55518 -1.0996119 -0.33355618 1.7954022 2.2484777 -0.6781972 -0.77900076 2.1004806 0.043922227 -0.12446732 -1.1584754 -1.3570378 0.42686608 0.7157104 0.579902 -0.12534297 1.2546047 -1.6306539 -0.12997492 0.87597924 -0.29980788 0.6429164 -1.2749348 1.9251075 0.052333195 0.06660458 0.13673906 -1.204484 0.092136614 0.03420715 -0.7710557 -0.86224604 -0.92521864 -1.1918427 -0.016392395 -1.392455 -1.9897256 -0.7866695 -1.4451833 1.6131645 -0.751074 -0.63934666 -1.8241571 -0.004850235 0.4501671 -0.29065204 -0.38212878 -1.2026668 -0.8643005 -0.10860282 0.087025985 -0.7053094 -1.9922556 -1.0550296 -1.5138687 -1.483551 -0.00042639917 0.20614451 -0.14539492 1.2874135 -1.0900747 0.65234065 1.0371245 -1.2838819 -0.14711916 0.8132802 -1.5611013 -1.2904463 0.17102037 1.4425194 -0.61634016 -0.9672832 0.52147675 0.44819188 1.0421112 0.03708607 -0.23613277 -0.07496109 2.0492399 0.5747612 0.095325336 -0.32646322 1.141333 0.5554085 2.1212711 0.6075841 -0.3488295 -0.24578364 -0.4397041 0.25541332 -0.5716149 -1.3479637 0.37377986 -2.1562517 -0.40429157 -0.07328789 0.053723272 -0.39285284 -1.2178009 -0.009057146 -0.11840986 -2.076366 -0.26722142 0.17274462 0.21336627 1.9400679 -1.1621181 0.6041007 0.45171142 -0.8442038 0.22437903 -0.09080975 0.00448877 -1.2130082 -0.0857726 0.36392406 -0.7000557 1.0232639 -0.4401072 -0.17928933 0.06470121 0.977811 1.677513 -0.30573288 1.359435 1.2677677 0.40159607 0.8871933 0.8881276 -0.13768183 -0.46810395 0.74616843 0.7707421 0.45315668 1.3369455 -0.5536343 0.6697638 -1.2276567 1.6765162 0.03909031 0.53776133 1.1767876 -0.486154 -1.448212 -0.33903876 -2.0767627 -1.2250214 -0.60441226 1.2702817 -2.0496798 -0.4668444 0.36188695 -1.1115878 -0.43177772 0.82952017 0.11810399 -0.23143345 -0.7650299 0.66587675 -0.21188119 0.3492391 -0.7286997 -2.0288637 -0.5751684 -0.2490764 0.9597304 -1.4583294 -0.348033 -0.32157427 0.7758391 1.0972031 0.68657416 0.16437933 -1.7188065 0.8102654 -1.3042054 0.216175 0.47080812 -1.1702111 -1.2429892 -0.5265429 0.141878 -0.034505367 -0.028585715 -1.9137166 0.39428934 -2.472039 1.300494 0.40911785 1.1047145 0.27872548 -1.2560117 2.411544 1.1403558 1.3112905 1.9960201 -0.47945896 0.025428582
onion 0.76955825 -1.4056838 -1.2336231 0.0936347 -2.092982 -2.1185453 -0.42578778 0.66122717 1.1613805 -0.52408355 0.48403955 1.5879809 -0.7244033 0.7490933 0.5624646 1.7865466 0.15688822 0.5172319 0.3852052 -1.6183686 -1.6094692 0.15644076 -0.60073906 -0.67845196 1.4307599 0.42573786 1.7097634 1.1660651 0.7012983 -1.5543149 2.06034 1.8283925 1.0027122 -0.98736084 2.2762938 1.0470695 -1.9621854 0.7169153 -0.110856175 3.5394619 -1.5968751 -0.83567834 -0.22982171 2.3210118 -0.9868671 1.5307311 2.1856215 1.0069607 -1.7785963 -0.42932776 0.3411789 -0.26915187 0.091698274 0.41882816 -0.36428374 -1.5839087 -0.5088915 3.7641253 -0.8667294 0.07637567 -0.6265699 1.8864179 -1.5184467 0.97846234 2.1611896 0.70751184 0.50211954 1.8795938 0.44964316 1.6145442 -2.6146145 0.4265567 -0.10529298 -0.044727158 0.56067294 2.3509235 0.75254 1.5206463 1.599184 0.18597822 0.8200413 -1.069911 1.6794305 0.32160965 1.2013285 0.030625526 -1.0907602 1.1796385 0.34827167 -0.8180837 1.0340426 -0.87841076 0.43141297 0.35076937 -0.13284384 -0.33074656 -0.07971125 -0.82036287 -3.5468197 2.6715178 -1.6768582 0.23456654 3.3099077 -0.36190125 -3.1778862 -1.4631087 2.3382783 0.15716249 -1.6894706 -1.1023808 -1.5142561 -1.4760098 -0.76670694 0.48033518 0.018230874 1.3606167 -1.6099669 1.0685791 -1.5758526 1.7163886 -1.1468754 0.6461591 -0.5791087 0.49072218 0.17823316 -1.6755193 -1.3819847 -0.16882683 0.18094753 -0.26038608 -0.0973171 0.78079486 -1.3649653 0.6375818 1.193643 -2.120916 0.37983057 1.134834 1.8422892 1.7472548 -1.3721164 1.7298535 0.5841911 -1.1058344 -2.003738 2.0555296 -0.0620716 1.7067279 1.2706223 -1.0628067 -0.14521508 0.08353577 1.6962994 0.1846183 -2.1915362 0.38258818 1.0924379 1.2308617 -0.9875967 -1.9617767 -1.228535 0.17963482 -0.4029447 1.3396133 1.4231958 -1.1738765 -0.7242326 0.8241782 -1.3995925 0.65668845 0.1957063 -0.08844536 1.6989617 -0.6411976 2.0616744 2.1324956 -1.3085282 0.33076224 -0.39332962 1.7210078 1.5098449 -0.4262269 0.47729743 -0.93264514 0.81528133 0.61649007 0.52532244 1.9061565 -1.0783538 0.39258602 -0.9067726 -0.24394485 -1.1376699 1.5844421 0.8143288 -0.03448569 0.22763702 -1.848663 0.9169875 -0.57796115 -1.670103 0.99442726 -0.26750866 -1.1715168 0.17276175 -1.1668415 -1.9657409 -1.3594326 1.2939439 2.737777 -0.5483518 -1.6431398 -0.32160822 -0.53760976 -1.8565664 1.3430499 0.0859212 1.4750403 -0.79844844 1.8194816 1.5265713 1.3395061 1.2291014 1.0705817 0.72876203 0.25999725 0.7260728 0.12449747 -0.6067537 1.4109682 1.2801174 -1.4395374 -0.6149443 0.30108312 1.265615 -1.5775105 0.3809975 0.07024779 -2.3626096 1.8315476 2.196976 -0.30569082 2.9181175 0.54301953 0.58246803 -2.583698 -1.0775675 -1.4768273 0.688096 0.029179454 -0.011144142 0.2762326 1.2143832 -0.99680513 -1.3957299 -4.040022 1.9012891 -1.9574088 -0.7793871 0.61657333 -0.03589391 -0.09044659 -0.7871632 0.7447978 0.933778 -0.01737268 1.2960988 0.7290024 -0.65096873 2.6303453 -0.3275685 -0.2018118 -1.6479331 1.5526507 -1.3218721 -0.6178167 2.1998587 -1.8009566 -1.4415563 -0.5670858 0.14773282 0.5259012 0.9585791 0.048463248 1.3035747 -1.296516 0.20028096 1.3013119 1.6220559 1.1867585 0.21059765 0.5221975 -0.7053135 0.4087227 2.413766 -0.16971096 1.0367618 -0.5584765 0.33182177 0.83542037
vinegar -1.1944175 0.08140751 -0.7523753 0.07190402 -1.1777389 1.2223175 0.06501615 0.14807132 -0.57681453 -0.76071906 -1.1213226 -1.0848753 -2.44602 -0.30627653 0.5865792 2.44246 -0.43542868 0.557394 1.0285922 -2.7803795 -0.834859 -1.061553 -0.9989098 -0.50225663 -0.81220025 -0.1696901 0.855844 0.030806106 -1.1720908 -1.3526971 1.5639418 1.1769202 -0.107738435 -0.8993727 0.9087806 2.9425972 -1.3573096 1.2985306 1.2198869 -1.0441824 0.7288554 0.017447488 -1.4832385 0.10808843 -1.9937994 0.5767789 -0.47626075 1.103425 -1.1920124 -0.99796385 -0.4222652 0.77957183 -1.2543229 0.7007131 -0.16527028 0.916869 -0.9511247 3.1958642 -0.55810845 -0.8449092 -0.2796629 0.20745815 -0.5451939 -0.602997 1.319876 1.5685321 -0.25810835 0.6367848 0.17927627 3.3301792 -0.64714533 0.17312233 -0.10530681 -1.0531142 -0.38667503 2.650869 1.5903176 1.6663558 0.32698417 0.9381685 -0.67526567 -0.8394592 1.7289499 0.8484904 1.7803011 1.8009837 -0.07803899 2.2387705 0.4184609 -0.9404545 1.1546751 -1.0580809 0.26347163 -0.7047552 -0.5965694 -0.6910256 0.7612361 0.41284496 -1.000782 1.5830283 -2.3993647 1.1779002 2.263703 0.3086825 -1.5902761 -1.7439401 -0.18186209 -1.6287805 1.2698749 0.07015777 0.5704861 -1.6325831 0.044973303 -0.79582053 -0.046870492 0.6930011 0.07436574 0.615293 -0.8002526 -0.16698821 -0.5745497 0.89165527 -1.2337369 -0.70950437 0.8930706 -0.99906856 -0.6605261 2.0662832 0.6757558 -0.10282556 -0.97234565 0.52381665 0.17778477 0.051796157 1.1693386 -0.043397684 -0.04178683 0.0049907602 0.72913414 0.5105352 -2.7247992 1.4681001 1.3935796 -1.9949274 -0.4016719 -0.44954383 -1.1459775 1.7447549 -0.012935443 -0.6893471 -0.45526206 0.8681514 0.022848321 -0.6481827 -0.4265 0.19128495 1.1182363 2.4815543 -0.7063587 0.43531784 1.0730293 -0.29313767 0.8153397 -0.7093022 2.3201356 0.016773762 0.38727805 0.2727761 -0.03800664 1.7006972 -1.9756123 0.7472739 0.72588056 0.03279303 2.039625 0.77623636 -0.07033026 0.6360433 -2.377179 0.77664405 1.5002483 -0.28672206 0.054646693 -1.8445035 -0.5023529 1.5970384 0.44489515 1.0767864 -0.9929737 -1.0755655 -0.52921283 -1.80664 -1.2971625 0.04591582 -0.97857517 -0.8244188 0.09623875 -0.9429703 -0.13185091 0.14047863 -2.2897732 -1.2432464 2.2788978 1.2587126 -1.2673596 -3.4133115 -1.469484 0.16652186 -0.048358817 0.7698803 -0.06625149 -0.52616173 0.13878535 0.08357934 -1.9972595 -2.1930172 1.3574846 2.523215 2.0034184 -0.43799248 1.9156048 0.8343638 0.059258677 -1.3157653 0.13168222 0.627775 0.88061535 1.5437022 -1.5671673 1.2732998 -0.1302472 -0.42825776 -0.18041717 0.6013736 -0.7656639 -0.24601163 -1.6881114 -0.24532112 -2.1280127 -1.1646516 0.5312426 -1.2217594 0.7103553 -1.4071671 -1.4821436 -2.513298 -2.3738112 0.14888893 -0.6342457 -0.45036 1.4044403 1.3637309 0.8185212 -1.4261218 0.32297623 -1.9578183 0.57917744 -1.446311 -1.1954247 1.7745866 -0.7761615 0.3450865 1.2023106 0.98899084 0.19222051 -1.8809123 1.1416872 0.24503502 -1.0473791 0.45475015 0.24145481 0.25482973 0.5894604 2.645016 -0.47450778 -1.111283 2.3866866 -1.9765918 1.1740611 -0.7648745 0.39749965 1.2236347 -0.7732719 -0.16669804 -0.81180435 1.2090272 -1.6937077 2.5004303 1.1727442 1.149476 -1.519791 0.93224996 0.12656234 -1.1169574 1.2113453 0.6497013 1.5577356 0.79833007 2.0453916 0.93161315
grass 0.16839702 -0.12126941 0.14903387 0.47479984 -1.2890296 -0.46858284 0.30116832 -0.94325715 0.15883934 -0.6573857 2.1012204 0.034024026 -1.2105185 0.68166846 1.5247695 0.5817446 -0.9599398 1.4109845 0.10185604 0.36453816 -2.0042984 1.9658159 -1.4901075 0.5558176 -0.37364542 0.86231893 1.1061488 -0.76636755 0.22790088 -0.52765566 0.44405958 -1.1949203 -0.5058116 -0.90884566 -0.6794786 1.0998132 -1.6804732 2.0035443 1.5353808 1.6271341 -2.748981 0.951226 0.8398306 -2.0014415 -0.88665134 -1.7672985 1.1160814 -1.174729 -1.7296455 -1.3329183 0.17107417 0.27220866 -0.14814472 -2.109424 -0.5279044 -1.7961069 -0.4583794 0.37416247 -1.3839387 0.1281828 -0.41828397 -0.530898 0.53351367 0.44334412 0.1393567 0.80157304 -3.3045676 1.1591742 -0.23484065 0.9273164 -1.405825 0.84453917 2.0448625 1.7842253 -1.0656843 -0.67148525 -1.2050284 -0.35925177 1.2231027 1.9113386 1.6643212 0.9834878 -0.52982676 0.28081712 0.2911119 1.0049189 1.3382543 -0.17772529 -0.6822156 -0.28342426 -0.12718742 -0.33037353 0.13059999 0.10053784 -1.0232018 0.14982297 -1.9098146 -0.54536754 0.41327572 -0.7284217 -0.07569343 0.40054286 2.068608 0.4227827 -1.1305072 2.842423 -0.21480563 -0.9559429 0.5345948 1.0141819 -1.8577415 -0.026024718 0.35448357 -1.2627116 0.640033 0.079011984 -0.15148331 0.45591292 -0.3457082 -0.7252339 1.1065934 1.4966452 0.06374147 -0.25753304 0.9815181 0.47475773 -1.3321625 -2.687869 -0.70999646 -0.93061334 0.77642554 -0.6152209 -2.046168 0.9966703 0.5791656 -1.0638748 1.1164889 0.052019384 -0.4928874 1.6634399 2.2987428 1.5233384 0.7892818 -0.11503402 -1.8192917 0.6416099 0.4157729 -0.37180912 1.8901453 -0.19429 1.7118468 -2.5086102 0.14833981 -1.866094 -1.3015332 2.2616081 -1.5331877 -1.2310091 -0.66132 1.5810186 -2.6229048 1.3867971 0.17016518 -1.0409724 0.2404603 -2.09 0.9322441 0.8978875 0.36911806 0.10844037 -0.15438482 0.35590893 0.21864624 -1.3464272 0.51431155 0.12549123 -0.14630915 1.6345733 -1.8099369 1.3019285 0.7423538 -0.72742504 1.5864224 0.34311488 0.78890246 0.2981326 1.013564 0.46939918 -0.33656147 0.46855417 -1.6913683 0.4824979 -1.6496388 1.483373 -1.0417846 -2.8831456 -0.61751837 -0.26540747 -0.06409382 -1.2569934 -1.3660372 -1.1942595 -0.81414056 -2.4910877 -1.405345 -0.49182317 -0.76603746 1.4607563 -1.1821411 0.66268206 -0.9865693 0.7192305 -1.2382865 1.1045628 -1.2752378 0.37530297 1.1336551 1.913915 0.67333966 -0.9928721 -0.12660733 0.31357747 0.679653 1.1814237 -0.56917197 -0.91862065 -0.0038111391 -1.8314059 1.4588428 0.59863734 0.12735206 1.5754489 0.30606648 -0.24273117 0.4310957 0.4099459 0.34934685 1.6309752 -0.30458236 -0.50242704 2.0112345 -0.5736773 -1.4741018 1.1190495 0.11999288 -2.3997335 -0.6773005 -1.5103155 0.7628944 0.9818691 -0.21122979 -0.045782823 0.965496 -0.21133661 -1.2796404 -1.798659 1.7115891 -0.24901764 -0.9416913 0.08582695 -0.21328114 -0.63412786 -0.1890554 0.5036038 0.21476886 0.6514274 -0.5784278 0.4885829 -0.38386488 0.02152582 1.2332174 1.6455969 0.18073055 0.8879089 1.7833407 -0.47129577 -2.1660058 -1.1840276 -0.8753298 -0.07172043 -1.3221804 -0.94241756 -0.49838415 -0.11295973 -0.57537144 0.50668603 -0.43980682 -1.0531491 -2.5893748 -0.6702208 0.43259126 -0.48994717 -2.0977042 -0.71825856 1.479528 0.1204101 0.7938503 1.4552687 -0.9564114 -0.19175369
peppermint 0.44641382 0.6291675 -1.574721 0.8725259 -0.6592093 1.2456353 1.319525 -0.6491613 -0.81447995 1.6829867 2.5930893 -0.6164212 -1.205021 -0.5575278 -0.7252433 -0.7638615 1.5120311 0.9350664 -0.27699834 -0.053703025 0.1319897 1.0753176 -1.3895644 -0.081437744 0.61560786 -1.0262333 -0.5323433 -0.8740406 -0.47188807 -0.038574617 -0.021980884 0.23185544 0.020929027 -0.4440768 -1.8326205 -0.70154 -0.6604399 1.2277166 1.1898861 0.15301636 0.54225147 -0.3693347 0.15345643 1.1534784 1.5922345 0.56754607 1.5571696 -0.24575204 -0.32736596 -0.6930741 2.0548685 0.116500616 1.2074704 -0.27911156 0.3086969 0.6369691 0.49814665 -1.0760872 0.25457442 0.22813936 1.4256163 0.009686512 0.788802 -1.2449259 -0.8678427 0.07051295 -1.7357138 1.5730202 -0.92284805 1.264679 -1.9530257 -0.4994641 -2.8731604 1.037559 0.60341495 -2.4110634 -0.3194155 2.1212401 -0.4592656 0.7788997 -0.059180066 -0.3485585 -0.35011685 -0.029524842 -0.50071007 -0.799568 -0.081605144 -0.7761728 -0.10901799 0.62839216 1.2728783 -1.8106298 0.60581565 -0.4297444 -0.89183503 0.48443425 -1.0656755 -1.2959671 0.7547053 -0.55296886 -0.43440682 -1.8208462 0.4311002 0.8202549 -0.4798288 0.25113925 -0.5707472 -0.49612483 -0.2344582 0.90197796 -0.2077277 0.88931257 -0.68679595 -0.8198651 1.1001155 1.9222126 -0.69391614 -0.60753655 0.28003305 -1.5538882 0.7340432 -1.3630639 -0.4466343 -0.30954581 -1.6928235 0.74759525 -0.73745775 1.0149186 -1.2190572 1.9829881 0.38124153 0.34620535 0.058904797 0.91302145 -0.4980619 -1.7785954 0.861999 -0.9650782 0.3416968 -0.82362866 -1.2727607 1.0353504 0.17150044 -1.5145366 -0.8107301 0.8783982 0.58754885 0.49627736 1.3365817 -0.058237515 0.14328828 -0.29469946 1.2991309 -0.738803 -0.8789552 -0.2751069 0.661912 0.5349031 2.2277048 0.66780126 -0.29396293 0.42019665 -0.5232762 -0.42434877 -0.36407444 -2.1215553 0.5099719 -0.99574447 -0.54644305 -0.64230955 0.4096645 1.6602377 1.0707945 -0.3100847 0.121028095 0.034123547 -2.4305584 0.5957236 -0.9068773 -0.26297605 0.03167569 0.3140125 -0.64865464 -1.0210893 0.36128008 0.14196445 -0.2438292 1.2700124 -0.7165816 -1.0392445 -0.28959545 -1.0736312 -0.6995609 -1.7409952 0.50285447 -0.64918315 0.2729957 0.25264102 -2.2782228 0.21853678 -0.3813323 -0.10588433 0.61652076 -0.88715035 -1.1341251 -1.4732556 -0.11396198 0.6116727 -0.64800894 -0.4182544 0.7623549 -1.1349318 -1.9786842 0.113247424 -1.084383 0.100491606 0.13547207 -0.49725 -0.256966 -1.9302207 -0.8365198 -0.52032346 0.98157704 0.060933795 1.1797011 0.176338 1.0075964 1.7997798 -1.4518138 0.25045452 -1.5538126 0.1570396 0.6684397 2.0726721 -0.725717 1.9061108 -1.0375881 0.16711442 0.078454584 0.6684966 -1.1588887 0.64396566 2.8223548 -0.81381154 -0.6189505 0.01306297 -2.1907394 -0.15686823 -1.1501944 0.015784733 1.1204305 -0.7383013 0.07976208 -1.2179222 -1.2667929 1.4839998 -0.65006894 0.824176 1.2476355 0.11990543 -0.07940796 1.0564319 -0.015575346 0.7808998 0.2386285 -2.5809233 1.0101142 0.19650401 0.10864125 -0.6210145 -0.8792595 0.29960802 0.959397 1.1205158 0.3934301 -0.8391583 1.5351893 -1.2008255 -1.2597303 1.1551174 -1.0106316 -0.040487822 -0.7422303 0.10892215 0.10608091 0.69310087 -0.28141528 2.17437 -0.880801 1.3526661 0.4049456 1.0464901 -1.3124987 -0.46612674 0.9312128 2.1497104 -0.47168913 0.27263436 1.1376971 -0.48451108
mushroom -0.10676538 -0.74796927 -0.8633587 0.5247314 -1.2394822 -1.8873776 -0.1717761 -0.3982117 1.8646708 -1.0440108 -0.089997984 0.28235614 -0.088800594 1.7545551 -0.16393192 2.0708685 -0.1530774 -0.06279125 0.647725 -0.23140763 -0.94660693 0.77653044 0.2833805 1.3179909 -0.89001185 -0.6808197 -0.61847097 0.1790594 -0.51852393 0.090749785 -0.16064358 0.4459401 0.5443198 0.63256645 0.7557405 1.3290834 0.98669845 2.6879056 0.8621894 3.110782 -2.8877273 -1.0379084 0.29975665 0.02963732 -2.8217707 0.3828109 0.67010045 -0.99950945 -0.50052834 0.8935973 0.96035075 0.29126245 0.23651761 -1.6902087 -0.86779207 0.21852897 -1.285669 1.2222592 -2.3937566 -0.27759942 -0.031064874 -0.988813 1.046509 -0.8065773 0.7140869 -0.39328298 -0.70726067 -0.61420906 -1.6901476 -1.5088981 -1.0678217 -0.3250438 0.5024974 1.2387745 0.67211914 -0.6302891 0.729606 2.529938 1.4988831 -1.2857115 0.42494595 0.38394457 1.0151217 -1.6263669 1.3994744 1.267608 -0.48213243 0.042342063 -0.52180475 1.0126423 0.4701238 -0.10062413 1.7550014 0.88444376 -1.3306385 -1.4756639 0.49292627 -1.7410767 -0.188521 1.8347607 -1.9921898 0.5119495 1.9897419 0.12421486 -1.3925008 0.23948509 -0.1918795 0.12366505 -3.5124435 -0.51125926 -1.2237518 -0.49112174 -1.0537875 0.08649184 -0.59462106 1.4719211 -2.0685961 -0.46358934 0.6722593 0.39312205 -1.3593092 0.12499261 -0.057834018 1.205252 -0.75851315 1.542732 -0.88647676 -0.7373944 -0.8089872 -0.710228 -0.4350644 2.3848188 -1.2695516 1.307075 1.3171353 -0.8538225 0.198914 0.42508888 0.29861012 0.5209212 -0.4434663 0.6075112 2.4538949 -0.8829613 -0.58566076 0.6907198 -0.9892871 1.1260086 1.7341318 -0.2528802 1.2698883 1.6575402 -0.5589822 -1.3651907 -1.885001 1.1246047 -1.3365858 -1.7560334 -0.04029066 -2.5445673 -0.50976586 0.18403892 -0.5994469 1.8460205 -0.4540226 -1.6430818 0.45914352 -2.0864396 0.46440303 0.35471064 0.287997 0.50305545 1.4906232 0.29507667 0.3109305 1.769963 0.20276688 1.7443467 0.23131703 -0.3926241 2.9094622 0.20755218 -0.66689867 -1.1130129 0.29502675 -0.51870847 -0.8160962 0.30373734 -1.1581061 0.005285113 -0.49934238 0.8242493 -2.037692 1.8153428 -0.049600314 -1.0683055 -0.36529037 0.029620105 1.4388256 0.5966676 -1.359261 -0.2575057 -0.6505463 -1.5627433 0.1573748 -2.5894961 -0.21582021 -0.5462219 -0.07741623 1.4670402 -0.50051326 -0.30224165 -0.22694945 -0.46723044 -0.258268 1.9263885 0.9734334 2.0229843 -0.18922643 0.4766411 0.19552217 -0.2073773 0.1036368 0.48844308 0.027274832 -0.27863544 0.12020721 0.20041066 0.6280643 0.65569925 0.7769989 0.24181497 -1.7420238 0.4535636 1.1080188 -0.22445269 0.15532686 1.1132498 -0.7494032 -0.2544717 -0.46968135 0.85949314 0.728408 0.3634233 -0.5313276 -0.91281545 -1.2220597 -2.6308918 -0.056497827 0.39672676 -1.1355906 -1.2923537 -0.388444 1.8331336 -0.80336535 0.7127796 1.7811702 -0.44648126 -0.1806377 1.3450233 -1.1313226 -1.0058346 -1.0007068 -0.14406441 -0.2638831 -1.9833328 0.12613255 0.45510146 -1.9769347 0.438182 -0.3651244 0.4931264 1.1724197 1.3079349 0.13687381 -0.6805499 0.466603 -1.0605427 -0.7703465 -0.70947206 -0.18378161 -1.6230141 -0.87912333 1.6388867 0.53406566 1.4586291 0.77455354 0.6447722 0.88012177 0.77008325 0.90170664 1.875296 1.3207811 -1.9170519 2.0709531 1.2960534 0.7277318 -1.880186 0.9658251 -0.6786421
rum -0.087992266 1.6334655 0.3167666 0.39800295 -1.0336963 1.7248405 0.4462405 0.13676818 -0.10055373 -0.38973296 -0.32244912 0.71722245 -0.7993723 1.3842062 1.2616671 -0.027641267 0.39411357 2.1701915 -0.540298 1.199935 -1.6051428 -0.67790014 -2.5699396 0.28896174 -0.4888055 -2.0548294 -0.70442295 -2.2422898 -0.09490902 -0.79887414 0.74484646 -0.023350982 0.16259202 1.1723952 1.3578392 -0.9474889 1.1663922 -0.8416871 0.75782496 -0.5918005 0.6019926 -1.1396126 0.8373925 -0.45732754 -1.3184395 1.5441993 2.750679 0.43375915 0.3836742 -1.2120365 0.7346875 0.2062607 0.18151322 -0.10128228 0.40610242 1.2709832 0.64113986 -0.24220274 -1.1862999 0.37021363 2.2880847 0.64641386 0.78876257 -1.3268645 1.2006044 1.0478187 -0.44603926 -0.41986546 -1.225659 -0.36176062 0.28326008 -0.74825495 -2.5008504 -0.75957215 -1.9336215 0.98413575 0.4092808 0.09048506 -0.49627694 0.7288779 -1.5898983 0.47499087 0.27315772 -0.6240654 -1.8112626 0.5521974 0.8283881 -0.14761631 -2.8910294 -0.29429126 -1.5482972 -0.929929 1.2926629 -0.36004746 -0.25843433 -1.3118967 -0.57147086 -0.583319 -0.6069809 -0.64786446 -0.40250626 -0.42280796 1.4872973 -0.12966238 -0.6110623 1.9639523 0.69867647 0.8497042 -0.288515 0.68085605 -0.20138873 -0.8320636 -0.5143955 -0.049957365 1.9346281 -1.0856822 -1.2767385 -0.7315357 0.37805897 -0.49523953 0.9766518 -0.16208482 -1.0959257 0.88393664 -0.46837273 1.0881064 -0.15983443 0.5993621 0.85064137 -0.7181401 1.1112063 -2.066527 -2.269692 -2.6457403 0.747984 0.15762527 0.24331401 -1.1427886 -1.819796 0.5424392 -2.222439 -0.15932125 -0.32198936 0.9719114 -1.6972767 0.5543856 -1.5046625 0.34273133 -0.7627183 -0.9481021 -0.42094746 0.7341624 -0.46999064 1.6002314 -1.8004639 0.21036965 -0.39739165 -0.21796894 -0.74905884 0.072892465 1.3533005 -1.358859 -0.25790638 0.5336184 0.8813434 -0.99522054 -1.8154916 0.15072946 -0.6388611 1.55522 0.5634798 -0.48892042 -0.42793655 -1.3360678 -0.25342828 0.49323753 -1.2621013 1.3483012 -1.5958788 -1.1620933 0.38590214 -0.0010753048 0.64013195 -0.9262225 -1.2758241 1.8028897 0.7986181 2.5046515 -0.70007217 -2.3246367 -0.07598494 -0.2586077 -1.4338262 -2.4695208 1.112185 -1.20397 -0.87521017 0.13047872 -0.60329556 1.0268742 -0.6844292 2.3029203 0.14413658 -0.9197373 0.40200096 -2.0055153 1.2773741 -0.105858065 0.60366094 -0.8014527 -0.2800142 -1.332202 -0.12955049 -3.159864 1.1783807 -1.2349151 0.8379313 0.29482964 0.61917436 1.7985631 1.1643798 -1.5188507 1.3415558 0.9978644 0.034129124 0.02772009 1.0470632 1.4735245 -1.0540471 -0.6666838 0.37574333 0.2590866 -1.6089016 0.5868809 -0.35416836 1.2933884 -0.83825415 -1.380232 -1.2142289 -1.378776 0.30318367 0.5807006 -0.2825514 -1.1692498 -2.9461024 0.44428608 -1.6604499 -1.0948933 -0.75608486 -0.39710024 -1.197914 0.03285042 -0.62868685 0.2622582 -2.1182568 1.3648356 0.37892315 -0.94292927 0.71676683 -0.8959051 -0.51586115 0.72094524 0.5706151 -1.5701983 -1.3290792 -0.8506298 -0.36509028 1.3093753 -0.037331637 -0.76107085 -2.1171956 0.31076795 0.8474446 2.1421585 -0.8595639 -1.0365824 0.70629233 -0.86439514 -1.74445 -1.0140086 1.3510385 1.4142401 0.42469832 1.3229642 -0.5846006 -0.09618154 -2.0689824 0.28035736 -2.757477 -0.028398143 -0.070022985 2.8383853 0.7938709 -0.25820372 2.278802 2.671809 0.17535645 1.6801364 0.41990516 -0.9294282
rubber -1.0922546 0.57034284 0.3443593 -0.7829144 -1.1256883 -1.3100958 1.720507 -1.195825 0.24831225 0.31809244 2.4546535 -0.052802846 -2.3400936 0.6046715 -0.16578981 1.9326434 -0.19740066 0.06890032 0.7012186 0.6450658 -1.41605 1.4908228 -0.6754987 3.0224965 -1.6456187 -0.73679155 -0.3656143 -0.6463445 -0.2990416 -0.080276065 -2.1754615 -1.026891 -0.10120663 -2.062287 0.5383187 0.17613037 0.595292 0.5975151 1.8796163 0.111849315 -0.7535972 0.5596575 0.047196783 -1.4312767 0.16681145 -1.4605869 0.8988121 0.12806648 -0.8175115 0.111822665 0.6566946 -0.028610041 -1.1595533 -0.43067288 -0.15776189 -0.5563613 -1.0039915 0.2880112 0.18909094 -0.14604229 0.16002207 -0.7855914 1.5611851 0.87296623 -0.34018818 -0.8509995 -0.83230734 -1.1286571 -0.50345683 0.21368839 -1.1172415 -0.54477495 -1.1779206 1.0655681 -0.6178234 -1.0189273 -0.47865048 -0.8345069 -0.83750933 -0.68818825 0.96715117 -0.64307237 -0.045892444 -2.1632109 0.54551095 0.15352488 0.11180528 0.52895665 -1.4889039 -1.0502903 -0.42105767 -0.8932355 0.8587868 1.2390219 -1.5656649 -0.98195493 -0.48558104 -0.2618214 -1.7942607 1.5559776 -1.6761868 2.1814623 2.040638 -0.6389784 0.5715751 1.946382 1.5372564 0.15981886 0.44554114 2.4568987 1.5147532 0.66795886 -0.8092379 -1.1073883 -1.4957278 0.56680954 -0.04411581 -0.88916576 0.22375971 -1.1116815 0.008506614 -0.835015 1.776533 -0.33877012 -3.093015 0.10509456 -2.1254852 0.49680322 1.4839302 -1.0011132 -0.33890864 -1.4167031 -0.20152485 0.1701606 0.6338696 -2.265518 -0.5767915 -0.46112305 1.2492198 0.22293255 -1.7313809 0.9774076 -0.9856254 1.7689644 0.006621348 -0.5434217 -2.3193345 -0.55724263 -0.7443945 -1.4937779 -1.0880265 -1.2657586 0.07968173 -2.109915 -0.368943 0.30082765 -2.7261627 -0.24836792 0.3222903 -0.033164795 -2.0019548 0.75800896 0.26425457 0.96823 -0.36033344 -0.66099834 -0.183355 1.2374448 -2.5603309 -0.88429004 -0.932288 -0.0059820493 1.773282 0.15159334 -2.0949004 1.2477769 -0.5969889 0.902402 -0.11888362 0.007225935 1.1051136 -1.0566508 0.45894688 -1.313194 -0.23836195 -0.68438774 -1.5008764 0.5455104 -0.35042626 0.78983635 -1.0366482 -1.0813466 -2.5971737 0.26669434 -0.1973642 -1.7423177 -1.0897157 -0.67839915 1.8554597 0.7507322 -0.3656423 1.7956343 -0.14284636 -2.377726 0.3449753 0.4717803 0.74863297 0.15786323 1.2075659 0.6355699 -0.37247857 0.016832834 0.98568183 0.47401965 1.2344524 1.2106931 0.046831895 1.0066966 0.73980963 0.43076292 0.17227925 -0.19965573 0.35979116 0.31972778 -0.15346214 0.96626633 0.53730756 0.87407297 1.5925274 0.72411066 0.42950636 0.47504896 -2.4982653 0.20413433 1.0319288 1.1525167 -0.45693427 -1.7203023 0.2001463 -0.24345468 0.31310263 -0.6291026 -1.7963948 0.012956982 -0.36429754 1.4299634 0.41213068 -1.7410358 -0.2882324 -0.12502974 1.2769977 -2.289728 0.10924515 -1.3871447 0.60590774 0.75895965 0.24719903 -1.2586997 -0.6208915 -0.6032889 -1.1781496 1.9180835 0.97589546 -1.125397 -1.746677 -1.2191268 -1.9070215 1.4926316 -1.2782657 -2.638612 -0.22843398 0.06985382 -0.16912726 -0.34697348 -0.30429766 0.28537735 0.29065531 -0.44449508 -0.44799033 -0.1293049 0.20906383 1.0387328 0.29509002 -0.5015833 -0.5494697 -1.0293459 -3.6402807 1.7689079 -0.21891071 0.43450597 -0.22589459 0.6362864 -0.041054785 -1.9674773 2.4418263 0.93651515 -0.618491 -1.702355 0.12975971 1.8973505
carrot 1.1866115 -0.43862325 1.5876544 -0.06284338 0.16029696 -1.1090974 0.56765664 1.0728424 0.8759651 -0.8022131 0.53476286 1.9592379 0.93641603 0.48546064 1.7333659 0.17196852 -0.71544695 0.344299 0.8430054 -0.86283517 -0.577262 0.5463177 1.3004329 0.5967338 -1.5005655 0.5788949 1.9959484 1.0304905 0.44803712 -0.1264196 1.6044978 0.07461624 0.18818855 -1.2498245 0.29197016 -0.6814942 -1.9395267 2.1825657 1.0384115 2.9411592 0.5494425 -1.5023817 0.9181248 2.1403086 -1.6480902 1.3123964 0.5804929 0.121528335 0.440405 -1.630251 -2.2903028 0.73866284 0.07785791 -0.82857555 0.5608048 -0.16304244 1.2664012 0.726073 -1.5025823 -0.8056398 -0.0015853974 1.272471 1.6956197 -0.9473015 1.4869642 1.5201997 -0.06543769 1.8479666 -0.0943746 0.17371711 -1.2276466 0.86633074 0.353722 1.5014939 0.74451303 1.02081 -0.49551025 1.1555109 0.19816689 0.06925754 1.2765418 1.1270051 1.9412522 -0.6848533 1.4226493 1.5724194 0.36824545 1.0169628 -1.0547231 -0.65673906 -1.1533532 2.1026535 -0.6182678 0.5569771 -2.6320608 -0.46697348 -1.4915268 -0.43173233 -0.7231785 1.1217384 -0.3467523 -1.6533699 2.021818 -0.07226601 -3.481268 0.33085573 0.101663984 0.80857205 0.13720252 -0.1714646 -2.8673828 0.68191016 -1.6652441 0.59248686 -1.4394524 0.9641451 -1.8671318 0.48394153 0.21191761 0.51647264 -1.0503551 0.4513241 1.4301724 0.7655551 0.71149904 -0.02230163 -0.8482392 -1.1199589 -0.089580126 -0.8827061 0.6803433 0.58767194 -1.68461 1.884612 1.6702185 -1.5167977 -0.95158035 0.123717815 -0.4922475 1.6854409 0.26303405 -0.023472363 1.5997238 0.40726388 -1.5878748 -2.0126648 -0.5168856 0.035777446 0.7004114 0.8434208 -0.13178466 -0.53737074 -0.8459511 -0.06435839 -1.9492658 0.39298525 -1.1707665 -0.6373551 1.0946763 -0.038816538 -1.7519526 1.7901126 0.9065318 0.49000907 0.16674991 -0.7410751 -1.776637 0.20541857 -1.1362386 1.5206417 0.6498434 -1.0257494 1.0877777 -0.7680887 -0.06743608 1.2220149 -1.8779327 0.81352437 -0.36198568 0.77513283 -0.95463395 -0.39013192 1.7863497 -1.5336843 -0.26234162 0.8269458 -0.5330877 1.994993 -0.8843801 0.36317405 0.8272075 -0.11431689 -2.513222 -1.5262699 1.3142434 1.5779629 -1.2247487 -0.4623768 1.1091601 -1.6659429 0.19244142 -0.16924734 0.9388064 -0.94281495 -0.5559568 0.33294076 -0.91520333 -0.024638426 0.6461882 1.9704593 -1.2567977 0.23803344 -2.0849085 -0.11584187 -0.5274727 1.0476493 0.16097699 0.19605172 0.69314736 0.22797601 0.9562853 0.3298822 0.5508953 0.6189975 0.82096994 -1.7821667 -0.2181785 0.80063194 0.41477707 0.17143947 0.32540366 1.0836667 -1.7009597 -0.019535119 -0.6732998 -1.1514614 1.2890196 -0.73874944 -1.6383461 1.9540956 1.5828717 -1.3986217 0.19863948 1.2887356 -1.0497807 -1.6537807 -0.67045003 -0.7525428 0.27557084 0.7902347 -0.26249704 0.7723908 0.6868992 -0.6256688 -0.75971866 -1.6143838 0.17952447 -1.0109257 -2.407556 1.0092288 0.52660334 0.28010124 -1.5720798 0.75469387 -0.053908955 0.4578813 -1.9653306 0.41761976 -1.356867 -1.1439009 0.2311535 0.31387895 -0.6509115 2.3793204 0.14719689 -0.74223816 1.4155613 -1.1832854 -0.9490256 -1.8963263 -0.38741413 0.35868338 -0.06740989 0.55848485 2.1176336 0.4511288 0.43282416 -0.78953433 -0.16624793 1.0958722 -0.66657746 0.2267569 0.021184778 -1.6383739 1.3362143 1.875332 0.37402862 -1.4122909 0.5466064 2.7550533
mustard 0.612769 0.9037162 -0.59022266 -0.9394317 -0.63464487 -1.8650318 -1.6476765 0.19512793 0.2494786 1.4048897 0.47385472 2.6395092 -0.12672149 -0.7712526 0.40043384 1.3202602 1.2986615 0.8952534 0.5801118 0.4514896 -0.26868302 -0.54327625 -1.4029226 0.9466413 -1.3212222 1.0710896 1.1082684 -0.1381669 -1.8114706 -1.6107446 0.2493195 1.0526198 0.16729486 0.9535858 -0.6405164 1.8262309 -0.43933296 2.9188788 -0.496039 0.16266167 -0.11612362 -0.39614516 -0.6099538 1.7629714 0.30063578 1.3446584 -1.0470216 0.86374533 -0.6428537 0.6798692 -0.2597223 0.56603825 -1.7199554 1.5892366 1.3362197 -0.7274175 0.24855545 1.3800092 0.15113801 1.7245653 0.53321296 -2.301129 -1.2862759 0.56174856 1.1871051 -0.8555512 0.51497674 0.62674874 -1.0113925 2.7477517 -1.4328381 0.5941862 0.52489066 -0.29291937 0.26154235 2.9917603 0.5448483 2.2554045 -1.1067764 0.6744524 -2.192516 -0.76763827 2.4838438 0.08200789 0.13027109 0.9991905 0.5427574 -1.2786641 1.2061412 -0.42947406 0.5982005 -0.6403413 0.23009221 -1.2440945 0.14312246 -0.094290584 0.66177344 -0.125879 -0.6903145 1.6931621 -1.4104457 -0.4025133 2.3408086 -0.97583514 -2.593208 -1.1129261 1.56668 -0.92628014 1.0878059 1.2221888 -0.9283181 -2.037103 1.1678044 -0.3191869 -2.1463695 0.6273003 -0.45765126 -0.41209826 0.24197754 0.14144315 -0.93480545 -0.89082175 -0.9431925 0.76723266 1.5099777 -1.3130695 -2.1644115 -0.31024283 0.3916943 -1.3308517 0.9374997 -0.042541627 0.21028271 -0.42131606 2.3431308 -0.37998992 1.1287752 0.2601866 3.2651017 0.6484637 0.37365448 0.3004829 0.3733804 -2.912022 0.6053072 0.4603176 0.41568696 2.9088786 -1.0000844 0.22929484 1.288758 -0.14892371 0.102138415 0.15992017 -1.2422717 0.35721347 0.37280825 1.0802598 -0.5004059 -0.82158136 -0.6435883 0.16911137 1.314396 -1.0534626 0.8925802 -0.08790832 0.36855635 -0.2262851 -0.86379266 0.53250635 -1.5812161 -0.53497314 1.5496036 -0.55496156 2.8274348 1.4253925 -0.0952243 -0.6046696 -1.3931121 0.39378354 -1.152749 -0.2675982 -0.45137805 -0.7669454 1.0349686 0.7358402 -0.6381973 0.9582719 0.59752524 -0.2616399 -1.6731573 -0.28916794 -0.54918736 -0.82687986 -0.274077 0.15974346 0.95715606 -0.6451183 2.1229048 -0.7387465 -1.6321129 1.356214 2.2176657 -0.66102976 -0.541186 -0.4771289 -0.32239252 1.1283492 0.9042734 2.0428095 -0.69465774 -0.8864926 -0.78075486 0.42700988 -1.2663611 0.6281979 0.45322976 1.0570265 -1.0117743 1.3852382 0.38343552 1.0748857 0.6262751 -0.18884996 0.8303994 -0.4346962 -0.36057514 -0.051222388 -1.230505 -0.37619734 0.47000042 -1.5357108 -0.81607175 -0.42534554 1.3084589 0.85557765 -1.1070688 0.67600995 -0.47485733 -0.14414594 -0.5271583 -1.8675246 2.9389367 0.2898997 -0.47108406 -0.2759351 -1.1812264 -0.41698602 0.18398292 -0.09197816 1.3636783 0.806254 -0.8878925 -0.036845595 -0.31718153 -3.3829105 1.4003996 -0.57034653 0.8015929 1.3985658 0.23498467 1.6989079 0.6484445 0.808286 0.57279235 -0.5050855 2.6220288 1.7759411 -0.5924961 0.9799013 1.605527 -1.3725587 -0.8749604 -0.32308888 0.11574318 -1.637425 1.0217987 -0.76050866 0.02328493 0.62190616 -0.85484916 -1.3850757 0.18259884 0.9826604 -0.20198579 -2.1092503 -0.25787568 -0.6853313 0.055793107 -0.62484795 -0.1593978 0.84854746 0.92944616 -1.3595102 0.9810501 -0.26346582 0.069825284 1.6493471 -0.025752982 -0.60346955
hay 0.05470224 1.2855448 -0.6496446 2.2130997 -0.15719163 -1.3367131 0.7202331 -0.64265716 0.41207525 -0.5381373 1.3930893 0.10486253 0.7635324 -0.41909975 2.233866 2.3662057 0.06853092 2.6790516 -0.36407518 1.1376296 -1.0931125 0.30221942 -0.2923256 1.6872923 -1.9272187 0.37336195 1.242508 -0.5231173 -0.8456232 -0.48934677 0.33743277 -0.5848778 0.06736478 -0.39889807 0.7578372 -0.7752171 -0.40739864 -0.039809808 1.5078201 0.51113355 -2.6552155 -0.3483936 -0.08682477 -1.9600728 -1.9509497 0.78742164 2.184731 -0.18768997 -1.0165166 -1.5009246 1.1132104 0.80160606 -0.22196704 -1.101433 -0.62180597 -1.115254 -1.4956801 0.92056507 -0.8065583 -0.32722634 0.42883065 0.075424634 1.8120824 -0.91164637 1.5943229 -0.2671158 -0.9961241 0.052247882 -1.156028 0.5339335 -1.3608778 0.9113134 1.3552445 1.6584667 -0.8863026 -1.0588161 -1.0716208 0.36336142 1.8087702 1.0273676 2.3744495 1.6706916 -0.5836311 -1.601831 -1.0862867 0.32839817 1.0619476 -0.26222745 0.342571 -0.759742 -0.9191612 0.9917961 -0.38035572 1.0815996 -1.1075252 -0.47642678 -2.0368404 -0.3744068 -1.3519341 -1.0486988 0.35731268 0.6884905 1.0563644 -0.3769962 -0.0825449 3.0727081 1.9584074 -1.24566 -1.5628104 0.32633263 0.32424757 0.7856194 -0.39159968 -1.0125337 -0.012797713 0.7267413 0.21168143 -0.58028376 0.824469 -0.66543937 -0.7788891 0.5081389 -0.15612537 -0.26829413 -1.1252121 0.9434832 -1.0332329 -1.9811766 -0.49289188 -1.8379506 0.07493946 0.7410975 -1.2444559 -0.43973544 0.91737366 -2.0688143 0.36727458 -1.2335651 -0.54477453 0.023112345 0.23858403 -0.6034669 0.8196217 0.006579854 -1.6045436 -0.3975407 -1.3489609 -0.19566101 -0.42438814 -1.6573952 0.37521806 -2.6059425 -0.39003283 -1.9418861 0.3161772 0.49881673 -2.206346 -0.05290114 -0.33312893 0.81782824 -1.5451916 0.7471184 0.11025835 0.85735077 1.6311257 0.80618054 1.5754007 -0.27390957 -0.6599658 1.4910713 0.8709503 -0.63368094 0.116510786 -0.24544108 -1.6739323 0.73882073 -0.061284445 3.3620143 -2.5745332 0.12562707 0.39301077 0.06157332 1.1474588 -0.11217096 -0.06635996 -0.37078068 -0.12634851 1.8304251 -0.1294429 -1.0911744 -1.879484 -0.5279106 -0.7738849 -1.1295992 1.5489404 -1.9530042 -1.0920465 1.664685 1.6037728 0.02582571 -0.43809372 0.67097723 -0.085359044 -1.5400965 -0.9664577 -0.12131527 -0.7465425 0.7704708 -1.4757476 1.0841827 -0.8110256 -0.7267286 -0.86894864 -0.49988267 2.029041 0.30205348 0.45992085 1.6632837 -0.8595055 -0.32186946 0.8388442 0.38876465 1.4066099 1.1611423 -0.47451425 -0.40576106 1.9365597 -0.21894076 1.513794 -0.46620098 0.34682545 1.1960554 -0.48596188 0.25762498 -0.11875109 0.87482715 0.007261845 0.86081105 0.23214704 -0.60369354 0.3341802 0.8092875 -1.3634578 1.2574326 -0.48873195 -0.6918047 -0.5134698 -0.9364307 -0.86533904 1.6752331 -0.6293212 0.01715211 0.22804937 0.8141075 -2.069662 -1.7206736 2.6799471 -1.3736501 -0.8102261 -0.5728845 -0.3747362 -0.06961072 -0.51940745 1.3262562 -0.7171437 -1.4663396 -0.44532084 2.0852432 -0.5815979 1.0460593 0.40336514 0.9408501 0.7526407 1.0669712 1.6884671 -2.4776807 -1.0990694 -0.8247551 -1.5424923 0.5252107 -0.8052467 -1.358978 0.67143357 1.8405125 -0.7266287 0.5894721 -1.7694379 1.0624965 -3.7251606 1.6406226 0.62726325 0.789815 -1.0407991 -1.230757 1.6802045 1.4164394 -1.1313398 1.742023 -1.7143022 0.28936994
blood -0.07679447 -1.4907126 -0.28695524 -0.9472968 0.19815837 1.2957536 -2.3375173 -1.2624015 0.06876528 1.8893938 1.1563133 1.3211912 -1.5697368 -0.5853296 0.77899086 -0.21396223 -0.48150462 0.32038504 0.3557765 -0.535692 3.3184073 0.42766723 0.54309034 1.0473913 -1.9536883 -1.4395605 0.6510254 -0.43961444 0.63067216 0.06036985 -0.41017032 0.6330456 -1.4268498 -1.143104 0.4363839 -0.27974078 0.054522473 1.566116 0.05739165 1.5630963 -0.6117084 -0.17977713 -1.1367499 -0.08706642 -0.48648944 -1.3449728 1.2603198 1.7687012 -0.36398625 0.55781645 -0.40230957 -0.024382329 -0.5119278 -1.3683121 -1.1617048 0.74061203 0.49811232 1.5445102 -2.3451002 -0.59736305 -1.4200002 0.41343057 1.5378366 1.6868616 1.1218787 1.0607607 -2.0047934 0.44108325 0.124543265 -0.072712496 1.4293503 1.7583605 -0.17380786 0.27689567 -0.5199956 -1.2885752 2.076876 -1.2139037 1.5975513 2.3090935 -0.80491763 1.4094995 -0.6612526 0.021470115 1.3842882 0.8832414 0.037472427 -0.34434152 0.006005486 1.2192742 0.013204342 2.211752 -0.7537123 2.15524 0.11925186 0.9745987 0.56412077 0.5017414 0.43762004 2.0381885 1.2952942 -1.8810401 -1.921255 -1.1513413 0.9643592 -1.2706093 0.7319097 1.1326097 2.3377497 1.4437448 1.9977285 1.118322 -1.0402927 0.529179 -2.2983499 -0.57630974 -0.5821313 0.76801556 -0.32680833 0.67516005 -0.78873634 -1.6565351 -0.3808152 0.7453633 0.62745863 0.5248875 -1.3380024 -0.61371493 0.091142364 -1.1138343 0.7179541 -2.2201352 2.0473716 -1.2123431 0.74720645 -0.10498212 0.2815803 0.6564131 1.1179922 0.3448866 0.5557679 1.6487573 -0.4692285 -0.128873 -1.2743825 -1.0225668 -0.84203845 -0.40693194 0.4793469 0.036393043 0.15561739 0.13434751 -0.7913615 -0.29561076 1.4452287 0.8330607 -1.8542324 0.171371 -1.2178918 0.5906823 0.118947186 0.06990003 0.3121712 -1.1463023 0.02154587 -1.8854655 -0.9426172 0.59803385 -0.6086052 -1.4831876 -1.4453098 -2.7872634 -0.7056706 0.67238367 0.62887156 -1.3867081 -0.9545203 -2.3444092 -1.0464013 1.7203091 1.1197901 -2.284118 1.5859387 1.2361588 -1.3141079 -0.83445835 -0.33577642 1.3301291 -0.33088705 0.21199086 -2.7733636 0.8342086 -1.5398346 -2.1987057 -0.78788614 0.25658435 -0.32361794 -0.7907853 -0.81472325 1.9282253 -0.40526462 -1.8575355 -0.77090585 -0.45290688 0.22524294 -1.0172974 1.2254081 1.0835795 1.5605888 -0.6236749 1.3885549 0.044511575 1.3837371 -0.4661691 -1.0744127 -0.7223481 0.42325667 1.1281915 0.59780216 -0.14164852 1.3775328 0.84357876 -1.1399747 -0.43140015 -2.12262 -2.775786 2.5725925 0.28611633 0.0017664756 -0.6586585 1.1462603 -1.1080824 -1.9036974 -0.95108545 0.029259263 1.7810441 -0.3063366 0.26755533 1.741811 -0.3356569 1.8140987 -0.29203776 -0.4770018 -0.37548438 -0.79810226 1.3693285 0.6763272 -0.012050709 1.4314846 2.009052 1.1584079 -1.657831 0.09055843 -0.9015193 -1.197671 -1.9543352 0.16689672 0.9191985 -0.15784451 -0.8587807 0.9461782 1.5960871 1.9427725 -0.9521964 -2.0349317 -0.84421855 -1.3781513 0.7282104 -0.57107955 0.67531216 -1.4773902 1.0422959 -1.0619104 -2.3130515 -0.68552786 -0.61481845 0.48512185 0.7513671 -3.0609388 0.95358264 0.87858 1.2858783 1.469221 0.25667477 -0.4978136 1.4046133 -0.8600632 0.16289306 -1.4299113 1.7414958 -0.6862419 -0.1394225 -1.2324996 -1.8245299 2.5215933 -0.20990802 -0.052046422 0.91596407 -0.7431914 -1.2424532
cardboard 1.2985218 0.018436283 0.92710936 -0.9138818 -0.084935896 -1.7195394 0.167688 -0.34604594 0.14798668 1.3579804 1.1445074 0.26051137 -1.4450179 0.3322904 -0.22399227 1.5302207 0.10164524 0.54997414 0.18365249 -0.39182165 0.2875875 0.7344946 0.42056507 2.0073938 -2.3949828 -0.53368956 0.34996313 0.9535642 0.028588654 -0.10196006 -0.93944335 2.166866 -0.9133605 -1.1891094 1.5557461 0.52199805 -0.16893622 0.47061193 2.2348895 -1.3342339 -1.694226 -0.21487287 -1.5683224 -0.019011084 1.3021927 -0.0016036044 1.7629706 0.69938743 1.8242339 0.26100123 0.82803935 0.2762387 -0.89253056 -0.11480203 -0.96944624 -2.0501852 -1.240789 1.6062583 1.3498608 0.1675135 0.3444725 0.15882052 0.61995834 -0.8768779 -0.41721997 0.27279565 1.1836408 0.81824327 -1.2585665 0.17226905 -0.28491947 0.12656297 -0.437467 0.45023632 0.5299332 -0.6678036 -0.5014901 -1.287448 -0.7057986 -0.584012 -0.4690224 0.3637798 -1.5834653 -0.013389168 0.5154356 1.5186536 -1.2055461 1.1941304 -0.77935296 -0.9083803 0.2888582 0.4946298 0.44539547 -0.0011796788 -3.2998607 0.52734387 -1.2352438 0.62890464 0.9158222 0.5948682 0.5329724 1.49213 0.379764 0.5719805 -1.7394744 2.3931143 1.0643395 -0.3544987 0.48730022 -0.9026158 1.1054046 2.0699897 0.6855906 -1.8308108 0.026545603 -0.21023715 -1.9203147 0.4458394 0.057424158 -2.2882946 0.7587127 1.3571463 2.243544 0.18917222 -0.22441183 -1.9287208 0.893492 0.83656716 0.8806027 -0.27223554 1.0979924 -0.2563949 1.6310229 -0.44007134 2.0974903 -1.3629476 -1.6793997 -0.12767603 -0.4438853 -0.98445785 0.6216366 -1.2968147 -1.3571296 -0.5274989 0.549768 0.6739549 -0.14127718 1.3815356 -0.4336893 -1.0036253 -0.0067116134 -0.9306728 0.38085878 -2.3266304 0.85200596 2.6153753 -1.6017679 -0.37010887 0.94006574 1.344729 -1.1597701 0.7928685 -0.5727309 -0.907921 -0.18492444 0.13409327 -0.8432826 0.53036195 -0.8829824 0.059602592 -0.38793576 -0.4298778 0.32672617 0.64398664 0.30147228 0.6843534 1.1956612 -2.2173889 -0.4736076 1.527256 0.8223358 -0.9506654 1.1771722 -0.8100804 -0.040912103 0.3492146 -1.0052545 1.3045374 -1.0319641 0.8421554 -0.009437529 -0.7634743 -2.9226925 -0.74226046 0.21962178 -1.2234169 0.024302676 1.2562752 1.1078197 -1.2082144 -0.2529662 0.269046 -1.1342683 0.2927306 -0.92288303 -1.0629479 -0.048878737 -0.66297513 0.18510723 1.9475073 0.14004388 1.617231 0.029892124 -0.36902496 -0.30901566 1.5763172 0.4044138 0.53868145 0.7826641 0.89133143 1.5775541 0.118146315 -0.92169654 -0.22680865 0.6643558 1.3567768 -0.53162783 -0.35800475 1.5118473 0.8997764 0.6166599 1.5588043 0.17242989 -0.06695852 1.3888334 0.54936296 0.24351506 0.587702 -0.93768966 0.28914252 -1.5942353 -0.3538111 -1.290727 -0.9196573 -0.45324817 0.78222024 -1.072043 -0.27926514 1.1307395 0.39571682 0.0046456214 -1.1845261 0.14863017 -1.0062683 -0.40972742 -0.47596434 1.2745408 -0.5838166 0.024659637 0.039045744 -1.1182643 0.2829947 0.55052304 2.1988194 0.609967 -1.4613557 -1.1430947 1.9690403 -1.9322802 -0.73122334 -0.08738388 -1.0847658 -0.68076384 0.35825148 1.1363988 -1.6451994 1.177743 -1.4331294 -1.7002913 -1.4514844 0.63618743 -0.97491145 0.3724607 2.5389643 -1.7437614 0.2245754 -1.9687935 0.9868514 -1.6916538 0.09926076 -0.5818933 -0.13273072 1.2806159 -0.038277995 0.52411425 0.42787802 -1.095152 -1.4330223 -0.8259004 1.8728566
tar -1.0998963 0.8011935 0.26335517 2.1493802 0.47040337 -0.9151664 0.7208726 -1.1252835 -0.35898265 0.1524853 0.9609115 -0.65984726 -1.07102 0.20407176 -0.18083124 1.9455037 -1.3348314 0.24841732 1.3242528 1.0674226 -1.4590714 -0.4384079 -1.0755484 2.7457461 -0.5225743 -1.2865876 -0.02967482 -0.7502322 -0.8392623 0.03814799 -2.1001496 -0.09962232 1.7460576 -0.66127545 1.0731746 -0.83142316 0.6497128 0.021480555 1.3649999 -1.6518416 -1.2987502 0.26998693 0.79729515 -1.7042742 -1.3755032 0.11665301 0.65550834 -0.54159904 0.4743633 -0.009921569 0.81015253 0.44384852 -0.31410834 -0.48170975 0.80790293 -0.0426937 -1.1816276 1.1733309 -0.5666499 -0.4468515 1.3806592 -0.8395459 1.2690109 -0.123254895 0.5431502 0.13973722 0.37062466 -1.9502137 -0.34426543 0.06689682 -0.45549604 0.24102691 -1.2808676 1.113042 -0.41201642 -1.5970814 1.7238983 1.31879 0.92901415 -0.33567196 0.9959075 -0.8138187 0.9861723 -1.9620742 0.33687124 -0.07380533 0.26801848 -0.068663284 -2.52958 0.8359869 1.262466 -1.2072566 0.3795265 1.1684912 0.3284946 -0.14994872 0.9402014 -0.3142374 -1.9242388 1.6320963 -0.4464072 1.6571854 1.7782545 -1.3695248 0.42736974 1.910927 -0.43503287 -1.0324941 -1.4979539 1.0536357 0.74183935 0.46996117 -0.9004632 -0.5333451 -0.4464785 -0.13206631 -0.92312115 0.19600949 -0.858085 -0.45842728 1.730083 -0.8848988 1.6623176 0.5869881 -1.617679 1.7060212 -2.0286484 -0.5270707 0.92533165 -0.25767684 0.12420326 -2.0644963 1.9524438 0.7825847 0.7878293 -2.7830625 0.19875029 0.53395057 -0.17977718 1.5527426 -0.16574843 2.2043748 -0.2659491 0.0885559 -1.0988461 -0.5032963 -1.5812365 -2.3079944 0.73891646 -0.70889586 0.33644378 -0.6792757 -0.7078819 -1.4969349 -0.21083017 0.25197047 -3.184848 -0.17889294 0.14002138 -0.4083473 -0.9449855 0.4450412 -0.4718515 0.6167776 -0.17567185 -0.96607757 1.224774 1.1478308 -1.2767876 0.21427019 -0.6135654 0.2917139 1.0385311 0.7906162 -1.8911798 0.8279104 -0.86114717 1.4640156 -2.341287 1.2824891 2.850403 -0.8774532 1.085187 -0.10861497 0.2583784 -0.07384689 -1.4024891 0.8337189 0.09112122 -0.8896237 -1.2265675 0.13865241 -1.7727553 0.016767966 1.0495774 -1.16541 -1.3063347 -0.60541654 1.1012611 1.4261471 -0.74473655 0.057572532 -0.6622291 -0.59046566 1.3839642 -0.23992702 0.6277345 0.11536133 1.1033735 -0.18815511 0.31058764 0.81588155 0.7238854 0.88205594 1.4413694 0.6170927 0.34528708 1.5524323 1.2040808 0.7048028 -0.20850031 -0.3348938 0.07109836 1.0005908 -0.5402165 -0.32740262 -0.028694142 1.9736003 1.6378407 0.47136158 1.6426167 0.1588516 -0.80715066 -0.012174105 -0.2562383 0.7993541 -1.0584513 0.5222416 0.6732314 -1.6142669 -0.11799207 0.29702702 -1.146486 -0.58177274 -0.7566471 -0.704766 -0.54486394 -1.1185162 -0.07260191 -0.8196964 0.9328296 -1.8208265 -1.118836 0.16537046 -0.45985517 1.8171842 0.43502146 -0.82260615 -0.5589256 0.5505026 -0.87856346 0.6472719 0.8509564 -1.1696732 -3.868611 -1.6702522 0.21383625 1.6958162 -1.8002814 -1.1942549 -0.56125844 0.20209773 1.738246 -1.0732679 0.27778494 0.43654928 -0.49272874 -0.19331649 -0.661842 -0.2537651 0.72925955 -0.18962315 -0.10194528 1.2007294 0.43507093 -1.141714 -2.2419693 -0.15359257 -1.0770264 0.09443828 0.58977187 2.3917952 0.3274085 -0.9450333 3.7669234 1.1568118 0.71155906 -0.59926456 1.1721007 0.84213734
beer -0.15032049 0.4684695 0.15565032 -0.89815253 -1.6268576 -0.015259117 0.36955938 -0.8571534 -0.28071395 0.7358379 -0.18900745 0.5629765 0.15750271 1.352476 0.4893646 -0.017016636 0.8750207 -0.45677546 1.3367069 0.10620819 0.35620144 -0.05509562 -1.7417368 1.6116999 0.18256246 -0.35023832 1.4908298 -1.0504533 0.21165833 0.44035235 -1.7784802 -0.10387458 0.5340772 0.3331697 0.24346177 0.6393059 0.40104192 0.5427807 0.38401368 0.024041606 -1.6781679 -0.49884695 -1.0672463 0.7483998 -0.58344716 0.5201007 -0.3590804 0.7535875 -0.14821161 -1.100328 1.0366281 0.5067374 1.1402509 1.1149949 1.7557479 0.5842495 -1.1703979 1.2598 0.58459246 -1.5208793 0.7928224 -0.2660831 -0.27832586 0.077438235 -0.0017749767 1.5113988 -1.1564841 0.88681084 0.27892587 1.0641243 -0.47433445 1.7054089 -0.8205134 1.2023318 -1.8722643 0.52013236 1.0081794 0.86460775 -0.410245 1.9776589 -1.9880683 -1.2819606 0.43692517 -0.7418846 0.7514919 -0.63876504 2.8234482 1.599231 0.9409043 1.041894 0.15104075 1.3402326 1.0113722 -1.7975291 -0.20901747 2.1144242 -1.1988068 0.65091693 -0.03627617 0.5973371 0.5683258 0.6228348 0.76307297 -0.75934464 -1.2669221 -0.4457219 -1.1068776 0.91295314 -0.6033941 1.7719866 -0.9858561 -0.8801866 0.017112605 -0.3705327 0.5379311 -1.1255202 -1.677301 -1.118412 0.23618805 1.3142171 1.2629483 -0.26920205 -0.583695 -1.4783152 -0.5979709 -0.43086275 -0.038231973 0.8586642 -0.7115776 0.6815954 -0.8900991 -0.0691031 -1.539915 -0.8067641 0.9687209 -0.15162946 0.07315555 -0.8809635 1.4256977 0.027586238 0.57138383 1.0943857 -0.09597545 -1.5736666 -1.8125979 0.74559057 -1.5078208 1.3363613 -0.6111536 1.7644291 -0.47418174 -0.7892058 1.933428 0.5617002 -0.68478703 1.8391435 1.8775381 0.85749006 -1.2176591 -1.514011 -0.010226362 0.2205656 2.0826364 -1.3925155 2.0157735 0.22017516 -0.24452464 0.7992619 0.5286788 0.94776535 0.7633264 0.34711233 -0.51268363 -0.73915374 1.1752907 1.2141376 -0.88537574 0.61038107 -1.3603112 1.6132388 1.4029158 0.18122745 -0.036842976 -1.2455192 -0.20618074 3.6490328 0.24860789 0.6313218 -0.72943056 -0.58972883 -0.5009133 -1.9320624 -0.9324959 -1.3249726 -1.1286267 -1.3214266 -0.67231375 0.20798615 0.6906866 -0.23155311 -0.28487247 -2.162619 1.2687651 -0.52343345 0.08729141 -1.000774 0.47641006 -0.3980931 -0.25368118 0.9854285 -0.4547213 -1.1599802 0.6022116 0.9008175 -0.8870003 -0.38169038 0.64486945 0.3758642 -0.7301637 1.0194597 2.5008433 2.2978396 1.3913722 -0.76946455 2.416504 1.555763 -0.10990457 -2.149653 -0.8944646 -1.0476993 1.0657988 1.5146198 0.47588837 1.9373896 -0.592512 1.3267261 -0.75698715 -0.14956725 -1.0646698 -0.88652724 0.58752924 1.09995 -0.26860312 -2.4705596 -0.8535273 -0.12022927 -0.93793 1.162521 -0.4764422 0.71198016 0.21381807 1.6578503 -1.0357906 0.28089342 0.02481044 0.9080171 -0.3864631 -1.4968238 1.136222 1.6372838 0.8953132 0.61796993 -0.72478694 -0.73939955 -0.505599 -0.90350556 0.27954212 2.1754496 -0.19581029 -0.885372 -1.825234 0.12440322 -0.00020126955 1.0760676 0.88199925 -1.9020491 0.28327233 -1.0388706 -1.3617467 0.12633336 -0.41682974 0.41605273 0.6787302 -0.38077757 -0.85795945 -0.035677068 -0.14948207 -0.38936695 -0.73754144 -0.18751585 1.2725245 -0.105282016 1.505087 -0.30920294 2.8634946 1.8156146 1.5851831 0.56454146 0.5610185 0.97045934
walnut 1.3442808 -0.6332819 -0.11546293 0.013350594 1.4861665 -1.314305 1.6273184 0.14813513 -0.63319427 0.09766372 -0.35187203 1.2260314 0.63934255 -0.27512726 -0.7194069 0.32578725 -0.14272994 0.3523594 -0.30256155 -2.0195467 -0.86407214 1.2768984 0.12986997 0.9601414 -0.31969583 -0.8473106 1.4987307 0.14914224 -1.1277049 -0.22506508 1.2144405 -1.6533612 2.1235294 0.26540813 0.32137418 0.61470425 -0.080303274 0.47529086 -0.24844135 1.1690739 -1.5335902 -1.3495412 0.5490448 0.6612187 1.5328746 1.8843747 2.0311892 -0.2619349 -0.6746477 0.45677862 0.031906314 0.44540623 -0.055798125 1.2457241 0.9910355 0.029676324 -0.8105704 -1.1383982 -2.1367493 -1.631567 0.41540003 1.2195218 -0.016050233 -1.3436633 0.95249 1.2693285 0.06646154 -0.92730016 0.96929777 0.37471431 -0.9519825 0.09956547 -1.5968845 1.2013688 0.34936026 -0.7360673 0.5069243 0.7112965 0.4426425 -0.3226546 0.31938934 0.02282057 0.58740485 0.5894327 -1.0490772 -0.7160242 0.2241543 0.18962763 -1.013357 -0.98970175 -1.0710508 -0.6952877 0.043174565 -0.44988152 -1.6353395 -0.9603189 0.043785494 -1.1848875 -1.02152 1.4554777 -0.16149862 -1.4370387 1.0433936 0.32777408 -1.8152629 0.6274346 0.67157984 -0.7120009 0.027422722 -1.6170198 -2.141414 0.36296034 -0.546694 1.0189583 -0.7391435 0.5361646 0.468488 0.11811359 -0.93605506 -0.007134544 -0.625252 1.0023904 -0.70106155 -0.5597634 0.7462193 1.0165104 -0.44629392 0.89023775 -0.20831248 -0.68439144 -0.2680807 0.92095876 -2.6806624 -0.34168065 0.793715 -2.5232475 -0.19763812 0.83167976 0.3801197 2.0945604 0.40728375 0.948072 0.302917 0.2735273 0.7959889 -0.06183344 -1.3563598 0.8587187 -0.25147298 -1.1351663 0.021973033 0.053018853 -0.51518345 -0.9725848 -2.82597 0.44100636 0.29244995 1.0188472 1.4215726 0.05706282 -0.9403376 -0.7584139 0.8448286 1.4646617 1.5138803 2.6671774 0.31380036 0.23198667 -0.16651861 1.0889593 0.1347346 0.6724487 0.48088583 -0.1167054 0.4915099 -0.6611848 0.60881674 -0.5357077 -0.42669237 1.2164102 -0.10453825 0.51063305 -0.47884938 -1.1110926 0.27135363 -0.49213567 1.1771522 3.5068347 -0.452769 -0.1519967 -0.42904982 -0.66077715 -1.2771343 -1.4558724 0.14252369 -0.99312514 0.24533437 0.5219155 0.13966642 -0.3403247 -1.8464187 -0.19313683 1.4489778 0.120913304 -1.4180864 -0.42444143 0.6321155 -0.25355902 0.600557 0.12830973 1.197889 -0.09920711 -0.02587489 0.5861708 -0.9764057 -1.2497498 0.40468106 1.1508578 1.0127699 1.0507236 0.12258686 0.5668058 -0.23507115 1.2824458 -0.24355824 -0.8844619 0.9474872 -0.6557838 0.9755034 0.17842467 0.8780197 -0.3229256 -0.77070326 -0.24508469 -1.8093514 0.7168928 0.24061587 2.2103415 -0.74869025 0.5956226 -1.7100075 0.8109259 0.85183084 1.7601604 -1.2387555 -0.9690856 -1.6552433 -2.251144 -0.37192297 0.31215394 0.2357192 1.1321465 0.45404655 -1.284147 -0.66582435 -0.34822786 0.4389707 -1.5801479 -0.29571763 -1.9353831 -0.38963002 -0.48699462 0.2419589 0.6577196 -1.8535321 -0.20841114 0.63123953 -0.604957 -1.4669687 -0.1555062 -0.99605936 0.66296405 -0.38866356 0.85078466 -1.3587574 -2.0623505 0.44841862 -2.2625406 -1.2459109 -1.6280494 0.65466 0.94651574 1.2561795 -1.0357686 0.47510752 -0.42819518 -0.6403451 0.074030064 -1.0838077 -0.2844562 0.22891112 2.6099474 0.14124385 -1.1370379 0.5004764 1.6883436 -0.34683087 -1.3946122 0.65664834 0.33823037
ham 0.08947073 -0.6350018 0.12459029 -0.4709062 -0.32229498 -1.5348277 0.6222825 -1.4581671 0.0046392553 0.6966179 0.9511968 1.6411555 0.0835602 0.16861634 -0.21534614 1.0431503 -0.77241206 0.7619975 2.0762165 -0.74764085 -0.106237695 0.72265345 -1.6815059 0.96033037 0.035149176 0.84370226 0.08496584 1.5396199 0.14420344 -1.0211864 0.87474024 0.96050626 1.220301 0.1423514 1.2674754 0.13243358 -0.89800614 -0.4447691 -0.49968943 0.119853355 -1.2978457 -0.73602235 -1.2787201 0.1527941 -1.8926755 0.6543781 0.029959809 1.2420362 -1.3936993 1.3399643 -0.21595454 -0.5568922 -0.52892745 0.8323443 2.5698442 -0.71744275 -0.64628476 1.7801926 -0.54598784 0.5611974 0.0500444 -0.44336936 -1.6763692 1.2121795 -1.2290545 -0.04081721 0.9255646 -0.4262401 -1.1079633 -0.036242206 -1.7047337 -1.301339 -0.35579953 0.9565059 0.99220514 0.18187536 0.08812182 1.4201577 0.84167475 -0.09771347 -0.8882705 0.038890272 0.41253352 -1.4150072 0.708811 0.8105491 -0.6023347 -0.57577986 0.75659 0.6076126 1.2815387 0.73654723 0.91162354 0.3763601 -1.228309 0.42796624 1.6655003 0.37586924 -1.1941656 1.3845582 -1.8046837 1.3356814 1.2705481 -1.3859764 -1.8695315 0.20273864 1.2977042 0.44160977 -0.05755526 0.20976399 0.34354144 0.5888419 -1.4489034 0.10182008 -1.0594752 -0.6040489 -0.25683492 -1.6497265 0.3318118 0.51898277 -0.85306513 0.456104 0.9179801 0.14571774 -0.88869286 2.479882 -1.0202906 0.03877594 -0.4172086 -0.968674 0.26573405 1.278537 -1.0269316 0.4989145 1.9077953 -1.2136924 -0.31630212 1.2583218 0.662594 -0.05206003 0.6048411 -0.10508318 -0.20786797 -0.67689025 -1.793714 0.8938848 -0.9509266 0.8287919 -0.22489667 0.6174827 -0.5459049 0.5385627 0.2514463 -0.10932956 -1.494518 1.0193682 0.49748635 1.0816627 -0.83055353 -1.871732 -0.46758407 0.19643024 0.33865708 0.56019336 1.4681042 -0.48842254 0.52254564 -1.0006993 -0.45535198 0.8092324 0.14096275 -0.5326682 1.5291854 -0.71830815 1.4920735 1.5138634 -0.94143 0.72895056 0.0029614528 1.2342492 2.3532112 0.033228766 -0.14599381 -0.20322 1.3577777 -0.03306214 -1.5736314 -0.054613363 -1.7209736 0.84521455 -1.3041228 -0.36296898 -0.1654115 0.037572857 -0.03988969 -0.39891985 0.38212484 0.49373746 1.2083801 -0.64221054 -1.8290685 0.029826412 0.9963642 -1.857428 1.6329436 -1.7294596 -0.21339391 -1.0107437 1.5687604 2.5099463 -0.49930552 -0.24233818 -0.26279593 -0.6328992 -0.08920113 0.64370984 -0.27151084 1.6952143 -0.24119921 0.41451076 0.46001107 -0.40303883 1.139474 0.85693455 0.48841178 -0.81290823 -0.8739798 -0.993767 -0.6115356 -2.3884227 1.5625249 0.053030163 -0.529286 -0.27022144 -0.9438427 -0.28255343 0.5045217 -0.009697744 0.39725056 -1.1564231 0.16103257 0.9936074 -0.3431339 1.8047599 -0.6139544 -0.46849883 -0.2782232 -2.103154 0.99628115 -0.45516244 -0.1743347 1.8652098 -0.6566686 0.6146105 -0.55649817 1.1689757 -0.09857213 -0.91761696 -1.2782943 -0.7604808 -1.1964862 -0.1450159 -0.882662 -0.8477383 -1.2212071 -0.4040203 2.1134856 1.1661593 -1.5811322 -0.32750294 -0.30722976 0.2407519 -0.61668694 0.6711726 -0.45104107 -0.9486737 0.48426482 -1.9070606 -1.1500223 -0.5037558 -1.0300643 -0.08836301 0.5187301 1.4772338 0.37683624 -0.8523661 2.0698314 -0.21750784 -0.84008485 0.26624158 1.8313503 0.70826954 2.342901 -2.329238 2.1002903 1.9815129 0.31147614 -0.14938298 0.7768823 -0.45822635
celery 0.29578713 0.42830044 0.7131342 0.63591933 -0.40673143 -1.6679798 1.1770896 -0.08702595 0.6378202 0.18120743 1.4576627 1.8401326 0.54553586 0.576448 1.6245139 -0.13571459 0.2614788 0.8978129 0.2465991 0.2735829 -0.84624135 -1.3661767 -0.0064508743 0.3687887 -1.7399987 0.12746592 0.9673628 -0.98330975 0.63444126 -0.42469442 1.2445067 0.95168924 -0.076675996 -1.2682079 -0.35505244 0.71901864 -0.07426419 1.8234537 3.253596 0.9258825 -0.8902772 -1.3587365 -0.2199823 2.3519685 -1.448674 1.3483168 -0.004099703 -0.77603376 0.1847168 -1.5743271 -0.77303326 0.76298684 0.16211656 0.34149876 0.5764161 0.29120553 0.3937735 0.8584482 -1.2212588 -0.27708054 0.70399463 -0.117112026 0.24160662 -0.42593533 -0.30352956 0.5977796 -0.59707797 -0.61044693 0.4723619 -0.5081493 -1.1774527 1.1975628 0.537411 1.4908026 -0.3040185 0.7242168 0.459158 1.9362313 0.80989194 0.46942496 0.8011888 0.16249704 2.3246188 -0.24342735 0.9764079 1.8306274 -0.010694597 0.43682632 0.041287985 -2.0286646 0.14603737 -1.0634129 -0.2902684 1.0164163 -0.73845744 -0.82846 -1.0633997 -0.49371874 -1.096654 1.56943 -0.76219434 0.52365726 1.9804752 0.3383761 -1.9489415 0.15015605 2.1902335 0.5686755 -0.13001502 -0.22318785 -0.7869008 -0.038080156 -1.2282269 -1.3105665 -0.79345053 1.6779451 -0.7988479 0.32608256 0.6209872 -0.176594 -0.80354697 1.5601782 0.31214485 0.47145024 0.25573128 0.5734851 -1.1932387 -0.08011643 -0.2302893 -1.0840378 0.53228474 0.6108848 -1.1679888 1.6712319 1.3005667 -0.60689896 -0.16944353 0.2162026 -0.17443454 0.87277776 0.18463767 0.7150806 -0.6189796 -0.42343554 -1.7787534 0.3759096 -0.20540325 1.1986988 -0.40255925 -1.0060532 -0.09433391 -0.44625697 0.08029533 -1.0149984 -1.3248729 0.84754485 -1.0335282 -0.41448528 -0.045167685 0.116449855 -2.0719702 0.8910272 1.4739826 0.9193024 0.7880912 -0.61001587 -0.18494825 0.67878306 -0.3819728 0.4612422 -0.3473291 0.446522 0.065857485 -1.0425068 -0.6202665 0.80546975 -0.84321123 2.7432725 -0.99470127 -0.17509001 1.2490084 0.27068883 0.80456996 -0.9359594 -0.19672072 0.9562336 -0.066868566 0.77134734 -0.45206812 -0.18432598 -0.43289566 0.10702198 -1.1187695 -0.00015221469 1.0986649 -0.1253274 -1.4856907 -0.927081 1.1978914 -0.8399173 -0.86183286 -0.21587376 1.42301 -0.94900686 -1.1869719 -1.070745 -1.5756232 0.6676526 0.74694645 1.2977092 0.13427405 -0.011101475 -0.846636 0.33026898 -0.2981114 0.6422224 -0.30440602 0.84971726 -0.09418072 0.041899048 1.9941243 0.7132165 0.87019724 0.4768459 0.70456797 -1.5916933 0.9428748 0.33404845 0.31847027 -0.083367184 0.18958975 0.6123511 -0.58948696 0.8175765 -0.09212004 -0.949519 0.67041963 0.34620675 -1.0400847 1.4491662 0.8011505 -0.6923328 0.7325882 1.6082939 -0.50682473 -1.8846215 -0.78433305 -0.50149703 0.87982124 0.823432 -0.32829309 0.024876049 0.1693265 0.20268981 -0.7554065 -2.150371 1.4261078 -1.5009638 -1.5712291 0.7908592 -0.6642948 0.6735984 -0.27205145 0.83865684 0.25404617 -0.32070366 0.22806826 1.1904731 -2.204144 0.070562914 -0.8750414 0.31526676 0.46777502 0.120535925 0.69851416 -2.1090775 1.0224413 -1.6741779 -1.6762257 -1.9833931 -0.12597449 0.24522185 -1.4485902 -0.54839134 2.1878278 0.6237644 0.46255702 1.2829568 -0.5761984 0.7275113 0.9318545 0.562636 0.79678696 -1.4157908 1.3173313 1.3665905 0.8915522 0.3188885 -1.4314957 1.655221
cucumber 0.4354406 1.4936577 0.9949306 -0.54406726 -0.8540974 -0.3072844 1.6279263 -0.01782515 -0.5274017 -1.4698801 1.0945542 0.54186636 0.39542523 -0.4463653 0.20893815 -0.64099336 0.9098507 1.9941024 -1.037646 0.09535425 -0.48080727 -0.84888744 0.8871862 0.58498204 0.17490289 0.4010758 1.5855979 -1.8512027 0.5742066 -1.371293 0.88303506 -0.025722142 -0.10392384 -0.5702081 -0.49155304 1.2595031 -1.0374566 1.2165326 1.7450877 -0.6440592 -0.11707842 -0.13397518 0.49449822 0.37425 -0.932142 0.15206556 0.53694963 -0.9246881 0.00041938806 -1.4305992 -0.31806332 -0.10172527 -0.41081083 -0.75060606 -0.18120311 -0.84189093 0.32771462 1.7572732 -2.2425478 0.38878787 0.8732675 -0.009819748 0.25861892 0.4499986 -0.44868833 0.22160378 -0.7344862 -0.32970962 -1.2924291 0.9525446 -0.49861905 -0.15413478 -0.44374305 0.6921592 -1.8636014 0.20918769 -0.117110714 0.99795073 0.49116936 0.3556777 0.5923173 1.5863914 -0.28208488 0.43587905 0.6641073 2.3261824 1.0377809 1.0116837 0.29189175 -1.612173 0.65279204 -1.3683388 -0.059320446 1.6998761 -0.7516678 -0.13290508 -1.0165739 -0.34114555 0.18591306 -0.07933579 -0.95516855 1.1654308 1.3606501 0.814977 -1.6999172 1.5785446 1.0242612 1.4665847 -0.6392183 -0.11476295 -0.014257687 -0.4899931 -1.005891 -0.9037816 0.49889928 1.2216711 0.2529935 -0.31193355 1.2038641 -1.2108531 -0.8746696 1.5008433 0.80843437 -0.40350416 0.08074427 0.732871 -0.94984114 0.2052647 0.65635526 -1.2179173 -0.014486992 1.0005262 -1.3588296 1.1894194 1.2846986 0.07958007 -1.0776913 -0.41376546 0.16242903 0.14775057 0.37763146 1.1162357 -1.2764958 0.45671576 -1.6592453 0.5652469 -0.3102498 0.81121 0.38873675 -0.32564896 -0.16920081 -0.36847395 0.99692696 0.29802185 -1.198755 0.17237853 0.6901685 0.48904106 -0.66121507 0.07084479 -1.6105154 1.0934956 -0.5711517 -0.064743236 0.46466807 -1.6759701 -0.40708783 -1.1963613 -0.3523344 -0.068192095 0.55727416 1.3767788 0.94936514 -1.3649908 -1.5357023 0.40719163 -1.0374398 1.7676083 -1.1684577 0.4832046 0.23957442 1.0507194 0.29890767 -1.9539217 0.043824963 0.08987361 0.60552967 -0.12351963 0.895915 -0.22239433 0.2919021 -0.6222908 -1.2692052 -0.9260405 -0.28722274 -1.8630567 -0.39707768 -1.3524708 1.7903646 -0.22851768 -0.34608102 -0.38551876 0.6563926 -1.1105893 -0.6596696 -1.9029806 -2.282962 0.39667022 0.4645712 -0.03438639 -0.030434692 -0.09645171 0.3578906 0.45695895 -0.62545055 0.72574955 -0.6520009 0.2207306 0.09949267 -0.5487588 1.2720082 0.24511121 -0.119774826 1.0772076 1.4143864 -0.6318036 0.47985908 -0.088133544 -0.6598955 0.8583057 0.5226966 1.2621974 -0.07988242 0.7301521 -0.0854815 0.3160608 0.02408089 -1.1381925 -0.4914959 0.58273304 0.7479229 -0.31210837 -0.49738422 0.8969926 -0.74331236 -1.9004049 -0.68383694 -0.886301 0.39979216 0.9592646 0.088033564 1.0091431 0.18909185 0.7266189 -0.16674788 -1.8974894 0.3357533 -0.28076872 -1.8119415 0.31115282 -0.39689377 -0.57853764 -2.5805705 0.33401525 -0.38250273 -0.26705614 0.051517174 -1.3244303 -2.4024386 -0.14502968 -0.4643668 -0.4145679 0.38687712 1.8182249 0.6016231 -2.811127 0.95275164 -0.4766971 -2.5813768 -0.97736347 0.3126929 0.5861356 -1.4314461 -0.4711619 1.0029227 0.36389124 -0.022698896 1.0694604 -2.63182 0.6126141 0.61203265 0.9811556 0.7398935 -1.4954557 1.932064 1.5454509 1.3459952 2.0080943 0.8102162 1.0106211
eucalyptus -0.467241 0.7791356 0.5184174 1.6544801 -0.8793244 0.76821387 1.3657777 0.06707071 -0.08183214 -0.6689247 0.9326702 -0.70606136 0.12813206 -0.29507452 0.9696582 -0.20534553 -0.578358 1.2386768 1.3773818 1.5747783 -1.4037529 -0.2587276 -1.811039 0.73300093 0.61765903 -0.118154064 0.4426955 -1.7927343 -1.8008307 0.5059538 -0.42508048 -0.31410748 0.43158865 -0.7003179 -0.43502444 -0.533289 -0.3931758 0.24692446 0.45319638 -0.56474584 0.775358 0.061711207 0.4264556 -0.6985596 -1.1783987 0.047146834 1.1968223 -0.38584912 0.39990672 -1.0169536 0.6929995 0.8562715 -0.65761125 -0.76030236 0.0040452573 0.44822353 0.35126847 -0.479965 -1.8251585 -0.6257218 1.5821693 -0.0020230862 1.9574912 -0.022042502 0.066631146 0.13670708 -0.4060429 -1.002439 -0.35047564 0.69610894 -0.99011034 -0.33235618 -1.1122314 1.97938 -1.1824809 -1.1653384 -0.111746415 0.33477104 1.2902131 -0.23826742 0.9637459 0.123214 1.0224345 -0.56969875 -0.10320956 0.11762769 0.018837258 -0.80229497 -2.2039711 -1.1662135 0.5521859 -1.5329504 -0.52246743 -0.06806838 1.0088743 -0.004307559 -1.0868686 -0.63026714 -0.09749893 0.44185483 0.89063174 0.06488232 1.0358711 -0.18424352 0.06329463 1.3723711 1.5112922 -0.02236547 -1.1491594 1.2160558 0.2213336 0.042539097 -1.6967629 -0.7308526 0.29012468 0.5067079 0.3965754 1.0183715 0.12899336 -1.8489839 0.36298722 0.8381291 -0.22673763 -1.191202 -0.32476377 1.1799555 -0.8611573 -0.0032961345 0.21269965 -0.7630244 0.46752107 0.38690308 -0.031924378 1.0080773 -0.3360944 -1.6539586 -0.24586263 -0.87625134 -1.2045243 -0.34030694 -0.52285063 2.451324 -1.2191169 0.39184302 -2.0308776 0.04846515 0.40430298 0.026569325 -0.053067632 -0.512407 -0.6301465 -0.09557682 0.61334234 -1.6129854 -1.472742 -0.46262234 -1.2654289 -0.8248826 0.31993663 0.38051936 -0.7027654 0.18537067 -0.4854183 0.28063837 0.57029825 -1.0795344 0.464086 -0.42516512 -1.8324499 -0.2666426 0.106881745 1.8085777 -0.05764497 -0.5669097 -0.5794263 1.2127234 -0.8521035 2.3144486 -1.304271 -0.87446064 1.1179478 -0.14751792 0.9406956 -1.0450914 0.3859799 -0.007650479 0.055888746 1.3637319 -0.56908715 -1.2232941 0.13503067 -0.57851607 -0.7636938 -0.7641607 0.19799961 -0.7318817 -0.5356612 -0.50420135 0.6569252 -0.29157165 -0.7972288 0.14265108 -0.15398735 -1.8894093 -0.7039695 -0.9212248 0.37050205 -0.23282015 0.33144587 0.14417076 0.9101885 0.49988112 -0.16433935 0.33134368 0.9843092 -0.041749366 0.5586473 0.55957353 -0.33098933 -0.4501798 -0.461328 -0.18826565 1.045499 1.0185319 0.66366196 -0.6276976 1.587037 0.34865183 0.26909477 1.2045039 1.0494263 1.5896102 0.43064046 0.54678077 -0.0525352 0.27649814 -0.2959587 0.12054581 0.32846126 -1.2005159 -0.01856381 -0.26708302 1.039381 -0.891487 0.24714907 -0.16700341 -1.2732974 0.12481884 -0.026832413 0.18009448 1.2732618 -1.291208 -0.07424324 0.47140694 -1.1516545 0.7247294 1.3408998 -0.08381398 -1.6114217 0.22274098 0.6650567 0.158434 -0.46033823 -0.90416706 -2.2639384 -1.2309406 -0.621501 0.7932803 -1.6832215 -0.93753844 -1.8596188 1.6888237 1.3773748 0.7439558 0.8297409 -1.3541601 0.91799253 -0.55959594 -0.93415534 0.10581596 0.13276407 -0.29632935 -0.6878475 0.1672426 0.5246802 -0.23513757 -1.6582304 1.1790519 -1.7578034 1.2007453 1.1886415 2.710307 -0.015769277 -1.5568193 2.0274522 1.4691026 0.022239307 1.7241925 0.8584915 -0.9992622
rope -0.35752898 -1.1065011 0.4104948 -0.7254735 -1.4059638 0.05656529 -0.42945766 -1.9453877 -0.46675113 0.8802054 -0.18827857 1.8150139 -1.7836034 -0.47695857 0.11660513 0.34239426 -1.776831 -2.470063 -0.47747174 0.81271577 -2.0659547 1.4069538 -0.72152483 0.8210305 -2.2267258 0.24682592 0.7830376 -0.5226103 0.07211328 -0.33984753 -2.989991 0.104629025 -0.8813542 0.47237015 1.7114896 -0.08235076 0.4939925 0.5054512 -0.30470723 -0.26031733 0.22563615 1.140915 0.3029818 -3.2908278 1.08254 -3.4256854 1.1962932 1.4836457 1.218399 -0.35222632 -0.93715495 -1.7716339 -1.14749 0.21525235 0.2739046 -1.0366547 0.15511918 -0.59900767 -0.22269699 -0.087151125 0.81617117 2.3489194 1.1464012 0.89375573 -1.3919625 0.89806926 -1.5478865 0.45622677 1.1577712 1.9501088 -1.1165339 -1.0127996 -0.09666032 1.6709392 0.30650756 -1.7963325 0.2384486 0.029817466 -0.55094606 -0.88484484 -0.9042493 1.2634125 -1.5821263 0.27611914 2.2891102 0.5280333 -1.0471879 0.5248647 -0.6410802 0.26084712 -1.1111611 2.400235 0.272696 -1.1857247 -0.56902933 -1.39807 0.20382461 -0.3548534 -0.87226325 1.8231751 -0.61402285 0.8669188 0.95361704 0.8572747 0.96144855 0.7270711 0.44606632 -0.33753446 -0.32149866 0.8710216 -0.11256962 -1.0399108 -0.8441056 -1.918508 -0.63028634 -0.03932775 -0.9487975 0.4005237 1.255825 -0.90229446 -0.23009731 -2.56924 2.8339496 -0.25197437 -0.73738086 -1.244095 -0.001760523 1.6538953 0.063219376 0.10265332 0.11087902 -0.10561915 0.39539722 1.1560647 1.2380332 -1.5746763 -0.5897032 -1.4432219 0.6750731 -0.85661453 -0.888474 -0.16425332 -2.3201845 -0.10940641 2.095342 0.15001477 -0.56747556 0.026719995 -0.45736155 -1.7614641 -1.4119914 -0.8274804 -0.5698863 -1.4622302 1.0650663 -0.15730889 -1.980435 0.16279557 0.00948423 0.6263364 -0.9523775 0.46296835 -0.7669127 0.6254451 -0.50139034 -1.1663264 -1.1910062 0.7776756 -0.7380563 -1.0190994 -0.5186855 -2.1444216 1.1188205 -1.2410169 0.14109169 1.1111774 -1.6653441 -0.8450359 0.80096 -0.0055372077 -1.0620512 -0.61127216 1.2321148 -0.52105075 0.36654013 0.19898166 -0.04118861 1.4365263 -1.364319 0.8129798 -0.20236737 -1.4519192 -2.331115 -0.36563712 -0.6069666 -2.32048 0.16670747 -1.3724033 0.61001974 0.03722324 -1.6719317 0.38428432 -1.1372404 -1.0215544 -1.3161577 -0.15293512 0.5680296 -1.4611844 1.2598292 -1.1921873 -0.12365937 -0.6162101 1.1015935 -1.2706504 0.5696153 -0.7449924 0.14677462 -0.72641397 2.307696 1.6719384 -0.5542733 0.3689529 0.55363727 0.45176545 -0.8718403 0.6552073 -0.24620187 -0.007500211 -0.95924157 1.1916062 -0.42359003 1.1741518 -1.095552 0.24906886 0.12902097 -0.09752754 -0.055461235 -1.2645564 1.2324837 0.34496766 -0.14070271 -1.8603878 0.38953874 -0.2652942 1.0612854 -0.9420175 0.66924936 -1.0759541 -0.34935188 0.24269646 -0.24023028 -0.2354021 0.7486482 -0.6901163 0.5163156 1.472023 0.04700132 -0.08027428 -1.1699711 -1.6156102 -0.2587697 1.6891563 -0.8231462 0.54787844 -0.027714899 1.6146151 -1.2162389 1.4809763 0.30730954 -1.5171281 -0.65832865 0.48070323 -2.2067046 0.34726945 -0.02127049 0.57727677 -1.512429 0.92870754 -3.168928 0.32913488 -0.8769286 1.0604875 1.1869092 0.3057549 0.37649232 -1.4120162 -2.5485606 -0.05822062 1.483653 -0.23216362 1.4563441 -1.6491085 -1.5050727 0.18149309 -1.3480419 -1.2406149 -1.4718686 -1.3053219 0.6457918 0.5068149
paint -0.45944035 -1.2087158 0.81774175 -2.8843923 0.17680149 -0.59105104 -2.0733829 0.57308483 -1.5020798 -0.05544898 -0.7753604 1.9533967 1.3674413 2.700706 0.27612326 1.8692627 -0.38696346 -0.14570838 -1.6486084 0.06395237 -1.9391217 1.8174715 -0.6729531 0.8036906 0.6907477 -1.4989997 1.226992 0.79640144 1.1747578 1.1299634 0.62122816 0.57470846 -1.4587857 -1.7878947 0.003058847 1.6944162 -0.098806635 0.29766166 2.467709 -1.3012435 -0.09341568 1.542968 -0.43099403 -0.022907685 0.3727341 -1.2562507 0.757967 0.69388086 0.74671555 0.4111246 0.70777047 -0.9904277 -0.34204397 -0.56075454 -0.7629574 0.05624721 -0.08433953 -0.18529205 -0.13617225 -0.23489764 -0.040263772 0.57514185 0.5665093 -0.2508956 0.1967227 0.7610811 0.21253872 -0.001774112 -0.09592919 -0.34455737 -1.2283765 0.8851865 0.64809895 0.88187927 -1.7024131 0.9154011 -0.3996361 -1.9500947 -0.52455074 0.31681684 0.840785 -0.5888211 -0.8188881 1.3814211 0.95549864 0.47361526 -0.53585976 -0.10328189 0.38412026 -1.4056203 -0.60919875 1.4134594 0.4258154 -0.6514847 -0.5970019 -0.7771724 0.20087403 -0.7496542 -0.61696696 0.9058314 -1.4311914 1.6651129 0.62814623 0.28032202 -0.89558923 1.4913971 0.4773321 -0.066084914 -0.046083715 0.48871553 0.06705288 -0.5076514 -1.2500849 0.3875197 0.38614574 -0.5967784 0.8856101 0.6756673 1.3088998 0.9629224 0.81918484 -0.41284728 1.3262861 0.047309075 -0.59939045 -0.014745223 0.44507262 -1.2881236 -0.37040597 -0.476381 1.3971791 -1.06717 0.32402882 -0.10061803 0.85818756 0.13607927 0.9728789 -0.4248715 0.4505712 0.21731329 0.35117245 0.21185707 -1.2539535 -0.58851564 -1.0883374 -0.35889748 -2.5362291 2.5824823 -1.4795382 -2.359709 0.67580867 -1.2078882 0.530697 -0.958251 0.6614568 0.95424145 -0.21672218 0.15929714 0.07930557 -0.2932124 -0.8849548 0.7172408 -0.02086313 0.014812461 -0.91103184 -1.3298296 -0.80110115 0.47107577 -0.3455195 -1.118517 -0.063176334 0.43370044 1.6957157 1.3512708 -0.0898374 0.60492706 0.6198356 -0.5078004 -0.33974478 0.5766389 1.6036707 -0.847603 1.08133 -1.0081401 0.3173402 -1.2413877 0.19948247 1.0936859 -0.34211832 -0.16262025 0.4898713 -0.38890713 -1.6850994 -0.38018057 -0.06838042 -1.4139358 -0.5704146 -1.1268082 0.78706646 0.78405094 0.5642183 1.7511919 -0.34587008 -1.5522474 0.71010023 -0.61538523 1.7562094 -0.6505922 -1.104626 -0.12183853 1.0260535 -0.3815221 -0.42947933 0.57741266 0.57125527 2.2361672 -1.9876585 0.39773637 0.85086274 0.4569888 0.844392 -0.113524504 0.85237753 0.123771325 0.001804883 1.0328901 0.080962725 -0.3088452 1.2004129 0.024131421 0.3682158 -0.7912471 -0.46499217 0.8840062 1.7803408 -0.018392848 0.0801057 -0.5101828 0.59206945 -0.23719773 0.8112173 -0.04994257 -0.4590419 1.0754808 -0.043724187 0.5723997 0.5083568 1.2234668 1.8680482 -0.26247126 -0.15424763 -0.82182884 0.3634629 -0.9858661 1.7002668 1.1983291 1.4132195 0.028789576 -1.2303364 -0.86240387 -0.504033 0.96151495 -0.31490213 -0.66219383 -1.6264602 -0.58956397 0.21400912 1.0192533 -2.3125563 -0.42252886 -0.98354405 -0.30297258 -0.06972939 -0.041720938 -1.8944026 -1.4192905 0.71927667 1.400479 -1.8038952 -0.8558443 -0.67706716 -0.50670946 0.6161889 1.3802842 -0.82958394 0.21616282 -3.4394886 1.008383 -1.3464575 0.7793747 1.0107821 1.2525886 0.70722485 0.21709493 0.6543666 0.55811924 0.74430025 1.1670942 0.2813359 1.3455791
bark -1.5008097 0.2953771 -1.2001649 -1.1203885 0.8957984 -1.8619496 0.7110218 0.2221121 0.9362703 1.442521 1.5234487 -0.8515762 0.26330766 0.14370862 1.2522292 0.008202402 -0.8948046 -1.0233017 0.29238647 1.2104871 -1.4607619 1.4225596 -0.3080868 0.79553705 -1.2370863 -2.0883496 2.1253788 -1.3937204 0.0414369 1.4056904 -0.72638685 -1.1865139 0.13733308 0.15688033 0.472212 -0.16828513 -2.0015452 -0.1534501 -0.033777725 1.2914195 0.35006547 0.4240335 1.2902299 0.54102385 -0.24167655 0.09399128 0.42718565 0.34450647 0.095093384 -0.015257618 -0.385772 -0.010892158 1.1220901 -0.9610584 -0.33622256 -1.4953336 -0.25319022 -1.7488383 -1.2035431 -0.037794206 1.6227076 1.4637821 1.1822287 -0.1870343 -0.28731483 0.0646048 -0.39181578 -0.1043268 -0.46433803 0.5979326 -1.7000883 0.1153681 -1.0486164 3.342728 -0.7713981 -2.2268672 0.85094285 1.219219 2.7683184 0.555325 1.9267343 -0.79578763 -0.0015015573 -0.8095178 1.0361322 0.5461667 1.5083431 -0.021649588 -0.22688651 0.5446652 -0.93757147 0.06751668 -1.8312018 -0.8720858 -0.4357785 -0.8772764 -1.9213027 -2.0140924 0.35726443 1.6003479 0.37957793 -0.119090624 0.41574082 -0.0024920814 -0.37225968 1.4485404 -0.6204901 0.43334934 1.2792575 -0.25337538 0.21818143 0.5231838 -1.0614082 -0.5970837 0.06659967 -0.03822175 -1.7502418 0.8906819 -0.96056294 -0.4433035 0.6863615 0.32866728 1.2634401 -0.23765102 -1.5282757 0.21454531 0.2701086 0.06605372 -1.2256682 -0.8390832 0.26603708 -1.0486758 -0.54526174 1.0914576 1.324525 -1.9794255 0.3647894 -0.25724268 -0.59310865 1.0969383 -0.09549828 2.6323464 0.4683427 -0.82293034 -1.5739676 -1.4218509 0.1977966 -0.73956496 1.2919512 -1.2082801 0.5830142 -0.6731807 0.52144605 -1.3830022 -0.7511928 -0.08944565 -2.299894 -0.55360436 1.2056453 0.9526599 -0.36368787 0.2855505 0.6941078 0.72313255 -0.6394166 -0.317237 -1.4059985 0.7806386 -1.7754327 1.2621236 0.2219082 0.66923755 1.4265023 0.044582162 0.6629896 1.7351756 0.5012765 1.4403678 -0.45051008 0.20338288 0.7319338 -1.747799 1.1263804 0.3517969 0.3025841 -1.5001224 -0.796277 1.0820332 -0.9219145 0.010133529 -1.0144988 0.6131772 -0.58309877 -2.5910769 0.092095956 0.30993292 0.13910647 1.2068213 -0.98119694 0.22198226 -1.0092009 0.33009574 -0.98708034 -2.1779468 -1.7242874 -0.056766443 1.4044083 0.23543042 -0.24559319 0.10480344 1.1157614 -0.7429087 -2.433279 -0.12515096 -0.49514315 -0.2428372 -0.37147197 1.8221545 1.1483107 0.9511887 -0.7056416 0.7093817 0.7626463 0.8092314 -0.6090196 -1.1563203 0.42863908 0.10616721 1.4561874 0.10829145 1.4159116 0.47293782 -1.1731247 0.590396 -0.14486144 0.83393645 -1.170625 -0.0896969 -0.1792852 -0.2071725 0.5980598 1.076478 0.90257204 1.0708412 -0.19256768 -1.8372761 -0.42793047 -0.78816426 -0.21784732 0.8595306 0.45372748 -0.53589875 1.3465632 -0.86494565 -1.266297 0.17715691 -0.23030873 1.0633494 0.42819634 -0.14023355 -0.008871422 1.228874 -1.0451704 -0.27199164 -0.9818494 -0.5168711 -0.010839841 0.55149925 0.9184521 -0.37569898 -0.35488623 -0.26503015 0.69457746 -0.53644246 0.314929 0.06532972 -0.37245506 -0.13783596 -1.8406457 1.0732733 -0.014035039 0.107100435 0.52146137 0.3419452 1.0735167 0.84085757 -0.5991942 -1.0084739 -1.977101 0.51117104 -0.24643037 -0.82180965 0.37770984 0.18529782 0.61979645 1.0407177 -0.7839943 -0.6347772 0.77372384 -1.1123431
bakery 0.9038166 0.39093876 1.0076606 -1.4904089 1.4571093 -1.3901966 1.4422044 0.6028085 -0.56517816 0.90428525 0.6519208 0.75555176 1.0980713 -0.7197307 0.12280646 -0.07983425 2.3719676 0.42176574 0.675006 -1.182085 0.09034419 1.8165329 -1.5655799 0.9406193 0.3098337 -1.0382104 1.886402 0.49574533 -0.032977805 -1.3451196 0.65126747 -0.025057107 1.0142926 1.2258415 -1.0805316 0.21043456 -1.6046276 -1.2137737 1.0907906 2.0843258 -0.12850183 1.5233387 0.0934158 -1.4693363 2.3132 0.55318105 -0.18287979 0.8738329 -0.6053251 -0.98687315 -0.4487695 0.19063364 0.7231908 2.1081166 0.7500859 1.0921738 0.14709537 -0.9722327 -0.07580811 1.8127812 -0.06970296 -0.07721156 -0.3578778 3.4018445 -0.149673 0.2073556 0.13938172 1.7792172 -1.3781695 -0.54116607 -0.12350828 0.52488935 1.343971 0.17473932 0.29563436 -0.64778024 0.98324656 0.7180945 -1.1970265 0.4048193 0.18233828 -1.2388703 2.1847537 0.75092214 0.36412984 -1.0724217 1.1958988 -0.73580456 -0.08596292 -0.88836366 -1.7148311 1.082753 0.788214 -1.6066111 -1.2519808 0.87402487 -2.4750898 0.54160076 1.2162237 0.7311879 1.1317362 -1.3311652 -0.87447727 2.1522553 -0.85196114 0.5559394 0.5006865 0.16004059 -0.18734732 0.09895472 -1.778145 -1.2661635 -1.9708415 0.18292499 -1.0407448 -1.0693619 0.03185605 -0.84285396 0.45472643 -0.18886825 1.363236 0.2990007 0.396169 1.2274011 1.1972524 0.41872925 1.428559 0.20099866 -1.5002818 -0.12518959 0.33527553 1.1764973 0.23151863 0.06099513 0.44316408 -3.094318 -1.5045422 0.48527834 0.7571986 0.172975 1.5982941 -0.43594113 0.34265003 -0.06775223 -0.8965604 0.58510315 1.0309211 -1.1209817 -0.45884234 -1.9862434 -0.31971517 -0.02749246 0.35208407 -0.19184205 -0.24587177 0.7242116 -0.7097918 -2.1002862 0.2533136 -1.686369 0.72317076 -0.93570954 -0.47562298 0.11225229 -0.36959776 0.16065328 0.36903587 0.4063127 0.90509796 -0.5028942 -0.16256829 -0.29199526 0.014473814 1.8091758 2.1960294 -1.0093223 -0.23678951 0.7885804 2.4098191 1.0766402 0.98144567 1.2197411 0.019230995 1.676012 -0.86800736 1.7359085 1.754196 -0.9970078 -1.2906768 0.23666508 0.13943522 -0.72871923 1.2884743 0.048377752 -0.42801702 0.74546057 1.4925615 -0.78680074 0.503562 -0.75206137 -0.84172446 0.16160262 0.5696102 -0.02100304 -0.8928 0.634 -0.09611154 -1.9961835 -2.0645878 1.8423849 1.446723 1.44806 1.0786906 -0.026036272 -0.83396274 -0.1364546 0.78475475 -1.1632551 -0.3638544 -0.43168023 -1.0149467 -0.38746983 -0.4743733 0.0696601 0.55115885 -1.6952816 0.7829412 -0.6343712 1.8606185 -1.2247956 1.1599735 0.7259458 -2.689493 1.21447 0.9763643 0.51098126 -0.6100033 -0.54885656 0.8082041 -0.74032074 -1.8962129 -2.271958 -0.46104035 0.023781389 -0.21121524 -0.9319219 0.022815617 -0.65508693 0.64607316 0.5906662 -0.8527929 1.4494717 -1.3963332 -0.7369641 0.07352547 -0.14437596 0.0123545 -2.1626797 0.61733496 -0.8140811 0.06266982 0.40516603 0.46398434 0.8192544 -0.29835027 -0.18817657 1.152862 -0.26291373 -1.0089322 -1.7430907 1.1054379 0.50111395 -0.442314 0.7881625 -1.3218647 -0.21484017 -0.15491234 -0.16754742 -1.290725 0.7717222 -0.8142364 0.25976932 2.3431334 0.5189545 -2.8665419 -0.22123665 0.000902059 0.38365886 -1.2176883 -1.1495278 0.14248745 1.2512294 1.2172964 -0.85985243 0.8369243 1.1414634 -3.3302145 1.4623786 1.5877242 -2.1048913
birch -1.7600491 1.2278237 -1.0442089 0.5678998 0.48624855 -0.6672371 1.1211989 0.23876578 0.9142701 -0.58885455 2.672647 -1.3595674 0.15887843 -0.02709816 0.9552206 1.9089063 -1.2827079 1.317309 0.61380076 0.0498244 -2.0717146 -0.8312693 0.23846447 0.43001795 -0.28824446 -0.049435318 0.7597588 -0.64748317 -0.3163232 -0.59651375 0.06668631 -1.0918099 -1.2429521 0.4930552 0.13117754 0.09464853 -0.28805423 0.30890885 0.5210108 1.0505414 -1.2546155 -0.40738523 0.63947105 -0.0741184 -0.5365483 -0.17729811 0.7601273 0.96515685 1.3849875 -0.8289422 -0.31943074 0.4549949 0.58345324 -1.1092193 1.5211453 0.3653932 0.39026332 1.1176686 -1.4371511 0.18696792 1.8770382 -2.0169518 0.6129634 0.1525149 1.3234583 0.4977762 0.21498732 -0.4436074 -1.2621086 0.5270571 0.1429419 -0.72015697 -0.9203552 0.4674898 0.053361796 0.65557766 0.6183546 -0.93838316 2.529117 -0.057125308 0.44994247 -1.1966194 -0.012017216 -0.8256178 -0.2059794 0.51139235 1.836554 -0.13214342 -2.2050176 -0.8511719 -0.26271236 -1.0719925 -0.18543656 -0.085078925 0.599407 -0.08263686 -0.7046514 -2.0285497 -0.04559747 -0.14740647 -0.44634527 -0.33689559 1.2076811 -0.7961374 -0.009450737 1.2895014 1.5916762 0.5389585 -0.3256797 1.1878141 1.3027238 -0.29808232 -1.0912325 -0.34551665 -0.39594233 0.10903219 0.8039986 -1.4207952 -0.061415512 -0.37593144 1.0909685 -0.49970117 -0.4262095 -0.45360684 0.3969042 0.60376555 0.04965201 0.37456727 0.078150705 -0.43285522 0.5815604 -0.1229416 -0.7493574 -0.015516673 1.1947964 -1.1730717 0.99413157 -0.26608926 -1.3273829 0.9631599 -1.7295817 1.7494524 0.4022818 -0.95295066 -0.98924387 -0.6845556 -1.2583565 0.16061214 -0.94875044 -0.29045308 -0.6882412 -0.49848014 0.2868978 -0.388399 0.44881302 1.2291274 -1.7724501 -1.6250647 -1.0695466 -0.04069751 -0.022466244 0.76569265 -1.0031304 -0.44834226 -0.5678304 -0.03391256 0.8095245 0.5275606 -0.6952785 1.7309475 0.8358341 0.39344108 0.21924962 -0.9960275 -0.7345235 2.593877 0.057273444 0.80085206 -0.18132886 0.14636284 2.0727568 -0.6769122 -0.27252653 -0.91585803 0.17074706 1.3222054 -0.19367383 1.661182 -0.11315229 -0.067395225 0.34104297 -0.447413 0.012280481 -1.2900805 -0.0015552024 -1.9373364 0.55913526 0.51415014 0.9857087 -0.3493023 -0.69155806 -0.4737111 -0.76015913 -0.31806648 -0.37897733 -0.14384489 0.1169137 0.4777279 -0.38764608 1.1524506 -0.2005485 -1.101272 -0.36686257 -1.2223822 0.6755263 -0.5805671 -0.2934551 0.52135646 0.828319 -0.7571191 -1.3192528 0.92159647 2.2972045 -0.4824098 0.93793285 -0.15681745 -0.47202063 0.08574966 0.7241752 0.6695437 1.2275331 1.0528537 -1.1618392 1.611461 -0.32610005 0.8959441 0.22424802 -0.68916374 1.0729674 -0.82225245 0.86733204 1.0192345 0.16882588 -0.45051086 -0.42203507 -0.9099515 -2.1292987 -0.015920904 -1.343584 0.040841267 1.4568956 0.26314408 -0.5184559 0.45672974 -0.41196644 0.03292018 1.0558803 -0.647306 -0.53393996 -0.7542502 0.015925957 1.1911551 0.5640291 -0.8906599 -1.3870201 0.43526 -0.26800978 1.606815 -1.9057884 -0.49098286 -0.14947306 -0.81471497 0.20415014 0.991029 -0.009856573 -0.97254115 0.121169604 -0.5619687 -1.428794 0.4953063 -0.15174554 -0.43101045 -0.5717909 1.1851047 -0.92102104 1.2656919 -1.7904396 0.657065 -1.6637572 1.7341639 -0.94115686 -0.38719887 -1.5800849 0.14907798 2.2730224 0.81192434 0.42328435 0.9683139 -0.21783175 -0.20788057
urine -0.19900559 0.09364765 -0.27616844 0.50349224 -0.40572178 -0.5521071 -0.21715009 -0.22592856 -0.48693174 -0.07279719 0.57485104 0.64277035 -0.87016004 1.7167675 0.006048653 0.89919895 0.5233002 0.677278 -0.8486493 0.7835118 2.1266592 -1.6084676 0.46342346 2.7511582 -1.1483665 -0.813002 1.7278837 -1.2377286 -0.3532487 -0.7770409 0.4247061 -0.59613866 -1.4399996 -1.7783028 -0.0034406632 1.0622389 -0.4334275 1.3623183 2.3741276 0.29464582 -0.5576007 0.021005617 -0.8370728 -1.195243 -0.12643649 -0.89239174 0.5983866 0.19348024 0.40591815 -0.57971275 -0.03951015 1.3615716 -0.14824373 -0.70867175 -1.0737789 -0.7384855 -0.10063762 0.89024806 -0.4785131 -1.3650377 -0.7414453 -0.4309019 1.476984 1.2107081 0.19783108 -0.07925936 -1.2087239 0.39217865 -0.50513935 -0.48084414 0.26294294 1.5197242 -0.054985456 -0.31917766 -0.8064463 0.7484019 0.69840485 -0.63769764 1.6744522 1.283166 0.05824718 1.0677849 0.78738886 0.12549764 1.5491482 0.93100953 1.4371965 0.96617794 -0.6744897 1.2466961 0.34800607 1.1530693 -0.90784883 1.1353782 0.6137197 0.65888 -1.7802318 -0.25603494 0.14346047 -0.555397 0.5301788 1.0306861 0.24050088 -0.83147293 1.1193881 1.3306005 1.6655502 -0.8065814 1.6627283 1.0529974 1.7607983 1.2894686 -1.6029717 -1.6533306 -0.69267046 -0.7876924 -1.5573376 -0.35898408 0.40679485 -0.55777127 -0.7459293 0.107132025 0.7584524 0.22873917 -0.4931204 0.38926855 -0.5991378 -0.51923114 0.86836934 -1.261316 0.11194041 -0.96084386 0.7661999 -0.68979317 -0.2838827 -1.0694247 0.9821162 -1.1619375 -0.16989969 0.22853671 0.55210614 1.1514416 0.096882656 -0.0021759302 -0.9627502 -0.40626702 -1.84401 -0.6550137 0.5366416 -1.8632578 1.0359925 -1.0974176 -0.038428098 0.16672459 0.72196984 0.4956445 -3.701226 0.26800993 -0.14204457 0.78925693 0.66936946 0.0339599 1.1981549 1.1688453 -0.12774007 -0.8179948 -0.26764703 1.3540289 -0.11171215 -0.33686715 -2.6263814 -1.3267357 0.055467505 0.054039553 1.5276717 0.26959231 1.5765089 -0.47516102 -0.62437606 1.4676415 1.1784201 -0.45807466 1.7131138 0.31335163 -0.510618 -0.23102638 -0.18123361 0.8902316 1.0550904 0.21641712 -0.18292557 -0.1656281 -2.9310775 -0.27495962 -0.32359517 -1.3485498 -1.3492668 0.4751633 0.8981677 1.0688863 -0.22926879 -0.6891592 -1.1797531 -0.9733026 0.11495346 -0.46820873 0.11895616 0.2809319 0.64536995 0.69870037 1.4171793 -0.5382048 0.31235865 -0.2570205 -0.50360346 -0.32010877 -0.44255972 0.30153263 -0.06875266 0.5222716 3.138139 -0.2640715 -0.82867414 1.7082664 -0.9990478 -0.112293765 1.0783238 -0.31276616 0.56007624 -0.49215895 0.58294845 0.7031669 -1.0250624 -0.6256934 -0.044818707 0.6348159 -0.9019726 0.75813854 0.2927191 -1.3169266 1.7097412 -0.9484589 -0.21796584 -0.21212924 -0.44370398 0.5792459 0.30641872 -0.72405374 -0.47852114 0.026160145 1.618809 -0.9726094 -0.16559808 -0.21024348 -0.675557 -1.689744 0.6310571 -0.38267902 -0.39984107 0.887564 0.728659 0.73503715 0.43325698 -0.75325084 0.053005 -0.9310348 -1.403204 0.2856522 -0.6949511 0.53707135 -0.6167871 0.26874965 -0.9484659 -0.54638433 -1.5782386 -2.340376 -0.23562965 -0.14695752 -1.4952182 0.41101253 -0.26066557 -0.10273153 0.56516933 0.023985598 -1.5612082 0.14782672 -1.7785366 0.46106187 -0.61626405 0.99853367 -0.3417436 -0.1882594 -1.0966824 -0.105824776 0.96060896 -0.48979694 0.9416169 0.28462678 -0.70188236 1.760225
glue -0.11947844 -0.1886183 0.420951 -1.1200844 0.4479683 -0.6357922 -0.73057 -0.3668513 0.4821595 0.56879646 0.036945187 0.8128226 -1.3871734 0.28379554 0.64072543 0.546397 -0.46179995 0.18337294 -0.41038546 0.47237414 -1.6141205 -0.7399783 -0.9768366 1.6696935 -1.8733181 1.0536517 1.7589574 0.37487373 0.4737789 1.1723826 -2.0182226 1.4956883 -0.503579 -0.5221056 1.5452257 1.3926622 -0.25200173 0.1169942 1.139833 -0.67807305 -1.4943706 1.2238379 -0.62088543 -0.04483505 1.4530034 -2.6834824 -0.15735373 0.21418282 0.1205418 0.5141471 0.08319495 0.2676452 -1.3168452 0.5512345 0.42232016 -1.3855112 -1.0281819 0.97225535 1.7042537 0.3998049 0.25063553 0.8825255 1.0329835 -0.17041746 -0.13176352 0.25729072 0.746115 -0.22087426 0.01798106 0.46828628 -0.9698101 0.221449 0.06926929 -0.26676694 -0.6525482 -0.21916553 0.900444 0.31126535 -0.49064183 0.17586972 -0.3150366 -0.41652808 0.2120296 0.40744832 1.3725736 1.5594459 0.29502094 -0.25112206 1.0214623 0.52501637 -1.026605 -0.09431389 0.8709341 0.55638593 -0.6852468 -1.1130934 -1.0086714 -0.18580836 -0.14240645 0.38346124 1.7217572 0.3525294 -0.35708678 1.3847021 -1.7431265 0.7367254 1.271739 -0.21415931 1.1382934 0.5976238 2.0820446 0.9090809 -0.3178948 -1.0498074 -0.27691513 -0.95931655 -1.39044 1.0718051 0.27656826 -0.830367 -1.0263069 0.16002166 0.82369 -0.8866713 -1.9759766 -1.0162206 0.1410911 -0.1770616 0.14450952 0.32887557 1.3776025 -0.042160183 0.21850882 0.90598625 0.5352428 -0.6520849 1.2755361 -1.2581968 -0.17985201 -0.82191443 -0.29067692 -0.18799046 -1.3649502 0.74383885 -0.40840423 0.7797211 -1.9857484 0.19664104 -0.91365284 -0.7640643 -0.6961258 -0.5535915 -0.6562979 -1.8663762 -0.48335642 1.2259454 -1.4508688 -0.54490954 -0.7295128 0.90178055 -1.9975963 0.6921219 -0.16662359 -0.26905698 -0.15005942 -1.5543839 -0.20110905 -0.07242875 -1.8900564 -1.5209014 -0.80042565 0.1564976 0.11998866 0.19069737 -0.29692373 -0.82366586 0.19598365 -1.6085986 -0.116135284 0.3484661 -0.18710479 -1.4151781 0.3954794 0.22442569 -0.7257847 -0.6359827 -0.06936896 -0.05761292 -0.50290936 -1.1346996 0.36894444 0.26534402 -1.6918544 -0.30166444 -0.40796053 -1.3543763 -0.87755764 0.21282163 1.6415783 -0.20761748 -1.033041 1.2049657 -0.36035222 -0.12117218 0.72423166 -0.59019727 0.07277441 0.6974994 0.4462445 0.66597444 1.4294415 -0.23622768 -0.03035564 0.062912226 0.82418245 -0.0046526142 -1.4431264 1.0676284 1.0097778 1.0232166 -0.08891472 -0.5003772 0.29884544 0.8001273 0.49421284 0.00680042 -1.181856 0.12169507 1.3674219 -0.88965875 0.45546672 -0.14882664 -0.06941777 -1.0552483 0.045439847 1.0959896 -1.5160148 0.031445775 -1.2011187 0.6003674 -0.84787285 -0.2626337 -0.8241723 -0.7966176 -0.71196884 0.017185088 -0.9906746 -0.9896764 0.25481695 0.29182452 0.20202427 -0.5845774 -0.105007924 -0.31541613 0.78685033 0.6553335 0.27308497 -0.5312192 -0.085332066 -0.89737296 -0.29038677 0.26677918 -0.698823 1.5935827 -0.19886222 -0.8222742 -0.2706569 1.2161391 -2.5479352 -0.8329685 -1.3634697 -0.076117575 -0.11367401 -0.71287775 -0.6724702 -0.080673225 0.9635168 0.69728786 -0.9692622 -1.0537645 0.4443116 -0.49563497 0.43682465 0.5097837 -1.2034216 0.20816359 -3.430313 0.96138525 -1.9482052 -0.09621444 0.6486658 1.0498533 0.41821474 -1.0159866 0.04350373 -0.19332132 -0.5407706 -1.020323 -0.3502283 2.955532
gasoline -0.87878513 1.0926117 0.26951906 -0.16884513 0.84862757 -0.64642113 0.40727818 -1.105175 -0.506933 -0.06960174 0.46611518 -0.854769 -1.0927514 0.17007193 0.8324874 2.182122 -0.33956608 1.5305977 -0.48959914 2.097522 -1.1956773 -0.70681125 0.0420322 0.75526226 -1.5681804 -0.0851769 0.9061577 -1.0281847 -0.8415242 -0.18443039 -0.51737386 0.4290557 -0.8143736 -0.95511776 -0.17973474 0.007927057 -0.05488723 0.76539874 2.586064 -1.6513723 -0.93136925 -0.5966498 -0.23353127 -1.0370915 -0.06993917 -1.4634242 1.2981731 0.3980362 0.31116307 -1.2927148 0.6042118 1.7843356 -0.7494858 0.5766678 0.5967581 -0.22508126 -0.91568655 1.5388253 -0.2516667 -0.66754574 0.55760473 -0.88461995 0.115983896 0.024545733 0.3024322 0.06973016 0.29970217 -0.7276922 -0.7536383 0.29455206 -0.8271712 -0.0676299 -0.76610184 0.09696096 -0.76662767 -0.11447754 -0.10858834 -0.41900596 0.3201706 0.16271651 0.5633591 -0.10513879 -0.961117 -0.612598 1.1959404 1.0266135 0.621923 0.21504192 -0.90909 -0.24970043 0.22228023 -0.04835273 1.039697 1.1686859 0.63545454 0.8060406 -0.4176037 0.30744147 -0.63401407 -0.5645989 -1.1516064 1.238381 0.50298035 -0.6021994 0.64774483 1.3323455 0.3926111 -0.8565241 0.43326625 1.2481524 0.9072485 -0.42421323 -0.79949164 -0.75411606 0.1136338 -0.87039894 -0.016733626 0.32206088 0.87280554 -2.217128 0.25187543 0.8263143 0.7311728 0.2995108 -0.83508223 1.2694393 -0.94316596 0.25922552 0.8098616 -0.7244874 -0.8512845 -0.27890176 0.1083237 0.013609255 0.9865442 -0.90770537 -0.6170594 -0.8837966 -0.21005376 -0.12152688 -0.90689754 0.702636 -0.8960695 0.72724557 0.47036722 -0.38343427 -1.3694739 0.5897592 -0.4822175 -2.3282762 -0.20608145 -1.479044 -0.20708211 -0.5267967 -0.5578532 1.1251116 -3.1575384 -0.79946464 -0.65079945 0.6023822 -0.73450667 0.09624016 -0.5353717 -0.12116354 -0.07186925 -0.89884424 -0.7907718 0.6856895 -0.52714247 -0.4779305 -1.156185 0.19031501 0.56583935 -0.008152364 -1.509929 0.3674002 0.6946162 0.6550804 -1.5177567 0.19191848 0.9982932 -0.0001453895 0.7393352 -0.37179318 -0.24595512 -0.6420344 -0.1374358 0.88763 0.3377967 -1.2576823 -0.9753796 -0.20588917 -1.8238866 -0.4623793 0.33798823 -1.1921576 -1.0587949 0.011745092 1.5706801 1.0193819 0.4917272 0.02489968 0.30133998 -0.72774494 0.31899732 -1.0383954 0.76306486 0.75102603 0.7546877 -0.21224588 0.08012441 -0.2606808 0.83932847 0.18203852 1.3751274 0.19472009 -0.34509176 0.70387137 -0.54224265 0.6119269 1.6032116 -0.70532984 1.0322105 0.11593279 -0.27067807 0.26613468 0.07996297 0.2992848 0.97985274 1.0905066 0.8148511 0.8933148 -2.1499975 -0.8754914 0.018982096 1.4592681 -0.6461403 -0.22600983 0.83152103 -1.2509733 1.3253344 -0.17293389 -0.2108205 -1.0269209 -0.5244356 -0.5261597 1.7602063 -1.5189588 0.9434083 0.36402056 1.0791509 -1.2278708 0.22026162 0.61156595 0.1737159 -0.20360544 1.0658164 -0.8790084 -0.40868282 0.78731453 0.813296 0.35308033 0.38503462 -1.3763614 -1.004664 -1.1542494 -0.71883136 -0.54153436 -1.8030429 -0.73938924 -0.6734595 -0.40109852 0.43174303 -0.24346192 -0.9624264 -1.008834 0.36148348 -1.3867718 -0.6777608 -1.1229926 0.4331645 0.43808803 -1.1171981 -1.1635717 -1.0355917 -1.0951332 -3.5407615 1.5452793 -1.0010282 0.07156556 -0.5565057 0.95833373 0.4174879 -1.7811745 0.8617011 0.6057933 0.7252988 -0.14771874 -0.057994016 1.9514012
detergent 0.8597637 0.73349494 0.4342158 -0.8915528 1.2212765 0.031073064 1.4266907 -0.020687807 -1.3399154 0.40206623 1.0695305 -0.46209884 0.12955444 0.524093 -0.6691192 0.74200785 -0.6139314 1.2535495 -2.2065635 0.7570839 -0.2742703 -0.9112659 -0.9500456 0.92522615 0.60199535 -0.28752005 1.765383 -0.7791522 0.26590666 -0.5764872 0.0802375 -0.13745862 -0.7039807 -0.91375524 0.65546614 0.78710234 -0.5246043 -0.0037019113 0.89982903 -0.49720243 0.06349163 0.9768734 -1.6072063 -0.7469324 0.5842988 -1.0652293 0.7221927 1.9300084 0.3540041 0.23896894 0.85839486 0.51201653 0.30463406 -0.53269583 -1.0464665 -0.5657378 -0.71125805 0.23618352 -1.5036793 -0.91044825 1.7776003 0.8144264 -0.07485033 0.3610297 -0.38231397 0.17289037 1.4840882 1.2261645 -0.9291892 -1.0742981 -2.152639 0.78047 0.36830375 -1.2436912 -1.524139 0.6198736 0.1653855 -0.9591419 0.0035085478 0.18109676 0.9068777 1.2397395 0.6642603 0.10806452 1.6641551 1.2108068 1.7046304 0.2980916 0.5512148 -0.07053817 -0.9446136 -0.2599202 -0.24365506 0.67593575 -0.9192455 -0.5802516 -0.60140306 0.058623556 -0.2930355 -0.32614887 0.14514504 2.1772404 0.24007778 -0.39241546 0.44261566 0.55766076 0.7241997 -0.6602702 0.89488584 1.4468068 1.5130314 0.20706393 -0.30940178 -0.046601903 0.04663307 0.77764225 -0.6427218 0.17486073 1.5774617 -3.0983515 -0.74070525 0.4039461 0.2470451 0.10911941 -0.54411876 -0.58190864 0.5420598 -0.50466716 0.1757221 -0.30762756 0.37990502 1.3439014 0.45427582 0.28001538 0.6855174 0.029990874 -1.0823749 -2.334674 -0.18738386 -0.45854077 -0.33744714 0.0069472245 0.76749784 -1.0459117 -2.250847 0.7001712 -1.2889665 0.69428545 -0.7077442 -0.5441894 -1.3540088 -0.67355126 0.050942633 0.62609977 0.24759628 0.6062178 -0.9855687 -0.47254595 -1.2404171 1.9210554 -0.0326981 0.101221345 -1.0501665 1.5116651 0.012408028 -0.7972945 0.48939192 0.5824255 0.2730366 -1.3273783 -1.2730182 -0.1154583 -0.62735844 1.5006329 -1.145827 0.47487217 0.24999359 0.5457676 1.0196142 0.9877556 0.34892714 0.7160845 -0.49262792 -1.6506487 -0.8933996 -0.32621118 -0.096994534 -0.42914742 0.5953397 -0.9571884 -0.816676 -0.007559294 -1.0158155 0.13687982 0.7978665 -1.5600364 -1.0190146 0.5503548 1.2715204 1.2283348 -0.13166885 0.28467646 -1.3363411 -1.8266634 0.41682202 -1.0846665 -2.35927 0.96768963 -0.64321256 -0.29219294 0.32271555 -0.48898217 -1.0891575 0.19966285 1.0100946 0.6513153 0.21924634 0.14208971 -0.8182802 0.2050267 2.194491 -0.27035078 0.48181236 -0.08608178 0.80785614 -0.46407488 1.2036743 -0.399421 0.7410065 -0.14862429 0.14707616 0.54245937 -0.657791 1.0125511 1.5829145 1.0956002 -1.284819 -0.97528577 -0.4155315 0.9723534 0.9102084 -0.48973718 -0.026661234 -0.7431639 -0.7001957 0.49817023 -0.6288509 -1.1967255 0.37512067 0.29212534 0.6183398 -0.838576 0.6174446 0.3906861 0.6727453 -0.3172344 0.8835082 0.44639394 -0.43505755 -0.3914647 0.5951563 -0.4792096 0.48586792 -0.13007568 0.121083535 -0.5826079 -0.6232663 -1.093091 -1.211325 0.5360475 0.3553907 -0.03654799 0.18550402 -0.4010271 -0.34400234 -1.1457189 1.7026566 -0.67371416 -0.50321853 0.38287675 0.87484616 -0.77580637 -0.37219796 -0.36169615 -1.5478586 0.64451855 -2.451519 0.56553537 -0.10253631 0.88586795 -0.030588128 0.41624632 0.5478979 -0.63648856 0.78063226 0.9881904 0.61995274 0.41755083 0.20671163 1.5232184
camphor -0.4542787 0.69994146 0.2763603 -0.06016662 -0.043526474 -0.45768386 0.5415367 -0.060434148 0.95140976 -0.030227758 1.104396 -0.6205804 0.12881914 -0.2879756 1.408899 1.0345397 -0.5298101 0.7826924 -0.4498437 1.530331 -1.368193 -0.80259216 -1.0200719 0.5400846 -0.35365865 -0.2794442 1.6619966 -0.49834624 -1.4306254 -0.6319151 -0.23428455 -0.07927223 -0.48929638 -0.66183335 -0.31217563 -0.09033786 0.07628549 0.23405309 1.9183313 -0.12594008 -0.2753339 -0.30496573 -0.51205766 -0.52741355 -0.33078864 -0.41608444 1.5225402 0.14568606 -0.2605974 -1.2843945 0.4734803 0.28594923 -0.9710375 -0.9890051 0.49017432 0.22904162 -0.26852688 -0.4216206 -0.92952466 0.041967947 1.3784089 -0.31392932 1.5638446 -0.18324196 0.094937705 -0.2557341 -0.16681139 -1.5494714 -0.9062851 0.28052 -0.92071533 -0.1885266 -0.92146605 1.0066125 -1.0675232 -0.3837996 0.27383178 -1.0522033 1.537628 -0.13323995 1.3962729 0.49699217 0.33030844 -0.90834534 0.32748112 0.025555154 1.2414563 0.23548184 -1.0651338 -0.29139787 0.046557568 -1.6677308 -0.82296175 0.121603854 0.30800077 -0.21441735 -0.8970675 -1.077485 0.12673628 -0.31434715 -0.2018169 1.4224148 0.47022328 -0.058904167 0.47601435 0.6187457 0.8610345 -0.47316816 0.28566024 -0.04050016 0.5977391 -0.1123422 -1.7458915 -0.5837316 -0.6650734 0.012923582 -0.22425877 -0.20912187 0.20119552 -2.0270011 0.6086972 0.9921943 -0.31040806 -0.5600571 -0.95911044 -0.24692586 0.16391003 0.0905716 0.4408346 -1.0998081 -0.40487364 -0.42099607 -0.21409383 0.4603502 -0.068081476 -1.1900359 -0.2853487 -1.8684547 -0.017627794 -0.08294568 -0.5324211 1.7655793 -0.8202092 0.49538937 -1.7992033 0.5858696 -0.16863912 -0.5506706 0.42982796 -1.0343915 0.7461727 -0.7072664 0.0070259944 -0.46258885 -0.9996849 -0.0656153 -1.713842 -0.9619017 -0.6121438 0.46137118 -0.6515808 0.5293666 -0.2659237 -0.0694 0.6967183 -0.31390837 0.013842713 -0.07758877 -1.4447968 0.5369637 0.5101322 1.1246396 0.87131333 -0.3869339 -0.63328 0.8250129 0.5749074 0.77903676 -1.040962 0.13152161 0.8754151 -0.21794032 0.88145345 -0.6761931 0.4973676 0.12730157 0.6938314 1.145246 -0.53455746 -1.268447 -0.093351424 -0.3362774 -0.75577193 -1.4637648 1.1445475 -1.3181742 -0.7319187 0.2301835 0.9113618 0.44761854 -0.8635463 -0.2421668 -0.09581212 -1.3229393 0.5349983 -0.045962673 0.036911093 -0.036542002 -0.02128741 0.3414791 0.58721256 0.08946138 0.55840415 -0.47252372 0.77656204 -0.24972838 -0.66436946 1.0217757 -0.3415167 0.26116002 -0.24329057 -0.1350487 1.4633341 1.124763 -0.4544613 -1.247007 1.5288794 0.4713697 1.1629337 0.5963197 0.7850776 1.3143514 -0.3388452 0.12586524 -0.11784792 0.6877197 -0.25655335 0.061416227 0.38711783 -1.1053646 0.8219867 -0.53939617 -0.43423036 -1.2241218 -0.041700028 0.012198382 -0.61686456 -0.5022031 0.25600508 0.37715662 0.7376867 -0.8425651 -0.058228023 0.3068451 -0.23956123 -0.073137484 1.4527011 0.3059201 -0.40152892 0.3252779 1.0834079 -0.1526861 -0.15335628 -0.67469406 -1.8149306 -1.0208341 -1.020464 1.0867932 -1.2937655 -0.98466766 -1.3858958 -0.09692627 0.5058555 0.2397627 0.7220231 -1.6333066 0.8928844 -0.82944113 -0.3511746 0.46641916 0.40842593 -0.20667046 -1.4040422 -0.11570914 -0.5546858 -0.32619974 -1.6350672 1.2182626 -1.6469918 1.3655435 0.08806468 2.1136549 0.67304164 -0.30332246 1.9524472 1.1702831 -0.009717083 0.43964812 -0.45186147 -0.17674342
weed 0.5056827 0.3528243 -0.55215245 0.50421286 -0.03745672 -0.94842744 0.42803237 -0.105722874 0.49967685 0.002830875 0.6294723 0.549328 -1.3822513 -0.5266109 1.0508661 0.4901403 0.023323989 0.9607666 -0.8723999 0.37888104 0.039435435 0.7549272 -0.5724788 0.095614634 -0.27410004 0.72620755 1.5092846 -0.88479954 0.13917243 -0.002112227 1.1503369 0.69534713 -1.1758595 1.2609437 0.5697981 0.41685978 -0.3756701 1.0985063 0.69391656 -0.49477744 -0.7947277 0.4110012 -0.0029133502 -1.303644 -0.84040976 -1.126052 -0.74919015 -0.81980133 -1.3000244 -2.220329 -0.5771981 -0.027007353 -0.9070319 -0.8971337 -0.12190642 -1.308437 0.16605696 1.5750778 -0.39653605 0.54620785 0.16609085 -0.43835846 1.9058754 0.005709144 -0.2899515 0.37415498 -1.7578193 0.4994475 -0.45600343 -0.14712515 -0.3741143 1.0945429 0.4800619 0.661351 -0.7279778 -0.50530684 1.2819204 0.3128506 0.8448586 -0.14976905 0.39510098 -0.028191734 0.9670505 0.040744133 1.3311402 1.7962304 0.8705851 -1.0240496 0.018287672 0.27643642 0.086560674 -0.40163955 0.22497356 -0.0019693393 -0.72332203 -1.0792657 -0.11802596 0.7697076 -0.26798883 0.20908675 0.025408657 0.72034013 1.4365084 -0.3587711 -0.8244656 0.67844814 1.0994333 -0.19390832 -0.8362876 0.7405386 -0.0031237958 -1.2597616 -0.08174736 -0.5637683 0.063081704 -0.24526359 -1.2575977 0.6503666 -0.04364429 -0.37221152 0.4395636 0.23492402 -1.3364519 -1.2203707 -0.99825054 0.3103362 -0.46394268 -0.42037702 0.116746195 -0.34858 -0.6735975 -0.042600818 -1.6877979 0.0065259538 0.24204081 -0.38003117 -0.5085821 0.83976865 0.1522256 0.5634037 0.7653699 0.45695606 -0.8880324 -0.4612742 -1.4076363 0.6423688 -0.32620898 0.23052268 -0.6434765 -0.19081978 0.5128138 -0.46609664 0.228964 -1.6424716 -0.49358433 1.0239288 -0.5402457 -0.12916352 0.26032716 1.4058487 -0.35394916 0.7085318 -0.5630046 0.95901304 -0.6469708 -0.72344947 0.87890995 0.24428299 -1.4286422 0.33239746 -0.851225 -0.47212583 0.12941642 -0.50519335 0.5915167 0.9383879 -0.24455345 1.117509 -0.7118923 1.0194179 0.047666535 -0.6867751 0.9597275 0.40908763 0.6915034 -0.3820262 -0.34488836 -0.2212371 0.30250123 0.34490594 -1.6751769 -0.01559908 -0.9147012 0.29491004 -0.50894177 -0.79538816 -0.7454357 -0.35924247 0.94129586 0.19810979 -0.90005285 -0.5243708 -0.63887686 -1.0265113 -0.6099613 0.04364573 0.07802446 0.2375928 -0.79115796 0.34499416 0.42215815 0.7314038 0.16994345 0.34706432 0.012690448 0.4852519 0.9674654 1.327612 -0.1644814 0.79064 1.4239359 0.550496 0.9796267 0.81501746 -0.22804534 -0.062712945 -0.5667152 -0.51047105 -0.69806945 0.5004741 0.52643466 2.0388212 -1.4748003 0.5453666 -0.016385332 0.007764467 0.19461694 0.6982735 0.6349953 -0.44948226 1.5906777 -0.24517976 0.46445227 -0.296657 -0.16060331 -1.5749598 0.21276025 -0.84482825 0.8042835 1.2071198 0.2670438 0.2771043 0.736667 -0.17030075 -0.2169209 -0.6481643 0.31328258 -0.7047163 -0.096518785 -0.31371263 0.572204 0.28241792 -1.4648299 -1.1111146 -0.4221047 -0.26459786 0.28558096 -0.48326135 -0.29701367 0.5543008 0.45403403 0.37917852 0.289515 -0.26957348 0.42981705 -1.7867692 0.35493663 0.24959072 -1.3958153 -0.6332189 -0.7476041 -0.62906975 -1.2668202 -0.22357316 -1.8672519 0.25470832 -0.7246396 -0.34162176 -0.33617923 0.52509713 -0.35918504 -0.25266564 -0.022591542 -0.38060367 1.1724006 0.1787313 0.052522857 0.83500516 -0.17025986 0.2337081
mouse -0.11477099 0.513406 -0.5795079 -0.65078294 0.5256035 -0.09010414 0.13237496 -0.6349692 0.66754496 -0.20589073 0.98711 0.41389003 1.1823647 0.57817906 0.18971911 -0.44647706 -1.0175531 -0.9667259 -0.29527265 0.038836945 -0.09097151 -0.26307657 -1.1485745 0.86667204 -0.9231161 -1.0869464 0.7013061 0.46476388 -0.016770015 0.28308704 -0.37934098 0.44148478 -1.0905069 0.41974095 1.0061688 0.7444433 0.17478944 -0.4970626 0.60848117 0.275515 -1.9560364 0.9004966 -1.3601382 -1.0246166 0.8905947 -0.6098887 0.10082147 1.3676229 -0.21763502 -1.0731537 -0.21701257 0.07638151 -0.15649638 -1.0163044 0.14644344 -1.6515238 0.3514252 0.17247574 0.98832095 1.4927562 -0.09703296 1.5911498 0.4970008 0.602261 -0.6503428 2.1906202 -1.5627114 0.6951317 1.0198724 -0.051878225 -1.0296512 -0.0074971314 1.2267454 1.325228 -0.631586 -0.19445756 0.6240469 -0.116272874 1.1741343 0.046730295 -0.43922195 0.3190921 -0.30731487 0.8988262 1.1260278 1.4037542 0.3605858 0.2198097 0.82389927 -0.05939414 -0.8492068 0.9526928 0.67534214 1.037313 -1.6401106 -0.6090325 -0.44120002 -0.47804475 0.5885771 0.3436308 -0.4770713 0.710326 0.22422856 -0.10195992 -0.6050483 -0.3791085 0.32037872 -0.5255056 0.6600584 1.2463346 -0.080499195 -0.416378 -0.44197553 -0.2648384 0.1750359 0.51684844 -1.26674 0.042977218 0.8899222 0.11222379 -0.16222943 -0.4308752 0.9599391 -0.68981445 -1.4718955 0.583818 -0.17563859 -0.16432363 0.3565012 -0.60075116 0.65414745 -0.5926664 -1.0327349 -0.08763847 0.6684953 -1.3286166 0.20283398 -0.5467314 0.25919402 -0.2947062 1.2748677 0.19683716 -0.16186497 0.16385455 -0.24065591 0.6886956 -0.16493796 0.34774753 -0.18551384 -0.618351 0.1499319 -1.0398598 -0.52337 -1.3056309 0.15893885 -0.06222079 -1.1379768 -0.044271726 0.8800058 0.29883048 0.14153384 -0.009412082 0.45035508 0.37308186 -0.9242464 -1.6897722 -0.30383462 -0.40127495 -0.44974783 -0.52009267 -1.0610878 -0.8191891 -0.07465164 -0.21497306 1.7136464 0.78722864 0.060109116 -0.623257 -0.42769426 0.5609472 0.6202199 0.2340354 1.3630979 0.664356 0.6281377 -0.61752975 0.3155746 0.46353605 0.04717361 1.5654421 -1.2157282 -0.085006736 -1.8621533 0.28517646 0.36978352 -1.4838742 -0.67205167 -0.08392744 -0.48172635 -0.044234354 -0.5875397 -0.028197758 -0.99480164 -0.09549008 -0.42507574 -0.11892432 0.71810526 0.39971948 0.016650923 1.0685246 1.56132 0.005572433 -0.079723984 0.03993619 -0.34815857 0.9475589 0.42402798 -0.46465015 0.43376628 0.024876254 -0.7445726 -0.41239172 0.40435615 0.7339386 -0.37055984 -0.24059492 -0.20576312 -0.6037416 0.20908315 0.2623848 -0.5966834 0.9200324 -0.72588104 -0.71686316 0.7925006 -0.20439476 0.2947129 0.17179301 0.5629846 -0.91778946 0.60617393 -2.2956042 -0.04730806 0.5616831 -0.047902275 -0.523198 0.5678167 -0.26472098 0.9999106 -0.1050495 1.2024167 -0.99386436 0.78930074 -0.82199615 -0.400974 0.5010196 0.9327826 -1.184832 -0.36613923 -0.7558499 0.23166086 -0.0711144 -0.7855829 -0.7349904 -0.84934336 -0.5831705 -0.45732287 0.635274 -0.015418229 -0.030446172 0.35516152 0.2316279 -0.38772988 0.01585854 0.12517042 -0.980814 -0.8374799 1.2492796 -0.50391084 -0.1688253 -0.84285843 0.05290688 0.39811158 0.98265666 -0.91172796 0.103107765 -0.4482428 -0.9646377 0.37939513 -0.8200518 0.44930103 -0.8729371 0.2658227 0.008313602 0.91521937 0.23752144 0.27858108 -0.63992876 0.1912778 -0.011132083
cork 0.008988271 -0.4049269 0.2767327 -0.63597554 -0.39110917 0.044904277 0.17318201 -0.8475367 -0.49178648 0.061263643 -0.52903587 0.79066616 0.20706216 0.67109126 0.5031054 1.5734563 0.22739479 -0.39774802 0.31986985 0.54488134 -0.1326912 0.99825835 -1.4804213 0.4490315 1.1631078 1.019894 -0.17536262 -0.024250671 -0.40259257 1.0412613 -1.9395322 -0.8989721 -0.05026041 -0.2076842 0.27905285 1.2779913 0.0010151556 1.4203234 0.4085981 -1.3062391 -0.19932427 -0.4420554 -0.76940095 0.97449076 -0.40202284 -0.43164933 -0.038840678 1.7417806 -0.7725082 -0.6619324 -0.23680612 -1.3132676 -1.9796822 -0.40159953 0.32970062 0.7406732 -0.0180262 0.8970827 -0.07241428 -0.6148793 -1.6870384 0.17154863 1.2750833 -0.27463287 0.5152542 0.057175197 -0.31213015 0.54692847 1.0285661 0.5838321 0.68376875 -0.42259178 -1.0653443 -0.39826322 -0.43803573 0.17973712 -0.5663318 -0.73766077 -0.92358154 0.78927016 -0.26923704 -0.40764555 0.14570715 0.09545842 0.5041529 0.6529303 -0.38653737 -0.6834674 0.41640761 0.08456621 -0.34165856 -0.27026123 0.18331169 -1.327658 -1.0117615 0.4134046 -0.5593619 0.33659825 0.21928382 0.76472956 -0.39489105 0.62894386 1.3748406 -1.3780588 0.44383803 -0.03507542 -0.48127434 1.5432341 -0.71647763 1.6926416 0.05685169 -0.33437645 0.20254563 -0.1867769 0.59802204 -0.49986833 -0.43962255 -0.17066382 -0.7257661 -0.63377786 0.47802 -1.5193838 -0.58937156 0.4937655 -0.5409235 -1.0790696 1.5568415 -0.05843924 0.5979879 -0.72781223 -1.4690723 -0.019871749 0.1367406 -0.42208153 0.26849392 -0.43200654 0.17792064 0.17521718 0.05222204 0.18206558 -0.358635 -1.2406241 -0.9764117 0.0026295104 0.6745615 0.32156006 -1.1992593 0.5870726 -0.019940363 1.1574035 -1.7944984 0.8575825 0.7215007 -1.178286 0.4023572 1.2303802 -0.46519426 -0.09954649 0.23178706 -0.7992445 -0.07902148 0.3568695 -0.06658572 -0.10048593 -0.5592866 0.42245477 -0.9342521 0.65364915 0.15325151 1.0141714 -0.45251745 0.0044258083 1.048832 0.017080205 0.00010287517 0.002577129 0.8206204 1.1520897 0.9265218 -0.7082843 -0.23871224 -0.627955 0.74931484 -1.4219934 0.35396215 0.5853291 0.08595547 -0.13333496 -1.1588522 0.21828304 -0.81831425 -0.30648342 -0.64002156 0.4995609 -0.29946053 -1.6548203 0.55981076 -1.7632554 -0.48483953 -0.4480951 -0.6104976 -0.64980996 -0.6504391 0.027102435 -0.087276645 -0.55883807 0.03680109 -0.3200795 0.31202176 0.16942534 -0.35056472 0.48710126 0.45500815 -0.14529538 -0.28005502 -0.12143677 0.5990493 -0.7119077 0.24481645 0.4448568 -0.20714685 0.14485899 -1.5864304 0.5011519 0.13783158 1.3460659 -1.0876858 -0.9253395 1.0666469 0.4757791 -0.063287735 0.67242557 0.6958422 0.9396575 -0.22122142 0.2298081 -0.5599924 -0.45163515 0.801422 -0.23248653 -0.930876 -0.36812383 -0.39147088 -0.6672991 -0.45250863 0.13256818 -0.88617486 -0.09546504 0.0005125768 -0.8824061 0.14320067 -0.031122671 0.9501718 -0.41259784 -0.051878944 0.34690815 0.4477918 -0.6246556 -0.52790505 -1.0076048 0.1923528 -0.31651813 0.20408845 0.978261 0.6939952 0.4552277 -1.6028627 0.3660962 -1.6130462 -0.11604557 -1.1523634 0.44475472 1.6589671 1.040045 -0.22619532 0.23748827 0.30336016 -0.53664106 -0.91893715 -0.36377215 -0.39218014 0.42502403 1.1916361 -0.74516404 1.5067695 -0.072803915 -1.8986633 1.197213 1.2875501 1.5184398 0.95219195 0.3760816 2.184501 -0.41171706 -0.47759652 0.24388336 0.67719555 -0.9578811 1.4057976 1.2960056
solvent 0.30883023 -0.1461783 -0.022842824 0.15843013 0.46185237 -0.4794398 -0.55487096 -0.18808925 -0.44355643 0.99635094 0.020501051 -0.71603906 -1.3142512 -0.08047535 0.6121964 -0.06639483 -0.8506118 0.3860791 -0.50231993 0.6292588 -0.2802162 -0.37175027 -1.7713616 0.41308552 -0.8254284 -0.0980067 1.1834884 0.26190636 -0.4132401 0.12414562 0.56871057 0.07419859 -0.8721848 0.61735165 0.07317366 0.22397979 0.25882265 0.3403182 1.3005619 0.16662832 0.73963815 -0.12847418 0.63732004 -0.7684311 1.0869423 -0.84448254 0.8127412 1.1078327 -0.43367705 0.31039706 0.49417356 0.23331219 -0.27341205 -0.20040096 0.013901537 -1.1863154 -0.43285817 0.8768388 -0.50037783 -0.27956426 0.21637149 -0.08961899 0.8061758 -0.5157758 -0.15284261 0.44186524 -1.0705028 0.85742646 0.103525616 -0.32321537 -0.7985443 -0.09443898 -0.37222415 -0.5820423 -1.5345695 0.6537502 -0.04486144 -1.8876541 0.53320205 -0.15087916 -0.025791122 -0.2393691 0.90798986 -0.11960591 1.4314287 1.097355 0.64631593 -0.6834499 0.45377308 -0.8649169 -0.020472668 0.39296702 1.1081913 0.3809008 -0.4700256 -0.09178146 0.3014083 -0.3803883 -1.4170977 -0.16195919 -0.28728467 0.16677833 0.16421239 -0.64066607 1.046548 -0.51690125 0.4174951 -0.32186693 0.52497303 0.091184646 0.9583885 0.22686647 -0.64344895 0.0930732 0.060574226 -0.27650148 -0.16833767 0.8827743 0.5333149 -1.3911659 0.4711977 -0.18608262 0.78243136 -0.55595255 -1.0447104 -1.3642515 0.35060588 0.8892571 1.2840563 0.39025635 -0.1940849 0.1270848 0.21452399 0.18783681 0.49419537 -0.16374323 0.17021102 -0.52579427 -0.3483612 -0.26927692 -0.41780558 0.9437306 -0.04293462 -0.7236122 -0.98855436 -0.8451533 -0.8478536 0.31802443 -0.6866589 -0.47212598 -0.1840468 -0.15811354 0.08157044 -0.090346634 -0.22263186 0.29785985 -2.0170705 -0.101209454 -0.8900936 1.1376895 -0.75302666 0.6053696 -0.0028211016 0.14451939 -0.17005712 -0.9867505 1.0725657 0.4641645 -0.3160434 -0.14725573 -0.8065894 0.46873522 0.045376766 0.7562026 -0.87255555 -0.5750099 0.03606655 0.15218627 -0.8545431 0.60240984 1.0519326 0.2538585 -0.3497237 -0.46958268 -0.04217268 0.39701205 -0.7831764 -0.33388478 0.74192286 -0.18214299 0.042599436 0.09136774 -0.9936876 -0.79876125 -0.25215152 -0.80498695 -0.7713108 0.4311098 0.48083627 0.85376877 -0.32296026 -0.7496122 -1.4522833 -1.0834212 0.44613507 -0.9018485 -0.26524782 0.02349815 -0.22669995 -0.57641375 0.769847 -0.1508377 -0.78491026 0.23859425 1.1039116 0.6105002 -0.7748936 -0.062062707 0.68828493 0.05398493 1.7131083 0.40447628 1.2701733 -0.6430399 -0.10876062 -0.60513276 1.0362343 -0.60627633 0.54051286 0.08298932 1.1294286 0.7761971 0.17323586 0.8831257 -0.4737818 0.1818538 -1.1246488 -0.16097651 0.45953155 -0.29683176 0.36444402 -0.58810484 0.47572246 -0.38824457 -0.025577962 -1.797734 -0.723865 -0.907687 1.1738234 0.8118846 0.3171019 -0.06738297 -0.18934342 0.2992337 0.23407696 -0.010425346 0.9656832 -0.20412466 -0.88500774 0.07541751 0.5063143 0.18777408 0.58591723 0.7163959 -0.6573471 0.46623796 -0.08539718 1.195567 -1.1096318 0.14638846 -0.38917503 0.68325496 0.8521584 0.42400008 -0.917514 -0.8939468 0.323114 -0.014096982 0.038583815 -0.37419942 0.5432413 -0.11289678 0.26092032 -0.36410388 -0.58565587 0.3992861 -1.9030771 0.44301376 0.14351863 0.45611927 -0.37485793 -0.20070742 -0.759951 -0.50106734 0.17886372 0.7133912 -0.025288256 0.37465104 0.94459176 -0.25670165
ammonia 0.21832979 0.8833982 -0.17390402 -0.09825549 -0.20099159 0.2906438 0.1670286 0.07949215 -0.008463689 0.11793156 0.6165529 0.26344973 -0.2836939 0.7180573 -0.12885508 0.50152344 0.28998578 1.0235115 -0.66819215 0.64360356 0.56932664 -1.0752324 -1.0382769 0.64159733 -0.24477021 -0.38872024 0.7289875 -0.38931865 -0.6594868 -0.87310195 0.30067945 0.24815992 -0.8923723 -1.2298526 0.040532466 1.2368525 -0.35875204 0.36600566 1.118254 -0.43063977 0.34826714 0.16055976 -0.28771526 -0.19623142 0.21704952 -0.017602373 0.048152704 0.053229608 0.33622062 -0.53409684 0.47395864 1.0480329 0.078547 0.08159408 -0.6241955 -0.7578888 -0.29778907 0.29617625 -0.31467444 -0.48903137 0.50640976 0.08146192 0.30904043 0.56131417 -0.29969224 -0.17904378 -0.16293366 0.20218612 -0.20723195 0.17775728 -0.3054345 0.3553215 0.04544565 0.13926643 -0.56460315 0.536904 0.5749869 -0.37892994 0.0038011852 0.5001936 0.105202414 0.6109844 0.2155627 -0.5054285 1.1290481 1.0155495 0.3957705 0.1629798 0.252093 -0.34395054 0.088395685 -0.3651271 0.093716376 1.1047182 -1.0621226 -0.61564314 -0.78788996 0.82247126 -0.24935542 -0.075891085 0.5124524 1.1707958 0.17336755 -0.031360075 0.23386735 0.69751817 0.7889925 -0.20597118 0.27272996 -0.08105825 1.6582842 -0.287183 -1.1246734 -0.927989 0.35943547 -0.15401274 -0.48748183 0.47639436 0.1659642 -0.45520723 -0.20595123 1.0115519 0.4280503 -0.041337986 0.24751997 -0.21198894 0.368482 0.8062721 0.14502797 -0.51679176 -0.0550032 -0.042502955 0.7451649 -0.2167517 0.027412917 -0.5440787 -0.35569206 -0.3434647 -0.019810848 -0.253057 -0.1931064 1.3886566 -0.7045723 -0.16467315 -1.2996109 0.12650958 -0.7736126 -0.42783985 -0.33948714 -0.9576115 0.6667263 -1.1571261 0.33288363 0.08186245 0.4035646 0.40959764 -0.7970767 -0.14368114 -0.23937763 0.24338539 -0.13945049 0.47534615 -0.067095146 0.08403117 -0.3563645 -0.6434535 0.18754654 0.82931876 -0.016812269 -0.74138737 -0.86879915 -0.21649946 0.23876867 0.14515826 -0.42985848 0.27630895 -0.20359471 1.0289893 -1.2932042 0.8855834 1.0344311 0.6178403 -0.5958202 -1.1660222 -0.2824073 -0.2803642 0.07374133 -0.12134364 0.56289655 -0.07714774 -0.6387846 0.08587325 -1.0947467 0.13691673 0.4040439 -1.2853994 -0.70783883 0.31762484 0.40115607 0.3492923 0.21912692 -1.011182 0.114991315 -0.45013076 0.66232526 -0.84802777 -0.35398403 0.11215275 0.3024648 0.8552872 0.56942326 -0.54334724 -0.33817592 -0.052542575 0.13115832 1.0323077 -0.07243315 0.8567251 -0.5595133 0.14115752 1.2313194 -0.533199 0.08457932 0.7049006 -0.49442017 -0.8711217 0.67128265 -0.2604382 0.7858551 -0.4367851 0.0230856 1.0055978 -0.19150367 -0.08587383 -0.41756627 0.36350468 -0.830378 0.31897822 -0.42749378 -0.3788949 0.8857959 -0.46550566 -0.15970115 0.016467804 0.33172086 -0.23825677 0.18390931 -1.1843653 -0.11306037 0.12783848 0.5048852 -0.685125 -0.043897152 0.17423563 0.19418967 -0.5144634 1.0610704 -0.37564695 -0.34912348 0.17646548 0.99213326 0.007599201 0.41474947 -0.96189594 -0.07486337 -0.7815339 -0.6965063 -0.10869821 -0.8527081 0.30742297 -0.028982602 0.38028175 0.14937171 0.038000334 -0.65345585 -1.1660156 1.0583674 -0.8351276 -0.8927395 -0.61033833 0.7539449 0.32138833 -0.86752635 -0.11910628 -0.6804105 0.39947784 -1.4836388 0.38654542 -0.24234448 1.5185043 -0.35278586 0.22299612 -0.2608665 -0.22006677 -0.0050263186 0.5536463 0.017301194 0.30231637 0.8651621 0.9777462
turpentine -0.10717236 0.617372 0.08244256 0.18214081 -0.09335153 -0.6245297 0.15061866 0.23093194 -0.052316025 0.1946891 1.0096548 -0.29759824 -0.3289758 0.23445733 0.58467454 0.6086008 0.0010123556 1.445893 -0.09010842 0.544449 -0.45829105 -0.61746216 -0.68309814 0.37752897 -0.06959335 -0.0043368987 0.82180226 -0.39530972 -0.74656177 -0.49305665 -0.00038692355 -0.20967057 -1.1734859 -0.8791675 0.8279461 0.396105 -0.22311576 -0.22561184 0.77567077 -0.21618465 -0.15117961 -0.124904126 0.0065020495 -0.57257086 0.4498637 -0.30651522 0.63227475 0.3162549 0.1958059 -0.71015954 0.20213518 0.3943116 0.027283227 0.27917054 -0.12332729 -0.35767552 -0.5307578 0.37394392 -0.16663073 -0.19683242 0.7317983 -0.20077473 0.28090116 0.10656952 0.21952674 0.02210915 -0.0066529913 -0.16545162 -0.070200205 0.0065779886 -0.6206201 0.14846534 0.121131465 0.15130848 -1.0674963 -0.10227744 0.20361343 -0.3686838 0.07784894 0.092613325 0.6722791 -0.50625867 -0.35966808 -0.44353592 0.79157174 0.36080214 0.68435043 0.08605641 -0.63618195 -0.5439266 0.28210422 -0.38745755 0.44697154 0.37160128 -0.05400728 0.05324971 -0.0266245 -0.57220846 -0.16354214 -0.14960614 -0.16660783 1.1325989 0.3559987 -0.18335982 0.52729607 0.9722059 0.38280836 0.25150424 -0.14051987 0.99084216 0.81815076 0.05482384 -0.7128629 -0.6372105 -0.023306401 0.33001685 0.025735982 -0.032373354 0.1790766 -1.2217412 0.23108862 0.5660355 0.33880895 -0.049480878 -0.6035783 0.14687261 -0.129638 0.36803 0.2662794 -0.46773565 0.18044153 -0.19310062 -0.06554375 0.10236555 0.19879766 -0.31086892 -0.23346923 -0.7588388 -0.28597465 -0.16606516 -0.5387426 0.69539016 -0.93749607 -0.06132224 -0.3405839 -0.31039524 -0.32282814 -0.12989657 -0.5660757 -0.74031115 0.1657025 -0.8965669 0.04565097 -0.46332812 -0.71079093 0.4566233 -1.200382 -0.027937321 -0.062067445 0.7097004 -0.35726112 0.62524736 0.27259657 -0.013754326 0.3416976 -0.25396886 -0.16497403 0.5719455 -0.6940624 0.13053572 -0.19639614 0.433547 0.2772087 0.31173417 -0.10818108 0.3575833 0.041230608 0.30902985 -0.6515439 0.07043815 0.3505254 -0.15866399 0.39386666 -0.3848612 0.030296275 -0.0377385 -0.11304445 0.16054824 -0.2465363 -0.5730222 -0.7501569 0.07702315 -0.58562946 -0.19098747 0.33497244 -1.221848 -0.46590394 0.26922676 0.35527426 0.059133828 -0.34859803 -0.3332884 -0.23143454 -0.63294494 0.49348167 -0.16893461 0.025402846 0.3789762 -0.24397802 0.6154918 0.052004553 0.036381666 0.1562553 -0.55946606 0.45548484 -0.31160298 -0.012863792 0.4369582 -0.018320033 0.3131382 0.47467858 -0.046061095 0.5230518 0.35129556 0.2543346 -0.24848118 0.22991917 -0.094077304 0.40254423 0.2912896 0.4548117 0.30650973 -0.49952573 0.2938821 -0.21253778 0.47632393 -0.3125019 0.34996125 0.11733613 -1.1099906 0.5806358 0.08628709 -0.042804785 -0.37577116 -0.0650267 -0.20634067 0.1802033 -0.94527626 -0.05860219 0.7426589 0.8025573 -0.70236313 0.18909246 -0.105071425 -0.24569222 -0.67376083 1.2694559 -0.5843644 0.1357103 0.18137388 0.34917825 0.3962097 0.12825418 -0.56541604 -0.8315508 -0.39843538 -0.77913857 0.18884987 -0.9971817 0.17428082 -0.49677855 -0.015515532 0.23617607 -0.2433369 -0.37348664 -0.9348509 0.89183223 -0.12631927 -0.29059523 -0.5785279 0.10874366 0.14390148 -0.871104 -0.23868519 -0.064663224 0.06838613 -1.1575925 0.5832831 -0.8799462 0.91350275 -0.07364875 1.1244318 0.16387323 -0.6307784 1.0425612 1.6019692 0.4439121 0.54386216 0.050814398 0.10149158
varnish -0.17011869 0.02006393 0.22096507 -0.3249408 0.68044907 -0.53879493 0.21525873 -0.14056724 -1.0023463 0.24916573 0.31308293 0.19023752 0.12854041 0.8030112 -0.09746523 1.0521853 -0.5402047 0.20252301 -0.43836907 -0.09313487 -1.6011242 0.16344748 -1.0825937 0.4596992 -0.48627618 0.08962109 0.9695838 -0.101705074 -0.07377362 0.10765321 -0.08506663 -0.16010861 -1.1605672 -0.18872313 0.9184535 0.08252195 -0.31723917 -0.4260115 0.9803689 -0.45204934 -0.7336268 0.23398502 0.18530215 -0.8848082 0.050531313 -0.4531404 0.86028385 0.45851585 0.15029941 0.3799966 0.1626448 0.10092964 -0.67822385 -0.20476368 0.51587087 0.31925455 -1.2184218 -0.20428947 -0.3641594 -0.06612026 0.6315162 -0.07701718 0.8450802 0.33212218 0.114573 0.40844947 -0.1472453 -0.9900322 0.03957979 -0.2532145 -1.0644292 0.5411958 -0.8113011 0.36303964 -1.5813136 0.13313814 0.24556226 -0.7753954 0.5682105 0.031368285 0.30721223 -0.72556645 -0.5797088 -0.113209434 0.77385086 1.3104385 0.25336865 0.44810396 0.14795402 -0.06373436 -0.33499238 -0.30854496 0.29103374 0.2644379 -1.0097644 -0.32026225 -0.2659805 0.071050204 0.02554021 0.26182094 0.5750981 0.74529463 0.8421608 0.53738195 0.5643631 1.2045763 0.9763985 -0.6912674 0.4607293 1.3676206 1.4561157 0.068067506 -0.559764 -0.33849138 0.2562171 -0.04882046 -0.5241345 0.07721759 0.79825884 -0.94005996 0.33526373 0.27741575 0.3608578 -0.44671234 -0.37839884 0.35462415 -0.43575147 0.03666546 0.239466 -0.6426188 0.38078088 0.27452484 0.6985603 -0.27053013 0.61545086 -0.4325545 0.105191156 0.1458367 -0.28143287 0.2586563 -0.6675952 0.5840108 -0.88525456 0.45989048 -1.3594972 -0.40482968 -1.6700548 0.5915428 -0.9072046 -0.7600746 0.017573602 -1.316065 -0.7520646 -0.11242084 -0.52760273 0.55341035 -1.2913551 -0.07216503 -0.37824503 0.77517074 -0.20145753 -0.617775 -0.2501147 0.2492746 0.41148326 -0.21610248 -0.26085207 0.040061235 -0.55687004 -0.79717565 -0.7664407 0.13074629 0.86123747 0.46928567 -0.73219883 0.22064033 0.042404898 -0.22152463 0.2754446 0.0118202185 0.4641922 -0.030073293 0.29401755 -0.39157456 -0.33115146 -0.1904308 -0.07175377 -0.12240027 -0.24693127 0.11953784 -0.5866674 0.3409167 -1.7112613 -0.92478895 -0.45140347 -1.2724522 -0.42439377 0.061669163 0.8246071 0.058506355 -0.6025799 0.39956385 -0.5608851 -0.626845 0.9977482 -0.389963 0.1458482 0.29686308 -0.43270218 0.35448462 0.2828958 -0.43849114 -0.017293917 -0.25737432 0.9806585 -0.46723658 -0.61445165 1.0084902 0.58323807 -0.0039732694 0.9649613 -0.2906598 -0.2104385 0.22028652 0.021397099 -0.016671764 0.37275374 -0.0007911935 1.106105 1.2485335 0.6001284 -0.47142434 -0.8762458 0.42257202 0.57486373 1.1415035 -1.0333518 -0.13115829 0.37176347 0.031620566 0.47569975 -0.078079425 -0.69807357 -0.75946736 0.28441596 0.21611023 -0.06074508 -0.38424343 0.6585013 0.6746108 1.0600405 -0.3774695 0.24471532 -0.81892127 -0.51767427 -0.49881607 1.4938087 -0.120374635 -0.41989118 -0.3307481 0.0998071 -0.12977986 0.19991243 -0.71576864 -1.3140975 -0.39261258 -0.27920303 0.68152946 -1.7939821 -0.671087 -1.0641629 0.2231487 0.44384983 -0.19496275 -0.4617742 -0.53822404 0.16982478 -0.10658386 -0.47736427 0.13238403 -0.5983535 -0.80665344 0.29380414 0.5226879 -0.056876868 0.43067572 -1.6366765 0.76425695 -1.051699 0.959547 -0.044348914 0.7794781 0.13753265 -0.5422859 0.75607973 0.92729324 0.45490208 -0.2525633 0.15987447 0.9160232
mothball 0.11430352 0.8544283 0.38725913 0.4431872 0.29063946 -0.47481677 0.8300868 0.22534758 -0.21023764 0.074619815 0.8841957 -0.3319482 -0.20508432 0.40800887 -0.02644264 0.7206481 -0.30682194 0.7623841 -0.5400817 0.44743952 -0.2425972 -0.78210735 -0.7207211 0.016876813 0.15378009 -0.08698869 0.43931764 -0.79878736 0.009062361 -0.45236185 0.43166718 0.25288516 -0.70444 -0.46545377 0.23161846 -0.09299084 -0.2661517 -0.5003134 1.7724346 -0.23319964 -0.22005254 -0.24307738 -0.3916449 -0.2827724 0.56571436 -0.43839926 0.7863575 0.10102961 0.18067473 -0.6700399 0.28465375 0.034242157 -0.64643854 -0.3232086 -0.5103368 -0.038550932 -0.35233864 -0.28895587 -0.2833811 -0.123622425 0.3975928 -0.29485536 0.74854606 0.540745 -0.0020066076 -0.099469714 -0.1725876 -0.14959995 -0.5324268 -0.05199164 -0.32103598 -0.15440509 -0.28824174 0.3534684 -0.45720798 -0.24105035 0.06281295 -0.511981 0.042684257 0.0062307054 0.48057002 0.17031503 0.23654942 -0.569792 1.0551283 0.6120653 0.70640224 0.032862075 -0.3802491 -0.019585349 0.25027767 0.22850896 0.19797559 0.43479958 -0.32761425 -0.27541873 -0.3228163 -0.49400452 -0.23029925 0.042816952 0.4132997 0.7210328 0.16001615 -0.4056923 0.31716964 0.7081519 0.2511109 -0.3574854 0.53332984 0.5161294 0.8363341 -0.032313995 -0.68154466 -0.78502 0.76825416 0.026564443 -0.41319203 0.40668386 0.3838391 -1.295971 -0.36315525 0.42233297 0.49862692 -0.39893106 -0.6236096 -0.039637145 0.093751885 -0.34794536 -0.050510403 -0.34472132 0.05375067 -0.38757208 -0.21663602 0.065620124 -0.118636526 -0.36827216 -0.30859485 -0.48420197 -0.18619566 -0.8076315 -0.0984999 0.6818597 -0.24116977 0.29659194 -0.6989768 -0.14365701 -0.6344989 -0.25346547 -0.3171277 -0.6731024 0.36331946 -0.99299204 -0.008310703 -0.24996649 0.23544462 0.2222254 -1.1644326 -0.2701684 -0.2521129 0.6915467 -0.054823004 0.023395993 -0.13654666 0.20674576 -0.15816149 -0.5226163 -0.29647818 0.29127333 -0.39155036 -0.07455407 -0.71554464 0.060787614 -0.049315915 0.2628175 -0.35482866 0.06802336 0.44395286 0.32728806 -0.7060517 0.54820126 0.23478559 -0.23145941 0.428203 -0.35111892 -0.42396918 -0.23122902 0.3231155 0.5685982 0.40126517 -0.40618184 -0.9199046 0.8656229 -1.0932379 -0.41424963 0.32249233 -0.8806068 -0.3501811 0.044195745 0.2668091 0.21540838 -0.62120736 0.058024336 -0.030276919 -0.16534957 -0.10315286 -0.15671349 -0.4246729 0.5039056 0.18355271 0.5971627 0.43525213 -0.036885954 0.105797626 0.25455567 0.7518583 -0.24582896 -1.0938485 -0.20052677 -0.16518855 0.031453483 0.71078295 -0.5911899 0.65726864 0.38774434 0.08764991 -0.010898824 0.5629969 0.077797726 0.3668564 0.19847058 0.62670684 0.28686798 -1.3335112 -0.041840095 0.330464 0.16914634 -0.21229255 0.17512505 -0.027999664 -0.73739976 0.63053304 0.020804448 0.1092716 -0.36886007 0.021468868 -0.47772685 0.23177862 -0.6312152 0.24594635 0.42510346 0.19748811 -0.68970233 0.25186822 -0.38861433 -0.015241351 -0.012613697 0.6432956 -0.29511935 -0.04481256 -0.07702818 0.34935635 0.14128509 -0.058973357 0.008011962 -0.46596205 -0.5614206 -0.990701 -0.22117427 -0.62315166 0.06302414 -0.0790999 -0.18794411 0.08255929 0.38574636 -0.14633936 -0.89456654 0.29357862 -0.19553284 -0.1624805 -0.6189972 -0.075732924 -0.6407897 -0.32628295 0.26621127 -0.50679374 0.51511437 -1.3994077 0.21513814 -1.0781025 0.6179997 -0.10440537 0.94107807 0.27209637 -0.24775822 0.61828244 1.180074 0.27013338 -0.054899145 -0.05958401 0.903851
disinfectant -0.24563505 0.25713953 0.34436885 0.23284985 0.15644485 -0.26585966 -0.0037385048 0.60702205 -0.107214116 0.5392513 0.7141367 -0.08358462 -0.0059088883 -0.0075177015 -0.1243785 0.11839518 -0.19108647 0.27012977 -0.56709194 0.36845666 0.15093668 -0.81120193 -1.1475961 0.46153584 0.20784596 -0.46176913 0.52998686 -0.16642435 0.12598637 0.07059887 -0.25311378 -0.034113917 -1.0082517 -0.21530576 0.25031224 0.61457914 0.09553678 -0.15502328 0.67383593 -0.84254515 0.3347228 -0.4216532 -0.24204375 -0.666233 0.30381867 -0.6438656 0.3516892 0.77129734 -0.08658396 -0.2501258 0.38846436 0.33428666 0.0021231282 0.18038473 -0.45379114 -0.06509626 -0.8777849 0.3263941 -0.73988956 -0.4484969 1.0267007 0.09910512 0.6036445 0.82144284 -0.03662605 0.12706034 -0.2567786 0.4205869 -0.79148906 -0.5145131 -0.7240309 0.3981249 -0.3016029 -0.25639 -0.64027417 -0.004658483 -0.23191398 -0.72157675 0.19647391 0.27334484 0.43725404 0.45240533 0.7050744 -0.22991703 1.2616658 0.39969298 0.7791247 0.06380567 -0.57566416 -0.20409903 -0.3455432 0.29081813 0.68741345 0.48773128 -0.5273699 -0.28381884 -0.52353007 -0.34473592 -0.29095942 0.25549912 0.49808398 0.64352036 -0.0041507157 -0.089014195 0.22950856 0.44903648 0.38181764 -0.26324275 0.15773183 1.1081922 1.4105431 0.43200168 -1.0065585 -0.56071675 0.27782235 -0.003825841 -0.2669159 0.7717107 0.54442436 -0.8592751 0.31953782 0.4187315 0.18029335 -0.10411649 -0.86555237 0.30866346 -0.2862091 -0.2338354 0.22733378 -0.6795855 0.42048195 0.23645762 0.471689 0.36566284 0.1536652 0.0762131 -0.3680809 -0.92123723 -0.10506518 -0.38324213 0.24467477 0.6670835 -0.46254867 -0.18777674 -0.960345 0.41716805 -0.7098463 0.14944018 -0.3248627 -0.8939488 -0.4065957 -0.9806712 0.27746373 -0.41809988 -0.19378231 0.6798658 -1.3278704 -0.22537193 -0.04356289 0.6910015 0.1757859 -0.39060354 -0.31596866 0.23622894 0.4586382 -0.7579927 -0.5110654 0.44786817 -0.5906325 -0.9824586 -1.0520806 0.41346934 -0.4145559 1.1105689 -0.23509862 -0.051476635 0.21548556 0.18479271 -0.52176905 0.12837015 0.31980842 0.059723895 0.23787983 -0.8724112 0.20094778 -0.2063953 0.10575399 0.011001064 0.29818988 -0.25119597 -0.71560067 0.15684521 -0.8270391 -0.3003817 0.50771374 -0.9926695 -0.45204863 0.009442856 0.6907239 0.8238199 -0.47221917 -0.5141205 0.44659728 -0.94748974 0.69619644 -0.5677463 0.013137861 0.48188657 0.32021028 0.1632528 -0.09248837 -0.12968804 -0.33892733 0.32550552 0.3595632 0.45786682 -0.88907564 0.49579555 -0.30333254 -0.20611952 1.0372293 0.14259695 0.25238812 -0.05491866 -0.03794007 0.02856442 0.9463931 -0.57374334 0.7392233 -0.22217639 0.30682644 1.0456079 -0.53181356 0.44617566 0.20365328 0.4475024 -0.85546994 0.14616375 -0.05894067 0.266996 0.2954421 -0.43639052 -0.0562524 -0.30995542 -0.029638259 -0.76781285 0.09064164 -0.69060576 0.13656728 -0.12592159 0.98533946 -0.33323777 -0.2213352 -0.182945 -0.16767564 -0.21341048 0.6391421 -0.07832668 0.28319636 -0.19186531 0.686502 0.3169043 0.57381487 -0.70597076 -0.23090103 -0.3565226 -0.7021959 -0.33654928 -0.47976598 0.036446888 -0.23392224 0.2778578 -0.3770423 0.012405462 -0.7473296 -1.0844814 0.8690352 -0.14919265 -0.3702824 -0.34527016 0.32708 0.45043492 -0.26345855 -0.2881489 -0.94338465 0.01260626 -1.4650229 -0.09080383 -0.9817021 0.5865096 -0.038004808 0.57178843 0.09650097 -0.37773338 0.8006209 0.47508878 0.29361817 0.8535235 0.42627874 0.15310286
kerosene -0.36801586 -0.2797813 -0.08649268 0.03795996 0.21006419 -0.7310223 0.07330612 0.6969751 0.10779253 -0.43851978 0.47355345 0.56531894 -0.2150691 0.23685056 -0.12302012 0.6729091 -0.36572307 0.47897193 0.11228567 0.14258336 -0.45288175 -0.33915186 0.23448545 -0.32749122 -0.055689126 -0.063138485 0.3020894 -0.22858301 0.17694722 -0.9773838 0.30254683 0.020721136 0.06305581 -0.1089896 0.18285562 -0.25697076 0.1666662 -0.297572 0.0003793994 -0.40306866 0.25532156 -0.32261854 -0.034312934 -0.5951261 0.18260169 -0.2762866 -0.0053736847 -0.10746045 0.46546802 -0.36778498 -0.20857099 0.6131447 0.1762284 -0.049722854 -0.17252006 0.07137178 -0.39351347 -0.2859323 -0.28236097 0.38161606 -0.07211214 0.058728226 0.052845184 0.5058635 0.39353845 -0.060146075 -0.2291454 -0.130185 -0.5032486 0.33125046 -0.05014658 0.06312725 0.14072803 0.25000593 0.02251127 0.10096199 0.09421182 -0.22310355 0.057342157 0.14109313 -0.42372897 -0.63085455 -0.17365621 0.6666196 0.24740323 0.4740744 0.7724778 -0.14670376 -0.24160454 -0.5203637 -0.04136605 -0.091697946 -0.17217097 -0.13147089 0.20725808 -0.6038991 0.15075953 -0.11405252 -0.47811916 -0.13448331 -0.08619309 0.4254836 0.13299184 -0.382428 0.78766155 0.21385384 0.386579 -0.6988692 -0.2781428 0.1296658 0.3828024 0.19142112 -0.35932547 -0.4521954 -0.22520345 -0.37493998 0.12310882 -0.569836 0.2891688 -0.2925808 0.15734339 0.03997336 0.3870226 0.09014729 -0.75355446 0.33859342 -0.37946317 0.085534126 0.82625896 0.34588733 -0.63975036 0.22198895 0.12001567 0.6894182 0.39556476 -0.00631888 -0.3483439 -0.04539264 -0.49555835 -0.20512633 1.0421262 -0.0211454 -0.12322641 -0.0799422 -0.28558937 -0.11501564 -0.5644195 -0.201623 -0.18952166 -0.71527606 -0.42044717 0.12418417 -0.13365059 -0.46018583 -1.2003008 0.7567381 -0.70949596 -0.6455492 -0.05215134 0.34985474 0.46542692 -0.27699217 0.18514325 -0.40066457 0.78780764 -0.1261712 0.37743232 0.43109658 -0.5355119 0.5768308 0.1293297 -0.001333165 0.22587809 0.6464781 -0.31416488 0.11687099 -0.6749012 0.18754953 -0.7189694 -0.17962168 0.14601976 -0.35244557 0.05878734 0.30900794 -0.28850132 -0.24092774 -0.1660482 0.32147443 0.32090175 -0.083404996 0.26791215 0.27653137 -0.69081664 -0.23237155 -0.12545463 -0.73303884 -0.89057076 -0.15381578 -0.007934515 0.46268955 0.04409448 -0.5352568 -0.49497744 -0.25646353 0.24569586 -0.26655394 -0.32083037 -0.53297335 0.059992343 -0.08314458 0.48950386 -0.32118765 0.43267447 -0.25453088 0.92388165 -0.60005367 0.8008679 -0.096454404 -0.066290125 -0.4246717 -0.24980251 0.71870357 -0.68190825 0.33100557 -0.040893815 0.29146922 0.19703344 -0.28383377 0.049615093 0.13766257 0.45895848 0.27845797 -0.8637709 0.43455023 -0.25891265 0.70800126 -0.47583875 0.25700364 0.34917167 -0.5033465 0.008005209 -0.19861142 0.07251475 -0.3926803 -0.019039474 0.004966787 0.45035174 -1.1058061 0.13462383 -0.15322761 0.7674733 -0.271544 0.30298993 0.24044243 -0.7362171 0.005871478 0.6034523 -0.39272076 -1.0320418 -0.020205291 0.074594975 0.4779197 0.3836819 -0.6664364 -0.6020235 0.18183482 0.36176124 0.6803787 -0.9047772 -0.7438078 -0.41582212 0.62551117 0.8310191 0.063581735 -0.17407985 -0.9095231 0.42291015 0.26956373 -0.3715196 -0.15236203 0.24787122 -0.48645365 -0.13059312 -0.3860426 -0.16353488 -0.63304895 -1.2146058 0.34267002 -0.4514361 0.1232774 0.09024866 1.0661764 0.80583715 -0.6318208 0.8384563 0.58092946 -0.018012302 0.3587619 -0.40951395 0.51026696
manure 0.18987623 0.14060366 0.023941597 -0.20896606 -0.09123114 -0.43648556 0.7501012 -0.36495656 -0.3481767 -0.3598936 -0.018937089 -0.730106 -0.19460337 0.6535629 0.20935863 0.33796665 0.30207568 0.19308357 -0.31610256 -0.055955213 0.2254609 0.7750493 -0.5608606 0.85466594 -1.0268816 -0.57842314 -0.08704665 -0.83242327 -0.025444357 0.10579812 -0.11685232 -0.29774266 -0.5876682 -0.042030193 0.5137391 0.12615283 -0.5276416 0.40183282 0.3492465 0.30213898 0.05638389 -0.31302717 0.20549586 0.0867997 0.075526536 -0.31111276 0.6322897 0.5506887 -0.75712943 -0.6370456 -0.26455027 0.44262427 0.253902 -0.049048487 0.04365658 -0.70569485 -0.332169 0.59400904 0.34089684 0.13014035 0.027834821 -0.3723128 0.60664856 0.48576018 0.15775153 0.37089983 -0.8489077 0.18421355 -0.6674104 -0.28895438 -0.26511943 -0.6364481 0.4187941 0.29466695 -0.6163446 -0.40888703 -0.0033269008 -0.11738226 0.008282905 0.35929048 -0.19618697 0.14681421 0.5774696 -0.30348828 0.24058765 0.23571098 0.07774312 -0.3209252 0.18586442 -0.15654445 0.2118378 0.14002274 0.9537188 0.32735065 -0.3796014 -0.53088063 -0.44668886 -0.47935626 0.41329074 -0.246711 0.2300556 0.5396145 -0.12027123 -0.19225177 -0.07149598 0.8316085 0.73379976 -0.16162133 0.5246429 0.64806944 0.55818087 -0.12402699 0.23493683 0.03222631 -0.38812628 -0.2825522 -0.08617281 -0.020838732 0.3259639 -0.056929458 0.23910888 0.13025507 0.12064364 -0.022509445 -0.29960805 0.36964303 0.048757277 0.26712674 -0.18245342 0.21594301 -0.13242623 0.30254087 0.13454868 -0.29965535 0.5689046 -0.3526177 -0.10924834 0.3950326 -0.060910672 -0.62192756 0.26695067 0.30730474 -0.1053182 0.4661585 -0.059101984 -0.008700265 -0.20072867 0.34449762 0.16832393 -0.062380467 0.35839942 -0.5366224 -0.41379404 -0.31299376 -0.2883008 0.07925156 -1.2979326 -0.32274705 -0.073617846 0.2443729 -0.5036737 0.059305463 0.31992805 -0.10956304 -0.1690962 -0.25706822 0.08955492 0.27300584 -0.45190385 0.3568034 -0.2123286 0.42400718 0.2804564 0.28502104 -0.12089818 0.82125807 0.25643173 0.7004864 -0.5825586 0.74918526 0.3317848 0.41888905 0.6645073 -0.42515764 -0.46259496 0.046745654 -0.29195958 0.057326302 0.46852416 -0.088467054 -0.423382 -0.07565742 -1.0747143 -0.17533726 -0.010241903 -1.08721 -0.79612464 0.65462124 0.27839753 0.6662498 0.02316963 -0.6514965 -0.6650411 -0.24279562 0.055358615 -0.10802264 -0.19204123 0.32304788 0.27827498 0.28063953 0.25353757 0.25425118 -0.45197108 0.30268025 0.40191546 -0.10906818 0.1136341 0.3556638 -0.01408864 -0.51584166 0.22248058 -0.28675967 0.3405906 0.10056345 -0.14974596 -0.1314744 0.297944 -0.53245443 0.58094573 0.14566986 0.11739741 0.2277765 -1.4444615 0.0066713816 0.17784747 0.23213968 -0.30093995 0.12068873 -0.33654884 -0.8992684 0.5858351 -0.4544984 0.09048059 -0.046330657 -0.11909344 -0.8511842 0.14600436 -0.5357591 0.26887903 0.502286 0.21622063 -0.15191843 0.27110124 -0.076568656 -0.13850805 -0.005434351 0.63270193 -0.5126912 -0.16097821 -0.2913619 0.56371975 -0.1395604 0.25438088 0.24201508 0.06726932 0.007886277 -0.21237835 0.6138788 -0.17825611 -0.16819465 0.0740839 -0.10706903 0.10718854 0.23419039 0.20011412 -0.91247004 -0.03564505 -0.5434665 0.02410028 -0.4825548 0.28616154 0.19072095 -0.11986078 0.0064722756 -0.9290735 0.103849605 0.09259684 0.46072772 -0.5745101 0.15601489 0.017574208 0.57320195 -0.45124224 -0.2894711 0.52564555 0.09799567 -0.4927797 -0.7292995 0.21794577 -0.06735906
creosote -0.2578962 -0.11416245 0.015052667 0.27413386 0.23420508 -0.40163404 0.2728548 -0.3365403 -0.20036602 -0.17399304 0.3853243 -0.2776024 0.16841371 0.70847857 0.16844422 0.33727857 0.113980494 0.538734 -0.060742583 0.21170598 -0.050825268 0.26174018 -0.4793091 0.3395937 -0.13029502 -0.29817876 0.2159205 -0.21052226 0.061922435 -0.052286085 -0.0613317 0.16556081 -0.23469923 -0.4438816 0.09099831 -0.30438802 -0.0038556466 0.12260248 0.4229161 -0.116727844 -0.2279899 0.37684843 0.057714157 -0.5037561 0.0950884 -0.40196013 0.5047491 -0.045786824 -0.13287205 -0.18077171 0.036633063 0.23912682 0.09517897 -0.1517506 0.35935906 0.12482085 -0.13981271 -0.14670809 -0.24277681 -0.3039217 0.59965926 -0.30643004 0.09762231 -0.08967777 0.1634599 -0.067122206 -0.046410445 -0.5133606 -0.31929424 -0.19179513 -0.32454038 0.25499362 -0.089929245 -0.02930353 -0.34144786 -0.231805 0.12479528 -0.027177244 0.09672832 -0.06684921 0.00014937331 -0.38934776 0.04349062 -0.17396511 0.43010303 0.4041093 0.35421956 -0.33320102 -0.44779924 0.03430031 0.31330517 -0.02886814 -0.023205847 0.3806047 0.034362923 -0.17029169 -0.35009322 -0.18467307 -0.19068581 0.19380477 -0.15574244 0.6204426 0.4353121 0.038861442 0.16775315 0.3723947 0.41410562 -0.22161394 -0.03973371 0.43109813 0.3714035 -0.018681463 -0.4585527 0.15248768 0.060902655 0.06186948 -0.086312436 0.06629231 0.52420557 -0.6133477 0.1266208 0.3617562 0.13142674 -0.14241885 -0.40524846 0.30739248 -0.19391 -0.01129677 -0.09287863 -0.00053260615 0.010159243 -0.20937613 -0.033684056 -0.12261761 0.14267018 -0.14335066 -0.21668264 0.15208682 0.1927043 -0.24720812 -0.28819215 0.2579502 -0.26607767 -0.00969461 -0.62787664 -0.3254839 -0.8726338 -0.12357883 0.03271353 -0.757426 0.33810937 -0.3271135 -0.034466702 -0.33539134 -0.0029688026 0.33650517 -0.7695846 -0.24586208 0.020064149 0.45307568 -0.20117596 0.3206222 -0.38514993 0.1472022 0.21845278 -0.19817224 0.05519533 0.37761122 -0.117856316 -0.062524304 0.020421868 0.16188265 0.05156472 0.14648755 -0.30889285 0.46457174 -0.06259993 0.9608471 -0.2364291 0.20815304 0.10240855 -0.20153831 0.09847207 -0.11694419 -0.07984865 -0.2220413 -0.27229878 0.47034982 0.020927599 -0.61181116 -0.38721088 0.07114603 -0.48507565 -0.4225459 0.3154441 -0.75182813 -0.2568244 0.0014573644 0.59845465 0.5380934 -0.1966145 -0.07283448 -0.45113245 -0.37870598 0.39648294 -0.15939143 0.22140016 0.30256832 -0.13360271 0.098856375 0.13452895 -0.33768812 -0.017077612 -0.021204423 0.17604592 0.058355242 0.22701332 0.5165197 0.08300627 0.27748525 -0.06121363 0.15932813 0.15988246 0.23692985 -0.24900815 -0.34192765 0.37468597 0.16127121 0.28512973 0.32117745 0.100646354 0.36327043 -0.53827345 0.41607848 0.12670076 0.37292564 -0.24060118 0.047222126 0.050404754 -0.6944748 0.48504946 0.015640266 -0.5234362 0.3966855 -0.069458075 -0.20364064 -0.07501566 -0.2894704 0.067663826 -0.0039811805 0.3558844 -0.47149825 -0.03332967 -0.39567015 -0.052667767 0.16513376 0.3231964 -0.4426048 -0.05886415 0.3701129 -0.020727873 0.20446639 0.23235042 -0.32637262 -0.65117395 -0.3642002 0.06173799 0.21322516 -0.42684868 -0.33400238 -0.08667116 0.16520852 0.18056141 -0.0124641 -0.14328997 -0.17866513 0.32595 -0.059630394 -0.2746129 -0.037966125 0.058898397 -0.10733405 -0.69944793 0.26070794 -0.17461559 -0.2277271 -0.73538685 0.047249865 -0.29999924 0.19326943 -0.028601471 0.529722 -0.0033068438 -0.536842 0.40849432 0.438721 0.029166756 0.047012277 -0.054586288 0.22092435
