96 300 
coffee 1.867015 7.5138893 0.8724138 0.4144577 -3.242292 -0.45221052 3.9809136 0.7460895 1.1560944 -0.3131066 -1.7667857 -3.8917887 -2.417051 1.8038135 -1.0605567 -3.3934743 -0.42723617 1.391355 1.6632836 -1.9893003 1.5265051 -0.81955355 0.1641568 -1.9587241 1.0237945 -2.2257307 -4.4861064 -3.1759424 3.4201326 -3.740151 1.4380188 0.22260872 -1.039931 -4.747611 1.9858038 2.0240521 -1.467165 -1.9540921 -0.517668 5.1248755 0.5279758 -2.4838507 1.9743792 2.8245347 -3.411786 -0.22324488 -4.5651393 -1.4316621 1.0397679 -0.349914 1.959814 2.6154883 0.2437346 -0.02294344 0.13413393 -0.14294761 0.09513961 1.9068376 1.6681768 0.26489207 2.6549284 1.9972211 -1.5531987 -1.0896308 1.4110278 -2.002478 4.5278683 -1.3893299 1.1077684 -0.41153252 0.061936717 3.0482166 -0.34107476 -2.8757215 -1.5306997 -7.779172 -0.9260447 1.1455606 -1.2909212 -1.4477074 1.5323551 -3.062814 0.58293104 -1.3640028 -1.5109849 -0.1075383 0.8619147 -4.2489915 3.12271 0.11943953 1.2373226 1.3658384 -0.42682204 -0.05567143 1.4383732 4.4772162 -0.19634463 -2.0563912 -2.9546955 1.868627 -5.0047097 1.9360051 2.1838906 0.73018587 2.3471942 -1.8837953 1.63049 -0.08108005 0.84258395 0.8856836 0.59486455 -2.612407 -0.60893124 0.12355527 2.6604767 -0.67209476 0.62866616 -0.9752761 -1.5914423 -2.9137664 -2.7505171 -0.25972843 -0.64253247 -2.6316452 -2.4988637 2.9738433 1.6095234 1.5357643 0.44689643 4.0404735 0.55196196 1.02055 0.3328336 -7.252818 -1.777447 0.18947436 -4.547715 2.6693647 1.7876304 0.8975859 -1.3664074 1.2586346 -1.7084243 -0.20681886 -1.0985402 3.2728407 1.0475281 -1.1925533 0.9169767 -1.1358418 -0.8063247 -0.27954894 -2.2156565 -1.6969277 -2.126698 5.87699 -0.84333575 0.5317368 -3.903499 -0.76888263 4.5424795 0.5206242 0.021537296 -0.3477598 -1.2175273 -0.22036745 0.26489595 -3.5923338 0.9118887 0.120325446 -1.691945 -0.8258378 3.0270877 2.7711754 2.114246 0.510175 0.70972884 4.0381565 -4.9378653 1.5599484 0.9138102 2.1932805 -6.875602 2.3048272 0.25783285 -0.3823492 -1.0276946 -2.773537 2.275582 0.04749278 -1.2742869 1.4306228 -3.0636349 -2.4362342 3.2079976 2.3011618 0.9218383 -0.8843442 0.16494043 0.7455719 -4.470783 0.7430062 -2.4699092 -4.127546 1.6558597 -2.7612405 -3.4871333 0.67165595 -0.5741306 1.9073204 1.778862 1.587327 -0.47401592 3.3526282 1.7335037 2.3930378 -2.13988 3.0337183 -1.4617609 -1.0527654 0.6152819 -1.4686514 2.432664 -2.08379 -0.6140479 3.2862158 -0.29066706 2.8295555 0.8324479 -2.5376472 2.644052 2.9501574 1.5574571 -2.0329351 -0.9808048 1.2412484 2.7512484 -0.96831113 -1.0812786 0.94451916 1.7101489 -2.0792341 -0.3300498 0.33138382 2.5409014 -0.38401082 0.43333325 -2.1909938 -0.30162898 0.52217 -0.66379 -4.7527905 -0.22992969 -1.5084214 -0.05775323 3.837755 3.3433416 -1.7146664 -1.0141051 4.2376075 -0.24029396 1.2485356 2.3809922 3.297156 -0.09246725 -0.273367 -1.6704196 -0.72318846 0.6997428 1.4902649 -1.878621 -0.72339165 0.9402575 -3.6993077 -2.5152206 3.749955 1.1860007 -4.405573 0.5565456 1.262505 -2.0031555 1.0594684 -0.07411156 2.7780454 2.2776818 -0.097015515 0.53839415 -3.7030096 2.5273807 -2.9875205 -1.4297823 2.073388 0.6151278 1.5619043 -4.5027394 1.3136654 -1.0157186 4.860631 2.8828955 -2.6286988
tea 0.66609323 3.333436 2.5228682 -1.1779768 -1.9598345 -0.6942606 0.65688413 2.0540478 -0.7368505 0.5382316 -0.99169785 -3.8338368 -1.8659589 1.2076184 1.2738494 -4.264617 -0.94391096 1.9194437 -0.8208839 2.1351027 0.788502 -0.8226569 0.23562641 -4.83309 2.845166 -0.5248299 -5.250809 -1.1209936 1.8496702 -2.7501853 3.0610654 -2.9783695 0.77073103 -4.64893 0.6668632 1.952177 -2.2009356 -0.47091964 1.0603878 3.9731066 -1.034068 -1.4879137 1.7122921 1.5998187 -1.1397351 1.648988 -5.966887 -1.5589921 0.5484737 1.8519143 -2.3166242 1.1633301 0.22786045 0.19951989 -3.285156 -0.33237115 3.1100073 1.6015015 0.32457188 -3.5623147 0.91526365 3.9789324 0.0011181924 -0.89378625 1.9574722 -2.5110977 2.1214316 -0.60311705 1.8532728 2.0848432 -2.256716 2.0936747 -2.0927737 0.7725184 -0.9308545 -6.194325 1.641162 1.4252254 -1.8307953 0.68895847 1.6605662 1.8506775 1.388882 -0.47681937 -0.4511633 -0.7895764 -1.0260841 -3.4745169 1.8007697 -0.5553436 2.70275 -1.842132 -0.79722995 1.7870015 3.192719 3.8133585 1.0430589 -1.1739056 -1.9356592 3.2884378 -2.6102931 -1.0395856 2.4843147 -3.7847173 3.9290638 -0.43515596 -0.41920465 0.37021866 0.2673979 0.0047525144 0.61190265 -0.115800805 1.0497595 0.85852396 1.8520254 -0.21656646 -0.023309033 0.94245213 -3.0604582 0.013917314 -1.4536356 -0.6952123 0.037042685 -3.7356408 -0.35467952 2.9379425 -3.007839 -1.8322573 -2.1348615 4.7415767 0.075044475 -0.9537298 -0.09278097 -3.7936528 -0.9969364 -2.5019946 -3.760145 3.206212 2.206653 -0.7872645 -1.1547433 -2.254629 -0.6441288 0.16806954 -2.8538818 3.3039157 4.199742 -2.952852 1.7622612 -1.27502 0.24136063 -2.148012 0.5628069 -3.4873745 -3.9155972 3.3056014 2.4495168 0.99026763 -1.5092182 -1.9327621 4.4028077 0.22765347 0.3405717 -1.3403988 -3.0885286 -0.45021588 1.0188774 -2.332578 -1.5097972 0.8101288 1.0782553 -0.9060469 1.5440712 5.9436097 0.39959618 1.2303464 1.2824343 1.889623 1.0781221 0.31813857 1.2748644 2.0750706 -3.0648541 1.4354106 0.87697846 -1.9341781 -0.7126422 -1.3357953 2.9456398 -1.7872204 -0.03340605 1.9921954 -3.623728 -0.2774208 -0.68957865 0.34017175 -0.9904507 1.6414049 0.63831234 -3.4130871 -3.2743745 0.8311887 0.13030389 -2.829612 0.27109224 -1.8388796 -3.7335112 1.8451124 -1.4384599 -2.2047827 0.7150642 -0.55118316 -1.468315 3.95256 -1.1935092 2.1302454 -1.0095872 2.016521 -2.3127196 -1.1411012 1.3826736 -0.52148837 -0.37848142 -0.46513236 -1.5628891 2.7357616 1.4093424 1.0379586 -1.1477253 -2.1805894 0.13253891 1.3702732 1.043016 -3.3080752 0.28403088 -0.6225405 0.69931537 -2.1932943 0.23889668 1.9577826 -0.15064685 1.9874945 1.1325428 -1.8727286 1.0586467 -0.3481759 1.2791765 -1.2292911 -0.6205586 -1.1124026 -1.7076025 -2.5791814 1.5804422 1.1350776 2.5385654 2.817867 0.3238909 -0.0038976113 -1.5524982 5.9761667 -0.34856316 -1.3546678 -0.79680246 -1.0153536 1.7620252 -0.062116437 0.84911907 -0.43552017 -1.5123764 2.8251643 -1.911138 2.2043226 1.7320793 -0.91857946 -0.94299376 1.9875119 0.61031115 -3.554134 1.727228 0.016068863 -1.4414746 -0.68477905 -0.26547316 3.383904 2.631071 -2.640394 0.82192504 -5.7766876 0.33428237 0.63393193 0.7330255 0.36074793 0.55089307 1.0064919 -5.84003 -0.28490698 1.3107046 0.8638763 1.2147602 -1.8732861
wine -1.7324477 3.0155864 0.97954357 -1.9643365 -3.5037553 0.4879667 4.3649383 1.1805291 3.1831093 4.437302 -2.5666273 -3.237616 3.438274 3.4896932 -1.2966663 -4.6700144 1.7118961 -0.38500112 3.6564791 -0.5804412 -0.013375623 -2.5235622 2.6396651 -0.6863367 -1.8404762 3.4258218 -2.8965256 -0.8010833 0.9446153 -4.6123586 3.240258 1.2002983 5.1883326 -0.84247404 1.2318629 3.0248687 2.530785 -3.7128022 -4.404076 1.297968 1.4359459 0.50628597 2.4094632 -4.7422714 0.3024831 8.263588 -2.372994 0.4988439 -0.29860914 1.9166284 -0.8330632 0.64650583 -0.51141405 -3.2382085 -1.0027597 -2.424281 2.9557877 2.4700532 -0.3913422 0.24579737 1.5460933 1.5892149 4.08516 -1.7985429 2.7773025 -0.598163 0.035567176 -0.93831325 -1.4151709 5.3184004 1.1019226 1.175761 -1.0440435 1.2506015 2.7586057 -2.129626 1.1829664 2.513542 2.9448147 -1.342655 -1.3481805 -4.045132 -1.2568356 1.16624 -1.2213811 1.017583 -3.3349893 -2.6724553 0.47777998 2.4201312 1.6155146 -2.966119 0.28190866 0.29049635 0.7399419 2.318433 -0.13154443 0.3252069 -3.7843533 0.7481145 1.3993347 3.5885096 2.9280005 -2.5503056 -0.73506653 -1.0012363 -2.0071642 1.6056817 -2.426759 0.27966934 1.7465193 -0.3399696 -1.9848557 -0.07826475 1.669873 1.5543176 0.23169677 -0.3740391 0.4750596 -2.6681814 -1.868069 -3.6671462 -2.1580126 -2.2775652 3.969608 -4.0563307 -1.6964538 -1.7489444 -0.688756 0.17378525 2.7995808 0.8050135 -5.4156485 -1.4035568 1.9796567 2.1538393 -0.10507547 -4.21738 1.8806926 -0.8955373 -1.0192975 -6.1031094 -0.31763884 -1.6691478 -0.5176058 -2.3804247 -4.1056275 0.03896121 4.314269 2.886991 -1.980838 4.5803204 0.894382 0.46317297 0.88488156 0.035099722 2.7243166 1.531335 -1.961678 -2.7999718 4.6535892 -0.8473574 3.752565 0.9445174 -3.4626536 -1.0165124 -2.8718226 0.62852967 0.8784473 -2.3916178 -1.9369245 -3.0353172 0.69012207 -0.77279705 -0.8893415 1.7381735 -2.401142 -2.1227007 -2.6707273 -3.7236507 3.0664062 -0.118880466 3.0370011 0.10983884 -1.7200835 -0.28032508 -4.4610553 -2.4538248 0.9103133 -1.5904039 -0.43359664 -0.21846937 1.9017376 2.0747259 -3.5356417 -0.34165463 1.7713311 0.33397833 -2.3640645 0.92198676 -4.0577636 -0.2673567 2.2781901 7.1002398 -3.00642 -1.1433419 0.47568077 -0.9691201 -3.9692624 0.3759527 -2.170258 3.909221 -0.58939636 -3.4456234 -2.7474306 -0.059922963 -2.0673938 1.1207418 -0.75436753 -3.3012416 3.782223 -2.4107893 0.79762214 -2.307319 -1.4634327 -0.3992752 -2.8569298 -5.3757057 -1.3514218 1.690651 -2.7240484 7.4152536 -0.26410875 -2.2692535 3.632685 3.098177 -3.3817885 1.3831742 -0.89848554 2.080729 6.601387 -1.5938845 3.1442404 -0.76657885 1.6379311 -0.12107455 -0.13584095 -1.1935766 0.43453875 0.5938067 7.0555673 -0.7812276 -1.1634974 0.9028447 2.7399862 4.5091357 2.9832418 -2.7028975 0.69397944 1.7300336 0.357294 2.6167717 -1.6966568 2.0879133 0.9805882 -1.5768839 0.65168154 0.6017251 -0.077212356 -2.4126208 2.5765772 2.7510753 1.445505 0.16989923 1.1747386 -1.4442935 0.059928164 -0.20063779 2.1276152 2.112769 2.3297725 1.7565252 2.3130322 5.13469 -1.0816216 -4.6579595 -0.515923 -3.5658898 -0.36165205 -3.6213555 -3.260617 5.4168763 4.55549 -2.9867706 1.2436366 2.8056343 -0.97895604 -0.8721851 3.3523464 -0.31669605
perfume -2.3468275 -0.40027395 2.9745378 -0.077577576 -4.5556283 -3.0274704 0.98038024 2.6008408 0.533807 0.44145882 0.8118888 -3.0870252 2.0149329 1.9867613 2.1528525 -1.9263968 1.1644931 -0.43690318 1.1500838 0.7726157 -1.2009665 -0.5278501 1.0240444 -2.783568 0.7697517 -1.3980781 -1.6862699 0.66284496 -3.012796 -1.4297282 -2.3769698 0.1893768 3.3419461 -0.447426 1.2342619 -2.439186 1.7120336 -2.6278114 -0.5118742 1.4125524 1.6909151 -2.718123 1.7058347 -1.0435305 -0.9721955 -0.17029634 -0.34869346 -3.1390054 2.7278597 -0.9589438 1.2209536 -0.41527116 2.3309476 0.80119056 0.6334425 -0.6849601 -1.2056556 0.038245864 3.6827261 2.9702888 1.3062783 3.4423585 -0.43347937 -0.7909328 1.1702169 1.0043972 0.45899993 0.65991026 -0.8302751 -0.82321304 2.6815696 2.5236368 -1.5685995 2.5964112 -0.5381727 0.86694384 0.12791511 1.1682475 1.2019635 0.5697334 -0.57891434 0.8418684 -0.46714357 -2.376137 -1.2451313 -1.4582493 0.9861063 -1.5141516 1.0474784 1.4877673 -0.82112503 -0.3113969 -0.995904 0.8579677 2.5100837 4.988088 -1.6078998 -1.583922 -0.30876562 -0.45586962 -1.4525832 0.4324396 0.3730058 -3.4349122 -0.6325062 -2.5102873 0.050896652 -1.3632644 0.6664187 -1.1394488 4.042959 -1.7234435 2.6770089 -0.71694314 -2.207374 -1.5793396 0.025525281 -1.0198536 2.5340366 0.15404381 -1.8535912 -0.91095823 0.13094974 -1.6223365 3.4999323 0.90765435 -1.873376 0.6836964 -1.6630739 -0.2549364 -1.5970469 -0.2938584 -2.173605 -0.5413129 -3.2877095 0.13165869 -5.1994557 -1.4824243 -0.540998 -0.9282706 -0.4129681 -0.6676747 1.4233853 1.7698741 -1.589743 -0.29009047 -0.6955481 -0.9473588 3.2559497 -1.9860867 -0.21587752 -2.8978317 0.88354534 1.3007803 2.7201984 0.31956953 1.5805731 -0.1330008 -3.7464797 4.060642 -0.9577145 -1.2797143 -1.1699525 0.20317326 -0.83098 1.8852283 -0.5270208 1.3479433 -0.49610263 2.980041 -1.9570782 -0.88753515 -2.3711991 2.315044 -1.3407974 0.18335596 -0.5332103 -0.20259781 1.9644518 -1.887269 -0.3208347 -0.8460097 0.44293952 0.22856808 -0.9058529 -1.1380535 -0.48554415 -3.896265 -1.7726302 1.8964059 2.9305925 -1.3439729 0.2609172 1.7006619 2.6765773 -1.1028548 -2.9097524 1.2179717 -0.009032934 1.4772819 2.2581587 0.9729574 1.4826977 -0.9423417 5.185033 -2.804622 -0.7122596 -1.9954722 -2.5903854 -0.021857508 -1.3867215 0.8200555 2.0955377 -1.6207272 -0.7987407 -0.022798115 -3.144462 -5.0925455 -3.6680338 -2.2177978 2.571416 -0.3156269 -1.6333954 0.4841837 -0.8552374 -3.7287285 3.314223 -2.376567 0.30126995 -0.056036323 0.09205401 2.060085 -3.825141 1.1180679 1.6555896 0.044229437 1.303424 0.8399704 0.40209866 -0.6754784 5.793003 -1.9349356 -0.25224602 -0.7078589 -1.4020257 -1.5528786 -1.6594648 -1.2408593 1.7507122 0.8308205 0.824453 0.77448934 -0.21157326 0.39810017 3.580508 -0.5390958 2.0899496 1.7887526 0.87380743 4.2722507 2.7293112 -3.9386144 -1.9649649 -1.0877553 -2.3800492 -0.84582293 1.4087374 -2.8343964 -2.1227593 -0.16175666 -1.6895984 -1.5896394 -0.26763955 -3.2154062 3.4249861 -1.6178493 -1.8701624 -1.736836 2.6691144 2.3862877 0.12652954 0.9866401 1.6249628 1.3729054 -0.59168494 -1.2167593 -4.633989 -0.18049142 0.105181836 0.6855109 -1.5295411 5.1213875 4.7406387 -1.8957169 0.8926008 0.6086111 -0.4084232 -1.3993335 -1.4492676 0.681744
vanilla -1.8926953 0.13293785 -0.09556219 -0.47609568 -3.1398513 -1.3566008 0.4909077 4.8365836 -1.0931776 0.2414206 -0.9830393 -2.5712247 -0.490821 -0.28533608 -0.4799068 -1.5651656 -1.1383845 0.082975514 0.653634 1.2375331 -0.044796992 -0.90605044 2.6134398 -0.81824034 1.6498754 -1.0237223 -1.573379 1.1143596 -4.109839 -2.2070677 2.9114714 -0.93551284 2.8347893 1.7197933 -0.50421035 -0.23151645 1.5418392 -3.8961556 -3.0061338 0.19521864 -1.1134272 1.335627 1.5742714 -1.594052 0.57543015 1.0201457 0.027852328 -0.71552837 0.2693925 0.5457147 1.1187732 2.2588034 -0.40546757 0.61016244 0.56602246 -1.2972116 0.39898103 0.39726293 0.6682592 -0.372282 1.401309 -3.2846498 1.6557605 -2.0045507 5.3089957 -0.5887337 -1.5832769 0.1443402 -1.4702386 -1.7496552 -0.89748436 0.31660798 0.009245036 -0.65767705 1.9755411 1.3480289 0.34413052 -0.9849338 -1.2695528 1.1898938 -0.63089514 1.504558 -2.5283363 -0.63025707 -0.32147446 -3.6227074 -1.4234172 -1.2310978 -0.30492955 -3.6175206 -0.2505161 2.6245844 -1.2994529 1.1550361 1.0854262 1.4552926 2.3001773 -0.71851856 -2.7692585 3.8547308 -1.7482371 -2.3770635 -1.4832878 -1.6004461 2.9826217 1.3009102 -1.4141986 1.2754786 1.6436106 0.73746353 -0.2930716 0.03695733 -1.4937261 -2.8456106 -0.3998261 2.2283516 2.0315073 -2.2281487 -0.3973386 -3.29674 -1.0858314 -0.4416318 1.9416841 -0.17010157 -2.4213095 -1.131089 0.79028374 0.48441657 3.2550037 3.1343417 1.3064332 4.355534 -1.0795026 -0.088742465 1.9147285 0.8909961 1.1959069 0.74658936 2.4064844 -0.75035703 -1.3656404 1.648251 -0.411699 0.5279997 1.1155905 -0.35598022 -0.23436569 -0.67061466 1.2830875 0.48294201 2.0758996 1.6789216 1.8168726 0.8162793 -2.2773523 -1.0882785 1.4680481 -1.1805545 -0.78633815 -1.3737968 2.3029678 -2.879161 -1.3509326 0.0047876434 -0.6931378 0.16194141 1.9737722 -1.206654 -0.63701016 0.18885776 1.9673476 0.20934004 -0.848018 1.7767969 0.024823878 -0.43294895 0.092154525 2.5707695 -3.6346905 0.5799391 0.6273128 -2.0066094 0.16276596 -0.06977213 0.8013357 0.24816312 0.25993365 -0.5714484 -2.0460489 2.688653 -3.439544 0.3681166 -1.3404131 0.7273368 0.24113543 -0.25878537 0.5021377 -0.040172506 -1.7787515 0.21552029 -1.4933715 1.8444078 4.6235676 -1.2770666 3.2606423 0.59787923 1.0301119 0.6140256 0.90800494 1.2389307 -1.0177306 -0.21885127 -1.8954613 0.7073832 -1.583884 1.1524246 -2.056726 1.2735182 0.20386082 -0.6102509 -1.8920397 -1.2793012 3.7109873 -0.7447096 0.086558215 2.0356038 -0.7667674 4.442942 -0.8170044 1.2756679 1.6029657 -2.5086312 1.4027926 1.1015289 0.90643895 1.4233626 -4.7332773 1.7415628 0.23242615 -2.5657887 -2.1755445 -0.28217348 -1.0304163 1.1866361 0.8947871 -0.36036 -0.56424636 -1.3805435 -0.6239383 -1.6339569 -1.4400805 0.16879544 -0.18935397 -2.203057 1.8835964 -1.3959364 1.7346069 -0.29749462 1.6217042 0.9046864 -0.4386272 0.16076562 2.487425 0.2833279 0.86853546 -0.2876573 -0.94849193 0.41226086 2.647454 0.20244844 1.0024449 -1.467291 -0.72475225 0.031032061 -1.9029706 -1.3619652 -4.435851 0.26788703 2.577629 2.0592256 -0.010441719 -1.0165658 0.48888984 1.1305771 -1.7770967 -2.5935824 -1.8146152 -0.6422275 -0.07821663 1.2353513 -1.5660232 1.0883048 -0.24752255 2.8347888 -1.436565 1.4073071 -2.2123504 1.9635891 1.0198528 -0.7040596
chocolate -2.6521869 1.6185532 -1.686246 0.62619334 -0.81664884 -0.8299446 1.5014094 1.8518591 0.67215705 -0.62566674 1.2358528 -4.3251834 0.7921835 0.8278667 0.77039325 -2.3085787 1.7603954 1.5734701 3.4930444 -1.3172156 -1.6816313 -1.4970022 -0.15014951 0.5271008 1.9268734 -0.45495614 0.38278407 -1.9433625 -2.1507516 -1.3351203 1.9608576 -1.3553876 1.43928 1.5372545 0.7156527 2.1697628 2.9583502 -0.3211782 -1.8308296 0.5011739 -0.27614415 -1.8775128 1.2248936 0.8620995 -1.4385715 0.3145034 1.4934273 0.36704993 2.4040825 1.4699522 1.6821976 3.93139 -1.2614233 1.4912374 0.15462092 2.7687414 1.9217536 -0.96393186 -0.9840277 -0.6394658 -1.6345981 0.14190611 -0.69703704 -3.192918 0.98553383 -1.2216463 1.2682586 -1.3848246 -2.6793056 0.4104311 -1.3671151 0.642834 -0.57927907 0.13147916 0.28159654 -3.8802788 -0.09616763 0.17378439 -4.249971 1.4251827 0.24855745 -1.734404 -1.6643903 -0.996275 -1.9564433 -1.7127612 0.24995966 0.9040829 0.17101848 -1.0836179 1.93079 2.9611108 -0.34868652 -0.76389843 -1.3742632 -1.5199916 2.3231533 -1.607622 0.30646145 3.393632 -2.1738706 0.37265322 -0.46423385 -2.16638 1.1754107 0.83321273 -1.4821839 -0.46939814 0.9492156 -0.36638954 -0.50073457 -0.77642226 -1.457322 0.15112796 2.007978 2.0604885 1.2246577 -0.9670705 -0.6512436 -2.1317365 -0.79774725 0.6388857 3.3767514 0.69764805 -2.3917575 -1.632784 1.0266391 0.65567034 3.3574734 3.151025 -0.17915937 4.4490805 -0.12117776 0.054634884 0.3388243 -2.4153643 2.352558 1.4073267 1.7597632 0.6759109 1.4460471 1.2186602 -1.674611 -0.06199244 -0.016330805 -0.22363026 -0.93873674 -1.0575153 0.5147271 -0.5922356 2.7008977 3.2672646 0.06146945 -0.09420723 -2.4654422 4.036981 2.6444802 -1.0373149 -0.39387575 -1.9999199 4.163724 -1.598506 -0.7044529 0.07948254 -0.6470378 -1.7689768 1.2601357 -0.514338 -0.80421156 0.39656743 0.052791055 -0.026392955 0.060961425 1.1332897 -0.056635972 -0.99365896 0.5730474 2.2998586 -2.051596 1.2328194 -0.13160512 -1.1160027 -0.12800777 1.3535486 -0.9042682 -0.0032130645 0.06477021 -2.2529964 -0.94626254 3.2409537 -3.1349852 -3.4440129 -3.4906454 -0.7225887 -0.92543423 -1.0642016 1.4064895 1.5632339 -1.8529634 -0.023129787 -1.9412413 1.219243 2.079376 -2.0149596 0.15966031 1.2128551 -0.7598751 0.897759 -1.258208 -1.2050058 -1.1323215 2.3090308 -0.88141733 1.1670758 1.209656 1.8872814 -1.1545184 2.7613478 1.3630769 0.51042145 -1.2920885 -0.83574075 1.5575658 0.66946006 -0.8994454 2.711158 -1.6184518 3.5059738 -1.924579 -0.9911292 3.8340442 -0.5886855 0.43764484 -0.9840432 0.13101459 1.6787474 -2.799703 -2.4405158 0.98328495 -0.22057363 -1.1228676 -0.6620814 0.56049913 3.0473752 0.850155 -0.34713587 0.092354484 -3.7560477 0.375816 0.08361618 -2.228264 1.2883141 -0.6454645 -2.3992083 -0.36161402 2.6220672 1.8070664 -0.90024483 0.8574103 2.408761 -2.0808089 1.455746 0.9682714 0.57494056 -3.4273834 0.4428672 -1.266147 -0.1072517 2.0608315 -2.5294642 -1.5013193 0.8659221 -0.3817147 0.07776067 -2.4821334 1.7775915 -1.136295 -2.6871684 -0.8484687 -0.58644146 1.1904387 0.3268797 -1.5827074 5.4425626 1.9430017 0.6704581 -0.67970824 -0.22915761 0.7020541 -0.5646098 -1.8202136 0.8494491 -0.051418334 1.2897507 -0.6217151 -0.056335136 -0.8144744 2.547901 1.4956965 0.07448752
citrus 2.591604 2.0962448 1.6792647 -0.44944042 -5.5285683 0.019515872 -1.4180647 1.3253614 0.65582013 0.60167444 0.44654995 -1.290228 -0.0007907683 -0.3061542 -0.41738662 -1.7450836 1.4506855 -0.64624584 -2.4346504 1.1757197 -0.21925384 2.533878 4.2344337 -2.5731282 0.7303225 -0.15122493 -2.9206614 0.6029112 -4.180413 -2.8557725 -0.30559722 -2.2587378 5.206246 0.47013795 -0.23210035 2.2421255 -1.1004612 -3.4637675 -3.3028135 0.69500065 1.77112 1.8728694 -0.2702804 -3.089972 1.8891975 1.097425 0.44786876 -3.4824882 0.024143873 -0.3609828 1.870536 3.3182704 1.596037 1.4608192 -1.0869328 -0.9575582 4.07195 0.87333333 -1.4104928 0.46479395 2.6403875 -1.7343665 0.5623128 1.0687486 3.6225178 -0.93914616 -3.6846383 2.6783433 1.3852497 -0.6204113 -2.0541549 -1.5412353 -1.8275034 0.6734364 1.5525717 1.2424438 1.8181052 -0.4479314 0.31250578 0.021127343 -1.2690697 1.4065924 -2.6750576 0.82861024 1.3701637 -2.1379406 -0.8833782 -2.648806 0.48033386 -2.4720316 0.42727053 -1.4342316 -0.46889663 2.5148435 -0.26379418 0.278872 2.014392 -0.8512365 1.8169907 1.1882036 3.3289068 -1.421303 0.5377264 1.6439104 1.032018 4.069968 1.5746877 0.93193746 -0.80631405 1.1798154 -1.4762108 -2.9446957 -3.4550028 -1.4776119 0.06689807 0.76717144 3.3168209 0.6172568 1.6356984 0.22630058 -1.8646096 -1.0463588 0.9647434 -1.5083313 -1.8518819 -1.154163 0.3570525 -0.8278206 1.8306564 0.7088077 2.32787 1.6030991 -2.4724832 0.8839204 1.4811457 0.780387 -1.2647825 -1.9922796 1.5802959 -2.060231 -0.31404388 -1.6099311 -2.5825028 2.929771 2.4289992 -1.8690271 -2.199717 -2.4110055 -0.36081588 1.8192075 3.4055772 0.93774176 2.2829523 1.7096262 -0.44978744 -3.404928 -0.19393857 -0.6669904 -0.5414129 1.4887682 1.3692957 -1.152868 -3.4763482 -0.25011182 -1.0285807 0.1920107 -0.985823 -3.9580367 3.4001524 0.2796448 3.6913598 -0.63293993 -2.08362 0.8755447 -0.9246612 -0.6093996 -0.64273995 0.014084992 -1.2313534 -1.4867753 0.39746872 0.769304 1.2038231 -0.6253055 -1.6914607 -0.003096398 1.2846713 -1.9812205 -0.81793976 1.2472667 -2.454881 -0.6212657 1.4308128 1.69626 0.27242118 -0.09111816 0.091906674 0.6801202 -0.05706649 0.52880573 -2.286602 -0.44154972 6.5514884 0.0399527 1.5650862 1.9142079 -1.2383134 1.2086767 1.3387209 1.7272166 1.0317495 -1.8205005 -1.673274 0.3887575 -2.9004364 -1.7468255 0.7093142 -2.280224 -1.8467083 -1.1781769 1.5381439 -2.5014744 1.4410448 -1.5620629 2.1047168 -1.4474301 1.382654 0.07270586 -0.28103265 1.004316 0.9179068 -0.121099256 2.7685487 -0.54123074 0.41595352 1.1277568 -2.2372184 0.79778624 1.2821006 -1.2175386 0.68004256 -1.0768011 -0.8882859 2.140583 -0.99464744 0.15783754 0.9532378 3.062325 -0.9616868 -0.58729833 1.6922768 -1.3027599 0.9516293 2.6133451 1.4638507 -1.0707918 1.8849541 1.1181046 2.079357 1.2989069 -1.4741459 -0.57883394 0.6798129 1.4581864 0.31305176 -0.0634478 2.4180553 -3.6320534 0.1465037 -1.137716 -0.051056076 0.4436984 -0.91526353 -0.620123 0.9385756 -1.0337157 -5.416227 0.7129311 2.2010393 -0.030929353 2.7886724 -0.26797804 1.6682185 0.6375383 -3.4587395 -0.76405513 -0.3546013 -0.4030631 -2.7935746 1.8185204 0.72906595 2.1431332 2.4686797 0.827668 -1.821133 5.1297216 -2.6230505 -1.182231 2.6343246 -0.97750473
cherry 1.4710274 2.2196734 -1.442 -0.87188524 -4.3972945 1.1327562 0.35943228 1.9523777 2.4065583 3.3960495 0.43943372 -4.6420455 -3.0003047 1.9279602 -0.7539255 -2.1910908 0.990506 0.52256227 -1.9198493 2.6387286 1.8343978 0.42447838 1.7749139 -0.03942422 -0.047950238 0.71666926 -2.2610583 -0.4582727 -1.8015071 -0.39173165 2.9985526 -1.3656678 0.36262235 0.62490135 -0.20888472 1.1243945 0.8448915 -1.1925656 -3.9415262 -3.7010348 -0.054910947 0.93803155 0.6157522 0.95790374 -1.4517998 2.8914974 -1.9270804 -1.0090183 1.1067429 5.494608 0.63022095 2.2072184 -0.88260806 -3.2279072 -2.823497 -0.8352987 5.276473 1.1997426 -1.6244227 -1.7667261 -0.18058825 -1.8074777 1.3179145 -0.36170602 3.1107252 -0.44858935 -4.069542 -2.0601187 -2.843132 1.1013869 -2.8535345 -1.5247012 -1.9585816 -2.3329215 3.330463 1.0461823 0.77779907 -1.3563386 -2.217594 -2.1777658 -2.1078465 -1.3652533 -2.1315773 -1.4444218 -0.33967236 0.6024672 -0.09171068 0.8865065 0.27530178 -1.4508077 -2.2391973 2.324897 -1.9508479 2.9883897 0.82085323 -0.30602306 2.8503857 1.1812042 -1.5644761 2.4406645 1.4589597 3.5742886 -0.25069976 1.1871161 -1.0603359 1.3914582 -3.395589 2.1841118 -1.4768474 -1.9498868 -2.0307934 -0.4541073 -1.8594103 0.26357773 1.9796478 1.6499143 2.5884728 -1.6010642 -1.8508593 -2.0908203 -1.1507909 -1.2371646 0.3120336 0.8360242 -2.8750527 -2.3071585 0.52084285 2.149392 3.3182876 0.584308 1.4214373 1.5831251 -3.4484494 -0.24609971 3.0790653 -2.1084929 0.41506895 1.1824788 0.9718608 1.1846625 0.017365662 0.04849829 -2.803198 -0.57727027 1.81611 -1.6688385 -3.8085449 0.778032 1.1426625 1.746633 -1.8335783 2.846387 1.6193833 -0.7403267 0.30853066 0.65964186 3.7548854 0.99979746 3.4470925 0.5298085 3.009322 -2.9946613 -2.3748667 0.39910087 -1.1081748 -3.7213066 -0.53028136 -3.290944 -1.1155849 1.7445266 0.5126388 -3.9919524 -0.16214393 -0.6472221 0.41481993 2.1639316 1.380122 -0.36872643 -0.13291442 -0.53076166 -1.1521498 -2.0784457 -1.7669554 -2.0167255 0.16277349 -0.8511968 -0.95400804 -1.9689404 -0.7151194 2.205797 -2.2562244 -4.4057293 -2.0576441 -0.5928578 -2.0806298 -0.83038396 0.53188336 0.7505119 -1.1574298 -0.52713114 -3.6407652 2.967437 4.7792897 1.1086648 -2.5002956 2.819794 2.6686742 3.459708 0.067348346 2.1739473 -2.3952956 4.1599193 -1.6887411 -1.3049111 -3.8464024 2.9597964 0.0549508 1.4378984 -0.53926474 -3.2187319 -1.4558249 -1.1981465 3.1028929 -1.0411025 -1.770783 1.8507147 -3.543141 0.5008513 -2.613538 2.1427407 0.3524247 2.8385067 0.7673144 -0.28050756 2.4118311 2.218067 -6.8650236 3.045295 -0.47980282 3.5872235 -2.4003012 0.54267853 -2.9340818 1.6206249 1.8722827 -0.38178077 -0.34968737 1.1750559 -0.08020559 -0.6693656 1.0159407 2.8290303 -0.92851716 -1.6085002 -1.2339289 -0.128552 2.37205 -1.8651441 0.40374872 2.1151266 -0.62315583 3.408175 3.8007963 1.8829561 1.8272244 -1.5538945 0.7713547 -1.8439641 0.9834286 -4.617604 1.7069057 2.8137434 0.072275855 2.4522636 -1.4528788 1.0536891 0.9680859 -0.17916399 2.1657877 0.20422247 3.8291185 2.7334995 2.1941652 3.64911 -2.2992926 -2.5343747 -0.8330007 0.48754334 0.70795184 -0.80566233 -0.9934618 3.0274148 0.069259875 1.3651407 3.1304867 1.6955364 -1.2232811 0.9912257 1.7607247 0.03164238
leather -0.061945748 -0.05276126 1.4051558 -1.8574488 -3.9465003 -1.8885696 0.40031108 1.0824971 -0.40654483 0.29876998 -1.1004941 -3.7273593 1.9128178 -0.059026565 -1.1158309 -0.075193204 0.5514342 -0.8950804 -1.0091236 0.7962955 -1.1551564 3.8060865 1.0069262 -4.626291 0.53650504 1.0961002 -2.2498982 3.7311797 -2.534977 -1.5992151 0.7704314 -1.1036903 3.430896 1.7966787 0.59068316 -0.32316622 2.5643864 -2.8612807 -2.0019534 0.9494861 -0.67736876 -0.5565687 -0.7875534 -2.0328825 1.2644565 1.7729406 -0.040808924 -1.079148 2.4596808 2.148283 1.5746154 -1.0192624 0.26240572 -0.6495249 1.9039401 -1.0552695 1.9225086 -0.108037874 1.5655985 1.8049271 0.8071459 -3.1174679 2.4937344 1.3823589 3.0890422 0.6164389 -3.638408 -0.19817579 -1.8791008 0.18137805 2.595612 3.4004142 1.3422345 1.9048935 2.0372677 0.73279196 -0.3799087 0.47276315 -0.7052592 0.16024365 0.3075011 -0.040457748 0.7616181 -1.55343 -0.7195762 -1.4494117 0.5400333 2.3411357 0.8746974 -0.60225666 -1.4910264 -0.9567387 -2.746908 0.4052916 2.511692 1.0746491 0.4955506 -0.88324 -1.4963568 1.1875411 -2.505234 -1.1107016 2.186067 1.2084502 1.3427405 0.74798596 0.8120355 0.10370957 0.34297043 0.5030427 1.4427588 -1.4774133 -1.9756658 -2.1422167 0.03656781 0.41742665 1.5428095 -0.3315008 2.4881053 -1.2500836 -1.3542359 -0.8551422 -0.8589873 -0.16110389 -0.037759606 1.1862597 0.60374326 1.6716185 0.5555315 -0.7880514 2.5601048 2.1414564 -0.15886846 1.0851854 0.12587756 -0.31359175 1.1202931 -0.7094466 2.8206701 -0.8590925 -0.39346257 1.2180569 -1.9838282 0.72784525 0.67805284 0.7773176 -1.5060744 0.06463597 -0.039268225 1.6942539 2.8835132 0.8303119 1.6660614 0.6102382 -1.6164399 -3.5193212 2.59561 0.8794625 -2.2460184 2.2333243 0.43849832 -1.4322104 -1.1008945 -0.04872102 -0.45065337 0.18434201 2.5633643 -0.3002104 0.8946913 2.0717762 1.2309368 0.044445954 0.91769654 1.2018514 -0.806553 -1.687382 1.5631071 -1.3570863 -0.80216044 -1.7016507 4.217798 -4.6390076 -0.40556842 -0.66105914 -0.16440286 -0.62125325 0.5828551 -0.14633286 -4.2837253 3.5839875 -3.3461168 -2.7937636 -0.8983903 -1.470994 0.16654393 -0.13836513 -0.06701634 -1.2943689 -1.2265848 1.0483243 -2.1953816 1.678295 2.6897092 -1.6129082 3.3463078 3.7852492 1.8572531 -0.29766044 2.5434952 1.8436679 0.09572691 0.33386084 0.7754812 2.152055 -1.0714772 1.9154068 0.8520299 0.6535768 -2.3666723 0.6007854 -1.1394713 -1.8700426 2.9028928 -0.1658798 -1.4875715 0.49630904 -0.54702973 1.2981536 0.8289906 2.455582 0.33263674 0.4644 1.3029252 3.6708624 1.079108 -1.118891 -4.019776 2.4039457 -1.256031 -2.900789 -0.5315989 0.88314605 -2.001241 1.2815388 -2.7765253 0.04952897 -0.10586675 0.24543068 0.43270105 -0.2726951 0.36383435 -1.1034161 1.4161131 -0.08717899 1.3553575 -1.5824982 -0.5424682 -0.8868264 2.6035697 2.0882974 0.86398476 0.7864626 -0.25620785 1.0038326 -0.2941825 -1.8104697 -1.067064 -0.31506005 0.6712456 -1.816911 -1.5591124 0.36981222 0.024631426 -1.3122655 -1.0012212 -1.3052529 -4.0358415 -0.9973416 1.0154238 1.6393716 1.7432827 -0.43131876 2.0602748 -0.33621976 -2.7551165 -3.4657001 -1.7064043 0.54824424 -2.3869746 -0.90568703 -0.31590876 4.4556932 1.7818053 1.3799938 2.0153248 0.5322498 -0.0087042 -2.4919705 2.938651 2.1436372
rose -1.898272 -2.239013 0.06632614 -1.4727149 -4.7706914 -2.3056116 -1.5575447 1.7445667 -0.18266663 -2.0299735 -1.4724935 -3.4307454 0.3525359 0.15448965 -2.2527506 -0.6847462 -1.1089945 0.04393217 -1.150414 2.136836 -2.4394064 0.24346559 1.0847021 -3.8293307 0.7297747 -2.0029752 -2.349207 1.8334472 -2.2612386 -1.697562 1.689949 0.29251552 5.498196 -1.3828721 -0.40334466 0.63981235 1.4673 -1.2169405 -1.2855921 1.0039785 0.30183148 1.1465396 -1.5844281 -3.3045855 1.6867326 -0.21334627 0.12034834 -0.29234576 1.6029878 2.4517312 -0.10652511 1.080683 0.5322775 1.11015 2.3574283 -1.429687 -0.31212783 -0.3495475 -0.121718794 0.14067043 0.3081451 -2.9185314 -1.3773671 -0.42663142 3.094827 -0.60995305 -2.6761858 1.1486104 -3.2045536 -1.3110493 0.030067774 2.0270634 -2.8881154 1.2207557 3.0692334 0.65087754 -0.4054744 0.8756899 0.9116393 1.1937943 -2.3988569 0.74192154 0.6437129 -0.9422212 -1.8319724 -3.3629372 0.02619313 0.98403686 1.1709741 0.51041955 -1.9727579 0.3067884 -2.3726656 0.999465 1.0652342 1.1628057 0.2818432 -1.3693597 0.78054816 0.46386412 -2.6177573 -2.565646 0.98180336 -1.3576801 1.1458995 -0.1930003 -0.5464865 0.058430392 1.7511047 0.3032518 2.2655408 -1.5517254 -2.3399222 -0.53856736 0.42609867 0.5467294 -0.58854836 0.16535918 1.5534712 -0.85408837 -2.270404 -1.327475 -0.3454251 -2.0785065 0.5843151 0.36779878 0.019269606 1.4716954 -0.15482634 2.0268676 0.9147036 1.8700308 -0.29393372 1.2647039 0.3940341 0.754487 -2.307152 0.32675746 1.9280521 -3.2863686 -2.0787885 -1.8283222 -0.602718 2.1621325 3.0051363 0.8413893 -2.2050538 -2.8908587 0.4213124 0.80360997 1.2580498 -0.3846915 -1.7618233 1.6172312 0.46628407 -1.6297542 3.2905495 0.72810274 1.6285901 3.431056 -1.2614233 -2.6023133 -4.1683025 -1.7612152 -2.7434707 1.7454274 -0.4575573 -1.4802798 0.30848837 0.34467337 4.036085 -0.8806118 0.9205208 2.2843356 -1.4199396 0.10506652 0.49672157 1.4081329 2.6727269 -2.2821467 -0.89129865 -2.3803616 0.769168 -0.21134661 1.1096158 -0.34866288 -0.9452227 -0.91637254 -0.8685217 3.0057786 1.0107716 -2.6001859 1.3926898 1.1235176 0.5199978 0.25540113 -2.5310705 0.2942675 0.5920278 -0.5054085 -1.9013553 1.0504099 4.829399 -1.1758515 2.408184 -0.20176095 0.5140113 -1.5419657 -0.39820415 1.27267 1.4315468 0.20426008 0.33139828 0.2277574 -0.6818354 0.8903373 -2.4534924 -3.3152978 -0.6813233 -1.0744091 -0.17347746 0.1546961 2.752648 -0.09397799 -1.9590788 -1.15726 2.402929 -0.44103238 -0.4447199 -0.58555335 0.26533994 -0.16320299 1.4945974 1.4533237 -0.4765749 0.33172363 -2.3075569 -0.69494194 -0.4569817 -0.6949052 -0.4567243 1.4921762 -0.87753385 2.4186566 -0.03742936 0.9961628 0.23986955 -0.077452116 0.96386987 -0.35458845 -0.6310431 -0.6881289 1.8743477 0.36831027 0.7587255 -2.0120997 1.5012643 2.1406968 3.1114278 4.230854 0.86773515 -0.72298867 0.47332644 -1.6257454 -0.8026324 -2.445588 -0.10686786 -0.639553 -1.7121795 -0.41153964 -1.075539 -1.4074417 -0.7085867 1.2072805 -0.29496118 -0.4932202 -4.153407 0.60743475 3.0010037 1.725699 1.9288263 0.3546521 1.9734697 0.5057822 -2.7594018 -3.254982 -1.8715168 0.023106366 -1.1752384 1.2060616 -1.1269945 1.1746138 1.7675111 -1.0274196 -0.35147598 1.4959807 -0.9737027 -3.387915 1.0937148 0.75935507
honey -3.2892683 1.6699321 2.3488977 1.5156853 -0.32421428 2.1941125 -0.019124711 3.964972 0.38301417 1.4601984 0.2328886 -2.89557 -2.5418208 -0.11184885 1.5641668 -2.7937422 -2.7329295 -1.1994776 3.2045684 0.3422428 -1.2879521 1.548063 3.099181 -0.59229237 0.5761323 -0.4013989 -0.74443334 0.622105 -1.7938229 -4.463413 3.804831 -1.5841123 0.94893247 0.23379529 0.77557975 0.6417383 1.9484727 -2.2786465 -1.0279639 0.24537693 -0.054510836 -0.11101646 0.98637724 -0.69829375 1.1059041 0.59672546 -1.0462406 -0.902171 -0.9224588 2.2288048 0.248599 1.3162342 0.66727185 0.1082063 -1.0840424 0.9178646 0.6820361 -0.017465014 -2.4649699 0.35398108 -1.3823588 -1.1293539 -1.723924 -0.68730146 2.803866 -0.05432643 -0.11755409 -0.571193 -0.02228694 0.7284423 -2.762636 0.9652241 0.3966932 0.8857594 1.09874 -1.5906312 1.2459449 -0.15097445 0.8611317 1.8182247 -0.6136746 -0.19318508 -0.7851162 -1.493489 -1.6578107 -1.5085073 -2.540267 -0.30978847 1.4611924 -2.498293 0.8282135 1.3776286 -1.3815936 -0.3960364 -0.12003545 -0.42734814 1.9333142 -0.897127 0.81420565 1.0055073 -2.6527827 -1.3818152 -1.4579326 -0.24152328 2.3604455 1.9845656 -1.864179 1.008473 0.87627375 1.2812643 -2.8085005 0.2904548 0.13102497 -0.40703472 -0.9119622 1.9575688 2.1383889 -0.57317334 -0.8572828 -2.081834 -1.034358 0.408565 1.2780396 -0.8076768 -1.8284068 -0.019115847 0.55896246 -0.9508171 3.0803826 2.7219756 2.3496566 2.44367 -1.1438075 0.76777846 -1.1455044 0.06543731 0.4454395 -0.4352758 1.3697487 0.6491648 0.53255916 -0.30214903 -1.7727382 0.8826775 0.16149946 0.27620396 -0.49602848 -3.9822593 -0.67272943 0.15883468 0.9050391 0.31713334 0.95917207 0.96452427 -1.8534834 -2.9982696 -0.6656547 -0.17813666 0.046393976 -0.44927835 1.4626881 -2.2756352 -1.0666142 0.01993406 -2.0120008 1.9347824 2.1220694 -2.0156236 -0.6073182 -1.2074525 1.7213932 3.2300515 -0.64560425 1.499713 -1.0753264 1.4177567 3.3849514 3.0157142 -1.2289293 -0.21812508 1.3716604 -1.2825902 0.6298897 -0.9319298 -2.6133704 0.55027264 0.044674516 0.9763695 0.73028964 0.10966629 -0.7010693 -0.7097243 -4.0210814 2.6027 -1.3842824 -0.19883052 1.7774601 2.059871 -2.2348294 -1.4052674 -2.2266974 2.1765924 5.2606263 1.5676296 0.6732906 -0.15729472 0.26680067 0.560544 0.7526965 -0.369391 0.8782299 0.5941014 -2.6585622 -0.032468162 -1.7542064 0.5399407 -2.166589 2.483365 2.8656418 -1.1774096 -0.6616389 -0.7186201 1.8025608 -1.4626633 -0.1427443 1.7933981 -0.52351767 3.8801985 -1.5491817 0.20070453 0.5648189 -0.6198633 1.478219 -1.8330318 2.672915 1.6041285 -3.2203074 0.60027015 -0.25596878 1.6465127 -1.6063627 -0.6006204 -1.1000956 -0.8672762 -0.33865303 0.38020775 0.23611401 0.38696033 -1.7061049 0.16066115 -0.63695955 -2.73803 -0.7702005 -1.2710947 1.8510603 -0.13439369 0.79288137 0.53175366 1.1061493 -0.18592311 -0.67132366 0.21568538 0.24698652 0.16166931 -0.6957621 -0.4191621 1.5891415 -2.0381088 -1.3062657 2.520221 -1.9162605 -1.7412717 -0.3538098 -0.33627346 -2.1590238 0.3805324 -2.0176744 -1.302925 1.3556736 0.11418425 2.6706026 -0.64468604 0.20662175 -0.52695155 -1.0859395 -1.8796237 -2.9875495 -1.404314 -1.2662722 -1.0561041 -0.17508943 -0.5924368 -1.3847451 2.6494195 -0.39529133 0.5264247 -1.0890697 0.7682725 1.1152658 2.0093489
berry 0.32336563 1.1014013 -1.0869608 0.1009778 -3.356069 -1.1294396 0.87308216 1.3144141 3.450532 -0.41041043 -2.28162 -2.8880446 -2.1858068 0.1388034 0.22550446 -4.573532 -0.1790911 -1.4549707 -1.7166315 2.740303 2.8340228 1.0451437 2.360252 -0.24010131 1.033007 0.06532129 -2.8456166 0.12676547 -3.9883 -2.436673 1.5076244 -0.7487993 0.37565637 1.2430689 -1.2021202 2.5109966 0.4231124 -1.2492388 -5.052704 -3.1217678 0.22068895 -0.69891876 1.6043328 -0.55331963 1.4996237 2.1539986 -2.5158079 -1.7812002 -0.38485068 3.7732592 0.99943304 2.4417202 -2.8513615 -1.345393 -0.9712943 -2.431714 5.5454865 1.5279449 -1.7150629 -1.1022131 -0.5222931 -3.0552478 -1.2736942 2.438675 2.3308427 0.025754107 -2.57876 -1.6146362 -2.0406642 2.1722705 -3.1785643 -0.20331691 -0.46446308 -0.7809677 3.2306268 1.461838 -0.42431015 -1.4875073 -1.0639148 -2.459741 -0.3245077 -0.7033934 -2.0413141 -0.6950019 -1.340901 1.4040456 0.86668175 -0.034325685 2.4199889 -0.364045 -0.8664962 -0.50627685 -0.76612175 0.23899841 0.04192813 -0.6287256 0.5837586 -1.1998438 0.16466753 1.4721122 -0.969225 0.3351429 2.2695127 1.0244693 1.3772634 4.9028907 -3.5480952 -1.2361296 -0.25096172 1.0732874 -2.9538822 -2.3249965 -3.4031265 1.0400922 2.3232226 1.4963971 3.4536738 0.45498025 -0.3372277 -1.1663876 -0.25520107 -0.12953438 -1.1702923 -1.5951124 -0.9165257 -1.9416597 -0.64155364 0.94425124 2.9830432 -0.7197367 1.3396561 4.062712 -2.096707 -0.6796235 4.653746 -2.4304426 -0.34781602 -0.1667149 2.1088083 1.4461248 1.3493803 0.013681089 -1.2914956 -0.6922605 3.494279 0.3784734 -2.2942786 -0.35776538 2.3644776 1.3766211 -0.6899109 2.5005102 2.0357313 1.0286572 -0.3625147 0.7432984 3.289142 0.13651805 2.058874 -1.004823 1.6728971 -1.7033589 -2.3088992 0.46639997 -1.0419077 -2.9066737 -1.3007722 -2.2191541 -1.2303693 1.6700212 1.4777397 -3.2649336 -3.2995834 -2.131264 1.35925 0.13721311 1.3477196 2.3533432 0.74150705 0.043719117 -1.3043078 -1.6074623 -0.8648157 -2.1006536 2.4801345 -1.5729227 -1.0614399 -3.7303567 1.2151042 2.4123058 -2.5952826 -1.7397408 -1.776717 -0.40692472 -2.625535 0.08534878 1.6273888 0.17897736 -1.6207179 -0.37025693 -3.5434947 2.2372599 2.8581834 2.094458 -1.2880657 3.4082046 2.19638 1.6936101 1.5764877 2.7230911 -0.47687227 2.9131815 -0.83113396 0.8327827 -1.5269066 -1.879852 -0.84627795 2.085566 -0.41282323 0.17146045 -0.4405503 -2.5603733 3.527766 -0.87397057 -1.2605346 0.26804474 -2.6674635 0.9637919 0.90599656 1.9476601 -0.57344407 1.5194793 0.9935505 -0.62389934 -2.553144 1.6914849 -4.915519 1.1098703 -0.8452296 2.1458285 -1.2728359 -2.4754422 -1.8965058 2.2823334 0.9122785 1.3527781 -0.6021748 1.7687362 -0.45248625 -1.1283276 1.1825191 1.7011324 1.313255 -1.0639974 -0.5451202 -0.8218746 2.287018 -2.447386 0.07216668 -0.63652647 0.12511063 2.3489287 1.4967884 0.18892542 0.96715295 1.4667033 -1.4919751 -0.5059777 -0.2770242 -2.2807035 3.4189363 1.9497205 0.94849426 2.2777314 -1.4944401 -1.2884836 -2.288336 1.2298204 -0.0035828298 0.016951615 3.6583405 -0.15356015 -0.4466819 2.9567907 -2.6520479 -2.087801 -1.0687429 -0.21118386 0.92716074 -1.7454538 -0.28441846 2.9806812 0.726564 2.5230753 3.8199303 -0.9324718 -0.79786897 -1.3393683 3.7032127 -1.8066053
lemon 0.7722327 2.2325232 1.8990293 -0.6376126 -3.5421703 0.32437813 -0.9583983 2.2833838 0.98408836 0.9822121 -0.26039994 -1.8792758 -1.6125814 0.01495132 0.52876985 -1.6601619 -1.0909274 1.0201625 -1.9635458 1.7291929 -1.5193108 1.7492431 2.9029655 -1.7110169 2.8461878 1.211151 -1.779028 0.12187598 -2.0350783 -1.7455622 0.915101 -2.3083303 1.907369 -0.17978175 0.52439755 2.3652525 -1.8511832 -0.10724923 -1.9621015 0.19173956 0.3171033 0.44473448 2.0033066 -1.5654364 2.9943092 -0.22445469 -0.060931858 -1.6590477 0.4111395 2.4221065 -0.058052212 2.9319584 0.31093276 0.12225216 0.43595564 0.8256073 2.1721244 1.1879836 -2.3902786 -1.4428408 1.1353154 0.1411208 -0.008176849 -0.5044716 2.2698462 -2.009835 -1.9656371 2.8178082 0.4867478 -1.037841 -4.8010583 -1.240511 -1.8241242 0.7545961 1.5015945 -0.42890576 1.8970525 -0.68626714 -2.0996358 0.7995402 0.27920312 2.730722 -1.7027895 2.01445 0.94249135 -1.1146023 1.586078 -2.6349754 -0.6203948 -2.593573 0.31935883 -0.49857646 1.1056705 0.92854184 -0.40388748 -1.1068982 2.6446104 -0.13541086 2.4555657 2.431941 1.2707019 -0.25384378 -1.218938 0.3452983 0.7221224 3.4904387 -0.48763883 0.69806415 0.16746424 1.1906383 -3.1124303 -1.6870451 -1.9755669 0.019792406 1.0650743 2.356782 2.9044626 -1.0278777 -0.47403285 -0.0068782745 -2.9979742 -0.20341259 1.6916407 -1.476746 -0.36330897 -2.2992313 -0.48576578 -2.132551 2.7262015 2.0502675 1.039319 0.05713125 -2.7257366 -0.39437225 1.9576708 0.932972 -0.36750737 -0.9935672 0.27604157 -3.50184 -0.2867116 -2.8106298 -3.3648622 2.1602511 2.1249585 -1.1984774 -0.7413482 -1.8268994 -0.11082404 1.5586046 3.6126862 1.0737834 1.6685884 2.3323538 -1.0323251 -3.2474453 -0.9071997 -0.74843186 0.93450916 0.87861645 2.262525 -1.5130947 -2.7834418 -1.1240836 -1.0244037 -1.0327517 -0.13891205 -3.886535 2.7333074 -0.09879997 3.0023534 0.39553759 -1.4969529 1.8404022 0.18679681 -0.6722607 0.18517172 -0.37534317 -0.51126105 -0.1997634 -0.9842093 0.21518882 0.49792835 -0.4149225 -1.2307705 1.1169381 1.6131992 -0.1764315 0.27732286 -0.8228392 -2.937367 0.17022553 2.025042 0.787887 -2.2320695 -1.9905862 0.5326702 1.2755523 1.0328274 -0.6859186 -1.6904415 -0.101127826 5.67622 2.0455494 -0.45966458 1.2714447 0.24717344 2.7051744 -0.24960905 0.18286926 1.2835273 -1.3217349 -2.082421 0.4948211 0.20216301 0.86020786 -2.234394 -1.9479856 -1.5366397 -1.1008484 1.9974395 0.9413161 1.2377598 -1.0258682 1.8635706 -0.9651935 0.15100026 2.2717645 -1.5457429 0.35599294 2.0618527 -1.6389056 2.549375 -0.866719 1.1066473 0.4972245 -3.3455238 1.7854658 0.8672685 0.46202388 -0.22990601 0.8699957 -0.63431424 0.15136349 0.6033729 -1.464506 0.15767033 1.7830639 -0.7397883 -0.6342838 1.6504328 -1.5081147 0.4769034 0.72590035 1.5503812 -0.37711406 0.8528176 1.9061825 -0.3489763 1.511098 -3.4907398 -0.97989804 -0.5588738 0.21713726 -0.12103933 0.4337713 0.81827486 -1.4932523 0.69724965 0.847733 -1.5741358 -0.5049094 -1.0007112 0.90886974 -1.9624938 0.22575745 -2.268333 0.3412851 1.0288527 0.13059783 1.643163 0.04636268 0.87318677 0.542097 -2.4494255 -0.17936587 1.8906153 -0.7605529 -0.6465346 2.4829874 1.0103743 0.19532841 0.059912372 3.0923975 -1.8693339 2.8573933 -2.286323 -0.037413143 2.5997303 -2.566904
apple -0.7376049 0.5060826 1.1729344 -0.8217212 -3.334357 0.30120355 -2.6405752 1.0470186 1.6743723 2.5066495 -1.7007666 -3.2001624 -1.8382977 0.49883497 1.1525277 0.8335494 -0.45496958 -1.3363773 1.7004337 -0.55029947 2.097374 0.19652021 5.003007 -2.276507 2.4441402 0.06570542 -1.254272 0.38451868 -3.2537014 -1.3270528 -0.9086741 -4.0385985 3.0653346 0.12127359 0.10298762 3.1239924 -1.5500389 -0.16130352 -2.036497 -1.6903533 1.3198736 1.2809036 2.6090233 -2.3773327 1.5617009 1.7430644 -0.83236164 0.33697146 -2.0745814 3.8847961 -0.03541915 2.865275 -1.8590585 -0.7027543 -3.3571873 0.53984743 2.8530984 1.791875 -4.255066 -0.95527285 -1.2645361 -0.100828595 -2.2137623 1.2550156 3.9317238 -2.5583155 -0.65127665 -1.7438455 -0.31755015 2.1093419 -4.3037605 -2.543221 1.0614755 0.6655651 2.2450542 0.860133 -0.2903148 -0.28014493 -2.0830812 -0.591505 -2.9157493 1.3110098 -1.8442063 0.05792153 -0.9243113 -1.0505396 0.016564889 -0.4394695 0.1341816 -4.0147605 -0.38056475 -0.83117944 1.9621041 -0.010208333 -0.8382545 -2.5945945 0.15130846 0.51669043 1.572294 0.7942151 1.4110947 1.8993977 0.2037978 -1.0907321 0.41522333 1.9971048 -0.10792236 -1.9695032 -3.1118515 0.61054176 -6.3344226 -1.4052361 -1.5776993 -2.7934701 -0.29986757 1.3558775 2.4066365 -0.57432276 -1.5836201 -1.3418014 -1.6880689 -0.095248565 2.4987843 -1.2930377 -0.95452553 -3.127678 0.8683956 0.0034785531 1.1993507 -0.33434397 2.0899534 1.044801 -1.9500859 -0.13961975 2.113931 -0.37868804 2.0463576 -0.338322 -0.032011826 1.6806371 1.7711709 0.47650313 -1.2148857 0.3383789 1.9342709 -1.6443559 -1.2887939 -2.9232008 1.7650512 2.0888493 1.2869625 1.4997059 1.8096628 1.7081474 1.6516382 -2.30356 1.5778762 -1.3200462 1.575829 -1.638218 0.4917787 -2.176934 -0.8806494 1.4262831 -2.8616867 -1.4658425 -2.1761446 -3.912968 2.8411946 0.81203634 2.5378354 0.7120038 -0.7208639 -0.012306115 -1.9919871 0.9464509 1.0990541 0.55660605 0.7913952 -1.1184589 0.87367314 0.25014654 0.36389014 -1.5995833 -1.7285044 0.5929881 0.9078215 -0.625983 -0.104791895 0.16331823 -0.012567089 0.49978808 -0.12582074 2.2511764 -2.9868371 0.55640054 -0.5149959 -0.8246517 2.7359629 -1.2886363 -3.1218152 1.4038645 5.3669715 2.491085 -1.5516008 1.4762151 0.46571305 2.0699487 -1.9964092 1.2154758 0.82213765 -1.3350599 -0.886828 -0.9286468 0.9275167 -0.8908899 -0.1434509 0.5244997 0.47898477 -2.5295408 1.5037706 -1.2210851 4.8065968 -0.42256373 2.0293474 0.45302153 -2.5636215 2.1060529 -1.3677576 -0.5776742 0.044201054 -0.07037747 1.4309648 -0.3998883 1.3558499 1.3036289 -3.2478724 0.29470512 -0.530999 1.7948015 -0.014879923 -1.4441718 -0.95217377 1.9902833 -0.16614565 -0.5252728 -1.7382282 -0.19736426 -1.8574334 1.9855497 -0.096006244 1.6104991 -0.98553485 0.9515073 0.12718406 -1.8453866 0.40224642 -1.4725959 -0.5485399 -0.8080378 -4.0845814 2.7181747 -0.42353797 -1.8595222 1.0495094 1.916951 2.340294 -0.7505104 -0.043675136 0.8538972 4.237052 0.07853523 -3.312483 1.6980237 -0.20027894 -1.5139318 -1.111683 1.4742527 -0.67750156 -1.7725753 -0.5830061 0.87412375 3.5164452 0.22890581 -0.551247 -3.6173716 -1.7401419 -0.15119824 -1.2784902 0.6967054 -1.7565119 0.39570653 -1.2068048 3.536523 3.0318158 2.272162 -2.2565699 2.0513606 2.3090215 -2.898517
cinnamon -1.3524302 0.32420513 0.08868327 -0.2732501 -0.83447605 -0.025951238 -0.78368014 3.5728474 1.1615323 -0.031907562 -0.80201006 -3.1501355 -0.47433197 -0.82919604 -0.13907808 -0.23930417 -1.1379603 0.27799883 1.1404386 0.12795766 1.4077415 -1.3981833 4.100361 -2.0225606 0.6946533 0.57927674 1.3419521 1.2261454 -3.0166597 -3.068119 2.7296221 -2.645883 1.3107302 0.019280318 -0.38009378 1.2795165 0.822833 -1.2116174 -1.3562092 -0.59043384 -0.9737383 0.5600985 0.010113903 0.6894934 1.045058 1.0062227 0.17698047 -1.3453978 1.6352366 2.094457 -1.3068651 1.4910957 -2.281838 0.27994075 -1.2263769 0.40396482 1.7049273 -1.492261 -1.0378157 0.28684053 -0.7232995 -0.7410918 -1.8145303 -1.2269189 4.136493 -0.5076297 -1.4519547 -0.27772272 -1.6397222 0.07401167 -2.7891686 -0.99295795 1.0115869 -1.2802858 2.739013 1.0920244 2.2220979 0.4213226 -2.5628557 2.158062 0.014295081 0.2032931 -2.5504913 -0.4079725 0.86580163 -1.530163 0.7022952 0.7413842 -0.73979646 -2.1742854 1.9491926 0.9912994 -2.2415483 -0.17441234 1.0536126 1.4910623 2.4272132 -0.94024646 0.43115002 1.703011 -2.3159077 0.20028755 -0.37072843 0.38006166 2.2203329 -0.99334455 -1.4856671 2.0871878 2.160501 0.8004037 -0.52738065 0.478206 -0.20916854 0.5133468 1.7815003 2.2285943 0.6289264 -1.4855478 -0.81828153 -1.0054319 -0.59275097 0.9215037 3.060011 -1.6102443 -2.7986956 -0.88872063 1.7312274 -1.0651034 2.9383278 0.13793275 2.7899835 2.9583642 -0.8560774 0.54528755 0.080927014 -1.4634539 -0.5571845 1.8483385 2.281699 -2.1493387 0.50253016 -0.3258631 -1.9690086 1.1410713 0.88654256 0.581682 0.047568142 -1.7860564 -0.34030807 1.2939746 2.1810367 1.494101 1.2151312 2.2920117 -2.4928463 -0.8087827 -0.040961158 -0.8915222 0.84218204 -1.0522566 3.948456 -2.4515648 -2.5241785 -1.3555729 -1.4990252 -0.66777056 2.6574404 -3.1840172 -0.99335015 1.9026384 1.3948768 -0.20813172 -1.0340073 1.4415071 -0.045559153 1.2935058 1.5657071 2.3108392 -0.7014418 1.4295937 2.042861 -0.17482498 -0.31022283 -1.815669 1.169037 -0.40326068 0.11824906 0.9631698 -1.8135365 1.2505504 -2.8740284 -0.67232245 -0.9320858 0.05337722 0.5112588 -0.68586695 0.29956108 1.3214276 0.6698285 -1.4894676 -1.8759284 1.8849074 4.3948193 0.66437584 3.3101056 -0.7256842 -1.1693147 2.0256424 -0.20449072 1.2712098 0.45346576 0.9029586 -1.6935859 -1.0000815 -1.582966 -2.119002 -1.629211 2.9956353 1.3402511 -0.41939113 -0.71657616 -0.1958538 2.2336757 0.37106293 -0.2072708 1.1126657 -2.1896646 4.1321797 0.19506796 0.37071615 1.0873834 -0.27574375 2.0843914 0.223395 0.6690083 2.1884694 -4.4905505 0.48511449 0.24324767 0.014239597 -2.0513177 1.0814462 -1.8735443 0.5758496 0.29781085 0.14040442 1.1959502 -0.32274193 1.6640776 -1.572651 -1.8531574 -0.87266254 3.7011845 -1.3632094 1.4088279 -1.0912831 0.21020943 1.1891263 1.2481524 -0.41888988 -1.2921685 1.2686064 1.4308507 -0.6753543 0.25330922 -0.9377306 -3.805731 -0.80685276 1.5738678 -1.2033863 -1.1318343 -0.6842789 0.20769702 -0.45257574 -2.206868 0.15018007 -1.8887969 0.69738615 1.3132517 2.7031615 0.41533786 0.8635615 1.7209297 1.0370866 -1.8313721 0.7967574 0.30726445 -0.97462004 -0.96080834 0.48243243 -0.25587565 1.1375915 -0.5224915 3.1811306 0.7535197 1.638684 -3.7442303 2.9197226 1.5228122 -0.3623707
orange -0.20292963 2.026831 0.12523057 -0.6254102 -4.674333 1.2311156 -2.2315748 2.6273348 0.71529627 0.04645541 -1.2225175 -1.640006 -1.7476734 1.1904792 -1.8400586 -1.5627712 -0.98871696 0.35610184 -0.8765573 0.19176014 0.074456446 2.30633 2.8055701 -2.6462326 1.8438485 -0.23910885 -1.8998102 0.48858806 -1.8418156 -0.7949343 2.0960417 -1.0654545 2.1205323 1.0904452 -1.8314811 2.0249016 -0.20637241 0.80125093 -2.3623667 -0.7054106 -0.22706193 0.15676245 2.1168618 -0.37144724 0.9029368 0.89231765 -0.49666607 -0.7614431 0.6872072 1.8933628 -1.8793652 1.3810741 -1.8698664 1.2950275 -1.1038306 1.0365139 0.41690797 0.40017822 -1.7919314 0.7684153 0.6741459 0.4847084 -1.8362589 1.0859158 4.1977544 -0.7256329 -1.80363 2.0528245 1.0209478 -1.3238996 -2.6574955 -0.72311056 -3.9046361 0.13087301 0.9251777 1.7334355 -0.06920243 -1.405853 -0.8413306 -0.34854564 -1.6262909 1.428141 0.25483522 2.6396186 -0.53176874 -0.36417487 -0.7693052 -1.0322304 -1.0678662 -1.2367892 -0.9260923 1.1826818 -0.37497637 1.4571844 0.50103337 -1.616357 2.8363955 0.015807431 0.46033782 3.9133651 -1.7477651 -0.7919936 0.39358383 -0.19938605 1.6943517 1.6459907 -0.06507909 -0.34883925 -1.0559102 0.28008515 -4.0399857 0.6021688 -3.3190758 -1.5074358 0.49285403 2.346161 0.99789375 -0.58314353 -1.1549653 -0.89637625 -3.0958323 0.22022799 0.42013562 -0.7423332 -1.7332091 -2.0303278 -0.7325252 -1.009908 -0.26353657 0.61951846 0.37074232 0.4984269 -0.68371993 -0.59234375 1.4800372 -0.86163026 -0.20921049 0.087153114 -1.0947644 -1.8878882 -0.6151768 -1.2506982 -2.1838076 3.518567 2.1173973 -1.483922 -0.9424275 -2.9698524 -0.23190542 2.3376098 2.4176888 1.336223 0.8758324 2.5309577 -0.42726368 -2.7549212 1.9986076 0.13271803 0.5445083 -0.56468743 1.5297093 -0.77835995 -4.099919 1.4306844 -3.3461978 -1.0406061 0.7366959 -3.4495926 2.1026483 0.16633333 2.712277 0.5458442 -1.1033176 2.9599764 -0.07461419 -1.181239 0.2785243 0.08390484 -0.32154018 0.79851294 0.82946086 -0.55989945 -0.97415 -0.5940377 -0.29223388 -0.10684974 0.042525213 0.12799998 0.7727537 -0.53614324 -0.83972406 -0.91956985 -0.07414995 -0.07284588 -0.7770075 -2.1200807 -0.6763929 0.7422054 1.9469854 -1.8857392 -1.8943223 0.5853042 6.315801 2.3293986 -1.0938468 1.256217 -0.7419249 2.8952854 0.6791814 -0.36723223 1.5014077 -0.34725264 -3.0140586 2.0035295 -0.09439664 -0.5816419 0.50899583 -2.1370616 -1.4326984 -1.7507164 0.67840457 -0.8377156 -0.094166875 -0.57727176 -1.4200566 -1.8293383 -1.8810315 1.46539 -0.4112508 -0.33851704 1.7238486 -0.79107076 2.2068832 1.1485878 1.7302564 -0.08972229 -3.9924643 2.5829809 0.5092349 1.5705585 1.5027717 -0.13319202 -3.84949 0.88555956 0.32734463 -0.9020943 0.9425941 -0.013429942 -2.1434748 0.97470903 0.61073446 -0.5706237 1.5660964 -0.21695329 2.1513991 -1.442677 0.16345772 0.3409383 0.34655118 0.63969815 -2.254756 -1.4181157 1.285495 0.24970362 -0.69875747 0.3658362 1.8905277 -2.0689754 0.78472775 -0.24370342 0.24375403 -1.4931335 -0.78805035 -1.3762323 -1.1750661 0.31114712 -3.0230472 0.40038455 -0.03679876 0.5535268 1.8012239 0.44352117 1.2741188 0.25766426 -2.9850664 0.28293562 -1.1163148 -2.2933877 0.3921243 2.0617757 -0.44412857 1.1549546 0.11593837 2.2055924 -1.2821374 2.8479054 -1.9228134 -0.18077233 2.9327488 -2.6221566
tobacco -1.1036237 -0.26059636 2.087888 -0.7278726 -5.0698004 -3.7395601 0.96470696 1.9291916 1.2708195 0.019764215 -0.9992288 -3.6442683 0.8696183 1.9325987 -0.80468607 -0.37047508 -0.50459874 -1.289814 -2.802011 1.8932488 1.7862575 1.7037991 1.2304442 -1.6681443 0.20783618 0.60321146 -1.6615738 4.34668 -3.043687 -2.7826293 2.8301954 -0.44614244 1.8028468 0.8291794 2.0081325 0.39625868 2.8188798 -2.2823715 -2.8982513 0.1931561 -0.7717419 -1.4675918 -0.94030505 -1.9421436 0.08838292 3.2453675 -0.7337505 0.44147354 2.3024015 3.1752348 0.4794265 1.4070777 -0.11839232 -1.2665356 0.6422874 -1.0636773 3.9960947 1.3644122 1.3799678 1.7621676 0.111621685 -1.9275538 -0.39985406 0.363655 2.3542054 1.2905654 -3.7327414 -0.10499484 -1.9571625 0.31445217 0.5619017 0.48323444 1.2943153 0.5538259 0.93695796 1.3369416 -0.5525601 0.09303217 -1.262933 2.3651462 -0.2107032 0.22262804 1.0312169 -1.9069871 -0.5220842 -1.9945415 0.14813459 1.0157773 -1.2259221 -2.855706 1.185323 2.4311924 -0.94225705 0.9106435 2.327504 -0.34904414 1.3264204 -0.07294528 -1.8125246 0.902179 -1.7912074 -0.59957135 -0.31032684 -0.3066706 1.2733805 0.874848 -0.959745 -0.5213125 -1.0699474 0.861514 0.45056328 -0.46172312 -1.6628151 -0.6351087 0.26662615 1.365937 1.3366582 -0.18488614 0.33892056 -0.59962845 0.03892033 -1.0281112 0.82534546 0.8020341 -2.3203454 1.4459084 1.2036453 2.6698012 1.3408716 0.33393136 2.512959 2.7679563 -0.17418478 0.79011595 0.7298734 -0.5511084 1.8833363 0.932005 2.8922956 -1.6589724 -0.71991086 1.1873316 -0.7735301 -0.17547835 2.16035 0.709672 -0.9884626 0.49636096 1.4387876 2.2457762 3.4020631 0.3793649 1.4480958 -0.8385763 -2.564957 -1.8890685 0.9746124 0.7204611 -1.2222668 -0.4030387 0.7560032 -2.44984 -1.372601 0.16269094 0.3871926 -0.2814996 1.2124006 -1.5421226 1.0826464 3.0011814 1.351599 -0.8465365 -1.8649021 0.91614294 -0.28138292 0.8925418 1.0556991 0.49545377 -0.009985517 -0.4265918 2.4590983 -3.500944 -1.6137594 -1.0452256 0.9322365 -1.7180345 1.1221559 -0.13229345 -2.8517294 2.8520753 -2.3611896 -0.6624972 -0.43093804 -0.32301456 0.37576112 -0.9602603 0.5703543 -0.06876405 1.2256765 -1.8196214 -3.0370965 -0.6595435 2.1268315 -0.42812574 2.2416217 0.56658566 -0.43332344 0.04042793 2.6653183 2.6694515 0.50778884 -0.43456662 -0.63528824 1.3927864 -1.1410277 0.3487302 0.07457442 3.0158212 -1.4121014 0.9347817 1.1820213 -2.3717773 2.9873085 1.0454729 -1.3222713 1.750028 -0.73022664 1.6940538 0.7733262 3.919044 1.0295949 0.15181293 1.3769516 2.625407 -0.41031057 0.37324998 -3.4043498 1.2704971 0.27213007 -1.3000703 -2.9219563 1.2540677 -3.27383 2.3728213 -0.6144533 0.5497722 0.5152644 1.5489912 -0.53984874 -2.1890757 -2.1107717 0.23308407 1.7444031 0.51038784 1.070931 -1.637285 0.104909934 -1.0199783 1.9883665 0.9584748 0.6699713 0.35497466 0.3457931 -0.40154126 1.6283256 -1.7173231 -1.8904359 -0.115551345 1.3499945 -4.07468 0.3049384 0.5489447 0.83745193 -1.8432442 -2.1090448 0.53175056 -4.6637216 0.48086235 1.5840652 2.1791925 4.636577 0.33258408 2.300393 1.0196742 -3.451237 -3.88567 -1.9691107 -1.4003067 -0.8419474 1.0552006 -0.5997584 2.9242232 0.97377396 0.52440286 0.23321086 1.679851 -0.21293592 -2.5847805 2.0513215 0.7887463
blackberry 0.6782491 1.8841593 0.36913395 2.0626314 -2.605758 -1.1574996 0.948859 1.950341 3.1602218 1.2458948 0.4496216 -2.8653433 -2.8815227 2.4719486 -1.4894433 -1.9063209 -1.3379303 -1.8377404 -1.934845 2.362424 0.90569794 -0.042674094 1.1806302 2.5377314 1.6343263 2.1177108 -3.543489 0.58816326 -1.9762176 -1.349284 2.3530092 -1.1973848 -0.36985672 1.9580901 0.24515139 -0.32217064 2.1429715 -1.4449333 -4.752727 -2.799203 -0.6756715 0.25355262 4.6366143 -0.72781235 -2.148016 4.405306 -3.558195 -4.3875055 2.262124 3.1439545 2.0073667 1.6834147 -0.8680464 -3.7133853 -1.192425 -0.5608179 6.1951604 2.0965538 -0.9353655 0.7672285 -1.1765645 -2.1598246 -0.87524575 0.07018928 2.9761577 0.9508492 -2.5449278 -2.2004814 -1.9793596 2.808756 -0.60804105 -1.0379171 0.30151114 -3.0493507 4.2773023 2.5633597 -0.03776453 0.7288202 -0.61958694 -2.3369617 -1.7841274 -1.9052569 -0.34628737 -1.4678704 1.0293673 1.9971124 -0.3909211 -0.5702656 -0.43018726 -0.042555023 0.6453912 -1.1859748 -2.3192832 0.39080042 1.7802223 -0.9257329 1.1940069 0.03298541 -1.1671687 3.5405812 -0.91963404 3.3146052 -0.2791049 1.9222213 0.10913815 1.1139605 -4.0060263 -1.4356323 -0.13824268 -2.4819422 -0.80668926 -2.6999962 -2.3606274 1.7349526 2.829468 3.3124974 3.4211693 -2.593694 -0.5017353 -1.8955029 -1.1740626 -1.1246728 -1.2550681 -2.0529563 0.8168452 -4.417392 1.1630225 -0.116558306 3.9617293 0.4639885 1.5780851 2.8306773 -3.0045035 0.23220484 3.657441 -4.2559896 0.47461787 -0.62266254 0.23157763 -0.086946055 -1.5564786 0.20886657 -1.7894195 0.26011312 2.0817907 -1.4167533 -1.6280036 0.25661236 2.4400752 2.222407 0.51704 2.4273343 4.7330976 0.44681495 -1.3097016 2.6721432 3.667404 -0.18275207 1.1313502 -0.72807175 4.0368314 -1.8964071 -2.8735156 0.485909 -2.3449438 -2.733929 -0.07974321 -1.4942051 -1.1769401 0.14173111 0.16841346 -3.446114 -0.7117839 -2.4065442 1.136547 0.33234513 -0.9002861 -0.893883 0.19222292 -1.3329171 0.7498368 -2.35204 -1.3930141 -1.5579053 0.41075543 -1.6949494 -1.7976737 -1.1719799 1.2915193 4.914713 -1.6858131 -1.8445799 1.0308545 -0.4525693 0.30119058 -1.9508655 1.9493868 1.3227711 -3.061573 -0.81509584 -2.9391587 2.537574 0.83638287 0.615545 -0.95963055 1.9145881 5.2702265 1.9426469 1.844967 3.1847966 -2.3189366 2.495249 -1.551687 -3.360322 -0.5725778 1.2143537 -0.30572203 3.4480321 -1.3740603 -2.469541 -1.4613954 -4.7914066 1.9179897 -0.1116178 -1.9333737 1.7964605 -5.3735485 1.3146 0.14997755 3.9566882 -0.36601734 2.912008 1.5350171 1.2741127 -2.7687027 -1.6300772 -4.8592834 -0.08087222 -0.3812738 1.3314308 -1.7220833 -0.6256739 -2.6325378 3.6982388 2.845157 2.9947686 -0.112955324 -1.7762741 -0.33885035 -1.6716454 0.5406797 2.1136837 2.578008 -0.6633771 -1.292465 1.9701055 3.453943 -2.3410602 -0.35296318 -2.170575 0.44161725 3.7333078 2.0966232 1.5155143 1.0692732 -2.0900805 -1.2548634 -0.05775689 2.1117508 -4.761257 1.6963285 1.7334816 2.4602914 0.8501146 -2.647522 0.33527038 1.0186645 1.291229 0.5195211 0.7350254 4.433344 0.34276816 -0.27947122 2.9966402 -3.4055068 -2.9983258 -1.0976489 -1.5296363 0.73422205 -2.3610988 0.59531665 4.297841 -0.35832542 0.4226376 3.8982546 -0.07129059 -2.5618525 -0.4313113 4.569419 0.17327142
oak -0.39572555 -0.62025136 0.11123329 -1.6826577 0.46478334 -1.3131347 0.74271435 -0.58531165 3.6862407 -0.17547624 -0.38977355 -2.0373502 -1.490575 2.2331927 -2.5498707 -0.5827409 1.4605225 -0.44260502 0.38100156 -0.37891036 1.2479013 -0.08436339 0.7469496 0.32726806 3.9656181 4.2260113 -1.4414914 1.8910869 0.64742905 -4.9430866 2.26804 -0.054832995 0.96645683 2.3506777 -2.9896564 3.2839305 4.435117 -2.581901 -5.2236958 -1.6964418 -1.3329527 5.1986866 1.6769341 -0.86997783 2.5828824 4.76823 -1.2357357 -0.43577057 -0.3172822 2.1285753 -1.3514737 2.2763898 1.6956185 0.9178744 -1.6892813 -0.59663916 8.103768 1.6059897 -3.3369675 1.4729271 -1.3772838 -0.8753643 3.1532385 -3.1155412 1.6850113 0.69492215 0.495724 -2.7815096 -1.6035087 2.1704836 -0.30172956 -0.9257675 0.83147085 -1.02944 -0.21661702 0.15871356 -1.6104398 1.0447074 2.552065 0.9779228 1.478806 -0.5886777 -1.9996008 -2.0162072 1.3328385 -1.3699294 -1.6662651 -0.6058907 2.356349 -3.3745186 -0.84660864 0.7464086 -3.9915607 0.050510127 0.8430659 1.8804957 -0.18516688 -0.53248286 -2.2893558 -0.43917608 -2.4583108 0.55128247 0.5794024 0.22542888 1.7944949 -0.161419 -1.389767 0.6607757 -0.9748555 -3.5596347 -1.3433181 -2.995468 -0.05362455 -2.365502 -2.115101 0.75855124 1.5088291 -1.1210002 0.4200923 -2.6696568 -1.9009087 -5.160419 -2.121467 -0.8351368 -0.71275586 -6.0737786 0.67447126 0.2688303 1.4083945 0.20864841 4.2840333 1.2526629 -3.8707802 0.008918152 3.7106102 2.7424574 -0.40995625 -3.5749464 2.2470584 0.3985587 1.6307449 2.55319 1.1291142 -1.8427513 -1.8447336 -3.3131313 -2.357991 -0.057855796 2.6219254 5.18259 -0.21475449 4.979171 4.4080877 -3.6617668 -0.023290472 1.3857825 4.203754 -1.3379498 -1.8988216 0.35092223 3.9006567 -2.3175488 3.910521 -0.36938542 0.59942174 -1.6314502 -0.65801907 -0.090072446 1.3117874 -0.35687298 -3.2379198 -2.0645502 -0.5652795 0.51453364 -2.0492976 2.1393263 -0.5554195 0.9157913 -1.6806846 -0.749734 4.018511 -4.5830116 -2.56617 -3.976518 -3.1458328 -0.80060786 0.58308256 -1.4231886 1.5543945 1.2918527 -5.055391 -1.9107033 -0.70680255 -1.3797649 -2.590044 -2.2047145 -1.1033107 2.9140632 -2.7034442 1.1789273 -4.7549567 4.9853005 1.2472636 0.86670554 0.94562334 0.48578984 1.4907899 -0.21522573 -0.4895626 -2.105 1.1400887 1.1939775 -0.64326555 -0.0094018355 -3.306978 0.62760514 -1.0986195 0.98929846 0.8700293 0.79068136 0.4453904 -2.0970116 3.1717908 -0.6450504 -2.8993287 0.25432488 -5.4965525 2.807949 -1.639949 4.663029 0.007976027 3.1244524 0.90616524 0.7327909 0.3502433 3.3539953 -7.060616 2.3086276 -0.007839047 -0.036904246 -1.3523613 -1.4881594 -1.9586833 5.0546517 2.1734319 1.1052387 0.91876215 -0.6134296 1.2809105 -4.49063 1.928129 0.5731868 -2.7466702 0.9188492 2.301717 -0.42400372 0.92960954 0.021131344 0.55452985 -1.40222 0.7902308 0.5220209 -0.66991574 -0.30885452 0.3373198 -2.5053003 -2.6298347 -2.9379315 -0.32592735 -3.0019505 2.8992133 0.42463216 1.5961648 -0.12737402 -1.387348 -2.9130316 -0.98790693 -1.4678591 4.408767 0.7806785 1.044096 -2.0445318 3.947478 4.2784467 -0.6789149 -1.2439227 -2.1921897 -1.2959483 -0.8329458 -3.859653 1.2194777 2.1763537 0.38638276 1.8282372 0.16672736 3.4341135 -3.06301 2.4174445 5.567099 3.0871522
peach -0.1470786 0.76831263 2.8459983 1.2456759 -3.7385507 1.5110078 -1.0048224 1.6921895 0.02529139 0.65681684 -1.9194508 -2.079453 -2.406582 0.6518219 -0.15392625 0.40547505 -2.8966212 -2.3184469 0.25859144 2.8303018 -1.239102 -0.14019081 3.3325217 -0.9297836 0.3193017 -1.0812204 -2.528896 1.6114215 -2.9424243 -2.5007558 1.249144 -2.902799 -0.85591674 0.5436005 -1.2660694 2.9138048 0.47338763 -1.6202164 -1.1913809 -2.311269 0.7768124 0.78082 2.9150522 -0.048886016 0.6784735 2.342684 -0.30924305 -1.2699441 0.286811 1.5298343 -1.1044836 4.5714664 -0.5535264 -0.51141316 -1.500398 -0.14529127 3.9028354 -0.36297798 -2.6527245 -0.5016968 1.3089665 -0.0836844 -0.80535406 0.5496633 4.952645 0.22237869 -1.9025896 0.8588656 -1.1388142 0.7209998 -3.9844127 -0.925721 -0.5352448 -1.2881851 4.5008497 0.25987622 1.2538226 0.92297167 -0.65034825 0.7919671 -1.5362446 1.071057 -1.9069993 -0.23324521 -1.6943654 -2.1474376 -1.4849472 -1.4180058 1.3182696 -3.710754 0.44949597 -0.74794626 1.1509583 1.5858347 0.40953758 -1.124503 0.71391535 0.09350036 0.5575447 2.230017 -0.0099981595 0.42352614 -0.80722994 -2.3490498 2.5207121 3.1666148 -1.5670418 0.05452858 -1.3526254 0.9850228 -2.7881925 -1.1728003 -0.10964499 -0.8474637 1.4866828 2.1173623 1.6366799 -1.1643622 -0.9986676 0.40688604 -2.0836391 -0.5492953 0.85807985 -0.94319546 0.39164528 -1.7617772 0.02952097 -0.84696245 0.8773692 0.90663135 1.5401331 1.3831838 -1.377579 -0.47872603 0.5206431 -0.086640276 -0.1461868 -0.32082337 -0.45695075 0.45443246 0.1924162 -3.298995 -1.207563 2.7809827 -0.5013388 -0.7394018 -0.44851616 -2.0750282 0.49543226 1.0193917 0.52461463 0.88105416 -1.3280171 -0.79650486 2.1996186 -2.3356159 -0.11026859 -0.17587268 -0.32911697 -0.06819097 -0.11814672 -4.414574 -3.5910242 0.37866515 -2.6281717 -2.659758 -0.6069461 -4.107362 0.19186477 -0.22060743 0.9625703 -1.1852269 -1.2864797 2.6460116 -1.0694143 1.1353935 0.53100866 1.0370872 0.7110205 -1.4957259 -1.0444611 -0.23995858 2.5360487 -1.8431324 -0.946953 -0.57483757 -1.0847011 0.6999939 0.6051948 0.10547237 -0.04055081 0.280455 0.16911197 2.5179088 -2.548886 0.3406837 0.8344175 0.9794123 -1.03107 -2.9621353 -2.6384907 3.1166544 5.4848723 1.8863509 -1.3606606 0.905615 1.2397457 0.9286319 0.20168054 -0.17996359 -0.81508803 -0.3018492 -4.0874653 -1.8248906 -0.038436223 0.87110823 0.65601087 -1.7310737 -0.92546356 -2.0704699 0.67073435 0.30656946 1.3613118 -1.8249025 -0.116967395 -0.3088597 -2.3353047 2.106582 -1.9180259 -0.7790369 -0.24560985 0.35898754 1.5608128 -1.5418129 1.9434268 2.480521 -5.600424 0.5975228 0.61798936 1.5254573 -0.8116476 0.22652616 -1.4498556 0.021995177 0.7533164 -0.09511729 1.5831301 1.0954132 -1.7687229 -0.430317 -0.3343687 -0.852894 -1.8686578 0.6389538 -0.57148033 -0.1976168 1.5301279 -1.0795931 -0.9034807 -1.1563404 -2.6210496 0.36665222 1.5017004 1.4127599 1.0031974 -0.43851534 3.9044676 -2.3703794 0.45745027 1.7369905 2.580982 0.3977303 -0.3207608 0.15344112 -0.7660737 0.068803884 -3.4670968 1.0216565 1.8356446 -1.6617081 0.51723206 0.015315038 0.13320662 0.56887233 -2.578718 -4.307087 -1.8829201 -2.0617814 -1.6760997 0.95398754 0.5143911 -0.23673242 -0.44203642 3.7523289 0.70718294 3.2678263 -0.25037378 1.4968867 0.736748 -3.8541555
coconut -1.8303214 1.0689266 -1.6187978 0.4183556 -1.8003048 -0.3443141 0.04379993 4.7113943 0.45878762 -0.7887393 -0.9578087 -3.2868316 -3.5689354 1.0988191 1.633467 -0.36870703 1.64643 0.8848702 -0.911665 1.475193 0.69545007 -3.691966 1.2827265 -0.29734424 0.9282195 -0.55443823 1.3483148 -1.82048 -1.9429802 1.17782 2.3571453 -3.0953035 0.6224086 -2.0598752 -2.3472047 0.36607918 -0.21992268 -0.93755317 -1.2940603 1.1174446 -0.12012975 -0.6876408 1.9687878 0.6588378 0.421997 0.42012957 -0.21196726 0.45954156 -1.1198285 0.407047 -0.11479035 3.4461322 -0.47266272 1.3015847 1.1640888 -1.3659505 0.051550742 -0.26900315 0.38212496 0.9188927 -0.028122213 1.4840195 -1.4746708 -1.5031441 1.5871928 2.810185 -0.18793838 -0.2850114 -5.6024733 1.7970104 -1.1354449 1.527874 2.2774746 0.17647249 -0.69748116 -2.4074874 -1.7592211 0.7977366 -1.8966378 -0.8067981 1.6393657 1.487307 2.034942 2.1979115 -1.3822604 -1.657281 0.23672253 1.1132427 0.87449545 -3.718279 0.58713996 1.0026004 3.142337 -1.5097861 1.0720315 -1.9374061 0.44340116 -1.8533517 2.0788474 1.1113081 -4.519246 0.34379783 -2.352037 -1.5202028 2.6846526 -0.35657945 -1.5554242 0.22129743 -0.08665978 -0.39345607 -1.0604444 -2.0776093 0.6264479 -0.6718715 1.843712 0.35049534 0.52416235 -3.3158278 -1.4393027 -1.6880395 -1.9600908 0.19798167 2.590552 3.7303648 -1.5665786 0.23801477 -2.4169483 0.19336197 -0.9021308 1.5938611 1.3622069 3.3864152 -1.0743899 -1.314997 1.0985867 -0.635623 0.9868341 1.533084 -0.32046297 0.07721861 1.8536063 -1.1253483 -1.8142015 1.1998577 2.6512725 -0.7814673 -0.3645989 -0.118358806 0.6273174 1.4217285 1.5702512 0.52238744 0.32969463 -0.5559048 -2.3805091 -2.8272724 -0.81591177 -0.0045473548 0.6738386 -0.094213024 0.61030126 -1.6534247 1.932396 1.4133208 -0.9501994 -0.98980284 -1.2515388 -2.6376796 0.52059984 -0.27806848 2.6847377 1.8264911 -1.139707 -1.5458546 0.89387655 -0.9739533 1.2221614 3.365382 -3.233978 0.94139785 -3.9480093 0.38077658 1.6373327 3.3539498 -0.13665128 0.3162294 1.9101825 -1.2066811 0.14996396 3.0448723 -1.1178278 -0.032488942 -0.34569106 1.1664346 -0.8067272 -1.3183227 1.175193 2.0694609 0.9505053 1.4330672 -2.2501948 0.9523348 2.1730254 -0.28811347 0.34421888 1.3616592 -1.2076801 -0.7043024 -2.3296921 -1.5936881 1.3762473 -1.5201974 -1.0547293 1.6606228 -1.2139014 -1.8628657 -1.278164 1.7848407 -0.40457886 -1.8357775 1.5298572 0.85498434 0.3735384 0.40159714 -0.7852353 3.569949 -0.48236388 2.1274042 -2.7216234 0.4430984 1.9396412 0.73169684 2.2524736 -1.5276217 0.6653717 2.199707 -0.44195673 -1.0154613 -0.52513784 2.582376 0.34752804 0.7525062 0.0742577 0.69938165 2.0268583 -3.1237583 -1.230762 -0.23752712 -3.6525407 -1.8560768 -0.59257656 -0.51303774 -3.1203547 -0.6714623 3.279149 1.239727 1.8840162 -2.2026072 0.86680734 0.15755798 -3.0405056 0.0874158 1.6550618 -0.20459712 -2.454638 0.15689233 -0.2255829 1.7653066 0.5554734 -0.7156988 -0.79444474 -0.9670539 -1.6494665 -2.9291735 -2.0948262 -0.38930193 -0.33842358 -0.73922116 1.1062677 1.136341 2.1231306 0.36209083 -0.91693544 1.0703135 -1.5911982 -2.1349504 -0.38942885 0.26565635 0.19148359 1.1858375 -0.6667967 -2.5695157 0.28548235 2.9167278 0.26697072 0.8333557 -2.7330081 3.123233 2.7836158 -2.7879617
incense -2.2316844 -0.97331375 1.1937635 -1.9666051 -5.7135897 -1.5290909 0.039078638 4.502861 0.33024684 -2.3998237 1.8438811 -1.0514522 1.5643152 -1.0171818 0.31669495 -0.8218736 -1.0583202 0.17722832 -1.6855478 0.3198351 1.175931 0.96023464 0.97251654 -3.7117267 1.3846883 -0.81914943 -1.7290318 1.917609 -2.2180622 -1.6361371 1.3092034 -0.23815937 4.4372077 0.643059 2.1367 -0.78222436 1.5648233 -1.7748729 -3.2118123 1.1639051 -0.0448998 1.3813642 0.47741303 -1.900583 0.9754011 1.8708464 -0.22916245 -0.28507197 -0.36537522 -1.0350919 0.80000293 -0.1717888 -0.7460271 0.2148971 2.024017 -0.20320626 0.8798505 0.790182 0.8249011 0.8093764 2.3197613 -2.2213776 1.5318575 1.5407846 3.871514 0.4049153 -3.4149609 0.9788278 -1.4557399 0.04068152 -0.1326211 1.277231 -2.911329 -0.82473105 1.8112122 2.909617 1.82585 1.1133195 -0.67057186 2.4530778 -2.3080122 0.20942378 -0.50123405 0.5065688 -1.67038 -3.0401533 -1.1927311 -0.47335643 -0.52113646 0.017184425 1.0938134 -0.22789517 -2.2954972 -0.17248584 2.4060533 1.1584879 2.6986482 -1.3824333 -1.3388476 0.54441875 -1.9651252 -1.9044546 -0.2990021 -0.33098826 1.9695017 0.19120358 1.4173554 0.4266542 1.3754076 2.4605482 2.4669898 -0.9963517 -2.4542136 -2.6009276 -0.44396877 0.27135655 1.0608449 0.016761439 2.0693848 -2.6555402 0.09078152 -2.345144 -0.24758567 -1.3172337 -0.06568625 2.266283 -1.6893482 1.8633218 1.2538849 0.20361897 2.0142257 2.915204 -0.28030366 -0.072531566 -0.5733622 1.7162821 -0.6690667 -0.047708604 3.9667673 -1.523044 -2.166518 -0.9996878 0.4183641 0.40116972 1.503479 1.8539506 -0.1610515 -0.33502313 -0.7433384 -0.14725919 2.7877734 -0.253416 1.939936 1.6589831 -0.3007543 -1.4249848 1.1453357 -0.86523557 -3.9008574 1.0606235 -0.5864905 -1.337415 -2.0842452 -1.246802 0.8159284 2.4680645 0.61891055 -0.2704983 2.0193036 2.2635725 2.881008 0.09034037 -0.9858258 1.6307095 -2.1353924 0.77530557 -0.8011053 1.6209764 1.8431053 -0.2268574 2.8346229 -2.7698364 -0.05009414 -1.2769921 -0.940544 -0.2732095 0.26218253 -1.0917044 -2.0856228 2.3023548 -0.70380586 -0.9676408 -0.58090377 0.41366553 1.6167842 -0.14457567 -0.946572 0.13177907 0.14907485 -0.8239187 -1.4967188 0.8334695 2.4056897 -1.6344633 5.2648015 0.85313904 -0.3404009 -0.4183199 1.578536 1.8996726 0.73624676 1.3032792 0.76323587 1.7644244 -1.2366828 0.64421695 -2.9013221 -0.16471837 0.74721736 -0.7554243 1.3820837 -1.7886527 1.5904256 0.5865684 -0.8465691 -1.1718963 0.2752668 1.4025544 0.33421865 2.1726406 1.368292 0.9061604 1.5313334 0.7713043 0.23571445 -1.1908867 -0.7950215 1.2605113 0.68057746 -2.0352488 0.30357057 1.2717993 -1.1483866 2.321078 -2.211173 -1.5199637 2.53932 1.5572163 -0.35358188 2.4736607 -1.668483 -1.637597 1.685526 -0.67747515 2.2435699 -2.538202 -0.3227393 0.38883194 4.341749 3.078047 0.9275088 0.76012653 -0.11299971 -0.9837745 -0.31467342 -0.4153781 -1.0971707 0.47424045 0.0445001 -1.5904143 -1.8318768 -0.9062795 1.4084998 1.0548141 0.8773835 -1.1120346 -3.1240103 -0.78631604 1.6870692 4.9596868 2.8570676 0.75095314 1.361674 -1.1888312 -2.2066607 -1.1876675 -1.4044484 0.24227104 -2.3171494 1.6991986 -0.4275891 1.2324259 2.1726038 -1.1810154 -1.7127119 3.6122534 -2.1386418 -2.0588036 -0.39175624 2.0545077
raspberry 0.27666694 1.8431202 -0.3144525 0.67151886 -3.2322605 -1.3918372 -0.50084287 2.6123428 0.8908125 2.084042 -2.152034 -2.6162012 -2.2159843 2.1295853 -1.1817613 -1.6562623 -1.727825 -0.57670695 -1.0413232 1.2746061 1.6319113 1.4140273 2.1652088 1.2054332 1.9827315 0.32584 -1.8990992 -0.5270744 -2.9377487 -0.21119887 3.1209679 -1.8193004 0.1834602 1.0284507 -0.51023144 0.99805623 0.9336479 -0.1588521 -3.6029973 -2.759528 -1.0533112 1.1888083 1.6954751 -0.7635534 -0.022209173 3.1991177 -2.5830462 -1.6233275 1.0280141 4.030865 -1.114213 2.7296424 -2.5370278 -1.605405 -1.0797845 -0.5064381 4.0884066 2.2086983 -1.2165961 -1.1713258 0.7077187 -1.9936011 -1.0184202 0.72638094 3.8367064 -0.43863225 -1.5762771 0.421186 -3.263691 1.9928004 -2.666064 0.2945626 -0.62513435 -0.28945786 4.8362393 -0.35332447 -0.252776 -0.89207023 -1.9012294 -2.3482378 -0.08212152 0.91317564 -1.0576012 -0.9674259 -0.8039899 -0.3060678 -0.72909456 -1.2883557 -0.3596935 -0.73413557 -0.16333753 -0.12944354 -0.33603445 1.3813654 0.95102865 -1.1234225 1.6822132 -0.4740775 -0.2752999 4.3075213 -0.72897404 0.2960184 0.3408258 -1.1670262 -0.3650628 1.6999283 -1.7285386 0.31526494 -1.3530828 -0.5658115 -1.559894 -0.8029387 -2.5550423 2.190166 1.58626 1.4132228 3.0997047 -2.497646 -1.44384 -1.331729 -1.4455211 -1.6511728 0.37125596 -0.40266892 -0.7557687 -2.5899243 1.8341247 0.7641953 2.2525196 0.63490427 -0.6754593 3.0584335 -2.4975595 0.4673588 2.9384034 -2.1549437 -1.289992 -0.008210767 -0.2998414 -0.29009974 0.019473536 -0.24504857 -0.5320058 -1.0105821 1.3489208 0.009430901 -0.35152265 -0.15327041 1.9546742 1.5126294 0.819518 2.2913964 2.0637536 0.5379375 0.13395315 0.42786914 1.0421636 -0.27752846 2.2695887 0.5201203 3.147345 -3.319997 -2.8440266 0.1483933 0.05198414 -1.4308102 -0.524246 -3.2750354 0.5170437 0.4667308 -0.22998439 -2.6797562 -0.75458264 -0.78464246 0.7134526 0.39635092 -0.53433555 0.8674078 0.8229134 -1.1804099 -0.104853906 -2.191288 -0.36247346 -1.5161037 0.09443044 -2.5669148 -1.1946242 0.06293004 1.5798708 0.8827156 -1.1398771 -2.1831493 0.58903134 -1.2539229 -2.8593426 -0.72561514 0.992371 1.4805865 -0.6092233 -2.4085858 -2.5028663 2.6717808 3.1999617 2.9590173 -1.4740752 0.82035 1.6702564 3.2511058 0.6147803 1.3076 -0.9172991 0.58484364 -2.530026 -0.9686992 -1.8583682 -0.84143126 -1.4000047 -0.08693861 -0.60096234 -2.0872006 -0.67997676 -2.9173608 3.6398652 -2.3186612 -2.3329718 0.58295953 -2.9003487 2.6071606 -1.7779135 1.4818168 0.32130334 0.7617299 1.578416 1.6324143 -0.066621065 0.0596458 -6.258946 1.0258278 0.03583228 2.1162682 -1.4692613 -2.318206 -1.5010753 1.7925744 1.7952261 0.859813 -1.7220565 -0.19078216 -0.19143763 -1.4480327 -1.2086737 0.07773584 0.19499561 -0.5625172 -0.7789316 -0.45134267 2.7886395 -1.1936028 0.29988778 -0.5842627 -2.1671188 1.8883057 2.3580203 -0.56089807 0.9792594 -0.21630226 -0.26154873 -0.730053 0.10096801 -1.290934 1.8122791 1.3673062 1.8247336 2.2369301 -2.9078915 0.0084998105 0.19218598 0.65186644 1.8955907 -0.69728833 2.2941875 0.4298425 1.4965769 2.53025 -1.9654181 -0.5992196 -0.633878 0.14833647 3.8506377 -0.25971952 -1.0165544 3.076251 -0.9141088 1.2413548 2.0149946 -1.0303502 -1.3221318 -0.5874729 3.1646724 -1.560648
almond -2.7180173 2.1636384 -2.1404364 -0.5921821 -1.4880434 -1.4093633 -0.46658117 3.390832 1.173943 2.8803976 0.5595479 -3.8909585 -0.80359507 0.6441014 1.367415 -0.30465138 0.27707648 -0.11789189 3.4368632 1.4259081 0.954029 -0.3106567 2.702518 -0.7056605 1.807706 0.8147241 -0.79926485 0.9820533 -3.7598996 -2.936424 -0.58464843 -1.6555923 -1.120548 1.281578 -1.3830954 1.1485652 -0.1655327 -0.1474106 0.45611602 0.7781349 0.32697985 1.5226982 0.056978446 0.5280507 0.2923815 0.5091641 -0.96129036 1.2877977 -0.4453618 0.7344617 -1.4650831 2.5177822 -0.5868466 1.1652355 -0.23033576 2.261383 0.6073125 -0.9406095 -3.0177078 1.7448541 -1.4030344 -0.42784458 -2.0746295 -2.0840387 3.654394 1.2394731 0.45931232 0.25416487 -0.61024827 0.36571485 -3.8645308 -0.043858536 -0.6310294 -0.6180635 2.7151332 0.21553053 0.28077117 0.3861241 -2.5990782 -1.1165836 0.16260578 0.20612137 -0.00963566 -0.2353037 -3.6577737 -3.1404014 -1.2942201 0.9114977 -0.49051392 -1.5641313 1.9388448 2.5904331 -0.34083724 -1.003386 -2.972506 -1.7848716 3.6908906 -2.5192223 1.082097 1.79078 -1.4435533 -0.21767348 0.36271363 -1.6943893 5.160925 -0.68600154 0.51430994 -0.62893194 -0.8177863 -0.5720237 -2.2213569 -0.8612026 -0.4241022 -2.106424 0.3100311 2.1849153 1.4263513 -2.519376 -0.6626429 -0.18410799 -1.4352108 -0.70407844 1.3576338 1.1111542 -0.7321343 -0.33752525 1.0041168 -0.52340406 -0.99886215 -0.36320573 -0.5491284 4.6683354 1.2955102 0.23987325 0.4512982 -2.5999775 1.8916005 -1.0181266 0.039084967 3.5649252 0.9816852 -0.22671655 -2.0517316 1.6686318 -0.03244065 -2.7325654 -0.06598433 -0.73424584 0.0036327965 2.9811108 2.4043176 1.9458253 1.1775568 -0.03498157 -0.18005109 -0.9039432 -0.7230075 -1.0175723 0.37833205 -1.834963 0.81998545 -1.7692958 2.0149143 1.4828565 -2.922044 0.07176642 -0.25328386 -1.9736086 -1.3833324 -0.007974458 1.2280483 1.6964151 -0.19325323 -0.7999551 1.162854 -0.7510732 1.6516572 3.8870833 -1.8350375 -0.7409932 -1.2547715 -0.5380542 -1.3480203 -1.6823262 -0.10408091 0.059428096 0.13433932 -0.64819115 -3.3169756 1.4557296 -2.3024712 -1.6670907 -3.0929444 0.91879815 -2.7697208 0.65439636 1.2567698 1.8328086 0.04712514 -0.18333851 -1.6900973 0.75122017 5.00654 2.173382 1.6837198 -0.41468763 -0.4814909 1.2788303 0.7459046 -1.8954895 -0.4265435 1.3706876 -3.0775917 0.8624804 -1.8338463 -0.32865566 -2.8695636 3.5889304 1.1950053 -0.14841911 -1.2963403 -0.9415384 1.9788892 -0.24003525 0.51638854 -0.2922571 -2.3968127 4.585246 -0.8888538 -0.21507837 1.2425001 -2.5331068 -0.9863621 -0.071419574 2.877502 1.587708 0.49836305 -1.327731 -0.57079065 1.3936546 -1.8695357 1.1868882 -1.7129685 2.4456155 0.38592803 -1.5641259 -1.3927433 -0.17706011 -1.3591794 1.509323 -1.9268738 -0.8588572 -0.29503295 -1.3328769 0.17640556 0.6448339 1.8735765 -1.6293944 0.34510413 -1.1397089 -2.7906272 -0.99073416 1.6244643 -0.17420234 0.8045753 0.77089655 -0.25909206 1.3406487 -0.096247435 0.46085292 -0.78850234 -1.5972493 -0.24446265 -1.5934219 -1.7969769 0.886873 -0.077900775 -1.715821 0.39055052 0.2346944 0.2983771 -0.21580927 -0.54221034 1.1772667 -0.3663002 -2.2956605 -2.0737083 -0.60960126 1.282625 -0.4727635 -0.5081765 1.1882313 0.49215642 3.8055627 1.1448363 -0.39653426 -0.96739537 2.8903873 3.1925578 -0.24482214
lavender 0.49955404 0.7810443 1.3599797 -2.2595925 -2.270836 -2.0363169 -3.5491323 2.9836884 1.293396 -0.011371268 -0.63015735 -2.1140752 0.60759413 0.55842096 -0.05597315 0.20629106 -0.9207189 -0.6326392 -0.83010995 1.8484952 -2.9718013 0.38553274 2.2577198 -3.2593586 2.4274344 -0.26003817 -2.551407 1.683317 -2.579965 -1.9039818 0.1944812 -0.64274365 4.1583505 0.23868822 -0.005432037 0.22721179 -0.39428696 -1.9493791 -2.8540266 1.2569634 0.41166955 -0.094845004 -0.7317178 -4.201639 1.5704079 1.1433163 -0.11803567 -2.048725 -0.53068507 2.0444489 1.0427476 -0.36508846 0.6426173 -0.22998062 2.460238 -0.8015386 1.4114245 -0.28986427 -0.57895017 -0.87596405 1.150651 -0.8624483 -0.6165518 1.5852573 3.38089 0.0563559 -3.2952638 1.7798426 2.7342572 -0.055044927 -0.22059841 -0.15031826 -0.47621465 -0.25480768 1.4318254 1.7664089 2.0764346 0.83814055 -1.1865021 -0.6339594 0.32196504 2.0929353 -1.2923216 0.25654116 0.5182398 -1.5274206 -0.018038655 -0.715086 -0.06536355 -2.2904782 -0.69222456 -2.0848715 -2.9171093 2.9490461 1.445447 1.4156306 3.2354248 -0.2952239 -0.82066005 -0.20791514 0.023286708 -2.0470293 -0.3384561 -0.62362224 2.1465087 1.8275672 1.3916802 2.5073245 -0.9888459 -0.107591935 0.75237894 -1.062812 -1.9887795 -1.071726 1.6503217 -0.11110073 1.1006814 1.1937208 2.15127 -0.410493 -0.79927874 0.56848496 1.4131006 -2.1686823 -0.34031135 0.5664182 0.94581515 -1.1490728 1.4398676 0.54145193 0.9195842 1.4407563 -1.3201311 1.8529694 -0.6420858 0.35418862 -0.20859456 0.1410635 1.8592997 -3.2623687 -0.7709408 -1.1081978 -2.8166249 0.7801558 3.2843876 -1.6142548 -1.2734495 -1.440637 -0.85138583 2.220948 3.0063283 0.56247485 0.36147538 0.29292563 -1.8552562 -2.3558881 0.4516688 -0.11296382 -2.5858202 2.0000465 2.5352883 -0.41746894 -0.21975623 -2.230023 -0.6184992 -0.52963895 1.7090807 -1.1418121 2.1085424 1.3405702 2.4836714 -1.1780595 -0.37636498 1.3246403 -0.033585187 -1.5089413 2.34197 0.28698295 0.17033677 -1.6621408 0.35043618 -2.3606648 -0.5467074 0.09738893 -0.23301463 -0.63987416 2.3329597 -0.2768095 -1.043627 2.9999092 -0.9052198 -1.6459785 1.8084624 1.7032831 0.7518211 -1.6488059 -1.1230812 3.2643597 1.1150541 0.2013358 -3.0951853 0.43904167 4.5923047 -1.1361297 3.8854368 -0.95691895 -0.61007136 0.4002437 0.772777 1.2939173 -0.42560866 -0.9640237 -1.7818334 2.2383623 -0.25215107 0.734388 -1.0654552 -1.277519 -0.6190701 -0.94729435 -0.15085314 -0.6364859 -0.5371666 -1.5248435 0.2964584 0.30557975 1.8460841 0.40875563 0.34969774 1.6326929 0.3438301 -1.8656822 0.9322688 2.179324 0.46949947 1.1118742 -0.21544364 -0.731729 -0.39569327 -1.2911656 -2.4035425 1.0819241 -1.2852595 2.746801 0.083948076 0.700845 -0.27236238 0.8219675 0.17256077 -0.7197963 0.42607975 -2.7623637 1.1001004 1.0706948 2.0269237 -0.2448796 1.0083302 0.10993689 4.086367 3.0556502 -1.7162473 -0.6117425 -0.81948525 -1.3285115 -0.53147805 -1.6695191 -1.3965538 -1.8325961 1.4537227 -2.0185244 -1.4690917 -0.9372258 0.77791554 0.21453412 -1.1266184 -0.5777621 -4.5144453 -0.19399177 2.7155395 2.8499997 1.4861226 1.0253406 0.8700384 0.6171792 -4.146717 -0.21792054 0.2451671 -1.5640032 -2.5400374 3.2140365 -0.22249787 1.8312873 -0.6146053 0.16152366 -2.6392686 1.8542826 -2.6361725 -1.6999356 2.4226408 0.13588151
cologne -2.001901 -0.003807812 2.5251653 -2.0014727 -4.379071 -1.8627685 0.24494793 1.6615219 -1.1940284 0.6303289 0.91777766 -0.095049374 2.8193395 -0.0027237993 2.3664427 -0.5505582 1.8735763 -2.2050962 -1.2249662 -2.1216035 -0.7876358 0.14141905 1.3110396 -3.370265 0.4543037 -0.977293 -0.42056936 -1.06434 -2.075889 -1.5694606 -2.4507298 1.5721942 2.0841906 -1.8367331 2.1526997 -1.6961551 0.21138857 -3.2478964 -0.79448676 1.4539565 1.4640509 -4.214913 0.63179153 -2.1743538 0.0511385 -0.03697182 -1.4654952 -2.6962888 0.42074686 0.21263766 1.5615531 -0.6887294 1.9362562 -0.58795255 1.1246413 0.39165092 0.43918675 -0.4110028 2.5088816 1.2764548 1.2413535 4.80053 1.0515721 0.5373644 -0.45232806 0.159983 0.6474678 3.8113945 2.2348993 -0.1701004 2.038806 2.669196 -0.899068 1.9385972 -2.9395883 1.4340849 -0.38919026 0.100168124 -0.49634084 0.084542274 1.4158145 1.231028 -1.7500784 -0.6796584 0.27844793 -1.4310836 4.6902037 -1.219802 0.049563356 0.29011703 -2.7444353 -1.7310727 1.1346552 3.4850821 0.6265137 3.6059704 0.28401095 -0.41709343 0.19936742 0.086638406 -0.29413486 0.741671 0.77954435 -3.2946227 -2.1636121 0.435782 2.2780423 1.7835902 -1.452982 0.33719373 1.0551805 -1.8354949 3.3315475 -1.2352662 -0.18926345 -0.41418013 -0.9761961 0.17219806 0.8775405 0.06535946 -1.1174688 -1.2939434 0.105556995 -0.39063054 2.0707126 0.7528719 -2.923949 -1.0771315 -1.3189732 -0.20940489 -0.091195464 -0.11130072 -2.794206 1.6898402 -2.3937483 -0.53842884 -2.819987 -4.3139186 -1.4960595 -0.4727617 0.028770778 -0.601185 0.074275285 0.9238081 0.5954627 -0.65588623 -0.91279095 0.33328953 0.36265758 -1.0919825 0.6252485 -1.9663571 1.4144335 1.9116968 1.4904886 -0.6410641 -0.14588918 1.396738 -3.6180878 3.1938257 0.2750458 0.38615417 -0.9339342 -1.9625442 0.58204395 1.646476 -0.18302117 1.1420373 2.7484586 3.1276035 -2.0810297 -0.7439348 -1.8796737 1.9024702 -0.21960855 -0.66090554 -0.78938144 -2.3181148 1.1761377 0.12158729 -1.1812493 -0.7174562 -0.8775353 -0.74456006 0.09864112 -1.8565671 1.2837555 -1.9565487 -1.5867034 1.1856823 1.9999154 0.507081 0.052248627 0.10873788 2.029531 -2.005758 -1.6741148 1.0298623 0.4742785 2.4793923 1.0409296 -1.0740538 1.896349 -1.8855519 3.5366797 -1.7362838 -1.8363231 -0.32194814 0.1024597 0.44088146 -0.49262515 -0.99415785 1.5304135 -0.71599805 -1.7702832 -1.1831579 -1.725237 -3.5998173 -4.031153 -0.23372535 2.6356828 -1.8915459 -4.424649 -1.345537 0.8810638 -0.26083523 4.3550777 -3.713289 -1.211193 1.5053676 1.2442408 -0.42977992 -1.8389548 -0.094605796 0.34096572 -0.259458 1.774909 1.231429 2.3695686 -0.068792574 1.9167893 -0.8503574 0.53058916 -0.14056124 0.6176763 -1.8275133 -1.8290359 0.9828939 2.1348958 0.4689091 1.6129798 -0.74953693 1.4789155 1.92968 4.498663 0.12465266 0.8276195 0.16812073 0.7644449 3.6473143 1.116586 -4.0082126 -1.7405077 0.59005636 -2.5345252 -1.3474374 1.2488716 -2.2458792 -1.7448969 0.37154606 -0.28688443 1.2374108 -0.744754 -3.003808 2.5946803 0.6827919 -2.5151505 0.3611352 0.64499176 0.9123648 -0.25460306 1.5057433 0.1060104 0.4358111 0.005571637 -0.7034533 -2.2532787 -0.5867708 -0.41618043 1.3884004 -1.7831016 4.403143 3.1402411 -1.9207783 -0.13470289 -0.48477396 -1.6296221 -2.9164104 0.21035409 0.8642841
cedar 0.37789792 -0.4780587 1.6023178 -1.4740999 -3.1332664 -1.8020152 -0.678866 3.755135 1.5009859 -1.1544634 1.3352176 -2.0319934 0.8913978 0.33821493 -1.1420183 -0.9413858 -1.679648 -0.06690679 -1.6292616 1.9501362 1.0168059 1.1266932 3.5648122 -2.7925732 1.3405403 0.8969793 -1.8770998 2.0890763 -4.042271 -1.3840361 2.4904826 -1.409506 3.1418064 -0.31678522 0.840353 0.12327593 1.9843413 -0.8224459 -2.0277543 0.31034845 -2.1470795 -0.0056544067 -0.9553489 -1.019439 0.35940856 2.3560312 1.2283975 -1.9376673 1.4478875 2.241358 -0.15202072 0.014549449 0.3388938 -1.331449 0.63016 -0.8433354 2.7375574 -0.61709833 -0.18924391 0.66598463 1.897415 -2.5813606 2.0780637 0.73039204 3.3000531 0.024938285 -4.868428 -0.31968525 -0.13709323 0.5487887 -0.683753 0.8927927 -0.44198683 -2.4094987 0.74394786 2.821792 1.1321194 0.3955118 -0.5426374 -0.27038437 -0.7466557 1.674313 -1.0720917 -1.6130557 -0.68146336 -1.763379 0.20914389 -0.97903675 -0.6509795 -0.81710875 -0.5580688 0.52596176 -1.2165861 1.6023232 2.0368483 1.7178237 1.8108546 -3.1302574 -0.55393285 2.1600618 -1.8335657 -0.32066268 -0.21914169 -0.027431358 1.8055816 1.7351078 0.5116604 -0.2682915 -0.27802816 1.0965464 0.01661689 -0.9808873 -1.95264 -0.744312 0.86747414 0.67090946 0.83190787 -0.75613093 0.61152166 -1.8258102 -0.8376123 -1.3990958 1.3703861 -1.2390733 0.35842958 0.35443583 0.9864634 0.27474868 2.1465623 0.53255874 2.624652 2.7229016 -0.74810237 -0.056987897 1.7235416 0.60907406 1.8917305 0.697012 2.7576692 -2.8225977 -1.7228894 0.2890791 -0.43322527 0.7756681 2.735056 -0.8962992 -1.7063608 0.5751276 0.009075662 1.9004769 3.0377257 2.2903233 1.7884351 1.074159 -1.1027356 -2.371065 0.8437072 -1.2835925 -1.6417964 0.18084115 0.75127417 -2.5600119 0.4655981 -0.70779365 -1.9146951 -0.8152984 1.7412366 -2.4406285 2.0646389 1.8457754 1.4225944 -0.43043178 -0.81478375 0.82819235 -0.56635946 0.5955922 -0.29506165 -0.45640025 0.76389813 -1.2455292 1.7863585 -3.378358 -1.6908046 -0.81514126 -0.35046014 -1.2403238 1.0235713 -0.48471388 -1.5766594 2.703803 -2.0512145 0.40385383 0.9583873 -0.29535386 0.74892855 -2.4179273 -0.124886274 1.2246332 -0.09464769 0.26069024 -2.050189 1.0116302 2.8642306 -2.2131975 2.3992488 2.2127135 2.2099607 1.0882176 3.5643458 3.7987547 -0.978967 0.2930544 -1.5076538 1.5886835 -1.524907 0.6168021 -1.9574035 0.24796203 -0.5225695 -0.13503307 0.16438444 -2.2912204 1.9464997 0.3874844 0.4926318 -0.02795579 -2.2186103 3.1676548 -0.695873 2.629319 0.17574193 -0.18696861 3.007973 1.8116336 -0.48484716 0.629652 -2.6675754 1.3995218 1.6234025 -2.6254373 -0.71314216 2.4201922 -1.0518641 2.4016497 1.274632 0.25163522 0.56612366 1.6154425 0.8788737 -0.56939393 -1.029482 0.06296745 1.249214 -0.3599527 2.1294541 -1.2772655 -0.43000567 -0.81674457 3.0044003 0.33010402 0.24166943 1.6668348 0.7275879 -1.1740584 0.9951576 -0.4044784 -3.7749555 -0.30939996 1.4829521 -3.1837757 0.05144915 0.09042544 1.2168342 -0.105275005 -1.6616664 -1.3213837 -3.7764091 -0.012981558 2.5362573 2.440984 2.7503557 0.73730123 0.695369 -0.531106 -3.3397028 -0.967595 -1.2790112 0.53137034 -0.5801334 3.0187244 -0.9912874 1.7005862 1.8605211 0.20389603 0.44773257 2.3929381 -2.567668 -0.12551032 2.6990514 1.2012033
cheese -2.6777632 3.1437392 -2.066152 -0.8574366 -1.4827961 3.7837405 0.8348466 3.6084213 0.36100492 -1.2886306 0.41297245 -1.0271983 0.38744026 -3.2872996 2.0043466 -2.075029 0.3555612 -0.8165722 0.89807105 -2.3337264 -1.3101783 1.9543661 0.7579669 -1.5476363 1.1582845 1.2390511 1.9768034 0.16882236 2.3315299 0.21072297 -0.39893013 -2.4333549 -0.57311153 -1.5243406 0.15655199 1.5799415 2.0517526 3.351124 -0.1865077 0.27226394 -0.81600475 0.029327672 3.276861 0.612562 2.2310884 0.84891164 -0.68765634 2.3973536 0.5330218 1.2594637 0.56182295 -1.0215132 -1.729608 0.2950369 0.76453704 0.9115755 0.4604949 0.24752507 -2.5144851 1.7585458 -3.2772756 0.75069606 -1.4382275 -0.83820355 0.6538755 -2.2475338 3.8414814 -0.44375387 -2.6458843 1.4310334 -0.88548344 -0.81318516 1.6912409 -1.2802576 0.82079655 -4.102508 1.0636393 -0.38228467 -0.97299135 -2.3049173 0.44665036 -0.44842297 -0.7596751 -2.049298 -1.4824929 1.1087427 1.2629757 1.7899528 2.001996 0.0878054 0.51226103 0.05977287 3.2052555 -0.0024158936 -3.9960513 -2.8271322 2.6585827 -0.73447907 3.8493936 -0.7282595 -1.6685809 2.1229646 3.0414135 -0.77800316 0.36192968 0.20711814 2.1703992 -0.23503782 -0.48905313 2.1702955 0.17440578 -0.6022303 1.9020702 -1.373027 1.3931469 0.2469975 0.21785036 2.8861682 1.92564 -0.9383165 -2.369886 0.28753877 -0.5382036 -0.983583 1.8418038 -2.179663 2.7415597 -0.14813723 1.7491715 1.9713717 2.5232222 1.342735 0.9742377 -0.88552445 -0.21355812 1.3103117 1.3080423 1.1376183 0.894184 -3.2022288 3.8844924 1.4883637 -1.2260389 2.8760512 -2.0159194 -0.66146314 0.48260587 0.27434734 -1.0685726 -0.4483765 2.154696 3.0670073 0.65154696 1.7077341 0.15379786 -0.07195284 -2.1278925 -2.7497742 -2.0015566 -0.05209733 0.23136786 0.07094479 1.6158903 -2.7191577 -0.065550804 -2.3526525 0.11742901 -2.745154 -0.21655935 -2.7377913 0.379377 1.4415568 1.247223 1.1177443 -0.7483086 -1.9502486 2.2976255 0.7580222 -0.05027573 -4.9458585 0.11216412 -2.6189032 1.9004492 -0.49485913 -5.5878353 -0.902884 0.86487323 -2.2542708 1.5793997 0.37483832 -4.708552 -0.2622214 0.026865693 0.69735163 -0.82215923 -0.94838065 0.49264994 0.42383125 -1.5548457 1.4083099 -1.8589582 1.9444512 0.20041417 1.4746855 0.38941884 4.4851804 -1.4937603 0.7054395 1.9399868 1.9051832 -0.377486 3.2066061 4.0534334 -0.2731634 2.1187048 0.5685358 1.2284507 1.569435 1.9536918 -1.1496308 0.62526816 -1.3203428 0.90520495 1.8462178 2.8164496 -1.0643067 -1.5488255 2.5370572 0.025421709 -4.1501727 3.0161343 -0.32073292 0.010480165 -1.2329372 0.66302115 2.2838552 0.8355956 -2.347918 1.0222521 -1.7476203 1.6927233 -2.4480546 1.8656571 0.36022362 -0.89430684 -1.3743848 -2.4342313 -0.9543486 0.6296349 0.09004485 -1.037448 3.3318717 0.23839855 -2.4197152 0.6834962 -0.7056631 0.28891784 2.2186916 -4.3905663 0.34826392 -1.5065984 3.650921 -1.3910286 1.2203407 0.15553248 0.049635604 -0.01713604 0.68828297 1.1624694 1.8262963 -0.29137468 1.2072616 0.52952695 0.65491605 -1.7508806 -1.0069311 1.0201607 -2.3561914 -2.0030942 0.27554348 0.6507785 0.32460338 0.9120358 1.027944 2.127017 0.59001434 1.4165435 0.75025964 -0.20774582 -1.6971376 -0.9760484 -1.9039978 0.5988229 0.734449 1.9916688 -0.21493272 -1.7046924 -1.3459642 3.3228943 -0.65875494
mint 2.4594896 1.5900133 1.2424507 -2.163287 -1.197438 -1.2152511 -1.233798 1.8439424 0.53097916 -0.054651156 0.504112 -1.353357 -0.40283304 -0.34699258 -0.9001673 -1.4300345 0.73451644 0.41239983 -0.8587867 2.7043774 -2.1557915 0.04284372 2.2603567 -2.0693674 2.2841344 0.0739988 -1.090875 -0.4376844 -2.3733535 0.09843961 3.2957957 -1.894107 0.8379986 -0.21348703 -0.4182346 0.020782884 -1.6029376 0.69001734 -2.5754852 1.572183 1.3290889 -0.9448758 -0.80404305 -0.40332475 1.7234588 1.6840059 0.42454755 -2.753483 1.8019798 2.5984528 0.3357283 2.3273249 -0.5013233 -0.795427 -1.0734497 0.008177437 3.4528534 -0.7849083 -0.4624518 -0.7194173 -0.066113405 -0.3254255 0.21726291 0.66304684 1.3882527 -2.5922759 -2.6998677 0.72089916 -0.84540427 2.2330217 -2.953251 -1.2975827 -0.39221647 0.7772734 0.5210591 -0.2678849 0.5102216 -0.07421559 -1.9505403 -0.85707223 1.1853038 0.3277215 -2.1209202 1.3261675 -2.2744904 -0.5834507 0.36419067 -0.6449317 -0.42890865 -3.125428 0.5220769 -0.20998771 -1.969606 1.5922487 -1.0399017 0.12040031 2.6482706 -0.84359807 0.7977818 2.0088284 -0.68923295 0.070733115 0.1229381 -1.5903716 1.5129274 1.527161 0.17169678 0.6773296 -1.8850833 -0.64706737 -1.4590262 -2.6145756 -1.9905494 0.9780569 1.9717115 0.46814963 -0.34043556 0.12973216 -1.4978421 -0.4020294 -1.4912939 -2.2005768 1.3710048 -0.9848787 -2.4672873 -0.6183982 -0.20114857 -2.4082952 1.7339004 2.0217245 -0.09726342 1.2162862 -2.541566 -0.12116787 1.0627582 -2.1525168 -0.6275408 0.8827647 2.1324542 -1.788879 1.148687 -2.3902586 -2.4958014 0.2785192 4.2789974 -0.41220424 -1.4401975 -2.2535043 -0.19391805 1.644408 3.8894174 1.2346658 0.6275314 0.7255108 -2.036853 -1.3356957 0.88395286 0.584838 -0.4416365 0.9887978 3.5595944 -1.9132478 -1.6981773 -1.5147772 -0.7043836 -1.0243217 0.74303085 -3.2186956 0.7254225 0.37369037 0.8748093 0.3273827 -1.0333964 0.46222165 -0.7074902 -0.77240753 -0.3210841 1.9571521 -1.9682429 0.4146045 0.760111 0.17751332 -0.6719378 0.610685 1.2156569 0.5669191 2.504789 0.1694054 -1.1415865 2.9103072 -1.6113855 -1.8264157 1.6812522 -1.0871558 -0.0739254 -2.4657764 0.503596 1.2279316 1.6037773 -1.1594738 -1.7023661 1.5044124 1.0930195 -0.08683259 0.43985617 0.5841671 -1.0017095 0.8479251 -0.44260144 1.4177978 0.8420541 -1.7917119 -1.1704534 2.1650305 -0.27837282 -0.19285703 -2.231336 0.6651627 0.50907046 -1.0783587 0.6238483 0.4686969 1.0622947 -1.2934419 0.31940356 0.3928738 0.2087515 0.9433285 -0.051970303 1.1340848 0.699707 -0.08423836 0.8223388 1.2565094 -1.082863 0.23148799 -1.9645 -0.04219065 1.2826748 -0.7299065 -1.3273579 -0.9587139 -1.5718249 1.9490464 1.3758316 0.7269593 0.009536014 0.2107827 0.32484317 -1.8221173 -0.65365654 -2.6822226 -0.13311966 0.64930093 -0.05971221 0.41700396 1.8777828 -0.6042937 1.1666685 1.2348816 -2.3389606 0.6427208 0.20384486 -2.2272758 0.3270934 -1.7907243 -1.2914627 -0.33964735 0.14755157 0.19602495 -2.1602983 1.6318501 0.09450908 -0.4944184 -2.9358842 0.7247253 -2.0915985 -0.40547445 0.42046806 1.0761279 0.9846809 1.4037703 0.7956372 0.40125993 -3.3446224 -0.5927218 1.9925834 -1.2336411 0.7588074 2.8327878 1.3655353 -0.2214222 -0.70987326 2.566902 0.48838186 -0.22529586 -2.103358 -1.6408622 0.9429504 -2.0844655
popcorn 0.08598347 2.3822448 -2.479261 -3.5124812 -1.6226826 0.75469744 -0.7571498 0.48277214 -1.4375613 -3.0392025 1.6983339 -2.152532 -0.02328172 -0.7770344 -1.1501206 -1.0549166 0.21124655 -0.35461634 0.37165254 -3.184494 2.0237978 -1.360729 1.091988 0.3982904 0.6376786 -1.0976002 -0.20547472 -1.3018696 1.3133801 -1.5222247 0.08604427 -2.333092 -1.2294618 -2.3205216 0.70827186 2.1243782 0.114986494 0.46276736 -0.105864234 1.1730237 1.024827 -0.744355 -0.5433387 -0.0146252215 -1.9273442 0.0192041 -0.75526726 3.1365507 0.865417 -1.7476721 -2.163161 0.73349065 -1.4539707 -1.018197 -2.081277 0.38513398 -1.6505082 1.229992 -0.8936624 3.6143558 -1.3029169 3.6515334 -2.8243222 -3.4874547 0.056328863 0.0051574167 3.8670335 -0.21608415 1.9534271 3.7504683 -1.040471 1.1551927 -1.7961695 -0.28068802 -0.35027722 -2.238357 -1.7968143 2.0787265 0.1520519 1.0598856 -3.3681712 -1.8755705 -0.43076476 -0.56409234 1.076964 1.4915011 0.29931158 1.6873257 -0.79546046 1.9098592 -0.3349439 -1.4723942 -1.342874 0.85885787 -0.7565696 -1.2472508 0.7141601 -1.0353826 0.8335884 -2.1898391 -3.9457865 2.7745645 0.8703368 -3.3537145 3.2035484 -2.2846065 0.93708014 -1.3932372 -0.4848434 0.83434725 -0.049340338 1.3235875 1.6675267 0.48174882 -0.7511337 0.7106273 -0.35716692 -1.0733654 1.8391261 -2.5792396 -1.3406256 -0.85455716 -0.5311398 -0.9213496 2.6877332 -0.5487703 0.18504407 0.3007985 0.30399454 0.15635858 1.7578114 2.00451 -2.2505834 -3.3108237 0.8350874 -0.78666544 -2.6890645 1.020297 -0.2219838 -0.17533132 3.1711848 -2.9142768 1.1781477 -0.780956 -1.4775562 1.1661065 -0.70518494 0.48873112 -2.5208423 0.29651994 -0.46046942 -0.21200761 0.35119995 1.0606629 -2.5476065 1.7281182 -1.2496861 -1.2021949 -2.9739583 -0.042730205 0.42744896 0.2900138 1.8944547 -5.4198065 -1.6905272 -1.3330047 1.0291724 0.4465741 -1.9988029 -2.8474026 -0.7648667 -1.4673705 1.7960008 1.015262 -1.3607728 1.5179914 2.2287674 0.84829885 -0.1384907 -0.5836387 -0.24097477 -1.2745286 -2.5056403 -1.0657402 -3.2753592 -3.5967793 -2.010842 -0.6341699 2.2319343 -2.2348988 -1.3021696 1.8531562 -3.0902522 0.8741878 0.3087161 3.057866 1.3657687 1.9722569 5.189926 -0.038470093 -1.4327428 1.8978298 2.7827928 -0.11370905 2.8180974 -0.598912 -1.6928406 -0.034510892 0.42874655 -0.7890268 -1.4342017 0.6149131 1.3062515 1.8674932 1.2822561 3.2110693 -3.6068125 -0.7925557 0.50594664 -0.90937346 0.7317375 1.9887129 -1.3183584 2.6203048 3.5391362 2.0865402 -0.5922136 3.3021982 1.2075944 -1.9685973 -0.55557716 -2.862993 -2.135452 -1.788505 2.5429668 0.95887566 0.6391217 -1.6193938 2.4039018 -1.439588 1.5316995 -2.9864454 2.1804328 -1.8989279 -0.17352818 -2.8690147 0.6581236 1.270607 0.2211109 -0.95489866 0.50880146 1.8974403 -2.98285 -1.214524 1.5042344 1.2540783 -1.39945 -1.5054117 -1.4694798 1.6710845 -0.8750204 0.30767864 0.15956458 0.84408987 -0.389431 2.237781 -1.9251628 -0.14185421 -0.028545449 2.337043 -1.8269848 1.9401009 1.7436278 0.038405772 -1.7389691 -0.36759862 4.073075 -2.0575151 -2.0250401 -2.5000114 -0.8215011 -0.7932294 -0.41902995 1.9443716 2.1320167 1.194866 -3.0416598 0.65714276 1.9240222 -3.6606297 -1.997629 -3.3442204 4.90912 0.080485284 0.30276412 -1.5357093 -1.1720841 2.1167998 3.898685 -4.126132
bread -1.829551 4.121805 -0.41115767 -3.9436111 2.6505923 2.3702345 1.3336735 3.4176364 -1.231651 1.3596095 -0.7446023 -3.159238 0.2955264 -1.3511145 2.803008 -0.94993824 0.801334 -1.0081742 0.77011615 -0.3538071 0.055003893 3.420921 3.3333366 -0.6998223 0.16193505 -0.3744463 1.8000447 1.0401406 1.1515782 -1.526841 -0.33603695 -0.65822536 -0.7003193 -2.0355358 1.5276854 3.2926707 0.8505897 -1.7647568 2.8869169 0.9762081 -0.64714766 -0.030640526 2.344717 2.247606 0.9121157 -0.985756 -0.08485707 2.8940468 -0.5291642 1.5130522 1.7818488 3.4331353 -1.1523182 -1.1581218 0.23098372 -0.53424275 -0.16968732 -0.21659613 -3.232459 -0.28812632 -2.7792168 1.4887291 -3.2192814 -1.1557322 0.31854934 -1.9055852 0.7519544 -0.22546072 -1.6011055 0.6877334 3.0033529 -0.9731882 -0.1072168 -1.5181819 2.4044316 0.048420716 2.4127254 -0.1538456 -2.2234654 4.115252 -2.0477562 -0.36833772 0.81046927 -3.9739368 1.7874107 2.1127422 3.3267121 1.1557661 0.23530117 0.09296432 -1.4099315 -2.8913145 1.0601784 -1.0163162 -1.8189205 -3.1437542 -3.3533192 -0.89033157 -0.29449528 -1.6295904 -1.9374028 -0.06271123 4.0329285 -1.1661657 3.0209277 -1.926056 2.2159843 -1.980508 -1.9748734 1.42434 0.20794438 -2.5574217 3.6561286 -1.0508476 1.5206463 1.5052007 0.75060785 -0.8939182 0.5188875 0.5480788 1.6836731 1.468107 -1.0337384 -2.0634077 0.39181778 0.6594321 1.9868867 -1.0625057 -1.6961266 -0.35949618 1.986259 1.6781832 1.3174233 -3.5752375 1.227307 0.5763949 0.8912532 0.73939407 -0.01670527 0.022621432 2.1360931 -2.0808969 -0.7952564 -0.12960637 -3.0701563 -1.9430248 -1.4638989 -1.9805224 -1.2347076 -0.47677487 1.3968041 -0.79135615 0.87907207 -1.0055184 -1.9643934 1.8409013 1.0412874 -2.5447917 -2.3800402 -2.2559412 -0.006677804 -1.3498287 3.7953374 -2.129374 1.1281785 -1.5442138 -1.514119 -0.77032536 0.14574252 -1.600564 -0.3960103 0.08285523 0.7141265 1.6389945 -0.007958709 -1.0904769 2.9802728 1.4486489 -0.44871885 -1.3382403 0.7621717 2.6016004 0.50867176 -2.315461 -1.7100362 -2.4464982 -0.31575614 -0.7429861 0.31160352 -1.1615907 -0.775481 -1.2510672 -2.8179572 0.81720865 -2.9674354 1.0614781 -0.70585734 0.32124117 3.7282903 -0.47843963 -1.5325434 0.90651053 3.2023804 1.1780794 2.0548592 1.5497221 -1.1523643 2.64081 -1.6793683 -1.7385863 -1.6998851 1.3013183 0.41226318 -0.7857465 -0.09268166 -0.06113719 -2.7874014 3.809364 2.960829 0.023879567 1.5513852 3.4162457 -0.72724247 -0.27815038 5.1612735 2.135921 -0.4635687 1.05064 1.9992825 -1.4749154 4.4279017 -2.7167213 -1.5490156 -1.5316293 1.9754367 0.77392673 1.0388203 -0.9187836 -2.03174 0.31122017 2.2875245 -0.6682109 1.0202352 -0.95450157 -1.1179547 -2.6284134 -2.8207047 -0.26488987 0.2908613 0.085212186 0.6929066 3.3726208 -1.1629531 -0.1571374 1.7895335 0.6192274 0.27170873 0.09698599 -3.203271 0.26822448 -3.922835 0.40300587 -1.1250197 0.34427735 0.33591557 -1.5215197 0.95249534 -0.025986716 1.0580829 -0.099793814 -1.3272406 1.971491 1.0562285 -1.6099138 -2.8744884 1.111508 1.0635502 -1.8223306 -0.73821837 -2.6792731 -1.0358418 1.0538543 -2.5588274 0.18119998 1.2311893 0.3522218 0.11638124 0.22904664 -1.4699031 -3.782083 -2.824885 -0.112323046 0.21625489 1.6327465 -0.7851057 1.388994 -0.8189461 1.2665603 2.2003362 -1.4817815
smoke -0.8178771 -0.49318737 0.99022114 -2.423796 -3.1354237 -0.2012541 0.86129093 2.7217755 0.045703948 -0.5005569 0.2813738 -0.9380699 -0.74182063 0.2888448 -0.93455845 -0.78661454 -0.7635067 -1.2833731 -1.3516984 1.4693322 1.0628145 0.8093463 2.909716 -1.232777 0.70037067 0.5343908 -1.9739325 4.3289304 -0.8259669 -1.7751933 1.1970035 -0.20479293 -1.7060682 -0.6333645 4.147105 1.6994331 4.779265 0.36095834 -3.9727423 -0.40967482 -1.5662763 -0.028817654 0.345199 -1.7884113 -1.1927592 2.394567 0.67189366 0.29413006 0.37516487 1.2768312 -0.8788265 2.0643735 -0.44182205 -0.3223875 -2.1919057 0.57669175 2.155818 -1.15505 -0.10478659 2.7839022 -0.92438865 -3.0620778 -1.3027176 -2.0177743 2.855984 -0.35805526 -3.62818 -1.4411857 -1.6760046 -1.0195479 -0.34616986 0.084148444 1.1278936 0.6427141 1.4191797 0.10588136 0.63423294 -0.3776073 0.47902882 -0.8338421 0.5655314 -2.429224 0.7450406 -0.4907714 0.7238798 1.8906645 -0.2976574 0.9023319 -0.022054126 -1.7808868 -0.7031984 1.3000678 0.9994086 -0.28656742 3.197962 -0.5572338 1.1091851 0.6191762 -1.0318601 0.7389432 -0.6934918 1.2928662 -0.76069266 0.61465657 0.19960855 0.5471818 -0.920114 -2.1289718 -1.0915426 2.0034344 0.39668837 -1.7788756 0.4593398 -0.44526705 0.86673665 1.4251465 0.07460849 -0.7446725 -0.19876365 -0.6711009 -1.1768094 -1.4311452 0.26442674 1.3848786 0.6535551 2.588057 -1.0754427 2.163338 1.9684507 -1.1495705 2.9179502 1.3946533 -1.6213944 0.55422544 -0.785597 -0.8248298 1.4738408 2.5523198 4.205329 -1.6206182 2.2525504 0.48763207 -1.1942824 -1.1890892 1.459448 1.8608792 -0.6681794 -0.19295882 -2.0264723 1.7950085 2.4896104 1.8167211 3.07143 0.30431116 -0.6394208 -1.771281 -1.0131589 2.036289 0.12497515 -2.5498807 -0.14023511 -1.102989 -0.8168302 -0.3778065 2.8786337 -0.771649 0.94013906 -1.5612323 1.1381104 1.0451854 0.8575871 -1.3414682 -2.235075 -0.20497678 -0.30298162 1.3137951 -0.7954729 0.851094 0.0654498 -0.56762344 2.5128694 -1.8570542 0.28885797 -0.5641836 -2.8468192 -0.8347951 0.60402 0.0024663117 -0.079598755 2.506011 -3.0835218 -1.4719291 0.4915424 -0.26400152 2.3219852 -0.6550845 1.1766268 -0.9342653 -0.5915696 0.7443492 -2.0676394 2.018419 -0.3914634 1.4285752 1.0077835 0.2306263 3.361631 0.13937356 2.7181177 2.006347 0.60248876 0.59209317 -0.66513014 -1.3104268 -2.2503068 1.9335084 -0.972479 0.8978118 1.2698072 -1.7802376 0.37059847 -0.46027634 1.5778773 -1.4538962 -1.0948327 0.037283573 -4.4920435 3.7990735 -0.6883575 2.0675983 1.9910328 2.296588 0.22698767 0.9168228 0.07674342 0.12901902 -2.7034335 2.273175 1.727272 -1.0003922 -0.76833504 -0.06507109 -1.1504891 0.74492365 -2.2400281 -0.97853804 1.1855391 0.4931565 -0.95498484 -1.4958105 0.06539496 -0.19997767 -0.17744943 -2.9818301 -1.6541116 -0.4117704 -0.5130803 -0.12318729 1.2704117 0.11942694 -0.40070578 0.5715938 -0.08152684 -1.340458 1.0107638 -0.5275449 -0.3257322 0.5014405 2.2797217 -1.7744384 0.43143192 0.20607334 0.4684748 -0.10568133 -2.722181 -1.9188912 -2.8072028 -1.651918 1.3764305 2.6628094 2.1091774 0.86564326 0.17600073 -0.011448609 -4.764949 -2.5041292 1.5080345 -1.2827036 -0.4669382 -0.59684205 0.8081514 0.9391202 -0.17436856 1.2683119 4.1523156 2.1736703 -1.2439563 -0.39505965 1.1192634 1.0229735
licorice -1.1373107 2.2892745 -1.971196 -0.57434577 -3.4325728 -0.4072544 0.102841966 2.4049323 1.2272049 0.95367724 -0.3560114 -3.5493357 -1.9184957 0.6018928 -0.8136602 1.156219 -0.7358511 -0.8038855 -0.5070991 0.9814804 1.3468995 0.16644347 -0.41203532 -0.8273156 -0.9957842 2.7107475 0.37576696 0.23325439 -3.7360673 -0.9467803 3.2949553 -1.3519297 1.7517585 -0.81230676 1.5221012 0.07058396 2.1074853 0.34107292 -4.022989 -1.6360842 -2.3322594 -1.3222839 0.89989585 0.7124953 -1.1131445 2.2589312 -0.9208181 -1.0404247 1.823567 3.8986614 1.0421383 0.83676434 -0.4751332 -1.7604489 -1.3831606 0.24626738 2.706091 1.3344988 -1.3014348 0.70009804 2.0260377 -1.3616829 -0.7433867 1.2841871 1.8408612 0.01598687 -0.89018863 -2.3537073 -3.2250354 -0.30414867 -0.0911951 2.6500397 -0.54504365 0.5150973 0.25006953 -1.3791214 1.1681828 -1.4262034 -1.9595402 -2.0153167 -1.6176972 0.29805195 -1.4824717 -0.615991 -0.73455584 0.3450909 -1.2557765 1.9183867 0.47161913 -1.884265 -0.0008500506 1.9295589 -0.5629903 1.85166 2.9191575 0.3212492 2.1492474 -0.02881727 -0.71526504 2.1747417 -2.2635474 1.9895766 0.3868739 0.2413534 2.5767505 2.3646939 -1.2788498 0.8967217 -1.6356479 -0.27024412 -2.4019787 -1.9666739 -0.6950024 0.34856388 2.0773787 1.1072949 0.8244683 -1.8003079 -2.2081773 -1.5272087 -2.046461 -0.593883 0.98497516 0.52442056 -1.1795989 -1.4196192 -0.02353812 2.3991048 1.3577179 0.60612774 -0.7303463 3.7965333 -0.977884 1.2601782 0.946136 -4.3408237 -1.0364443 2.4494126 4.8204794 -0.7454004 1.757636 0.4742387 0.76595145 -0.7104403 2.0659816 2.3189795 -0.69440955 1.2486014 0.26760587 1.5117713 1.5137188 0.052492626 1.0654006 -0.06744069 -1.9339565 1.1700596 -0.7180739 0.83580315 -0.62891895 -0.17825405 4.2944164 -1.7530954 -2.7725003 -0.9530934 0.45826924 -3.5800383 1.1249472 -1.9634902 -1.7509744 0.93222 1.7452667 1.0324789 1.1837274 -0.28839517 1.4597685 0.55248344 -1.9879693 0.6616259 -0.5671743 1.2482052 1.5755681 -3.1506734 -0.88569874 -0.22431411 1.7304114 -2.0723283 1.3758675 -1.9975458 0.24477802 0.737521 -1.6001186 -2.4302964 -0.8112376 -0.5719069 0.91442925 -0.99074346 0.06519284 1.320129 -0.033708055 -2.1861565 -2.6150262 3.5243864 1.9323916 0.7182259 1.2290056 2.588572 -0.57755893 2.7860444 -0.2563342 0.29619744 -1.0204552 1.7924787 -1.7339637 0.9210314 -0.4158047 0.5135683 -2.3520045 0.7550305 1.3592479 -1.4809576 -0.68716264 0.5400686 1.0805852 -1.969568 -1.0055048 3.3922873 -3.0284944 0.7425669 -0.075671546 0.503256 0.18676282 -0.21481697 1.198342 1.9040873 1.4557867 1.051838 -3.1931477 0.027892224 2.1858342 -0.4986598 -2.352065 -0.94304067 -1.3332343 1.3623347 0.43055677 -0.38796267 0.30388775 0.32353792 0.6725905 -2.0661414 -1.9732405 1.556044 0.18185057 -1.6611109 -2.298033 0.76750404 0.23502317 -1.4578995 1.1070428 2.2158554 0.4761552 1.763475 0.16358283 -0.6846584 -0.09607437 -1.8749356 -2.3655832 0.35109276 2.0675967 -3.1984456 -1.1360734 4.3384633 0.70954335 -2.1907468 -1.4312481 -0.63947284 1.1121676 -0.21722439 0.35564682 1.1625077 1.1241964 1.5494351 1.4469304 3.8767822 -1.0884775 0.49784216 -0.329955 -1.7660047 1.1551877 -0.019416157 -0.46825203 1.2143298 1.4751467 2.8198676 1.9046892 -0.821411 -0.5692242 -0.6151642 1.3716292 0.3879342
violet 2.1415145 -1.4452068 1.3143871 -0.54023093 -3.735378 -2.322553 -2.847127 1.3017371 -0.26965934 -2.858433 -2.3051815 -3.0037177 0.033852145 -0.019065408 -0.38190258 -1.6604644 -1.043205 0.1156528 -0.4414049 2.6348429 -2.0598533 0.54979265 1.9757899 -1.9402857 0.15415469 1.5173818 -3.9925075 1.9349567 -3.891193 -1.0379356 2.3104432 -0.34893596 3.172847 1.8114294 -0.26761058 1.5924064 2.3665953 -1.3290493 -2.9241443 0.4414566 -1.199437 1.0529258 -0.89816284 -1.2348362 -0.1687727 2.7463572 -0.5439108 -1.1723173 1.9378334 2.1574047 -0.03411885 0.30276874 0.62192696 0.9927717 0.7750832 -1.4114268 0.76529133 0.93272305 -0.4516265 -0.9227304 1.4676851 -3.4181902 -1.3472245 1.7962345 3.0423882 1.0014565 -1.6697968 0.19599582 -1.2939606 -0.7213343 -0.39435562 0.16617171 -1.4010049 1.4162339 3.6267226 1.0141116 1.041828 -0.16250864 -0.79407084 0.83096534 0.8445602 0.7452466 -0.8074568 -0.706911 0.31839955 -0.89495355 -1.8486525 -0.5641338 -1.0195572 -1.8178947 -0.40723214 1.0370089 -0.8240448 0.7709827 1.6946799 0.3646338 2.0604074 -0.5547679 -0.28143483 1.8344084 -1.1636026 -0.8666283 1.5725125 0.474065 4.292881 0.916858 -0.48454747 0.6467016 0.2084503 -1.2141342 1.5778068 -2.8634155 -3.2559655 -1.0121964 0.31281403 1.5319704 1.2415259 -0.6005548 1.803302 0.5546766 -1.5427284 0.25746483 0.25049385 -1.1194682 -0.59183604 0.12744178 1.6124159 -0.32534242 -0.7174802 0.05584206 0.62764394 2.8668833 -1.4002007 -0.75270534 2.1915023 -0.47974023 0.50137275 1.5479562 2.3438258 -2.1590147 -1.2199054 -0.58149356 -0.4033296 0.45414692 2.3214703 0.6423535 -2.3623638 -1.5504398 1.8649352 3.1147325 2.8025002 1.5347098 0.60476 -0.16931453 -0.90386957 -0.71453077 1.1406759 1.4550328 0.83796483 0.24643819 0.60959435 -4.037928 -1.9714291 -2.4878116 0.33727005 0.7400899 1.71611 -2.4012597 -0.7246464 0.08158126 2.403874 -0.58875984 -0.9142712 2.156141 0.038755663 -0.31995773 -1.2218815 0.85239303 0.3641545 -3.284429 -0.16741371 -3.9512672 -0.30520567 -1.1902851 1.4708359 -0.5461204 2.2397287 -0.3006817 -1.7417696 2.2985168 1.180065 -2.7206128 1.7413474 -0.076482266 -0.28592426 -0.49245983 -0.9911055 1.6843427 0.56558585 0.1687566 -1.5087246 2.3761048 5.5014234 -0.6644886 0.9420263 -0.5536606 0.9123947 0.9383563 1.8247391 1.0269816 -0.9142319 0.14006893 -0.4610794 1.019401 -3.1004963 1.8491396 -2.8423367 -2.225624 -1.8065012 -0.88468564 -0.11091331 0.21086511 0.11194382 -1.1254656 0.025971144 -1.3926333 -0.44044086 0.56740445 1.690284 1.3007911 0.78386104 1.3600577 1.0021414 2.599448 -0.013541471 0.4879976 -2.4663582 0.61381495 0.871629 -1.1501887 -0.18486777 0.98452014 -2.5782077 2.0246444 -0.8772957 0.9014886 -0.025527168 0.09808365 0.292658 -0.74467427 -1.3453135 0.08795039 0.36648253 0.42891333 0.6928518 -1.5650723 0.40905857 0.57330567 1.7196288 3.0554986 -2.1838875 -0.0987576 0.32857338 -2.7599618 1.7337999 -1.3537745 -1.2986578 -1.3174306 0.5450173 -1.1759888 -1.0820615 -0.70159274 -0.2868831 0.70219123 -1.9886651 -0.6294021 -3.0808108 0.9822595 0.46114126 1.8896611 2.7760656 0.20839365 0.49125543 0.8372239 -2.7831268 -2.9475796 -0.8976102 0.7294111 -0.020793451 2.4365714 0.8836964 1.6389147 1.5816841 0.11834324 -0.29292393 0.83750397 -1.465059 -2.9252892 1.3284613 -0.7211436
strawberry -0.8518994 0.64212704 -1.2892681 -0.93975574 -2.3876195 0.100097954 0.5628414 0.49678922 0.26355448 0.19197199 -1.7924675 -3.1114612 -1.8530321 0.5260852 1.6602018 -1.4185579 0.05355586 1.5201819 -0.35991758 2.0589218 -0.8393565 0.7029364 2.2575493 0.2601818 2.7642417 -2.8045838 -1.7471659 0.1755706 -2.0528388 -1.2775257 2.108971 -3.1553617 -0.39999112 1.2768146 -0.9891736 1.3436843 -1.0741775 1.45451 -1.735884 -0.68475974 0.2866579 -0.6344871 1.5893613 0.90292877 1.2666242 0.6359343 -0.9148295 -0.5900792 -0.12291042 3.4342742 -0.13181865 3.0166633 -1.3751082 0.65459853 0.2908825 0.16528831 3.14414 0.1842183 -2.7112224 -1.4963264 -1.1033198 -0.24897732 -2.6900566 -0.9202299 2.770074 -0.013861004 1.0786412 -0.06600589 -3.3238866 0.66760665 -3.0246718 -1.2072842 0.024151353 -0.26361218 3.588685 -0.9716075 -0.031275243 -0.5918039 -2.1722078 -0.6972196 0.17309345 1.3337206 -3.194436 0.911648 -1.7522086 0.482929 0.19143167 -0.7309059 -0.6897272 -1.0876158 -1.4471275 -0.15649989 0.047115747 0.8040818 -2.3008947 -1.0855609 1.0354052 -0.16638784 1.0177261 3.1670544 -0.08164816 0.10077599 1.2189989 -1.8162047 0.9625815 1.0608939 -1.6912564 0.27941388 -2.155528 1.0560327 -3.2605321 -0.534624 -1.8934817 0.63831484 0.76464444 2.6440237 0.15948004 -0.56272614 0.7275856 -1.3603761 -0.54495513 0.47592628 2.214517 1.0934296 -0.21379913 -1.830525 1.0837437 -0.5854539 1.5122397 0.8855274 0.83516085 1.9682772 -2.0714116 0.5605395 2.4498289 -1.0273024 -1.2693268 0.28539488 -0.2925867 0.19885378 0.7574785 -1.1962355 -1.1253668 -0.8674259 0.4779131 0.44452745 -1.9745449 -0.12875094 1.3726687 1.1378702 0.43300536 1.3433551 0.3794915 0.8850073 -0.29484388 -0.79844683 1.9802971 0.26262826 2.8979762 -1.4001946 2.3070753 -3.68428 -2.8587294 1.0600843 -0.5518447 -0.22101173 0.4962748 -3.6988845 -1.1660337 0.55233485 0.3111614 -3.4540584 -2.8153727 1.7577956 -2.0260568 0.6042372 0.3128179 2.5994103 -1.0577912 -1.0847 -1.7260627 -0.9036641 1.3462889 -1.2506136 0.13275063 -1.3577257 0.8124569 -0.90679044 -0.041517105 -0.14535527 -0.92657053 -0.658766 -1.0283141 -1.3388476 -3.0835073 -0.03928733 1.1064069 0.9315865 2.8960295 -2.8033555 -2.446605 1.17187 3.7661622 3.326155 -2.3879237 2.0003247 1.4223633 2.7520955 -0.40559587 0.100845665 -1.1956142 1.4085071 -0.46850044 -1.0019722 -0.9070596 0.7363625 -0.6961474 0.17415865 -1.319977 -2.3699248 -0.11123506 0.3246018 2.7196975 -1.8128176 -1.1089566 0.88142663 -1.6400708 2.7531369 -0.64293283 0.7882243 2.5723562 -0.0013115796 -0.23028801 1.1553664 0.13034989 1.5579544 -4.664303 0.57968885 0.7159073 2.6556056 -0.96386915 -2.8086436 -1.9428723 0.6409774 1.0298868 -0.6200347 -1.3544383 -1.2181052 -0.76672655 -0.49081576 1.0524745 -0.85217714 -0.23748736 -0.31265524 -0.8153335 -0.70695597 3.0080593 -2.263929 -1.5229042 -0.22324699 -1.5351603 1.5421954 -0.002083338 0.93447894 0.13076797 0.5790584 1.6173457 0.102791585 -0.7878127 -2.032535 0.9270065 0.7550786 -0.97017294 1.8912705 -1.0152698 2.0544314 -2.2230132 -1.3363144 -1.1105046 -1.6970482 1.3521614 1.7174436 0.6803941 0.9978865 -0.77718246 -2.1278152 -0.76846844 1.6388794 0.8575126 -0.62737757 -2.1733735 1.3234047 -1.7521194 2.193718 2.0051618 -0.018591594 -0.9321046 1.3746476 3.4690156 -2.5257387
pear -0.3125174 1.0298852 2.8719296 -0.008311258 -3.7941122 0.9464988 -1.6568761 1.3244029 1.2561455 0.87205094 -2.144143 -2.2684941 -2.134855 0.010275088 -0.6463436 -1.1440511 -0.16902737 -1.5269176 2.4778793 1.721991 -0.11259425 -0.9118564 3.448577 -1.9233363 2.1690834 -0.21747963 -1.2084123 0.7565248 -3.0355613 -1.9465615 -0.87737864 -3.5153823 1.5613286 -0.45234475 -1.7111099 2.8928537 -0.8637356 -0.631719 -3.1388876 -2.0859783 0.018215336 1.1832619 2.6787248 -0.7737613 0.81522846 1.5342097 -0.6947808 -2.1345453 -0.5321818 2.0383182 -1.1856121 3.0772674 -0.55466884 -0.5582118 -1.8473563 -0.24264593 3.5691392 0.3253831 -1.6567799 -1.4604286 -1.2519242 -0.6782796 0.6519538 1.648413 4.2558203 -0.5157912 -0.77191406 -0.9390269 0.14159493 1.8703661 -3.921897 -3.3415923 0.36058107 -0.9748612 3.7651176 0.23091042 0.91087997 0.44924867 -0.25596604 -0.24906647 -3.4492955 1.29827 -2.6054237 -2.293304 0.6959637 -2.3202853 -0.8140846 -0.16974244 -0.07224965 -4.21944 1.1599455 -2.0053442 1.7376573 -0.15140332 -0.24993986 -1.111983 1.145247 0.4087614 1.6513971 -0.8284673 2.0707064 1.8267771 -0.15478167 -0.8844351 2.5875528 0.9697135 -1.670627 -0.25245035 -1.5488589 0.43076092 -3.303658 -0.6827559 0.39348927 -1.6143683 1.0079553 3.3122964 2.62251 -0.7358547 -1.21737 0.39013866 -1.4983913 -1.0894703 1.4694848 -0.22374669 -1.7966274 -2.9975562 1.1592742 -1.2945124 0.3248422 -0.45664504 3.2219217 2.1727993 -2.2772622 0.20894161 1.5079079 0.92146224 0.20433657 0.19354074 0.13022785 0.94584656 0.09963632 -1.9106767 -2.693281 2.4816182 1.0656079 -2.1584666 -1.999941 -1.5820284 1.2448654 2.5047698 -0.34136286 1.2901762 1.8693508 1.2771473 2.136768 -2.4661806 -0.4690285 0.6043135 -1.1190244 0.0952211 1.3762499 -2.225433 -2.0014994 0.92324764 -2.8519835 -1.6806375 -1.0608047 -4.2855 0.95794046 -1.2940127 1.6325694 -1.0377455 -1.9489338 0.06080812 -1.2275125 1.5577322 2.1012838 0.27110115 1.0338125 -1.225215 -0.16419196 0.797744 4.09408 -2.400733 -0.96202874 -0.26085722 0.26485872 0.6342547 -0.7412811 -0.9655728 -1.4867202 0.76840293 1.2546691 2.0999017 -1.5342933 0.7830895 0.2656373 0.844565 0.71878994 -1.250306 -2.8959568 1.5903563 4.77859 1.5195552 -0.48246124 3.0308077 2.7346017 0.21989948 0.37203893 1.6375761 -1.2186589 -0.72050387 -2.7069366 -2.760923 -0.36000386 1.3871009 -0.123945795 -1.0110377 -1.7378391 -1.7034372 1.8720908 -0.68568444 1.44729 -0.77386427 1.0444314 -1.373273 -3.0847929 3.0425107 -1.196206 0.12321056 -0.74462616 1.1830802 2.0191224 -2.0118332 0.8235872 0.18829222 -4.0181727 0.19764382 0.4096282 0.4895391 0.99804974 -0.2085599 -1.1797265 0.3876642 -0.373123 -0.8674858 -0.9618828 1.2344909 -2.4562404 -0.6327468 0.48868316 -1.0694666 -1.1334391 1.1142389 -0.5060542 -1.1937913 1.1434836 -0.09425382 -1.1966332 -1.2685361 -2.7434192 0.16942981 1.0677894 1.5479035 2.0319364 0.38871711 2.332048 -3.6238976 -0.4465869 2.2400856 3.1240582 -0.13922629 -0.9593409 0.41499937 -0.23185897 0.43593 -2.540214 2.2014294 2.254103 -1.6269913 0.8737509 -0.4127541 2.1432493 1.0568602 -2.0420241 -4.2129536 -2.1794004 -0.6848356 -3.2242699 -1.200179 -0.17064002 1.1332278 -0.17962688 1.142275 -0.085330635 4.722094 -1.503927 2.7509708 1.7497314 -3.6640918
pineapple -1.0309256 1.8412386 2.1018355 1.3630887 -4.5835557 0.6367475 -1.6466231 1.9409958 -0.14325087 1.4688251 -2.1337345 -2.1068172 -3.2333536 0.89947265 -0.91738653 0.31607747 -1.054318 0.19106354 -1.5442076 1.7358979 1.1055862 0.7492544 2.0363057 1.0051211 3.3938355 -0.25491613 -2.2849147 0.047797017 -2.0530581 -0.065270275 0.3317521 -4.0358124 0.3392284 1.1032408 -0.26595843 1.2143214 0.49973595 -1.457409 -2.6425042 -1.70243 1.9802938 0.3323899 3.979437 -1.3045878 1.2768401 2.3024464 -0.41197303 -1.242336 1.3086764 0.29679716 -0.49185804 4.1704373 -0.6936484 0.74073577 -2.1272686 -0.61896384 3.7011955 0.33488137 -1.5119777 0.78525573 -0.84862226 1.2363551 -0.17205425 -0.58902603 2.3037229 1.3325094 -1.3431875 -0.0048768697 -0.33732614 2.584301 -3.637572 -1.6930205 0.98164237 0.95536757 2.026711 0.6484483 0.6116889 0.57832694 -1.2860664 0.9114333 -1.6285162 2.144874 -3.053351 0.5905721 -0.7306239 -1.7122145 -1.7302912 -1.1049405 -0.060395885 -3.471499 0.66636604 -0.87047243 0.7822508 0.30422854 0.15869369 -2.137501 0.9616323 1.2571633 -0.044735286 1.9109353 1.0129651 0.55238104 -0.81637394 -0.026574433 -0.58540565 1.4419621 -1.3661107 1.0007706 -1.413545 0.9644863 -2.4367168 0.19566798 -0.98157096 -1.0592989 -0.5429722 2.5957754 0.83262694 -1.6689107 -1.0021235 -2.4751081 -1.0309896 -0.40870342 1.6003709 -0.37082073 -1.2122036 -4.0096493 0.72106314 -2.2337754 0.8925979 -0.105180345 1.1904634 2.575391 -3.1251829 0.47482938 0.1403126 -0.221861 -1.5519106 -1.2137312 -1.0757608 0.30707866 0.20963833 -1.5431561 -1.1402987 3.0429237 1.005434 -2.3481207 -1.7308416 -1.2989297 0.6886018 1.1713699 2.7070756 1.8346215 1.9365956 0.31040648 0.6896498 -3.1622128 -1.0490307 -2.40645 -0.53778225 1.237875 1.3255973 -2.1417081 -0.5907291 -0.10439135 -2.9843705 -3.2097495 -0.55950326 -2.681698 1.9753929 -0.025603645 1.6164073 -1.4182172 -0.8322139 0.062095582 -1.3357764 0.3086551 -0.035531014 0.028529763 0.20364809 -1.3748902 -0.18183646 -0.6796642 2.3961797 -1.0286738 -1.7022771 0.006202835 -0.5436185 0.011088492 0.8457779 0.85081404 -1.9640316 1.2743233 1.0444667 0.76768243 -2.077687 -0.50908184 0.030717956 1.7119056 -2.190966 -3.1351726 -2.2882233 1.1258128 5.279303 -0.26547322 -0.06491798 1.6784958 2.2214954 0.9558697 -1.0208505 0.3894601 0.8796551 -1.0508983 -1.2286367 -1.3875024 -0.112642385 0.8952393 0.4248625 -0.75906336 -0.08281504 -2.9264927 0.87944 -1.0716411 2.320684 -0.8892812 1.1790357 -1.0477501 -1.6187774 2.2750163 -2.141814 0.11632381 0.11975581 0.36443827 2.9097376 -0.2097655 -0.33719638 0.9782193 -4.610976 1.0613744 0.2755327 2.3680122 -0.22031955 -1.6030887 -1.7222775 1.3057791 -0.09111412 1.0539702 0.59276044 -0.3643657 -2.0203872 1.0424261 0.43707237 -0.11476245 -2.0251348 0.1440571 1.4673375 -1.2723669 1.1412528 -1.4470686 -0.71123934 -1.93637 -3.3942401 2.425577 3.1309955 0.91000384 0.96084976 0.3368845 2.3048394 -2.941749 0.21405716 1.4069974 3.083285 -0.64025587 -0.32406908 -1.1388369 -1.9461324 0.48032758 -2.7830303 2.2668004 2.5212421 -2.4316673 -0.49202442 0.06582636 1.3925892 -0.111747876 -0.9472556 -1.3677509 -2.6046438 0.24218394 -2.316218 -0.9535421 0.5294898 0.5651381 -1.5337585 1.276402 1.4572725 2.7524962 -0.94315404 2.4088993 2.531264 -2.5802612
caramel -1.7650543 0.6251604 -0.7111083 0.003476468 -2.6542275 -1.0227828 1.2249994 1.5846502 1.002399 0.17115147 -0.34696478 -3.548379 0.07021013 0.37928465 -0.72391546 -0.4559601 -0.88109714 0.32534826 1.8969306 -0.44697377 0.3125865 -2.0047257 0.8699088 0.43771052 0.8395929 -0.2790429 -1.015035 -0.010839345 -2.382745 -2.938602 0.9237257 -1.1605892 0.23402055 1.2887629 -0.017519245 1.6045299 2.2247875 0.2743683 -3.5886514 -0.8111052 -0.44438976 -1.1717798 1.1228757 -0.12045574 -1.3953339 1.961552 1.8368894 0.40055522 0.8660434 0.30581185 -1.1088313 3.5495243 -2.6312237 0.22835019 -0.3959372 2.8872075 1.6912237 -0.80438703 0.33653265 1.8296492 -1.0337595 -1.38974 -1.0818089 -1.8986217 2.019833 -1.5811734 0.16085403 -0.78039974 -0.73767596 0.107915446 -1.4079679 -0.12718602 -0.6373842 0.59957284 1.72568 -0.45680124 -0.26687708 -1.3814716 -0.7461013 0.7102475 -1.3669904 -0.8440377 -2.9140725 1.1215181 -1.1861639 -2.3347883 -1.2745779 0.22435017 -1.2805951 -4.966207 0.30200633 2.4246955 1.0570607 1.2944256 -0.9108703 -0.5432291 2.8280122 -1.8926505 0.067974575 0.7470784 -1.0903417 -0.35936457 -1.6397911 -1.5154037 3.6013908 -1.3882128 -2.1978893 0.23923169 -0.2966473 0.3526635 -2.3712342 1.3133098 -2.786043 -1.359795 0.75099844 3.722314 2.1795945 -1.9800786 -0.36605063 -2.0290077 -1.2057445 -1.6577647 2.6786613 2.4073768 -4.027819 -1.2740657 0.93793845 -0.3864349 2.700244 1.8059021 1.6304214 3.9639027 1.1265801 -0.64947563 1.4789821 -0.48894256 1.3546016 -0.6529923 0.78040326 1.7927319 1.4081032 0.37434933 -1.009784 -0.8520451 1.2561114 0.68279874 -0.43941155 -0.78937536 0.24290507 1.1896298 1.7806696 3.5027835 0.5414135 1.4995918 -2.087622 0.6184904 0.49534467 -1.3976495 -1.4543123 -0.2727192 2.962791 -1.5715103 -1.2977737 0.95009685 -1.2670705 -1.1282035 -0.34218037 -1.9374048 -1.9466552 -0.49479604 -0.0648053 -0.22840014 -1.9490213 3.0201478 1.4466903 1.6553936 0.58511513 0.48203376 -2.4404514 0.2906888 0.2528792 -1.0080639 -0.47996697 -1.0863392 -0.3994328 -1.1859797 -1.589645 -1.0319767 -2.2322521 2.185614 -3.4571762 -0.39016694 -1.100108 0.35083646 1.3875607 -0.79643506 1.8352487 0.67850316 -0.16756785 0.56808627 -2.6184013 3.3554685 1.9815141 0.2769861 1.2786287 0.49285516 0.17291783 0.43522704 1.0409572 0.26955467 -0.42865676 1.1017786 -0.94769055 0.20247093 -0.1658007 1.8645151 -0.52667475 1.1206094 2.4050865 0.10889552 -1.0717171 -2.2846239 0.7405684 -0.89241356 0.20155036 1.1994181 -0.7757744 3.8175666 -0.5298168 0.77472717 2.2516994 -2.21712 1.4760567 1.0862459 0.53288937 2.1831393 -4.3086557 0.9907027 -0.13317177 -1.1356623 -0.6951242 -1.4931613 -1.8508908 0.7138043 -0.100999385 -0.4975019 -0.97455657 -0.9603331 -0.93877 1.2104082 -0.30829063 1.128361 -1.7816265 -2.590183 0.78777635 -0.7213085 0.61854285 -1.2693871 0.8741531 -0.7961483 -1.1796516 0.56408846 1.1226125 1.3080894 -0.016104799 1.6228942 0.6843858 -0.084869154 1.2104752 1.5082892 -0.53228855 -0.7805076 -1.3489815 0.7817491 -1.7743998 -0.7632594 -1.6638234 -0.7860755 -1.5171533 1.3344065 0.25695196 -2.0957365 1.3278635 2.2484403 -1.2433187 0.12679866 -1.0141454 -0.69139564 0.9085344 -1.4471945 -0.93428785 0.39143434 -0.86400455 3.2543337 0.12534915 -0.28770098 -2.8691638 1.1764102 1.5756046 -0.69855577
grapefruit 0.88475627 2.2173681 1.7596208 0.17089054 -4.797152 0.7774333 -1.0875518 1.2736003 0.77199435 -0.42035726 0.14888306 -1.6831381 -2.3160057 -0.3898935 -1.8439609 -2.1861918 -0.060669005 1.6644428 -1.832203 1.5029255 -0.98937 1.253957 4.023077 -1.8915925 1.5867662 0.18530074 -2.639154 -0.7069611 -2.943775 -0.8829753 -0.38497946 -0.17971282 0.7527879 0.54114115 -1.0961627 2.791041 0.21219185 -0.9168044 -2.1891904 -2.5755131 1.1058186 0.08117675 -0.2442105 -1.5036694 0.020645052 1.6349379 -0.24621612 -2.1309528 1.4877601 1.0042279 -0.8678326 3.997249 2.2724385 1.7146263 -0.98835874 -0.37090278 2.9107876 1.7488724 -3.2266164 -1.239083 2.9188955 -0.45402578 0.064676814 0.72636694 2.3949573 -0.55712384 -3.294713 1.578967 0.95844173 0.7332326 -3.2953873 -0.5343043 -3.0450866 -0.27093396 1.6076139 -0.22180629 2.622252 -1.6334937 -0.97381157 -0.8256034 -1.3308215 1.0968906 -1.6853307 0.9450285 0.9433024 -1.587055 -0.781523 -1.9495705 -0.046983156 -3.0918758 0.32530546 -2.7203715 1.2116339 0.101783626 -1.2511188 -0.9883637 0.6429774 -1.8849593 1.2540116 1.3783717 1.9047761 1.7194116 0.5622999 0.30978185 -0.013855275 2.9138303 -0.24535526 0.94235474 -1.7905307 1.9554613 -4.7191973 -1.9586884 -2.5688295 -2.0065072 0.34667984 1.7001599 0.2056487 -0.41033998 -0.31747147 -0.64168674 -3.2088175 -0.03942749 -0.1926013 -2.2726226 0.6648034 -2.5114446 -0.018421806 -0.96269834 1.243832 0.8810559 0.21600328 2.0779188 -3.3328216 0.32172498 0.9848794 -1.1119606 -1.6271166 -0.9563589 0.713493 -0.52169186 -0.38316274 -2.8728197 -3.1349 2.1557043 3.4466355 -2.340866 -0.8128483 -0.9394761 -0.09727975 2.255661 2.5044444 0.5056827 -0.04463409 0.67937696 2.129348 -3.2594016 1.1778089 0.5062776 -0.9061673 1.5458981 0.9947735 -1.9823747 -2.2318664 -0.8146331 -1.2688264 -2.0528333 -0.71367174 -3.879463 2.6547565 0.21750373 2.8637686 -0.67225933 -0.42149353 -0.17816347 -2.0652504 -0.3240059 -1.2704759 -0.15587008 -1.0521153 -0.74672157 0.80627555 0.16126156 0.45702812 -0.43643862 -0.5863815 1.1685803 1.4862702 -0.4066551 -0.1360541 -1.456493 0.4303337 1.9667381 0.773246 2.1053286 -0.38514826 -0.7550698 -0.16092744 1.6808071 1.2984655 -1.8861145 -2.9861615 0.075687304 5.411964 -0.53261614 -1.2954314 2.1255918 0.01932505 1.4727104 1.2633423 1.0275798 -0.3980677 -0.90000796 -3.8207393 -1.0348203 -1.4636589 0.33414325 0.40709653 -3.793388 -1.4116161 -1.362679 1.1879508 -1.3446075 1.6570178 -2.6234777 1.2501554 -2.0283425 -0.15297064 2.3153193 -2.2563672 1.1026745 0.16690207 -1.2108942 3.3806956 -0.9102715 0.16008084 2.3405936 -2.467155 0.2704149 1.9665602 1.3780739 1.5953928 -0.23223177 -2.5478296 1.2697027 1.1254257 -1.8578366 -0.49428192 3.148568 -0.6290201 -0.39476484 0.5160889 -1.0583506 1.4950877 1.7173442 2.61463 -1.0479265 1.4676335 1.9259043 1.922663 1.3499683 -3.6246305 0.81681794 1.0876652 0.3224449 1.25812 0.06360527 2.196159 -1.8733584 -1.8752313 -0.6923792 0.33455488 1.0456532 0.14899218 0.12195078 0.5881834 -0.53220326 -3.6399612 1.6918049 1.489816 -1.4536884 0.010772893 0.7675543 0.3060476 0.35381162 -2.500311 -1.4381745 -1.5308073 -0.15395835 -1.7437246 2.4654086 -0.58243895 -0.04092436 0.11671116 1.9182916 -1.2086406 5.714615 0.47287384 0.7027988 3.9901168 -3.6144805
clove 0.9726024 0.008851564 0.34459805 -0.31216753 -2.4823048 -1.4412571 -2.257461 3.5944073 1.7626944 -0.4774044 -1.307176 -2.1889875 -1.4038937 -0.43298227 -1.223168 0.45969692 -0.36888012 0.6393787 0.08151172 1.0032241 1.1685318 0.32676607 2.4982414 -2.1382737 2.3996503 2.906581 -0.14145699 3.1619375 -2.929209 -1.885603 1.9126612 0.89091545 2.1033478 0.58947587 -0.08485806 0.13415053 3.101571 -1.8915144 -1.9225543 -0.59511 0.57124436 0.1723128 0.38860986 -1.0970699 1.6666915 1.6471962 -1.1468467 -0.79274434 1.1034611 1.774021 -0.99663275 0.7889375 -0.9228645 -2.7008765 -0.5467549 -0.10047864 2.4220564 -1.071132 -0.3544109 -0.12920041 -0.966341 -2.2688162 -0.079663806 2.3635614 3.2355409 0.24288175 -4.118845 -1.4176204 -1.7244437 -0.34599134 -0.68862015 -1.3710878 -0.2923684 -2.0156987 2.3413277 2.3553066 2.696792 1.5282303 -1.6364073 0.96499705 -1.2030177 -0.051224396 -1.5130804 -1.4144917 -0.0030016727 -0.572005 0.7615445 1.0459769 -0.51920766 -2.9309442 -0.1619349 0.261492 -2.4133527 2.1572077 1.3296204 -0.34738845 1.5025104 -1.0174034 -1.7418437 0.79068613 -1.5166234 0.09826368 0.5828397 -1.288672 2.789249 0.9236948 -0.51875174 -0.45521015 0.698332 0.31084427 -0.26849258 -0.992456 -1.0576103 -2.0466325 0.36504385 0.97784746 1.0321074 -0.009645843 -1.7639351 -1.1194365 -1.6050422 0.44975775 1.2757975 -2.1370125 -0.6536361 -1.150399 1.378359 -0.71912265 2.264274 -0.18732493 1.3766539 1.3771782 -1.3816398 0.7281028 -0.11860922 -2.9464915 -0.8360154 0.5217713 1.8057872 -2.8298485 -1.5673872 0.51123923 -2.8167026 0.23478359 2.654129 0.08477232 -0.69386023 -0.9309273 -0.7242505 2.094364 2.7572405 1.1121632 1.2508804 2.403074 -2.0535576 -1.6508808 -0.522767 0.4378791 0.3351815 -1.04686 2.0735865 -2.770413 -2.244898 -1.0349598 -1.2244265 -1.0869272 1.7579778 -1.8843949 -0.13514555 1.6914413 2.5733557 -1.11195 -0.6037207 0.9338731 -0.65966016 -0.6660556 0.97879946 1.3178751 0.47182006 0.2738399 4.401654 -2.601896 0.031163085 -1.4598062 0.66056085 0.54497886 1.6161754 0.20840077 -2.5961776 2.3679583 -0.7518706 -1.7311574 0.28884786 0.6777599 2.755927 -0.51192737 -0.25944212 -0.14386101 0.5755414 -0.86265844 -3.296179 2.0376806 3.3130734 -0.46533594 2.1922147 0.14090228 1.3112091 1.7602938 0.70889753 0.86285424 0.3287679 1.4080929 -3.0738838 0.051221542 -0.8703269 0.36811835 -1.753435 0.77505904 -0.12222753 0.14364032 -0.587108 0.8233704 2.4570804 0.7868775 0.19981061 -0.047193367 -2.5833838 2.4385202 0.42110375 1.6272534 1.7160192 1.7032084 1.67295 1.6880014 0.61996156 1.5104187 -1.4200768 1.1329327 -0.22623636 -0.5548999 -2.4903607 0.6703586 -2.5233686 2.402608 -1.1348609 -0.16198519 1.6528693 1.1735096 1.033278 -1.0568787 -0.12015168 -1.4199055 2.5428972 0.5656865 2.182378 -1.6750362 0.31980518 1.194308 3.0467305 1.2739508 0.29785943 2.7015824 0.8002697 -0.49403015 2.0214071 -1.0354664 -3.265597 1.0027663 2.4699013 -1.5556542 -0.66334045 0.3729894 1.4858193 -1.0929143 -1.1729791 -0.8731717 -1.1305323 -1.3907 2.0622852 1.0932648 -0.65021396 1.6987735 2.0329132 -1.1808957 -4.392402 -1.3856853 0.7947501 -1.3732834 -0.37613884 1.8170646 -1.3080451 2.2035198 0.13001116 1.3288662 -0.2805787 1.3755704 -0.39131197 1.9847165 1.7295969 -0.18388872
syrup -2.873233 2.387659 0.14043917 -2.2802482 1.5576454 -0.7095899 -0.9775328 4.56956 -1.2229517 2.5414572 -1.5552562 -2.583486 -1.8699034 -0.31639045 1.2383171 -3.6162167 -0.9669381 1.433861 -1.034852 0.88636804 -0.77920115 -2.616337 1.2993302 0.38955015 2.398723 -2.66645 -0.50881666 -3.357115 0.71134585 -2.2302542 2.7135968 -0.93036425 0.20984249 -0.045771282 0.44106898 -0.7478534 0.69431025 0.097957596 -1.3893423 1.3073529 1.9804027 -1.710331 1.3430718 0.46448076 -1.6431255 2.1174808 -3.71878 1.8877245 -1.041662 -0.45634973 -1.1819794 1.9035411 -0.26644018 0.66022795 -2.1126485 0.79296625 0.021732237 0.9829081 -0.76732165 0.26328874 -0.8192171 0.95750815 -2.8206122 -3.1698718 1.8666893 -2.0420783 0.1555476 0.09796315 -0.7236985 0.92166525 0.8529532 0.19254093 -0.6968644 -0.19915582 -1.1544328 -0.37971458 -0.104203954 -0.50365686 -0.87748516 0.04216736 0.7824848 0.5274002 -1.7453369 -1.0839951 0.2185076 -1.2543485 -0.3277007 0.15235826 1.7124838 -2.7672179 2.0632143 2.223952 -1.0817058 1.2798079 0.43465805 0.6879219 -0.72454137 -1.0420417 -3.5937493 0.82315683 -1.2402536 -1.6799601 -1.1890802 -3.4177332 -1.0435747 -0.40085995 -0.9757469 0.1900466 0.94481844 0.74117315 -1.3334761 0.50938696 0.025059234 0.026716417 1.3177458 3.1843143 -1.2416956 -1.7211683 -1.3335196 -0.927555 -0.71506196 -0.36805785 1.2903106 -0.0057031387 -2.0560107 -0.285863 -0.82522255 -0.09341969 2.0042183 1.7551666 1.8355106 -0.19472234 -1.1483088 -1.0529926 0.43592948 -0.55101264 0.0557365 -1.0928289 -1.2835264 1.0250734 -0.238642 0.9202524 1.0423481 -2.862221 0.093406886 -0.22075352 -1.2846901 -1.3214941 0.16472791 0.6989231 -0.7248704 0.8464447 -1.9305357 0.18054688 -1.8751264 0.22616604 1.7673056 1.1426817 -1.4601576 -2.1422668 1.2026701 -0.5843989 0.3983021 0.19018069 0.40744796 0.23207681 0.71007216 -0.6425994 -2.7212846 -0.6984159 -1.4518225 0.097839445 -2.369727 3.4020607 1.3607396 1.6574243 -0.048984244 0.66883975 0.02220767 0.4848521 -1.154019 0.45411244 -2.155766 -2.156017 0.21661781 0.6435056 -0.2845793 2.1922886 1.5527357 -2.2154016 0.56129515 -0.97396207 -3.5224984 -0.4514883 0.5888538 -2.561139 0.6323375 -0.42271054 -0.6111192 2.2923903 -0.5713531 0.76068556 3.021848 -0.429834 0.31218195 -0.5646344 -2.2623081 0.9577992 -2.6699183 -0.40667444 -1.4938351 -1.8595349 0.67424154 -0.5884656 -3.7954986 1.823975 -3.1342194 2.5919068 2.5197976 -0.3211182 -0.5158415 0.4782549 0.7335542 -2.3728454 0.2880058 1.6071799 0.50716996 3.5488956 -2.1375735 1.2188457 5.4640255 -1.784676 -0.56704485 -1.5050169 1.3003199 0.2219291 -0.2539471 1.0088408 1.0633563 2.7548807 1.646604 -2.4824085 -0.482817 -1.8816334 0.15652412 0.7457344 0.08792405 -2.3630466 -0.66019547 0.13037899 -0.69740397 -0.8680969 -2.4683816 -0.34500778 2.4682057 4.396488 4.796558 -2.1780274 -0.9210296 2.0368645 -1.1974952 0.85557896 0.80435497 1.7621384 -1.2188692 0.98140705 0.7037907 -2.8050973 0.38011634 0.029896405 -1.5254201 -0.109786436 -1.3974215 0.34678468 -2.3874116 -0.24696772 0.48019174 -1.8407269 -2.1370857 0.8449531 -1.354699 -0.9713595 -1.0229843 -0.9684369 0.087486856 1.002041 -1.3144614 -1.4703885 1.0001931 -2.3472736 -1.9312539 -0.05648456 -2.5842493 0.96237755 0.658955 -0.8232516 -0.281614 2.6972103 2.7378118 0.67791784
grape 0.81404835 0.29964843 0.6317573 -2.76643 -2.8727634 -0.45801303 1.3081194 0.9308186 0.19536519 2.3193884 -0.31300172 -1.4472948 -0.9936787 3.4605997 0.6860034 -5.0934463 -0.41079822 0.76367426 2.2299922 2.0824933 1.1205695 0.25578636 2.8019009 -1.8596923 -0.8776232 1.4995109 -0.9075328 1.2247021 -0.7360035 -4.56007 2.4278321 -2.0952797 1.6182613 2.5039654 0.3689046 3.8370812 1.7597936 -1.974763 -0.11048325 0.5127627 1.6645851 -0.20690724 1.1955042 2.3436072 2.4688478 1.5588962 -1.2063752 1.0753217 -0.49494407 0.7116471 -0.72243077 1.1484609 3.0192993 1.4177021 -0.251417 -0.6663409 1.4322723 0.48384434 -4.179529 -1.4476866 -0.059798688 0.60136735 -0.8570435 -1.0351745 0.27466422 0.8972448 0.9874574 -0.71929145 -2.540916 -1.0336045 -1.9191262 0.24150948 -0.9476383 1.4912453 -1.2662377 -1.3087215 2.7842906 1.9947301 -0.66628665 -0.12195641 -0.017088166 0.84518886 -1.9472674 0.38563162 -0.31225967 3.0682683 -1.403409 -0.4235066 -1.0882399 -0.7319888 1.4907067 -1.2534266 1.5027428 -1.0243878 -0.2365344 2.7177455 1.5090219 -1.3455181 -0.9837186 1.5160109 -0.45897353 0.17161576 2.5784528 -3.0600202 0.016653426 -0.43007123 0.64649177 0.63647914 -3.4781651 -3.0923543 0.5045428 1.0892435 -2.4186027 0.92534816 2.5968037 -0.5720783 -1.3553028 1.8930457 1.8070807 0.9742195 -1.1864516 -0.30542797 -1.9569011 -0.1982558 -0.55905616 -3.3703632 -0.1052552 -1.9115834 0.13420196 -1.5380577 -0.9228781 3.9664056 -2.6082695 -2.137928 0.18825181 0.033590578 0.09964126 -0.35509288 -0.36431095 -2.348285 0.24345528 -0.35574326 1.0835114 1.8558187 0.30115113 -2.6718564 -2.34658 1.3303003 0.07086008 0.549954 -0.8838567 2.7833693 0.9546666 1.0183212 1.2317964 -3.7178843 1.7783076 3.3053477 0.94610155 -1.6419137 1.8537092 -1.5772411 2.862646 -2.3797462 -2.9180596 -1.4827349 1.3834596 -3.9047303 -1.8922807 1.5852443 2.3598568 -3.5133145 0.81047684 0.8233148 0.7704452 0.6145267 -0.31584534 3.1472049 0.58817315 -3.714164 -1.8279883 0.11356236 -0.22668183 -1.4092132 -2.1250005 1.1503685 0.3912303 -2.2635758 -1.6819212 -2.1284976 -1.1642941 -0.022127844 1.5455343 0.55214196 -1.022449 2.7554593 -0.10724012 1.711736 -0.7565894 -4.1914315 -4.5042496 -0.6559893 2.0529232 3.5386274 -3.9656413 -0.83321726 -0.49610275 -0.055705156 -1.8483865 -0.19678168 -3.3297522 1.1049587 -1.456666 1.0951566 -1.0766737 -0.5021657 -0.8031852 -1.1202232 -1.8123045 -1.110474 1.0503451 1.6077505 1.0010915 -1.0753245 0.42552903 1.7501105 -0.9529306 -1.8435137 0.31607324 1.448072 1.1107684 1.5481968 1.3564165 0.43914747 0.8942297 -0.20070347 -3.440482 0.8849939 1.0385325 1.385235 3.1119304 -3.512467 -0.079234414 0.70315206 0.656271 -0.45320773 0.31014165 -0.5925888 1.9876865 0.6718537 0.3758544 0.20870718 -0.19206855 2.8055668 2.434095 2.072073 2.1368186 -1.772143 -2.0959883 0.31673878 -1.6241909 2.3987124 -1.9757055 -1.454346 -0.7512624 0.89699286 1.1110816 -0.5394917 -1.2830638 -2.8673832 0.47615904 1.322843 1.6123908 2.5969398 -0.27098817 -0.067685895 -3.7477677 0.96361744 1.162434 -2.6383877 1.7086242 3.535735 1.6153339 1.3910187 -3.1770053 -2.4576685 -1.4577324 -2.863592 -0.27476692 -1.6905081 -0.32137552 1.8543143 -0.36733592 -0.38189667 0.59942454 -0.9886484 0.15076 0.529352 1.7557601 -3.0121174
fish -0.82959276 1.8958219 -1.5545173 -2.4512339 -0.8662505 0.85847336 0.13215707 2.638305 -0.7579405 -0.38806126 1.5828756 -1.6374592 -1.3993877 -1.9570512 1.3875374 -1.9027205 1.3717428 -1.6870809 -1.4045984 -0.28059813 -2.2352154 -1.4408033 0.7204329 0.6078791 3.340963 0.07895707 0.6433087 -2.7733874 3.124783 2.7973514 -0.4732416 -2.5219595 -1.3420367 -2.902013 1.9289838 -0.35568702 2.4707153 -0.063425586 0.77402633 -1.2976828 1.096162 0.9852258 2.7359078 1.1610249 -0.6251717 -0.5825656 0.5123447 2.012082 -1.703433 -1.3851469 -1.7575073 1.372627 1.2170408 2.2956738 -0.72551185 -1.9970318 0.20782633 -1.0602506 0.3340226 1.6303672 -0.55400777 0.8893469 0.59819734 -0.8942867 -3.1023042 -0.16545764 -0.3063118 -1.8947886 1.9776889 -0.38874975 -0.88956213 -0.30919927 0.033378772 -0.66017926 -0.53873926 -0.84934694 1.7235874 0.8737381 2.17518 -1.240258 -0.6850236 -1.4035925 -1.3241841 -0.12662412 -0.11887582 1.3861084 2.7227197 0.6008555 2.6175017 0.047813043 0.32578707 1.4108474 0.48966327 -2.0764244 -2.089101 -3.7731462 -0.11793746 -0.59636974 2.3521607 -0.8986844 -2.1585164 0.90910584 0.33342668 -0.9812884 2.5531766 -0.7858455 2.050618 -1.6490995 -2.5999107 1.4216768 1.2002809 -1.216667 1.115373 -0.7592895 1.0156752 0.97161406 -1.5058656 -1.5199177 -0.5547739 -0.86519563 -2.892742 1.1368041 -0.56399775 1.4507601 1.3942586 -0.0724132 -1.4092815 -2.3408859 -1.5392284 0.1475867 0.74709123 0.18296792 0.60665715 1.0021156 2.7573788 -0.6393501 -0.12892969 0.113949314 -1.8370721 -3.2387836 -0.21139325 -0.4668559 -0.6443013 2.2379732 -0.09584886 0.16848804 -2.7940316 0.256845 -1.6534585 -0.28949124 1.2645403 3.4897852 -0.073965035 0.15636685 1.1975749 -1.2898625 -1.378245 -0.65515214 0.536442 -2.785093 -1.3762014 1.0974188 1.2109879 -2.8392947 0.5866695 -1.1890155 -1.4018048 -1.3231409 0.0774388 -1.9276278 0.77805036 0.15807827 0.958684 -2.5014527 -1.5530556 1.5647773 1.8414494 0.71486396 0.20434919 -2.5613344 1.7374964 -1.9462425 3.7326965 0.18618946 -1.3588159 -0.9122842 1.672434 -1.8544194 2.5305216 -0.4164492 -0.3154839 0.44635487 0.22975925 0.6658089 -1.7169938 -0.99026364 -1.343785 -0.5432687 0.46734476 0.6163481 -0.40026692 0.56883097 -2.3835075 -2.1188731 1.6287452 0.55917823 -1.6159062 0.585789 1.121915 1.1708302 -2.1406372 2.489661 1.8801013 1.4118716 3.335491 1.1125283 1.2152696 -0.9933094 -0.042496987 0.17774755 1.8475194 2.1280653 0.98620284 -1.5738586 0.96599007 1.0414377 -0.5956725 0.16881204 0.2124364 -2.392579 0.5204923 0.036329225 4.4255614 0.18406406 -0.6943809 -1.187736 2.2646992 -0.21953179 0.5337142 2.0443566 0.018822782 -1.3599778 1.9120448 -0.34625167 -0.61566013 -2.674046 -1.94519 0.3249232 -0.30866072 -0.25025156 0.85831875 1.1775995 0.40317863 -2.1428201 -0.6844471 -1.9240226 -0.2371129 -0.42895722 -2.9997046 -1.2677354 -3.6867158 3.1642902 -0.47649467 -1.2472426 1.3071877 -2.1486418 0.4580545 1.0641137 -0.7590946 0.32151407 -0.7297071 2.543235 -2.405571 0.7459879 -0.8271268 -1.058789 1.1229345 1.5555497 1.2959543 -2.9081285 3.2789998 0.39425012 -0.8661526 -0.5863505 -0.76794994 -0.3163059 1.4286555 0.83181655 -0.7785013 0.30246857 -0.27197936 -1.6226984 0.8888491 0.22806098 3.1101208 2.1510358 -0.54961735 -0.77684987 3.1027453 -0.74218035
banana -0.15620156 0.9731696 -1.410238 -0.35878444 -1.6412646 -0.024207966 -0.3470966 0.817129 0.25344393 -0.22431228 -1.0079297 -1.8193437 -1.2404388 1.1379541 1.9268358 -1.0560571 0.30759385 -0.40492672 2.465675 -0.046693757 -1.1327248 -0.9581006 4.0167384 1.0545937 2.459161 -0.4948459 2.0465772 1.6318485 -1.1063067 -1.448644 0.11709964 -3.101161 0.6290419 1.2415426 -3.0301394 1.7015805 -0.32580313 0.71129537 0.5773142 1.7418562 0.059430633 0.012756913 2.304308 1.9247339 3.0873902 -0.91956544 1.17551 1.0225418 -0.90471476 0.56762755 1.5298396 4.0269156 -1.9000561 -0.43432778 -2.3112097 0.99916667 -0.41728035 0.18140088 -2.1943307 -0.44850633 -1.9314052 0.28785235 -2.136568 -1.7192507 1.5275239 -0.643955 1.0327141 0.19323063 -5.207539 1.6567054 -4.2686267 -0.46286646 0.44946718 0.99268544 1.4056293 -0.95055455 -1.4523214 -0.47441405 -0.8272091 0.3305679 1.2892724 1.7890762 -1.5556204 -0.16941921 -2.0881476 -1.505946 -0.90348995 1.5420634 -1.2820219 -2.0724492 -0.60190654 1.7870884 4.2321997 0.54180425 -2.9445817 -2.03687 -0.6219822 -0.20898756 -0.15671232 1.7502422 -0.9920141 -1.0492063 -0.35787776 -0.8211127 2.226531 0.30249995 -0.65298784 -0.76327366 -1.4850988 2.587864 -3.1091592 1.4692389 -1.51999 -0.7883405 1.2411321 1.9451668 1.4487293 -0.9142889 0.31349918 -0.61097884 -2.0343945 1.3013911 2.3265533 0.10515793 -1.524065 -1.080679 2.5265021 -1.4616987 -0.0057516512 -0.15642847 0.8808669 1.6083325 -0.68718165 -0.8061424 0.9771244 -1.7902251 1.865296 0.7160113 0.58796954 0.5351437 1.6504881 0.2555312 -1.2447962 1.8099327 0.8037186 -1.5841614 -1.4508234 -3.3044662 -1.3620691 1.1635134 3.1518471 1.3931346 1.2852653 1.3686975 -0.90566814 -2.0186896 -0.81069905 -1.5952624 0.2818779 -2.9963527 0.558285 -2.234776 0.51433676 1.3288548 -0.4910316 -1.2842195 0.44768345 -2.438266 -0.56269115 -0.20303771 1.1959594 -1.4380573 -1.1019157 1.0058868 -2.710577 0.5487024 3.5714767 2.4891436 -0.39654866 -0.5388683 0.07678997 -0.15785076 0.49338824 -0.6197464 2.277276 -0.9837031 0.44153967 0.12446765 -0.59755456 -0.8045889 -0.85534215 -0.17885831 -0.8228506 0.32023773 -1.8745835 0.5968313 -1.3274102 -0.09628428 0.6617878 -0.678959 -0.30650616 2.3744378 4.6152506 3.011197 -1.377584 2.064275 -0.065681644 0.474432 -2.6963367 1.667806 1.1980206 0.304047 0.797309 -1.2979219 -1.2917686 -0.21891162 1.1537453 1.7440876 -1.1560298 -1.2532395 -1.5030305 -0.61886793 1.2169014 -0.01821106 1.5814401 0.85450953 -0.39268422 3.2492008 -0.29130524 -0.9974417 3.4608688 -1.0034553 3.0156493 0.34130263 1.2349619 2.3324616 -2.3696558 -0.76996213 0.8239441 0.2674515 1.9411967 -2.668495 -1.0130166 -0.19977126 0.2073575 0.83440787 -0.75278175 -1.2785106 -0.344634 0.24788253 0.28350598 -1.9211171 -0.2979969 -0.47246388 0.5078659 -0.25916877 3.6494877 -0.13892914 -2.7137628 -1.2311677 -3.765311 1.607298 1.9516084 1.5368228 -1.071016 1.0097963 -0.5706545 -0.281598 0.27801514 -0.30685753 1.672107 -0.21428607 -3.2499619 0.3899383 -0.7507675 0.34308186 -0.067986034 0.9141935 0.28908175 -2.1939707 -1.2350411 1.4433469 1.5161558 -0.08250828 -0.16784824 -1.8286884 -0.99990934 1.4005809 -0.94133276 -0.06635266 -2.784279 -1.5980711 -0.62520283 2.222674 1.9951879 1.1051553 0.36786643 3.1292834 1.7642119 -3.323584
egg -0.686289 2.4043086 -1.1124556 -4.463704 1.333418 1.5153569 0.26237246 2.1114833 1.2203512 2.1622248 0.57146233 -0.20269382 -2.4045691 -3.67116 4.033255 -1.2575316 0.08255432 -4.4565225 1.0239433 0.7171927 -1.3123575 -2.035411 2.7827098 0.4843669 2.94803 -1.9157656 2.4452875 0.42746404 4.47315 0.846387 -0.4819497 1.3926214 -3.7836998 -2.4280708 3.209853 0.5925962 3.437307 1.6695589 2.629554 0.21952471 1.0112501 3.3605673 2.3326063 4.9386616 0.40437272 -0.7436534 -1.1846106 4.7704563 -2.981857 -0.20259443 -0.49501252 0.12555401 -3.0694132 -0.3337773 1.59274 -0.84022796 -0.17903304 0.6390303 -3.4291272 0.42061147 -2.4328709 0.72480714 -2.5435667 0.72307205 -0.47281712 -3.5547762 -0.5644571 -1.6703047 -1.7440977 1.5238119 -2.938946 0.14763376 -0.4761357 -0.8788427 1.4597979 0.90601766 -1.0180345 -0.012381364 -1.7934215 -0.48535436 2.2481935 -0.702129 -0.6755896 1.1499896 0.9746886 -0.45673618 1.9883671 1.8904269 0.24878357 -1.1335058 -0.7148034 -0.32841352 1.7017435 0.0077001373 -3.080635 -1.7285508 -1.3312856 -3.3029046 -0.8403561 0.36230695 -2.1048965 0.015498883 2.7344515 -0.7452109 3.4936237 0.07211933 3.6755614 -1.3428552 -0.9812438 -1.7345757 1.7669041 0.9319023 0.22760083 -0.47435346 0.09410244 3.235849 -0.0939352 0.18699901 -0.86003536 1.0566748 -2.4738503 1.8241175 -4.324012 0.8421052 1.3705146 -3.3474054 -0.22916089 -2.4347346 -1.7748028 -0.6613154 0.9808091 1.1189315 0.026320148 0.011036576 -1.4139156 1.7988265 2.4430964 0.13541003 -0.8389921 -0.8444076 -0.6525723 -1.3938382 -1.6199013 4.5384607 -0.6131507 -0.4059052 -0.6519076 -3.5656598 -5.2445335 0.8918178 -0.79068875 1.4171529 2.1786277 -2.2051606 0.38787672 0.8204004 -0.66749626 -1.3438987 -2.0351157 -0.78321725 -2.109817 -0.3298717 1.6547287 -1.9102371 0.66479826 -0.007661017 -3.3419118 0.88314986 1.0226576 -1.2826465 -0.83793217 1.9170371 0.36124608 2.638892 0.8698987 0.4572712 4.5250096 1.0581807 0.8977399 -4.09843 -0.37640375 -0.82093817 2.2273288 -2.4603846 -1.776379 -1.6565285 -0.2958746 0.16984856 0.93341786 -1.1933193 -3.0426593 -1.678447 -1.3345113 0.38131893 -2.6313894 -2.5759375 -1.134495 2.5075314 -0.9577152 3.166285 -1.2297356 1.4817222 2.5277698 1.971041 -1.3380593 1.0401328 0.01908805 -0.97248536 -2.8370073 0.8856013 1.3890505 2.05629 -0.041382648 0.66906154 -0.30391517 0.5038114 0.24652015 1.896261 3.523823 1.0906116 -0.7498253 -0.11486848 0.5590877 -0.4068096 2.4274502 -0.5518662 -2.0980337 2.5515778 -1.8178055 -0.6628247 5.8828635 -1.2018794 1.8200603 0.14040332 0.2111617 -1.6414591 3.2493174 0.10188287 -0.4925981 0.8280488 -0.91295475 -0.4028541 1.063784 -0.6506326 -1.2120118 -1.7347809 -4.02749 -1.9137272 0.4389327 -0.955528 0.42694265 1.8217614 -0.5042755 -2.5607193 0.5002499 -2.0009885 -2.473619 0.12809 -1.3489839 -0.44631186 -4.0352654 2.5917566 0.16460714 1.1954708 1.5855995 -0.5212328 0.5678287 -0.08382442 2.719257 1.1627173 -0.8785357 1.4518825 -4.2411757 1.7338655 -0.98824847 0.29627204 0.16176374 -1.5798234 0.4947994 0.8477814 -2.393753 -0.42174906 -1.9261671 -2.2922843 -1.7228214 1.2334405 -0.71459574 0.5067585 -0.035451293 0.92740864 -1.2783629 -1.1318716 1.5364234 2.565685 2.2029345 2.2004917 -1.3558446 2.2500226 3.4140873 -0.11691895
peanut -3.390916 2.213964 -0.9479297 -1.075669 -1.3806183 0.7098675 -2.1032915 0.78491676 0.5710976 -1.189463 1.1615961 -4.137153 -0.61078995 -2.4447012 0.95170563 -1.5288035 2.8503058 -1.0843788 0.5736743 -2.2112904 1.3489438 -1.7722464 2.2486866 2.5138319 3.211763 2.044978 3.2365973 -2.006155 -1.2876539 0.6903658 -1.5219508 -2.7936485 0.5069 -0.20679261 0.7893168 0.31943637 0.55401057 -1.158351 -0.20152386 1.853269 2.7466815 -0.951153 0.16099285 2.2380614 1.1798228 -0.71701264 1.5507165 2.151963 0.5485187 1.6596822 -0.53577113 1.396265 -0.5221238 1.2372708 -0.2593684 2.0488634 -0.7742979 -0.42456192 -1.3031286 3.1947563 -2.0838296 0.2665816 -0.25479117 -3.3800836 -1.4721586 0.7801646 1.4117756 0.3014266 0.09182802 0.6141341 -3.227952 0.37260035 -0.9410727 1.049391 -2.0476968 -0.56106085 0.06748129 1.6379931 -1.4662963 -1.3249679 -0.8196634 -4.178696 -0.40070072 -1.9814515 -1.6778305 -2.0587456 0.5618753 2.8141565 -1.9331475 0.41193503 2.5821648 2.3126335 -0.26525933 0.6745632 -3.098478 -1.7791187 1.539256 -3.807839 2.8946207 0.6423954 -3.9059474 0.9421415 0.23409674 0.520199 1.3738188 -1.457295 1.8512108 -0.34586266 1.4881502 -0.4272555 -2.1017265 1.1165512 -0.107440725 0.67490274 0.3732557 2.269282 -0.14265117 -1.0815525 -0.8018182 -1.6735457 -1.9468412 2.1850162 -0.06772934 2.1913083 0.7332083 -1.4629447 -0.17534637 -2.7993498 -0.8727923 3.1139593 -0.2378439 2.2465339 1.4004456 -0.48792908 1.0351259 -1.0073016 1.8553761 -1.7143584 -0.84989315 -0.28864166 3.1640265 -2.7183125 -0.32884914 2.9299238 0.5234182 0.72867477 -2.2974527 -1.3970089 -0.24804233 0.21871082 0.44182456 0.83837754 1.252178 0.6231334 -2.769201 0.33805978 -1.5300034 -1.1910256 -0.26337036 1.1330707 0.21300715 1.0176728 2.301262 -2.4633017 -1.9928997 -1.3881544 -0.32615557 -0.29676256 -4.3421745 0.021996638 0.9550068 2.900032 -2.1291475 0.90371937 1.3943411 -1.8527299 2.5026557 2.678414 -1.305746 -1.2123542 -1.2479879 -1.5207957 1.1073867 -0.80015916 -2.4979134 1.2493162 0.35811764 -0.23766579 -0.42174673 -0.40671024 -0.8898108 1.0664862 -3.7787328 0.7487935 -1.6829797 -0.17149138 -0.9351296 1.4818922 -0.028359603 1.7664175 -1.4026986 0.9368789 2.5045943 1.9046322 0.7093009 0.68773514 0.67855376 0.7826172 -0.60011756 -0.22366212 1.2867291 1.6709775 1.0816361 2.4675634 -0.80903476 0.8972063 -2.5548856 3.185791 -1.1230353 -0.5393881 -0.8173802 0.5466251 0.96189386 2.5093462 0.99513763 -0.097154945 -3.3183005 2.172087 -3.1568055 -0.38890117 1.9344987 -2.425687 0.57286334 -0.23410767 1.770854 1.1903833 0.60677034 -0.70502 1.5267758 -0.4773263 -0.16766013 -0.7984541 -0.17375173 1.9114792 -0.7316888 -2.007387 -0.4667678 -0.5782178 -0.56675327 1.0069579 -1.1934985 0.9454399 -1.421115 -1.7919136 -0.27405578 1.4854927 0.8649966 -1.139646 -0.059875738 -1.6927 -0.9054065 1.9068285 -1.3135185 0.05852946 1.5866228 0.6331612 -1.2771126 1.7332929 0.5249778 1.5804964 -1.677557 0.0051939655 -0.6749277 -0.95287544 -1.2387102 -0.31224295 1.6712279 -1.6194335 -1.0234797 0.29929397 1.5307722 1.2162666 -1.8628472 0.30637383 1.5161767 0.2132964 -0.81858313 1.7937498 1.5933558 -1.416383 -0.87850606 -0.4571027 3.5944216 3.592774 1.1131715 1.2791406 1.2208172 2.2140758 2.5958905 -2.270622
vegetable -1.1599201 2.3473008 -0.5520558 -3.9704685 -3.3596735 0.16019303 -0.81078374 3.1202955 -0.2537692 -1.0965251 0.6899377 -1.1419846 -0.919373 -1.2121736 2.692976 0.81995386 1.0364954 -2.7813232 1.062556 0.167238 -0.3931961 1.9842501 1.5050114 -0.8902948 1.9568034 -0.31850302 -0.0612283 -3.1199355 2.7856956 -0.042294785 -0.88121665 -2.68461 0.43314517 -2.1182325 -0.8077656 1.5354619 1.1878319 2.0956075 1.3228768 0.739218 2.8238661 0.71139705 2.9628575 2.8582766 2.1964774 2.6656938 -1.5301534 3.6612923 -2.459236 -0.32162908 0.284138 0.25361392 -0.51391286 0.48239335 -0.9183922 -0.5730367 3.6197398 0.88493687 -1.1059995 0.64314854 -0.70183825 -0.80976796 -2.8277555 0.59509575 -1.2858943 0.5880436 0.52621984 -2.2165978 -0.49273115 2.2748353 -1.1408061 -1.8545789 0.52424705 0.74513733 1.5750247 -0.6981012 1.366404 -1.8540937 -2.368699 -2.5924668 1.2690234 0.7674076 -0.77896047 -0.75750846 -0.9691001 0.92752963 1.1747608 1.0287871 0.0083178505 -0.056784872 2.6267502 -0.22657843 1.3886774 -0.15721898 -4.4708614 -3.9238174 0.8284056 -2.2394254 1.244489 -3.0298026 -1.748383 1.8042419 2.265786 0.1737778 0.11207551 1.6038505 0.2874771 -0.69816786 0.8140409 3.3236268 1.2914532 1.3290364 0.45203695 -0.077348165 1.846557 0.62628114 2.0754883 1.2384734 1.9650475 1.0146136 -0.50286937 1.7219496 -2.3441417 1.65987 0.6257662 0.23341917 -0.08977362 -2.1347775 -2.911499 1.2074844 1.1609743 -0.34085506 0.15303068 1.6758822 2.156697 0.29501343 1.7455245 0.43177247 -1.4498434 -2.6802747 1.6095905 1.0426823 -1.0608089 3.945865 -1.3904823 -2.013852 -1.5896283 0.81058276 -0.96886414 0.5172153 -0.34359032 1.2355592 2.179743 1.0793028 -0.9858699 -0.6778497 -1.0456177 0.41924524 -0.1534378 -2.2909846 -1.6449541 -0.88937634 1.5373101 1.1155912 1.6328614 -1.0583044 -0.53875685 -3.372129 -1.4248829 -2.5440326 4.6576705 -0.14233173 -0.06294031 -1.5375447 -2.0371664 2.6507165 1.699108 1.3993728 0.26027295 -4.0889325 0.22249185 -2.1508536 2.4064763 -2.3137136 -0.63460624 -1.4349544 3.0349038 1.9110552 2.5041697 0.13424349 -0.78985846 -0.3778063 -2.9926288 1.10773 0.078661315 -2.7359848 -2.392443 0.0817801 -0.49825218 1.2918802 0.16217718 1.1939343 -0.87859774 0.13282727 -0.9752173 2.7930968 -1.2210888 0.6034442 0.19832788 2.5854745 -1.9382184 -0.08076109 3.2743955 -0.82544744 0.9498335 0.6373101 -0.40448812 2.1707017 0.7974414 0.9522077 -0.54291236 0.77418154 1.3784094 -1.1977973 3.291468 -0.29465535 -1.6173042 0.08855169 -0.6463124 -0.67703867 2.3840172 2.9478447 2.2046473 -1.8479977 -1.1141841 -2.7608414 2.3058088 0.08297763 -1.084359 -1.7966613 0.1539928 -2.8036222 -0.47577125 -0.32266587 -1.3651543 -1.9228631 0.3022627 -0.68404317 -0.29904988 -2.1146991 1.6555396 -0.28044873 0.097445756 -1.1998438 0.45366198 -2.9759471 0.43238476 0.58248687 -1.0668397 -0.56501913 0.6024609 0.43989953 -1.7368408 0.7179913 1.1360614 -1.6249006 -3.6922135 -0.3400482 -1.9331508 0.017886667 1.1535869 2.4517643 -1.3073246 -1.2078168 -0.6970152 -2.4546545 1.6108867 0.46146432 0.3069066 -2.348803 0.9788959 -0.81314313 -0.56644845 -1.1766576 -0.16371581 -1.7454259 0.1465706 0.3323258 -0.170675 -1.2702781 0.9571327 -2.785283 -1.1151774 2.567875 1.657222 0.29233125 0.9987065 -0.63452226 3.366776 -1.142101
raisin 0.17905064 2.1984088 -2.0456274 -0.8077869 -2.9648428 -0.38535956 0.09184464 1.286409 0.5336092 2.7498038 -0.04699886 -3.2273703 -1.1418804 1.1209152 1.4046413 -2.4475582 0.73448485 -0.78008026 0.17313263 -1.2593541 0.5216915 -1.3789978 2.2750878 0.64040846 1.9966316 1.8204807 -0.2430393 1.2771009 -1.3827102 -3.0083916 0.7358605 -1.9736665 1.1285828 0.27444082 -1.8033116 -0.33066073 1.5959903 -0.28991526 -0.66467243 -0.85816145 1.2435685 -0.629045 1.6618106 2.5859902 1.858905 1.2909055 -0.16661304 1.805021 -0.0517522 2.6274486 0.6236089 2.1994467 -2.0187533 -1.2216803 -3.3199606 0.6630752 0.087460965 -0.46948397 -2.9795697 -0.37783405 -1.3776253 -0.019634103 -1.5508943 -2.1123066 1.1762651 -1.6652579 0.32072252 -1.2000889 -3.3706565 0.5732282 -3.404114 -1.3578349 0.09627204 0.21565212 -1.6410495 1.6765605 0.24040128 -0.12215223 -1.0141476 1.4068378 -0.658392 -2.2407484 -1.0561738 -2.0380695 -1.8809179 -2.4764912 -0.81002235 2.570371 -0.030934399 0.7120854 0.22414486 3.6459167 0.3103213 -0.9590004 -1.472663 -1.2038999 -0.038220864 -1.2821065 -1.0764674 -0.08119999 -1.4353057 1.3595959 0.53471756 0.014825966 1.5356996 0.73933965 -2.322255 0.5641967 -0.6048369 -0.46634358 -2.117533 -1.1658391 -0.8072983 -0.6240194 0.9664017 1.0930468 1.327558 -1.3296205 -3.134893 -1.9455502 -0.60065484 -0.47703534 0.83349204 -0.08612779 -1.4850882 -2.5904293 1.6732544 -2.1481686 2.6664639 -0.2809921 1.6180482 2.916053 -1.1025658 1.1885781 1.9224666 -2.582944 2.4030113 -1.1118916 2.8329647 1.8866888 2.327058 0.25025722 -2.0987868 0.22422016 -0.21463849 -1.22027 -1.8775816 0.36029112 -0.6806634 0.39862135 3.1508634 1.9579047 2.1930463 -0.40250424 -1.1781532 -0.95688397 0.37711963 0.016484283 2.267036 -0.9646586 2.740524 -3.6525023 0.11220146 -0.04864513 -1.1651043 -2.3378267 -0.20478293 -1.7221078 -0.92150533 0.84650517 0.29439265 -0.2032851 -1.3590535 1.9325706 -0.48335946 0.61340404 3.0491788 2.9510915 -0.63270074 1.6394173 -1.2507662 -0.9751107 -0.9340368 -0.61694485 -0.028236862 -1.6961123 0.7795457 -0.64885503 -1.3168522 2.6959443 -0.005643746 -0.7230696 -3.3885627 -1.1906554 -0.29206917 1.5389614 -0.18056738 0.98787165 0.0049450146 -1.9111015 -1.607362 3.239037 3.8666973 -0.46728125 -1.5517104 0.027020523 -0.1996974 1.0153598 -2.0868158 1.1843927 -0.40673754 2.6897678 -0.039651923 -0.2555467 -0.9237978 -0.9718802 -1.4487835 5.400904 1.7829984 -0.54267466 -2.6270316 -1.311679 -1.0844157 1.5377216 0.7916982 3.0296519 -4.6985292 0.9594725 -0.740861 2.514442 2.119165 0.53508174 0.04153312 -2.7012665 2.429335 0.40915945 -0.49976856 1.1419243 -1.5502328 0.5567606 -1.170664 -1.0471916 -2.1515744 1.182035 1.7052478 1.1161561 -1.3951128 -0.38550493 0.35413703 0.3079717 -0.9140889 -0.492463 2.8297496 0.093875326 -1.2978318 0.21477957 0.7383991 -0.50815254 -0.1499313 -0.9910907 -0.0030200928 1.7935748 -0.93477833 -0.12122322 -0.45476592 -1.4429487 -2.5574424 0.37676522 -0.1484517 -1.2120656 -1.1085134 1.4315345 -1.12434 0.24992399 -1.4572426 -0.7466687 1.5520746 0.53146034 -0.8360881 -2.1621494 1.9021678 1.7970761 1.3126643 2.5453188 1.450176 -1.2732497 -3.4919584 -1.1155562 -0.28828526 -1.6625304 -2.5255072 0.6310985 0.4998988 1.6486264 3.050867 -0.6895817 2.9346483 2.316255 1.1075851 -1.224972
animal -0.2671984 2.14259 -1.8373631 -0.8668407 -1.5812838 -1.3427862 1.5843996 -0.23182476 2.6061032 0.3792733 1.2129985 -1.8009918 1.1762979 -2.0982447 1.6133201 -1.9362241 -1.7006695 -0.35927746 3.6412027 2.6320264 2.261452 3.531252 1.018304 0.5821449 0.39426878 -0.2887643 1.1218127 1.6931204 0.10806401 -0.2935281 -0.13209507 0.20853087 -0.17220467 1.9208509 0.5962309 -3.775381 0.06872355 0.2653121 0.39936188 -0.90741783 -0.2797139 -0.45733932 0.2028072 3.3456845 1.0854676 -0.08808213 -2.781495 3.12966 -1.594629 1.302887 0.9982891 -0.4541299 -1.1346507 3.0560625 0.24272062 -1.1397518 -0.12508765 2.1366599 0.7355078 2.6337984 1.1763401 -3.155066 0.5365324 2.1184764 -2.9414997 3.230525 -0.28367656 -1.9011153 0.74104875 -2.95762 2.301761 0.44464585 0.18010785 -0.4377379 -0.34518525 0.48979652 1.2749337 -0.50342935 -0.92838585 0.2696882 0.79571015 -0.053232495 -1.9609901 -2.9936655 -0.36229655 0.33239794 -3.057629 2.1054864 2.9436488 1.0268027 -0.2628528 -0.80445373 -1.162076 -1.3943949 1.0332981 -0.9688474 1.249287 1.3761154 0.31080356 -0.13156854 -3.1589313 -4.301811 -1.3534269 -0.023311676 4.70891 1.3563064 1.7570515 -3.4925377 -0.42165235 1.7914283 1.1103916 1.0875874 -1.9391627 -0.6296472 -0.03534224 -0.22003019 -0.9227333 2.0014832 0.77590925 -1.083814 -1.1145772 -0.10752543 -1.2228488 1.1323308 0.25308815 -0.6735343 -2.4694102 -0.0448562 2.2247167 -1.4790667 -0.28825045 1.7424366 -1.7316017 -0.7046233 -0.38023612 2.6217208 0.912779 -0.28843135 -1.0083523 -1.9704366 2.0780187 -0.3060183 0.58539 1.6244168 -0.89996755 1.3836958 -1.5305005 -0.9867137 -0.9215981 1.7948068 0.39206132 0.74301034 1.4848261 -1.6246814 2.1339521 -2.8109553 1.6385741 -2.678241 0.111973315 0.35076734 -1.1261697 -2.308812 0.7705468 0.37044576 0.9070129 1.2947146 2.126507 2.3087795 0.3408372 -1.149666 0.13329521 0.006342791 -0.718857 -1.4733588 -0.2824658 -1.9825993 0.06258476 0.14092319 -0.7790087 -1.4369643 2.3996108 0.81531644 3.3146348 0.03426652 -1.6742731 1.0680822 2.7531483 0.6378448 -1.9371616 0.22663526 -0.7225535 0.9197856 0.47211367 0.533537 -0.50611 -1.9919666 1.5573221 0.53856736 -1.835579 0.06824397 -0.48252136 -1.4555053 -2.738123 2.4931362 0.40344897 -1.3634188 0.2236642 -0.05380625 1.3935783 0.5048882 1.8285741 0.89101976 1.5339823 1.2047441 1.7008756 0.7830752 1.6845281 0.24912713 -1.4582725 -0.67141896 1.1634648 1.0053649 0.44949025 -0.86144114 1.7931982 0.03708513 0.6463344 -0.42393 0.5276438 -0.52462924 0.85961366 1.5401073 1.2301323 -0.1027372 -1.3191203 -2.7427125 0.81268746 1.2524256 0.32428896 -1.9456693 -1.7607068 0.5942998 1.8829048 2.698857 -0.27514103 -1.1158556 -0.47593957 1.037275 0.5710988 0.80942804 1.1914806 3.6788816 2.318033 -2.567422 0.6567318 -0.927642 -1.5208094 -0.18838516 1.8431946 -2.3339527 1.3977637 -0.58285636 0.38541946 -1.9516252 0.067857355 -1.8986752 0.9946982 -0.81723404 -1.2673646 -0.57681465 -4.447877 0.62921816 -2.3969865 -2.5371237 2.4070013 -0.8971478 2.037505 -0.70075333 2.4372241 -0.32563 2.5512323 -0.53500843 0.17466551 1.2830667 -0.59883475 0.35416037 -1.0928175 0.25300604 0.019442353 -0.73848665 0.3688581 0.94399416 1.2367789 3.3845146 1.8398058 1.8984345 0.45907566 -2.2879326 1.8009219 -0.045222446
anise 0.17046805 1.7752727 -1.5044259 -0.11276867 -1.9885899 -1.5953277 -1.8953241 2.712831 0.7303951 -1.1484921 0.4934091 -1.9776946 -1.2103752 0.5238409 -1.0167681 0.5674246 0.23426697 0.29596412 -1.0997033 2.3577385 0.7235289 -0.40452757 1.2502787 -0.76289546 0.86950165 0.30570814 -0.43720412 2.120122 -1.7258852 -0.5661553 2.7426503 0.054818884 2.6807928 1.0546653 0.9928228 -0.36293492 1.3970369 0.079550296 -1.8205407 0.14407803 -2.4915771 0.17354473 0.43990687 -1.1769 -0.40482926 1.9683305 -0.2881335 -2.9371078 1.6692758 1.2626802 0.828015 1.3478283 -0.34144184 -2.3170547 0.47290197 -0.031252574 1.4871349 1.6739699 -0.7524112 0.63077384 1.4277822 -1.7605345 -0.54837763 0.4900145 4.0361085 -0.49546403 -3.4810767 0.41189733 -0.004936262 0.69943625 -1.4088334 -1.4112923 0.64607745 -0.8863403 0.974287 0.7543314 3.0275965 -0.91745824 -2.0994954 0.98234487 -0.4944892 0.6301109 -1.5697206 0.60233015 -0.15557168 -1.2897377 -0.2641249 0.5354976 -0.9065411 -1.9893541 -0.31919587 0.54634905 -1.210132 1.5759584 1.3290715 -0.7516101 2.2563322 -2.225628 -0.7515431 2.4580793 -0.50444216 -0.44913757 -0.039596904 -0.09640761 2.6063805 1.406318 -0.2114668 1.1090027 -0.76580256 -1.406685 -0.96047205 -2.5054276 -1.5197197 -1.4908195 0.7727176 1.7222071 1.3175062 -0.53009045 -2.4957497 -0.75670123 -2.5318627 0.1835864 0.21237326 -0.5452603 -0.71748465 -1.7391864 1.32404 -0.53756434 1.6591538 -0.13071954 0.6069372 2.3113034 -2.139792 1.785761 2.2811334 -1.0328307 -0.28723994 0.8696557 2.372088 -2.172932 -2.0788426 1.3147038 -1.9644102 -0.84743154 1.7690129 -0.9394816 -1.1923089 -1.1356887 2.0794811 0.88821685 2.421058 2.3252134 2.1174014 -0.2624129 -1.4684478 -0.5069287 -1.0929557 0.40501904 0.15057 -0.75037885 4.550206 -2.1179771 -0.9811084 -0.026692068 -0.54508805 -1.6383674 2.061703 -2.5096478 -0.28335488 2.2575166 2.4627995 -0.417705 -0.5868858 0.5200453 -0.75039506 -0.63408357 -0.41465726 0.22197276 -1.7235876 -1.1433399 2.2824693 -1.7902615 -0.7349652 -1.643929 -0.56097597 -0.28739777 1.1144922 0.17373595 -3.1281173 1.8678292 -2.1957126 -1.4060869 1.0210556 -0.6523835 1.6084327 -2.461217 0.21442752 0.30968863 0.9088093 -2.4279983 -3.2982323 1.2628686 2.2977338 -1.8175312 2.2087653 0.22111817 -0.01407049 2.777224 0.8087571 1.5570488 -0.40377927 1.566833 -2.4220145 0.075384125 -1.955864 0.34617162 -0.6959601 0.7117759 -0.5982069 -0.6358254 -1.4911321 0.0786206 2.478648 -1.2586966 0.63943315 0.5203468 -2.1369283 1.9653383 -0.14169566 1.9671649 1.727354 -0.7309775 0.7102147 2.189291 -0.67869914 0.81903076 -0.9338429 1.2727116 0.9129348 -1.7892373 -1.7075206 0.07369656 -2.3101242 1.9407018 0.43620652 -0.8685469 0.48729712 -0.4283302 -0.8686829 -2.3331974 -0.7841013 0.31715924 2.0904827 1.2395787 0.053491123 -1.0603081 1.0105964 -0.2124221 1.9764037 2.139139 -1.7472564 1.988663 0.9275287 -1.3826985 1.3438958 -0.48472166 -1.0008987 0.66620165 2.7941704 -2.3809137 -1.3251448 0.41660172 0.07384812 -0.3413692 -2.1483028 -1.0535805 -0.98022205 -0.45225695 1.4022179 0.32205647 2.6695027 2.0667012 1.2457975 1.1942017 -2.720611 0.5130283 -0.8803486 -0.9843084 -0.728235 1.4128664 -0.022677539 1.7163846 0.024292575 2.7453382 -0.18247464 2.6409376 -2.046839 -1.0052426 0.29319614 0.88221526
potato 0.00410011 3.233631 -3.0327706 -2.2039504 0.7040344 1.2453529 -0.7429335 2.7432787 -0.00739212 -1.6839432 0.19561577 0.06260423 -1.704309 0.12696981 1.6060436 0.5860955 1.6883588 -3.5750751 1.175323 1.3799586 -2.8925848 0.30801433 3.1247053 -0.8312044 1.3154988 -0.96840775 -1.0171487 0.14377803 5.2263436 0.49599218 0.21983719 -1.3276668 -1.3041788 -3.2336557 -0.35003805 1.7563401 1.1339046 1.7712089 0.272735 1.1784515 0.4573544 2.4286337 3.6064498 3.390905 0.2717926 -0.7946089 -0.3852934 2.3923619 -1.3838654 -0.7791555 -1.1209677 1.0391477 -0.07195629 2.11258 0.4780853 0.6101725 0.85578614 3.311487 -1.9894602 0.9597105 -3.0127633 -1.1665118 -2.6826506 0.5088371 -1.2793312 -1.2477412 1.3739265 -3.8027127 -0.34901664 -1.6322708 -1.0288987 -1.002897 -1.3419436 -1.6776683 -0.30471307 0.50192446 -0.37339872 -0.77868974 0.9153789 -1.7721146 -1.9103864 -1.8428593 -2.045508 -1.47077 1.5603918 2.3217862 2.3928533 2.3227692 1.5122006 -0.1514685 -0.12024496 0.35810426 2.826543 -1.7638001 -3.8114176 -2.6127355 1.1887418 -2.1947498 -0.000110661 -1.2808813 -1.3637888 2.3165386 1.5737728 -1.2728362 -0.1445412 -2.0614114 3.0608268 -1.1371212 -1.1174395 3.0954714 1.9026723 0.20024051 2.1863928 -1.9853381 2.4208312 0.47533447 0.07609989 0.46200672 -0.47717923 1.302661 -2.8511212 2.3624723 -0.598651 1.7129787 -0.7385698 -2.340335 2.4366393 -2.4525788 -0.95112693 0.68180585 3.0612547 1.4307804 0.7966991 0.6962669 0.86667484 -0.3839192 2.4319382 2.4485176 -0.6795585 -1.1366358 2.2541332 2.1391096 -0.8985201 2.0492015 1.5681294 -1.0114771 -2.0326388 -0.45219558 -2.7461877 -0.9981564 1.7113712 2.2373145 -0.8364375 -0.07205527 -0.84633297 -1.76979 -1.6095383 -0.88641274 0.110500135 0.122699246 -0.37437743 0.76962477 0.9975409 -4.120643 0.015691264 -1.1639973 -2.258734 0.8617312 -1.4552879 -2.0014899 -0.017238235 1.345131 -0.21563692 -1.6241026 0.38784754 0.20869024 2.671516 2.8815088 2.2681222 -4.8039203 0.80957603 -3.078998 0.36311278 0.5728751 -0.78588575 -2.3116336 0.47200987 0.72898173 2.2159173 0.020737963 -0.22849378 1.0693402 -1.9621699 1.404955 -1.2973142 -0.4981304 -1.1460967 0.7743703 3.2358286 0.5796053 0.72728604 1.6009914 3.6984832 0.17865697 1.2924533 2.9659789 -1.1308092 1.9546418 -0.17487723 1.6981999 -0.537338 1.1043097 2.5177376 1.4038062 3.3758483 -1.4359819 -0.43099004 0.74190426 0.73729056 0.49980226 0.4794551 0.34108546 1.4939333 1.2228726 2.1325293 1.6866323 -0.8257795 1.4344015 -0.050374657 -0.6659353 2.7567782 0.27697113 0.95246077 -0.5335707 1.383782 0.64907604 2.7203968 0.19080302 -1.6734109 0.24671642 2.0302863 -2.2908807 1.8958864 -0.77336496 -0.5069193 -2.170732 -2.5602126 0.45622206 0.08127373 -1.9698864 0.19126356 1.3079146 0.09729361 -2.716044 0.31995463 -0.56398684 -0.3604326 2.5463276 -3.2225122 1.7331929 -1.6554902 3.5074527 -2.4864218 1.1742163 1.3920045 -1.4308803 -1.4982027 -0.1837181 -0.44374537 -0.7536923 0.8830803 0.79396343 -2.6356137 -0.63985246 -2.1069698 0.43027025 1.3639852 2.15115 1.200573 -0.54224813 -0.69400024 -0.48934358 -0.17053778 -0.73157686 0.662127 0.6048051 0.17080867 1.9666308 -1.5495869 -2.018607 -0.7700916 -1.2926061 0.137788 2.5614915 2.2808564 1.4742519 -3.269137 -0.5823191 2.9308631 -0.88961667
garlic -1.18056 3.7241645 -3.1950636 -0.31059298 -0.9271224 1.0915431 -0.99108285 4.054682 -0.08599188 1.1754402 -1.6767083 -0.478222 -2.13479 -0.0081781065 1.1763717 -2.2539384 0.9498772 -2.969973 -1.6688697 -2.324774 0.58468926 -1.7028396 2.624595 -0.7093854 2.241119 1.6790544 2.1433778 0.5870808 0.8169597 0.46063942 0.40385035 -3.1316993 -0.97522575 -3.2431974 1.676588 -0.10553781 1.7436147 -0.5959494 -0.9876666 0.27133214 0.9626219 1.6917728 0.03090268 0.42521605 1.4657537 -0.10565558 -0.85799325 2.089796 -1.0187657 -0.8170509 -2.8526928 0.63870835 0.8437727 -0.16270138 -0.17448178 -0.53573924 3.435301 1.2425565 -0.9249106 1.5035355 -2.8261633 -1.2481154 -1.9050233 -1.2538629 0.6291922 -0.26881745 2.0627902 0.3169973 -1.4843289 -1.9036335 -4.880262 -1.0334109 -0.03754591 -1.2908552 0.8541968 -0.8937576 1.9625986 -1.2066053 -0.3781535 -2.7147155 0.06793599 -0.9664682 -1.3102254 -0.13447286 1.8277404 0.78497285 0.74552834 4.266797 1.1910214 0.6316315 1.8571793 0.32095006 1.378611 0.8947848 -3.9373865 -1.4005113 3.0291789 0.3192072 2.2763438 -0.7054086 -2.7879345 4.741544 1.3786503 -1.1628922 1.3692241 1.2696271 1.2323853 1.2579701 1.8987069 0.6899544 0.7579793 -0.8441951 2.7723324 0.1656252 2.1935136 0.08789537 -1.1384251 -0.3179125 -0.3024398 0.67756885 -2.1827698 1.9470494 -3.4291213 0.91755843 1.427772 -1.394405 0.38290316 -0.32127336 1.5568459 2.5485132 1.191266 -0.7067106 -1.9618753 -0.05127432 -0.9261009 -0.6500667 -1.9939772 2.2026246 0.47218955 -1.1786261 1.7173069 -0.21428971 -0.6291634 3.2429018 2.3595405 -0.7290892 0.28743002 -0.074097596 -0.82337946 1.7777846 1.2910264 0.027667338 1.9962473 2.9991078 -2.8825712 -2.8386323 -5.4505734 0.90790814 1.5740644 -0.3333309 1.0535569 0.75786394 -0.11869692 -2.6024098 -0.8762977 -2.538727 2.1223266 -0.9123585 0.51828945 0.50494576 2.3116574 2.254144 1.0565892 -0.23560774 0.93503296 0.33233732 0.6065421 1.8039448 -0.7266384 -3.5057354 2.2422204 -3.2829783 1.9108775 -1.5126405 0.028394641 0.5690179 0.8145084 2.6617923 1.2240105 0.19066332 -4.6962314 1.3885 -0.25841954 0.7086049 0.053680282 -3.0867848 -0.42858693 1.3294861 3.8050792 3.3146577 -1.1920542 1.2825085 2.2441523 1.240138 -0.19417141 2.0267065 -2.1513789 1.4602058 1.2567186 -0.018139614 0.8407544 -1.2984546 -0.39630067 0.6879818 1.2605847 -2.3010232 -1.0583123 1.2468523 2.6802235 0.62895775 2.2399411 0.17914541 0.7184763 0.050079897 2.366384 0.5986374 0.19642204 1.8263539 0.6306647 -0.22306257 1.7346698 -0.72669804 -0.32393855 -0.38254717 -0.4717909 0.90002894 1.4100472 -1.3585308 -1.7800534 -0.57663697 -0.78315395 -1.7593527 -0.7002875 2.51652 -0.9455752 -3.119996 -0.6040035 0.77017397 1.5102509 -4.0642424 -0.87608474 -1.4748424 0.33505222 -1.0243939 1.060608 -2.434725 0.15153559 2.4340582 -1.2748263 2.5351431 -2.5004148 3.4796824 -2.298356 -1.4691924 3.1846998 -1.1771649 -0.30971825 0.66732717 -0.32616088 0.051235553 -2.1490161 1.0790396 1.0571766 -0.516574 -2.2806203 -1.5241481 3.7469435 -1.2671593 0.38417324 1.1085111 1.4664627 1.1325896 1.2630358 -1.0209391 -1.2661395 1.6693784 0.84682596 -0.8936582 -0.14129184 0.027419217 1.597856 1.3354247 1.1852568 1.7210476 0.8540512 -0.5020932 0.08579315 0.5021432 2.6656024 -0.5617002
soap 0.03751754 0.9108516 2.0067317 -0.5911848 -2.5060256 -0.23639955 -0.63151556 3.1011302 -0.6825999 -1.0326147 -0.088309884 -0.7890233 -0.53822285 0.5765449 0.857376 -0.7341739 -0.1474717 -0.7461009 -2.719308 1.4519011 -0.5565225 0.3316098 2.8837025 -3.7245 1.7596545 -0.27306965 -2.0037727 -0.8580007 -2.3320932 0.23361541 0.032586426 0.7473038 2.4050384 1.9511081 3.3697057 3.2096229 -1.0543274 -4.6246114 0.43214133 0.96112424 -0.5441093 -0.73945576 0.4662483 -0.15295976 2.1096754 0.75358576 1.175963 0.3770185 -1.8235542 1.6181644 0.098859854 0.9947635 0.2760655 0.029211331 1.9018135 -3.0331218 -3.052034 -1.2872211 0.34950876 -1.8782337 0.5195924 -0.24600852 1.2786683 0.37828812 -0.2891785 0.5314633 0.39858112 0.16552125 -0.88797617 -1.4577047 0.755836 2.1175954 0.14078674 0.61966354 2.6118515 3.3103712 -0.40345022 -0.12428505 -1.8163819 -0.6179618 1.0801421 3.5669956 0.91321313 -0.1377768 4.4349422 -1.5568452 0.37277296 0.19959916 -0.10442957 -2.2529504 -2.784973 -1.5101801 1.3139684 0.5877534 0.07150732 -1.4018602 3.4911897 -1.7716106 0.36554602 -0.002822462 -0.6612946 -0.28374484 0.30882996 -1.2466685 0.60254157 3.232786 2.193596 0.3541632 0.5747663 1.0736926 2.2019706 -2.1287024 0.13768364 -0.046751205 0.24558547 1.5632428 0.046811365 -0.45223173 -0.8214034 0.6448539 -0.14041428 0.08869788 -1.0577172 -2.0884023 -0.044497944 2.0427535 -0.9134413 0.27585968 -1.0006585 -0.6664383 1.8351011 -0.7038863 -0.9239142 -0.8372836 -1.2293824 -0.52076465 -1.2671393 -0.050391216 -1.8842711 -1.0042809 2.567587 -1.4788907 -2.3062506 0.8874933 0.07471908 0.54773307 -1.6220112 1.4760517 -1.1489767 2.1837945 4.2554135 -0.39218897 2.0342433 2.7309809 1.5346501 -0.6346722 1.1422131 1.2344679 -2.518984 0.34551534 1.0809153 1.382138 0.8424834 -1.6694039 -0.15808873 1.5818402 0.053808544 -0.09167233 2.4274223 0.87215763 -0.42046353 2.2945747 0.5718016 2.6380308 -1.5295662 -1.0003375 -0.079034664 0.8200213 1.3228711 0.812785 -1.4705426 -2.9458408 1.7236259 -0.8696993 -2.0027251 -0.3956195 5.478336 -0.3225197 0.48647115 3.6829064 -2.2777464 -2.9260652 -0.8066422 0.18798472 0.46623245 0.07812246 -0.4122209 1.4832842 -0.92979974 1.6522115 -1.8248872 0.49367413 3.7351038 -0.42569676 1.5929066 -2.2455466 0.87373894 0.31285015 0.20019425 -0.78704983 -1.5165937 -0.50964314 -0.13818948 0.9783768 0.08285936 2.1353965 -0.22179145 -1.1181669 -1.2510046 -1.8900157 2.629889 -0.13583839 -0.8241142 -1.3293748 1.0539927 -0.5355096 1.1300421 1.4094888 -0.4522686 1.0461692 1.6741089 -2.2970376 -0.07632464 -0.52422345 0.8088177 0.31194153 1.1665555 0.41668937 1.3279204 -0.09375193 2.3678515 2.5852358 -0.2326422 1.52198 -0.24983917 -1.2320354 0.3813618 1.2281896 -0.2816863 -1.7488633 -2.3942597 -2.017269 -0.57753193 -0.121506415 2.5846434 2.1477163 0.12607312 0.12626265 0.7448261 0.57696414 2.0851707 -0.39138523 1.8304138 -1.7572917 -2.3714018 1.7757826 0.47108638 -1.9978715 -0.35049105 2.8756363 -1.6866845 -3.0908136 -4.5384912 -0.06902358 1.6068419 -0.53865564 -0.16094533 0.76586586 -0.54496 -1.1220005 3.158857 1.7634217 0.6508654 2.1717052 -0.7376079 -0.5464831 0.8033173 0.54274184 -0.32937694 2.0897846 0.40821123 2.381389 -0.45609435 0.83852804 -0.6808008 -1.645295 -0.6202404 0.714798 2.7614644 -0.8317406
geranium 1.6654125 -1.1715411 1.6455146 -0.5906148 -3.9463077 -2.0994673 -3.089105 2.8833685 0.57168484 -1.856136 -0.42791608 -1.3443242 1.5055956 -0.9716463 -1.2801595 -0.28451756 -0.17445847 0.6917497 -0.7702184 0.6676307 -0.34558332 0.7604382 2.4751914 -2.9401407 1.6311655 0.9644583 -2.9534545 2.0574648 -2.6447828 -0.39145783 0.6710301 -0.006683805 2.742034 -0.36076844 -0.022635855 0.20434844 -0.11202454 -2.3524525 -1.7492889 0.550732 0.2687841 0.08675074 -2.34262 -1.7224338 0.7701776 1.9192361 -0.66615015 -2.3058925 1.1911737 1.3962902 0.46686995 0.7003426 -0.7970456 -0.8526148 0.9096809 -0.4115763 0.8287962 -0.2995217 -0.5830077 -2.741102 0.9165019 -1.4608377 -1.0342863 3.1962008 2.5698693 0.7475026 -2.8807273 0.9482304 1.5349494 0.109432496 -0.508227 -0.7576034 -2.672344 -0.6964313 3.033606 1.7773633 1.3662052 0.2632231 -0.22263022 0.9248563 -0.53881305 1.0552238 -2.2633283 -0.9850504 0.57737935 -1.2789474 0.044027608 -0.4439465 1.4958546 -1.8289243 -0.9602028 -1.1578995 -2.5619907 2.5971048 -0.16002081 0.040772673 1.521443 -2.5262632 -0.22046909 0.29961753 0.012186227 -1.5514085 0.4381053 -1.0721362 1.7088062 1.6908348 0.24690397 1.0541303 0.34252456 -0.18924822 0.9619115 -0.6086276 -3.2873988 -1.8223625 0.18297955 0.19721529 -0.35174716 3.2024226 1.2054616 0.71170735 0.23680352 0.44045174 0.23663361 -3.6159728 0.9038596 1.5132935 1.9387728 -2.0288343 0.92277616 -0.22080985 1.5427533 0.3265763 -1.0514352 2.207847 0.6675251 0.35248774 1.0275042 0.82839215 2.6396594 -3.1929107 -1.564214 -0.3774357 -1.6000736 1.1832623 2.7911468 -2.5467184 -1.412762 -1.9851007 -1.4001062 1.5137057 4.538816 -0.14324981 -1.0310661 0.53441066 -3.1767883 -2.2917812 0.9704673 -1.0898002 -1.3711815 1.7218164 1.6695344 -2.1123998 0.92229015 -2.8167076 -1.1762348 2.1361701 0.0058141127 -1.1211427 -0.06254706 1.5351605 3.2085373 -1.2565086 -0.32951352 1.3513571 0.1312048 -0.76696694 1.6994755 -0.49859667 -0.99018747 -2.5088785 1.7347845 -3.1053116 -1.5589895 -0.42813206 0.32502016 -0.047085334 2.47989 1.5930779 -0.9520038 1.47764 0.6953878 -0.114401504 2.2194703 0.83598167 1.435364 -1.105049 -3.0195863 3.40788 0.77536875 0.94984776 -1.4278389 0.48872355 3.6844747 -0.65502095 2.6726818 -1.8729609 -0.40244454 0.7130953 0.92812985 2.2222223 -1.4441854 -0.10448601 -0.88119704 0.67346185 -2.34119 0.7482168 -2.0169044 -1.2153424 -0.4899129 -0.3795983 -0.8821192 -0.13304302 -1.0272812 1.3045697 1.3523029 0.3040377 1.4358597 2.417045 -0.22532786 1.9578097 -0.90186405 0.46924654 1.5912865 1.726918 -0.99039036 0.9067232 0.12472195 -0.54904145 -0.2909163 -0.36165258 -0.76058424 1.4075758 -2.203246 1.8404568 -0.4665207 0.38839242 1.2348382 1.0079023 1.1001737 -0.766326 -0.46810657 -1.9508554 1.1283429 0.7115061 2.8018563 -1.6155055 1.1444606 1.6192551 3.1097293 1.6796417 -1.4009881 -1.042296 -0.80951065 -3.641408 1.096915 -1.1689934 -1.7308373 -1.641007 -0.13805933 -1.8858497 -1.5171456 -0.6590907 1.441842 1.2801137 -1.2143022 -2.009225 -2.560331 -0.5052005 1.100961 1.6833006 1.1025611 1.4705131 0.24826379 -0.20572355 -3.9956048 0.24950181 0.39484096 -0.083703235 -0.97785056 3.381921 -2.2176561 0.17629845 0.36195156 -0.04428102 -1.3274621 2.9196186 -1.1787912 -0.7028832 1.0857301 -1.2929221
pine 0.73358357 -0.02815019 1.719058 -2.0433564 -3.7131276 0.7987654 -0.93532026 1.4446647 0.4260656 -0.2228613 1.8123059 -0.2879552 0.019417996 -0.31981483 1.0317088 -1.1809876 -1.0666792 0.31546673 -0.10794732 -0.24620357 -0.61245924 2.2822676 1.945942 -3.6642017 2.4720428 0.10249419 -0.33598068 -0.62258387 -2.5921736 -0.01111507 2.365458 -1.2026159 2.5093107 1.8143445 1.379899 -0.3833458 0.2818828 -1.6328267 -2.1419063 0.41379923 1.2188398 -0.27859518 0.3503204 0.09945287 1.7882338 0.1716621 0.4932371 -1.6809552 -0.14451818 1.4748682 0.27974975 0.40778747 0.9405681 -1.1999388 0.7759258 -0.61372954 2.470014 -1.5547909 -1.7601562 -1.5736866 1.7297219 -0.47759756 1.4974518 0.697402 1.2976044 0.63286275 -2.5266175 2.1570523 0.71886975 0.51114357 -0.34437937 2.425815 -2.2251568 0.5878286 -0.09374991 2.8221827 0.5293819 0.53718317 -0.62385464 1.2848815 -0.27851033 0.4411952 -0.7353018 -0.18043564 -0.03468295 -1.1582502 -0.81147087 -1.2518418 -2.398498 0.1534515 -2.0450287 -1.2770566 -2.2092 0.5712339 0.60090053 0.8149917 2.0681438 0.14784099 -0.9455629 -0.33602962 -1.4987837 -1.1297016 0.44493943 0.39509773 1.0245242 2.7866995 2.142263 -1.280668 -1.8015312 1.9370242 -0.63708556 -2.1205125 -1.7308868 -0.09480001 -0.75332534 0.031201232 1.629335 1.0529674 0.067579255 -0.81378204 -0.2820794 -1.1924508 0.9264083 -1.2054695 -0.6647846 2.9901998 -0.40513116 -1.5283543 1.1849512 -0.08320486 0.7463405 1.436696 -0.63264656 -0.9635289 -0.18921372 0.19613843 0.83808774 -0.5688685 2.4295878 -3.2855048 0.22622013 -2.1525621 -0.09048489 -0.24810734 4.7963142 0.055460364 -2.6480188 -1.1061813 -1.1443386 0.6587103 3.2539434 1.7234973 1.0899545 1.1978519 -2.5997891 -2.7042592 -0.76786083 -0.97915155 -2.0343618 1.1646515 0.49004552 0.17813507 0.83141994 -1.5436603 1.4067365 0.41223246 0.4120537 -0.9620168 3.0584126 2.450434 1.446645 -0.29011568 -2.4102297 -1.3010317 -1.711099 0.98189193 1.0162563 0.82466465 -0.22462773 0.5089681 2.254514 -2.1214035 -1.2811757 0.042180747 -1.5076599 -1.6955035 2.45557 -0.6906252 0.12739556 1.2255384 -3.4277716 -0.31439266 1.1924506 0.5850615 0.60456604 -1.2450355 0.6227883 -0.0335156 1.9440695 -0.4781551 -2.3533425 2.0368938 2.4469748 -2.2995822 2.14804 2.1383193 0.10681284 0.81481886 0.55598414 1.6126798 0.23746198 0.047218096 -1.376642 2.5761573 -0.050522275 -0.8336087 -1.3865521 -0.967032 -1.5343605 0.83171976 2.0723617 0.40481338 0.60165685 -1.8803594 1.5378623 0.109104335 -0.43872076 1.2983947 1.0862178 1.2843654 2.659951 0.16434827 2.8044777 1.5164549 -0.35596398 -0.9699624 1.1034526 -0.5760672 -0.5916802 -1.0486214 -0.71320534 0.3296929 -0.46035793 3.0163012 -0.56587034 -1.0876518 2.088995 1.1766372 -0.18097736 1.5406787 1.0227273 -2.532287 1.383892 2.16687 1.2444623 -0.67112225 0.75552803 -0.33479792 1.587568 1.1201167 0.35181087 1.3757334 -0.77932835 -1.083676 0.592388 -1.079045 -1.5835633 0.24178897 -0.46137765 -1.7456288 -0.517155 -1.241883 -0.7213842 -0.24021418 -1.1506664 -0.24096596 -2.8687558 -1.3328161 1.3920023 0.56779885 1.4906715 2.4387689 1.5766208 -2.1709402 -2.2743566 0.73006475 0.6570738 0.54744047 -1.8801686 3.035955 0.7996173 0.9699296 -0.089356504 -0.65895754 1.4408586 1.3888689 -2.2897131 -1.7489576 2.3362832 -0.6668429
onion -0.6361899 2.0021732 -2.5745225 -2.6900253 0.37718162 1.1273855 -2.45488 1.8399597 -0.2182584 0.71764696 -0.9669162 0.8220644 -2.3329177 1.4096267 2.2752473 -3.2376199 0.2406072 -2.623126 -1.7395399 -0.15699537 -0.11130085 -2.2647011 2.5960042 -2.148752 2.1795402 -1.1261358 1.2369305 1.4427433 3.4420948 -0.043943763 -1.2475457 -1.797803 -0.3594592 -2.3981411 2.689467 0.9828981 1.2002699 0.69878805 0.4083983 1.3498459 -0.18511848 0.18910973 2.6016831 1.4012482 0.06261657 1.0302978 -0.76068854 3.3845434 -0.5791615 -1.0748248 -2.3977826 2.0900176 2.1067212 1.502428 0.197306 -0.12545048 2.9734883 4.37762 -2.4549854 0.768547 -3.2249153 -0.26450193 -2.9706655 -0.19102436 0.9785608 -1.3265185 0.38577792 -0.849614 -1.2858744 0.74070215 -4.3812222 -1.7091359 1.03657 0.13907675 1.4438092 1.9449271 1.5179886 -0.9362167 -1.6309924 -2.729466 0.072192475 0.22457874 -0.6317907 0.2169174 1.7632024 -0.9585652 2.3038995 3.2390769 2.0901754 -2.412496 -0.70423675 1.5024184 -0.4907151 0.3260052 -4.6461463 -3.268768 1.6368767 0.5256283 0.902749 -0.32734308 -1.5754119 3.91105 2.7054906 -0.62619376 0.059584916 0.2040576 0.9505457 0.76691765 1.8261347 0.80982983 -2.4242857 0.9245405 3.9536693 -2.4717536 2.1070404 0.46973163 -0.76170385 1.4541216 -0.38387796 1.4901673 -2.1213646 3.626807 -3.377308 0.044088338 1.4152452 -2.8309057 2.0641074 -2.0727305 -0.5109726 2.2398293 0.80408865 -1.2528148 0.26532215 -0.8686307 -0.34721655 2.764695 -0.46842209 1.3473262 1.0809438 0.04432023 2.0314987 -0.83142775 -2.3766873 2.4593236 2.925718 -1.6366546 -0.11459155 -1.7638808 1.1579812 -0.9094196 2.8951075 -0.40640855 3.2995408 0.5994278 -0.9815493 -1.9785719 -2.4330332 0.0686257 -1.4260293 -1.4349983 -1.1306883 -1.1040821 2.9897218 -0.7477397 -2.0016394 -2.2624967 -1.5034326 -1.6852021 0.62526715 1.3446414 2.694452 2.3440495 2.0061347 0.67499036 0.8718093 1.5494337 1.6496483 2.9147153 0.70905375 -4.7856727 1.0800538 -3.6601028 1.0983205 -2.8780427 -1.3772529 -2.209283 1.3105981 2.8806288 1.8322688 -0.34068176 -3.13423 0.6243526 -0.29993498 2.3823743 1.1609446 -2.5868893 -2.2301009 -1.0463982 3.4921868 1.3884974 -1.1008655 1.9821275 2.1686223 0.20401289 -1.3934753 2.6075885 -2.0891912 2.33972 0.778627 1.6106805 1.1339136 -1.3191108 2.8183954 0.5976182 1.5913731 -0.21132432 -0.73616207 2.3838105 2.9396908 1.2303346 1.6856662 -1.7900245 0.777963 -0.2254684 1.2532283 0.552901 -1.5283624 2.7843494 -1.3697848 1.6439029 4.1963086 0.16742802 -0.76181906 0.013839598 1.0954573 -0.45834848 2.338063 0.122832 -1.9266981 -0.36661553 0.94562685 -2.8405523 -0.38232926 1.4413786 -1.0879214 -1.0918139 -0.9632616 0.277515 -0.4640147 -3.5983763 -0.32786468 2.2435167 2.291566 -2.6010745 -0.21365534 -4.035369 0.13021265 2.8569982 -2.565023 2.7858138 -1.7353705 6.1847043 -2.8271885 -1.2596818 4.492614 -0.9194948 1.568724 0.61731964 -0.71243006 -0.39590338 0.5585797 -0.36212587 0.107561424 1.0346079 -0.18783857 -1.6056776 1.1263177 0.5982967 -1.7222013 -0.13170345 -0.08353156 0.6236165 2.2989326 -2.3299518 0.23767212 -0.38303623 -0.831881 0.516454 -1.2548828 1.7892692 2.7560499 -2.0615344 1.11709 1.3757684 3.2106285 0.4006625 -1.0359894 0.6319682 1.7079461 -0.27481163
vinegar -1.1875253 1.7673771 -3.6209755 -1.2990277 -1.2538692 3.3002436 1.3414148 2.0968246 -1.887021 0.27335328 -0.54612887 -1.3360503 -1.3434821 2.6236613 0.5122013 -0.46085167 -0.14329587 0.018437646 -3.1936538 -1.8378912 -0.08282747 -2.3557634 0.8016362 -1.4157122 0.8092725 1.1465706 1.163288 0.65024894 -0.6892125 -2.5766218 -0.4534216 -2.1904573 0.46134233 -1.5111178 0.5316354 2.445253 0.14848901 0.4218815 -3.5374157 -1.3990083 0.46528006 0.4928314 0.3739354 -0.105701 1.0872381 2.6667671 -0.07996628 1.7599496 -0.7889624 0.79739994 -2.5067942 0.09315377 1.8824522 0.014047547 1.1978296 0.25890562 0.40273416 1.6685164 -2.111317 0.08176176 -0.97138137 -0.66476417 -2.783067 -1.6680292 -0.053924076 -2.467923 2.462703 3.1211398 -0.5553711 -1.8398509 -3.5256557 -0.28846285 -1.2893221 -0.62075955 -2.8814309 -0.64811534 0.9579336 1.5719339 1.7659434 -1.0215528 0.86084837 -0.47754303 -2.3765626 1.4213543 2.8260684 -2.2121255 3.0141213 1.3663145 2.9458404 -2.1939924 2.151314 -0.17966071 -0.68941075 0.07930242 -1.324833 0.7362393 -0.08189928 -2.4654589 3.4312801 -0.21962222 -4.7187753 2.9323833 0.07189743 -1.1617836 -1.5184039 0.17446566 1.979587 -2.5146465 1.4222175 0.4135969 -0.46148205 0.41123682 1.5742714 -0.33318573 -0.16256759 0.9441914 1.302124 -0.70220304 -2.4659953 2.1828616 -0.3518966 -0.09169783 -2.2071302 0.27481544 1.8238721 -2.5476842 -1.8800026 -1.9806677 2.446521 4.0638456 5.051162 -0.08637772 -1.6244668 -0.12390487 0.54039264 -0.695418 -1.1282693 0.5158145 -1.2235458 -0.710706 -0.38248774 0.038073517 -0.05211389 2.3911252 -0.4499866 -1.6361712 -3.65283 1.1496383 -2.0958803 0.12734525 2.2072086 0.8562849 1.6957861 1.9808387 -0.6243774 -2.8999424 -1.1023253 1.0753416 -0.27703035 0.76511765 0.09855222 1.8720809 -0.12672055 -0.6799707 -0.43701622 -3.1256192 2.160845 -2.6785607 0.13577977 -0.3820781 3.5037162 2.1461425 1.9099836 -0.46844032 1.6862905 1.9650316 0.81442815 1.1096265 -1.6092335 -2.4305682 -0.30699977 -2.0538626 -1.1017385 -0.28234825 -1.3400081 0.8681688 -2.565517 1.4574054 -0.7323773 1.2733817 -3.0518599 1.8090209 -2.5718138 0.11329134 2.8289814 -0.79249966 -0.20171879 0.85002345 2.4309652 1.1993154 0.1673958 0.03096583 2.453613 0.48267666 -0.70006424 0.020434985 -2.3971782 2.0787964 0.23164903 -0.0133161 -1.9508697 -1.573744 3.0942044 0.70064896 0.8629679 1.7142271 0.021011874 0.52829933 2.9123368 -1.1193873 0.7189845 1.0197957 2.1274714 0.1501381 0.6463419 2.096623 1.7515496 4.812055 -0.950033 -0.43979365 1.5230845 -0.49418724 1.5628226 -2.1155868 0.68085885 -0.82395905 1.2814921 -0.33230332 -0.069768384 0.3833036 0.09829678 -1.2361082 -0.6199661 2.9946668 -1.6146935 -0.45234078 0.000932737 1.2369614 0.08732467 -2.5519388 -0.9809154 0.37376693 1.1658094 0.19797178 0.27602628 -2.279632 1.6320957 0.9469705 0.45702195 1.5653341 -0.21362828 2.134267 -2.6316557 -0.056055672 -1.0604241 1.9237912 2.515758 0.42884037 -3.3119717 -1.2147083 -3.6903932 0.25942093 -0.018725287 0.92102313 -0.86751777 -1.0504367 -1.6311393 -0.43453565 -2.773101 -0.53791255 0.3088343 0.18589465 -0.803795 -1.5022284 0.6905641 0.369506 0.7622259 -0.40131155 1.7997712 -0.40299064 2.3412776 0.14307088 0.5335728 0.5531386 3.1590989 0.6473717 1.0570917 2.5213273 3.1552105 0.16775626
grass 0.26330164 1.9442734 3.0768576 -1.6328856 -1.5593878 1.091109 -1.4813879 -0.74812365 1.1419097 -2.5687306 2.8863525 -0.54714215 -1.185294 0.7066552 -1.703807 -2.0059109 -0.7464429 -1.3168516 1.0889587 2.0875964 -1.5132942 0.90781695 2.5771413 -2.5801778 4.2357836 0.24436279 1.9805976 1.0449408 0.10082712 -0.0060071796 1.4253528 -1.4141777 -2.3948202 -0.60744107 1.9102441 1.1653857 -0.19156212 -0.38114935 -1.3261894 0.37693146 -1.7628323 -1.9097246 0.22952655 1.3251642 0.96937126 -0.15228572 -2.1376379 1.3609501 -2.1644297 -1.1567651 2.0113778 1.2882094 -0.22901577 1.9696779 1.5243293 -0.37315452 2.0837865 2.729225 -2.3339489 -1.8526791 2.0726118 -0.15871905 -1.4783778 -1.5478202 -0.8234877 2.2467358 -2.0643828 -0.94596046 0.8481928 0.0944008 -1.491168 1.4036847 0.11392589 0.5134723 -1.7597201 0.42622688 0.8504615 -4.085099 0.61402553 0.117128305 1.1260531 0.92460644 0.46701068 -0.86587375 -1.064067 1.2483442 -1.0386646 -0.3227713 -1.0253626 -2.2138321 -4.735779 -0.036054254 -0.5739542 -0.698309 0.89780575 -0.35203615 1.6599157 1.8265276 3.587613 -0.635309 -1.4251697 -1.3787601 2.437215 0.34809995 0.67459244 3.997743 1.3430825 -2.77189 -3.0016587 2.0856552 -2.443011 -0.8322003 -1.7643826 1.5108993 2.732493 2.4527733 1.6939447 0.70058006 0.8533351 1.2803649 -1.6710026 2.4955807 0.12106533 1.078475 0.4392043 3.1644592 0.6271724 -1.6061236 -0.4732913 -0.12704244 1.6656888 2.0968168 -1.5756767 -0.9482934 2.0723317 -0.057739694 1.0451834 1.100835 -1.0436888 -0.88287103 1.2129313 -2.5212524 0.17465882 -0.9526158 3.8998008 0.23576944 0.12875235 -2.7637138 1.446563 3.170992 0.6129599 1.1266687 2.5375578 1.9785851 0.06765667 -3.0162382 2.3579252 1.7063394 0.646881 -0.84304535 -1.464299 -1.7650347 0.70822144 -0.06808836 1.037906 0.28327724 1.4813088 -0.7420082 -1.391279 -0.46997806 2.7482607 -1.295472 1.0174237 -1.418938 -2.7067242 1.3919654 3.2280214 0.9616351 -0.36918566 -3.6611736 3.128675 -0.69927657 1.6124781 -0.17948584 -0.8019371 -0.74230033 2.9811907 -1.1161397 0.4956246 -0.06712361 -0.9560846 0.26116705 0.1341928 1.8922523 0.8923049 -2.4564815 -0.25770178 2.3428614 1.666456 -0.8011998 -2.061192 2.6683476 1.5872222 0.71643645 -0.60450065 1.1073529 1.2190592 1.2634804 0.85428256 1.4251885 -0.03346924 -0.75613606 0.61112744 0.79941285 -2.7738829 -0.5612357 -0.42027357 0.898722 -0.6717764 0.09959857 1.1378437 0.61912555 -1.805222 1.3346651 1.2018951 0.39857477 -2.453836 -1.6909996 1.8106357 1.4361913 -0.018955145 -0.25361538 3.0251393 0.5219498 -0.08635521 -2.2167437 0.8326281 -0.21196342 -0.13700198 -1.3339772 -0.84206015 1.0136783 -0.5575288 1.6820618 1.9541088 0.39911866 -1.6791035 1.077933 -1.4329779 -1.6753582 0.6764956 -1.1264207 -1.7105768 0.8867516 0.1681582 0.09099661 -0.85059386 -0.38857234 1.3690987 0.08835764 -1.3015354 -0.7190285 1.7300509 0.6380957 1.2795904 0.83029336 -0.5016935 -0.983275 -2.1117938 -0.09782272 0.39498082 -1.6984491 -1.8277601 0.96488965 1.4666815 -0.60039616 -4.149483 -2.757725 -0.5538101 -0.5502056 3.1984434 0.0042565335 0.8280753 -1.5987107 -0.6533055 -2.0902965 -1.368269 -0.8251732 -0.9130264 0.72710526 0.7864462 -0.26057148 -1.1594114 0.22443154 0.19041741 0.25389802 -1.6590097 -2.0570924 2.7542846 -2.096023
peppermint -0.08820463 1.564995 0.8184545 -0.44613305 -0.11614651 0.7355367 -0.01161196 1.4628432 0.7455837 1.3467783 1.7992617 0.9014342 -0.8977133 -1.4818759 -0.54984117 -1.6166594 2.2234826 -0.5916314 -0.76453775 0.1075505 -1.9363991 -1.2196764 1.0107532 -1.5720036 1.779851 0.11371086 -0.23978087 -3.0153182 -1.8309202 -0.23611082 1.7907505 -0.7558739 -0.5177549 -0.93620217 0.007376134 0.4215095 -1.8469833 1.0569977 -1.6388676 -0.2144869 -0.3276202 -1.0895902 0.2850941 1.5078104 -0.29208106 -0.39367577 0.2101783 -2.2186809 1.648688 1.7148207 -0.6564224 1.8156754 -1.7782748 -0.46430865 -0.24074404 0.71974 1.0754955 -0.35247967 -0.058372896 0.03981576 0.11990863 -0.1526318 -1.1041677 0.20357895 0.42677715 -1.6070176 1.09001 1.1744871 -0.25110772 1.6102872 -2.8513262 -0.41061524 -0.14099471 0.72388947 0.55330765 -2.233188 1.1622736 1.2952939 -3.8253047 -0.5053387 0.48306638 0.4953206 -1.3846061 1.6543182 -1.4698862 0.7755364 -0.043465495 -2.1138582 0.063419916 -1.9739882 0.74465805 0.12134051 -1.3412799 1.5209244 -0.9501478 1.4524643 3.1032815 -0.7383783 -0.108141504 1.0540869 -1.6655091 -1.273769 -0.5008815 -2.7926693 2.5695777 0.537639 -0.34687853 1.7002021 -0.18470812 -0.98034483 -1.062446 -0.94895416 -1.0908252 1.9287903 2.0841725 0.33801892 -0.05982325 0.53149223 -2.7610912 0.35245553 -1.4624277 -1.7035127 1.2316661 -1.3307766 -1.479417 1.164514 -0.78544027 -1.2996066 0.510156 3.3533628 -0.09561038 0.8019583 -1.4896975 -1.366491 0.5403881 -1.6158047 -1.743481 0.89362246 1.4656966 -2.2124648 2.2358193 -1.7543334 -1.0971295 0.19314153 3.0290072 2.1532187 1.2720906 -1.3677485 0.57037127 0.51279414 2.7597272 0.27794555 -0.13631034 1.1676304 -3.3909414 1.9174525 1.8553314 -0.643428 2.43914 0.2881527 5.805884 -0.6359682 -1.2731411 -0.26332173 -0.39652842 -0.48848 0.91026896 -2.9105628 -0.21151945 0.4484662 1.0307571 -0.24884765 -0.46641028 2.0308547 0.16734 0.58036613 -0.12133401 0.96723175 -2.8337247 0.85345834 1.6477301 -1.6041374 -1.760226 1.7014965 1.8087448 0.07226371 -0.18624212 -0.8497264 0.9689672 1.6963503 -0.8422907 -2.6411254 0.938567 -1.7297332 -0.5216819 -1.0298429 1.7333384 2.475266 1.0873861 -1.9917165 -0.3865481 2.4555075 0.57662714 -2.1042614 1.4564039 -1.536193 -1.8711294 1.018348 -1.3808266 1.7666806 1.2171093 0.7609071 0.0046901433 1.6238188 -1.3197504 -0.42019156 -1.3988596 0.42018086 0.9872072 -3.1876152 0.20170431 1.7027205 0.0009533601 -0.8727324 0.15782624 1.5805413 0.1421497 0.7215673 0.8982208 -1.3721346 0.42596996 0.068013854 0.8139609 -0.28933495 -0.7168644 0.85537004 -1.659681 -0.96280193 1.3058146 1.4113623 -0.5700675 -0.9016159 -0.74019784 0.95758986 1.4840697 -0.1181786 1.369445 -1.3799661 1.1326596 -1.4666749 -1.2200851 -3.8119488 -0.088585556 0.35311994 -1.6571741 2.031554 -0.028786143 -0.5818994 0.35687688 1.2908392 0.3204716 1.1713183 -0.52532434 -2.181225 0.2983226 -2.2347722 -0.8485697 0.46045685 1.7786124 0.5194825 -3.2099915 2.1840382 1.8291655 0.03822441 -1.1064 0.7568764 -0.4004163 -1.4293864 -0.29855087 0.74313056 0.54152405 -0.48192936 0.14005075 2.221461 -1.2640849 0.60295135 2.1437187 -2.6005905 0.8271701 2.604408 0.944925 -0.8739476 -0.7615784 3.3213496 -1.0601125 -0.36282277 -2.5161881 0.6749054 -0.13398258 -0.78489476
mushroom 0.4131576 2.1472394 -0.8671477 -1.4111434 -2.6189475 -0.8675333 -1.3497866 0.92042947 1.1939545 1.3624668 -1.0690583 -1.8861401 -0.11559332 -0.11509179 1.2993059 -3.2055748 0.35093492 -1.4295821 0.17627367 2.1661007 -1.0622934 0.27048364 1.3468416 -0.65253127 0.080682315 -2.3171585 -2.6305025 1.3927006 1.7057315 2.6721187 1.5406628 -0.7364577 -1.3243002 -1.1837943 1.8531568 2.2048593 2.612177 0.60939574 -1.7541589 -2.209591 -2.0897489 0.18457699 1.3099318 2.7388046 0.19511907 1.9686223 -0.4669423 1.6511632 -1.5816312 0.7042391 0.29639822 1.13772 0.15433472 -3.1010556 0.5337456 -3.124569 3.5794036 -0.2935277 -1.5040622 2.3545766 0.6285007 -0.60144365 0.6311364 1.2406381 2.803944 0.24479462 -1.0686588 -2.6196833 -3.9890354 1.5389105 -0.84409136 0.08596672 0.77697605 0.7494683 0.39199585 -0.3095679 -0.738752 -0.8792624 -0.29494184 -3.67429 -0.9034161 0.30254447 -0.79018974 -1.2125964 -1.2258542 1.5302286 0.36200887 1.4186726 0.10081136 -1.114319 -1.1984885 -0.5879194 0.4016632 0.53298664 -4.5199203 -0.56483686 2.3914676 0.8829419 1.2891362 -1.8569543 -1.6755677 2.4097457 0.9953734 -2.1609607 3.1248715 3.1045136 0.37141132 0.33312333 -2.4134743 0.6102437 0.22309904 0.6107413 1.5000492 0.29750943 -1.231959 0.439186 1.6858729 0.17853723 -0.5248956 -1.1448798 -1.1688913 -1.6529428 -2.3399813 2.0898924 -0.51746094 -0.4376193 0.6110197 0.025124004 -0.4658241 -0.9651175 1.7830015 1.9443597 1.3103201 -1.357784 1.3148847 0.35000584 0.054326225 1.2616047 0.89200306 -1.6737671 1.6855506 -1.3193206 -1.0557494 -0.65516204 2.1568985 -0.4305546 -0.88947415 -0.82899326 -0.0057727136 0.054381296 1.8381965 1.324813 2.121436 -0.27732733 0.15581982 -0.7948192 -2.4827888 1.0514171 1.0949123 -0.24931543 -2.6725202 -3.7768962 -1.0545447 -1.1020292 1.341069 -1.2477856 0.31210855 -3.0524437 -0.9025445 0.2730472 0.09679923 0.5017692 0.5810126 -1.374343 1.018612 1.0509864 0.93956304 0.8759438 0.8465481 -3.950104 -0.39344016 -2.8664458 -0.5443963 -0.95862544 -1.4105936 -2.2865975 0.4807803 0.29580545 0.1736093 2.1253314 -2.1659248 -0.037640244 -1.9600668 -1.2119305 -0.070375435 -2.933654 1.7261276 -0.20798123 0.6312833 0.091637105 -2.3611794 0.02216282 1.2404705 -2.105764 -1.6858993 -0.08699127 -1.9749411 1.1496023 -0.061084278 2.8479724 -1.5367867 4.7493033 0.12605996 -1.5529903 -0.2520353 2.2543502 -0.34669584 3.9574068 -0.8833596 1.0003831 0.54673064 0.44169477 1.4595424 -1.070046 0.75786614 0.08541124 -3.9894376 0.91636616 -2.1714048 1.3358312 2.9840267 1.5042042 0.81281674 0.5893853 -1.5039812 0.36234036 0.25998706 0.6666284 -0.8989124 -1.5493251 -0.40829638 0.3048324 1.5266105 0.16646428 0.7687297 -0.6827942 -0.6176424 1.7529205 -0.19931264 -1.4633886 -2.5122736 0.81068957 2.0181003 -0.8251131 -0.17095919 -0.79460037 1.2228892 -2.6459603 -0.40863663 1.499197 -0.91830975 1.9857444 -0.9446534 -0.015425067 3.680558 -2.326273 -1.5372974 1.8176646 1.0573152 0.7289769 0.06252128 2.054001 0.5349705 1.5991285 -0.73704207 -0.60762984 -0.653565 -3.761435 -0.09825758 -1.6752697 1.2079772 0.4494293 1.6335925 0.3306709 -2.106355 -1.7373619 -0.573788 -1.4332155 1.6129447 -0.37109792 1.3609301 -0.2755748 -0.26567334 2.0342908 3.791673 0.15235527 -1.0857067 -0.5085229 3.122314 -0.38948733
rum -0.6867587 1.2457243 -0.2385958 -3.5729532 -3.7492483 0.14145334 1.783457 2.3010654 -2.0065207 0.057053752 0.30755955 -3.502969 0.28412098 1.9560999 0.2090445 -0.0007167385 0.32965428 1.7434683 -3.0527499 2.0569026 -0.34372863 0.51164335 0.6204863 -1.151249 2.2426462 -1.97333 -1.5540919 2.8060591 -2.6194618 -3.3648407 0.14773965 0.082018316 -0.27650163 0.19102153 1.1892153 0.17513202 2.275189 -2.6543272 -0.33957857 -1.0715748 0.5465419 -1.6693116 1.935829 -0.39590046 1.541465 1.5093802 -1.9936116 0.6921276 0.6208764 0.62805617 -0.74747777 1.6896728 0.61880326 0.49309552 -2.023221 -0.6533577 1.478454 0.18673126 1.8980424 0.5801864 -1.1165235 1.236358 2.1077907 0.38565162 2.52 -0.58891785 -2.696125 -1.5866088 0.95277333 -0.034809884 -0.71873885 -0.43780634 0.758196 1.0695046 0.08213203 1.4099582 0.31240833 -0.93135655 -0.13605472 2.1194704 -0.50462395 -1.262845 -2.139147 -0.4473677 0.058943428 -2.8429785 -0.6139845 1.5879943 0.17237823 -2.348039 0.84196925 -0.019578695 -0.5733327 -0.48161262 0.17748815 -1.7935477 1.6234238 1.1575102 -2.5421805 0.9153296 -2.8362277 -0.85564774 0.54235286 -0.88664764 1.9533343 1.557259 -1.5665867 0.74947894 0.030227095 0.3838043 -1.0139238 -1.275513 -1.3812364 1.8687781 -1.289512 -0.19478357 0.1805076 -1.5569544 -0.27315485 -3.5523887 -0.7267085 -3.0475712 3.5989904 0.4366676 -2.8678935 0.32781947 -0.5615378 -1.6423458 1.4672776 1.7032934 2.2168725 0.72409266 -2.0446005 -0.70065707 -0.09595395 -0.85029715 -0.682147 0.26691797 1.3783991 0.19837022 -3.3065555 0.8390958 -2.3766768 0.43451947 2.2778537 -0.7516899 -1.8840286 1.0161356 -1.7436011 1.3168163 2.6178062 0.7360187 -0.72608817 2.278916 -2.059679 -1.0637361 0.83047295 0.30293104 -1.7722104 -0.2205788 2.0130348 -1.5817771 -0.9964464 1.914905 -0.58618116 -1.7487472 2.3620439 -3.8722696 0.38476858 2.3949656 1.0988177 -0.30131507 -2.4441035 -0.013091412 1.0294173 -1.6754948 0.4323745 2.1173522 -1.2553207 1.1005232 -0.6810478 1.6270391 -0.5164466 0.6645367 1.6853495 2.134768 -1.3600062 1.6206199 -2.6388793 2.792969 -2.0903838 -1.1029147 -0.57476956 0.4207673 0.34787986 -1.3743377 0.3636866 -0.27200484 0.6145788 0.9163117 -2.0539014 -2.0754275 3.6413827 -3.3837218 2.1106946 -0.34608957 0.23138613 0.81132376 0.6623418 -2.405721 0.3079268 1.3754928 0.8139877 0.90099514 -0.18583268 -0.467522 0.7065464 0.7980183 0.6289503 1.6829944 0.924167 0.88065815 0.7030669 -0.2636643 -2.2664826 1.9414817 0.9475758 2.2973654 -2.0574605 -0.090069935 3.0942051 -2.8720415 0.7364439 -0.69365954 -0.12104696 -1.5852382 -1.0732517 1.7153089 -0.6893324 0.20317486 -0.4029514 1.7560817 -0.481672 0.57527745 0.7636148 -1.6534657 1.2724929 -0.12568782 0.5712974 -0.49550733 -0.5401065 -0.6634165 1.685919 -0.4452806 1.128787 -1.4168488 0.84120965 -1.2263219 1.966565 0.9870627 -2.1532502 0.34290764 0.37399074 -0.3190286 -2.2485898 -1.2634438 -0.6207739 0.6115528 0.8124433 1.6149434 -1.567684 -1.1417913 1.1270233 -0.83617765 -3.1650975 -0.8251954 -3.9858093 0.9263739 1.251694 3.2529655 2.564885 2.3758454 1.7871348 -2.1582127 -1.468078 0.460496 0.005003247 -4.2187567 -2.2506652 -1.3846625 -0.9563407 2.5167542 -0.028940096 1.8261349 -0.60881895 2.6165907 -0.94957066 2.6029668 3.8152485 0.9436212
rubber 0.8943508 0.1634119 -1.7279783 -0.9754538 -2.6208105 -0.022286398 -0.19139794 0.15821405 0.39178756 -0.047894686 0.23758587 0.13713811 -0.56627667 -2.0129108 -1.6317965 -1.0860914 -1.0592448 0.49108085 -0.88380194 0.9073584 -0.5577932 1.9779509 0.32907417 0.09336155 1.284233 -0.5991156 -0.8888587 1.4958404 -5.038428 -1.5002487 0.30808946 -0.43894878 -0.9805592 2.5860357 1.1078948 -0.032187127 0.23247322 1.9720275 -1.295754 -1.3608121 -3.5538354 -0.43676642 0.74919987 1.2154802 -0.89575887 1.533395 -0.88599885 -0.08360493 1.6473917 -1.1046863 -1.0510838 1.180004 -1.6612253 -2.4141994 0.54985404 -0.6590544 1.0676448 0.24287653 1.3825536 1.8181112 -0.7462786 -2.8892045 1.8655779 1.1815112 0.13223241 -0.770174 -0.51327163 -1.3305129 -1.9254497 1.2999442 -1.5409155 1.3493116 0.13448459 2.5768468 0.57530993 -1.2527264 -0.65755314 -0.87551516 -0.9874981 -0.5719304 3.068952 -0.2864762 2.1772017 -1.6327348 -1.1848876 -1.2247916 -0.71478575 3.4639645 1.7707295 -1.6073577 -0.15753654 0.5588897 2.0614629 -0.49582124 0.91349006 -1.6488959 0.9279658 -0.09910009 0.0780728 0.81801397 -2.7259436 -0.29329893 2.6849124 1.7470107 2.328869 1.26731 0.075112574 -1.9765217 -0.28702113 2.047518 2.8235595 -0.94135165 -2.7336993 -1.8806698 -0.63916254 0.42643005 0.74704903 0.5460796 -0.35554582 -1.5503368 -2.26605 -2.8511128 0.86022335 1.3684647 -2.5560913 -0.26164037 0.30656224 0.47148398 2.013745 -3.0445175 1.8285373 1.666502 0.16943459 -0.90982753 0.3596822 0.35018086 -0.35938132 -0.47818953 -0.45480806 -1.0178069 1.93262 0.34750423 -1.6793256 -1.7680906 3.9154766 2.3429768 -0.8560002 1.0188224 -1.324773 -1.4357369 3.3389637 1.6344668 2.0139852 -0.2647058 -1.9072368 0.15404001 1.8920782 0.90971476 -3.2816894 -0.3341445 -0.06281152 -1.0848516 0.13543238 -1.6876112 3.314696 -0.38628045 -0.747623 -0.77754563 -1.112006 -1.369122 -1.3407046 -2.3884718 -2.0119872 2.0107958 -3.7552319 -1.2115204 2.020664 -2.81726 0.6405931 0.304592 3.0377285 -3.9406683 -0.9902809 -1.7541809 -1.3728104 -1.4102464 0.5427506 -1.7960722 -1.6208215 1.6143885 -2.4247081 -2.6597552 0.7724251 -1.3657902 -0.28045642 -0.9401205 1.2265836 -2.3708565 0.17357221 -0.57056046 -2.7390401 1.7821083 2.395186 1.7824687 1.3741516 1.9243199 1.3434128 -0.5594478 3.7098753 1.5513617 1.0334361 1.5438617 1.0890166 3.2063565 2.0905666 4.0562334 -0.0042980565 0.6990304 0.58077836 -1.028998 0.1310914 -1.1687273 1.3478221 -1.8234763 -2.7912812 -0.60930145 -3.3061154 0.06705844 1.2524616 2.8199449 2.998666 1.2615516 0.51873446 1.6487944 -0.6973687 1.1626012 -1.3623911 0.09625666 0.45744145 0.60634446 0.18595919 1.0819811 -1.1006272 2.690951 -1.5997365 0.6976724 2.379399 3.7401984 -1.8449908 0.0070635504 -1.2138379 0.37599084 -1.6013635 -1.9918631 0.6729307 -0.4148412 -2.7035794 0.31501055 0.16054066 0.53703946 -0.2198975 2.174503 -1.5778365 0.33222654 -0.7580285 0.6891325 -0.94173867 0.58655536 -1.3752494 -1.6489656 -2.8232856 -0.13872997 -0.8596639 -1.374192 0.15053226 -1.5595822 -0.79709786 0.4967341 -2.3594637 -0.75434935 0.5724375 1.3034842 2.6740856 -2.525138 -3.664203 0.18042834 0.44223493 1.4345478 -1.7278808 -0.7133657 -0.19891997 0.90193677 0.17659226 2.3101833 0.8920328 0.28101298 -1.3985476 -0.981374 1.0059925 -2.768378
carrot 0.9410231 -0.10947108 -0.89875096 -2.351465 -0.75106204 -0.205694 -0.97710216 2.2725434 0.5974476 -1.4172313 0.8715362 -1.1109087 -1.5289679 0.069394186 1.5119661 -0.99277425 -0.29198143 -0.6826806 2.0425885 -1.1624808 -1.0613166 -0.44951954 4.2728 2.3606293 2.4792328 0.4237952 1.5094447 0.40174192 0.4422019 -0.9207813 1.0405315 -0.6798353 1.2851079 -1.6041613 -0.8407984 -1.2682555 2.246518 0.440521 -0.19123144 0.75257355 -3.5079293 1.6927562 3.919411 4.147559 2.169964 2.0091133 -1.0129787 0.67757785 -1.1079793 -0.78560966 -1.3416927 -0.28114045 -2.3004704 0.50732803 0.033693526 0.95459074 -0.2510387 -0.40225592 -1.8447924 0.8814526 -0.2592017 -0.6361059 -1.471394 1.174263 2.162576 0.80684143 -0.7657446 -0.12866099 -1.7632548 0.93062484 -1.9282986 -1.3736904 0.039799087 0.42734984 1.4562913 -0.9618181 1.295391 -2.169706 -2.8839197 -1.8006781 -0.77700746 2.4893115 -0.5022282 -0.5313548 2.301395 -2.1983771 0.7805613 2.198187 -1.0393544 -0.48985463 -1.0024785 0.4509666 1.217705 -1.0231407 -2.8941898 -2.8739579 1.3514663 -1.4730304 2.4738925 -2.0072553 -0.5535976 0.18123668 1.828454 0.71647036 1.9089439 -0.93257284 0.43223664 -0.13362825 0.6551553 3.846404 0.7080086 -0.4631816 -1.9629834 -0.8722109 2.190195 1.9975868 1.4600934 -0.37491843 1.2071716 2.5521421 -0.83083373 1.2704958 1.6678222 1.0327084 1.68202 0.32339504 2.0905085 -1.4713691 -2.3858626 -1.2088063 1.6605731 1.2842886 -0.07914349 0.80333734 0.52127284 -0.818158 1.597265 4.171969 -0.6579201 -1.482992 0.30998468 -0.4771112 -3.2591074 1.1595706 2.00423 -1.8751913 -0.22499678 -0.285004 -0.65910304 -0.21098968 2.1108181 -0.06299216 1.1760738 1.9356973 0.5107432 -2.7090106 -1.7637725 -0.94829494 2.396154 -0.9032001 -0.24828766 -2.960037 1.0956628 -0.008158959 2.1740868 -3.1623094 0.011153677 -2.2180681 0.2492172 -0.4336642 5.0744324 -1.665376 1.2330905 -0.47674748 -0.6353777 1.787621 1.9711014 0.9486204 0.38233727 -4.2843785 1.0066544 -3.3010614 0.8757935 -2.1632566 2.361073 -0.21585247 3.0448537 1.7164506 -0.79434896 -0.40333858 -0.4533319 1.5785999 -0.31248236 0.104749486 0.38078588 -0.9998955 0.21527557 1.4582084 3.8290331 -1.5935086 0.37588373 0.14944822 3.492661 -0.8297154 -2.136229 2.4428313 -1.3596088 1.1333659 -0.7693475 0.38408136 -2.653277 2.346641 1.1722262 -0.8275067 1.9316075 1.3500737 0.30798423 0.63867426 1.3492373 0.0020044264 -0.39822876 0.22396825 -1.1491133 0.67791396 2.6806746 -0.56239456 -2.1860788 -2.310681 -0.605489 2.5675964 2.3981597 -0.2717857 2.8111875 -0.025201421 0.17781527 -2.5620797 0.91458887 0.29647404 -2.319377 0.78057355 -0.22138776 -1.6038873 -0.55762213 1.2074702 -1.456339 1.3262002 0.99551797 1.0121036 -1.1341375 -1.0046359 -3.518976 0.48289344 1.6384891 -0.6805115 1.2186191 -4.4923153 -2.0318062 0.28372785 -1.0949991 1.7464439 -2.0472124 1.9306517 0.10450618 -0.79346615 1.1795838 -1.2392 -0.45570526 -0.25955904 -0.25593218 1.6097218 1.2901403 -0.81162304 -0.043847013 0.098021224 -1.3218437 -1.1332698 0.08273001 2.0426135 -0.9521178 -1.1666611 0.41280645 2.0739248 0.7921682 -2.5813334 -0.6793584 -0.203494 -0.651237 -1.3410391 -2.0497038 1.9222937 -1.7070099 -0.9262595 -0.46743664 1.3953446 0.8304296 3.0774438 -0.980427 2.1530275 1.0445251 -2.220707
mustard -3.8616676 2.5434268 0.58131313 -1.7974683 -1.0201578 2.1409667 -0.93804115 2.7678876 -1.7324561 1.719057 -0.19626024 -0.51333976 -0.9307394 -0.32799911 -1.592569 -2.4905233 -1.9538201 -0.2223339 -1.7955655 -2.5575676 -0.20083392 0.023007888 0.9810199 0.30518046 0.23675163 2.2228467 3.152541 0.4712829 0.61362994 0.37493384 0.9819302 -1.8315469 -1.4128897 -2.7761686 3.3588634 -1.5828056 -0.5562238 -1.6666745 -1.2597953 2.575585 0.4848964 0.98339784 1.4346013 1.2641289 -0.7546777 2.2798424 0.48774713 1.0616846 -0.5878765 -0.050009634 -1.1339359 1.7347442 -1.1509638 0.82495624 -0.5489879 -1.0647651 -0.50789744 1.7116668 -0.62201136 2.1292493 -1.0102125 -0.15245038 -1.1435938 -2.4972906 0.36784756 -0.8797097 3.3100934 2.3581755 -2.1827123 -0.84010464 -0.2201147 -0.62470776 0.26423746 0.62732923 -1.8295311 -1.391678 1.8253134 0.73434216 0.56401354 -1.0642687 -0.43470338 -1.3564472 0.96097153 0.33014214 2.6816673 0.13476211 1.9586259 1.2334077 1.9138237 -0.35757676 0.8723651 -0.43485817 -0.55892813 0.90685946 -0.1852442 -0.14570515 1.0132973 0.0242981 2.3040955 -1.1097673 -2.3850574 0.7582904 1.4842832 -0.5095697 -2.0095804 -0.8599731 0.5304008 2.258095 1.7813033 1.7838966 -0.8986286 1.0364544 1.288481 0.7901253 -0.25217217 -0.458268 -1.5383922 0.25159883 -1.8213732 0.13881597 -2.1245482 1.8880146 -1.9686712 -0.8683611 2.5949986 -0.38637757 -0.50158286 -1.5594176 1.2441556 1.935159 1.267535 0.1908827 2.885302 -2.1462214 -1.8055552 -1.9066762 -1.2602329 0.6307776 -1.2447898 -2.0428336 -0.05629185 0.2775939 1.509966 2.2058268 -0.96275884 -1.2663149 0.56293964 -3.3448417 -0.64141464 -1.865447 1.0246174 -0.34475413 2.0868733 1.3205371 -1.2754953 -0.36145476 -1.5832529 -0.80912316 -2.8537476 -0.73445565 1.9037209 -0.4952066 1.1120878 -2.368416 -2.8062887 -2.2039855 1.0194925 -2.3575385 0.59908134 -0.18305838 2.0143151 3.1111124 2.1306815 1.2136866 0.1577567 1.7530602 2.8308973 1.417347 1.6622288 -2.961133 3.8350441 0.43684116 0.39681786 -1.2570485 -3.998012 0.12656279 1.5646176 1.2753177 0.14511465 -4.2492356 -2.6060503 0.16380866 -3.8647692 2.1777596 0.05848113 0.44146502 0.028201148 1.4890072 1.9121906 -0.66001517 -4.1092515 2.0952406 2.9475873 0.6125299 0.00075689645 -0.8344914 -2.787958 1.5792578 -0.7159801 -1.9112698 -0.080247134 -1.1388538 2.1004765 -0.092597686 1.2722898 0.44196188 1.172373 1.6260846 1.8181016 1.1092137 2.9700487 0.6142767 -0.036793698 0.9548862 1.5421236 2.213618 -1.1198763 1.5336705 -0.75070703 -1.5711699 1.046837 -0.8089789 -1.4533212 -1.5768183 1.779374 1.0197029 0.29545107 -0.6723434 0.6420585 0.2785475 1.0178534 -2.1134005 -1.295188 -0.19007832 -1.7430724 -0.6181 -1.5322638 1.2116948 -0.21920538 -3.4822745 -2.3417866 1.720044 3.8601806 0.0058151595 3.08927 -1.0602715 0.007262939 2.708838 0.56170124 3.484137 -0.45716158 1.6795781 -2.1505728 -0.5604938 1.5478379 -1.4064983 3.5703728 0.8561504 -0.8224393 1.1235567 -3.0078728 0.14188829 1.7253593 -1.1873612 -0.21428548 -1.0977407 2.8508422 -2.0447512 -0.11349056 0.6238823 0.3839048 0.15039396 1.4247881 0.5658188 1.7641369 -1.9496094 1.5017523 -0.1682442 -0.16372944 -1.4991827 -1.0076845 -1.0109988 1.8759229 -1.1612816 0.45699912 -0.2572589 1.1489239 0.2948743 0.011782194 -1.2065462
hay 0.06319944 0.56927156 1.5956858 -1.9715035 -2.3381023 -0.24889602 -1.0008223 -1.100032 -0.48560998 -1.0080246 -2.026422 -2.9398637 -0.42424032 1.0491596 1.3968295 -0.906098 -2.3745878 -2.0252066 1.7852435 2.0906909 0.4144082 1.4581255 2.4467142 -2.6016572 0.259409 -0.518199 -3.030508 3.175433 -0.3225181 -2.4120042 2.930085 -1.0690331 -0.12889276 1.1888603 3.8145163 0.45723525 0.010305574 -2.1838744 -3.0190213 1.7633008 -2.6843336 -0.4288906 -0.58560133 0.38292238 2.0674865 1.1200398 -1.1607566 0.2666171 -0.37314606 0.18720731 2.475274 0.07335953 0.15543102 0.46405467 0.29024002 0.11551726 2.9719114 1.2452035 -0.9667768 -1.409842 2.3195446 -1.3621334 0.24226338 -1.0293779 1.3654441 0.506871 -2.406132 0.26169127 1.8797699 1.068683 -1.1075904 0.46329808 0.8791119 0.7863189 1.145894 0.18067841 1.197151 -1.4099222 -0.27960333 1.3000116 -0.504391 0.9639463 1.0240778 -0.6740716 -0.37344646 -1.7206053 -1.8120555 0.8730324 -0.9499672 -2.9873383 -1.5863459 0.53905094 -1.9380476 1.4430082 1.2554097 0.11265008 2.6713939 0.5448001 -0.8436356 -0.99169534 0.5842352 -1.7532566 1.1952689 0.0858783 4.4828577 2.4615233 0.5540198 1.2782166 -1.9872051 2.4575589 -2.9118385 0.5397186 -0.015129297 0.67060983 2.375252 1.0559083 3.2084508 1.2177444 0.10668705 -0.98254454 -0.8322195 0.4218617 0.7917186 2.090233 -0.65788645 2.1244364 1.5931324 -1.221524 2.1597867 -0.9079866 5.042912 2.959728 0.15452671 -0.24745212 0.8602505 -0.032737207 0.07018791 -0.017244216 2.3250241 -1.199808 1.6158539 -2.4291162 -2.690177 0.013606231 2.744454 0.4041099 -1.9042689 -2.2496243 -0.3832489 2.1732059 2.4173167 0.39941463 1.1304582 -1.4046721 -1.4256215 -3.0324898 -0.3797624 -0.96665275 -1.9052818 -0.85120815 -0.14552128 -1.6555473 -0.06154313 0.3724429 -0.22560959 1.1012195 0.89996237 -0.7344753 -1.202462 0.8238306 1.426097 -1.3671231 -1.5608542 1.1532093 -1.5050168 0.31736583 3.8592558 1.5416218 -2.019803 -3.1122549 2.1271853 -3.9754689 -0.6295541 -0.6000513 -1.3288124 0.40127072 1.3253945 -1.4544345 -2.6515553 0.19549677 -2.2505558 1.2592456 0.21789144 1.5487998 1.9512274 -0.53721845 -1.0133878 1.2629603 1.1271099 -1.7370248 -3.894914 3.0606449 3.3433099 0.18589038 2.3240058 -0.51601666 0.343302 -0.3476723 0.7617115 2.5887272 1.359263 0.43513712 -0.7667581 0.7713639 -1.8093216 1.686084 -0.81121516 2.7181413 -1.5749004 -1.5955181 2.6239274 0.5134774 -0.09716299 -0.12774372 -0.5657013 0.51030606 0.49177873 -1.102059 -1.0171036 1.4979662 -0.31467137 -1.2751894 2.3046806 1.3412411 1.0115316 0.9015476 -0.26362383 1.4388874 -0.7648864 -2.3045583 -1.6493026 2.3000214 -2.2325137 -1.6652802 -0.6277667 -0.18160069 -0.65105957 3.3655815 -3.2663891 -1.5073414 1.2455008 -2.254518 1.2555016 -1.3301052 0.039111994 -0.392682 0.6411962 -0.530839 1.6045061 -0.09405191 -0.7542972 0.39430502 0.12398824 -0.031551916 1.5877099 -0.38886687 -1.6629165 0.9889319 -2.4014559 -0.29945177 0.50991696 -2.4800842 -2.6095173 -0.17540225 -0.17599425 -1.4286206 -4.187818 -0.2745444 -0.032663383 -0.37594947 3.3780513 -1.0893431 1.6218499 -0.27533767 -2.2720017 -2.6350126 -2.3299086 -1.6000152 -0.9409425 0.89366424 -0.43040344 1.9949514 -1.1186423 3.1823626 1.5292697 2.142056 0.034749404 -2.792682 0.89176506 -1.21476
blood -0.7057968 0.6674858 0.09019596 1.5240588 -0.23478687 -0.64254904 0.5881629 1.937218 1.1652793 0.6833979 2.8661754 -1.1622655 -2.571181 -1.9413373 0.66464865 -0.3114063 -1.259933 1.1515237 -2.1692488 2.2399976 1.4239208 2.0651915 1.7024798 -1.7898288 0.79351324 -1.562946 0.14278634 -1.5050659 4.7014656 0.25711975 -1.1202586 -2.865065 -1.0755706 1.7646987 4.4791713 -1.5880698 1.1487863 2.2250903 -0.23815173 -2.524406 -3.6911619 0.7849691 0.74820054 -0.45023033 -2.4392533 1.3713883 -1.2168611 0.5649558 -0.2804021 -0.32504576 -2.5101454 -0.8143403 -0.9013491 -0.6102372 -1.020234 1.0595313 1.7628397 -1.3948593 -2.1633046 -2.5514145 1.3468295 -0.65823185 -3.1691897 1.9811645 -0.9619026 0.73731035 -3.8198006 -0.44943994 -0.58247626 -2.2983854 -1.0776948 2.3475175 -0.15497063 -2.2364626 1.2621775 -3.8469877 3.1955075 -1.2432413 -0.4261027 2.3967535 0.10830524 0.6176167 0.00012463759 -4.1359825 1.2803415 0.41190773 -1.3040197 1.4230591 0.55646336 1.0158876 -0.54564565 0.15519427 1.7161413 -1.8150625 1.5652636 -1.4887991 -2.390869 -0.7558646 -0.18641895 1.9275823 -0.43424994 -3.105361 0.5192292 1.6303366 0.7632734 0.18325749 2.450097 -1.5538926 1.7867045 0.48341408 0.9981166 -0.698452 -1.7187121 2.4503233 -0.22742343 0.5392462 -2.4519932 2.006061 0.87171 -1.328394 -3.595581 -2.8918924 -1.8740515 -1.2541972 1.7990413 -2.268273 -1.7646434 -0.81918335 4.1531363 -2.314978 1.1029853 2.12438 -1.1063478 1.6595759 -0.32414132 -0.3763983 0.3167118 1.9577547 0.9221165 -0.18978374 -0.066151135 -0.6865914 -2.7803879 -1.8987578 -0.74064404 -1.5263422 -1.0107677 -2.541805 1.4725953 1.4585562 0.027829213 0.0010119461 -1.4148915 -0.19112024 1.9301312 -0.38722685 1.8493661 -1.4199091 -2.3165364 -0.048355754 0.47757497 -1.1017388 0.9444328 -3.1390474 1.3332622 1.9981065 -1.6607972 -2.1382866 3.0947144 2.1250653 -0.6757744 -3.4765513 0.9435533 2.0020525 -0.31015632 -0.20331046 0.36760512 -0.60020787 -1.1467249 -2.069436 0.47340152 -1.2334863 -0.9285401 2.5456085 0.49133453 0.35383007 1.1487558 0.7286225 0.21955697 -3.272561 2.8345501 -1.3563452 -0.25959796 0.5761505 1.6248199 -0.14244986 -2.3256853 0.03894434 0.72192687 2.0733874 -0.68970805 -1.2532673 -2.3839107 -0.24191852 1.9645503 -1.6830815 0.01693112 -1.0402409 -0.04563953 0.1762218 0.14818415 1.8462784 0.5238124 -2.5167513 -1.1026493 1.6056087 -0.14793724 1.1316912 1.0397751 0.6251985 2.0387359 1.3016847 -0.47962072 -1.0291352 -5.1985035 1.4428809 -0.91897637 0.12834512 -1.2965852 -0.51997554 -0.111932695 -0.5237674 0.97698075 -0.8884079 -1.2032303 0.3499896 0.912521 0.3575903 0.3868736 1.4765295 0.7944418 1.8547926 -0.07713841 1.1562854 -0.69471234 0.19096853 -0.0078108283 -1.7354208 0.39606407 3.602182 2.1392505 -1.99171 1.2205465 -1.6590221 0.8062549 0.8096919 0.12654898 -0.8467703 0.8254762 1.8344091 2.581588 2.2270215 -0.09242007 0.87122756 -0.21526949 -0.5351714 0.29533884 -2.488227 -5.878225 -0.9638351 -1.6400815 1.7405918 -2.4095783 -0.29874796 0.40659672 -0.2130138 0.44985557 4.5418224 -0.8248016 0.13594751 0.3328576 -0.715694 3.8809245 -1.5022672 -3.2961712 1.7408463 -2.4834263 -0.06361807 -0.6000126 -3.3437362 -1.8921751 0.4893129 0.16538353 1.2771808 0.99246246 -1.159279 0.85737586 -0.34758294 -0.5254246 2.9346583
cardboard -1.029356 -0.1390415 -0.094774485 0.77089214 -0.032134734 1.5126076 0.8350905 -0.09642663 -2.6843657 -3.7747068 -0.70097536 -1.2965785 0.3883299 -1.2187083 -3.2010293 -1.9146217 -0.7414096 0.8147793 0.06784899 1.0512592 2.581969 2.926161 -0.2024313 0.18961081 2.1717994 -0.35838193 1.555165 0.9912382 -0.99028087 -1.4888815 2.1912446 -2.3943846 -0.207829 -0.24143273 1.6853336 1.4136478 -0.08958509 -1.327317 0.8756742 0.86390114 -2.224028 0.40360594 1.3073031 2.5680535 -0.04934864 -0.12547642 1.6956732 0.19693889 2.2172 -2.5214481 -1.1154464 -0.42353114 -0.6561083 -1.2960907 0.8756405 -1.1427538 -0.19724505 -0.59657747 -2.3629262 -0.9642258 -1.3093863 -1.8976537 0.82711124 -0.33306924 -2.9962523 0.13575977 1.8037333 -1.6750357 0.996368 2.6738012 -3.1256213 -0.842678 1.657507 -0.45873746 -2.3512099 -0.6963462 -0.78487396 -0.6453332 0.4682538 1.9703388 -0.87434 -1.0848919 0.59664065 -2.6123512 -0.9605689 -0.5597423 0.53023523 2.1227217 -0.9506937 -1.3642259 1.1936531 2.6501749 1.2206498 0.35458827 0.62559396 -2.2941756 2.568763 -1.6893758 -0.7313333 0.039395835 -1.902426 1.0906461 2.3370411 0.4541635 0.8297699 0.47826156 2.9589677 -0.4203459 0.407157 2.1378021 -1.4909174 -0.36133063 0.044264946 0.15934001 1.5855635 1.442868 1.5670867 1.3450313 -0.8997275 -1.8407321 -0.7742773 0.41516086 1.982426 4.917537 -1.5252265 -1.8845669 -0.7275755 -2.8669684 0.11194658 -0.6483384 1.366859 1.459251 2.5822506 1.4941386 0.35831735 -1.0037751 -0.5482344 1.4052119 -0.45942548 -2.0648706 2.689264 -2.6982589 -0.53323036 -1.6653163 1.247895 0.848967 -3.6484149 0.2186412 -1.4285718 0.12399988 2.8521674 -0.8987829 -0.5898561 -1.6013806 -0.43082193 -0.34599018 5.5264103e-05 -0.081144676 -2.050024 -3.2859712 -0.87700063 0.21272847 -0.87745905 -1.1231633 -1.8268367 0.6123851 0.5765619 -0.42031363 -0.58243984 -1.992196 -0.022791432 -1.147367 -0.026764536 0.5629223 -1.6593713 -2.072531 2.1187654 -0.60939497 0.7661009 1.1976961 0.79695606 -3.1095982 0.5839551 -1.0834554 -2.0580683 0.15594207 2.5294745 -1.7324307 0.45017356 1.072664 -0.87318385 -1.2678977 -0.31085816 1.9300911 2.3600261 -0.14349243 -1.2562644 -1.8329214 2.5341413 -1.1105297 -0.49342224 1.2023966 2.0281453 0.70297223 0.90788716 0.80376256 -0.85709137 0.14209495 -0.15179914 0.04714033 -1.3189552 2.243089 2.411541 1.8238949 1.1548641 2.9191544 1.3070011 0.24156284 -0.8308642 -3.3963358 -0.6043046 0.8341681 1.4780256 2.3336647 -0.25059664 0.008621045 -1.8580998 1.3544805 -1.1302859 0.44037467 3.083637 -0.52545464 2.4063118 0.28451496 -0.029680664 -0.49286243 0.29141495 0.17948198 1.2419049 0.785053 -0.2550369 0.65378624 -1.1056049 -2.1379712 1.4286233 -0.3775946 -0.24868888 2.5628135 1.3712231 1.0485361 -1.591404 0.64570105 0.50044554 -0.53671914 1.5962304 3.3351152 -0.57984364 -0.6307951 -1.0264956 -3.771496 0.048103508 0.34728274 -0.4862362 1.1182586 -1.7163944 1.2087717 0.18756223 1.3685606 -2.877368 -0.19672081 -0.7159428 0.8396469 -2.7380955 -0.3719059 3.1758602 -0.051309984 2.5927806 0.3421611 -2.532857 -1.2944505 0.9033652 -0.30174965 -1.1033218 0.31140083 1.6725514 1.0027627 0.030401058 3.1089013 0.5116836 -0.9729949 -2.5830662 1.1935029 -0.47276905 1.9275112 2.0088332 1.2287576 0.54258776 -1.6728693 2.4939666 -0.2116151
tar 0.38417637 1.0128542 0.26633134 0.021108337 -3.30519 -0.73579556 0.0008999876 1.6428708 0.34833902 -0.32061517 -0.4107936 -0.42377302 -1.2942615 -2.3371398 0.14886889 -1.2118114 -2.8223784 -0.1836194 -1.0569241 0.3174073 -0.16873275 1.4490583 0.5573652 -1.9644681 -0.29533327 0.3292655 -1.9702066 1.6732755 -3.2934 -2.1166656 1.9578018 0.24168918 -0.45419726 1.4143507 1.9286579 0.15903807 3.660684 0.15037893 -3.5812745 -1.7155459 -0.9480866 -2.2084563 -0.30715555 -0.18598288 -1.7128488 2.7133293 -2.2277424 -1.9264561 2.7123818 0.85118186 1.4635874 2.165096 -0.85859805 -2.1862154 -0.20206526 0.4672144 2.7046397 -0.20516106 -0.5120086 0.534402 0.8362683 -3.1618364 0.38305244 -0.82974535 0.46773088 0.38911703 -1.5010707 -0.53539795 -2.0848444 1.0800296 1.6341 0.27817172 -0.9013068 0.36734655 0.5404493 1.3030112 -0.6160339 -0.9598796 0.17232576 0.13112445 -0.62062085 -1.4484774 0.43296725 -2.070929 -1.1074219 -0.29391503 -1.3243481 0.6159112 -0.14261784 -0.8999791 0.042423423 0.4186628 -0.3969473 -0.47402793 2.4088218 -0.78146684 0.6537156 0.22999057 -1.7073177 0.90724546 -1.8714281 0.32515553 1.3496579 3.0001824 1.4589235 3.909084 1.0472121 -1.6051755 -1.6855341 -0.34513113 0.078700066 -1.9829954 -0.5764759 -1.6059165 0.54371136 1.6332078 -0.38236633 -0.04353745 -0.17564262 -2.971085 -0.6980062 -3.8786738 -0.75511324 0.53938633 -0.7493816 -0.10104445 -0.44523832 1.425898 2.6697073 -3.293059 1.4066441 0.98049027 -0.4912024 -0.001800391 -1.05522 -3.0567589 -1.8759987 -0.1163272 2.6755073 -0.39727277 0.3512179 0.8301847 -0.5285247 -2.3206933 3.330258 1.3953918 -1.1539886 0.11657818 0.45015672 3.1340005 2.4988127 1.530231 2.6909194 -0.020084905 -1.8790387 0.17791723 0.19100189 0.9300678 -0.7918479 -0.22182244 0.162482 -1.475013 0.55912954 -1.8842944 2.259977 -0.23955335 2.4534624 -0.4625526 -1.5804375 1.651318 -0.60597277 -2.645418 -0.26442254 1.9667794 -1.059629 1.5170189 0.39028764 -0.9357123 -1.5063143 -0.5359037 3.484557 -4.684309 0.18980955 -1.1968279 0.58861905 0.32885683 0.67930645 0.12423231 -0.6901626 1.4407884 -3.440888 -3.5188081 0.6948427 -1.4499962 1.5229561 -0.46002272 0.1635579 -1.6659082 0.11414842 1.7071418 -3.5825126 3.2199233 0.17326374 0.41724935 1.1429032 0.90309465 3.016371 -0.54284394 1.6050249 3.1797183 -0.91365206 2.086772 0.49057716 2.224093 -1.0986706 4.0530996 -0.058638085 2.035114 0.026804047 -0.35255104 -0.9100403 -1.2340803 2.333622 -0.72126687 -3.057607 1.266355 -2.5388272 0.22645153 2.539154 2.5646129 4.2452545 1.1643186 1.0720407 0.39548725 -0.5641778 -1.8949996 -2.3279703 3.2939374 1.4538116 -1.0026633 -1.6423973 0.42994487 -0.38931775 2.9348168 0.26574358 -0.07809858 1.2165157 1.3503045 -1.7954575 -0.256655 -1.6135564 1.6315747 -0.19469403 0.56226194 -0.7259327 0.0075171487 -0.6970442 -0.78961307 2.2128518 2.2456946 0.09157479 2.0747 0.5070086 0.89890546 1.4531937 -0.24168204 -2.444705 0.4234427 0.62141347 -1.3188225 -0.4273259 2.8705988 -1.3968021 1.0510902 -0.9789714 0.31530425 -0.66530925 -1.855777 -1.1915984 -0.61549175 2.5707316 2.1156566 0.19055878 -0.9725972 -2.4567087 -1.5448078 -0.08037338 -1.7840865 -0.21415645 0.59822977 0.06865502 1.0052629 0.07366814 2.2951126 2.739241 -0.64268893 1.6600583 0.26247633 2.802888 2.3477383
beer -2.1885 4.5543995 0.047481935 -2.5622473 1.1438648 3.2206612 2.2903755 0.4135949 -2.1362183 -0.74750257 0.6118688 -1.5200036 0.15613641 -0.04343929 2.300355 -0.6628341 1.1827947 0.780497 -0.7847639 -0.31773788 0.31599814 0.8008027 1.4522629 -0.7661146 1.285279 3.4715052 1.8205829 1.6322496 1.0480986 -1.9393444 -0.3287634 -0.97565114 0.07105834 -1.6144402 4.2673373 2.5934198 2.5886283 1.1810328 -0.6178981 0.077191345 0.33890215 -0.3405276 2.2437363 -0.4060364 1.9969954 2.5129814 -2.8709981 0.9578809 -0.52556634 -1.8843403 0.0845616 -0.9474024 0.21413593 -1.414145 -0.71358967 -0.48554358 -0.7697795 1.9541237 -0.8793138 -0.21117315 -1.9711671 2.6375844 -0.3813443 -0.11161448 -0.18075275 -2.2833831 0.37735802 0.6185658 -0.2692379 0.91655153 0.6801492 -1.2647508 -0.9434101 0.25527495 -1.7467875 -1.9043586 1.6926773 -0.8292009 0.5913807 -0.19950792 1.3197467 1.5333774 -0.27215886 -1.9451036 -1.2344443 0.7798392 2.1008248 -1.08529 1.8405902 -1.7364392 0.058087867 -3.055035 -2.3982599 -1.2079369 0.009834095 0.23454967 -0.3312008 1.8575262 0.55379725 1.54703 -0.75344396 -0.26259312 1.0807213 0.2513849 -0.100091085 0.8431495 -1.0958843 -1.8724544 -0.5986703 2.0146704 -1.4913155 0.06324727 -0.33069503 0.55192333 1.2016379 -0.8189779 -0.63161284 -0.07297386 -0.6705215 0.07931215 0.7318591 0.32607576 -0.51676357 1.1989826 0.038544226 2.9544888 -1.403567 -2.4221642 -0.59151286 1.1457894 1.3044574 -1.323637 -0.51531255 -3.9168108 -0.83307105 0.7812314 -1.0604212 2.538722 1.8197545 -1.5640569 -0.86724913 0.6172149 -1.9892191 -1.243069 -0.33224785 0.35735688 1.8578418 0.3914362 -0.11815695 -0.30457643 -0.45897654 -1.0910887 1.7095268 1.2795811 -0.11036665 -0.052797433 -0.68949693 0.46508545 -3.4340162 -1.1202382 0.49122128 1.2645519 0.2747611 -1.0320128 0.36434522 -0.3637924 1.7381418 -1.6184016 -0.8416397 0.2613961 1.9815146 -1.0674878 -0.034799926 1.7071958 2.8834713 -0.57856333 1.6188686 0.9714475 -1.9908122 -1.6167865 1.7049475 -0.7766358 -2.4613528 1.2267605 0.033404727 0.64827794 -2.4659476 -1.1789964 -1.825412 -2.8269026 -0.7825863 0.35240215 -0.59972227 -1.7599816 -0.57804376 -1.9480261 1.2229782 -1.6077483 1.81968 -0.82812494 -0.22211912 -1.6801986 0.883899 0.29030225 -1.8868804 -1.133858 -1.2020507 3.1155727 1.8172668 -2.972287 0.35281706 -1.6098989 2.1742728 1.3199341 -0.42878944 0.65527153 0.6948434 0.22891161 1.5811676 -2.8053806 -0.30313852 3.8618765 -2.301998 -0.03474128 0.1932909 3.171351 0.48244947 -0.27034536 -0.08488173 0.87384 3.5542188 -2.2810745 1.7810961 0.01906488 0.76040757 1.00372 -0.18598078 2.6185882 2.4664147 1.2143825 -0.74567515 -1.1497741 -1.2716745 -1.6425043 -3.2681596 -1.1501632 1.0028592 -0.0015555135 1.2416219 1.7736635 -0.46899545 0.81730974 2.2408702 1.4634868 2.1727672 -0.27941304 1.8869277 -0.39492914 -1.2107184 -0.72343946 -1.5877696 0.7882205 -0.52459145 0.6945734 0.6995645 -0.19003437 2.458722 -0.10371515 1.5649426 1.5424726 -2.9668956 3.810494 -0.2720883 -3.355293 -2.4631872 -0.07264883 -0.91904867 -0.6975136 -0.3428275 -0.6130092 0.35310438 2.263124 -0.4036582 -2.0258927 -0.23133932 -0.6788551 1.7759042 -2.0163188 0.2056005 -1.8401108 0.69245887 -1.3211569 0.040777653 1.0958309 2.0117476 -0.2493299 -0.20406738 1.8608205 3.758082 -0.9736515
walnut -1.1628908 1.7182854 -1.4452372 -1.5904965 -0.8412311 -0.8096644 -1.4030623 1.4916797 0.82928973 2.5887747 -0.5833069 -1.7641568 0.56360304 -0.009118953 1.846415 -1.5106888 0.47717676 -0.10561416 1.6646608 -1.1540579 0.50757027 -1.4562327 2.909458 -1.4915633 1.5794622 0.63199836 1.8602484 0.8588575 -1.4002355 -1.04928 -2.2087517 -4.712551 0.8153678 0.5985347 -0.050143436 -0.3977147 -0.11285955 -1.152688 -0.37408856 2.0752132 1.5122471 -0.6305417 1.2895122 1.9966465 1.8511195 -2.2617393 0.23164439 -0.43022028 -0.15440343 1.8299923 -0.19658133 2.4939325 -0.27607915 1.0624952 -0.519211 2.0216575 -1.417002 -3.0751152 -2.2026913 -1.1918387 -2.1255054 1.4208457 -1.2107404 -1.5533493 3.096103 0.45049137 -0.4980507 -0.9785121 -1.8412989 0.3853606 -3.6657786 -1.3421081 -0.05910484 0.034561157 0.010525125 -0.9065078 -0.975534 -0.7490047 -1.9604965 -0.362735 0.74038684 -0.54880536 0.057841226 -0.63729656 -0.57999706 -2.4385974 1.1464341 -0.43159327 -0.5322866 0.3618431 1.4527216 0.7956396 -0.033980682 -1.4791098 -3.3039548 -3.03311 0.26509318 -0.7704906 0.7697374 0.35936254 -1.262612 3.144358 -0.35626167 -0.8530481 1.0642256 -0.7827714 -0.9558442 -0.9776678 -0.12882352 -1.2190299 -2.8539748 0.57547003 -0.70555127 -1.2276803 -0.30151477 0.9461262 2.5221243 0.02825671 -1.0334952 -0.40721324 -0.03387098 1.3916749 0.15355001 0.9827193 -0.787651 1.195234 1.084393 -0.51762414 0.12856719 -0.6127063 1.1062105 2.7752132 -0.28756523 -0.6940165 -0.59784687 -2.9357538 0.37662312 -1.2171248 1.2041938 1.2772368 1.6601733 -0.50236654 -0.95253634 1.8087127 0.54453117 -2.0931566 -2.2074082 -0.70892763 0.06540959 0.606115 1.3941399 1.741764 1.2373344 2.0624301 -1.0469297 -0.90860164 0.22003117 -0.67970043 -0.24822043 1.0645422 2.5694637 -1.633805 3.249899 1.3848941 -0.86310637 -0.51480454 -0.5433598 -2.5724182 -1.0491087 0.4423204 1.5544822 0.35402304 -0.6418802 -1.6359978 0.060808674 1.0077885 1.8969984 1.9074894 -1.2884271 -1.0849997 -0.6600607 -0.45261636 -0.7762125 -0.99706453 0.5902539 -0.5767256 0.18884835 0.97891015 -3.2912588 0.95798767 -2.5831263 0.013206377 -2.4455914 -0.19624987 -1.1797863 1.9739983 1.778297 0.6662562 0.9174212 -0.51968634 -2.088234 1.9047704 3.45903 0.89504135 -0.78526855 1.3758221 -0.47897738 2.021455 -0.6320045 1.1659826 -1.2038904 1.5278747 0.80696636 0.615006 0.39182636 -0.9270748 -1.7034686 4.3083277 -0.06737907 -0.88099384 -1.6177937 0.30560914 0.9531199 -0.78419745 1.2155106 -0.7606477 -4.0684643 1.222496 0.20492548 1.0440252 1.9245824 -0.795037 -0.2418465 -0.9004975 3.1790257 0.8505535 -0.6349955 1.8617756 -1.4104657 -0.30566236 -1.2894684 1.5341868 -1.2863691 2.3458211 0.5713525 -1.3007772 -0.9178826 -1.9044192 -0.48551124 0.12374719 -1.1984665 -0.04909457 3.1869168 -0.99282855 -0.98137325 0.14648335 0.7119089 0.13048385 -1.0660266 -1.2516102 -1.5886813 1.2114837 0.7662563 1.2689116 -0.40106592 1.1539629 -1.0510285 -0.71864563 -0.17386813 1.3324627 0.23705749 -0.24782865 -0.7702047 -1.6862515 -1.8615603 0.50907296 0.41787753 -1.2566888 -0.012826058 0.7258639 1.2350159 0.73424476 -0.7935718 -1.1411878 0.44906682 -0.551756 -2.6775339 -0.61399853 -1.0062741 -1.7976592 -1.1693583 0.27309832 0.15853785 2.1955533 1.6027478 1.232348 1.7463825 3.2299306 3.5126774 -1.4929075
ham -1.3639404 2.2836206 1.4848461 -1.4668959 -0.5732339 0.3938369 -0.55146646 1.8995792 -1.1566958 1.6295099 0.2558154 -3.0815175 -0.9262814 -2.5835905 1.9786437 -2.5440385 -0.68422 0.6412356 -1.6241251 1.3184776 -0.7859264 -0.6715668 2.215531 -0.4199264 -0.059671875 1.3031343 -1.930659 1.5080397 2.1178298 1.5455414 1.3812 -0.072593614 0.99087924 -0.28831884 1.1215065 2.4961903 2.7303975 0.37835658 0.8356056 -0.832158 -0.55580187 1.1274501 3.4298196 1.1472745 0.9425548 1.8352904 -2.259757 2.2427344 1.2401241 2.0956094 0.11756951 2.0968523 -0.8416656 0.11448074 0.50597906 -1.2528753 0.62761164 2.3894362 -1.1093539 0.7057453 -2.1045427 -1.414594 -0.39245403 -1.3526297 0.528485 0.01863677 1.1232175 -1.3112602 -1.9306337 2.3850348 -0.7153957 -0.35969934 -0.77597237 1.6804594 1.2331955 -2.0327218 0.8122382 0.71644044 -0.5215363 -0.73690486 -0.81302714 0.44512543 -1.0536106 0.7759731 0.34539422 1.8436208 1.4968407 -0.6071582 0.63725954 -1.1069373 0.84279764 0.5558568 -1.5582197 -3.0957682 -1.249034 -2.5687544 -0.90342325 0.3863587 -0.8159517 -0.3307427 -0.12973863 0.68003154 0.76825297 0.32474384 1.7473788 2.0654452 0.6758192 1.3863175 -3.118324 3.4015117 1.2869347 -0.80687195 0.9880429 0.045239132 0.51197374 0.8525288 0.49601665 -1.0110209 -0.40950692 -0.34613368 -1.7562233 -0.33100587 -0.07961623 0.34818405 0.16717884 1.2726232 1.0034032 1.0731444 -0.5477294 0.016917784 1.9262861 0.69662243 -0.03071184 -1.397975 -1.1227387 0.21055952 1.2796766 3.3993454 -1.3274568 -1.3267748 -1.1275396 3.213309 -2.5466535 -0.98844546 -0.58849 -0.62995356 -1.5891911 0.9388296 -0.29887018 -0.21229537 -0.6697752 2.827207 2.5837197 1.3066474 0.5104772 -1.8181078 -0.5752059 -0.65263814 -0.6284484 -3.5400748 -0.041535057 -2.5459986 2.5196395 0.54292804 0.32915968 -2.216871 1.2531576 1.2127173 -0.88357544 0.39341697 0.44556075 3.8333955 0.44801426 0.52297485 0.6182157 2.4815702 -0.53963286 0.18378137 0.30552778 -0.98658746 2.8530529 -2.0012994 -0.35271683 -0.4856917 -0.67606294 -0.6414737 -1.0638927 1.0619586 0.90589267 -0.22621615 -3.0979033 1.0520175 -1.8133676 2.3531032 -2.2288172 -3.1266656 -0.23234217 -1.7727855 1.2839526 -0.25087216 -1.8181953 1.0672048 1.5519315 -1.231837 1.2069896 1.7187157 0.5150308 0.5059858 2.6102788 1.0400548 1.5013809 0.06274234 2.3913853 -1.4010253 2.597516 2.846474 1.7983121 3.155493 0.9749299 -2.930866 0.8841091 -1.1059093 -0.31297114 -1.5092359 2.1404169 -0.5416922 -3.4255354 1.242346 -0.086677074 0.14459449 0.9789298 1.9259837 -0.43730262 -1.734069 2.197606 0.052289363 0.11985451 -0.26573116 0.51364934 1.0723343 -0.07723653 -1.0092888 -0.31765628 1.0446485 -0.72641987 -2.0350342 0.61389285 1.0799248 1.6236275 -0.38730374 -1.2794932 2.6082416 0.94431067 -2.4441059 1.3605422 -2.4835582 0.68304986 1.0520488 -3.6831758 -0.21980464 -4.9556446 2.9001591 -1.7479305 -0.4205405 1.789402 0.58608 1.2632717 2.5235581 -0.4681399 1.1677142 0.48011672 0.91101533 0.19571759 -2.0344856 -1.2645665 -1.6238264 0.9781741 0.14646377 -0.7798491 1.14274 0.80657554 -0.0605001 0.23338161 0.8305878 -0.11853703 -1.3210363 0.95543027 -1.2216096 -0.8373606 -2.4178221 -1.4456043 -2.7779436 1.5722122 0.21377367 4.441847 1.2986852 -1.4232026 -0.96415216 0.28889647 0.80139935
celery -0.81203043 0.522105 -0.3944925 -1.3438134 -1.316145 -1.8018675 -2.217839 0.7204093 0.90608394 -0.24441285 0.2442171 -0.64090854 -1.8947701 0.1472195 2.1393065 -0.4876738 -0.5555073 -0.42844066 0.32509622 -1.4571985 -0.4018785 -0.79791224 3.0596845 -0.69313794 0.8195894 -2.1215029 0.863813 2.160193 0.3974479 -1.9375423 3.9167109 -0.67534375 -0.8102573 -1.5186933 0.91539 0.1525014 0.56876934 0.50044304 0.6779133 -0.5970196 -1.1416763 0.77595526 1.1970829 2.0325801 0.894834 2.0957265 0.18711278 -0.23931839 0.15043162 0.3896494 -0.8072637 2.2770588 -0.25673696 -0.08021898 0.74496585 -0.2246537 1.9248468 1.7508813 -2.7291467 -0.0888042 1.20071 -2.0091112 -1.3685231 0.20429745 -0.010595703 0.22741476 0.32278752 -0.00068236573 -0.2374431 1.1386781 -2.1368525 -1.0418379 1.7177819 0.72709125 2.247751 0.27250335 1.0659214 -2.0746894 -1.8829615 -1.4316951 -0.66140527 0.7522833 -0.8606499 0.8332396 1.968159 -0.8605256 0.074288495 0.72381437 -0.15893151 -1.2114276 -0.8667902 -1.2107759 1.2122087 1.7919852 -2.7878268 -2.83068 1.7019751 -0.8882469 0.7966428 -0.062603675 -0.5124941 1.916604 2.6915348 1.3178768 0.7970243 2.0145397 1.4521812 -0.9455624 -0.44734 2.271054 1.367608 -0.53804797 -2.0216405 -0.6757816 1.9489448 0.27954382 1.8720607 -0.51836497 -1.7594746 1.0813668 -1.9953364 -0.23743868 -1.3086585 1.1282489 1.5194782 0.258754 1.06504 -2.4040895 -0.2182703 -0.8737531 2.4397 1.5994413 0.035024807 0.35507375 1.6152706 0.037054334 -0.09419748 1.195625 0.5879422 -3.029811 1.5648847 0.59368044 -2.4832127 -0.103346884 0.9937996 -1.6020685 -1.7625122 -2.3766248 -2.8189902 0.62407506 2.9062672 -0.48709273 0.93278134 1.1010059 -0.32871297 -1.7541299 -2.9860914 0.33340818 -1.6151683 -0.109763466 -0.017031576 -0.7768747 0.20833991 -1.212453 3.0029871 -4.3214283 0.7649021 -2.1574335 -1.7444867 0.6679744 3.9567893 0.15837203 0.64225733 -0.77781403 -1.4033927 1.6807007 3.0099037 1.1606369 -1.3424232 -1.9521767 1.9641234 -1.9538844 -0.85002 -0.6023765 -0.3437315 -0.4236478 2.1003516 0.231853 -1.5284288 0.5453291 -3.8625271 1.3759475 0.574875 1.0620927 1.0629184 -1.0469929 0.61567134 1.98304 3.6596057 0.86880857 -0.95059294 -0.26808786 4.795483 -0.3862922 0.22566958 -0.7369807 -1.3130871 2.4382138 -0.12454783 0.30698493 -0.35362613 0.21633822 -0.48446366 -1.2221292 0.8759346 -0.791278 0.85962754 0.14926027 0.026932653 -0.06133396 0.28705725 0.21794008 0.07304641 0.84513867 2.324726 1.0165743 -2.1096914 0.5674133 1.631164 0.6961387 1.7232151 -0.37788394 2.0023375 1.7965921 -0.9922303 -1.2499295 0.03389321 1.0548038 -1.4656109 -1.9691715 1.313009 -1.0302997 -1.1767085 1.9077424 0.03508144 0.9550784 2.3447556 1.3710077 0.05909857 -2.2381263 -0.4303235 -0.040747777 2.005856 0.058896028 0.8374781 -2.2609456 -1.3207796 0.7283103 -1.0564507 1.8384049 -1.5649635 1.1988398 0.58345896 -2.3757486 0.9301284 -0.010894585 0.0924715 0.5520838 -0.6822963 0.39226857 0.44113925 0.6334001 1.2988175 -2.2157996 -0.9284806 -2.3722734 -0.4947265 0.28035024 0.65707064 -2.9364567 -0.24170187 1.8136207 1.9594098 -2.345565 -1.6234368 -1.2559623 -0.41866392 0.16042039 -1.6205354 0.55974406 0.0145243 -0.7177549 0.62269956 1.7578461 2.4055438 1.8896059 0.9327616 0.56146395 -0.40904978 -3.1335893
cucumber 0.19270433 1.9241513 -1.3337336 -3.8681495 -0.7998817 -0.3871926 -1.1886039 1.1936814 -1.4663866 -1.2645311 1.0974014 0.7543509 -2.2731898 -0.84548265 0.9484257 0.5717068 1.0063801 1.7668283 -1.9334058 1.2510078 -2.0145328 1.418545 2.1979334 -0.8417978 1.8331865 -2.9593778 -0.74033976 1.5137583 -0.11290921 -1.6156718 1.4660567 -1.2295144 0.6823135 -0.080028504 -0.49586174 2.01413 -0.022635603 0.38224694 -0.29059514 0.81401145 -0.54953605 0.5068902 0.93490934 0.64727694 0.8633419 2.1911404 -0.3827636 -3.382877 1.1887507 0.13255939 -0.8542113 2.8326557 -1.0863413 0.58368456 1.9522426 -0.34845644 1.6348101 0.77046585 -3.0807717 -1.6424286 1.1130275 -0.6202386 -0.2025424 0.17404158 1.1560109 -1.6452403 -0.66101074 0.2728335 0.71751225 1.1947678 -1.1435283 -1.5804902 1.2627244 -0.5373618 1.125973 -0.23622786 -0.16336721 -1.5784535 -0.4777504 -0.8089288 0.39483422 3.1229327 -0.95331234 0.13231643 0.69924307 -0.57176214 1.582309 0.22713591 -0.015985757 -1.3808672 -1.1257764 -2.9723701 1.0557306 0.8683122 -3.7075298 -2.2419083 1.8163837 -1.422605 1.2758137 1.1822242 0.6275299 -0.36049378 0.83269244 -0.7417738 0.16092342 4.1950617 1.1483797 -0.5132253 -1.6355094 1.3916433 -1.4440824 -2.335445 -1.9568307 1.9034009 0.29403627 -0.8810679 2.1021492 -1.4360958 -0.88844216 0.25455835 -2.0554123 -0.39861616 0.55720246 -0.09916733 1.0187504 0.23022577 0.37679848 -2.308107 -0.4653578 -0.25524485 1.501593 1.3599735 -1.8747168 -0.4164127 1.2595954 -0.26838475 -2.6950703 1.4105229 -1.4918002 -2.504483 0.9150773 -1.0367811 -1.1932395 1.5816911 1.3251201 -2.0987625 -2.8095815 -3.136581 -1.2173374 0.37411487 1.968468 -1.1237411 1.152121 1.0837481 -0.057169672 -1.8134196 -0.72000104 1.6917633 -2.4051564 1.0572093 -1.0343722 -0.16586174 0.54567665 -0.7955739 1.1638589 -1.1702803 1.093613 -4.2284536 -0.75360435 -0.68778497 1.4322655 1.7918029 -0.8203683 -0.7999782 -2.5648963 -0.20779887 0.8314923 0.32372093 -1.0892915 -1.4208504 -0.5032838 -1.1888915 0.29753566 -0.6887852 -0.9877729 0.1721049 2.8146477 0.8745402 -1.2181191 1.2159665 -1.3414714 1.6222203 0.7253039 0.82887185 -0.3597746 -1.4857093 -1.1041638 0.6762525 4.358807 0.8143366 -1.0680252 -0.2795633 3.4305484 0.5066158 -0.5642354 1.1594197 -1.5979289 0.40675658 1.1811544 0.5134313 -1.1132158 -3.4446342 0.1721828 -0.42853376 -0.48026335 -1.1043704 -0.24496023 -1.1240083 -1.3470668 -1.2016983 1.0471705 1.0442922 -0.87524074 -1.644058 0.5512998 0.25896138 -0.0014192121 -0.4350223 0.8445837 0.74011517 2.100494 -1.388669 1.1705686 1.1372375 -0.51400733 0.23389757 0.67388767 -1.0236127 0.8879202 -0.8371486 2.4661214 -1.8328989 -0.034084737 1.7039872 0.2860615 -1.2763829 1.0341048 1.3072975 0.02694892 -1.9572599 -1.7667435 -0.049099147 0.11755263 1.9681654 1.2334423 -1.2342068 0.6212144 0.4939629 -1.1520047 1.8937978 -4.1776714 -0.7461136 0.24343686 -0.2569266 0.44589382 1.5757376 0.91709375 -1.6959271 -2.4860294 2.0537798 -0.30868036 1.3784407 -0.9384568 0.75193954 0.23566496 -3.069862 -1.9779001 -0.26963076 0.34497258 -1.6486067 2.585907 0.5327824 0.36828914 -0.9488588 -1.9325013 -3.6447263 1.2372657 -1.3217224 -1.7072042 1.5109192 0.52545696 -1.329257 -0.4698755 0.37062544 3.1370003 1.0249848 -0.027473707 -0.3569085 0.28931555 -1.5854064
eucalyptus 0.7042997 1.1321511 1.1699134 -1.6223444 -1.9272598 -1.7533628 -1.0432767 1.9398435 1.1831387 0.13814676 1.3337349 0.16904584 0.28405696 -0.12383126 0.11479403 -0.3043793 -0.07265295 0.99272484 1.0113387 2.1322632 0.5779732 0.7135633 1.913532 -1.5569165 1.814571 0.95078045 -0.948662 0.7534291 -3.952964 0.3322838 1.2819184 -0.065216996 0.49405155 1.3571551 0.13609916 -0.13561048 0.3710974 0.31413656 -2.2899518 -1.2258416 1.1410245 -0.4279203 -0.86198443 0.5797364 1.0652014 2.3238082 -1.7939471 -2.6016395 0.73470527 2.749927 0.48845607 2.2884262 -0.05035157 -1.7608182 -1.0282161 -0.653053 3.071159 -2.0399113 -1.9333624 -1.269622 1.2648873 -1.0067968 1.5396638 0.82751817 -0.07852488 0.8899398 -3.181035 0.11548417 0.80238223 1.5463376 -1.0862502 -0.554445 -0.112891786 1.0601243 -0.09782226 -0.17650117 -0.46860033 -0.0005840815 -1.5602713 2.05391 0.37543988 1.332518 -1.5367749 0.32087773 -0.18787333 -0.85888475 -0.905326 -0.05181875 0.082092226 -2.0235279 0.9803132 -0.44973567 -1.1011143 0.30154887 0.5133201 0.349696 1.6152922 -0.7149405 -0.8832867 -0.42060265 0.61438125 -0.39017457 2.3572214 -0.16319269 3.4578 3.0093439 -0.42489228 0.9197924 -1.040004 -0.017348943 -1.0447963 -2.5360634 -1.4384726 -0.4627823 0.043678157 0.19951019 0.99052465 1.2153265 -2.1090815 0.5670701 -1.0917166 -2.317201 0.30596542 -0.74936277 -0.7035091 1.3276016 0.6495568 -0.5340883 1.0033104 -0.9055087 2.3547156 0.7751987 -1.262644 -0.5548503 1.8077992 -1.3777753 -0.5815501 -0.34034675 2.7500906 -3.3206792 0.34055516 -0.62289125 -0.037118338 -0.11682554 4.1926217 -0.9758447 -2.3276474 -1.3473552 0.95171696 2.3865895 3.1909232 1.6820441 1.3544383 1.6425849 -2.415047 -0.89864576 -0.83646065 0.55106884 -0.89495295 1.1210067 1.2136496 -0.66575426 -0.0678643 0.31037748 1.547017 -0.33043933 1.4616443 -1.7621689 0.09048378 0.88131493 2.0870745 -0.6434203 -2.847672 -0.88439435 -1.723812 0.23622322 1.4488385 1.4364078 -0.58236307 0.68643636 2.049195 -1.2809929 0.4630252 -0.81796026 -0.33643043 -0.46782464 1.4485717 -0.41752127 -0.90990657 1.4775441 -1.5895549 -2.4404593 1.3437135 0.06051827 0.671467 -1.1092196 0.92022043 2.0727038 1.694114 0.41776 -1.0875219 0.73993814 2.6021888 -0.96604073 0.13355732 -0.17647284 -0.66253245 0.9563427 1.4005187 2.8462167 -0.0122533105 0.6013595 -1.2800822 1.6727016 -0.74830085 1.0567414 -2.302416 0.47016352 0.65502226 0.05919508 1.4644098 0.8194721 -0.70044124 -1.501599 -0.52460575 0.55291367 -1.1305226 1.9557568 0.44747797 0.73987913 1.8475474 1.566518 2.4432518 1.3936809 0.086238645 1.0738468 -0.11927044 2.470122 2.1656873 -1.5296361 -0.7552862 -1.046804 -0.4189582 1.573628 1.0809327 -1.4885775 2.067607 2.2919812 0.45351043 -0.20562722 0.61173713 -1.5539607 1.310941 2.023798 0.5861391 -0.35629186 0.6806926 -1.2664057 2.3872445 2.7229714 -1.2293229 0.9608229 0.1002222 -1.6056277 -0.075809084 -0.29319558 -3.0035355 1.1434742 -0.620784 -2.1681752 -1.8500165 0.94565356 1.264066 -0.7035327 -2.3060303 -1.6019177 -1.8921471 -0.03230854 0.62784225 1.2103664 2.0147946 1.5568756 -0.056042172 0.09639089 -4.1681204 -1.0612658 1.2495878 -0.5814413 -0.17928669 2.3416877 0.53075516 0.12579778 -0.5757542 0.40328017 0.17525215 0.8171848 -1.0763211 0.037710935 0.8237081 0.036367178
rope -4.310987 1.061258 -3.9784534 -0.9576658 0.14226697 -1.2196635 -0.6958344 -1.5130067 -2.7040565 0.6522076 1.3838413 1.4845778 4.0151296 -4.0063596 1.271357 -0.75658906 -0.14721553 -0.9437912 0.48113132 2.8887494 -0.6175673 0.9373461 -1.3300079 1.2784344 2.8511207 1.4599923 2.0688558 -0.33542448 -0.6607119 -0.9803921 -2.1754482 0.5324932 -1.2957648 0.24867523 0.46348956 -0.49116018 -1.4948975 -0.7259027 3.4263225 0.14248009 -3.2272983 3.0106218 0.059298925 1.1188382 -0.32468972 1.2670473 0.08528194 0.31143594 0.8883756 -0.12213477 -3.0042987 -3.4121602 2.7339935 0.99721026 -2.2476897 -0.30026263 0.0026392757 0.81513584 -1.4621757 -0.043128163 -2.0325594 0.68765295 0.55575943 0.5973402 -1.9024286 -0.8825467 -1.7903455 -2.6343932 -1.4530153 0.60118353 0.31159273 -0.2900702 0.8980908 1.9080058 0.38386196 -0.80851895 -2.5081515 -1.1491983 -0.83608586 3.0400836 1.9307133 0.52267313 0.2064321 0.23599553 -1.8237445 -2.8210487 -0.4210099 1.1849684 0.92295426 -1.8408712 -1.8100159 1.4714241 4.076655 -0.725926 -1.3782575 0.9581431 -1.4267642 -0.8724142 -1.8346132 -0.5999303 -0.5400437 -1.824333 3.0226407 2.4306593 -2.3289669 0.9746323 -0.30762717 -1.1478028 -0.4156179 0.78426796 -1.5528202 -0.2902212 -1.7740529 -1.168207 -1.7708745 1.2213103 -0.52220255 -1.4958146 1.835815 -0.22474574 -2.5098398 1.2808324 1.3809149 -2.1404765 -1.2519804 -1.8727021 2.7108133 0.33674413 0.429117 -0.5665911 -0.43358582 -0.056545503 0.19617485 3.6711416 0.4363974 1.9620345 0.6367699 0.020240057 0.6199036 -1.0242074 2.1868172 -2.1685078 -1.281928 0.08005424 1.6572608 0.20292781 -1.2673659 1.5101888 0.06722324 -1.3664352 3.559892 -1.7126662 0.26592243 -0.79321146 -0.57640827 1.8867322 5.810198 2.3168378 -1.3586619 0.35576877 -1.574417 -0.85602534 2.0294483 -0.7087526 1.2562724 1.0287441 0.5968392 -0.49860206 -0.6611276 -0.60150653 0.48383412 -5.230691 2.1570706 -0.032920096 -3.7861633 0.032464165 1.8225888 -0.96658754 -1.0469337 1.2698768 1.1413195 -0.07763551 -1.0672344 1.145862 0.6525616 -0.1713517 1.0936674 0.35413134 1.0943937 -0.123444356 0.88766176 -1.184506 -0.51894736 -1.3236443 0.6822496 -4.4547954 -0.062084273 -0.41615787 0.2771159 -2.2427518 -3.8928235 2.5240192 -1.978806 4.472664 0.14457276 1.8805164 -0.14541095 -2.7324698 -0.81197876 -0.17838493 -0.49044776 0.93517154 2.5150237 0.82498384 -0.8538616 2.4366808 1.283104 -1.0528754 -0.008558116 -1.1910998 0.76099354 4.8548393 -0.9814546 -1.5090955 0.3034202 -0.89814574 -0.2976893 -0.09530229 -0.8681636 0.24237737 1.764572 0.38045096 -1.7902445 0.36625046 -0.73310065 -1.5678464 1.0226846 0.23059662 2.1202364 3.280143 0.7027793 -1.7866042 -2.672073 -0.044245746 -2.3236103 1.9269059 1.844433 2.4029393 2.5932362 -2.160505 -0.23994596 -0.4420814 -5.0377574 -0.7796348 0.06799093 2.729602 -0.27780864 -2.371273 2.2320244 1.3697877 2.6009867 2.804191 -1.0830184 0.2286401 -2.7450075 2.8223438 -0.87947565 0.8005369 1.8604305 -1.094077 -1.0859436 -0.2076661 0.7191751 1.8260324 -0.8894479 -0.5328965 2.279443 2.944595 -3.9670007 -0.2594104 0.04045978 1.4986916 1.0367215 0.16852583 -1.9466708 0.90539896 -2.1362662 1.2892559 -0.71147406 -1.6833607 -1.899011 -0.16633251 0.40085915 -2.299632 -0.9288951 3.3647318 0.64736074 -2.2784104 2.8752136 -1.8688055
paint -1.390042 -0.88613164 2.1765826 -1.2072903 -2.9872053 -1.6418813 -1.6155424 -1.1166185 -0.89265096 -2.0915315 -0.21578944 -0.6076949 1.4155426 2.379108 0.11644915 2.0232403 -0.11470762 0.121054985 -1.2767036 3.0489419 -1.7513746 2.5473747 1.4593276 0.36901873 1.7492878 -1.6940328 -1.2106973 -0.494567 -0.018956615 -0.32147726 0.31449217 -1.297995 -1.2310561 0.078732185 2.7895584 1.3618888 0.36806428 1.0079912 0.9768535 -2.4997084 -1.6138765 0.8278445 -0.7110426 -0.5042317 2.0359616 1.3490227 0.32151487 0.12588117 1.159816 -2.5842988 -1.3482759 0.6579735 0.6692732 0.4853503 -0.93730295 -4.1511083 -0.6419468 -1.8814319 1.647728 1.7787083 -0.39716458 -2.2082968 0.49640006 0.2479438 2.346119 -1.3444693 0.16717982 -1.5301595 -0.2749648 -0.58589125 -2.1949391 1.4125373 -1.0611196 2.4097927 2.3376684 -0.06989044 -2.9042065 -1.7459102 1.2567953 -2.740758 1.2795064 -3.0048008 -0.35825494 0.7597416 0.5717332 -0.07740899 0.024428355 0.9398792 1.6453624 0.2836729 -1.8388857 -0.2858941 -0.41220185 0.27220872 -0.0079846205 -1.746227 1.1614208 -0.32851574 -0.19338489 1.5218753 -2.2584248 1.020979 1.0143056 1.1964244 0.6495418 1.7825698 1.180704 -2.5956628 1.5184356 2.1029332 0.67432255 -2.7064574 -0.026705906 0.61788595 1.2088828 2.957697 -0.8018066 0.32633042 0.6693931 -0.657016 -1.0210415 0.7531179 0.75973386 1.5746486 -2.1236243 -0.0899981 -1.4648733 -0.4355431 -2.1076543 -0.30231422 0.4431066 -0.36038235 -0.43165606 0.03290934 -1.2042093 0.2122737 1.2225766 1.3156447 -0.6887351 -1.7732023 0.13294138 -1.6692673 -0.78706205 -1.1275369 -1.3811933 -1.8367635 -1.5690521 -0.5942609 -0.7957715 -1.1484342 0.8395846 -1.1568819 0.6996256 1.4120381 0.15376943 1.3994029 1.9272255 1.4124303 -3.8328228 -0.85666484 -2.3242702 1.1573071 1.8418474 -1.4226941 -1.2064476 0.20800786 -0.223016 -1.8527881 -0.33818173 -3.640059 -2.4010005 -0.8041835 0.046324905 2.248959 -2.7383363 0.33031908 2.8269563 -1.6067302 3.7538195 -0.8041814 1.3050076 -1.3464876 1.2916963 1.2677706 -1.9510738 -0.315271 -1.6204121 0.12999636 -0.91509575 0.6048199 -0.87977797 -3.8425915 0.70925057 0.8147858 2.1473553 -0.5753202 -2.8269494 -1.2356641 1.4026889 2.4014862 -2.0711987 1.3198736 -0.0052467203 0.3618731 -0.19723491 -2.2756047 0.16777773 -0.7470785 -1.5784703 -2.2791488 0.36236617 0.10715622 2.3205743 2.8797808 -0.0066108545 1.1359416 -0.64123094 -0.9212004 -0.22773765 -0.3841134 1.0953449 1.3190018 0.41796672 -1.3962889 -1.0921619 -3.377203 0.67443544 0.33776054 -0.92803067 0.024758393 2.5262728 0.018819125 -1.5430605 1.2295501 1.269819 -1.410706 -2.5272722 0.068381116 -0.3709875 0.17745489 2.3545635 1.9923053 -0.6920894 1.6629465 0.31404027 0.6374847 0.08941177 1.1401178 2.5902712 0.70725065 0.41966134 0.6922909 1.2093258 -1.9001877 1.9549577 0.68350476 -2.613044 -2.038522 2.1902895 1.2520183 -1.8770238 0.08087786 2.416554 -0.25255778 0.23262835 -0.7568463 0.083441176 -1.9103338 -0.78653365 0.4423413 -1.5948297 -2.2430596 -0.464154 0.20285486 -0.6895443 0.06507563 -0.011489943 2.5207787 -0.3248377 -0.3767538 2.1732073 0.5798715 0.1359027 -0.72639805 -1.6091412 3.1194854 -1.3662225 1.0711628 -2.3011088 1.8958044 0.27251038 1.587805 1.0524786 2.2238066 4.029508 0.7212588 -0.67495984 -2.9067438 1.2007766 0.2610902
bark -0.024032393 -0.15797906 0.6217045 -1.4127107 -1.7624633 -0.82728887 -2.2716818 -3.3062778 2.9862428 0.040148344 2.5594609 -1.5288448 1.051978 2.7736232 -0.34432206 -1.2689462 -0.31757414 -0.025729 1.4117 1.2559638 2.555023 -0.6441539 3.3133197 0.60835767 1.8109164 1.7130641 1.698926 0.064470604 -1.0675638 0.704044 -1.748054 -2.492559 1.5720634 -1.6228254 2.161445 1.8313153 0.14504895 -0.5621592 -2.4861863 -2.5198944 -2.3041534 -1.345693 0.5015748 1.7567742 -0.40930247 0.5478676 -1.9022337 -1.7976712 0.12634268 1.0634559 0.3220796 -1.3363868 0.4094544 -1.2754787 -0.15405211 -0.53101456 0.8254551 -0.18697946 -2.082708 -0.7212928 0.57487935 -1.2436315 0.19906217 0.2563778 -0.32837155 -1.9442925 -4.5922503 -1.7926527 -1.5242264 1.7337043 -1.6362474 -0.00089926325 0.2363759 1.3582666 -0.3073454 -0.44831678 0.09952345 -2.9450426 -2.6950536 2.340389 -0.61734384 -1.0587847 1.7682145 -1.4991816 0.26766154 -0.43540165 -1.6010612 -0.3008966 0.43120715 -1.5308558 -1.416817 2.1619616 0.2543566 1.0863451 -0.9053525 -0.12188814 2.0133884 0.11480463 -1.1091492 0.6360464 -3.6492171 -0.43089908 -2.4158502 -0.9438527 1.9398861 2.9035873 -1.0648111 -1.4814591 -0.9485172 2.108514 -1.2053934 1.6260033 -1.550389 -0.7701551 0.091484174 2.844755 -0.48634714 0.116244555 -1.2255104 1.9165102 2.0843325 -1.0041225 2.1820786 0.3917191 -0.64444256 1.4896632 2.3662214 2.3828611 -0.7044876 0.6082556 0.81964004 1.8955582 0.5815686 0.4874354 2.8745093 -1.9214039 3.5481968 2.2510214 1.2622166 -0.45961243 0.93867785 0.51493084 0.52031046 -1.0563488 0.9030843 -1.3506516 -0.36509466 0.81945443 2.2824414 -0.4205051 4.1953225 1.8218793 2.768632 0.84618986 -2.1621127 -0.5759337 3.2267992 0.99632615 0.5519578 -0.69817257 1.7888324 -0.89181656 1.688409 -1.3554893 0.5116458 -0.4157346 -0.27463213 -1.6465601 -1.9909762 0.2365409 1.8460552 -1.7918596 0.6606343 1.6918627 -1.8639683 -1.3348922 -0.187083 -0.18848033 0.21957475 0.066211306 2.2592103 -0.7730179 1.5538352 1.3426642 -0.24638465 0.5491091 2.3044095 0.78367406 -1.8821645 -0.6123825 -0.7296977 -1.251232 0.18730643 -3.2583268 1.8544409 0.0744802 0.57131314 3.1166503 1.402521 -2.1119118 -2.0831933 2.394966 -0.93971264 -1.8208953 0.79621744 0.81445444 1.7022119 -0.4847671 -0.6614649 1.7915229 0.8497542 -0.5907647 -1.9955696 2.432632 -0.8961803 0.0056090313 -2.7067537 1.2326758 1.4496464 -0.78522855 -1.7339022 -0.40443072 -0.04026586 0.0054093534 -1.5217139 -0.044545937 -0.31913793 -1.0752459 1.0177149 0.57501084 1.7779044 0.21561296 1.3262904 1.6994053 0.8145333 -1.117312 0.85246766 2.6068614 -0.14230329 -1.7793028 -2.4622972 1.6320864 -0.99577713 1.8855157 0.32068765 0.4826991 2.5618954 -0.25408655 -0.40661213 -0.2787877 0.08301757 -2.5050397 1.9350529 0.8986348 0.44231457 0.36442834 -4.52713 -1.554856 0.16956976 1.6301169 1.6030184 2.837317 0.1291594 -0.24456985 1.1686014 -1.4849046 -3.2469516 -1.9997009 0.6990803 -0.5540356 3.7562923 1.4468272 0.8251431 0.33912107 -0.31909293 -1.0845127 0.8875742 0.28321597 0.43212232 0.094340086 1.7315704 2.5106294 0.85739034 -0.77753407 -0.64692396 0.2836369 -2.9005075 -1.077318 -0.95761013 -1.6262974 -0.34935609 -2.1754858 -0.17659745 1.0614669 -0.5227036 0.2898465 0.7632297 0.3435997 0.7276892 -0.29759732
bakery -2.0635555 -0.19510233 1.0811108 -3.222954 -1.4659554 -2.2133684 1.3537978 0.7317274 -0.61571723 1.8513119 3.8310387 -3.1960049 -0.859216 -0.17518188 0.64709735 -2.6031115 -1.3566121 -1.3355377 2.4370375 0.4202968 -0.04443948 0.48107353 0.07976793 -0.2019694 3.8780198 -0.25590873 3.0012226 -1.0353535 -1.1922189 1.4926648 1.9566472 -1.6446956 0.882093 0.28576946 0.46837774 0.32629883 -0.7400929 -4.4937425 1.2032102 2.330093 -0.685083 -0.8822162 1.0452389 -1.2058243 -0.7633127 -2.2358158 -0.8733421 2.8508544 0.16932952 1.7649667 -0.36663255 0.78018165 -3.1285388 1.6294073 -2.1416054 2.178093 -3.6495361 2.113562 -1.827808 0.679912 -3.4149663 -1.0998676 1.4807819 0.0373793 0.46024132 -1.3343122 0.62090933 0.91776615 -1.7101539 -1.3703151 -0.07609653 0.1308182 -2.8258893 0.8558651 1.0351106 -1.3066427 -3.8868053 0.5409569 0.28506583 1.6451324 -1.780066 -1.6560171 0.6729785 -0.21976785 3.069043 1.2283163 2.0999162 -0.18096381 2.4032717 1.5383562 -2.6687996 -0.061604146 0.7260511 1.3907508 -1.5780457 0.930115 -0.09659071 -1.5145135 -2.377365 -0.24276681 -1.9434948 -3.7619913 3.8236802 0.20238796 -1.2164565 -1.7955365 0.1795212 0.56946754 -1.9738191 1.677462 -1.7246766 -1.2075546 0.6321786 -3.399485 2.1865876 1.7344576 -1.7895234 -1.179195 -0.23780145 -0.14804505 1.428145 1.1456659 2.8239174 1.3339908 -0.12013222 2.1674037 2.9206471 -0.8854487 -0.5424466 -0.06152118 0.098060206 4.42235 0.3613317 -1.1533506 2.2674413 -0.40505138 -0.15705718 1.1857489 1.055521 -0.6867098 2.4760861 -0.47800216 -0.3301664 -4.2324343 0.06727813 1.6153718 0.037666652 2.27754 -0.42685527 -0.45514598 -0.55326027 0.6341736 -0.40116525 1.3425906 4.4456034 -0.90217507 0.72179055 -1.1901025 1.945287 -1.4350282 4.04206 0.5458923 1.9006068 -2.0393505 0.29040727 0.94848067 -0.47906914 -0.078212045 0.42692992 -2.434278 -1.1022102 0.67400205 -2.233783 -1.6734198 4.3834434 2.3363194 0.20497747 2.7665806 1.8682404 2.0565023 -0.18664674 0.006026508 0.22401376 -1.5399401 -3.6317222 0.2791655 1.1661057 -0.7998451 3.2651265 -0.7776861 -0.7000479 -1.331202 1.1673833 0.058308873 -2.4471323 1.1333579 -1.1502057 -0.15861478 -2.0625565 -1.9665521 -0.36722466 -1.1674325 2.1504204 1.4142655 0.32750526 2.086955 -1.6713847 0.24932766 -3.283533 0.19053702 1.2412282 0.04433821 0.91070247 -3.8939338 1.1030773 -1.307434 -0.38180915 1.7796191 3.0436313 -0.8397769 0.22186646 -0.21893708 -4.2284994 -0.27613416 2.4183173 1.5924829 1.3327265 -1.0667602 1.6795806 -1.9041362 5.2325425 0.16123308 -2.0781038 -0.18595633 2.6058095 2.2225325 2.2688274 -0.94848585 0.22367632 -3.9664643 -1.3469411 0.123137146 0.15070625 0.78223896 0.018768251 -0.09597571 -2.1324751 -1.9913228 2.1226256 -0.14710312 0.4786607 1.2774245 1.9824907 -0.79924184 -0.2326325 1.9188071 1.9757359 0.12306363 -0.20065679 -2.1485178 -3.1633859 -1.7402265 -0.22682135 2.2662046 -1.547777 2.1463783 -1.5866891 1.368943 0.23166507 -1.1639107 -1.965615 1.1134795 -1.3523768 -0.7525037 0.6375684 -1.3645623 1.1169641 1.4066815 3.5128784 0.0445551 1.0067276 -0.48402685 1.2867875 0.5924903 -0.9993466 -1.438221 -3.6594944 1.4689316 -0.26751545 -2.3287313 0.3070778 -0.46060222 1.5842258 2.1111503 -1.166337 -2.2065792 -3.3573294 -0.02593034 0.3567728 -0.045417137
birch -0.23853894 -0.85529906 -0.37065706 -1.1507952 -3.4031181 -0.42458418 -0.0930051 0.42530167 -0.39829788 -1.4758765 -0.46478054 -0.40898806 -0.10461314 0.894906 0.70877635 -0.24278165 -0.88432205 1.2598594 -0.87915957 2.973622 1.2039908 1.922137 2.0955837 -2.5305562 1.4855202 0.5624626 -1.3005894 2.2233334 -2.3156602 -0.32649317 0.42095122 -2.5951953 0.28660527 -0.8307847 -0.5383101 -0.31336778 2.2576313 0.90785223 -2.0427072 2.143565 -1.5346264 -0.9718322 1.1482706 0.82549495 0.72857946 2.3214605 -0.22329673 -0.6191172 2.4217584 0.1323392 -1.8645731 0.5470711 0.42120802 -0.24726981 0.4659144 0.8651425 0.69873595 -0.37855846 -2.1013072 0.921579 1.6846181 -0.92208993 1.3369131 -2.2334418 1.1455266 1.7825773 -2.9074802 0.24109042 0.10800316 -0.6117841 -0.7281968 0.5199425 1.0618821 0.5044856 -0.29845056 1.3719746 1.3785961 0.6952453 0.2557513 0.7999956 1.4938186 -0.1724167 -0.33220863 -0.03764105 0.57319367 -0.17207552 -1.7481115 -2.164009 -1.0834963 -1.7128168 -0.5325744 0.0821194 -0.56277806 -1.9494386 1.6063895 2.4018872 0.47852978 -0.40215862 -0.5233235 -1.3550303 -2.1583714 -1.563638 -0.75093544 -0.15892944 2.3808055 0.48990703 -0.369472 -1.2315024 -1.9040967 0.6813159 -1.5315198 1.0218258 -2.6950896 -1.2192185 0.9726427 0.5110069 -1.5740776 -0.10162502 0.67611563 -0.922477 -0.21551915 -2.968752 1.8552302 0.46182024 0.94558525 1.9651122 0.17808148 -3.0818114 -0.17154308 -0.7505743 3.3103628 2.0507662 0.9104813 -0.08855923 0.027261063 1.741604 0.10222318 0.061130535 1.4958799 -3.739141 0.7599935 -0.4715042 0.6213916 1.6795412 2.424122 0.61617196 1.147044 -0.4045574 -0.6255518 2.0985734 2.237637 0.6398325 0.51302695 -0.3398754 -4.0761924 -1.989798 -0.08590157 0.50451547 -3.381273 0.73438036 0.06665662 -1.5384035 1.8827757 -1.5757531 -0.6784188 -2.0169945 0.57015914 -2.411598 1.3096752 2.9014008 1.7768296 -1.1465378 -1.6768596 1.8556093 -0.04495238 0.7638005 -1.6418284 -1.1431888 1.0551704 0.112439975 2.4851482 -0.97697705 -3.282206 0.20810696 -2.0906632 0.12716013 -0.8540778 0.03579203 -1.2135674 -0.19478025 -0.23487839 1.9616683 0.46106824 -0.017944185 -1.620561 -0.9245878 1.3840001 0.7007652 0.013405115 -0.19150871 -2.5328822 -1.0798836 0.3988632 -0.82669866 1.8870963 1.8559763 -0.26846296 0.15214853 -0.26087254 1.8765663 1.4422508 0.2363221 0.55626845 3.2018242 0.80588186 -0.3233366 -2.7979064 0.41360068 -1.0326699 -0.7349886 -0.065003686 0.9571714 0.19144635 -0.6195139 1.1482877 1.5961931 -1.0188073 0.54021394 0.6593427 1.9001608 -0.13466327 -1.6021411 2.9894989 0.5328529 0.10423411 -2.6903875 -0.9516563 0.37650862 -0.5806677 -1.3252327 -0.86998045 1.9749932 -0.3488888 1.5823497 -1.4913862 -2.1349106 0.5066192 3.4031389 0.044106767 2.1214387 -1.4397035 1.7008361 -0.1748149 1.0511727 1.1843089 -1.5770234 -0.97867215 -1.2355382 1.5634 1.2004166 0.44416055 1.331857 -2.5135214 -0.9328516 1.2271132 -0.47194353 -2.209811 -1.7045974 0.65900326 1.159012 -2.3552415 0.37106696 -0.075784884 0.60292 -2.9818552 -0.14249569 -1.3413063 -1.4782552 -0.5862017 1.5036637 3.6015139 0.40517414 -0.45469028 -1.336779 -3.3786168 -0.54772913 -3.0539398 -1.536853 -1.9936705 2.5684109 0.75850475 -1.87238 0.8217927 0.19404614 -0.06489409 0.026195254 -3.7167447 0.12554504 2.5268004 0.69821566
urine -0.6738086 1.5045348 0.2874307 -0.005369168 -3.781945 0.3557056 1.9841785 -0.14549237 -0.15676667 -1.4510419 1.9210379 0.47802353 -3.0941725 -1.074803 -0.061896104 -0.9972379 -2.833463 0.12921652 -1.6064816 -0.031028492 1.0534731 3.1013918 2.2887177 0.9431885 2.1639671 -2.3796697 0.51593894 -1.0604378 1.3677672 -0.21073759 1.4623867 -1.7443839 -1.0333986 1.2453052 2.5302753 -0.78433335 1.3320507 -1.6509478 -1.8479593 -2.2818727 -1.6427126 -1.2754796 -0.13178904 0.2611717 0.7095851 0.510061 -0.116128914 0.8990302 0.40723383 -0.28904745 -0.09749159 1.545969 0.22615574 0.4913153 -0.64446867 -0.39936435 -2.101208 -0.6387187 -0.5992665 -2.0783892 1.9174297 -0.7518704 0.17700313 -0.7650603 -1.4677435 1.8196 -3.0794673 2.621486 0.9412946 -2.6912062 -0.2960096 1.4084575 -1.8927481 -1.8419365 -0.22668725 1.0733005 0.7471118 -1.8441883 3.4030104 3.4186711 0.26798826 0.06654567 -0.6340666 -2.0140183 0.24158275 -0.6120508 -0.81921417 3.8422472 0.44287762 3.2409487 -0.181908 -0.002665819 2.575029 -1.6558758 -0.8674133 -1.6271619 0.7368675 -1.4761633 0.3267253 -0.41291383 -1.7565649 -2.2880545 0.5034913 1.2550664 2.4503553 0.7116614 1.0919547 -2.199907 0.96573615 3.5117257 0.80156463 -0.10914378 -1.3613784 0.50082815 0.59081376 0.48383322 0.89633715 3.069587 0.52610207 -2.171437 -1.3280877 -1.9166054 -2.1700842 -2.2903607 0.5662592 0.060488768 0.6408314 -1.3518972 0.9472213 0.5251961 2.3329988 -0.1305334 0.15641676 -0.2830521 -2.8121789 0.41492948 -0.7838437 -1.6184971 -1.6681441 0.060583044 1.5996147 -1.108188 -1.9274316 -0.34000656 2.0717177 0.97484833 -2.7641137 -0.7546162 1.2039762 0.25080213 3.696128 -0.7473636 1.4379789 1.5146122 0.5183829 -1.221205 -0.17414635 1.2570885 -1.7697489 -0.24082506 -2.244404 -1.256783 -0.4232616 0.87490404 0.48057622 0.83578306 -0.50775766 0.3811178 1.8240887 -0.02128358 -0.55693406 -0.9045198 0.11519084 0.17393906 -1.2103173 -0.3971157 2.1833682 -1.2535769 -2.1858087 -1.076849 2.652902 -1.2112825 1.517687 0.9223061 -2.7236514 0.8368696 -0.5862308 -0.51892895 1.1869082 -1.8143308 -1.2270131 -0.20607285 1.9374402 0.1645937 2.1789083 -1.993501 -0.622401 -0.76015025 2.5214431 0.6973001 -1.310386 1.4030917 -0.3680059 0.32679182 -0.010715958 -1.5652286 0.61201996 -0.5345403 0.06340883 0.7450724 -2.1366785 0.11983482 -0.86370033 0.46007815 -0.6855238 1.043679 0.9765247 -1.4322937 -2.5972605 -0.35560653 2.5202644 1.1092292 -0.12728044 -0.52823865 -2.1089892 1.4798553 1.4082963 -0.7009772 0.8406644 -0.28455627 1.9619023 -1.0781511 2.6586673 0.48810142 1.0460396 -0.5844364 1.2238623 0.7280384 -2.1877134 -0.009946142 0.018354347 2.4009976 -1.4802216 0.45823112 -0.061804444 0.1282816 1.4190663 2.2055342 -2.4859338 1.586056 0.00089665863 -2.250167 1.8552688 -1.4023931 1.0527359 0.6012548 -1.1760737 0.30950037 1.190763 0.82037175 1.2048367 0.83391297 -0.23636436 -1.6410009 -0.24969904 -0.17623703 1.1968186 -0.62477094 -3.9368484 1.5033612 -2.4194653 0.8905334 -4.294242 0.03967277 0.21655178 -0.6812613 -0.5454444 1.2315505 -0.42067856 -3.3914583 3.2970355 1.3544966 2.4565861 -2.2540271 -0.7810039 1.8302302 -3.038192 1.4287492 1.1001487 -3.1717274 -0.70863223 1.2422633 -1.3586034 3.2717752 1.3432666 -1.1796279 2.43176 -1.1996236 2.4743452 1.3239549
glue -3.0004714 -0.87225866 2.140953 -0.034510255 -1.5246211 0.34826863 -0.7506858 -0.050934892 -1.6301657 -1.9457374 -1.1235429 -0.064213075 1.4357654 -2.5251465 0.90427166 0.82430327 1.6810037 -0.79467404 0.8985009 1.9543918 0.8855189 0.2462745 -0.054914843 0.7846929 0.3223792 1.4734737 -0.21952853 0.438252 -0.12083528 -1.8573964 0.0971389 0.33775637 -2.1122358 0.123391084 2.201047 0.28034416 0.9859225 -2.0652323 3.1300259 -2.0883336 -0.20677446 -1.0611157 -0.095499136 2.3731835 -0.10805047 0.80081093 0.818716 -1.1342556 1.943715 -2.6630359 0.044257738 -1.4519216 0.5706245 -0.94233257 0.62167907 -1.5247638 -1.6891547 -1.1240728 1.1942009 0.8264771 0.8393815 -0.44071862 -1.0229236 0.22195852 -1.11043 -1.2550567 2.4496458 0.49299985 1.4795612 2.1019032 -1.6505373 1.541492 1.1285734 0.40752032 -1.9792106 0.10625996 -0.5908567 -1.4584461 0.6960325 3.4963486 1.6335273 -0.34680057 0.007982765 -0.71677667 0.7828565 -1.0115993 -0.9044797 2.0202956 1.7114986 -0.7816834 1.798548 -0.68881583 2.1131804 -0.5432505 1.5095339 -1.6090564 1.1715605 -2.1565912 -0.88975763 2.1681075 -0.48680204 1.1506156 -0.6910159 2.2279105 0.56139505 -1.3860244 0.81897247 -0.75489503 1.1572224 0.8267891 2.435191 0.34736395 0.6514235 -0.42159644 -0.9321764 0.087154865 0.73966247 3.1683805 -1.4666667 -2.8906205 -1.0121952 -0.08516972 0.39182502 0.59351784 -4.143993 -0.40861425 1.2636831 -1.1772525 0.8964237 -1.1029071 1.1740246 1.6561977 1.0392178 -0.3696677 2.2098036 -0.6462864 1.3469286 2.711379 -2.497241 -2.299428 2.7165265 -3.867465 -1.3743168 -1.6473651 2.19586 -0.5588445 -3.1698194 0.11031598 -1.6149801 -0.2352471 2.734741 -1.5614024 0.87351483 0.5988193 -0.8959588 0.033878166 2.199559 0.25432658 -1.4189701 -1.08949 -0.3387909 0.41834384 0.63156706 -2.3200479 2.8252661 0.23927256 -0.19880947 -2.86145 -1.2450867 -2.6838627 -0.24130966 -0.17813057 0.29294655 1.1908543 -1.7262684 -1.9802581 2.2325966 -0.69749653 0.0146578895 0.4945549 0.9443335 -1.8102204 1.3740368 -0.35911828 -1.9359173 -1.535697 2.592463 -0.360276 -1.0272802 -0.08551179 -1.4314479 -1.2313837 -0.5124801 2.4778795 1.8172444 1.7813758 -1.5617207 -1.897519 0.3648391 -0.550131 -1.0195167 2.0328298 1.5271922 3.2992086 2.0007498 -0.12492611 1.2976367 -0.3455554 0.983884 -1.1047931 -1.7838334 1.9446287 1.2710985 1.3725119 -1.1326469 1.9224687 -1.3381485 1.2439828 1.1314852 -0.39902166 0.33089912 0.9404997 0.8375367 -0.79307616 -0.058452383 0.5457609 -2.4568684 2.0826542 -0.7147381 0.6386126 4.10069 -1.4850035 1.865038 1.8467019 1.4459275 -0.52475965 2.002945 1.1235477 0.23945434 -0.44078457 0.85406345 1.3932039 -1.0686927 -1.4483213 -0.1686283 0.18549344 2.820684 -0.016871432 0.0638162 0.78574204 -0.7532085 0.34637216 -0.91373813 1.5970908 2.665117 3.7634068 -2.7516236 -0.812321 1.28565 -0.18875945 -0.10457267 3.1738796 -0.70988077 0.8289061 -3.077527 0.42806083 -0.24483602 1.8307642 -1.9221737 -1.3530424 -0.22292344 -1.5207388 -3.3985047 -0.36704206 0.11391752 1.6398991 -0.8048065 -0.017875897 -1.191419 -0.5282268 0.86962855 0.38306344 0.7535883 -0.22189704 0.46774566 0.93310744 -0.582279 0.09636047 0.5402111 0.5240823 -0.14636838 0.3363311 1.1185331 0.16992027 2.4299245 0.927221 -0.27777743 -3.1147566 1.2557337 -1.1871903
gasoline -0.41404924 0.7838216 0.8056782 0.43345973 -4.2396746 0.8467778 -0.045452423 -0.62564003 -0.7423667 -2.680615 -0.29187042 -0.3606433 -2.2299905 -0.90136516 1.0388242 -0.04667016 -0.44123352 1.3651631 -2.5827167 0.51648587 -0.31521344 2.8244898 0.19850586 -1.541162 -0.2626086 -2.6077068 2.2839088 2.876227 -1.4953878 -0.22656901 0.7414601 -1.4634062 -0.8813464 2.3170562 1.2119176 -0.45254463 1.1046956 -1.0438473 -0.4127568 1.2882898 -0.76387924 -0.8259162 -0.2871801 -0.15584642 -0.3846977 1.2323294 -0.39701545 -1.9492233 2.3619342 -0.63329697 0.56477815 1.0175633 -0.32616052 -1.6492331 1.0136049 1.6564431 -0.20971246 0.81581944 0.5277111 1.6559268 0.39296913 -0.7337728 2.1286235 -1.7757449 -0.593406 0.7132973 -2.5507216 0.7695668 0.7607537 -0.97840875 -1.2466092 0.037414182 -0.9111037 3.0032458 -0.21543913 0.10466601 0.0017129473 -0.60410076 0.81808937 0.6770439 1.128632 -0.8211712 1.5409837 0.280961 0.7102086 -2.014285 -0.24099092 2.1893997 -0.23182607 -0.75079095 -1.5377307 -1.1450629 3.0226882 0.07044692 1.3241116 -1.2233161 2.6644928 -0.039596576 -0.10273052 -0.73432356 -3.508398 -0.40624866 -0.27682278 0.18274035 2.7980764 2.7424428 0.83505476 -2.12116 -0.96091187 -0.5292234 4.149085 -2.3600721 -2.6936643 -1.1484315 -2.0831082 1.740787 -0.08735067 2.1505966 1.8596208 -0.42702654 -2.5484657 -2.115747 -0.51327384 1.5173322 -0.9902255 0.06539207 0.32281977 -2.9591243 1.0330229 -3.093188 2.5930052 0.36589572 -3.964168 -0.8869338 -1.6620884 -0.6992821 -2.6004417 -2.0391598 0.6034489 -0.86919624 1.3175318 -1.1875976 -2.5252542 0.6547114 1.3648756 1.6774141 -1.5708096 -0.5762359 -0.58327836 1.2727134 3.860135 -1.3524836 0.2588627 -0.7607067 -1.7924868 0.48950413 -2.4958332 -0.2978264 -3.3988118 -0.3810104 -1.4002097 -0.34573796 -0.33012268 -2.5282197 1.3789902 0.5074201 -0.5787397 -2.2373962 -2.216694 -1.0655638 0.1603739 -1.9277328 -1.4584552 1.9877368 -1.594157 -1.2530607 0.7645606 -1.00267 -1.3791256 -1.5938269 2.131698 -2.4790366 -0.7997763 -1.362286 -0.99761474 1.9123956 -0.2916703 -0.98458076 -1.8484167 2.3736737 -2.4783475 -0.79096895 0.1895529 0.4680062 1.1729059 1.1017584 -0.86642784 -2.0544546 1.0950007 2.5818646 -2.7001293 -0.19409405 1.283135 -1.8329356 1.9672046 0.045642037 0.6724107 -0.88855207 1.7466098 0.96376014 -0.6491796 0.63507426 1.1634691 2.4304626 1.429047 1.6964273 0.8569402 -0.4695244 -3.1012638 -0.80891055 0.35412815 0.33880585 0.45139155 -2.0138528 -2.0139384 0.4959866 0.20571521 1.8668835 1.2865345 0.44565594 3.8711178 -0.62699205 1.3966899 3.1702209 -0.7406035 -0.8969596 -1.5804162 0.81072176 0.98186445 -0.058722656 0.6589328 0.09390098 -1.8475119 1.3026639 -2.5879138 0.042584635 0.9556729 1.7442604 -0.47700796 1.1969745 -0.059961397 -0.4722347 -0.47137365 1.5014745 2.5551715 0.080217846 -1.0417985 -1.3042557 2.3146536 1.529277 0.043494567 -1.2912647 1.7023673 0.620005 -1.4861448 -0.7479784 -1.0528376 -0.80863905 -3.5247273 -0.29615065 -2.335749 -0.7617758 -2.7246075 -0.4849329 0.3425069 -0.24439487 -0.26369616 -1.186881 -2.475357 -1.3485768 1.5947545 3.5588202 0.16546753 -0.91651314 -2.4519045 -2.2000992 -0.6579934 0.55407655 -1.099451 -1.8354305 0.6372981 1.0361688 -0.18903127 1.558291 3.0471609 -0.05614174 -1.9312412 -1.6445931 1.5635527 -0.9715905
detergent -0.026943862 1.3815042 0.7118137 -1.7992884 -0.94626635 0.9574311 -0.35620594 0.76506186 -1.056133 -2.7082324 1.2967457 0.93413097 0.72491443 0.116315216 0.054049343 -0.18603265 -1.4726908 -0.10560298 -1.3230627 0.91024643 -0.2641951 1.5983372 1.2313339 -1.7698392 2.9009597 -1.0953115 -1.9320502 -2.4040408 -1.1410542 0.0440969 -0.26224747 0.9965596 2.5172834 0.12296897 0.6223817 0.21967193 -1.1210533 -2.3235826 -1.5687494 -0.341646 -0.5639387 1.2594591 -0.6968015 0.049606048 2.520281 -0.7889221 -0.5024882 1.5056636 0.4260304 1.04605 -0.98909414 0.36968392 0.9008758 -0.1109707 1.4060434 -2.9441695 -1.5120623 -0.23581763 1.2738237 -0.7522129 1.2645535 -1.4310362 1.9537259 0.68411064 -0.08069525 0.8369962 0.0572409 0.33590233 2.458127 -0.008255028 -2.411613 2.4348698 -0.8010774 0.2523757 1.8478061 1.7559391 -2.0567286 0.5832074 0.03423903 -0.15102604 2.2306695 4.4562016 -0.7457885 1.0451334 2.800166 0.8967176 -0.16294909 -0.71595556 0.5195859 -1.9253682 0.1301551 -2.8440676 0.8066882 2.914625 -1.1929033 1.6632345 3.599219 -1.0400683 -0.8802012 2.0799267 -4.4699783 1.751165 -0.07129883 0.16582522 0.1501079 1.5916 0.75564975 0.24125212 0.48628795 0.31166765 1.8887681 -1.5902159 -1.4097234 0.459444 0.9350162 1.5868306 2.3739007 0.13768384 -0.7570455 -0.2317939 -0.60928106 -1.3344796 -0.05922313 -0.4914597 -1.8935974 1.5725552 0.24098185 -0.7493969 -1.4246701 -1.0696862 -0.30465105 0.63608766 -0.5451416 -1.3652846 -0.21097611 -0.38838854 -4.2875524 -0.8143311 -2.748731 -0.34811324 2.4854698 -0.358702 -1.7488699 1.0191227 1.2304944 1.7549229 -2.361336 0.9691174 -1.0143542 0.7494069 3.8006601 -0.9883383 3.044648 2.4616916 0.5159691 -1.6324494 -1.423402 0.8657502 -2.933326 -0.031881873 -0.28467274 2.174772 0.010179982 1.07304 1.7377976 -0.10014818 1.5228696 -2.435118 0.9157965 -1.4139909 0.3068345 0.79704875 -3.0251508 0.94653 -0.05381772 -3.0397732 -1.1045882 0.14214988 1.5363508 -0.0842151 -0.04864309 -2.1118853 -0.46333927 -1.3660318 -5.1895165 1.2708906 2.5966725 -0.90794986 1.0987724 2.4961815 -1.4294398 -0.07956814 1.1244563 1.2823929 -0.39357015 1.4733847 -0.9164554 -1.0739745 -1.5929201 -0.32716718 -0.34251273 0.72594887 2.9167426 -0.42642596 2.526491 0.107185654 -1.0360492 -1.3933145 -1.5776634 0.92497706 -2.441484 -1.0514891 -1.412888 2.491689 0.56578773 -0.4142267 -0.7287029 0.20419744 0.7699517 -1.2648102 0.08166335 0.86997056 1.9052385 -0.082713276 0.19651583 -0.46086016 1.1504129 0.74798167 1.3493226 -1.0621239 1.7304238 -1.3036479 -0.52827346 1.1989257 -1.6977643 0.036610056 1.1339232 0.7936606 1.0523703 -0.5579425 2.0545847 1.9712127 0.47357365 -0.05093916 0.1281237 -0.79237837 1.1891452 1.4653465 -0.75327265 -0.64755607 1.1641467 -0.47643447 1.0674378 -1.0022659 2.2832673 -0.6653737 -1.2041203 0.56131065 1.9054554 0.655586 2.6142468 0.022031303 0.23690036 -0.6574063 -0.026904408 0.24156208 0.5675833 -1.5728192 -4.5992837 3.0664153 -1.612337 0.50522166 -5.9368024 -0.59564096 0.40108946 0.060085263 3.2121224 2.3814647 -0.41645855 -0.59185684 2.0138557 1.6309967 -1.0083468 0.4505813 -0.41723117 1.474682 0.52538127 1.2661809 2.4302397 0.9879886 -1.0231065 2.112145 -0.9087944 2.7937002 0.44982338 0.18537356 0.7856851 0.6587625 2.5159354 -0.84297
camphor 0.03012404 0.2985777 0.87047666 -2.2057397 -2.1322606 -0.9512434 -1.101326 1.84293 -0.33056447 -2.3832738 1.764394 0.6639243 1.1185156 -1.8554718 0.62598515 -0.42904934 -0.34260282 0.25985175 0.46571687 1.0327818 -0.39679062 1.3968904 1.2086958 -1.0258322 2.4742782 -0.64625746 0.044339612 1.0065004 -0.9096826 -0.23158374 0.5872704 -0.07280661 2.1898565 3.742652 1.7740513 0.4984756 1.197799 -1.9451705 -1.965149 0.06507565 0.8100535 -0.26443645 -1.0189662 -0.55113393 0.08185299 1.3199286 -0.08338568 -1.831046 0.82513684 0.87915194 -0.14955446 2.3070796 0.7407484 -2.0387902 0.97462326 0.23945566 1.1501788 0.68598557 -0.5498007 -0.58511436 1.262855 -0.9526981 1.4498129 1.2890238 0.014914372 0.7044915 -3.6125672 0.56447995 0.3412883 1.5512726 -0.98311645 0.76913834 0.17835195 0.25948504 -0.7304383 0.13693154 1.4453179 -0.2970852 -0.8327465 0.6557551 0.027126651 0.12633803 -0.68054587 -0.09573126 -0.7912552 -0.81945354 1.2625412 1.2522202 0.8692354 -0.29904068 -0.5468523 -1.6669605 -0.6844677 -0.041486815 0.67710805 -0.8968987 2.0108652 -0.5068428 -2.0076215 -1.6077126 -1.769185 -0.6777859 -0.52382535 -0.70732605 3.2366009 2.2144957 0.49418762 -1.2657542 0.53228354 0.071178414 0.098809645 -0.8224874 -4.054541 -0.08942589 -0.506347 0.13318814 0.3968097 3.9255996 -1.461921 -1.4446621 -0.9579764 -0.22131829 1.2779281 -0.605486 -0.98160464 1.9817318 -0.44469005 0.000854953 1.7666305 0.17498136 1.7178516 1.5563827 0.054801445 0.14767945 -0.42605317 -1.9460372 -1.299517 -0.4666363 1.3181344 -1.633893 0.9042461 -1.0697975 -0.429948 -1.9865116 1.6814241 -0.6241444 -1.9937689 -2.008836 -0.9235601 2.0563185 3.8052633 -0.8384929 2.1152651 -0.4656931 -3.376618 -1.4912074 -1.1711185 -0.21046628 -1.6617551 -0.8525402 0.51469207 0.48547143 0.5313761 0.7421633 1.0131714 0.266872 0.22545299 -0.24757366 0.41920772 1.1148729 3.6832242 -0.3080076 -1.740441 -0.72941685 -2.1375887 -0.8562334 0.14675453 0.5327007 -1.7591649 0.17274298 2.6591642 -0.8362991 -0.7315785 -0.9267835 -1.9183614 0.7468706 1.766272 -1.4682465 -1.4620554 1.3992026 -1.5994462 -2.9118834 0.12374046 -0.80705965 0.76643276 -0.9089314 -0.04577988 0.032935474 2.3959894 0.48971716 -2.0512996 0.38463533 3.3806133 0.4038959 1.8369106 -1.2660012 -0.18479683 -0.995942 0.9729234 2.6036365 -0.3899397 0.7283556 -1.0277163 2.2465684 -0.4237732 1.5296061 -0.9516648 0.397431 0.22172187 -1.2090153 0.41262454 1.3581076 1.9373418 0.73533654 -1.3483583 0.2279373 -0.4823057 1.6154839 1.1051508 0.80556506 2.1879387 0.29473275 1.3950766 1.7432811 -0.42919222 0.005774871 2.336626 2.7471182 1.1130546 -2.4531412 -0.27366614 -0.4097959 -0.78115255 0.48683837 -1.0202171 -1.6657684 1.580405 2.0525548 -0.4836741 0.6040551 0.08761896 -1.1081179 1.8599732 0.82653975 1.6184177 -0.42015716 0.9229336 0.2218575 3.1693091 2.3116093 0.392947 0.13939837 0.95755637 -0.7830427 0.055153158 -0.30069143 -3.314549 0.053162955 -1.4466648 -0.1047797 -1.6832011 -0.5403895 0.36593518 0.13314866 -0.53019476 -1.3198369 -1.8182979 -1.7733226 1.6432683 0.6118878 2.2733846 1.1590418 0.790873 0.3798054 -1.937266 0.057323407 -1.3194033 0.96880615 -0.10329131 0.90998966 1.041603 -1.9114431 -1.3370067 1.0104954 0.36771214 0.10887758 -1.4735706 -0.72397006 1.3024895 -0.82311213
weed -0.8254439 1.7734213 -0.52179617 -1.8414398 0.85594696 0.008471604 -1.972887 -0.3657962 0.40287226 -0.40122643 -0.52774763 1.3107369 -2.1715047 0.23212548 -0.24691199 -1.9046803 -0.5110984 2.5456204 -1.6438138 -0.44983044 -0.505994 -0.4386063 0.32363778 -0.62034684 0.99601924 -0.12692831 0.2603939 1.1881846 1.7099634 1.8460546 1.2361525 0.19751817 -2.3653631 -0.33170143 2.328821 -1.1719985 0.5765476 1.4552246 -0.6953931 1.8716427 0.06931005 0.90688497 -0.7403987 1.830388 0.88475233 0.476828 -2.6106198 1.2311193 -1.671199 -1.9600183 1.2960677 0.21040152 1.813427 2.7503781 0.7829498 0.4006236 1.0664067 0.64910287 -0.7606136 0.20619182 1.0551465 -1.54275 0.5256761 -2.0454657 -0.77785176 1.3708637 -0.31363475 -1.4832169 2.055502 -0.854246 -2.1898544 2.164872 -1.5310805 0.6578401 -0.8039071 -0.9278671 -0.8906358 -2.1279633 2.51157 2.594623 1.8005644 1.0089906 0.49806467 -1.7192765 -2.166928 2.7732134 -1.1670634 2.1079378 0.5528728 -2.154847 -0.09745812 0.008233792 0.44888154 1.9471345 0.28742826 1.3685149 1.6276925 -0.29627421 1.9565575 -0.58542174 -2.4983673 -1.4917283 -0.47619036 -0.68112653 0.15041089 3.39649 -0.9694908 -0.35744545 -0.66653806 3.12942 -0.019591961 -1.7617377 0.42251107 0.60006416 -1.3877733 1.0699159 0.8564378 -0.2557447 -0.80183256 -0.1264037 -0.91602707 0.12634121 -1.891983 1.3599494 -0.7727454 1.4460287 -1.6237495 -2.7711658 -0.24423598 -0.4232792 2.2092187 -1.3147366 -1.2837676 -0.37021026 0.89702594 -0.04580635 -1.8774167 0.0815747 -0.9271521 -2.2709746 2.2721784 -2.3554857 0.10171591 -0.47989067 3.7723417 -1.3171821 -0.25422236 -1.8613194 1.4807993 0.944036 0.2245349 -0.763675 0.5544551 -0.26951945 -1.6855263 0.93774337 1.8472724 -0.35704878 -1.4657483 -0.65826756 -2.5601025 1.4793041 0.112656906 -0.08170531 0.6858357 -1.3696893 0.14369553 0.41820896 -1.3509612 1.7009693 3.4177835 0.4933709 1.3202474 0.36995134 -2.5683146 -0.37769732 0.50752825 1.3141607 -2.0318577 -1.3281945 1.2388668 -3.095121 1.4266276 0.25180775 -1.7685939 0.64504147 0.85864586 -0.30731404 1.6400691 0.14951728 -1.6140131 1.8639805 -2.0094788 0.6347902 2.7645154 -1.1860905 -0.050153486 1.3206817 2.3122697 0.18569204 -0.8626998 1.8156425 1.137442 1.8162229 0.8745249 0.54314107 0.9369367 1.8282952 0.5867085 0.6373867 -0.4433351 -1.4328344 2.2871594 1.0580589 0.16897139 1.3792349 0.98860997 1.0320407 -2.4338624 0.35688886 0.83983713 0.256371 0.17732988 1.1892772 0.48525095 0.3919098 0.96246207 -1.6101717 2.1360505 -0.19598916 0.16496922 1.8081115 -1.1473756 0.13988282 -0.7893597 -0.919079 3.076163 0.4851594 -0.33799836 -0.9732815 0.6123227 0.017094748 -2.0550737 0.97958714 -1.1789285 0.4735803 -0.87916964 1.2012908 -0.5645755 -2.6932166 0.57780385 2.0288365 -0.16079752 2.6303635 0.10053583 -0.06653642 0.16792245 -0.05006837 1.0172497 2.1338766 -1.26231 1.5919087 -2.0239053 -1.0518762 -0.97717255 -0.5773669 -0.77216136 -1.4805833 -2.3602169 -1.3345168 -0.6566581 -0.582601 0.45304105 -1.1676127 1.002702 -1.6496869 -1.3134769 -0.08866969 -0.97412753 -1.0302075 2.1194673 -0.7060484 1.8102758 -1.4332936 -1.9878554 -3.569303 -0.020418657 0.593786 0.5001023 -0.8014666 -0.1716091 -0.7837894 -0.8729777 -0.37579203 2.137945 0.68443346 -0.3245024 -2.4139307 0.26551038 -0.34947896
mouse 0.058989856 0.8028677 -0.48453587 0.24540575 -1.185078 1.2191344 -0.13613082 -0.78176653 -0.9109096 -3.7686768 2.6880918 -0.6895791 1.3272773 -2.4326801 1.1552088 -1.6809692 -2.6859853 -0.8406034 -0.01204145 1.6932087 -1.5279592 -0.5706565 -0.3112703 2.7284904 0.7969529 -1.7132009 1.8651184 -0.37885916 0.40121 0.2128061 -1.2871872 -0.6150572 -2.322068 1.2139143 2.7480052 -2.0741644 -1.0173098 -0.567346 1.7631723 1.1826462 -2.0555596 -2.3818552 -0.36239165 0.9082992 -1.4477866 -0.9348764 -1.417156 3.258328 -0.44245112 -1.4106505 1.2717371 0.42488754 1.2737193 2.879546 -1.3815166 -0.4660226 -0.86753595 -1.0299867 1.7451346 0.69605386 -0.87940603 0.70318997 0.53071547 0.29722583 -1.215879 -0.9997158 -2.4015274 -2.0829737 1.2988495 1.2956686 0.4972867 0.44988453 -2.7209992 0.28656444 -0.0141402185 -1.7437891 0.19267827 -2.4427304 1.0124791 3.9264963 -0.81038827 -0.19457372 -2.165158 0.49753046 -1.8970995 0.36006546 -1.1017162 0.25266674 2.6154437 1.3049356 -1.6984198 0.9464917 1.2519454 -0.33026454 0.9014231 0.9522129 1.4252937 1.7138076 -1.3663217 0.56745344 -1.1403681 -2.3766453 1.1165482 0.41316324 0.7246252 0.1316084 -0.115618385 -2.004412 2.142619 3.6127985 -0.008508365 -0.1363377 -1.0703534 0.05624118 1.7181214 -0.80459905 -1.2193155 -0.10971521 -2.4964383 -3.1250334 -1.9815532 1.2470628 0.7481411 -1.7563246 0.12558505 1.9894572 0.13073368 -1.2937968 -1.5561653 -0.01970503 0.67754894 0.9807611 -2.6000745 1.7211205 2.744247 -0.08654336 2.7312982 0.21192926 0.8304136 -1.3231943 2.004156 0.2933666 -1.4371561 0.5738315 3.723515 0.33396333 -1.0943141 -0.14784455 1.4912071 -1.3916043 -0.9321829 0.30150723 -1.4492856 1.3907684 0.6439892 -0.49493557 0.9364399 -0.32893696 -0.4446265 -0.56654555 0.37613198 -0.43473637 2.8966799 0.10582197 0.02471338 0.5735491 2.0762997 0.35058376 -2.6784475 0.8495172 -0.0072458303 -1.800763 0.5658622 0.6176151 -1.255675 0.21124528 -1.7409235 -0.29869968 0.54283154 -1.8435405 1.6784627 -2.2671638 1.959704 -0.5859988 -0.14461635 -0.49560943 1.790833 1.754624 1.925688 0.28410786 -3.6624076 -1.1587602 -0.8798391 1.2029715 2.3721588 -2.7210739 -0.47090152 -1.4619428 0.7579253 -2.252398 -2.7843585 -0.34106565 -1.0490596 3.2832682 0.27437523 1.2927856 0.76912266 2.4009447 0.29124787 2.4313648 -0.060205277 -0.1646958 2.9672782 -0.47486478 0.6437131 0.6784385 0.34991118 -2.5324655 -0.67677563 -3.5022094 0.4212711 2.100305 -1.0548502 -1.7942375 -1.1196382 -0.8879494 1.6829295 -2.1200726 -0.058683436 -1.030826 -0.21477135 1.3510447 0.6672215 0.23769811 -0.095064156 -1.3109093 0.9487958 1.559893 -0.5716834 -0.21778646 -1.9555409 -0.75250626 0.22281119 0.26793212 0.28624246 -0.52341187 -1.9850658 0.9987544 1.2878791 -1.0166923 0.31470144 -0.9906628 -0.9902377 -0.48912698 -1.1506857 2.9863653 -1.4344349 -1.484301 -0.4182954 0.22634521 -0.118823096 -1.2729408 0.70072204 -1.1198889 -1.3503042 -1.8169857 1.0733235 -1.3531796 -0.47649845 -0.17779312 0.17868833 1.2313992 -0.6099111 0.17698438 -1.6677848 -0.62125903 1.8238648 0.32620728 1.3995616 -2.3607383 -0.20343576 -0.8016051 1.3783643 -1.6495862 -0.6835257 2.5720935 -2.286156 3.1483667 0.09896614 1.0278286 -0.91153574 -1.5603853 1.5615726 2.5906482 1.2379789 2.4518602 0.59203684 -1.1894289 -0.20807306 -1.6032671
cork -2.1608682 2.826341 -2.251601 -1.1826202 -1.5402709 1.6834768 2.1662912 0.52314466 0.025820578 0.74381214 -3.1001334 0.503213 3.7583692 -1.3761135 -0.68352306 1.7244748 -0.6979872 1.4947056 -0.40541005 1.3000672 3.1077416 -1.9341607 -1.9900109 0.7077127 1.8355285 2.5504687 -1.409288 0.79085666 -0.03363155 -0.9064646 3.487313 1.2383914 -3.518526 1.8270304 -1.4558215 4.1329694 -0.28893688 0.79500145 1.2060993 0.6106168 1.135717 1.5727211 -0.4720754 -0.7992638 -0.92481446 2.6788526 -0.8043641 1.5969001 -0.09762771 -2.0286589 -0.5687184 -0.57652104 -1.5067569 -3.2742643 -1.9248784 0.96604383 -1.9079549 0.077782474 -0.4907893 0.99960643 -2.9574635 -0.107774414 -0.631057 0.79456943 -0.7598722 -1.6074476 -0.31903908 -0.29272342 -0.011046413 -0.59185404 -0.5074576 0.57010335 -2.8519218 0.26748973 -1.2334807 -1.1431639 -2.4740222 -1.1548771 0.7774503 1.7519126 2.8112283 -0.06440425 1.0190506 1.3255271 -2.919473 -1.2728006 -0.953598 -0.5939566 0.11026873 0.4060422 0.07208326 0.62871796 1.3369964 -0.6365049 -0.22633635 -1.0646613 -0.5948651 -0.6294844 -1.6793808 -2.9455032 -2.8370838 1.059686 0.2053883 -2.2694037 1.3609018 -1.7985505 1.6721485 -1.3260558 1.1512789 -1.930556 1.0505182 0.06933508 0.6676078 -0.0040250523 0.14966469 0.2493156 0.9348809 -2.9111044 1.4126054 0.9365387 -0.09128716 -3.794885 -0.8136772 -0.15914007 -3.0577593 1.5804622 0.4986768 -0.98365355 0.96778154 -0.24305865 -0.5609936 -3.807846 -0.17717421 0.31693983 -1.2699802 -0.58326584 -2.403334 0.4052509 -0.5364907 0.7225314 -0.47187868 -1.7897043 -1.3936459 0.78924596 0.958571 0.98859984 -0.4289086 2.3028548 0.061833493 0.67815214 -0.5417418 0.50139785 2.9508727 0.9960008 -0.572535 -0.5821516 1.9112861 0.29647088 -0.68557125 0.48913667 0.3061291 1.8680022 -1.3116404 -2.0947943 -1.5476582 -1.0604708 3.0447176 -2.0882576 3.09387 -1.7171297 0.6752799 -2.4886262 0.9617297 -0.27234343 0.7807572 -2.4300175 1.3177145 0.96963763 -0.15776195 -2.2816079 -1.1079937 -1.6412476 -3.2387536 -1.2688628 -1.5422044 -2.5006618 -3.243161 -0.75881195 -0.39495173 0.37878963 -0.39160505 0.928218 2.9597294 0.34514982 0.60310924 -1.3524611 3.4608736 0.36526304 1.0138435 -1.1124508 -2.906282 0.49101147 2.1759675 1.9589248 -4.39384 -0.056512386 -2.821829 -1.9846686 2.93026 -2.617407 -0.24959168 0.37556216 1.4483986 1.0283074 -0.61462164 1.2245668 2.0022824 -1.0639733 -1.2731534 -0.88683516 1.2841997 0.65664387 -0.025871523 0.053471107 1.2491904 0.904034 -1.3864682 2.3646798 -1.2907375 -0.04653108 -0.21440239 -0.864745 0.9883158 1.9355029 -1.2708149 1.0358251 0.42121312 -2.6687348 1.5177797 0.6059079 0.028578063 -0.22739123 -1.7004464 0.09159273 0.3799668 -1.1048036 1.1830543 0.5923195 1.2702371 1.9619638 -0.7304689 5.0007033 -3.3652198 1.5857595 1.3054554 2.7332063 -0.6108215 1.6751661 -0.8440696 -1.9719082 1.0883234 0.6354318 -1.0783617 2.9777682 0.68206304 0.1863264 1.5293956 -2.2555768 2.2599745 -2.6664286 -1.6498247 1.5262557 1.5759562 -0.025613539 -2.902209 -2.856796 0.25672263 3.7471259 -0.820338 -0.019400874 1.9490908 3.3872836 0.3894881 -0.019754067 0.0024976602 0.7556577 -0.84014285 2.8510735 0.75831157 -1.2053673 -2.0070128 -1.0397029 2.8780398 -2.3081155 0.9227506 1.2531458 -2.6908517 -2.834689 1.0055386 0.8970552
solvent -2.6073093 2.1276894 -0.7766891 0.20054565 -0.84957135 -2.7325888 -0.6118713 1.3436427 -0.107663244 -0.4549557 0.93731403 -0.4660309 -1.5934623 -0.8817162 2.4750838 -1.4193649 0.50110316 0.4892711 0.2966738 3.7821856 -0.48561394 1.5779705 0.0853345 -3.3482554 1.905383 -0.3817955 -1.8776813 -0.98508054 -0.94868505 -1.9798975 2.1418846 1.1885235 -0.23864388 2.5543768 1.4311332 -1.3030276 1.6716019 -1.1999463 1.2444042 -0.74682844 -0.41281524 -1.090018 1.4493971 2.412592 1.0112675 1.4996235 -2.6261241 -0.71382695 -2.4692447 -0.77771664 -1.2164664 0.35386688 1.2761991 -0.33631957 1.3585067 -1.023388 -0.15936373 1.1748447 -0.37253112 0.06881274 0.809883 -2.3783479 0.72466743 0.5722519 -3.1002784 -0.17509264 -2.2334626 1.4290965 1.2539952 -1.1757119 -1.759826 0.71686727 -2.401058 2.8290162 -1.2653366 0.9979464 0.013381554 -3.9928493 -0.35129437 -0.25466904 3.1900854 1.5424138 0.0987789 -0.3383726 1.3433938 0.94822615 -0.5402085 1.0508049 1.7624125 -1.7340604 1.0108176 1.4415928 1.0451622 1.1526679 1.5485697 3.2480557 2.8323002 -2.667167 -2.488219 -2.6400692 -2.0661976 2.5653775 -0.006633097 1.1601104 0.15174647 1.2927333 -0.41540214 -1.2171834 3.0264308 -0.81304395 1.7046472 -0.054076932 -2.4698443 -0.21673162 0.005925563 1.079693 3.418276 -0.80242205 0.48061 0.97380775 -0.3631433 -2.3913572 0.052920513 -2.8408642 -1.813184 0.13115571 1.1804844 -0.11268105 -0.11582213 -1.3280022 0.4200438 -1.4490719 -3.2966764 -0.072091386 -1.6894662 0.123399116 -1.7135353 0.05522175 -3.3029366 -3.0359242 1.1309757 -0.25394446 0.7105983 -1.7030034 -0.10421017 0.9393683 -1.4103186 -1.275651 1.4558172 -0.4630951 3.3353837 0.93484575 0.09690238 -0.7098537 -2.514696 -0.65668386 -0.46894565 0.98915464 -0.9537498 -0.19297965 0.5817359 1.6646259 0.65283006 0.6791955 2.7131486 -0.6971404 1.9937271 -0.34506702 0.7618433 -2.4883797 0.19899037 -1.2239842 -1.1603562 3.0348413 -1.0271914 -2.3385663 0.95629394 -1.0984101 0.06848026 -3.0402832 1.6595128 1.8578646 -0.3902261 -1.8910027 -4.249713 3.8830996 1.6044703 2.7482653 -0.7895425 0.88969535 -0.49924663 0.043824866 0.6066484 0.57587814 2.8942323 2.1851735 0.6319105 -1.2317096 0.03487146 0.51138973 0.32345954 0.6503139 0.23342653 -0.26842 2.7804005 -1.7787803 -1.4297825 -1.7080903 -0.40272117 -1.3884122 0.4044809 0.9409695 -0.1472893 2.4927087 0.3551724 4.342598 -0.85847276 1.0171123 0.46416563 -2.7411385 2.4032185 2.3544397 1.305968 -1.60629 -0.6302833 -0.52372336 -1.4712411 -1.6032765 3.0810993 -1.8864226 3.3327842 1.2738596 0.9157107 0.9905038 0.56125754 -1.7392457 0.88379717 0.34232944 1.5156018 2.3471293 1.11356 -2.397918 0.333627 0.52078605 -0.31483012 0.3499912 0.2536057 -0.126755 0.6789601 0.6518517 -1.109202 -0.13825159 -0.37673515 1.7697214 -0.8467827 -0.6055605 -1.6435906 1.2462683 0.80596834 -0.99270564 2.6287549 2.008906 0.17958389 1.7406977 -2.2923393 0.14268042 0.17009585 0.19487964 -2.1872087 0.4461156 -3.2212017 -2.2879057 -2.9475713 0.7877049 0.7596573 -2.0897462 0.5159074 0.2665218 -0.6155312 0.23159131 0.8925154 0.23295996 -0.49878457 -0.45094028 -0.17952289 0.760431 -1.4314296 0.477321 -0.6893528 -0.6821757 -1.1943345 -0.73950976 -0.99898416 2.7228942 2.0373647 2.3520555 0.35885426 -1.2312292 1.6925257 1.207111
ammonia -0.04192803 2.2416623 -1.0382414 -0.89504653 -2.130336 -0.44231158 -0.76800245 1.8430554 -0.009472433 0.31831637 0.23511757 0.25864688 -1.9411495 -3.4439623 0.49674293 -0.8100481 -0.7516091 3.0102742 -1.3584764 -0.89220667 1.241379 -0.069821484 -0.3427293 -0.26913744 2.4112217 -0.8683482 3.312699 0.23208246 0.25777632 -0.41517156 2.01917 0.06681208 0.67447066 1.2932298 0.7802748 1.111741 -0.6517132 -1.5858227 -2.8776624 -0.775485 0.07472374 -1.30987 -1.3076891 2.2909667 0.8424021 1.9907534 0.22403987 -0.12039572 0.08425822 -1.0491412 -0.030644992 2.4654624 1.5071632 0.536658 -1.0047911 -1.7751335 -1.348258 0.74182385 0.45318255 -2.731822 0.49403852 -1.2731202 0.021965947 -0.51186883 -2.320809 -1.5734395 -1.1303556 0.42301524 0.62547594 -0.6968648 -2.5444777 -0.6281806 -0.825062 -1.212667 -0.3314118 1.5236356 2.066949 -0.8020851 2.1125445 0.018421287 1.9402689 1.5094869 -1.0844414 0.20080382 1.2278001 1.7904807 -1.4304336 0.78151375 2.0670474 1.0307631 -0.55960274 -2.538299 1.6183438 1.1052984 -0.8260248 1.6030372 1.2156409 0.7878115 0.4022576 0.27904564 -2.2804165 -0.08591214 0.3311085 0.48937288 1.8766947 2.8333182 -2.3667824 -1.7208045 -0.497146 0.12869586 0.7427514 -0.7820537 -1.4671607 0.26466113 -0.8639984 0.93201244 0.028844362 2.2070978 -1.1622014 -2.2627325 -2.9440427 -1.0226682 -1.2569488 -0.108561836 -0.4050567 -2.637663 0.23332416 -0.6862295 -2.3397143 -0.34049907 1.4555901 1.2981039 -1.8316697 -0.2871885 -0.1150127 -2.1956453 -0.78153175 -2.752662 -1.4357141 -2.3257856 1.2991636 1.0315597 -2.0879955 -0.7116917 1.4732535 0.7625049 -2.792053 -1.0499492 -2.2012231 -0.026175072 3.1713402 -1.2374399 2.8815796 1.2560649 0.09409699 -0.44765267 0.726136 -0.27992147 -1.0359895 -1.2547361 0.061142936 0.84825426 -1.5412847 2.4051473 0.6571964 -1.5620321 0.8595603 1.0395181 1.6113982 -1.4774718 -1.2180675 -1.1047227 -1.9554814 1.8909273 -0.50545406 -0.042369403 -0.0549056 -0.67244095 -0.25616637 -1.4181317 2.2254202 -1.8282814 -0.037845757 0.05505594 -4.744658 0.7828127 0.86980134 -2.31261 1.0840331 1.2996702 -2.2639341 1.2551776 0.4779828 1.0614452 2.2793067 -0.3931146 -0.71192306 -1.1452045 1.2985986 0.81792444 -0.21181309 -0.8832927 0.8574789 -0.108704194 2.023444 -0.87653255 -0.94999677 0.018191338 -1.6873878 2.065658 -1.3016213 -0.7760779 -1.3774151 0.5907803 1.5452217 2.6010106 0.40730205 -0.14754249 0.28576377 -2.070053 1.3531326 0.66281784 -1.060732 -0.4709335 -1.2838825 1.8378853 1.84116 0.6200902 0.6467126 -0.96588147 2.7806919 0.422172 3.454935 2.0812902 -1.2061825 2.3898413 1.3113495 1.3143849 1.0052413 -0.49485594 1.0815336 1.0922446 -1.3482058 -0.41311014 0.3443955 -0.7685574 -0.6356297 0.06613946 1.1292046 -1.4908339 1.6739919 -0.8691387 1.6355208 -1.1178892 0.5810504 -0.6376592 -2.4618387 0.34099132 1.5628754 -0.41433302 -0.1802078 0.5145899 0.2647896 -1.4661633 -0.57841796 -0.24043693 0.508088 -1.6155171 -2.3727133 0.38405108 -2.568925 -0.32462707 -4.152341 0.7642826 2.1688836 0.14516331 0.49610093 0.4960693 -0.26962456 -2.4017365 1.783309 3.4336421 -0.81617516 0.11423374 0.3765445 0.695011 -0.45215094 -0.6179781 0.63906944 0.8114479 0.7281634 -2.1979342 0.54142416 2.9097126 1.1117424 2.371421 -0.42180547 1.0587686 0.48376486 1.1471385
turpentine -0.28828484 2.0286322 -1.0570563 0.4319614 -3.8511853 -0.3261558 0.8151888 0.3730697 0.010628297 -0.89534384 -0.37530148 -1.5129706 0.2648523 -0.92524576 0.33386216 -0.42526537 -0.55284286 1.6213858 -2.2264824 0.23145214 2.3574052 1.5578505 -0.13078444 -0.4582324 2.8015478 0.1358735 -0.089606985 1.910195 -1.6079279 -0.15387279 0.56266207 -1.1507801 -0.109721735 1.1880162 1.9437399 0.91720426 -0.29133552 -1.6897491 -1.2718916 0.23974113 -0.48752928 -0.69287556 0.5169975 1.5230885 1.1432205 0.6268703 1.120534 -0.80814075 2.4901116 -0.03274844 0.38935217 1.261564 1.9770464 -0.54947937 0.69757265 -0.6728962 -0.3810132 1.8282633 -0.7837343 -0.21852385 1.9028322 -1.528489 1.460731 -0.02322343 -1.702789 0.03189533 -1.9202168 1.8753307 -0.5935049 -1.0489173 -0.5456449 1.0317634 -0.39667848 -1.2095726 -0.9401474 -0.14224476 1.4591705 -1.3674945 0.101718575 -0.56061727 1.1928774 0.3431529 0.14413181 0.5129515 -0.93300146 0.30382615 -0.40328825 0.6708909 0.46548066 -1.5403297 1.2183582 -0.19365886 0.5589449 0.27484986 1.0954674 -0.16768883 1.6628368 0.16096103 -0.9727181 0.25708604 -2.7077963 -0.70160943 0.7069953 -0.18993022 -0.07453463 1.576652 0.16717264 -1.1455171 -0.67824954 3.0138044 0.09896666 -1.9153129 -3.5911024 -0.03717742 -0.6349612 1.6074034 0.7143883 1.9439621 -0.45407766 -2.2922385 -1.0921596 -1.2487073 1.7656925 0.63203615 -0.57105386 1.966449 -0.88767654 -1.7821738 1.1231639 -0.21346125 1.4991022 0.41264465 -0.28377783 -0.552537 -1.3069869 -0.95678574 0.72913474 -2.0128338 0.9358762 -0.74159354 0.020783216 -2.124134 -0.17225933 -0.9959797 2.451954 -0.5663576 -2.1322505 -0.35190848 -0.77959 1.4900283 4.732083 -0.8878739 0.73380125 1.6452229 -3.3679197 -0.48244703 0.87781996 0.59746855 -3.7264986 -0.52614546 -0.7970901 2.4945827 0.4321038 -0.6822739 3.2192492 -0.49605826 -0.08554441 -0.2184953 1.0631071 0.80608237 -0.02051168 0.7262673 -2.1803622 1.196495 -2.7536025 -1.3377136 -0.17941608 0.29865542 -0.47728968 -0.5610958 2.154813 -2.396391 -1.4897605 -0.4007701 -1.4173297 0.8550025 0.30669734 -1.4346637 -1.6332855 0.51825595 -1.2785445 -0.73820144 1.4475154 0.13046096 2.66673 1.170961 0.27778912 -1.5581762 0.96410656 0.566791 -1.3070505 0.10766521 -0.391702 -1.0866741 1.1127996 0.5780355 -0.10805016 -0.15944985 0.7174204 1.079024 1.1947405 0.17219992 -0.6114555 0.2823272 2.0088577 0.39837328 -0.5744439 -0.33040076 0.5005589 -0.14818788 0.82286274 1.3593483 1.049172 -1.4489526 1.5090891 0.06474 -0.029587746 1.75934 1.7002021 0.44134104 2.514954 0.3131159 1.5820025 2.6753414 -1.2849663 -0.6540769 0.88820887 0.8131398 2.177221 -1.0986589 1.2041698 -0.83942205 0.45013878 -0.8935451 -1.4516888 -2.071824 2.1937842 0.71239185 -1.4144585 1.8872708 2.0802891 -0.3486433 0.115859404 -0.22512847 1.3338017 -1.2129899 0.17950441 0.68861604 2.0929625 1.1917857 0.9965807 1.1474018 1.9327432 0.2523883 -0.37132186 -1.4930776 -1.1771189 1.5360212 -3.7430565 0.19769809 -1.6978142 -1.0774549 -0.82909656 0.17774247 -2.2951486 -0.62901384 -0.4950404 1.0540265 0.9353528 -1.2441554 0.95952183 2.616198 -0.37944636 -2.2865055 -1.7474209 -0.41469744 -0.6339341 0.5238822 -2.0688004 1.6528361 1.4341918 0.13403869 0.21432193 1.2081476 2.4950554 1.8079202 -0.4089866 -0.016759418 0.55319697 -0.022628836
varnish 0.30999 2.3590188 -0.45379484 -1.8025697 -1.4314139 -0.56784743 1.0930288 0.3631705 0.8261322 -1.3246605 0.32217857 -1.7622694 1.9940875 0.16478997 0.39114133 -0.83041286 -0.7501862 0.81778204 -2.7599592 2.0304918 -1.8504 0.4707199 -0.7772505 -3.3423216 2.4143653 -1.5754793 -2.1173692 1.0794694 -2.964545 -1.3379797 1.1995934 -0.61664903 0.25624296 0.76411986 -0.56215596 0.030801257 0.5630026 -1.6122863 1.2563272 -1.0282195 -0.1432405 0.021542704 0.6356456 -0.98523587 1.883367 1.4979712 0.44690648 -0.500397 2.5660038 1.1822029 -0.32546157 1.4880773 1.5080382 -2.0472617 -0.05661638 -2.8786786 -0.9711494 -2.8559134 0.38511515 -1.0908582 -0.7180032 0.21450171 2.5509949 0.39502227 -1.299632 -0.4128065 -2.037225 1.5789503 -0.060681645 2.020358 -3.4489768 2.4042645 0.5194377 -0.30281553 -1.0714971 0.3212853 -0.009323609 -1.1458573 3.6171713 1.5562536 -0.76362294 -1.7747959 0.3803775 1.4537668 -1.8783281 1.1855208 -0.85358185 -0.60671794 -0.6810295 0.27339047 0.77741456 -1.5635377 1.4863701 -1.2958139 1.6373292 -2.5719528 1.8246528 -0.50896883 -0.48455447 0.769203 -4.066343 0.19561775 0.73305804 2.202057 0.65153575 0.2495109 2.6763155 -2.4681432 -1.0948538 1.7161763 2.1977043 -0.9845357 -1.6029711 -2.4832587 -0.86826223 2.0818646 1.154343 1.9461719 0.103121154 -0.55311745 -0.760486 -1.8521895 1.0878501 0.523195 -2.1613886 3.3211753 -1.271447 -0.15093921 -0.18807334 -1.1223712 2.2206872 2.2471533 -2.5150173 -0.28244355 0.8504348 -1.3303534 0.29134855 0.7184179 -1.1640536 0.28756467 0.43608418 -3.2390764 -0.4568984 0.52899307 -1.2054629 -0.11816952 -1.8451531 0.88227993 0.04907012 -0.12228109 5.53601 0.022793919 -0.0457993 2.606295 -2.1582067 -0.7840722 1.0928726 -0.24326403 -3.8517551 -0.61983293 0.074925125 0.2593673 2.4013965 0.50249803 0.78210235 -0.85571766 1.9318165 -0.80229545 1.2856992 -0.4757611 0.23304735 -1.4903806 -2.5421047 2.3232288 -2.400839 -1.2836323 1.3386579 -0.17846003 2.6992223 -1.314503 0.8229812 -1.0745158 0.12714633 -0.22294636 -2.0879636 0.71445006 -1.3825388 -1.661765 -2.9223213 1.1260028 -3.7275524 0.41012838 -0.71761525 -0.34948692 3.4427137 1.2979001 -0.7323107 -1.1248767 1.0960815 2.0128517 -0.3000314 2.6806812 -0.39735192 2.8663955 3.07911 -0.40572128 1.4589233 -0.7584568 -0.49601296 1.4200795 -0.90820146 -0.99568164 -0.10625794 1.5451679 -0.4004338 0.4263329 -1.7111601 2.3201933 0.22688338 0.7493459 0.18840486 1.5927471 -0.18337858 1.2034537 0.37681082 0.08136765 -1.2669218 1.2278061 1.761891 3.6409924 1.7827892 0.8777081 0.77166134 2.261122 0.4983193 0.92766404 -0.47866675 0.71734315 1.20965 -0.92162156 2.52457 1.3216088 0.70513594 0.58473074 -0.049481813 -0.17797379 4.1623693 0.6609363 2.1510704 0.25844833 0.45535445 -1.0038333 -0.13182625 -0.77569443 2.556996 -1.4270765 -1.0516183 -1.6432986 0.6575237 0.428073 2.33141 0.9133153 0.95382065 1.5825745 -2.4225223 3.043251 -0.33151144 -0.13674992 -5.308182 2.2030451 -2.8903553 -0.38331348 -2.8818376 -1.103999 -0.6393725 -1.0935105 0.54353595 1.2100422 -1.6421778 0.5134858 0.018053012 0.07895746 0.699731 -1.3891711 -1.6930871 2.6492283 -2.0162067 0.32043254 -1.4390801 0.15287268 -0.26183078 0.34576103 -0.0118386205 2.6810722 3.6946127 1.0161204 -1.35558 -0.81118 1.8332458 -1.5180279
mothball 0.1989685 0.38774413 0.38397548 0.03555936 -2.90994 1.0612973 -1.1661305 0.09902536 -1.1179663 -3.0254154 -0.07986622 0.74478894 -0.2211306 -1.3616216 0.13196792 0.009754858 -0.16549514 1.6554551 -0.034520797 -0.5676805 -0.9178891 -0.03486684 0.95694 -1.0297847 2.134621 -0.896818 -0.053731702 0.7286272 -0.8727464 -0.913862 1.9190874 0.027955469 -0.33498865 3.9714222 0.606724 0.7199162 -0.99470097 -1.4957054 0.41559508 2.9114914 -1.1357881 -2.9168518 0.11877017 0.48266205 -0.8615849 0.045089923 1.453482 -0.98472387 2.682734 -0.7203275 -0.83849084 -0.3061027 -0.2379414 -0.18832082 1.5350305 -0.9011848 -1.1156626 -1.0447537 -0.78239435 -0.8574165 0.20254984 -1.2698876 0.48083594 0.45963442 -0.3395989 1.3642602 -3.353638 0.11688524 0.70653254 -1.7261673 -0.16105041 0.21917589 0.039379165 -1.4573954 -0.06471837 0.73733115 0.098918445 -2.6326652 0.15962544 2.1417563 1.9376646 0.48046643 0.27710655 -1.078344 0.59477586 0.48530355 0.3428173 3.2899141 1.1396395 -1.0252454 -0.45998 -0.7958552 1.847489 0.9186582 2.1742654 -0.5791134 1.8597881 -0.48048615 -1.2147763 1.8536918 -3.2696228 -0.82106596 0.83561 -0.1557326 2.406167 0.1563457 0.12556945 -1.104993 -0.6214883 2.2010837 -0.20610271 -1.4949689 -1.6941525 -0.0018924293 1.0190047 0.53616995 1.7272699 2.2250543 0.08449657 -2.8500657 -1.1215949 -1.4186248 0.31916445 -0.70765364 -1.0006689 0.089729205 -0.47942004 -0.33162704 -0.22981797 -0.7421462 0.81159323 -0.22704563 -2.5964363 -0.32812077 0.15598291 -0.9713054 -1.0128814 -1.3587943 -0.7036639 -1.4569448 1.6239368 -0.74849355 -1.4598737 -0.112790264 1.9012111 1.3149402 -1.7552783 -0.59037054 -0.39015234 -0.17584117 3.4963078 0.14393505 2.1010559 1.5101666 -2.1681376 -0.40602285 1.3332702 1.7063701 -1.0249444 0.32981014 -0.03416287 0.25482795 -1.0299733 0.34667552 1.3800393 -0.91218543 2.6022933 -0.50846875 -0.88770956 -0.13505612 0.20103821 0.1182075 -1.2012664 1.6083971 -0.92862815 -0.37220606 0.31628734 0.67791575 0.020134104 -0.12260143 1.4724703 -2.4470296 0.24929614 -0.082512096 -0.6116671 -0.35693717 1.3856446 0.41194913 0.50016695 1.8271202 -1.9117372 -1.7575929 0.9876733 -0.32688007 2.638121 -0.5304578 0.8816432 -2.177916 -0.2774182 0.73693436 -1.0938534 1.2149885 1.8336746 -0.3423235 0.083835356 -1.0950905 1.0734437 2.3554356 0.35673043 1.1078892 -1.7225528 -0.1723066 -1.140835 0.71294373 1.3293865 2.4652536 -0.5464774 -1.4332135 -1.3051788 -0.9229736 0.14839874 1.5429018 0.24852312 -0.65617913 0.602552 0.7560391 1.862362 -0.16263138 2.431344 -0.6587298 1.3620355 0.4327779 -0.17280588 1.5154656 1.7637744 -0.14723256 1.9114423 3.380606 0.66958964 -2.4395354 0.55291754 -0.4601376 -0.12791574 -0.46217453 -1.2812165 -0.87376565 1.7774894 0.6498221 0.49355108 2.3508568 0.34675017 -1.2996342 0.5838876 -1.0781701 2.6569715 0.23698826 0.5343149 -0.4379555 0.77437323 -1.0762347 1.1811241 0.94068855 -0.11796309 0.79548997 -1.1840901 -1.9827576 -1.1816436 0.8464045 -2.4748304 1.4482573 -1.8590845 -0.7689885 -2.5969055 0.44996306 -0.7902144 -1.0877092 -0.9328805 -0.27929488 0.85087144 -1.5203724 1.5293115 1.2464925 -0.48309496 1.4995475 -1.396832 1.1031237 -2.2309062 2.1145334 0.9783435 0.08623299 1.7548182 1.1676966 1.026579 0.44417113 0.10712474 0.3289968 0.7243622 -0.48368818 -0.7670743 0.35529262
disinfectant -1.7586571 1.562606 -0.15756753 -0.84071344 -2.0518682 0.000879189 0.4868483 1.6312433 0.52541727 -0.046168536 1.6780127 -0.30588207 -0.18865606 -0.35523573 1.3785682 -0.56562406 -0.9617944 0.8806178 -0.2111391 -0.4115988 0.8550602 0.8471636 0.42600104 -1.2327739 2.0835009 -2.407365 -0.507332 -1.5906794 -1.8719679 -0.34196138 0.054547288 -0.47544628 -1.623224 2.8442872 0.6974029 0.5819518 -1.5357057 -2.8784788 -0.45410147 -1.6688907 -0.51054215 -2.1327047 0.029884508 1.8166927 1.8153822 1.1063447 -1.5947801 -0.73109025 1.0341967 -0.6272461 -0.49326563 0.9592536 1.7265724 -0.72682285 0.30068213 0.18580826 -2.4861622 -1.4790305 0.16067101 -1.2298969 -0.30831173 -0.8898882 0.9159186 1.4028041 -0.73873746 0.09543001 -2.073004 0.5956686 3.3563383 0.56526726 -0.9322774 0.9741451 -0.8758841 -1.694893 0.5838979 1.2570918 1.4335036 0.19068293 0.2537887 0.79771435 1.7850914 2.5205746 -0.07135388 -0.83287716 0.71499413 1.1263274 0.55400455 0.8000706 1.011963 -1.0536712 0.3831633 -0.08759711 -0.09639528 1.7491292 -0.74154973 1.007431 0.44166577 -0.6255415 0.17758799 0.7312044 -0.68083125 0.80959845 0.94082564 0.955934 -0.36093867 3.1236093 -0.014083018 -2.035494 -0.536905 1.7981378 2.1622727 -2.100089 -2.1745389 1.0460122 -0.6047557 1.2550815 2.103385 1.2586169 -0.9516071 1.0285773 -2.624093 -1.3530505 0.75618005 -0.45971066 -0.45964187 1.6939156 -2.4545486 -1.8067292 0.8931005 -0.6063662 0.4421542 0.15274368 0.73458254 1.4990407 0.25996575 -0.6291794 -2.0827527 -0.89980555 -0.9861247 -2.023481 3.471228 -0.2614518 -1.3692678 -1.1635387 -0.5330895 1.6163145 -1.9678196 0.3855118 -0.1666354 0.7559377 2.6217344 0.37473333 0.662875 1.6293132 -1.4874011 -0.5896791 -0.13153102 0.9030449 -2.0539954 -0.18693756 0.833041 -0.99866056 0.23334563 -0.76987547 1.5851147 0.35671762 1.3287073 0.5372259 0.7164923 -1.633353 0.006796902 -0.281073 -1.7535778 3.5693107 0.21334249 -1.2005781 1.2025876 -2.0363407 0.3188915 0.26977625 1.5890223 0.65742815 0.93601084 0.16822605 -2.4547734 1.1805067 3.3395774 -1.5285543 -0.100145765 0.28108418 -2.312632 -2.5626087 1.9977703 -1.1240078 0.64573276 -0.23096074 0.36914375 -1.621552 -0.39484408 0.38928503 -1.4806225 -1.1332467 2.010205 -0.10453079 0.28325453 -2.8262873 0.39687127 0.9201729 -0.7165826 0.3057696 -0.83204186 -0.6493421 -2.0637584 2.0219345 1.1587828 2.2921746 0.4104949 -0.1588342 0.47437933 -2.3608599 1.8274295 2.1828148 1.024717 -1.469863 -0.31319264 0.08171897 1.0846936 0.72030735 0.06718687 -1.6837616 3.218594 0.02057885 -1.3838735 2.73257 -0.14497425 1.6719586 1.780496 1.5630189 1.3713928 0.68396014 1.1677567 -2.1552773 -0.24802382 0.7721214 -0.26384938 -0.4916576 0.31628603 2.171495 -1.6898865 1.8598421 0.2887727 -2.3106005 1.2876242 1.338366 2.7920268 0.91385 -2.1417966 0.036343973 2.8912945 -0.34307057 1.7669463 1.8443235 1.0079739 -0.45386156 -1.6134679 -0.81344503 -0.9304396 0.8024263 -3.242028 0.66809183 -3.1507034 -0.61165786 -3.8987734 0.19073443 -1.137202 -0.48252207 0.4645612 3.0621548 -0.6660165 -0.4647585 1.1824241 3.0003679 1.4216998 0.72680134 -2.028939 0.47599447 -1.0791516 0.12801376 -0.30638775 2.1156971 0.52566147 -0.76255006 -1.5982219 1.6738546 2.8691256 -0.62436116 1.3723431 0.006280706 1.4789649 -0.10881929
kerosene -4.1164484 1.8929658 0.30133843 0.051604122 -2.7484872 -1.75162 0.61809164 -0.80270094 -1.4837669 -1.7348467 -0.12991244 0.46873865 -0.8784598 -0.9444846 0.68423295 0.5952999 0.6583988 1.2998474 -0.92195076 0.5674561 -0.6005282 2.0438435 -0.27493647 -0.54349864 2.189593 -0.1452327 1.1960115 -0.37314272 -2.7398632 -1.3845072 1.6553059 0.21202059 0.18259825 0.81533223 4.0487666 -1.103654 1.6603286 -2.2299795 -1.2021606 0.39315504 -0.29032886 -3.2992575 -0.068437696 -0.3210598 0.28989697 0.35147324 -2.5286427 -0.54046303 1.2890047 -0.9508162 1.7457267 3.4439352 -0.046766575 -0.9386141 -1.3256543 1.7182766 -0.6706465 -1.6413116 -0.8418889 1.610265 2.2782762 0.19494282 2.4537466 -0.0054856166 -0.9645608 1.0619541 -1.2170306 1.4769137 -0.5658511 2.778327 -1.3458773 1.4161706 -0.283237 1.80053 -0.49770343 -0.54849994 -0.30455634 -0.86219937 2.3320477 -0.8449062 -1.7155722 1.7841207 -1.0141643 0.036226247 -0.7501952 1.0499033 -0.3186075 1.1379613 1.1103196 -0.23395409 1.0087613 0.9207593 1.6313562 -0.59652275 1.610608 2.2180586 0.61329675 0.6585722 0.32376415 -0.55627596 -0.2689829 1.803236 1.942733 -1.3944664 0.9879726 0.45769706 1.2549726 -0.8396554 0.16991416 -0.8322022 -1.0517789 -1.9083362 0.025586355 -2.0586786 -1.1699622 1.0940387 -0.17479901 -1.6823949 -0.18944135 -0.65101254 0.6656149 0.49016058 0.8581905 -0.8174662 -0.2314462 0.9210723 0.12456294 1.2939073 2.0128453 0.89303625 -0.18571848 2.0013957 -0.39932293 2.3660743 -2.004587 0.15454593 0.8554107 -2.1193092 -0.538271 0.9982987 0.9299342 0.9986408 0.0026127915 -0.9050326 -0.8342689 0.09483135 -2.0223114 -0.9740744 0.8638933 0.7358172 0.6619225 0.8359859 1.5493094 0.9736494 -0.59152275 -0.8557716 -2.146566 -0.024928048 0.69617814 0.7562193 1.6883249 -0.29707444 -0.1986585 0.2599904 3.7529643 1.8549654 -1.3160728 2.411533 -0.53633976 1.3329065 0.8262154 -0.7810184 0.2814892 0.34917182 -1.7836992 -1.519452 -1.3748188 1.5371275 -1.6067717 -0.9928661 2.3230886 -1.1612865 0.12798655 -1.7822121 -2.8680477 2.1262176 -0.18160608 -0.1868659 -1.3114016 0.96434593 -1.9177322 0.2314441 0.17442147 1.1642054 0.9902739 -0.6184975 -0.82286704 -0.8914058 1.6498221 -0.5488486 0.08520579 0.757091 0.1590319 -0.2762162 0.7287143 -0.84937435 0.690974 -3.031502 -0.8051264 2.6231155 -2.3002772 -0.62501204 0.25024515 -1.6893795 0.29700267 -1.0481421 -0.4299975 -0.37426862 -2.9635413 -2.4043217 0.29356605 0.91219 -0.1458883 -0.81948423 -1.5804677 0.827 -1.7167978 2.056824 0.50767577 0.676373 1.7227372 1.8981379 -0.404942 -1.4451144 0.800194 -1.0387176 -1.1855701 1.9381497 0.7390118 -0.38857532 1.7568313 0.38982293 0.7477442 0.65360063 -0.86844 -1.0921434 -0.045758273 0.46958855 -1.7664574 -1.5701157 -0.4243505 2.1821148 0.24249583 -0.093336985 0.13789108 -1.708272 -1.2813653 -0.32191387 0.15607718 1.0580606 0.9538635 -0.5535068 0.88067347 1.1698753 0.89248264 0.9066203 0.034743197 0.19980724 -3.5307953 -0.32107866 -2.3148339 1.0484143 1.014606 -1.0153967 -0.8650059 -0.28150502 -2.8616233 0.63823843 2.4564462 -1.9287398 2.1605203 1.6212239 -1.3792723 -3.6085672 0.5107218 -2.581763 -1.7167425 -0.48018265 -1.0916218 -1.3196111 1.0796429 1.9312642 -0.06973398 0.51103675 3.6155982 1.3922256 -0.93845093 0.9693401 -0.104873925 0.09573462
manure 0.86278874 1.7480913 -1.1351328 -0.3865511 -3.45111 -1.1633416 0.4516894 0.52748513 -1.5208269 -0.8871901 1.8803259 -2.1363244 -1.0575063 -1.9125539 0.9836345 -1.3543054 0.4471586 1.6631678 1.481706 0.8947849 0.49266377 1.5197705 0.26678056 2.0136209 2.6481104 -1.2046113 0.016165772 1.9380583 0.027488654 -0.15944229 2.026975 1.2838368 -1.0373454 0.9762701 1.8454697 -2.2917082 -0.7558643 -1.1829597 -1.6732429 2.0950978 -0.09280927 -3.137502 -0.20623575 2.1791017 -2.2630475 -0.6120181 -1.8074528 0.05354011 -0.48622185 -0.9079015 -0.94129837 0.7971348 -1.3793286 0.12924193 2.3332386 0.4156075 -0.65691954 0.33642054 0.26985326 0.2215182 0.61700654 1.1628985 0.90104467 0.23175584 -1.177734 2.3927205 -2.3846061 -3.6698267 -0.9335612 -1.4269428 -1.0516926 -0.8381668 0.548477 0.33402115 -1.2035183 -2.943576 -0.6112912 -1.0370753 2.155448 0.4269646 1.1991265 -0.2921146 0.87672687 -1.2984762 -1.5335923 1.0809441 -0.43213373 2.096547 0.27366585 -0.12496035 -0.21383546 0.5972863 3.0642688 -0.59750855 1.2831057 0.17741334 3.220703 0.045607094 -2.1427243 -1.3996038 -1.0562305 -1.1407933 2.417186 1.74747 1.9957064 2.9895287 0.3680369 -0.79024327 0.41352808 3.5265925 1.6070015 0.36838517 -0.26717466 2.2631361 1.1931275 0.51597005 2.1278164 1.7575665 -0.28353673 0.6933601 2.0141776 -0.6798447 -0.31840137 -0.6554577 -0.12708102 2.3304145 -0.7482704 0.39961535 -0.74159104 -0.15087822 1.295221 0.81240785 -3.305915 -3.5995145 0.7961546 -1.2240622 -0.040084023 0.583485 0.0216868 -2.0535085 1.3795583 -0.69336534 -1.7474385 0.1817575 1.1343801 0.8895553 -0.88889486 -2.0225968 1.024392 -0.9795709 2.3798172 1.1523763 -0.20211159 0.7171245 0.5196725 -2.5385957 1.8150655 0.25582525 -0.11958435 -1.8296589 0.03048855 0.059027135 -1.0505737 0.46800393 2.2544677 -0.36751068 0.6060428 -0.9304328 1.8184737 -2.4394581 0.965501 -0.86460644 -1.7463877 0.6022782 -1.9248309 -0.58876324 1.2440572 -1.5892245 0.31148756 -4.849675 2.3423228 -1.2140111 -1.671335 -0.5390881 -2.5419211 -0.3606012 0.03259138 -0.03478081 -0.47133806 2.4523933 -2.0641582 1.5434893 -0.54204136 -0.73168504 0.23141761 -1.7625003 1.2702562 -0.7775401 0.34577814 2.3307817 -0.2540871 -0.74764067 0.08049611 0.03888453 0.038247928 0.09627755 -1.2293371 0.0776014 -0.60815555 0.38024512 0.24316409 -1.2987436 -0.33217886 -0.9962091 0.7562074 -0.047162 -0.35709184 -0.67728174 -1.6586558 -2.1364532 -0.5956677 -0.41792265 3.3934593 -1.6524038 -1.1003351 2.773344 -1.3528594 1.4612026 0.83941245 1.0580521 2.0403092 -0.048521098 0.1699854 1.8940889 0.89408904 1.2087107 1.3269742 -0.6645831 -1.03947 0.13891278 1.2486668 -0.53127694 -0.66510195 -1.7689083 0.122833595 0.74235773 -0.4216273 2.1882386 -2.0008225 -0.73778397 1.3335516 -0.33713895 0.47944757 -1.6018211 -0.5073321 1.3498678 0.35621944 0.51185614 -0.69823325 -0.7614603 1.1488771 0.21919262 -1.4172305 -2.6586783 -0.78273576 2.700156 -0.72686213 1.5288508 -1.9557773 1.4847242 -2.43226 -0.7281438 -2.363807 -0.26941514 2.9099283 -0.7235236 -0.68653744 -0.26626512 -0.88840866 -2.0283735 0.17555182 -0.21233663 1.5074321 -0.4604819 -0.33826393 -2.3558388 -3.6065962 -0.51529336 0.10555089 -1.3145509 1.7028904 0.78631055 -0.33453402 3.9023745 1.3992213 0.5062646 1.1102623 -2.2520895 0.050136026 -2.0501626
creosote 0.1385919 0.90934056 -1.3051138 -1.6235594 -2.5414984 0.47584635 0.11604628 0.55699676 -0.67478985 -2.6663346 0.50493085 0.8957488 -0.7736169 -0.100811735 -0.034472715 -0.46571994 0.3416031 2.1516938 -0.46026096 0.2159508 -0.29151246 1.1562337 -1.2988659 -2.5290024 1.262104 -0.9946403 -1.4906747 -0.13268007 -1.0693307 -1.3400464 0.31769428 0.9857476 0.9992051 0.6789743 2.7624745 0.013005187 0.52521896 0.7633447 -0.8350449 1.4609147 -0.45793012 -1.0262852 -0.92574817 0.79983723 -0.30205736 1.3008213 -0.23074047 -0.25617602 1.272485 -1.1046075 -0.14926223 2.78524 -0.4144117 -1.7214226 0.7336189 0.8968265 0.15437663 -0.049728263 0.42854893 0.7980371 0.7995935 -1.6010839 0.8983533 -0.46218115 -0.25504276 0.086306185 -1.8133675 -0.68453217 0.7253615 0.05854681 -1.1473479 2.7779982 -0.33430922 -0.6231492 0.47763968 1.6759375 -0.2887188 -0.32277206 2.142896 0.06729649 -0.6764111 -0.22627562 0.32119587 -0.9758562 -0.09467471 0.5074891 -1.0166137 -0.09985603 0.78849673 0.94167674 -0.4156508 0.30711764 1.3613644 0.60166687 1.2370123 0.58396244 -0.018310582 -0.1256315 -0.75549954 0.3098027 -2.8587346 1.8169161 1.3538654 0.76921433 0.36598256 1.5892448 -0.1835753 -1.7377232 -1.9218391 0.9038008 0.3158136 -2.6243908 -1.669254 1.0728952 -0.509001 1.0449051 -1.0212938 0.76893526 -0.3640713 0.0756675 -1.211119 0.76017153 1.1366131 -0.5360205 -1.5701847 0.50255173 -1.2197233 0.15004924 0.066089 -1.707398 0.5458125 0.1860799 -1.7932792 -0.70122284 1.0909835 -0.71049994 0.010041126 -0.5030883 1.3129166 -1.2018726 -0.47291636 -0.9922347 -0.5590771 0.6783907 -0.45818764 -0.16926984 -2.9795768 1.3695276 -1.2287822 -0.17381915 1.7178998 0.29714933 0.85296553 -0.24793741 -0.85518944 0.6510737 0.64414763 0.9249437 -0.9277871 -1.0074761 -0.019065268 0.13150539 0.61409 -0.24804349 1.7728165 1.6411422 0.31584862 -1.8828716 -0.51624835 -0.037609078 -0.011976312 -2.065713 -0.97137934 1.4154747 -0.3521425 -0.5440338 -0.52056867 -0.32328984 -1.5748851 0.060665317 2.710135 -1.2386985 -1.1970937 -0.89795053 -1.1193072 1.6874697 -2.3467293 -0.95741516 -0.10687116 0.60857403 -3.20335 -0.4123938 -0.13492806 -1.3807553 0.7715796 0.3066343 -0.60038364 -0.9244347 1.4327838 1.1888304 -2.50407 0.75413543 -1.4827375 -1.3115053 2.0599854 0.0443081 2.3262289 -0.6227384 0.05701545 0.89363223 0.29946464 0.48852313 -0.20813742 1.3712264 -1.0455394 -0.09058009 -0.76698655 1.4494847 -1.1855094 -1.2864599 -0.9404628 -0.21347152 -0.41134888 -0.8924766 0.79397106 1.3966879 -0.021040704 0.3596487 0.53340685 0.84177715 2.2994468 -0.30827072 0.4847352 1.1846246 -0.9520963 0.4382299 -0.30909246 0.889795 -0.9860508 0.13518059 0.83813125 -0.15382545 0.27555496 1.427092 0.51432115 -0.15311089 -0.37036702 1.7867132 -1.8533542 -0.69939846 0.4472873 0.20690148 1.1743592 -0.85026354 -0.22621231 0.8875851 -0.5048932 -0.28386804 1.6958797 2.0034053 0.3504321 -0.36732024 0.36687595 -0.5531916 -0.14174373 0.3934665 -2.620083 -0.01598062 -2.1883395 -0.28829062 -1.4706038 0.21203698 -1.2499148 -0.3302596 0.106825806 0.05761627 -0.84666073 0.1319246 -0.53466094 -0.74241734 1.3016512 1.0786932 0.6443795 -1.074422 -1.5020162 -1.6598192 -1.2054063 -0.04392908 0.54305476 -0.2732549 -0.2136998 0.066643514 0.4488803 1.9639751 1.9243108 0.07263493 0.28685233 -1.7873574 -0.06473647 0.48167595
