96 300 
smoke -0.44546682 -0.40611684 -0.35285997 -0.62445605 -0.775764 0.30405664 -0.2142173 -0.61608523 -0.5985148 -0.6094243 0.9416815 0.17120235 0.16257386 -0.55072993 -0.46447933 -0.9788027 -0.21686727 -0.7690318 0.057575475 0.15378186 -0.022598315 -0.4957994 0.42857912 1.2685012 0.33222172 0.049260557 -0.35762978 0.47464204 -0.4503364 -0.29009733 -0.060068507 -0.49158192 0.595473 0.11329564 0.26970863 -0.2001572 -0.039522175 -0.30402344 -1.2931842 0.92524976 -0.1471975 0.6302755 0.5669385 -0.57379186 -0.44746357 -0.5515628 0.16882116 -0.27914518 0.3342125 1.3338159 0.71987504 -0.4344519 -0.09619582 -0.30456302 0.096864276 -0.43974516 0.27252036 0.2847086 0.34252807 -0.9356111 -0.6636079 -0.677968 0.50953263 0.099918574 0.111195095 -0.87227046 0.2823975 0.10505302 -0.28562674 0.2560529 0.6712716 -0.031668328 0.5041187 0.8036899 -0.6257173 -0.27392194 -0.15611726 -0.65654737 -0.3991626 -0.19372797 -1.0371735 0.020282336 -0.3018759 0.14281122 -0.13312839 -0.12885268 0.9504581 -0.20752907 0.008334138 -0.36336014 -0.9584186 0.09752729 -0.3292265 -0.74891555 -0.7969688 -1.3812923 -1.5170258 0.43615776 -0.025539089 -1.0952681 0.1276176 0.43121693 -0.7315785 -0.5109467 0.87791127 -0.07818508 -0.14357848 -0.858809 -0.20738189 -0.47469616 0.9226747 -0.31534782 -0.61176074 -1.2153035 0.2337469 0.057309832 0.62361413 0.24262422 -0.32162288 0.3297972 -0.37824768 0.26344144 0.45882285 0.8680909 0.6554611 -0.110073015 -0.41961384 0.05687794 -0.8720403 -0.47216532 -0.15062411 -1.2683032 0.44552034 0.20538625 -0.06344708 -1.0393881 -0.09508171 0.065556265 0.2063597 1.1521901 0.21783376 0.57136565 0.13220233 -0.16677773 -0.5474928 -0.75345594 0.3995182 -0.5779424 0.049621306 0.6298233 0.050677 -0.33012584 -0.25050038 -0.52432156 -0.14115417 -0.3716109 -0.16402791 -0.5446939 -0.3067791 0.10938017 0.7798587 -1.3205848 -0.11215667 0.650951 -0.13011234 -0.067473575 -0.19466425 0.65011084 0.028802799 0.7175037 -0.5907181 -0.22046515 -0.3384387 -0.020705443 -0.111873336 0.29394475 0.34993714 0.9371715 0.58945 -0.4022892 0.6292385 -0.56698555 0.56682634 0.4728601 0.26995346 -0.55983895 -0.44445407 -0.2265854 -0.22833061 0.001688893 0.06482936 0.044257533 -0.3125919 0.01851175 0.40435505 -0.65013903 -0.18589176 -0.18756025 0.46348932 0.44531175 -0.9255222 -0.43097305 -0.13887268 -0.10307586 0.62952614 -1.1561638 0.54794925 0.39247406 -0.70420647 0.20463043 0.044621345 0.23840676 -0.4546466 0.25510973 -0.5148017 0.33157584 -0.06189754 0.18242937 0.14329448 -0.18111488 -0.06826519 0.22113374 -0.12499731 0.18981428 0.95173264 0.62936217 -0.09141856 -0.30500945 -0.18456793 -0.22511119 -0.19049388 0.6062595 0.26063144 -0.3388733 -0.366122 0.044151764 -0.34790376 -0.8895702 0.40713826 -0.25715587 0.4510702 -0.6693269 0.08593633 0.61004966 0.40279275 -0.6396379 0.5774247 0.029148072 0.08994815 -0.16265872 -0.37232372 -0.27708626 -0.02074151 -0.3314591 -0.8372587 -1.1884454 0.4942857 -0.21333528 -0.33519554 -0.06638125 0.45980158 -0.8069195 1.540481 -0.46695802 -0.5332557 1.4732066 1.2473202 0.7030323 -0.1890475 0.18184027 -0.54668415 0.9322992 0.8851908 1.1715615 0.9453877 0.035960518 0.46348688 1.324624 -1.0784363 -0.5556808 0.65984374 0.110645905 0.6077736 -1.4686506 0.20848568 -0.38703555 -0.031035107 -0.44705874 0.19924042 0.5417671 0.20999195 1.2791913 0.17888926 0.09442028 1.315589 1.1641588 -0.11854113 -0.18981154 -0.17750542 -0.47952253
perfume -0.2695962 0.97717494 0.06191523 -0.28378654 -1.0096486 0.17405291 -0.20237099 -0.24605884 0.70174944 -1.3095045 1.0991393 -0.45442286 -0.80285656 -0.3391673 -1.1229675 -1.1284379 0.39837664 -0.43819788 0.23350982 -0.74510795 -1.353772 -0.4727249 0.36151502 1.1528893 0.05491068 0.24344198 -1.4984403 0.090609826 -0.6526273 0.028416267 0.33176258 -0.89019793 0.1596146 0.12812784 -0.5935652 -0.040099014 -0.7024182 -0.51814675 0.50191057 0.84021616 1.1701483 0.39051503 0.55520576 -0.7328885 0.5786862 -0.34959087 -0.8841872 0.049907345 0.6313066 1.2260362 0.2654162 0.47562212 -0.38132808 1.2614062 -0.12149819 -0.5757668 -0.84834075 -1.0136269 -0.40895823 0.041499864 0.26173696 -0.28799137 0.41976896 0.2533735 -0.33693174 -0.30401328 0.5937264 -0.29536605 -0.7166043 0.018861854 0.01132612 -0.11039626 0.4893006 0.76030374 1.045259 0.33912978 -0.5700866 0.34249115 0.34705058 0.19774637 -0.6068501 -0.23000126 -0.6904785 2.0605538 -0.30661362 -0.7171706 1.5233848 -0.8985835 0.42848578 -0.9213086 -0.76612914 -0.6313697 -0.0010903241 -0.0733037 1.0829349 0.54926294 0.003689959 -0.4909133 -1.2898647 -0.14706022 0.032074478 0.8715555 0.09772064 0.47381067 1.326535 -0.73582673 -1.0561953 0.36794588 -0.513547 -0.5070166 -0.33615842 -0.73795253 -1.1599102 -0.56025976 0.5417753 -0.15365072 0.5870372 0.99447095 -0.18457979 -0.2214099 0.5707794 0.33463052 0.20660731 -0.30545846 -0.15013933 -0.1296028 -0.8117945 0.0627875 0.4887714 -0.21963923 -0.46085638 0.7338971 0.44999218 -0.44434816 0.13377526 -0.07196242 -0.44385305 -0.2966722 0.39345998 0.21074708 0.98221517 0.19627953 -0.11465803 0.43299034 -0.35956323 0.32156748 -0.6698714 -0.13182776 -0.36305773 -0.8662117 0.3305172 -0.5685057 0.20030314 0.35716227 0.51837033 0.75829965 0.043140635 -0.91298264 -0.03666645 1.5687871 -0.12664448 -0.11992267 -0.82792175 1.3666354 0.2679461 -0.61680794 -0.25163132 0.13371742 -0.41890863 1.1858957 0.3082817 -0.37989867 -0.0039548827 0.6195976 0.26146302 -0.22083741 -1.2506124 0.088507794 0.23301761 -1.2977355 -0.5614891 0.51183486 0.39594513 -0.45142457 1.0078374 0.22874404 0.34443656 -0.15638031 0.34703335 0.5876552 0.845006 -0.9340692 0.6203101 -0.21862681 -0.091870636 0.3543645 -0.5451807 0.25121242 -0.3647301 -0.1498908 -0.014837671 0.7715142 1.4576315 0.067980945 0.22587945 0.13783883 0.5384391 0.62236 0.22348246 -1.0462649 0.24709275 -0.8786665 -0.25298747 -0.39950466 -0.2973786 0.088419765 0.07759628 -0.009241513 1.3540401 0.1698717 -0.55151635 0.114490196 0.26253706 0.22012869 0.46526304 0.9345408 -0.16340515 -0.44463027 0.52196276 -0.7904314 -0.3424085 -0.1551989 -0.44283262 0.40554476 0.048136726 0.1515697 0.6088069 -1.0730934 1.121439 -0.38654146 0.5763209 -0.6897444 -0.60695153 -1.0396061 0.5947149 -0.31008196 0.7698161 -0.53170127 0.36825266 -0.22956423 0.47527614 -0.6112843 -0.84997 -0.45395038 0.47313815 -0.6433584 0.07673235 -0.16999291 0.9008543 0.34118518 0.2921448 -0.8476092 0.7965104 0.7230154 0.2069079 0.13310881 -0.036344144 -0.34842822 1.0972973 0.6363098 0.78452027 -0.6208755 0.35410374 0.15544264 -0.48614377 0.059832633 -0.96096516 0.43815422 -0.2953153 0.2847066 1.2560163 0.2201523 0.9477204 -1.0711069 0.79765165 -0.25464505 0.27176175 -0.76697475 -1.0576539 -0.13572434 -0.37150902 -0.548455 -0.47665933 -0.22902311 0.10197189 -0.35517475 -0.16788973 -0.13140105 -0.80436504 -0.38508317
blood 0.14252742 -0.33022144 -0.55248404 -0.5551023 -0.58303046 0.39196178 -0.5927801 0.5896037 0.78083146 0.33676052 -0.031316232 0.21080205 0.36611906 -0.761526 -0.15770783 0.14648983 0.26878253 -0.34234464 0.23074688 -0.2625445 -0.3053633 -0.2812311 -0.30953175 0.90741235 -0.24336469 0.7625949 0.051534828 0.99656034 0.1917685 -0.43248802 0.15111864 0.16401677 0.3244692 -0.22131802 -0.7199736 0.13003026 -0.22122924 -0.16697498 -0.44659868 0.41582862 -0.98592323 -0.008077983 -0.18521465 -0.34303173 0.15827107 -0.5840917 0.31684747 0.16596481 0.070604585 0.108817495 0.9328666 0.8336337 0.1822888 0.3493195 1.0841981 0.7361425 -0.054035507 0.81922746 -0.445819 -0.20125896 -0.12627502 -1.4426349 0.3552098 -0.45035067 -0.034206074 0.24439028 -0.11858864 -0.45257032 -0.43659976 0.057525747 0.71927255 -0.032518245 0.29309595 -0.66691405 0.141834 0.19888023 -0.116188884 -0.58669317 -0.6860575 -0.24350065 -0.36909583 -0.034455612 -0.2044587 -0.43616122 0.41594282 0.17064752 0.25693622 -0.43519673 -0.40751746 -0.50711316 -1.0338382 -0.5856156 -0.6098346 0.20542254 -0.36351427 -1.2726134 -0.362413 0.69597083 0.16346632 -0.48044682 0.5825148 0.06383808 -0.83848596 -0.22966424 0.04272047 -0.16750035 0.15698281 -0.9552124 0.9084974 -0.08191322 0.41276357 0.20570588 -0.4162587 -0.6912003 0.5645432 -0.34744298 -0.528325 -0.4852138 -0.38788095 0.8916713 0.1662971 -0.45213905 -0.5055849 0.415261 0.06885564 -0.797335 -0.07065395 0.31655958 0.40672803 -0.99818915 0.03140293 -0.15332718 -0.810366 1.042842 0.03843125 -0.4524104 0.3282406 0.43832788 -0.21599083 0.4458979 -0.33984813 0.9557056 0.12803988 0.16189475 0.1658938 -0.05237489 0.58785975 -0.06579402 0.25970188 0.8413188 -0.41860527 0.06465307 0.07803726 -0.11994583 0.044945553 0.15982614 0.7851341 -0.11968948 -0.36891797 -0.24622071 0.5015222 -0.066238254 0.096308775 0.73753434 0.22726955 -0.5437134 0.7733556 0.14236997 0.35808012 0.991948 0.34816945 0.579937 -0.17824137 0.3864164 0.56521714 -0.2829625 -0.032846227 0.02818158 -0.005316346 -0.32484445 -0.11077718 -0.16139553 -0.40671483 0.05712213 0.13444869 -0.054425243 0.8169131 0.1488868 0.43621704 0.54150784 0.29587612 0.72990906 0.102689065 -1.1588501 0.093208395 0.3406007 -0.03188351 0.10744122 -0.0039281044 -0.18188721 0.49676475 0.10380454 -0.1372689 -0.6213953 0.5442564 -0.6220332 0.7045659 0.5363801 -0.49032846 0.6338823 0.37185043 0.20519257 -0.36132076 0.24722141 -0.9194737 1.0148991 0.43390068 -0.6068422 0.631458 -0.610222 0.2907993 -0.5368316 0.6096248 -0.056326296 0.2867398 0.57751673 0.015436036 -0.34172213 -0.43059886 0.025323682 0.16329882 0.41874817 0.29802445 0.11096934 -1.032084 0.3146816 -0.14195839 -0.0074861334 -0.057992805 -0.04899033 0.3058202 -0.26612183 0.50291073 0.2908413 1.5347996 -0.17666061 0.7501313 -0.86449426 0.04196379 0.24107352 -0.20672028 0.30573878 0.18782865 -0.54074943 -0.4899394 -0.8515304 0.5187388 -0.04703126 -0.24530092 -0.2055829 0.6965562 -0.5164594 0.9888513 -0.7298171 -1.0662106 0.21917634 0.25223967 0.24123485 -1.293361 -0.2934012 -0.7663757 -0.5566702 0.60169315 0.24482407 0.19669344 -0.6173018 1.1060597 0.32360548 -0.73813325 0.048559725 0.89911 -0.18535258 -0.31448177 -0.38966212 0.2248844 -0.29242766 0.24641849 0.5625246 -0.45230684 -0.17567158 0.25905848 0.22886088 0.42408484 0.42021585 0.42547467 0.007699997 0.29196462 0.119381554 -0.6556566 0.009232147
coffee 0.98816246 0.33282155 0.74492085 -0.3371672 -0.26244873 -0.71204275 -0.32119802 -0.045962602 -0.09941692 0.14914495 -0.048128933 -0.290151 0.4110931 0.46485984 -0.25709227 -0.12926643 0.27300867 -0.11347779 -0.47933567 0.68791664 -0.67440426 0.15554813 0.62166274 0.33810586 -0.79165256 0.23246345 0.8570995 0.7030993 -0.65812 -1.1753182 0.9887498 -0.28067946 0.76874155 -0.293336 -0.3455121 -0.23245671 -0.10962383 -0.3046829 0.26405495 0.43142053 0.49873957 0.31539056 0.7202742 -0.01081619 -0.5498681 -1.1086218 0.10521559 -0.15111022 -0.19181646 -0.017703911 0.47276792 -0.15099621 -0.28875464 -0.11818387 -0.31681237 -0.40844882 0.18514276 0.0139387315 0.3296906 -0.33731738 0.19054553 0.64418304 0.14409418 0.6448078 1.0723466 -0.74475706 -0.21793546 -0.34827533 -0.14809637 0.07273595 0.5836866 0.16002816 -0.28828818 0.9698003 -0.82334477 -0.7121321 0.47051993 -0.24063331 -0.067127876 -0.6238647 -0.55434555 -0.53028095 -0.28767067 1.0133641 -0.44221005 -0.69038606 1.4662505 0.083328396 0.8873506 -0.36695778 0.15155186 0.36822212 -0.72940654 -1.1638434 -0.40563068 0.09777731 -0.4962162 0.1100432 0.94218796 -0.66719806 -0.29393387 -0.2148168 -1.5383394 -0.36513117 0.60661614 0.32631078 -0.91780317 -0.42681262 0.6729 -0.10764067 0.05992147 0.15467614 -1.2202649 -0.31946993 0.03358275 0.59963065 0.31097394 0.18095848 0.0646229 -0.35485455 -0.8934788 -0.101354614 0.7209138 -0.51932794 0.7758491 -0.43916023 -0.93229634 0.21819642 -0.50980115 -0.23394464 0.93766993 -0.113233656 1.2955879 -0.22025183 0.69140244 -0.48346642 -0.24011777 -0.70499736 -0.40656796 0.007351693 0.2065958 -0.09543857 0.36064804 0.069992796 -1.3626751 -0.47902566 -0.15231946 0.1810927 -0.029641218 -0.4596063 0.33053997 0.63880646 0.505932 0.22319755 -0.10919183 -0.23621263 -0.36593214 -0.32893354 -0.17759438 -0.34967813 0.99630696 -0.7715385 0.18584757 0.3468581 0.19294596 0.034734134 0.499263 0.43485972 -0.0013853936 0.20157944 -0.47989863 -0.13672434 -0.04308305 1.01263 0.62558657 -0.08501981 -0.4814053 -0.85346466 0.40230313 0.07850474 0.68294 0.4341558 -0.47389966 0.3554278 -0.5248698 -0.22572252 1.6589447 -0.084057756 0.42399353 -0.9531069 0.81258357 0.07054059 -0.6331245 0.12999777 0.32797328 -0.9110226 -0.37831172 -0.581219 0.005607029 -0.086463824 -0.44647586 0.025384769 -0.13433868 0.9965339 0.07818777 -1.0105376 0.12451184 0.3588813 -1.0942004 0.08386992 0.3684623 0.41048044 -0.5696592 -0.38050634 -0.8403042 -0.8526001 -0.14867324 -0.6560736 0.2541171 -0.6001298 -0.3416878 0.2523316 0.077070326 -0.25692573 0.356456 0.06690553 -0.35102826 1.0705007 -0.77120465 0.3524421 0.21813737 0.023030693 -0.19928683 0.19971596 -0.2033619 0.25485185 0.43962556 -0.5070627 0.49725607 -0.6005324 -0.4019555 -0.648203 0.003057538 1.0083256 0.3601867 -0.22622418 0.31958443 0.30308834 0.92815256 0.38508442 -0.11899373 -0.30498767 0.5587615 -0.2207958 -1.1951886 -1.2896018 -0.046409335 -0.38649082 0.5131032 -0.31088847 0.80588245 -0.21983686 1.0552937 -0.06359244 -0.16015974 1.018292 0.08786653 0.8069795 0.4321848 -0.10112858 0.35754228 -0.042111922 0.5421609 0.94886124 -0.29700035 -0.5451567 -1.0051663 -0.5542352 -0.008853962 0.526483 0.05674003 -0.7467361 0.60675186 -0.101457566 -0.010022799 -0.608431 1.0144495 0.38202673 0.32513976 0.48392576 0.49363038 0.6422033 -0.14468083 0.30708146 0.34538805 0.60486346 -0.80842435 -0.24022992 -0.21608485 -0.78420585
rose -0.6816488 0.10131704 -0.32148755 0.119297124 -1.0941219 0.25930968 0.26654702 0.48106727 0.53491765 -1.0343962 1.0180031 -0.1263528 -0.63452363 -0.37535274 -0.35709852 -0.34533003 0.5777683 -0.5044814 -0.4714268 0.30651373 -0.79835594 -0.533138 1.1066252 0.26233858 0.91503257 0.5124221 -0.9812204 -0.3198337 0.2612708 -0.525364 0.8568314 -0.47947368 0.05766072 -0.08116237 0.11364316 0.060229994 0.23782232 -0.8659426 0.45690554 0.4567485 -0.03863694 0.56509453 0.37788185 -1.1955359 0.66610026 0.15308064 0.29180333 0.70856905 1.088394 1.1279827 0.12395145 0.37589812 0.016264293 0.9652825 -0.26912862 -0.65785986 0.035053447 -0.74524033 -0.031195395 -0.43888566 -0.3096725 -0.19508253 -0.041892268 -0.8157285 -0.19879508 -0.55830693 -0.36628821 -1.0099833 0.112892404 0.066332206 -0.64021283 -0.083509564 -0.5178703 0.81909204 0.123427965 0.019061403 0.07140456 0.6793634 0.10714946 -0.107401036 0.09467631 0.04247598 0.44015974 0.4111658 0.5793135 -0.56396705 0.46984684 -0.25715613 1.1008899 -0.2311398 -0.027550312 -0.38775918 0.27307412 -0.24400865 1.4082783 0.14356259 -0.27452043 -0.61082023 0.11481094 -0.204906 -0.2684892 0.50583535 0.07382041 0.11386662 1.5346398 0.034439173 -1.0404397 -0.6150764 0.2711089 0.48292992 0.3726552 0.531928 -0.76067036 0.29697022 -0.24783252 -0.75277567 0.7805033 0.9643908 0.50102496 0.03186468 -0.2555685 -0.32166848 -0.34890246 0.04852619 -0.15702291 -0.117855236 -0.04831162 0.010519933 -0.756614 -0.16450219 0.20179865 0.33376524 0.21922591 -0.5503253 0.35093778 0.19412842 0.05992944 -0.21268001 0.08684944 0.35998932 0.48203602 -0.24243623 0.2428572 -0.30610123 -1.1140668 -0.53492916 -0.47092384 0.31373206 -0.61595654 -0.36142567 0.54901725 0.046323758 0.35948038 0.22070754 -0.51391864 0.008950091 0.0147821205 -0.5668847 0.2976221 0.7478401 0.20941623 0.099139184 -0.98634505 0.11811886 0.072844 -0.8832969 0.27781004 -0.61019707 0.3880278 0.34669513 0.17413174 0.57857466 0.7081897 1.0800078 0.6397253 -0.41125673 -0.5781003 -0.1327005 -0.2355812 -0.8355924 -0.24976695 0.6733654 1.4330407 0.15588263 0.648473 -0.07650658 0.072360046 -0.42986208 0.57139796 0.16298904 -0.076302595 -0.6823803 -0.9722676 -1.3517889 -0.473886 0.52196157 -0.8107108 -0.9197187 0.5193086 -0.78711146 -1.0863287 0.21726583 0.34844667 -0.69329596 -0.2365156 -0.2374758 -0.83314973 0.9043212 -0.6084049 -0.26337558 0.30846536 -0.39748308 0.8562577 -0.5407396 -1.029364 0.5142148 -0.16122065 -0.6430981 0.51251 0.48446953 -0.088751815 0.44024858 0.52940303 -0.016518036 0.5686863 -0.047797192 -0.12309397 0.67643934 0.021065736 -0.23390408 -0.8839893 0.4400784 -0.33060542 0.6248532 0.5910036 0.58448607 -0.39239895 -1.5161823 0.5970419 -0.292295 -0.75138795 -0.42299512 0.49208516 -0.8695145 0.7779642 0.07029424 0.7091447 -0.07455761 -0.090158276 0.18704924 0.19937532 -0.085708104 -0.6576662 0.3232808 -0.31382138 -1.2132425 -0.11508619 0.006895906 0.001813421 -0.07725454 0.3588414 -0.58554035 0.61224616 0.48265263 -0.1475753 0.0006624843 0.6983173 0.16746086 0.6631339 0.34233952 0.5391173 0.06472569 0.98338056 0.40559253 -1.0382364 -0.01921493 -0.4920362 -0.54182714 -0.6071468 0.2871253 0.67946965 -0.14286768 1.3623663 -0.30234584 0.59505975 -0.12255692 -0.039777286 -0.85471326 -0.6571725 0.083220966 0.14855224 -1.1836581 -1.2432278 -0.9093894 -0.31664866 -0.9575692 -0.561184 -0.0890881 -0.32400042 -0.8452695
fish 0.30711526 0.14886451 -0.57583666 -0.12003644 -0.10110993 -0.2060384 0.6998028 0.4258388 0.28568685 0.15261044 0.37888008 0.027177108 0.3435743 -0.4788402 -0.34618264 -0.24129519 0.38607636 -0.5090633 -0.05401705 0.13964956 0.32259855 0.09149752 0.61581594 0.66393304 -0.36562294 0.118037395 0.31353787 0.7274519 -0.5901787 -0.3938237 0.5242495 0.13257574 0.30946162 -0.11969368 -0.18967675 -0.3834544 -0.06252615 0.24764937 -0.32807535 0.49941605 -0.48634595 0.74577105 0.27137166 -0.8378662 -0.0744971 -0.3903979 0.32450086 -0.09403932 -0.025755828 0.5801817 0.85636485 -0.14633013 -0.23444895 -0.28159374 0.45422602 0.08432308 0.7867003 0.011152433 0.122056544 -0.2854381 -0.5580996 -0.17427748 0.31400102 -0.2652654 0.14627974 -0.3237782 -0.6109455 -0.3271247 -0.062032636 -0.09318746 0.072288916 0.008100702 -0.14610007 -0.0033958731 -0.5904812 -0.051572647 -0.30953562 -0.33994785 0.121160924 -0.69316745 -0.3555474 0.16774286 -0.18396914 -0.124267794 0.06938547 0.071274206 0.27001283 0.26330236 0.08438801 0.61899245 -0.3867856 -0.32161412 -0.20375486 -0.087092035 0.1185372 -0.1543614 -0.9832388 0.62518734 0.5605487 -0.7824335 0.111453325 -0.25665545 -0.3711749 -0.09000104 -0.5013416 -0.19612092 0.610477 -0.41133776 -0.031991992 -0.42717135 0.056314103 -0.48453957 -0.2765299 -0.63890105 -0.40819144 0.634246 0.07410924 -0.057801537 0.82523215 0.08344685 -0.405595 -0.34614393 0.9387282 -0.14444011 0.2959072 -0.28663102 -0.12452682 0.17196552 -0.52979076 -0.21009895 0.085285865 -0.11237813 0.23342301 0.099965416 0.44872954 -0.86228293 0.72835433 0.23151532 -0.11208534 0.62002695 -0.052001078 0.26912963 -0.44811225 -0.64139795 0.32027456 -0.58899486 0.43541846 -0.031176804 -0.2626568 -0.096187465 -0.049902067 -0.22496353 -0.20549916 -0.051389698 -0.4187691 -0.3177113 -0.63752383 -0.43191418 -0.18454593 -0.1311143 0.33022508 -0.66510576 0.87061495 0.16169518 0.44224736 -0.2375437 0.17418733 0.60122055 0.18367435 -0.10160983 -0.34141624 0.3362502 -0.1459488 0.011789214 -0.12109851 0.79898506 0.7656303 0.41508666 0.10371305 -0.12219526 0.4852766 -0.77883637 -0.10816235 0.14322093 -0.1589283 -0.059305448 1.0965192 0.5844998 -0.022811305 -0.02398123 0.46414563 0.31770518 -1.0344864 -0.98302245 -0.016827933 -0.4561172 0.22401749 0.0019145651 0.51901805 0.023241546 -0.5616376 -0.47664294 -0.20242898 -0.13985045 0.3087329 -0.6492839 -0.05965271 0.2385416 -0.2547744 0.6531293 -0.2160192 0.30719727 -0.9697708 -0.03762249 0.030118346 0.09068707 -0.060439028 -0.85342175 -0.55846095 -0.59252715 0.5436666 0.07295251 0.28124982 -0.5870299 0.58791894 -0.28199637 0.1256006 0.20472425 -0.75148433 0.46325958 0.62324506 -0.2182995 0.25051495 -0.0329101 -0.3629343 0.23000422 -0.0015540516 -0.11077774 -0.4681446 -0.57065755 0.40571943 -0.06847616 -0.24743335 0.48384178 0.54278797 -0.5769349 0.3846135 -0.27607015 0.22468872 -0.28064156 -0.08868233 -0.2769449 0.8760849 0.09351114 -0.2668288 -0.6981364 -0.048670292 -0.36258587 0.11044209 -0.038083676 -0.046442565 0.076704554 0.48896632 -0.122343175 -0.4030616 0.39814225 0.06448583 0.33557788 -0.7335529 -0.4739376 -0.32206926 0.8102703 0.7287555 0.9610547 -0.29743537 -0.3241231 0.13641663 -0.2595285 -0.051771153 -0.5158837 -0.077268824 -0.42784765 0.041380323 -0.8600357 -0.097398296 -0.11351122 0.002495554 -0.5028914 -0.26435235 0.14427577 0.51027334 -0.054379925 0.16733843 -0.586679 0.14842929 -0.36741263 -0.19121599 0.5456392 -0.32657656 0.30080366
animal -0.21822843 0.38084424 0.052369744 0.37214315 0.16972502 -0.1712802 0.39754 1.231371 0.6031264 -0.120718636 0.4628405 0.077530235 -0.01801812 -0.2516406 -0.4116942 -0.29898483 0.27390262 -0.2661423 -0.02674922 -0.22385514 -0.5843191 0.051682126 -0.08090188 0.91031474 0.26251096 0.08163988 -0.06739 0.543394 -0.2737388 0.20898548 0.061303794 -0.01206332 -0.11770658 -0.16211115 -0.81241196 0.3334791 0.22755562 -0.5249498 -0.44800666 0.43213263 -0.65349895 0.82689035 0.052211884 -0.3766343 0.26847547 -0.34563026 0.2103281 0.4007781 -0.20781441 0.59956354 0.6964288 0.19849448 0.1261684 -0.41540247 0.004632997 0.61185956 0.7000358 0.09155624 0.14420885 0.56723803 -0.5129631 -0.7353533 0.083427936 -0.4085836 -0.47415328 0.38834712 -0.059480317 -0.5246464 -0.28919017 -0.1963392 0.3649426 -0.013939878 0.0538609 -1.0697969 0.35861674 0.777622 -0.6441477 0.064418904 -0.113570556 0.39306137 0.15538126 0.18870287 -0.7908403 -0.27025637 0.2570889 0.29455614 0.03654997 -0.5448715 -0.34593114 -0.48190397 -1.1127185 -0.32078913 -0.008089604 0.3899229 -0.64006686 -0.4505178 -0.3070129 -0.17213756 0.30022478 0.2397692 0.33173463 0.31580624 0.06935577 0.26657206 0.15386406 -0.20017964 0.046719324 -0.5657636 0.40616685 -0.14315133 0.2523609 -0.1236172 0.06339019 -0.44803375 0.33679688 0.6031206 0.068386585 -0.23288542 -0.29548672 0.5997618 -0.011571914 -0.24891484 -0.53658986 0.30490088 -0.63965315 -0.03197617 0.7164484 0.5060863 0.3150197 -0.38803685 0.25949162 0.059237882 -0.28485492 0.2933951 -0.40960917 -0.37448058 0.07420815 0.25951624 0.29143262 0.18085457 -0.29997447 -0.3185374 -0.11957128 -0.23295484 0.6598219 -0.29856333 0.184181 -0.12356746 -0.28334472 0.42559785 -0.8291038 -0.14813453 -0.030210579 0.32436436 -0.5102807 0.4605336 -0.28823212 -0.30698502 -0.16735218 0.37399423 -0.15556549 0.08853468 -0.16579702 0.21955423 -0.009520892 -0.52392495 0.72663087 -0.10466115 0.36598584 -0.12203638 0.28754118 0.37416497 0.23139048 0.2775634 0.07621501 0.8755839 -0.13601822 0.07445384 -0.63582265 -0.25840497 0.13978757 -0.37037206 -0.33060378 -0.28413782 0.4916326 0.021035822 0.33957332 0.34516054 0.07598848 0.20805041 -0.597289 0.34003055 0.44515008 -1.0408136 -0.2719923 0.4116255 0.5656264 0.3813025 0.026213845 -0.06288269 0.35034913 -0.28365058 1.0521728 -0.19651806 -0.22526002 0.023808012 0.55181867 -0.31584233 0.22188756 0.17771879 0.4646781 -0.439887 -0.50844187 0.34579876 -0.23121019 0.50800306 0.13261802 -0.48324862 0.2026334 -0.5010633 0.51704127 -0.25831854 0.53778124 -0.45249066 0.44709367 0.39586806 0.2956254 -0.10674133 0.26969203 -0.06312832 0.26687658 -0.07821645 0.24434038 0.41829652 -0.15750508 -0.3230686 0.008952193 0.09892301 -0.363183 0.25994933 0.68030566 -0.41997457 0.09980652 0.04939882 0.84181046 -0.12109834 0.83196265 -0.09396439 -0.22539859 0.32322907 -0.4484484 0.3336367 0.4416985 -0.55430895 -0.3461872 -0.03807079 0.7133924 -0.024873896 -0.0020363529 -0.07311671 0.20512785 0.010027777 0.26248595 -0.5020655 -0.11827077 0.26352334 0.38675544 0.9851191 -0.77644473 0.31998193 -0.068311274 -0.42362043 0.32483348 -0.016181914 0.15064567 -0.40016088 0.8822945 -0.10593899 -0.5961207 -0.30328053 0.3422803 -0.1468499 -0.33790442 -0.11292089 -0.1959305 -0.2596127 0.6820185 0.015816316 -0.46384916 -0.34588084 -0.36044717 -0.9685566 0.46468776 0.1860757 -0.36651388 -0.3054124 0.38340864 0.45262468 -0.1603268 0.27483243
soap -0.16172786 0.6544166 0.06530298 0.36691627 -0.94452775 -0.7056283 -0.04050188 1.0387657 0.1271907 -0.4776105 -0.15731493 -1.109663 -0.37365416 0.036723822 -1.1185246 -0.38581696 0.45240542 -0.22059391 0.4883951 -0.564794 -0.85696125 0.14775209 0.15676732 0.73887426 -0.041983847 0.5974358 -1.0726887 0.30249366 0.36937106 -0.46687892 -0.28168866 -0.19248152 0.2716297 -0.1465936 -0.30638638 -0.5286486 -0.37102315 -0.7806285 0.24068826 0.25399593 0.3549376 0.30137125 0.52305853 -0.47004262 0.7181143 -0.3534732 -0.7061507 0.17530386 -0.011014862 0.22733255 0.22815725 0.13936348 0.14322746 0.885471 0.24574892 -0.029407663 -0.30610335 -0.4159367 -0.31965625 0.435307 0.13118726 -0.24337941 0.08838219 0.23243952 0.36532116 -0.92284435 -0.32529175 -0.5930567 0.40658036 0.7541555 -0.19334917 -0.101657 0.14966 0.65598875 0.57667106 -0.4627195 0.003610804 0.35230544 0.075445354 -0.5971727 -0.3384187 -0.4031438 -0.866467 1.0758092 -0.40182534 -0.2954858 1.3837454 -0.28295103 0.2225816 -0.6079172 -0.62037385 -0.26769403 -0.7697464 -0.4802617 0.09403129 -0.18720198 -0.4012633 -0.22774453 0.12124439 0.10590633 0.032195892 0.10160846 -0.105103694 0.18514214 0.7582395 -0.3625877 -1.0002619 -0.088123634 -0.37701806 -0.39345786 -0.50957817 -0.48722392 -1.0058547 -0.09087851 0.47114402 -0.0053669303 0.061822843 0.71557355 0.056036066 0.10358738 0.36904356 0.27442276 -0.08408835 0.09336531 -0.1728279 -0.5408033 -0.4223022 0.27315295 -0.32665002 -0.21279188 0.28031954 0.14742294 0.5195911 -0.7947406 0.6240562 0.04986029 -0.12969472 -0.5978602 -0.16442232 -0.1208774 0.82054186 -1.1870143 -0.37966713 0.8118487 -0.12526534 -0.4543984 -1.2150947 -0.52695113 0.61775386 -0.82503825 0.40312868 -0.44443572 0.00079051725 -0.14924453 0.11950946 0.4931511 -0.3523662 -1.1130512 -0.3249716 0.5525194 -0.11277112 0.18193518 -0.23202042 1.2389222 0.16052967 0.22337666 0.15054277 0.4063699 -0.44864526 1.7984303 -0.10744903 0.3642606 -0.25904185 0.80777717 0.7098086 -0.30296418 -0.38178426 -0.79049194 0.8679831 -0.6553147 -0.05662716 0.30982646 -0.87198097 -0.16247465 0.27452096 0.19739978 1.0694547 0.5576508 0.7393331 0.16878693 0.28821245 -0.0724303 -0.21499878 -0.15002222 -0.5257074 0.2557951 -0.4885537 -0.5312769 -0.7769451 -0.2649836 0.1573421 1.0575523 0.52238756 -0.7195653 0.40863132 -0.15235308 1.2509278 0.34886935 0.08481074 -0.50600797 0.45827937 0.11734968 0.50758755 -0.13473636 0.33458817 -0.08472244 0.10910555 -0.08895022 0.29961586 -0.7827872 -0.022068454 -0.18350886 0.06896989 -0.56653464 0.18472965 0.42219272 -0.46671355 -0.021389764 -0.25392875 0.29773638 0.20876418 -0.259431 -0.33438748 0.3219893 -0.05689448 0.28445414 0.06322504 -0.22370799 1.0099338 -0.81152004 0.3749048 -0.0039254823 -0.23257807 -0.038831756 0.7522476 -0.25617957 0.7425279 -0.68534636 -0.075508386 0.052837573 0.84809446 -0.5081765 -0.21623094 -0.2758155 -0.08825323 -0.8583071 0.013932997 -0.017850535 0.14664973 0.39777064 0.17339152 -1.0537101 -0.018038346 0.84250045 -0.19750804 -0.0063301176 -0.41546133 0.075333536 0.42127383 -0.25444952 0.2578503 -0.24742505 0.6326356 0.29681286 -0.5215531 -0.21246855 -0.9832842 -0.075175114 0.070588045 0.32312626 0.45196307 -0.06615292 0.83233225 -0.95448244 0.5934866 0.039325412 1.0999486 -0.41754973 -0.16794409 -0.7911245 0.18864998 -0.83446366 -1.0203198 -0.7625386 -0.16697516 -0.5828095 -0.48925567 0.55369985 -1.3933039 -0.30249316
grass 0.12128937 0.709581 -0.47621664 0.54664284 -0.69707525 -0.763937 0.90855086 1.1539698 0.34862384 -0.3657172 0.17927891 -1.026964 0.0063186795 -0.6326055 -0.7506838 -0.032230817 1.0531961 -0.45156565 -0.6814926 0.049423587 -0.21542212 0.24571228 0.46858102 0.960051 -0.0021593634 0.49772587 -0.75451845 0.6781016 -0.041420437 -1.4584284 0.24482502 -0.12349108 0.111670285 -0.605006 -0.29557872 -0.010172639 0.36420235 -1.0300919 -0.8460952 0.51980585 -0.48774183 0.830578 -0.068903856 -0.77138966 0.20821345 -0.42235526 0.6362295 0.05469752 0.51554435 0.48764846 0.28872976 0.22040826 0.100961596 0.47009203 0.069757156 -0.4300451 -0.47141197 0.2220812 -0.5774505 -0.19578584 -0.57661915 -0.40159792 0.048788734 -0.6321716 0.43958285 -0.74737424 -0.29041156 -0.8788325 0.5371269 0.1656671 0.05116456 -0.15138291 0.0044920444 0.4101808 -0.96449536 0.07249061 0.08273134 -0.13680458 0.030952496 -0.7304837 -0.5163434 0.35012344 0.37569484 -0.7807845 -0.017569674 -0.56774276 0.5091006 0.26325777 0.18096447 0.41658637 -0.78991526 0.59616566 0.2527803 -0.61729836 0.8857319 -0.70891863 -0.7852285 0.2846609 1.2028862 0.12474126 -0.4018612 0.2561109 -0.054891862 0.050191388 0.8857788 -0.06349264 -0.46049517 -0.8030849 0.5711679 -0.05900381 0.78530437 0.3652437 -1.0343624 -0.3238469 0.57659185 -0.18327793 -0.3600291 0.13086735 0.4743619 0.8496924 -0.39817855 -0.2088193 0.24808303 0.49617514 0.00875775 -0.18069544 0.25682065 0.83124995 -1.0628353 -0.5821169 0.4537252 -0.7915386 -0.3697187 0.7427109 0.6584742 -0.7290622 0.23598848 -0.08974393 0.75863945 0.6174229 0.45260936 0.40900835 0.19855541 -0.19527517 -0.51919514 -0.46318194 -0.115325645 -0.024869164 -0.09237384 0.07431114 0.49542686 -0.053130284 -0.19447787 0.10324147 -0.24923718 -0.007502219 -0.13052206 -0.29566646 -0.14255705 -0.7825799 0.2863396 0.23473555 0.019595413 0.101166904 0.1970133 -0.43967468 0.39238483 -0.12617412 0.5082617 0.14347126 -0.20106684 0.8513321 0.19312945 0.36965021 0.22589321 -0.30051547 0.16287813 0.17110826 0.23332922 -0.2643035 0.2985614 0.49114227 0.2933467 0.28928325 0.012562461 0.21518171 0.15521108 0.02026846 0.51284325 -0.72237253 0.20571502 0.3753027 -0.7490946 -0.93280673 -0.20288801 -0.33971828 0.30339712 -0.6872853 0.5046056 -0.063686475 0.10991526 0.112167925 -0.5204562 -1.0878981 0.15797834 0.00040545492 -0.12134567 0.7160524 -0.3728238 0.14862886 0.0880533 0.06963353 0.46377665 -0.079190694 0.12825578 0.083611585 0.1418829 -0.36214948 -0.014886095 -0.43185332 0.057520967 -0.5037335 0.8157917 -0.35347188 0.24573757 -0.030508896 0.121593475 0.32460266 -0.34849915 0.6361428 -0.21124263 -0.14886473 0.0019317816 -0.2536861 0.23573042 0.9040926 -0.1478603 -0.4782097 -0.36132607 0.3165994 0.060176156 -0.47784218 0.23545414 0.108287565 0.33452976 0.20455559 0.5302963 0.27445802 0.065009646 0.8605782 0.1899635 0.14777118 0.25692827 0.0030437706 -0.92063904 -0.85659766 1.1794096 0.013711414 -0.7355839 -0.08385564 0.20785315 -0.46056667 0.2633961 0.47875607 -0.3635063 0.7706821 0.6468678 0.024695432 -0.72565866 -0.3357151 0.07085088 -0.021838397 0.4074056 0.5750621 -0.006792237 -0.0070735263 -0.1259082 0.66085714 -0.060102798 -0.13457155 0.7868763 0.4415466 0.19566351 -0.012823499 0.48503122 -0.066394135 -0.96721435 0.38468668 0.51250774 0.76428634 1.2242526 -0.45031077 -0.29150826 -0.7505544 -0.01512949 -0.5601365 -0.5646357 -0.96103764 0.3272924 -0.7498759
beer 0.023148576 0.29148793 -0.2909999 -0.3985842 0.025467908 -0.5103329 0.7515199 0.32216653 -0.11003585 -0.2787292 0.15027468 -0.19883497 -0.25535867 -0.16410585 -0.6194288 -0.72922736 0.14483646 -0.50042284 0.4420016 -0.43686673 0.321025 -0.43171698 0.26582408 0.43327948 -0.5800662 0.2033033 0.07662722 0.4017257 -0.49429703 -0.25047538 -0.075398654 -0.60070366 -0.30555183 0.1232525 -0.46012273 -0.54462993 -0.31633082 -0.51338714 -0.40801382 0.2242847 0.040674813 0.4029671 0.47117618 -0.46913576 -0.24973223 -0.72919697 -0.19081199 -0.80281407 0.02872824 0.28801465 0.19209239 0.20294297 -0.7015038 0.14045087 0.27540502 -0.23174925 0.1942465 0.14281966 -0.08026222 -0.22681014 0.120495446 -0.16154985 0.45090544 0.6128842 0.54788357 -0.9680231 -0.15304872 0.18585329 -0.29405257 0.4804147 0.7649101 0.27171552 0.10855987 0.27540073 -0.19871937 0.050658695 0.039935317 -0.48185164 -0.08477007 -0.23925233 -0.7189053 0.003879207 -0.56752783 0.31069356 0.0012449005 -0.46827638 0.9922203 -0.25620762 0.52365327 0.026309978 -0.5692629 0.042945422 -0.2991577 -1.0007291 -0.11525876 -0.31242982 -0.6181127 0.59108824 0.39892426 -0.773467 0.3600941 -0.5723084 -0.70525396 -0.63376284 0.71025443 -0.023631841 -0.33175063 -0.41842872 0.8718637 -0.16265658 -0.028150732 -0.1628953 -0.5252192 0.0195785 -0.008454829 0.08989608 -0.4377408 0.38064018 0.2942448 0.02749631 -0.052892096 -0.14333601 0.19798858 -0.15471314 0.122778244 -0.47026262 -0.30585226 0.52413213 -0.606273 -0.43956152 0.25167325 -0.8572348 0.16165294 0.03449375 0.5108782 -1.1189418 0.24356322 0.24709548 0.051080767 0.5534358 0.052976724 0.95004064 -0.65564793 0.12167769 -0.036151264 -0.31365016 0.47916785 -0.2829922 -0.21052168 0.13573103 0.20305839 -0.78945005 0.23455773 0.2749595 -0.006890371 0.37193194 -0.3872108 -0.6975192 -0.37195355 0.2707833 0.4201249 -0.8829537 -0.15323521 0.97674453 0.109017685 0.5444746 0.013780972 0.28279972 0.34657732 1.2304008 -0.30484086 -0.518299 -0.35608095 0.7696644 0.14529236 -0.40045124 0.40575987 0.003966784 0.9357547 0.09611854 -0.22711563 0.022886472 -0.6749822 -0.37385622 -0.45420632 0.010873744 1.0801611 0.5462907 0.7036457 -0.7469501 0.50979465 0.10756711 -0.14735903 0.24120377 -0.017516177 -0.47283098 -0.13119803 -0.28121588 -0.25292757 0.41822848 -0.058388025 0.33337936 -0.22161587 0.0485328 0.4785633 -0.3004325 0.5316109 0.6427622 -0.36156535 0.25496173 0.272732 0.39368662 -0.017606858 0.040703487 -0.008819261 -0.35120535 -0.13362704 -0.14124231 -0.6524037 -0.7373205 -0.17133655 0.6664487 -0.20413846 -0.14187574 0.7136642 0.22498144 -0.24124083 -0.33967137 -0.1937288 0.029451132 0.4306582 -0.26313427 -0.47579032 -0.5128596 0.06893664 0.35966617 -0.15796508 -0.11972247 0.8818715 -0.46512705 0.49075165 0.38530427 0.30544177 0.4804253 0.30037937 0.07408073 0.29795223 0.033079762 0.058110584 -0.19092 -0.0014834093 -0.5045457 -0.21346807 0.16968912 -0.50257427 -0.76938355 0.20068969 -0.41282612 0.07625794 0.6465477 0.4355675 -0.6868794 0.8096757 0.4476258 -0.51146704 1.2851354 0.076146685 0.1723688 0.34539464 -0.04591876 -0.29220346 0.38224396 0.84515375 0.55125767 0.5507461 -0.5186788 -0.06382886 0.13328917 -0.64188474 0.18761875 -0.117042065 0.0851744 0.31031987 -0.9401637 -0.08720644 -0.34415868 0.3339706 0.19702953 0.336088 0.18748684 0.435405 1.0770422 0.5081652 0.34471056 1.046594 0.36319733 -0.3575104 0.12486162 -0.42229313 0.06636166
urine -0.17453073 0.23244107 0.029986085 -0.4577663 -0.2716537 0.083955646 0.22307833 -0.33641818 0.2120479 -0.16107535 0.47776833 0.08172361 0.42635843 -0.16518454 -0.46145844 -0.5098066 0.29481667 -0.8471265 0.5973286 -0.5087887 -0.09940063 -0.20069134 -0.334502 1.3746513 -0.3918786 -0.0982635 -0.07798016 0.46053 -0.046114653 -0.20018893 -0.19387582 -0.062559485 -0.20849642 0.0324156 -0.34044904 -0.40676776 -0.4797676 -0.3749533 -0.55166805 0.5430483 -0.07839368 0.5305225 0.205635 -0.2445485 -0.11111927 -0.21346304 0.25949612 -0.31808746 0.22869872 0.6105583 1.023413 0.711604 -0.3333655 0.022221802 0.30293956 0.0964747 0.43974426 0.29591167 0.30772305 -0.014539392 0.100545116 -0.4228545 0.08948663 -0.1751671 -0.036589283 -0.49946046 -0.018377138 -0.11478549 -0.36486268 0.032204688 0.76718736 0.13152999 0.42834714 -0.3480644 -0.16403362 0.026820553 -0.33975214 -0.1116565 -0.13152517 0.32289565 -0.5451894 -0.2531035 -0.34618887 0.5945231 0.2804752 0.08504565 0.380043 -0.14813286 0.21110179 -0.49076235 -1.1549537 -0.68785614 0.41414195 -0.02211214 0.14161609 -0.17541699 -0.6609265 0.18109371 0.07080098 -0.57332397 0.7328073 -0.0014654577 -0.2815195 -0.059945777 -0.04077964 -0.107186 0.55394745 -0.37314284 0.097321846 -0.19562195 -0.2321461 -0.45207125 -0.24146006 -0.49833286 -0.21608402 0.19333671 -0.22447236 0.35318744 0.091740005 0.59746283 0.17781928 -0.49811488 -0.2797965 0.065453015 0.2999136 -0.6800985 -0.12810493 1.0796312 -0.4407503 -0.66195196 0.0494842 -0.7425865 0.18272501 0.3625079 0.7564032 -0.866782 0.55320865 0.1516251 0.7084442 0.9420322 0.16801068 0.68340987 -0.5544333 -0.07231891 0.27333385 -0.22775476 0.5141036 0.071275175 0.25639027 -0.04365244 -0.14682563 -0.19619201 -0.36609113 0.42736745 -0.10437 0.13806935 -0.3798962 -0.6421677 -0.7335473 0.13034005 0.25528428 -0.43385023 0.45474964 0.82624847 0.1684086 0.45474824 0.41150638 0.75061 0.13802356 1.7791789 -0.619298 -0.0036030707 -0.3478882 0.2921127 0.25640917 0.18747187 0.14397293 0.39362139 0.26970735 -0.15025297 0.2948302 -0.5374097 0.06106847 -0.18037157 0.020356186 -0.28927615 0.643744 0.8528386 0.46091148 0.75037706 -0.0014845622 0.5161383 -0.091105215 -0.2926834 -0.17245238 -0.43702498 0.515039 0.63505554 -0.04646201 0.37791875 -0.3021748 0.36050478 0.04937923 -0.14590624 0.27008757 -0.1746154 0.59876716 0.2292206 0.24892414 0.29349947 0.06759233 -0.11095596 -0.72942275 0.7148567 -0.29956836 0.10043407 -0.05617151 -0.04535919 0.044669807 -0.81356907 0.057841875 0.15823893 0.45043707 -0.29467985 0.49413887 -0.068830796 0.29626107 -0.543733 0.20759927 0.3161235 0.8479901 -0.5406358 0.42994156 -0.47839606 -0.13322867 0.29134795 0.22766705 0.33181214 0.7061334 -0.5165571 1.1287826 -0.104644075 -0.37220687 0.4672584 0.31463212 0.17793204 0.71400243 -0.033440486 -0.11782294 -0.2617874 -0.0809152 -0.22241104 0.40356636 0.043458626 -0.99260736 -0.42440498 0.6685801 -0.14835615 -0.825924 -0.07380386 1.0102041 -0.20688614 0.7881268 -0.71417135 -0.61063856 0.25002903 -0.06807731 0.26196733 -1.2318537 -9.641241e-05 -0.34526312 0.45048866 0.93951786 0.954278 0.9708792 -0.4435359 0.47472948 0.17299417 -1.0249738 -0.077125646 -0.041238107 -0.0321647 -0.029585037 -1.0564253 -0.23221998 -0.22737168 0.17003705 0.0713169 -0.08249677 -0.46927798 0.49952614 0.37454647 0.44822732 -0.15445267 0.63959485 0.3942687 -0.10895126 0.44914925 -0.4192637 0.32002985
pine -0.39379308 0.8764021 -0.37390906 0.5216692 -0.5105092 -0.23584051 0.72380984 0.80623996 0.22373052 -0.6998778 0.52270937 -0.986869 -0.011001746 -0.26408234 -0.8558588 -0.3277571 1.2114571 -0.6369683 -0.21391836 0.008468324 -0.54395235 0.25533754 0.88634896 1.2191103 -0.12774159 0.5512922 -0.45897758 0.32389197 -0.34195092 -0.8164737 0.46207455 -0.1246032 -0.062292147 -0.1762323 -0.05446915 -0.012028972 0.07272635 -0.6942289 -0.8430757 0.3475721 0.1715293 0.68144196 0.31457368 -0.36078838 0.34993795 -0.767485 0.1971496 0.18211988 0.31780192 0.7836217 0.11185886 -0.040945373 -0.36924258 0.49741825 0.37785688 -0.7362814 -0.7211675 0.13740158 -0.75107884 -0.24726956 -0.42692044 0.23484407 0.3738606 -0.6251269 0.67084837 -0.9318316 -0.2672991 -0.7486447 0.32304713 0.26150924 0.64887536 0.124549724 0.059218496 0.72454417 -0.35565925 -0.09950241 -0.05599974 -0.35102153 -0.02472467 -0.33753476 -0.77306175 0.096890375 0.34261608 -0.09503649 0.16599938 -0.5118396 0.8643347 0.22579907 0.189999 -0.4165617 -0.62689143 0.095867105 0.025629671 -0.31630003 0.58301365 -0.5974522 -0.12765694 -0.4014061 0.20668052 0.1663295 -0.26595798 0.7143088 -0.018238721 0.2667762 0.8290938 -0.15180905 -0.23873024 -0.6751484 -0.18155651 -0.035387553 -0.19400609 0.16144279 -1.0238448 -0.22625178 0.0660674 -0.32676834 0.26140356 0.6580566 0.38512793 0.5711708 -0.43729976 -0.1623065 0.33843756 0.4483332 0.08927001 -0.04720924 -0.17376974 0.7923464 -0.7833489 -0.29321593 0.109190606 -0.6384093 0.028509106 -0.070645325 1.1006942 -0.9404919 0.27311105 -0.27838764 0.8898235 0.6704265 0.28986463 -0.40328136 -0.0871526 0.0011286328 -0.79290897 -0.6061986 -0.450785 0.28231353 0.2859404 -0.8283262 0.94592696 -0.40014562 -0.090461165 -0.029778525 -0.20360948 -0.20243841 -0.07077427 -0.1656135 -0.46055555 -0.16620281 0.36104462 -0.06607609 -0.3273514 0.3026845 0.13785037 -0.17617287 0.2876261 0.08081541 0.20120417 1.154341 -0.57630527 0.19528912 0.14509726 0.64630973 0.23755717 -0.145335 -0.43267852 0.20915927 0.5820074 -0.57281464 -0.10486571 0.43984762 0.19831963 0.18571721 -0.2780537 0.03229897 0.6800397 -0.06522922 0.52582705 -0.66117847 0.1385454 0.052510496 -1.0741619 -0.76360387 -0.3935104 -1.0458947 -0.061980832 -0.93492687 0.21913025 0.41944116 -0.8001587 0.0024647438 -0.43160635 -1.4367418 -0.09919274 -0.12960286 0.24962483 0.8012825 -0.21102226 -0.13163352 0.10288255 -0.099215254 -0.03028894 -0.31972924 0.4048138 0.05732244 -0.11746284 -0.6952953 -0.24535675 -0.599868 -0.44466448 -0.34700438 0.7782817 -0.1790649 0.45370552 0.46957254 0.3573513 0.18723767 -0.31156766 0.53778833 0.38185796 -0.3532111 -0.4781603 -0.20781063 -0.12548968 0.6947649 -0.1829408 -0.5454841 0.16202685 0.011391726 0.46379897 -0.71412903 -0.012375607 0.09974975 0.39689916 0.40337902 0.65755755 0.15010047 -0.34086782 0.2889904 0.45004714 -0.6939088 0.44493702 -0.12153826 -1.6900902 -0.9546703 1.3948687 -0.156732 -0.93076646 -0.3819296 0.8131497 -0.86319214 0.8511201 0.23599607 -0.18417001 0.8370231 0.70259386 -0.43710962 -0.3148219 -0.34677225 0.6344147 0.5733921 1.3125907 0.22293547 -0.3882454 0.8233852 -0.3531522 0.5910552 -0.07097376 -0.116048716 0.90236914 -0.012752117 0.64255905 -0.6409862 0.44435817 0.24849103 -0.73126453 0.38236302 0.5645327 0.75352764 0.78668344 -0.42019114 -0.13845907 -0.7104681 0.383493 0.13488089 -0.5379372 -0.9301067 0.1686202 -0.26232103
wine 0.44220573 1.1497939 0.18713595 0.27035683 0.072283454 -0.7174889 0.46844456 0.58371055 0.31358948 -0.52216685 0.50154614 -0.6050421 -0.35584965 -0.14135574 -0.8105571 -0.13366693 0.34473616 -0.19841759 -0.16351034 -0.10668493 -0.29081216 0.15150896 0.39475772 0.2916858 0.032944895 0.26752323 0.18059337 0.63154316 -0.40460426 -0.28925616 0.22537586 -0.2392584 0.13057089 0.007233325 -0.37514868 0.077597715 0.2949029 -0.6972223 0.4234965 0.15412156 0.4257435 0.22306234 0.5354426 -0.19610886 -0.17438202 -0.330394 0.047779366 -0.088674225 -0.13681912 0.86042595 0.18879464 -0.24209563 -0.32924068 0.416684 -0.17057249 -0.687022 -0.058064017 -0.31082937 -0.4558073 -0.36991554 -0.26979688 0.8399404 0.25365943 -0.22797233 0.37713018 -0.21767244 -0.0024731038 0.10359379 -0.15779312 0.5151537 0.06965477 0.59857893 0.14891982 0.041887976 -0.39892724 -0.29561248 0.24610493 -0.56830674 -0.388758 -0.45238444 -0.37742525 0.10715211 -0.25771642 -0.01499167 -0.6328266 -0.47218603 0.79688114 -0.5005611 -0.16104634 0.4244903 -0.34635448 0.09595994 -0.32971048 -0.4405345 0.48095134 -0.23901156 -0.3065519 -0.14467975 0.039468132 -0.44221905 -0.60658616 0.26339892 -0.14753935 -0.079231806 0.437521 -0.63583314 -0.84036297 -0.018452145 0.14547919 -0.6401431 0.047938827 -0.298837 -0.9056336 -0.20822816 0.12668727 0.6308855 0.53979117 -0.015760342 0.41096818 -0.6363268 -0.6766404 -0.1952659 0.46671003 -0.044076033 0.038567416 0.4629158 -0.23857552 -0.09739915 -0.20423242 0.58136904 0.17268509 0.43216318 0.28083968 -0.57723856 0.38495797 0.38549295 0.39143777 -0.10148957 -0.60718304 0.25560787 -0.010713711 -0.6721468 -0.6128338 -0.15911068 -0.09508976 -0.84898394 -0.57778615 -0.48111337 0.2305189 -0.6079248 0.48934665 -0.32140642 0.26319087 0.18374924 -0.37502962 0.4298876 -0.29002127 -0.4977452 0.14163761 0.31587696 -0.64325213 -0.26086006 -0.06302075 0.653731 0.5128692 -0.5696525 0.007405941 0.5797616 0.6268593 0.52249396 -0.15849543 -0.43661714 0.09773245 1.2136228 0.33863 0.5367462 -0.53406805 -0.9057411 0.47399414 0.19276345 -0.3434813 0.51312155 -0.52379775 -0.12175335 -0.116366096 0.51617795 1.1175348 0.5359891 0.68187505 -1.13869 0.13026914 0.1112811 -0.30848378 0.18517266 0.21011728 0.19367321 -0.045477126 -0.50507593 0.10695067 0.34056097 -0.5027641 0.07951624 0.17838693 0.16762866 0.18760905 -0.43353167 0.15627733 0.045597933 -0.38203692 -0.49419495 0.077974744 -0.30552578 -0.10700058 -0.4960789 0.085082226 -0.58888495 0.23845881 -0.640263 -0.39105344 0.112919666 0.113266654 0.03354942 -0.07759637 -0.4583405 0.2998866 0.5439089 0.07802574 0.3091132 -0.15780239 -0.11512625 -0.17319466 -0.4059737 -0.730517 0.090385765 -0.31299734 -0.22724283 0.3745103 -0.34514195 0.09330178 -0.009682467 -0.25893652 0.07172353 0.3042354 -0.44829622 0.31481087 0.26106843 0.3480643 -0.7766014 -0.004178275 0.011014037 0.17730153 -0.54758126 0.34273067 0.013272176 -0.20782693 -0.3169026 -0.0007045682 -0.11509394 0.17190258 -0.0024483493 0.17543326 -0.6213733 1.1648593 -0.032604903 -0.49244365 0.5021371 0.28374296 0.06716919 1.200426 0.022898128 0.577632 0.13663328 0.6182 -0.100966856 -0.39592624 0.28294188 -0.3917317 -0.33594894 -0.27023518 0.46869287 0.30135608 -0.48130202 0.5104851 -0.2584677 0.37442407 -0.30376735 -0.018459413 -0.15656345 0.02970412 0.39905265 0.28231558 -0.0831735 0.55902666 -0.22160855 0.6360603 -0.18280734 -0.14830734 0.5985153 -0.17251012 -0.15729013
bread 0.097730316 0.7758481 0.7447084 0.24652916 -0.96835536 -0.63991344 0.73070276 -0.05315356 -0.014106887 -0.12370658 0.26035106 -0.23641592 -0.31589493 0.11676083 -0.3005935 -0.16966893 0.20357604 -0.14046797 -0.096934125 0.035767477 -0.6674254 0.22436616 0.17008235 0.49784297 -0.004433889 0.15266259 0.13013642 0.07403707 -0.8599388 -1.0442643 0.08587461 -0.2780069 0.53486806 -0.33278558 -0.16173251 -0.42855677 -0.092409074 -0.53555536 0.10372447 0.1987268 0.83804893 -0.03884359 0.16067031 0.020167423 -0.20530419 -0.51543134 -0.56163037 0.03088686 0.04223272 0.2771306 0.028296107 -0.8648288 -0.08226972 0.45344618 -0.29255173 -0.6340669 -0.0731548 -0.34257242 -0.20289108 -0.44961676 0.14892143 0.5178928 -0.17667943 -0.012582718 0.81720614 -0.9760485 -0.040984165 -0.17865741 0.13217947 0.047179654 0.06317172 0.22976156 0.07290003 0.57323706 -0.39746675 -0.48930848 0.55883825 -0.49242538 0.032688133 -0.6752492 -0.1937527 -0.42337614 0.20209168 0.8119111 -0.261513 -0.3827536 1.0675756 0.5305707 0.68621534 0.3099651 0.33225423 0.24727087 -0.65063393 -0.94771874 0.0048001963 0.89079934 -0.33215395 0.28639042 1.0900711 -0.516786 -0.51829344 -0.35653278 -0.44795507 -0.31684655 0.6705377 -0.47245765 -0.5216068 -0.050790664 -0.090283625 -0.5373761 -0.39044937 -0.18878016 -0.9678181 0.13172238 -0.81130445 0.27248183 0.4060468 0.4288453 1.3973975 -1.0646846 0.04309719 -0.4225843 1.2001388 0.0673223 0.4537369 0.43416566 -0.65712196 -0.11847648 -0.82118297 0.09699332 0.38742888 0.18410924 0.43227786 -0.5325663 1.2007636 -0.3359644 0.47766724 -0.23086756 -0.002072709 0.4331362 0.2306237 -0.42645824 -0.16063127 -0.047862038 -0.36929414 -0.46169093 -0.0692951 0.3267455 0.31623182 -0.8867442 0.7283638 0.3686482 -0.061727654 -0.11884834 -0.44047675 -0.48743686 -1.1084119 -0.6546949 -0.3011226 0.10480937 0.10059457 -0.8494384 0.48621726 0.007729565 0.6708149 -0.15737312 0.21801466 0.5681621 0.120382555 0.1391652 -0.38903198 0.38785547 -0.15580736 0.5182261 0.25316557 -0.05314859 -0.8837034 -0.84365165 0.6478784 0.5302194 0.24093752 0.5410793 -0.62533414 0.20601498 -0.11251629 0.5242315 1.3563199 0.5759391 0.31914964 -0.8716223 0.73759735 -0.0039196787 -0.69706154 0.25867796 0.33825552 -0.81061894 0.052671794 -0.5668474 0.2515451 0.35798538 -0.34635755 -0.16403165 -0.5833622 0.06502134 0.006536579 -0.8267757 -0.39468113 0.34540164 -0.40250883 -0.19841534 -0.5932132 0.02464827 -0.18356064 -0.8385963 0.039507814 -1.1523001 0.05633851 -0.59650856 -0.32791555 -0.8921219 -0.042699575 -0.10118254 0.2067868 -0.31396225 0.61969084 -0.6092551 -0.017368898 1.044048 -0.59943724 0.2775738 -0.23186742 -0.19035956 -0.5759927 -0.42145553 0.15923317 0.5609516 0.61712813 -0.29538062 0.48368743 -0.16213048 0.08206432 -0.7700073 -0.1686227 0.63900054 0.47417018 -0.0019525966 0.23298277 -0.4655188 -0.28074792 0.28436092 0.32290825 -0.4377273 0.77106535 0.141474 -0.23440835 -0.76363915 0.29918045 0.0047753695 0.3795514 -0.065281264 0.11612974 -0.22504282 0.1652073 0.38175797 -0.47468108 0.31453672 0.12173497 0.14206336 0.46674725 -0.47384685 0.30411714 0.23091039 0.5601016 0.5274899 -0.75014895 0.3452843 -0.9640674 -0.3266704 0.5422153 0.47733623 -0.031098112 -0.2984604 0.7092206 -0.4605019 0.4845022 -0.29700956 0.09908346 -0.16052559 0.75251275 0.30599046 0.5815423 0.36473835 -0.035156682 -0.204076 0.47157547 0.09891171 -0.5098837 0.19289628 0.33702117 -0.56035465
cologne 0.09681353 0.19925508 0.00059408916 -0.4219304 -0.34925127 0.39372602 -0.69912964 0.08566138 0.4754459 -0.5065112 0.18388043 0.10585472 -0.29076704 -0.17101794 -1.1520786 -0.56924933 0.3465929 -0.17440167 0.5196848 -0.50915194 -0.6167944 -0.37313986 0.13460375 0.61132014 -0.20067434 0.37919074 -0.8971683 0.2402967 0.15672468 0.21408536 -0.2320591 -0.57146585 0.17849697 -0.20911464 -0.5566281 -0.246959 -0.4432571 -0.84326917 0.3452776 0.28793332 0.009477317 0.48577273 0.6177956 -0.5970906 0.7963066 -0.15341432 -0.5807142 0.08307759 0.25094467 0.4367915 0.2277882 0.27523348 -0.017509446 0.82043093 0.23046882 -0.07161391 -0.32723147 -0.22678882 -0.24724177 -0.3012308 0.13099878 -0.43716705 0.23116517 0.5241095 -0.29009622 0.17900306 0.45879385 -0.19773334 -0.68372214 1.0941865 -0.10550154 0.014089551 0.48715135 -0.13952078 0.82315826 0.5872731 -0.31106448 -0.08457308 -0.011514822 0.1366796 -0.88543814 -0.5086105 -1.2592618 1.391806 -0.05715566 -0.28749752 0.7386725 -1.0226951 0.14235789 -0.43673995 -0.66163164 -0.63944244 -0.5496824 -0.54403436 0.040895026 -0.21045654 -0.30972642 0.0010101392 -0.5360803 -0.1759345 -0.20532751 0.52977794 -0.305559 0.3264753 0.83599037 -0.28837976 -1.181923 -0.19267389 -0.010927555 -0.02851809 0.21523938 -0.36412132 -1.0069349 -0.475475 0.600157 -0.14639686 0.07205582 0.46762192 0.10490043 -0.15802743 -0.2232815 0.34927082 0.38117048 0.26100022 -0.17975786 -0.30397803 -0.74659455 0.3051395 0.271777 -0.5184372 -0.2114512 -0.0367023 0.28926405 -0.31613997 0.0610042 0.36164996 -0.45595145 -0.16367085 -0.15898708 -0.47006017 0.5852142 -0.08213612 -0.41722277 0.5304139 -0.07560931 -0.0933678 -0.8031431 -0.85966015 0.054782894 -0.7532299 0.12889332 -1.2900506 0.03185047 -0.007284847 0.51957476 0.6868738 0.038630765 -0.51628625 -0.24434432 1.2043495 0.31844226 0.40976182 -0.9619268 1.0329663 0.3492526 0.09976537 -0.039927762 0.2824717 -0.3650537 1.9064265 0.08521671 -0.07024091 0.22796556 1.0755088 0.47877336 -0.39927417 -0.41334197 -0.16572417 0.69695866 -0.83196175 -0.52778417 -0.035678025 -0.6316573 -0.4042803 0.15698017 0.5341554 0.89377517 -0.0005305828 0.45748484 0.12877446 0.715859 -0.33740193 -0.07374386 0.2216854 -0.1047525 0.34302893 -0.6506807 -0.20115942 -0.99367255 -0.11138742 0.25288177 0.56242716 0.5803104 -0.5984435 0.48071423 -0.046351124 0.7044853 0.10245258 -0.09888043 -0.56975096 0.32377943 -0.7865318 0.076940194 -0.5782793 0.108127356 0.10501512 -0.022691555 -0.24074058 0.38473475 -0.121975936 -0.14635175 -0.04899916 0.032199934 0.03723153 0.16943185 0.5119386 -0.066972345 -0.14857993 -0.048254956 -0.20672117 -0.17504223 -0.0048198383 -0.46301904 0.49677336 -0.012420321 -0.09335852 0.17797585 -0.41746178 0.79748166 -0.4817406 0.35125214 0.007090667 0.11935867 -0.4717583 0.5077036 0.27409226 0.52478725 -0.7469466 0.13097622 0.063142866 0.6284434 -0.5526972 -0.5884895 -0.4140766 0.28337374 -1.0288316 0.5376368 -0.020970836 -0.35770482 0.016150838 0.51495135 -1.4545408 0.7506882 0.17901531 -0.030074907 0.17156066 -0.42933932 -0.00562713 0.75159115 0.33251798 0.61944014 -0.96798134 0.40407562 0.19044927 0.033584997 -0.10302294 -0.437456 0.54834723 -0.4880131 0.35745284 0.5216423 -0.3863161 0.761925 -0.9992505 0.5591271 0.2542348 0.50641334 0.1507287 -0.6552087 -0.3782536 0.20389083 -0.3966861 -0.44547215 0.51906085 0.53868717 -0.49582338 -0.5291162 0.36010706 -1.0696932 -0.5744796
lavender -0.1652894 1.0881495 0.0715275 0.39582247 -0.6032996 -0.5388409 0.1830868 0.8074091 0.7537452 -0.64446706 0.5794812 -0.8602403 -0.19500232 -0.082390286 -0.9892852 -0.257481 0.90361375 -0.043213595 -0.23109703 -0.3513693 -0.88331795 0.2639948 0.30779392 0.73994136 0.36852938 0.2991018 -0.6657533 0.013740796 -0.13937199 -0.07603769 -0.06886137 -0.3399028 0.22198583 -0.24862428 -0.14875731 -0.08551431 -0.25302407 -0.7696748 0.1713267 0.6492059 0.38416907 0.69355756 0.22737621 -0.5962426 0.5974092 0.01068287 0.04923359 0.42449886 0.35280675 0.79193485 0.08301771 -0.38497263 -0.52429104 0.6069282 -0.2577232 -0.6880599 -0.5423218 -0.42910567 -0.48580435 0.02196478 0.026618458 0.33247367 0.16495797 -0.0147259915 0.4648828 -0.41346988 -0.013429767 -0.4843655 0.254559 0.04213072 -0.071338736 0.1531659 0.5858602 0.6404745 -0.088271946 0.021213394 0.19709837 -0.08112914 0.13736825 -0.2692122 -0.42492482 -0.09561138 0.13731003 0.48938736 -0.17658386 -0.536401 0.7605664 -0.1465255 0.06270776 -0.31981605 -0.29955778 -0.29995388 -0.17087461 0.068336286 0.86024845 -0.054666612 0.18734257 -0.46585372 -0.11757334 0.45176637 -0.593598 0.89768255 0.2558522 0.30861467 0.52273303 -0.5632802 -1.0924686 -0.138292 -0.40984654 -0.4150411 -0.20147029 -0.25959548 -1.6895018 -0.46157658 0.056854293 0.017974138 0.6066019 0.5176781 0.19220044 -0.31925312 -0.1400937 -0.27023703 0.32835028 0.022024881 0.047105484 0.094675526 -0.62780434 0.38036695 -0.4014702 0.1420929 -0.3621065 0.2554066 0.10067144 -0.3765407 0.51847446 -0.095487006 -0.13684852 -0.54472184 0.2955068 0.05762793 0.7144081 -0.8174618 -0.00142115 0.58060503 -0.4728032 -0.527476 -0.83758473 -0.3054722 0.6155812 -1.3320354 1.1866466 -0.9040399 0.1426175 -0.4482957 0.0576178 0.24364513 -0.30080605 -0.6564672 -0.30208728 0.7329406 -0.17571169 0.18157557 -0.3984113 0.7143608 0.39891958 -0.467126 0.15223056 0.36848912 -0.025646951 0.9141375 -0.30450743 0.009909837 0.1091816 0.9121988 0.49343932 0.36774516 -0.9854602 -0.43265015 0.44624734 -0.7845124 -0.23570426 0.7212831 0.48723432 0.20437092 0.19426957 0.037275482 0.40123627 0.039946362 0.5211889 -0.0627017 0.24632034 -0.24825583 -0.65299684 -0.04123064 0.0051860204 -0.19349533 -0.031094654 -0.47752032 -0.042432122 -0.1901234 -0.48037478 0.44115794 -0.12113646 -0.64987147 -0.13782361 -0.15841338 0.21910398 0.34589043 -0.13687506 -0.72453624 0.29564968 -0.67565227 -0.05294135 -0.60993683 0.42671826 -0.111223936 -0.19106986 -0.6340106 0.2144259 -0.47538564 -0.26788786 -0.55905676 0.54323 -0.38291544 0.33411556 -0.0022410052 0.23591435 -0.008005508 -0.4283985 0.0064344797 -0.01665833 -0.52638733 -0.56315917 0.6010475 -0.21913838 0.49714392 0.47920144 -0.49007028 0.6430392 -0.3397063 -0.2906258 -0.49224296 -0.11877719 -0.5724343 0.26211038 0.6419782 0.5569209 -0.46274945 -0.3226255 0.26835147 0.37908772 -0.5194224 -0.11673571 -0.33572924 -0.68656814 -0.6013766 0.10866688 -0.09816989 0.37490404 -0.22908254 0.6606425 -0.95689416 0.42937335 0.8989847 0.5300151 -0.25476775 -0.006844794 -0.31907108 0.30789027 0.06122844 0.5494208 0.066941366 0.8449445 0.062837414 -0.046872362 0.8040613 -0.769188 0.2142234 0.11843311 0.18458492 0.68580216 -0.42513084 1.0359437 -0.58543205 0.7296028 0.33096123 0.22697389 -0.54210395 -0.011125779 -0.24542435 0.2574363 -0.6407491 -0.30481988 -0.7177196 0.07938084 -0.17007193 -0.44735354 -0.17474535 -0.30314648 -0.5278637
garlic -0.19979599 0.8188953 0.4412578 -0.15920831 -0.23122503 -0.34308058 0.34485412 -0.01759333 0.29323763 -0.13768825 0.21650524 -0.49327168 0.24467833 -0.3224857 -0.2940326 0.08986949 0.6941571 -0.37259135 0.18105435 -0.38729858 -0.35567486 0.22042252 0.10020907 0.6727417 -0.10574895 0.2360153 0.063264556 0.54768556 -0.17783892 -0.29143813 -0.25731286 0.057813514 -0.039679855 0.03926674 -0.17334934 -0.541547 -0.55144185 -0.07198154 0.18926588 0.3304819 0.5579066 0.22738026 0.24417114 0.027985713 0.046151716 -0.40185574 -0.22732791 -0.29280558 -0.18823577 0.5059214 0.29330185 -0.5851231 -0.2564114 0.22194134 -0.35459605 -0.59496945 -0.09343108 -0.31573075 -0.25632834 -0.41473556 0.2575346 0.4760685 0.37948337 -0.032571252 0.591217 -0.9823462 -0.543985 0.17459902 0.0045179096 0.22710632 0.14161664 0.655245 0.16411085 0.23094271 -0.44700658 -0.26459527 0.13974169 -0.48783687 -0.19742112 -0.487056 -0.14036763 -0.33381733 0.12638284 0.4553216 -0.15126073 -0.40905938 0.592231 -0.2111684 -0.20238194 -0.11393789 0.10402502 -0.12401262 -0.7315103 0.13847707 0.47751427 -0.100861244 -0.4723744 0.18350841 0.43081552 -0.4134147 -0.2156951 -0.11712713 -0.39158502 -0.40054458 -0.007199935 -0.41467634 -0.42507848 0.003997567 -0.36369735 -0.6880676 -0.41377857 -0.38644993 -1.1174783 -0.5609206 -0.18987076 0.3860991 0.39047778 -0.038422413 0.45766428 -0.49378452 0.23543565 -0.36777404 0.46983755 -0.34572592 0.18219227 -0.039331373 -0.19890872 0.202393 -0.25574523 0.60836715 0.047134776 0.5141377 0.34458697 -0.35215905 0.7300782 0.36250502 0.27021092 -0.1575643 -0.5329684 0.19053258 0.28020507 -0.53390443 -0.109391265 0.15500177 0.21696624 -0.6393372 -0.29920694 -0.083772235 0.58913577 -0.9103884 0.2881747 -0.7844879 0.05360828 -0.3506606 -0.54856575 -0.3564996 -0.90543884 -0.7896896 -0.53954524 0.38283974 0.16206567 -0.5937456 0.56247354 0.6139109 0.47972366 -0.23259169 0.076011255 0.9492043 0.1748103 0.43319672 -0.64886224 -0.011459307 -0.28915128 0.7008848 0.47159258 0.4173058 -0.2543166 -0.6684399 0.7125088 -0.110806175 0.15948555 0.06268011 -0.46266282 0.048694123 0.023791851 0.03234022 0.86895865 0.48345637 0.18043788 -0.15536778 0.4188165 0.28806895 -0.61372817 0.092420414 0.5914983 0.032980565 0.25048783 -0.4544101 -0.07247868 -0.09777684 -0.27254313 0.13025528 -0.26115516 -0.08943796 0.16879186 -0.9090947 -0.010019634 0.33240378 -0.1544317 -0.030170016 0.36353534 -0.009869437 -0.3864706 -0.37398204 -0.28858358 -0.6893723 -0.23916145 -0.731482 -0.6723033 -0.5966007 0.24852055 -0.08205936 -0.08392674 -0.4073221 0.34510127 -0.25252545 0.18077202 0.31460974 -0.80987394 0.27905652 0.66557467 -0.69138974 -0.46072903 0.30223215 -0.6192013 0.49770933 0.23840512 0.32754964 0.82757217 -1.0794386 -0.12647578 -0.37182266 -0.31033912 0.7973287 0.66691846 -0.083695084 0.5148622 -0.5607847 -0.35436082 -0.2578894 0.18076068 -0.5702192 0.68322897 -0.21463653 -0.71055704 -0.9238079 -0.5820675 -0.12461985 0.5026569 0.12051663 0.43996418 -0.4990275 0.90473324 0.13970172 -0.15138994 -0.21202046 -0.2403569 0.35462973 0.24049118 -0.23623422 -0.07636009 0.5888875 0.8517303 0.50757974 0.237906 0.014353136 -0.25287357 -0.5391697 -0.19210735 -0.28050238 0.02191231 -0.4819648 0.5100255 -0.84802526 0.3084372 0.16207007 0.79205894 -0.83286476 -0.040738363 -0.44361082 0.18702333 0.21051164 0.42299476 -0.37996003 0.4213305 0.35089388 -0.5388459 0.393471 -0.80673575 -0.36727428
leather -0.23201202 0.9640596 0.0061882613 0.37698713 -0.0028260574 -0.65899944 0.66491264 0.5933241 0.24292797 -0.40310958 -0.05787619 -0.65323204 -0.29991356 0.069323674 -0.68514365 -0.108710706 0.17351165 -0.48833075 0.5250486 -0.4415652 -0.58191204 0.030334884 -0.012977823 0.2353889 -0.35717535 0.18238904 -0.4368037 0.23473494 0.22540945 -0.06513115 -0.47713158 -0.7695021 -0.25327325 0.18622239 -0.56214577 -0.30685812 -0.3278096 -0.7547383 0.15239787 0.3983341 0.11698577 0.17348143 0.21523952 -0.3883022 0.03447937 -0.2978315 -0.24978405 -0.34572074 0.12958395 0.29010886 -0.27147993 0.009353439 -0.14577971 0.7410605 0.3171767 -0.36049202 -0.19818561 -0.12209141 -0.27528295 0.25277817 0.2586457 0.050306525 0.35694396 -0.07287347 0.70785964 -0.8048517 0.12666988 -0.15306893 0.22082008 0.47370875 0.40533918 0.094908774 0.082133904 0.60283154 0.21299256 0.067818426 -0.30475515 -0.23074628 0.24044222 -0.15793666 -0.91924983 -0.067219116 -0.6530508 0.28951946 -0.14946127 -0.46837595 1.1933886 -0.54069704 0.5045134 -0.1499504 -1.1984658 -0.012964763 -0.29506236 -0.6481823 -0.3187514 -0.84165394 -0.21682926 -0.09316636 0.28114197 0.013860181 0.0806568 -0.0874809 -0.07997144 0.1167563 0.68927747 0.0083656665 -0.6082438 -0.30989477 0.2280392 -0.24072437 -0.5162712 -0.40437615 -0.5854626 0.19531709 0.46361294 0.11089013 -0.62870485 0.42139316 -0.080913335 0.3152676 0.11883232 0.025240405 0.096293904 0.21271458 -0.21797737 -0.36318114 -0.4616547 0.4763687 -0.23390573 -0.27299532 0.30013213 -0.5399822 0.47223046 -0.3429256 0.81675035 -0.5323971 -0.034899272 -0.24350202 0.2055716 -0.33349764 0.4173975 -0.33618838 -0.5050714 0.7433486 -0.16765983 0.28370792 -0.718601 0.063763924 -0.020289138 -0.66664225 0.51028115 -0.59154505 -0.08679437 0.30994087 0.4692925 0.54218614 -0.26029164 -0.47220483 -0.71901006 0.42495844 0.06073002 0.52431655 -0.5219885 1.2376572 0.05141449 0.73086506 0.050165135 0.05045917 -0.02171552 1.7302284 -0.0951945 -0.13551417 -0.066505164 0.6260002 0.31552282 -0.6801681 -0.42502356 -0.22605394 0.55943817 -0.38730082 -0.13941358 0.48986322 -0.29629278 -0.28476596 -0.7075562 0.5964106 1.437224 0.36058402 1.2535148 -0.5624994 0.47758892 -0.032204293 -0.5458432 0.44692755 -0.67624354 -0.575401 -0.05356486 -0.5929869 -0.56112283 0.23111874 0.39687884 0.69362915 -0.00514573 -0.7260543 0.14371234 0.013314991 0.6132421 0.28765848 0.5660982 -0.47372335 0.27889726 -0.28238702 0.06744699 0.030032648 0.42721814 -0.29092273 -0.14674257 0.097546 -0.005472978 -0.9135778 -0.15402965 -0.097233765 0.16215047 0.022753656 0.5221788 0.31198788 -0.2379403 -0.11109598 -0.309397 0.44274437 0.34615332 -0.2253311 0.020516839 -0.40333167 0.5229071 0.2002183 -0.11801145 -0.08034437 0.5561785 0.11768251 0.761773 0.042751055 0.37946314 -0.055748716 -0.16889563 0.46739474 0.21852876 -0.24020067 -0.14836857 0.1367091 0.65036595 -0.4082328 -0.27729565 -0.29214963 -0.7198098 -0.78623754 1.3052617 0.23989658 -0.9692815 0.00059851666 0.5115348 -0.8756171 0.16694507 0.03960395 -0.53580743 0.89201266 -0.16089775 -0.10821008 0.14235066 -0.09451917 0.26873368 -0.25832194 0.63035303 0.41051385 0.16898894 0.1277849 -0.2066 0.50368017 -0.2990594 0.33912376 0.1507682 0.48122033 -0.094840854 -0.36904508 0.40222013 0.14197484 0.27739346 0.2289889 0.4160811 0.121126875 0.5935582 0.05311046 -0.33444205 -0.14950857 0.33981174 0.4901336 -0.13947733 -0.25282457 -0.17747882 -0.37557232
paint -0.35176378 0.3362437 -0.50100553 0.6814837 0.11736949 -0.5322538 0.6759018 0.5225063 -0.11541736 -0.22312978 -0.29915038 -0.80511105 -0.6687884 -0.21474536 -0.32583967 -0.070497505 0.24771443 -0.47484854 0.13792166 -0.4673664 -0.1347831 0.16449636 -0.4340845 0.46959564 0.08700247 0.22795525 -0.62032104 -0.020243498 0.51570827 -0.5096187 -0.28625068 -0.45962024 -0.4575146 0.36536258 0.061816137 -0.32041073 -0.06784912 -0.58256775 0.06112043 0.26577377 0.19292337 -0.02049102 0.025975555 -0.17360549 -0.10612959 -0.012324295 0.095542416 -0.17380948 0.6923571 0.590125 0.055934772 -0.01591981 -0.11399004 0.10607206 0.11129509 0.01960018 -0.14634314 0.10938045 -0.25851676 0.1901282 -0.23830311 -0.31374496 -0.09043344 -0.65280044 0.4329981 -0.8758032 -0.726746 0.16712677 0.8610205 0.24287254 0.14020418 0.21646792 0.16101533 0.28107092 -0.046140354 0.13662235 0.18411471 -0.03406823 -0.36670294 -0.54010385 -0.625332 -0.025155175 0.047579158 0.13506807 0.031605203 -0.513387 0.58802897 -0.2681522 -0.20313956 0.12023014 -0.8990644 0.13989325 -0.031359386 -0.20574039 0.35205755 -0.38010344 -0.579588 0.00408185 0.13125671 0.27873 0.105001345 0.19580674 0.49838367 -0.18929125 0.32044065 -0.06898499 -0.116333604 -0.17668924 -0.16438945 -0.82789373 0.018730307 -0.4099471 -0.3359628 0.0360692 0.36749256 0.30232665 -0.079701506 -0.07644009 0.044354245 0.4657134 0.043294273 -0.17392327 -0.075186536 0.095505044 -0.1905559 -0.28274035 0.22887005 0.609611 -0.35534716 -0.21425238 0.16138649 -0.90327615 0.19711699 0.16080633 0.14262815 -0.9755322 0.5684411 -0.2018327 0.75407803 0.3908624 0.037900735 -0.24847555 0.28959653 0.23245104 -0.013649831 -0.12045093 -0.52335274 -0.110080875 0.4156512 -0.30056736 0.11894992 -0.5528534 -0.7550089 -0.020584647 0.07586289 0.021906815 -0.25814408 -0.46521294 -0.49373248 0.09482296 0.005506986 0.22748661 -0.18603157 0.8966963 -0.1487244 0.1318121 -0.29293796 0.22593199 0.110728815 0.77077806 -0.40867743 0.21483517 -0.023736227 0.05217389 0.03454726 0.008434334 -0.021173501 -0.5423079 0.19603106 0.0041478905 0.09204974 0.5498098 -0.2565186 -0.23868817 -0.31536806 0.66144645 0.8420526 0.6156289 0.64716303 -0.3938053 -0.46660432 0.24073389 -0.63068753 0.041217584 -0.3439744 -0.35030398 0.28635716 -0.40828916 -0.18656683 0.3158593 -0.16378629 0.650184 -0.35486683 -0.639241 -0.34111533 -0.22020778 0.50277466 0.1035583 0.30101502 -0.19370903 0.41700295 0.18091469 0.24689421 0.1858601 0.24426123 0.13340443 0.42270324 0.6766529 0.05127334 -0.74876064 0.05853806 -0.19905871 0.48179907 0.21224038 0.32804343 -0.06374229 0.026527304 0.0739533 -0.35473236 0.6720767 0.48285022 -0.5889764 -0.21770424 -0.45807472 0.11901649 0.21326284 -0.3035182 0.07634663 0.12509008 -0.16895743 0.6595129 -0.43224815 -0.23858804 0.11899534 -0.42990315 0.13096263 0.49845797 -0.36815402 -0.5659332 0.17229241 0.7005021 -0.3946833 0.20943399 -0.24713257 -0.833387 -0.119547814 0.785287 0.3631054 -0.82667744 0.17456408 -0.004238331 -0.49242228 -0.420043 0.19461231 -0.4047443 0.7859916 0.17044362 -0.08149309 -0.022666035 -0.20099612 -0.26693746 0.15397385 0.5798262 0.54333115 0.36213124 0.47642672 0.15251824 0.73966146 -0.06568643 0.041705992 0.3753989 0.78795177 0.015669413 -0.33495438 0.10746418 -0.37295783 -0.47785744 0.05495497 0.3553508 -0.10289632 0.48757687 0.016037254 -0.2708497 -0.8298668 0.109704554 0.44964403 -0.44807002 -0.16828522 0.0043327124 -0.01583395
apple 0.06287531 1.1392825 -0.09109874 0.60868347 -0.33747298 -0.91779226 1.2173047 0.55761266 0.20528364 -0.72363544 0.5486165 -0.7107516 -0.51902366 -0.2151771 -1.0024248 -0.02440154 0.48617724 -0.33801663 -0.0465278 -0.3749632 -0.30533618 0.4489064 0.4028971 1.0796964 0.3295692 -0.013635879 -0.4401907 0.38486072 -0.68297344 -0.44578117 0.42273167 -0.42501783 -0.06974057 0.05850096 -0.5343394 -0.19561113 0.02576164 -0.6640873 -0.008633539 0.17688306 0.29945138 0.5614161 0.56131464 -0.22657163 0.40337342 -0.26661706 -0.06736724 0.029565683 -0.1649217 0.46128073 -0.22435737 -0.6735535 -0.62323445 0.45037222 -0.11389166 -0.5989748 0.016403746 -0.4631648 -0.84237057 -0.042684242 -0.010609055 0.5161959 -0.11702928 -0.043905724 0.2185993 -0.35131362 -0.17492637 -0.24188891 0.44699615 0.47716096 -0.29717264 -0.08074948 -0.14113057 0.5072058 -0.07882325 0.15798211 0.20948721 0.03779431 0.2265062 -0.79088837 -0.41577172 -0.19209392 0.009884831 0.72355014 0.16996752 -0.055028077 0.6276875 0.16822219 0.43703762 0.26841366 -0.10876923 0.23159482 -0.31993008 -0.22375311 0.4744975 0.20663978 -0.28114006 0.06520069 0.38030148 -0.28458968 -0.24345775 0.1617778 0.08423844 -0.07798005 0.31258738 -0.44644228 -0.52060664 -0.40488642 0.25083143 0.089392245 -0.026901517 -0.2620898 -0.6889828 -0.3267797 -0.026086269 0.123328924 0.49863657 0.37931722 0.50615597 -0.32554147 -0.26257184 0.1538826 0.3346401 -0.20363599 0.36559075 0.2152181 -0.47540203 0.15072608 -0.6050852 0.9892877 0.03112687 -0.0014486625 0.27072424 -0.32821435 0.24537763 0.16532695 0.13354671 -0.56787026 -0.07462108 0.15141311 0.028095815 -0.7147334 -0.36459237 -0.092416205 -0.022120798 -0.5056212 -0.5239638 -0.25615773 0.057361096 -0.6008365 0.34012797 -0.44137794 -0.009042618 -0.063152835 -0.4995485 0.4964609 -0.37781227 -0.26429942 -0.26392266 0.056132134 -0.06744999 0.13894755 0.34516767 0.050527398 0.500627 -0.3842798 -0.17060792 0.48467076 0.08251398 0.3177492 -0.25097612 -0.086740695 0.15996227 0.782953 0.078889646 0.5594081 -0.35874754 -0.5980916 0.41172454 -0.19341235 -0.10755327 0.30038404 -0.2800623 0.20785628 -0.030328596 0.34384763 0.5277725 0.23051769 0.29533705 -0.56439966 0.1349222 -0.12877704 -0.65810585 -0.4026593 -0.06601504 -0.17455304 0.0024189965 -0.79460675 -0.09136042 -0.22943163 -0.5304642 -0.08738552 0.037136465 -0.22870556 -0.03430814 -0.20561026 -0.29122895 0.37693936 -0.4173478 -0.053759433 0.083871625 -0.3664197 -0.028403856 -0.52924937 0.5943306 -0.58196795 -0.22908422 -0.71828157 -0.573957 -0.2836763 0.11912738 -0.06516699 0.7390877 -0.7333524 0.3707493 0.020068318 0.7209108 0.7733635 -0.044107817 0.09154331 0.00139183 -0.13451749 -0.5441213 0.3788834 0.05470245 0.18324827 0.5068098 -0.13198918 0.27357605 -0.023827557 0.15516232 -0.31257832 -0.45875162 -0.050664477 0.2045127 0.021969566 0.84845954 -0.69622636 -0.45375803 0.035887122 0.51352644 -0.57553196 0.5042887 0.057745364 -0.3851483 -0.5672091 0.07040285 -0.4649492 0.5291062 0.07228839 0.16676062 -0.43078542 0.24499251 0.9784857 0.08557303 0.23565365 0.28566277 0.06341686 0.13097616 -0.17172469 0.56784075 0.16002147 0.7889266 0.18965055 0.08646467 0.5452407 -0.47519103 -0.14824057 0.16493756 0.53212076 0.19558574 -0.5288557 0.60267967 -0.5785897 0.50500494 -0.09616835 -0.040738203 -0.33756128 0.12707382 0.14783268 0.45360908 -0.63942367 0.21353854 -0.47320986 0.30282593 -0.7140256 -0.39748403 0.1913308 -0.06466078 -0.5979673
onion -0.07917241 0.09728568 0.23710395 0.012355827 -0.52371407 -0.4474214 0.40181154 -0.32781267 -0.054883175 0.14094026 0.4483622 0.32371697 0.090833806 -0.32993615 -0.1588993 0.015603567 0.20750631 -0.45833895 -0.104801 -0.20505254 -0.043481063 0.22316378 -0.04653425 0.7017203 -0.062492203 -0.1324464 0.2864897 0.28449318 -0.31918433 -0.30297482 -0.33348706 -0.04164036 0.13958357 0.150987 -0.21418633 -0.52683717 -0.40305814 0.16036664 -0.010727067 0.6501182 0.563654 0.4869892 0.08070648 -0.06442 -0.10489416 -0.6032549 -0.29839385 -0.08636671 0.031480744 0.42221826 0.20679754 -0.43688896 -0.12507673 0.008807383 -0.3651718 -0.48151714 0.18952408 0.043065574 0.0068504345 -0.27822965 -0.030271411 0.119357504 0.090821974 -0.09911492 0.65409005 -0.93562835 -0.621005 0.11134462 0.16356766 -0.067214414 -0.020315902 0.38221592 -0.16451411 0.5584456 -0.4862548 -0.32080895 0.048125636 -0.37922794 -0.10582339 -0.43269926 -0.46103966 -0.099183366 -0.26521507 0.7110723 -0.3553448 -0.18925333 0.7735166 -0.20708393 -0.16935186 -0.06788697 -0.33487627 0.14397316 -0.6714865 -0.26996246 0.09274905 0.09655645 -0.8533286 0.33815554 0.81052667 -0.46467265 -0.36081862 -0.23154193 -0.19172823 -0.2951206 0.23284498 -0.47845402 -0.33435354 -0.064003795 -0.040366028 -0.48440754 -0.24247453 -0.4165233 -1.1258911 -0.29197228 -0.16310817 0.73431385 0.16883865 0.16085048 0.56326616 -0.7812723 0.1391033 -0.34765795 0.89833826 -0.1730132 0.23005202 0.2280578 -0.109904625 0.05780665 -0.47527474 0.38694975 0.2622044 -0.035792757 0.72014034 -0.23704529 0.6071777 -0.09282269 0.18911122 0.09518926 -0.29825532 0.09494946 0.26393214 -0.42254373 -0.211167 0.23489742 0.09679052 -0.31419447 -0.032328382 0.029452778 0.33423865 -0.6113384 0.38357997 -0.5673639 -0.2579679 -0.17511137 -0.52557373 -0.28118885 -0.8443596 -0.58780557 -0.531874 0.35108528 0.19412862 -0.70456326 0.4425371 0.4244477 0.03141104 -0.118054695 0.065844566 0.76457226 0.13334537 0.3709663 -0.44060406 0.400818 -0.57338536 0.66697943 0.5701446 0.45506626 -0.01911576 -0.46050873 0.5913349 0.08100936 0.3530802 0.22146745 -0.465881 0.040874686 -0.2468213 0.15884186 0.9321789 0.3173544 0.56038254 -0.0803472 0.44656125 0.5170776 -0.583015 0.13375902 0.2204707 -0.24056497 0.58644205 -0.44570214 0.11166572 -0.073798046 -0.33266303 -0.093120046 -0.50428516 -0.20368971 0.41748327 -1.1862389 0.2118976 0.6338458 -0.14902858 -0.09088969 -0.012871876 -0.048948728 -0.6166805 -0.6220307 0.13400538 -0.81994045 -0.48869115 -0.97562087 -0.88416684 -1.1347001 0.14362192 -0.08844926 0.1524294 -0.6000669 0.503975 -0.48376438 0.2707491 0.38730875 -1.0230707 0.5065737 0.052162305 -0.52858436 -0.20670643 -0.05619564 -0.28210855 0.676657 0.19765355 0.100501575 0.5928044 -0.73725736 0.408513 -0.8896227 -0.15389289 1.0429156 0.7629116 -0.025780588 0.5292496 -0.26003626 -0.40801448 0.164111 -0.07829602 -0.43940875 0.8053591 -0.26570517 -0.59324414 -0.84480274 0.23297049 -0.07926413 -0.033604037 -0.25567222 0.33781826 -0.545118 0.760111 -0.3209433 -0.3043925 0.30540496 0.3369897 0.82002884 0.13062517 -0.14113471 0.042158436 0.63125825 0.994268 0.6493944 0.38251758 0.096490644 -0.43641543 -0.072845146 -0.033854 -0.45596212 -0.11135016 -0.30913684 0.41064575 -0.82699835 0.13324735 -0.15123336 1.0234394 -0.7046433 0.3802403 -0.46215045 0.5230422 0.4484765 0.3067663 -0.0023724996 0.67299795 0.47744182 -0.5348232 0.28480053 -0.051960748 -0.5195987
cheese 0.41530478 0.77557576 -0.18754627 0.88298935 -0.3895519 -0.6142717 0.66183037 0.7155115 0.08936954 0.16247126 0.2914127 -0.69164616 -0.26287735 0.29063997 -0.764505 -0.35256064 0.38200483 -0.29396942 0.39826086 0.03208739 -0.110107504 0.1433388 0.39749473 0.46949458 -0.1145337 -0.22807987 0.14156191 0.17539874 -0.4724426 -0.38204804 0.032671414 -0.27453107 0.381344 0.45598212 -0.4482227 0.07077427 0.28737488 -0.35733446 0.07384526 0.35288295 0.29640162 0.5253694 -0.08600007 -0.33775213 -0.37219077 -0.5246687 -0.506432 -0.17283759 -0.17942308 0.44883606 0.26824176 -0.34065384 -0.26231143 0.15590364 -0.056156624 -0.3640313 0.3547068 -0.59297043 -0.04188989 -0.46314687 -0.24835801 0.7167222 0.3659944 -0.048162412 0.6833001 -0.9775494 -0.7639884 0.36129847 -0.2789951 0.51845425 0.06841983 0.43557936 -0.43806544 0.4132825 -0.19991787 -0.0895525 -0.23431467 -0.30036634 -0.06992366 -0.4255512 -0.62807924 -0.21646369 -0.26358768 0.13373546 -0.64304876 -0.3059317 0.7867269 -0.28475285 0.25159085 0.59586024 0.036372542 0.1495745 -0.5451862 -0.7527722 0.13666221 0.111312784 -0.8671486 0.4807415 0.6591314 -0.7026715 -0.5665117 -0.23014052 0.14551225 -0.34969676 0.4136742 -0.6544153 -0.47579387 0.18963866 0.006062894 -0.96010655 0.11794715 -0.76814294 -1.2150928 -0.18081622 -0.51583916 1.1618075 0.2568094 0.08372334 1.150308 -0.5096481 -0.364798 -0.34681997 0.81184494 0.006211409 -0.24950923 0.4892874 -0.013096628 -0.07959413 -0.7653768 0.40661302 0.47383267 0.37424546 0.4444534 -0.82372767 0.85793453 0.26941654 0.3767456 -0.18341772 -0.48131084 0.38976237 0.21799284 -1.1622583 -0.95716393 0.10479338 0.054041624 -0.9903394 -0.43772563 -0.2668095 0.2315573 -1.1166528 0.33424887 -0.83093935 0.020090615 0.27590558 -0.02546068 0.055902604 -0.8060679 -0.5414807 -0.019180683 0.21277244 -0.45120147 -0.46365875 0.37227568 0.39221826 0.36891106 -0.19639651 -0.19033094 0.8209557 0.38156372 1.4214429 -0.4519396 0.1203781 -0.033451453 0.83686286 0.11789567 0.6170335 -0.13528973 -0.8755648 0.5869163 0.21522245 -0.20118429 0.15936932 -0.8676557 -0.22406447 -0.44803733 0.80776125 1.3710364 0.6616185 0.6488791 -1.1938695 0.32619262 0.07279332 -1.2702979 0.33621183 -0.27570233 -0.290336 -0.124799505 -0.9362223 -0.047146346 0.784863 -0.6381011 -0.065585434 -0.13941161 -0.25620586 -0.032774374 -0.64448994 0.34763896 0.25290048 0.2466708 -0.3416914 0.08340615 -0.26830152 -0.13619001 -0.5470998 0.2869867 -0.8206119 0.13895443 -0.37184212 -0.23698232 -0.16027369 0.37576506 0.16582516 -0.43339258 -0.491044 0.751583 0.29908141 -0.11043892 0.27403483 -0.24190712 -0.024023475 -0.030101914 -0.014502496 -0.7209475 -0.31741878 -0.02301493 0.4616141 0.102793396 -0.6768707 0.17198074 0.20818079 -0.2000471 -0.25582424 0.30279645 0.18370679 -0.10529027 0.1409262 0.4272152 -0.43583128 -0.366532 -0.46379247 0.22218858 -0.52785116 0.36944565 0.13766782 -0.41090596 -0.52926105 0.38827887 0.068960324 -0.12589642 0.06252168 -0.26922378 -0.13897906 0.6271558 0.12362922 -0.5540483 0.8128641 0.18417852 0.192405 0.79449797 -0.21347484 0.3637749 0.31984198 0.64846104 0.6573075 -0.26770273 -0.063284755 -0.5196714 -0.29806715 0.17575257 0.15839799 -0.31998634 -0.025231505 0.6387695 -1.0964186 0.23569643 0.015322401 0.50491667 -0.49871954 0.45606896 0.027287027 0.56679755 0.14951299 0.29174557 -0.49085683 0.6900578 0.12307768 -0.074321546 0.65991104 -0.04777648 0.015213664
incense -0.07500135 0.72533417 0.19448988 -0.3336653 -0.39160994 -0.33843166 0.3488107 0.11173423 0.26374936 -0.7773936 0.48893225 -0.12178812 -0.13250773 0.149304 -0.64601046 -0.529121 0.61790735 -0.45580634 -0.13357237 -0.33671555 -0.80241585 -0.35868946 0.13878857 1.1887503 0.018255627 0.2290016 -0.4775251 0.41388395 -0.1959516 -0.36898145 0.07400512 -0.6496642 0.17582479 -0.4220083 -0.41081393 0.099750035 -0.385388 -0.6912861 -0.39145046 0.5634501 0.47386897 0.5277066 0.20430689 -0.3314975 0.012091566 -0.10752986 -0.08673919 0.15487893 0.16115324 0.82149637 0.36269704 -0.2457799 -0.2053794 0.175152 -0.041549638 -0.44325557 0.016139425 -0.23328274 -0.04554376 0.041060656 -0.038193237 0.21144906 0.4976841 -0.45507824 0.28694448 -0.5811371 0.2086253 -0.36970496 0.4427939 -0.15277007 0.14273624 -0.20791529 0.36336905 0.9503452 -0.08537187 -0.12403952 -0.14143498 -0.08485192 0.14879295 -0.23688051 -0.41343203 -0.03284607 0.018749502 0.41695997 -0.053576693 -0.31417075 1.0023412 -0.3033597 0.5393952 -0.81998813 -0.8145944 -0.23057272 0.11977853 -0.05491445 -0.075070895 -0.09037164 -0.288515 -0.21885775 0.12771773 -0.08106064 -0.03453741 0.7715911 -0.56744343 0.2555553 0.6906785 -0.0015359493 -0.5403434 -0.5272973 0.043121904 -0.1919903 0.15321861 -0.18007793 -0.8745121 -0.13041733 -0.02708391 0.31630796 0.6181634 0.27597678 0.06502616 -0.15135422 0.37687474 0.052709315 -0.10666177 0.346178 0.24341674 -0.16347478 -0.4310744 0.39690742 -0.38590568 -0.33253533 -0.027088255 -0.30857816 0.3271633 -0.23655312 0.46841604 -0.61001694 0.28174934 -0.30552843 0.7335353 0.40737307 0.07006321 0.033705287 -0.054409876 0.1046973 -0.4819163 -0.09361162 0.1456 0.08365632 -0.050718002 -0.45353508 0.27117229 -0.2613299 -0.0717528 0.109559394 0.08898184 0.13072817 -0.29592088 -0.9110618 -0.30199996 0.697749 0.20281805 -0.3273628 0.0007797457 0.5644697 0.32577997 0.10070897 0.300259 0.27855486 -0.05244738 0.9866041 -0.23905165 -0.07439717 0.11999309 0.45257238 0.049032684 0.06783451 -0.7061066 -0.025071647 0.29304972 -0.61798704 0.1814814 0.1688661 0.24809556 0.090752296 0.05083108 -0.5187053 0.64858145 0.15409227 0.5007349 -0.17768732 0.07123553 -0.1722412 -0.51649386 -0.06374896 -0.0522243 -0.69640005 0.2844085 -0.19841342 0.17467749 0.17745128 -0.4206636 0.117664166 0.030585026 0.0591152 -0.033632588 -0.26838896 0.08373052 0.3809441 -0.18236412 -0.31756195 -0.0027824137 -0.36933047 -0.21724847 0.2101428 -0.06845556 -0.3034553 -0.20634142 -0.22638807 0.07691812 -0.42784443 -0.26762944 -0.27471536 0.25012383 -0.116467655 0.30550724 0.49121928 0.3029212 -0.19865897 0.08371653 -0.4102988 -0.14549057 -0.2881605 -0.19297071 0.28297037 0.23488395 0.1973797 0.40884516 -0.45210758 0.52748823 -0.06586076 0.62898064 -0.5588736 -0.31970656 0.17920542 0.30780745 0.21144333 0.496399 -0.24449392 0.11014619 0.027734721 0.11902543 -0.5249352 0.1944455 -0.5044168 -0.87731904 -0.9943168 0.6948366 -0.19463621 -0.4455618 -0.22502969 0.773775 -0.48940498 0.81001973 -0.21330097 0.21612386 0.34489208 0.42679465 -0.071602575 -0.044214208 0.10922958 0.11184045 -0.0035918776 0.751243 0.039437253 0.15989225 0.5198064 -0.43072334 0.39341074 -0.20868742 0.116209686 0.43644083 -0.37424895 0.76756555 -0.92305523 0.44721222 0.14148696 0.001200557 -0.09768051 0.37000585 0.2688341 0.6887053 0.44521248 0.42273533 -0.2658487 1.0526245 0.61021274 -0.2571721 -0.40680254 0.32688916 -0.4722114
cinnamon -0.0402619 1.0194117 0.17583774 0.23065042 -0.5033551 -0.35755756 0.20624515 0.5038448 0.10188301 -0.5691644 0.8043304 -0.86656314 0.01271586 -0.119020306 -0.845573 -0.0874357 0.71322525 -0.3306209 -0.11901528 -0.4366624 -0.4512944 0.3140197 0.36217 1.0528646 -0.28830123 0.29837897 -0.20504774 0.6859665 -0.37405336 -0.24097835 0.20240022 0.031454835 0.31509903 -0.18959928 -0.2753243 -0.5842578 -0.2378963 -0.5300146 -0.13863713 0.4511175 0.69929934 0.3488086 0.35120726 -0.09366755 0.14496695 -0.13945764 -0.18901943 0.18438888 0.12461302 0.6395208 0.11972353 -0.47047964 -0.30048728 0.52225065 -0.31189054 -0.7485805 -0.26745775 -0.37231407 -0.4025045 -0.2616328 0.064670846 0.7970078 0.3354478 0.016255485 0.6321782 -0.7615108 -0.0021415139 0.052075136 0.18227626 0.39523184 0.16059099 0.49338356 0.3420679 0.7820043 -0.4516478 -0.5442864 0.06974067 -0.35766143 -0.12162915 -0.7527667 -0.53951305 -0.15624428 0.121171325 0.5805468 -0.41217485 -0.3737167 1.0167876 -0.31644303 -0.056201037 -0.14232247 -0.08433085 0.28373793 -0.5913645 -0.18160312 0.75729954 -0.09860078 -0.36446974 -0.18135998 0.15432663 -0.15017188 -0.4695663 0.21991079 -0.23866978 0.03004579 0.6217032 -0.4272504 -0.5857462 -0.20226866 -0.5302591 -0.38655624 -0.55219686 -0.23101735 -1.3548138 -0.47372678 -0.10414278 0.025813237 0.5493559 0.49197623 0.32648388 -0.25786668 -0.0523628 -0.27420616 0.8372796 0.024831852 0.6549361 0.23529997 -0.9161282 0.13616009 -0.5103549 0.30902228 -0.030611292 0.23427641 0.62443966 -0.51113486 0.97431624 0.38829753 -0.015378017 -0.5401949 -0.26963922 0.1516275 0.5643095 -1.0492761 -0.2847881 0.3645982 -0.29761627 -0.7897156 -0.716813 -0.34499043 0.7068669 -1.1977543 0.9175838 -0.56949025 0.29398143 -0.31458503 -0.26330328 -0.07054276 -0.5322537 -0.6918423 -0.17683132 0.52497745 0.17330219 -0.3776371 0.21045434 0.7312804 0.5561838 -0.34439826 0.13987176 0.6928174 0.06447515 0.9473292 -0.541626 -0.21710649 -0.0870193 1.2132825 0.4988361 0.34789327 -0.6591149 -0.6895064 0.9032092 -0.3416501 -0.26269326 0.35680425 -0.15231042 0.071253724 -0.20161842 0.06470664 1.0103934 0.14008205 0.4774853 -0.694646 0.828417 0.0881299 -0.7120172 -0.020840395 0.10362613 -0.5690343 -0.021729734 -0.48672363 0.005789367 -0.1614299 -0.37795508 0.18827629 -0.187523 -0.5848155 0.122094005 -0.37130693 0.19752055 0.531158 -0.3531297 -0.17797735 0.024153788 -0.29932207 -0.20601647 -0.55010897 0.12218983 -0.66651666 -0.16269334 -0.8003452 -0.078881554 -0.2531312 -0.23429726 -0.3833771 0.10984108 -0.24962272 0.46852458 0.340227 0.11031885 0.19928679 -0.2225977 -0.17619316 0.010018119 -0.17445825 -0.64702463 0.026209459 -0.34752834 0.37681496 0.58990157 -0.5664469 0.6092331 -0.31819496 -0.2995735 -0.28674883 0.020681793 0.028485056 0.25368118 0.7007215 0.49514708 -0.3855889 -0.35558286 -0.11569824 0.057302084 -0.6386321 0.20962295 0.0490504 -0.5652636 -0.7499937 0.24066107 -0.076237015 0.054155875 -0.26190737 0.5411849 -0.54622334 1.0295285 0.5368838 -0.056980714 0.18345074 0.35021004 -0.049256355 0.47497913 -0.60164785 0.40360275 0.32523945 0.7764118 0.2315076 -0.12547033 0.3990483 -0.7355073 -0.11724327 0.10873056 0.049590167 0.48279294 -0.36004502 1.093061 -0.78158134 0.6481201 0.45282117 -0.0056192656 -0.25854707 0.19621754 0.094559416 0.503654 0.12617458 0.3516372 -0.39904296 0.6763783 0.3125603 -0.21614753 -0.28530768 -0.103615224 -0.6279716
lemon -0.1530344 0.97832894 0.049133945 0.75500196 -0.49715963 -0.5833092 0.3286171 0.49310014 0.31392792 -0.28586122 0.48332265 -0.79367256 -0.32323673 -0.03620621 -0.78275466 -0.18085626 0.71641564 -0.30951813 0.047715835 -0.36330464 -0.4007313 0.45900938 -0.045614827 0.71355253 0.33711985 0.36518392 -0.45850608 0.26964343 0.02164332 -0.1499029 0.025921645 -0.2695772 -0.03173636 0.09102174 -0.04042818 -0.15334961 -0.055509225 -0.67568725 0.27761036 0.4944483 0.61740404 0.23283628 0.21282153 -0.35726666 0.3741355 0.051090445 -0.16278405 -0.006729551 0.18277158 0.7617349 -0.06788749 -0.49303138 -0.35807258 0.7446178 -0.23631872 -0.70694196 -0.32548362 -0.3750621 -0.6320621 -0.068514526 0.08902722 0.59536815 0.20103608 -0.45972055 0.4636001 -0.7954585 -0.33864406 -0.05170599 0.29691014 0.36169067 0.028596409 0.41387266 0.1005507 0.3848018 -0.16852558 -0.11246119 0.028141346 -0.081353486 -0.023449877 -0.4904084 -0.69416434 -0.32952634 0.06098028 0.8821297 -0.24725693 -0.63410103 0.7115467 0.04675761 -0.15300737 -0.016634805 -0.35064015 -0.10878817 -0.28869042 0.06583375 1.0023189 -0.15762904 -0.12157615 -0.1358468 -0.12220037 0.31739265 -0.39420295 0.5060152 0.5955256 0.23005606 0.33104315 -0.63752866 -0.5600679 -0.12728706 -0.5837541 -0.45495218 -0.50538236 -0.35739562 -1.1783892 -0.29486737 0.08749179 0.23848392 0.5373462 0.18515861 0.44266203 -0.5199551 -0.059568923 -0.14147426 0.4145379 -0.05720817 0.06621083 0.20452666 -0.43128088 0.42322728 -0.3907294 0.37277862 0.11682864 0.072298914 0.32048774 -0.42975143 0.8161874 0.3816753 0.2425595 -0.32567006 -0.081816845 0.1872037 0.5888099 -1.1149087 -0.34819406 0.6165363 -0.27598977 -0.58690757 -1.1221699 -0.2882663 0.72338206 -1.2305976 0.6369682 -0.89257336 -0.11986635 -0.24068925 -0.24627 0.27548888 -0.6893707 -0.6462205 -0.38721064 0.6163943 -0.120365895 0.2478625 -0.21491234 0.82864624 0.30890155 -0.20057936 0.28589642 0.6466548 -0.06686325 1.6167088 -0.5929152 0.15430947 0.28379673 0.9980897 0.38005823 0.35371646 -0.71389836 -0.742508 0.45479926 -0.30163655 -0.22195129 0.6096377 -0.41119695 -0.09750774 -0.2021037 0.23826563 0.93667805 0.24394883 0.4897421 -0.6663885 0.33597144 0.07043685 -0.85301906 -0.040196463 0.109725624 -0.20482805 0.19394897 -0.5692341 0.016211947 -0.14477572 -0.5435762 0.5006014 -0.03653341 -0.6051651 -0.062404167 -0.5715462 0.1377279 0.28694403 -0.23449837 -0.5054773 0.05193656 -0.6379876 -0.13119923 -0.53601605 0.5420193 -0.52510625 -0.12242646 -0.60132116 -0.21841949 -0.4728444 0.11180621 -0.2238312 0.20964123 -0.61463016 0.16259949 0.11742569 0.22905609 0.32382667 -0.29973125 0.23387027 0.19047311 -0.51240504 -0.64380556 0.39781663 -0.3916415 0.58883095 0.21837555 -0.0456516 0.51607144 -0.47526538 -0.2818905 -0.30549142 -0.13671687 -0.12051315 -0.10834604 0.531687 0.7006764 -0.50417525 -0.57729316 -0.038967527 0.33407798 -0.5396977 0.2467609 -0.11506009 -0.47437435 -0.6538065 0.24922027 0.042248927 0.05814943 -0.3194202 0.37406915 -0.67824465 0.2662958 0.51341146 0.18806465 0.15259461 -0.01843348 -0.122538775 0.46845996 -0.17123768 0.45144224 0.1286715 0.6976586 0.17625697 -0.021591946 0.58082396 -0.8973764 -0.090430476 0.2330448 -0.02297516 0.39232272 -0.32936314 0.8504711 -0.6228978 0.7247909 0.046810806 0.027840316 -0.5382261 -0.154537 -0.24273477 0.26896888 -0.6422834 -0.11784421 -0.63758385 0.20381495 -0.15299644 -0.3273552 0.050478596 -0.21463144 -0.3143808
tobacco -0.16656077 0.6773227 0.1705166 -0.23873197 -0.030182969 -0.2333302 0.14889397 0.37395436 0.016815208 -0.57653844 0.24960335 -0.5266788 -0.01868456 0.004148979 -0.49716932 -0.14322254 0.28937852 -0.7510952 0.44041467 -0.39489654 -0.4534887 -0.051065058 0.1743082 0.8589318 -0.3001391 0.19121417 -0.3323525 0.2705442 -0.07735474 0.19149263 -0.22803508 -0.3856106 0.039310645 -0.11350183 -0.30152816 -0.4455686 -0.6088352 -0.46142447 -0.039584193 0.2274177 0.109625466 0.24135582 0.32817087 -0.057215936 0.028098155 -0.8165277 -0.09679231 -0.3152007 -0.08351434 0.25537744 0.24438292 0.09173921 -0.2492957 0.25571173 -0.05881112 -0.74434865 0.057231408 -0.116853684 0.085141666 -0.20893376 -0.0398455 0.08163622 0.27994525 -0.13824622 0.18264224 -0.24970554 0.08163382 -0.29715168 -0.33900896 0.5289257 0.4191233 0.40104902 0.38461408 0.12568553 -0.11767647 -0.023587858 -0.16571164 -0.43932995 -0.21791463 -0.0158708 -0.68281835 -0.15406607 -0.4587586 0.28083393 -0.056451432 -0.42587253 0.8153159 -0.5306957 0.18915062 -0.18398616 -0.957663 -0.16911635 -0.21429834 -0.3705646 0.127255 -0.8365154 -0.47749692 -0.15047586 0.011990485 -0.1743332 -0.23804829 0.31370407 -0.37095127 -0.13770919 0.60097694 -0.081563056 -0.64049214 -0.33301085 -0.07571394 -0.15437059 0.10390976 -0.38580266 -0.7706031 -0.3861246 0.6844519 -0.18437062 0.17085063 0.2663469 -0.31113622 0.39174384 -0.12271958 -0.04107895 0.2933571 0.2088567 0.23348129 -0.26076195 -0.475642 0.51309663 -0.22758196 0.068971306 0.17198135 -0.4048853 0.5304807 -0.20816956 0.54633766 -0.13684916 -0.105297066 -0.053003214 0.24668337 0.20153728 0.26443312 -0.02214947 -0.26358968 0.100456595 -0.29531926 -0.56405973 -0.55874896 -0.6985005 0.40290508 -0.5570735 0.32708895 -0.8040542 -0.12978822 0.16237086 0.1277143 0.3877237 -0.4564487 -0.4674393 -0.35838977 0.8266353 0.3628193 -0.06818901 -0.14144546 0.912461 0.31728318 0.42852843 -0.010162741 0.4460277 0.10399083 1.6528096 -0.43855518 -0.049094867 0.11628047 0.73793906 0.58264554 -0.16856772 -0.10285361 -0.27400264 0.7603974 -0.49424577 0.12013906 -0.12345181 -0.20214143 -0.1686429 -0.06285965 -0.048626658 0.81296206 0.4168916 0.81577027 -0.52828467 0.31045562 0.05576307 -0.24983238 0.14010179 -0.09512696 -0.30732164 0.20997265 -0.37498963 -0.24820593 0.2473388 0.04156213 0.594808 -0.024111088 -0.16890223 0.36691153 -0.17511818 0.56254125 0.44055226 0.075859174 -0.28620136 0.19752966 -0.5176724 -0.2590003 0.020575566 0.15128733 -0.43456247 -0.31758 -0.44042096 -0.485286 -0.46613392 0.05614288 -0.18939272 -0.054655414 -0.18049404 0.08218422 0.3937187 0.044856112 -0.31152168 -0.03452313 -0.031698056 0.33310148 -0.665483 -0.27559456 -0.13631727 -0.12222446 -0.07379212 0.3619905 -0.16093238 0.7463419 -0.28363526 0.42893234 -0.073812395 0.1289125 0.19209296 0.16375387 0.55305743 0.6473993 -0.06321916 -0.026022952 0.0039768037 0.13327132 -0.55867636 -0.041583322 -0.25888312 -0.954943 -1.0015825 0.7664743 -0.04877336 -0.86165327 -0.10522948 0.6034454 -0.36686945 1.0229496 -0.115318365 -0.6632788 0.72116977 0.21978882 0.32539883 -0.08892349 0.04366064 0.17443404 -0.042744916 0.6467414 0.27145755 0.4989928 -0.16701965 -0.040150154 0.49677372 -0.42732155 0.07415878 0.35077992 -0.13660738 0.38198492 -0.72703695 0.30740878 -0.06655353 -0.057831805 0.02734143 0.09256403 0.17459397 0.5316799 0.40415043 0.35669783 -0.13306174 0.8980247 0.07479158 -0.32733902 -0.2765718 -0.33904168 -0.3617512
orange 0.063562356 1.0805346 -0.122492634 0.8277307 -0.14129049 -1.2122455 1.384721 1.0283834 0.042156853 -0.6219889 0.36873972 -0.97951186 -0.5971031 0.093990386 -1.1526223 -0.46859053 0.6950823 -0.023476537 -0.29517588 -0.24792771 0.17079705 0.4532438 0.2332358 0.84827477 0.16113718 -0.037005376 -0.595066 0.4318555 -0.01230733 -0.667416 -0.24417356 -0.21270038 0.0006787088 0.081000626 -0.17917466 -0.30415335 0.2092285 -0.5467752 -0.36855528 0.41220263 0.6058052 0.57856154 0.102539666 -0.29532465 0.12260316 -0.467778 -0.09371501 0.28734034 0.16878055 0.6242722 -0.27833337 -0.93689907 -0.30724508 0.43698967 -0.27858195 -0.42061746 -0.049832426 -0.07437673 -0.6948859 -0.054316472 -0.21820797 0.40958875 0.045436706 -0.39020395 0.5714966 -0.8296615 -0.6182886 -0.023432352 0.59872663 0.13951997 0.03317294 0.22811498 0.038960602 0.39907268 -0.33687192 0.11451526 -0.016564885 -0.16152462 -0.018269055 -0.53081876 -0.7164351 -0.023525221 0.043345276 0.7362801 -0.28128108 -0.41020805 0.75865453 0.023863591 0.09815041 0.24886535 -0.25854096 0.33391201 -0.034006 -0.19666733 0.64361054 -0.07023766 -0.27099955 -0.018898226 0.32360223 0.30994055 -0.61537015 0.3515103 0.49833745 0.45118013 0.58363163 -0.5375093 -0.63397455 -0.2668939 -0.21262206 -0.4536593 0.2135498 -0.39246288 -1.0241083 -0.13958248 0.27496368 0.83288467 0.43924388 -0.023293182 0.7056535 -0.1449337 -0.54003024 0.022132812 0.78246737 -0.04582308 -0.16897573 0.28758165 -0.0475637 0.33790913 -0.7312181 0.78276575 0.44660133 0.036912225 0.14046536 -0.43336654 0.25033918 -0.010946596 -0.08824645 -0.51112014 0.16480726 0.12286992 0.06933017 -1.1767604 -0.22794631 0.1017747 -0.1893191 -0.6111402 -0.85665184 -0.1903365 0.37995806 -0.6841308 0.4729428 -0.6838868 -0.15139437 -0.25653148 -0.31788507 0.46414694 -0.6048009 -0.48361295 -0.42952016 0.18937488 -0.12800258 0.45920226 -0.40389848 0.39332253 -0.13276939 -0.27223527 0.26893848 0.47280538 0.30862755 1.4000537 -0.6989393 0.17358334 0.32824418 0.95973 0.23073336 0.54083234 -0.34811315 -0.637442 0.3233464 -0.057826135 -0.25069305 0.72619915 -0.3100328 0.06493438 -0.20319505 0.37843993 0.36705694 0.13583234 0.19861698 -0.972631 -0.009678978 0.14097534 -0.96227854 0.10940076 0.10019624 -0.35796064 0.11620188 -0.84325165 -0.16720316 0.10295965 -0.49206007 0.030610593 0.15244792 -0.64709604 -0.09156273 -0.27570066 0.17648597 0.2815716 -0.2443663 -0.3230459 0.28718063 -0.530978 0.22179028 -0.38214615 0.6231488 -0.2597686 0.07612061 -0.36482102 -0.124485284 -0.27151263 0.09103124 -0.33681214 0.4489606 -0.44229335 0.44978443 0.32856187 0.5548953 0.70488393 -0.36034262 0.34945214 -0.25270796 -0.3958635 -0.7219168 0.09984958 -0.040306408 0.52895594 0.038914252 -0.50585663 -0.007949026 0.1829443 -0.13241303 -0.26975212 -0.17322354 0.11606226 -0.20178187 0.3788392 0.6543858 -0.31118664 -0.4634369 0.23301978 0.22680913 -0.62438524 0.49295208 -0.19288774 -0.79434174 -0.59971297 0.70184547 0.092151776 -0.12204331 -0.1755191 0.07641904 -0.59932715 0.32935846 0.7597942 0.17856754 0.36108664 0.3259005 0.18455417 0.49560568 -0.08944665 0.6619771 -0.1752583 0.5536144 -0.006595757 0.11465255 0.8929242 -0.938364 0.22369927 0.6347322 0.1257912 0.24754854 -0.26117036 1.0161251 -0.68377626 0.40251613 0.07301701 -0.070560336 -0.23758316 0.5550606 -0.011333939 0.48572057 -0.693167 -0.12620991 -0.38796893 0.055462725 -0.26881477 -0.36728212 0.05964907 0.18976814 -0.45753932
egg 0.40769142 0.21427885 -0.05890984 0.4470817 -0.10466696 -0.78987634 0.958035 0.29910123 -0.14183776 0.014057867 -0.03332834 -0.4363449 -0.3954328 -0.43779114 -0.54310554 -0.30920392 0.057993807 -0.4297216 -0.11935317 -0.20599777 0.2681962 0.4334773 -0.035299715 0.6647009 -0.057991356 -0.19579898 -0.09097066 0.485896 -0.42702806 -0.78297764 0.08481638 -0.35431114 0.1778989 0.03811982 -0.5209327 -0.2480533 0.21433981 -0.111223236 -0.09021651 0.353591 0.11905005 0.56307167 0.45491886 -0.25443742 -0.13464393 -0.5174602 -0.017804459 -0.11759119 -0.006695917 0.5949081 0.52586377 -0.346175 -0.16891767 -0.24473567 -0.17813936 0.19229849 0.5505336 -0.14100607 0.03110657 -0.34424338 -0.7501153 -0.041987944 -0.17125982 -0.072852224 0.47942033 -0.70513016 -0.57855546 0.08566803 0.031002112 0.08850432 -0.13557817 0.07181885 -0.34082168 -0.14493343 -0.40184143 0.45368794 0.044691745 -0.03906426 0.07198291 -0.3759118 -0.7959753 -0.36291662 -0.278932 0.76451254 0.124204025 -0.0651749 0.104310915 -0.07909751 0.35341814 0.7766353 -0.257607 0.35537925 -0.07632981 -0.50342387 0.11571137 0.041928556 -1.0009711 0.81292444 0.47309455 -0.22117285 0.085053146 -0.24818294 -0.06622439 -0.010993619 -0.30160046 -0.39773607 -0.23667689 -0.41307 0.18953787 -0.53707844 0.16803412 -0.564308 -0.49504626 -0.50385034 0.23806974 1.356449 0.003114965 -0.15855426 1.0141752 -0.58303267 -0.54931843 0.18136458 0.72220725 -0.26832318 0.10371615 0.03399509 0.30384585 0.159604 -0.5857694 0.5418034 0.46358195 0.23847845 0.59945625 -0.2379324 0.21023868 -0.15743726 0.2366286 -0.23569316 -0.42241788 0.20193501 -0.13673277 -0.26950908 -0.40120855 -0.2360304 0.08943304 -0.228472 0.06682709 0.13550566 -0.20885435 0.07823573 -0.3496993 -0.36668754 -0.20450316 0.2839547 -0.4390435 0.18182692 -0.6990639 -0.3730344 -0.3352706 -0.26250452 0.19114967 -0.20123188 0.49972478 0.17701054 -0.099934846 -0.12233601 -0.18082957 0.5028616 0.12700883 -0.27808207 -0.1459057 0.36381063 -0.0014072336 0.049887784 0.045955453 0.32566166 0.60016924 -0.3219938 -0.22447821 0.21585059 0.4746822 -0.21804991 -0.4856408 0.047551654 -0.31737426 0.036574773 0.46262014 0.3007631 0.22745791 -0.4615911 0.3184897 0.3572753 -0.7951412 -0.09951991 0.26031923 -0.03522937 0.6934472 -0.3663285 -0.056930065 -0.11854779 -0.4204528 -0.19092835 -0.0610684 -0.05540307 0.23648395 -0.7965517 -0.09049999 0.26711884 -0.053443283 0.44484827 0.361929 -0.00018090707 -0.48293105 0.1215619 0.40004382 -0.28579623 -0.10027151 -0.48693913 -0.45814353 -0.5760336 0.6742708 0.09596213 0.5728809 -0.2533092 0.5311193 0.06724666 0.3545363 0.7114697 -0.22246207 0.36244056 0.20700221 -0.3093713 -0.02060793 0.0011594202 0.10500062 0.34709042 -0.17178488 0.11099896 -0.12811802 -0.04227387 0.38278732 -0.34522292 -0.25406834 0.82799643 0.252079 0.010878877 0.6588427 -0.35534218 0.055778995 0.2723569 -0.11274497 -0.12702586 0.8246781 -0.10566517 -0.4490817 -0.6990934 0.2963785 -0.09658825 -0.059657373 0.19004321 0.0110035725 -0.13932854 0.13001597 0.1182216 -0.33626637 0.38706708 0.46183023 0.6913477 -0.3936732 -0.17295992 -0.35586616 0.34529218 0.41181573 0.8240901 0.42874268 -0.22345346 0.07484575 -0.3085791 0.21485049 -0.17631383 -0.502307 -0.1844556 0.36013114 -0.6421947 -0.252193 -0.47198042 0.7310938 -0.37938088 0.10089854 -0.61769617 0.58237743 -0.8164314 0.1903707 -0.14706138 -0.21008556 -0.4355495 -0.4643604 0.6046895 -0.47225478 0.09903125
vanilla -0.16527686 0.8991115 -0.017138336 0.22367388 -0.33624867 -0.42794183 0.29445526 0.40214744 0.39432997 -0.5859092 0.7101737 -0.6493077 -0.21817106 -0.07980877 -0.75953037 -0.17024155 0.71080345 -0.2639947 -0.03540082 -0.26138663 -0.3294208 0.3396045 0.630535 1.0870451 0.08811914 0.44437712 -0.3372457 0.36846048 -0.22546238 0.06947242 0.1968484 -0.22159147 0.2524051 -0.112125866 -0.13973813 -0.21581443 -0.11913394 -0.6878976 -0.093267925 0.38736412 0.49886096 0.28032905 0.5553927 -0.24297127 0.2859422 -0.16340983 -0.1731129 0.13779005 0.084690705 0.68992347 -0.03970822 -0.3990309 -0.44581065 0.5100653 -0.42877248 -0.41113302 -0.34376338 -0.52918607 -0.52725464 -0.30377096 0.007742015 0.59116465 0.38967896 0.026188074 0.46164623 -0.4068664 -0.09449801 -0.31890026 0.11816761 0.36919677 -0.00046924694 0.41268963 0.2347319 0.4754335 -0.067885384 -0.08415647 0.13168159 -0.115803845 0.058360115 -0.23845397 -0.5288861 -0.21231946 0.060008008 0.65138304 -0.32373348 -0.47092757 0.597285 -0.1988598 0.0684618 -0.30874732 -0.20280465 -0.05442057 -0.20752496 -0.041897647 0.59267056 -0.14707136 0.029456047 -0.26780245 -0.06407294 0.27268407 -0.52968776 0.7184382 0.27254245 -0.022836914 0.28379783 -0.42513892 -0.74998856 -0.09442234 -0.3296374 -0.4814263 -0.3299402 -0.40691313 -1.1410481 -0.3810354 0.12380511 0.17363812 0.69929206 0.28671035 0.20899412 -0.5036469 -0.2762012 -0.29708478 0.48085457 -0.06170723 0.16421668 0.061256465 -0.49876922 0.13380417 -0.40453076 0.44605115 -0.35912743 0.3247506 0.312795 -0.4396941 0.5279652 0.2962506 0.0586695 -0.39855778 -0.09077646 0.12614155 0.47977322 -0.8318456 -0.28558847 0.33001763 -0.42671445 -0.6657889 -0.8562943 -0.26211286 0.3614996 -0.9360757 0.6544152 -0.7968066 0.2613069 -0.13072759 -0.08381149 0.3091474 -0.3022858 -0.78265166 -0.0829727 0.7044751 -0.08230209 -0.013428534 -0.15514992 0.50925046 0.32948816 -0.44441232 0.0007618768 0.61775404 -0.03522154 0.9613813 -0.2328451 -0.08591513 0.16924858 1.0663574 0.3844069 0.53383195 -0.5391577 -0.79182893 0.5493763 -0.42328382 -0.4561567 0.64970833 -0.29939574 0.13202542 -0.008555233 0.050475746 0.9821182 0.23887858 0.30060273 -0.57956016 0.4209967 -0.031458806 -0.8278359 0.051290125 0.19302669 -0.40889943 -0.037697803 -0.6429254 0.06623995 0.00226705 -0.6890148 0.38604572 0.08864731 -0.61045027 -0.006497102 -0.4003801 0.26444182 0.35218003 -0.19584543 -0.58900654 0.33437437 -0.68064916 0.02846466 -0.65268594 0.3309148 -0.29453796 -0.08468504 -0.92524046 -0.10283047 -0.3331714 -0.2205922 -0.26836792 0.2955409 -0.52711123 0.2851473 0.13052829 0.377947 0.30010012 -0.17355122 -0.35589543 0.026129363 -0.38572308 -0.6793945 0.41590157 -0.35071743 0.2910445 0.42866716 -0.45777234 0.52104115 -0.33117944 -0.293949 -0.3549627 -0.06978971 -0.46231356 0.1030415 0.43502593 0.619082 -0.40225 -0.3115997 -0.07726859 0.29089668 -0.52027744 0.18871859 -0.08368221 -0.5764179 -0.6595697 0.036788512 0.07641233 0.051360007 -0.23581511 0.55287063 -0.69670844 0.7478126 0.3966209 0.14040343 -0.006436994 0.32399073 -0.09705045 0.4405853 -0.1335731 0.5167111 0.3364945 0.82880366 0.06731559 -0.21167694 0.8148051 -0.68185693 0.14084937 0.08071834 -0.016538154 0.4833316 -0.43206632 0.9137886 -0.81601024 0.59712565 0.1758836 0.23054343 -0.56699383 -0.15313025 -0.20319974 0.15823606 -0.52713674 -0.3586324 -0.45752513 0.1886445 -0.11792514 -0.35720676 0.2588341 -0.36571026 -0.44251707
gasoline 0.10027613 0.09015268 -0.14777999 -0.3650984 -0.35602024 -0.011956722 0.06542468 -0.19430578 -0.06892104 -0.41109708 0.31980625 -0.10884384 -0.0014338421 -0.060391027 -0.33487704 -0.1259247 0.22337179 -0.5369062 0.07358256 -0.24151713 -0.12622763 -0.12699448 0.14982878 0.8457743 -0.25140876 -0.09714932 -0.24711576 0.16391987 0.054886565 -0.46501225 0.08952305 -0.14467959 0.16476266 -0.34516028 -0.19034173 -0.37466305 -0.2819821 -0.0061386754 -0.43899205 0.25321588 0.0071100136 0.3086769 0.38975552 -0.326863 0.12621528 -0.60623324 -0.07265428 -0.0397597 0.17950538 0.28381735 0.30464262 0.12909469 -0.25299245 0.18748836 0.24161655 -0.37461787 0.19900851 -0.051337894 0.080594905 -0.0700177 -0.033397783 -0.13708301 -0.010328002 -0.23772189 0.050119713 -0.46049163 -0.042896386 -0.28177384 -0.12960066 0.05365384 0.31802756 -0.06791146 0.34558275 0.31810123 -0.08607815 -0.4410424 -0.22647735 0.016260223 -0.35239524 -0.17678803 -0.14656205 0.013042412 -0.075667895 0.025617085 0.06205478 -0.15343751 0.6892802 -0.18866113 -0.04379725 -0.18239194 -0.728455 -0.22899105 -0.4860823 0.01518742 -0.071772605 -0.43119437 -0.8305123 0.18925484 -0.025817055 -0.48574546 0.16302153 -0.0012403568 -0.54363585 -0.06185042 0.099710286 -0.09733708 0.06391939 -0.2575378 0.15313512 -0.23056059 0.117110096 -0.1623313 -0.34052008 -0.16413254 0.20799063 0.12552802 0.18900882 0.1406343 -0.039642654 0.16162135 0.2112958 -0.017671704 0.16935804 0.050667338 0.3527873 -0.4402523 -0.29518536 0.44108924 -0.4430386 -0.48702213 -0.024420489 -0.42846042 0.2915695 -0.106246956 0.23552345 -0.39415976 0.29777655 -0.1849427 0.05873769 0.50240904 0.105481505 0.045259472 -0.306867 0.11717802 0.05478207 -0.26671886 -0.0013700604 -0.173273 0.095051885 0.03055633 0.24750833 -0.40658316 -0.03666756 0.03257797 0.038291108 0.08737242 -0.35851437 -0.5536155 -0.48289508 0.28608558 0.33599645 -0.45448786 -0.070454426 0.7710086 0.03131182 0.23772267 0.03517263 0.27228957 -0.09874504 1.0074517 -0.4522887 0.13931425 -0.33958602 0.43002748 0.06290218 0.030450633 0.14924538 0.120155424 0.344513 -0.19146165 0.14208831 0.09598139 -0.29212758 0.038416415 0.01377784 -0.43129674 0.57324153 0.15722673 0.34972665 0.20955259 0.35658062 0.2528813 -0.34672505 -0.14833559 -0.10024634 -0.251001 -0.009782773 -0.03109994 0.11646952 0.3032052 -0.46182564 -0.11794833 -0.30264327 -0.23744705 0.4284844 -0.23128718 0.41111538 0.3858263 -0.41614082 -0.016063621 0.06961033 -0.13470769 -0.014999092 0.3874892 0.011836838 -0.23901267 -0.24087477 -0.3507895 -0.22183856 -0.44291753 -0.089726426 -0.023723854 -0.04546086 -0.24774493 0.35101432 0.04768985 0.28438675 -0.2735348 -0.091084175 0.094897464 0.15766178 -0.08793538 0.0046119667 -0.3148757 -0.041007254 0.38441616 0.15091422 -0.110402614 0.21690652 -0.38481504 0.24850981 -0.10331543 -0.08217256 0.31448093 0.5609939 -0.09899002 0.4328571 -0.0578968 0.101105504 -0.1081784 0.08328143 -0.2954264 0.44814155 -0.27853647 -0.7152658 -0.7592747 0.69396365 -0.16580814 -0.65089256 -0.21461037 0.63003194 -0.190491 0.85622805 -0.21720281 -0.6681705 0.21674305 0.21886264 0.15025173 -0.43455085 -0.093604565 -0.23168442 0.36640894 0.66353244 0.5072542 0.2624932 -0.2987696 0.12717877 0.3019349 -0.38117087 -0.21233313 0.38146448 -0.047867842 0.20150687 -0.79022473 0.20744108 -0.12238441 0.2749402 -0.13064016 0.21453741 0.066471614 0.27704465 0.3865587 0.11309084 -0.10497959 0.5472326 0.35446027 0.022277167 0.008971948 -0.092476636 0.03538671
tea 0.27585542 0.7701501 0.19030155 0.5826101 -0.32940173 -0.7089666 0.5014347 0.4160353 0.34879193 -0.31573176 0.2490493 -0.57975084 -0.28225628 0.1014952 -0.8335103 -0.3125914 0.41658375 0.025420016 -0.51139337 0.08693646 -0.4055355 0.37111858 0.33514214 0.1559008 0.15071039 0.28600925 -0.24239194 0.33196932 -0.19096547 -0.61232245 0.14525506 -0.17660072 0.26619396 -0.17518862 -0.240359 0.022642799 0.13691318 -0.5422157 0.07176284 0.24553733 0.5066101 0.38230845 0.099410325 -0.38207456 0.06925569 -0.07031529 -0.18126567 0.062079586 0.07548712 0.335632 -0.11419917 -0.59288293 -0.041671243 0.23230167 -0.44616845 -0.5546444 -0.3002481 -0.25181794 -0.37801218 0.059607927 -0.21783586 0.3587051 -0.07587879 -0.15238301 0.699551 -0.6881028 -0.3235933 -0.072265364 0.36801112 0.09242005 0.048727643 0.26292303 -0.056644112 0.6060265 -0.35618824 -0.36213285 0.18494292 -0.13037845 0.1728276 -0.31647563 -0.45276767 -0.06446152 0.06167366 0.3907494 -0.27890566 -0.48161453 0.90960157 -0.22757564 0.13258845 0.45120648 -0.13520765 0.24171218 -0.3681431 -0.42592072 0.4163194 -0.020600267 -0.19390896 -0.11566024 0.3506293 0.036977597 -0.57438564 0.08531993 0.025034457 0.25175804 0.5767551 -0.059479572 -0.5850768 -0.14432442 -0.22448455 -0.3372506 0.24667475 -0.16284525 -0.73772746 -0.30030537 0.075087525 0.48598036 0.19931048 0.46843722 0.5607751 -0.20478117 -0.29254088 -0.1906926 0.74224216 -0.19114926 -0.009604591 0.3314097 -0.40213338 0.25222778 -0.478386 0.26394725 0.18829216 0.28895372 0.4724838 -0.31187186 0.5106903 -0.075130396 -0.21033372 -0.16777797 -0.16642104 -0.040503383 0.38266447 -0.6764595 0.123354666 0.2626145 -0.1797655 -0.25777924 -0.66374826 -0.15670185 0.193412 -1.0302533 0.58469933 -0.09468604 0.06718411 -0.16663654 -0.28314015 -0.056745138 -0.4782345 -0.26518294 -0.15148866 0.13417313 -0.22167954 -0.0087594 -0.1281828 0.25384694 0.12786692 -0.18772975 0.17122573 0.5124135 0.12062443 0.31606358 -0.32923 0.0028702705 -0.052566294 0.5759448 0.33027244 0.505042 -0.33322018 -0.24590425 0.24307896 -0.1544205 -0.08301128 0.2286952 0.18836959 -0.033757687 0.064391345 0.19302616 0.42067346 0.016592685 0.20830844 -0.65024847 0.33914876 -0.20826825 -0.6103183 0.14273913 -0.03647842 -0.41784734 0.06509978 -0.68181825 0.008651753 -0.10234164 -0.29117113 0.18594983 0.15510106 -0.18248297 -0.08718134 -0.37526667 -0.08906122 0.116332546 -0.27100232 -0.20004594 -0.062489815 -0.32986647 -0.16336343 -0.75508094 0.26928082 -0.6748541 -0.17480016 -0.59830725 -0.12464416 -0.38762727 0.29570183 -0.07999007 0.16855083 -0.28770635 -0.14470689 0.041931786 0.2192304 0.4614426 -0.821826 0.56560653 0.13398322 -0.3538361 -0.4708175 0.5082953 -0.073628545 0.35051933 0.27208406 -0.3380209 0.17087288 -0.56868804 -0.13292924 -0.4117186 -0.32245484 0.16684955 -0.026006134 0.015933564 0.22522381 -0.21534309 -0.16514453 0.25938436 0.2760882 -0.5036054 0.41595173 -0.051312834 -0.4293768 -0.44131652 0.13744424 0.031796474 0.21700686 -0.26102173 0.029511033 -0.49091282 0.20199476 0.49738568 0.39762953 0.23220278 0.03806671 0.21285525 0.4574006 -0.09365976 0.43521512 0.0077236267 0.28106585 0.3234997 -0.21836156 0.4790905 -0.7583761 -0.2560646 0.4242243 0.29392877 0.18120757 -0.27194175 0.65423864 -0.38918045 0.2537254 -0.13971366 0.0075211874 -0.27435824 0.26549375 0.18554056 0.41385046 -0.29711422 -0.12912124 -0.42639232 0.09023986 0.034492683 -0.3041467 0.18258213 -0.040102307 -0.3030151
honey -0.0066508055 0.4741204 -0.036270656 0.28303865 -0.44360846 -0.58344394 0.6009747 0.37284237 0.28846076 -0.2585724 0.4473926 -0.28335175 -0.5026678 0.13014013 -0.62203896 -0.082050614 0.6563227 -0.3291622 -0.121967986 -0.5087194 -0.33666703 0.41014263 0.025519582 0.71982294 0.09762995 -0.049771905 -0.37485963 0.38859263 -0.098570846 -0.42778742 0.05567941 -0.16864613 0.22377118 0.024604345 -0.26552516 -0.06595691 -0.087503746 -0.53016585 -0.17752631 0.22526424 0.60855013 0.24078545 0.22548147 -0.33880138 0.27895114 -0.24944854 -0.44676536 0.3090989 0.046036933 0.38160676 -0.038819432 -0.23431703 -0.19481401 0.3426199 0.03838443 -0.07999879 -0.36919504 -0.23336598 -0.7164322 -0.2612697 0.096563056 0.020571504 0.074437 -0.20842667 0.13937697 -0.31027776 -0.2682405 -0.058115218 0.01599093 0.044008594 -0.32494444 0.086587705 0.081861414 0.3498999 -0.22231095 -0.31943983 0.012826827 -0.24887069 -0.04405011 -0.70067996 -0.31500608 0.1336261 -0.02154729 0.48713467 -0.009060591 -0.42950147 0.5458318 -0.11272258 0.13435592 -0.22757648 -0.39649352 0.17045596 -0.3803723 -0.20078425 0.34519583 -0.04495875 -0.43517354 0.22634636 0.4733236 -0.22578186 -0.16059563 0.14694738 -0.013451746 -0.11144645 0.7544823 -0.3030982 -0.49060106 -0.0363024 0.19694711 -0.5018213 0.18066159 -0.13071185 -0.6750165 -0.37259147 0.30189258 0.083536685 0.032763712 0.10881465 0.35147762 -0.23885386 0.1185432 -0.091447875 0.07856267 0.10565439 0.16994709 0.027586337 -0.23894115 -0.0696501 -0.26532486 0.5649971 0.26453054 0.56815207 0.22107498 -0.30404302 0.4786789 0.34249917 0.28105313 -0.3364024 0.18088411 -0.040396072 0.44103736 -0.40092406 -0.2672091 0.44090706 -0.1278195 -0.4535835 -0.28004897 0.18901677 0.13185573 -0.44005004 0.26629376 -0.4503966 0.16594197 0.30030015 -0.1769775 0.15870367 0.081314154 -0.4004844 -0.12575527 0.4546045 0.026868839 -0.03967508 0.03882901 0.4737448 -0.0718782 -0.3675267 0.20964873 0.31250277 0.27522555 1.0572232 0.020526228 0.12303526 0.396854 0.7175908 0.29795703 -0.13446361 -0.15339528 -0.8134098 0.49934995 -0.04403924 -0.11127731 0.8365999 -0.33628035 -0.003342779 0.036827188 0.24068329 0.8626832 0.21665901 0.6050946 -0.45805597 0.30739146 0.30633825 -0.63520664 -0.021290079 0.14886656 0.045724623 0.008093673 -0.5736891 0.1281765 0.004155602 -0.14800943 0.31488225 0.084005706 -0.21595928 0.30320293 -0.10526622 0.1829508 0.21858016 -0.25765032 -0.5836699 0.08306081 -0.39209247 0.4158461 -0.21262667 0.22365744 -0.32110038 -0.021614721 -0.37036577 -0.040897172 -0.47774786 -0.123491734 -0.04692059 0.07994482 -0.46264744 0.460987 0.012348548 0.24571137 0.17948458 -0.26409596 -0.15846412 -0.31169635 -0.25650424 -0.40641865 0.21085054 -0.1216152 0.40880746 0.18243647 -0.10952212 0.2871179 -0.14475358 -0.15062514 -0.07008653 0.21266586 0.00027848332 0.18616399 0.32566887 0.20368074 -0.5938059 -0.277566 0.016734762 0.2254044 -0.34614006 0.11132552 -0.2639719 -0.31867495 -0.4697414 -0.04861391 0.1885762 0.078214444 -0.06954659 0.32189107 -0.4634319 0.54213023 0.046378948 -0.043102697 -0.0754356 -0.112295404 -0.037037354 0.09054939 -0.20115551 0.3892985 0.087405935 0.24170257 0.27666247 -0.26302215 0.3569855 -0.62025744 0.2266963 -0.071091905 0.09868284 0.36911917 -0.1662114 0.40170276 -0.59307027 0.5106026 0.08369081 0.07011433 -0.35128608 0.19532123 0.033843216 0.25151104 -0.041028112 -0.05875557 -0.43062428 0.3810192 -0.005320935 -0.14175397 0.17363812 -0.0776877 -0.42092317
chocolate 0.13388576 0.84435654 0.1562658 0.6095235 -0.35670447 -0.5362363 0.4823169 0.40336362 0.29548526 -0.40156424 0.15812272 -0.5242051 0.11076735 0.18335491 -0.6242085 -0.11068116 0.55034626 -0.2696554 -0.1100817 -0.12682247 -0.3077243 0.26562178 0.33876795 0.5264204 0.048074387 0.040853694 -0.07054171 0.4508459 -0.27756035 -0.33804327 0.17721967 -0.26505864 0.17979427 -0.08664574 -0.4039169 -0.0957023 0.11744415 -0.41440886 -0.03352486 0.22363001 0.45046782 0.25230092 0.21966742 -0.2007737 -0.0123170465 -0.4038345 -0.18501101 -0.057357434 -0.096986584 0.2604403 -0.046029814 -0.49497414 -0.32905617 0.21871975 -0.2523144 -0.38457048 0.01677163 -0.29057226 -0.34573632 -0.26133406 0.058828656 0.47532496 -0.12167805 0.013996728 0.5414154 -0.49140134 -0.31690577 -0.10401541 0.1365817 0.03875586 0.1563595 0.2860386 -0.06008542 0.36673346 -0.28320357 -0.40917704 0.18045059 -0.16585465 -0.045830183 -0.60684246 -0.22689381 -0.34845003 -0.011196265 0.18299527 -0.25754857 -0.33004826 0.62015444 -0.13627003 0.12755391 0.20167936 -0.035835512 0.021716671 -0.51277256 -0.19355348 0.406807 0.056569237 -0.24428105 -0.004929737 0.24734253 -0.053291775 -0.37664658 0.18659194 0.20575209 0.034390062 0.25551042 -0.2312355 -0.39748546 0.02940041 0.11397956 -0.40605286 -0.17077768 -0.36378098 -0.93588126 -0.23694037 0.051150434 0.29458842 0.3292495 0.12889779 0.26296675 -0.19247523 -0.30032778 -0.22147399 0.7388429 -0.27043456 0.09654321 0.19904985 -0.5292144 0.15829217 -0.44375196 0.24078907 0.11096247 0.030130293 0.25836575 -0.2935291 0.53769076 0.16642012 0.32443982 -0.0014551635 0.022308879 0.36710912 0.27718672 -0.6755345 -0.15343991 0.18383987 -0.12409234 -0.43020838 -0.5699347 -0.25863698 0.37204188 -0.7288039 0.32064977 -0.20903063 0.2488757 -0.09211951 -0.39526796 0.23233734 -0.46649858 -0.33780795 -0.16290765 0.17096981 -0.007749377 -0.1735253 -0.06361317 0.3949005 0.22919638 -0.29717627 -0.026083866 0.5078624 0.1329285 1.0384773 -0.34002283 -0.007816725 0.12341473 0.82296395 0.3831037 0.4049487 -0.11967093 -0.634893 0.5165099 0.093805276 -0.22626875 0.38359943 -0.5407255 -0.1918716 0.0040976834 0.077084176 0.8514431 0.27013242 0.31051046 -0.74944013 0.3135206 0.10810018 -0.51716334 0.07478426 -0.080455706 -0.40467188 -0.17277898 -0.577023 0.08463035 0.06756585 -0.20012107 0.16002804 -0.04423324 -0.12834437 -0.04766172 -0.31073484 -0.04544277 0.103469945 -0.18984708 -0.49390474 0.0041205157 -0.42693785 -0.13294853 -0.5045149 0.39223495 -0.73829454 -0.13180548 -0.85283905 -0.27647552 -0.43560234 0.24417177 -0.028320627 -0.031827662 -0.52311236 0.08915799 -0.19386135 0.441066 0.24189544 -0.42137194 0.11722842 0.21312332 -0.3782224 -0.50369966 0.2629415 -0.20130785 0.25540075 0.5703411 -0.07541059 0.36003295 -0.37865034 -0.2603677 -0.23480764 -0.0048172735 -0.009157857 -0.011058761 0.22953561 0.13453251 -0.24225652 -0.502437 0.103474215 0.15929802 -0.49591386 0.57980376 0.0737587 -0.48865324 -0.49003932 0.22875334 0.008735736 -0.11834969 -0.27394632 0.1463875 -0.30056408 0.5209649 0.14021209 -0.1138096 0.13987878 0.116767116 0.22224632 0.26370218 -0.18332618 0.38855487 0.10633964 0.55866927 0.29909742 -0.058209073 0.39239737 -0.58241796 -0.03873993 -0.058400884 0.34245571 0.38487574 -0.17588413 0.4443987 -0.5673681 0.30591056 0.10474186 -0.19758387 -0.14627972 0.2167985 0.33346638 0.23125425 0.16705202 0.2488979 -0.33985522 0.53866905 0.227832 -0.1563299 0.15287971 0.23995113 -0.49996358
manure 0.00287652 0.03916813 -0.18367434 0.039668977 -0.024522461 -0.13875276 0.24306078 0.12462656 -0.012756181 -0.19310692 0.50685626 -0.3624614 -0.01024433 0.07061596 -0.19223584 -0.096242 0.18892844 -0.56368667 0.10336714 -0.30320144 -0.013409595 0.1488555 -0.025866378 0.9880063 -0.36805218 -0.17741936 0.1290951 0.15101142 -0.22090048 -0.050423842 0.20513795 -0.0037345863 0.08341221 0.06147135 -0.14709283 -0.15696546 0.104284234 0.046292063 -0.30087292 0.19389383 -0.23519771 0.35446468 0.24741997 -0.1620297 -0.03661429 -0.34113497 0.18666777 -0.022231901 0.35133305 0.7944532 0.87878436 0.4441346 -0.062581055 -0.25293556 0.41421828 -0.061781906 0.36136782 -0.049414422 -0.12181601 0.0071530337 -0.30038565 0.13337421 0.13830827 -0.26362595 0.12587221 -0.2594485 -0.23885272 -0.16309987 -0.2197144 -0.006394835 0.14122619 0.38021225 0.034158356 -0.26133493 -0.16301599 0.114273064 -0.08265917 -0.030470164 -0.23315535 -0.092607774 -0.29976317 -0.17619611 0.097460695 0.3293422 0.12836541 -0.11405552 0.040576797 -0.25943646 -0.015660163 0.16299017 -0.3955753 -0.057427406 0.03233051 0.07000243 0.5177232 -0.07227541 -0.5960132 0.28539088 0.22867188 -0.24646223 -0.001902408 0.019001588 -0.24797831 -0.117387176 -0.20005377 -0.10937663 0.07918463 -0.26993108 -0.04545517 -0.53324294 0.21466969 -0.31348935 -0.36349759 -0.27435142 0.054964095 0.37284783 0.29434282 0.053736515 -0.01065853 0.23038492 -0.05647162 -0.28467703 0.052265357 0.06959991 0.45557866 -0.34840465 0.14641517 0.3750931 -0.25306353 -0.2779272 -0.011873484 -0.28515357 0.19413187 0.25072685 0.1327182 -0.50299805 0.56712955 -0.2208651 0.38231564 0.6697897 -0.09196811 -0.0045305574 -0.1795191 -0.39320904 -0.22839037 -0.49298483 0.08952076 0.0914924 0.035981506 -0.3232612 0.12617426 -0.27090096 -0.111131154 0.22832425 -0.09912631 -0.14574029 -0.37032452 -0.3931695 -0.25391522 0.1883462 0.27146795 -0.339174 0.25718206 0.3076721 0.43815652 -0.16068229 -0.036404826 0.36624673 0.22782376 0.4412375 -0.25934324 0.06472735 -0.17568962 0.30982575 0.24219073 0.4078165 0.13884494 -0.09664765 0.27559632 -0.0038520773 0.30974942 -0.08922078 -0.5945464 -0.19819143 -0.375412 -0.24672851 0.8930738 0.5862269 0.29048055 -0.16194718 0.21464749 0.48558208 -0.6733808 -0.3631464 -0.0018053581 -0.47557047 0.48200297 -0.046265386 0.32513967 0.060972385 -0.4835103 -0.15227467 -0.4256769 0.064848654 0.13201068 -0.16406454 0.07541318 0.44269094 -0.09196247 0.15777208 0.16655432 -0.19057089 -0.5758662 0.30891368 -0.016090633 -0.1796712 -0.109525345 -0.6874972 -0.43187076 -0.41851282 0.101204775 -0.15604958 0.10731919 -0.41477495 0.1451028 -0.0082898075 0.3052528 -0.08462802 -0.027481245 0.07985199 0.4674617 -0.19389127 -0.14876886 -0.3197752 -0.21854186 0.104645185 0.17377543 -0.0024465418 0.14027482 -0.13012378 0.3197786 -0.29186776 0.016803076 0.2605336 0.18923084 0.14396703 0.4723065 0.055282734 0.027540999 -0.16729432 -0.07903435 -0.02851579 0.42734674 -0.113516144 -0.77422786 -0.31452945 0.5094214 0.068934575 -0.8201971 -0.23575816 0.6193096 0.2444154 0.85237914 -0.82318586 -0.75615734 0.46842083 0.53230137 0.5075169 -0.78880167 -0.12759593 -0.15337668 0.51090753 0.5610506 0.47078234 0.17933 -0.1275042 0.32817718 0.1309547 -0.17310558 -0.2131147 -0.033657067 0.05687622 -0.002355104 -0.5058424 -0.19927235 -0.1769085 0.1573953 -0.1285218 0.078474104 -0.08329877 0.35935283 0.039833702 0.52002114 -0.44083837 0.309747 0.2510294 -0.004927249 0.07007521 0.10500023 0.19274345
mint -0.12463276 0.92021316 0.0648969 0.39992693 -0.29702184 -0.4583614 0.2773136 0.6449247 0.2559734 -0.2669576 0.2691785 -0.45805398 -0.087703034 -0.101762004 -0.5397953 -0.1966542 0.5667357 -0.24833332 0.041326344 -0.41423884 -0.22798254 0.26093945 -0.052437 0.2954769 0.07739793 0.3466128 -0.122543156 0.5184981 0.0722254 0.0024520694 -0.21768263 -0.04579739 0.052569896 -0.1753651 -0.052834485 -0.49876007 -0.27162626 -0.47937563 0.12932205 0.3775377 0.4234507 0.25345978 0.29823244 -0.5644772 0.3711522 -0.22073862 -0.15424588 0.0028346851 0.00838218 0.22198996 -0.23266016 -0.19281071 -0.24495059 0.57398623 -0.066056296 -0.6114374 -0.5045751 -0.028848277 -0.3769505 -0.14264303 0.02057649 0.07794929 0.02232962 -0.22654626 0.26194882 -0.55145603 -0.12557186 -0.30183163 0.29712924 0.33045387 -0.15101388 -0.027911779 0.13731906 0.4178826 -0.35789433 -0.25691894 0.20176424 -0.28068778 0.0674927 -0.4050035 -0.29812464 -0.005965508 -0.26606518 0.21387678 -0.12197851 -0.40138304 0.6038631 -0.0007601203 0.016955934 -0.23170227 -0.38699383 -0.0906081 -0.4181764 -0.17631415 0.45858723 -0.24667548 -0.1402703 5.384977e-05 0.02266484 8.825562e-05 -0.3560661 0.22854613 -0.096087694 -0.04047873 0.549903 -0.22848241 -0.65128464 -0.07517408 -0.13951716 -0.044095684 -0.13391238 0.029451683 -0.95015764 -0.55402213 0.21917634 -0.23083305 0.20523551 0.19295879 0.11706713 -0.16866691 -0.1410354 -0.16669564 0.22429445 0.04594967 0.05759255 0.052910518 -0.45877787 0.21497382 -0.2987532 0.116575584 0.2477393 0.046258137 0.16882524 -0.20038341 0.6968114 0.14959736 -0.02571141 -0.1124167 0.04655146 -0.01222014 0.43885416 -0.5232794 -0.17019653 0.46580398 -0.1482658 -0.33252057 -0.793798 -0.21772929 0.5965536 -0.6268654 0.582451 -0.75876683 0.022639805 -0.23189002 -0.06988698 0.037250254 -0.43766645 -0.432876 -0.3028614 0.46928903 0.18144509 0.15899765 -0.14807114 0.80746585 0.16473706 -0.07528595 0.2093051 0.39513272 -0.016920026 0.8786438 -0.32661098 0.0624103 0.11475291 0.6541497 0.4000857 -0.18837236 -0.550578 -0.5785865 0.5343078 -0.15244754 -0.17884663 0.38549325 -0.22607264 -0.054347966 0.008791736 0.14089984 0.5510355 0.10094993 0.4662877 -0.17288426 0.4697391 0.17339951 -0.31830347 0.046369776 0.011288631 -0.008468095 0.060571313 -0.25924623 -0.059361592 -0.33426565 -0.12922822 0.34405708 -0.008794919 -0.56420577 0.12764099 -0.32930824 0.24492323 0.18315113 -0.42268828 -0.21938118 0.039024822 -0.2821181 0.012155194 -0.44147444 0.32993677 -0.31546003 -0.28416273 -0.5557584 -0.08366253 -0.53008497 -0.113174185 -0.18683745 0.058378574 -0.5424586 0.25985417 -0.005360899 0.019474387 0.10174841 -0.31809184 0.14191343 0.017800618 -0.3663306 -0.26464868 0.44978723 -0.42244408 0.51324767 0.3622741 0.071228415 0.41073868 -0.5299564 -0.27584845 -0.2642806 0.115628034 -0.088614255 0.14952065 0.56990176 0.41035292 -0.43781966 -0.4914848 0.17843798 0.10189587 -0.29574105 0.055642504 -0.19542399 -0.47321963 -0.50384057 0.11171809 0.013330827 -0.18832901 -0.25668377 0.4775337 -0.72179663 0.5074145 0.35614136 0.00825659 0.06125918 0.2739751 0.06858044 -0.0262414 -0.088175684 0.08802 0.19853932 0.57109493 0.17359403 -0.00718038 0.3455581 -0.6036367 0.019702611 -0.044726714 0.042224277 0.61440873 -0.18947318 0.49809596 -0.46978727 0.5818489 0.17769206 0.072324105 -0.2423052 0.17054713 0.038075376 0.23265478 -0.07870543 0.028689874 -0.22835922 0.33232853 -0.07941186 -0.32550633 -0.099010766 -0.29445258 -0.45644656
hay -0.0656898 0.5766712 0.052625008 0.29194313 -0.41649228 -0.122472234 0.6032237 0.6879831 0.26871118 -0.36217174 0.45051253 -0.584642 0.05841083 0.07451419 -0.67143196 0.062776424 0.92167324 -0.27625754 -0.25242183 -0.30615184 -0.3673156 -0.047929894 0.5195418 0.8214415 -0.3820628 0.22263612 -0.44837606 0.68288314 -0.15005213 -0.6687137 0.3022718 -0.20327567 0.1022604 -0.23872697 -0.48496503 -0.0037820793 0.23408203 -0.7084768 -0.5911755 0.3390351 -0.13173717 0.62108177 0.32255232 -0.3422138 0.24412109 -0.5119276 -0.004384805 -0.1311136 0.27303544 0.5972316 0.42628124 0.22569726 -0.096457705 0.4644069 0.1797704 -0.30057687 -0.26203513 -0.07500085 -0.39424244 -0.12553969 -0.3023943 0.13640769 0.24096386 -0.45240438 0.3815532 -0.6304051 0.07477792 -0.4536293 -0.0634001 0.0617733 0.12230896 0.16999176 0.13163273 0.26246276 -0.16585284 -0.16370744 0.070830666 -0.1785901 -0.016638428 -0.32449877 -0.63785344 -0.047166795 -0.034800693 0.0008151624 0.19193912 -0.4156219 0.5976885 -0.28431553 0.3586796 0.12331239 -0.7186884 0.38493532 -0.026746143 -0.4822919 0.451498 -0.463948 -0.60951036 -0.07882281 0.6540608 -0.039898854 -0.09785597 0.10386243 -0.110090405 0.29302886 0.55311435 -0.22688293 -0.37033507 -0.48677883 0.1102571 -0.35470206 -0.059436332 -0.14341912 -0.7382266 -0.016001876 0.3030245 0.24663313 -0.15306824 0.47926036 0.45342663 0.22374496 -0.28310537 -0.14075623 0.1713786 0.35628173 0.15483983 -0.36840785 0.016705949 0.6718576 -0.5208316 -0.50893533 0.16897276 -0.63041866 0.3344802 0.14686535 0.8643074 -0.58344805 0.29038516 -0.316995 0.60369885 0.4088754 0.42074394 -0.038993437 -0.3484698 0.08110225 -0.35942012 -0.37822318 -0.34879962 0.10253318 -0.020592075 -0.5150526 0.26308513 -0.0988527 0.016918637 0.4922649 -0.17539379 0.12990807 -0.20212163 -0.4644249 -0.36866996 0.008803939 0.24606222 -0.0074979435 0.10660807 0.31621408 0.4295786 0.074362144 0.33911276 0.25340813 0.34456146 0.7560209 -0.31754565 0.31431845 0.016693959 0.5281427 0.40933457 -0.111206636 -0.08593827 0.11465846 0.6384877 -0.3804675 0.056192823 0.280895 0.093994506 -0.06489397 -0.2689303 0.21120495 0.8632401 0.26531988 0.78737384 -0.43797922 0.42337844 0.2877382 -0.57846713 -0.1551705 -0.29714137 -0.60661674 0.040834025 -0.49702746 0.07811065 0.2847731 -0.22113523 0.19115563 -0.2736521 -0.630069 0.30930752 0.060186695 0.12559648 0.54508656 0.085296184 -0.17788011 0.10134553 -0.22855578 -0.12929954 -0.061299827 0.3041863 -0.25794852 -0.0995267 -0.53830963 -0.12329846 -0.5223173 -0.10650728 -0.07742682 0.5094955 -0.089479685 0.43037367 0.12128345 0.30129132 0.13901322 -0.17783348 0.54170144 0.28629956 -0.43401197 0.049479965 -0.43329558 0.21151981 0.30581862 0.110212535 -0.17548563 0.07176485 0.2281462 0.39596084 0.05587856 0.38277543 -0.11924404 0.24564248 0.4612814 0.50830734 0.12868115 0.14587381 0.30396655 0.19872792 -0.31741852 0.31442037 0.018943397 -0.9299308 -0.5348593 1.129892 0.018223481 -0.8806406 -0.2547893 0.65184224 -0.5470175 0.8237227 -0.09141972 -0.5219696 0.539577 0.3599433 0.14965174 -0.2788724 -0.29168835 0.40979874 0.16599423 0.62781787 0.45795646 -0.04685536 0.14643885 -0.14953749 0.31478977 -0.2766193 0.093186304 0.23183845 -0.035407696 0.2989315 -0.5590101 0.30988753 0.15757038 -0.35126925 0.2952407 0.43226174 0.38968742 0.84444714 0.054072436 0.17818384 -0.35676888 0.5007468 0.10632419 -0.26727173 -0.2716923 0.16100593 -0.44546896
citrus -0.042425968 1.03806 0.19943315 0.3235834 -0.31911796 -0.4858918 0.44152993 0.7233302 0.46808043 -0.44679588 0.46159136 -0.84600437 0.13278781 0.26437673 -0.88130987 -0.19033886 1.0900327 -0.28433168 -0.09278691 -0.32331973 -0.4532063 0.2489892 0.6112935 0.9929778 0.09374899 0.3695586 -0.45931095 0.46298555 -0.19651657 -0.25157943 0.2413999 0.0950142 0.24928127 -0.26918197 -0.22696544 -0.04347499 -0.10617037 -0.76124686 -0.18483223 0.33359507 0.4159662 0.37729484 0.40819073 -0.016523952 0.31354314 0.059197713 0.09267492 0.21797962 -0.07384243 0.5859836 0.061528772 -0.2623938 -0.33148235 0.37919238 -0.3234673 -0.4523533 -0.24069104 -0.30064 -0.41300863 -0.28966317 -0.04151582 0.72472733 0.25759095 -0.22083451 0.3991546 -0.27376148 -0.21921794 -0.2304308 -0.011133857 0.3024792 0.090449974 0.5170762 0.22475772 0.22638969 -0.17160444 -0.14128143 -0.038599942 -0.07860253 -0.14111903 -0.15677781 -0.44791093 -0.30921587 0.112879224 0.44828552 -0.371711 -0.4148301 0.47895578 -0.060110856 -0.0038370942 -0.38277385 -0.15390234 -0.02983437 -0.037127912 0.19527715 0.7085642 -0.10508097 0.07104292 -0.4478575 -0.17968668 0.32473597 -0.5128031 0.7599319 0.53613484 0.3197267 0.4106662 -0.4523208 -0.47007763 -0.1698039 -0.70536005 -0.39365476 -0.22220162 -0.3180032 -1.1763538 -0.3053336 0.29777232 0.23315 0.71818066 0.18399459 0.47176698 -0.31237337 -0.44081685 -0.15915293 0.48816755 -0.05385089 -0.049406584 0.25571817 -0.19374649 0.35024735 -0.2732772 0.4828472 -0.06444026 0.1642088 0.07586828 -0.48762995 0.70344 0.33225194 -0.04179412 -0.38955808 -0.015217244 0.19301303 0.24757248 -1.0564073 -0.32148412 0.19973458 -0.4242313 -0.9716519 -1.0717192 -0.4503724 0.6366098 -0.9714202 0.49671534 -0.7003719 -0.10853706 -0.107472494 -0.24165204 0.24849297 -0.5282889 -0.5263339 -0.009226946 0.33231035 -0.08107706 0.101895176 -0.31763303 0.5316324 0.36893412 -0.36225173 0.3305322 0.67185634 0.14528243 1.1487746 -0.678006 -0.052469276 0.38804168 0.99646825 0.510319 0.78472805 -0.6041572 -0.66198236 0.4100506 -0.25042513 -0.3639561 0.4915139 -0.2575999 -0.020627929 0.10271565 -0.010221648 0.7488701 0.260661 0.22591871 -0.71045905 0.038303673 -0.012188131 -0.5981573 -0.1905773 0.13695529 -0.20674485 0.07452585 -0.37888873 0.037448555 -0.050719026 -0.64795446 0.27393952 0.20695075 -0.49183849 -0.28295118 -0.25993508 0.066662796 0.28346094 -0.23187985 -0.40054026 0.20998819 -0.7304652 -0.092888296 -0.43710953 0.07208263 -0.3449884 -0.16499738 -0.79487705 -0.0570945 -0.08849866 -0.12928933 -0.35192478 0.449471 -0.39832163 -0.06590687 0.25591907 0.6028197 0.32288656 -0.086660825 -0.11344722 0.17267735 -0.57817644 -0.51358527 0.5397114 -0.49096975 0.08837522 0.48634315 -0.2622936 0.35210267 -0.33854306 -0.27715096 -0.237875 -0.29342255 -0.2867656 0.04086781 0.7260792 0.6795959 -0.3763867 -0.31209576 -0.10194279 -0.0527472 -0.6318936 0.01294444 -0.20595996 -0.6309162 -0.31137127 0.26288885 -0.2457983 0.016176488 -0.36310768 0.5752977 -0.5676777 0.9912516 0.27141455 0.37094504 -0.13190778 0.12902658 -0.18009914 0.15573289 -0.07520098 0.47925034 0.26629695 0.67606527 0.0891746 -0.014018358 0.70943207 -0.55570364 0.027865814 -0.1964988 0.09818376 0.7005983 -0.6104439 0.87572205 -0.7259567 0.5148472 0.06854407 -0.08303345 -0.21303867 0.015875094 -0.28097385 0.19837481 -0.90993494 0.04356531 -0.48172188 0.28089333 -0.215076 -0.46321714 0.10645333 -0.36008143 -0.25120515
ammonia -0.026634868 0.25929457 -0.071584 0.23641199 0.22805275 -0.37913 0.30164036 -0.07943323 -0.14429994 -0.36555067 0.3075703 -0.47419772 0.04647762 -0.055748854 -0.46412405 -0.23636031 0.46206573 -0.6028168 0.3240313 -0.3986527 -0.22179121 0.40702316 0.29247695 1.0186119 -0.30319548 0.016235152 -0.33481905 0.1056101 -0.1288471 -0.3130204 0.11465336 -0.20289083 0.21905637 0.038994778 -0.26200497 -0.30856395 -0.075585924 -0.007877921 -0.18875857 0.31225413 -0.09186008 0.3144133 0.43768126 -0.16459316 0.054352008 -0.14747335 -0.14835455 -0.10010987 0.051026646 0.5083806 0.7173692 0.14897852 -0.5148034 -0.20159833 0.3242448 -0.29538944 0.25983283 -0.24595824 -0.14028727 -0.045284294 -0.17020367 0.027093487 0.044756833 -0.10534772 0.17282982 -0.35827997 -0.2149964 -0.037035435 -0.15964036 0.26845774 0.35321844 0.05041919 0.3141395 -0.07175442 0.07359227 -0.06201083 -0.38970795 0.13348675 -0.25436562 -0.24420832 -0.3496245 -0.34647584 -0.019342322 0.37636802 0.03319364 -0.07214402 0.27358657 -0.23995225 -0.27046272 -0.19101474 -0.6020926 -0.41230303 -0.27400675 0.23257458 0.11698306 -0.35136306 -0.4628501 0.20539705 -0.48487154 -0.0618693 0.09659406 0.053491697 -0.029821383 0.017473362 -0.40433002 -0.28178364 0.13149558 -0.029381005 -0.17313915 -0.33753917 -0.10024477 -0.544715 -0.39275 -0.5033816 0.48378468 0.17635201 0.18010442 -0.02651268 -0.24979724 0.20987287 -0.11883336 -0.22127168 0.062379047 0.11007534 0.39068022 -0.38488144 -0.010079158 0.3417086 -0.3118843 -0.18039913 -0.16891553 -0.19904655 0.120921664 -0.209319 -0.08947907 -0.22380532 0.5215291 -0.3365849 -0.0034597456 0.40858352 -0.29079783 -0.207249 -0.41372088 -0.21783184 0.16838187 -0.69521856 -0.27506712 -0.24352585 0.3822575 -0.09065238 0.08763788 -0.56349206 -0.15551199 -0.0012269545 -0.11400019 0.025253534 -0.38727453 -0.47520775 -0.21108106 0.102653444 0.15242276 -0.07713983 -0.09658808 0.8584771 0.28556344 -0.034786824 -0.08720552 0.48260468 -0.096814215 1.1875314 -0.35555032 0.012627605 -0.20084184 0.51090544 0.1313778 0.71198314 0.20117985 -0.22074188 0.20935391 -0.06688979 0.20947842 -0.19812529 -0.6658993 -0.24699742 -0.18948795 -0.26594985 0.64696985 0.6742028 0.06117168 -0.08532914 -0.08015093 0.3700905 -0.5355317 -0.5729013 -0.0035064775 -0.32516146 0.3104018 0.0024215179 0.07288983 0.17899452 -0.53946424 0.08804963 -0.1268758 -0.28233323 0.112309106 -0.18817155 0.3692413 0.27975437 -0.01728059 -0.14545844 0.35692704 -0.39013857 -0.42201516 0.49205428 0.19836724 -0.059845272 0.05189602 -0.47346392 -0.21466419 -0.34445128 0.045845184 -0.18682432 0.16422959 -0.5175693 0.04517916 0.11879601 0.51332676 -0.13418105 0.09083073 0.0554329 0.6657109 -0.28269005 -0.21876718 -0.14770369 -0.3503059 0.09039222 0.25550333 0.25878882 0.2708191 -0.2983902 0.48542157 -0.05586175 -0.45585632 -0.023560597 0.21534279 -0.1677864 0.40403384 -0.3249701 -0.02671495 -0.47136426 0.30185345 -0.35952932 0.4338935 -0.15150611 -0.7940177 -0.29405808 0.35591456 -0.13791232 -0.50148493 -0.040608607 0.42366928 -0.28801784 0.5629701 0.13434625 -0.32708037 0.1452375 0.19597688 -0.014949829 -0.4793571 -0.092778616 -0.27518022 0.3634917 0.8081315 0.61431533 0.34577468 0.13331124 0.33234763 0.09762546 -0.5396131 0.104462385 0.19419461 -0.16744484 0.13294417 -1.0052029 -0.06130197 -0.34150818 0.07829286 -0.07314747 -0.15616411 -0.21986333 0.10506854 -0.26107433 0.33760256 -0.6500142 0.5261392 0.2718095 0.16387254 0.46125403 -0.40054703 0.4283729
cedar -0.045511596 0.8614008 -0.04526444 0.36670303 -0.13474447 -0.6562436 0.37525308 0.79090613 0.12049119 -0.69875216 0.23568004 -0.97265315 -0.22254223 -0.06615097 -0.71425337 -0.24071366 0.48710155 -0.27955428 -0.027980248 -0.14536795 -0.17643374 0.34450418 0.085473955 0.629646 0.053492017 0.37150112 -0.433334 0.2559899 -0.13546845 -0.34540185 0.013175874 -0.14967096 -0.10342456 -0.08952942 -0.1707529 -0.07832984 0.021443725 -0.45410344 -0.36339185 0.32005057 0.32700396 0.39150426 0.14300951 -0.24437754 0.10531709 -0.30834663 0.3177874 -0.034416184 0.17976858 0.513373 0.10482421 -0.38075596 -0.31103066 0.31892926 0.098815545 -0.45171502 -0.2551452 0.13184373 -0.31728685 -0.03230799 -0.14925884 0.020704322 0.083515994 -0.2001278 0.42553723 -0.56030566 -0.020307224 -0.28330907 0.3916682 0.20525266 0.41692856 0.0030583977 0.23706153 0.35547498 -0.26912642 -0.02880926 0.1978521 -0.32489884 -0.061598748 -0.28352132 -0.56036484 0.035577342 -0.06257857 0.23952259 -0.037488066 -0.3576179 0.8009612 0.0859875 0.22408924 -0.0010314316 -0.5088337 0.12763765 0.10799437 -0.03713202 0.37743062 -0.50401545 -0.13384584 -0.22400194 -0.04149373 0.22117998 -0.32281783 0.5218101 0.111064754 0.21631977 0.2964221 -0.15763408 -0.38683617 -0.3681399 0.014259247 -0.06161854 -0.061242446 -0.20809543 -0.6143654 -0.22958039 0.071941644 0.060384206 0.22173959 0.11929365 0.162238 0.26479873 -0.32636505 0.06687824 0.3038172 0.099029996 -0.022750864 0.11615307 -0.35606244 0.44012788 -0.43389937 0.27588022 0.42444924 0.02458418 0.2264251 -0.18465033 0.66308445 -0.24406017 -0.059113186 -0.26674086 0.064616665 0.3440963 0.21716535 -0.4432905 0.0047024675 0.06736574 -0.34714553 -0.053748276 -0.29868627 -0.0069340076 0.30835438 -0.50403774 0.3943355 -0.2832514 -0.12902662 -0.2957715 -0.030993715 0.08564161 -0.18504214 -0.23930117 -0.29073182 0.015421524 0.04149425 0.1327029 0.081192106 0.39603543 0.09276253 -0.061943684 0.20124412 0.20107862 0.05754439 0.8191467 -0.303724 -0.11235462 0.10717198 0.51863855 0.10689558 0.11035716 -0.40069142 0.013805879 0.26526666 -0.3339374 -0.11789259 0.3010868 0.13602665 0.15358068 -0.016669026 0.25072932 0.22892614 0.12959397 0.20257334 -0.5355834 0.083262675 -0.0019286792 -0.59725064 -0.2200233 0.0005378063 -0.60456485 0.13816683 -0.5879612 -0.027826747 0.23433882 -0.3675687 0.16356693 -0.27379227 -0.6325256 -0.17596033 -0.15804309 0.052100785 0.17606375 -0.053617727 -0.11975679 0.13220009 -0.05163079 -0.20151898 -0.07731219 0.45565572 -0.13296132 0.05662806 -0.31212968 -0.10738029 -0.43598354 0.038976632 -0.3319134 0.5748022 -0.14504275 0.17202124 0.27229202 0.20267822 0.13802469 -0.104181506 0.51027983 0.34043625 -0.41432852 -0.21275027 0.035646137 -0.09830963 0.22318804 0.21259286 -0.2580255 0.28199956 -0.042405125 0.19242668 -0.40367642 -0.18799676 0.14035979 -0.1293687 0.30416664 0.52556396 0.0042015845 -0.17445125 0.19511591 0.21531597 -0.35661414 0.331344 -0.03420217 -0.8598792 -0.49539322 0.8622337 -0.041236673 -0.35464677 -0.37687775 0.47494748 -0.40299717 0.25567824 0.34780493 -0.0071202125 0.42138904 0.124227576 -0.2648177 -0.20219898 -0.09339293 0.17395952 0.07146994 0.6232249 0.08094118 0.0027784607 0.5021981 -0.33602747 0.28215092 0.0899748 0.12689236 0.34897837 -0.06015048 0.53596604 -0.3146188 0.38540766 -0.043599304 -0.3080106 0.050860938 0.145168 0.1272811 0.37972504 -0.42682752 -0.25031248 -0.37453863 -0.19691887 -0.13455686 -0.42952323 -0.4712257 -0.04261379 -0.34856465
weed -0.022896389 0.0018415891 -0.26388597 0.050912686 -0.2216039 -0.21914929 0.516587 0.24202153 -0.018020881 -0.2613935 -0.0039940523 -0.16415462 -0.3328567 -0.010305181 -0.11522573 -0.1760388 0.23479678 -0.28577468 -0.065640815 -0.24593559 0.3368029 -0.034771875 0.108542636 0.34735367 -0.11972726 0.02761501 -0.23683146 0.03782159 -0.04086293 -0.31046328 -0.046566658 -0.09760021 -0.086027354 0.1793844 -0.30628735 0.11872031 0.17429692 -0.34209847 -0.4392118 0.2792726 -0.16160947 0.26904106 0.10017532 -0.2954159 -0.02509677 -0.15775928 0.04842671 -0.09499448 0.32930523 0.533022 0.338272 0.15156198 -0.13077116 -0.057715114 0.19833374 0.0026647698 0.23694932 0.13382705 -0.16396737 -0.11232726 -0.33188334 -0.3162515 0.16912705 -0.0902215 0.0011283141 -0.26199073 -0.43967792 0.00067568314 -0.019762767 0.08670705 -0.086594716 -0.121417716 -0.13576327 0.1087898 -0.067730956 0.18836693 -0.14547306 0.123856455 -0.060073055 -0.14618696 -0.11797796 0.3661597 0.0038244026 -0.021947587 0.17959914 -0.06488967 0.30486545 -0.15480264 0.24558282 0.15915954 -0.42942595 0.099316955 -0.08745863 -0.18505836 0.20139673 -0.09662661 -0.5617731 0.34488854 0.16035752 -0.4422844 0.041227903 -0.038462125 -0.069839716 -0.21343651 0.27111873 0.073736235 -0.0020041293 -0.062263925 0.25317284 -0.20740694 0.40546754 -0.15947963 -0.28088897 -0.13900818 -0.15035836 0.3243045 -0.15129207 0.007681575 0.02533758 0.19154279 0.062196482 0.10201483 -0.10011949 -0.062233713 0.032052666 -0.418611 0.13542296 0.12698448 -0.41926092 0.0052613025 0.13527021 -0.18527566 0.05828415 -0.0940424 0.037322715 -0.3604318 0.13100357 0.031329904 0.2830784 0.33365518 -0.005847312 0.19700623 -0.26345596 -0.19718555 0.01077195 -0.092769876 0.3121547 0.09147253 -0.19311713 0.14167167 0.008362551 -0.65779763 -0.048499398 0.08827238 0.03894316 0.0031054078 -0.27102178 -0.28831774 -0.18630148 0.065242276 0.27692077 -0.16390328 0.15728982 0.23197316 -0.15714993 0.19639713 -0.05975369 0.20364259 0.13760176 0.6433895 -0.22160949 -0.019708367 -0.09693497 -0.04454515 0.14945221 -0.17962453 0.30175596 0.085922815 0.21767883 0.056821384 0.11406796 0.07487855 -0.035424434 0.027361145 -0.04810487 0.07272698 0.2300808 0.28714472 0.031683285 0.05005262 0.075680755 0.0213936 -0.3109799 -0.09390077 0.06834337 -0.251285 0.18371373 -0.45913836 0.04252167 0.26786745 -0.37325433 -0.16768292 -0.2938635 -0.14305514 0.022173176 -0.25194126 0.17718308 0.36643878 -0.088170454 0.12571368 0.10227196 -0.022836333 -0.0145055745 0.10670144 -0.04685324 0.02260065 -0.2556598 -0.21084812 -0.2673111 -0.23887743 0.21158436 0.17383684 0.13118847 -0.1029209 0.24610515 0.11880552 0.13404697 -0.14147666 0.024220468 0.09619296 0.1432905 -0.087565124 0.1379135 -0.152827 0.011847078 0.15975979 -0.20837611 -0.207698 -0.04942948 -0.13431326 0.30487016 -0.050061222 -0.21862283 0.39541227 0.13350922 -0.15278658 0.17268062 0.03054445 0.06940211 -0.14761588 -0.024579542 -0.124217354 0.091743 -0.16330463 -0.5434222 -0.375089 0.4502016 0.021785969 -0.40108964 0.050509945 -0.03274942 -0.060551696 0.4896626 -0.07854711 -0.33417168 0.40854555 0.31078002 0.15553078 -0.36544487 -0.053432785 -0.37077144 0.20155714 0.20932081 0.46756193 0.18571928 -0.07955626 0.19213094 0.1758386 -0.0954957 -0.06256275 -0.08613567 0.293993 0.23001191 -0.40257373 0.04344441 -0.09029653 0.024527598 -0.036266398 0.2195202 0.012451366 0.30255172 0.1780782 0.19520047 -0.16201392 0.2168527 0.025077466 -0.103524424 -0.043567453 0.10385572 -0.052540235
rubber 0.10968341 0.21964982 -0.08359664 0.047782693 -0.304122 -0.4662655 0.59754765 0.28408685 -0.07207543 -0.34429592 -0.24135627 -0.45094678 -0.2520402 -0.04302294 -0.5357956 -0.3244048 0.18898235 -0.46495476 0.019653518 -0.28011146 -0.15826912 -0.008340258 -0.10076281 0.8222042 -0.05898308 -0.079071544 -0.18392837 0.30221933 0.17931145 -0.5923912 -0.11186846 -0.44391912 0.17728654 -0.05033364 -0.3981937 -0.1049999 0.034156226 -0.28573546 -0.5620054 0.27935284 0.108640596 0.055969726 0.2604484 -0.15851353 0.012582233 -0.54660225 -0.0629112 -0.25193563 0.06906926 0.15382797 0.17526726 -0.15301432 -0.05322536 -0.047919538 0.22095823 -0.34202725 0.2156675 -0.08378816 0.026399802 -0.055199463 -0.07193064 -0.28417507 0.14405623 -0.5931263 0.35259348 -0.60747105 -0.2624397 -0.2879662 0.10824558 0.08601496 0.15757748 -0.04818734 0.010196778 0.12892194 -0.090048574 -0.3351092 0.13002387 -0.022678228 -0.272569 -0.47921506 -0.45788023 -0.2426818 0.009653957 0.081563845 0.38184017 -0.22235252 0.49883246 -0.3037233 0.4124611 -0.14162707 -0.75379163 -0.06986451 -0.1932606 -0.020189155 0.02620477 -0.3831904 -0.80704963 0.47562847 0.13288294 -0.29215246 0.17742729 0.16191898 -0.33318657 0.09322724 0.05172922 0.18428865 -0.038587913 -0.24506618 0.39783606 -0.2021256 0.5133242 -0.21756394 -0.289332 -0.105449915 0.29188746 0.2531014 0.183741 -0.078845315 -0.0058890344 0.32303604 0.3277937 0.06551547 -0.17486426 -0.08753115 0.16156626 -0.28877008 0.0329483 0.10561831 -0.27628908 -0.12232306 0.24759164 -0.15468809 0.18283132 -0.28358907 0.26857728 -0.18019633 0.5527848 -0.10329271 -0.028269859 0.09688891 -0.1538846 0.114864804 -0.24267603 0.12398942 -0.034542736 -0.24503136 0.14632568 -0.24084441 0.26321447 0.025100954 -0.16650969 -0.4888723 -0.26746318 0.15172525 -0.0074289977 0.13518086 -0.45062774 -0.480186 -0.35318774 -0.08501379 0.52252835 -0.23631331 0.13730015 0.4863419 0.13531773 0.3810784 -0.16789263 0.38829285 0.15001082 1.1592811 -0.3443934 0.37037262 -0.11672421 0.2424122 0.39356944 -0.11643211 0.21785508 0.041126557 0.24485445 0.08687872 0.52036387 -0.012792981 -0.4743025 -0.03275814 -0.14986736 -0.3421733 0.4078327 0.35715026 0.39738742 -0.21884817 0.15009004 0.46396914 -0.32020333 -0.05046671 0.13663432 -0.597947 0.4551116 -0.36698443 0.076758765 0.40823606 -0.18166879 -0.24391015 -0.6169823 -0.23842616 0.37066457 -0.5181429 0.46136162 0.43542755 -0.31863007 -0.007804805 0.11657207 -0.2271322 -0.13303705 0.5920715 -0.049361154 -0.29282135 -0.094371654 -0.20624346 -0.11883412 -0.37309375 0.095979795 -0.14283943 0.095101036 0.07167112 0.053438034 0.04868931 0.46601403 -0.30132198 -0.06028499 -0.08584974 0.25455824 -0.22117737 -0.09484286 -0.2496272 -0.17384411 0.4817024 0.05829132 0.15407266 0.05788476 -0.0006266794 0.36286095 -0.3420403 -0.14177395 0.8095178 0.4901283 -0.027780905 0.52674997 -0.32901978 -0.0009745094 0.22678876 0.044895697 -0.30012086 0.51594007 -0.20750698 -0.8804308 -0.66930383 0.5673535 0.0011793369 -0.621848 -0.14820437 0.3731116 -0.3994652 0.43973583 -0.023808751 -0.09839417 0.22526549 0.41911137 -0.075357676 -0.68312925 -0.3246238 -0.430668 0.14642702 0.58781606 0.400525 0.40955573 -0.0058605047 0.25220728 0.49629635 -0.15307745 -0.045358382 0.0698031 0.04736953 0.55813646 -0.89854103 0.14498654 -0.315019 0.19257054 0.12102889 0.29840425 -0.050667368 0.5775566 0.19572654 0.27459353 -0.13430497 0.7288653 0.3588151 -0.075810134 -0.13894463 -0.0074611627 0.039200883
vegetable 0.1981663 0.4782274 0.24238588 0.4163465 -0.39245862 -0.50970054 0.78946614 0.6538325 0.24774815 -0.2173271 0.17063788 -0.64998233 -0.17552394 0.045354906 -0.43221876 0.007849447 0.1141229 -0.030810688 -0.05289996 -0.023527706 -0.09002812 0.1998357 0.14848772 0.5120192 0.2063723 0.038007133 -0.079738885 0.21453796 -0.18661599 -0.457398 -3.3998047e-05 0.03838147 0.17030126 0.030240487 -0.2975531 -0.035717983 0.09108006 -0.30406392 0.003680098 0.20361331 0.2166457 0.48122618 0.19803393 -0.16446039 -0.040524248 -0.22001344 -0.040369805 0.03523603 0.039273966 0.6614894 0.3949497 -0.28572458 0.12183903 0.031779174 -0.04979998 -0.32880586 0.047248796 -0.29298654 -0.21989009 -0.09092155 -0.28923163 0.29144496 0.17825833 -0.27826026 0.33065906 -0.3915376 -0.24539696 -0.029669333 -0.22914866 -0.07736204 -0.0037419575 0.49901605 0.10775132 -0.010467641 -0.18535705 0.1152327 0.083134614 -0.06655748 -0.07200322 -0.19361214 -0.3291254 -0.20626083 0.19347069 0.43075693 -0.21856566 -0.2188796 0.5311202 0.073715486 -0.08815844 0.30197832 -0.10045842 0.17572051 -0.10432963 -0.064580165 0.3070596 0.060742725 -0.54276615 0.14211226 0.3959156 -0.07936758 -0.2570637 0.034144223 0.17283271 0.12473614 0.003540753 -0.49390727 -0.14838986 -0.1474491 -0.3881138 -0.6627703 0.088876486 -0.22455736 -0.6306267 -0.21521984 -0.0433405 0.65586495 0.39049807 0.13687767 0.49012658 -0.23083328 -0.005742274 -0.14642496 0.46675465 -0.0953925 0.13806868 0.27288908 0.0024907938 0.04152327 -0.4221034 0.25050315 0.23983507 -0.0053848936 0.22025698 -0.005809917 0.24097437 -0.047087327 0.055545803 -0.02800615 0.05783522 0.42591035 0.13045616 -0.43642968 -0.17563364 -0.053282052 -0.11189014 -0.4313939 -0.14208792 -0.09107676 0.26738504 -0.48271385 0.16028209 -0.15937077 -0.0892233 -0.14062424 -0.30969942 0.10714814 -0.61871713 -0.26483002 -0.062088702 -0.025879703 -0.1711079 -0.30035686 0.33968186 0.016719945 0.44106078 -0.0950308 0.1182552 0.5476752 0.24136744 0.1498968 -0.31027904 0.2947396 -0.12224792 0.19328658 0.21547908 0.67117715 -0.1720113 -0.2634115 0.2893213 -0.015013964 0.17883767 0.11900997 -0.36097622 0.04609433 0.04835354 0.18880807 0.5647824 0.31176648 0.37411714 -0.45687613 0.15272902 0.14236721 -0.6170029 0.005821624 0.050062608 -0.21658677 0.41280842 -0.39609098 0.1992913 0.109704845 -0.17176814 -0.08268563 -0.008869197 0.124897726 0.06231643 -0.2413898 0.06943843 0.06491092 0.032675687 -0.033328738 -0.06722975 -0.35216936 -0.40182543 -0.11015131 0.23750319 -0.45225862 -0.03296542 -0.4520329 -0.37124124 -0.27223042 0.39077094 -0.15670858 0.21643785 -0.3179858 0.17054473 -0.006296626 0.1727823 0.3740485 -0.21964252 0.2957282 -0.052648496 -0.5338905 -0.10661495 -0.056701265 -0.057570834 0.12084942 0.18863209 -0.038432177 -0.109675035 0.08821042 0.06951359 -0.3029362 -0.37823886 0.43795797 0.11226882 -0.052108817 0.27756336 -0.18952964 -0.08574103 0.06874117 -0.023805697 -0.37144256 0.5694156 -0.05102891 -0.370656 -0.21492994 0.31591684 0.034124207 -0.01738109 -0.22341673 0.02461668 -0.13101697 0.3301301 0.20510735 -0.18161434 0.24263068 0.26001683 0.40237916 -0.1244468 -0.21553013 0.06281947 0.24396203 0.43657616 0.44922742 0.32149637 0.31267062 -0.24477896 -0.08491189 0.13398814 0.030419013 0.051167604 -0.13473035 0.34272838 -0.47946936 0.10324006 -0.15238246 0.13780388 -0.46305734 0.2325919 -0.03270953 0.3370621 -0.29800707 0.36389253 -0.33623934 0.33170962 -0.15585525 -0.16151369 0.16712719 0.10905456 -0.06257075
vinegar 0.101996765 0.49634343 0.00020457146 0.34418333 -0.21219292 -0.6748695 0.35147014 0.4215499 0.19411933 -0.12513366 0.19922705 -0.60841453 -0.021668004 -0.11129662 -0.4582444 -0.41288093 0.45317227 -0.4061126 0.045644686 -0.08322277 0.0035471374 0.071936905 0.1786094 0.46064562 -0.062196776 0.17493114 -0.18401207 0.21826169 0.06129211 -0.22127004 0.25090218 -0.2150184 0.18671404 -0.0661898 -0.22871439 -0.20057037 -0.10039393 -0.446091 -0.12858038 0.34968013 0.039060052 0.26672176 0.21884461 -0.3800629 -0.13139968 -0.11953817 -0.061235636 -0.22089341 -0.06353549 0.35687724 0.334927 -0.09365811 -0.3588153 0.00125821 -0.06990234 -0.05644484 0.20216708 -0.17833605 -0.093765944 -0.11191509 -0.019769065 0.045158286 -0.03677089 0.16158941 0.20435655 -0.54953706 -0.29051623 -0.0117337275 0.08802314 0.12261279 0.09351038 0.09090444 0.16693088 0.14142686 -0.35944408 -0.2844893 -0.13432741 -0.044074766 0.024734896 -0.3270494 -0.08117532 -0.08337582 -0.026515245 0.1931657 -0.11908214 -0.1519546 0.33904004 0.0127787115 -0.034919646 -0.049809314 -0.11072944 -0.14280716 -0.37505415 -0.004507675 0.2156776 -0.25442562 -0.4561167 0.3000725 0.007160511 -0.2651427 0.10874396 0.04829843 -0.010516247 -0.15550976 0.1228906 -0.19887556 -0.07485255 0.022754762 -0.28339085 -0.45081428 -0.2865486 -0.5703314 -0.6482673 -0.25253716 0.17776297 0.3557428 0.14757277 0.036292955 0.1262577 0.030570205 0.01122804 -0.112165704 0.2183489 -0.117871866 0.11859306 -0.22727525 -0.119897686 0.19433145 -0.40195498 -0.052144904 -0.06619441 0.02626683 0.10791904 -0.18338759 0.41636848 0.001331772 0.44093066 -0.17111751 -0.17292926 0.36174938 0.30341047 -0.39394495 -0.11567341 0.025499064 -0.043593876 -0.4097597 -0.45416757 -0.28620097 0.4175056 -0.3449779 0.24523534 -0.59844303 -0.006653216 -0.15107554 -0.27017048 0.05752011 -0.6028697 -0.73020726 -0.27899674 0.11758325 -0.04273338 -0.13223164 -0.07533261 0.48638377 0.0031142684 -0.037118107 0.13378341 0.45956442 -0.0056607905 0.86968774 -0.3976227 -0.08593559 -0.20381877 0.4630245 0.17025785 0.33306685 0.18999916 -0.29664922 0.20509474 0.15088612 0.040245954 0.0097783385 -0.24293134 -0.10740137 0.04439977 -0.23115112 0.31912336 0.31781852 0.16748428 -0.0802807 0.12938736 0.23085293 -0.4120629 -0.06597975 0.027042454 -0.22717343 0.079202525 -0.15470818 0.22315532 -0.020663133 -0.3589388 0.19422008 -0.014213987 -0.22045058 0.10195735 -0.4775774 0.2235576 0.14138733 -0.09148078 -0.11708162 0.07865104 -0.023133418 -0.06995377 0.13232312 0.04672925 -0.277503 -0.07253795 -0.47820577 -0.12339529 -0.43794322 0.25833768 0.01854807 -0.016973047 -0.3472313 0.22893612 -0.011546822 0.17576165 0.09376266 -0.24636723 0.04948574 0.3223725 -0.23272535 -0.18113267 0.051547986 -0.23704478 0.34870213 0.13074191 -0.05853039 0.37093163 -0.36900336 -0.09097176 0.061951187 -0.20284235 0.16305678 -0.0323881 0.010989553 0.28927734 -0.095657304 -0.33566365 -0.029995855 -0.0008845805 -0.2993056 0.2592826 -0.08703751 -0.4291437 -0.32978338 0.052577298 0.030312767 0.07552268 0.033794247 0.24020252 -0.123854496 0.07939953 0.26292256 -0.05942801 0.15501377 0.10093139 0.008856325 0.011427556 -0.12719923 -0.08882718 0.4524441 0.30734792 0.34944904 0.2797295 0.0036342829 -0.2442921 -0.0052098944 -0.09844154 -0.20970617 0.13164513 0.035145257 0.2386903 -0.6636644 0.07068974 -0.0060276426 0.11147812 -0.2804631 -0.040150695 -0.14477442 0.19213201 -0.0812964 -0.049044725 -0.48509744 0.1260643 0.037040714 -0.13515972 0.36321694 -0.17761157 -0.038799785
popcorn 0.034602053 0.2086584 0.23760006 0.010846329 -0.37355578 -0.39115095 0.32560906 0.32021448 0.133112 -0.17145716 0.04749038 -0.21289378 -0.06385546 0.025748566 -0.15012199 -0.25938648 0.2203221 -0.3096631 -0.24873766 0.061997823 -0.101370946 0.090827614 0.0702606 0.34748134 -0.23168312 0.07552587 0.28359884 0.1733279 -0.23857908 -0.21602856 0.11030277 -0.19943011 0.20029767 0.038104683 -0.3655535 -0.095583975 -0.10301431 -0.18285891 -0.1378463 0.3834394 0.13526063 0.010088613 0.11645732 0.05906248 -0.03972406 -0.3588302 -0.07786568 -0.20716645 -0.044956647 0.347682 0.022449953 -0.2039506 -0.23258193 -0.023593772 0.004226418 -0.5750241 -0.034992285 0.018608214 -0.2993472 -0.24852891 0.030070554 0.19176665 0.2703404 -0.28204015 0.33694133 -0.5911198 -0.09776044 0.0138239125 -0.040285807 0.06451813 0.108622216 0.048781328 0.23656076 0.28635377 -0.4892737 -0.2314261 -0.0064937593 -0.21141216 -0.15526196 -0.36333004 -0.24888143 -0.024041686 0.36529756 0.15564731 0.062470607 -0.2145744 0.42437243 0.047760386 0.22236708 -0.009781624 -0.1015121 0.19758898 -0.40540716 -0.16938598 -0.030910313 -0.026566023 -0.46475208 0.27486616 0.1986986 -0.50744855 -0.12058513 0.0148143815 -0.4501898 -0.1773886 0.19477838 -0.0787496 -0.13734841 0.15084666 -0.0658653 -0.31877187 -0.38277644 0.04689418 -0.6342201 -0.23063475 -0.23301178 0.09369804 0.24503599 -0.049700048 0.10892211 -0.052275423 0.24166405 -0.22069731 0.16581754 0.18485159 0.41543156 0.012469838 -0.29515857 -0.11696171 -0.3193593 0.049287334 0.1331231 0.011967968 0.24219953 -0.34665117 0.5885798 -0.18440472 0.20372424 -0.07519527 -0.22779375 -0.027677197 0.13616818 -0.21805981 -0.039020695 0.028049825 -0.2591568 -0.13570128 -0.054484226 -0.013399518 0.21790777 -0.24177526 0.36024642 -0.39377865 -0.1465907 -0.16693687 -0.30381802 -0.25403714 -0.60038614 -0.40805602 -0.26746982 0.16256073 0.41167834 -0.32613245 0.067186184 0.19933686 0.26525718 0.059909154 0.16016749 0.23263872 0.12347017 0.6181111 -0.3648219 0.0012564802 -0.27159587 0.2898355 0.2999541 -0.005535235 -0.27858925 -0.06370129 0.41559234 0.33529785 0.095135495 0.26729986 -0.42498598 -0.060316715 -0.30940658 0.046595063 0.8923831 0.4188812 0.31681043 -0.46633786 0.4621373 0.14677474 -0.36346948 -0.011057331 0.19724913 -0.68990576 0.11768028 -0.38611212 0.24040835 0.25400257 -0.20604113 -0.20325547 -0.4456713 -0.30401924 0.21877056 -0.5664805 0.07152068 0.3852095 -0.40609103 0.0052880184 -0.2610107 -0.18704858 -0.41485107 -0.06688112 -0.13143814 -0.39546028 -0.18208489 -0.4980608 -0.20573002 -0.4153707 0.07957161 -0.10983744 0.042627204 -0.024415871 0.38084462 -0.028305752 0.121291526 0.17175214 -0.24894123 0.016125634 0.059149534 -0.1183637 -0.03146647 -0.34101623 0.013849091 0.27319023 0.22077608 -0.10481984 0.04970007 0.09541794 0.014231606 -0.14777611 0.047057606 0.5301787 0.24324788 -0.1318569 0.03253584 -0.06361984 0.0051313126 0.08127463 0.034145724 -0.18611796 0.48492685 -0.09764096 -0.48622525 -0.51138765 0.4772156 0.12817664 -0.045076262 -0.2550448 0.29137665 -0.44518027 0.39780763 0.074381985 -0.14866468 0.23469849 0.38702458 -0.0953405 -0.011067216 -0.337445 -0.17690851 0.18793885 0.28220227 0.25030458 -0.053631514 0.2267891 -0.071987994 0.16133732 -0.028638495 0.015322637 -0.01571582 0.08494708 0.21240348 -0.4669415 0.1335218 -0.062040955 0.22782506 0.1080146 0.17441227 0.17079292 0.3250867 0.2547682 -0.039907787 -0.078443006 0.1872985 0.22293217 -0.2759004 -0.015159932 -0.061416224 -0.110304
potato 0.13500433 0.2679859 0.19443247 0.30155733 -0.5134123 -0.46414587 0.5711223 0.10316446 0.049693048 -0.010175543 0.1487306 -0.19086757 -0.14451379 0.04626873 -0.3679152 -0.19133927 0.3108935 -0.08012912 -0.1855807 -0.028386673 -0.07694342 0.06571085 0.07898766 0.39409226 0.13397105 0.002306338 0.1628044 0.1348769 -0.19202758 -0.5309641 -0.07437744 -0.19016409 0.1911246 0.089044005 -0.09020026 -0.0963514 0.18919648 -0.36741674 -0.08558091 0.20551845 0.39682224 0.26209813 0.08146199 -0.082228504 -0.0776718 -0.295336 -0.24281813 -0.028237166 0.105938494 0.2836555 -0.07087708 -0.35236546 -0.028745318 0.19329008 -0.24555826 -0.32426828 -0.0780539 -0.190914 -0.19604808 -0.28071183 -0.1463419 0.33975944 0.05449182 -0.20120706 0.60572475 -0.6619534 -0.38425905 0.086481296 0.1316362 -0.01080154 -0.084742494 0.24408145 0.026226386 0.30299932 -0.3755228 -0.17199577 0.31772625 -0.11819385 0.012607379 -0.37624282 -0.5315437 -0.33555463 0.1762239 0.43135256 -0.19255541 -0.17450169 0.4622148 0.06237143 0.23601699 0.27044562 -0.09425215 0.20413922 -0.17511292 -0.5716004 0.19685788 0.17550166 -0.40795544 0.21061552 0.6159993 -0.24943644 -0.29323372 0.009573064 0.145494 0.023079555 0.2672648 -0.3155276 -0.34424183 -0.009989753 -0.02192103 -0.5551046 -0.14689668 -0.18130198 -0.805468 -0.18270187 -0.2776387 0.52275884 0.14892091 0.1981551 0.66086584 -0.3886918 -0.07377778 -0.23537572 0.54402286 -0.07384945 0.13644768 0.24162166 -0.03877875 0.08433182 -0.591248 0.23174796 0.2529382 -0.08675059 0.36994672 -0.38644126 0.63261515 -0.053292457 0.2462913 -0.048617072 -0.08469835 0.08982 0.20491526 -0.4464735 -0.23984697 0.19497335 -0.18144064 -0.3738612 -0.33272344 -0.012256096 0.27963296 -0.5899336 0.34889093 -0.24661581 -0.097615086 0.029387413 -0.34567276 0.02204072 -0.62953347 -0.36611897 -0.25042257 0.042083003 0.015316784 -0.30878147 0.21543328 0.05388878 0.20688786 0.05864367 0.020666404 0.4506108 0.22924705 0.45239592 -0.33698857 0.18535396 -0.046583626 0.33643028 0.26112083 0.1535835 -0.10261615 -0.36549 0.4477617 0.15264766 0.07553875 0.21394137 -0.44578832 -0.03349842 -0.23250817 0.20873645 0.7117718 0.33547223 0.439985 -0.6339548 0.3219644 0.15914243 -0.5103065 0.20627174 -0.06898291 -0.47259113 0.16373894 -0.4846496 0.15413854 0.22447252 -0.39291838 -0.049082287 -0.40249187 -0.1983206 0.1745612 -0.52560264 0.041367494 0.35667387 -0.09557103 -0.13396703 -0.1521197 -0.21692666 -0.22641647 -0.44540906 0.4755513 -0.70406675 -0.17876066 -0.5190363 -0.33481967 -0.5870124 0.22572131 0.021267083 0.013078884 -0.2809423 0.31975037 -0.21526517 0.2604002 0.34181976 -0.52405286 0.16515651 0.028423851 -0.44065434 -0.3879539 -0.12528557 -0.094622195 0.5203599 0.086076446 0.027331877 0.21602693 -0.2053506 0.14816482 -0.4178606 -0.015596158 0.49110252 0.11803997 -0.13092612 0.25993767 -0.19120048 -0.22689277 0.2973404 0.17190403 -0.44221854 0.66933495 6.127168e-05 -0.4556992 -0.5032235 0.3691428 -0.030143788 -0.22971196 -0.07660357 0.03395343 -0.32452068 0.30704197 0.12081788 -0.28779024 0.34720737 0.40282977 0.31409666 0.056583762 -0.22673577 0.14465143 0.37014043 0.5061272 0.41652635 0.21629116 0.37396008 -0.48049688 0.047963772 0.099426776 0.091202766 -0.043001324 -0.045378648 0.33367306 -0.5328516 0.10194129 -0.08853339 0.066157095 -0.25821152 0.5380135 0.045304686 0.51424843 0.022442397 0.07229034 -0.2681409 0.37721714 -0.0018842483 -0.44940683 0.14029743 0.14527658 -0.31734416
strawberry -0.049920376 0.6183449 -0.13464086 0.22268726 -0.43130714 -0.16956092 0.27235964 0.4867826 0.2360792 -0.3086654 0.36702108 -0.27380073 -0.041799836 0.029581683 -0.5040432 -0.21159363 0.4276293 -0.15214653 -0.0784949 -0.1865796 -0.24498156 0.06733848 0.083580546 0.55724424 0.014855388 0.0330288 -0.3181715 0.32318836 -0.14044894 -0.36285457 0.1302896 -0.21693869 0.121091716 0.0075715673 -0.19736753 -0.053504802 -0.055200696 -0.29315662 -0.10755496 0.38788626 0.22515358 0.21463242 0.16318764 -0.2615352 0.26759815 -0.20504297 -0.12595789 0.103458405 0.0038993957 0.25027665 -0.15972453 -0.053400364 -0.19199324 0.34893388 -0.15351331 -0.4220142 -0.16924767 -0.21864958 -0.42024788 -0.22057949 0.021207597 0.17514312 0.06630573 -0.33877513 0.18721314 -0.24926087 -0.18758269 -0.09058582 0.039338738 0.21542172 -0.053705595 0.11753331 -0.047567036 0.30454457 -0.05418642 -0.10078382 -0.03918094 -0.094391465 0.07017299 -0.25410765 -0.24002607 -0.123461194 -0.17753017 0.11649101 -0.12847166 -0.22622693 0.23124799 -0.11089622 0.2786126 -0.048930738 -0.23912586 0.0007951664 -0.1560995 -0.015394359 0.311522 -0.04570318 -0.21902011 0.06702547 0.22183958 -0.10942585 -0.103104435 0.23177154 0.0437427 -0.018074114 0.42013803 -0.17334442 -0.2377897 0.033910032 -0.0466769 -0.19179735 -0.1139134 -0.16863349 -0.6205898 -0.30575815 -0.0045170607 0.16217807 0.24691737 0.048924997 0.3108318 -0.08183252 0.027097208 -0.011703699 0.14997816 0.11351438 -0.052160073 0.13462812 -0.26662564 0.029354667 -0.30589196 0.18933277 0.03237487 0.35396194 0.13444246 -0.18498333 0.5464165 0.20792033 0.05592582 0.007272131 -0.052368242 0.023003232 0.41685113 -0.4339463 -0.1771948 0.28300232 -0.19595674 -0.35320762 -0.5867491 -0.012782206 0.25735775 -0.4424105 0.27486414 -0.57154816 0.05339583 -0.010233216 -0.20604931 0.31084162 -0.3256694 -0.43794057 -0.12447718 0.499349 0.09545592 0.11533211 -0.18040638 0.25613177 0.12469345 -0.27239242 0.033809427 0.29283372 -0.026990017 0.72851986 -0.2081676 0.15330268 0.2652645 0.46786162 0.18423438 -0.002466505 -0.20568651 -0.42596528 0.38269153 -0.057057306 -0.18709558 0.36401814 -0.24868523 -0.04855614 0.02907763 0.122849025 0.5727273 0.12282493 0.3552048 -0.48202112 0.40583786 0.045987733 -0.56754494 0.04902393 0.15411606 -0.21560828 -0.10390512 -0.44921824 0.06370547 -0.008683268 -0.24197206 0.10581122 0.1340988 -0.24309507 0.006145383 -0.21015951 -0.023083193 0.25309408 -0.18830994 -0.2728471 0.13440552 -0.4419162 -0.041638337 -0.1954682 0.2610522 -0.34400263 -0.11801163 -0.5102075 -0.007973632 -0.2516067 0.23200952 0.002512228 -0.16895935 -0.3393451 0.17841287 0.07402061 0.11825869 0.08865951 -0.12904155 -0.11581666 -0.063914485 -0.23235717 -0.27433443 0.16418995 -0.032124773 0.3995921 0.17503764 -0.23288536 0.25723228 -0.090589754 -0.1397091 -0.25026536 0.061955266 0.07408963 0.10877661 0.16449003 0.29769918 -0.29303735 -0.21639957 0.13971704 0.19381975 -0.15909359 0.18838151 -0.04597102 -0.222409 -0.525662 0.18786246 0.100713275 -0.28285354 -0.073959485 0.10806036 -0.32023552 0.42955127 0.01878458 -0.117727146 0.0022280607 0.25526267 -0.009188343 0.019608764 -0.12703289 0.268119 -0.10800137 0.33881596 0.07891684 -0.028052583 0.43732464 -0.4012472 0.14250006 -0.14283656 0.06792347 0.26934743 -0.20229466 0.4998564 -0.40175045 0.32846743 0.20291117 0.055293173 -0.27160215 0.012918239 -0.014177908 0.22114643 -0.2953025 -0.1548116 -0.20926012 0.17669526 -0.15716024 -0.35313904 -0.07166971 0.024663053 -0.37625432
peppermint 0.06213221 0.434668 0.108642176 0.2765344 -0.030333705 -0.48437536 0.016919447 0.55087954 0.38378662 -0.16490707 0.1472927 -0.51917034 -0.24881159 0.04305765 -0.4626584 -0.17732805 0.3065053 -0.11286932 0.012154951 -0.20141637 -0.21661004 0.18131225 -0.023351837 0.26525968 0.026338534 0.20083214 -0.05985404 0.11045848 0.080097444 0.19435067 0.15022394 -0.11890658 0.17578197 0.07651641 -0.17354316 -0.027319247 -0.08956562 -0.33011892 0.0775506 0.26729894 0.14336655 0.034630388 0.20905887 -0.25460592 0.22650531 -0.28003395 -0.10228572 -0.11204523 -0.23234674 0.087408766 0.011287198 -0.17441581 -0.3346878 0.23695096 -0.056877222 -0.4093559 -0.0109430915 -0.2091527 -0.26257354 0.0017996455 -0.012742942 0.10030273 0.09154837 -0.14865114 -0.06178436 -0.15660281 -0.0777062 -0.15294686 -0.15760316 0.21254283 -0.12710698 -0.08425231 0.395536 -0.19878139 0.037172515 0.11828153 -0.10060597 -0.0569274 -0.039430596 0.056742106 -0.09420071 -0.0016203341 -0.12474227 0.4140814 -0.028330335 -0.2964381 0.098318614 -0.12322967 0.07007042 -0.14923188 0.014902408 -0.32098272 -0.16899699 0.19900513 0.40344447 -0.1818839 0.14782834 0.11307967 -0.38860694 0.06467094 -0.13168533 0.33728454 0.02879714 0.12275351 -0.011758554 -0.13916792 -0.47220615 0.0925591 -0.24988018 -0.18971388 -0.2082234 -0.22972123 -0.43917233 -0.24657059 0.09575844 0.08605014 0.4201601 -0.17147681 -0.05622526 -0.16612107 0.005084889 0.064591564 0.08474849 0.008647495 -0.07598145 0.14243163 -0.12976189 -0.12201391 0.006956645 0.16840525 0.0047256667 0.46553123 -0.015992286 -0.37720916 0.19780849 0.28464416 0.14140676 -0.2777451 -0.4193461 -0.17358665 0.12063713 -0.50712997 -0.021875782 0.16875908 -0.07635314 -0.47269216 -0.503961 -0.2600469 0.24731696 -0.55049473 0.13325678 -0.7653621 0.03879719 -0.19672771 -0.09506594 0.008171061 -0.4862682 -0.46053168 -0.1800796 0.5325436 0.0029481766 0.108996004 -0.21649447 0.5707643 0.19102445 -0.09374747 0.24021903 0.2612159 0.005573728 0.7439848 -0.10029262 -0.11271063 0.040562462 0.554049 0.194769 0.25057328 -0.35063875 -0.38069662 0.1695919 -0.05867743 -0.14733447 0.29592013 -0.5207441 -0.17293426 -0.029917955 -0.026173238 0.58420455 0.29021847 0.09782293 -0.24092503 0.23827355 0.040611714 -0.3518041 -0.016714545 0.2205096 -0.22548084 0.04406264 -0.23128249 0.05580887 -0.10273967 -0.3845361 0.12757984 0.006125637 -0.29859915 -0.07664283 -0.2990777 0.26432714 0.08312812 -0.23656783 -0.38090357 0.13725719 -0.35717317 -0.07635493 -0.2950259 0.1468229 -0.24295805 -0.07854342 -0.7335379 -0.07390201 -0.2658049 0.10651631 -0.23738095 0.028864095 -0.42053688 -0.17396916 0.08070914 0.051267434 -0.058980778 -0.013865944 -0.10073777 0.101228766 -0.20935693 -0.25868633 0.27819365 -0.13714361 0.15575019 0.16703549 0.0042083175 0.14137404 -0.08029915 -0.20923273 -0.010731272 -0.029026128 -0.1942669 0.1390848 0.24066658 0.30774146 -0.27101168 -0.18998097 0.081540994 -0.010308083 -0.13998668 -0.00712349 -0.18559586 -0.19956309 -0.19004063 0.34989923 0.06750982 -0.027285825 -0.23623893 0.25334406 -0.43707788 0.18528935 0.20359237 0.053546656 -0.018200789 0.12168053 -0.14487937 0.009839132 0.06054263 0.07601812 0.019084845 0.29362407 -0.15793547 -0.099430546 0.22319712 -0.30534935 -0.096146695 0.18474592 -0.094579704 0.34002942 -0.27020964 0.32341808 -0.3022946 0.38978451 0.011113812 0.18663062 -0.19294828 -0.21895514 -0.0031832217 -0.07777238 -0.4664488 -0.14445993 -0.21928373 0.013705463 -0.23152041 -0.16102596 0.1644566 -0.22043003 -0.057871312
mouse -0.07090718 0.4387792 0.051064663 0.21003103 0.10936851 -0.19422118 0.11140903 0.19420715 0.028761018 -0.0056148726 0.05760387 -0.122465715 0.13430716 -0.3377011 -0.02668348 -0.1067182 0.04485246 -0.30806226 0.005741692 0.09650714 -0.109779395 0.19943528 0.026591176 0.22667252 -0.00939102 0.23633039 -0.023266654 0.18318442 -0.061075468 -0.09864466 0.07259295 -0.014563184 -0.102727234 0.012148945 -0.23438631 0.05059956 0.028497905 -0.18560392 -0.065291606 0.29827914 -0.33109924 0.15970102 0.03755981 -0.23834525 -0.09755244 0.28534037 0.10797919 -0.088140205 -0.29909214 0.24299456 0.17656597 0.12733182 -0.1684097 -0.0250041 -0.018761914 0.023625638 0.18219073 0.06446334 0.176224 -0.03242396 -0.16174546 -0.073799826 0.18639866 -0.18118304 -0.035628304 -0.07985398 -0.0075585707 0.06679589 -0.12103088 0.07372189 0.27923018 0.05268102 0.26909503 -0.30201015 -0.23646668 0.42254576 -0.5741631 -0.03015744 -0.0009879669 0.196072 -0.20134139 0.011948495 -0.042621396 0.024524553 0.06458616 0.14315327 -0.02313008 -0.0056580566 0.1940868 0.07770012 -0.014307835 -0.31752148 0.060608335 -0.03210097 -0.053300858 -0.18685794 -0.016259316 0.12046951 -0.1971084 -0.14537314 0.2828099 0.045181476 0.028514074 -0.10225045 -0.13936558 0.012528121 0.24574998 -0.3074622 0.10633884 0.03970434 -0.14907008 0.00095767924 -0.13963999 -0.20216839 -0.11599029 0.1125445 -0.07082219 -0.0427441 -0.051231947 0.21248935 0.009325321 -0.15770358 -0.13918371 0.09296785 -0.009508223 -0.19888149 -0.098109044 0.17186888 -0.06525686 -0.2372269 -0.056595217 -0.28753218 -0.08390609 0.1743594 0.23676497 -0.19691296 0.25216675 0.18898608 0.013140376 0.18290384 -0.028377064 0.19428617 -0.19226153 -0.04634248 0.2817471 0.045096014 -0.14931789 -0.051767454 0.07676094 0.2501143 0.0030993407 0.022671062 -0.036217503 0.09030039 -0.12415572 -0.030866953 -0.17260355 -0.33111766 -0.244188 -0.10321266 -0.017417528 0.012643424 0.18984345 0.34227967 0.01418649 -0.035588197 0.1378269 0.29981923 0.020540548 0.6029697 -0.23728096 -0.042782012 -0.21923852 0.046749983 0.07868516 0.17361791 -0.053315833 0.122529656 -0.060645733 -0.11381298 0.13425589 -0.40857336 0.22680315 -0.082238495 0.033420313 -0.22027034 0.0694713 0.15746905 0.038909797 0.3233418 -0.06566757 0.068488814 0.009903763 -0.15101108 -0.17364746 -0.13704096 0.13576375 0.26463717 -0.040014718 -0.06709567 0.13398032 0.16202335 0.20035358 -0.2516992 -0.07847786 -0.22408012 0.24396679 -0.068277776 -0.01477886 0.34679276 0.025905339 0.052635204 -0.4312672 0.29737246 -0.16632463 -0.0064710095 -0.05574783 -0.06201184 -0.004799708 -0.36812985 0.3175928 -0.11287494 0.024647895 -0.24430807 0.12068302 -0.010168747 -0.07884727 -0.20364383 -0.06982476 0.12255154 0.31622818 0.11063221 0.22055091 -0.06065523 -0.015689688 0.08578172 -0.15544598 0.18848118 0.064771414 -0.1755733 0.32213688 -0.106092595 -0.032714102 -0.018159823 0.043078404 -0.054615237 0.15107164 -0.03255002 -0.06451465 -0.14088984 0.021452917 0.0075729215 0.30245644 0.106537506 -0.44583806 -0.19402687 0.34501606 0.08536627 -0.30239058 -0.046772186 0.217413 -0.23844965 0.22402026 -0.29265 -0.4173076 0.27039307 0.32370538 0.123330876 -0.34492704 -0.20179653 -0.3600141 0.19440953 0.3082237 0.22505143 0.20358069 -0.18062343 0.25891137 -0.14417112 -0.25989118 -0.10780726 0.09612346 0.096464776 -0.04566237 -0.31027249 -0.081863 0.022183375 0.0889758 -0.07111926 -0.072280206 0.18392752 0.22597283 -0.049239032 0.184657 -0.15368813 0.13308431 0.016963527 0.21837956 0.17393018 -0.10753287 0.12726003
disinfectant -0.117116384 0.40375596 -0.06789267 0.040887892 -0.10784544 -0.37257874 0.36723542 0.3144296 -0.042319626 -0.29211202 0.16069615 -0.42493787 -0.033570427 -0.03040518 -0.28195173 -0.3744858 0.19551532 -0.565027 0.33609387 -0.35047424 -0.048227668 0.1129046 -0.0965443 0.7015604 -0.14455113 0.051020715 -0.16683902 -0.054841872 -0.05109361 -0.30106533 -0.14125887 -0.18681909 -0.07155078 0.13050312 -0.22506277 -0.13223782 -0.16163553 -0.0653235 -0.09670007 0.2741434 -0.0147519335 0.16086884 0.13463433 -0.033505544 0.08646686 0.04624881 -0.20353939 -0.03572221 0.17984875 0.5472154 0.37753284 0.18040948 -0.26135275 0.08748293 0.22477213 -0.08848657 0.2398755 -0.004137436 -0.013612187 0.09912719 -0.0827216 0.003675941 0.16938722 -0.3127213 0.074474454 -0.40269193 -0.20367728 0.066017486 -0.0802442 0.11074007 0.39476877 0.22926624 0.21209104 0.120979115 0.121298224 0.005754155 -0.34909943 0.022594405 -0.30410537 -0.013528298 -0.36864874 -0.07433999 -0.12929843 0.57315344 -0.021919595 -0.23551026 0.41844487 -0.1362216 0.08405798 -0.17673534 -0.52349067 -0.20037708 -0.11038224 0.033495132 -0.031166287 -0.12145112 -0.3759651 0.09319096 -0.1628447 -0.14297347 0.29927462 0.10252304 0.009073237 -0.018972117 0.068256944 -0.069455616 0.12126204 -0.13581899 -0.09846897 -0.24202201 -0.0076793246 -0.4363938 -0.25202575 -0.049312256 0.09702518 0.1017912 0.07258302 0.040625807 -0.05874884 0.09278742 0.24509978 -0.103590116 0.0076597705 0.18807273 0.058176953 -0.2438408 -0.070092216 0.35803118 -0.16276494 -0.15124756 0.18372765 -0.30630213 0.23972318 -0.08738215 0.26965094 -0.40521967 0.2778525 -0.034866545 0.21343036 0.34892827 0.0056606196 0.048889294 -0.3188886 0.058401518 -0.014202558 -0.17237863 -0.17679223 -0.08747099 0.31839812 -0.25168374 0.095770344 -0.4065243 -0.21471076 0.06258218 -0.050950233 -0.03483613 -0.4298684 -0.39172682 -0.35788503 0.32327637 0.0373667 -0.14018632 -0.09676508 0.44505468 0.033513196 0.17647831 0.051015574 0.35549903 -0.13319215 0.9785596 -0.26596054 0.05621209 -0.18726383 0.26521856 0.24324776 0.19395189 -0.13076933 -0.058260623 0.24601704 -0.14841954 0.19483279 -0.021574918 -0.4223238 -0.26409695 -0.11711266 -0.06167852 0.78165686 0.4402793 0.35966584 -0.14366955 0.008233248 0.26792026 -0.47199082 -0.17039648 -0.08070929 -0.44264942 0.35126933 -0.0011666879 -0.0016728918 0.084448755 -0.17814077 0.20967358 -0.033505656 -0.24798407 -0.013696348 -0.36521444 0.35290596 0.3026492 0.122878395 -0.032166913 0.08050571 -0.20037304 -0.38456622 0.34178606 -0.039561402 -0.1522481 -0.08947382 -0.024107983 -0.10971639 -0.39406082 -0.0063167033 -0.1681277 0.14121789 -0.22593512 0.12514171 0.11071432 0.1961633 0.012176659 0.062322337 0.20410822 0.3944372 -0.3377059 0.08913047 -0.2845135 -0.025085403 0.06699091 -0.033043925 -0.07781666 0.20888872 -0.12333178 0.52598596 -0.21220472 -0.23941906 0.23530155 0.18762939 0.040055975 0.43162814 -0.03671835 0.06326183 -0.24383818 -0.016946265 -0.33718693 0.38961285 -0.11726636 -0.47717845 -0.40653363 0.5522999 -0.017255688 -0.49469522 -0.19544336 0.43329248 -0.39771128 0.49650398 -0.22448654 -0.24633372 0.44030613 0.12227848 0.14104742 -0.20659594 -0.12041093 -0.020724526 0.21126562 0.5781732 0.33283702 0.056608137 0.11729887 -0.057037976 0.15506902 -0.110679984 -0.1353195 -0.022415169 0.017939908 0.2329978 -0.55776465 0.05713399 -0.121918894 0.120399415 0.01647117 0.18689144 -0.027670309 0.23013681 0.21430619 0.30153096 -0.1942258 0.6185175 0.44346914 -0.102749124 0.024112072 0.089478604 0.026396722
cherry 0.08695173 0.6458784 0.15265797 0.43454686 -0.07737955 -0.59391046 0.56081253 0.2991515 0.13102596 -0.3480303 0.22152832 -0.54872584 -0.30824295 -0.073443994 -0.5610723 -0.0479588 0.4340286 -0.16974203 -0.061616942 -0.11275836 -0.0794503 0.33065283 0.18287735 0.3766336 0.06482553 0.20544435 -0.29437327 0.2861745 -0.033128705 -0.53929174 0.050908525 -0.1697437 0.017828664 0.13917656 -0.05364759 0.03390794 0.20309071 -0.41847408 -0.10762785 0.07471964 0.24476235 0.22458133 0.1303741 -0.12298816 -4.886504e-06 -0.2799442 -0.14824867 -0.116600364 -0.04638001 0.3752355 -0.20545945 -0.37881663 -0.16220082 0.2809581 0.0408565 -0.19511637 -0.09023534 -0.22548983 -0.5393853 -0.21630557 -0.08283528 0.26787233 0.07268844 -0.4073478 0.3076333 -0.42303562 -0.24060293 0.100636125 0.053026784 0.304556 -0.026566846 0.36466482 -0.01488409 0.07524649 -0.22753797 -0.0138883805 0.113121696 -0.36190006 -0.106614105 -0.40454575 -0.5441605 -0.103017874 0.07827212 0.370354 -0.21337152 -0.3927239 0.37642583 -0.11174235 0.02050358 0.42387643 -0.2278565 0.23031916 -0.1494969 -0.20036992 0.50548685 -0.3733785 -0.3737868 0.12233918 0.269316 0.08226839 -0.22921968 0.28932983 0.42092037 0.12857315 0.36928248 -0.35819152 -0.27352193 0.032164928 -0.30345964 -0.51523894 -0.16772929 -0.36955062 -0.6025614 -0.1610721 0.36743623 0.38039166 0.18869679 -0.06619172 0.37056175 -0.18066819 -0.32083645 0.16232091 0.55566776 0.065804206 -0.11385283 0.24165006 -0.019233773 0.0832707 -0.30500552 0.6922877 0.37179017 0.29834726 0.2681387 -0.34007576 0.5279293 0.27118924 0.15358523 -0.13837683 -0.2821365 0.051077913 0.23346895 -0.8355335 -0.18441625 0.12405352 -0.25605017 -0.51331794 -0.5935932 -0.087300725 0.22689348 -0.5911393 0.27343565 -0.45582882 -0.1928015 0.09195419 -0.20108424 0.2048001 -0.2174352 -0.14565504 -0.124965556 0.12525657 -0.08552993 0.23610921 -0.062203944 0.381986 0.08377736 -0.18494388 0.05984578 0.42451423 0.32059506 0.9422996 -0.29041743 -0.0019882726 0.29300946 0.7695274 0.30169263 0.16745265 -0.20791532 -0.49818012 0.3556511 -0.00730372 -0.1552811 0.47422573 -0.3242159 -0.11379785 -0.11316869 0.6824243 0.7891741 0.24063039 0.44906247 -0.94105965 0.20612486 0.15591234 -0.70887214 0.011858383 0.07028126 -0.46687448 0.18541925 -0.6697441 0.06975388 0.1342975 -0.18090412 0.23196554 -0.00029043725 -0.6850161 0.05072135 -0.35351768 0.037865926 0.28340998 -0.045041822 -0.41196892 0.07354077 -0.53067744 -0.055438623 -0.48134762 0.49484634 -0.57805705 -0.048709337 -0.63612807 -0.32849905 -0.31954923 0.3225285 -0.07379301 0.15538567 -0.2858094 0.06805355 0.08381717 0.37964723 0.51768124 -0.2016051 0.24282227 0.14550544 -0.4660833 -0.43175212 0.02041589 -0.24896237 0.043210726 0.10319676 -0.14336394 0.12161665 0.06505324 -0.051332965 -0.14122781 -0.05521986 0.1320639 -0.22513129 0.53480464 0.49117085 -0.19540569 -0.3725926 0.14256124 0.16176529 -0.43185085 0.31035262 -0.1268501 -0.41478062 -0.47201797 0.69889754 0.1784206 -0.4194664 -0.3344052 0.03926653 -0.23300871 0.49941367 0.038180023 -0.40185902 0.6048025 0.31490612 0.1852414 0.33027393 -0.042749055 0.40638462 -0.023382649 0.36911765 0.1268459 0.06410966 0.4839126 -0.40254632 0.19197704 0.29544988 0.026197726 0.3179884 0.007623109 0.28280148 -0.31590998 0.44025096 -0.11936428 -0.5459427 -0.13308328 0.35814032 0.26654637 0.32732943 -0.23987778 0.16064344 -0.18562922 0.43354622 0.086891 -0.28644025 -0.07907376 0.24128522 -0.49947733
peach 0.020792516 0.8592706 0.07515118 0.6358822 -0.42796883 -0.38952237 0.7438889 0.4930915 0.29698813 -0.29840487 0.285205 -0.47075006 -0.1877756 0.10699524 -0.52161 0.029073326 0.54960155 -0.15897971 -0.12206221 -0.22868237 -0.18742469 0.29099095 0.23694155 0.44053757 0.15123643 2.1389278e-05 -0.08150932 0.32419354 -0.2988354 -0.33616373 0.16343789 -0.181873 0.07900544 0.113437794 -0.19848621 0.09482558 0.11487164 -0.33246213 -0.0015993805 0.20286502 0.36843416 0.3391008 0.13546573 -0.16207205 0.19265579 -0.1338595 -0.32351005 0.1131129 0.043602854 0.37454236 -0.115805954 -0.27843526 -0.075538956 0.3665604 -0.14845146 -0.3431494 -0.3156039 -0.32133016 -0.48097125 -0.23405135 -0.011951974 0.37556633 0.036300343 -0.26180923 0.35016826 -0.39446542 -0.3434452 -0.119265005 0.14612035 0.056237027 -0.18218648 0.31523326 -0.12807585 0.31351322 -0.1493617 -0.13540956 0.13006237 -0.22118032 0.038097788 -0.41099548 -0.27252012 -0.25995946 -0.029066544 0.2550267 -0.14241539 -0.3301856 0.39466617 -0.052813612 0.039584063 0.09823043 -0.14855699 0.17030537 -0.28420222 -0.15897931 0.38074845 0.14278266 -0.20267437 -0.05986485 0.41139823 -0.044689976 -0.29764166 0.1723708 0.30961666 0.074595675 0.28472412 -0.42017958 -0.28048864 0.19290486 -0.19976036 -0.3827974 -0.2503796 -0.32753006 -0.67568433 -0.09730135 -0.1903864 0.2971037 0.25371498 0.10797598 0.45333847 -0.22153163 -0.09388365 -0.06546767 0.5964594 -0.1364637 0.015775066 0.29008278 -0.22183065 -0.0131519735 -0.23443595 0.37266463 0.15950663 0.26408076 0.34506598 -0.4453797 0.5571905 0.23024036 0.056179803 -0.19529144 -0.214461 -0.0118867885 0.33030176 -0.654001 -0.34511966 0.14989196 -0.07690238 -0.4400714 -0.6047318 -0.106261306 0.23926273 -0.7025952 0.31079778 -0.41198546 -0.008253041 -0.012201276 -0.17695473 0.045245938 -0.54273814 -0.32275334 -0.1311854 0.2680264 -0.0963603 0.06102709 0.14908388 0.15192972 0.18181269 -0.20062247 -0.008892058 0.4815226 0.098799855 0.6351508 -0.25782627 0.23506592 0.17341013 0.4960558 0.32732725 0.2978507 -0.35028672 -0.6127513 0.39338186 0.059794392 -0.20718285 0.5232259 -0.35802278 -0.07937576 -0.095437594 0.5111716 0.90580434 0.21913879 0.4004147 -0.6274637 0.41046664 0.051088125 -0.79753387 0.08364224 -0.06170289 -0.37888354 -0.0106223 -0.6754152 0.14790331 -0.011238203 -0.23988466 0.020381482 -0.14661393 -0.2894174 -0.06462297 -0.2754583 -0.09353712 0.36713147 0.08318594 -0.40810436 -0.09429793 -0.44349575 -0.023341767 -0.67466 0.5516917 -0.6955513 -0.31231648 -0.7560941 -0.34608772 -0.3864857 0.13381213 -0.009570778 0.00832483 -0.6028954 0.16017716 -0.2581366 0.43394554 0.33072022 -0.33488512 0.115197934 0.12419673 -0.3371245 -0.4012905 0.062498998 -0.100341335 0.30757567 0.25519976 -0.0658752 -0.011340445 -0.010857025 -0.07659061 -0.40574688 0.046716638 0.12652403 0.08299624 0.22269137 0.24684735 -0.40216184 -0.36415535 -0.041192017 0.20227234 -0.3533421 0.44853878 0.024302838 -0.22949149 -0.398727 0.24892035 0.10788042 0.042533707 -0.16840199 -0.053488553 -0.36271614 0.20265982 0.28807202 -0.049042422 0.12382597 0.050850898 0.08781937 0.31156957 -0.26682937 0.48925588 0.20678782 0.45499584 0.24132678 -0.21494432 0.4975109 -0.70435894 -0.08105894 0.23621067 0.18474157 0.24756531 -0.07612894 0.42023996 -0.36543235 0.3874996 0.13412698 -0.2541517 -0.20940557 0.20187269 0.16667362 0.23845573 -0.19245127 0.04790111 -0.29111987 0.3334339 0.022114184 -0.30711123 0.015377219 0.27552044 -0.5620879
bark -0.11166314 0.26959693 -0.20691189 0.31866527 -0.2416422 -0.29451516 0.37155607 0.48032126 0.12988816 -0.24367604 -0.15411319 -0.4848452 0.025395695 -0.6018403 -0.53350604 -0.126087 0.22112243 -0.16824505 -0.2637146 0.021523561 0.07706568 0.09277943 -0.16068186 0.4057608 0.26356763 0.17383319 -0.14884324 0.39955574 0.25907576 -0.3533265 -0.25968122 -0.13398956 0.019274568 0.009283872 -0.15748052 0.16417767 0.40194055 -0.50190055 -0.57747436 0.28885362 0.18032521 0.32484972 -0.021870771 -0.12818198 0.18158795 -0.25725454 0.12137373 0.1852481 -0.0046388945 0.08030716 -0.018346062 -0.20046839 0.014242372 0.09524339 -0.14412986 -0.12782587 -0.16065988 0.19217674 -0.126458 -0.08873375 -0.18848112 0.00818033 0.20907898 -0.31622112 0.32624385 -0.37402207 -0.23887524 0.027880343 0.21338636 0.009649238 0.15876193 0.16128698 0.116677985 -0.086674854 -0.3341966 0.16496396 0.07004317 -0.19346757 -0.087307096 -0.26010543 -0.49480587 0.020780018 0.2740592 0.05399688 0.10684568 0.02548547 0.18085156 -0.042799823 -0.16818185 -0.07931785 -0.40278104 0.20902418 -0.028929798 -0.11914761 0.24750921 -0.51751935 -0.41483337 -0.028026087 0.114920475 0.28694567 -0.093318604 0.47402215 0.123058416 0.24726473 0.031975236 -0.11737008 -0.1975334 -0.21867673 -0.12161215 -0.12655036 0.0033414103 0.0713852 -0.62266034 -0.23853762 0.0754262 0.17533289 0.061831772 -0.14514248 0.1910019 0.20748147 -0.25333783 0.067261316 0.16346188 0.033152223 -0.061743025 0.09473132 0.08058202 0.21988764 -0.2900361 0.05893805 0.055152398 -0.078652374 -0.12448409 -0.052768096 0.43141055 -0.20193696 0.15006645 -0.11345305 0.11693815 0.2282365 0.17445385 -0.33920553 -0.058929548 0.25476295 -0.01985456 -0.33470947 0.21161395 -0.05808236 0.18561925 0.0076365285 0.21387063 -0.0883175 -0.277718 -0.11645687 -0.083231635 0.036358234 -0.16028483 -0.057988744 -0.13447903 -0.23607126 0.15278073 -0.05324127 0.13006036 0.20869428 -0.20340419 -0.17453897 0.073506884 0.117584296 0.21131232 0.59041667 -0.20872787 0.3861105 0.25268292 0.33087924 0.143221 0.03700271 0.10381453 0.017077422 0.0772017 -0.15055224 0.15225555 0.26783893 0.34058365 0.07901792 -0.08612063 0.09695925 -0.14004683 -0.20805202 0.19834562 -0.11041953 -0.081236176 0.034614373 -0.111828074 -0.18491817 0.053417075 -0.0062841848 0.23981854 -0.18112859 -0.111145176 0.009054599 -0.018207053 -0.17601216 -0.3018254 -0.5534896 0.031565133 -0.12276108 0.32523307 0.14010568 -0.07840532 -0.016651513 0.022526037 0.13548753 -0.04413005 -0.099447496 0.24200512 0.08091525 -0.010764213 -0.29259577 0.012024125 -0.21722652 0.039132845 -0.32847962 0.37705013 0.13611889 0.079957604 0.09964896 0.22843678 -0.1440034 -0.25179446 0.015493232 0.072884 -0.12424619 -0.24588314 0.14472768 -0.2663498 0.3959894 -0.16805875 0.032815408 -0.0975884 -0.10626368 0.10936976 -0.32439187 -0.0048170127 0.29453957 0.32280555 0.29121548 0.24446265 -0.042384498 -0.18607181 0.27889833 -0.043875482 -0.14133568 0.28002572 -0.013480152 -0.65602577 -0.29753432 0.5920369 0.020587252 -0.37908852 -0.10350007 0.16340847 -0.11497701 0.20411222 -0.046568155 -0.20006791 0.30507302 0.5689097 0.036097843 -0.26829818 -0.18141235 -0.18189263 0.20095906 0.36528358 0.17641506 0.40743572 0.26371473 0.42507094 0.4731183 -0.048610944 -0.30735743 0.47187933 0.3255117 0.13079602 -0.020153174 0.113896646 0.1804877 -0.45741326 0.25836155 0.25016856 0.3588163 0.45919415 0.08305204 0.1925967 -0.017088152 0.09669656 0.24169338 -0.104858026 -0.58232003 0.24106435 -0.19972152
clove -0.029239643 0.73209345 0.1582581 0.16455212 -0.22679685 -0.56484735 0.13532583 0.47884533 0.2529121 -0.33360928 0.339705 -0.5466116 -0.024271939 -0.07297643 -0.6952396 -0.1965206 0.5932652 -0.2919249 -0.053767893 -0.18048401 0.0024456454 0.3428957 0.10554773 0.6978079 -0.04183795 0.2996482 -0.10799599 0.5156431 -0.017982025 -0.12062258 -0.11393765 0.028786978 0.29334548 -0.11529888 -0.28463542 -0.0897664 0.026538253 -0.6144109 -0.29715186 0.2890098 0.4328732 0.31775793 0.07161568 -0.24837537 0.11358119 -0.19002761 -0.13458607 0.09596981 -0.21804267 0.41672498 0.1432122 -0.43125787 -0.28245145 0.40320617 -0.15133466 -0.31565732 0.13856617 -0.2473679 -0.20589979 -0.11511287 -0.10981183 0.36671874 0.18822052 -0.26216492 0.34594873 -0.5362423 -0.2375514 -0.015827777 0.07534142 0.32285035 0.06245654 0.41695216 0.12747365 0.16024125 -0.23964985 -0.12330476 -0.075418934 -0.35322326 -0.025748594 -0.39286602 -0.32326066 0.08096671 -0.028864413 0.6182643 -0.2726796 -0.19246082 0.6511258 -0.18556719 0.026314257 0.15171948 -0.1826941 -0.006087164 -0.25432953 -0.07493337 0.50178987 -0.16420391 -0.3769754 -0.046124563 0.15130615 0.03488249 -0.41817853 0.38865837 0.066729486 -0.028697368 0.42088696 -0.32732502 -0.4895201 -0.07634192 -0.25861406 -0.26296082 -0.24303564 -0.42215562 -1.0394956 -0.22589937 0.059189823 0.5590364 0.34722537 0.09516389 0.36000648 -0.44913104 -0.21000162 -0.07816991 0.5119105 -0.020102168 0.099250466 0.098588124 -0.27255568 0.13107185 -0.4930714 0.29128113 0.12553105 0.23763603 0.32125396 -0.3784356 0.74194837 0.27044728 0.24034968 -0.15429743 -0.17319614 0.16754623 0.29050604 -0.7441259 -0.33300763 0.29361027 0.019545775 -0.38800573 -0.33254597 -0.113784514 0.47105563 -0.7722043 0.47866538 -0.65183294 0.045443963 -0.031928074 -0.21572104 0.08526228 -0.47610995 -0.58062536 -0.2627206 0.4163064 -0.0010672081 -0.090380006 0.057061363 0.55131143 0.27348706 -0.12055627 0.23258935 0.58316916 0.10171085 1.0854219 -0.33597115 0.018229965 0.026577238 0.84148026 0.2598661 0.2751481 -0.27940786 -0.48844692 0.55703205 -0.34054077 -0.16113359 0.18862997 -0.18293169 0.01703873 -0.06584176 0.17216311 0.6055985 0.18941015 0.3143107 -0.5223568 0.42261747 0.06421755 -0.35985428 0.05632842 0.123705946 -0.20188789 0.21759687 -0.43588835 -0.14859878 0.10248587 -0.34795004 0.104821384 -0.005084748 -0.54550534 0.09748982 -0.46279076 0.38664317 0.19833656 -0.36037487 -0.28077158 -0.07508044 -0.38137394 -0.15364185 -0.39689672 0.1666457 -0.6636585 -0.13868463 -0.7469137 -0.31898668 -0.4157624 0.16841371 -0.26677552 0.003929168 -0.52477497 -0.0006687683 0.10828155 0.23019952 0.121127605 -0.3349348 0.109644346 0.0832443 -0.43570083 -0.5660817 0.32976103 -0.39604095 0.4764325 0.36173457 -0.23666309 0.24838808 -0.5278188 -0.17720126 -0.2632448 -0.20397578 0.19385074 0.26945606 0.40195042 0.5995325 -0.18747021 -0.32613406 -0.0031877412 0.023149058 -0.43912855 0.27032652 -0.04260505 -0.5119243 -0.7046102 0.15653634 -0.055589307 -0.11210541 -0.25487232 0.347007 -0.30056983 0.6311035 0.2806856 0.057872802 0.13854963 0.22922967 -0.028222336 0.22852986 -0.15306619 0.28542817 0.28112254 0.60190797 0.16126193 -0.07168392 0.38728365 -0.33688086 -0.056455433 0.17214847 -0.22074841 0.25584435 -0.3940349 0.6849071 -0.7179724 0.46276984 0.16342372 0.19650209 -0.37910903 0.20904763 0.04990311 0.33083305 0.08855315 0.2614101 -0.20657894 0.54626715 0.0479132 -0.15987992 0.0053996216 -0.047212053 -0.386057
bakery 0.04568581 0.37440065 0.0920174 0.053602953 -0.30040193 -0.23475102 0.32792592 -0.33891764 0.17199968 -0.34235528 0.16611812 0.13706748 0.15903606 -0.23532073 -0.23230036 -0.24556899 0.3373621 -0.15229867 -0.4416869 -0.0104828775 -0.086839765 -0.09063268 0.30952752 0.19105229 0.05785632 0.12542571 0.20062265 -0.120626636 -0.35444823 -0.37235844 0.29115385 -0.39227337 0.17814434 -0.13284199 -0.121495016 0.24788782 0.3835233 -0.40952706 -0.20163894 0.25390154 -0.02093108 0.45053512 0.21088155 -0.3290474 -0.101455 -0.011655759 -0.0266455 0.15375105 0.22806011 0.37343124 0.051793918 -0.1189667 -0.4040139 -0.11658755 -0.123466596 -0.08856015 0.17973411 -0.030285776 0.2158488 -0.40402806 -0.15779467 0.056296166 -0.13708323 0.14461397 0.38053784 -0.41945368 -0.1623414 -0.15762486 -0.11745702 -0.20873481 0.13462184 -0.054497574 0.22010684 0.41041863 -0.19687077 0.014382253 0.17090051 -0.1120391 0.0086752195 -0.09148854 -0.11795234 0.06033517 0.07101879 0.0203326 0.031180453 -0.16175853 0.25749913 0.07945983 0.42303646 0.23715933 0.115716815 -0.03416174 0.18086576 -0.53138465 0.112781584 0.32034665 -0.094292425 -0.15009852 0.070144564 -0.059182364 0.22384189 0.28204787 0.054791313 0.022074522 0.2954759 -0.27401388 -0.24508666 0.12034093 0.063588865 -0.038604382 -0.35251933 -0.16625175 -0.5413748 0.0077885725 -0.6228787 0.44119003 0.07133706 0.2559943 0.6045366 -0.25051457 -0.2027498 0.17007661 0.6312729 -0.21982396 -0.07320973 0.29810205 -0.008192504 -0.106252685 -0.5495136 0.06266128 0.2544373 -0.10402741 0.21934377 -0.64302486 0.33395648 -0.074974455 -0.037376393 -0.20478465 -0.10878946 0.16377553 0.034750897 -0.017796393 -0.06149614 -0.26701236 -0.1833933 -0.108323134 0.23955388 0.1289036 0.025325978 -0.045662448 0.24388346 0.24153914 0.032115746 -0.15739162 -0.2762425 -0.3058976 -0.3447575 -0.2511294 -0.12808722 -0.30699137 0.032401238 -0.45951152 -0.016597928 -0.33247244 -0.04625549 -0.074025005 0.07766465 -0.0071063098 0.24825601 -0.33868852 -0.15333658 -0.15243033 0.033613008 -0.076441616 -0.018669415 0.18194835 -0.32246637 -0.046521362 -0.027596353 0.056944273 -0.04729447 0.24195923 0.1728119 0.07667251 0.026934166 -0.085539415 0.1277885 0.026319128 0.033361502 -0.19656324 -0.011689659 -0.19516025 -0.39284632 0.049498957 -0.059789468 -0.51117563 -0.024202293 -0.38394362 0.24726495 0.20449375 -0.5822161 -0.23490776 -0.35189795 -0.12632093 -0.22273526 -0.2469909 -0.16100325 0.3015553 -0.018160176 -0.14799662 -0.118541814 0.0063149296 -0.09061833 -0.44023705 0.17180431 -0.47391728 -0.3165814 -0.49249205 -0.048457503 -0.36837235 0.16235855 0.19051883 0.4310776 -0.03200359 0.410795 -0.3409063 0.31008235 0.2296031 -0.34491727 0.2247574 0.15706876 -0.22679967 -0.15566614 0.07097738 0.059017513 0.13445817 -0.02710935 -0.27609167 0.21238562 -0.15416697 0.086181656 -0.41938207 -0.09805223 0.11207727 0.1498571 -0.18996075 0.12435837 0.09525438 -0.004210903 0.1665868 -0.06186893 -0.34562767 0.34789115 0.02242109 -0.51471853 -0.17366363 0.45025605 -0.26687768 0.1372191 -0.10417845 0.029010547 -0.25383234 0.23895009 0.3195686 -0.12890606 0.255926 0.30519804 0.15961361 0.02330041 0.07519431 -0.04251323 0.37493822 0.5770938 0.4072145 0.063441746 0.12983897 -0.47079724 -0.16575961 -0.110105634 0.36021566 0.16904071 0.04075619 0.21516153 -0.21111219 -0.045048356 -0.24124499 -0.092332855 0.06341432 0.35334927 0.18908876 0.310176 0.08634084 -0.06490919 -0.07425082 0.18009059 -0.012073162 -0.46782193 -0.06285278 0.17851448 -0.29869545
detergent 0.049709063 0.4299024 -0.15916894 0.3798982 -0.21409653 -0.5721731 0.06842979 0.4360066 0.23478648 -0.17460851 0.12447449 -0.73044 0.02470979 0.08402319 -0.4029721 -0.16583484 0.4421138 -0.24117108 0.106439784 -0.20218103 -0.45458984 0.2518895 -0.09595206 0.61381274 -0.05701726 0.10666344 -0.53688 0.046495598 0.023031265 -0.45489115 0.2657744 0.10431314 0.2901945 0.046383932 -0.057283606 -0.08802309 -0.23456267 -0.14530152 0.061409842 0.37762457 0.10327823 0.031062867 0.07596249 -0.081696235 0.040433265 -0.05777476 -0.11796809 0.18099687 0.20245844 0.15738623 0.23714676 0.08108597 -0.04512682 0.19021884 0.03310495 -0.20947623 -0.05273422 -0.034024194 -0.25557858 0.16204086 0.16563514 0.022034096 -0.046507213 -0.108206704 0.13618988 -0.21872826 -0.49946958 -0.15780874 0.1644881 0.19208215 -0.05635135 0.018123232 0.38034457 0.0554473 0.11808133 -0.053526424 -0.1945934 0.095122665 -0.06504938 -0.08738297 -0.24726978 -0.1134604 -0.12217623 0.343505 -0.32682827 -0.13454619 0.15969577 0.004578345 -0.03834424 -0.16392858 -0.22657692 -0.49078324 -0.024104532 0.39582464 0.2884953 0.16064125 -0.062794395 -0.019330034 -0.40977544 0.22853161 0.18537772 0.21112157 0.40468806 0.19253418 -0.014492822 -0.35644847 0.1511503 0.021872364 -0.6161917 -0.48402548 -0.23674123 -0.37585297 -0.40810302 -0.10753563 -0.06889211 0.2948828 0.3196965 -0.052082922 -0.09476341 0.038666412 0.11027988 0.1583376 0.25234076 -0.0826934 -0.017718125 0.10357076 -0.1454505 0.010379225 -0.109372854 0.018649332 0.04890818 0.35925522 0.11658623 -0.36169055 0.17253362 0.21784733 0.09322933 -0.4623991 -0.37801847 0.020085521 0.11629911 -0.41186178 -0.054754816 0.21554814 0.06051855 -0.52531296 -0.47895145 -0.21193759 0.49701828 -0.2725121 0.10683703 -0.4034435 -0.2119871 -0.2687692 -0.068392724 -0.070971936 -0.38253894 -0.4117032 -0.13546571 0.2496375 -0.16236266 -0.05584457 0.01623501 0.5745345 -0.012190478 -0.15274502 0.0791296 0.23782706 -0.17519124 0.91256696 -0.3013124 0.092098586 0.05456053 0.4223131 0.28816393 0.25659335 -0.20817538 -0.50977844 0.09926812 0.066465095 0.03252343 0.22883193 -0.60813564 -0.11304401 0.070059195 -0.16287419 0.43462545 0.38395348 -0.005175178 0.0029819708 0.042696554 0.18395905 -0.3641427 -0.31004134 -0.06474951 0.17085247 -0.101834774 0.011859278 0.03699236 -0.09583651 -0.36275107 0.25200737 -0.12271433 -0.123105146 -0.010232561 -0.18814085 0.2907306 0.008448865 0.067028895 -0.19165185 0.25824994 -0.15310311 0.06382366 -0.021323081 0.2040727 -0.21969986 -0.031615756 -0.37104884 -0.013005115 -0.4812686 0.18413413 -0.22236879 -0.021781916 -0.37206894 -0.16209461 -0.05482964 0.2310821 -0.21300985 -0.18016037 -0.03418335 0.31866002 -0.19942784 -0.12463652 0.22310108 -0.20003735 0.10237536 -0.038809903 0.032181554 0.30392212 -0.63944626 0.11540741 -0.39640898 -0.28022695 -0.06619593 0.117712274 0.06629815 0.34918538 -0.4918005 -0.16470827 -0.161104 0.13760123 -0.215674 -0.05209976 -0.24475057 -0.11812532 -0.03648608 -0.08998236 -0.06468209 0.22461832 0.14595793 0.16548568 -0.26701263 -0.08793082 0.34186038 0.18838404 -0.323364 -0.2792559 -0.2996578 -0.08485138 -0.11810549 0.0065554627 0.045288343 0.38145304 0.27395347 -0.18600568 0.07168089 -0.32134464 -0.008797461 0.062245376 0.1055665 0.33908793 -0.0030969437 0.26205438 -0.42733 0.19137277 0.01848772 0.27426648 -0.31181866 -0.0745936 -0.6163969 0.037040316 -0.72497565 -0.13992733 -0.6154389 -0.022746995 -0.33510205 -0.10801588 0.14620371 -0.3784385 0.21097049
mothball -0.08337627 0.3859546 -0.13654572 -0.09023854 -0.28915995 -0.08655016 0.32685164 0.22394581 -0.0494642 -0.29709584 0.3416168 -0.24135785 -0.13721174 0.14096037 -0.25146765 -0.23679003 0.22151625 -0.23852937 0.16266719 -0.23264802 -0.17010958 -0.16269876 -0.0033090103 0.47348452 -0.10406928 -0.013846769 -0.36125427 -0.13718171 0.05906339 -0.36943653 -0.005632531 -0.27889225 -0.024313767 -0.1228855 -0.07281822 -0.192661 -0.23025878 -0.053745896 0.0030139415 0.26685447 0.07881747 0.20004797 0.125762 -0.3130705 0.06763692 -0.22304824 -0.26991343 0.08181102 0.3845082 0.30356964 0.1191227 0.1531662 -0.14025412 0.26276365 0.08214852 -0.38142726 -0.01667319 -0.02805598 -0.15887146 -0.150932 0.045176655 -0.026280442 0.018802095 -0.23552598 0.121442236 -0.42336676 -0.0823334 -0.12661655 0.0320625 0.09038077 0.18538481 -0.08469611 0.20397864 0.41317815 -0.024193581 -0.14609304 0.0013325205 0.055420242 -0.057692878 -0.0854921 -0.17639156 -0.046440482 -0.1442996 0.105537884 0.1543968 -0.23413607 0.42393148 -0.2475771 0.0985219 -0.16862738 -0.5306304 -0.15713634 -0.12650852 -0.100196116 -0.045594484 -0.23728205 -0.38298234 0.002438564 0.031634383 -0.25711197 0.2288781 -0.008092599 -0.18088494 0.0869545 0.18554308 -0.14595546 -0.0708665 -0.1577398 -0.06075556 -0.2001932 -0.024756338 -0.15579738 -0.32238692 -0.021141272 -0.014409312 0.19632918 0.07565276 0.22181 0.11725153 0.017457545 0.07452373 0.027326303 -0.07811291 0.099731795 0.031065226 -0.23636676 -0.15198743 0.26556027 -0.38272488 -0.08645839 0.21591061 -0.13281006 0.25254282 -0.19858575 0.216965 -0.053807344 0.14923032 -0.25537214 -0.10618111 0.17128411 0.24182703 -0.1227892 -0.2129901 0.14867607 -0.08599832 -0.08894718 -0.27852878 -0.09339031 0.23102325 -0.22929427 0.2979954 -0.443316 -0.0032310383 0.008533045 0.08827556 0.05169413 -0.25322083 -0.45800692 -0.40666598 0.19796447 -0.03611404 -0.07737961 -0.20528598 0.30348584 -0.09776627 0.15764835 -0.021132944 0.19941677 -0.13892718 0.84996647 -0.21306475 0.18724279 -0.09570239 0.23931223 0.17638507 -0.12695469 -0.020950796 -0.059385736 0.13307488 -0.142586 0.025519151 0.18455908 -0.13087924 0.02746946 -0.022908265 -0.19870727 0.3996956 0.14716998 0.41266316 -0.008599711 0.0893672 0.10839634 -0.60061485 0.071203746 -0.015098857 -0.21008132 -0.09341839 -0.111054584 0.06192552 0.05308998 -0.42860943 0.25110492 -0.09564867 -0.043120295 0.15184116 -0.033949878 0.09937173 0.23700823 0.11960276 0.02948238 0.14664216 -0.17063238 0.023013009 0.24395727 0.16401938 -0.09983385 -0.09799146 0.04354649 -0.013572394 -0.27705085 -0.043875817 -0.021791704 -0.010792742 -0.08921649 0.4131464 0.057770584 0.15351726 -0.014260271 -0.07071763 0.0807596 -0.05743741 -0.19030386 -0.024325268 -0.11945757 0.109867655 0.29776657 -0.105460875 -0.19881383 0.40326867 -0.20283839 0.12630652 -0.02501844 0.013177306 -0.037930332 0.16295409 0.040341157 0.3044224 -0.05347313 0.064713426 -0.16601446 0.17751035 -0.24014431 0.25248474 0.03666607 -0.46970654 -0.36734214 0.23061833 0.04137826 -0.49786425 -0.08750743 0.5225167 -0.2749187 0.4925054 -0.088786684 -0.36009926 0.14570852 0.09090013 0.14105889 0.040524665 0.061853074 0.16807081 0.13053033 0.42182857 0.3033892 0.15141873 0.18267691 -0.13896452 0.074319564 -0.1659936 -0.0120287845 0.101178445 -0.095719166 0.4280482 -0.5100219 0.0002268244 0.15445822 0.057675954 -0.099862345 0.1888995 0.09506059 0.25001627 0.2342497 0.06100465 -0.19018716 0.41850027 0.27697074 -0.014565393 0.033398975 -0.00087611267 -0.10169904
oak -0.07935428 0.6202272 -0.034265112 0.25905433 0.027588297 -0.47855458 0.54128736 0.48035815 0.22125962 -0.25015137 -0.047154155 -0.50404984 -0.0019399805 -0.33520743 -0.4354733 -0.13119845 0.2655574 -0.11718646 -0.46156368 0.09149632 -0.108806744 0.15250283 0.2810852 0.13427685 0.1522952 0.23994373 -0.34249902 0.25537142 -0.005127201 -0.34457773 0.05053221 -0.077343285 -0.11640488 -0.017152982 -0.0030509976 0.18537195 0.10814674 -0.47669876 -0.24928427 0.26269415 0.12621503 0.12619188 0.007316903 -0.17958127 -0.051499926 -0.09560671 0.21986158 -0.08258792 -0.02897055 0.16089563 -0.18127994 -0.33129746 -0.10726271 0.19543396 -0.20271455 -0.48822498 -0.16130267 0.057577662 -0.20235255 -0.029623097 -0.0670897 0.18738483 0.19385584 -0.34737968 0.35649192 -0.42687383 -0.20537028 -0.025802765 0.39575604 0.050199028 0.2646369 0.007990452 0.009858158 0.3158616 -0.3928977 -0.051838383 -0.035396 -0.17906427 0.18208008 0.018207116 -0.3671294 0.31216234 0.19517773 -0.2979843 -0.10844831 -0.24596646 0.4947483 0.15071832 0.07618581 0.10009105 -0.3707555 0.2493844 0.26047212 -0.24243927 0.22492471 -0.38037694 0.051292133 -0.21270932 0.15215638 0.2142695 -0.32768282 0.24599695 0.23725107 0.30211598 0.180523 -0.07054022 -0.13934614 -0.18970948 -0.1931597 -0.17130692 -0.16300939 0.043012906 -0.22053367 -0.047911584 -0.13429543 0.10291646 0.004981921 -0.041266713 0.26530176 0.22739707 -0.20438287 -0.14909177 0.33918816 0.04580679 -0.110763416 0.32043806 0.048961002 0.33966482 -0.3754736 0.05992714 0.051130395 -0.39038637 -0.056680333 0.023495108 0.56550413 -0.47266123 -0.050585885 0.12057584 0.44988102 0.19886991 0.24187571 -0.25841174 0.10394573 0.050143268 -0.18643515 -0.075442284 -0.13792734 0.089807525 -0.04644738 -0.38797176 0.3150344 0.063361295 -0.23168881 -0.24331497 -0.24873888 -0.010864688 -0.46161062 -0.049903505 -0.24509946 -0.13504831 -0.13343638 0.067138396 -0.030587163 0.10392322 0.020261524 0.011511915 0.33635452 0.07048501 0.31392118 0.2608469 -0.36537996 -0.011105509 0.122134164 0.1440278 0.0049332604 0.15930754 -0.3857002 0.1062186 0.2015475 -0.108647 -0.12303934 0.43332073 0.32532856 0.06458659 -0.24253185 0.4424131 0.23824842 0.14955491 0.12974872 -0.5946838 -0.16051202 -0.20957999 -0.42363894 0.023611693 0.027033344 -0.60661644 0.30906317 -0.3895708 0.07293817 0.21832776 -0.11822102 -0.0018605792 -0.20437184 -0.48893616 -0.30530676 -0.15497607 -0.03952179 -0.005705382 0.075069584 -0.15263721 -0.079219565 -0.10911991 -0.16077651 -0.36000368 0.32274604 -0.12939687 0.024170293 -0.15648533 -0.2033542 -0.30996254 0.15752791 -0.21017516 0.4654137 0.089345865 -0.11996597 0.015981214 0.11925212 0.19166379 -0.4755252 0.560162 0.12830898 -0.54174876 -0.14122695 -0.10477646 0.09776189 0.1884459 -0.025706096 -0.045114167 -0.111956716 0.09025791 0.1877353 -0.36550668 -0.28259933 0.09503936 -0.077019714 0.09218509 0.18287857 0.2390674 -0.16355237 0.39277104 0.20151088 -0.40367192 0.30495477 0.054303978 -0.7945245 -0.15766208 1.0137743 -0.017835183 -0.39703864 -0.32185486 0.005495295 -0.29099208 0.061074816 0.29096922 -0.16309622 0.5508255 0.3189409 0.11207967 -0.28260413 -0.026459606 0.0779767 0.006726048 0.3517892 -0.028331365 0.34326246 0.5724301 -0.1677249 0.39526254 0.025499536 -0.017016884 0.4030898 0.026842894 -0.021994472 0.27699402 0.35032192 -0.008291101 -0.67675096 0.14581785 0.32395104 0.36531416 0.4400092 -0.092446625 -0.142108 -0.103857964 0.012379677 -0.02401689 -0.32568756 -0.5537343 0.4533887 -0.28793424
tar -0.074133284 0.34795743 0.02862751 -0.08188559 -0.093441136 -0.30635375 0.26975864 0.13307609 0.09778204 -0.4216049 -0.017456977 -0.3799613 0.12104203 -0.2262863 -0.4147277 -0.11731953 0.3467472 -0.44677448 0.12598924 -0.22897035 -0.1240065 0.17132558 0.11763714 0.61789054 -0.17553477 0.16688481 -0.22485727 0.48236683 -0.028550798 -0.5321724 -0.097696796 -0.088393874 -0.0047388636 -0.076660395 -0.29339913 -0.1884191 -0.03197465 -0.3915781 -0.41452903 0.25525743 0.038938016 0.26177862 0.17403466 -0.27806213 -0.016371015 -0.53731436 0.04699209 -0.27609769 -0.02619394 0.30758724 0.22930905 0.010569239 -0.10820771 0.23672016 0.3288103 -0.08226882 0.053521026 0.053256437 0.014705583 0.021345219 -0.18674432 -0.15870962 0.24295786 -0.25752467 0.35010546 -0.45648375 -0.03192982 -0.12856856 -0.053715352 0.08263227 0.4482952 0.2795747 0.28577068 -0.12145474 -0.21100412 0.0104828095 -0.08209287 -0.3867926 -0.0018027928 -0.12129766 -0.5668793 -0.14271447 -0.14851417 0.39735866 0.054772615 -0.19050163 0.44752017 0.04280817 0.3818527 0.23115993 -0.48859873 -0.122863896 0.16513248 -0.13786118 0.36725917 -0.35651225 -0.23202966 0.094096735 0.13693592 0.020196365 0.037647843 0.10597913 -0.07520455 0.072019026 0.11835987 -0.0084528765 0.020611003 -0.18007976 0.090172336 -0.13983895 -0.09279217 -0.23789182 -0.3847263 -0.19893576 0.29372573 0.110350624 0.008971471 0.03235649 0.08736541 0.19837579 -0.09624759 -0.066114634 0.44480106 0.042632535 0.0218801 0.028986756 -0.1501595 0.26964405 -0.33933526 -0.15923509 0.25440204 -0.27317265 0.14054699 0.08022516 0.65733886 -0.41912663 0.29696968 0.1519299 0.27121225 0.27752563 0.014172956 0.08183943 -0.077118374 0.03984497 -0.083270565 -0.085320346 -0.043553565 0.09618841 0.17622033 -0.063274674 0.10516771 -0.20633018 -0.19179597 0.0046127997 -0.12252338 0.04080865 -0.12508257 -0.12776165 -0.31088015 -0.061204016 0.2594142 -0.24401262 0.073196575 0.4750544 0.17754267 0.11199351 0.06178336 0.27141008 0.2461493 0.4861952 -0.1293859 -0.004706147 -0.080209084 0.29189697 0.1396124 -0.09947067 0.12239437 0.22882049 0.35404387 -0.18032072 0.17748198 -0.053957306 -0.2287767 -0.10914635 -0.028188998 0.08420568 0.44307187 0.21682425 0.28401634 -0.39423013 0.24995916 0.27474093 -0.27980986 -0.22701554 -0.05502124 -0.60698277 0.27731943 -0.2944685 0.10173408 0.34098688 -0.0018982805 0.057547644 -0.23132826 -0.4547537 0.1337025 -0.18882926 0.3003292 0.3081513 -0.14960825 -0.104926005 -0.012432965 -0.23891702 -0.3217022 -0.00540005 0.24490142 -0.2131192 -0.034439214 -0.36758104 -0.2848724 -0.5439302 0.14838563 -0.13819599 0.24831577 -0.1239131 0.038739834 0.05259432 0.16982074 -0.060589407 -0.23226635 0.3103871 0.40052727 -0.4718619 0.0025990915 -0.28547043 -0.15719683 0.22403124 0.14622614 0.06753871 0.1073037 -0.010920239 0.43347704 -0.3012459 -0.19274966 0.38967848 0.18734914 0.18909608 0.2870287 0.12340888 -0.16287124 0.1954598 0.0533924 -0.37598827 0.3955069 -0.21267629 -0.7531193 -0.5359506 0.7893741 -0.069020845 -0.60733384 -0.24924974 0.22053584 -0.26567006 0.4668714 -0.0022674482 -0.33912307 0.47956663 0.27324 0.11483372 -0.47768813 -0.19358799 -0.013334481 0.042984724 0.60813534 0.19867414 0.16500044 0.12382537 -0.016122509 0.33813223 -0.07091996 -0.097434625 0.2755872 0.066159226 0.015506756 -0.40500897 0.2499651 -0.049389493 -0.21971756 0.10638156 0.35326236 0.31111947 0.3623838 0.18996288 0.314758 -0.03845652 0.5739037 0.21672507 -0.18176137 -0.29854012 0.20075113 -0.19181865
violet -0.044035982 0.4738957 -0.072128475 0.17883436 -0.2489518 -0.28879607 0.4650942 0.39253104 0.43111634 -0.4937316 0.2630546 -0.38091093 -0.3195377 -0.21265776 -0.4739596 -0.18710119 0.4259962 -0.15105098 -0.26154393 -0.11907811 -0.119572446 0.007833366 0.22686085 0.3417798 0.18606117 0.21478973 -0.1707815 0.1360273 -0.048010334 -0.14150587 0.26218244 -0.063023485 -0.098105624 -0.17609964 -0.14723939 -0.071672216 -0.04481165 -0.36487913 0.14657195 0.2219452 0.15678139 0.25119364 0.20578288 -0.3826793 0.23652878 -0.24304906 0.16580153 0.11880908 0.29534072 0.50443697 -0.07972581 -0.2377451 -0.2315707 0.34890634 -0.07798195 -0.23578908 -0.4127851 -0.059352197 -0.44346192 -0.08217489 -0.087857984 0.055986352 0.24418445 -0.16587746 0.049410827 -0.083226286 -0.06911728 -0.30146766 0.07608461 0.09721729 -0.035982955 0.08367444 0.12428584 0.23470102 -0.22570997 -0.039257314 0.13994353 -0.18536276 5.168197e-05 -0.06249039 -0.3350288 0.20029984 0.16797575 0.21106128 -0.07370879 -0.4059586 0.40903804 -0.04864108 0.1488676 -0.061089847 -0.24512199 -0.113928735 0.13520314 0.0820451 0.5044044 -0.33124933 0.082969904 -0.22696543 -0.18223086 0.08057948 -0.2688985 0.49708378 0.18010132 0.18391436 0.32756078 -0.26309684 -0.40964282 -0.2473003 -0.38165548 -0.3059417 3.0868687e-05 0.010098946 -0.4304257 -0.2867361 0.13593718 0.08406197 0.4545006 0.14287755 0.29873428 -0.07607974 -0.21462017 0.047022745 0.29851383 0.08346621 -0.12609084 0.2664374 -0.11757554 0.18924426 -0.13413009 0.4827608 0.084488325 0.45728272 0.07351708 -0.26050726 0.29619822 0.19220139 -0.19720991 -0.08942136 0.063902155 -0.084218785 0.28683838 -0.40215757 0.08482559 0.21267529 -0.41720337 -0.37611902 -0.45978194 -0.33729234 0.05442807 -0.56488115 0.3758929 -0.4270497 -0.0008540627 -0.18793766 -0.15363897 0.25883496 -0.30378965 -0.23416439 -0.15921143 0.52971953 -0.06562977 0.20449021 -0.27595112 0.2665495 0.08604956 -0.2905014 0.28754056 0.14432779 0.27556947 0.44415718 -0.25795236 -0.20120353 0.2365926 0.45018286 0.32594776 0.21598715 -0.45106587 -0.17596039 0.1993452 -0.107275076 -0.23295835 0.5743352 0.2396351 0.016425924 -0.023418099 0.2838636 0.42910644 0.15012063 0.38311905 -0.34489253 0.06909082 -0.01934823 -0.61448115 -0.100629486 0.019743511 -0.24894068 -0.069427684 -0.37345913 0.15782341 0.0085054 -0.10301921 0.20658332 -0.0042989785 -0.40333012 0.043367453 -0.06554804 -0.05822684 0.18988338 -0.103254355 -0.28224435 0.18703008 -0.35147867 0.18763456 -0.36875293 0.16018645 0.25987428 -0.07946337 -0.4680034 -0.06970008 -0.08511453 -0.05271918 -0.15733705 0.36250848 -0.18379699 0.300733 0.29621822 0.1802721 0.23859279 -0.1753402 -0.02298654 -0.14915484 -0.46570742 -0.16251473 0.35787708 -0.09389998 0.09332498 0.047759853 -0.31129465 0.14569198 0.116132095 -0.023224575 -0.1638889 -0.11020243 -0.27608034 0.12719534 0.28539973 0.29961002 -0.3063851 -0.07682231 0.2912845 0.17598148 -0.3039198 0.10071345 -0.23998073 -0.34727213 -0.42559505 0.38317686 0.16844323 -0.11476732 -0.17051826 0.21819842 -0.51010865 0.36739817 0.18541437 0.05910822 0.10158696 0.19710217 -0.078906 0.07143741 -0.009252361 0.1851532 -0.00023372716 0.3321503 -0.16664228 -0.09308183 0.35872155 -0.50634456 0.22543277 0.016731948 0.07543319 0.36180928 -0.02330885 0.3302157 -0.071738824 0.35852784 0.12500058 -0.34174854 -0.1811639 0.005738581 0.16745843 0.25079545 -0.27186587 -0.12935281 -0.22782864 0.057634782 -0.29485688 -0.23185484 -0.15177521 0.09395404 -0.29399318
coconut -0.00550132 0.37154725 -0.14549626 0.08983267 -0.4012063 -0.36011118 0.19372478 0.34292534 0.19758703 -0.18810625 0.17331468 -0.2924897 -0.24586523 -0.14964154 -0.533173 -0.25819463 0.3037851 -0.09741177 0.0056250324 -0.2487158 -0.27923682 0.11918113 0.081254825 0.52842283 0.07633316 0.16571325 -0.24001673 0.08584433 0.032136615 -0.30197725 0.0024508282 -0.25203824 0.15758069 0.09787541 -0.050893392 -0.08104636 -0.09350099 -0.21632743 0.034582824 0.22772805 0.28417477 0.13760638 0.035201564 -0.20391068 0.29571307 -0.2042078 -0.18148415 -0.008633281 0.07447413 0.15331092 -0.11957553 -0.11533357 -0.14372349 0.3244409 -0.08091428 -0.16107374 -0.21277475 -0.16932093 -0.35256514 -0.05967182 -0.0740296 -0.14446752 0.07713823 -0.1700025 0.22777346 -0.25590485 -0.1839548 -0.08327215 -0.011569955 0.29917723 -0.09475379 0.09220671 0.17849453 0.07980099 -0.023259282 0.040172312 0.046055112 -0.21981922 -0.044008847 -0.25411978 -0.31643423 -0.0080578225 -0.034233723 0.08619704 -0.14354359 -0.30075192 0.28640175 -0.1601514 0.06405701 -0.0003089981 -0.36471534 -0.03986117 -0.30593896 -0.05778784 0.28249723 -0.20815055 -0.14491545 0.09216754 0.050208002 -0.038460676 -0.22031637 0.3435512 0.111738995 -0.04233051 0.29438615 -0.24977344 -0.41518205 0.003764636 -0.094313204 -0.29036298 -0.06870328 -0.19102351 -0.6380982 -0.31634012 0.21821874 0.108710125 0.22373717 -0.00945075 0.29051873 -0.3299393 -0.09258365 0.02107124 0.24952787 0.07263726 -0.1266533 0.11284789 -0.15263587 -0.027631745 -0.17627287 0.2419903 -0.008847733 0.36769825 0.11127651 -0.2490978 0.37159157 0.116545945 0.13307495 -0.18180862 -0.1959685 -0.10160237 0.37984708 -0.44561726 -0.039434455 0.39729857 -0.22249632 -0.37309626 -0.54622453 -0.22326347 0.34752393 -0.543629 0.3213016 -0.54695684 0.053814292 -0.068797514 -0.049557857 0.19998679 -0.1514492 -0.3769353 -0.20219867 0.3751646 0.015840137 0.07198164 -0.15035619 0.43243894 0.077459626 -0.20008682 0.039875157 0.30425742 0.079572 0.7464478 -0.1068882 0.09656625 -0.0017355864 0.5793259 0.37069544 0.094462015 -0.14921533 -0.37049145 0.3557222 -0.05157673 -0.22185367 0.37491557 -0.16598901 -0.036683865 0.05332964 0.1613911 0.52080506 0.22500391 0.4259831 -0.36362284 0.14203635 0.009835629 -0.49639928 -0.01915402 0.11576472 -0.21786718 -0.1259376 -0.508101 0.0663224 -0.07717106 -0.17004293 0.31244048 -0.12016786 -0.5060876 0.24910091 -0.3730663 0.20175634 0.2875999 -0.21404934 -0.29655418 0.22046426 -0.2888603 0.050239116 -0.45184955 0.35272977 -0.3525018 -0.03808416 -0.684886 -0.20315926 -0.47625223 0.085544795 -0.2748234 0.026688946 -0.4305162 0.009915826 -0.041095037 0.27255198 0.011065086 -0.30366695 -0.07905168 0.119944215 -0.27056822 -0.46981445 0.23691824 -0.29836696 0.25572187 0.032973595 -0.19746716 0.37191662 -0.3037389 -0.118523866 -0.32010624 -0.014885755 -0.113975614 0.23583093 0.19420491 0.44129407 -0.46862644 -0.18237881 0.23427996 0.29753512 -0.16757162 0.10077193 -0.12241163 -0.12785102 -0.35771167 -0.005843551 0.13201003 0.042583916 -0.031553395 0.12013935 -0.54167 0.17974961 0.26769456 0.031145277 0.14988256 0.15164119 -0.061519224 0.13207279 -0.028748514 0.036222838 -0.06983199 0.44749165 0.07957555 -0.068427965 0.36613536 -0.33235934 0.2542453 0.08288203 0.05221405 0.3665581 0.013307158 0.3472755 -0.38035533 0.37500626 -0.06490115 -0.046327416 -0.2011781 0.05025394 0.111480325 0.26669493 -0.034305945 -0.14303815 -0.31777704 0.3151123 0.010637215 -0.2911037 0.14062934 -0.1514484 -0.22691475
grape 0.06182887 0.31316385 -0.01339183 0.20045952 -0.13087232 -0.14040941 0.33306032 0.2932132 0.18820776 -0.21715601 0.23813966 -0.082748935 -0.041945733 -0.036170684 -0.3430867 -0.04035553 0.38251844 0.12023521 -0.20975928 -0.16109884 -0.15227664 0.2014071 0.22553904 0.22764659 0.10542144 -0.10879883 -0.16639636 0.22934018 -0.110843174 -0.52820975 0.13887474 0.08226247 0.046628103 0.07564448 -0.18483524 0.14899413 0.12683582 -0.24828373 -0.08941367 0.18116297 0.13528457 0.39141175 0.07221899 -0.31956652 0.23990534 0.053665258 0.02814737 0.15774973 2.5344358e-05 0.473158 0.10588569 -0.12233188 -0.11638144 0.20341551 0.08471969 -0.056298684 -0.032900926 -0.12050826 -0.284305 -0.04982897 -0.11271735 0.038863596 0.05467686 -0.20294687 0.045191135 -0.047348436 -0.15989204 0.15128952 -0.11851308 -0.13775375 -0.05675466 0.28984943 0.25202796 -0.045152906 -0.17110662 0.11311384 -0.046607066 -0.048856862 0.04091564 -0.039361164 -0.17888477 -0.16676958 -0.019126223 0.33529526 0.009888219 -0.23677431 0.20450287 -0.068331264 0.049522936 0.21971518 -0.04589575 0.11252947 -0.055655036 -0.031738985 0.48569417 -0.008741555 -0.058134772 -0.04766727 0.14872722 -0.013534659 -0.2771748 0.0022380175 0.39300942 0.22711577 0.16012612 -0.38332087 -0.15646099 0.02987468 -0.15300468 -0.29399285 -0.043297615 -0.14237098 -0.5506015 -0.3362998 -0.054853022 0.35797256 0.20972615 -0.035392817 0.41685772 -0.10489275 -0.10421044 -0.022513038 0.29652905 -0.02683062 -0.03960143 0.23576191 0.006824538 0.13283283 -0.28840953 0.13742669 0.15767996 0.03618368 0.022626504 -0.11900388 0.30840984 -0.19460487 0.01800785 -0.02841036 0.053537253 0.1042616 0.17786486 -0.51671416 -0.183619 0.12488769 -0.103001155 -0.36418074 -0.3234613 0.117613174 0.104498446 -0.4185487 0.22443148 -0.15795062 0.21245499 -0.09126173 -0.29381457 0.18678498 -0.27893898 -0.23914832 -0.11094568 0.1260552 -0.17003083 0.06932369 -0.025190793 0.21259163 0.08698445 -0.17083949 0.15325703 0.42005756 0.19571277 0.39644724 -0.19821306 0.009125691 0.08884992 0.38011208 0.09156729 0.36145627 -0.04791093 -0.2282735 0.23188794 -0.11526841 -0.107957505 0.14516596 -0.21313508 0.0046753855 0.051142335 0.31476092 0.36516154 0.16528735 0.24415615 -0.43128014 0.11435452 0.092241496 -0.31386057 0.042353768 0.047583554 -0.0630624 0.08009267 -0.26288462 0.043127883 0.008901129 -0.18599129 0.14785466 0.047246702 -0.15834697 -0.043546524 -0.035159048 0.11832062 0.08113085 -0.020332018 -0.19548517 0.12397455 -0.397904 -0.008589162 -0.33941987 0.40882176 -0.30693048 -0.058167394 -0.28539288 -0.11715773 -0.09024397 0.15414423 -0.06023774 -0.063416116 -0.35934561 0.09883722 0.060211178 0.18594456 0.07609891 -0.01524697 0.07037776 -0.051144823 -0.26203275 -0.20161204 0.061175704 -0.043177735 0.11286729 0.16139671 -0.08170431 0.043817062 -0.081349894 -0.044197157 -0.15705773 -0.049155284 0.0721357 0.12991104 0.14848298 0.21639366 -0.19169071 -0.14899306 0.059328053 0.01762644 -0.22698563 0.34368724 -0.0017795856 -0.08367706 -0.2292737 0.043092776 -0.1466683 -0.041319773 -0.13380185 0.079502575 -0.35066345 0.32574338 0.25153625 0.08246647 0.14989121 0.07015885 0.16517067 0.13106552 -0.0681127 0.36994052 -0.015226739 0.3628662 0.18454371 0.1439779 0.29636425 -0.23799494 -0.020168249 0.0672178 -0.0117986305 0.18896955 -0.28678754 0.4128891 -0.301302 0.26216695 0.06501619 -0.05926402 -0.19908036 0.21404877 -0.014693337 0.10383572 -0.19945839 0.2871295 -0.27398685 0.19752808 0.009651144 -0.20745626 -0.02505631 0.24872033 -0.28193972
berry 0.21095292 0.47376207 -0.005118183 0.486281 -0.29570597 -0.39618587 0.75708586 0.7434228 0.3238077 -0.29795447 0.1278042 -0.55403453 -0.3248709 -0.05117052 -0.6625868 -0.06339497 0.44032773 -0.15009023 -0.16990909 -0.03275898 -0.23827499 0.18185791 0.23624349 0.43328547 0.21972544 0.2005288 -0.25292256 0.3234342 -0.07645677 -0.4738675 0.2474599 -0.15701953 0.03616231 0.017029576 -0.29918313 0.13341965 0.20665567 -0.6231495 -0.056900594 0.053486057 0.05763876 0.37307003 0.14490888 -0.106087185 0.12570001 -0.13560672 0.024399301 -0.01087447 0.027412152 0.5267017 0.08051804 -0.13900775 -0.055015896 0.11311824 -0.0030831953 -0.13358533 -0.22646241 -0.19033086 -0.64041084 -0.16254711 -0.23580581 0.15752007 0.0021758282 -0.25423968 0.19258252 -0.06012328 -0.2593399 -0.0015293777 -0.14281744 0.16592084 -0.06781831 0.34663555 -0.017541515 -0.1609163 -0.16571897 0.19755886 0.034781974 -0.1412585 -0.043465447 -0.27667594 -0.43685254 -0.07118674 0.066693336 0.10754978 -0.062359728 -0.38236976 0.3780459 -0.11412164 -0.012954296 0.29699063 -0.2073768 0.11357869 -0.06781906 -0.079809785 0.5199751 -0.0824779 -0.17928602 0.10704377 0.09651766 0.027518414 -0.2609971 0.30936453 0.4108651 0.19572282 0.22503762 -0.33124697 -0.22348285 -0.11671731 -0.10678664 -0.48631743 0.15744284 -0.2670797 -0.5850678 -0.2053659 0.16874614 0.3522227 0.21963654 -0.013787823 0.43395054 -0.05923376 -0.22904839 -0.042776998 0.38684145 -0.016468287 -0.045335386 0.19189861 -0.043280896 0.21685797 -0.14155367 0.33930707 0.24125181 0.2588496 0.08657208 -0.07964705 0.32291666 0.12072845 0.13430044 -0.032763124 0.032301933 0.10990133 0.2142976 -0.4988148 -0.052424546 0.08440011 -0.23911473 -0.41017807 -0.5834489 -0.15787461 0.104180776 -0.60279226 0.16761114 -0.55030894 -0.042140894 0.044021297 -0.21086004 0.27573285 -0.170373 -0.07692165 -0.019725855 0.015941167 -0.081015065 0.10854701 -0.028034357 0.18950066 0.18903036 -0.11457403 0.21194893 0.3796939 0.26128364 0.7822788 -0.25899044 0.08319212 0.20663986 0.53288925 0.23777841 0.39079002 -0.13170533 -0.2281866 0.11767953 0.10778947 -0.20799245 0.28114247 -0.12507328 -0.04617958 0.05514336 0.4588079 0.5410627 0.10196729 0.41341394 -0.5243351 0.066325456 0.025575621 -0.45496902 -0.16134353 0.0039102184 -0.25636846 0.030154863 -0.418089 0.07687753 0.05193367 -0.04375629 0.074183956 0.11110039 -0.1877545 -0.083374314 -0.16315126 -0.061582807 0.012631755 -0.034521915 -0.21746264 0.036842834 -0.33052373 -0.053532813 -0.31963813 0.28327167 -0.26394537 0.11623281 -0.37999472 -0.20507288 -0.19143403 0.24220444 -0.07393832 0.23451069 -0.21723412 -0.050623123 0.071643196 0.3398863 0.37203154 -0.16943167 0.21746337 0.13306695 -0.29654816 -0.25560436 0.098646335 -0.10178931 0.043921884 0.019338138 -0.20245938 -0.09384369 0.08188816 0.06355962 -0.16919357 -0.12121933 0.07295369 -0.060479634 0.4555672 0.2231593 -0.4188077 -0.16791566 0.19376944 0.12504296 -0.31779602 0.2119601 -0.046423133 -0.21668835 -0.20492505 0.19938804 0.10362331 -0.1015597 -0.11649343 0.034890566 -0.2915859 0.2791261 0.009476689 -0.014876191 0.31364956 -0.0020610804 -0.08174819 0.21574172 -0.18840268 0.30514383 -0.023616325 0.24544111 0.15012304 0.05107656 0.33353126 -0.22038227 -0.023350395 0.058385886 0.06746362 0.20032644 -0.050972678 0.2747007 -0.188082 0.25232145 -0.058990393 -0.38254088 -0.076674595 0.008737041 0.07742877 0.23767231 -0.5513289 0.14237715 -0.32571927 0.098639324 -0.22668272 -0.29107702 0.12262946 0.091468886 -0.22488092
glue -0.08598471 0.039698943 -0.085413724 -0.005651569 -0.05769356 -0.15702578 0.11692755 0.103983894 0.017604688 -0.21703179 -0.072040334 -0.3974394 -0.18035522 -0.22334513 -0.37382293 -0.1816573 0.09634699 -0.2455291 0.20308664 -0.18644494 -0.12157274 0.080418065 0.04684117 0.10365509 0.07372039 0.24454737 -0.31979734 -0.0059558554 0.21665178 -0.25529096 -0.044658545 -0.17244577 -0.14105178 0.032703463 -0.07595273 -0.26030624 -0.099907994 -0.2795992 0.027244208 0.10105712 -0.04971621 0.17384276 0.18622929 -0.26748353 -0.057724234 -0.22187495 0.11861723 -0.14727527 0.11777682 0.34207302 0.16554154 0.13961966 -0.068570524 0.09811217 0.4359468 -0.00012215994 0.039212972 0.045043483 0.0045293923 0.10158016 -0.13215011 -0.3951826 0.010034795 -0.18001333 0.13596644 -0.37894633 -0.015169267 -0.17981972 -0.012812492 0.077925675 0.14344923 0.06406578 0.1494482 0.055471707 -0.099656254 0.051709298 0.12501065 -0.11250606 -0.1516848 -0.15596193 -0.3585131 -0.14879985 -0.006453001 0.3304879 0.08855945 -0.09023401 0.34205237 -0.14105949 0.13670841 0.18190789 -0.31942695 -0.12123334 0.14670439 -0.22570445 0.21888164 -0.3520214 -0.17197682 0.0057868687 -0.3085149 0.067060485 0.132344 0.037618455 0.18327956 0.052818272 0.11312725 -0.21146496 -0.15821905 -0.040746722 -0.12402163 -0.21226162 -0.111439414 -0.19920442 -0.09642514 0.14201649 0.2167887 0.30585325 -0.0149789825 0.09015147 0.27993488 -0.01811045 -0.017342187 0.30880222 0.045111362 -0.08855932 -0.0749238 0.027595425 0.055533532 0.055180196 -0.09579943 -0.007223025 0.3296565 0.027726144 0.10993132 -0.14672917 0.11995025 -0.25899825 0.11439662 -0.12028046 -0.034351174 0.09549486 0.0625369 -0.21209577 0.124690965 -0.06156521 -0.11568082 -0.03673584 -0.15890796 0.071004525 0.17914192 -0.03589413 0.16976945 -0.20066781 -0.3571749 -0.04701782 -0.06306293 0.05987916 0.03968024 -0.01341619 -0.19799802 -0.1875991 0.08587529 0.1966382 -0.16109768 0.628642 0.13472146 0.017148796 0.00018089288 -0.05120912 0.23869991 0.5509971 -0.041362107 0.06501801 -0.054304168 0.29706386 0.16630504 -0.057425857 -0.03559832 -0.062567495 0.05712936 0.0100911455 0.004580217 0.2560785 -0.13190718 -0.05413544 -0.14010152 0.36098108 0.35960716 0.21959479 0.4658548 -0.12370453 -0.119309336 0.2395988 -0.5906752 -0.09256483 -0.10923771 -0.39332628 0.05258863 -0.33020312 -0.08512337 0.29835883 -0.15840948 0.15850376 -0.14853501 -0.62634766 0.08773994 -0.072730824 0.24790435 0.21864945 0.097309224 -0.1822689 0.31176642 -0.06929867 0.008570624 0.026420362 0.18235008 0.13732152 0.0289691 -0.23275927 0.049902633 -0.34737888 0.12993123 -0.08558092 0.39144978 -0.019414157 0.2165946 0.024541311 0.07369044 0.040448625 -0.15121038 0.27600405 0.13798912 -0.19618544 0.017957922 -0.18293959 -0.0005692217 -0.0017940581 -0.13745503 0.00276327 0.19630264 -0.15249191 0.31095117 -0.30461454 -0.28018814 0.08217066 0.26641205 -0.13289747 0.29585046 -0.034329627 -0.1824787 0.26524717 0.26007998 -0.12540783 0.063458204 -0.16976471 -0.45045793 -0.14321613 0.45880112 0.110399686 -0.21852887 -0.16485131 0.13128985 -0.3028839 0.04704723 0.17581129 -0.20048138 0.36917692 0.061164916 -0.06322142 -0.17343126 0.08645372 -0.25824994 -0.0057760812 0.40442967 0.20532626 0.21820633 -0.156097 0.32053378 0.2878866 -0.17111565 0.06236317 0.20203221 0.23097488 0.05378776 -0.19069399 0.10310201 -0.24458995 -0.004135755 0.11542898 0.19704069 0.054506224 0.20548272 -0.062387973 0.05569476 -0.07922997 0.24111727 0.36658803 -0.02937593 -0.0040069344 -0.06021285 -0.0035742845
banana 0.074548125 0.41438633 0.014345599 0.33957508 -0.0033189766 -0.31012678 0.55211186 0.4476448 0.076525696 -0.13014092 0.19088951 -0.3073454 -0.16650487 0.10578353 -0.35124907 -0.16589652 0.24877839 -0.07635049 -0.1265987 -0.039727394 -0.024350356 0.20735958 0.16555527 0.44777828 -0.089448206 0.022158567 -0.04599033 0.2326553 -0.0604679 -0.25280586 0.097310156 0.0022927546 0.19305237 0.14248596 -0.10072099 0.10966114 0.12145609 -0.14320596 -0.06556323 0.1257567 0.13682692 0.17520685 0.12840472 -0.117961906 0.059846595 0.018899942 -0.13610847 0.02493547 -0.067369424 0.41442055 0.18390429 -0.062801175 -0.09389642 0.04177598 0.09323706 -0.10750637 0.02382902 -0.12636513 -0.3496949 -0.07871517 -0.06793708 0.29783344 0.20311037 -0.25670743 0.0780595 -0.24549222 -0.27281278 0.1339557 -0.071611084 0.16271318 -0.12482259 0.2745337 -0.063456506 0.05250326 -0.013456801 0.07742857 -0.14448087 -0.06599827 0.003481149 -0.20597172 -0.29911402 0.0023932534 0.05401681 0.20191267 -0.16613525 -0.212366 0.12625577 0.06688518 0.055180654 0.14242846 0.03988101 0.08588351 -0.10584866 -0.0026044627 0.30579785 0.20144713 -0.31270432 0.19216391 0.17918758 -0.08146534 -0.06963632 0.038256105 0.21567458 0.028506687 0.03301266 -0.29021344 -0.02485578 -0.077968284 -0.30344692 -0.40884733 -0.10197669 -0.31160977 -0.46480653 -0.121281646 -0.21238782 0.4811178 0.32482988 -0.031093374 0.38493553 -0.36189187 -0.13781969 0.016352387 0.30674002 -0.0020019491 0.085450806 0.08507148 0.04908998 -0.0411271 -0.24529037 0.23836777 0.12303971 0.13914694 0.26016748 -0.20399334 0.3556156 0.07934201 0.27054164 -0.20202275 -0.123532124 0.1533082 0.1084078 -0.4755248 -0.40685263 0.078888945 -0.14419112 -0.49996856 -0.27551165 0.02883573 0.21646668 -0.47934866 0.1492905 -0.26767144 0.06225351 0.07821796 -0.18339501 0.0916753 -0.3010283 -0.24166405 -0.09272912 0.037148114 -0.023664681 -0.08131149 0.13491084 0.16960023 0.14889482 -0.051234897 0.15037355 0.511209 0.11102624 0.7416954 -0.37285396 0.116846465 0.07245014 0.405907 0.18429674 0.42137954 -0.15436798 -0.38746744 0.32010037 0.026670035 -0.046511803 0.070970945 -0.3144419 -0.14277405 -0.20162478 0.16548532 0.6259902 0.24743724 0.22404793 -0.42028415 0.07918035 0.1341137 -0.606265 -0.0048422758 0.07626947 -0.29494545 0.16441749 -0.3017536 0.12564147 0.02589672 -0.30451858 0.015274821 -0.12968585 -0.21417634 0.061575722 -0.39572054 -0.006970645 0.13738836 -0.09597703 -0.08417193 -0.06852774 -0.272552 -0.24815677 -0.23099104 0.19425863 -0.35850406 0.023682375 -0.3370932 -0.20786734 -0.15716402 0.14743283 -0.0038491278 -0.028886652 -0.3402492 0.06452981 0.034832112 0.2593327 0.2605309 -0.09061087 0.10851989 0.12009943 -0.18832143 -0.2384803 0.019858904 -0.17944144 0.026116557 0.06526988 -0.15576012 0.01745888 0.03489067 -0.023741968 -0.045975424 -0.12667422 0.11817429 -0.093033336 0.26956663 0.31466857 -0.2574014 -0.04337419 -0.14476886 0.091262 -0.29560348 0.33971095 -0.0035671238 -0.33381182 -0.162387 0.15099835 -0.052083816 -0.21734825 -0.18782127 0.16242698 -0.211065 0.4045277 -0.033304736 -0.07950724 0.23564538 0.17883301 0.18770306 -0.027794018 -0.15770735 0.15446226 0.2109669 0.4551937 0.3068868 -0.06454255 0.331948 -0.1667732 -0.022902353 0.11363035 -0.06145891 0.0070913383 -0.28562674 0.30285367 -0.49157137 0.091844685 -0.013690547 0.034520652 -0.19225262 0.23651342 -0.041788295 0.24657297 -0.019414783 0.29600176 -0.24952415 0.50027716 0.09817776 -0.10774835 0.16416903 0.07357682 -0.061908957
eucalyptus -0.22576807 0.4191442 0.08883026 0.22543749 -0.25204256 -0.21891707 0.45954108 0.4903485 0.19348979 -0.4294194 0.18305598 -0.39292333 -0.085551925 -0.031297367 -0.29711396 -0.18937545 0.47193825 -0.13622306 -0.1471153 -0.04108366 -0.039561052 0.061088506 0.16606233 0.4689153 0.093303345 0.14934443 -0.053599186 0.17404807 0.054410055 -0.027989922 -0.1207921 -0.055627484 -0.073698625 -0.057572972 -0.020098194 -0.11685165 -0.12007014 -0.18483351 -0.31572852 0.22275849 0.16492645 0.2737463 0.010755821 -0.1252385 0.16308826 -0.36520833 0.0043367604 0.008396845 0.20321092 0.3605105 0.02975451 -0.24344835 -0.13552739 0.2062289 0.019465614 -0.2825865 -0.3054694 -0.06467188 -0.26284358 -0.0653658 -0.14030345 0.107885264 0.25665006 -0.29120272 0.12438294 -0.3847976 -0.15597317 -0.21000642 0.1890137 -0.062934905 0.070577905 0.024462236 0.25547093 0.1673279 -0.23353274 0.09447614 0.051782724 -0.124284275 0.07369479 -0.14164653 -0.301136 0.016794035 0.22026893 0.067851946 0.09757798 -0.20410994 0.2545367 0.045021933 0.013029151 -0.107942544 -0.25335953 0.020412799 0.119865894 0.052348785 0.42436868 -0.14422515 -0.13339682 -0.13322727 0.10107761 0.07229436 -0.22513096 0.3521692 0.06595233 0.19061944 0.17025366 -0.07335924 -0.23057128 -0.27297634 -0.028720219 -0.17475301 0.08676195 0.073038995 -0.4978797 -0.2673723 -0.039481994 -0.06713238 0.29110086 0.065618336 0.022594588 0.2296115 -0.018060943 -0.14886945 0.2141102 0.096773654 -0.003511619 0.05243042 -0.043745838 0.37211093 -0.2596438 0.17849179 0.17365867 -0.01348828 0.07891739 -0.15747203 0.34105322 -0.2011804 -0.08339729 -0.04843418 0.11488225 0.083147906 0.10802849 -0.32891878 0.018746838 0.11221919 -0.12472895 -0.33487466 -0.32682833 -0.12427893 0.22346155 -0.41164437 0.25980556 -0.6265159 -0.03196904 -0.19786507 -0.08145398 -0.084084585 -0.3001074 -0.18710597 -0.25660324 0.24593237 0.15409826 -0.06170148 -0.013000462 0.24809179 0.13215448 0.022322334 0.25738502 0.2679061 0.11460095 0.6654127 -0.38287154 0.114114165 0.09923039 0.33645868 0.17701024 0.11519307 -0.30619463 0.08526328 0.31516314 -0.20293759 -0.03095909 0.19095607 -0.091227666 0.0027599437 -0.10612785 -0.045887373 0.35268453 0.0022463873 0.13726462 -0.34585723 0.21372418 0.0046652826 -0.3999538 -0.13502488 0.009703456 -0.3821997 0.062240355 -0.2575545 0.116367824 0.09409222 -0.23162472 -0.03165626 -0.2495339 -0.3460414 0.009346137 -0.10916834 0.041340444 0.29582465 -0.15038307 -0.094837464 -0.0070376866 -0.3006867 -0.07924739 -0.18401024 0.29464006 -0.17725077 -0.2422254 -0.27372235 -0.1671842 -0.22606589 0.0020140675 -0.1892996 0.13209398 -0.22666375 0.123553485 0.059094444 0.2389802 -0.0986502 -0.16049194 0.11323075 0.12226386 -0.32492384 -0.07228302 0.08715894 -0.04736196 0.2833292 -0.054563735 0.0021924959 0.012580071 -0.0593425 0.17350544 -0.21834292 3.657391e-05 0.15646125 0.14939934 0.1751097 0.17351887 0.0013989247 -0.07645926 0.10489593 0.0448569 -0.30021396 0.290113 -0.22099136 -0.5123947 -0.39952853 0.43466341 -0.010315279 -0.27718362 -0.16247135 0.25486556 -0.30200997 0.4571828 0.0016364095 0.010850144 0.1580035 0.3228785 -0.029430207 -0.24733078 -0.10283104 0.06136653 0.18046571 0.4152444 0.07549036 0.08029837 0.36286175 0.09364857 0.15624957 0.016353313 -0.19992268 0.24977642 -0.051966306 0.24632089 -0.33674547 0.2529365 0.233393 -0.22975455 -0.14188159 0.26595348 0.2838815 0.15842332 -0.10815149 0.17296731 -0.22206801 0.1286696 0.0415186 -0.20010534 -0.4137923 0.22871293 -0.22650807
rum -0.028175315 0.40996137 0.045243654 0.023611601 -0.12227383 -0.12219629 0.25749475 0.22283584 0.08389621 -0.32776666 0.18821824 -0.16571562 0.006007335 0.04598125 -0.35655224 -0.16675252 0.22964302 -0.1558396 0.10962234 -0.12470626 -0.09990199 -0.03855006 0.114301965 0.34933922 -0.09541839 0.040876534 -0.18187001 0.2721334 -0.056255095 -0.10689991 -0.10194085 -0.23655981 -0.0067668934 0.013716598 -0.13994232 -0.044604536 -0.08353913 -0.28101063 -0.16957681 0.06871478 -0.0007280852 0.14661974 0.16039377 -0.078406036 0.10154702 -0.16688831 -0.19303167 -0.18852073 -0.12128527 0.19377327 0.031518664 -0.007777066 -0.107419334 0.12878236 0.12212292 -0.16208768 -0.048840128 -0.007574843 -0.2423999 -0.024858663 -0.11480124 0.016223934 0.053998068 -0.20739609 0.09113581 -0.19953638 0.036323216 -0.1047321 0.010718738 0.15622601 0.034486026 0.04038879 0.12944776 0.09702598 0.03183474 -0.04203451 0.0035007652 -0.18808839 -0.0127273 -0.06761538 -0.2643616 -0.110825256 -0.27613255 0.14178334 0.058768004 -0.19445556 0.21989943 -0.088555016 0.22181475 -0.05016073 -0.33971757 -0.061586976 -0.027285323 -0.0758172 0.08881248 -0.05875644 -0.12124333 0.04950885 0.036555573 -0.049718976 -0.025357656 0.15497369 -0.07021928 0.16097276 0.26024023 -0.06882478 -0.114032745 -0.025898607 -0.025077363 -0.0573347 -0.033467706 -0.30696592 -0.34889552 0.025547614 0.19199046 0.12482349 0.15180765 0.07242514 0.07158003 -0.04065186 -6.880249e-05 0.16954146 0.17894557 0.11620088 -0.028172307 -0.0031650898 -0.06949683 0.018862125 -0.13333294 0.06440328 0.21958351 0.049650203 0.17507894 -0.113510124 0.31173122 0.07162976 0.018777402 -0.12578674 -0.20241359 -0.086133756 0.09829657 -0.15967079 -0.15485571 0.10565659 -0.0031504822 -0.14915204 -0.4805467 -0.14083572 0.22660367 -0.29323575 0.008143982 -0.41502035 -0.06502051 0.07178467 -0.02937368 0.08333889 -0.15207104 -0.22492903 -0.17619976 0.12287571 0.09708527 0.09721484 -0.029335877 0.17612979 0.116038 0.12545702 0.04557497 0.2679717 0.03804378 0.5782965 -0.07280001 0.07632256 0.01955481 0.21873437 0.19483854 -0.13088273 -0.09200978 -0.056168187 0.2613115 -0.18759331 -0.06279293 0.0011800441 -0.39510128 -0.19402038 -0.045809057 0.14367059 0.5120419 0.22051032 0.2761463 -0.38298962 0.23176335 0.11571468 -0.3453932 0.0071701654 0.07397407 -0.40254351 0.087638356 -0.27613094 0.03639965 0.029061615 -0.12592049 0.11082914 0.016893627 -0.23222674 0.08883892 -0.20199388 0.091936864 0.18758409 0.057550184 -0.19525823 -0.008494987 -0.33700624 -0.2665048 -0.06643729 0.3069994 -0.40548468 -0.14880185 -0.42876527 -0.20138678 -0.29146534 0.19222948 -0.008840129 -0.013307173 -0.22781625 -0.14403306 0.0058625364 0.3029301 0.033488125 -0.15660103 0.12171325 0.26384717 -0.30384076 -0.0868926 0.052247107 -0.15666115 0.09608761 0.14386542 0.01496521 0.15707198 0.007887035 0.13771647 0.030805372 0.035336997 0.14661984 0.07352647 0.20005189 0.32908338 -0.10276992 -0.015962778 0.071629666 0.09366867 -0.2217025 0.1906121 -0.115944706 -0.34229907 -0.37441856 0.4772908 -0.0121242395 -0.42812356 -0.25230384 0.2731243 -0.19180816 0.39314553 -0.14919533 -0.18285114 0.20215207 0.023195993 0.12499193 -0.18923078 -0.009828101 0.13853724 -0.059386156 0.19318075 -0.01049842 0.11106912 0.19264498 -0.1488661 0.16850099 -0.10133115 0.026118994 0.110918805 -0.17083187 0.23894092 -0.36959684 0.21224336 0.09910218 -0.29344344 0.122643925 0.19937596 0.10036762 0.16260825 0.09554115 0.27938282 0.07691147 0.47056878 0.1160001 -0.14114776 -0.09594012 0.07024428 -0.33416453
mushroom 0.07362672 0.28609315 0.030469313 0.07512976 -0.22116525 -0.28284043 0.41584414 0.36661503 0.20499611 -0.113502994 0.09609433 -0.32086957 -0.017376537 0.1945957 -0.21101183 -0.1027744 0.21854454 -0.092277534 -0.029683834 -0.015887985 -0.14076664 0.022896755 -0.05885682 0.29278216 0.15381034 0.040697727 -0.11955271 0.003158912 0.06712589 -0.26738438 -0.019608788 -0.14487614 0.012757626 0.04387263 -0.07908089 -0.032826137 -0.04015605 -0.15202655 0.07902151 0.13370544 0.04681931 0.18201783 0.11218033 -0.10883227 0.008405934 -0.15107338 -0.08601977 0.08465032 0.1902715 0.27952608 0.20824964 -0.06290732 0.015004765 0.060845114 -0.030277587 -0.1838358 0.027010001 -0.098832004 -0.17338808 0.039842524 -0.014012819 0.10442303 0.025309004 -0.13146716 0.21817672 -0.24351308 -0.13860501 -0.07624903 0.119743966 -0.03861475 -0.13889724 0.04718448 0.09468532 0.22527745 -0.15327801 0.046794746 0.09789542 0.014771457 0.15011533 -0.14649828 -0.19235863 0.057579197 0.07399924 0.18984482 -0.009838209 -0.033270404 0.23015189 -0.00805931 0.072328396 0.008534864 -0.2377641 -0.1389885 -0.009462436 -0.045720812 0.055590507 0.0065051573 -0.2701475 0.023383325 0.042312533 -0.03274015 0.017818423 0.18942748 0.17313579 0.12668824 0.044065256 -0.20441754 -0.090918966 0.03587323 -0.18514188 -0.37464404 -0.103122815 -0.17137773 -0.35982955 -0.06284628 -0.12007523 0.45269835 0.19692917 0.079995625 0.17895241 -0.2926895 0.07645866 0.10736429 0.121936224 -0.08124974 0.0049626883 0.03864604 -0.023550997 -0.00086892396 -0.21970196 0.21830156 0.09787215 0.17937034 0.25671673 -0.20062257 0.1079959 0.03150275 0.04528473 -0.25157207 -0.13584055 0.006555817 0.12162726 -0.24454108 -0.0711375 0.10698638 -0.001468255 -0.09122085 -0.25289318 0.058773875 0.09214527 -0.3723125 0.2243114 -0.34246242 -0.13358946 -0.054288674 0.0054547833 -0.04500766 -0.18828432 -0.20025404 -0.2827726 0.008266541 -0.12943056 0.040103078 0.07821231 0.133268 0.083025455 0.04292673 0.07322764 0.2009494 -0.006794246 0.3034333 -0.15610263 0.08026615 -0.007110892 0.18769269 0.15359461 0.13837351 -0.08774932 -0.15119983 0.026087001 0.0056842915 -0.0025103914 0.26535353 -0.15512598 -0.0040297876 -0.03850866 0.07773426 0.45732823 0.21844691 0.2114688 -0.067728445 0.030739056 0.021627143 -0.56137073 -0.0012733655 -0.0141657265 -0.18862796 0.08357821 -0.1842752 0.026542347 0.06408696 -0.2080469 0.059553713 -0.09590529 -0.09943206 0.046981674 -0.122660555 -0.026564583 0.028702565 0.15591237 -0.109858446 0.07551606 -0.14598191 -0.18985526 -0.1310879 0.29245636 -0.17180611 -0.1447588 -0.2906659 -0.09414961 -0.3721975 0.14425313 -0.017045438 0.12427108 -0.22175978 0.15570162 -0.036313787 0.17558058 0.13205864 -0.19168024 0.07786653 0.10229989 -0.21217196 0.019042052 0.19436565 -0.029175814 0.042197093 -0.004553905 -0.072221726 0.07803717 -0.16188556 0.21754831 -0.1581779 -0.15040424 -0.007983569 0.07927086 -0.027881049 0.12729552 -0.19097504 -0.020610873 0.06652097 0.12923646 -0.13154304 0.33915174 -0.07712402 -0.31701428 -0.19902359 0.117494226 0.031672172 -0.14719464 -0.21001461 0.2935816 -0.19486755 0.1888216 0.0246247 0.004873654 0.14674525 -0.02730436 0.09251033 -0.122847416 0.13103202 0.11970219 0.1700225 0.33226818 0.30240142 0.068258256 0.16793342 -0.11629573 -0.015134075 0.04465812 0.044542894 0.07645052 -0.012727396 0.07295615 -0.28798372 0.008764491 0.06420168 0.17078848 -0.21803652 0.20552053 -0.07984906 0.24545652 -0.2462951 0.0740653 -0.26399514 0.11478111 0.07312764 -0.15476361 0.12759057 0.004897557 -0.03414649
almond -0.063409396 0.3397217 0.06398338 0.1768 -0.14915599 -0.2782225 0.32931653 0.5115609 0.07979546 -0.20599487 0.25835267 -0.33931157 -0.22132052 0.062006235 -0.31493875 -0.13972615 0.18472347 -0.07287576 0.02143044 -0.09942441 -0.132554 0.10358765 -0.0045381845 0.40137264 0.07270129 0.10952227 -0.16637224 0.18160251 0.0849119 -0.09195544 -0.0046788696 -0.07541052 0.08042214 0.030179575 -0.09294711 -0.10829126 -0.01434798 -0.28851083 -0.06458526 0.10670084 0.08957742 0.12288909 0.08199435 -0.12627746 0.06162434 -0.13711503 -0.09152818 -0.06403621 0.044925578 0.35982093 0.009632966 -0.18758832 -0.06671517 0.15978536 -0.050660387 -0.21833377 -0.09935744 -0.15876442 -0.18310331 0.05929092 -0.041747883 0.11362934 0.17454286 -0.2355175 0.101875275 -0.2566793 -0.033550218 -0.05746189 -0.17061092 0.077897884 -0.006577752 0.22512433 0.23599622 -0.059561636 -0.0048389006 -0.029595891 -0.009483029 -0.075570695 -0.12724249 -0.06036347 -0.35117027 -0.04208517 0.060081083 0.43003228 -0.06172514 -0.26003677 0.24703443 -0.08383027 0.058604438 0.008637425 -0.008980437 -0.0020110365 -0.1055186 0.022903983 0.32921797 -0.013968491 -0.19607483 0.09780472 0.05886649 0.056138434 -0.1479822 0.10299886 0.14957827 0.12578328 0.22018772 -0.30055255 -0.18324095 -0.063214876 -0.2366947 -0.34712866 -0.038337614 -0.101640865 -0.3620372 -0.108583994 0.059623163 0.2722294 0.33773428 0.03409916 0.16999136 -0.18404123 0.13490663 0.026035655 0.1664286 0.08622611 0.10199351 0.23755036 -0.04214001 -0.030125486 -0.16822627 0.16207886 0.19229949 0.12772305 0.22883661 -0.21854265 0.27269748 0.24530973 -0.008905605 -0.29793164 -0.16730554 -0.11419234 0.13881788 -0.44861177 -0.0742341 0.22996032 -0.11670416 -0.3775571 -0.38228127 -0.053493284 0.2381905 -0.40459192 0.15174942 -0.32120523 -0.011297951 -0.0036359169 -0.13066134 0.056030765 -0.25677007 -0.2475594 -0.117198505 0.20905948 -0.022769485 -0.021961797 0.03026239 0.2163852 0.16522005 0.018223193 0.116688855 0.3193477 0.16144434 0.45193434 -0.20701893 0.09056621 0.031707235 0.4398981 0.24355076 0.2109167 -0.25101686 -0.26672947 0.27283162 -0.11229451 -0.08103703 0.15868051 -0.2454816 -0.09433583 0.014929009 0.04158678 0.4821291 0.17981355 0.32635134 -0.37484804 0.20522547 0.21794817 -0.4426102 0.061943647 -0.019413067 -0.2088634 0.122634806 -0.31342447 0.08530089 0.12996793 -0.18910794 0.062222853 -0.021258472 -0.21132371 0.09407804 -0.1649465 0.13315797 0.1550405 -0.018216655 -0.17819081 0.05576234 -0.3933444 -0.09178864 -0.18915989 0.34225848 -0.36290523 -0.106549345 -0.55306864 -0.22845732 -0.29563904 0.25407514 -0.14738245 -0.09101577 -0.34074205 0.13781594 0.11360627 0.20466319 0.16652471 -0.12344283 -0.0018360986 0.07459247 -0.25467172 -0.24693546 0.02696596 -0.14411698 0.07843925 0.059049558 -0.07976715 0.044495627 -0.04727994 -0.033594016 -0.09307731 0.00033554842 0.060932223 0.008525699 0.13754232 0.31210533 -0.13903227 -0.12993619 0.08583818 0.105991654 -0.22495867 0.32157823 -0.1725107 -0.35675666 -0.23247357 0.3163909 0.12521425 -0.09853603 -0.21861157 0.18243475 -0.20348617 0.32083115 0.14003901 -0.13034427 0.23481277 0.1705994 0.17392714 0.08646572 -0.1077531 0.16141751 0.027202735 0.28146398 0.050006777 0.021679183 0.22856173 -0.27429754 0.069486 0.13383453 -0.10900835 0.115388386 -0.042113565 0.36927083 -0.4064563 0.21314463 0.07599392 0.004230644 -0.20715107 0.19760697 0.019177131 0.20769693 -0.042825248 0.28312805 -0.10780536 0.3325309 0.09088932 -0.07299701 -0.05630438 0.021700585 -0.09933065
pear -0.036826212 0.6473772 0.25246015 0.30113488 -0.2612598 -0.5480554 0.61588067 0.5654261 0.2756623 -0.3640421 0.15005143 -0.5379458 -0.14087974 -0.09488842 -0.5080909 -0.036634166 0.27556992 -0.037058566 -0.23472777 0.03631076 -0.13025701 0.26981345 0.24607857 0.28046867 0.18410733 0.20868902 -0.23619129 0.085328795 -0.004766152 -0.30962375 0.026205892 -0.14387818 0.10578107 0.04459887 -0.14891607 0.16276783 0.23542461 -0.5028288 0.028270459 0.20967944 0.15106283 0.33484223 0.20208888 -0.17253068 0.2107016 -0.04410802 0.005210589 0.011137943 -0.024744859 0.39403522 -0.04978332 -0.326986 -0.077351734 0.1549167 -0.1298985 -0.20857184 -0.05667835 -0.27419457 -0.24621734 -0.12513435 -0.08706418 0.28725943 0.05963607 -0.17847379 0.2208729 -0.25040856 -0.13705692 -0.1295149 -0.11004993 0.044980105 -0.16869129 0.2828197 0.11170247 0.074185915 -0.16334891 0.017946096 -0.015225454 -0.07743363 0.0785533 -0.1190219 -0.2321415 -0.0835649 0.14958511 0.38035235 -0.02117001 -0.23436959 0.22322524 0.016107045 0.04583287 0.24358219 0.020950522 0.14626208 -0.0856132 -0.12102642 0.4756428 -0.052197907 -0.16154845 -0.10672133 0.15967488 0.048923444 -0.24505672 0.2643984 0.32356864 0.14752354 0.16027121 -0.23214114 -0.3163545 0.018068265 -0.29693404 -0.28785086 -0.2039835 -0.14410244 -0.49238357 -0.19555189 0.07865643 0.24559097 0.2455221 0.14135352 0.30636898 -0.25077125 -0.30981427 -0.08066876 0.33014652 -0.08620159 -0.08050839 0.25476626 -0.032641996 -0.038202655 -0.29802787 0.34199703 0.033165358 0.1635343 0.15666012 -0.24856795 0.29105812 -0.01657467 -0.028985752 -0.14484517 -0.2017746 0.025618939 0.23097725 -0.60373765 -0.07480816 0.04288853 -0.18289146 -0.40281168 -0.37629458 -0.011369374 0.07846132 -0.47381362 0.31616426 -0.16406372 -0.075084105 -0.012549178 -0.25213265 0.076484345 -0.33181784 -0.19659553 -0.087544836 0.060536206 -0.17756838 0.06238245 -0.0068115694 0.17235081 0.17059216 -0.24837829 0.12928398 0.42562234 0.1749362 0.38233522 -0.21218936 0.16443057 0.14150971 0.6033658 0.30206737 0.5009006 -0.29305938 -0.30729192 0.22084449 -0.05277004 -0.10718374 0.3784858 -0.078901455 0.024286516 0.069461495 0.30857348 0.5740212 0.16556674 0.2765526 -0.5830948 0.11873413 -0.062415056 -0.43678537 -0.010848822 0.11175927 -0.12229248 0.06560486 -0.36799806 0.054971606 -0.048392385 -0.27938953 0.09986481 0.13741238 -0.25751132 -0.01397238 -0.11925721 -0.016366208 0.05916268 -0.14875138 -0.25245824 -0.035481244 -0.40298435 -0.08522015 -0.35428134 0.19693491 -0.37201855 -0.12193843 -0.50046366 -0.20344077 -0.067087576 0.22873199 -0.13854468 0.2286488 -0.28433603 0.005792287 -0.054959543 0.23277012 0.29744864 -0.21495219 0.15799114 -0.025680708 -0.3342765 -0.14462334 0.2342646 -0.04747041 -0.028846161 0.16490984 -0.16265257 -0.05987524 -0.050541613 -0.16269337 0.037276685 -0.12571625 -0.122540414 -0.056612648 0.26518393 0.2751996 -0.110694565 -0.086806186 0.13549548 0.041164123 -0.3199501 0.32486448 -0.023229964 -0.2395072 -0.16662447 0.24454856 0.03627279 -0.004583792 -0.3194076 0.15065277 -0.27945518 0.33212563 0.14219646 -0.11230673 0.13959987 0.21218713 0.1433625 0.23685087 0.05849348 0.3323548 0.061984524 0.36353517 0.131563 -0.024559997 0.3318069 -0.20830634 0.07625169 0.11647928 -0.036286484 0.3198561 -0.069208115 0.28757495 -0.17140204 0.2932235 -0.039073173 -0.17336494 -0.2774132 0.12883162 0.22752213 0.2193289 -0.36687395 -0.013215052 -0.23042713 0.006753186 -0.10893802 -0.24699971 -0.014489501 0.11425738 -0.28976592
ham 0.24109082 0.22895642 -0.023948161 0.041036144 -0.28217688 -0.20097995 0.25595644 -0.15551262 0.1803028 -0.08690637 0.0010826255 -0.055866122 0.047613453 -0.023869205 -0.23177922 -0.06993321 0.20336485 -0.14530347 -0.05757696 0.051025037 -0.089114465 0.013159094 0.10857136 0.3045672 -0.012833281 0.019810528 0.08467855 0.05201224 -0.18926239 -0.5167786 0.10165004 -0.21649615 0.057492282 -0.022975756 -0.11636222 -0.08076005 -0.0050910767 -0.11421102 -0.110761836 0.12383785 0.20545703 0.2582358 0.18967877 -0.068371296 -0.03966509 -0.3028727 -0.24796474 -0.0081645325 0.04962994 0.12230073 0.047446184 -0.07655293 -0.010940238 0.011822518 -0.023048453 -0.16428187 -0.020895572 -0.09253477 -0.058932282 -0.2204315 -0.04406336 0.052825168 0.063337974 0.026378637 0.2863948 -0.33299163 -0.105978824 0.07403076 -0.038412396 0.09151097 -0.00941911 0.035739873 0.1789529 0.20702332 -0.113713115 0.109031975 -0.027150009 -0.05934564 -0.085419804 -0.17955084 -0.29520518 -0.15377854 0.015208234 0.28355023 -0.037952323 -0.09200087 0.25808334 0.09228317 0.27130023 0.10816529 0.059083916 -0.018065196 -0.08057509 -0.2578944 0.05830403 0.23982239 -0.29718372 0.11017301 0.1456214 -0.23538311 0.017809978 0.027575409 -0.024310578 -0.06340675 0.16851147 -0.16090901 -0.042571157 -0.027452124 -0.04368807 -0.39135113 -0.16502577 -0.11537946 -0.4029828 -0.019895306 -0.24739085 0.44923216 0.11021054 0.16150565 0.5104114 -0.30148888 -0.0588136 0.10958835 0.42039618 -0.09957541 0.14435302 0.11073576 -0.101043805 -0.067506514 -0.3439704 0.07366923 0.13097651 0.07475218 0.34109232 -0.22932586 0.3091536 0.03503425 0.08680148 -0.16014875 -0.1821448 0.03343883 0.08083223 -0.024222484 -0.15276815 0.103171155 0.027518954 -0.16585724 -0.056114785 -0.06602299 0.101262294 -0.19677292 0.15931141 -0.1748621 0.0044950563 0.005949484 -0.0741116 -0.04805166 -0.31943345 -0.19511828 -0.19408844 0.031838458 0.12591732 -0.24569507 0.114918485 0.10971023 0.1404409 -0.016720295 -0.042186316 0.25231332 0.03279299 0.26994985 -0.092174545 0.12054687 0.054461412 0.17316882 0.052333467 -0.008070112 -0.09169814 -0.2510559 0.30939934 0.023246685 0.029635409 0.15815498 -0.36214647 -0.044658583 -0.045094263 0.11314394 0.5198601 0.110195056 0.20871654 -0.24021138 0.24425772 -0.021427054 -0.53285384 0.04258794 0.033884663 -0.2261304 -0.038093936 -0.33324432 0.0677495 0.073886864 -0.18858479 -0.023342026 -0.24699202 -0.022668663 0.12565356 -0.18986887 0.025155712 0.18494152 -0.12611967 -0.09340233 -0.014882951 -0.08295295 -0.13342302 -0.22231658 0.15127453 -0.49598506 -0.25098774 -0.3929901 -0.2476646 -0.43304583 0.04354562 0.023420425 -0.018362623 -0.24672174 0.21259326 -0.14801772 0.21062143 0.10884132 -0.3777729 0.07815397 0.03192894 -0.13609208 -0.2043393 0.13771947 -0.009331931 0.21625905 -0.008971229 -0.012185862 0.18922415 -0.20200804 0.15883851 -0.29213375 -0.113693245 0.16411538 0.09417778 -0.14441602 0.15308903 -0.21672662 0.084543936 0.015600199 0.12724043 -0.26195204 0.30684626 0.0024044644 -0.20369616 -0.38677132 0.20745775 0.018663077 -0.212839 -0.056139458 0.18012495 -0.23625976 0.29640028 -0.037196063 -0.23418881 0.2213868 0.10389048 0.1584639 -0.085151166 -0.083084896 0.053218387 0.2787499 0.38265228 0.4373453 0.09583532 0.12561248 -0.18208908 0.098581426 -0.06315157 0.13683948 0.15127788 -0.01100674 0.003206818 -0.31066844 0.019884903 -0.037348818 0.10983965 -0.10986538 0.2719798 0.16876812 0.38043994 0.18845883 0.044962566 -0.032034278 0.37876981 0.08754157 -0.24198036 0.02975787 0.033919282 -0.24172553
turpentine -0.053816326 0.19594562 0.031715978 0.15358007 -0.05123072 -0.29039997 0.18884987 0.40506575 0.07813066 -0.17268576 0.029406376 -0.3991235 -0.105610214 0.08661678 -0.23535514 -0.091319226 0.14987536 -0.16165969 0.20390718 -0.08045715 -0.103561185 0.041950166 -0.05975646 0.22103436 0.073246256 0.038731195 -0.269759 -0.006366019 0.05621123 -0.116468415 -0.052637603 -0.14456184 0.01035459 0.11508879 -0.044045504 -0.08120483 -0.072418965 -0.22939064 0.04411683 0.09060465 0.03356819 0.03918935 0.0992735 -0.041428108 0.013191653 -0.056787282 -0.036959812 -0.09007368 0.09806265 0.22911528 0.20786853 0.062145658 0.020944024 0.09126408 0.12174467 -0.088211305 -0.0068213874 -0.06390018 -0.073982716 -0.0103968745 0.037077952 -0.029513497 -0.00015782763 -0.13389763 0.042401515 -0.20331249 -0.0553026 0.014144295 -0.06905494 0.10296406 -0.0045988485 0.10246023 0.15163916 -0.008866387 0.030552907 0.04994039 -0.104863524 -0.025988929 -0.15685482 0.035371162 -0.18179284 -0.17277922 0.00903758 0.27417415 0.066210166 -0.07478524 0.11003084 -0.10272479 -0.07317037 -0.0986071 -0.22226241 -0.14663601 -0.015771033 0.082703345 0.12475519 -0.12547858 -0.27622113 0.055616677 -0.102016516 -0.10884318 -0.030850697 0.027172279 0.07078179 -0.03852662 0.06907265 -0.15463984 -0.07362805 -0.015206582 -0.14758587 -0.27636886 -0.1209324 -0.18579361 -0.223468 -0.008229136 0.09844802 0.17775838 0.12292181 0.029161159 0.0341085 -0.13095397 0.010532086 0.002895851 0.051708717 -0.028960746 0.10741198 0.060895093 0.055932485 -0.015054499 -0.111477315 -0.021217989 0.09087535 0.056710873 0.17469166 -0.04062868 0.11050343 0.056042224 0.11515248 -0.08343946 -0.03099667 0.13502991 0.10327552 -0.14879996 -0.034410305 0.009610948 -0.06340599 -0.11942476 -0.13819431 0.032577403 0.16302422 -0.16671412 0.04007587 -0.2422486 -0.16196692 -0.005108136 -0.007524628 0.033305883 -0.10484192 -0.12607275 -0.13325773 0.09411147 0.028084168 0.08188166 -0.041416783 0.30506128 0.14347577 0.0327164 0.064557 0.15635633 -0.004408376 0.66719264 -0.05635772 0.18991584 -0.033843644 0.30336568 0.20671669 0.11767079 -0.077337824 -0.19265054 0.12401077 0.008314112 -0.030696962 0.12564206 -0.3691773 -0.109872445 -0.045257296 0.13156112 0.38447374 0.1816928 0.21940997 -0.10068375 0.060012553 0.17419025 -0.44490084 -0.0117317075 0.07663543 -0.14163923 0.043217335 -0.16699487 0.032009054 0.05299919 -0.17091362 0.15329926 -0.14404216 -0.18106656 0.10695505 -0.22494033 0.094441004 0.12662913 0.08417372 -0.21010883 0.09068831 -0.22448474 -0.11282061 0.044552356 0.031997837 -0.1656654 -0.015427811 -0.24093728 -0.04379767 -0.2131767 0.14731312 -0.049453437 0.046412192 -0.119630136 -0.010594848 -0.033955634 0.19398443 0.018385844 -0.05153096 0.069555804 0.09483268 -0.19448029 -0.06034559 -0.0085998215 -0.03092028 0.04987498 0.014060588 -0.0035166037 0.12065578 -0.016672686 0.021284193 -0.030798687 -0.09556541 0.01888266 0.04115291 0.09964723 0.1887285 -0.17002286 -0.052978143 -0.055766772 0.09911708 -0.18100692 0.095408745 -0.07075739 -0.19578156 -0.20040342 0.29294783 0.15128289 -0.3914964 -0.23110761 0.2408927 -0.13565323 0.17814203 -0.19972101 -0.19427283 0.060801905 -0.017378403 0.07190075 -0.16869615 0.014280329 -0.078283235 0.109336056 0.34756798 0.24338351 0.21215491 0.086866535 0.1059758 0.17114402 -0.23831514 -0.054167032 0.13498875 -0.008174968 0.00670233 -0.2827818 0.13957076 -0.081115924 0.04617507 -0.17567252 0.06323746 -0.06750792 0.062472604 -0.0010183743 0.04064774 -0.10905853 0.2206351 0.19213626 -0.05605764 0.14221598 -0.026639514 -0.06402874
camphor -0.09897204 0.3570263 -0.07226606 0.035906278 -0.06512925 -0.36462936 0.3548787 0.31662878 0.15567183 -0.37657437 0.088266276 -0.2809396 -0.04278184 -0.121978216 -0.29653743 -0.21435049 0.32379663 -0.22727942 0.11621434 -0.13012479 -0.08112506 0.050151113 0.11074756 0.35402042 0.020606754 0.101077706 -0.23964801 0.11562675 -0.08039341 -0.25367638 0.06468889 -0.14857441 0.00077379297 0.06436039 -0.18267311 -0.024319736 0.030895848 -0.25793853 -0.09491155 0.19425818 0.0127726495 0.2361674 0.18595691 -0.23110794 0.10488548 0.024256876 -0.049428444 -0.039031778 0.12460626 0.35918897 0.035841 -0.08211752 -0.18718882 0.17137936 0.14842923 -0.07020277 -0.0076504773 -0.04176817 -0.13863117 -0.02666998 -0.024683364 0.069326065 0.19198897 -0.12739907 0.14219043 -0.22326249 -0.08299194 -0.089894265 0.06036894 0.08671995 0.13325094 0.012895761 0.13923967 0.18501675 0.022651114 -0.03451798 -0.121892236 -0.062312245 -0.015787682 -0.06006634 -0.28201538 0.06638277 -0.053728767 0.20418818 -0.024044093 -0.1700245 0.3699971 -0.041158978 0.05853518 -0.15525772 -0.40840888 -0.14347497 -0.025328388 0.028691407 0.05036601 -0.21799739 -0.18791164 -0.0253598 0.03220889 -0.022445546 0.05189307 0.19197041 0.010471213 0.10749411 0.16536126 -0.07602077 -0.039936803 -0.085150406 -0.09003524 -0.12503012 -0.14375266 -0.12476672 -0.31079948 -0.114735074 0.056416344 -0.028255496 0.064380124 0.13274123 -0.06901494 0.14764036 0.016993426 -0.06200803 0.11242223 0.03400617 -0.038725782 -0.05101332 -0.09757613 0.10128992 -0.17126283 0.11624881 0.03367106 -0.040605094 0.0879559 -0.25776318 0.26599172 -0.14404827 0.06493408 -0.045745876 0.02780123 0.044473063 0.060248666 -0.047772985 -0.18155515 0.105089925 -0.04300777 -0.119962625 -0.14707589 -0.07277748 0.11536968 -0.22023542 0.15362251 -0.30227953 -0.09033119 -0.050600853 -0.037382685 0.10505922 -0.28508127 -0.2480828 -0.21027109 0.21946296 0.032322284 -0.05582251 -0.07831502 0.21288972 -0.01203992 0.093660265 0.062271755 0.11381892 -0.029357864 0.51494056 -0.16096829 -0.09114959 -0.03281823 0.2668132 0.17402735 0.039973818 -0.059495244 0.047376696 0.17155865 -0.10584213 -0.03598173 0.09966933 -0.09735373 -0.009854824 -0.015323708 0.029351886 0.38087106 0.23067383 0.17351365 -0.18061706 0.10255413 0.043856133 -0.21516123 -0.13754973 -0.0853643 -0.26037294 0.053418253 -0.17898798 0.021594036 0.03107008 -0.14663152 0.082365446 -0.084479444 -0.26099974 0.07779268 -0.1836917 0.14697236 0.21485901 0.083026245 -0.09676521 0.019112574 -0.1264436 -0.12386603 0.0262725 0.13436282 -0.08278492 -0.069377415 -0.20384963 -0.13968776 -0.27190977 -0.007259425 -0.040718358 0.121894024 -0.058569044 0.16573215 0.12771222 0.1444031 0.0010895663 -0.009671284 0.016480546 0.18842992 -0.2943419 -0.041416563 -0.062412735 -0.09522249 0.06348319 0.01903978 -0.16369645 0.12583356 0.034886807 0.18321638 -0.06147749 -0.06984076 0.1650435 0.12165521 0.11335533 0.21384357 -0.14309606 -0.04068353 0.030594148 0.077658355 -0.34042338 0.15569398 -0.10027729 -0.33978853 -0.38922402 0.40243647 -0.045481447 -0.26368955 -0.11825524 0.18510582 -0.29649454 0.3181454 -0.038706247 -0.13752349 0.1580206 0.1158776 -0.043456394 -0.050434235 -0.14166345 0.057283968 0.13537967 0.37352777 0.14803667 0.014721998 0.3059349 -0.20567644 0.11802398 -0.13137785 -0.059074014 0.14943479 0.08806432 0.12436313 -0.28441632 0.18231979 0.09989551 -0.109302096 -0.07811899 0.110315606 0.02182022 0.13629293 -0.031565398 0.046709 -0.16996945 0.18307395 -0.02770273 -0.16156852 -0.11146703 0.032090355 -0.16515988
pineapple 0.030950977 0.31122157 0.1950547 0.18275994 -0.23120773 -0.31608447 0.23817983 0.3546847 0.19041535 -0.1848494 0.2911661 -0.39350468 -0.07646111 0.05483945 -0.2876488 0.025290268 0.47505635 -0.06731251 0.020455457 -0.10296541 -0.15062246 0.091583684 0.23647061 0.39765024 0.053613283 0.14880414 -0.17723341 0.34385845 -0.1854137 -0.20940128 0.099957965 0.020571519 0.1493637 0.06610458 -0.18462059 0.024910752 0.033334345 -0.34745377 -0.115902215 0.16555205 0.122386046 0.2636303 0.15473472 -0.07917746 0.05098029 -0.15137303 -0.17894751 -0.025807906 -0.019317808 0.26562774 0.07151036 -0.20259161 -0.019106716 0.25686377 -0.09130713 -0.14271665 -0.15714386 -0.2414357 -0.18289384 -0.13996528 -0.14205357 0.16257113 0.19681251 -0.14097747 0.13909222 -0.21333072 -0.05602365 -0.0572986 -0.09191896 0.011249897 -0.06259218 0.15384808 0.2098362 0.06318818 -0.05938562 0.021062743 0.032288015 -0.089736894 -0.022674358 -0.104787335 -0.3629072 -0.10438696 0.03463768 0.38087982 -0.05878793 -0.1388783 0.25046209 -0.01389373 0.1156456 0.022736166 -0.10385566 0.061252598 -0.018926354 -0.04432973 0.24254452 -0.109133966 -0.114703685 -0.0028541675 0.13875265 0.042172235 -0.09958156 0.1785053 0.07367481 0.12652491 0.18282734 -0.23746486 -0.11091442 -0.09604298 -0.17774853 -0.23986122 -0.11389632 -0.14531448 -0.41277397 -0.15779777 0.06939877 0.20047371 0.16976294 0.19940908 0.21676053 -0.12401064 -0.09925715 -0.070885986 0.21341701 -0.016448593 0.016886037 0.18302104 -0.15245968 -0.023220375 -0.17386067 0.27534437 0.17674336 0.21153106 0.20868228 -0.24371484 0.3645813 0.25038648 -0.03317083 -0.14391598 -0.23367873 -0.008935252 0.15166694 -0.32281786 -0.14421485 0.1504112 -0.083826534 -0.2262609 -0.24592413 -0.055525947 0.12839203 -0.22237766 0.056273647 -0.20855975 -0.0038302336 0.056308717 -0.094314165 0.09178785 -0.12900712 -0.24799451 -0.053064715 0.22242148 -0.0036731681 -0.015695332 0.17211181 0.20296532 0.18226367 -0.11453072 0.11621502 0.25715232 0.17534131 0.41664892 -0.118413866 0.009669109 0.09214152 0.3287663 0.17739432 0.13679977 -0.16253649 -0.18131088 0.26990885 -0.14286476 -0.116211064 0.17644702 -0.20442681 -0.038286593 -0.01617014 0.14569475 0.50835395 0.12238979 0.23217705 -0.38307762 0.32722142 0.08963671 -0.48127225 -0.04052484 -0.049261115 -0.2618455 -0.05914762 -0.36585695 0.13844478 0.09027 -0.2101216 0.13588792 0.039895263 -0.27227986 0.15632777 -0.11707043 0.034299582 0.24749798 0.029648893 -0.2256556 -0.039345823 -0.3787179 -0.05155946 -0.32729957 0.2797205 -0.35600293 -0.18738958 -0.54141784 -0.18968199 -0.34995443 0.122674905 -0.022065174 0.13411368 -0.28319812 0.14647569 0.03228826 0.18875559 0.12872575 -0.08393972 0.028144833 0.03510009 -0.2883028 -0.066584796 0.113188036 -0.10568426 0.13867968 0.10266786 -0.036557958 0.12135895 -0.031845 0.083298214 -0.16093117 -0.018478684 0.008564369 0.10995748 0.14342979 0.24360242 -0.23430307 -0.11635372 0.039767433 0.037726928 -0.25532568 0.13410138 -0.14011309 -0.23045011 -0.34076503 0.32918388 -0.023061821 -0.085921004 -0.18580902 0.11857136 -0.2578494 0.36378384 0.05268404 -0.105575055 0.10328048 0.16002527 0.007494565 -0.0026166118 -0.102785505 0.12829825 0.14254056 0.2753961 0.20965078 0.04596987 0.19082378 -0.23217782 -0.029057557 -0.0322903 0.0529298 0.19808933 -0.049306173 0.22345182 -0.3460962 0.31559938 0.10259173 -0.017217653 -0.23105384 0.017240481 0.057760965 0.1868426 -0.22036576 0.12429198 -0.18384713 0.20859756 -0.10570729 -0.07131499 0.038755696 -0.009817732 -0.234639
kerosene 0.03021197 0.21600397 0.00840629 0.005007179 -0.033342596 -0.30721563 0.24955808 0.32050604 0.02016393 -0.21498406 0.04083201 -0.3942144 -0.048149478 -0.12921411 -0.22304337 -0.17489056 0.22553952 -0.33262116 0.07101675 -0.15014045 0.06661987 0.010538761 0.004189395 0.43424332 -0.066449314 0.06328826 -0.095356785 0.16251566 -0.011025083 -0.23603998 0.08609816 0.033090632 0.016705817 0.037763126 -0.17093256 -0.0802232 0.01811348 -0.21925575 -0.1496305 0.2353254 -0.12448078 0.15724958 0.15900351 -0.114122994 -0.07949323 -0.17183763 0.121000364 -0.031227402 0.1033649 0.43466872 0.28451803 0.014811385 -0.15513662 0.023145365 0.14704663 -0.053897865 0.141319 -0.011831431 0.05649446 -0.009399749 -0.039349154 -0.03169234 0.10713244 -0.16990839 0.015494708 -0.17758606 -0.12848286 -0.04373261 -0.09926863 0.04194457 0.13871911 0.12972179 0.18974395 -0.13196522 -0.15404084 0.06834839 -0.11235819 -0.13916962 -0.110522225 -0.023912702 -0.16099946 0.10637158 0.06131877 0.12718579 -0.044064775 -0.00655299 0.2961679 0.08549326 0.11429487 0.014025754 -0.32875955 -0.046468846 -0.045537908 0.0077402093 0.043130573 -0.18046273 -0.2844338 0.09036979 -0.067052215 -0.15380839 0.068486914 0.13279188 -0.05330885 0.0018092771 0.032770198 -0.1327103 0.10989454 -0.12790297 -0.10880528 -0.2094081 0.020998985 -0.08523406 -0.1540279 -0.13990754 0.02844253 0.10161907 0.096115924 -0.04912885 -0.051041946 0.15179808 -0.007074244 -0.034780752 0.10500814 0.08558545 0.110781215 0.01658625 -0.053713515 0.10676058 -0.1744231 0.0013310654 0.14782314 -0.10876814 0.08992743 -0.15930496 0.20846398 -0.10295659 0.1511903 -0.06285757 0.16314013 0.18003796 -0.042347338 -0.020050876 -0.019684242 -0.058416672 -0.050059866 -0.2096761 0.0011595058 -0.026284294 0.14705361 0.05306452 0.047637936 -0.26400816 -0.26424754 -0.060465947 -0.099398814 -0.033616878 -0.16928028 -0.13613068 -0.16312379 0.09113381 0.116506964 -0.17262769 0.08482069 0.22269604 0.06383319 0.016203534 0.07084201 0.092305794 0.1177102 0.29121792 -0.2769525 -0.053517874 -0.07164494 0.09927771 0.10120655 0.07526862 -0.034676947 -0.028904008 0.18943606 0.13613582 0.101056404 0.10025079 -0.13110809 -0.03724853 -0.046271037 0.0071979016 0.2506554 0.26606488 0.05753735 -0.045993242 -0.014827551 0.15974574 -0.24709018 -0.1124003 0.03654796 -0.23287016 0.076951765 -0.0974867 0.12547597 0.23178853 -0.13842274 -0.09544181 -0.15431763 -0.0723242 0.11754453 -0.15740834 0.11747222 0.08848397 -0.103258826 -0.03178622 -0.010640991 -0.055577572 -0.16667862 0.12330633 0.08720317 -0.044504922 -0.009699534 -0.2059099 -0.18973403 -0.28338647 0.13431586 -0.07036301 0.12240124 -0.13341056 0.20307454 0.11151809 0.06942887 0.014606587 -0.020410098 0.09263896 0.18061686 -0.21587002 0.009787913 -0.21266305 -0.08705777 -0.0033825208 -0.035663266 -0.02898516 -0.07954996 0.05424559 0.2575161 -0.13253315 -0.15166093 0.15239872 0.111724876 -0.009401624 0.14964958 -0.062400617 -0.037119642 -0.0013295725 0.036634937 -0.19906798 0.24372838 -0.15609087 -0.4441318 -0.18836828 0.4599585 0.03697804 -0.29218414 -0.1405797 0.08994556 -0.07355659 0.2470573 -0.11111734 -0.29038313 0.21364288 0.2595719 0.063267134 -0.2780703 -0.07810241 -0.22809659 0.13266364 0.2745421 0.15076412 0.11475037 0.10524849 0.04816784 0.180427 -0.13983922 -0.11455359 0.09087965 0.15865599 -0.017736625 -0.21963216 0.12938385 -0.001935363 -0.08070576 -0.005856279 0.15983193 0.10362461 0.2013966 0.15083246 0.24050611 -0.05447081 0.26009196 0.04666201 -0.026745854 -0.048171144 0.22291683 0.058643278
rope -0.04946563 0.15603146 -0.18404017 0.08023193 -0.17180488 -0.19143862 0.37282285 0.16244972 0.1621126 -0.01775339 -0.08646946 -0.12949558 0.026340071 -0.28773847 -0.32787377 -0.15202615 0.07376166 -0.1860644 0.026981603 -0.112076804 0.047532905 0.044830687 -0.113168605 0.13588311 0.08030132 0.06381124 -0.08247681 0.20161082 0.036229502 -0.34388372 -0.08712904 -0.1723113 -0.06110764 0.09507349 -0.20150882 -0.06903388 0.116022035 -0.2704158 -0.28315827 0.11788272 -0.051825017 0.16554259 -0.002021195 -0.17021447 -0.018734008 0.0752148 0.10885234 -0.04014185 -0.10085834 0.08319836 -0.079663955 -0.03669182 0.02680803 -0.017464815 0.22660974 0.057478867 0.095159076 0.09282954 -0.14923193 -0.06923462 -0.012441429 -0.24829873 -0.023941994 -0.09675289 0.316588 -0.27146116 -0.09926585 -0.07744575 0.11317773 0.044207178 -0.10652985 0.04762978 0.025404602 0.008614205 -0.19129978 0.21308212 -0.007522066 -0.1626835 0.05320688 -0.25653487 -0.24503009 -0.03240828 -0.07086734 0.17495652 0.092185944 0.05520097 0.14898844 -0.09599395 0.14174 0.13308099 -0.24715126 -0.04929992 -0.08325385 -0.24454516 -0.12937047 -0.13374822 -0.33996776 0.24762338 0.0789834 -0.06519879 0.07370385 0.0187944 0.082587294 -0.008359795 0.14960207 -0.13395947 -0.052367717 0.0058936803 0.16842751 -0.012675669 -0.010612488 -0.15043144 -0.29298005 0.109543785 -0.024631418 0.31432557 -0.29791188 -0.029006971 0.28792495 -0.0016965688 0.06570113 0.17831732 0.08914689 -0.0115151275 0.0072836024 -0.08081632 0.01835166 -0.0136094075 -0.13770472 0.06965177 0.09138905 -0.045172572 -0.05837725 -0.020686872 0.15891644 -0.112529546 0.16457133 -0.07462752 -0.066495106 -0.058518384 0.05540313 0.021142848 -0.14108087 0.028341096 0.21268842 0.12471618 0.04335927 0.09046861 0.012487046 0.056845974 0.046363145 -0.052496158 -0.13953207 0.0015255488 -0.07396533 -0.016275179 -0.15463087 -0.15772507 -0.21452805 -0.22690849 0.08553593 0.14791404 0.08353075 0.1464291 0.02114398 0.012277939 -0.06354883 0.07582764 0.15577978 0.36340138 -0.046106447 0.15670691 -0.024251105 0.12316014 0.107124574 -0.09253154 0.06741391 -0.069039874 0.08882755 0.08709092 0.02511888 0.08977217 -0.07651033 -0.0055088266 -0.11065677 0.28611362 0.09104695 0.17873271 0.24940634 -0.039962795 0.049899112 0.14985177 -0.13626985 -0.012495182 -0.024118058 -0.11486379 0.14282672 -0.21807627 -0.13056615 0.04445459 0.05725493 -0.19502124 -0.24323319 -0.41203192 0.06675567 -0.12390711 0.070487976 0.07262855 -0.018493183 0.031864014 0.12501015 0.13555484 -0.13154331 -0.016617684 0.07298399 -0.14335108 -0.16679299 -0.3393714 -0.109637745 -0.37986368 0.1251215 -0.04468408 0.16829497 -0.035427757 0.13354583 -0.21969493 0.20039274 0.061290596 -0.29483613 0.18295136 0.16362628 0.09685017 -0.016905878 0.081378244 -0.063104436 0.2088474 -0.16795105 0.15131566 0.057419967 -0.312709 0.27981555 -0.35200807 -0.043683104 0.27169082 0.1759619 -0.21599473 0.1850387 -0.2052839 -0.08758622 0.2281607 0.08814003 0.068055406 0.08698956 0.03513241 -0.06789274 -0.26631692 0.21499306 0.114260785 -0.25096822 0.027374305 0.08795515 -0.23488532 -0.019198008 0.041228373 -0.113224246 0.23526767 0.1723189 0.03188789 -0.32603955 -0.05038887 -0.30714473 0.036823966 0.19827461 0.33449587 0.249435 -0.076953046 0.32561368 0.23014909 -0.19651319 0.08494167 0.078101315 0.1988218 0.009826873 -0.16661316 0.0054026367 -0.09144268 0.050715562 0.15392244 0.16747542 -0.04990135 0.34772083 -0.040895466 0.12303803 -0.011432838 0.12013379 0.06394908 -0.0107883075 0.01874758 0.063443504 -0.088607885
licorice -0.13392936 0.27220017 0.021579456 0.15823625 -0.3021485 -0.22701342 0.19437532 0.24265061 0.078541584 -0.12622993 0.1873014 -0.28996712 -0.108579844 0.023305653 -0.3670475 -0.020161284 0.3265573 -0.1844774 -0.07596416 -0.24031797 -0.123899244 0.031371336 0.12804511 0.3122667 0.073710866 0.16939312 -0.20564938 0.12539251 0.14197625 -0.058160685 0.03225454 -0.042079344 0.0102611445 -0.02621479 -0.0629302 -0.057124007 0.012121534 -0.2976734 0.03665484 0.187525 0.03969151 0.1106167 0.13486761 -0.10531324 0.08911595 -0.15475264 -0.07179057 0.092642136 0.2025574 0.28582355 0.066963136 -0.0649221 0.023670731 0.18567848 -0.015264462 -0.10948432 -0.10255747 -0.20035711 -0.22384255 -0.13593692 -0.105927184 0.08051592 -0.0012418856 -0.03662981 0.21241476 -0.15952118 -0.12460125 -0.13359115 -0.0012402653 0.07011536 -0.050163053 0.1914827 0.1106184 0.12173262 -0.07945515 -0.08638201 0.022596223 -0.030878775 -0.011519281 -0.13967519 -0.29494795 -0.14436245 0.04091502 0.27069485 -0.07435478 -0.1289694 0.12480956 -0.16034472 -0.0006038927 0.06591287 -0.121701606 0.036633708 -0.024579229 -0.14986724 0.2625072 -0.116526075 -0.0060143294 -0.024306653 0.068354554 0.104079954 -0.047234125 0.16349304 0.28435978 0.12783188 0.21107604 -0.28108066 -0.2826376 -0.05768424 -0.1853016 -0.2811861 -0.17692038 -0.1808583 -0.32194233 -0.11294398 0.12634681 0.13316892 0.092243515 0.13193642 0.07922627 -0.1341894 -0.031070193 0.0001046111 0.20638917 0.124979824 0.03649011 0.1945647 -0.025733523 0.039926764 -0.21589848 0.11842204 0.019034145 0.064966 0.14701341 -0.18914779 0.15599982 0.21888189 0.042309277 -0.14732058 -0.21939112 -0.04193851 0.20880173 -0.40499425 -0.05838082 0.1349541 -0.14243838 -0.31110764 -0.4850362 -0.14673197 0.19135854 -0.35002342 0.22070031 -0.35041884 -0.124248 -0.07551542 -0.12225613 0.012919845 -0.1161479 -0.22065228 -0.10056821 0.20152086 -0.075842686 0.08025341 -0.08556628 0.22130057 0.15304545 -0.16100645 0.05275135 0.18118545 0.09134979 0.43857113 -0.12396891 0.09746602 0.094596736 0.3834075 0.24675186 0.12655956 -0.13931741 -0.29963577 0.3139643 0.0031847577 -0.16716489 0.31834698 -0.3538422 -0.07774785 -0.16946699 0.119804546 0.5830513 0.22417857 0.29627314 -0.46869612 0.15930791 0.13988987 -0.5203931 -0.014864552 -0.03130632 -0.16481735 -0.06425832 -0.34722468 0.121294685 0.032755837 -0.19499825 0.15275933 -0.010250573 -0.2979644 0.123678036 -0.089450054 -0.0058451095 0.21021608 -0.03878474 -0.23855902 0.105789326 -0.36462572 0.11314197 -0.24883746 0.35480785 -0.18404524 -0.124098994 -0.45678198 -0.19119062 -0.30780923 0.18193488 -0.09975763 0.056995064 -0.36507344 0.06546373 0.091999516 0.15543851 0.12155653 -0.15482664 0.064069144 -0.020095544 -0.2725679 -0.14576235 0.049415994 -0.02396234 0.10014007 -0.0027433366 -0.078333154 0.1016367 -0.10069922 0.0983571 -0.08199721 0.12299525 -0.12451629 0.107343294 0.07061592 0.15834565 -0.14643899 -0.16998133 0.10414889 0.20534404 -0.17688206 0.25583926 -0.116152935 -0.2784364 -0.27672037 0.26877955 0.16526087 -0.23411748 -0.08139064 0.0896942 -0.32107446 0.34409544 -0.005063927 -0.23705249 0.15681003 0.18890758 0.08662098 0.06342312 -0.048935402 0.18203774 0.047086347 0.27295372 0.099088304 0.07134188 0.2963978 -0.17625792 0.14431746 -0.07720506 0.021372994 0.19467714 0.04335452 0.2361679 -0.18025862 0.23872429 0.09738525 -0.13512407 -0.1357403 0.16006674 0.104069 0.23409928 -0.2996305 0.08063668 -0.26583046 0.24693848 0.016045732 -0.10137699 -0.022111623 0.14867376 -0.1806001
grapefruit 0.015502714 0.32819083 0.15553008 0.20985132 -0.011520413 -0.3275347 0.16952829 0.3088612 0.1409471 -0.16221187 0.04139698 -0.35649905 -0.16583765 -0.057963736 -0.31863603 -0.029356295 0.27211198 0.079905964 -0.14463563 -0.032698296 -0.08798683 0.26092088 0.17873847 0.11446001 0.081815325 0.19404262 -0.25584427 0.13974284 0.088692404 -0.28522032 0.004733261 0.02720485 0.11854388 0.024409734 -0.03545035 0.016196454 0.024612028 -0.22933382 -0.058390364 0.101306096 0.22469833 0.061033476 0.070922025 -0.19139776 0.09368819 0.007293886 0.033949576 -0.0304692 -0.08152758 0.14878538 -0.07182923 -0.31054145 -0.07381831 0.23478198 -0.1292277 -0.2571675 -0.16173038 -0.17012563 -0.2230954 -0.08316409 -0.060642634 0.18032384 0.11904448 -0.14946483 0.2219914 -0.24031195 -0.16582948 -0.002136534 0.033669934 0.1914616 -0.06573207 0.14473361 0.12116038 -0.038725473 -0.1437075 0.053222336 0.027797444 -0.09007809 0.05822924 -0.120098166 -0.20979682 -0.056213226 0.10014718 0.30820706 -0.21180989 -0.23957157 0.20624651 -0.046433274 -0.03497167 0.19521359 0.08387197 0.029382475 -0.09664524 0.024371585 0.43091232 -0.15952778 -0.06592153 -0.020351652 -0.007902066 0.25328022 -0.29441425 0.20026432 0.3345085 0.14775819 0.056893747 -0.21927768 -0.2611073 0.019271111 -0.30725074 -0.23269089 -0.15462947 -0.088906504 -0.526535 -0.1981029 0.08275699 0.24855568 0.168343 -0.1487742 0.3102393 -0.28880447 -0.18456444 0.021827085 0.38661543 -0.04857213 -0.14536418 0.21608324 -0.051198456 0.073824234 -0.24962747 0.27874303 0.11289961 0.30176598 0.08684384 -0.21366696 0.35278973 0.09954625 0.0022779088 -0.108231016 -0.28448588 -0.06152343 0.14432654 -0.6396323 -0.07129873 0.21075389 -0.055979703 -0.44701102 -0.46907207 -0.11088203 0.21683182 -0.4433363 0.2861942 -0.42876154 -0.017475678 -0.19180502 -0.113491476 0.11125838 -0.31851876 -0.20359905 -0.052734293 0.17738919 -0.13935374 0.16958387 -0.13105284 0.3175206 0.10768246 -0.2097387 0.16577236 0.3422219 0.13939753 0.50555897 -0.2221157 0.043396555 0.08668379 0.50697577 0.15065715 0.28329718 -0.14334516 -0.33696723 0.17916076 0.042268265 -0.14998403 0.30578765 -0.1068601 0.024597326 -0.034029096 0.23656231 0.35088643 0.16938859 0.06050675 -0.451812 0.10966691 0.020476703 -0.396728 0.022041602 0.1850067 -0.15195812 0.07247497 -0.31959134 0.035088982 -0.014822951 -0.18216634 0.093025275 -0.10173932 -0.410254 -0.09794804 -0.14096142 0.013294444 0.05986185 -0.094258554 -0.23542336 0.09559234 -0.2517816 0.02280476 -0.38045532 0.25933135 -0.22490974 -0.050638527 -0.510287 -0.16455022 -0.17274913 0.1604742 -0.147797 0.029283822 -0.23393229 -0.08939943 -0.08719636 0.1873518 0.16571662 -0.2554709 0.13820131 0.1083584 -0.28710347 -0.24716417 0.27680492 -0.20170318 0.14463843 0.06951499 0.010240037 -0.0009412395 -0.21897544 -0.16700858 -0.09002464 -0.20017056 -0.026935764 0.009016601 0.21905726 0.14999501 -0.14565882 -0.15545177 0.06755735 0.10686531 -0.1437668 0.14683111 -0.06906314 -0.18173465 -0.22771989 0.19140755 0.115267746 -0.008449646 -0.06580633 0.014543628 -0.22172716 0.1410663 0.180963 0.06024828 0.018902116 0.11189851 -0.025283141 0.09749055 -0.07451357 -0.006223906 -0.072406664 0.28840965 0.05920435 -0.036957793 0.3165089 -0.13225691 -0.046386186 0.09908108 -0.10000325 0.28111625 -0.06931305 0.2823715 -0.05241158 0.29144862 0.06594365 -0.22179781 -0.14227596 0.12737879 0.13044642 0.11480344 -0.19642365 0.14395578 -0.1802868 0.069295004 -0.0042103175 -0.14594442 -0.030013597 0.15339567 -0.16763757
caramel 0.032231063 0.44036037 0.1018413 0.3145621 -0.09452866 -0.35138205 0.32328737 0.34979418 0.1376698 -0.10736138 0.12962706 -0.38880143 -0.06268415 0.10463878 -0.32720727 0.026438909 0.32947615 -0.03457306 -0.12503307 -0.11565009 -0.15165891 0.29826036 0.10156251 0.22382331 -0.010827628 -0.01994593 -0.0875004 0.23400931 -0.089755125 -0.20641063 0.071499795 -0.047227055 0.09464282 0.07624322 -0.19070232 0.08475913 0.1001683 -0.28948995 -0.07281854 0.18483546 0.18552761 0.10683324 0.07041184 -0.095636636 0.0059054056 -0.07186979 -0.10418723 0.033675842 -0.14923978 0.18513925 -0.053437784 -0.22451551 -0.081907585 0.11894214 0.03273047 -0.16589597 0.005532781 -0.12255758 -0.28153002 -0.08635273 0.007550172 0.26515383 0.06182206 -0.18886656 0.26599827 -0.24893524 -0.1955098 0.0030266559 -0.004087036 0.05951969 -0.021683766 0.25015962 0.09879123 0.027107881 -0.1816803 -0.014323723 0.007326203 -0.1732091 0.044385254 -0.2836103 -0.19094498 -0.162287 -0.03253205 0.2677164 -0.11939325 -0.21169968 0.17862651 0.0003782035 0.15716933 0.218071 0.03974176 0.09001063 -0.10430499 -0.0422693 0.27212897 0.040961783 0.010875643 0.04974658 0.034325693 0.084757224 -0.12105317 0.13009639 0.20015877 0.15651353 0.09993552 -0.20032568 -0.17550553 0.0896644 -0.09203316 -0.22597182 -0.17977068 -0.24838431 -0.4812077 0.016830115 -0.0062630493 0.24081822 0.13619176 -0.06192062 0.18126377 -0.21026188 -0.07512066 0.034686666 0.34839556 -0.037318263 0.0055660577 0.07509629 -0.20662436 -0.016672518 -0.17526431 0.23137343 0.17395902 0.21259117 0.108944006 -0.2494118 0.3795488 0.2510686 0.18357438 -0.13212787 -0.3086413 -0.064050816 0.1540674 -0.4914041 -0.1777355 0.13311669 -0.07097216 -0.2728573 -0.31169233 -0.036046047 0.2270701 -0.26698563 0.18748432 -0.26437923 0.017191125 -0.055574093 -0.18836065 -0.021182168 -0.14069884 -0.2332697 -0.05256599 0.06553433 -0.03487043 -0.033818644 0.067953736 0.22449265 0.11411127 -0.10040866 0.064473376 0.24978115 0.12537919 0.50145614 -0.14884856 -0.01095432 0.0962883 0.44378698 0.119932376 0.05014892 -0.07101321 -0.31446972 0.23833613 0.009503549 -0.05143619 0.23271461 -0.32665378 -0.05917438 -0.10488698 0.16192143 0.43459323 0.16355652 0.18743365 -0.41516212 0.16187759 0.07111251 -0.35848567 0.033521984 0.07957555 -0.25614437 0.029081091 -0.33893463 0.1025827 0.05015925 -0.15059267 0.0828663 -0.07881803 -0.18176247 0.026950901 -0.21629663 0.053977735 0.095241904 -0.13276066 -0.28977004 -0.022806235 -0.277342 -0.06617362 -0.28496405 0.30493668 -0.42694414 -0.11350665 -0.5012899 -0.21529242 -0.30599546 0.1706342 -0.094794154 0.006107519 -0.25722528 -0.011523447 -0.15302072 0.19717109 0.124542154 -0.30551526 0.112923145 0.09905233 -0.18285531 -0.27373105 0.122711934 -0.1378201 0.21968655 0.083757296 0.049068972 0.13890181 -0.24690722 -0.12260176 -0.1404418 -0.0044990773 0.13055488 0.02538322 0.20586137 0.13393977 -0.122985765 -0.22065938 0.015907278 0.052755907 -0.17531991 0.16920394 -0.08251505 -0.22870493 -0.29013246 0.2509743 0.057167854 -0.12970534 -0.20589852 0.11903437 -0.24407846 0.2860984 -0.046207085 -0.098438695 0.06657208 0.11359008 0.069574706 0.05930391 -0.10915633 0.06918849 -0.00465036 0.22744022 0.098580636 -0.04531654 0.2749362 -0.24085005 -0.029350094 0.08971808 0.08109128 0.11449155 -0.10035424 0.28288049 -0.24938142 0.24535763 0.0452112 -0.12840523 -0.012107849 0.1553725 0.09439007 0.15817079 0.007968829 0.24030782 -0.07490715 0.3911987 0.098984525 -0.06660448 0.06170002 0.14025669 -0.25420767
raspberry -0.040996403 0.48556137 0.101398416 0.19133009 0.007744607 -0.43209898 0.3981223 0.3390828 0.14613292 -0.39189765 0.1871609 -0.34965965 -0.16759557 -0.082230486 -0.45865506 -0.18591465 0.26989302 -0.1367677 -0.15111908 -0.00087054406 -0.05944141 0.21884596 0.14472057 0.368746 0.14548063 0.17404017 -0.1862796 0.19137546 -0.107472435 -0.22764218 0.04914903 -0.13131094 0.02932623 0.05280407 -0.14785361 0.130201 0.23640224 -0.40372258 -0.01614053 0.12612225 0.16990373 0.10460145 0.18930802 0.010003249 0.0768884 0.009677373 0.008561221 0.086638644 -0.013707538 0.44561732 -0.09065058 -0.23004018 -0.12686339 0.1389767 -0.14909053 -0.04110754 -0.08464767 -0.11550863 -0.3415235 -0.097261176 -0.049960565 0.21383585 0.010539619 -0.13590746 0.14715299 -0.07362158 -0.0547236 0.024439862 0.005493307 0.14879724 -0.013451675 0.32998645 0.08990582 -0.02413128 -0.0986198 0.12490328 -0.025699435 -0.13311338 -0.09461266 -0.10814771 -0.39297923 -0.085059494 0.0178274 0.45797357 -0.16929777 -0.21086332 0.20645143 0.0070695863 0.17879371 0.12009704 -0.19258477 0.12530397 0.033025477 -0.06470756 0.22331043 -0.012909603 -0.024528671 -0.105031185 -0.0036881408 0.17124756 -0.22128685 0.3159067 0.39064267 0.1343564 0.28537056 -0.30901852 -0.18772623 -0.006466032 -0.17563085 -0.22297318 -0.13523953 -0.23515171 -0.36936042 -0.039407358 0.10959838 0.37578058 0.1970914 0.012549788 0.32998446 -0.287375 -0.2893405 0.054885797 0.3095426 0.021632535 -0.03679007 0.30506027 -0.019343548 0.026213089 -0.18216227 0.40916064 0.15016899 0.21287894 0.17118596 -0.2640302 0.30994177 0.22740445 0.057102043 -0.12534946 -0.16479 -0.0113144545 0.15212457 -0.5203501 -0.15152681 0.13449961 -0.20371561 -0.18489704 -0.4141894 -0.02957772 0.14408591 -0.27708155 0.19119775 -0.07069914 -0.059139065 -0.0016452544 -0.22372676 0.3047196 -0.11669659 -0.15375054 -0.0021964696 0.1192014 -0.1733689 0.21332206 -0.17861001 0.14541775 0.0344911 -0.2847569 0.06387347 0.24532445 0.21420741 0.504949 -0.12882596 -0.043066785 0.27250984 0.44536185 0.20771961 0.26352316 -0.23107293 -0.37736118 0.16532332 -0.008751857 -0.22400178 0.3649066 -0.21867849 -0.10955653 0.017049015 0.34069133 0.43872282 0.20450959 0.25234845 -0.6901065 -0.02441063 0.043420672 -0.4341481 -0.013536728 0.14895907 -0.1964778 0.031094132 -0.40047532 0.059954792 0.09638093 -0.17714734 0.12027203 0.1562393 -0.23357956 0.0020954236 -0.12334513 -0.10636171 0.050852083 -0.05308372 -0.29024565 0.031743445 -0.4651715 -0.054420456 -0.21785162 0.25596777 -0.28790864 0.006578272 -0.39284712 -0.18174891 -0.17617911 0.17929961 -0.056554887 0.10026328 -0.26715463 0.027056994 0.07722988 0.28856182 0.32048345 -0.05233865 0.029816264 -0.0016112826 -0.30429456 -0.27331585 0.17800523 -0.12934108 -0.06420214 0.1429713 -0.16145344 0.13150789 0.046546172 0.02325978 -0.15623896 -0.12761045 -0.0895057 -0.078958936 0.14186493 0.27616355 -0.22702926 -0.11429571 0.09605041 0.16657276 -0.25246266 0.20656615 -0.023333335 -0.13848579 -0.2184705 0.26192215 0.04908958 -0.10670357 -0.18222158 0.06765673 -0.27653757 0.3163958 0.05456537 -0.059246186 0.17998561 0.1665255 0.031112853 0.13144593 -0.01883028 0.31177226 -0.02631693 0.2534527 0.048311383 0.042839512 0.5003844 -0.1536031 0.17559355 -0.122538984 0.09461177 0.20532349 -0.08668737 0.28293526 -0.1821485 0.17420205 -0.09993632 -0.20254563 -0.0800009 0.08825302 0.06962272 0.20388992 -0.28006884 0.18627922 -0.08654366 0.28646743 0.043146715 -0.16434745 0.024799867 0.28420317 -0.28999043
mustard 0.031105228 0.14233781 0.016588097 0.1100478 0.06693769 -0.38477984 0.1435592 0.03158851 0.14488709 -0.02303205 -0.05494941 -0.21936116 -0.044128608 -0.18266165 -0.23304321 -0.146555 0.19615723 -0.10078139 0.026809914 -0.0043998677 0.12513694 0.16765212 -0.015487659 0.15832047 0.046360064 0.110832214 -0.009928968 0.123941116 0.18566743 -0.15322632 -0.11705365 -0.05136691 0.051373128 0.1022626 0.0022149042 -0.088720985 -0.019027187 -0.16005355 -0.09255024 0.08153784 0.122611895 0.03143465 -0.016193124 -0.071861066 -0.051645193 -0.11001823 -0.014130012 -0.07947329 -0.05559086 0.13065146 0.017113805 -0.21819031 -0.056641303 0.06347839 -0.013813399 0.06464543 0.04692629 -0.06999329 -0.015457876 -0.054720547 -0.09948103 -0.03273075 0.0292042 -0.070845515 0.1553758 -0.23186296 -0.18118353 0.07533311 0.019827852 0.09434711 -0.03456168 0.12214245 0.18470754 -0.10257846 -0.1543319 0.0812922 -0.09110337 -0.1313892 -0.04557847 -0.065030314 -0.2483371 -0.020693671 0.025868498 0.27860567 -0.13647848 -0.17936867 0.11661439 0.01742475 0.067412876 0.124545895 0.034195967 -0.093906194 0.034323614 -0.020817 0.19989885 -0.050522294 -0.11604914 0.11274639 -0.039718077 0.0673971 -0.14312787 0.11291695 0.19490649 0.055023953 0.09377182 -0.15202926 -0.10107181 0.011374662 -0.2062506 -0.281466 -0.04746818 -0.23735246 -0.33387166 -0.015657246 0.091883 0.37578237 0.09739196 -0.14923577 0.28492892 -0.17602064 -0.078161836 0.04037106 0.32459027 -0.09576421 -0.12554905 0.13138099 0.12485229 -0.0018140174 -0.19478841 0.22189766 0.10803854 0.21656495 0.04832926 -0.2038909 0.22414419 0.10745027 0.06697845 -0.10293978 -0.25496837 -0.06344689 0.03941083 -0.26575086 -0.008068094 0.09914805 0.021065129 -0.2463621 -0.22803088 -0.047768775 0.13065086 -0.19031338 0.03749211 -0.20639065 -0.045942686 -0.07693226 -0.13434173 -0.044288546 -0.2695897 -0.17644127 -0.09385899 0.043290894 -0.07941005 0.022920681 -0.032129027 0.2591456 0.050431207 -0.0668102 0.051460925 0.26986226 0.20698507 0.31090516 -0.14276052 0.023422558 0.04954729 0.260635 0.086356774 0.15036462 0.030893024 -0.21961907 0.1154613 0.021649273 -0.046670083 0.15863617 -0.27658293 -0.11385734 -0.043705605 0.14567854 0.29724553 0.2385292 0.14429812 -0.35347453 0.040445395 0.1397096 -0.36556226 -0.0049203616 0.08197045 -0.06737057 0.09479286 -0.2838391 0.0822824 0.09022824 -0.14841965 0.08339002 -0.06481655 -0.30150527 0.06863468 -0.26943764 0.15291606 0.067878954 -0.011542292 -0.23017208 0.11569261 -0.17359579 0.007649241 -0.1877195 0.15006404 -0.24725318 -0.053025413 -0.40232867 -0.19063948 -0.2745513 0.2060535 -0.10019012 0.010135175 -0.20959607 -0.04368232 -0.058487028 0.14253898 0.083506815 -0.30230972 0.11631437 0.14129308 -0.23841375 -0.22903444 0.19535634 -0.15793476 0.21781363 -0.071532205 0.047127232 0.088300206 -0.29064593 0.027680814 -0.1814911 -0.17497961 0.14180811 0.04929071 -0.09770908 0.20155679 -0.14188659 -0.11705041 0.13089082 0.04801788 -0.1151032 0.16602027 -0.11525263 -0.22977018 -0.28223562 0.2892385 0.099931456 -0.19680125 -0.05556222 0.046791248 -0.17602803 0.13539967 0.049523633 -0.10201833 0.18614206 0.15663624 0.09723091 -0.18249856 0.0375718 -0.14740776 0.13737941 0.24251403 0.21247348 0.1370524 0.1653339 0.04593677 0.065058894 -0.03787897 -0.12241966 0.1436301 0.062210508 0.05985723 -0.25116768 0.08473712 -0.09103949 -0.07615048 -0.103696585 0.14211044 0.019296078 0.19843854 0.01797077 0.17738594 -0.08461185 0.29505208 0.11370823 -0.08240024 0.044288505 0.0637707 -0.05671319
carrot 0.021861862 0.22750586 -0.00911432 0.25829437 -0.10279803 -0.15075082 0.15908894 0.08240726 0.15827893 0.063407175 -0.034470912 -0.15279016 0.06797282 -0.10091445 -0.16051762 -0.03848846 0.13799924 -0.0015800656 -0.07224386 0.013880837 0.023959562 0.15869047 -0.042033628 0.034704365 -0.006210569 0.020993488 0.013152766 0.12274575 -0.03236687 -0.20539357 -0.019825645 -0.008711223 -0.034221604 0.04078562 -0.06581857 0.021030588 0.012269497 -0.1998955 -0.07548481 0.16535111 0.17712252 0.11495594 -0.067179024 -0.116900146 -0.019877894 -0.07658692 0.070688106 -0.032600604 -0.115780406 0.13402927 -0.026148116 -0.16672428 -0.02239294 0.0261093 -0.016207883 -0.039753035 -0.058603592 0.066166855 -0.10367396 -0.037317198 -0.032646477 0.057638176 0.03596224 -0.07296098 0.26883933 -0.29725897 -0.13106601 0.0070782444 0.12877479 0.011728033 -0.028684452 0.14128034 -0.017248543 0.04268291 -0.21424784 0.028011095 0.012657328 -0.18158504 0.08528772 -0.091636516 -0.097114004 -0.05516554 -0.06617675 0.1675129 -0.15116394 -0.1606184 0.18599173 0.13455336 0.1084564 0.08498283 0.056547377 0.068185195 -0.023805488 -0.10143526 0.12596153 0.04346385 0.013011107 0.041249573 0.10041715 0.060586225 -0.17350169 0.039030023 0.18632022 0.0016122875 0.16562055 -0.12921375 -0.10171776 0.0535811 -0.20367025 -0.18677518 -0.20286624 -0.117417544 -0.37206593 0.04672739 -0.09077137 0.28734675 0.039859917 -0.06427423 0.32802984 -0.14438531 -0.041635808 0.03769156 0.31082624 -0.014207523 -0.09532756 0.14188741 -0.008391337 0.023491597 -0.15229353 0.16703404 0.10581396 0.19382337 0.06473597 -0.14711355 0.37053525 0.021598874 -0.06350774 -0.038498856 -0.10446499 -0.12506077 0.14191481 -0.30532655 -0.021821847 0.16379133 0.014222428 -0.14624287 -0.28644696 -0.04089064 0.14480528 -0.31309944 0.14720768 -0.22149967 -0.046115085 -0.091770515 -0.1892711 -0.013056034 -0.41059616 -0.23620558 -0.16089678 0.12604447 -0.01938664 0.029211381 -0.0133850295 0.122005984 0.052508496 -0.0877988 0.11260435 0.19153793 0.087135315 0.2458724 -0.14046349 0.075162105 0.0727091 0.17159419 0.063347876 0.019233866 -0.119309574 -0.3252987 0.19754313 0.11006628 -0.055883568 0.23739545 -0.3294473 -0.04166312 -0.12496691 0.24967344 0.3617952 0.24325337 0.15371743 -0.37518975 0.0824239 0.065228626 -0.26163352 0.09087859 0.09489058 -0.14611326 0.12309895 -0.3169536 0.051069565 0.066332445 -0.08959365 -0.014687842 -0.101623796 -0.14415373 -0.09639205 -0.1743323 0.055231616 0.042784993 -0.04146638 -0.1438679 0.04684278 -0.011853339 -0.08184683 -0.22189882 0.1692772 -0.25293764 -0.07146308 -0.37942195 -0.21869427 -0.29621896 0.16448781 -0.0489625 -0.053315908 -0.18511517 0.006985862 -0.12563477 0.028138736 0.07956125 -0.37633878 0.20037006 0.09575924 -0.16203818 -0.20854251 0.1798105 -0.08230551 0.31070912 -0.00018634318 0.1064945 0.076794036 -0.30804127 -0.009752415 -0.25262627 -0.036339637 0.24158113 -0.044462845 -0.04576181 0.10172556 0.007163974 -0.18071671 0.1752914 0.054960396 -0.040279467 0.16070434 -0.010447126 -0.17678642 -0.25075507 0.20813546 0.14131746 -0.15959606 -0.053835757 0.07390285 -0.12211333 -0.057155687 -0.0031823684 -0.057001956 0.116572194 0.1648698 0.15544555 -0.12685722 -0.0164321 -0.09155358 0.028756732 0.10315687 0.092863716 0.048896443 0.16219668 -0.079897694 0.14910524 0.049096297 -0.019186333 0.058766276 0.03063273 0.100306906 -0.026863424 0.057465997 0.019856218 -0.114505105 0.016211467 0.18674359 0.044232696 0.20838973 0.15347011 0.08210563 0.011146898 0.12988544 0.07568717 -0.11571264 -0.0995431 0.1716419 -0.15705876
solvent -0.014190388 0.2195069 0.0018528402 0.16522384 0.09496596 -0.32707584 0.31321368 0.21738057 0.06214538 -0.07144394 0.09106766 -0.19545348 -0.05149159 -0.016147278 -0.13769916 -0.1944875 0.19345246 -0.1675233 0.0953047 -0.094190635 -0.030420236 0.11969772 0.034028742 0.1345245 0.040548418 -0.016860554 -0.125843 -0.032925557 -0.027618628 -0.2662738 0.10140757 -0.08027118 0.013022749 0.13515723 -0.072475046 0.04050005 0.036071297 -0.15293548 0.01494855 0.16375618 -0.10834086 0.15169454 0.16270201 -0.12218543 0.0062681455 0.17760186 0.034622032 0.044916745 0.08038216 0.32485008 0.18670203 -0.06169616 -0.07177812 -0.048720874 0.12683302 0.045901224 0.13565384 -0.03251087 -0.08831457 0.021226503 -0.057141755 0.00086985703 -0.028611157 -0.07602783 0.016860588 0.019465936 -0.09078371 0.025288498 -0.036393348 0.01398817 0.014105638 0.14862719 0.21282427 -0.17550863 -0.04423845 0.17923672 -0.1975906 0.017073357 -0.047412127 0.070949525 -0.19259878 -0.1941487 -0.012686601 0.45477855 0.004735344 0.07078218 0.0027085994 0.06477378 0.14623393 0.043390416 0.093565665 -0.18774386 0.014461568 0.070341215 0.023201866 0.06046694 -0.02815769 -0.029903246 -0.21394423 0.060416672 0.023023129 0.13513218 0.26257557 0.14510705 -0.04827298 -0.205602 0.04116525 -0.0033152727 -0.32544845 -0.14439188 -0.09989669 -0.14624579 -0.1283569 0.04104907 0.06650458 0.21733755 0.039013658 -0.06425557 0.103107736 -0.017489707 -0.013024795 0.048985634 0.02750543 0.04141889 -0.06351531 0.016369728 0.027181435 -0.04412172 -0.037008896 0.113585405 0.084460095 0.044353876 -0.017106386 -0.19595516 -0.008218863 -0.01324302 0.11381411 -0.111575894 -0.10375038 -0.043228935 -0.124991596 -0.19017497 -0.10023287 -0.086425126 0.034903187 -0.17760995 -0.3058747 -0.061833158 0.18910643 -0.049641766 -0.0022323334 -0.23077317 -0.20493819 -0.08097591 -0.05123315 -0.025389412 -0.24996787 -0.16001546 -0.13827291 0.08728941 -0.06326089 0.14147869 -0.09670427 0.07289886 0.00036528474 -0.05424511 -0.03824172 0.07568521 -0.023628948 0.32634553 -0.20835413 -0.01884382 0.029149706 0.09144282 0.07496879 0.2260901 -0.024920423 -0.16929181 0.04327104 0.21821046 0.12946637 0.04591777 -0.31867933 -0.05763981 -0.09953065 -0.014337164 0.21049657 0.24467589 -0.010930861 -0.09259248 -0.14454798 0.14267337 -0.13069013 -0.09635031 -0.0148159 0.08191915 0.02610347 -0.0028966716 0.02551468 0.01680948 -0.13898504 -0.059773352 0.029346878 -0.08351677 -0.011267473 -0.1321973 0.02535801 -0.0654165 0.05992691 -0.06690847 0.05104948 -0.09014005 -0.1486497 0.17503731 0.11997582 -0.028538072 -0.04110375 -0.13007058 -0.11248877 -0.18025598 0.0849247 -0.082623266 0.041278735 -0.13334386 0.11988983 0.009762429 0.17220423 0.12804855 -0.11879801 0.109184645 0.16631538 -0.0785707 -0.074002884 0.07003174 -0.14518687 -0.05698595 -0.042284388 0.099258326 0.0065084915 -0.16152966 0.22078203 -0.09928068 -0.069129445 0.019455723 -0.0541649 -0.13219184 0.09192699 -0.19512431 -0.070850395 -0.08043128 0.03765878 -0.06984123 0.20124263 -0.097889654 -0.15963233 -0.036041357 0.21039352 0.02274731 -0.2288827 -0.08742535 0.13842614 -0.13486493 0.0315357 -0.14371537 -0.027712876 0.09061322 0.15909353 0.02462378 -0.034871615 0.026374072 -0.018846978 0.0954966 0.12084685 0.12210684 0.028569015 0.16059862 0.022257706 0.08362565 -0.09198787 0.024400419 0.025332715 0.081508696 0.048058536 -0.20799924 -0.022252128 -0.055242766 0.0043048016 0.045800366 0.0065875296 -0.13377364 0.09037189 -0.24938676 0.031112717 -0.20051494 -0.001431153 -0.025926944 0.026825476 0.1595169 0.01785448 0.12785237
anise 0.0011290371 0.40460935 0.09479353 0.22279286 -0.08486933 -0.3008718 0.33747098 0.41924396 0.20567997 -0.093876764 0.08617232 -0.28998667 -0.027265454 -0.025450062 -0.2576869 -0.033560578 0.36422178 -0.16613382 -0.025186539 -0.13898076 -0.14427184 0.12365074 0.081375375 0.3130205 0.07797788 0.044056546 -0.12874898 0.20035341 -0.05226007 -0.20824417 0.10007281 0.027494375 0.056062188 -0.08754481 -0.1303323 0.0015007932 -0.056406777 -0.251966 -0.016420614 0.11882765 -0.004402581 0.10950255 0.075150885 -0.08977078 -0.00495865 -0.111561425 -0.0029352107 0.05968244 -0.020031355 0.15815881 0.077910304 -0.1659285 -0.08593838 0.038541697 -0.085270256 -0.16807926 -0.05749347 -0.12291667 -0.16183689 -0.1784036 -0.011766789 0.1563764 0.08376001 -0.14567144 0.12800954 -0.1007894 -0.03923934 -0.08578597 -0.090097226 0.032205492 0.059916053 0.16276008 0.16873549 -0.07205036 -0.16462933 -0.018191652 -0.022418007 -0.11929965 -0.06696321 -0.059446108 -0.18724583 -0.08815172 0.121951886 0.14936781 -0.010406346 -0.16651721 0.100550674 -0.03329279 -0.027065454 -0.02270374 -0.04757482 -0.07962036 0.033693247 0.077354655 0.21350338 -0.06400085 -0.05044748 -0.02610729 0.025652673 0.07106608 -0.05155319 0.17179173 0.19550061 0.081575036 0.08055873 -0.32782212 -0.04555394 -0.09052632 -0.29993886 -0.3084055 -0.17864104 -0.16582307 -0.3263857 -0.1578019 0.10013295 0.1947881 0.19389872 0.011258902 0.12661965 -0.10441177 -0.11197989 -0.07642162 0.1788835 0.032296814 0.061145462 0.13673763 -0.04599142 0.08395702 -0.12908301 0.19467956 0.0164499 0.16950756 0.06329635 -0.105602875 0.19129932 0.25579143 0.08990435 -0.15011138 -0.13160579 -0.046522655 0.07591043 -0.29931527 -0.09291271 0.075591765 0.060874056 -0.3707694 -0.28999388 -0.22467285 0.20017703 -0.31345862 0.1181573 -0.2848598 -0.09067432 -0.0038497564 -0.14105277 0.057311643 -0.32832435 -0.24079633 -0.19183779 0.20231822 0.020326475 0.08980818 -0.018735964 0.25335273 0.16244686 -0.12729093 0.20299245 0.29596174 0.1749418 0.5406434 -0.22705516 0.08218607 0.12911381 0.42046317 0.24442251 0.23811385 -0.21445163 -0.31945166 0.22292477 0.038676288 -0.056142483 0.24708782 -0.1906355 -0.022419186 -0.047434762 0.08085613 0.4218051 0.25756964 0.17658494 -0.310238 0.09052873 0.17069484 -0.31860998 -0.09721862 0.10063883 -0.051663794 0.12915652 -0.15837115 0.11469949 0.034292135 -0.09113918 0.04244088 -0.03490318 -0.13456693 0.022453098 -0.13221626 0.012566924 0.059736837 -0.031433046 -0.1704279 0.09169623 -0.2660134 -0.068848245 -0.15067828 0.10938931 -0.14697267 -0.09083424 -0.45060852 -0.17929527 -0.24163747 0.14563656 -0.11092904 0.0833309 -0.2867854 0.088056974 0.06129976 0.22595161 0.12349452 -0.18877862 0.015221602 0.07729511 -0.27809632 -0.1392114 0.16112925 -0.15669557 0.050397817 0.102919005 0.046146695 0.024549052 -0.07970405 -0.038250696 0.016494604 0.025655681 -0.0673388 0.06595858 0.18404754 0.21722133 -0.17824423 -0.14217138 0.036318228 0.013736007 -0.16273084 0.18082894 -0.115932025 -0.29637212 -0.23828728 0.14758852 0.100771174 -0.08178563 -0.08829526 0.2095226 -0.18812285 0.30594608 0.019735094 -0.100068375 0.017059805 0.08856527 0.0777454 0.02674087 -0.052523144 0.10358633 0.03990326 0.23799425 0.0937241 0.058810193 0.18610284 -0.128205 0.06735474 -0.066832356 0.014152994 0.16357842 -0.10836965 0.16738085 -0.2127093 0.16103154 0.06544806 -0.1260552 -0.0780463 0.062990114 -8.825824e-05 0.16552213 -0.045645956 0.1848892 -0.1370664 0.19533339 -0.0712254 -0.011152813 0.023591194 -0.019722903 -0.1311359
cucumber 0.086626925 0.32785487 0.031308427 0.15497005 -0.14144075 -0.22406696 0.15976311 0.24799955 0.24650124 -0.042923536 0.07698733 -0.3298461 -0.09695934 -0.035762068 -0.356865 -0.108332895 0.2772208 0.0044757025 0.0046269656 -0.052110575 -0.10646302 0.0733308 0.12446007 0.22609465 0.010465387 0.18972935 -0.17763127 0.11455147 -0.023292154 -0.30738235 0.11278452 -0.069133416 0.14356184 -0.06789224 -0.16497043 0.036474887 0.067676984 -0.375091 -0.08065341 0.1705104 0.063192055 0.1504733 0.05796411 -0.13206543 0.04691429 -0.033619404 -0.044856645 0.03055143 0.01940931 0.05432191 0.049694754 -0.056720544 -0.049570095 0.060207486 -0.06453513 -0.011094331 -0.05610703 -0.06441083 -0.1598844 -0.076583855 -0.026208896 -0.0024755925 -0.043146126 0.12927112 0.19656166 -0.084190995 -0.15404093 -0.09512698 0.024355497 0.12517974 -0.0674118 0.08774359 0.13571954 -0.11540213 0.007824304 0.078654304 0.11168883 -0.018605735 0.016278539 -0.118908264 -0.2230953 -0.20152885 -0.034324776 0.3333947 -0.13734467 -0.10914453 0.11394434 -0.019335497 0.10168346 0.120536536 0.041649822 -0.122028016 -0.09412204 -0.14039351 0.13829249 0.07455777 0.050997924 0.13297987 0.12898856 0.122300096 -0.12923236 0.11909525 0.14194907 0.03311613 0.048879415 -0.15891494 -0.24337551 0.0758382 -0.029272087 -0.1638715 -0.045419004 -0.18631987 -0.42256254 -0.09307133 -0.073080316 0.19883054 0.017332746 -0.015703224 0.2595479 -0.17041212 -0.070591964 -0.06710017 0.16505615 -0.08221645 -0.040979765 0.078182675 -0.1457373 0.046723798 -0.13276006 0.102772094 0.080213 0.22098729 0.0070518595 -0.14888893 0.1547382 0.17259914 0.1148459 -0.14769039 -0.29242137 -0.053867333 0.08956682 -0.3262742 -0.079752706 0.1312533 -0.06903048 -0.22222723 -0.19322583 -0.044043083 0.16253223 -0.18986394 0.12584238 -0.2165543 -0.007509576 -0.0827158 0.005960303 0.074667566 -0.11925521 -0.18565309 -0.008265009 -0.023947584 -0.041288644 0.09542845 -0.0028518613 0.17457901 0.07112448 -0.19587922 -0.026097111 0.20988481 0.086376205 0.33331528 -0.03953092 0.12106406 0.079590656 0.362345 0.09457467 0.16458938 -0.04616489 -0.3184737 0.091731 0.108093895 -0.112197205 0.21292447 -0.22435562 -0.015570049 0.033583824 0.21266407 0.332077 0.15616588 0.081070684 -0.14204262 0.086475186 0.07873923 -0.34968567 -0.03969156 0.034269515 -0.11101859 -0.037176017 -0.2747883 0.025523497 0.033362012 -0.1604297 0.03340651 -0.0130138025 -0.25866264 -0.06796788 -0.11989864 0.019231549 0.085813195 -0.04760098 -0.18318327 0.118427575 -0.15476874 0.099620834 -0.33651704 0.16925198 -0.066350065 0.055151403 -0.41492707 -0.0089978725 -0.29514647 0.06519597 -0.065630674 0.1577256 -0.22387633 0.043831233 -0.14554094 0.179493 0.17833044 -0.14308298 0.059086516 0.039543726 -0.092414685 -0.19663605 0.14805742 -0.12280162 0.172812 0.09894056 0.0009853122 0.14277683 -0.24098179 0.04637343 -0.31923038 -0.13539377 -0.02783402 0.09491511 0.029470876 0.14831178 -0.21847096 -0.13817391 0.12166322 0.19788651 -0.08262363 0.12263652 -0.051055945 -0.10194031 -0.091489814 0.123547524 0.05303512 0.017719522 -0.0034635349 -0.018644564 -0.16535418 0.031928234 0.15621017 -0.016143486 0.056248892 0.047485527 0.019821921 -0.035776235 -0.024722826 -0.0034557243 0.00017393613 0.22043426 0.18190464 0.039211534 0.171485 -0.16172862 0.05740368 0.064117484 0.14666356 0.17751996 0.043430857 0.21270202 -0.0944666 0.16485971 0.004711346 -0.020294465 0.017738346 0.06956875 0.018077336 0.18504699 -0.21075264 -0.07561867 -0.12668191 0.10424955 -0.015822668 -0.14961606 0.124718696 -0.0072255624 -0.14461163
creosote -0.09648235 0.13593471 0.047898706 0.019764906 -0.040346712 -0.13845183 0.21009041 0.17242849 0.053003304 -0.24039005 -0.023171347 -0.1668162 0.05964527 -0.03481753 -0.14696847 -0.028916853 0.28055704 -0.07369246 -0.00020335644 -0.07488189 0.0014474695 0.0407836 0.10534634 0.2582969 -0.066484764 0.08708441 -0.20790915 0.19312525 0.053643808 -0.30607125 -0.003037025 0.03331024 -0.035786826 -0.051268205 -0.0050977822 -0.07871087 0.048300542 -0.06892599 -0.25713348 0.09772501 -0.024595853 0.07199229 0.03303 -0.030406687 0.00894025 -0.18968453 0.028402537 -0.08822121 0.08697578 0.16132374 0.10949738 -0.024433283 -0.012927269 0.11137156 0.13076074 0.039906755 -0.010803264 0.056417525 -0.10676048 -0.029808374 -0.039214954 -0.03596775 0.04681258 -0.1781445 0.06576819 -0.19780353 -0.07307977 -0.05057091 0.017159197 -0.031857718 0.10256856 0.08747377 0.17292419 -0.03412158 -0.064621925 0.044264942 -0.07352483 -0.049060833 -0.08577384 -0.04676775 -0.14354168 -0.067201264 0.10275226 0.05975841 0.056867447 -0.1061098 0.07562612 0.039926432 -0.026387848 0.0693133 -0.14974615 0.027311048 -0.00016272157 0.07374806 0.23708723 -0.036063433 -0.18298976 0.04292174 0.058218654 -0.038937457 -0.0053291605 0.006501565 0.031956624 0.09664106 -0.012573115 -0.030459397 0.06946036 -0.053913616 -0.039939936 -0.14903924 -0.03474944 -0.050476573 -0.14464754 -0.020349773 0.067146786 0.0993473 0.054942932 0.021188835 0.028280877 0.0148996925 -0.032630093 0.07399433 0.2070154 -0.026473902 0.0485834 -0.06377001 0.04679289 0.11875782 -0.12814933 0.049363274 0.11075021 -0.08422786 0.09100546 -0.01537847 0.106449544 0.005436174 0.08099352 -0.046053868 -0.017651299 0.09629869 0.086861126 -0.10806445 -0.0043050353 -0.002806488 0.010197388 -0.10206653 -0.18188335 -0.04122339 0.17566913 -0.112131305 0.009068354 -0.19000354 -0.061246444 -0.050630435 -0.11234599 -0.044564225 -0.16236398 -0.06277673 -0.21730508 -0.008353967 0.1659095 -0.051362794 -0.01409595 0.18110058 0.06749957 0.094032265 0.117654964 0.10815311 0.008692508 0.37488508 -0.22096677 0.14533778 -0.029702585 0.10979674 0.10767293 0.02807372 0.071571186 0.08838438 0.17172775 -0.12824506 0.05234396 -0.035019793 -0.23678784 -0.090594664 -0.011320154 -0.076362245 0.16667463 0.043768104 0.04418261 -0.075253464 0.1048898 0.114184596 -0.16738224 -0.11013326 0.002402416 -0.22506876 -0.0018486666 -0.075786695 0.071305245 0.0714363 -0.13451117 -0.00063178997 -0.14030136 -0.18377317 0.115127765 -0.07886584 0.09411856 0.13746086 -0.07793856 -0.044916835 0.021002093 -0.12304912 -0.07597455 -0.005814481 0.098253846 -0.18951064 -0.08574613 -0.17926377 -0.11388384 -0.12529865 0.040452868 -0.09604278 0.03293948 -0.088425085 -0.04007201 -0.053108476 0.16673031 -0.04936358 -0.058447815 0.20647229 0.20627095 -0.18144672 0.08064328 -0.12944868 -0.063300125 0.08625188 -0.05646448 0.06901597 -0.036500525 -0.10043913 0.16112383 -0.048132673 -0.12003217 0.13381648 0.085734926 -0.062602796 0.13364871 0.076712124 0.04356514 -0.0054293913 0.034262195 -0.18282004 0.25284845 -0.059416533 -0.29927215 -0.14508499 0.38414675 0.008598649 -0.39874098 -0.18007281 0.13849637 -0.07422079 0.37897602 -0.19232482 -0.2965385 0.16873816 0.16745056 0.117691025 -0.31212345 -0.06288193 -0.0569255 0.10435013 0.23641632 0.19843382 0.16317806 0.1116104 0.18959697 0.07896258 -0.1337593 -0.106354155 0.18838018 0.053960588 -0.10793751 -0.20386152 0.032348543 0.012980773 -0.2346783 0.0151917245 0.17531888 0.18587707 0.12292421 0.016250882 0.1691655 -0.09642777 0.1962225 0.1645383 -0.030124977 -0.088246144 0.14136599 -0.06336074
cardboard 0.1038958 0.3009864 0.023823934 0.11747623 0.06644371 -0.21490918 0.26667657 0.2155965 0.058992002 -0.12023002 0.01435336 -0.27615616 -0.04628113 0.0020512908 -0.2957406 -0.052060865 0.21809098 -0.063970625 -0.012029763 -0.25247878 -0.13085026 0.026335951 0.119631864 0.24253225 0.01254534 0.05119956 -0.1900451 0.028060723 -0.104481526 -0.39548334 0.00947195 0.052224997 -0.028951557 0.07554274 -0.18524332 0.06709513 0.13795272 -0.12903124 -0.062769525 0.108513065 0.012702822 0.14081097 -0.002303115 -0.085914634 -0.012811375 0.122720934 -0.023949625 -0.00440927 0.0604427 0.25573975 0.013532402 0.046202064 -0.07422061 0.10249512 0.0420773 -0.046347883 0.07662705 0.0035391357 0.00899175 -0.014802642 0.0006774304 0.012717801 0.020514077 -0.17030686 0.07633518 -0.071539685 -0.08285569 0.10396512 -0.054427546 0.0917762 0.047680955 0.12685426 0.12311124 -0.047241647 -0.0018767752 0.07086705 0.01919686 -0.072527826 -0.09113719 -0.02317075 -0.17748335 0.010312074 -0.013841995 0.026621997 -0.17760856 -0.06835876 0.18749478 -0.1666079 0.044183053 0.15644968 -0.27067393 -0.024877626 -0.0027783974 -0.1301866 -0.0048409305 -0.102102034 -0.093916304 0.0035578 -0.03782144 0.020733247 0.07731071 0.093874484 0.23319873 0.13080934 -0.041674457 -0.13915868 0.0010379906 0.060704816 -0.063084185 -0.15759167 -0.07348487 -0.21551228 -0.0924742 -0.019963533 -0.06073941 0.094817616 -0.11189716 0.05276374 0.055878706 0.042826522 0.022152716 -0.031965364 0.10293419 0.13465595 -0.012375463 0.013359075 -0.024549099 0.14866307 -0.053698458 0.12557815 0.0854364 -0.0362878 0.07339992 -0.21623555 0.19884999 -0.00995377 0.21900213 -0.015238979 0.042590935 0.015704777 -0.01892503 -0.110575065 -0.24676144 0.043859698 0.12269109 -0.12737182 -0.06046056 -0.07488633 0.10725792 -0.185624 0.09927758 -0.13718836 -0.09402296 0.056999084 -0.07440733 0.052769568 -0.21912393 -0.12049334 -0.124619335 0.08486962 -0.13041839 0.025716307 -0.024906352 0.12220367 0.015131859 0.10869965 -0.04411939 0.115912855 0.075494744 0.5664664 -0.14608036 -0.06768832 -0.05267837 0.13451959 0.096960776 0.12805219 0.023297053 -0.14825605 0.19054204 0.05477093 0.005485073 0.08614496 -0.12695706 -0.104935355 -0.09333359 0.25148422 0.25046113 0.3044455 0.20027882 -0.14275399 -0.08803997 0.08196383 -0.17263728 0.1101381 -0.09907054 -0.26377192 0.13652755 -0.13108529 -0.027318807 0.15943408 -0.06848973 0.009997689 -0.18672179 -0.22281088 0.0009030395 -0.009189167 0.14667444 0.021189258 0.20436469 -0.096991725 0.014523794 -0.05933145 -0.10112715 -0.0618179 0.21890438 -0.22010826 -0.002831618 -0.15068167 -0.14555953 -0.20429467 -0.0055660815 -0.012534095 0.075767346 -0.056811027 0.017597988 -0.07950645 0.18047361 -0.01694923 -0.035704177 0.12958665 0.1387105 -0.2501065 -0.09561958 -0.16601035 -0.014466066 -0.03195932 -0.010607823 0.04507444 0.08165786 -0.051305015 0.2975314 -0.1801958 -0.049438972 0.011311793 0.05493951 0.076617286 0.13373777 -0.03344526 -0.043988466 -0.012088822 0.094156735 -0.2547228 0.15881923 0.14151725 -0.1477875 -0.03813404 0.30131397 -0.0044648508 -0.33607292 -0.057385363 -0.033702016 -0.2212129 0.1327011 0.011823226 -0.20075822 0.19123137 0.14461923 2.8330076e-05 -0.027860783 -0.07080895 0.041876372 0.059287168 0.2781613 0.10709361 0.07850298 0.17592895 -0.054337356 0.11282957 0.013877244 0.087248124 -0.02661107 0.057027444 0.052620888 -0.11097919 0.04243801 -0.00224789 -0.13523942 0.08012276 0.2114301 0.088413745 0.22779484 0.055004027 0.11990533 -0.116440244 0.284583 0.037160747 -0.09610627 0.089586064 0.22110154 -0.04965901
peanut 0.058869738 -0.0032272805 0.1171902 0.012241156 -0.07414494 -0.14392576 0.019975593 0.12135736 0.09925771 0.055862986 0.15119976 -0.0968652 -0.11105036 0.04428418 -0.059835423 -0.0075743548 0.11551458 -0.018520797 -0.023043016 -0.09471137 -0.066528894 0.0032986756 -0.0060694655 0.14488988 -0.043976177 0.06271693 -0.022472372 0.030527422 -0.062168904 -0.022083502 0.035144288 -0.068397924 0.06394711 0.0004302202 -0.114343844 0.012717269 -0.011608772 -0.054436903 -0.0027996325 0.1162696 0.0054979525 0.17878254 0.11766318 -0.08290581 0.0705379 -0.049063426 -0.10170399 0.00033877627 0.06140405 0.17029722 0.074506216 -0.03264729 -0.040513705 -0.007911958 0.018880628 -0.06714473 0.001868727 -0.013661098 -0.08434132 -0.10821379 -0.08903459 -0.061470777 0.015070403 -0.029142449 -0.026258565 -0.0687124 0.0054737856 0.035197783 -0.15866926 0.019252978 -0.069942325 -0.03164253 0.08372577 -0.047820617 0.008975655 -0.0016478619 0.06556267 0.003630208 -0.06757116 -0.05041793 -0.19503488 -0.00834052 -0.036114223 0.3227152 0.06981052 -0.09987725 0.07285834 -0.13419697 0.066529155 0.045129873 0.03941381 -0.037952993 -0.016795898 -0.08660092 0.15536055 0.043423638 -0.15288387 0.121736266 0.07035282 -0.05892572 0.057985082 0.043544993 -0.07833256 0.041654993 0.026680712 -0.06249977 -0.14462745 -0.13443649 -0.0590902 -0.16146287 -0.06474147 0.009043043 -0.17474584 -0.13686138 -0.0014275869 0.16443269 0.029846897 0.060578734 0.16631138 -0.22021443 0.00880203 0.007468328 0.06976154 -0.007841227 0.044374797 0.03479664 0.005044362 -0.033217713 -0.06155641 0.17879114 0.17059793 0.20620598 0.22530481 -0.17020594 0.16889949 0.11641082 0.014822458 -0.02505914 -0.24059352 -0.09360472 0.047400735 -0.09163345 -0.04162343 0.15171413 -0.08088446 -0.12803805 0.020312069 -0.008875915 0.02522807 -0.14030588 0.017963551 -0.20213677 0.002653499 0.08059251 -0.094459005 0.046011627 -0.098715454 -0.124462746 -0.07515172 0.19413334 0.047134887 -0.0988692 0.04163595 0.10919253 0.042343702 -0.035519905 0.094815224 0.17637636 0.087056495 0.35092315 -0.0369838 0.053051397 0.0031269002 0.22938249 0.1462049 0.055226747 -0.052685972 -0.12156582 0.15450397 0.07227962 0.040459525 0.09815643 -0.1907298 -0.040051706 -0.084997416 0.007815258 0.37839738 0.16256487 0.1854705 -0.12577389 0.15935847 0.14494571 -0.27568504 0.021427263 0.06296937 -0.09584505 0.032403186 -0.17703608 0.10339998 -0.04328759 -0.16612296 0.043004446 -0.11064072 -0.058025472 0.21036604 -0.2040165 0.023557188 0.1467549 -0.110021636 -0.04733864 -0.024350127 -0.2155511 -0.09192512 -0.05729098 0.013839447 -0.14106771 -0.11423781 -0.2332119 -0.16285296 -0.23649307 0.033370152 0.0907785 0.061509635 -0.06727084 0.09792211 -0.026587037 0.1188964 0.05240119 -0.09832612 0.05450754 -0.085273534 -0.15849166 -0.04911732 0.094187394 -0.055369515 0.062962316 0.01950824 0.031406637 0.19912122 -0.18485618 0.02364347 -0.052242693 0.0015953495 0.120042264 0.17872053 0.074307874 0.1602316 -0.12537116 0.022903634 0.0301194 -0.007841546 -0.08934343 0.13168661 -0.11793684 -0.16696618 -0.22932257 0.09338493 0.032931622 -0.09825519 -0.032667764 0.22141096 -0.15764831 0.23040512 -0.19291393 -0.1369342 0.03342738 0.13051456 0.18312083 -0.025818512 0.012844812 -0.0104344 0.09941569 0.15339556 0.2088478 0.11859356 0.03773819 0.034779426 0.041858654 -0.066794686 -0.09126616 -0.0029453444 -0.092017695 0.074450895 -0.12874621 0.087330826 -0.05839026 0.245882 -0.19116965 -0.0366742 -0.040975858 0.08351279 0.05882423 0.06376064 0.0113920085 0.18830802 0.023231609 -0.066895545 0.09924082 -0.075005084 -0.068832755
syrup 0.08104516 0.2880164 0.007415425 0.12511063 -0.1595365 -0.25258347 0.19152957 0.25472084 0.13815597 -0.051459208 0.07637718 -0.25632125 -0.039867878 0.08509181 -0.24714972 -0.10440126 0.20939131 -0.012867688 -0.034209635 -0.0187988 -0.014215277 0.042597048 0.036523428 0.2855494 0.014854773 -0.025857527 -0.08814231 0.11048955 -0.0625213 -0.3059405 -0.029661546 -0.14956069 0.118339956 0.115237266 -0.14193168 0.12797812 0.10720656 -0.19980206 -0.11422705 0.16390692 0.018959327 0.15434295 -0.031205758 -0.060406942 0.021421114 -0.04244845 -0.0067692655 0.018619707 0.082143836 0.2489104 0.09415727 -0.061495863 -0.055415373 0.0924917 0.0026441005 -0.03269164 0.08486806 -0.06768092 -0.028122356 -0.13685548 -0.06471427 0.07377754 0.035829853 -0.1619002 0.16920786 -0.178657 -0.06822491 0.047999192 -0.043609444 0.11805309 -0.01751351 0.08994414 0.10604486 -0.0067360676 -0.093013495 0.13137096 -0.029955268 -0.11573873 -0.026113812 -0.07638574 -0.15278044 -0.049931686 0.031478226 0.08387083 -0.05836549 -0.072126724 0.1198165 0.009006023 0.19427775 0.11238041 -0.039208606 0.009997093 -0.025836261 -0.08223954 0.08713343 0.090552814 -0.20970225 0.086431734 0.13399693 -0.07923248 -0.04108622 0.116418675 0.024338514 -0.008070646 0.114451446 -0.12742129 -0.059751246 0.070324026 -0.0926214 -0.21399613 -0.10109177 -0.15494923 -0.4397935 -0.051730726 -0.15198626 0.2919205 0.11816909 -0.08422241 0.24469434 -0.15732777 -0.016896179 0.00086531125 0.20185159 0.0016158482 -0.038827978 0.0037073465 0.03135598 -0.01607554 -0.24746515 0.087505125 0.077779174 0.050684415 0.09590388 -0.13182461 0.23349297 0.0054958435 0.071325004 -0.10071253 -0.06452396 0.06459922 0.07587834 -0.22433737 -0.105716065 0.084250465 -0.0776502 -0.18864328 -0.1268363 -0.016635332 0.13773084 -0.15834734 0.08518231 -0.24223237 -0.06135854 0.007097706 -0.0785984 -0.0040080636 -0.2092204 -0.18921694 -0.07808908 0.07800575 -0.0076197237 -0.03805307 0.019525109 0.046769526 0.1331009 -0.03828765 -0.008659843 0.23833977 0.09220693 0.35616645 -0.18745485 0.08104122 0.03293456 0.1471627 0.07417884 0.043152228 -0.07945859 -0.18117766 0.129609 0.049681284 -0.0058920896 0.15527733 -0.20165575 -0.04211503 -0.07718796 0.13274188 0.33650705 0.21252967 0.17429423 -0.22879758 0.07842617 0.03891338 -0.3176608 0.050542206 0.05612114 -0.20418029 0.029794334 -0.27535385 0.07971023 0.12692645 -0.1917388 -0.035401963 -0.119418465 -0.1748368 0.03255956 -0.22666976 0.09660554 0.10529054 -0.06574813 -0.16123013 -0.014679571 -0.20605297 -0.11106832 -0.061738472 0.07427083 -0.26223305 -0.027544376 -0.1989424 -0.041880105 -0.15034907 0.101147875 -0.029430434 0.004685711 -0.061514918 0.12964594 -0.06346197 0.13293475 0.054334246 -0.14213881 0.08164131 0.051569026 -0.14317974 -0.12193725 0.012513162 -0.047641344 0.24501212 0.053664096 -0.08546984 0.078796126 -0.040454455 -0.027254015 -0.12762687 -0.032302953 0.12879013 -0.009514011 0.049577788 0.2001153 -0.09111171 -0.0712194 0.08274125 0.035513412 -0.068837695 0.16014913 -0.021804485 -0.24619044 -0.24350509 0.31228402 0.052719466 -0.19886321 -0.065855235 0.101328105 -0.12493128 0.17835534 -0.029648548 -0.11959986 0.094712585 0.14679538 0.03377843 -0.121811554 -0.012405961 -0.036653753 0.06181194 0.21075886 0.22456972 0.10372632 0.20437837 -0.029394127 0.09353217 -0.05143296 0.033131495 0.060377777 0.017027557 0.16673063 -0.28504896 0.07392828 0.0070610684 -0.008624259 -0.027806923 0.15690534 0.04861045 0.21080661 0.116002254 0.0922901 0.0034895411 0.31526345 0.090308346 -0.15563382 0.030026603 0.08346421 -0.10874184
celery -0.035438754 0.26804635 0.02750812 0.066949464 -0.018441567 -0.31981298 0.2321551 0.17949723 0.20625928 -0.16779326 -0.016226564 -0.20061249 0.104197614 -0.15424795 -0.21334879 -0.07872087 0.18608394 -0.115787305 0.011379202 -0.047375157 0.015398034 0.16354746 0.014251488 0.10119681 0.080916144 0.07032331 -0.097054556 0.22564062 0.02646046 -0.3064735 -0.03710937 0.03957849 0.018922757 -0.08366339 -0.056072183 -0.111862645 0.01591834 -0.23993875 -0.07202713 0.09699567 0.029590065 0.13041635 0.06091308 -0.20337175 -0.0067727496 0.09543892 0.027078813 0.028603917 -0.09426228 0.20296335 0.022264417 -0.1442749 -0.10640814 -0.01781395 0.078272685 -0.0051937723 0.015418322 -0.0014257398 -0.14048462 -0.050092626 0.040134177 0.0779512 0.045159638 -0.060511645 0.1809061 -0.17828663 -0.091688685 0.041690268 0.09753234 -0.0410346 0.049128257 0.1447678 0.18380085 0.031953078 -0.14839596 -0.037397426 -0.07792918 -0.15378462 -0.06370896 -0.04395654 -0.14324191 0.013643184 0.04566148 0.23751403 -0.05166496 -0.17852052 0.17415476 0.10338413 0.031791855 0.03649387 0.023318809 -0.13196753 -0.0015408315 0.025564088 0.13658477 0.013989134 -0.04565323 0.032315914 0.089418575 0.08579652 -0.10036544 0.06139121 0.07203938 0.02186571 0.094836764 -0.16957936 -0.039609857 0.08209722 -0.19830626 -0.2476836 -0.08025736 -0.13235888 -0.32861575 -0.028016599 0.030474626 0.19154581 0.063372895 -0.058421195 0.21395293 -0.1293367 0.028741801 -0.08048311 0.2101366 -0.03366568 0.007664045 0.17115901 -0.0200305 -0.07168815 -0.13487327 0.26937765 0.10271494 0.2140773 -0.021638095 -0.16524446 0.22428645 0.09686253 0.039517734 -0.10124303 -0.1380363 -0.08484956 0.07957919 -0.25002652 -0.03441764 0.10625847 0.12177213 -0.1799361 -0.238098 -0.064052254 0.2336408 -0.21596003 0.1921425 -0.19192976 -0.09674502 -0.19887714 -0.16880444 -0.02331806 -0.35511184 -0.23030761 -0.16014537 0.04552381 -0.009789719 0.01204523 -0.09910892 0.25837502 0.03114332 -0.123791166 0.13621558 0.19344944 0.15474853 0.23338228 -0.15401003 0.00494842 0.032836452 0.23339707 0.08165751 0.20196229 -0.11981441 -0.24162328 0.16355002 0.09118521 -0.049327597 0.2755275 -0.2365805 -0.037139382 -0.028627189 0.18244526 0.4085431 0.20134872 0.093582034 -0.23558263 0.01556953 0.10509048 -0.30929446 -0.016918613 0.11045525 -0.10342746 0.15096188 -0.13755994 0.043698806 -0.012733208 -0.03917493 0.0042591454 0.011055415 -0.1298828 -0.13134597 -0.12216662 0.020237898 0.034030408 -0.025629515 -0.12716053 0.074077465 -0.077487685 -0.05147821 -0.1664611 0.0018249019 -0.15489726 -0.04246955 -0.32091755 -0.16392982 -0.27686548 0.1035757 -0.11321821 0.010343021 -0.18081442 -0.003929107 -0.15761678 0.100486934 0.18028107 -0.2890975 0.14755309 0.10603562 -0.17146032 -0.08959093 0.08519888 -0.1182318 0.06851628 0.09422343 0.016272185 0.07210832 -0.1735646 -0.012276047 -0.16516373 -0.19795391 0.13248765 0.11115468 0.023296123 0.019515634 -0.10844023 -0.03452949 0.050723266 0.044536512 -0.123485185 0.14629218 -0.08401312 -0.18508016 -0.13989286 0.12841144 0.07438799 -0.08565592 -0.16093868 0.09419037 -0.146208 0.19424799 -0.05800291 -0.06980451 0.021323929 0.05577581 0.13430141 -0.01615208 -0.06256956 -0.05893805 0.07285074 0.16061455 0.15067825 0.062061798 0.25068927 -0.13172312 -0.039964985 -0.032464765 -0.012722818 0.15833923 0.016752673 0.023363223 -0.06409246 0.123070784 0.009060329 -0.033616956 -0.05881845 0.1337532 -0.043721046 0.08378865 0.027970472 0.08442565 -0.13446313 0.082889564 0.06843152 -0.06369097 0.05446041 0.0361123 -0.1269605
walnut -0.0032694896 0.23201999 -0.027069883 0.16245227 -0.033436395 -0.20671028 0.2855392 0.2989794 0.04740945 -0.0717277 0.0048390226 -0.16744791 -0.06825141 0.005756115 -0.16596898 -0.08374981 0.092856914 -0.030418681 -0.014833216 -0.02605049 0.06369068 0.06350717 0.018850164 0.10182528 0.06603925 0.080619656 -0.10122782 0.13619798 0.10817771 -0.15609965 -0.02542464 -0.05632532 -0.054986205 0.0056689926 -0.039258152 -0.038186897 0.06753924 -0.15820156 0.005026682 0.054100633 -0.0077608973 0.02851591 0.028743885 -0.08272417 -0.023548353 -0.014724149 -0.004998113 0.008746377 0.079994865 0.22261071 -0.057961553 -0.06439162 0.0011240012 0.11821194 -0.005576217 -0.018904736 0.038957406 0.007559586 -0.13326345 0.016928418 -0.11355227 0.03138471 0.042252734 -0.21966067 0.120875366 -0.12306739 -0.12203306 0.013868935 0.061767336 0.051644973 0.053875223 0.14616625 0.07832978 -0.03787467 -0.08764858 0.004233433 -0.0082831215 -0.044323675 -0.01453028 -0.09343946 -0.21509588 -0.009515973 0.03806852 0.09633307 -0.027447695 -0.11357542 0.10181083 0.0069074077 0.029549437 0.12608302 -0.12669876 -0.023026159 0.039118946 -0.023513908 0.16808227 -0.052811027 -0.059146196 -0.010713999 -0.016269192 0.13297273 -0.03280324 0.08563002 0.20914039 0.13420811 0.06523668 -0.11216602 0.028555682 -0.0038269516 -0.1572764 -0.1736235 -0.10267895 -0.051784616 -0.09876511 0.056635693 0.05569297 0.25905874 0.11256268 -0.060057808 0.20435305 -0.09020244 -0.016219765 0.090418234 0.18808307 -0.037527688 -0.07823194 0.09695381 0.01684939 0.010749093 -0.12431466 0.10356443 0.105768986 -0.02506261 0.025616672 -0.11599732 0.12726043 0.042741973 0.029998846 -0.0043008802 -0.03086059 -0.03258153 0.066602275 -0.20761184 -0.067819946 0.10743135 0.023002971 -0.091049165 -0.30691993 -0.13446555 0.19192924 -0.13491574 0.09179357 -0.20582606 -0.07033642 -0.06151671 -0.107737646 0.15356119 -0.19076566 -0.109971106 -0.10668406 0.08475856 -0.07238408 0.15707001 -0.13402306 0.16627651 -0.056607816 0.046787597 0.107510746 0.115244135 0.08810335 0.3254577 -0.13739708 0.063558735 0.117987774 0.11539994 0.050886985 0.022595063 -0.01216466 -0.10732791 0.059182867 0.01859554 -0.042656988 0.14267772 -0.12148492 -0.067252584 -0.017296905 0.10087977 0.24663447 0.13196611 0.1915024 -0.27766842 -0.043203566 0.061599724 -0.3121978 0.02964863 -0.017482791 -0.14915793 0.04458419 -0.20086053 0.028122727 0.08096575 -0.090632446 0.076619126 0.025860168 -0.16143782 5.2127012e-05 -0.0659587 0.08973461 -0.007196392 0.031291407 -0.072168 0.03459914 -0.20241582 0.008047713 -0.06675539 0.20386179 -0.098198704 -0.03267236 -0.13919608 -0.17521748 -0.16322279 0.14405766 0.0008478304 -0.038898796 -0.13928233 -0.010396859 0.0032841268 0.09118045 0.053330038 -0.15324481 0.10378649 0.04627822 -0.20523007 -0.056280956 0.013322623 -0.047669306 0.06104639 -0.087759905 0.057719924 -0.0010157241 -0.10202707 0.051799603 -0.06599121 -0.12472794 0.05387355 -0.00454396 -0.0553031 0.066043995 -0.08009031 -0.08074944 0.102111764 0.13839547 -0.12259698 0.18728577 -0.03976305 -0.22126833 -0.10923443 0.22820075 0.07943994 -0.20015691 -0.09776995 0.022098416 -0.116125025 0.030290022 0.017543139 -0.09355126 0.1291856 0.08662872 0.063198 -0.042827565 -0.015308055 0.021255335 -0.021912817 0.06565273 0.057157077 0.13547167 0.20418353 0.012355678 0.060455862 -0.057513982 0.025995808 0.11229995 0.024457976 0.004196042 -0.053727407 0.021388391 -0.002602555 -0.22728238 0.058408525 0.10133013 0.14168645 0.16909342 0.05386089 0.14733689 -0.028349018 0.24762316 0.10918096 -0.005616958 -0.034704436 0.1572367 -0.052113116
blackberry 0.019484134 0.33235353 0.11104481 0.046858847 -0.09535237 -0.22356546 0.26672956 0.4253671 0.1665085 -0.1666638 0.09432001 -0.35934848 -0.017180473 0.10524816 -0.20557354 -0.029511228 0.32692146 -0.05936717 -0.027606344 -0.037437633 -0.1235973 0.029762298 0.15100545 0.21173336 0.06415533 0.119118996 -0.13081712 0.17475334 -0.06894885 -0.18494403 0.1693328 0.01963166 0.07284899 -0.00048176336 -0.05922059 0.06964034 0.034495402 -0.2157618 0.053814955 0.06122419 0.025471117 0.10853054 0.09577476 -0.044437174 -0.012090446 -0.15075718 0.08575073 -0.034037765 0.009005917 0.20226435 0.037837576 -0.12504262 -0.049075473 0.07218634 -0.0105650425 -0.11944308 -0.14601782 -0.101739764 -0.18071383 -0.15465023 0.0479421 0.21028857 0.15247326 -0.109910674 0.13357328 -0.0956334 0.027040124 -0.046979964 -0.10537003 0.038456347 -0.0252244 0.23060043 0.09400075 -0.019653315 -0.1865478 0.01549834 0.03546019 -0.21723141 -0.029828116 0.03481812 -0.23131281 -0.042094283 0.12674643 0.23714009 -0.06665547 -0.13264972 0.09913747 0.030392308 0.06884429 0.024131432 0.06883902 0.0043195905 0.09073644 0.07524786 0.28458896 -0.054329935 -0.014383296 -0.07985824 -0.057743743 0.02661825 -0.13125633 0.2356899 0.19454907 0.07412994 0.11035902 -0.27700683 -0.09142811 0.0065838452 -0.3416832 -0.2712523 -0.13758872 -0.09581195 -0.27397662 -0.045620684 0.0323574 0.21298529 0.25442424 -0.0034547518 0.14940071 -0.18069065 -0.09873392 0.045273777 0.19412121 0.016110718 -0.011788235 0.18661903 0.006362609 -0.056398526 -0.038941346 0.34651163 0.111697376 0.27491882 0.12797402 -0.1676621 0.23253627 0.17928123 -0.012694649 -0.12803696 -0.17474483 -0.051059507 0.12112911 -0.32212147 -0.03467029 0.036675267 -0.1323071 -0.22601278 -0.273465 -0.09770493 0.1277841 -0.3872425 0.15857014 -0.30013978 -0.11462059 0.0066950875 -0.065746196 0.004508918 -0.15626824 -0.1350912 -0.09182313 0.11497707 -0.03147742 0.019964565 0.008113617 0.1426051 0.21507135 -0.0630812 0.14820838 0.23148797 0.17073019 0.44401565 -0.23927987 -0.0816614 0.0577653 0.34632048 0.268093 0.20431708 -0.27700555 -0.18934427 0.23703644 0.10580091 -0.16938376 0.3034036 -0.17935666 -0.0374863 -0.11369861 0.18940914 0.459765 0.18357864 0.1959245 -0.371024 0.1066646 0.08758065 -0.32206473 0.032182895 0.10451811 -0.16365689 0.064244576 -0.1728942 0.06658378 0.1472833 -0.12562293 0.036698837 -0.03404617 -0.12840056 0.02953272 -0.10643017 -0.069104046 0.013332484 -0.041524753 -0.14955585 0.0250197 -0.19045095 -0.12884694 -0.17797902 0.114817955 -0.22278431 -0.08244328 -0.34998807 -0.19331022 -0.08540333 0.05672518 -0.10434668 0.007886899 -0.11766418 0.031228695 0.075172134 0.14885557 0.13276117 -0.13144615 0.02175592 0.07012318 -0.27984914 -0.09094489 0.0961615 -0.19212148 -0.02567982 0.10976365 -0.03295811 0.07037996 -0.08628588 -0.044243954 -0.06339547 -0.057150092 -0.02956418 -0.042601805 0.2144576 0.14499624 -0.07174592 -0.07726454 0.056222428 -0.009596037 -0.13804357 0.15199016 -0.09704649 -0.28179976 -0.07984393 0.2158549 0.109177776 -0.16139336 -0.23480654 0.24117006 -0.09497498 0.3876428 -0.19334239 -0.10145655 0.1362847 0.16277395 -0.015427536 0.04076577 0.03546641 0.10559845 0.07344084 0.15429115 -0.009030678 0.013537546 0.24802673 -0.015787315 0.0798241 -0.0067944434 -0.02529197 0.12712224 -0.025732543 0.10662978 -0.14710274 0.09430837 0.04276921 -0.16114862 -0.098145485 0.11459831 0.08095476 0.12373974 -0.02244271 0.19191404 -0.0633484 0.1605741 0.061354063 -0.09715053 -0.08200036 0.095112965 -0.101703025
varnish -0.07401634 0.18783371 -0.034977596 0.11060554 -0.0049786237 -0.16632289 0.16525649 0.23210423 0.047083978 -0.21423642 0.025178945 -0.30778882 -0.022588938 -0.09786099 -0.20315357 -0.08206615 0.06842599 -0.22262667 0.06277125 -0.12124729 -0.11107128 0.12285815 -0.019981429 0.25355604 0.04652514 -0.022805776 -0.19299996 0.04088312 -0.035641614 -0.1470251 -0.07728147 -0.1299944 -0.06691288 0.024977123 -0.18119065 0.0063092913 0.058872506 -0.19157153 -0.11289013 0.08715961 -0.100953676 0.13028225 0.093748935 -0.07528887 0.022451445 0.06466855 0.058273852 -0.03638527 0.070029184 0.3017986 0.120085046 0.07483822 -0.06957486 -0.01016938 0.08582149 -0.1133783 0.119866244 -0.03964944 -0.00445385 0.062387846 -0.027919594 -0.013801951 0.018216064 -0.17365442 0.09840733 -0.21293062 0.008270355 -0.014193966 -0.06198477 0.03589315 0.22449629 0.15113701 0.052664496 -0.0065711215 0.039857004 0.075771816 -0.043233257 -0.0135839805 -0.11056834 0.034086496 -0.16977729 -0.07188042 0.004061707 0.18723072 0.015081363 -0.09628764 0.2153397 -0.07773473 0.14259183 0.13716377 -0.17196295 -0.024647996 0.12106758 -0.070330195 0.18864238 0.029494027 -0.13917722 -0.05055264 -0.07815262 0.10738313 -0.004193224 0.038262047 0.09285349 0.030958483 0.01968671 -0.043139916 -0.03509135 -0.009442683 -0.040132016 -0.116297565 -0.02802485 -0.073176116 -0.10888374 0.101850174 0.04706671 0.10022335 -0.022579117 0.0710242 0.043504026 0.07596718 0.08396022 0.055980526 0.11868946 0.020067073 0.022190563 0.02464304 0.0151681 0.12245553 -0.15698034 0.0148275085 0.15201293 -0.0655384 0.12631997 -0.15115754 0.15752222 -0.09857877 0.0059201643 0.013435557 0.013267224 0.041053582 0.056810122 -0.08952587 -0.04527757 0.04949337 0.04858107 -0.04174684 -0.043356236 -0.08849791 0.09046296 -0.09249806 0.12466504 -0.1893514 -0.162919 -0.0247224 -0.0980398 0.0675695 -0.123985626 -0.072625004 -0.09802898 0.012075955 0.0155910645 -0.068736054 -0.0926865 0.20028435 0.081290685 0.10096752 -0.069798976 0.028664697 0.08426356 0.28185487 -0.09735767 0.068136424 -0.05169549 0.065034255 0.06058123 -0.0068796775 -0.053011537 -0.019073326 0.12479808 -0.08066856 0.070572026 0.1101598 -0.13780978 -0.09012454 -0.10782919 0.08979872 0.26098505 0.19802834 0.188258 -0.13274929 -0.026261285 -0.0010085317 -0.19585457 -0.019549835 -0.032222666 -0.22763999 0.18291414 -0.1832981 -0.025189104 0.13322619 -0.020437498 0.034518287 -0.11808442 -0.124917164 -0.01657838 -0.025374172 0.119418986 0.11799176 0.054986987 -0.13351965 0.025307234 -0.13603522 -0.10306654 0.110187806 0.05596151 -0.1724432 -0.008241194 -0.0506012 -0.1269894 -0.21565889 0.08472722 -0.066933215 0.07822963 -0.02139598 0.008114531 -0.05532191 0.051378988 -0.059218764 -0.09416841 0.23535489 0.12887506 -0.18110003 -0.06670585 -0.15942033 0.07698317 0.05905391 0.03946751 0.0072880457 0.111255094 -0.027481608 0.19842385 -0.18568355 -0.15913849 0.14677438 0.12430377 -0.048347797 0.11940975 0.003040423 -0.025674392 0.033940855 0.15727797 -0.07379802 0.06063534 -0.023154266 -0.2905448 -0.14266226 0.36271572 0.040440727 -0.3373812 -0.12796105 0.07878735 -0.12264105 0.1421961 -0.09531439 -0.19371372 0.14828946 0.13199386 0.08158423 -0.13005182 -0.026473165 -0.06494081 0.024923455 0.21776314 0.18079361 0.1944194 0.13102514 0.17232867 0.16804834 -0.17571287 0.04410207 0.06602942 0.101970285 0.03768319 -0.07705268 0.06435798 -0.09111107 -0.014591975 0.022861166 0.06313297 -0.026571784 0.12767406 0.087014385 0.1098449 -0.05000977 0.24157499 0.17476942 -0.06755652 -0.060010787 0.08684191 -0.08342272
birch -0.034633733 0.2615274 -0.027060492 0.17102695 -0.056006595 -0.13404499 0.21026328 0.31076345 0.07459089 -0.16604443 0.018826384 -0.23993742 -0.016424343 -0.06588033 -0.20188902 -0.13871038 0.17418654 -0.011922944 -0.1600559 0.016644372 0.104967944 0.053466305 -0.023528147 0.11746759 0.05179241 0.09363662 -0.042894527 0.058240343 -0.006242708 -0.049612753 -0.00070859585 -0.13409008 -0.042675424 -0.030781908 -0.077702835 0.045333028 0.11468809 -0.18593377 -0.07777638 0.12116168 -0.021234596 0.15036687 -0.04119365 -0.093376055 0.050154075 0.052974876 0.15199947 0.05718294 0.12703978 0.2368609 0.0582754 -0.10515091 -0.12642704 0.024977222 -0.013597206 -0.00033262497 -0.028586589 0.11597388 -0.062071066 -0.08948451 -0.14163765 -0.015856558 -0.034272738 -0.03343036 0.0964843 -0.05580958 0.0015462495 0.016281597 0.024382677 0.05312568 0.02823855 0.061942767 0.019716062 -0.0032716882 -0.1660288 0.16308163 0.010277639 -0.14497331 0.051910885 -0.0691583 -0.16075812 0.07727963 0.010292502 0.045229428 0.049719647 -0.030263046 0.06714411 -0.011085308 0.06925993 0.15312162 -0.08641381 0.05090369 0.05038678 -0.04444222 0.15115915 -0.04995048 -0.09386519 0.0049609155 -0.038893934 0.038265657 -0.10755507 0.17030402 0.06254802 0.07925642 0.09751451 -0.041161347 -0.10571897 -0.1169116 -0.001694368 0.06887479 0.01805511 -0.066239 -0.31128368 -0.09413761 -0.056868084 0.17469752 0.050391346 -0.040481314 0.18133536 -0.0438365 -0.132301 0.10362583 0.27908376 0.016850276 -0.018358165 0.07495162 0.002663816 0.09144136 -0.16854398 0.1265984 0.14712995 0.09723517 0.05184446 -0.05102392 0.19052361 0.047389075 -0.08554232 -0.015384509 -0.048706993 -0.012695892 0.06348909 -0.17336288 0.028851107 0.02392638 -0.09984058 -0.024482222 -0.09904686 0.001377618 0.09375808 -0.15109034 0.1284499 -0.21629035 -0.057841413 -0.116657004 -0.05685687 -0.062155508 -0.04481729 0.016175164 -0.0515679 -0.062033698 0.05555048 0.066757835 -0.010058711 -0.09875142 -0.016044097 -0.019768393 0.08664816 0.11948827 0.05781315 0.18833473 -0.16281253 0.035247218 0.045814995 0.0873835 0.07397536 0.033333745 -0.03122584 0.039078202 0.0004231526 0.022785967 -0.07393971 0.060364082 0.07926262 -0.031829927 -0.10117269 0.105812654 0.00055889395 -0.030320844 0.016170215 -0.20885022 0.087846205 -0.0033936016 -0.30439794 0.023757733 0.124216005 -0.26916704 0.08563466 -0.23556863 0.036635216 0.041770868 -0.09012923 -0.095108144 -0.21136452 -0.25505042 -0.034935754 -0.17878164 -0.12703797 0.08857701 -0.06595319 0.011776831 -0.039568584 -0.11958357 -0.16760448 -0.14528854 0.19875129 -0.13008238 -0.081236996 -0.27252507 -0.105900794 -0.08783881 0.20538077 -0.046799514 0.163009 -0.005894982 0.0137235075 -0.008082868 0.16384733 0.10790106 -0.17160942 0.18771437 0.08477756 -0.1244033 -0.13025008 0.13807188 -0.11058055 0.18995821 -0.04409457 -0.06214516 0.025179274 -0.05769661 -0.0076467977 -0.13639675 -0.088953406 0.15602224 -0.02251051 0.10742791 0.09715434 0.010654864 -0.051693745 0.15331398 0.029071871 -0.060968563 0.198292 -0.017086433 -0.25369 -0.20503537 0.38172144 0.040191405 -0.24833423 -0.15147015 0.059917063 -0.046419576 0.06292877 -0.018447127 0.02394715 0.13227913 0.14871255 0.03629671 -0.22949494 -0.011292576 -0.12731399 -0.012229331 0.15997171 0.0852482 0.15276335 0.20102121 0.07150475 0.101426385 -0.009286751 -0.032847174 -0.0017624652 -0.030352626 0.16702041 -0.06811083 0.030887647 0.043641314 -0.22740299 0.09986676 0.13323188 0.11774829 0.19451855 0.009143484 0.12963036 0.06910623 0.11953625 0.023539899 -0.15018843 -0.17212439 0.23300362 -0.13425316
cork 0.042051084 0.1767756 0.005776593 0.20977813 0.010425688 -0.24132858 0.033112127 0.17956293 0.0445613 0.060423065 -0.045838423 -0.29515123 -0.008986482 -0.042544637 -0.17078495 -0.08677996 0.1097011 0.019107133 0.048843525 0.023241535 0.05200894 0.13215043 -0.010747887 -0.081976965 0.06570962 -0.026108058 -0.050268058 -0.00060414814 -0.011496209 -0.04178077 -0.007431075 -0.007889453 -0.0014340545 0.07630162 0.010640749 -0.046482433 0.022686241 0.010081736 0.06226477 0.09122979 -0.0006700584 0.08860894 -0.056088414 -0.08765559 -0.03664465 0.053928267 0.07150711 -0.014660119 -0.063645445 0.029011242 -0.018321006 -0.07577932 -0.051814288 -0.045993287 0.023946082 -0.007274117 -0.015374526 -0.06388789 -0.022687022 -0.009707494 0.009958565 0.06565054 -0.15488006 0.08573957 0.10659995 -0.037244692 -0.010426088 -0.014314395 0.09761605 -0.003970106 -0.11380065 0.0060068006 -0.039713018 -0.03329882 -0.12805101 0.077368446 0.0061849044 -0.015051095 0.03737379 0.0059338566 -0.05181025 -0.14124896 -0.014525781 0.12951873 -0.07969786 -0.01708491 -0.052901022 0.05814197 0.017419541 0.10287086 0.15306352 0.02349334 0.011570977 -0.021096734 0.046010353 0.09699001 0.09514571 0.10091197 -0.03301699 0.115926184 -0.11625989 0.030911494 0.14706174 0.065674625 0.0132463 -0.1541389 -0.12836064 0.16035575 -0.06251284 -0.034729093 0.0012108824 -0.16453539 -0.23424713 0.033240236 0.06704493 0.113862656 -0.07099068 -0.08089907 0.07825674 -0.10003264 -0.034737118 0.005776339 0.07144496 -0.041830163 -0.011101867 0.0085702315 0.018020477 0.011279784 -0.015772954 0.17623484 0.032279253 0.2258641 -0.05545992 -0.069559254 0.009050165 0.098395586 0.054058827 -0.11530249 -0.23039645 -0.08758546 0.07103975 -0.23300108 -0.014783886 -0.0069962414 0.057736192 -0.07922006 -0.32619765 -0.07384741 0.2106804 -0.16728336 0.14366482 -0.20593458 -0.11882995 -0.11416941 -0.014100372 -0.029647883 -0.21156847 -0.08965138 -0.047725495 -0.0199712 -0.07705231 0.22772925 -0.055619027 0.10135159 0.063699715 -0.11725912 -0.033356108 0.0631423 -0.0011981855 0.18423326 -0.121913284 0.04837176 -0.036455024 0.13871369 0.027930021 0.11866403 0.020499103 -0.16673218 0.02094487 0.17931671 -0.06259588 0.08999023 -0.10872418 -0.021496832 -0.10499767 0.1559324 -0.016366238 0.12960269 -0.0068397257 -0.08397164 0.0032984978 0.09501961 -0.19296603 0.04955741 0.042020116 -0.07571713 0.04438582 -0.07615822 0.034396708 -0.03659667 -0.06261482 -0.022279771 -0.044712543 -0.16062547 -0.03571935 -0.09549505 -0.100939415 0.03746726 0.02022187 -0.10671524 0.100902826 0.01667764 -0.08604719 -0.09951975 0.17371175 -0.13897488 -0.032828268 -0.27084294 -0.05690751 -0.14032663 0.062473495 -0.04599292 -0.030009782 -0.18002427 -0.054423347 -0.13868907 0.059910417 0.098129354 -0.12962934 0.122396916 0.1042673 -0.031803254 -0.16478944 0.008383253 -0.13129891 0.19065791 0.06913699 0.0134476945 0.059534226 -0.14860585 -0.08853577 -0.20329243 -0.06916569 0.10057737 0.0071009556 -0.052285783 0.07505566 -0.0021771155 -0.10994576 0.11323292 0.09509352 0.11127075 0.07284971 0.012088379 -0.09821189 -0.052210364 0.17618966 0.14510696 -0.097139135 -0.060991578 -0.014618935 -0.0034035048 -0.040656663 -0.10342807 -0.06832849 0.046375114 0.13561492 0.027473427 -0.14357042 0.010348195 -0.20068917 0.04822501 0.001114279 0.084258236 0.11846289 0.16312684 0.028877527 0.0005025973 -0.0038925586 -0.02523491 -0.0081124175 0.14806923 0.018655594 0.035251807 0.051582385 -0.04578701 -0.13179862 0.06447449 0.1173912 0.07444919 0.081374764 0.0098974975 0.11235601 -0.103828356 0.06300722 0.123116866 -0.015138552 0.006493945 0.19003353 -0.102171555
raisin 0.041794322 0.23165329 0.024868747 0.14450358 -0.0768856 -0.14146376 0.20480534 0.2725267 0.036734227 -0.0312565 -0.021134237 -0.25634792 -0.021607181 0.027639687 -0.11000016 -0.020512912 0.117249995 -0.0022059374 0.03281841 -0.046493627 -0.043638967 0.02091135 0.049796283 0.08136535 0.021714164 0.020484768 -0.04459766 0.027850114 -0.12704709 -0.2289812 0.080131 0.0077397455 0.001310953 0.051665902 -0.041714564 0.0321755 0.07369073 -0.1199326 0.046087876 -0.028685277 0.118602976 -0.024865594 -0.022408774 0.022583328 -0.023705563 0.017118404 -0.013590018 -0.024444966 -0.026781926 0.06234015 -0.050206866 -0.11950576 -0.0037670503 0.09011277 -0.07569022 -0.09925993 -0.05723342 -0.07823619 -0.07009098 -0.057440378 0.018607395 0.17133096 0.0060723163 -0.10350073 0.17669672 -0.12156686 -0.014974717 0.06251244 0.006705152 0.03051196 0.009542773 0.15832248 -0.023906367 -0.0021191228 -0.0030384855 -0.021170242 0.0978155 -0.110276714 -0.03379765 -0.04354008 -0.10998622 -0.08097262 0.06665267 0.12226192 -0.06688532 -0.06023747 0.053003065 0.095128566 0.092017494 0.06414385 0.12998247 0.00976736 0.0102176545 0.0004395558 0.07463964 0.13480224 -0.030802893 -0.03140574 0.012917778 0.05008811 -0.052897487 0.050995003 0.13976774 0.011033458 0.048539434 -0.19748335 0.061130937 0.025055736 -0.21001495 -0.15498772 -0.21555571 -0.045156542 -0.12420415 0.07754575 -0.07637048 0.18695459 0.08800438 0.039502427 0.19302721 -0.21175282 0.026102092 0.045130864 0.12608387 -0.032746326 -0.0026313367 0.17131275 -0.024906747 -0.07848625 -0.029391758 0.22631001 0.087509714 0.17373426 0.12255585 -0.1901515 0.2146472 0.17244679 0.036387574 -0.07712268 -0.137014 -0.053307287 0.009226236 -0.20856318 -0.10478545 0.12596673 0.060257856 -0.11771987 -0.23716587 -0.098524526 0.18837018 -0.2570909 0.07255342 -0.110420056 -0.05632259 0.040011737 -0.058571983 0.06854099 -0.28677797 -0.13772817 -0.11244078 0.1482928 -0.05303884 0.029677527 0.0042183157 0.0069495467 0.110318944 0.021827614 0.015921552 0.10486942 0.040454615 0.2583951 -0.16319297 0.02817195 0.04457078 0.09663582 0.097039714 0.040020745 -0.16149908 -0.25483045 0.20478399 0.12049058 -0.08782573 0.16170497 -0.18454216 -0.08915995 -0.07196725 0.11811435 0.25546804 0.19167183 0.15335022 -0.31032434 0.07188523 0.028734475 -0.17063965 0.085340515 -0.023571301 -0.059657387 0.028044278 -0.14953348 0.009089393 0.09868993 -0.036306527 0.013411597 -0.09193667 -0.0010413723 -0.000856388 -0.05385865 -0.012148401 0.017021671 0.04272033 -0.054955024 -0.029706612 -0.031019019 -0.0653577 -0.043191634 0.13731262 -0.27696517 -0.037183024 -0.16595586 -0.18668728 -0.1151513 0.07177341 0.01113109 -0.14461157 -0.085533746 -0.0032953443 0.003172904 0.07388087 0.06412431 -0.11125618 0.04556317 0.09540741 -0.16358519 -0.19090247 0.05925464 -0.12321162 0.059300333 0.024018273 0.026169987 0.036171965 -0.09596716 -0.029893046 -0.04308465 0.010691316 0.035737205 -0.019000344 0.0052295174 0.108757965 -0.1312343 -0.06298604 0.012585449 0.087727875 -0.09079047 0.15301298 0.05902168 -0.10439096 -0.09411478 0.002161792 0.07288539 -0.08205995 0.0042180726 0.05171425 -0.015417319 0.019753642 0.028860664 -0.0930315 0.05800659 0.07519601 -0.02250241 0.062290363 -0.0684333 0.0037916466 0.06850552 0.08937997 0.029458359 -0.045920547 0.1680365 -0.06387881 0.06303618 -0.015685825 0.07490341 -0.015257869 0.038241994 0.060715802 -0.06362644 0.028600343 0.03962401 -0.09543027 -0.043275725 0.10457675 0.011347291 0.11807371 0.13892502 0.14407131 -0.08228449 0.1387349 -0.018435102 0.0017037725 -0.02805695 0.07542887 0.012987562
geranium -0.06080058 0.24314447 0.026787164 0.19943628 -0.08265762 -0.11839761 0.28190494 0.32165554 0.15620753 -0.13964765 0.09302055 -0.27795872 -0.064473815 0.062337246 -0.18783396 -0.0482343 0.22171797 -0.075302355 -0.019860445 -0.06839161 -0.18365663 0.07834092 -0.01075848 0.19520004 0.09184472 -0.037678853 -0.14475356 0.07984766 0.017060988 -0.14763986 0.035867598 -0.026165636 -0.017945277 0.06830758 -0.09551032 0.041400302 0.016092343 -0.17023179 -0.0009242333 0.07485947 0.06245787 0.09416687 0.06795712 -0.04683456 0.093354344 0.004646156 -0.005182911 0.024123346 0.031700216 0.23432904 0.04949816 -0.06512819 0.022544203 0.06639778 -0.053529315 -0.10731625 -0.06564569 -0.08074214 -0.18040185 0.02011797 -0.058588937 0.07231248 0.043964107 -0.216201 0.01484346 -0.09683285 -0.036065552 -0.0032032446 -0.056477685 -0.056907624 -0.016205642 0.16994628 0.11205016 -0.070485786 0.0005674932 0.08399023 -0.03402418 0.036870364 -0.02401151 0.09017986 -0.16694458 -0.15336971 0.074397534 0.3031051 0.0479982 -0.16503058 0.0110608945 -0.0015284169 0.1240462 0.007814357 0.014567983 -0.03460002 0.10590092 0.08830552 0.32156792 0.067750044 0.07236016 -0.07030402 -0.109589495 0.13892771 -0.027076622 0.124022 0.25337994 0.13108449 0.09405545 -0.10450946 -0.047990922 -0.024550486 -0.3045997 -0.19567211 -0.11164525 -0.01580657 -0.20205837 -0.057423763 0.052058116 0.15369809 0.22769524 0.05764607 0.20261505 -0.12693375 -0.0059403228 0.02561195 0.09029436 -0.016227117 -0.064263225 0.14212403 -0.012628373 0.06212391 -0.072425805 0.15411408 0.07384724 0.14737399 0.092520565 -0.15113313 0.17125347 0.06010913 -0.006189232 -0.08204054 -0.0032342647 -0.061606787 0.056635533 -0.24931741 0.03168349 0.1435324 -0.030709054 -0.2129039 -0.30680344 -0.07014876 0.11420871 -0.27880448 0.058483284 -0.22121572 -0.09885207 0.003494961 -0.13450134 0.099004194 -0.2732514 -0.12673813 -0.158646 0.24829312 0.033862818 0.09500018 -0.105547406 0.20851803 0.0865775 -0.047450766 0.12601827 0.16329886 0.08989564 0.4089317 -0.19316281 0.06035476 0.15446101 0.19486567 0.13697511 0.14879031 -0.11463579 -0.16245016 0.0679229 -0.005188127 -0.005168381 0.1448365 -0.14424758 -0.05884345 -0.040508024 0.07042084 0.26424292 0.14260207 0.14476052 -0.18692759 0.012977856 0.030749558 -0.2022336 -0.03897157 0.020623296 -0.085742764 0.04504839 -0.14342085 0.06117251 -0.010154176 -0.1418794 0.07053441 -0.008970604 -0.06029569 -0.019525383 -0.02000765 -0.041873313 0.07446264 -0.010119676 -0.12858269 0.037109684 -0.21217203 -0.03862165 -0.10566764 0.055092577 -0.11275862 -0.05896171 -0.19907528 -0.08790028 -0.13481313 0.034213923 -0.0041228067 0.057107527 -0.10486353 -0.005716781 0.011626462 0.10806472 0.021101398 -0.036057677 0.08092002 0.046347026 -0.16252853 -0.036247417 0.12897512 -0.01375736 0.07419791 0.016068539 -0.0030615418 0.062775604 -0.12611803 0.074747555 -0.10155183 -0.063717976 0.033345826 0.019470371 0.11869387 0.12244578 -0.12167044 -0.11228921 0.04376252 0.010282522 -0.06400346 0.06576292 -0.07196351 -0.1871134 -0.14400053 0.10617027 0.05987068 -0.14619116 -0.074995324 0.16470307 -0.18358847 0.12903108 -0.03851704 0.027607441 0.020886462 0.08890279 0.045948625 -0.04172607 0.01024944 0.09084865 0.047166146 0.1295117 0.09751062 0.056215975 0.09225141 -0.0004483215 0.062969536 -0.038073253 -0.01466452 0.097984396 0.021925777 0.11001776 -0.10601315 0.083062604 0.044471577 -0.015094589 -0.08203317 0.015920125 -0.024572717 0.058852285 -0.12816797 0.12158981 -0.16832055 0.054979477 0.07231128 -0.060734134 -0.043199204 0.034052208 -0.065361634
