96 300 
smoke -0.56156164 1.2848576 -0.8086124 -1.0423393 -0.574603 0.2994605 -0.4160761 -0.3197065 0.5507178 0.45834464 -1.0458704 -1.1956215 -0.69922155 -2.2879438 0.21264912 0.063427046 0.33680218 1.2659464 0.05142724 0.20048842 0.8614581 0.7623884 -1.8115213 -0.6448726 0.057238992 -0.23352921 2.1455042 -0.023234352 0.64471513 0.52352554 1.8297663 -0.58648914 -0.5364389 1.6023878 -0.3947244 1.7009213 0.57875985 0.052611567 -0.84685284 2.6845741 -0.7162501 1.2425438 -0.62611914 -0.104721904 0.09259602 -0.39649585 -0.6646828 0.62966484 -0.6348994 0.81346583 1.8270034 -1.894696 -1.1555455 -0.088791 0.74332047 1.5350058 2.8012245 1.1517177 1.7407713 0.55091983 -0.91390675 -0.10041789 2.4747105 0.77878964 0.8591756 -1.3331734 0.46177334 -0.48026502 -0.13517033 0.3717149 -1.2421817 -1.0754075 0.91558987 -1.0830286 -0.77299076 1.0880895 1.5594121 -1.3348843 -0.52043146 0.5922922 -2.5673838 -2.3981566 1.9110521 1.5726719 1.0561846 -0.52700025 0.26948565 1.5724521 1.2642298 0.61252797 -0.866118 1.2541232 0.56840044 -1.1731497 -1.3907689 0.14754897 -1.4494145 0.4958799 -0.09398 -0.98807 -0.4927313 0.21809095 -1.445065 1.1595955 -0.9409019 1.443089 -0.33262357 1.6619893 -0.42992973 -0.4888555 -0.009496759 -0.05086198 -0.50849366 -1.2564703 -0.8321617 0.32614455 -1.1248531 0.44313937 -0.79844755 1.1739951 0.43780237 0.040565677 -1.3274815 1.59761 -0.7349062 -0.035698414 -0.16304886 -0.2495122 -0.5999238 0.19438502 -0.15306783 -1.0481207 -0.4660206 -0.40217838 1.2259611 -1.3392918 -0.46845043 0.88193053 1.2469857 -1.1496304 -2.0785224 1.9013782 0.38256475 0.25666434 -1.2113898 -0.22874281 0.96263856 -1.2105421 0.10837181 -0.33654442 1.8659198 -1.6404274 0.044770453 -2.5298824 2.1200635 -1.6220609 -1.2268369 -1.1786767 -1.4255946 -0.56154484 1.0199037 0.080952644 0.89682996 0.56145656 -0.0064653405 0.12747023 -0.49293172 -0.5358852 0.27376568 2.215188 -0.44436896 -1.5384392 -0.515523 0.21027091 0.8492007 0.01945826 0.23406512 0.059192292 1.1447736 0.2980001 0.56008863 -0.52053356 1.0020918 2.0094128 -0.4255026 -0.43090674 1.6704971 1.3448726 -1.6524239 -2.2157059 1.689699 0.123655766 1.111023 0.7741292 0.87724555 0.044572704 2.127586 2.3520923 -2.4358072 0.9363101 -0.2777603 2.3633862 -0.3615091 -1.7775638 0.15877822 -1.8669543 1.1713792 -0.694431 0.77482975 -0.056337167 0.68007076 -2.2789683 -1.8593389 -0.9811585 -1.2096425 -0.9118097 1.5773387 0.19344167 -1.5086317 0.02668264 0.3179361 -0.8077907 2.7620227 1.1101578 -1.3746706 0.60605186 -2.0490806 -0.9764341 -0.017899094 -0.03503791 0.5876932 -1.6190541 -0.54213995 -0.37228346 1.1017855 -1.8821886 -1.0511659 0.51336783 0.78421545 0.9508095 0.5378015 1.3060865 -0.5827961 -1.7102535 -0.4797583 1.9612452 0.66754085 2.038249 -1.2238026 -0.18975255 -1.7843512 -2.0610795 -1.4183784 0.6065231 -0.13380463 -0.8852481 -0.3191311 2.173849 -0.15505876 -1.7033145 1.1471745 0.07457768 2.3240323 0.87502 0.29945457 1.7859128 0.03283789 0.50334597 -0.828407 0.8487303 0.6260157 -0.15925694 0.24174225 -0.16346256 0.049681433 0.9964734 -0.54293877 0.6628871 1.6351489 -0.24861519 0.3814485 -0.3843246 2.165099 -1.8621737 0.102126814 0.34949854 3.0450232 -1.1945283 -0.5096901 -0.5759012 -0.6975001 -0.17980774 0.3274039 -0.4104237 0.7088792 -0.88149977 0.009232261 -0.045762897 0.16727437 0.0076632164
perfume -1.7419585 -0.30253485 -1.7096964 0.25037324 0.62133497 0.017192997 -1.4136169 1.2274468 1.3797146 -1.4204186 0.38518405 -0.20967261 0.7553462 -0.04301072 -0.90652984 -1.39401 -0.020754125 -0.5748647 0.44267315 -0.66211885 -0.6123991 -1.3956113 0.25003412 0.44919977 0.4786481 -0.5452665 1.3225836 -1.1331848 1.2844222 2.5678852 0.9800549 0.14417791 -1.4236014 2.348871 -1.6038803 -0.6565118 0.42195275 -1.7804291 0.54832304 -0.16800664 1.494917 -0.62092465 0.501411 -3.0104403 2.2177515 0.08213786 -0.31722793 -0.29618576 0.05197436 -0.8624233 0.37466818 0.6004162 0.46179715 1.1568516 0.48952997 -1.5565169 -0.52118194 -1.3601273 0.61669546 0.34957644 -2.9988804 -0.098185346 -0.08155707 1.6534597 -1.5011573 -0.5410255 -0.38038707 -1.0463347 -0.23488873 0.38911584 -0.28758532 1.6144892 -1.0157907 0.55367744 2.4345214 0.9789095 0.50721484 -0.036472764 0.9996803 -0.3301208 -0.9832942 1.1516038 0.5767063 1.2395158 -0.052307837 0.3491304 0.48618123 -0.6740795 1.0287529 -0.13016489 -1.667781 0.30617937 -0.22872885 0.87633944 1.6059147 -1.6399704 1.1476972 -0.58316123 -0.14175871 1.0472049 -1.3938359 2.9335036 -0.45999804 -0.74341786 1.3117177 -0.07042355 -0.42323923 0.117965326 -0.9256215 -0.9683723 0.03531292 1.1262798 -1.7322294 -0.83647805 2.2637005 -1.6782227 0.8102367 0.5523218 0.60427713 1.7564261 0.09209783 1.8880966 -0.88076186 -0.5993566 -2.0963283 1.2519456 0.25212058 -1.6294801 0.5789141 0.6041919 -0.6288117 1.4746422 0.64292485 0.69479907 -0.018340765 2.4997678 -0.97772366 0.34177244 -1.8133296 -1.0145283 1.0356039 -2.6549594 -1.00297 2.34326 -1.8780328 -0.7924382 -0.090468235 1.8651452 0.33621618 -1.4982221 0.90250707 -1.2120483 -1.1028128 -1.7074966 1.3437904 -0.2110349 -0.09486802 -0.45078892 0.058589578 0.032910164 -0.9565283 0.21200822 -2.0508938 0.7966336 1.6959071 -1.6560496 -0.39835256 -0.8584153 0.47659874 -1.3301933 0.020243397 -0.08512908 -0.037758373 0.5340883 0.4236397 -0.06391342 -1.3435432 -1.08746 1.3139749 -0.7504841 0.66366595 0.9147099 -0.39746314 0.5016818 1.6878895 2.4718943 2.7110496 0.5135264 -0.15881632 -0.13494085 1.0103792 0.83801097 0.49750727 0.33636293 -2.7901077 -0.091757946 -2.1568513 -1.6199871 -0.3085163 0.44563103 0.88440216 -0.25435716 3.26458 0.9466182 -0.04829822 1.2881728 0.19373262 -2.7327192 -0.28828192 -0.8603319 0.099111296 -1.1641154 -1.8522431 -0.16036297 -1.5598854 -0.58286303 0.7364608 3.114388 0.52014625 -1.4378082 0.12456461 -0.3256054 0.7032668 0.26495776 -0.61223525 0.28821385 -1.4629196 -2.327566 0.8197291 0.03323427 0.8175088 1.0200323 -0.06541622 0.5690964 -1.064521 1.3258125 0.19670902 -0.09679863 0.6041068 0.054090694 2.2390327 0.95078045 1.6382235 0.19258238 -0.11265859 2.5426915 0.9610074 0.90537125 -2.5562308 -0.10033938 0.22690853 0.048649427 1.07956 0.47042048 0.108151376 -1.4355953 0.8452033 -0.6635247 0.8403837 0.09393701 1.1136618 -1.3028476 -0.26882622 0.6779865 -0.24252245 2.0002465 -1.9440795 -0.8425679 1.4043232 1.1536703 2.650118 -2.7715878 1.8328831 0.418686 0.13789484 -1.3349493 -2.1360981 2.3241925 2.4109676 -1.8353467 0.061044414 1.4319105 1.5546397 -0.13856435 -0.81126004 0.64882374 -0.39322522 -0.7950263 -1.032548 -0.13941652 -0.5474645 -2.7113683 1.4213136 -1.5082198 -0.84239864 -2.4278781 0.67211694 0.14639872 -0.48011553 2.0610237
blood 0.018070292 -0.9288256 -1.1662198 0.63338697 -1.7674247 0.16070412 0.3866124 -1.5324447 0.030032502 -1.1983432 -1.4537303 0.64707285 1.0051107 -0.4655555 -1.8087162 1.1872612 -0.14791518 1.5595113 0.26153782 -0.7855669 1.4501227 0.06175055 -1.2210779 1.4360032 -0.7362092 1.8036184 -0.358578 1.5299776 0.4663062 1.5655593 -0.57956487 -1.2438611 1.0774995 -1.0702935 -1.6411291 -0.6762444 1.1423863 -1.6897892 0.08764482 1.7347022 1.0187066 -1.1318036 1.1261848 2.2585993 1.0976721 -0.3463735 1.1923014 1.756815 -1.4253896 0.16019036 2.9204903 -0.054533195 -0.8659016 -0.233973 1.0254111 1.6353272 1.1541594 1.2289218 -1.6738563 1.1872048 1.2084695 -1.6621038 1.2817988 -1.8097453 -0.3712985 0.3401059 1.6358483 1.9089637 1.3203158 0.9304423 1.2768284 2.3896234 0.2232548 -0.16403064 -0.93010664 -0.4027859 -0.47428668 -2.3848383 1.5178943 0.17260432 0.32826778 -0.8944789 -0.25684524 -1.4718802 2.2418368 -0.16922963 0.2811995 -0.3271839 -0.037021425 -0.5165628 0.03606716 0.804684 2.8076715 0.82420677 1.7166044 0.85665166 0.8029532 -0.56115437 -0.11093898 -2.2514613 -0.385747 -0.858353 -0.7575146 -1.2552764 1.2609255 0.28560236 1.4438732 0.26014316 0.44309947 2.0736027 -0.33947164 -0.9268435 0.049835727 0.83616626 0.17571953 1.5518723 -1.273134 -0.57535 -0.19353367 -0.23743783 -1.7108388 0.20425628 -0.54962754 -0.756377 0.15976395 0.06013061 -0.08543644 0.7527102 1.0268893 0.26826698 1.0024506 -0.9552365 -0.76896274 0.05345678 2.130039 0.76235044 0.11877948 0.22965042 -1.1398332 1.4965545 1.37957 1.3025954 -0.32916945 0.6806019 0.58803535 0.011494319 0.021221785 -0.245914 1.002638 0.60175383 -0.98044276 -1.0386602 -1.5822135 0.24474083 0.092311166 -0.39830646 1.287503 1.1559815 1.3595755 -0.042571235 -0.06301658 2.1582422 2.4585373 -0.39371985 0.45360732 -0.98729306 0.4480901 0.8393762 0.6288296 -0.41672993 -0.81525904 0.5613616 -0.0010529715 -1.9010581 0.25921097 0.16263135 -2.082417 -1.6061689 -1.0065626 0.738977 -0.6346248 1.3341707 -0.7266343 2.355992 0.71993345 -0.64049333 2.0478895 1.1313001 0.77831423 -1.625895 -0.30456355 -1.233399 1.5199431 -1.3871343 3.2379327 0.85604906 -0.18744865 -0.9713798 1.9016335 0.325802 -0.54539156 0.3412722 -2.4454207 -0.09208979 -0.92175967 -0.26638588 2.2647984 5.5433583 -1.1913764 -0.001530718 0.15871379 -0.68084884 -2.070859 1.2327664 -1.3772041 0.02786168 1.3591832 -1.1318395 -1.3444701 -2.9943628 1.3285197 0.575048 -0.03897471 0.8324146 0.20835926 -0.26980194 0.024676038 -0.37876725 0.38246363 -0.048548516 -0.07398457 -1.9053608 1.0273608 0.3694733 -0.06942809 -0.88418627 0.044728603 0.13572265 -0.9070497 -1.7615862 1.9219592 -1.1597471 0.82164776 0.38884988 -0.17779176 3.094481 1.8259153 0.13852845 -2.654343 0.73987216 -1.6537409 -0.14053507 0.020933777 1.1592829 1.1684501 -1.0595701 -3.2770975 -0.054255817 2.257501 1.0517125 0.46804795 -2.834578 -0.19574952 0.91046035 -0.0253358 -1.4721907 -2.184119 -0.22871788 0.121417776 0.47491086 1.1465462 -2.47537 1.0515763 -1.1777142 -0.6745113 0.0043947394 -0.1550683 0.8946321 1.9796913 1.0915414 -0.09451507 1.8462405 -1.2160251 -1.2662629 1.018858 -0.70029116 0.9857616 0.35708413 1.2411208 -0.28591877 -0.034124654 0.9607626 0.73394394 -0.5254529 0.022150064 -0.98989064 -0.29353672 0.34284547 1.7210183 1.3303112
coffee 1.8399662 -0.5979827 2.0377576 0.98559713 -1.0074558 0.38695955 -0.21004532 -0.38502526 2.4040363 -0.02355671 -0.48383504 1.1156875 1.5007914 0.742123 -1.98832 -0.9836814 -0.50371027 0.21988514 -0.3009249 1.2008404 -1.2128134 -0.17401715 1.6659187 0.0070425216 -0.22500405 0.9591134 1.608312 -1.8198191 0.3908202 -0.5447678 2.3421047 1.6113795 0.48470053 -0.48182568 -1.3139477 0.42737985 -0.27595377 -1.6499774 -0.3509253 2.0624409 0.8953184 -0.23535293 0.5239095 -0.65408766 -0.4332047 -0.5408255 1.6682992 -0.83264047 -2.3153718 -1.0557324 0.17829935 0.071091846 -1.6527356 -1.1224431 -1.432819 -0.11917008 -0.0030522826 0.1118633 0.45481017 -0.31131986 1.169592 -0.88695264 -0.32653487 1.6734197 0.029667474 -1.7053121 -0.071135096 0.65204346 -0.9745386 -1.165026 -0.0131040355 0.20822826 1.0398091 -3.0908375 1.0037977 2.7738113 1.0624574 0.13559943 -2.1107948 1.1894015 -0.82706296 -0.8121666 -0.41955757 -0.043211587 -0.47802502 0.2754439 -1.4437506 -1.193667 2.060223 0.52963513 -1.0218643 -0.54528236 -0.3203142 -0.23636071 0.3032413 -0.118532784 1.701205 -0.35069382 2.289362 -1.4858552 0.0057456666 -0.27353147 0.5982383 0.8865218 0.75493914 1.5636126 -1.8784475 2.6781802 -0.8712931 -1.0366666 0.42738265 -0.7859748 -0.8969749 1.6597959 -0.56473297 1.0075512 0.47757277 -0.40502372 -1.4676197 1.5061338 -0.2694577 0.7791259 -1.0296836 -0.26327756 0.7244538 1.0681653 -0.5519414 0.43181765 -0.8911541 -0.23372456 1.0335629 -0.1951966 1.5527331 -0.3961141 -1.0453995 -0.7946233 -1.604391 0.37114298 0.72020733 -0.28895864 0.14067835 1.031634 0.09007972 0.52481693 -2.5311396 -1.6035266 0.15530702 0.81155914 -0.706298 -0.4692329 0.5983118 -0.60556 -0.48440546 -0.7783344 -0.43496883 -0.3119957 -2.4321854 0.051007744 -0.6958339 1.4331023 1.5151638 0.8142983 -3.11455 -0.53189933 -0.47317106 1.3219348 -1.961933 0.95507807 1.6354516 2.1017509 0.08204585 2.0118701 0.24450701 1.1646179 -0.81704557 0.3450074 -1.5063698 1.3541844 -0.2761909 0.76836294 -1.3015654 0.22497709 -1.3229162 2.645679 1.4366002 2.254053 1.6904697 0.50871074 -0.040721998 -2.502356 1.0580584 1.1509081 2.1148896 0.38996577 -0.694634 -1.7314324 2.0045562 -0.09450509 -2.8428478 0.4043482 -1.5799983 -0.045176696 1.6030134 -1.5487373 0.9685447 -0.7149951 1.1659844 0.8085544 -1.8815525 0.7557297 0.29864314 1.3422958 -0.5251201 -1.5267208 0.49429724 -1.2397373 2.3971434 2.2087858 -1.204706 -1.1157091 -1.4183149 -1.1212707 -0.20791037 1.2618061 0.5696807 -0.3746438 -0.9379473 1.2742097 -1.3129313 -0.6616941 -0.36227053 -0.48132196 -0.49999514 -2.075154 2.4270113 -2.0333617 0.53011245 -2.6431754 -0.040820546 0.48898846 -0.16192415 -0.8310156 1.7234441 2.2108142 -0.082477205 0.41368493 -1.287998 1.1663878 0.48067752 -0.2087733 0.5652078 -0.02758488 0.1246157 -1.0765818 -0.013762281 -3.878316 -1.8017044 1.2414382 1.0850021 -0.24922727 0.46416032 -1.6364616 0.51006746 0.75712883 -1.9053768 1.9275379 -0.69782645 1.5647948 -2.040832 0.6825593 2.162206 -1.1364686 0.2753763 -0.75303006 -1.6203088 -0.7283374 0.93136257 -0.34979492 0.18538511 0.102373965 0.90086967 2.5264325 0.052216157 1.2119962 -0.3301101 0.6500364 3.3021097 -3.7770023 -0.35041517 -0.69799167 0.37168726 -0.89557815 -1.0213614 -0.46128207 -0.98964 -0.24752602 0.88602644 -1.7012922 0.25883573 0.42759135
rose 0.75607395 2.64794 -0.365573 1.321077 -1.0023863 1.534861 -0.9091611 -2.0455508 1.0548395 -2.8076763 0.35895225 0.104479395 0.48352674 0.8100976 -1.0972041 1.3059931 -0.3614277 -0.5610452 -0.56763697 -1.0594778 -0.91341656 -0.087407425 -0.91544336 -1.8229337 -0.28897896 1.9355426 0.4521889 -1.2872373 3.143835 0.78890693 -2.3078096 -1.4467003 1.1545188 0.68367296 0.4171763 1.6539884 -0.5024872 -0.58150214 0.92951244 -0.65491277 3.4759932 1.2478487 -0.36130014 0.061354388 1.9796423 -0.39772898 -0.8656329 0.97903097 -0.062242102 0.38858387 -0.0098153865 2.08403 0.20281702 -0.99902487 -1.3495948 -0.21777812 -0.23564123 0.08447651 0.01886345 1.0964888 -1.8070095 0.28327852 0.6475314 1.3163214 -1.3753031 0.39229563 1.2629685 -0.58686405 1.5061466 0.3043814 -1.1865145 1.3363011 -0.13200796 -0.89689124 -0.405459 1.0333652 -0.5588429 -2.5914257 0.5103669 0.93516755 0.40926698 -0.65335804 1.2049893 0.26897824 -0.4928576 -0.67866224 -1.0707605 1.9067956 -0.2278725 0.17429118 0.98260707 -0.5045587 0.8240607 2.780756 1.0428848 -0.69472635 0.1332488 -1.0724918 -0.279454 -0.006590262 -1.2910379 1.4771194 -0.5773758 0.97194326 1.934459 0.9087831 -0.6362149 -0.49045238 -0.4130568 0.6402501 -2.2277815 -0.055397663 -0.18773465 1.4182881 -0.6944402 -0.35921878 0.9459193 1.3544956 2.4241498 -0.34279668 -0.9979472 -1.3959373 1.8757024 -0.9399633 0.03596709 0.8194748 -0.56021804 -0.80851984 -4.110685 0.37282875 0.42031324 0.96956503 -2.2040126 -0.6923883 0.6826067 -0.5620963 0.98687434 -1.2875336 -1.7910013 0.48311967 -1.2467191 -1.7226133 -0.53527033 0.95174307 -0.988535 -3.7461312 0.43204156 2.5708704 -2.9276931 -0.0321661 1.909722 -0.90924853 -0.37624696 -1.4320127 -1.4174236 -1.1343628 0.8619184 -0.30516732 1.6859839 -0.7685458 -0.09512217 0.45847815 -0.52275854 -0.3345528 1.0665083 0.22211684 -1.30287 -0.83484125 -0.3733894 -0.35641003 -1.0692688 0.6007045 0.06331461 0.073889814 3.1239364 0.4334151 0.35842788 0.5530322 0.26466668 0.9628044 -0.48628443 0.11969032 -0.6214933 1.583909 1.4969399 0.9399915 1.903967 1.3296529 0.1753906 -2.0633357 0.72915745 -2.252237 0.011265509 -0.0730315 0.1279519 0.77386206 -0.76200974 -1.2572106 1.1999638 -0.8202039 0.06124915 0.88746315 0.9775265 0.12669721 0.37580284 0.9934168 -0.7935445 -0.6846752 -1.1402588 -0.17940713 -0.33041278 -0.14397489 1.0692362 -1.517899 -1.2482867 0.586629 1.1828349 -0.8716848 1.7762947 0.86651206 -1.045156 0.23780212 1.3096173 0.85182106 3.9095392 0.56534153 1.0490953 -0.0078170365 0.3047338 1.0814357 -1.2439479 -0.2893271 -0.3729983 0.62300706 -0.104097106 0.17687371 -0.306768 0.43691176 0.5014615 0.91665024 2.5109818 -0.25517836 -0.79671437 0.865456 -1.3598621 1.3439049 1.9111892 -0.28210795 -0.6799421 -0.77925915 0.5854352 0.7521812 -0.53649783 -0.2832822 -0.9474241 0.31956705 2.037959 -1.1168561 -1.1520168 -0.48810178 -1.8883795 -2.0799851 0.5697979 0.4552364 -0.64938736 1.42936 -0.040672354 1.3006457 -1.8451821 2.091644 0.6098399 -1.8709518 0.97188246 0.73656756 0.10408533 -0.50982136 1.3908554 -1.797114 0.9776231 0.98278636 0.23519912 -0.12825122 0.26089415 2.0892313 1.8437184 -1.1172333 -0.5596874 -1.9714197 -1.434783 -3.1197097 1.5366462 -5.1442943 -2.681963 0.1554353 -0.42461118 0.6253534 -1.3517672 -1.6056011 2.829529 1.2109
fish 0.29003277 -1.6576409 -0.5143041 -0.7260537 0.069818445 0.6684672 0.46577486 -1.7230704 -0.49750444 0.5042348 0.7582876 0.016529022 1.9433858 0.3993364 -3.3859007 -0.2033683 0.38443214 -0.41437972 -1.4736897 -0.25269717 0.05181276 2.5086603 1.4285896 0.7202686 1.2831666 -0.6940141 -0.5176916 1.6086602 -1.3454705 -1.416312 1.4433933 -2.018901 -0.296402 -1.1025001 -1.2210319 0.8823214 0.4612024 -0.073017426 0.7783948 1.5992569 -1.6480088 -1.1272657 0.988813 0.062345244 0.11197651 -0.7743671 0.42967114 -0.20973963 -2.8520746 1.8028351 0.8405598 0.17528953 -1.4204409 1.8052325 0.15993859 1.0419841 -0.41331217 -0.8412152 0.27760103 1.8183808 -1.2765566 -1.0736772 0.074258775 0.2955221 1.9172564 -1.2792935 -2.3567498 -1.2342683 0.3124756 -0.17144218 -0.019698286 -1.6932915 0.27821252 1.1901264 -0.40424496 0.86578166 -2.1728113 -1.525568 -0.68161553 0.19876836 -1.9417559 -1.194214 -0.90132457 -1.3813313 0.56781244 0.13117751 -0.3337385 -0.4260655 0.68411404 1.1560572 1.3858749 -1.7313607 1.5869728 -1.2855641 1.0212489 -1.0478594 -1.7678311 0.4279092 2.1729558 -0.34221324 1.1831442 -1.0637523 0.11662624 1.006631 1.3909512 -0.31231552 0.79833764 0.5322544 -1.635831 -0.6637592 0.69113517 0.0788217 1.9441028 3.0246832 -0.77746874 -1.7062788 -1.2855246 -1.53712 0.3922918 0.1879424 -0.5364406 -0.4379907 0.95794976 -0.17106798 -2.2493212 -1.8831246 -0.86270434 1.0700628 -0.3415367 0.22356568 -0.024874974 1.7584991 0.015977543 -0.66989386 2.0098531 -0.5891526 0.58036524 -0.44395143 0.37830415 -2.396581 1.2689117 0.36042562 -1.2059338 0.5150638 0.29192123 2.0630374 0.73206586 -1.5226772 1.7204622 -1.9312311 0.09297936 -1.0522758 -0.37715858 1.2803508 0.8197022 0.2639589 -0.06336547 -1.9517403 1.1514232 2.2206407 1.0304648 -0.99355435 -1.5958551 0.31748566 0.89839256 0.9434493 0.61588615 1.1349496 -0.07272874 0.29437736 -2.164187 0.7023115 1.5458822 -1.4491472 -0.45677248 1.0608892 -0.37351927 0.88425124 -0.8538752 -0.3825696 -0.5147926 -1.5551283 -3.4293704 -0.21627781 1.1156536 -1.1250696 -0.013023166 0.07581902 -0.79552865 0.53174096 0.023745818 -0.44102553 1.6352134 -1.0926123 1.6846036 -0.11067935 1.6165085 -1.8947533 0.02645232 -0.037481185 -0.76406974 1.3940792 1.7458154 -0.34782976 -0.17354926 0.1748311 2.1667423 -0.21169032 -1.0613264 0.49089476 -2.4144938 -0.24129173 -1.2437733 1.607213 0.6447752 0.33849657 0.2011496 -1.7447736 1.7283795 -1.3426807 1.3100516 0.55562526 1.4269181 -0.793975 0.97436124 -0.651514 -0.2592929 0.4089873 0.16492708 0.4450233 0.8885115 -0.24446839 1.1561713 0.3899791 1.4481531 -0.189871 -0.44971487 0.9235762 1.0250198 -0.11797654 -0.84208345 0.46545 -0.3933246 -0.81662935 0.08383688 2.7993736 0.29496616 1.0382226 0.73354363 -0.4007816 -0.05287074 1.2243392 3.0521588 -0.19186057 -0.11478137 0.53399646 -0.7701615 0.7819793 0.5509459 1.51112 -1.517199 -1.4450052 1.2160606 0.36625373 0.3987978 3.397917e-05 -1.6006392 -1.4375315 -1.4675896 -1.7802161 -0.73233694 0.27136236 2.9700625 1.2533551 0.8827289 0.04051295 -0.85787714 -0.6713555 3.0566094 -0.5373135 0.78313506 0.0064004455 0.26876697 -0.6019479 -0.37472895 1.0218484 0.35536522 0.16702002 0.20481645 -0.8121233 -0.7459728 -0.46841675 0.75602996 -1.1538911 -0.46511716 -0.42361364 -2.8644261 0.38748875 1.0013591 -1.9031583
animal 0.4390015 -0.2583184 -1.292634 -0.7030162 -0.15419166 2.1321893 -0.85719436 -1.41535 -0.61568034 0.046870004 0.6575764 0.114696845 0.6431711 0.22559355 1.5006585 -0.2953585 -0.485018 0.93158424 -1.2542577 0.73709273 1.7273343 -1.2323662 -1.08475 -1.3151499 0.93794507 -0.60227513 -0.12283161 3.1821456 0.8277392 -2.1207786 1.9842372 1.4881585 -0.21399982 -0.27972025 -1.1441269 0.7755442 1.3880758 -2.2626803 0.3315917 -0.71911407 -1.972429 2.233999 -0.9439242 1.4544479 2.067894 0.46795073 0.29953837 1.0060198 1.117281 1.3132706 0.9552109 0.7930725 -0.50183034 -0.4895155 -0.20701881 1.9404589 0.08795509 -1.0637647 -1.6514142 -0.6589539 0.16258238 -0.6260291 -2.9720805 0.30494744 0.3345274 -1.4833125 0.1534317 -2.1025112 2.712963 0.6859345 1.6344374 1.1066983 -0.8140823 0.10707495 -1.2333384 0.601783 -1.8052425 -1.5821575 2.4526772 0.9541887 -0.90730405 -0.95499814 0.14827642 0.25872132 -0.3398058 0.3274386 1.1275616 2.4118903 0.97061735 0.080524586 1.2265359 -0.38357627 -0.7029254 0.47593677 1.8483996 -0.005827358 -0.97036225 -0.07840777 0.41727278 1.3870788 0.060405575 0.08841526 1.4554061 1.8707259 1.091038 0.17044547 -0.66184217 0.65826905 -1.5054963 -0.31601408 -0.11269844 -0.67551976 0.20389386 0.8203936 0.35508034 1.2509733 -0.43225935 0.21279368 0.036082447 1.1878865 -0.39844427 1.7181529 -1.0588056 0.72505426 -1.7053919 1.0472733 1.47625 2.4266164 -0.2924337 0.64526546 0.0405209 -2.1010182 0.9424884 0.4484897 1.5712084 -0.775394 -0.11000105 -0.07194265 -0.55141383 -0.24469711 -0.124531 0.29143357 -0.16059728 1.7846551 -0.55730474 -0.85466397 0.0047598365 -1.8279814 0.36571276 1.3605155 0.324554 1.5861964 0.55055004 -0.6203771 0.25854096 0.8992753 0.8823382 1.274277 0.41922224 -1.8336836 -0.47642913 2.020259 1.5382667 -0.72743285 1.6492958 -1.0241134 1.0502075 0.49635163 -0.4845288 0.56730187 1.1492203 1.3162293 -0.7333854 0.4450742 2.6091013 0.06879696 0.72810733 -0.59114575 -0.6941087 0.15053321 -0.2809741 0.3688845 -1.966413 -0.6323345 -1.5459931 -1.0837501 0.3278133 2.3438547 1.3532734 -0.37383175 0.7147064 0.77831763 1.4810005 0.35322705 -0.66631025 0.77680135 0.5610362 -0.8592572 0.87041646 0.47118288 0.68667 -1.1295578 -0.40842465 0.78503937 0.77846396 0.25555575 1.582371 1.0893441 -0.5845381 -1.8015181 0.35587192 -2.2645967 0.45098862 2.8002322 -0.50365406 -0.5669518 -0.8288393 -0.08118299 1.1269939 -1.0234607 0.15824594 0.6386537 -0.6678647 1.3249667 1.9627601 -0.52091026 0.2515522 0.45260602 0.26357162 -0.7816261 1.4483007 -2.147636 0.8708059 0.13749284 -0.58589536 -0.84558886 0.3521538 0.14543761 0.515394 0.63949686 0.0633949 -0.57991827 0.15227407 0.15785402 -0.8549259 4.1804266 -0.0008342642 2.0070496 -1.8364404 -1.6089001 -0.83923364 0.5618134 0.31789592 -2.618654 1.6215421 -1.400685 0.5808158 0.7790051 0.29249734 0.57414657 1.1090401 -1.3321241 -1.3792713 1.8950323 -0.2610363 -1.2818406 -0.006074861 -0.41206476 -0.9378873 2.0664165 -0.5813357 -2.166926 0.12073297 -0.3438553 -0.39347136 0.5998826 1.3226358 -0.61281246 0.5503573 -0.58806247 0.3563824 0.38836735 -1.0920265 -1.253447 0.8829394 -1.6370903 -0.4081236 0.25380695 -0.20718166 -1.4336504 -2.0488486 1.2517751 -0.66494673 1.8308458 2.3134842 -1.155021 -0.1495564 1.4271811 0.52118737 -0.9265258
soap 0.10769916 0.48449117 -1.7339801 -0.8822678 -1.2952405 0.7598473 -1.2843987 0.3318512 0.5323013 0.115316756 -2.475291 -1.5325345 2.017411 -1.696664 -2.967301 -0.9496827 -1.1774377 2.152691 0.35249197 1.768023 0.48471808 0.7374449 -0.121405296 -1.5913095 -0.33204272 1.6639545 -0.63901085 -1.2100248 0.35219133 1.0831205 -1.9288899 -2.8005195 1.1749005 -0.18534765 -0.30938214 -1.3421776 0.99460304 -2.5093799 -0.5874639 0.49063367 1.7907032 -0.14688355 0.47370782 -0.9693951 0.7411852 -2.0522594 -0.0760774 0.98256195 0.5068493 -1.8265423 0.029541248 -0.14852369 0.80361795 1.8103449 -0.46957502 0.34119645 1.0499228 0.05462645 0.56952244 0.8854531 -1.4233316 -0.7180191 0.15715222 -1.6865269 0.600482 -2.382663 -0.63619494 -0.4886009 1.9324841 1.6873579 -0.72260743 1.0761155 0.17608462 -0.7234349 0.427855 1.4546801 -0.45104215 -0.6773845 0.47431704 -2.5391273 -0.5681233 1.7218021 -0.23236836 3.5820208 -2.8860734 2.0627935 1.596234 0.29789266 -0.8148551 -1.2204832 -1.5376319 -0.38489243 -1.2207427 0.64045894 0.5341106 0.4586654 -0.7390424 0.09252887 0.39659628 0.803962 -0.10843339 0.34255558 -0.8513472 0.031285062 -0.2358701 0.40567714 0.25830555 0.06275511 -0.2617274 -0.8110261 -0.30584082 0.13091701 -0.7390609 -0.18744327 0.31217578 -0.5510606 -0.96081966 -0.008477347 0.9820238 -0.16989498 0.8836437 -1.3992081 -0.5998206 0.8096003 1.3663325 0.61062914 -1.562758 1.0728978 -1.95258 -0.55508816 0.47175407 0.16717242 -0.5073647 -0.9365246 -0.7031067 -1.641449 0.18368597 2.3568041 -0.664505 -1.7961047 -0.37763295 -3.512407 -0.81875926 3.5716147 0.6920583 -1.196087 -3.2926667 0.14978594 1.696733 -0.20513585 -0.7505486 0.11409758 -2.3228621 -2.9803977 0.3942998 -0.3337722 -1.5248989 -0.39183143 0.9085582 -0.17648104 0.27560458 0.07050925 -0.8861851 3.4815137 -0.6868976 -0.8524469 -0.5066978 -1.0898443 -0.56377214 0.788357 -0.21835907 1.2258888 1.1833625 -0.41039628 -0.79680675 1.9407082 0.7496678 -0.1371147 1.2295436 -0.6391624 -1.2363024 -0.26972678 0.25606272 0.18390918 1.8627688 -0.7918542 -0.27374223 -0.498547 -0.8067726 -1.5512091 0.8197699 1.4707317 -0.3948539 1.0732015 -1.4221215 -0.41759568 -0.7186283 -1.2174119 -0.25941166 0.32526627 1.8914684 1.6575185 0.43160784 -1.0642914 0.29200602 1.327915 -1.436384 -0.0966702 -1.244755 0.15943691 -0.219164 0.4719542 -0.045796424 0.2198268 -2.2384157 0.69399667 2.537662 2.6000154 1.8936008 -0.823748 1.344215 -1.0378757 -0.25915474 -2.3259654 -1.0697417 0.4307267 -0.7429762 -0.19424546 1.4508759 -0.117565945 0.7923207 -0.18354154 -1.9598651 0.43804032 0.91103786 -0.2582073 -0.6115025 -1.0447757 1.9544985 0.013035027 0.1150363 0.30050495 -0.382846 -0.68669593 -1.021526 1.9694928 -0.49115258 -1.8578806 -1.8443655 -1.8120348 -0.9804264 -0.03646242 -0.031589728 1.3878254 0.49859667 -1.7356731 1.6291612 0.49202892 -2.610451 0.7226149 0.709109 -1.7811548 -1.2503585 -0.99424547 -1.8060977 0.19328344 -1.223786 -2.0091863 2.2511141 -0.17595232 2.0957572 -2.7900321 0.821166 0.8055588 -0.6215421 0.19220199 0.49093607 -0.24746658 0.3930436 0.6626261 -0.8900165 -0.601481 0.43386582 1.0310878 0.13938443 1.5976751 0.70218766 0.9133207 -0.9693619 -0.9179643 -0.9856744 -1.3504008 -0.72199 -1.6979328 -2.739989 0.118587494 -1.8584926 -1.6328472 1.1954274 1.4272804
grass 0.0690982 1.1793476 -0.96818936 -0.63247997 0.7589794 -1.524071 0.30486137 -0.14794032 -1.380135 0.5419434 -0.82803303 -1.0383393 -0.5705063 -0.94279045 -0.0028984898 0.52188164 0.2941307 1.3308641 -0.23648179 -0.233729 0.21699081 -0.055837348 -0.51217014 -0.4899413 -2.2045226 0.43379635 -1.3942251 2.56632 2.2135594 -0.42977804 -0.42152396 -0.04839039 -0.39975357 -1.2052156 0.2006871 1.2110031 0.033363506 -1.8920661 -2.6932833 3.4711301 1.658171 0.7654538 -1.1509467 0.5527009 0.45489454 0.5570569 0.67577136 -0.049409926 -1.9045247 -1.7940897 0.009335523 1.4204177 0.40779898 -2.1554124 -0.98246 -0.53860533 -0.30645743 1.1037476 0.10152149 1.6001945 0.026772374 0.8560082 0.33712015 1.3280913 1.0003803 -3.8666577 -0.14523631 -0.20881902 1.1640724 0.73856413 -0.49946067 -1.0919439 -1.4866781 1.94839 -2.5856183 0.9619374 -2.7956336 -1.590691 -0.1419456 0.7619798 -2.9125197 0.327624 0.49421263 -0.83273184 0.20552403 0.44399562 0.37005892 1.6856221 0.9232007 2.376346 1.3328466 1.0387219 1.9928546 0.16732801 0.8493418 -0.6284086 -1.2062101 -1.9551028 2.3847148 0.6301759 -0.8977121 0.076282255 1.3242464 -0.71243936 0.28579196 1.04542 0.009538298 0.43029007 0.8882237 -1.8334758 0.99984956 0.13696377 -0.4008459 -0.94641286 0.99193376 2.4593241 -1.8602796 0.6005404 -0.62878156 2.1289425 0.44679078 -1.2194307 0.7331025 -2.216431 1.9181944 -0.23787299 -0.42109114 0.8042129 -1.7181505 -0.71256244 1.4779339 -1.0245652 -1.3080616 -0.33164525 2.7315001 -0.24362892 -1.0007302 0.41174904 -0.7828064 0.4085627 -0.15457252 0.17370038 -0.10164178 1.1303742 0.71496475 -1.031934 -1.0508362 1.0456686 -2.2803328 -0.54458064 0.5221846 -1.3918058 -2.3234196 0.12477808 0.29916552 -0.4546227 1.6091509 -2.0495203 1.1262035 -1.927798 0.84383684 3.2064278 0.9167282 -1.6851505 -1.6448216 -2.1016047 -0.9528853 1.8742927 0.681397 -1.3025618 -1.5462316 0.03724958 2.242072 0.3798767 -1.261791 0.63064194 -0.91250116 -1.0582879 2.2129488 0.30550596 -1.6348102 1.9974302 -0.15048419 1.4821938 0.37568194 -1.702265 1.5215603 1.8806715 -0.7237153 0.7141577 1.1065831 -0.13270333 -0.48971066 -2.962609 1.2595596 -0.53534603 -1.2033 0.90037334 -2.8294704 -2.7124476 -0.779296 0.25673112 0.34024623 -1.1314996 4.2919664 -0.081203476 -0.54924536 -0.73167676 0.07808787 -0.49136132 1.3963077 0.8202207 0.25764403 0.8098579 1.9957339 -2.2352593 2.2945757 -1.4474093 -0.9664685 -2.028361 0.08987339 -0.65910757 1.1650829 0.046038993 -0.33775726 -0.79301214 2.3306627 0.31044602 2.362624 1.4502 -1.3099254 0.6741475 0.8832805 0.5105866 -0.81708753 0.6094603 0.0831488 -0.19964777 -1.1369916 -0.5054402 0.19073223 -0.9687175 2.5756776 -0.86024714 -1.794939 0.66364056 1.0912737 -0.17467706 -0.7615839 -0.5684108 -0.08633864 -0.36912522 0.44941616 0.01883702 0.64779425 -1.3186822 2.794069 0.9944471 0.011356643 2.05886 0.50782716 0.009921811 0.16017278 2.261775 -0.46928075 0.20379329 -0.14536387 -0.45875663 -1.5024369 -0.5781966 -1.5911564 0.8106271 -0.8253845 -0.28914055 -0.16853996 -0.89405763 0.23626399 -0.09038725 -1.5384516 0.6078579 -0.6176352 -0.81550807 0.55982 0.5073666 0.7205866 -2.4409938 1.1393145 0.80628234 1.2656729 1.737524 1.6006554 -1.9416907 0.948033 -0.3552168 -2.855185 -1.5564545 -2.502939 -2.9535034 0.21168609 -2.437622
beer -0.3673588 0.17043588 0.091627054 1.2759765 -1.2925035 -1.3034763 1.0361713 -1.4207517 1.6795335 0.07380151 -0.33818716 1.4621038 0.51780707 1.0438945 -1.4910789 1.351335 -0.38357985 -1.1543795 1.3914027 0.63788116 1.0970864 2.9097931 -1.3139912 0.10110145 -0.11994488 2.222237 0.60311455 0.47088292 0.8708734 -0.66954094 0.24544576 0.009691323 0.8351628 0.1731324 0.39119762 -0.89541787 -2.377054 -0.7492676 -0.7530514 1.9707036 -0.172559 -0.7919899 -0.034571 -0.6469312 -1.1873721 0.7382469 0.39707175 -1.7364489 -0.049854618 -0.29870427 2.4193637 -0.54859656 -2.6389642 0.007804981 0.008945168 0.547937 0.2662458 1.4792382 -0.45604333 0.7509112 -1.3242753 -2.3038857 1.8201494 1.8590041 1.1426451 -2.2305374 -1.6213377 1.0086466 -0.3909978 1.4336479 -0.005169023 -0.29222003 -1.4374026 -1.9045943 1.6270593 0.53551644 -0.36924148 -0.4628042 -0.735914 1.0295993 -0.07994946 0.284555 -2.3195572 -0.16989626 1.245379 -1.5320204 0.74842423 -1.7158287 1.5543034 1.2106696 -2.5226257 0.16391999 0.53382695 -2.5906413 0.50756526 -0.8118272 -1.2357336 1.8031533 1.4770981 -0.36753225 1.0132961 0.5715381 -1.98573 -0.6318517 -1.6569755 2.2340376 1.125399 1.9671018 -1.0684302 2.182343 -0.24304321 -1.0180585 -0.56401336 2.408187 0.016149227 0.58385086 -0.80467176 1.4237313 -0.5228954 0.2688412 1.9473163 1.2733839 0.31504238 2.346057 -2.5906122 -1.5295191 0.6058797 -0.542836 -0.076704346 1.1787429 0.5333501 -1.1778837 1.5105778 -1.5407169 0.011634391 0.30711162 1.3459878 0.6406051 -1.770722 0.0178206 -1.3440266 1.8353924 -0.20015207 1.680297 -1.5003088 -0.72028273 0.13104273 -0.062680565 0.16740128 -0.41058242 0.10533381 -1.2874527 -0.7471004 -0.15697916 0.46038672 -3.0145524 -1.9918605 -1.6385776 0.4172395 -1.8571793 0.20405976 -1.5500953 -4.1397715 -0.5705267 -1.1281431 1.6112282 -0.7974907 -0.22274108 0.665402 0.5969845 -0.005357022 -0.4905307 0.8840106 0.5219336 -1.6214888 0.6683825 0.13408136 2.1137578 -1.7386268 0.7596171 1.482796 -1.5054338 -0.671329 1.736405 -0.101229884 -0.14374109 1.7554842 0.6682273 1.161856 0.54478705 0.5284921 -1.2539331 2.1420221 -0.85688734 -0.4055408 -1.4426221 0.8226934 -0.18519917 -0.88828903 -0.9486197 0.972254 0.94387263 1.1049304 -2.302367 2.0228105 0.47139543 0.8020962 1.8547071 2.0104465 -1.0644281 0.30057776 0.04892412 0.8834108 -0.31069452 -1.2401375 -0.17096567 1.6246955 1.8485304 -2.1350155 -2.3482718 2.041993 -0.63719684 -0.09282361 0.38696727 -1.6610724 0.2521093 -1.4911778 -0.6399749 0.55204314 1.39057 -0.55896056 0.690957 -1.1155684 -1.761082 -0.5350351 -0.21046253 0.13131073 -1.1067168 -1.422305 0.13447006 -0.35841197 -0.10714506 1.198355 1.5167937 -0.80615705 2.088322 -0.4510809 1.8895621 -0.95959854 -0.022383444 1.1946154 -1.3671259 -1.4621423 1.6300087 0.35654622 -0.884426 -0.1932042 1.5694922 -0.7552484 2.6693685 0.20794323 -0.43297312 1.2160882 -1.5271659 -0.08921801 1.6731462 0.53683674 0.93827075 0.39532682 -0.10788959 0.64623266 0.7185391 0.25688782 -0.3264766 0.5806907 0.6967961 -0.79484546 -0.6314105 -0.49995074 1.6753635 -1.175549 1.1438925 -0.12376519 -0.40300354 -1.8037188 -0.11949467 1.34035 -2.7143164 1.0867361 0.29252896 1.0362935 -0.8968639 -0.95040333 -0.033182684 0.49517205 0.19863069 -1.9676131 -2.1940324 -1.0758438 -0.4424283
urine -1.2760392 -0.30047467 1.2845458 -2.5479252 -1.3979161 -1.3812506 -0.9545998 -1.6090025 2.1258268 0.9333773 -1.5675368 -1.8153652 -0.25081065 -0.47324362 -3.5878227 0.4510616 -0.4039644 -1.1938319 0.4225308 -0.042860944 1.4427483 1.9040253 0.5335449 2.6455777 0.71007675 -1.4373689 4.8768487 -0.42129248 0.31389716 -0.6457153 -0.11253107 -0.59076995 -0.8215419 -0.31308874 -0.059489787 -0.28159186 -0.53968996 -1.9820362 -0.93910694 1.3192774 -1.9015692 -0.7005634 1.7062396 -0.6175659 -1.2764169 -0.39073044 -0.57521486 -1.7700752 -1.832239 0.10481486 3.4632444 -0.020082204 -0.9959841 -1.8797708 -0.14623027 0.053004477 1.5384862 -0.6118758 -0.6514446 0.8157815 1.037162 -0.5200363 0.29737854 0.5620186 0.22104691 -0.74788123 -1.0826757 0.50677794 2.8131776 -1.5895509 0.46564454 -1.4335228 -0.8759054 1.0479733 -0.26785257 1.1518285 -1.2712154 0.38316566 -0.244756 1.0205642 -0.5487961 0.42156023 -0.57621026 1.7920339 0.38799226 0.9668936 1.5306743 0.41970143 0.96365607 -0.25506794 -1.9065922 0.105296716 0.32633385 -0.9355015 0.7044458 0.011612854 1.3791372 -1.2235986 -1.785014 -1.7315211 0.59825 0.1503897 -0.669169 0.3344996 0.4280165 1.6953214 1.562057 0.7185713 1.401085 0.76720625 -0.21856083 1.4294841 1.052887 0.9382527 -1.0700914 -0.02593691 0.434619 -0.85261697 0.49615204 0.17796189 1.4405799 -1.1819158 0.33610117 1.0605799 -1.9568985 -0.040941954 0.6567393 1.8334167 -0.0666304 1.9683802 0.8633327 -0.3599463 1.2076046 -0.3050511 2.4118643 -1.8612062 0.4092487 -0.29596207 -0.7116898 0.6396638 -0.67477447 0.27733335 -0.7040779 2.3924894 0.26430935 -1.8501107 -0.94497824 -1.3147184 0.50669944 1.3017511 1.2530673 -0.11191763 -0.96422565 -0.110001236 0.9000704 -0.7244583 0.14253321 0.30489233 -0.9277637 -1.3570201 0.9361532 -0.9770913 1.2326709 1.4701836 -1.5448041 -0.5697953 1.5911505 0.5984621 -0.94786805 -0.9798415 0.36654806 1.6002232 -0.04918861 -0.3222672 1.3685404 -1.0176649 -1.1184086 1.096013 -0.11020586 0.47188267 1.2135308 -0.5945365 -1.7148243 -0.016925436 -0.15573837 0.92458194 2.9341724 3.253857 0.10429989 1.5607386 0.2819234 -0.49579388 3.0013347 -0.07443917 -0.8724755 -0.55372304 0.9162992 0.71592057 -0.14201385 1.4591008 1.3834678 1.4588587 -0.2610395 0.34759545 1.3161604 1.0170633 1.8173598 0.67441076 0.86050296 0.83116275 -1.1943197 -0.5372147 -2.2805474 0.9458557 -2.138038 -0.45957717 -1.33898 -1.0961627 0.15075912 -1.2349006 1.1190243 -0.5574157 -0.80562204 -0.35047686 -0.094727114 1.768151 0.30733112 -0.1557099 1.5162492 0.17984612 0.64061755 -0.7057411 1.0314937 -0.18456423 0.49684152 0.6949779 -0.8206386 0.4061156 -2.2754679 0.19500606 2.225367 -0.627989 1.4043338 0.0870725 -0.923262 1.7441568 2.4187613 -0.23669091 0.070459925 -1.0258384 -1.3913283 -0.7580375 0.117617175 0.52612376 -0.10344493 -0.12545398 -1.2580353 1.868828 0.11950826 0.9106672 2.8076975 -2.3917656 -0.9107996 1.0114331 2.6464653 0.39794284 -2.197721 -0.21272497 1.0488776 0.24454701 0.49097058 1.4511575 0.103420034 -1.3788413 1.9762645 1.2691203 0.06365582 1.2821385 0.347622 -0.48154724 0.52107894 -0.36035204 -0.82491547 1.2198911 -2.0095785 0.8744456 -0.48564285 -1.1209472 -0.21347658 -1.0182558 1.4239454 -0.43534398 0.6779153 0.5927096 0.03498769 -0.14935708 -1.7484403 0.2859792 -0.781785 1.3355277
pine -0.17439695 -0.4745261 1.526128 2.1177225 1.1016457 -0.89365214 -0.39715868 -0.6991003 0.19371551 -0.19094998 0.90747744 -0.07917973 1.4346942 -0.93543077 0.74588835 0.36530355 2.954664 -2.0504727 -0.10158693 2.539356 0.65005225 1.4459704 0.48968288 -3.171503 0.4778255 -0.57443315 2.37155 0.5508398 1.3732584 -0.3872233 -0.9106011 0.59085166 0.1134675 0.9908752 0.45911658 1.3534187 1.1462721 -2.285344 -0.75702226 1.5869075 0.10661057 0.39518237 2.0077832 -0.38696575 -0.87569463 0.20338124 -0.96834755 -0.24867839 -1.3148279 -1.8557239 -0.33112466 -0.060999256 1.012467 -0.7452033 -0.3905464 -1.4996835 -0.10645551 0.1738849 -0.34396806 1.1757003 -2.0732808 0.20049123 -0.34700498 0.27195626 0.18481405 0.19754808 0.9193685 -1.1547046 0.6246818 -0.25491402 -0.71146023 0.64118105 -0.46420467 1.7424808 -0.5135958 0.7577228 -0.54445714 0.6086064 -0.37713966 -0.87143946 -2.203589 0.92765754 1.4093833 2.0829308 0.94397956 -0.86676174 -0.5427014 0.65174603 0.005065441 1.2758291 1.3621204 -1.2798461 -0.6684692 -0.9772594 0.34136066 0.45066082 0.52990305 -1.4035442 -0.56998616 0.7843379 -0.3828071 1.4831709 0.13760303 2.357956 1.6845515 1.3299208 -0.075959384 -0.4986219 0.31803486 1.1063312 -0.2179056 1.5513186 -3.5957143 -0.71169186 -2.2700484 0.1095938 -0.78401726 0.18409635 -0.61275566 0.7118632 1.7605267 -0.63475025 -1.2412893 -0.49157476 -0.17907542 2.065533 -1.0501155 0.16068165 -1.3764863 -0.45095962 0.98001987 0.16020192 -0.79526347 0.6361231 1.3813454 -3.6564946 1.8145467 0.07489133 -0.8144014 0.16045542 -2.0192516 1.3743657 -0.70146966 0.36408657 -0.95411265 -2.9362404 -1.654343 1.370955 -0.2750191 -0.67364067 1.3588821 1.8041303 -0.70379543 -0.6566749 0.5142547 -0.6867035 -0.87087446 0.117371574 -0.51217645 -0.19637655 0.07812818 2.4844527 -0.72325885 1.0865157 -2.0928032 -0.47723988 -1.0886188 -0.46110576 -0.6114031 1.0346127 -1.4978608 2.2344666 0.11900699 1.4755288 -0.5870038 -0.8835599 -0.2568229 -0.7481834 -0.13534397 -1.7923908 0.20508589 0.19902192 0.6458935 1.4007474 0.37029818 1.0853375 0.66138875 2.1745265 -1.2843981 -2.8173707 0.8908003 -0.054934923 0.006928929 -3.7428765 -2.2388747 0.35912204 0.019819118 -0.028246315 -1.8882896 0.10862044 0.17383452 -1.112622 0.58371085 -1.86727 0.9496623 -0.20496483 0.5779709 -1.2546397 -1.8644526 0.9505054 -1.520818 1.5627953 0.10536037 1.0239884 -1.1455641 1.051184 1.9435948 -2.0675614 1.1969658 -2.8801203 1.7496156 -2.0763426 2.763413 1.3373376 1.573503 1.844251 -0.9344567 0.54313713 1.2195326 1.8594319 -0.22630401 0.6223231 -3.2059207 -0.07616988 -2.2748024 1.1788259 -0.0060649957 -0.4896198 0.38537097 -0.75623417 -1.0103976 -1.6894517 0.19266978 -1.5746262 -1.620703 1.4597684 -0.29576313 0.80875915 -0.40644434 -2.6537895 0.9158062 -0.55077416 -1.0883609 1.1303449 -0.65984946 -0.49182498 2.654435 0.10395959 -1.7461344 -1.1364675 0.91071546 -0.2667428 -1.3487861 0.44116062 -1.5407429 1.2951918 -0.18178813 -0.9887826 -3.302197 0.23686889 -1.2631083 0.5796879 1.9433645 -0.0075389333 1.256819 0.93217254 0.058103077 1.0216767 -0.14272608 0.31569204 -0.76112765 1.3562062 -0.531429 -1.3942341 0.063430436 0.60096985 0.9154953 0.2691259 -0.6182957 0.4735318 0.56744534 -1.7787944 -0.5564473 0.22190894 -0.6799496 -2.3998048 -0.2829954 -2.2144394 0.1196485 -0.4174823
wine -1.7416319 0.48429278 0.206413 0.77701664 -0.48184964 -0.47456858 -1.212407 0.3886603 -0.11010042 -1.570126 0.49299133 1.526313 -0.3929245 -1.2257448 0.1755007 -0.59263253 2.3064313 -0.57266825 -0.85066515 0.7110419 -0.987581 0.968398 1.6290157 0.55287635 -1.6686885 3.2432346 1.1349741 -0.5183274 -1.025533 3.6556065 2.4314015 0.40351394 1.0275929 -1.0297929 0.022614961 0.63199365 0.56225634 -1.3594525 0.8651006 -0.56794184 0.510494 -0.14417131 0.15219179 0.17449905 -1.4863883 -0.030031882 -0.67672986 -0.17482994 0.18044062 -0.6296072 2.3263469 -0.6475337 -1.7581828 0.9480418 2.135902 -1.0634116 -0.7778473 0.10213222 -1.2313079 -0.5481333 -2.1387196 -0.9289822 -0.29680467 -0.027358675 -0.56485146 0.040536296 -1.5053208 -1.570408 0.53750104 0.29577377 -0.040626258 -0.18874393 -0.8685611 -2.227803 -1.3909845 2.6490767 2.1388712 -0.8280975 -0.31857902 -1.1671218 -1.3781672 -2.574154 0.23458079 1.4704984 -0.9247105 1.2036346 -2.5916517 -1.628858 0.70468014 2.083678 -1.937207 -2.4736269 -0.34492254 0.89409447 -0.3140687 -1.6188128 0.41756403 -0.5110478 0.026053784 -0.15575564 -1.4701103 0.21448295 0.33515856 0.2845271 0.11511595 -0.2766502 -1.0027853 0.07642439 -0.2937634 -0.21972515 -0.24231425 -0.69142 -0.8719516 0.20814915 0.872156 0.1287571 1.1362405 1.1644933 0.15126565 0.3165888 -2.4007268 0.539542 1.0546454 0.8055999 -1.0662636 0.7612158 0.01277815 -0.5385509 1.7675192 -0.16713732 1.4183737 0.90010446 0.77094185 1.0911065 1.2551317 2.6703172 2.2797132 -2.4514878 -1.8318385 0.93969667 -0.64285725 -0.5790825 -0.57859063 -0.06262289 0.7523008 -1.7716739 0.19265585 0.10420411 -0.20580944 -0.21775179 1.6060908 0.023158943 -2.0850382 -1.3926265 -0.74831873 -0.5896056 1.5758172 0.23865345 -0.39952105 -0.49773717 -2.2905695 -0.5859524 -0.3452171 1.8120447 1.6408712 2.3963566 -2.1516252 -0.44203016 2.1359441 1.1181598 1.1699613 -1.4424565 1.3503577 0.66023135 0.3983555 -1.5584545 0.41620514 -0.2567523 1.3453213 0.044453956 1.1912991 -0.007230888 -0.29783314 2.0532706 -0.35742542 1.2710501 3.1092741 2.1277225 2.482697 -1.0772812 2.6769884 0.16269335 1.8173729 0.4456953 1.4237791 1.1604002 1.1273592 -0.6402886 0.5361839 -1.8864061 -0.4219034 -0.80031747 0.5804361 -2.6085782 2.471173 -0.71327186 1.8740304 -0.9260255 2.1855204 0.26712257 2.2273452 0.77398884 -0.46884263 -1.5196958 -0.36326954 0.16588756 2.116111 1.2622204 0.051014956 -0.08269565 0.9164816 -0.48391408 -0.28244552 -1.8562635 -0.63698065 -0.06859607 0.4035179 0.93417037 0.74679786 -0.31803486 0.7545251 0.129982 -0.50131834 -1.1209768 -1.5251201 0.4172774 1.7607015 -0.3398773 -1.8897018 0.9334722 -2.5208507 -2.2307875 0.52476054 0.34528157 0.8692185 -1.503892 -1.3040029 0.34159797 -1.2345613 -0.19524957 -0.5500563 -0.63516665 -0.41466427 -0.0883676 -0.697469 -0.97614545 -2.387413 0.078609236 0.48450094 0.27088004 -0.26107514 0.15331346 1.9430224 -1.1359572 -1.2380822 0.18171673 1.1895747 1.9360365 1.4632396 -0.8341861 0.69696665 0.6445914 0.104097806 2.164237 -0.79250354 1.0384333 -2.0845115 -1.2543622 0.41831258 1.9860181 -0.34996614 0.60289305 -1.1858634 1.6644547 -0.41970626 -0.94742554 0.42234316 -1.555798 0.07449196 -2.4856992 -1.3364912 -3.109702 -1.5392916 1.6358359 -1.4771987 0.020225998 0.4465863 -0.076856874 -0.6834015 0.2703233
bread -0.30056983 0.06203051 0.102895945 0.7159404 -0.35997468 -0.2509456 -0.5899243 -0.62316686 0.32993174 1.6843644 1.6896738 2.5944068 -0.6831038 -0.0014048788 -0.38874915 -0.96997064 -1.9464419 -0.06013973 -1.2212822 2.2112303 -1.1038514 0.16892605 1.01015 0.93109643 0.79239595 -0.5471028 1.8270533 -1.9044656 -1.8383257 -2.6779773 0.11995126 -1.0388896 1.4835548 0.04076033 1.3235985 0.57039684 0.17833681 -2.279901 1.39863 1.7250979 2.431234 -0.174685 -1.0101126 -0.24422872 -1.6271545 -0.49877596 0.57937735 -0.51602745 -0.57656574 -0.9537147 0.73132885 -1.8483757 0.18592939 0.04188392 0.7703528 -0.54902977 -0.4050147 0.16383904 -2.4616985 0.797676 0.22851829 0.32801184 -2.897567 -0.44666547 1.737745 -1.0746416 -0.13344522 -0.71552277 0.17421994 1.5105907 0.22454362 -0.52215123 -0.56461775 -1.1400708 -0.9876176 2.122522 0.80568486 2.147583 0.6769416 1.181952 0.19425882 0.08694375 -1.3783453 0.49972755 -1.0503912 0.15033306 -0.027517246 -0.24405739 0.48303998 0.32887748 -3.7376566 1.324524 -1.0554128 -0.30580628 0.8456092 -0.02709359 0.9743171 0.847692 1.4421377 -1.4217054 1.1127105 0.615664 -0.42790937 -0.18458515 -0.17956905 -0.59683526 -1.28287 -0.30311483 0.29010755 -1.886 0.70808303 -0.9349365 -0.30241495 -0.8543886 -2.5649297 0.023596214 -1.24223 1.1725676 -1.6016583 2.811193 -0.5832471 -0.4181127 1.0589905 -2.3240113 1.0880761 1.104179 1.5000678 1.5030359 -0.8105954 -1.4295615 -1.6938516 1.0405939 0.10131003 -1.2116826 2.8441923 0.50071466 0.72159874 -0.51433945 0.90393823 0.4075251 1.2740611 -2.5196536 -0.7853084 -0.76368314 -0.19487195 -2.0506635 -1.5596977 0.68671626 1.9229416 -0.41982865 -0.9690523 -1.3724941 -0.20670962 -0.9860147 -0.5126496 -0.7616909 -2.347266 -0.2693194 0.19736111 2.0408049 0.43388152 -2.4329705 -2.158511 0.5653621 -1.0757173 2.494123 0.32641274 -1.4068485 0.9754782 1.6972429 -1.1518083 0.105165936 -0.19314755 0.8216535 0.5166579 -1.0639923 -4.0883083 1.8563669 0.24028191 -0.66289294 0.5004351 1.0336776 0.061046563 -0.35743317 -0.09029624 0.5130195 0.39488834 0.13266623 0.76527584 -0.60402966 1.6890533 -0.593453 1.8539542 -0.57750547 1.6429338 0.10181025 2.688665 0.9623804 -0.25750226 -0.3797516 1.5581077 0.116334334 1.5125265 -0.23407713 -1.0537024 -0.4011206 -0.50531363 0.40336227 -0.3550474 1.5453241 -2.1144552 -0.4151081 0.086913586 0.37835202 0.46180466 -1.1473442 1.8965719 -1.099131 2.0340195 -1.9204816 2.5889816 0.65966976 1.2487941 0.9453766 -0.99474394 1.9140375 -0.8184794 -0.23099846 0.24401207 0.78474295 -0.9284533 -2.5384529 -1.0796871 -1.3072952 0.05405581 -2.3280768 -0.006157824 -2.0225973 0.57854086 0.14589798 -2.1794803 0.1982596 1.2440873 0.70124847 -0.010870284 -1.187683 1.2718819 -0.7518056 -1.1404443 1.9561456 1.7354025 1.4522804 -0.3714905 -0.17781597 0.8954056 -2.5617697 1.0563228 1.9147463 -0.28155452 1.810376 -0.00046422548 0.74379563 -1.7972159 -2.0288987 -0.8009021 1.7875361 0.40440878 -0.9677734 -0.37288257 -0.8455691 -1.3010223 0.46888778 -0.70450675 -0.7691015 -0.43674245 -2.6023352 -1.0658942 -1.1894922 2.8063924 1.1949548 1.4832908 -0.5752858 1.8345994 -0.013500726 0.5893704 -0.078983165 1.0482084 0.32924315 0.45338812 -0.14856863 0.24297175 -0.6922245 -0.22967125 2.8660264 -1.281582 -0.47739807 -0.11701697 0.6721802 0.83704686 -0.05622342
cologne -0.53344357 2.2094963 -2.095955 0.7755118 -0.6203067 0.9284187 -0.77655107 2.4244313 -0.025882596 -1.7199285 -1.3949536 0.22743458 0.60732967 1.5737143 0.2839845 -1.8590547 1.6750814 -1.4418848 1.3825035 -1.0018022 0.08775325 -0.25048184 0.49001074 -1.3135215 -2.5322735 1.5209955 -0.25804803 -0.1620018 1.1636703 0.93576676 -1.3747745 -0.84555733 -0.5479664 -0.22766402 -0.12120491 -0.6455585 -1.2923613 -1.8978354 1.9965224 0.66177297 -0.47089028 -0.27697268 0.9967831 -0.8397264 2.5330856 -1.8594246 -1.9284288 -0.20079719 0.33828688 0.3292522 2.7128758 2.2624803 -0.1736548 0.8566534 1.2955346 -1.4960886 -1.0486833 1.0524806 -0.80234224 -1.5692945 -0.34422353 -0.97160554 0.018851006 -0.68122226 -0.15833364 -1.3149387 -2.5656023 -1.3700258 1.182027 2.9993663 -0.23636681 0.005354604 -0.012274683 0.9476192 0.6253787 0.9661573 1.1085896 -0.5748502 -0.3369524 -1.1668881 -2.3823404 0.9420121 -0.09096126 2.085484 -0.93789494 2.415036 0.75000954 -2.8672526 1.1658318 -1.220491 -1.2360119 0.29005685 -0.6957675 0.78587866 1.7797529 0.9547693 0.29168993 -0.017552732 0.6767724 0.6511406 0.16726787 0.11926192 -1.0828488 1.0081817 -0.60049766 1.2085215 -0.2570037 1.1987079 -1.4049467 -0.37274134 0.19505604 -0.27634352 -2.1684942 -1.0321786 1.5953 -1.0930775 -1.1263688 1.0635788 0.07207754 -0.39506078 1.1225995 -2.8110979 1.672883 1.7758836 -1.13373 1.7179002 -2.695154 -2.7948604 0.018732691 0.6546656 -0.17006516 -0.33035433 0.07058648 1.5390564 0.8956643 -1.2212905 -1.7405686 0.14932953 0.15482213 0.13871312 -0.26360783 0.40098 -0.84527993 3.0518885 -3.7186518 -0.5369231 0.47201732 -0.02643463 -0.77537376 -0.95190936 -0.19905737 -0.41738132 -2.1374223 -1.1686424 0.4387436 0.5067513 0.44463813 0.38006505 0.51979965 1.3251201 -0.11256405 0.5701177 -1.6519213 1.2503973 -1.3830696 -0.62445474 -0.93161327 -1.3425897 1.3696853 -0.760411 1.7674515 -0.0850253 1.5734515 -0.4213574 -0.007118152 -0.11189422 0.4543319 -2.522183 -1.1189039 -0.5764933 1.540509 -0.5717377 -0.22045022 1.4739952 1.7605579 1.5707049 1.5890812 1.9844439 -0.13558665 -2.3188136 0.63367593 -0.37422243 -0.88325816 -0.4402114 -0.7127056 0.1229296 -0.7246715 -0.2756246 -1.7413422 -0.24068446 0.6241898 1.4001365 1.9925314 -1.4153973 0.42284498 1.1484877 -0.20646705 -0.11011769 1.5902674 -0.9502773 0.54374677 0.1579338 -2.2047713 -1.0811572 -1.1869581 1.2195268 0.87939566 1.9782512 -0.42177364 -0.51201713 1.6701882 0.71080893 0.8257948 -0.14918876 -1.1588217 -0.15451808 -0.7365865 -1.979187 3.1672049 1.6643175 1.9110909 -0.086164966 -0.90280426 -1.2013738 1.294021 0.9494086 -0.019020563 0.78139657 0.40457997 -1.1445667 -0.28631908 0.9259285 -0.4730959 -2.5252504 -0.64857936 2.0146742 -0.12818404 -0.69761133 -1.9151249 -0.3406835 -0.07646968 0.61911637 0.40647316 -0.137946 0.7973405 -3.1547046 2.2855923 1.7871194 -0.88052666 -1.1215314 1.8021587 -2.4943707 1.3340352 -1.5654087 -1.0834506 3.2792845 -2.5298607 -0.35499597 3.763346 0.18787645 0.9225678 -3.7569983 1.6733394 -1.2181553 -0.9279356 -1.6295359 1.972299 1.3075475 -0.22351126 -0.18887343 1.3494476 1.0323159 0.9355523 -0.55624 -0.17279041 1.6874233 0.36916238 1.3454983 0.8692489 0.488963 0.5131657 -1.4456013 -1.4538653 0.5726749 0.5466617 -0.9988916 -0.6044875 -1.229379 -0.97606117 0.3453841
lavender 1.3582778 -0.46331972 -0.96307206 -0.2890877 -1.8017591 0.48654878 -2.1027155 -0.05243365 -0.4013684 -1.4965357 -0.08075624 0.18097033 -0.5082141 -0.45388615 -2.7377582 -0.2942691 -0.53628856 0.3430088 -0.74742043 0.06719083 -2.7087202 1.6722796 -1.2463524 -2.0139568 0.6566706 -0.3431974 -0.09960129 -1.0337698 0.6160606 0.5249869 -1.6735053 -1.255078 -0.2556543 0.29552996 -0.7046734 -1.5396842 0.33350697 -1.314173 0.42933995 1.3638972 2.128686 2.225747 2.363244 0.89396745 0.6619007 0.14590304 -0.8896519 1.4944932 -1.5520303 0.46026316 -0.32219383 0.18933758 -0.47086227 0.101403594 0.020758918 -1.1960565 0.075297154 0.1149235 -1.5220318 2.5022895 0.43010563 -0.9396774 -1.6325423 1.3111998 0.59361464 -0.53227323 0.58109295 -2.1362221 2.8331583 -0.26098838 -0.3526134 0.43510193 0.030533476 0.06287245 0.19639507 -1.4688097 0.7964392 -1.1209687 3.1331117 -0.53488654 -1.0906633 0.4624599 1.0524833 2.1661124 -0.52043796 -1.5018357 0.59134275 1.4766473 -0.62463534 1.3546151 1.5625672 1.8299268 0.5378566 -0.3027147 1.23842 -0.75933844 0.5661399 -0.23368783 1.9150896 1.0851359 -2.032735 -0.039654247 0.5562896 1.0413866 1.14866 1.2129744 -0.60173965 1.1103904 0.87026966 -0.534527 0.97238904 1.8283846 -1.8161663 -0.19061129 0.41784275 -0.09095402 1.5106778 0.8969632 0.7951568 1.1462979 0.57030094 -1.5377126 1.04653 0.033547092 0.1836622 1.2052159 -1.1590582 -1.6575731 -1.2697365 0.73088723 -0.6536341 1.1458238 -0.27546498 0.6770338 -1.5934775 -0.3433517 -2.614155 -2.088018 -2.6873453 -0.76843035 -0.064601965 -1.3807312 1.7739513 0.69889617 -0.32816604 -2.6136441 -0.75392944 0.8778809 -0.21217433 -1.3814976 1.4928007 0.26217744 0.4279105 -0.061880633 1.4690249 -0.81337136 0.0031624404 1.0104815 -0.7954865 0.12074185 0.122336 0.098727785 -0.94134396 1.6766593 -0.59160405 0.42033276 -1.5631042 -0.6700149 -0.5794441 -0.20502163 -2.7590172 -0.6440065 0.810399 0.6136026 1.5259293 -1.0335693 -0.92046416 -0.6797698 1.573959 -1.0897235 -0.4797058 0.3801014 0.12473848 1.4762082 1.6091558 -0.52601767 0.3290136 0.24999481 -0.73271435 0.38784084 1.3038411 0.3981603 -0.61077344 -2.624049 -1.634046 -1.2952104 0.4128213 -1.5847045 -3.5204282 0.7400131 0.383397 1.3617289 1.4153618 -0.81976414 0.62524945 1.3005503 0.18228155 1.1696306 0.91563255 -1.4812124 -0.9375677 -1.1516477 -1.9062006 0.9543849 -0.044122133 1.1602569 2.1313858 -0.30245382 1.1716759 0.6265469 -0.99897146 -0.69056994 1.5177261 0.8478453 0.30017993 0.24341148 -2.7695367 -0.33472013 -1.1329144 0.19697264 -0.6065577 -0.65653896 1.0086105 -0.24105866 0.056892477 -0.33367816 0.2210448 -0.02851095 2.2862585 2.6926308 1.1464165 -0.17022966 -0.95613366 1.5315434 -0.16094105 1.0581911 0.64384395 -2.5855942 -1.6254475 0.46340117 0.4048305 1.3634876 0.9920296 -0.65203595 -1.5449618 -0.61884725 2.7185016 0.6257773 -0.64454275 -0.8577832 1.9291102 -0.5013657 -0.103645675 -1.8134704 0.47511935 0.97722846 -1.0544933 0.4569686 0.5202609 -0.029207358 2.0842946 -0.9216411 -0.33363774 -0.1740501 2.0452018 1.220419 -2.042274 -0.28916967 0.6174998 -0.52915233 -0.41899142 0.30676877 1.3710144 1.5772922 1.7182381 1.52289 0.53885293 1.5935984 -1.0940465 0.3201965 1.111482 -3.297465 -1.0415008 -0.691091 0.14098132 -0.007305539 -0.38898605 -0.18593611 0.8101129 -1.9749473
garlic 0.2722395 -0.64915854 -1.2409633 -1.7980434 -0.49284956 -0.15572609 -0.75477797 0.31124568 0.7419843 -0.40762022 -1.0365798 -0.83432543 -1.2065176 0.4875255 -1.2707987 -0.08301776 -1.7361662 0.041093882 0.55761665 0.12536427 -0.96065825 0.12489663 0.70947933 -1.1714808 -0.76329744 -0.8706539 0.9928159 1.2870998 0.25368848 0.0714625 -1.7578014 0.5361712 0.46216604 0.77678853 -1.2203497 -0.53945154 -0.07962626 -0.93128246 0.51243985 -0.8964438 0.8005378 -0.6698831 0.30766457 -1.6976333 1.4316132 -0.5913821 -0.7146385 -1.0107493 -2.4906356 0.5268415 0.15858723 -0.91815954 -1.7992904 -2.468962 0.35428804 -0.9552007 2.032936 -1.6160566 -0.07943416 0.32935596 0.9197312 -2.077234 0.013908391 0.0063313176 2.770521 -2.2529514 -1.8768363 0.62399215 1.1096423 -0.18235782 -0.9698588 -1.2591336 -1.3290377 -1.6066569 -0.0582846 0.6877317 0.01775878 -1.9937557 -0.22560315 -1.635914 -0.39193174 2.5873358 -1.3313916 0.85222334 -2.7320526 -0.6918766 1.0273992 -0.71987057 -0.0006487557 1.8717297 -0.42363822 -0.79307187 -2.0689244 -0.64717305 -1.0460078 1.9972733 0.08986669 -0.6738106 3.3824265 -1.1493167 -0.9453364 0.49201223 -1.3955013 -2.045511 -1.7034721 0.9412955 0.67294025 1.9579716 0.34573984 -0.08960272 -2.847096 0.36807072 -0.88080007 -1.3255099 -0.33413318 0.74666876 0.90185404 -0.2290254 -1.1445491 -0.34297916 0.79941297 -0.25934502 1.9691818 -2.812431 -0.90255946 0.395133 1.8961052 -1.0626733 -0.31306636 0.3517075 -0.32894543 -0.65776473 -0.20549852 0.1634139 1.0898454 -0.09930765 0.69455713 0.8254981 -0.6560467 0.14674282 -1.3032477 -1.1517378 0.3615792 0.9413015 -0.5630139 0.7989687 -0.737021 0.3088806 0.5031716 0.018690167 -0.47883257 -2.0233588 -0.47090647 -0.47142944 0.20369568 -1.2884386 -1.1748638 -0.48332834 1.3720261 1.5403624 0.33389145 1.736557 -2.16109 1.3731418 -0.14040618 0.3983028 1.3040437 1.036361 2.0572782 1.5917666 -1.9719613 -0.82861733 0.2950976 2.1528792 0.06882074 -1.3165911 -1.051208 -0.24644 1.3939893 0.42569992 -0.9240879 -0.32142133 0.9602557 -0.2967862 1.1140664 2.2444434 0.0060163713 1.412562 -0.99107563 -0.8768673 0.9315026 0.044859946 -0.8817986 1.1172245 -0.5659287 -0.63032764 -0.42061633 -0.15053008 -0.71999717 0.37853315 2.3608057 0.39569357 2.0318952 -2.002233 0.2002725 0.030383462 1.6421432 1.8801761 0.53579396 0.7617253 -0.49450743 -1.6591213 -1.3340266 -1.052721 -3.1530192 1.476432 0.8307759 -0.08151098 -2.0379198 -1.6092957 1.1526601 0.7626033 1.2514305 0.40139642 0.617094 0.6560159 -0.32933983 0.43258196 0.2811299 0.9182876 0.4001087 -0.61857086 1.261873 -2.068484 1.8811153 -0.2961236 -0.5834193 0.4056974 -0.88619345 -0.13382527 -2.5061765 0.9377748 1.6161001 -1.6432735 0.75798833 -0.05503097 0.9296369 -0.7395381 -0.8727499 -0.032054476 1.1537769 2.2543838 0.48795393 -0.75680846 1.0164225 1.0787412 -1.7118521 -1.0016842 -0.4998672 -1.4153314 -0.08149695 -1.1870271 1.1322113 1.3840576 -0.313482 0.32286003 0.7508139 1.7157879 -0.054851808 0.29103506 -0.9594765 -0.72701466 0.95965034 -0.17710102 2.4377031 -0.09446058 0.29927897 -2.4604275 0.25138944 0.10683327 0.41352835 -0.6117007 0.4233298 1.8156303 1.093554 2.3919566 1.7773947 0.08394847 -1.1469067 -1.5541155 0.21689183 -2.3688297 -0.50244343 0.9573091 -1.3391008 -0.63417923 -1.2125812 -0.2750494 -2.1296217 0.1357484
leather -2.663882 0.22254908 -1.020227 -0.44060057 0.4347754 -1.9451252 0.54703504 0.24443494 1.0747622 -0.4590053 0.361194 1.0409389 -1.4165295 -1.499187 -0.3596393 0.4712712 -2.5311034 -1.2725897 2.607197 0.53214 -0.6974964 1.6689434 -0.71691436 -0.51973164 -0.42502615 -0.057344716 -0.93547416 0.880878 -0.61225337 0.96468943 -1.1484584 0.975403 -0.18491189 2.3962913 0.25479466 -1.5315726 -0.28906515 -3.9904392 1.2991152 1.1233581 -0.059347708 -0.3725376 -0.084757864 -0.14648043 -1.3775356 -1.0613874 0.76311964 -0.4666343 0.49582276 0.6190993 1.541164 -0.19390772 -1.3718139 0.24954563 -1.661608 -1.1895487 0.34709367 -2.1464856 0.75225645 0.87598485 0.041022584 0.7673467 1.0691856 2.277269 1.3478618 0.106804475 0.40389642 -1.9106829 2.9901533 1.3549645 -0.367362 -0.6642295 -1.8613062 2.5656097 -0.32764468 0.53449786 -0.86472636 0.024113182 1.5120189 0.09837911 -2.54853 -1.0342486 -1.2255434 -1.5400493 -0.9904652 0.21321657 -0.15994683 0.76164705 1.2718396 0.8222295 -0.94940996 0.5227537 2.3067982 0.9060111 0.43753096 0.16712625 1.5791985 0.62249804 3.4155738 0.40085092 -0.15838039 -0.41699013 0.8944414 0.6250546 -0.049209286 0.574863 -1.9793615 -0.8861142 1.3975849 0.24385154 -0.4138886 1.065456 -0.5140003 -0.70358235 -0.3823005 0.6473721 -2.9245224 -0.22061431 -1.0457925 1.1889296 1.5806178 0.21044734 -0.025508268 -0.6575245 -0.6449623 0.42362303 -0.53153515 -2.9263923 -0.75344646 -0.44387308 2.3796513 -0.43683335 1.0539187 -0.5684087 -1.0314379 -1.2210119 -0.6875104 1.5858877 -0.9362819 -1.6416441 -3.3123205 0.4362821 -1.0863467 1.7521198 0.23837623 -0.3216273 0.09846148 0.37687057 -0.43684652 -3.1939175 1.1169116 0.93807495 -0.36461663 0.8297817 0.7848645 0.029417213 -0.5811753 -1.314508 -2.4993734 1.6983283 -0.6308303 0.420873 -0.4989121 2.4747984 -2.8669078 -0.05595768 -1.3034872 -2.8828704 1.1912338 -0.50154537 1.2755201 -0.39410067 -0.9665131 0.29917604 1.4780836 0.4421903 -0.035925824 -0.33745393 1.1813325 1.0209978 0.3545583 1.0305094 -0.21728359 0.5726089 -0.8471092 0.8654 0.5923341 1.1489825 0.78686994 -2.3204288 0.9769885 -0.58365554 -0.6198709 -0.9849198 -1.1977031 -0.48225608 1.9234425 -1.05099 -1.9634559 -0.9919443 1.3544815 -1.7807393 0.20192899 -2.9518368 0.6250261 3.1054103 -0.655723 1.4797966 -0.5794589 0.69076324 0.3144784 -1.4457492 -0.26327863 1.6154729 -1.5471145 1.3018287 0.6137155 -0.33031067 0.10783558 -0.23443612 0.29118216 -0.50505596 -0.114795804 -0.3386206 -1.0039214 1.1141155 -0.26751557 -1.5856552 -0.23655942 1.6188339 0.9639157 -0.73680574 -1.0663846 -3.653311 -0.7936987 0.69234794 -1.5948118 -0.54392946 -1.2098619 -0.13232838 0.62515575 -0.99548876 -0.8803956 0.9302697 -0.721609 0.04930273 -0.28589624 -0.61352944 -0.49158332 0.8665189 -0.00946578 -1.4940032 -0.7188306 -0.62945163 -1.0434667 -2.3823173 0.88552076 0.44077745 0.3861133 1.6299516 0.9267247 -2.4136128 -0.008347074 1.5490004 -0.8567553 0.9253165 0.7971876 -2.449842 0.41769052 0.6393811 1.1404083 -1.6427536 -1.6294448 1.8109325 0.6769774 -1.9084599 0.19370423 1.3196709 -1.5551599 2.0635066 -0.19270332 1.3243183 -1.6263717 0.03373344 1.7780496 0.09226475 0.14345591 2.1917043 0.061379693 1.0449663 2.1373765 -1.8237253 -0.67977476 0.07336915 -0.10758824 0.86120653 0.7681695 -0.67480123 0.20532781 0.7173183
paint -0.5835229 1.5928574 -1.464693 2.208538 0.3785015 -0.87486297 -2.0947049 -1.3337026 -2.497515 -1.4069772 -0.7750587 -0.18615004 0.25047487 -1.5495402 -0.606671 1.625095 -1.2173994 -0.45403332 -2.0274217 -1.3296764 -2.2407181 0.08447803 -1.0906254 -0.34477884 0.49071586 0.6164465 -1.2007835 -1.9730558 1.0563016 0.010149351 -0.30313194 0.8803048 -1.6113962 1.2897673 -1.9333243 0.85295177 -0.46630198 -2.2084272 1.2208487 2.2888474 1.0650421 -0.43826586 0.70989615 -0.8493857 -0.1806473 -0.32788134 0.7762525 1.0958673 -0.12606685 -0.7005714 0.85189605 -1.7402866 -1.1254481 -0.53450316 -0.054732233 1.4313625 1.2239944 -0.52939063 2.2765937 1.3465132 0.7476667 -0.007201258 -1.2328248 -0.6705073 0.29910967 -0.0685327 -1.4956923 2.1121697 -0.45014015 0.03777207 0.21478353 -2.4690256 2.0197883 1.9543066 -2.1368365 -0.20141055 0.4258602 -0.22851144 -1.3986741 0.723651 -1.7955638 1.9575001 0.54370266 -0.45644367 -2.0524426 -1.8463839 2.2836869 0.2615308 0.84361404 0.63981384 0.85309404 0.9081328 1.1533365 1.1359041 -1.4223542 1.808995 1.1016924 2.5593793 1.3945924 -0.087589264 -1.9076973 1.0039178 0.5973783 -1.257797 1.5331508 1.7575024 0.49519384 -0.20274946 0.3504441 -0.32777995 -0.43018708 -1.8966296 0.16328056 0.66025686 0.9340202 0.8154386 0.60177255 -1.8327376 -0.21425809 1.5672417 2.4386065 -1.412111 0.041939918 0.9010132 -0.905223 2.7548838 1.0004324 -2.2042797 -1.1183212 0.4971228 0.65772134 -1.7598855 -0.71102875 -0.8531235 0.40588543 0.60325074 -0.82895243 1.2226973 -0.12577176 -1.5527792 -1.4943377 1.1979549 -1.5520868 -0.24860686 -0.16564023 -0.19383848 0.3909131 0.8514726 0.84017473 -0.7992911 -0.5579396 0.5025234 0.8738901 0.5186019 -1.7644472 1.7006363 2.0691626 -4.160784 -1.6198595 0.44576022 -0.7348341 1.6573558 -0.448328 2.4143412 -1.6221843 -0.106964886 -2.7244182 0.8728218 0.816499 1.9163507 0.02157689 1.3119048 1.9565563 -2.706753 -1.4370738 0.053704605 -0.2703407 0.038547218 2.3785365 -0.47451517 -1.2656662 0.5785875 0.458857 -1.6858852 -0.6816594 1.4205576 2.4450464 2.0809686 -1.8203619 -1.4344995 1.6662976 0.18686582 1.1573248 1.3348733 -1.6073915 0.32806927 1.8130313 2.5611372 -0.98113465 0.911472 1.593519 -1.5265952 -1.0086838 -0.29341242 0.703384 0.9557274 -1.9800869 0.4566187 -0.3681251 0.84316635 0.90842116 -0.043368105 0.8811975 0.5348257 -0.35097474 2.6990123 0.9081486 1.0524421 0.9803871 -1.0709858 1.237371 -0.409578 0.7300291 -1.0814606 1.5722905 -0.04813373 -1.200931 -0.8524284 -0.36386374 1.1058774 -0.4834317 1.2733076 -0.8542209 0.57948625 -0.6633222 2.208547 0.020659216 0.046819367 -0.7776995 -3.0599833 0.0025066598 -0.9741453 0.8167069 -3.0231752 -0.002485256 0.03435746 -1.0904028 -0.9940446 -0.74880433 0.47826943 -0.27431452 -0.15713443 0.16041951 0.2878277 -2.4769804 -2.1601448 -0.34424746 -1.0542454 -0.2891163 0.38599747 0.78221184 0.25499457 -0.34148 0.6915013 -0.12901099 -0.103696935 1.1937276 -1.5242722 -0.3497568 -1.6342489 0.2387688 -0.3886045 1.1125914 -0.22584052 -1.3763634 -0.9830956 -1.6945902 1.4433243 3.5409377 0.7126901 0.94865525 -0.019583246 0.9417733 -0.93544674 1.299598 -0.52506006 -2.317557 0.8709025 0.358864 -1.5254269 0.5326407 2.2395058 -0.71413475 -3.2703438 -2.3807404 -0.47505042 -1.1058975 0.37652388 1.3491505 0.5962449
apple 0.502396 -0.6893674 0.2679633 1.9186417 -3.2754543 -0.8061897 0.8113731 0.85987234 -0.5217627 -0.5282532 1.0531981 0.578349 -0.34600797 0.043544024 -0.8672 -0.4266452 -0.32167876 0.8768571 -0.9719824 0.3362975 -1.6288683 0.72487026 -0.80866 0.54296833 0.52062947 0.5180701 2.4224896 -0.56941736 -0.10791607 -1.0616593 1.4734877 -3.272292 -1.0039016 -0.568508 -0.64964896 -0.49756756 0.67330414 -2.0183024 0.67045325 -0.6347968 1.3175055 0.2634915 2.8493495 -0.7688584 -0.5431015 0.33295915 1.0725241 0.07515811 -0.9125625 0.614912 -2.12739 0.019214503 -0.522205 -0.04468259 -2.0984619 -2.4236388 -0.66769636 -1.7078664 -0.32616153 -1.2270489 0.55187255 0.09455792 -0.006997818 2.1501658 0.59041023 -0.3341956 -0.9927231 -1.6267067 2.1043854 0.803992 -2.9649456 1.4628187 -2.415865 -2.426737 -1.4884462 -0.6810907 1.3055612 -0.07703351 0.31920308 -2.0606582 -0.8812833 0.4258028 0.10460746 -0.1528322 -0.17119361 0.8182823 0.17292872 0.20920311 1.4126989 1.0666846 0.061075132 -0.80996025 -1.0724045 0.8721928 -3.5493615 0.59067744 -1.1277254 -1.1457363 -0.2977435 1.9278464 0.7484538 2.6429338 0.2713588 0.6392261 -0.65899664 -0.18149585 -1.6391711 -0.09358089 2.9350538 1.1934521 -1.9126472 0.83004504 -2.4073555 -0.032010943 -1.8926532 -1.1525003 0.54209304 0.85307425 0.7605822 0.27275708 -0.005220185 -0.043544255 1.8621254 -0.74764305 -0.65823936 0.50393647 -0.045865923 0.9798679 -0.5477829 1.261965 -0.68283594 -1.0568349 -1.4083004 -0.880963 0.95551443 1.3784332 1.958707 1.1323929 -1.5172707 0.2166419 -0.6532917 -1.4101822 0.24031503 0.015155382 0.27615628 1.2851251 -2.2396092 -1.317404 1.2990947 -1.2378273 -0.06783796 -2.049033 -0.2915326 -1.4759486 0.8124094 -2.3678334 -0.5623127 0.49572894 0.06286562 0.29081795 -0.6541729 1.2234993 -2.5452745 0.6240234 1.6466168 0.25401694 0.04273881 0.5918215 -0.033450786 0.9565207 -2.0294733 -0.6928296 0.29520106 -0.26096517 0.052270923 -1.1112789 -0.40022928 0.22410761 1.7350595 -1.1016805 -1.7234759 0.6514969 -1.2213302 1.7631905 -0.1311345 0.7467094 2.785364 2.2303057 -0.029698726 0.89805424 1.2959332 -0.18892603 -0.48462063 -1.7214348 0.32883948 -3.1037076 1.4772012 -3.3666465 -3.3253877 -2.058612 1.1000808 -0.39974225 1.1830128 0.40214747 0.25798377 0.5261796 0.07630598 -0.5340722 -0.38077226 0.40591604 0.7604412 2.4574223 0.44581884 2.6093678 0.10815351 0.19279689 -0.22090061 -1.069309 1.7144079 -0.28614017 2.5612414 1.1060759 -0.5565251 -1.7685484 0.15425183 -0.8121258 2.0243607 0.4377269 0.932583 -2.9169858 -1.0956459 1.0379869 -1.7290846 1.4423631 0.63396513 -0.5601519 1.5763421 1.4045966 -1.0645398 -1.2977505 -1.3321353 0.1962283 -1.0382588 0.52266973 1.9036701 0.26458117 -1.9494483 -0.30614543 0.4283318 -1.8452485 0.6914456 0.020310167 2.5381823 -1.2946155 -1.5684016 -0.4845775 1.6647708 -0.7525279 0.1475986 -0.24757573 -2.841131 -1.7731493 -1.2286847 1.8522451 -0.9944057 0.92616373 0.12540834 -0.7857965 -0.5541516 -0.5360936 0.15153916 1.8479297 -0.6818375 1.1754141 0.96114856 -0.10560569 -0.4821528 0.7779371 1.9219162 1.4358623 -0.1014448 0.028385334 -0.2034629 -1.1037675 1.7978548 -0.7031006 -1.1421642 -0.58903044 0.8218743 0.3920282 0.32792956 -3.9894383 1.3780603 1.8499342 -1.3132849 -3.258504 -0.13847806 -0.77946347 -1.2336658 -1.4894449
onion -0.23829488 -0.70363015 1.160229 -2.7313888 -1.4585389 -1.4750745 0.050788667 -0.6768418 -0.65537864 -0.9199787 0.83033437 -0.029341435 -0.08317364 0.7113349 -2.9327562 0.61178356 -1.165919 0.37634823 2.1929476 0.02859416 -0.29137266 1.098074 -0.68387747 -1.358239 0.76865554 1.1972988 1.4354676 0.72512627 0.19197378 -1.1658406 -0.10970473 -1.3321041 -0.19422144 -1.2382132 -0.6652651 -0.6280675 -0.933734 -0.063281424 0.7138779 0.10858435 1.1480378 0.7161061 -1.0400273 -0.3777012 0.69483495 -0.2852648 -0.5938599 -1.3536937 -0.776128 0.08441095 0.55268323 -0.36820874 1.2309818 -1.1392882 0.1650729 -0.5194701 -0.52700454 -1.0500089 -0.9609452 0.5654523 1.0750932 -1.7845733 1.3422333 -0.016192723 1.7556803 0.59130514 -3.8545792 -1.7985221 0.8261911 1.8287339 -1.5554832 -1.9427959 -1.0359887 -0.41690707 1.0093412 1.1267362 1.0366209 -1.9998066 -1.2137094 -1.3940103 -1.2605727 0.8181228 -1.0884813 -0.9183773 -0.88282645 -0.64508337 0.3461829 -1.6762654 -0.86622983 0.79719055 -0.90901005 -0.89036554 -0.668764 -1.1133345 -0.20949541 1.3638184 -1.337077 0.27676848 1.7343563 -0.5997146 -0.7310278 0.6744898 -1.3698334 -1.0118444 -0.86470884 0.91824824 0.858441 1.275389 -1.207859 1.0017236 1.0326526 -0.5608271 -0.79064125 0.1788229 -1.3050405 1.3859307 -0.54481846 -0.5777445 0.22045738 -0.6771028 -0.028409714 -0.57974213 0.5382839 1.0588508 -0.37187657 0.45980695 0.69219416 1.8865817 -1.1373284 0.24727222 -1.6925881 -0.33980504 0.47811893 0.4463881 -0.08674264 0.1713481 0.03207037 2.1773589 1.4638517 -0.38277918 2.1703606 0.4015409 0.4958991 0.6074049 1.2795604 2.0984707 -1.3758762 -1.0767097 -0.8450314 -0.112894475 0.45919862 -2.242967 1.0535333 -0.9507291 -2.6825838 -2.875216 -2.5874393 -1.1540829 -2.477087 3.3869383 0.26283443 1.3960884 -0.74452996 2.4236586 -0.630783 0.44547665 0.47032458 0.4973338 0.11772414 2.3197525 -3.556172 0.43699634 1.0704355 2.1733923 1.1032783 0.3806803 -0.0060953707 -0.9837485 0.31717014 -1.9223695 -0.24666218 -0.010477001 -0.8709136 -0.09685118 0.72409946 0.7038611 2.9055548 1.8050666 0.41690665 0.8768669 1.312874 0.71756136 1.222721 0.42288396 0.5001429 0.16629115 -0.41703078 1.1672469 -2.133381 0.18551788 0.9421742 -0.54901093 0.22245821 -1.7988154 1.378454 0.44479167 1.6224158 1.5658872 0.54993385 -0.73903835 0.8443474 -0.11550883 -0.97350127 -0.8069557 -2.228199 1.6641558 -0.23980184 -1.476782 0.29456806 -2.1490989 1.867971 0.9123155 1.1648883 1.1581736 0.57550985 -0.55829847 0.20207407 -0.37945232 -0.9146382 1.1791369 0.44197056 -1.0223461 0.2293604 -0.24887294 2.1789784 1.7035842 -3.1334512 -0.03376948 -0.5270283 0.12408472 0.684344 -0.9603213 0.69358677 0.74016404 0.755344 0.092865475 -0.26917085 -1.0812027 -2.0896225 -1.2684537 -0.1526866 0.56907356 0.08189698 -1.5401813 -0.014498467 -1.3706738 0.5231899 1.3821306 -0.51358 -0.50961566 -1.1483412 -0.20323774 0.19090554 0.95804065 0.06485783 0.9250955 0.18923317 1.8241398 0.19254154 0.31136397 0.23370706 2.3055468 2.1302185 2.4356866 1.0649122 1.0575844 1.5299883 -1.4351095 1.2915186 -0.5844534 -0.4042998 -0.6979812 0.055100318 0.10186395 -0.27918023 1.034421 0.14113462 -2.5164192 -0.96078527 0.13487591 0.73881066 -0.99427897 -1.1563364 0.9479018 -1.8758353 -1.004987 -0.3601779 -0.28802633 -1.8945976 -0.39497298
cheese 0.0016915076 0.6336831 -0.090546675 -0.2171385 -0.9954119 -1.8520184 -0.21849534 -0.5773611 -1.2667058 0.98127604 1.6006715 1.9354869 0.3043179 -0.6466729 -2.5305715 -1.4712176 -1.3957105 -2.0461073 0.1317009 1.643577 -1.8544512 1.2144854 2.318289 1.7465049 -0.19847977 -1.4352499 -1.1757519 -1.1686624 0.47889623 0.09890021 -0.55572945 -1.3353931 2.169539 -1.1924317 -3.7113464 1.526354 2.6233528 -3.0758908 0.69659764 1.015376 0.26744732 1.3891457 -0.5392129 -0.21205911 -1.6035899 1.5772852 -0.034034614 0.6573765 -1.1238781 0.062294364 -0.7831873 0.6881758 -1.1483277 1.1128385 -0.6054385 -0.593555 -0.3289322 -1.8557885 -0.3734237 0.005822601 -1.4246874 0.16108333 -2.579519 1.1044753 1.1590921 -2.729333 -0.945541 -1.3836124 -0.481452 -1.3184539 -0.24084376 0.7823185 -0.38492876 -0.6986294 1.3808092 1.0803415 -0.5059509 -1.354293 1.3989041 -1.2721796 -3.7290256 -1.3233781 -0.64358425 2.3600533 -1.0895841 1.5434945 -2.2403512 0.24599287 1.4008144 0.54744905 -1.4228472 0.12781115 1.2224303 -0.30637273 -0.070211574 -1.1787957 0.032793485 -0.21980418 -0.72439915 1.5423247 -2.0229003 0.036504306 -0.3212298 -0.99247354 0.059911057 1.1752295 -0.71832955 -0.1977238 -1.1725577 -0.11156635 0.78685206 0.05701845 -0.901023 -0.40765885 -4.417177 0.96870387 -1.1515028 0.7856124 1.1669434 1.1871159 0.86068296 -0.31989384 3.02356 1.6271389 0.16943233 -0.29290456 1.765826 1.3633931 -1.2077457 0.37558997 0.8987685 0.7553519 2.7907257 -0.99227756 0.97113395 -0.7215419 -0.65589523 0.958494 -2.425372 2.556834 -0.011118985 -1.947913 -1.5757538 -0.56052613 1.1909248 -0.063891195 0.4330627 -0.67995155 -1.0859557 1.0342332 0.24643762 0.19329083 0.79398227 -1.3741635 1.3041838 -1.4905131 -1.1416813 -2.6119168 0.43105656 0.61637676 -0.878713 0.9534316 -2.3287702 0.50318336 -0.16107641 2.1824863 0.010991225 0.9821159 3.6398547 1.6531442 -1.3568609 -1.9601496 -1.1272714 1.1820726 1.5949211 0.41186553 0.3118566 0.8300833 0.76451206 -0.6895187 -1.9932281 0.38034132 -4.3097177 -1.4020443 2.5228581 0.31412646 1.3012463 0.11817484 2.2093954 0.17084026 2.6200843 -0.4006697 1.3877487 0.7074288 -1.0727078 0.9654933 2.2245111 0.026193868 -0.5967413 0.5103594 1.0715578 -1.442292 1.3371116 -1.5331373 0.2589931 0.35781717 0.060687326 2.5438507 0.1406125 -0.0771234 -0.53888 0.82382894 2.3265996 0.80263567 -3.2256448 -0.85380197 -0.11607657 -0.44532707 1.2375196 1.9150454 2.1818218 1.1480619 -0.2543986 -3.003019 -1.6169211 -0.11385982 0.07927279 2.303866 2.4074216 1.0191106 0.28918925 -0.8381691 0.33151028 -1.2176989 -1.8268847 -0.06232129 0.54390514 0.8025227 -0.9953826 -0.96446145 -1.5430902 -3.026758 -1.3473808 0.83204883 -0.3392352 0.08860986 -0.5432371 -1.162245 -1.536849 -0.4688433 0.8877178 -0.061897844 0.75285083 -0.7452452 -1.7413439 -0.8918756 -0.6972112 0.36244196 1.6292311 0.5944446 -1.413297 -0.9321346 1.5998075 -0.9717568 0.90709007 2.7842054 0.31857577 0.5545813 -0.110589705 -0.7134438 -1.5758089 0.5438655 2.8023446 -1.4780235 2.480236 -0.0012488437 -0.8837934 -1.6423367 0.8612215 0.8203764 -0.95421094 0.7291218 0.13721295 0.7097583 -0.7470908 -0.48619398 2.8514924 -2.1468215 0.43533143 -1.714345 2.048646 -1.9637678 0.97473466 -0.68289447 -0.7884447 1.047553 0.5718931 1.5530642 0.20045128 -1.6429727
incense -0.6881757 0.17053021 0.3443241 -4.1369567 -0.84561944 0.24056229 0.3910892 1.0065467 1.2521982 -1.0999346 0.35938507 0.9334835 -0.075243 -0.85197926 -1.1052221 -0.4085766 0.3928063 0.9538509 -0.094709426 -1.3675957 1.0567346 -0.1233372 -0.40059298 0.3750951 -0.012099946 -0.5565636 2.4336479 -0.28053743 1.7292107 0.052836735 -0.8305104 0.64332944 -1.1123008 0.4632261 -0.023748787 1.5792716 1.6933718 -1.6467289 0.5681282 1.4878255 1.718462 0.06608058 -0.6187409 -1.9909389 0.49471793 -0.7979807 0.03918505 -1.6183046 -1.1303836 -0.2655014 0.58351004 -1.7465018 -2.3755827 -2.180514 0.08228704 -1.6595954 2.2053714 0.3595862 2.1077416 -0.58217174 0.68897516 0.8049694 0.40662447 -0.50957125 -0.069449864 1.6761152 0.238306 0.7612883 0.26124007 -0.9759666 -2.1485112 0.36465552 -0.1636696 -0.28424186 0.27080473 1.9513973 -0.064101316 -0.4094653 0.70215565 -1.1277626 0.36316296 1.0256485 -0.71073574 2.176279 -0.15082017 0.2897089 1.4285065 -0.13080736 0.8349161 0.99315834 -0.5780297 -0.6395445 0.9983284 -0.2626829 -1.8005376 0.16507934 0.4758027 -0.22502312 1.1822406 0.5379712 -0.73946935 0.6523116 0.83083445 -1.0652978 0.33550704 -0.4296445 -2.62694 0.20958844 -0.17723906 0.18643203 0.0062941313 0.694825 -0.64674145 -0.2789373 0.29392928 0.35019863 -0.21585047 0.41549057 1.2412784 0.056887593 0.17862386 -0.16077955 0.5017636 0.9793056 -0.021784721 1.040099 -1.2323085 -1.3309224 -0.27168125 -1.6016473 0.2898174 -0.22486947 0.123856045 0.26961806 1.055496 -0.39844614 -0.29516938 -0.9883259 0.55710775 0.30261773 -0.4465889 -1.0150905 0.17874609 0.37544554 -3.4690166 -1.7146575 -0.2037576 -1.236277 -0.51417047 -1.8198218 1.161271 -0.6977927 -1.8294016 -1.4051251 0.55860466 -0.4089008 -0.38915348 -1.1958612 -0.4435824 1.041528 -0.5337351 0.7181932 -0.16728641 -0.24452657 -0.30853346 -0.51207435 1.0595489 -2.9036508 -0.2212176 1.0687218 0.97254616 -0.5571508 0.4104851 -1.0522332 1.1899306 2.0298164 -2.668811 0.72155225 1.0352126 0.1758194 0.68178016 0.012111328 2.6549716 1.5477597 -0.4056451 0.03236487 3.9109385 2.181179 1.9610311 -0.54133946 0.500114 -0.035842102 0.3872626 -1.8494644 -0.93637127 -1.8982455 -0.553542 -0.34082356 -3.24315 -1.4490051 1.7670991 0.8211855 1.1053796 -2.028682 1.1228409 1.2649004 -0.9472008 -1.8399532 -1.3659257 1.9637375 -0.6659087 0.3178968 0.029492147 0.05504505 -0.69215435 0.9298526 0.26369834 1.4245254 2.0385418 -0.734573 -0.10791448 0.20886219 1.83028 2.0735624 -1.2230046 0.9445476 -1.5607011 -3.2613099 0.9125955 -0.41227594 2.5836098 -1.1182878 0.61551577 0.22299936 -0.9179345 -0.922855 0.54597884 -1.6734972 -1.5203348 -0.61251754 1.941291 -0.23701316 0.14942557 -0.9469392 1.8538283 0.26368177 -0.5585506 -1.4967124 -1.2969878 0.62785596 -1.1148473 -1.6851108 0.2774193 -0.7013122 -0.7811842 -1.5136294 1.8780943 1.5419744 0.56549466 -1.4743452 1.0841273 -1.9560893 1.7371854 1.3108755 0.631179 1.4728656 0.25772372 -0.35311717 -0.37654355 1.4750376 -2.2126744 0.89499235 0.2993428 0.35573623 0.4538192 1.9501748 -0.94483614 0.60416985 1.9432533 -0.6078448 1.443137 1.102277 -0.03632282 -0.22302005 1.3019738 -0.26371858 3.6719992 -0.35408702 -1.9029397 -0.8774079 1.9922948 -0.18210483 -1.3067801 -0.4039792 -1.3900647 0.61923784 0.90448475 -0.93059224 -0.078224935 1.1436185
cinnamon 0.8061386 -0.3517204 1.0467504 -1.0126007 -0.2731625 -0.20449564 1.5506504 1.292602 1.2817099 0.7036935 0.7108506 -0.16400968 -1.0700794 0.04975442 -2.2680745 1.3407325 -0.18273988 -2.194779 -0.549685 1.4618865 -0.7667906 0.7289069 -1.2932675 0.4008827 1.2870507 0.8258728 0.8863998 1.3903016 1.0429958 0.57425773 0.2757488 0.0060548726 1.0236022 -1.4124792 0.46753326 -2.0071983 -0.34243935 -0.9368642 0.5359848 2.2779257 1.8431891 -0.84142274 -0.19160904 -2.233098 0.22302842 0.5647491 -1.6186856 0.65705323 -2.0711741 -1.3483036 0.2263517 -1.1914042 1.4766086 -0.6180577 -0.14874174 -1.9866537 1.1987728 -0.23704824 -1.0234336 1.2206702 0.48128247 -1.2288756 0.47230986 0.841896 1.6846567 -0.1430499 1.3742664 1.7255213 0.1802847 1.9381768 0.3066766 2.304981 0.3059152 -1.2302516 -2.3420959 1.7882081 0.021674905 0.11118604 0.2672995 -1.3233283 -0.4118269 0.2721978 1.8384324 2.8241131 0.06571447 0.9478942 -0.0342638 -0.2636909 -0.76549995 1.5184255 0.85739374 0.19069102 -1.1273946 -0.76695997 -1.1236999 -0.29059616 0.787858 -1.2281085 0.9796574 1.280728 -0.7168025 0.43681806 0.0076762587 0.69131 1.525016 -0.7220288 -1.3861365 0.18825069 -0.2801579 -0.56074196 0.17941022 1.8224766 -2.7246618 -0.6827158 -1.350156 2.3904264 0.34434646 3.0488315 -0.589284 1.8323439 -0.14050391 0.29597044 0.79429156 -1.2542373 -0.51831615 1.1379443 -1.1548713 -0.42154053 -1.5603148 1.5934936 1.0673269 -0.2853915 0.6168031 -1.3030291 0.30513582 -1.9545393 -0.84818166 -1.4077796 -1.5435784 0.9674675 -0.07146361 -1.4235499 0.27450225 0.72218454 -0.6829742 -0.31466618 -0.028891735 0.65590036 2.3705564 -2.5883765 0.37598383 0.0979957 -0.55496854 -1.1541259 -0.28172338 -3.3724918 -0.95655394 1.1213193 0.9096603 2.3041384 -0.58615553 0.5611811 -1.3626187 3.2817082 0.6017517 0.5766992 0.039584044 0.6858385 0.69772285 1.8754481 -2.2799501 -0.6072656 -0.7559819 2.196956 2.7168028 -1.0306082 -1.0335813 0.6307196 1.5712729 -0.95246834 -2.1215725 -0.17534295 1.4660032 1.034279 -0.14011034 0.14597745 2.329149 -1.0074732 -1.1369275 -1.1672184 0.27648938 0.5646024 0.6518977 -1.0156102 0.024749154 -0.5301017 0.4973592 -1.9409889 -2.141284 -2.535758 0.85888803 -1.5521536 0.7032327 -0.67263615 0.5737823 0.96124077 0.3529679 0.18865225 -0.89520234 0.5079382 -0.13592103 0.62298936 -0.33191505 -1.4297514 -0.7694346 -2.0330796 1.0586317 0.046380885 0.120317295 -1.1023706 1.0486664 -0.57199824 0.030241195 0.67237717 0.39457732 0.98266214 -2.4311826 1.0778495 -1.1442701 -2.1343882 1.7457005 0.5120784 -0.6247323 -1.2310482 -0.6669518 -1.2753569 0.21452971 -0.6615654 0.3356588 -1.8500695 0.17966467 -0.008645733 0.6626318 0.2647399 0.24862516 0.4300927 -0.43912548 0.82284284 -1.4821181 0.4448635 0.36322495 0.33913615 0.9021123 -1.917181 -1.6405618 -0.7107397 1.6887143 1.146099 0.9137522 -0.36585322 1.7212561 -0.7582433 0.010613154 0.7150887 -1.414539 1.8842378 0.44034034 -0.78042305 0.81831115 -1.7458415 -0.08049041 -0.07667314 -0.36687583 -0.014476269 -0.13840617 -0.5290656 -0.2085993 -1.3264971 -0.4950293 0.8400354 -1.01452 0.95855725 0.5944919 -0.588427 0.71484405 2.2657852 2.5269206 0.5300446 -2.0643957 -0.59375745 -0.09990761 -2.9024894 -0.55626893 0.9039609 -2.082432 0.3855309 0.75785834 0.40336555 -1.2286286 1.7546225
lemon -1.2591522 1.1123418 -0.6968652 0.10382405 -1.971016 -2.1909602 -0.118145116 1.4655249 0.3408132 0.37965325 0.74067074 -1.0602655 -2.0219254 0.4360366 -2.3963013 0.30790195 -0.5311427 -0.52229 -1.8925183 -1.154481 -0.4821974 1.8542236 -0.7069381 1.0315441 2.4889224 0.50794214 0.43412405 0.592076 1.3826513 1.5208288 -0.12541363 0.2390305 -0.5243095 -1.1098001 0.04259318 -0.66110134 -0.1985604 -2.9848156 0.61480767 2.066242 1.616577 -0.06257105 1.5924914 1.0044827 0.37869388 -1.1515374 -0.63225615 -0.4834185 -1.2520145 1.0332102 -0.13261652 -0.8807311 0.7166532 1.0980897 0.4240499 -1.3473992 0.37336466 -0.9379248 0.3427479 -0.06967405 0.08437742 0.98133546 0.7654055 -0.27135253 0.74484426 -2.0720468 0.44825 0.0446855 1.560779 -1.4035356 -1.691919 0.22308113 0.94067764 -3.0290434 -0.8068191 0.0029654347 0.23359908 -1.0890608 0.009437006 -1.1917992 -0.4764956 -0.098322704 -0.4806415 -0.057717837 0.09970509 -0.46772763 -1.1860181 0.16285242 -0.20184459 1.2595232 0.9713102 -0.9959663 -1.7521746 -0.6440466 0.8295673 -0.004529938 -0.3290364 -2.7047517 -0.39819446 0.6738047 -1.0679625 0.71945846 0.73987806 0.48808968 -0.9128729 1.1774684 -0.073868975 1.2439338 -2.4239433 -0.56976557 -1.2132976 1.8609796 -0.7556434 -1.7835325 -2.1519468 -0.77296156 0.7883275 0.7940004 -0.7481569 -0.6228627 1.4850476 -0.23840678 0.72886246 -0.6173099 -0.49108583 0.9869173 -1.7861058 0.10921063 -3.4289286 1.3386387 0.056648355 -0.09256732 0.40977907 -1.1336483 -0.5322861 -0.97997016 -0.45762196 -1.0268911 -2.359113 -1.4840134 -1.1840779 -2.7003095 -0.83592325 0.8804247 -1.5825608 -1.9391745 -1.1022518 0.6208176 -0.61414653 0.8413766 0.6427 -0.08857108 2.3745685 -2.0236034 -0.94607884 -0.30359814 1.0078958 -1.1050601 -0.06544599 1.7651033 0.20508854 0.12589663 -0.37351987 3.619219 -0.66082484 0.33656588 0.7230686 -0.30230784 -1.2472239 0.6502603 -1.53298 0.48370838 0.67208654 0.89345145 0.37202233 -0.61668885 -0.52028865 -0.53991914 0.73697406 -1.9943712 -0.76408094 0.7172227 -0.76303387 -0.020357331 0.3309071 0.7869143 0.35538754 0.102298476 0.04369718 -0.15678303 -0.14946897 0.55329317 -0.9114533 -2.2814045 0.79300153 -0.44895595 0.050605576 -0.81625813 -1.4886011 -0.6243265 1.1299515 0.5735795 -0.85893816 -0.81557703 1.3540276 1.3081391 -1.0389282 0.10330434 0.09225919 -0.08853324 1.0086358 1.2893714 0.011380844 1.0722575 -1.3820208 1.6083035 0.117137134 0.26603088 1.8230318 -2.0429688 1.0350226 0.0351642 0.52525693 -0.0153056905 0.83227533 1.8778834 -0.5492582 0.89436764 0.36956552 1.3584309 -1.6639107 0.66825473 0.1310336 0.03805069 -0.44220573 -0.67556465 1.9737366 -0.0193822 -0.31668222 1.1492227 -0.6498669 -1.3998023 1.7226588 0.33551002 -0.4182851 -0.10561205 0.12013746 -2.132568 -1.4934202 0.3662996 -0.46809605 -1.1084545 1.0306363 -0.33777636 0.6373024 -2.232144 0.6197678 -0.13659614 -1.242043 -0.0249965 1.7409086 0.89237505 -1.0724728 -0.9988562 -0.8734891 1.4379559 -0.9718786 -0.37401262 1.2774844 1.1642357 2.8735387 1.5480344 2.2516477 -0.70762044 -0.6914906 0.14512481 0.820611 -1.9162614 -0.42959866 -0.21564412 -0.05213172 0.44752082 1.2557867 0.6832518 2.0539036 0.71201366 -0.293528 -0.120440304 -1.0429541 -0.83700126 0.9822478 -3.9099174 0.51137465 -0.94732845 -2.1873093 -0.38696158 0.26937026 0.28482956 -1.0101796 -0.113238834
tobacco 0.16201548 -0.1621929 0.10347721 -1.2568082 -0.16544208 -0.87182814 0.8445176 1.0659156 1.283764 -2.002408 -1.0857605 0.4836503 -0.77791446 -2.8714771 -0.20963448 -0.15101749 -0.0779148 -0.36277607 0.10985232 0.6648246 0.31427747 1.0650467 0.58729786 -0.65090305 -0.053847823 0.5755168 -1.1226265 0.9311336 1.7879077 -0.13767985 -0.24119934 -0.08339074 0.38281718 1.7211902 -0.85844284 0.5777652 0.56692207 -1.9392734 0.30957687 1.9193592 -0.28012127 1.4748677 0.3451215 -1.3810035 0.35708532 -0.72556597 -2.620102 0.5112682 0.17551328 -0.4460291 0.7889341 -0.21901277 -1.4995253 -0.38217428 0.28899792 -1.0949428 1.89783 0.39693853 1.1040978 1.7418174 -1.3222615 1.3752555 -1.6651622 0.9802697 1.197766 0.31748447 0.58167017 -0.43876812 -0.1527264 0.3348525 0.37431732 0.30319992 -1.3177531 1.2398832 -0.92983145 1.1422378 0.026743097 -0.8879018 -0.85726273 1.6910223 -1.7194245 1.8264935 -0.075723566 -1.1769885 2.6132648 1.2789373 0.6985475 -0.32104188 0.673042 0.19699195 -1.3339933 -0.874865 3.029207 -1.0435865 -2.0494182 -1.153828 -0.9413802 -0.5248231 1.7527033 0.49458545 -1.7910302 0.72329175 0.6256485 0.23196895 -0.67501706 1.0008255 -2.2613943 -0.49209532 0.23440099 -0.0850881 -1.2264911 -0.56863683 -1.0575454 0.4430989 0.27133802 1.9996618 -0.014384462 0.26299718 0.8517536 -0.12554067 0.38743642 0.421662 1.0801868 1.9579022 -1.2234054 0.19946125 -1.988362 -1.8075244 -0.12703186 1.3264319 1.0435829 -2.5969076 0.4765414 0.4593712 1.2276971 -1.6920239 -0.86012536 0.03392406 -0.13546416 -1.1628087 -1.1038617 -0.9027694 -0.28606197 0.01071995 -1.1470677 -3.0894578 1.1938436 1.34216 -0.14167595 -0.123328075 0.14591768 0.5797734 0.28683278 -1.314577 0.1941818 -0.3445867 -0.9188623 0.558097 -0.6033396 1.0251429 -0.7715081 0.011432851 -2.6781702 1.4841366 -0.42733184 3.3910196 -1.3466063 -2.5463424 0.40984762 0.6166847 0.25327015 -0.61066294 1.5994457 0.051882427 0.0032613806 1.2607267 1.1861551 -0.32590944 0.06649969 0.5512233 2.2387273 -0.12779266 -0.3898666 0.24721964 -0.511989 -0.092663206 1.6544544 2.029641 1.2155819 -0.93505013 0.73989016 0.612262 -0.421964 -0.33879796 0.15328969 -0.67930365 2.7720873 -1.976246 -2.5675974 0.96107733 1.9919847 -0.09909511 1.5869677 -2.5287824 1.3610158 0.9796205 0.93674344 1.9434452 -0.47219354 -0.17060134 -0.56159425 0.8279283 0.02427017 1.2001115 -2.4606102 -0.7674462 1.7357286 1.842938 -0.30250356 -2.0152075 1.8201686 0.6855101 0.8822462 -0.5363798 -2.3371284 -0.36310703 -1.5367038 -0.7205944 1.447673 -1.0524493 -0.39210212 -1.2927971 0.057036027 -1.3088666 2.306302 -1.7396034 0.7750723 -0.8594155 1.0309656 -0.41101274 0.26003703 0.6554527 0.4619644 0.25182265 -1.4639927 1.487908 -0.9432146 0.55457044 -2.7610238 -0.17460774 0.40777755 -0.37293667 -1.7406738 -0.30858657 -0.3203363 -1.448264 -0.75048155 2.0704105 0.36500674 1.2075324 0.55545443 -0.28413078 1.1073875 2.152819 -0.6907765 0.7300712 0.018674076 0.113112904 2.013359 1.0456756 -1.7441754 -0.1575367 -0.57482994 1.3390082 0.941595 1.2338413 0.07970333 1.8564459 -1.0623554 0.47388512 1.3685709 0.38372782 0.24130957 -0.21630865 -0.8764606 0.12818348 0.643821 -0.33022994 -0.21486627 1.6920654 0.4836598 -2.0037398 -0.8058185 -1.1031268 -2.1553752 0.34785038 -0.60990065 -0.33775693 -1.357899 -0.033859596
orange -1.708171 0.9653946 1.3217496 0.30619976 -3.3491068 -2.5029824 1.5397778 0.306266 -0.5807371 0.48692226 -1.1741765 1.1610783 -0.8522275 0.64857864 -1.7650127 -1.5514492 0.42941934 0.07685197 -0.2406472 -0.71738017 0.94503397 0.51876175 -1.9744986 0.3120683 0.7361666 -0.5715893 -0.14502591 -2.5620375 0.72148657 0.97970027 -1.3238021 0.58751917 0.2405342 0.9291656 0.44592777 -1.1944405 1.0407732 -2.0972087 -1.5831517 -0.34900343 0.9021434 -0.18959989 1.0275146 0.093868345 -0.1930416 -0.517752 -0.66845936 0.24697208 -0.19136591 0.094839334 1.2628269 0.6285857 0.95997405 -0.15825674 0.64107096 2.0325077 3.2930186 -0.8558636 0.6645426 -1.3450422 -1.289962 0.84662443 -0.8339985 0.64393365 1.1642989 -2.8500023 -1.7345113 -0.27820677 0.7375453 -0.011497759 0.1972471 1.113285 1.5525237 -3.827574 -1.9075696 1.2002159 -0.9042378 -3.271434 0.2008574 -1.6741648 0.93927103 -0.12640606 0.7955989 1.5093201 0.89803797 -1.445918 1.6414379 -1.3569462 -0.023573436 -0.093579665 1.3934929 -1.0767635 0.48635885 -1.3981962 -1.2226528 -2.1357558 -0.9973151 -0.43761694 -0.688939 0.7240816 0.042516757 0.812597 1.3163946 0.80860615 2.2543478 0.7804777 -1.4481919 0.5557288 -1.262215 -1.1396966 1.9705584 -0.022297375 -0.66707236 -1.0112278 0.022587018 -0.9393249 0.3450143 1.7763137 0.26691994 0.57401913 -0.7471295 -0.98585284 0.40951285 -1.536709 0.35319424 0.01917714 0.8016844 -0.32896057 -2.9189487 1.4588913 1.6947962 -0.7071435 -2.0144608 0.5182671 -0.122899994 -1.246942 0.30247042 -1.0028735 0.65828073 0.45604432 -0.7426397 -0.39537653 -0.15800963 0.09791843 -0.30341905 -0.68507546 0.20114575 -0.873958 -1.0619328 0.667074 1.3753618 0.6171311 -0.35100275 -1.6265824 0.9148436 1.325426 0.46687132 1.7406791 -0.053770814 0.6494212 1.3698754 -0.70912516 -1.5487815 0.56204385 -0.32906872 0.3313136 -0.7013965 1.7145625 0.2708705 -0.60132444 -1.1984341 0.661052 -0.032214824 0.89837486 1.152725 -1.8028879 -1.6136107 -0.67184 -0.8312424 -2.7610347 0.24907866 0.18782376 -0.94348943 2.1435325 1.0881976 1.8034707 0.42041337 0.6665066 -1.417811 -0.19183744 0.3213497 1.4895221 0.62120605 -0.79576504 1.5209402 0.117571436 1.6939403 -2.0971222 -1.8346862 -0.38532075 0.73146635 -0.24232453 2.6530282 -1.4911618 1.9196985 -1.2137475 -0.9726882 2.1060073 1.118708 0.23536506 1.3350596 1.9438422 1.0163575 0.25696826 -0.17577927 0.41653606 0.93533033 0.17247258 0.8976193 -0.014989678 1.0645152 0.012592421 1.0398903 0.19708467 0.61632293 1.7685026 -2.4757285 1.4211782 -0.60862285 1.987168 -1.0809011 0.27211827 -1.3341587 -1.094165 -1.8938032 2.1828926 0.49605885 -0.36230937 -1.6293383 -0.49675554 -0.4683846 -1.4187127 1.4796227 -1.3191649 -0.9300158 -1.6552504 0.41044626 0.7789392 -1.1833503 0.13619582 0.69135547 0.73481977 1.489594 0.59039295 -3.823732 -2.6772053 1.3879361 -0.3508143 -1.1775454 0.66396755 1.4011855 -1.6501684 1.1550094 -0.06883396 -2.5512714 -0.4238489 2.8392947 0.010186715 -0.33915302 1.0079654 -0.87183845 -0.94047093 1.1745976 0.91234213 0.9184973 1.752105 -2.0414498 -0.8976866 1.6689688 -0.23722887 -0.39396638 -0.043496262 1.759407 -1.3924636 -0.28890213 2.0583801 -1.3761413 0.909664 -0.78628933 -0.027323527 -0.6984918 -4.124437 -0.6967399 0.7491445 -0.4039042 -2.2123952 0.88899213 -0.22224538 0.0019629137 -0.0219812
egg -1.4183248 -1.121935 0.7867344 0.24174117 -1.4634182 1.2492021 0.21040194 0.3309149 -2.3134465 -0.6934241 0.13929869 -1.63782 0.8791524 1.2753776 -1.5227481 0.010540065 -0.9127539 1.226228 -0.4164522 -0.7513137 2.1331108 -0.26233584 -0.687879 -1.581926 2.3480425 0.28209716 -0.81023693 -0.31637612 -0.19046347 -1.2180754 1.7469913 0.5987958 1.2511342 -1.8616537 -1.845971 -0.49938622 -0.25486416 -0.11815553 -2.21519 -1.1960175 -0.62299836 -0.52311355 0.35933658 0.2963389 0.07601183 0.5401303 -1.5357456 -0.5627622 -1.0939927 2.518145 2.4981363 0.06819075 0.77594584 -0.3057824 -2.0711362 0.3133692 -0.8337097 -2.0207968 2.1989243 -1.9038409 -1.8770218 -0.9902724 -0.5689628 -1.4939246 0.8058142 -1.2433453 -1.4671087 1.3821906 0.6108708 0.11081555 -0.39406395 -1.4215629 -0.4755581 -1.5673263 -1.4846218 0.7793811 -1.178346 1.8227466 0.115694426 0.6793489 -0.8585202 0.6394309 -0.0970785 0.47666246 -1.5546734 0.0849479 -1.4656986 -1.002624 -2.2431765 0.060848325 -1.4543866 1.4724007 0.093536034 -2.4260902 -1.8141863 -0.4296676 -1.466184 1.5361263 -0.54414105 -1.138805 1.7650596 -0.3934736 -0.31248575 -0.40433115 0.95004666 -0.12263275 -0.93089926 1.0402505 -0.42301002 0.07852063 -0.22796923 -3.8681698 -2.0719347 -0.40149355 0.23493068 2.092087 0.5423783 -1.1190372 -0.5759422 1.9110333 -2.3884695 -0.89928204 2.5571368 -1.3415917 -1.9625106 0.34096172 3.5361924 2.560132 -2.3434813 1.414921 -1.0556006 2.4580064 1.5733103 -0.7671228 2.0846243 0.8554793 2.4149551 1.2168577 -0.40194005 0.6052233 1.1640037 0.08469455 -0.77956986 -0.2752453 1.5709015 1.3567629 -0.6120187 1.423181 -0.38772345 0.43490925 -1.1083075 -1.4709411 -1.223029 1.7777267 1.1260955 -2.0607843 -0.766835 -1.0193764 -0.20071909 -1.1547887 0.73169535 1.2281975 -3.9959655 0.83635944 -1.1524782 0.8153006 -1.8633711 -1.2723399 -1.0253912 0.3907043 -0.044124175 0.5969175 0.45530736 -1.1391865 -0.3704041 0.20967264 -1.2606926 0.90275633 -0.40547055 0.19646753 -0.5388528 -0.5231719 -3.6562567 -1.4214858 -1.2739159 1.6958953 1.3120557 1.2898412 1.4340615 -2.205914 2.4470387 -1.6667981 0.85525626 -1.5767267 0.8451448 -0.8622625 1.369259 -0.84405637 -0.040795222 -1.8095732 -0.29282618 -1.0685744 1.7871748 0.11478545 1.4924449 -0.37910733 -1.5100112 1.4740354 -0.26784495 -0.7211602 -1.034803 -0.45296472 0.12079118 0.49369386 -0.28135848 1.0227728 -0.55894214 -0.15774177 1.1218771 0.6287338 0.017637612 -1.2859113 0.51236457 -1.8340412 -0.6643463 0.7198269 0.19751124 2.0915926 -0.07888812 0.89059407 1.6511627 0.9864109 -1.0443468 -0.71155536 1.2212892 -0.6591042 1.192598 3.5517447 -0.0204576 -0.17553166 -1.8948821 -1.8759605 1.4531205 -0.45773655 -0.38204876 1.5172861 1.1166372 -1.4224441 1.4596585 -0.58199793 0.8812518 -0.065528326 1.0736371 -1.9905069 -0.3320811 -2.0091076 0.2461632 1.854849 1.5785086 0.06659743 -1.063957 -1.0587453 -1.7721941 1.2503498 -0.3421367 0.28669977 -1.2623829 -0.96518636 -0.61700577 -2.0386784 -0.7057757 1.5648329 0.7675364 -0.31291005 0.47139445 0.12962909 -0.5957151 -0.6171602 1.0159833 -1.8413868 0.3700398 -0.6643826 1.4486414 1.9396751 -1.7318037 -0.1192108 0.8781405 0.27995378 2.188632 1.0087539 3.9459534 0.21160747 1.9018908 0.63788843 -0.3438639 -0.42164046 0.08219006 -1.0140887 -0.5045336 -0.045634102
vanilla -1.0965389 1.7144068 0.42503294 1.394119 -1.8217663 1.2271208 -1.0327556 0.8028398 1.6614369 0.9210914 -1.3031653 1.1079863 0.7544246 0.34340084 -1.6791879 -1.4164611 0.7854562 -0.0452058 -1.8976121 0.034630176 -1.2049543 0.8535733 -0.0053307293 0.27299643 1.1315466 -0.7442553 0.55659705 -0.28023204 0.14492948 0.9374448 0.35110652 0.53946525 1.3166142 -0.045062833 -1.0651071 -0.7211763 -0.14125624 -2.2728846 -0.79029673 -0.5714688 0.6039068 -0.20862903 0.5762651 -0.6922739 0.6337863 0.3440903 -0.7473215 1.9328276 -1.1064566 -0.28697875 -1.2481774 -2.0829747 1.338368 -1.1668072 -1.1220202 -0.90260375 0.3268602 -0.953557 -0.4198141 0.23502186 0.24938796 -0.24506335 -0.9996866 -0.5652216 0.37195125 -0.43818802 -0.20660846 -0.45025095 1.3484888 0.10867836 0.82143915 1.5805763 1.6282103 -1.2574055 -1.6737585 0.06158799 0.12649632 1.4344331 1.2528207 0.09052017 -0.3459399 0.5329795 1.97841 3.3770282 -1.6489267 -0.032914795 1.684543 -0.7624484 -0.807429 1.2021205 -0.07588494 -1.3731853 -2.4108765 -0.43836594 -1.2247713 0.04265945 0.39750415 -1.1191305 -0.15916301 2.1764235 -1.3441666 1.5509424 0.84341025 -0.82059515 -0.06813769 -1.5264643 -0.5404062 0.07701646 -0.79345864 -2.3382366 1.0431769 2.310336 -2.9764714 0.6549251 0.1867715 1.8692689 -0.67181605 1.4166757 -0.19009194 0.261702 -0.13780122 -0.19757189 -0.0791512 1.0162481 -2.286507 0.48441938 -1.3152318 -1.9886084 -1.3013756 1.1439543 -0.9235152 0.66568816 0.03144516 0.40684 -0.3678784 -0.19004327 -1.3047708 -0.17524138 -2.1267169 0.71700674 -0.42833436 -2.5261753 -0.39374965 0.057538923 -1.258881 -1.4392577 -0.0026797643 0.78448427 -0.45440197 -2.7518215 1.2017039 -0.62597305 -0.7009984 -2.637279 1.2038101 -1.2797294 0.342386 0.54673845 -0.1373544 2.0610368 0.30401084 -0.13719663 -0.77943766 0.19901076 1.5105013 0.9445626 -0.16337454 -0.34332246 0.5337992 0.525259 -0.024633467 -0.33019656 0.87831163 2.1456637 2.0160866 0.7464201 0.47520423 -1.5309603 -0.4363635 -1.0378529 -0.9097669 1.2283739 1.1272335 1.422707 -0.8208136 -0.94439775 2.2305114 0.7501805 -0.4717449 0.10322763 2.1613905 0.07200086 -0.1354107 -0.9989769 -1.8409445 -0.69386 0.6688931 -1.4557588 -2.3885787 -0.3891038 -0.022941146 -0.7604999 0.2862695 -0.8604408 -0.6583713 1.4169514 0.18315117 0.37773857 0.3341373 -0.13247028 1.3125999 -0.9514038 -1.8360873 0.8254213 0.33784226 -0.49860343 3.3692575 0.7701414 0.806776 -0.562583 1.774034 -0.91204524 0.26855597 0.99087363 0.6045157 0.20445201 -2.315835 0.734796 0.71709704 -1.4679284 -0.17473476 1.2296861 -1.0350521 -0.02395477 -1.0370742 -0.81107265 -0.36540762 -0.84860516 -0.42006806 -1.3176315 -0.5330063 -1.5255276 -0.39271194 -0.28719628 -0.7761566 1.349908 -0.12007609 -2.2831507 -1.4992101 -0.3807996 0.7600633 0.21371317 2.1366603 -0.73581296 -1.0326434 -1.0746832 -0.6664153 0.99290496 0.022610582 -0.28272378 1.0337906 -1.193307 0.8408692 1.1865752 -1.1354024 2.772469 -0.8673071 -0.049046747 0.9857234 -0.100176126 -0.19157588 1.3628095 -0.056679644 -0.06234215 1.2919848 -0.57395256 0.14412045 1.9550575 1.0777273 -1.2201346 0.3156262 0.98134524 0.73627025 -0.5172365 -0.19648506 0.1523225 0.80635476 -1.316471 -2.165632 -1.3474807 0.15632685 -2.0558698 -1.9510232 1.2647727 -2.7075071 -1.1163092 -1.5344124 0.12403672 0.43508995 -0.21519886
gasoline 1.2299254 0.46609002 0.0049261185 -1.552857 0.6744162 0.60896236 -0.9679331 -0.61452633 0.35750526 -0.71916956 -0.7139377 0.6422468 1.6406093 0.06980069 0.15160064 0.9150544 -0.40898037 -0.13538426 -0.57198143 -1.1710837 -1.0782108 0.8489341 -1.0778989 0.22561647 -0.2973983 1.3908027 2.1358852 0.43541253 0.5324865 -0.8889559 -0.41656092 -0.39391366 0.29493344 0.6604729 0.28173003 -1.5802193 -0.08557423 -1.7361363 -0.2756409 2.7173288 0.30131447 1.0919993 0.8303668 -0.5350863 2.2482917 -1.8108573 0.21511284 0.5760808 -2.012971 -0.8209173 2.0096397 -0.5803872 -0.5103852 -1.0910895 0.2443917 1.9903342 0.33013654 0.19126852 1.7996322 0.053233594 0.838701 -1.1901292 -1.1303815 1.5175992 0.056390636 0.100502566 -0.61761063 1.4087682 0.9366627 -1.302668 0.67667913 -0.65644044 0.08714833 1.0781248 -0.95211166 -0.0067743384 -0.1773079 -2.021037 -1.546589 0.37467813 -2.2035582 3.0289302 -0.5613623 1.8786561 1.3649069 -0.31987345 -0.25553012 1.2579353 0.8660936 1.2058738 -0.6238427 -0.3141119 0.5526591 0.22881222 0.99746907 0.14232685 -0.8857482 1.6465269 0.3680326 -1.5399915 0.1828747 0.66522104 -2.6989477 0.5317513 -0.37460688 0.28045142 -0.506564 -0.6444479 0.569691 -0.05097119 0.025764573 0.0023445592 0.625013 0.10140405 -1.1354021 -1.3963008 0.28714913 -0.47209612 -0.89932156 1.0499291 -0.308553 0.8350079 -1.2273998 0.12083257 0.8658769 0.018000871 -0.92624223 -2.118053 -1.0442029 -1.5129462 -0.53703326 -0.2888804 -1.2668849 -0.6401523 0.60750264 -2.1347308 0.12297362 1.4532585 1.1729076 0.275997 0.08012394 1.0782582 -1.1122642 1.7002054 -0.14078248 1.3244004 -0.05639159 -0.7645504 0.7725962 -1.4994246 0.06732967 -1.3989981 -0.5752961 -2.2817097 0.64823705 0.26419383 -1.0743945 0.3697985 -0.75335836 0.72074527 0.502792 -0.9210441 -1.5885919 2.0447528 -1.6818912 -0.12131915 -2.0621629 0.09599229 0.53094876 1.057435 -0.900899 -1.6989931 -0.71017814 -0.6280654 0.53338975 1.0884464 1.5135801 -0.6442712 0.113473736 -0.86794984 0.3854667 0.19168049 -0.55425304 0.732367 -1.9845378 -0.13806817 1.680424 0.9756673 0.76792455 -1.1582462 -0.16932833 0.7909415 0.22764067 0.036597036 -0.49701533 -1.0810125 -0.25391573 0.01173461 -1.8720043 0.8501819 0.045602795 -0.14332467 -0.9278595 -2.1850214 -0.24712309 0.19556132 0.3376643 0.36069688 -0.052883696 -0.67088187 0.5529304 -0.8036675 -0.5931793 0.28713325 0.8801997 -1.489969 -0.69829434 1.9927751 -0.6415207 -1.6493248 1.8160344 0.4655366 -0.25180072 -0.51500213 -0.2693389 0.4630131 -0.75694937 -0.6611958 1.1886503 1.5486164 1.7066321 -0.10849506 0.1171851 -1.7180067 -0.19705947 -0.4426963 -0.71146774 -0.48428163 0.49371964 -1.5303674 1.2047298 0.9518855 1.3694909 0.0072604907 0.2257746 2.0056155 0.14627749 -0.9996507 -2.5570989 -0.85981804 -0.055515807 0.42330578 0.87974465 0.02438733 1.2990911 -1.718128 -0.5639366 2.0203404 -0.5936107 -0.54038364 1.8215817 -0.47917426 1.3506149 0.41553837 -0.6171207 0.20463873 -0.28906116 0.30315518 -0.4962913 -0.71694577 -1.213942 1.0626783 1.0290705 1.0139438 0.6244908 -0.4649244 -2.4986975 0.32648095 1.1054081 0.3248176 -0.2171382 0.111154325 -0.75672555 -1.5735148 0.26553273 -0.94841653 0.59351665 1.396313 -0.20191626 0.23944335 2.6219914 0.26455832 -0.4376859 -0.6841878 -0.9873598 0.23794003 -0.6650028 0.042212747 1.0968213 -1.2034438
tea 1.195865 0.2641066 1.851472 1.1861444 -3.5705192 -2.5157318 0.5004828 0.78072643 -0.6175803 -0.7167523 1.2546932 1.6768916 0.6955479 2.1516895 -5.1417584 -1.6864496 0.0019627123 -0.4768236 -0.93412465 0.7714891 -1.9578735 -0.20945846 0.12992439 -1.611151 0.83692366 1.5295801 0.6687022 -0.6282534 2.2502315 -5.0283532e-05 -0.3997232 -1.3817987 0.3253534 -0.079411685 0.32152534 -1.7207608 -0.90409595 -2.1570287 0.53600466 0.6328832 1.260081 -0.24397746 -0.48768926 0.24498673 -0.4953609 -0.8249728 0.4486499 -1.1989058 -2.2150533 0.08282569 1.3870897 1.4939736 1.163882 -0.5779869 1.0849084 1.0273737 0.6450985 1.346674 -1.3746221 0.30780184 1.1897776 0.55305034 -0.2728886 0.48533428 2.3288755 -1.7079796 1.7768445 -1.239661 -0.9063519 -0.93565553 0.47969267 0.15833226 0.18283011 0.15699899 0.3936462 0.20088807 0.9139313 0.2804094 0.80268794 1.0461876 1.5878851 -0.15230988 0.12501442 0.7265009 0.09336054 -0.6549865 -2.1246338 -0.08516329 0.95058686 1.5905203 -1.2541598 -0.15595078 -0.22227852 -0.19917808 0.30502346 -0.13965923 0.64085805 0.121623546 3.4055705 0.17870405 -1.4293534 0.6505074 0.39260408 0.52164733 0.7719122 0.22190763 -1.20995 2.676143 -0.9760298 -2.2481918 0.34479707 -0.0022331416 -0.10693827 -4.0040216 -0.34761623 0.21150228 -0.35218248 0.94859225 0.1218717 1.6512653 0.45466068 -0.040064756 1.1392902 -0.16397016 -1.8175792 2.2451818 -1.7028508 -0.14121576 -0.53893 -0.71086234 1.0414749 0.021875292 1.5984956 -0.56758744 -0.6842716 1.1442908 0.95273846 -0.99116725 -2.2439609 1.7461886 -0.3072394 -0.89508104 0.20213175 0.48151162 -1.5303955 -2.0421705 -3.572347 0.28772792 0.43934584 -2.129203 2.2355616 0.081403896 1.9034324 -1.986477 -0.45043498 1.5481993 -0.41037598 1.46865 -1.3321365 0.3738015 -0.7151637 0.56579024 -3.0547924 0.7900297 -1.4649867 -0.44021657 0.82384574 0.70002306 0.96979254 0.7825567 -0.27789667 0.24381165 0.67481375 0.23316582 0.17590216 1.3356394 -0.08507299 -0.4713393 1.3155667 0.47731808 1.2945204 1.8514252 1.5511447 2.0390303 1.3466247 0.7696548 2.2254531 -0.41954464 -0.16762592 -0.35875377 0.95559835 0.6067794 0.57853204 0.4812191 0.0817674 -1.0074084 0.6626195 -0.46527162 -0.6835444 0.011495203 0.07166726 0.18962507 2.6039033 -0.8836001 1.0287327 1.016192 1.407689 -1.6275357 -2.4284284 -0.39535818 -1.3612356 0.46596906 0.3116166 -0.21897054 -0.55409884 0.4491087 1.0935034 -0.7526858 1.2149167 -1.5627122 -2.5455832 1.2820286 0.1555471 0.68185556 0.9142128 0.09985629 -2.0681098 1.6863279 0.21748862 0.2705632 -0.7109505 2.4926212 -1.243906 -0.9712891 -1.3449717 -0.35757035 1.2050594 -2.3065612 -3.1263685 1.3568834 -0.93379605 -0.72964185 2.0755563 -0.67844075 1.2306703 0.39309362 -1.2728797 -0.5641705 -1.1422045 -0.17535728 0.9917747 0.20901936 -0.27960542 0.3941488 -2.119674 -1.8641375 0.87465894 0.05130014 -0.94338644 -0.87112856 1.0019507 -0.65752894 -0.39278978 1.2518315 -0.31899172 0.5144804 0.6650003 2.270604 1.1157948 -0.1777567 0.43433312 -1.106984 1.2380491 0.6540994 0.6548517 1.8835607 -2.036927 -0.88543516 2.209747 1.3498653 -0.8790311 0.9321544 0.25495574 -0.23171416 0.40271473 -0.36454296 2.5221226 -0.9796188 0.8816914 -0.4713836 0.9501513 -1.1564538 0.52538395 0.35900342 -2.481726 0.6733021 0.8985393 -0.20794503 -0.753049 0.6261262
honey -0.03565225 -0.048553266 0.90503067 0.12437479 -1.9946778 -1.0656302 0.058047865 1.188042 0.41949508 -0.04619833 0.53523266 -1.5325524 -0.08218374 0.99967784 -1.3265014 -0.89081186 0.015229752 -0.086090304 -0.043187853 0.8432207 0.36092532 0.85489315 -1.1991283 -1.0217665 -0.27343723 0.44446313 0.17605646 -0.38791168 0.025885217 -0.06149047 -0.054583088 -1.2219961 -0.41969302 0.24264422 1.4417341 -0.07095225 -1.0131216 -3.057073 -0.7165991 -0.6569101 2.9145272 -0.4436906 -0.306989 -0.1107355 -0.0011410934 0.23329386 -0.2819357 -1.2559023 -0.7394655 -0.28755665 -0.016201463 0.8353094 -0.07627793 0.34845027 -0.47282574 -0.8072875 0.24903353 -1.1814646 0.1784655 0.7354334 -0.99212265 -0.5674784 -0.92405397 -0.49918073 -1.1338477 -1.255511 0.7148929 0.23098263 0.19519389 1.2832816 -1.3121257 0.49385092 -0.16807489 -0.6838142 -0.19474342 -1.0196465 1.2353584 -0.89573276 0.92441195 -0.8493142 -1.9894876 -0.5053638 0.20746934 3.0814047 -0.2197175 1.2299536 0.3951378 -0.6995067 -0.53175116 0.25146002 -0.28371146 -0.78878987 -0.80758893 0.12577881 0.37817028 0.2723266 -0.1361989 1.9901434 0.14968875 0.43807808 -0.5232333 1.0885409 1.3641027 -0.26069364 -0.85142446 0.1640845 -3.6860118 0.43695202 1.0373349 1.3546227 0.7116181 0.9159578 -0.94432896 -0.11346985 0.36550146 0.81675524 -0.70255744 -1.5159144 -1.4602191 0.26286712 -0.42874515 0.6501768 -1.3282034 0.072355606 0.6311082 -0.5836296 -1.3189523 0.21643285 -0.41623035 0.6381458 -0.30339822 -1.2385602 -1.9849223 -1.2832048 2.3843143 1.6105769 0.9753046 -1.7824116 -1.1581463 -0.21154393 -1.7126607 -2.9065397 0.06455583 0.3735354 -0.23795207 -0.6750024 -2.1860266 -1.0846446 1.6140689 -1.1545054 -0.3160862 -0.43682384 -2.4960082 0.51021695 0.15150991 -1.5164255 2.166139 0.184895 -0.6775526 0.80122185 2.0974112 0.047271643 -1.2524348 0.36136216 0.9142862 0.24599904 0.51487565 0.1645532 1.5073987 1.29011 0.03302372 -1.4818758 -0.16001493 1.7915065 0.8407823 -0.07088912 -1.0015118 -2.1179066 0.88811535 -0.06275646 0.5798905 2.3700771 -3.0142124 0.0045075067 -0.6515149 1.0366633 4.4842944 -0.09531683 0.80542296 1.4090264 1.3666778 0.1616393 1.7710723 -2.225306 -0.09424964 0.37825432 -0.42847675 -1.5719328 -1.9344703 -1.3419671 0.73558104 0.28492346 1.2556338 0.5183513 -0.13563535 0.51112723 -0.7619824 0.6748865 0.27983195 -0.3855834 0.17717642 1.2647709 0.63700485 -0.9514501 -0.58426744 0.45035738 2.692323 0.7014551 -0.39786607 0.29190537 1.5648258 -0.2895164 2.0317307 0.07391244 -1.0094357 1.5882539 -2.520084 -0.6441201 0.15965733 0.056954827 -0.87737906 -0.7341531 -0.90742034 0.3866197 -0.17351808 0.63642377 0.76156324 1.7657334 -1.1023436 1.2731475 2.100188 -0.70802087 0.50723577 -0.009089552 2.4979994 1.086152 -1.6517961 0.33470514 1.2192942 0.7394372 -0.4883095 2.0426593 0.8396372 -0.23952758 -1.9555633 0.95255077 0.7886523 -0.3035769 0.70145154 -0.059355553 0.1902359 -1.5732664 0.9159753 0.6480784 -0.07445508 -0.34339353 -0.7447661 -0.09631856 -1.3841033 0.9625086 -0.39725056 1.986469 1.4924424 0.43833417 -1.1121116 -0.2678001 0.20215851 -1.0751644 0.8224155 -0.22340316 0.10636591 -0.6142234 -0.17460698 0.02311559 -0.32602748 1.4779646 1.9583038 -1.2287396 0.27497518 0.8901331 0.09315395 -2.8011725 -0.22588682 -0.3078425 -1.0908765 -1.2481178 0.4866724 -2.1925318 0.4791917 0.54147625
chocolate -0.14619924 -1.3684242 -0.049319644 1.7036449 -3.0050328 -1.4782258 0.115697294 1.2893425 -0.1989126 -0.5108187 -0.4379297 1.101066 -0.7316316 -0.7272621 -0.10330446 -1.6546952 -1.1420156 0.43603304 0.5653135 2.093357 -1.5270661 1.7780384 0.91990674 -0.062355317 -0.6108589 0.91237 0.50582033 -0.36178678 -0.60249233 0.15324204 0.5533775 -0.22367169 1.229142 -0.66438466 -1.062913 -1.2832149 2.6903236 -1.7769164 -2.0798497 -0.013374894 0.6616442 1.0709741 0.3471904 -0.56941473 -0.78083193 -1.3694004 -0.6629409 -1.0310909 -0.11944326 -1.4624126 0.46658742 -1.2517836 -1.0390284 -1.2797365 -1.3443689 -2.310155 0.5387469 -0.38780817 0.45536748 -0.37629804 -0.044752408 0.25322744 -1.9313781 0.9225142 1.8367722 -1.1907104 -1.4102036 0.29982868 -0.02086358 -0.13669549 0.27395457 1.3802727 -0.3047405 -3.234909 -0.24180304 1.9694766 -0.10999502 -0.2468794 -0.3451418 0.3171392 -0.5769309 -0.4892436 -0.93587226 1.3519212 -1.4369484 0.77758527 0.25511235 -0.6274246 0.43431693 0.74751973 0.5403386 -1.1744368 -1.3894618 -0.33878997 -0.13259839 0.2916118 -0.3486964 0.17818701 -0.028649064 0.28713337 0.47490063 1.3956509 -0.03936585 -2.0053618 -0.48327753 0.10764616 -0.95487064 1.8392166 0.34938994 0.9223134 1.0193682 -1.611009 -0.8427248 0.6783555 -0.84891045 1.3715061 -0.8610171 0.81890064 -1.1778525 -0.3036358 -1.7876719 -0.7128493 0.041207314 -1.722187 -1.987305 -0.77623945 -1.4029189 0.19304281 -1.4733832 1.1277255 -0.48658785 -0.7904869 0.3347666 0.7200115 0.7579469 1.6511223 -1.4534341 -0.23721702 -0.3069417 0.18720685 0.5793596 0.9637277 -0.55308723 -1.4288789 1.4182793 -1.8524535 -0.20975244 0.5756017 -1.4193412 -1.5887356 -0.7088002 -1.8033836 0.07197522 -0.33126572 -0.5522394 -0.10786693 0.6514873 -0.10639487 -1.7410115 0.29889342 0.4263697 -0.8894695 -2.5021715 1.8053148 0.6466704 0.8120199 1.0737239 0.38698947 -0.9717482 -1.7953159 0.22231494 -2.4401033 0.50124955 1.0418009 2.170712 -0.2645479 1.1297164 0.5708706 0.08959758 0.97466266 -1.6652809 2.0498242 -1.6500379 1.3392907 -0.079073474 0.6832307 -0.53204256 0.57724774 -1.8576142 -1.0334628 1.4756372 -1.6819721 0.4126949 -1.8557376 -1.3240478 0.43388158 1.7504389 -0.6620575 -1.3518021 -0.21021806 0.86408126 -0.114380114 2.323247 -1.4199765 1.6257594 -0.21178901 -0.7285231 0.48381948 -1.488327 -1.0247791 -0.17749137 -1.0034238 -1.1774005 -1.0197326 -1.398633 0.34267733 2.6560917 0.19621362 1.0664375 -2.4004953 1.1620241 -0.7225744 -0.52855414 -1.1991943 -1.1427006 0.95565695 -0.56137717 -0.2404561 -0.31183973 -1.2410762 -1.3764294 1.0171138 0.06557088 0.32410935 0.014140007 0.18500344 0.20625919 -0.24042305 0.55832565 -0.5012929 0.27001527 0.46873677 1.1104267 0.5228974 0.7134481 -1.4511969 0.44127724 -0.34100962 -0.92090607 1.0230263 1.4035467 -0.40734908 0.2275847 0.23966514 0.38258368 -0.9814478 2.312828 0.93895286 -0.15431866 -0.27132428 2.6207519 -2.863755 2.15749 -1.3049303 0.8697368 1.4022343 0.07697217 1.1956848 -0.065744236 -0.57859045 -1.6433916 1.0711339 0.19415878 1.5055276 0.22113882 -0.4768685 -0.4059606 -0.84910375 0.91715395 0.12610905 0.19028738 0.37825808 0.15737392 0.106792875 -0.946552 -0.58271897 1.2666413 -0.6961187 -0.028812096 -0.5313679 1.5195675 -1.7719407 0.071550615 -0.15831088 -1.2072972 -2.0900707 0.8853004 0.9802654 -0.11738206 -0.24787036
manure -0.36971733 -1.1416157 -1.9273614 -1.7048022 -0.31028154 -0.9042687 -0.4529266 -0.08042968 -0.49849814 -0.10122364 -0.5262057 -1.4340054 0.016288035 -1.5720861 1.0490155 0.55446714 0.5099258 -1.0797182 -0.9300676 1.1626166 -0.48645082 1.3067313 0.3416868 0.5161743 -0.91786295 0.23831657 -0.5930036 1.0376408 1.2677089 -1.4151413 0.84760237 0.32164517 0.60950804 -0.01418691 0.3134863 1.491562 1.541249 -2.68884 -0.2635211 0.8559433 -2.17308 -0.0852446 1.1756208 -1.0065893 0.477715 0.80643934 0.39310923 -0.14277236 0.6476445 -1.0045633 1.3692845 0.77022153 -0.2477875 -2.7554502 2.0278833 0.4812876 1.3441226 -1.7499801 1.5238338 0.08632621 0.12703493 0.2859453 -1.631897 0.38805604 1.0016831 -0.23696768 -2.199123 0.72974765 1.250547 -0.90705293 -0.01339612 -0.22183222 -1.335473 1.137728 -1.0595578 -0.17612945 -2.425679 -1.0386196 0.06675736 2.2354615 -0.17070693 1.1142547 -1.7510312 1.8309826 1.1999534 0.753316 0.021077504 -0.059701923 0.10371197 1.3663412 -0.45234868 1.8007061 2.7928712 -0.90031207 -1.420006 -0.36699572 -0.0024907053 -1.7264972 1.680763 -0.16205701 -0.55935717 0.9115575 0.7250072 1.7498528 -1.3447343 -0.14830868 2.0666764 0.35435465 0.781754 0.032402486 1.5535442 1.1528673 -0.10179955 -0.26964027 0.4228285 0.6044818 -0.2998153 0.5946971 0.95923 1.0859623 -1.1613383 -0.20596696 1.4363122 -0.9173483 -0.82784 0.20462681 -0.4721161 0.71268576 0.41140634 -1.5097948 -0.61361855 -0.40466747 1.9111568 -2.3126233 2.7369754 -0.34354848 -0.35696775 -0.2616971 -1.1487995 -1.0814576 -2.18881 -0.056470867 1.6062658 0.35355714 -0.0009519318 -0.4107908 0.12818225 0.06942693 -0.08992611 -1.3537842 0.47716942 -0.03399773 -0.6320952 -1.4747226 -0.14376953 -1.127081 0.719687 -0.9318069 -2.8351038 -0.8286444 1.9692309 0.38884717 -1.9338143 0.3373641 0.46370018 0.2589754 1.2752175 0.110252365 0.18356784 2.3278499 -1.8743606 -0.2438 -0.7766825 2.9051905 0.56870395 -0.37771243 0.3176173 -0.17261186 1.3901725 -0.044278614 0.76384825 0.49864346 -2.7079067 -0.25935265 -0.56163895 -0.37384903 3.5088365 1.5258384 0.6556258 2.5610995 0.992166 0.9951473 -1.2060254 -0.30887565 -0.21860927 1.0822265 0.64536005 0.4090509 -0.5211648 -0.10920081 -1.0679497 -0.15990835 -2.242555 0.12772629 0.5826661 0.954668 1.851657 1.6160699 1.7940699 -0.15650153 0.7503611 1.859275 -1.9563245 1.1332912 0.81315196 1.7712673 0.8726419 -1.306387 0.16166781 -1.2004656 0.26581842 -1.5792139 0.56414753 -0.45965418 2.0773702 -0.3432308 0.06178917 -0.17873913 0.7941241 -1.5632515 0.3441958 -1.7395871 2.8579898 -0.55913675 -2.489597 -1.0778449 1.4933861 -0.14246288 -0.39418858 -0.9824638 2.5207806 0.15132762 1.1163388 1.2785211 0.17176458 1.2651343 1.3965559 1.8624858 0.7377989 -1.5540711 -0.20636669 1.4301909 0.60390276 0.2710495 -0.5913708 -0.31650323 -1.6935058 0.43579915 0.769832 2.416518 0.20906495 -0.22547783 -0.36285713 1.8035438 -0.98167634 1.3485183 -1.1071995 -0.24723229 -1.2354767 -1.4425061 0.5311406 0.68447536 2.1910079 -0.14226438 2.2690887 -0.45213544 -0.98436725 0.6370286 -0.6306451 -0.9020615 -0.33890557 0.067957126 1.2164434 1.862429 0.8916726 -0.37001184 0.6493464 1.1669115 1.6427083 -0.5554348 0.5135566 -0.85548496 0.13465495 2.0480099 -0.9883713 0.61627483 0.14345098 1.6267793 -0.6933161 -2.1165721
mint -0.28812546 -0.74957997 0.5135671 0.6426562 -2.2544413 -1.6635413 0.50211203 0.828943 1.9699227 -1.6682798 -0.06219478 1.2604636 -0.30808452 -0.1128809 -1.2341536 -1.267021 -0.53313994 0.36499882 0.3905 -0.022441367 -1.1839032 1.4604602 -1.1189834 -0.6851026 1.5053568 1.1248772 -0.009197739 -2.043904 2.459435 0.14969099 -2.1529183 0.8678801 2.2046936 0.72657615 -1.3166192 -0.90555096 -1.4583849 -2.332632 2.017856 0.74171096 0.07332252 0.98717296 -1.3134748 -1.320274 0.37145302 -0.38789427 -0.82114387 0.18305074 -2.8915792 0.35330257 0.020197768 1.6547505 -0.774873 0.40032655 1.2691584 -1.9894961 0.1532594 0.07068601 -0.5974103 0.5879042 -0.9860362 -1.0935829 -3.3397436 -0.57209486 1.4599049 -1.1909355 -0.5774233 0.17507441 0.9511761 0.1052511 -0.36801836 0.66041434 0.37585136 0.7171841 -0.1203007 0.9733477 0.7463622 0.45945564 0.6070835 -3.2564225 -1.2787337 -0.046445604 1.8261137 0.8729163 0.27894258 0.8402721 0.9243706 -0.529123 -0.12039378 1.0619229 0.3418235 -0.81667364 -0.86165315 -0.9024932 1.074564 -1.663048 0.1048902 1.278989 0.65384007 1.9367619 -1.4716233 -0.5512388 0.64722687 -1.0736276 0.055422865 -1.0213228 -2.5536413 0.66703564 -0.6379868 1.3137449 -0.54789346 0.37818947 -1.482757 -1.038315 -0.44285715 2.058344 -1.4447179 1.1448399 0.56430346 0.49369374 0.21858479 -1.0817763 0.25678658 1.1208661 -1.2208892 0.9831458 -2.1780782 -0.7582865 -1.0967649 0.9849869 1.7454476 0.25318003 -0.5306927 0.566569 1.8476512 -0.15505521 1.579934 -1.3473272 -0.2370201 -0.73796904 0.25698265 -0.5236404 0.8679437 -0.015911128 -0.75392485 0.43362474 -0.32421273 0.77296877 0.6320308 0.4457713 1.2152734 0.49075243 -0.97578317 -0.7491814 1.1915063 -1.8654639 0.12480283 1.0154572 -0.6704332 1.9147711 0.6279836 1.612027 -1.0060889 1.9497632 1.1021163 1.0957993 0.77333075 -0.2983701 -0.5432046 -0.18522228 -0.4775831 0.23841928 0.9145864 2.4225297 1.0917466 0.38504955 -0.17175515 0.6519079 0.19281705 0.15275337 0.30940768 1.1986238 -0.5332786 -0.10142582 -0.49471286 -0.36037344 0.30121067 -0.07916845 -1.5064778 0.6765626 1.0855825 0.9026437 -1.2822222 -1.9569495 1.2045115 -1.3253419 0.164306 -1.2493355 -2.275206 0.607629 0.58749014 -0.81808466 0.524647 0.32982826 1.0473342 0.68530995 1.3145131 1.3812969 0.4362883 -0.034783743 -0.8383028 -1.4682302 0.063924715 -1.5837321 0.96268106 -1.3217976 2.3642979 1.5654228 2.353527 -1.025325 0.5415681 0.11932411 0.60238427 -0.05345683 1.8531761 0.9112819 -1.9548452 0.16026966 0.34042656 -0.69983155 -1.0830625 0.78242743 -0.96102417 0.77931964 0.73969674 2.0098164 0.17548592 1.4852183 -1.6311506 1.6921406 -1.1249813 0.64191973 1.5868088 -0.08828769 -2.5720441 0.61322576 -0.28754172 -1.527374 -0.35132375 -2.3006313 0.02091455 2.241332 -1.0884256 1.4269748 -1.6385543 1.6790501 0.4038895 1.2096578 -2.3101192 -1.4165784 1.5916574 -0.7058743 -0.12635747 0.6601604 -1.1356481 1.6179887 -0.23026167 0.25445417 -0.23610571 0.0039351336 0.68857366 0.0115131335 1.6754663 0.72328866 1.8042321 0.22779487 0.18820652 0.5069751 -1.0257888 0.04752226 0.13926898 -0.3677281 0.51440233 0.49171382 2.0222926 1.7303817 -0.30689788 -0.29115102 0.7612348 0.13601646 1.8266903 -1.903024 -0.48019558 -0.70995927 -1.2672149 -1.2893348 -0.5597511 -0.46882176 -0.5318161 -0.005927953
hay -0.34103957 -0.44413427 -0.35786167 -2.0611067 0.007864743 -0.32985225 0.85941494 -1.804116 -0.18680353 0.6323397 0.63673705 0.7235997 -0.5948825 -1.4507817 -1.600495 0.91696495 -0.6147065 -1.972622 0.8873762 1.6274359 -1.0881395 0.24496488 0.36590979 -0.89116234 -0.9660246 0.045282252 -0.7907049 0.56549954 1.076722 -0.16167203 -0.8299445 -1.6610729 -0.49442244 -0.18503003 -0.99591786 0.21732984 1.5451989 -3.6857293 -1.4466726 1.6756711 0.83408654 1.4167488 0.92531693 -0.44677922 -0.015390809 -3.0519533 0.90378225 0.69560564 -0.53132397 -1.6209966 1.3512132 -0.54637647 -0.4091513 -1.5724988 -0.8599077 0.018602472 1.1326449 -0.5187442 1.2813742 0.16658404 0.48636317 -0.60560673 0.4695186 -0.26088688 -0.52429926 -1.2690309 -0.5539976 -1.4068539 -1.2007943 1.1863614 0.30275455 -1.5342675 -0.6625824 2.5139146 -2.5938647 1.2474049 -0.62160534 -0.7482407 1.631568 -0.23189585 -1.7350988 0.08167252 -0.32745624 -0.33322683 0.29187605 0.56742597 -0.085818514 -0.9514423 1.1444744 0.5723077 1.0870708 -0.15386659 3.2135613 1.0244968 -0.096829444 -1.3364053 -0.37138736 -0.3172137 3.2082887 0.6825858 -0.324588 -0.049809042 -0.9591578 1.901309 0.21704906 0.5910669 -0.70535445 0.8922958 0.24835621 -0.5095518 -0.34395283 0.1338468 -1.3233467 1.7192652 -1.2852424 0.19598728 -2.0751197 0.7937928 -0.6824163 -0.8422849 0.24010284 -0.007367344 0.8580831 -0.29085314 -0.33563542 -0.073977076 -0.5711377 -0.8543768 -1.7622112 0.5380561 -0.34987697 -2.4561124 0.911531 -1.5249301 2.6312757 -1.9757947 -0.5524511 0.73172414 -0.47611162 -1.1218842 -0.42468187 -1.8970319 2.0395796 2.0917351 0.74455166 -2.4098368 -0.8498978 -0.34229374 -1.1497744 0.17567065 -0.16363156 0.5348926 -0.06583965 -0.9946267 -0.22560114 -0.51943034 0.050215747 -1.2300986 -2.075115 -0.43181184 1.0694139 1.1587939 -0.5079179 -0.6305751 -0.93733174 0.9549398 0.9566027 1.0510533 -0.7122532 -0.5809293 -0.940194 0.5738362 0.7167316 2.130155 0.66204464 1.2299565 -1.0153474 -1.1623533 1.4734316 -0.46276358 1.6195796 1.597606 0.25379243 0.07601284 -0.5916417 0.6828971 3.1780045 0.03244104 0.64299864 -0.9093638 2.3540368 1.248628 0.19420849 -2.467456 0.3745309 -1.263051 2.05015 0.34513408 -1.707225 -0.1976908 0.5611463 0.62725735 -0.30789867 -0.386424 2.0248215 -1.0958184 0.8253005 0.23074378 0.5196421 0.07297152 2.1810393 -0.19940282 -1.9295297 -0.5040793 0.98505783 -0.026110725 2.3648705 -2.859564 1.606499 -0.5783912 1.0912195 0.29906413 1.4550588 1.9896774 0.15965842 -0.8676311 1.1815172 0.31754228 -0.73090976 2.0446153 -0.7877732 -2.9515023 0.37984502 0.8691271 0.3125079 -0.03849042 -0.16954572 0.78931373 0.33715677 0.92698836 3.2709649 -0.5273461 -0.08138391 -0.44379005 1.5223848 0.22507381 1.5814221 0.1849026 -0.80994713 0.17391017 -0.90941477 0.43540344 0.009361688 -1.3725961 2.3733776 -1.7609812 0.3065962 1.0808184 1.5380048 1.6940564 1.074165 0.04276188 -2.8350878 1.9813757 -1.0099125 -0.4646313 -0.21622081 -0.45724538 -0.67341685 -0.480037 0.1060327 -0.047719594 -0.97866696 1.4771799 -0.36432245 -2.0618274 -1.2314517 2.4456844 0.5665264 0.085019 1.4752116 1.8576765 0.27035397 0.7238814 1.2883779 0.10760427 0.94991904 -0.030969761 0.51304585 1.6398976 1.1348932 -2.7204998 -1.2471298 -1.4932079 -2.7259843 -1.2528297 -0.8611273 0.4752465 0.68264294 -0.7491084
ammonia -0.83520776 1.5313898 -1.3676366 -2.459816 0.27179477 -1.036718 -1.463735 -1.6990175 -1.5326978 -0.40924892 -0.21669075 0.8254619 0.055063494 0.4275931 -0.6291273 -1.561915 -0.1698776 -0.20143825 0.74650484 -1.5771575 -0.34856397 0.45303738 -0.44067153 0.27815825 0.93758255 -0.6387839 -0.040152986 0.39892578 -0.36217594 -1.0070928 -0.2194329 -1.4338187 1.1218922 0.1539743 0.004847802 -1.3813576 0.107889794 -1.8743153 1.3911866 1.4852701 -1.1720824 -0.952207 2.9061987 -1.0380311 -0.19679108 0.9502479 -0.71002567 1.1673412 -0.9414966 0.69258434 2.242069 -0.53280497 0.47716603 -1.741773 1.538517 1.185325 1.5576932 -1.0119472 1.3125753 0.7766723 -1.4990495 1.5746784 -2.1359992 0.080591865 0.6931811 -2.2719154 -1.583074 1.0187349 1.6774633 -0.6892944 -0.8780371 -0.0781009 0.28010732 -1.1993896 -0.12599039 0.15370084 -1.2752271 -0.58470535 -0.2989878 0.120081775 -1.175174 0.64409477 0.37019527 2.7413213 -0.7033136 -0.4346866 2.668537 1.7798508 0.4034376 0.44070962 -0.057539668 -0.012977664 -2.1906214 -1.0446794 -0.4870649 -0.8020956 0.052182544 -0.57932824 -2.5033047 -1.208179 -0.21900286 0.595071 1.7397925 1.3800921 0.20353371 -1.0676638 1.2210996 1.5171793 1.0701276 -1.0924387 -0.69658244 0.61563057 -0.9685744 1.3246722 2.5306542 -0.11823229 -0.46633288 0.28620562 -0.5982176 1.4167465 -0.20340206 0.01963288 0.32230887 1.4289258 -0.99240184 0.98018044 0.7738274 -0.9795582 0.4286411 -0.6723872 -0.78592277 0.74641335 -0.34961763 -1.1530347 -0.048676774 0.6412543 0.69025236 -0.16753086 -1.9200183 -0.8929078 -1.6082128 0.3290672 -0.32088608 1.1141468 0.1071565 0.520578 0.25089708 -1.030397 1.3486907 0.08525493 2.4517922 0.066533476 -0.6182084 -2.4760141 0.2272276 -0.07268902 0.6845322 -0.17286187 0.013910038 -0.613739 2.076284 0.9292978 -0.92468286 2.201626 -2.2827456 -0.74312425 1.6385233 0.94842833 -0.94321984 2.495752 -2.1573045 0.7596322 0.89792836 -0.8572117 2.226273 -0.71570563 0.81576097 0.38545117 -0.83700085 -0.14123626 -0.02256665 -0.7415476 -1.1523597 -0.19557436 -0.15479323 1.3214979 0.6097165 1.1709504 0.0018725159 -1.1916664 -0.66572005 0.2149648 0.7524407 -1.731208 -1.8000255 0.057479832 1.234832 -0.74135506 1.1759745 0.6102943 0.6143398 0.18203044 -1.1840128 -1.6617959 1.942908 1.1734586 1.1405578 1.1091145 -0.8867562 -0.13608265 0.5290427 1.5909667 -2.526404 1.2823526 -1.2595773 2.7216876 0.555572 -0.034793817 -0.13962969 -1.5638614 0.43383163 -0.28779143 -1.5226192 0.7803977 0.0018525872 0.89623344 -0.9669973 -0.7400427 1.5495028 0.43877652 1.8748406 0.29717648 0.6502643 -0.057071324 1.144078 1.8354833 -0.27632177 0.4382545 -0.34461007 0.46790507 1.2746533 0.17560312 0.9620474 -0.67839795 -0.89164513 2.6424615 1.0308577 0.1903396 -0.35627967 -1.7922909 0.07583533 -0.14172797 -1.1440061 -0.60084593 -0.83386946 -0.21440214 -0.22040537 2.3164911 -0.13524736 -0.3046337 0.754553 -1.7315981 0.5736061 1.019847 0.6782511 -0.0065424233 -1.279748 -1.8848037 0.7705718 -1.9510024 2.3066578 0.82833713 0.8746542 -0.32943803 -0.34410787 -0.4016082 -1.421824 -0.27399158 -0.20045584 -0.4847507 -0.69607466 0.88951284 0.36666858 0.21905012 1.4712707 -0.56139976 0.33034387 -0.33680165 0.12653956 -0.50469744 0.29840893 0.27817318 0.78359705 1.3160332 0.50140506 0.56611615 -0.57923746 0.10213682 -0.27957812 -0.11210981
citrus 2.1830359 -0.038773257 1.819555 -0.31002933 -2.477434 -1.2245537 0.58302635 1.3423878 1.7726763 -0.58261573 0.33566323 1.1260448 1.0315818 0.04260118 -0.28385085 -0.22219723 1.4720802 -1.3355385 0.23908494 0.710074 -1.5356786 0.8804014 1.4246032 0.055519994 1.1336371 2.4673789 -0.1413442 -0.73113215 1.7207671 0.5149273 0.21324797 -0.7144287 0.034596555 -0.10369639 -0.25788274 -0.7204681 -0.67272174 -3.4095354 -0.4517477 0.51779354 0.73428285 1.8197476 1.9882425 -0.248599 0.29866186 -0.7338453 0.26763323 -0.68078643 -1.4266195 -0.23913167 -0.16148052 -1.3333904 0.14286186 0.6432613 -1.4670793 -1.4931049 1.3921067 -0.9477782 -2.1160884 -0.9364716 -0.14932314 -0.116568044 0.2998697 0.3452903 1.4271231 -1.4388174 -2.3248417 -0.7003489 0.81864697 0.13373086 -1.108805 1.3558127 0.26481298 0.7892924 1.9009415 -0.053606562 0.4723121 -0.67767435 -0.21499488 -1.1526234 -0.014177749 0.916717 1.6232809 4.2664056 -0.84728616 -0.8453095 1.8405107 0.35059354 0.89133584 0.39820588 0.93589294 -1.461711 0.4782807 0.4256199 0.3300777 -1.2685717 2.1865456 -0.56140655 0.8706404 1.4149686 0.2820046 3.1639962 1.463463 1.1536046 0.68504286 1.6677086 -1.9906523 1.3803594 -2.3815742 -0.7349449 -0.33402073 2.1129785 0.30072936 -0.97607803 -0.25197625 1.4304978 1.7371535 0.08037738 1.3638335 -0.48779756 -0.39796668 0.41416585 0.0041687055 -0.005462439 -1.3063831 0.66753584 0.043206472 -2.087419 -0.25480998 0.41623446 -1.5043161 0.46999896 -1.7940379 -0.1542547 -0.46695077 -1.6711091 -1.6175314 -0.89935154 -1.8044932 -1.4418197 -1.8104388 -1.5970762 0.9446437 0.2777855 -0.892794 0.10132587 -0.39363304 0.047770422 0.09335244 0.28073752 1.5511063 0.54871804 0.9732412 -0.5113963 0.9511692 -0.55479217 -0.91203547 1.8418394 -0.4728325 -1.402653 -0.17462738 -1.0343693 -1.4724832 2.1108718 -0.40755618 0.35812333 -0.937127 -0.7109918 -0.13753834 -0.6163563 -1.39163 -0.02930396 0.9929725 2.2669137 0.6390387 0.20250602 1.420166 -0.21275169 -0.7298168 0.6181701 -0.34142643 0.9033544 -0.69314635 1.0815173 0.25649014 0.96118575 0.16225229 1.3846805 -0.36259368 -0.68976265 -0.46741107 -0.4293793 -0.32927653 -0.5923797 0.32493034 -1.5256761 -0.1752071 -2.549254 -1.117859 1.0558766 0.40817845 -0.44922492 1.013936 -0.29205889 -0.42957005 -0.23227689 -0.6287752 0.9435673 -0.21151283 -0.7680684 0.1943214 -0.18546939 -0.45770675 1.2024637 -0.4901317 1.3604767 1.2987958 1.2310406 0.7223485 -1.1735117 0.34176642 -1.3208241 -0.5266648 1.2085279 1.1063366 1.2813224 -1.4055879 1.9131958 0.9269203 -0.79251873 0.103310466 0.43425113 -0.45100895 -0.31157878 -1.2598225 0.2077892 2.3239622 0.058591552 -0.2640295 0.24698175 0.1893597 -0.5421032 -0.1858892 0.19496335 0.67090684 1.7778691 -0.83285505 -1.0237088 -1.331658 -0.77088034 -1.286541 1.3462521 1.98491 -0.4058751 -1.2611177 -0.49002248 0.618298 -1.2345088 -1.4332913 -1.6351622 -0.57997745 -0.9598851 0.6338355 -2.1844351 -0.34622484 0.2144359 -0.22815 -1.0487577 0.84217924 -1.1801118 0.4292708 2.1980965 1.4291384 0.410873 -0.07960172 0.5618717 0.21623641 0.45435497 -0.32654318 -0.16051354 0.92873037 -0.95399445 2.5842783 -0.046614002 2.0246863 1.0986338 0.24281614 1.4935329 -1.1411061 -2.4191883 0.37561747 -3.4204035 0.12423351 1.7815624 -3.5323606 -2.246068 0.6107754 -0.51596624 -1.9510994 -0.041102406
cedar -1.6304245 -0.21861874 1.5280932 0.43962198 -1.0366516 0.20223197 -0.25781643 0.45547935 0.07295472 0.29204795 1.3700473 0.47272813 1.497321 -0.548103 -1.2487308 0.22661094 -0.23999585 -0.22667053 -0.21729352 1.412538 -0.44670606 2.439713 -0.16547805 0.714178 1.8320093 1.717864 -0.33996275 -2.0391524 2.7647974 0.948155 -0.3864809 1.2718333 0.9896047 0.7545883 0.107361905 0.08148119 -0.053960625 -2.7199147 0.27020404 2.2128654 -0.32825533 0.35605535 1.3964986 1.7848032 -2.1823993 -0.9023664 -0.46952993 -0.9639015 -1.6557778 0.9289759 0.22453398 0.08033043 -0.30089527 -0.5513989 0.5983357 0.22252287 0.16377771 0.024032775 1.4009384 0.16993077 0.84941673 0.46928915 -0.20145437 1.606258 0.36325866 1.0195895 1.077704 -0.52357054 -0.20061673 0.5645067 0.9997516 -1.2724909 0.7872918 2.5903397 -1.8220965 1.3445973 0.2585203 -0.3812983 -1.2246554 -2.0803943 -1.4546578 -0.014081131 0.705639 -0.07411635 -0.022125177 0.34010026 -1.3877268 0.9359161 1.4579928 -0.8982033 1.122826 0.97409415 0.672949 0.52826273 -2.4534843 -1.428454 -1.2192297 0.98975414 1.2789825 2.7977765 -0.7675743 2.1350453 0.4235096 1.1032788 -0.036696453 -0.3019352 -1.3120142 -1.0964688 0.38599613 0.26748762 -1.1596329 0.1972808 -2.2062302 0.58394694 -0.41081905 -0.87789834 1.5162327 -0.5616379 0.97179765 -1.0061703 0.03692643 -0.35309106 0.6888152 -0.54335564 -2.0941465 0.71663266 -1.8557347 -0.8323076 -1.7926527 1.3131461 1.189853 0.72176474 0.12002441 1.1802406 0.5501899 -0.040369216 -0.42404532 -0.5465941 -1.9194682 0.42252377 0.003982811 0.192051 -0.023403218 -1.2019757 -0.62159026 -0.94928753 -1.1686606 -0.7745141 0.21629608 -1.2261479 1.7047201 1.0973905 -0.80252624 -2.8995216 1.3464587 -0.79911584 -0.6963062 -0.01003907 0.4755323 1.486734 -0.10841252 1.9398359 0.4037755 0.9214036 -1.4879864 -0.29685068 -0.7459724 -0.37438795 1.1222574 0.023104353 -1.5688545 2.2818577 1.3923256 2.0882616 -0.95574796 -0.26728967 -0.894672 0.8621356 1.5836195 -0.6473908 -0.24818602 2.3152235 0.6640617 2.6597447 -0.72335804 2.1226254 0.07184446 0.6237878 -2.5701044 -1.2148695 0.36705366 -0.1764516 -1.4211911 -1.3246664 -0.5377607 -0.20982254 -0.32277375 -0.935636 -2.3445067 -0.17598365 0.35695457 -0.44604024 0.6699447 -1.5417502 2.8501391 0.35921833 0.10115339 0.28752038 -0.49491793 1.6297922 -0.56030756 1.708204 -0.74201506 3.778662 -0.26370564 1.3437448 1.2319088 -0.23600091 1.3981191 -1.3663913 0.8444266 -1.0724 0.7345917 -0.4997197 0.22585578 2.0195146 0.7132419 -0.739203 2.0724351 1.1701939 1.1392099 -1.5593792 -1.0264128 2.8578165 -0.42152822 0.055619348 1.0430573 0.95604295 -1.6538651 -0.9101102 0.0028377036 -0.13648582 1.0351962 -0.09905912 0.29999623 -0.4943641 0.08765532 -0.7851485 0.7108248 -1.4077399 0.18855116 0.6662086 2.012092 0.51322407 -1.7563586 0.64337116 2.9877584 -0.8345076 0.49083814 0.0030004554 0.47642305 -2.5660605 -0.5206603 -0.44320604 -1.4716958 0.82228506 -1.4890602 0.05788202 -0.012380912 -0.83005685 -0.4575345 0.13197252 1.9323395 0.4044485 0.42023286 1.300542 -0.19705711 0.57470185 1.075776 0.981096 2.0223842 -0.71800214 0.7136361 0.89313066 0.7870974 2.4425306 1.4956478 2.1529224 -0.48079553 0.9341895 0.15374857 -0.44035935 0.7128419 -1.2288698 0.61261547 -1.3897578 0.75130016 0.13207945 0.38614172 2.6377308
weed -0.53866404 0.55069 1.0738348 -1.790647 -0.8579386 1.0510738 2.3190608 0.9883496 1.6852769 0.95245063 -0.225591 -0.95753103 0.26835257 -0.2393499 -1.7973808 0.52461576 0.5412265 0.12728028 0.3157846 -0.65276587 1.2000889 0.25716767 -1.5975276 -0.3450627 0.7862485 2.1074116 -0.39097917 -0.061455134 0.7109628 -0.72840965 -1.4738977 0.6216589 0.61459297 1.1909595 -1.6763325 -0.3686084 1.9336274 -0.37123 -1.7672266 0.6989605 -1.0599266 0.37630337 0.3947234 0.20978877 0.13684987 -0.45604193 -0.09750471 0.020109687 -1.7132564 0.8509551 1.0305259 1.0161815 0.35055083 -0.077460535 -0.1633661 0.2974039 0.8671549 -0.8225119 -0.8089171 0.9792311 -0.8889991 -0.4044343 -0.22195691 -0.40662572 0.33194372 -0.21961682 -1.9915744 -2.175651 1.4997406 0.67918384 0.19580528 -1.2960206 -0.23169558 1.6433629 0.14795603 0.06527765 0.48895103 -0.28217345 -0.6513825 2.4079072 -0.41079184 0.28479254 0.2770907 -0.08883949 0.79031825 -1.0051976 0.38960704 -1.2486786 0.027277395 0.79606974 1.4917159 0.03285103 -1.2038628 -1.5952613 -0.9351597 -1.4007416 0.22888136 0.96030074 -0.514712 0.014130866 -0.94594115 0.20787072 -0.52268547 -1.2459197 0.41558874 -0.03715354 -0.22369294 0.44554475 0.8861685 0.6654825 -1.2070519 -1.649028 -0.9999739 -1.3637736 1.185159 1.1025444 -2.6336312 0.4872649 -0.4160394 1.0132315 -0.5591386 -0.30859604 -0.06803887 0.5901471 0.3458374 -1.5887272 0.58614147 -0.7302609 -0.4475864 -1.381036 1.158688 0.08373293 -0.98986137 -1.2175709 -0.05373064 -0.1858996 -0.46047157 1.0250155 -0.27002162 -1.1805289 -0.78142333 2.8244104 -0.30354643 -0.5525792 -0.69943696 1.155646 0.38611042 0.92274934 -0.79085475 2.0055535 0.62616736 0.54221785 -1.9534099 -0.93941224 1.0370358 -0.65415305 -0.88822967 0.23257017 -2.0599837 -0.46137193 0.39171535 1.3128574 2.4042006 -0.21368846 -0.5259193 -1.6484051 -1.4725038 0.96423966 0.56769234 1.2668709 -0.38275257 -0.072120674 0.7618846 1.7784102 2.1238582 -0.07201808 0.49731776 0.05793219 0.5816323 0.9944526 0.33724084 -0.9965118 -1.3214042 1.7898932 -0.23662715 0.48711687 1.0437858 2.397994 -0.24858718 -0.28971767 0.1727227 -0.1779318 -1.8646637 0.9239074 1.590554 1.8121632 -0.55106467 -0.7312389 -0.6108342 0.11165394 -0.152119 0.44906154 0.2991457 0.8388348 0.5148026 -0.3360735 0.31982955 0.9438808 -0.38322592 -0.5716931 1.0017211 1.4612911 1.0054564 0.029789997 -0.038807247 1.9910908 -2.0379755 -0.5901639 -0.5894091 -1.880752 2.5057595 0.9738549 1.1007415 -1.5773766 0.5491328 -0.6969889 0.32595608 -2.1933918 -0.50987566 0.7988696 -1.7333794 -1.6755114 1.350855 -1.2020049 0.783836 -1.2276759 -1.1850218 1.2840903 -0.64196235 0.6320608 1.3185474 -0.8505058 0.6822263 -0.041995443 -0.17204487 1.3128248 0.5202731 2.1716933 -1.1414739 -0.887132 1.1996181 0.947519 0.4567514 -1.334147 -1.6240798 -0.28001547 1.7162355 2.0707078 0.22222394 0.4799406 -0.549448 -0.17929113 0.8671498 1.1818223 -0.9223571 -1.2001672 0.7890579 1.5525372 0.3725587 -0.29019684 -1.3773406 1.4672207 0.9333179 -0.46534956 0.81913507 0.1634195 0.6800989 0.07533213 1.0140202 -0.49541062 -0.2436489 -1.7159272 1.4047886 1.0222887 0.3113878 1.1216468 1.533384 0.5293034 0.7970241 2.052075 -0.010428034 -0.7671256 -0.5289544 -0.057983246 -0.24736819 0.29202986 -3.2138367 -1.0550673 0.6649094 0.12170901
rubber -0.410725 -1.048856 0.07686738 -0.67855036 1.5829263 -0.80839914 0.03662957 -0.08510502 0.064449824 1.9091233 -2.7961783 -0.25626108 1.1775464 0.32469258 1.0625284 -0.5655322 0.1555669 0.7156851 -0.114123456 -0.6743756 -1.3406029 -0.5313559 -1.6477268 0.9171265 -0.63762826 -0.39476016 1.149739 -0.41435492 -0.8968007 0.5990541 -0.891071 2.5114803 0.46557754 0.78534347 -0.7573751 -0.9411327 1.6566069 -1.1795409 0.25755283 1.5454322 0.8729777 0.09020211 1.8417358 0.23660646 1.2383146 -1.9258127 0.93031776 0.26496467 -0.4784611 -0.48309195 -0.080898955 0.7600022 -0.17622542 -0.8872438 0.11590474 0.26693216 2.047958 -0.23766609 0.8492191 2.017294 -0.55849105 2.2321458 0.10911915 -0.7325782 0.32694256 -0.28128484 2.2755687 2.243181 0.07288853 -0.85085726 0.46016362 -0.12191346 0.20092729 -0.070173204 -0.7747625 -0.34542012 -2.6916094 -0.78570276 -0.54971534 0.7167705 -0.58059585 1.4841205 0.59175277 -1.081709 2.2888572 0.74534243 0.1261173 -0.8685826 -0.8007282 0.39544213 -2.1235902 0.59895533 0.5386201 0.41565543 0.024390193 0.031387184 1.0142901 1.2642282 0.5083445 -0.9080384 -0.06409592 -0.36748075 -0.25679046 0.3908168 -0.7507841 0.1608036 -1.0328126 -0.033799242 -0.14355315 -0.4501646 1.6423162 -0.054725785 -0.5231574 -0.94739926 -0.06121788 2.236031 0.09103776 0.005114787 -0.89467555 0.20451376 0.80611247 0.87836593 0.51246303 -0.4893927 0.34015733 1.1953201 0.53885245 -0.53363657 -0.7367409 -1.5764741 0.6998495 0.590621 0.3676366 -2.303441 0.8831426 0.71337944 1.6429642 2.5696585 -3.408435 -0.25561613 -0.9057424 2.016314 -2.1224241 -0.32741514 -0.45324418 -0.8331912 0.5895552 -0.9951395 -0.9846823 1.310485 -0.39128074 -0.45135656 -1.0928085 -1.6900618 -1.0643629 -0.35275215 -2.1844308 0.13549143 -0.5749008 0.9041764 -0.7012452 -0.2489728 0.5143152 0.26335365 -2.9729087 -0.67284435 -2.0340917 1.093068 -0.13738513 1.2050726 -0.21772146 -0.36937794 -1.034325 -0.2861264 0.71949255 -0.33570734 0.38210738 1.1816962 0.14025 1.3971603 1.2454895 0.50418305 -0.70726424 0.37609696 -1.409286 -1.2920021 2.0221531 0.039062034 1.0251186 -2.2965858 0.974909 -0.31478578 1.4439701 -0.7676592 1.009013 -1.2554295 0.44041353 -0.9976011 -0.69337153 1.1845412 0.6226042 -1.4208945 0.51936436 -2.7580152 -0.12472551 -0.44693103 0.07536869 -0.24638969 -0.99540794 1.3860916 -0.19202138 -0.6545674 1.333717 -0.4389973 0.13050345 -0.36195314 0.9683728 -0.24567787 0.117462724 -0.9013231 3.1374016 -0.39863336 1.8019656 1.7722992 0.012429792 0.19036448 -0.70115745 -1.1789174 1.1409922 2.6178234 0.42860347 -0.34296942 0.24850371 -0.6987818 -0.21734515 1.4850779 -0.07646615 0.28395787 -1.1238232 1.5480647 -0.28871217 -1.4901005 0.21710996 2.4680052 0.17096192 -0.6747436 -0.77513134 -1.5549166 -0.20344426 0.9928838 -1.7056512 1.4013519 0.74781907 -0.040855452 -0.8180426 -1.0354946 -0.08140592 3.50567 1.0526195 0.88472354 1.4162843 -2.3546832 -1.1905086 1.4112626 1.6933165 0.34349644 -0.7053753 -2.0320542 1.4453969 -0.004895535 -0.50316703 0.3288775 -0.10081452 -2.4258177 -0.15424263 -0.12219708 -1.193943 0.3547278 2.172068 -1.1938189 0.78294325 0.8877567 -0.33247086 0.0034965517 -0.5814244 0.036508176 -1.6086646 -0.19720595 -1.3843633 -0.31546924 3.142623 1.8624913 0.25626275 -1.5980871 -0.8424947 -0.1187265 0.11673571 -0.97430605 -0.0091972 -0.230035
vegetable 0.25855416 -1.8796736 1.3816468 0.4376602 -1.5292922 -0.79982555 -0.6490244 -0.31299716 -0.3010876 -0.71744764 -0.4361352 -0.54954356 -0.8324722 -2.2552629 -2.3975728 1.0862011 -0.30070806 0.48244587 1.5566406 -0.50386286 0.09789429 0.08436707 -0.25722858 1.4733858 -0.25448024 0.8586855 0.9446438 0.3930288 1.4576559 -2.357421 1.5678995 0.032665845 0.630724 -0.3577068 -2.4316308 -0.117292024 0.92423594 -0.9199346 0.50941455 -0.607456 0.72436094 0.061638683 1.5736587 0.68364227 -0.4284288 -0.34469244 0.4850762 -0.029392507 -0.6567779 2.8660796 2.5040877 -1.5313956 1.1505657 0.09645888 -1.0175438 -1.163456 1.3058425 -1.1503155 -2.227856 -0.12734298 0.34604058 0.79495937 0.36801454 -0.34603083 -0.5911766 -1.6444261 -1.4016734 0.15801044 1.605921 -0.62032205 -0.9054995 -0.031431545 -1.118645 -0.48931518 1.267989 1.0817028 -0.8022989 -0.42167735 2.2485783 0.7014117 1.171124 -0.04293774 -1.7311497 -1.0478594 -0.7694062 -0.32137668 1.7179011 0.7862374 -1.596961 0.6226852 -0.48659605 -0.4987877 0.4590443 -0.4123501 -0.14377892 0.2703757 -1.4658009 -0.22214058 2.866518 -0.5451048 1.4327515 1.7541127 1.7367198 -0.34177917 0.16290013 -0.78075826 0.016477162 0.48607022 0.072018266 -2.4004817 -0.6913912 -0.91045266 -2.334242 0.64992934 -0.9297931 0.87839955 0.5328461 1.369773 1.0676821 1.9493905 0.08789385 0.30365443 -0.41051456 -0.9825052 0.17974146 -0.94714993 0.8841973 0.7716968 -3.5938065 0.11452841 -0.5101507 -0.29780066 1.1483226 -0.5689336 -0.70092773 -1.3741049 0.1712457 0.8693942 -0.65886545 2.1360836 1.9381866 -0.72812676 0.057719126 -1.1182221 0.3543219 0.23991518 -1.9896531 -0.94840324 1.5436411 -0.9867227 0.04445471 -0.12804642 -1.1804394 -0.96791804 -1.380942 -2.4615176 -0.85827124 -0.5085211 1.3966494 0.31158635 0.91201526 0.054887064 -2.1422508 1.4504049 0.9970328 1.7594562 0.612311 0.93266517 -0.017643884 0.7036778 -0.9450643 0.2052875 -1.0440298 2.1382616 0.78018755 0.8780952 0.31331584 0.46429566 1.521106 -0.5984813 0.7598671 0.8784056 -2.1279902 -0.913458 0.62733257 0.10483618 2.29752 1.1540703 0.9566571 -1.285806 1.4830031 -0.9395022 -0.61187834 -0.5299507 -1.6327975 0.36909875 1.8671324 -2.2317464 0.40770334 -0.9329653 0.30368972 0.666418 0.053676363 0.068745375 1.7440908 -0.1865198 1.0050782 1.2498319 1.5330975 0.27436122 -0.3537546 -0.22988194 -1.2965947 2.4216232 -0.84153366 1.2944427 -1.4000655 -0.33295286 -0.66834646 -0.45236173 0.822857 -0.1884373 0.75606537 -0.5856484 0.22995079 -0.6999599 0.97614086 1.5507361 0.2118935 0.8756071 -0.25827757 0.2933627 0.9283635 -0.8967295 -0.7622593 -0.1529797 0.091150135 0.92757684 -1.2020192 0.9880955 0.108971104 -0.26832837 0.1131595 0.19446525 0.13547042 -2.653103 0.6169794 0.17091103 -0.9370305 0.7669232 -0.077109694 -0.39581746 1.3441479 -2.8986347 0.38251802 -1.2469492 -0.46531463 1.7356586 -0.18433487 -0.18560621 -0.5302606 -0.96972585 -0.22458169 0.015877273 1.3747817 -0.42980585 0.3971634 0.9197616 -0.331125 -1.3000538 -1.1622356 0.3283446 -0.3810048 1.1423336 0.7616289 -0.077704325 -2.321823 -0.27393612 2.9285512 -0.8383622 0.71749246 -1.1311668 1.5244915 0.3341435 0.32984862 -0.47347194 -0.7226371 -0.25707033 0.37268236 -0.75493735 0.31749094 -2.4931817 0.70886624 0.8578377 -1.0419592 -0.2803382 0.18473357 -0.030830767 -0.3148146 -0.88212395
vinegar -0.5730974 0.38870227 -0.093106896 1.1362417 0.24323085 -1.0552422 -0.8983601 0.41492122 -1.4857554 -1.6644381 0.31175599 0.20181778 0.15287443 -0.092798226 -2.4938145 -1.2942183 -0.4585475 -0.563462 -1.3516256 -0.25543386 0.38865966 0.9151329 -0.031012407 -0.269838 -0.6578994 -2.4747872 -0.1527485 0.24410926 0.56248564 1.6727837 0.21526518 -0.19955789 1.5235478 1.0172056 -0.74407524 -0.61231786 -1.4521496 0.20037821 -0.14737388 1.5858889 1.6198299 1.2424719 1.9335213 -0.24833539 -0.5766885 -1.3781981 -2.1792176 -1.3548445 -2.5072937 3.6773608 2.3018868 0.16810435 -1.5538918 -0.44847062 -0.20010558 -1.6573017 1.3993447 -0.1920618 1.4586487 -0.99322647 -0.17280504 -1.3259778 -0.99696195 0.31031734 1.7376977 -1.6048399 -1.1132908 1.1036692 1.5285102 -0.05396751 -0.1197928 -0.19843887 0.5280226 -2.2373462 -1.7937706 2.5482807 0.7006256 -0.8410604 0.0684419 -1.0674412 -1.8870043 0.57475007 1.8069799 2.000801 -0.53211445 -1.0019786 0.40612853 0.18737932 0.296225 -0.4639226 0.6616736 0.36379266 -1.5486698 -2.3819296 0.23670916 -0.7251609 -1.2163583 0.8429449 -1.3627238 -0.6248266 0.76065505 0.02389102 -0.7308826 -0.30580607 -0.025762022 -0.30165234 0.26029038 1.0486219 -0.5714056 0.90944356 0.74731195 -0.23771437 0.14069718 -0.62715375 -0.58729345 -1.1881362 -0.3255514 0.39708108 1.0591562 0.9291409 1.0564579 -0.3221204 0.117432736 0.78081226 -0.58769464 -0.2590106 -0.2914834 1.229316 -1.1181997 0.3195727 -0.7223689 0.9740861 1.4675107 -1.8580751 1.8795855 -0.76425683 1.6737041 0.692778 -2.5233397 -2.267315 0.15764302 0.02873025 0.11660249 -0.37417892 -1.8621886 -0.40411413 0.83890325 -0.22761062 0.2225224 1.2707425 1.2570173 -0.5229785 -0.41941068 -2.0619583 1.6603398 -0.25835672 -0.18737179 -1.3508371 -1.3307889 0.10596703 1.1663791 -0.13661987 -1.9800382 2.286236 -0.68232274 1.2274284 -0.1712841 1.1128188 0.605456 0.29900393 -2.2707162 -1.5173941 -0.51061934 0.016457636 -0.5582097 0.2913452 -0.23881255 1.2400151 -0.95202863 0.37476358 -0.3541052 0.58050877 -2.8738601 0.12334337 -0.5417971 -0.110825166 0.8934699 0.5423974 -0.5115385 0.4094146 -1.8576047 -0.68453485 1.0092487 0.10666525 0.20153335 -1.2682831 0.287651 0.19311278 1.2645218 -1.5079204 1.4723185 -0.6748012 1.3104813 -0.7412721 1.5775882 -0.14679843 0.92912036 0.9884793 0.3091185 0.048290752 -0.2981458 0.52075064 0.10543884 0.18089356 -0.21424872 0.20553881 0.3299412 -0.012963838 1.5364277 -0.6989068 1.2896434 -0.6304263 0.38406733 -1.332572 0.5858148 0.73308426 1.1053892 0.45670763 -0.21311599 1.223119 -0.8532753 -0.2648584 0.3250677 -0.5343867 -0.55984205 -0.34612927 -0.4105783 -1.1927234 1.753326 0.9832481 4.3553242e-05 0.28888354 0.05417328 0.6041119 -0.2702277 1.9452426 0.07304247 -1.3971045 -1.8655202 0.5011573 -0.25836942 1.4444436 1.2359812 -0.5455556 -1.0880337 -2.4344146 -0.64319193 -0.35109666 -0.10374646 -1.0413793 0.9692787 -0.9181073 -0.24705814 1.1415783 1.6397363 0.6905062 0.58212173 -0.18425603 0.004264146 -0.45859396 1.0064913 0.1559433 1.0572023 -0.5183055 -0.13078144 0.07176662 -2.618465 0.75908375 -0.23298077 -0.919966 -1.1255003 -0.65279907 0.7541056 2.2428577 0.9437139 1.441137 0.92006344 -0.52575064 -0.27484885 -1.6195186 0.57344097 -1.9048586 -1.0787429 -0.7885634 -0.8002833 0.29291308 -0.03648731 1.7597401 -0.21252353 -0.09733472
popcorn -1.5144475 -0.9586777 0.8172825 -2.0584056 0.9631605 1.3250389 0.9192531 -0.5582183 1.1452072 -0.09174632 -0.54401946 3.1546617 0.05101906 -0.26648 -0.26303795 -0.45377177 -2.9599566 0.4103477 -0.39767486 -0.6041764 -0.49765107 1.2462422 1.7080817 2.0954597 0.77517855 0.008798742 2.8137648 -0.6108005 -0.8241875 1.6179658 0.13989896 1.2565553 2.00372 0.37779966 -0.51874185 0.6501434 -1.1587024 -1.0688589 -0.29661912 1.8565863 -0.28962582 -0.572212 0.97218406 0.52830166 -0.5471282 0.035668 0.43789414 -0.5574491 -2.095249 0.05298191 0.16838832 -1.4343486 -0.7611959 -1.4993192 0.07780254 -0.73643744 -1.3036444 0.2995294 0.37349695 0.09095502 1.1371571 -0.734681 -0.34388995 2.107931 -1.4297265 -1.1750183 0.023653524 0.55210024 1.3533783 0.9168273 -0.11859681 0.12932998 1.0991015 -1.3572011 1.035293 -1.4218018 0.5535529 -0.9884565 0.4566074 -1.3803078 -1.0423671 -0.77785385 -0.1616584 0.3236312 1.2807425 0.29941368 -2.5380032 -0.93894196 0.68957883 0.36292958 -1.8972294 -0.72514826 0.044053882 -2.1139588 0.10005764 -0.5125749 0.33220696 0.32212204 0.5408694 -1.2779942 0.5609576 0.28609595 -1.2172989 -0.29664165 0.9339067 0.27412245 -0.224828 1.6621675 1.2976689 -1.4041678 1.250289 2.2721248 -0.5971141 1.9265214 -0.16501346 0.7654363 0.44091576 -0.8899883 -0.46435386 1.1855556 1.255659 -0.4453835 0.6486732 1.3138138 0.8225546 1.0478425 0.14509647 -0.76234126 -1.0661342 -0.33957937 -0.3875017 -1.6879202 0.25711426 -1.7425076 1.5156496 1.9091527 -0.91042507 0.18638556 -1.6072372 -0.4851212 0.29605415 -0.17799103 1.0176847 1.4198699 1.0113922 -0.7241439 -0.28534985 -1.9391848 -0.6581184 -0.580969 1.0803852 -3.6769783 -2.3316057 -1.3957425 -1.2039707 -0.55669534 -3.0901463 -1.3246932 -0.41265067 2.495487 0.15039653 -0.15903692 -1.1023443 1.4228306 1.7063307 2.1286025 -0.41788048 0.91673285 -0.025871234 1.6485269 -0.6485779 0.2864173 -1.7849716 0.86168873 0.67257935 -1.128146 -1.8508874 0.009798187 1.1287019 1.3235395 -0.30042893 0.057401653 0.19838515 -1.6962681 -0.5808675 0.91843736 2.3428726 0.13265204 -0.049791407 -3.3496947 1.7206225 1.4341755 3.34729 -0.86599886 0.5386252 -0.573532 0.23744796 0.5712074 -0.3025802 1.1508543 0.05745064 -1.7784097 0.30351412 -1.6248387 -0.45131528 -0.38741294 0.48134792 0.19758052 -1.4086325 0.8441093 -1.5182884 0.8061122 -2.2374122 -2.1160653 -1.2942 0.2155658 0.2515103 -0.4303268 -0.43623826 0.0760296 2.1337874 -1.3646486 -0.2126526 -0.08974533 -0.78075564 0.42172295 -1.4819133 -0.3007034 0.27091557 0.63062686 -0.7377902 1.1203607 -1.5684295 0.028280478 0.64713806 -2.15565 -0.12361784 -1.8747259 -1.6679265 1.9939353 -1.0900309 -1.6767552 0.2958317 1.450979 0.92327255 -0.8574619 -1.8126689 -0.42881915 -1.9533691 -0.6989098 2.4182358 0.2969745 1.705967 0.6323206 -0.49710655 -2.049161 0.979393 1.4848136 1.6554402 0.55918115 1.705397 -1.6253442 0.81009597 -0.90043813 -0.60866827 1.3458538 0.67956525 -0.2780414 -0.6121235 -1.8841283 0.59485424 -0.5817459 -0.11173948 -1.530427 -0.5513314 -1.1911865 0.13799527 -0.013451421 1.2785767 -0.64988977 0.4195624 1.402121 2.0359576 -0.90999526 0.23228021 0.45360455 0.6401279 1.5788431 -0.90395623 1.4783771 0.8095882 0.57630587 0.53109324 0.26324403 -2.069122 1.8074346 -1.5399266 0.53139865 0.09461489 1.7938888
potato 0.014094702 -0.66775185 0.5582283 -0.31776813 -1.0522916 0.06581217 -0.84732115 -3.3863118 -0.6019723 0.63869625 0.5917856 -0.0045133256 -0.87815 0.31427813 -1.9275546 -1.0969459 -1.0315402 -0.34950256 0.40959674 -0.26965737 -0.8463373 0.06582494 1.8124576 -0.10802609 1.3228048 -0.58534473 0.54318696 0.24803726 -1.5217553 -1.9947441 0.3652018 -0.1083051 0.56660026 -0.5398916 -1.3922749 0.66100675 -1.263933 -2.1522882 -1.0247483 1.2494316 0.38153416 -0.11814826 0.556201 -1.3846943 -0.60805464 2.3184888 -0.77499586 -0.81385994 -0.5719299 -0.022746064 0.7318593 -1.5623598 1.2487378 -0.83547586 0.6475501 0.7666288 0.13644525 -1.3889774 0.85729074 0.80766255 -0.20929322 0.68506163 0.7731318 0.08346982 1.9234195 -2.3502557 -1.3257929 -1.3633537 -1.383918 0.8313021 -1.958539 0.42053926 0.36007997 -0.24843387 0.7355809 -0.2341934 0.58872133 0.17894886 0.20700921 -0.6202411 -0.56860656 0.24361539 -0.27539128 -0.24471876 -1.2659942 -0.26973388 -0.74323636 -0.3697413 0.9627205 -1.0785633 -2.5174975 0.16133489 -0.31827468 -2.1195812 0.07039831 2.276288 -0.9112846 0.8602676 1.1192944 -0.070830226 -0.66698736 1.0359855 1.4715009 -1.1957133 0.41022083 0.11797724 -1.0119163 0.45782986 -0.42066625 0.07661716 -0.69129324 -1.0763958 -2.5354528 -2.0981526 -1.7474597 -0.5524146 -1.5247235 -0.8279708 -0.64446414 -1.0684375 0.11831806 -1.1133064 1.6766335 -0.72169685 -0.55378765 0.96923023 2.318069 1.3499227 -1.6852947 0.50663304 -0.026705228 -0.32851946 1.6168765 -1.2465966 1.7507864 -0.027102167 0.70791525 -0.24080183 0.8845001 -0.2790838 1.7380478 0.30625272 -0.7750531 -0.5195096 -0.7818741 1.2958047 -2.0795307 -0.53733814 -0.5333466 0.14161804 0.3005713 -2.3177772 -0.67272586 -0.7678861 -0.39269316 -0.6741162 0.19071531 -1.2128304 -0.72232354 1.0834132 -0.25013676 0.88943934 -2.2305605 1.9100791 -0.6248751 -0.08974291 -0.94178444 0.5532391 -0.2866213 1.1471819 -1.2684702 0.40265873 0.33219716 1.527113 0.10932598 1.5211352 0.25721067 -0.84363896 1.9895371 0.64568937 0.007015058 2.087719 -1.2291486 -0.7254327 0.094637066 0.6494366 1.056565 -0.71991074 0.29597634 0.49862444 1.9564638 -0.9360222 -0.15060367 -0.54657996 0.44821325 -0.98726887 1.665923 0.3783692 -0.008924885 0.5803767 0.8196197 -0.9347343 1.263083 -1.1322426 0.6767773 -1.2319834 0.11368921 0.1932621 -1.5620664 0.1915843 -0.9205392 -1.052559 0.08896702 -1.3364204 -0.7580618 -0.24282981 1.1055653 -1.8418992 1.7025716 -1.87258 1.409882 -0.56265026 0.3871964 -0.21702267 0.5320789 0.5519241 -0.17536488 -0.5323416 -0.025875855 0.13366058 -0.025021072 -1.2092217 0.3108484 -0.35754183 1.052475 -0.029071348 0.32952762 -0.1432742 -1.1929821 0.17879254 -0.83062834 -1.651719 0.2582984 0.31085017 0.63786626 -3.137197 -0.33560574 -0.43345454 0.421297 0.41548863 -0.7970442 0.6319736 1.3772316 0.14528537 -0.08470124 -2.1812437 0.40394306 0.28233865 -0.68128973 -1.7233653 -1.0365896 0.7800304 -0.69663996 -0.4223581 1.3769125 2.029068 0.65828514 0.45950046 -2.13797 0.106220104 1.0512675 0.74644643 -0.2684447 -1.138099 1.8241502 0.13381356 -1.2669607 -0.45244816 1.1575044 0.76612735 -1.5665523 -1.2469213 0.63460165 0.99773216 -0.46566308 0.44272727 1.19045 -0.49048227 1.6326381 -2.3229644 0.051989663 -0.83457464 0.03331378 0.5181974 -0.6650056 0.7449137 -0.68964165 -1.1895723 1.5365319 -0.4143605
strawberry 0.21777737 2.0245554 -0.3971031 -0.23099247 -1.7822562 -0.68555415 0.62293124 1.0858499 0.4448606 -0.97240955 1.3936187 0.978166 0.25357383 -0.15040272 -0.2738009 -1.1462914 0.7690739 0.68327165 -1.3200514 0.8683483 -0.8274948 0.5960325 -0.81949055 -0.35310552 -1.0823581 0.9608304 1.6405721 0.4182309 1.4471318 0.038859054 -1.0119648 0.5518556 -1.425148 -0.07718614 0.40025538 -1.7694529 1.3508241 -1.9340328 -2.2695444 -0.5154532 -0.1849446 0.55806017 0.26257727 -0.7492357 0.75471634 -0.63426757 -0.639579 0.33369356 -1.1051077 0.24684517 -1.2079697 1.2110448 0.015994407 -1.2993428 0.73496246 -0.35447192 -0.3283051 -1.1531668 -0.5140658 0.34942982 -0.26695046 0.25723284 0.739156 1.3395029 0.25058112 0.50423944 -0.5039321 0.47820196 0.60638756 0.8380321 -1.1378103 -0.7947951 -2.057092 -0.93949467 -0.10544131 0.6996353 -0.52491647 -0.3777203 0.09822541 -0.2535448 -1.129613 -0.41370177 0.20687257 1.1624792 1.0678581 0.050654553 -0.47703394 -0.75987214 1.1810669 -0.09072942 -1.39023 -2.2147555 1.710241 0.59110415 1.2686322 -0.5153644 -0.12485736 0.28707513 0.5179869 0.7911158 -0.70623744 2.2344592 0.13924626 -0.71280295 1.3368615 0.98244303 0.05294083 0.95048374 -0.33997515 0.039445743 0.2699912 0.6922893 -0.99501914 -0.41576165 -0.6030137 0.8057523 1.799094 -0.6287576 -0.04842452 -0.6504757 -1.0790328 -1.1646447 0.89559764 -0.058702692 -1.1109095 1.0465686 0.6868502 0.62335384 -2.4156754 0.48110858 0.13015658 -0.6590603 0.24727255 0.2164588 -1.1154383 -1.4674706 -0.46163112 -0.2523637 -0.549813 -1.8869873 1.781336 -0.5843001 -1.5124643 2.406606 -0.6127291 -1.047475 -1.3560096 -0.05562515 -0.008888033 -0.5818523 -1.088733 -0.7311961 0.36553958 -1.9259775 -0.051612534 -0.0023499844 -1.5492986 -1.1720172 0.13248183 0.7530016 -0.8168978 -0.5700483 0.22025433 0.9249487 -0.08118805 0.78648156 -2.7951567 0.44058672 -1.4694251 0.06863445 -1.0244033 0.4550239 -0.05539442 1.7053703 2.8483443 -1.3926739 1.1689428 0.15725741 0.2729107 0.5120302 -1.4706962 0.7603558 -1.0360602 2.1106842 0.31073904 0.5960792 1.6291504 0.9119533 0.1508205 0.3343664 1.0588423 -0.7591721 1.4197669 -2.6018124 0.08662724 -0.15809448 0.11311704 -1.6324664 -0.08863116 -0.38533962 -0.54323095 -0.63213813 1.5457671 -0.97212625 0.5331339 0.02790518 -1.4961591 0.59559053 -0.15733594 -0.4774728 -0.46122065 -0.7142947 0.8431313 -0.051292833 0.81818646 -0.62236035 0.09472494 -0.560404 1.358009 -0.57398576 1.4554372 0.4935786 0.09232514 -0.20610146 1.3068678 1.7963521 -0.7974526 1.9698473 -0.7015356 -0.5435139 -1.1281588 0.575699 -2.5125005 -0.50051236 -0.7628297 0.14878699 0.6595493 -0.77831364 0.8746777 1.3913656 -0.58475906 0.32214952 0.07894194 -0.6645525 0.31627265 1.2965991 -0.31003103 1.7269139 -1.773991 -1.0394447 1.6125644 -0.31488082 1.8736182 -0.30270612 -2.7950416 -1.287256 1.3291078 -0.050113108 -0.63043845 0.57473624 -0.97471803 -1.4459792 0.17226693 0.47483957 -0.22199075 -1.5898504 0.081490636 -0.24818349 0.46029228 -0.47687432 -0.09698027 -0.44797352 0.12562239 0.09681646 -0.55903846 -1.588643 0.8981789 -1.892551 1.0747722 0.8834556 -1.5061325 -1.2165967 -0.41824338 -0.64545697 0.25571913 0.84190625 0.43462193 -0.4886013 -0.0035667836 -0.5431996 0.6598965 -3.0744534 -1.2034138 2.1963487 -2.0463185 -1.3052458 -0.6616456 -0.9420937 -0.39221296 -1.7204078
peppermint 0.76297456 -0.1641031 -0.5340313 -0.16360371 0.28956345 1.1827924 -1.8694487 2.2873108 0.81128514 -2.8349726 0.8300305 0.39034116 -0.28654078 0.6891337 -1.5658263 -1.9379385 1.3785225 1.4961308 0.5561374 2.4051573 -1.7449721 0.55708534 -1.5454546 -0.82922167 2.5105119 0.46530747 -2.3439634 -2.6011286 2.9336128 -0.23038289 0.2391764 1.1400874 0.43445423 -0.47691357 -0.22929744 -0.0857521 1.5339475 -2.3558269 1.5133632 1.3570622 0.75474334 0.43306085 0.86382776 -0.43629178 0.052341465 -2.247177 1.3463303 0.80677104 -0.53505415 -0.9903017 -1.3177056 1.3979778 0.18304804 0.2567175 0.6442144 -2.1682444 -0.2646038 -0.055126145 0.0852421 1.2808355 0.18942134 -0.08734585 -0.83760023 0.7320098 1.9171587 -0.77490807 -0.6536081 -0.9167541 1.6121211 0.025847148 -0.41536257 0.3059672 0.45500422 -1.1485702 -1.1469204 0.6590435 -0.62950546 0.6944597 -0.15092027 0.048635494 -0.4374691 0.22256914 0.74699444 0.57189035 0.3343418 -0.92136836 0.5964004 0.31545663 0.4389751 -0.8154724 1.4575018 -0.78703547 0.58218265 -0.6188948 0.47054818 -0.1252748 0.27719474 -1.0916322 -0.36113402 0.687494 -1.2741885 0.048141062 0.28460488 -1.1196885 0.9236443 -0.6522014 -1.6985602 0.76693124 -2.1348574 -0.5059629 -1.4779696 1.7327346 -0.66255945 -1.6413058 -0.008513062 -0.4025649 0.26087728 0.7313921 -0.9200439 -0.3872037 0.11170363 -0.063556395 0.04063259 0.42155862 0.13751438 0.78925467 -0.4775748 -0.6920198 -1.2890341 0.56128687 -0.72637147 1.1710857 -1.3743647 0.11432598 -0.43000057 0.52734065 0.47474107 -1.6949646 -2.7303164 -0.3086926 -1.7414503 -0.45499432 -1.2234576 1.0474348 -0.9430388 -1.6313169 -0.21239838 0.8377643 0.5218636 -0.72392666 1.1929294 0.14241837 -0.24683031 -0.8689351 0.13765831 -1.7860353 -0.47441578 1.5020025 0.49345446 0.4854919 -0.08608104 0.5666906 -2.4787776 0.7137157 0.8762785 0.45413938 1.7947397 0.19809756 -1.2653104 -0.06541833 -0.5604392 -0.44205108 -0.08316866 1.5015954 1.3982282 -1.0243332 -1.7313113 0.7694604 -0.10864542 -1.5671121 -0.16135088 0.3957997 -1.6200587 -0.26001427 -0.10566806 0.78915805 1.6406915 0.1218049 -0.96952623 0.4688846 0.06330137 1.1265055 -0.0017385872 -3.2244124 1.0053831 0.39015657 0.049809806 -1.6787835 -2.2194288 -1.2098923 -0.15924643 -1.1815464 0.70961607 0.0530115 -0.20108943 -0.98831725 -1.4956602 -0.072822735 0.17154628 -0.84044677 0.27865195 0.7835113 0.3330349 0.24153276 -1.2107272 1.9843836 0.36208412 0.7538824 0.2147028 -1.2057536 0.64593494 -1.2108316 -0.17289639 -0.6160704 0.9076058 0.2767177 -2.4258687 0.39635488 0.9351076 0.048329655 0.5473351 -0.28374192 -0.72214264 -1.6638786 0.8424255 0.3646748 -1.2224394 0.69109225 0.22651681 1.2757087 0.78808933 0.045437194 -0.13203907 -1.3825936 -0.26615742 0.4350097 -0.66946006 -1.606889 -0.6437454 -0.8917239 0.48199946 0.8578571 -0.72119683 -0.4440965 -0.36648503 -1.158811 -0.015293984 2.7780418 -0.026236998 -0.33130822 2.1687434 -1.0096236 -0.1907816 0.53008 -0.34749976 0.9070513 0.23955356 0.40805447 1.0790602 -0.88565624 0.5765252 0.2361338 -0.428403 0.41686606 1.4887502 0.4585147 1.1611599 0.4720186 -0.26350754 -0.23201741 0.29749396 -0.38719362 -0.28447288 -1.4855841 1.7493508 -0.91552854 -1.1586992 0.9596439 -0.8306336 1.2702516 0.15887305 -0.26596776 0.022163797 0.13813585 -0.6567656 0.07338893 -0.012438939 -0.10875732 -1.1569698 -0.16280808
mouse -0.8332919 0.76544523 -0.014828773 -0.1795447 -0.67881036 -0.18657863 0.63480103 -1.0480615 -1.2650601 0.8546681 -0.11300793 -0.8992075 0.2508887 -2.0156941 -1.6369635 0.51419795 -1.4712058 -0.97054106 0.038881186 2.6024992 0.8641916 0.7335394 -0.7759867 -0.6727524 -1.3958235 -0.11269938 -0.22594199 1.1611583 0.098169334 0.11644419 1.589173 0.09687222 -0.9937388 0.3279844 0.10382944 1.7058572 0.5540291 -1.425562 -0.43084872 2.4870865 -0.5557297 1.7400912 0.972378 1.1265943 -0.31177443 -2.5126655 -0.80704176 -0.06916943 -0.11001322 2.7203698 -0.56656104 -0.4996575 -1.5446851 -1.6820993 0.024319014 -0.46718127 -0.34061095 0.98074275 0.86625063 0.58282685 0.08370211 1.9903146 -1.3706794 -0.7822819 0.4268773 0.1686755 0.80867535 -0.83127016 1.9133538 -0.5930705 0.53177094 -0.7067301 1.0434148 0.80504286 -0.8459641 -0.3486068 -0.30435652 1.9788612 -0.72374266 0.51771766 -1.1376258 -1.0087551 0.54670244 0.23575927 0.6546227 0.046064634 -0.54276925 -0.29770488 1.5991988 1.4417996 0.11919261 0.0633574 0.13227038 -0.7023758 0.098325744 0.95986897 -0.82664824 1.799265 -0.31286308 -0.072978616 -0.5635363 1.2494825 0.7540089 0.3200657 -0.20149854 -1.775441 1.0477192 0.9004889 -0.8041702 0.27976036 -1.9823287 -0.16052558 -0.116791315 0.59793794 -0.50886357 -0.6151998 1.419722 0.63185704 -0.12384603 0.5163651 -0.9722568 -0.75807464 2.1402705 -0.26670766 -0.9026853 0.5172201 0.5144317 0.8074817 0.68624616 0.45071387 1.1012113 -0.71375054 0.47402373 -1.4082869 0.9888264 -0.13667561 2.2267292 -0.07878276 -1.3840656 0.24162629 1.1242607 -1.1037148 -1.4566789 0.6759542 1.2894506 1.3658496 0.5871337 -0.3731949 0.8590315 1.4971805 0.5905858 -0.51183665 -1.837689 0.33375418 0.010850882 1.0825851 1.0549182 -0.8874235 -0.28489265 -1.8732367 -0.034934808 1.0954441 1.1614943 2.4844124 0.0835751 0.68903494 1.2653713 -0.51068795 -0.5904316 0.24072315 -0.10328517 1.2749946 -0.727513 -0.9731204 0.5741572 -0.06987995 -1.4654067 1.482428 -0.17883033 0.9605422 0.5560736 -0.5843963 -1.0512614 -1.0350196 -0.52211165 -0.9766301 -0.398014 0.65305907 -0.48187798 1.0542552 0.06042518 0.81354886 0.7815053 1.2997141 0.042618062 -0.22793768 -1.5741338 0.33131287 -0.3308511 0.55049586 0.3137915 1.1053594 -1.4606968 -0.39088407 2.350637 -1.629438 -0.69046766 0.7409717 1.6133662 -0.7346827 -1.4127654 -0.74377877 -0.98303974 1.6214788 -1.0870345 0.361122 -1.3764939 -1.2657735 0.57086205 -1.0628495 0.6681765 -0.37804773 -0.6074667 0.39224678 1.6742842 0.2056312 -0.18923967 0.89541537 0.8901426 -0.056240257 0.13093221 0.32065088 -0.101153225 0.97637314 0.11657618 -0.3005506 -2.1870675 -1.080079 0.70003533 0.5536649 1.7224079 0.96117276 0.30702212 0.058267426 2.5091264 0.19780815 -0.91407 0.88006467 0.21145056 -1.787844 -0.8769219 0.13695005 -0.8038266 0.7422052 0.34652865 1.6529095 -0.14944845 3.5092857 1.219129 0.0037964866 -1.0094808 -1.767067 -0.318376 0.6029257 2.2504244 -0.4744659 0.21548735 -1.6195836 -0.6170532 0.043469366 0.1576911 -1.0055246 0.6597667 -0.21299091 0.94771963 0.2710876 1.6967192 0.9310108 0.27527133 0.4504886 0.13351639 1.7269284 0.9757627 0.19061784 0.10637017 0.23017688 0.5406981 0.49829623 -1.4532455 1.9974403 1.0274173 1.0851994 -0.0142949475 -0.099427916 0.35141745 0.4052723 2.0043004 1.660207 -0.21924342 1.0234084
disinfectant 0.13775112 0.50948465 0.9361969 -0.9723114 0.5802336 -0.772034 -0.6034594 0.7501681 -1.294017 -0.6400369 -0.4135051 -0.7879662 -0.62135154 0.066073574 -1.1853771 -0.9176181 0.20044701 -0.7204202 0.46701312 -0.80997086 -0.3159559 2.0538027 -0.0800098 1.6398834 -0.113303006 0.0077086934 0.7523043 -1.5734378 1.5415498 0.6282641 0.23434046 -0.7212706 -0.54461 -0.45570087 -0.5164911 -0.30562487 0.31281194 -2.7166793 -0.28132272 1.5302362 -0.9035325 0.07983706 0.20992327 -1.2100453 0.4520227 -1.8927159 0.5298183 -0.77908134 -0.47375074 0.77603465 1.4386227 -0.5195094 -0.64561474 -1.2446611 -0.019208167 0.048167817 0.4613944 0.5588183 0.17261963 0.2369323 -2.7857635 1.008965 -0.96154165 -0.5451572 -1.2701482 -1.5828909 -2.5726154 -0.800913 1.9216893 -1.3895813 1.0218575 0.85438526 -0.17481318 0.23849939 -0.2644575 -0.047643166 -0.55106765 -0.54449856 -0.97595644 -1.0875688 0.14020717 1.6512896 -0.6636335 3.3375454 -1.4279 -0.6492837 2.1242764 -0.64056087 0.98511916 1.4206047 -0.79671544 0.16137336 -1.1015077 -1.8855006 0.9607872 0.54790974 2.3619955 0.6130006 -1.2155646 -0.12819973 0.99301773 0.92108357 -0.3486244 0.69075835 1.6377882 1.1676816 1.3881457 0.050049953 0.23426403 0.5462842 0.0028943631 0.49793997 1.5996963 -0.18871427 0.3367526 -0.6292574 -0.3422846 -0.57476395 -0.386055 0.75210994 0.34537098 -0.82476556 -0.62693983 0.9902542 -0.32357672 1.4976245 -0.5437427 0.1341454 -0.31913272 0.29221815 -0.6107869 0.14919068 0.9960207 -0.64799994 -0.515452 -0.96594816 -1.0592984 1.0710993 -1.4512392 -1.7151784 0.8355939 -0.45975983 -2.0408819 2.0462534 0.20133708 -0.1441877 0.57718885 1.0457356 0.31675524 -0.64228994 0.8772787 -1.1819984 -1.5292436 -1.8019476 0.07387581 -0.8203187 1.2609211 -1.1559638 -0.8716761 -1.3630453 -1.3177787 -0.45083907 -0.2984943 1.9790735 -1.2831943 -0.59205884 0.34072658 -0.49584538 -0.7308571 -0.4030827 -0.4124233 1.812458 -0.38037637 0.33439493 0.62726396 1.4846295 -0.31679288 -0.22437179 -1.2202259 -0.30704123 -0.27320126 -0.2862149 0.7989947 0.1890783 0.69001114 0.21540557 2.1452026 3.1849792 -0.03587219 -0.2775015 0.65330696 -0.68665546 0.47909686 -0.92598635 -0.895738 0.403624 -0.24101354 -0.35189113 0.49492782 0.58072996 0.4128426 0.999462 -1.7407664 -1.4884499 0.2064143 1.4740804 -0.89900506 1.7636913 -0.6436691 0.5475446 -0.388203 0.36816335 -0.826963 3.1762915 -1.2873069 0.0625524 -1.2411039 0.8612001 0.789462 -0.83832484 0.18974164 -0.83729917 -0.64168954 -0.3074461 0.5281 0.96753794 0.8023141 -0.5779169 1.5837358 -0.69873196 -0.348303 0.13335945 0.43005 -2.450888 2.0522416 -2.0715885 -0.3895899 0.14772487 -1.043384 -1.1618937 3.3072944 0.5174568 0.29259804 0.4136145 -0.04479061 0.123335645 0.8709912 -0.56950307 -0.02466899 -0.73750496 -1.4589533 -1.2225019 -0.75745887 0.24138014 0.7044566 -0.35188332 -0.71988183 1.403321 -1.514048 0.5916128 1.4755322 -1.4249403 0.20620206 0.36066598 0.55239844 1.7535006 -0.23694867 -2.0443697 -0.9256186 -0.019112043 -0.27651426 0.5667922 2.6339297 -1.3952817 0.45851153 1.624939 0.6093452 0.46697164 0.22180513 -0.58029217 -0.9252932 1.2861612 0.63673455 -0.08455817 -0.004781135 0.33526683 1.2771041 0.70739293 0.34019148 -0.09100777 0.31520018 0.9626285 -1.022274 -0.38790664 1.2628595 1.900152 -0.939456 -0.45913604 -0.9795236 -0.34573498
peach -0.23590851 -0.43120778 0.59763706 2.3361485 -2.4111075 -1.0815804 1.900164 -1.7211415 0.86444676 -1.1134015 0.2821786 0.99727064 -1.2776076 0.9584312 0.19622317 0.119296655 0.9752325 -1.2441596 -0.8141151 -0.23627429 -0.9459659 1.9513209 0.010719512 0.46330684 0.660388 -0.9413777 0.15730003 1.1652946 0.7156504 -0.6881485 2.0524583 -1.0059146 -0.6371584 -0.49487323 0.5997326 0.2427483 -0.5759815 -1.8034028 -1.7832704 0.9313324 0.69049084 -0.21904442 0.92278266 -0.08458036 -0.8654746 0.53843945 -0.4961518 -1.5283393 -0.5579196 -0.9264824 -0.6464395 -0.28037614 0.38827685 0.179933 -1.4885204 -1.046905 -1.8663746 -0.7772142 -1.4766506 -0.4887267 -1.5359254 0.1754974 -0.48575348 0.7673239 2.2567332 -1.942728 -0.9829407 -0.5748546 -0.13617586 0.52266544 -2.3250928 0.81512356 -0.45496505 -1.5658324 -0.46689716 0.078833595 0.3611151 -0.012793525 1.572807 -1.0396632 -1.5907022 0.6399224 0.97559345 0.20514195 -0.8935236 -0.31288537 1.56138 0.6086011 2.1890755 0.339295 -1.9162124 -2.118245 -0.77242714 0.18163691 0.6737211 0.81871575 -0.8571141 0.7671279 -0.8378799 1.4391142 1.5413098 1.8158525 -0.32626125 0.45856187 -0.2913207 -0.41584247 -0.121975854 2.0905519 0.36718038 -0.340176 -0.19057785 0.2324722 -0.9412177 -1.1651354 -1.7711136 0.05583313 0.9997439 0.7756873 -1.4094402 0.19044757 -1.7490988 0.50051683 0.6782705 0.30243716 -0.82077557 -1.0003784 0.6997693 1.0943297 -2.710014 0.0050766105 -0.9969708 -0.6448647 0.8910674 -0.96251553 -0.46880433 -0.6388862 -0.98831505 -0.8102188 -0.17577599 -0.94570017 -0.99971926 -2.5686305 -2.6260126 0.7863479 2.3311083 -1.7038376 -2.7500951 0.79198915 -0.5969496 0.3042202 0.79423213 -0.45433593 -0.68578166 -1.1749148 -0.040276926 -1.3999847 0.017879685 0.8347821 1.5817487 2.0771565 -0.12280583 -0.26875415 -0.02434143 1.4527646 1.0764387 1.00494 -1.1506878 0.51186395 -0.71074575 -0.48959383 0.41748258 -0.32553384 -0.038980562 0.35594675 1.0664947 -1.3416319 -0.2726034 0.18803355 1.1179496 -1.533303 -0.23395525 2.3456202 -0.7686145 1.6376915 -0.0035132314 0.7050438 2.8316445 1.7954675 -0.22813085 0.19278722 2.3754737 -0.6851156 -0.5679145 -1.6442176 -0.15571216 -0.12481306 1.9332741 -1.3440925 -0.9645871 0.9966155 0.58218575 -1.2375056 0.49838915 0.3354724 -0.7227803 -0.3580989 -1.8061029 0.9919911 0.9979048 0.8856755 0.63231105 1.0328598 0.34252632 0.9280473 0.47565252 -0.2504287 0.2225409 0.49549446 0.4997113 -0.0025825398 0.31000835 -0.1331755 1.6729112 -0.33899444 -0.7689525 0.092937 -0.24528171 0.64741033 -1.6303654 -1.931288 -1.074451 0.8941848 -1.3176061 1.2487634 0.7909718 0.3707567 1.2760506 1.0279621 0.12233931 0.29433176 -1.0926615 -0.8288724 -0.9384578 -1.227075 0.8163602 -0.39053512 -0.82622886 0.6791602 -1.0520364 0.6153961 2.2259247 1.543781 -0.09436738 0.2901445 -2.214646 -1.5803747 0.964836 1.0999212 1.0626369 -0.34418994 -1.704326 0.27733883 -0.3828945 -1.4206098 -0.9429991 0.9393382 -0.16340096 -0.8143973 0.9592939 0.48050535 0.8330165 0.8313836 0.66456395 -0.6035963 -0.25733292 0.6203531 -1.6251562 0.13292927 0.26585224 0.9199558 -1.4481436 0.09910446 0.90282345 0.0062579284 2.015911 0.4011838 0.91783625 -0.5074167 -1.1940503 -1.5066166 0.50082105 -2.503404 0.049411852 0.22416994 -2.326835 -0.80945915 1.2136177 -1.1253141 -1.6177427 -2.5169933
cherry -0.448997 0.08629099 1.1579523 1.2969936 -1.5778711 -2.7569733 2.4860404 0.22067219 1.198815 1.003726 -0.01067984 0.52839786 -1.2702096 -2.0714529 -1.7683245 -1.1146001 -0.39612293 -0.4473447 -0.8732673 0.23686205 -0.1052916 0.7687351 0.4507887 0.88043296 0.5326926 1.7455745 0.5857571 0.22975478 -1.20897 -1.3702574 0.22471024 -0.18312746 0.90785664 -0.20390473 -1.2030901 2.6094093 1.8979602 -2.457514 -1.5329674 0.32565093 0.15790074 -1.8356113 0.1652251 0.9985048 -0.7590105 -0.530926 -0.004630912 1.1191822 -0.32305667 0.4991893 0.10210727 -0.45470592 -0.3448697 -0.737805 0.7275537 0.34253722 0.35487548 -1.5356435 -1.9392351 -0.62825036 0.31886235 0.3005794 0.5967179 -0.7297826 -0.18497124 0.68593436 -0.95874345 0.07266635 -0.053982936 -0.66023207 -0.97979933 0.76186967 -0.24783552 -1.8827195 -1.8207306 1.2330633 1.543116 -1.6158714 -2.8723485 0.65362126 0.13927145 1.0743442 -0.049622744 1.9630911 1.5371475 -0.31962213 -0.3074706 -1.3871795 0.20110132 1.5393908 -0.1248959 -2.1869712 1.3926781 -0.28891593 1.5339631 -1.5788614 -0.7623551 -0.34732985 -0.5068738 1.8526049 -0.875707 1.0711498 0.28059202 -1.167791 -0.74773073 -0.53349173 -1.9531417 0.261253 0.34159744 0.32022905 1.2943343 1.3046718 -0.2234557 -0.5365216 -0.8623446 -0.005891719 -1.2743849 -0.13348947 1.038536 -0.13151167 -2.20867 1.2166651 -0.27328378 1.7303945 -1.2101002 1.4802998 0.015657034 -1.5724415 -1.1767284 0.032629926 0.15637152 -0.90593266 0.053746022 -1.1040099 0.5805815 -0.9623273 0.33317333 0.10291203 -1.6436315 0.71754366 -1.3031684 0.77843404 -1.9155327 0.22651814 0.13883005 -2.0705585 -0.7896843 0.0035415064 0.53547 -0.701212 -0.20698853 0.83752656 -0.19410928 -1.5203149 -0.46475694 -0.68494445 -0.8482701 -0.37167102 0.0977932 0.6310668 1.6024404 0.8784504 0.6040561 1.4756011 -0.5743875 -0.51176673 -1.0675504 -1.7154666 1.6509476 0.49956405 0.33799937 -1.3042145 1.3577527 1.9982415 0.63224244 -0.09439109 0.8749936 -0.047225747 -0.4529871 -0.96255946 -0.21347691 0.46120936 0.723931 0.26066193 -1.6744204 1.2606657 2.915226 0.5489891 -2.0997705 0.15519415 0.038809717 -0.32006434 -0.17254429 -0.079493776 1.2082931 0.25095814 2.1342828 -2.3099196 -1.0318938 -0.93149525 0.65457255 0.5356527 2.7003443 -1.3373754 0.98603445 -1.1567682 -0.0075461776 0.48646638 -0.37536764 -0.044568785 -0.064091735 -1.5125585 0.85135436 -0.8265323 -0.32377693 -1.8219274 1.1743748 -0.43442225 0.82833195 -1.5149329 0.39759415 -2.1492896 0.6793501 -0.9041918 -0.70482296 0.37779394 -0.30503866 0.95172507 -0.803198 -0.3195 -0.5173901 1.4672996 -0.7604086 0.4877069 -0.3853271 -2.2375526 0.5673455 -0.7030468 -2.2499475 1.8895909 0.37327093 -1.5322337 -0.8176344 -0.36928028 1.3554151 -0.07910052 -1.9750866 -0.42054832 -1.6178389 0.8291651 1.6140165 0.10834014 1.2804655 -0.90338415 -0.2534992 -1.1231349 1.307551 0.14720078 0.7752091 -0.37659284 -0.65314204 0.030275555 -0.06162593 0.34388998 -2.2981765 0.7961831 -0.68362176 -0.5774686 1.4783394 -0.9691224 -0.39228573 0.073160365 0.5321196 0.40828755 1.1949195 1.2924352 -0.5881317 0.41212305 0.20712063 0.19192047 -0.8409581 -0.34849212 -2.2808151 0.55365354 1.3017297 -0.38147894 -1.8845739 -0.7333491 -1.101924 -0.40375525 -0.8492264 -4.280972 0.5664679 -0.34182 -2.0614014 -1.1761862 0.8402994 -1.1235367 0.9194208 0.011753074
bark 0.69855064 -0.92600006 -0.117039 0.28614125 3.5808852 -1.152039 -0.13891219 1.252185 0.62001383 -0.86619234 -0.73087054 -3.626925 0.6865574 -1.3238119 -1.5604588 -1.2080994 -0.82475364 -0.60452276 -0.8163665 3.0784066 0.29190844 -1.6929431 -2.54022 -0.122560374 0.6185962 -0.43029 2.9782338 0.5900163 0.782292 0.07544149 0.8048321 -0.099349484 0.14584675 -0.36529836 0.5008854 1.9682194 2.2242143 -0.72665846 -1.2279088 0.71766734 -0.47268257 2.3077624 0.82679653 -0.8445951 -0.033728104 -0.44559672 1.2108928 0.19438766 0.081662826 -0.07079035 0.3408366 -2.385231 0.059649877 0.23266277 -0.42196634 -0.20022134 0.2550519 0.5514518 -1.3380978 0.9812218 1.7339597 0.45679688 0.11381333 -1.1869458 0.33809653 -2.1647797 0.15016666 -1.0693073 1.1035184 0.12646921 0.54892516 -0.20301282 -0.51815933 0.17632276 0.33993483 -0.10103672 -1.3710264 -1.3658452 0.096830554 0.20543343 -0.91563296 0.32637918 1.9502873 1.9178671 -0.19039764 1.079851 -0.35432437 0.26313314 0.75137997 -0.6281493 0.9549099 0.68586797 1.0019262 -0.8247839 0.8236506 1.1449192 -1.7558357 -0.35414308 -0.16286105 -0.0037505522 -0.46899325 1.9759953 0.06953104 2.0546372 0.2011917 0.118756466 -1.7379467 1.240583 -0.3831176 0.18660276 -0.18535319 -0.28361756 -2.5211492 -2.0575027 -1.0518705 1.0079968 0.5943933 0.90499985 1.2913179 0.8342297 -0.85162073 0.06632696 1.3214513 -1.4088763 0.6580449 2.5108688 0.4880101 -0.9150177 0.30434167 -0.78419846 0.951042 -0.6177705 -0.38516587 0.58442783 0.87403 -2.0570703 1.1397604 -0.14271833 0.18148135 0.8275179 -0.35180524 0.06891195 -0.73377603 0.39809787 0.7667853 0.6189703 0.94106674 -0.03765216 -0.6038416 1.0955808 -0.8820664 0.7135739 -0.48750982 -0.06286267 0.030823743 -1.4477789 1.8197355 0.13955958 0.19243011 0.80228245 0.054648474 1.6062403 1.863142 -0.51793975 -1.1545308 1.2750336 0.12621419 0.9856771 -0.24369828 -2.0120385 0.35049507 1.0414327 -0.17238888 -0.49076417 -0.57213444 -2.7429595 0.67018825 1.0746797 0.18094265 1.7772151 -0.15247214 0.42567536 0.682011 1.0559365 -1.2294234 -1.1687804 1.2860603 0.6324763 -1.0880201 -0.97655225 1.891479 -0.7689493 1.0391059 1.4513192 1.2208934 -0.7011903 1.7940108 -0.8109664 0.37035072 0.7197651 -0.8098139 1.6011629 -1.3651423 -2.8401456 0.5299177 -1.7179358 2.9202123 -0.3237525 -0.359492 -0.16953859 0.42085448 0.34828386 1.1492529 1.9966097 -0.026434645 -1.1396116 2.048775 -1.887334 1.0546606 -1.261159 0.50419664 -0.4432309 2.9314053 0.8924903 -0.9923322 0.77847606 0.62313205 -1.018089 0.3279417 0.75169647 0.63984525 -0.79987276 0.017228251 1.4198093 -0.8056938 2.0249174 1.9797909 0.12783733 -1.0695828 3.2426276 0.5605556 0.16589771 -0.4226296 -0.026284035 1.784871 -0.6620966 -1.0806061 -0.5056235 -0.22301929 0.098071724 -0.044352837 0.73851675 -1.4821022 1.2135674 -2.5177622 -0.9690504 0.36079898 -0.021853419 1.580812 0.12438399 1.6080921 0.24010205 -2.6635847 1.0240132 0.27751184 -1.1139764 -1.8220832 -1.6581872 -0.15520704 -0.20015681 -1.8596004 -1.0018992 1.0311244 -1.6265512 2.2193677 -0.68818223 -0.11680559 0.20251846 1.9881654 -2.1685169 -0.62335664 0.15264043 -0.56642866 0.19038779 1.7729673 -0.2456885 0.2679853 -0.19655538 -0.51258415 1.0638198 -0.35214058 -1.542985 0.41735405 -0.00038147136 -0.33921343 0.36841103 0.006496693 -1.0253075 1.3118157 0.34512532
clove -0.56899667 0.451407 1.369949 0.26524198 0.99582916 -0.9892054 -1.6278348 1.1536934 1.6568731 -0.6699215 -0.0557398 1.476151 -0.069633834 -1.1282141 -1.8182037 -2.201479 1.2317128 0.4899675 -0.255809 1.858488 -0.39769053 0.041449253 1.2742416 1.395083 0.17804642 -1.019165 0.7886507 0.16870217 1.0160626 -0.95448846 -0.50506836 0.6886183 1.0272261 -0.73458725 0.30923024 -0.23735766 -1.2845757 -2.4358757 0.96669924 0.9894655 0.539064 1.7853677 0.28037438 -0.37923154 -0.35152394 -1.424521 -0.6095011 0.3016758 -2.0322332 -0.48569086 -0.48697272 -0.83372396 -0.3372573 0.7338427 -0.4091097 -2.0058417 1.3782591 -1.0700678 -0.398502 -0.8755391 0.75888544 -0.7373485 -0.11703891 -1.7257904 1.6900506 -2.1397629 -0.51854765 -1.762257 2.1053388 2.5398657 -1.188147 0.68313634 -0.89196956 -1.5862696 0.21719897 0.9404233 -1.192719 -0.8435216 0.54549813 -0.28406888 -1.4264511 2.5407608 0.641736 0.865611 -1.4263139 -0.5823304 -0.13821958 -0.5200219 0.057987127 1.0915676 -0.036870018 -0.1927679 -1.5758258 0.62188196 -0.17481072 -0.15277752 -1.4639893 1.2240796 0.8951917 1.5660313 0.24131294 3.2525997 -1.9206995 -0.050980896 -0.8512825 0.28918234 -1.423704 -0.7635355 -1.3913883 -0.40876827 -0.88742954 0.71305203 -2.3768344 -1.0302271 0.2937055 -0.078471415 0.86231095 1.3806019 0.47017914 -0.7723559 0.777274 -0.0414954 0.22312911 1.6174885 0.108552724 0.9437473 0.52589595 -1.0042175 -1.1511964 1.8995483 0.45461482 0.24183576 -0.3103512 0.77168894 0.9418164 -0.111115135 1.6543953 -0.0348315 -0.43190813 -0.99257255 1.5512997 -0.39864677 -0.82770795 0.12421041 -1.5244902 2.516603 -0.040072873 -0.17565066 0.2897642 0.38799328 0.9378254 -0.13502866 -1.2986434 -1.9342452 -0.73458725 -2.245538 -0.9021 0.9831485 -0.09359659 0.5594547 0.024616582 -0.20994009 -1.2960259 0.1754174 0.47351235 0.56498617 0.15474968 0.70962757 0.35365453 0.26084223 -0.5296267 -0.30810946 0.07362314 1.9326277 1.5357926 -0.16776401 -0.2600424 -0.74688566 -0.16453168 -0.66495514 0.290235 0.23982279 -0.41721278 2.821631 1.1663672 0.5387493 1.5769131 0.2322528 0.11830196 -1.3029518 1.5553566 1.2022986 -0.028807648 0.13920747 -3.3875604 0.5579637 0.24101582 -1.2381794 -1.3041817 -1.7353382 0.81768507 -0.023559503 2.495894 -0.8039558 1.0845574 1.1550756 1.8238679 0.4050932 -1.4846947 0.7594395 -1.0300746 0.3699554 1.3066019 -0.24088137 -1.80977 1.4319417 2.4991124 1.1989546 0.43346173 -0.35680273 0.030814163 -0.61808866 0.43125445 -0.64842397 -0.67475283 1.6368734 0.4317481 0.93088543 0.32320917 1.3106201 0.7455621 -0.49027672 0.35295883 -0.46115065 0.117723204 -0.5386871 0.12503031 0.43925354 -1.3516853 -0.6871235 -0.8142351 0.02120035 -0.54057103 0.56168765 2.5005584 -0.5214099 0.33134282 -0.5463054 -1.2009897 0.3306837 0.50703186 1.1587701 -0.15407215 -0.7495749 -1.346927 -0.55490613 1.8793124 0.92135906 -0.564119 -2.298221 1.9054728 -0.8120644 0.87773407 0.10709586 -0.48154837 2.1146448 -0.9694078 0.11159787 0.33349273 -0.3708338 -0.7217783 2.0954437 0.12803 0.26543242 1.6650519 1.8107497 0.012913606 0.74990684 0.77396697 0.43003416 0.5811928 0.22498508 0.26507962 0.4581144 0.8948753 -0.07784829 0.82958966 0.2661722 0.26554325 0.6093705 1.1000624 -2.3748014 -0.60769886 1.6826984 0.03317936 0.14574866 0.94920945 -0.8612212 -0.43138167 0.17216727
bakery 0.4796707 -0.42080873 1.132143 -0.63694274 -1.0742689 0.31100515 0.7905554 -1.5622307 1.8202853 2.326686 0.24787547 1.6516454 0.0006316489 1.0038438 -1.9743203 -0.5648557 -0.32646632 0.2780818 0.2596365 0.29413304 -2.1936593 -0.9647008 2.1000974 -0.33002597 -0.2120734 1.1814564 2.8807166 -2.7326481 -0.80964226 0.6152714 1.3254287 0.64633137 0.18976294 0.49783298 -0.27862325 -0.68639284 -0.75381726 1.3990163 -0.71946305 1.565654 1.7139014 0.77451885 -1.3704525 0.71488667 1.3821352 -0.28806555 0.72808194 -1.5130395 -0.44600612 -1.5429877 0.39140335 -1.1912254 0.7021415 1.0543423 0.47470173 -0.10121181 0.09153822 0.93856233 -0.2515858 -1.5873431 0.4357268 -0.23415609 -1.1185502 0.74133843 0.7476576 -2.1743271 0.18355255 -0.6473066 -2.726404 -0.5542959 0.0773896 2.2468998 0.30715543 -1.0565648 -0.23576084 1.3314133 0.1214367 -1.055599 -1.6451375 -1.0925324 0.2854387 -0.167752 0.5024893 -0.4472685 -0.2431484 0.099800356 1.6902951 -0.96760875 1.3241081 2.7309933 0.4500601 -1.4924073 -1.1120422 -1.5215139 0.04811822 1.1382076 0.82421297 0.45948187 -1.6036439 1.7237208 1.8042679 0.15903452 1.1476364 -0.66185516 0.43643144 -0.09109935 -2.5104153 0.68492126 0.7120957 -1.0512916 -1.0826378 0.108592324 -0.8641866 -1.6004173 -2.6726575 0.25656956 0.162705 -0.66010636 1.0250349 1.2898906 -2.527463 -1.1208333 0.11388189 -0.85676986 -0.012955854 -1.0591071 0.6123077 0.78705734 -1.5637544 1.1972234 -0.24224734 0.43937406 2.0655394 -3.4695935 1.0620674 -0.37277555 -0.3447292 -2.0946581 -1.9463522 0.96154433 -0.9297547 -0.9173143 0.32115838 0.27418354 0.5258254 -0.9515852 -0.118680246 1.149782 1.1499635 -0.530767 -2.4392736 -0.9691933 0.39347103 -2.4059165 -0.38231903 1.0986675 -1.9383583 -2.6860156 -1.7489438 1.7239447 1.417057 -0.32256758 -1.7128164 -0.89410406 0.28950375 0.38097015 -1.5605471 1.4473481 -1.0889182 0.32486936 -0.475609 -0.39982533 0.55145544 -0.19362259 -1.1692551 0.4512185 -1.2095422 -1.0477713 0.4000862 -0.3179851 -0.8371271 -0.38671798 -1.1661716 -0.22610866 -0.39981714 -2.0908842 -0.9067641 -0.77657753 -0.48886245 1.3834571 0.5372413 -2.2559836 0.24055253 -0.12469846 -1.2043676 -0.26905352 1.2736573 0.8229577 -0.7939265 2.1828325 -1.881816 0.65615 2.3264503 -0.3712289 -1.8353324 -1.3559618 -1.250502 0.12731957 -0.55150944 -0.21725859 0.018077405 1.4011145 -0.9311811 -0.78014165 0.020625124 -0.5947042 -0.502623 0.45946056 2.1444561 -0.515705 1.2104656 -1.5053004 0.7433663 -0.5272644 -0.51386034 0.42855948 -1.5534822 0.43002114 -0.43071583 -0.8491795 1.9729807 -2.5090077 0.6413971 0.24078192 -1.5325725 -0.54180676 -1.6133361 -1.3711221 0.7405896 0.87129724 -0.04767505 -0.2931917 0.24718124 -0.31011537 -0.07020389 -0.40870038 1.6039042 0.08495475 -0.13773695 -0.09419743 0.48258135 0.20042115 0.53229207 0.4304772 1.1527526 -0.15457706 2.706369 0.802044 0.26465234 0.7632289 -0.36218837 -0.38666666 0.34755075 -0.30178833 -3.0689583 0.16497399 0.7352629 -0.646039 -1.5357145 0.09979531 -1.4578614 0.7241808 0.7489788 0.22877927 1.0320901 0.6166093 -1.158756 -0.2626647 -1.0433347 -0.55299246 0.49829772 1.8807061 1.8615681 0.7086724 1.4341173 -0.32419768 3.2807517 -1.0061592 -0.26943228 -0.5287487 -0.78316075 -1.9024014 0.42917368 0.22335894 0.95443475 -1.4013983 -1.7585987 -1.3579309 2.731123 -1.8178484
detergent 1.5913329 0.68065023 -0.83392227 -0.45249596 -2.2055113 -1.3573883 -1.7399449 -1.2821959 -0.76154554 -0.009814097 0.15275046 -0.11538842 0.6563923 -0.68945783 -2.2833042 -1.2453096 -0.29518598 0.39379472 -0.94208306 0.6281604 -1.2775997 0.45164418 -1.6284626 0.62654275 -1.4941404 -1.2116209 -0.37438455 -0.65169567 0.6490578 1.5229493 -0.8677145 0.31562766 0.5886829 1.3172686 -0.85859233 -0.65301806 0.005872328 -1.0534507 -0.15695526 1.8114778 1.6075149 0.32770568 0.54626733 -1.0912693 0.8184716 -2.1352062 -1.0347364 0.19801562 -0.36802572 -0.097047865 1.9596558 0.49060833 0.28269482 -0.30458456 0.7614824 0.5469224 1.1873391 0.6004295 1.4973297 2.4117208 -0.13650148 -0.763234 -1.2093492 -0.5693496 -0.5221702 -1.7119324 -1.4148319 0.16363098 1.4669454 -0.68430674 1.0103837 1.5337796 0.50570464 -0.63374805 0.56790435 1.88026 0.29391775 0.39431182 0.5909798 -1.1645162 -2.3723984 0.40018275 -0.86075985 0.86350554 -0.977523 1.8962015 0.32098052 1.0900285 -0.6822196 -0.47855464 -1.0588769 -0.22775038 0.46625805 0.33891568 -1.6655843 -0.13962714 -0.36341438 1.2559226 -0.746445 0.8489892 -0.005238422 0.8655989 0.6490403 -0.34285784 0.8014191 1.1651558 2.810354 -0.37070307 -2.3219452 -0.053792357 0.15734638 0.86080074 -0.43731898 0.6218895 1.6751333 -0.5427641 0.6474411 -0.19833325 -0.49535644 0.69055134 0.6051629 0.91725796 -0.16808002 -1.4989324 1.4305726 2.8268385 -0.8562195 0.4437389 1.1148293 0.34251878 -0.29331174 0.81905574 1.3853809 -0.68992853 -1.4021851 -2.110632 -0.8195799 -2.0130978 -2.6932206 -0.112719364 0.4190608 -2.0587118 0.4680119 1.8793894 -0.5856342 -0.15546364 -1.4487829 -0.0019236333 0.16624042 -0.6525303 1.1976537 -0.97553384 -2.1747549 -3.3871217 1.9511293 -0.14789785 -2.122072 0.7558483 0.5213613 1.1648916 0.09510127 0.83677185 -1.3819884 3.8808565 -1.9568056 0.030663542 1.3182923 -0.09016123 0.047565095 0.75579756 -0.18567303 0.023506423 -0.87798095 -1.6195935 -0.37670094 0.015334504 2.1855102 -0.16457634 -0.65283674 0.05932833 0.94571245 -0.08084113 -0.7798069 -1.2605734 1.6058644 -2.411051 -0.7324739 -0.21761212 -0.25559324 -1.088392 -0.9684626 -0.7856403 -1.4111743 -0.8449464 1.0120759 0.5348813 0.77026683 -0.7126629 0.2359095 -1.5745281 2.658698 0.48933738 -0.014989057 -1.4078445 1.1677259 0.38163066 0.29204577 -0.21205933 0.92865896 -0.6191204 0.097557314 0.08508505 0.76111615 1.450416 -0.6424006 0.60158 0.9633627 2.6235511 1.3374974 0.2648408 0.12132023 0.7476844 -1.3233498 -1.3288352 1.2519143 0.9758479 -1.0037714 -0.926236 -1.1052502 0.740742 -0.9505486 -1.5700761 0.53547335 0.27660203 0.71478057 -1.9137518 -0.22940385 0.089290045 0.24480614 -0.09706716 -0.71903616 -1.7317873 -0.511777 0.31273824 1.2177492 -0.9096406 0.32675746 -2.2316597 -1.5697641 -3.0166116 -1.2661868 0.920536 -1.4113637 -0.5819954 0.6356065 -0.57458234 -2.1827054 1.1574826 -0.52790266 -0.33304968 2.328188 -2.6024997 -0.056960907 -0.13526827 0.22402935 -1.66165 0.23898803 -2.9417486 1.8906232 0.5838225 1.6749495 -2.2089965 2.7518404 0.8439317 -1.2265794 1.5975051 -1.1428916 -0.7770722 0.72518206 1.415875 1.0940366 -0.8296901 1.4766766 1.4767581 0.042658642 -0.80201757 -0.33246025 -0.11200196 0.48258585 -1.4481857 2.3647213 -0.54542106 1.1056291 -2.455608 -0.45124912 -1.7096434 -0.4164709 1.8310107 -0.02118558 0.7591038
mothball -0.60141844 0.64078516 -1.8765218 -0.8687023 0.044926923 0.42285222 -0.8272039 1.6138749 1.5254604 -0.3729701 0.27198178 -0.47750026 -0.56771386 0.1654583 -0.24575573 -0.11457984 -0.70656246 -1.1804144 1.8417668 -0.20819315 -1.714657 1.8453765 -2.0178158 -0.2659565 -0.48213115 -0.63443136 -0.36419898 -1.0563872 0.0846175 0.7649672 -0.851404 -0.60014653 0.14501281 1.7641737 -1.2900128 -0.9042848 -1.2626584 -1.3267728 0.78728175 2.734144 -0.11781759 0.56968117 0.5813001 0.21579725 -0.54565465 -0.21996176 0.66313714 0.33244494 0.07814038 0.16641684 0.68801016 0.20626444 -0.20792793 0.06113224 -0.87654364 -0.79967386 -0.1118229 -0.2056321 1.8428962 0.85430545 -0.6093783 -1.0340397 1.2190474 0.1356989 0.8019797 -0.58712107 2.1244955 -0.4322839 -0.12906475 -0.43658176 1.0386225 0.043876424 0.02355194 0.9487602 0.4643251 0.040084887 0.61149645 -1.5431489 -0.62830275 -0.8981653 -0.71534634 0.6489182 0.87355685 1.1599386 0.79678965 1.0759304 0.6355057 1.0551755 2.3011405 -0.071274474 -1.0894364 -0.07769769 0.25061154 0.083432645 -0.36456218 0.7646927 -0.9473933 -0.20880426 0.17234355 0.4099627 0.07878942 -0.25745147 0.39103213 -1.2945042 0.25460196 -0.6387518 -0.22075285 0.40013525 1.3871202 0.45335713 0.34937137 1.3762916 -0.13947299 1.1574713 -1.0340439 -0.066187374 -0.00191802 1.0269563 -0.26108602 -0.9930314 -0.044709973 -0.70267403 1.2270095 -0.2530021 -1.3395648 1.5970588 0.8569483 -0.6647099 -1.5841901 1.0800653 1.7423061 0.0086887535 0.6625634 -0.18224502 1.4201177 -1.4845749 -0.93838733 -0.7935495 0.87367064 0.46496984 -1.0827342 0.80260736 -0.81432223 2.0311317 0.4422079 0.0588143 -1.235863 0.37659526 0.028667862 -0.59874684 0.23124121 -1.2149171 -0.5699438 -1.7025532 0.6234542 -0.04343134 -0.07453432 -0.8223749 -0.62689966 -0.39211747 0.09027664 -0.75804037 -1.043943 2.041054 -0.7303908 -0.06756672 -0.632274 -0.41616413 -0.52636176 1.1050504 -0.29538894 -0.057635147 -0.21704383 0.3602186 0.70575815 0.37810528 -1.0247622 0.0911276 0.0885912 -0.34659332 -0.49807444 -0.8375643 0.04941385 1.732263 -0.37149513 0.9804769 2.0382833 1.045011 0.48782933 -1.2091326 -0.1630195 -0.24442756 -0.35228574 -1.1925265 -0.09989077 -0.7356501 1.0550003 -1.2589524 -0.9903332 -0.08439986 0.69206566 1.9499518 -0.46660706 -0.26003158 -0.041465707 0.31375206 0.06679767 0.38204348 0.8135286 0.7189553 -0.09056042 0.20656794 0.44499025 -0.40783194 -0.97933203 0.7775006 0.40530834 0.554278 -0.87717605 -2.0693717 -0.20421639 -0.55738413 -0.82425106 1.1248925 0.31565127 1.2581751 0.53491086 -1.2457314 -0.0062764506 0.6187851 -0.222572 -2.2293172 -0.70041937 0.10101585 -0.26468548 -0.18266334 -1.57798 -0.9506219 0.8342761 2.432514 3.1737106 1.2714345 0.6089197 -1.0934509 0.06735377 -0.26186797 1.2724633 -0.95893097 -0.009417149 0.50824594 -0.8503864 -0.3537663 0.20789693 0.43214864 -0.5814281 -1.0394685 0.5212287 0.9164991 -1.6185156 0.101355255 0.8565867 -2.3284507 0.40480646 1.5901296 0.4961398 2.028142 -0.691888 -0.6430319 0.44585633 1.0052754 0.6457425 0.49377227 1.5983213 -0.2963276 1.3327848 1.7660849 -0.6792999 -0.057893995 -0.81236833 0.011798609 -1.5080237 0.49966285 1.9396536 0.6338909 -0.49944437 1.4883355 0.113645025 0.36448145 -0.4059971 -0.3918664 0.9343015 -1.995902 -1.0754911 0.311202 -0.8364341 1.1300818 0.693453 0.2333998 -0.55338174 -0.17297527
oak -1.4872338 -0.5990609 0.860647 1.2292327 0.39921716 0.28486997 0.9282596 0.9576624 1.2734594 1.2228329 0.39512494 -0.49559724 0.64776355 -1.2029661 -1.2363577 -2.529499 -0.76359403 -0.65156966 1.2731439 0.18861206 1.7197354 1.253898 1.2048119 -0.25148106 -0.10119924 2.7014952 0.4403042 -0.57802916 2.069048 -0.016384583 -0.9463877 -0.24070759 -0.75947005 -0.19850077 0.47809264 0.5141797 -0.0072724936 -2.3966415 -1.2792821 1.3150603 0.33928522 -0.34451833 0.60458446 0.9338496 -2.8809044 -1.257878 0.93616337 -0.21343918 -3.1275628 -1.758831 -1.256099 -0.57373106 0.32264754 1.4377333 -0.47299036 -0.88671994 -0.101512 -1.8169346 -2.069635 1.0205793 1.9665815 0.14959724 1.0151832 0.40280992 1.5641757 -1.5028208 -1.1288339 -2.2711725 1.9538834 -0.22971521 0.5238742 0.72067696 -0.61269873 1.667691 0.17288952 -0.34461364 -1.1249244 0.29862875 0.26179013 0.41381338 -0.553026 -1.6078442 1.0441166 -1.4508858 -0.28018063 0.029149145 0.05351972 -0.04654704 3.738955 1.0335876 1.8055813 0.5555695 3.7612517 -1.5726151 -0.4342331 -1.911659 -0.45922032 0.16386573 0.65247184 0.9015327 -0.26889172 -0.12562898 0.56161463 -0.27877694 0.015813967 1.1694194 -1.6349672 -1.300675 0.14154236 0.054650724 0.9908914 0.7943831 -2.4427166 0.79189163 -0.8415305 2.286818 -1.8244214 1.3510544 1.6207255 -0.6326242 0.87610346 -0.21450554 0.4693499 -0.28008702 0.22319674 0.6232251 -0.15730888 -1.7997952 -1.2517892 -0.022165986 1.4017832 -0.0026834123 -0.44487497 -0.5141223 1.0462723 -0.5057111 2.0717869 -1.0146221 0.49533325 -1.151052 -1.2173363 0.2931805 1.0641 -0.1643218 0.57098347 0.38174996 -0.6760674 1.014827 -0.3433951 -0.71335083 1.8407887 2.2442963 0.8472322 -0.6872382 0.13082866 1.0955027 -1.6419978 1.2307197 1.2275395 -0.73222136 -0.3957417 0.6515247 -0.35648227 -0.63929605 -0.66449094 0.3567627 -0.83220136 0.41796547 0.2809629 1.1819549 -0.5097235 0.85642624 0.35345057 3.0409448 0.50761706 0.9738097 -0.7310521 -0.7700618 0.37722114 -0.013940594 1.2023541 1.2959584 2.5395954 1.3112457 -1.4120946 -0.291148 1.2147266 -0.04582376 -1.9249339 0.14264269 0.49080214 0.21205747 -0.74621063 -0.8581572 0.565219 -0.6650992 -0.15395185 -1.6356113 -1.5584999 1.8228111 -0.37464076 -0.33525476 1.0245236 -2.182026 -0.23255214 -0.80027074 0.915533 -1.6070118 -1.623811 1.1924042 1.2225419 1.650797 0.20124613 1.0309982 1.7344009 -1.5893918 2.333533 0.58251286 -0.03270102 -0.88684344 1.764201 -0.12341155 1.4587666 1.7701672 -1.6530199 -0.13723998 0.58095443 1.015695 -0.36890674 -0.39781347 0.49625835 -0.6933757 -0.9350029 -0.056783237 -0.6946422 -0.020556012 0.9242141 0.98283124 -3.1922116 1.2181457 -0.4583534 0.66479874 0.4963038 -1.2804493 0.89868647 -1.1968154 1.2606187 1.3399824 0.23814349 -0.6452999 1.163796 -0.2187344 -0.052094433 0.26695266 -1.9552761 -1.1995505 2.6760583 -0.13186018 -1.9071119 -2.1831298 -0.50443447 0.10840281 0.052754592 -0.22248738 -0.6569178 0.21402535 1.4360013 0.8880618 -1.9417702 0.6083794 -1.4452205 0.4222045 1.217339 0.22491604 1.1702355 1.6983705 -0.5528502 -1.0789521 -0.31070814 3.4437082 1.3105329 -1.2930624 -0.5966539 -0.4488126 2.0745225 -1.6940542 0.19231594 -1.6618807 0.124163784 1.3267328 0.40633196 -1.6012995 1.3137763 -1.2514801 0.80639005 -1.7541475 -0.7518002 -0.21940027 0.7733464 -0.9494686
tar -0.18407305 0.42135882 0.30381677 -2.0130231 1.1078013 -0.6723993 -0.45909482 0.8465357 0.49838874 -0.77299017 -0.44746557 -0.38613135 1.9877971 -2.1492271 -0.13326629 -0.16020447 0.027673991 -1.1523426 -0.337849 0.67379814 -0.2243948 1.0266886 0.36609352 0.39462405 0.41360387 0.5278587 -1.0036801 0.46225297 0.3747529 0.06092374 0.6875222 0.007407733 1.1626464 -0.3011344 -0.29066008 1.548534 1.52374 -3.3289626 -1.489524 0.9480433 -1.8535142 -0.093055025 0.902188 0.37523028 -0.56064415 -0.14938563 0.8055687 -0.24410826 -0.53064257 -0.8446966 2.416341 -0.5258014 -0.8002464 -1.1971209 0.5884149 0.7775797 0.17899317 -0.975583 0.042555925 1.3036858 -1.7787287 -1.1733272 -0.54578763 0.2815604 1.098215 -0.9574171 -0.15154217 -0.08422096 1.9949256 -0.27858144 0.44954926 0.34194052 -0.9103197 0.26337793 -0.15430787 -0.41648513 -1.1181473 -2.1067288 0.81891125 0.1072625 -1.2912035 2.2196825 -0.572381 -0.21071142 0.20766997 -0.9936247 0.83476514 0.523784 -1.7099292 0.20951982 0.22607118 0.1923429 0.87236077 -0.99520296 -0.95876074 -0.9442698 0.05571633 0.38841507 0.3632218 0.058839902 0.15457426 0.70776016 -0.55888176 0.7678876 -0.07721813 0.01464532 0.21660142 0.27959672 0.33325186 1.7884762 1.5837307 -1.1396943 -1.7368387 -0.8672138 -0.43211654 1.7018092 0.43402568 0.031615105 -1.3840605 1.0951784 -0.99665946 0.33973527 -0.55131114 -1.0174576 -0.36498928 1.3638724 -0.815466 -0.97927386 -1.4513316 -0.5596124 -1.2997057 -0.8069643 -0.4172557 0.4332486 1.7208586 -0.9997845 1.086957 0.861068 -1.6824564 -1.8575284 -1.2875698 1.6911726 -1.3697151 0.115274295 -1.0525111 -0.8423772 0.6263823 0.36313832 0.0819911 -0.8690586 -0.890978 -0.5955408 0.7459305 -1.688391 -0.32693148 -1.0583391 -1.5262489 -0.3591861 -0.52328837 0.3484399 -0.2916087 -0.595311 0.170826 0.34193134 -0.60196877 0.64362186 -1.7342819 0.39233732 0.63874704 2.06163 0.42793372 0.48520246 0.775597 0.9043783 -0.41081643 1.2375201 -1.6519393 0.65003896 0.075391605 0.09472708 -0.033453926 -0.29286295 2.3055637 -0.052211326 -0.12443471 -1.0578506 2.0246472 1.2530541 -0.94281125 0.16888747 0.06327978 -1.0775908 1.0439315 -1.5167639 -0.47201052 -0.49431908 0.41426727 0.5844476 0.25614613 1.1323228 -0.2237581 -1.0225723 -0.46259573 -2.922195 -0.4559145 -0.42374194 0.6913573 -0.67069626 -1.5938001 0.71996284 0.7877113 -0.39540553 0.8451096 -0.492197 -1.323248 0.38701752 0.45709175 -0.16756657 -0.8679632 -2.1793036 2.0220268 0.10897098 1.2675997 -1.1164154 -1.2133757 0.35750556 -1.9114995 1.3962083 0.07029014 0.676055 -0.676028 -0.46124738 2.1462457 -1.8730631 -0.5522841 -1.3956277 -0.91413456 0.8929866 -1.172876 -1.1885089 1.4047915 -1.8830136 0.2482897 1.792066 -0.9152313 0.6649197 -3.4972196 2.4867384 -0.15477021 -0.68483764 -0.103284165 0.33888328 1.4808196 0.5408489 2.1965182 -1.3949136 -0.31175432 1.1052277 -0.7310946 0.7559675 -0.78881705 -1.9799407 -0.15187716 -0.04394882 -1.0332854 1.0660657 0.04247304 -0.9546226 -0.77259165 -1.4245948 -1.48388 -0.051896047 1.2219659 -1.4193442 0.33793673 0.7787193 -0.36206943 1.6294994 -0.36616778 -0.39863563 0.7931862 -0.22808968 -1.3336959 0.17507531 2.3776362 -0.46762916 -0.4160744 -0.73042727 -0.08734279 -0.94036335 0.8493535 -1.3068553 0.43653873 0.19899522 -0.36153466 -1.7676946 -0.29518408 -0.16312008 1.2577624 0.28818136
violet -1.0009518 0.2195377 -0.31630164 0.66530085 -1.695182 0.034247518 0.03715509 1.8065265 1.0639826 -1.279363 1.0200121 -0.28889868 0.531294 0.55700403 -2.1517556 -0.62821555 1.2152363 0.17887613 -0.35071522 0.33390918 1.0959749 1.8432385 -1.1582646 -1.2030107 -0.22921008 0.74314284 0.713116 -1.411711 -0.56915593 1.349575 0.021802211 0.0885532 0.5681504 -1.0901785 -1.0631235 0.575626 0.36082518 -1.378686 1.1158472 0.3287975 0.8151193 -0.12107446 0.04469981 -0.73394823 0.6155314 0.30396837 0.29827777 0.27163032 -0.63257456 0.39027363 -1.3166853 -0.38604623 -0.59182477 0.062474784 0.81519246 0.23370206 0.3197315 -1.0980573 -0.9761613 1.4455794 -0.7766528 -0.5588684 1.5753301 -0.6581775 -1.0733162 0.20573576 -0.9847148 -0.39921904 0.96213317 2.5202637 -0.65551716 -1.781161 -0.13250747 -0.33073142 -0.2642353 -0.7263782 1.1092968 -0.8342846 -0.21310781 -0.6419637 -1.5076032 1.4986606 0.4359893 1.5568956 -0.5258465 -0.34109962 0.71052533 0.9962757 0.44251177 -0.2684317 0.6609529 0.008073949 0.7758458 -0.087171756 0.9649418 -0.9439697 -0.8864858 -1.0474468 -0.7474288 2.217403 0.37047037 1.7118169 -0.008488203 -0.2216952 1.3540674 0.78027457 -1.5499728 0.4869413 -1.6147478 -0.40872294 -0.35172558 0.890577 -1.0533699 -0.7011509 -0.54698604 0.05838442 0.009198692 -0.9982633 -0.6849844 0.64094555 -1.9505659 -0.028241862 -1.3427141 1.3838711 0.43723893 0.35420126 -1.0321462 -0.75637245 -1.1220423 0.27549502 -0.14053391 2.565236 -0.06782188 0.71342975 0.37617964 1.3949403 -0.23315258 -1.1089909 -0.16071224 -0.08335149 -1.0040976 -0.36292502 0.94186026 1.2469223 -0.95181996 -0.7091077 0.6588733 -0.10334545 -0.3364735 -1.0531181 0.88158983 0.37876263 0.26124266 -1.9810714 -0.015009224 -1.2613796 0.16884984 1.8872533 0.92985326 -0.082297005 -0.36124483 0.5443777 -0.19996719 0.623054 -0.24483246 -0.100329384 1.1341839 0.39633334 -0.13207129 -0.04314425 -1.9410211 0.79010427 -0.18018842 0.28760475 1.331367 -0.58262277 -0.69263524 0.30634713 0.02510415 0.6050115 -1.6038177 1.9929005 1.1698698 0.9516743 -0.9372377 1.990553 2.3171759 1.0050129 0.32463476 -1.877704 -0.2681636 0.41954726 -1.5479866 0.81122684 -0.64021844 -2.0213726 -0.47418988 -2.9333606 -0.3723811 -0.6397437 1.0757173 -0.4876991 -1.268968 -0.2001586 0.73033124 0.6747483 -1.5990701 1.1950115 0.11566483 -0.9050355 0.076273695 -1.360517 0.39737502 -1.8136897 1.0957614 1.5267279 -0.15368348 -0.53304464 0.27954423 0.6354041 -0.82253736 0.87938756 0.91484326 -0.31902677 0.9216102 0.35749894 -1.661324 0.0009445273 -0.075664386 0.9258363 -1.0487341 0.76558936 -0.24188402 0.7284891 -0.058473308 0.42171896 0.5798111 0.18475913 0.3232424 1.1688662 -0.0662402 -0.6403358 -0.49257708 -0.2955615 -0.09020281 0.818395 1.1761793 0.08066905 -1.7572467 0.60237736 1.5515704 1.9245714 1.1155193 0.77123827 0.10674947 -0.14150274 1.8054892 -0.6882555 -0.93465567 -0.8280046 1.5247113 -0.697451 0.61157835 0.4394056 -0.070421115 0.11257087 0.5087549 -0.176182 0.026385691 1.5706413 0.32871702 -0.027203387 -0.251712 -0.83565235 -0.5542526 1.7020519 -1.9169439 1.2094274 0.3659975 0.8442014 1.4893323 0.19525681 0.25659513 0.3666882 0.48391816 -1.3446286 -1.6148337 0.2596682 1.5163349 -1.4494392 0.05706292 -5.0278473 0.5284971 -1.5667145 -2.1387033 -0.73327696 -0.2847569 0.033987205 0.3656089 0.74055094
coconut 0.7396972 -0.34714338 -1.302422 0.15543263 -1.388582 -1.5382206 -0.5549271 0.73677516 0.21574189 -0.9945328 -1.131559 -0.42995763 -0.8312945 -0.18942039 -1.0242927 -0.29579315 0.18333933 -0.43181914 0.08490665 -1.3344367 0.34734082 0.20102325 0.027330529 -0.73662484 1.0729252 0.750434 0.7296847 -1.2680174 -0.24357022 0.6441315 -0.4868793 -1.1621608 1.5645053 -0.78435624 -0.20138079 -0.663662 -0.20098114 -0.21654746 -0.72457564 0.8381044 0.3118385 0.5200263 -0.6588668 0.71442455 0.43675944 -1.2056323 0.5160009 -0.4612636 -1.098847 -0.891123 0.07212223 0.5468174 -0.058153782 0.3022189 0.32218486 0.07004556 -1.4598583 -1.0626534 -0.68147427 0.52382785 -0.13846755 -1.5236256 0.9519123 -0.85588527 -0.22351994 -1.7537663 0.89986134 -0.17278843 0.5711704 0.34967014 -1.0021113 -0.123316154 -0.07873385 -1.3867726 1.772702 1.1111562 -0.6237678 -1.0233066 -0.1854841 -0.07375615 0.26851124 1.8784956 0.3285461 2.8147583 -0.5426648 -0.4083516 -0.2881151 -0.35258627 -1.2013912 0.07974174 -2.44455 -0.35850245 0.3587133 -0.51722544 -0.58159727 0.250963 -0.20329992 0.2446113 0.848237 2.4913008 -1.2494781 1.8855517 0.9108418 0.6299123 0.14454228 -1.2163755 0.46328294 0.7346375 0.7216032 0.49924412 0.75141066 -0.4478917 -0.6613884 -1.9880354 -0.3137659 -0.019390002 0.8662287 0.42172372 0.032722045 1.0340992 -0.89545625 -0.073273495 -0.38847488 0.09546101 -0.566005 0.2358457 0.042515725 -0.35535365 -2.1347837 -0.6306055 -0.8368764 1.0652108 -0.67208946 0.6586801 0.34823492 0.12674473 -0.2848914 -1.2203825 -1.7483525 -1.8961036 0.6871046 -0.65049046 0.05549078 1.4278628 -0.46385178 0.087364204 -1.597821 -0.03688754 2.096117 -0.977533 1.3407962 -1.0829059 0.13049874 -0.65547174 1.6326 0.33321643 -0.09532204 -0.73984265 -0.3850422 1.5546616 -0.1178591 0.8877548 -1.0187067 0.92254686 -0.57099944 -0.52082634 -0.76666236 0.8751925 -0.033757176 0.7443255 -1.1107961 0.21885988 0.5546335 0.8086117 1.6705872 -0.27607194 -0.43077424 -0.9707826 0.3970056 -0.012722542 -0.73851705 1.528914 0.2687933 0.27767053 -0.08765285 0.37060288 1.3740479 -0.0603484 -0.08695109 -0.5208678 0.5355394 -1.2437339 -0.4251565 -1.8209616 -1.0051464 -1.1982647 -0.12521881 -2.6798275 -0.99841225 -1.4474196 1.0398781 -0.12087346 0.3199019 -0.79693425 1.9112425 -0.53269166 -0.22612092 1.330993 -1.5419574 0.889946 0.7751624 0.38689357 -0.024116363 -0.81776965 0.78753614 -0.25164607 1.4898474 0.05475908 -0.827035 -1.3830141 2.9211411 -0.44638082 0.27240443 0.0977164 0.28604567 1.3508092 -2.0873704 0.80064636 0.98931503 -0.4288227 -0.27114427 1.5724645 -1.9665169 -1.7188147 -2.0002356 -0.94050175 1.3114861 -0.26531568 1.291215 -1.6829839 -0.80468595 -0.8402516 -0.4310053 0.3165746 -0.5545904 1.123723 0.14364037 -1.2189293 -1.7064192 0.56021535 0.29630277 0.7949987 -0.6063333 0.6690963 -0.54809916 -1.5529252 1.9793652 -0.28747433 -0.58068305 0.8067942 -0.51526976 -0.74023753 0.49409935 0.29799062 -2.1309528 0.019925604 -0.99822265 -0.39721984 1.0104449 0.55435157 1.2737952 -1.4919586 0.71622217 -0.42438218 -0.31261894 0.828629 0.32358652 0.6379783 -0.11851951 -1.0444953 1.1756616 0.5506938 -0.37683553 0.17427829 0.8101052 0.24828306 0.95002764 0.77843606 -1.0424802 -0.71113575 0.41378346 -1.3453977 0.47770593 -2.0367842 0.64247566 -0.86934596 -0.8037097 -0.4590027 -0.8323842 -1.3347875
grape 0.13818115 -0.58085626 1.2069166 0.22409527 -0.32339966 1.1427394 1.277548 0.8947767 1.367847 -0.30877513 0.6827361 3.0209718 -0.93366134 -1.0907074 -1.5687867 -2.044241 -1.2275764 -0.35302442 0.4149874 0.33461088 0.3876998 1.5804923 1.1946344 -0.689117 0.3875249 -0.44205934 0.9588042 0.6984155 1.2714393 -0.22550964 0.2986461 -0.014231728 -1.2544159 -0.16218653 -1.4962156 -0.25744626 0.14518212 -1.9167247 0.9943556 1.3673251 -0.008044714 0.6017837 -0.44750792 -0.6881926 1.3075807 0.6770899 -0.6588421 0.37378716 -1.0332974 0.19842677 -0.6373081 -1.751939 0.3876725 0.3526841 -0.32773513 -0.23639551 0.7535839 -0.33711594 -0.15613738 0.5661731 1.2248703 -0.13426207 -0.9808538 -1.1490431 0.036734182 -0.1389426 -1.490138 -0.58880794 0.47574607 -0.7224448 -0.064297475 -0.4349817 -0.2838568 -1.8111995 -1.8660206 0.9657772 -0.8933515 -0.63189656 0.98347634 -1.8895129 -0.5591501 -0.83856505 0.953649 0.6007636 1.4621975 -0.8745275 0.81878155 0.3729944 0.38032278 0.67647415 -1.3714948 -0.3488733 -0.80071235 -0.23857462 0.30685553 -0.9108517 -0.26470396 0.30183265 -0.15141647 0.99142987 1.4459128 -0.81351095 -0.86593723 0.7365596 0.7746564 -2.469313 -0.18689208 1.2521158 -0.3919045 -1.1202164 0.43855977 0.27807444 -0.12577884 -0.2198524 -1.7918979 1.0126648 1.0760983 1.4895222 0.146939 -0.67326164 0.5946452 -0.5057133 2.041601 -1.6323292 -1.2644763 -0.27687916 0.2430993 2.7779634 -2.520246 0.84554887 1.4833797 -1.6276563 0.60526246 -0.23354745 0.5715348 -1.8501027 -0.032078195 -1.1709471 -0.35995358 2.0111308 -0.013374892 0.20382743 2.0807624 1.19751 0.054655638 0.34779057 -2.4296649 -0.6921792 -0.8304551 0.4152031 0.2589067 -1.5230098 0.22909458 -1.2433295 -0.20502628 -1.2132399 0.07670701 0.6945441 1.4779879 -1.499456 -1.7389153 0.026524391 -0.9496053 1.7090735 0.08692406 -0.25036547 -0.17893994 0.19517924 1.5008755 -0.46661395 0.6895242 -0.5340727 -0.18829429 1.0017375 0.28256032 0.530761 0.54898113 0.6750834 1.2499783 -1.5295992 -1.3958333 2.2820241 -0.55815685 0.83782256 0.16818161 -0.2416865 2.6656196 0.999756 -0.6559664 0.0656261 1.0774217 -1.0976318 -1.0999825 -0.30469307 -0.36213377 2.929595 1.056427 -0.6143571 0.23862503 -0.54369396 0.5466158 -0.49092996 2.601283 1.0252398 1.210734 -0.37865192 0.905757 -1.3872688 0.20696488 0.5286823 0.08084775 -0.36566558 1.3154706 0.07606369 0.0991429 0.303409 -0.18717085 -0.28934708 1.4262466 0.015498555 2.1934159 -1.3531381 0.5685803 -1.9578241 -0.056968458 -0.5045331 0.082999 -0.07535119 0.08275885 -2.197325 -0.35454646 0.48627695 -1.1079577 -0.01774422 1.09627 -0.84916437 1.2992148 -0.6513785 0.18690757 -0.051661395 0.64508885 0.61098015 -0.74201065 0.81145805 -0.3633478 -0.24918546 -0.82307684 0.47969583 -1.4228345 0.023016218 0.8593512 1.4079579 2.0739083 -1.158525 -3.1274981 -1.8163315 1.7344466 -1.2974573 -0.6285923 -0.09307639 -0.5666272 0.04403217 0.95161325 -0.03443381 -0.97684926 -0.67324233 1.088992 0.98580325 0.83278984 -0.08277197 1.372894 -0.16221231 -0.5060032 -0.61870086 1.4162084 -0.034522187 -1.3185719 -2.8492985 -0.7041027 1.323524 0.13112167 -0.689825 0.30287778 -0.92752796 2.47066 1.0361203 1.0493636 -0.5201531 -0.6693167 0.11670535 -0.007643431 -4.078764 -0.37123865 0.6274329 -0.38519853 -1.5735425 -0.11336198 -0.36312017 0.03457384 -1.5759903
berry 0.58701664 0.85044795 -0.060629867 1.2523358 -1.579485 -1.8014749 0.17107016 1.3741736 -0.24622999 0.80792683 -0.80088276 0.97555333 -1.0128827 -0.73662835 -0.52366513 -0.9262265 -0.35801917 -0.60302275 -0.538765 1.5561812 -0.20166665 0.73096293 0.7995574 -0.6693355 1.8428259 1.2124474 -0.99278855 2.07737 1.1186006 -1.108906 0.9422349 -2.1862457 -0.013691089 -0.4032281 0.35534707 1.0913012 0.4157114 -2.6253257 -1.4632083 0.38316625 -1.0602807 0.7814375 -0.85223067 2.0010424 0.732629 -0.71291065 -1.4375336 0.79427445 -0.80557495 1.1047851 0.7265566 0.7993223 0.2554218 -1.000718 0.77110344 -0.6225254 -0.25854293 -0.43866068 -0.9145842 0.6145168 -1.3400016 0.8694687 -1.991587 1.0013305 2.2291198 -0.15995023 -0.55486244 0.7840939 -0.12433507 -0.26657653 -0.37584367 0.7665301 -0.09304663 -1.4539979 -1.0387464 1.8850055 -0.15609848 -0.17299326 0.031312797 0.59942037 -1.003131 -0.6275719 1.0916934 -0.85129386 0.20574652 -2.2554345 1.4368886 -0.8405953 -1.4018089 2.645469 -0.2735671 -1.7546326 -0.88200104 -0.8920193 0.9262285 -0.5151567 -2.4913008 -0.28805715 0.29125494 2.250351 -0.14534591 -0.072334655 2.2065885 0.5054926 -0.43353704 0.061789837 -0.67058855 1.2633083 1.027273 -0.54596925 -0.7665166 -0.4260463 -1.0797787 0.7396064 -0.12631421 1.723864 -0.115000114 1.8663701 0.3825856 -0.6539718 -0.6164075 -0.0027137697 1.0516422 -1.3649424 -1.0282567 0.3222333 0.6393346 2.4920936 0.15987693 0.117960945 1.3567082 0.9794866 0.27764612 0.21027254 -0.5119673 -2.0728874 -0.6651502 -0.01308149 -0.51176155 2.1475413 -0.103277676 0.07142173 -1.3309277 -0.54033786 -0.8606605 -0.5786003 -2.6502666 1.3836893 -1.5876422 0.17938516 -0.8876112 0.58970994 0.004210382 -0.72149223 0.7725122 -0.969386 -0.0464402 1.07286 -0.8579166 -0.54675686 -0.21162628 -1.444246 1.0873754 -0.3680244 -0.2430077 2.5834656 -1.1811796 -0.31278092 0.81362814 -0.48712966 -0.24139383 0.43155643 0.67976004 1.6263546 0.2448371 -1.216711 -0.8607123 -0.96444297 0.3838113 0.16593976 0.44269708 1.4085279 0.6198464 0.11447342 1.486796 0.34472415 3.8566782 2.2185075 0.5281752 -1.3452724 1.0528685 -1.5941889 1.083078 -1.3709142 1.2909143 -0.7152303 -0.19475554 -1.0861657 -1.4458197 -1.2435453 0.9041957 -1.0190294 2.5569181 0.456485 -0.58627146 -0.50583845 0.11255921 -0.30569467 0.13915606 0.5979792 0.60609925 0.54612905 1.3987695 -1.0203512 -0.26775563 1.3699087 0.46130896 -1.8297185 -0.6669433 -0.34837288 1.9323509 -0.28903124 1.3200499 -0.75571156 0.5864392 1.0348691 -0.1861713 2.7083771 -0.82868224 -1.6273121 -0.6480038 -0.8332789 -1.5222929 0.006986421 -0.09023946 0.35700434 0.02361887 0.14433827 -1.8052632 1.2836889 0.14672641 0.1803846 0.28783146 0.07334178 -0.2362277 2.2703223 0.21591358 -0.17100188 -1.1641195 -0.53755134 0.3860213 0.2854246 1.7140758 -0.4354912 -2.1293256 -2.2361312 0.64378893 -0.64049834 -1.1732558 -0.22926685 -1.1108805 0.42129445 1.0169829 -0.36423525 -1.1445675 0.40987667 -0.041812636 0.004206721 0.28172758 -0.3378993 -0.14105627 -1.4505237 -0.6974856 -0.5259896 0.66929364 0.09338556 -1.5015012 -0.480258 1.5099119 1.063711 0.4664295 -1.2843692 -0.025474101 0.8478361 1.7655655 0.66049355 -1.3072561 1.2677944 0.22325954 -1.871894 0.9041395 -4.086492 1.4865357 -0.06601564 -1.4173108 -0.81138927 -1.1092758 -0.13297734 -0.55825055 0.046165336
glue -1.7265737 -0.24360679 -2.6510885 0.28219643 0.777792 1.4856613 0.46970692 -1.9798807 -2.3386295 0.3498726 -1.5429144 -0.83779925 -0.6323148 -1.1890117 -0.5234199 -0.35983253 0.8061708 -0.13471505 0.34010634 -0.53212243 0.93268615 1.995298 -1.7908852 0.4203173 0.48560208 -0.111923344 -1.8357584 -0.2678246 -0.0384081 -0.2876009 -1.2265939 0.46437773 -1.1638951 1.0711181 -1.6434705 -0.1528905 -0.39273572 -0.38771558 2.2492745 1.1649698 1.9042665 -0.42982414 0.72738665 -0.42590624 0.7939851 -0.99924725 -1.165263 1.1391155 -0.22315587 0.18405901 -0.23318888 -0.1788247 -0.9970108 0.91606194 1.9968286 -1.4001522 1.9691348 1.0752009 1.8732121 0.12956642 -1.419971 0.020642411 0.15600024 -0.1745651 0.99914086 -0.27207226 -0.5610464 1.2098792 0.10984198 -0.27741137 1.0618458 0.2433537 -0.57740533 -0.7992558 -0.75464946 1.160164 -0.62176245 -0.95577955 -0.39214393 0.16736096 -1.7860281 -0.5531216 0.4429904 1.5401424 -1.2053895 1.0209076 -0.7202623 1.6179867 -0.3605428 0.54415154 -0.7613857 -0.120597035 -0.36047545 -0.50248486 1.0038692 -1.0536894 0.12004984 1.9421625 -2.8457608 -0.07207283 -0.98166454 0.35834458 -0.08882432 -0.5313339 0.7617805 2.2418532 -1.1982901 -1.7671467 0.1599343 -0.30683348 0.42272896 0.19045462 0.6348472 -0.60192436 0.19133092 1.7492368 0.32607454 -1.2855351 -0.33538467 -0.18932216 1.784692 0.616477 -0.3698578 0.28537452 -1.252214 0.7433844 -0.2305637 -1.2421806 0.08256359 -0.08475452 1.618662 0.11668648 0.92338574 -1.8966053 0.8882185 0.011747268 1.1104628 -0.25443357 -1.2016709 -0.44013715 -0.5879717 -0.03059145 -2.1374006 -0.2070185 0.7909596 1.274794 -0.9086373 0.35054246 0.85355926 -2.2818594 0.51419693 -0.6179936 0.09230069 -1.974159 0.31431898 0.013199021 0.5872331 -0.3421064 -1.7350333 1.0221298 1.5856379 0.023675887 -1.2399102 1.2382411 -0.69146264 0.35949233 -0.81280875 -0.819272 0.19420084 1.0591344 -0.59011316 0.47816938 1.5423043 0.5979156 0.5299527 -0.99619335 0.6560652 -0.10480644 -0.41742927 1.5645479 0.0020559998 0.86886966 1.9283826 -0.46231046 -0.6450992 0.7551928 1.2616565 0.7725812 1.2207266 -1.6197044 -0.004899697 2.2424245 -0.37374243 -0.51594967 -1.4467459 0.0719424 1.9848341 0.088476725 -0.97238606 0.5878158 0.80442786 -0.37832183 -1.6857332 -4.163974 -0.5761046 0.40115187 1.9501697 -0.50619644 0.44694546 -0.0750041 -0.8402827 -0.72471714 1.1444067 -0.8659934 0.049955975 0.25981405 -0.06472304 0.09659352 0.7957674 -1.2217572 0.41465172 0.6610688 1.3462514 -0.56266755 0.6015115 1.3577042 -1.4008383 0.91644126 -1.0115508 1.0754592 0.24325764 -0.37280965 1.2618783 0.089635536 -1.4115827 1.3502336 0.032726876 -2.6531954 1.4662187 0.31913164 3.0024347 -0.41905406 -1.3060303 1.0287892 0.63622963 0.73859775 -0.07122918 0.20431788 0.22620104 0.5396396 -0.2155306 -1.1165755 0.92342037 -0.16306967 -0.75536823 -1.1061989 0.33680877 -0.038632028 0.52907264 -0.096035436 0.23786713 -1.9184579 0.54429346 -0.17698318 -0.18115275 1.9220363 0.62188226 0.3272994 0.3933199 -1.461559 -1.0867277 -0.5493571 -0.0642585 -1.6576037 -1.0406713 -2.1155078 1.7094885 0.109424844 1.4761924 -0.98996514 0.92046815 2.1252623 0.74999887 -0.54726493 0.31876993 -1.3757693 -1.4147545 0.69366693 0.7936755 -0.9698633 1.2634029 -0.8042913 1.2205178 -2.5940118 1.2104805 -0.39689705 1.0612441 1.3880725 1.1767824 0.022629775
banana 0.38984677 0.8027955 -1.4612652 1.2711315 0.12145012 -0.47169748 0.90786535 1.28981 0.08278449 0.38632122 0.9062942 1.127733 -2.4759455 1.0365868 -1.2737914 -2.6730394 -0.32379088 0.23778604 -0.7470758 0.07604376 0.16831878 1.562725 1.5511929 1.5964003 1.169036 -0.31950596 1.1851617 0.40757343 0.6159937 -0.43126673 1.0712438 0.78310025 1.2835774 0.3415967 -1.3452263 0.68969357 1.571042 -2.7841325 -1.0147854 0.87791884 0.36485705 0.48803237 -0.14129438 -0.73819053 -0.7278899 0.26879653 0.057689548 0.85658014 -2.1171627 0.28861278 0.4984683 -0.57620597 0.24565609 -0.42391837 0.4085008 -0.31322005 0.09527811 -0.107931234 -1.3363378 -0.6128548 1.2395427 -0.36429304 0.19851507 0.83589643 0.23290908 -2.42341 -1.493623 1.1196535 -0.14826646 -1.5768812 0.3798552 1.1535488 -0.19951068 -0.3149535 -0.29534027 2.151192 1.2934024 -1.2005099 0.4645549 0.24950041 -0.1869208 1.3522903 0.19378936 1.6885266 0.4551061 0.8932096 -0.11735337 0.11615544 -1.1517873 0.101502866 0.65604115 -1.0556017 0.21377389 -1.0233914 -0.7989319 -0.4606888 -0.36241308 0.23594134 -1.1068771 -0.4224175 0.46150368 1.2168452 0.6471967 -0.40343705 0.51309144 -0.37194493 0.4284719 1.1533486 1.7327213 0.20934878 0.0893425 -0.39531207 -0.9590367 -0.8763579 -1.343429 0.6016657 -0.14114006 0.9772231 -0.074770816 -0.5724905 0.5802271 1.2034283 2.740484 -1.2163019 -0.5311497 0.32382712 1.90925 -0.8364169 -1.8773975 0.89996034 0.805256 -1.003059 1.017907 -1.5976294 0.2028807 -0.7568959 -0.077545516 -0.48337397 -1.7097781 0.039875418 -0.58089113 -1.8930025 -1.2078288 0.89236176 0.74371564 0.42495468 -1.7539032 0.9034187 1.3293959 -0.07309685 0.97755325 -0.67239904 -0.72015876 -2.215743 1.4819188 0.044917796 0.07794658 -0.362703 -0.16755064 0.793724 0.37411594 -1.2787608 -0.0077951965 2.2423594 -0.29173088 0.5030519 -1.2824076 2.2502759 1.6787399 0.74088216 -0.13038774 0.012981624 0.558952 0.8090786 0.75902295 1.3692809 -1.5487777 0.15278034 0.6504318 -0.10740524 -0.741726 -0.14278834 -0.94522816 0.0923744 0.7665241 -0.70217645 2.1274784 0.48724315 0.39609343 -0.22813538 1.1269476 -0.22057304 -0.42663628 -0.71646154 0.017077608 0.8228322 0.4341076 0.15070365 0.35022143 -0.27414384 0.65898466 -1.2800378 1.6903669 -0.77123386 0.35950664 0.53936344 -0.5331712 1.1817191 -0.025013862 0.8731909 0.44799 2.0896873 -0.66439015 -1.2291048 0.64174724 -0.26002312 0.2504167 0.74765986 1.1637204 1.0973387 0.68715316 0.7561567 0.015352106 -0.33211663 0.45482016 0.6752099 0.64756435 1.2866639 0.2818768 -0.38507313 -0.73247325 1.7754169 -0.73415387 -1.3720956 -1.1553928 -0.52631414 1.1349578 -1.1270199 0.050087675 0.16103223 -0.39762685 -0.6599452 -0.028553464 -0.43017346 2.036994 -0.63769823 -1.2110966 -0.10862103 0.4575285 0.22624147 0.30436128 -0.19738373 2.129429 -0.904779 -1.7019355 -0.62046504 -0.047074858 0.95227325 -1.128096 0.50047845 -0.23666482 -0.9621264 0.0034490963 -0.05054715 -1.5700748 0.38934252 -0.39995098 -0.926564 0.24494216 -1.2287893 -1.0645026 1.7935587 0.5681947 0.93574166 1.4225614 -0.18163134 0.026245935 -1.4493657 0.7390429 0.69561607 0.8061622 -0.15289879 0.5185379 -1.3426348 -0.41351685 0.27695534 0.7660372 0.16653463 -0.11869316 -1.5032563 -0.72558963 -2.1356997 0.90804905 -0.4316632 -0.9474618 -0.4034006 -0.8650286 0.18628152 -0.6349712 -0.67574304
eucalyptus 0.5995401 -0.2601554 0.8680162 -0.972456 -0.7340714 -0.28473252 0.04665138 1.3571377 1.0457735 -0.31922305 -0.838271 0.49068376 -1.2793863 -0.9639168 0.6049908 -0.4943478 0.84861803 -1.1571559 -2.3647645 0.7034953 0.30530736 0.3491346 0.20363279 -0.46332926 1.7183161 -1.0278631 0.56916165 -0.47452345 1.374362 1.7530842 -1.592683 -1.7449819 -0.10825725 1.5836767 -0.22403005 -1.1541111 0.90969497 -3.4252253 -0.5977171 0.68361044 -1.1306481 1.5548463 0.21443285 -1.1934181 0.09084087 0.30730328 -0.6853631 -1.4219605 -0.75056297 0.6280709 -1.1319025 -0.70816356 -0.52534497 -0.6205501 0.07044201 -0.48493856 0.0069822045 0.38358018 0.117183596 0.47754323 -1.0380677 -0.5615295 0.24301068 0.4441146 1.6509987 -0.5143624 -0.3640247 -2.008674 0.8485345 -0.57482994 -0.07198299 0.121130906 -0.8282411 1.7545516 -1.2019675 -0.5030903 -1.1569084 -1.4838742 -0.13540488 -0.29062113 -0.6623591 1.3547968 1.3037566 1.36126 -0.9516685 -0.29441836 -2.8985977 0.1453888 0.18637191 1.1589402 1.0676274 0.06697851 -0.5929116 -0.25053397 0.6974303 -0.75550765 -1.8814077 -1.0556897 0.44561666 -0.05610953 -0.56754804 2.1426666 -0.93693507 2.217768 -0.2491437 -1.0692871 -1.8995446 0.31864667 -0.21610615 -0.10259521 0.5019966 1.3785552 -0.48524716 0.33470282 -0.8901101 0.764689 -0.4615994 0.8754942 0.48357263 1.2298079 0.41828993 0.47218785 0.7093476 -0.20746237 0.42892897 0.653067 -1.8408839 0.44648412 -1.102047 0.088736035 1.1960707 -1.5652333 -2.1016426 -1.271339 -0.83755434 -1.8959002 0.41931286 -1.5136385 -1.2080321 -0.19685476 -0.6054358 0.071294785 0.8914192 0.5358953 -0.3954154 -0.7121086 -0.9745449 0.16521738 -0.7680702 -0.34713385 0.90550745 0.80446905 -0.34181187 -1.3490801 1.9812951 0.36492622 1.1359953 0.7982453 -0.16940248 0.67182595 -0.02522841 2.1402698 0.45284927 0.673529 -0.41205505 0.15341836 -0.61181945 -0.0938344 0.07853698 -0.17942302 -0.7729112 -0.5813534 0.16232902 0.86618143 0.19526893 0.1846119 -0.9009013 1.3830067 -0.75059277 -0.8651297 0.011716185 0.72730386 -0.8652697 1.3360752 0.38533187 0.49565282 0.7776642 1.8296916 -0.64361775 0.062065214 -1.1041862 1.021652 -0.8432157 -0.21687676 -0.055450775 -1.0260934 0.6073177 -2.3685608 -1.5763918 1.8059851 1.3287518 -0.56211483 -0.5673875 -1.4231812 2.7592232 -0.13548537 0.33860078 0.13599056 -1.4411517 1.1199605 -0.75806874 0.46547744 -0.9555782 0.14262123 -0.11806979 -0.3808162 2.4442208 -0.08919933 1.112397 -1.0379716 -0.767565 0.38764927 0.93326324 -0.1617387 0.83965194 0.7855313 -1.5260051 -2.148182 0.44162822 -0.8558804 0.431574 -0.5613524 0.48715815 0.2758793 0.79407996 0.093352936 1.1807781 -0.4516279 -1.128415 0.54558945 1.1968598 -0.2918618 1.0546405 0.12858626 -0.20467046 0.4116964 -0.8252545 -0.22341725 -1.7605559 -0.3700228 0.8640269 1.541685 -0.07416929 -0.17900346 -0.3858842 0.009755054 1.3893214 1.0964309 -0.7538141 -0.11112553 1.8552958 -1.1388772 0.8237429 -0.08266253 0.28128785 0.98526067 0.21120603 0.2554 0.5005235 -1.5405912 -0.58743554 0.17758243 2.9248352 -0.87549335 0.89805084 0.7295296 0.03451096 0.5922931 -0.21747033 -1.0635728 -0.7860238 0.08581726 0.6091676 -0.52961236 2.354391 -1.0608636 0.5553969 0.6577396 1.0735345 0.41366363 0.40782094 -1.4451135 -0.39997455 0.61577165 -1.4661916 -0.6754386 -0.30197948 -2.3150516 -0.20436104 0.3042073
mushroom 0.55455077 -0.7642242 -0.9154392 -0.20911299 -0.57169336 -0.83987105 1.3794309 -0.5424761 0.88498116 -0.40808892 0.8733956 0.7948225 -0.08324681 0.8433288 -1.7427524 -1.2849792 -1.1761764 0.34195593 -1.131631 0.52260894 -1.0011102 0.25791728 -0.84064174 -0.014303437 0.006922712 -0.12794085 0.6940794 0.33421618 0.6516166 -0.8051777 0.07372788 -1.4069414 1.6730494 -1.0866044 -0.7610514 0.62654334 1.2970904 -1.473745 0.70920146 1.8077459 -0.6868735 -0.28116155 0.85841924 0.23417623 -0.359776 0.8163751 -0.17733778 0.73452497 0.14148049 0.87943256 0.17278999 -0.3610054 0.5383146 -0.4966813 -0.47404903 -1.2028147 1.2187909 -0.60791606 0.887047 0.12387533 0.6980297 -0.28631362 0.02728191 -0.30837834 1.8886548 -1.3217019 -0.66618204 -0.99179345 0.20697413 0.121330574 -1.1178292 -1.0210077 0.49256104 0.16529928 -0.37194872 1.7570329 -0.5447418 -0.305851 0.23855819 0.70306534 -1.1898397 -0.2004413 -0.5422458 -0.71608686 -1.6761109 0.8931557 1.3625789 1.0514251 -0.34596685 1.2492614 -0.5587766 -0.4482543 -0.25960517 0.01709847 1.1340177 -0.34423673 -0.93536884 -0.052751187 1.0837742 0.3279203 -0.2684309 0.95178366 0.85319644 -0.76478875 -0.31109515 0.09987611 -1.3991764 1.84545 0.17643659 -1.2084881 -0.104712464 -0.44849685 -1.2359428 0.70013034 -2.2502048 1.2569044 -0.00722385 0.40757537 -1.3421823 0.85823107 -0.89425623 -1.007618 0.49625173 -0.69602954 -1.0905688 -0.07615885 0.5402774 1.3453242 -1.7377799 1.2808967 0.7350382 -0.30377027 0.3890091 -0.25124398 0.08571123 0.1053489 0.7615986 -0.6327047 0.38088393 0.9739156 0.36177304 -0.38525885 -1.0041366 0.31627178 -1.0245069 -1.0479044 -1.5243424 0.3148593 0.7052059 0.6089824 1.3178856 -0.9312943 -1.3580041 -0.017235182 -0.15020522 -0.33541483 0.10657147 -0.37738913 -0.92094314 -0.19436394 -0.2016123 1.9328952 -2.067121 -0.5195844 -0.8345741 -0.527628 0.15394399 -1.1752063 0.5993357 0.47874498 -1.3838431 0.3440607 1.1433741 1.2926588 0.6435785 -0.3184529 0.7637057 1.5810858 -0.0979546 -0.59319973 -0.4174347 2.0755973 -0.4664226 -1.3366089 0.40371588 -0.048456512 1.924131 0.6217484 1.3665487 0.20813386 1.0987529 -1.7444354 -1.7103901 0.60133994 0.8787177 0.35254413 0.032297667 -2.4530504 0.3597836 1.1292832 0.2274067 -0.9890298 0.54782575 1.6636959 2.1734695 -0.8200759 0.5413276 0.6311096 -0.0030155682 -0.17599335 0.48914716 -1.1949306 -0.23450737 0.7594433 -0.14915888 0.66255575 0.9617504 0.62086284 0.7276406 -0.75346595 -0.64894766 0.37159276 -1.608344 -1.0269189 2.094473 0.6736727 0.2800846 0.3146788 -0.7633269 0.7581403 -0.2641028 -0.9937534 1.542653 -0.3737728 0.7452312 0.7603862 1.3544941 1.401646 -0.8090336 -0.61386395 0.06783732 0.4090119 -0.43822014 0.9697159 0.4174673 -1.1866814 -0.47976166 -0.081110634 0.07242409 -0.6596376 0.9131102 -0.19571374 0.6293013 -0.60214794 0.2007806 -1.4595245 0.4894882 -0.35249442 -0.94747317 -1.4003538 -0.992085 -0.6790173 -1.1995256 0.9674867 -1.4493513 1.4345394 -1.8282791 -0.6579776 0.1258286 -0.58633727 -1.0725292 -0.31479868 0.9164442 0.7545403 1.5778371 1.8404709 -0.24873058 -0.11144471 0.5595669 0.8777426 0.60313684 -1.5798429 0.016447527 -0.27368274 0.05222065 0.14033227 1.5455867 0.091421045 1.5472894 -1.056895 0.54132384 -3.7407339 -1.4216007 0.69919914 -0.009892907 1.1803441 -0.5782865 -0.07792069 -0.48025578 -2.305846
rum -0.06391913 -1.5617194 -0.04280419 0.28453478 -0.824612 -0.5417026 0.7928688 2.5950248 -1.005714 -1.1025351 -0.59499 1.2063291 -0.18114437 0.02271093 0.55285937 -1.496782 1.736631 -0.5410865 0.2780879 0.38437536 0.014277664 -1.056838 0.21751358 1.7643939 0.3335582 1.1636822 0.06517942 0.37483117 0.498628 0.7379915 0.111953296 0.21812521 0.023496948 0.97854745 0.9330717 0.21174741 -0.43708235 -2.7568653 1.0410448 0.45095718 0.019269947 -1.278396 1.284248 0.76829964 0.020043928 0.53862184 -1.9829423 0.08594643 -1.7750906 0.16316889 2.7505815 -1.1536415 -0.51661396 -0.952219 2.327898 0.4811773 -0.75083184 0.04504276 -1.0725843 -0.2102731 -1.3696707 0.045338165 -1.1048533 1.0006053 -0.023203459 -1.2905552 -0.99820465 1.3268615 0.5621381 1.1977942 -0.27636972 0.71295923 -0.1479153 -0.006062596 0.69939446 0.07321182 0.3559321 -1.1842303 -0.9487593 -0.5286153 -1.5039003 -0.30550414 -1.3396697 1.8739349 -0.3074468 -1.1272888 0.06342029 -0.23073938 0.64940023 0.26233676 -1.9748281 -0.58777404 -0.11956214 -1.6692324 -0.60463095 -1.4666957 0.3971337 -0.7915509 0.17778994 1.0766252 -1.5100539 -0.6315012 -1.5272944 0.51575375 -0.90795916 -0.83208257 -0.4459795 -0.10458035 1.4632424 -0.10774308 1.071344 0.63638884 -0.18815777 1.0425402 1.120294 0.7285458 0.086961284 1.2785114 1.5497264 0.59469026 -0.0029680396 1.0136877 -0.35078213 1.2729194 -1.4107909 0.26001078 -0.96616936 0.6780619 -1.525038 0.3043643 1.083243 0.43978018 -0.119339295 0.88745445 0.18338095 0.8535722 -0.9624512 -2.0163867 -0.6246488 -1.9304593 -1.1149665 0.60575944 -1.4322507 0.21735749 0.07713432 1.0857286 -0.7636076 1.5808287 0.79534835 0.04561833 -0.28313112 -0.19778192 -0.26392397 -0.94636106 0.61791134 -0.4953236 -0.9179996 0.7443918 1.1653376 1.6997066 1.8087976 -0.18293102 -1.8822054 0.27164456 0.5863254 0.54857415 0.73946553 0.13481633 1.0437527 1.6731737 1.0304264 1.4299451 -0.14610353 0.32087132 1.1454189 -0.027821595 0.12758811 -0.33681926 -0.77757376 -1.2242267 -0.6286991 1.2647582 -0.98050314 -0.082934976 -0.37518987 0.6530669 1.672522 2.3007867 -0.43065253 -1.7790085 -0.34946188 -0.091102645 -0.2895655 -1.0744773 -0.0069351722 0.8206033 0.8756621 -1.6025318 0.11775766 -0.47682038 0.67884046 0.26752326 -1.0211241 0.9109577 0.80919224 -0.6543636 -0.37586138 1.3469787 -0.5036621 0.45726073 0.5557501 -0.4485867 0.008071187 0.338347 -1.0325284 -1.4014186 0.68872845 0.06366432 -0.20609803 -0.015361156 0.15666947 -0.68781507 -0.4893628 -0.49332768 -1.4082236 0.6330901 -1.3369608 0.56222874 -1.9386292 1.040619 1.9025773 -1.0156056 -0.40420473 -1.3878618 -1.7829912 0.2851314 0.6399522 1.0251076 -1.6372043 0.7337732 0.8805903 -0.67582047 1.8263589 1.204548 -1.1757164 0.5137515 -0.0053001014 -1.1719117 -1.8964194 0.26986182 -0.1789222 0.32793808 0.2650613 -0.2654375 -0.91941625 -0.823717 0.4071946 1.4221102 0.74437255 0.14029051 0.69051 0.6597119 0.89462835 -0.52292097 -0.15092543 0.5427489 -2.0138185 -0.2990572 0.30180568 0.48041892 -0.20793413 -0.23460947 0.72880733 -0.6631053 -0.46969345 0.45206618 -0.54659116 1.353212 -0.8855449 2.2392375 0.8734176 0.9001009 -0.39024958 -1.9523227 0.13209718 -0.8943138 0.65496767 1.2019953 0.23194668 0.010892259 -0.5710038 -0.52836806 -0.008488352 1.1454811 -0.79459715 0.46275243 0.32804683 -0.9512136 -0.21213667 -1.6641424
almond -0.6184199 -0.67231935 -0.59701484 -1.0325245 -1.1019996 0.054787032 0.9505599 1.985415 0.96185964 -0.2660585 0.039184622 0.5961189 -0.9099583 0.01804865 -1.4210228 -1.3367658 -1.715201 -0.088549115 0.447321 1.7705462 0.22784059 0.25276953 -0.2643081 1.1975061 1.1867223 0.1622736 0.004357833 -0.23660077 1.301641 -0.00437669 0.6667162 -0.67294836 0.0009110169 -0.9003879 -1.2944908 -0.6186582 -0.2170237 -2.5943716 -0.036653943 -0.6464888 -1.289137 0.41797885 0.75532246 -0.9130973 0.1761659 -0.8596292 -0.31093198 0.70138264 -0.19296815 -0.69792056 -0.03182895 -1.3791382 -0.08818056 -0.5132252 -1.642252 -0.97615755 0.3290686 -1.6164224 0.8625352 0.15900491 -0.9053976 -1.35061 -0.58715785 0.0853362 0.5156896 -0.579249 -0.52204233 -0.10153244 0.11471031 0.20894164 -1.4118458 -0.43589923 -0.49428082 -1.1789217 -0.05607425 1.2515725 0.36094347 -1.0794235 -0.14959204 -0.6294595 -0.6412098 0.5116032 1.6802438 1.700952 0.36769632 0.5014482 0.86260754 0.24020201 -0.5343731 0.16074683 0.16908313 0.2796604 -0.4770526 -1.5390844 0.6096805 -0.32501975 -0.6877757 0.65358734 -0.35557657 0.6800833 -2.0786881 1.546845 0.78085774 0.3546025 0.38786635 -0.7702909 -1.697152 0.52018386 -0.7619637 0.18505703 0.85768473 0.4950573 -0.92336553 0.051489245 -2.0311403 1.117027 2.368477 -0.55105716 0.25516176 -1.0135843 0.6770138 0.63902 0.6044219 -0.43909323 0.69785655 1.4213092 0.13390942 -1.1188425 -0.9638965 0.3999742 1.4534855 -0.8037277 -0.9723106 1.2993675 -0.27484894 0.043952752 -0.2960676 -1.612012 -0.6418391 0.8721744 -0.8388142 -1.7836256 -1.0167143 0.7431132 -0.11852588 0.23068903 -0.67815983 0.47538176 -0.91802084 -0.6763532 -1.101609 0.47167704 -0.62691915 -0.66424274 -0.4151507 -0.4829842 0.20403634 -0.28093 0.04177865 -1.1194223 0.17984785 0.9005796 -0.91205794 1.1193715 -1.0484154 1.0427516 -0.27517787 0.27558166 0.44431326 0.11027779 -2.083506 -0.32617363 0.25090677 1.1021224 0.74112284 0.03442162 -0.7168605 0.19093804 1.0879503 -0.6705705 1.2342068 0.04034628 -0.15172277 0.63594097 0.5132359 0.3500212 1.5278934 -0.5324175 0.39863056 0.08543009 0.9408691 0.12432209 0.996566 -0.09910278 0.088430576 -0.12269142 0.8850832 -2.0812209 -0.9776279 -0.79961455 0.455975 -0.81319845 0.017718436 -0.01747113 -0.7883304 -1.0098451 -0.35414124 -1.3436313 -1.4952729 -0.19711879 -0.7762152 -0.3406331 0.16235718 -0.34001076 -0.37200743 -0.89495134 0.6144725 -0.8816436 -1.5057137 -0.9763601 2.2571118 -0.59120417 -0.86428446 -1.4970334 0.7263228 0.5595165 -1.0098003 0.4981307 0.69361544 -1.2658926 0.18857968 0.45441395 -1.0952156 0.13206175 0.40964255 -0.42470106 0.25039813 0.03674032 -0.3385516 0.034143157 0.11679408 -0.29072523 -0.21234909 0.7971524 0.9832497 1.1399548 -0.5939343 0.15568383 0.17613192 1.3287152 0.15176068 0.9357501 0.16916832 1.32713 -0.40525278 -0.8780298 1.0941285 0.1223393 -0.7641221 0.3475027 0.5514978 -0.067809194 0.7278937 0.03931312 0.09446882 1.8357215 -0.020961478 -0.3077881 -0.7477113 0.9632056 -1.0705304 0.541471 0.8636851 -0.5318293 0.21495326 -0.12361422 0.4538663 -0.3712916 1.6261284 0.8559716 -0.059595626 -0.31229833 -1.0012614 -1.6065314 -1.2679019 -0.71258146 0.91898113 -0.5853033 -0.31249377 -0.59948933 -0.09861711 -1.5145838 -0.15009338 -0.39210105 -1.9155549 -1.4258655 -0.93041927 -0.11476625 -0.11232876 0.08585569
pear -1.0528747 -0.60932875 0.24124314 0.9976117 -1.5146389 -1.4572031 1.0518965 2.0410259 0.29135075 0.81783456 0.84868246 1.493167 -1.2755231 0.5124616 -0.12936638 -0.7820797 0.67916405 0.8930158 1.3543247 1.1138643 -0.8339052 1.9363406 1.577366 0.7994078 2.6105235 0.93110204 0.17928874 0.41229883 0.4333062 -0.5773068 0.43772757 0.016795395 -0.18956186 -0.5194009 -0.6034223 -0.48177633 1.6202971 -1.5446261 -0.9288727 -0.29856685 1.3445203 0.45103958 -0.6419846 0.7160748 0.49067757 -1.0673438 0.76190096 0.66365045 -1.372423 -0.19543901 -1.1900941 -0.450027 -0.5661261 0.011956292 1.0155189 -0.3602947 -0.4644773 -1.515234 -0.40946203 -0.52588373 0.08211396 -0.9268908 0.444353 0.40024304 0.22841614 -1.222454 -0.55097306 -1.3019649 -0.20216224 -0.26080626 -0.81107557 0.17566447 0.055351343 -0.29088703 -0.36257023 0.6568056 -0.11940461 -0.043332804 -0.0020803853 0.38208327 0.5904043 0.513928 0.85988975 0.1165519 -1.4272511 1.1271707 -0.9351718 -0.12412749 0.08810462 2.469311 0.79101264 -0.59451526 -0.025168162 -0.21571553 1.7232298 -1.3234367 -0.5779679 -0.65508324 -1.1507881 0.6024748 -0.54600126 0.8954768 0.74421835 0.05046435 -0.9860451 0.81105584 -1.4768177 1.2457601 -1.2680781 0.18377656 0.122544855 -0.38468537 -1.6280849 -1.0831977 0.046312373 0.21634473 0.515734 2.4356816 1.5077003 -0.19963051 0.43284395 0.16378973 2.5713305 0.46044752 -1.6035241 0.72461635 1.1363498 1.2452334 -0.38851818 0.33175826 0.8138101 -0.3389149 -0.7867855 -0.17814147 -0.60703015 -1.502553 -1.3265817 0.33241695 -0.2294811 0.5023242 -0.25066328 -0.99263054 -0.47304568 0.23053493 1.060873 -0.45434895 -1.1242994 0.055332523 0.08592917 0.6959618 -0.3709098 0.13031176 -1.3080709 0.05967141 0.84995097 -1.4344213 0.7365008 -1.219192 0.10822246 -0.26085985 -0.3765104 -0.20038517 -0.64887434 0.8499861 0.7791033 1.877253 -0.5034443 0.3248186 1.6588973 -0.46154428 -0.09463023 0.11786247 0.62412447 1.0802939 1.2736572 -1.3072093 0.65941334 -0.4243382 1.6232922 -0.3676568 -0.36124834 0.62167823 -0.96453124 -0.36178207 0.3071501 1.6841612 0.45456764 1.8085768 -0.8640779 -0.61324376 0.12253306 -1.6718531 -0.08337727 -1.505982 -1.1462204 0.8487202 1.4379368 -2.9909275 -0.79530627 -0.548356 0.6885093 -0.9772013 1.8835295 0.20998551 -0.764608 -1.0547283 -1.3661914 -0.40970433 -0.190256 0.14157526 0.5495882 0.46424964 0.6101356 -0.9269809 -0.55286366 0.33892015 0.537318 -2.0538704 1.0895828 -0.2195541 0.1451397 -1.4525815 1.1509948 -0.87424684 -0.70661336 -0.29701117 0.7448253 1.2303628 1.0197433 -1.1818426 -0.3430858 0.7872322 0.2704471 -0.374409 -1.0733076 -1.2046045 0.5821703 1.4468672 -0.68758875 0.82002926 1.0126685 -0.47545958 -0.66116667 -1.2699839 -0.4916643 0.10444113 -1.2889473 -1.1021385 0.6218975 1.6211499 0.43916407 -0.5796948 3.0811596 1.4780022 -2.402461 -0.114733495 2.1373684 0.32107887 0.045729864 -1.0888851 -2.0869982 -1.3819112 -1.1697445 -0.99934584 -1.1496047 0.13674444 -0.31212944 0.38958287 0.7061993 -0.7516449 -0.65851843 -0.84951675 1.7452608 0.70887536 0.3580739 0.0977141 -0.31601167 -0.6575561 -0.15524085 0.77138877 1.1663525 0.10989464 1.0342054 -1.1748872 1.027347 0.12312601 -1.4372557 -0.9024054 -0.16691764 -0.90147686 -0.35892195 -3.4947174 0.20821601 -0.73186505 -2.8110945 -2.2007089 -0.66382384 -1.9678576 -1.905765 -2.0274222
ham 0.5487476 0.29903477 -1.6213472 0.7657165 -2.2409422 0.6052645 -0.64729327 1.4257514 -0.24148822 0.9391202 0.67744714 1.0743057 -0.12267432 0.39091507 -0.20912497 0.30824688 -0.85884833 -0.4701676 -0.091352955 0.11818584 -0.42601013 -1.3494816 0.6354443 -1.7412848 -1.0803868 1.0059822 1.480161 -0.21415697 -1.9614137 -1.2532142 0.96274966 -1.2782246 0.5325562 -1.2050228 -0.7718443 0.88503873 -1.2568636 -1.0504376 1.13434 2.2244318 1.39367 1.38422 0.4428435 -0.69058114 0.030916696 -0.72538054 -0.97033155 -0.82256716 0.33774725 1.5713463 0.23130411 -1.1512284 1.2139435 0.14363474 -0.7376258 -0.8350719 -0.40689263 -1.121217 1.465803 -2.5887244 -0.5780902 -0.57133985 -0.09338274 1.4621655 0.32607716 -0.30973512 -0.8017133 -0.43393698 0.5582113 2.024604 -0.4823727 -0.19804029 0.36419314 -0.19462197 -0.13644701 0.66492766 -0.12268431 -0.9148703 -1.6948986 0.8642804 -1.5516691 1.0100207 0.4717581 -0.7115069 -0.64003265 0.74580956 -0.92743933 -0.1734765 -0.09575266 -0.025041478 -1.5649909 -0.72559226 -0.32309756 -2.1244302 0.67939144 0.72886926 -0.9363461 0.9680043 0.6103107 -0.50642693 1.0568705 0.64211106 -0.816467 -0.15633094 -1.2803504 -0.3100555 -0.16480535 0.027385926 1.279095 0.8036628 0.7911036 0.41801327 -1.2859333 0.55258375 -0.900767 0.4135966 -1.4082298 0.504874 0.10665526 0.62336373 -0.9147765 -0.52051765 1.1794164 -0.09787363 -0.8600394 0.48293477 1.3380477 0.00059311127 0.97745365 0.33747143 -1.0180823 1.6355742 1.4230095 -0.25261787 -0.032405715 0.14875065 -0.08104633 -0.33048755 0.5872588 0.9220074 0.06289493 -1.5369523 -1.0348465 0.64020604 -0.035665806 -0.9817673 -0.72401637 -1.1931399 0.6078305 -0.2898833 -0.56140023 -0.8688331 0.58598804 -0.74452966 0.20732243 -1.8645205 -1.8953929 -2.3331423 0.049447298 1.2220148 0.3586353 0.6304907 -1.1232963 2.2998047 1.1814092 1.7863188 -2.5289075 -0.495549 0.18832168 2.630636 -0.33156645 0.7618258 -0.08221085 1.1309249 1.6294285 0.45089084 -0.51501364 0.29612464 0.85123813 0.2420844 -0.0810742 0.75335693 -0.8176626 -0.8848519 0.71122944 -0.12092795 2.1222386 -0.21602768 0.39313436 0.008748991 1.7886055 -1.4090087 -0.57301086 -0.89672625 0.11035593 -1.4886293 1.4519356 -0.3030117 -1.2068332 -0.15896879 0.80008626 -0.9231886 1.0651107 -0.41987985 1.5759611 -0.9731548 -0.2479292 -0.031186016 0.10306055 -0.19129981 -0.9722863 -0.2965155 -0.717334 -1.2494067 -1.357086 -1.32405 -0.0056993016 -1.8974745 -0.02482295 -0.745821 1.5629073 0.7922483 0.7157165 -1.0560521 0.2874098 0.1724837 -1.2618239 -0.3011462 -0.06952166 -0.5596425 -0.2778156 -0.47829014 1.6568251 -0.22040084 -0.045448694 -0.5061666 0.7262209 0.2738334 0.35361394 -0.0008200997 0.13951975 0.07576124 0.75919336 0.26514643 -0.5536207 -1.2694803 -0.36640474 -0.21960221 -0.26354283 1.6732149 -1.1912563 -0.7638587 0.84332883 1.2104701 0.90106964 -2.0333445 0.10416752 0.19219525 0.4854316 -0.02871404 0.48652697 -0.26461774 -0.3062637 0.53251415 0.0015653461 1.8445072 -0.41870195 0.9947193 -1.0499743 -0.26388922 -0.4215221 1.7219352 0.4874696 0.13114992 2.1516669 -0.26442957 -1.2698834 -0.48141405 0.2516494 0.38109556 -0.2607492 0.49598342 0.81049913 1.1297889 0.2577245 -0.76472723 1.8818958 1.4606909 -0.3482412 -1.0644193 -1.2965378 0.07106419 -0.68201953 0.194752 -0.53665775 0.30005896 0.50252897 -0.59038067 0.86740434 0.48851094
turpentine -0.511535 0.95548594 -0.96759677 0.14609815 -0.17780189 -1.0377274 0.7861976 0.6456969 0.46986848 0.3584253 -0.12020451 -0.545557 -0.079659306 -0.32763842 -0.76213837 -0.40565082 -0.6292417 -1.2791955 1.6510208 0.15701252 0.019925106 0.6694115 -1.2355468 0.86712605 0.6744955 0.70731264 -0.7784073 -0.30093563 1.0525318 0.14877303 0.096444026 0.35538793 0.23942587 0.23300052 -0.107221946 -0.07420078 0.56083375 -1.3683184 1.9867198 1.6861113 -0.90933967 -0.7080848 -0.18577033 0.33622575 1.5994732 -1.5037348 -1.2681493 0.029028596 -0.22478688 1.1479062 0.72516084 -0.06321032 0.020762417 0.050935593 -0.08447024 -1.0744557 0.35342598 -0.021094298 0.45700777 0.16260448 -0.7427563 -0.25552318 -0.062899016 0.5808883 -0.55223846 0.16392244 -2.2334485 0.7648188 0.21049902 -1.0594622 0.37263015 0.21935418 -0.1978945 0.7309143 -0.71986717 1.2563324 0.7430161 0.49065405 -1.2336729 0.5729974 0.064612634 1.2446089 0.26798147 0.6905633 -0.3338585 -0.20195279 0.061718848 0.107129954 -0.12188241 1.6169703 -0.03182034 -0.37274247 0.4723563 -0.24519633 -0.9793087 0.6371471 0.45079768 1.7308834 -0.27572912 -1.1095915 -1.0344532 -0.65734506 0.88150954 0.12540914 0.4336942 0.6103979 0.12999557 -0.9214328 0.6197034 0.051603846 0.30426997 -0.0050750026 0.751917 -0.7049817 0.8142739 0.50254685 -0.88355464 0.56577283 1.1120476 -0.73725575 1.4317496 0.4558199 -0.493413 0.30679223 -0.057810564 0.5205319 0.74361455 -1.2164911 -0.088540204 -0.83947885 0.32820222 0.10500747 0.3752375 -1.0233934 -0.44533584 0.54228973 1.3903877 0.24872251 0.32413507 -1.5924911 0.08651981 0.31710073 -0.13749346 -0.113038585 -0.52135855 -1.1690922 0.3064282 -0.6365014 0.3940976 -1.2475221 1.377624 -0.012306355 0.05400716 -1.0591077 0.106839746 -0.110257074 -0.60000217 0.20522039 -0.43309835 0.66056633 -0.015561086 0.21469425 -0.4688609 1.771715 -0.8772737 0.6451453 0.2704148 -0.31940338 -1.4938668 0.44775566 -0.109857194 1.4128425 -0.24698648 1.317629 1.1271591 0.7610073 0.26640806 -1.0618777 0.99046874 1.0910832 0.1298742 -0.17299515 -0.8515994 1.4166504 -0.3765098 1.6271743 1.896142 1.3745965 0.5400658 0.08347844 0.72184646 -0.036345936 -0.52505714 0.41549218 -0.54827726 0.73788095 1.447637 0.049788382 -0.989075 0.98241585 0.24191284 -0.13602668 0.09770304 -2.2389324 0.6737319 0.09881729 -0.79063547 1.5884315 0.27223113 0.40705714 0.20656371 0.3223114 -0.53856075 0.7594562 -0.3718866 -0.6316156 -0.5787139 0.94911224 0.81647 -1.5268546 1.3580046 -0.38439724 0.044813123 -0.39910513 2.3517644 0.28724822 -0.07803646 -0.77521354 0.9313418 1.1478204 0.79209363 0.34895 -0.23147492 -1.2475067 -0.08429089 -1.2261 -0.249704 0.08698647 -0.13386786 1.1452726 -0.0069447896 1.0467485 -0.249678 -0.9668599 0.10251694 0.8562523 0.53258765 -1.4380356 -0.32412004 -1.00144 -0.7387986 -0.91485995 0.26723558 0.44280612 0.49633121 -0.61529255 0.687388 0.58671546 -0.61356705 0.061045736 1.5151892 -1.774499 -0.047896903 0.38261232 -1.2166066 1.392292 -1.069359 0.22701928 0.17198956 0.22418937 0.07139203 -0.5402997 1.8351749 -0.6086959 0.06652153 0.4926406 -1.2879443 -0.06445531 -0.39196554 0.07593122 0.13180986 -0.16471931 -0.79269606 -0.8231872 0.50639284 0.035499904 -1.1300563 -0.31824133 -0.9352143 0.17842539 -0.5717032 -0.16167206 -0.588487 -1.6656368 -2.1461542 0.5080217 -0.12620208 0.4292469 -0.15738623 -0.9205926
camphor -1.2012312 1.2167082 -0.80034435 -0.011997114 1.2082404 -1.4203074 -0.7136104 -0.09274179 1.4709549 0.32993457 0.8130884 -0.65403414 0.19247696 -0.92212385 -0.71478516 -0.4035887 0.27927548 -1.0218314 -0.5281838 1.1674347 1.7611886 1.1655365 -0.1529795 -0.68590343 0.109793656 -0.4021197 0.001003436 -2.0876915 0.80227816 -0.023477597 -0.3161133 -0.73593223 -0.7536139 1.2052995 -0.5923358 -0.48488936 0.2854523 -1.8205334 -0.69112283 0.9272595 -0.55313635 0.87569046 1.409012 -0.19520502 0.7569367 -1.1521102 -1.7856718 -0.6258101 -0.32810852 1.1974407 -0.45112208 -1.171965 0.64553815 -0.8102629 -0.050531242 -0.36458895 0.85133165 0.46630716 -0.47329682 0.37287292 0.7774178 -0.32974187 0.023081463 0.15632811 1.2906276 -0.6336195 -0.15464385 -0.9729555 0.9583603 0.29436338 0.3119678 -0.56637466 -0.008262965 -0.20412487 -0.66600436 0.31869 0.5581555 -0.4522275 0.28395456 -0.82120705 -0.30520177 1.4505275 0.7140651 1.3841405 -0.05394074 0.4012925 0.7868665 0.7233907 2.3371606 -0.49698144 0.047883607 0.10050555 -1.7600855 -0.62128097 0.28537068 0.35982063 0.47354114 0.39976457 0.3716769 1.1702244 -0.37012994 0.014756991 -1.1339101 0.62025946 0.8233151 -0.27519366 0.53325176 0.6541673 0.38412926 -0.6865566 -0.47660238 0.19465 -2.1570272 0.59845895 0.97270775 -0.7366187 3.493798e-05 1.2958909 0.31263062 0.9648762 0.3833259 0.2155025 0.6366526 -0.5773637 -0.16482776 1.1520921 -1.6001849 -1.3516082 -1.6285233 1.2763251 0.1532933 0.37377894 -0.909492 -0.7047318 0.4520577 -1.2090223 -0.16711022 1.465287 0.25491884 0.49461198 -1.4077412 1.8282992 -0.255192 0.50454485 -0.11939286 -0.4048703 -0.678667 0.84366256 0.8890913 -0.16175322 1.9348713 1.3792163 0.0021738352 -0.4393377 0.49887902 -0.14410879 0.5323892 -1.1903119 -0.78771657 0.7674804 -1.9916482 0.53356165 -0.22524945 1.5125732 -1.1491731 1.0162262 -1.0110083 0.029537806 0.22777566 -1.2542087 0.21144378 -0.7148482 -0.54532003 1.3906698 0.6294597 0.7251752 -0.23893037 0.6372113 0.4197464 0.56955075 -0.25344327 0.21875994 0.31897956 0.8558968 0.75501513 0.40419263 3.0434535 2.19353 -0.70509124 0.034346595 0.41788727 0.010947847 1.0364928 -1.371328 0.19733515 -0.97951883 1.782768 -2.0266273 -1.2900791 -0.35670677 1.0284063 1.4593403 0.28452936 -2.344721 -0.39225313 -0.47241434 0.347851 0.0188133 -0.8495914 1.024577 -1.3626946 -0.6026465 -1.8264337 1.0922678 -1.1897842 1.3846227 0.27910662 -0.2524619 -0.31109473 -1.3201014 1.1596726 0.12067318 1.0062718 -0.0835977 -0.4744479 1.0516057 -0.5022067 -1.4421082 0.99081326 -0.31139696 1.2432529 -1.2574468 -0.841972 -0.9346217 0.8501634 -0.10498987 -1.1971397 0.497574 0.065601595 1.2937021 1.0023036 -0.55041564 0.50508577 -0.08978139 -1.1173643 0.9417307 -0.4906682 -0.8545245 -0.59701174 -0.050358593 -0.40391284 -0.2938733 -0.21653427 -0.42380348 -0.29506853 -0.18050545 0.18468677 0.9959661 -0.63618124 0.13035633 1.5275918 -0.8785136 -0.1644728 1.3744003 -0.26786464 0.54154325 0.5178184 -1.3578051 1.3709031 0.15797994 -0.06352394 0.07662778 1.9644316 0.013042931 0.47088286 0.75959474 -1.0791403 0.71235347 0.95055896 -0.5084121 -1.2216898 -0.16777962 0.5138098 0.41584933 0.4448616 0.9044033 -0.25341693 -0.12092618 0.5701806 -0.0011937816 -0.622473 -0.88724554 0.32744092 -0.70474374 -0.042098485 -1.2812916 -0.014822577 -1.0383103 0.044138335 0.31286898
pineapple 0.3262741 0.48597547 1.2005762 -0.0662762 -0.6280762 -2.0289752 0.6753999 -0.0053071156 -0.18838063 -0.40648857 0.4541587 0.5047044 -0.6127687 -1.003658 -1.3969612 -1.2369497 1.3581543 -0.92328364 0.10147708 0.81415594 -0.81627303 0.6303507 -0.37256792 1.032982 0.37231728 1.2565037 1.1260852 -0.27746725 -0.49465466 -0.61973596 0.39443392 -0.41590455 -0.27974927 0.111390434 0.65425086 -0.9094618 0.56211144 -1.9779192 -0.9102459 0.2730916 -1.2950251 1.0177335 0.061928477 -1.2303046 -0.38141966 -0.88441384 -1.2400258 -0.038961887 -0.7839314 0.8294272 0.7894499 -0.21290019 -0.38132736 -0.2883815 0.030381467 -0.9817857 1.0316894 -1.4743416 1.267339 0.56318355 0.20282717 0.24957901 0.048587035 0.8125884 0.0760222 -1.4704595 -1.5811467 -1.2669405 -0.88967925 1.1360754 -1.7213179 -0.3391324 0.11282433 -0.93209225 0.5532999 0.41405928 -0.09096873 0.072410256 0.84434783 0.1364899 -0.63888735 0.64510334 0.44180226 1.3375878 -0.47169417 -1.2075686 -0.11862363 -0.97532326 -0.34571612 -0.85354215 -1.0230061 -1.4560783 0.21037325 -0.5249769 0.38376054 -1.3614748 -0.80386937 1.142568 -0.28932917 1.2188293 0.23858725 1.0605221 -0.14507101 0.91097355 0.39623028 0.71797997 0.8790286 0.44541338 -0.6466742 -1.131217 -0.27929685 -0.11795264 -1.1744518 -1.0519559 0.49505374 0.44011036 0.65325534 0.2617518 0.84112084 0.76905555 -0.34456423 -1.3887014 0.51795644 -1.1425438 -0.83665276 -0.077286944 -1.3882055 -0.14894943 -2.5031059 -0.7689798 0.61437374 -0.24836345 -0.77428037 -0.80438995 -0.39522272 -0.54944575 -0.4476527 -1.294941 -1.0763035 0.14465575 0.8369084 -1.6008724 -0.47443962 -0.17613569 1.1869632 0.530026 -1.037438 0.0017310146 -1.4688925 0.74325866 0.8107866 0.44622943 0.2233659 -1.2995557 1.5963864 -0.66080725 -1.352275 -0.5943366 -0.15831491 0.228797 0.8288685 -0.2521694 0.69098496 1.7169018 2.7201405 0.17790325 -0.94842476 0.37489873 0.53569174 0.775935 -2.132196 -0.56050056 -0.028473198 1.307884 1.2240329 0.56050617 0.2549288 1.2608702 -0.474588 -0.701125 0.72387075 0.032902386 -1.2577007 0.04192037 0.5012892 0.78940696 3.63966 -0.05691869 1.1611086 -0.23135333 1.7794857 0.25079447 -1.0725945 -2.0705466 -0.25962543 -0.7819307 1.4342369 -1.8013047 -0.6490471 -0.17156851 1.2922775 -1.1358609 1.4288372 -0.42992005 -0.81956536 -1.2085968 0.6051548 -0.68792444 -1.0972714 -0.47767913 0.12562537 -0.10642878 -0.28649598 -1.1097318 -0.1821769 0.66196626 0.9406272 0.019365013 1.1173437 -0.87052536 1.3171444 0.48789537 1.3467177 0.22168052 0.32150617 1.4004838 -1.7735554 -0.27024516 0.73887295 1.1371839 -0.2807883 0.45453435 -0.1646766 -0.051216625 0.3066078 -0.36045346 0.59956694 0.9428699 0.19936217 -0.23860748 0.3344806 -0.28349414 0.23352627 0.79790103 0.64092827 -0.533862 -0.0018248468 0.06741321 -0.08906048 0.063504204 0.39864737 0.52833176 1.0491989 0.27138212 -1.5689946 -1.349244 1.1072819 -0.4589895 1.2366366 -0.5473575 0.81475985 -1.2289013 0.25464416 -1.1586051 -0.22957294 0.16845682 0.2911096 -0.09248649 0.27746463 -0.18472107 0.21043047 -0.48199403 1.0781147 0.49168557 0.54023474 0.008986007 -0.14403494 0.16952161 0.6323834 0.096038 0.32795462 -2.2450888 1.3996586 -1.5521605 1.4170407 0.82060397 -0.02445007 -0.45740357 1.1256337 -0.9889164 -0.20056707 -2.7047691 0.030478898 -0.7512835 -0.3742491 -1.0317402 -0.80005115 0.23751634 0.0027008804 -0.9916871
kerosene -0.612518 0.9549933 -1.3932118 1.0468599 1.0910835 0.8814933 0.26457757 -1.4741772 0.5216628 -1.163545 -1.0432937 -0.30025253 1.0555459 -1.2148647 0.07253564 -1.0286243 0.15385304 -0.5365981 0.3519616 1.0908768 0.01897989 1.071618 -0.102305815 0.6817136 0.9676786 0.2813532 0.37532094 0.14970078 1.0947337 -0.23419636 -0.28706688 0.99253964 0.26458687 1.0821077 -0.77953756 -0.21613547 1.3917185 -1.4855102 0.19709672 1.7098088 -0.32388726 -0.17468365 -1.0661972 -0.031232772 -0.1358393 -1.1595476 0.07739435 -0.5108745 0.33243614 1.0251122 1.3038119 -1.1028517 -0.64529103 0.66495025 0.5172064 -0.11330354 0.38528627 0.005787672 1.2137574 0.48340717 -0.0841528 -0.022521697 1.0737804 -0.4303004 -0.6503242 -0.21321447 -0.3072896 1.6185805 0.9443725 -0.537594 0.21452484 -0.6001181 -0.008209709 -0.38981697 0.56835914 0.6457396 0.20071967 0.18111473 -1.0191176 0.8321746 -1.5438164 0.47107032 0.31949165 -0.064896755 0.5358974 0.22206253 -0.3965594 0.4020619 0.21764846 0.89807874 0.6053509 0.26833272 0.24319696 -1.3919325 -0.10734401 -0.18456669 0.5444743 1.3410692 0.4689658 -0.5362908 -0.84480166 0.08525606 1.151583 0.7837158 0.79958665 -0.012632409 -0.14714965 0.9161215 1.0561402 -0.18084712 0.13278669 0.80594635 0.14641899 -0.8954683 -0.2239752 0.15280099 -0.75897145 -1.5040184 -0.43813324 0.5421922 -0.37814298 0.8903571 0.7464458 0.22393589 0.24057443 0.49211836 0.6820197 -1.6757132 -0.20315805 -0.6289964 -0.09391911 -0.5808193 -0.15520342 -0.9825254 0.11605514 -1.2810872 1.8616748 -0.18854357 -0.37116593 0.0092012845 0.20791799 1.092856 -0.486741 0.34149486 0.06735088 0.767025 1.34255 -0.43823755 1.4209 -0.075721554 0.24885097 -1.1664063 -0.6201946 -1.3683916 -0.23848726 -0.68682 0.2716769 0.27688196 -0.32975107 0.022278314 1.1875973 -1.1366239 0.027986439 1.0123818 -1.100896 0.92440754 -1.0496564 -0.883125 0.30733854 0.095459834 -0.96622825 1.7172519 -0.45346352 -0.58432627 0.109304495 0.8157158 -0.35809058 0.4241969 -0.060026962 1.1563282 0.74198663 -0.9604732 -0.079335704 -0.07532713 0.028266113 -0.6080996 0.8792689 -0.24935879 -0.24754032 -1.0966446 0.48862112 0.5752488 -0.29284382 -0.490388 -0.38821575 -0.4476518 0.86880183 1.4927273 -0.85469216 0.13129537 -0.090469055 0.57634866 0.19578135 -1.9032458 0.65103656 0.664665 0.92811346 -0.77962106 -0.9212154 0.65145975 0.30853212 -0.39410746 -1.2125181 0.46931857 -0.15897506 -0.3255243 1.0316349 -0.27854007 -1.07342 -2.2514398 1.838593 0.010026777 0.5301808 -1.610068 -0.68189955 0.31789884 -1.2987216 1.2770346 0.22005288 1.1877168 2.1657994 -0.46465942 0.43601117 -1.3063513 0.30867806 0.5349951 -0.5556 0.35494778 -0.09384455 0.64265794 0.5275027 -0.43894342 1.5375177 1.3071188 0.9998817 1.053437 0.56802523 -1.0204033 -0.7938778 -1.5191443 -1.0933397 0.1305778 -1.1123782 0.843642 0.36690533 -0.766059 0.61674094 0.75175685 -1.1542305 0.40907407 -0.08142656 -1.1244277 0.5169904 1.0464537 0.47532222 1.1542035 0.0649305 -0.9289028 -0.5656716 0.4997861 -2.1152964 0.59075093 -0.1015509 -1.075222 0.7986375 0.34507972 -1.1747538 0.08167962 0.65008754 -1.0374523 -0.04894067 0.41366518 0.45169157 -0.96978754 0.38693538 0.8909664 -0.45391703 -0.10420575 -1.4446357 0.64297795 1.1361814 -1.820813 -0.6256714 -1.589776 0.6155129 -0.18734275 -0.45003667 -0.09477747 0.47578377 0.8986798
rope -0.27849233 0.93060005 1.0570097 -0.8749961 0.04106093 -0.749069 -0.3090084 -0.60827744 0.020913323 0.2712618 -1.3000424 2.649711 0.7344403 -1.1879603 0.16843595 1.24098 -0.19962588 0.009196622 -0.09405214 0.25691333 -0.44715306 0.3252845 -1.8305765 0.44767514 -0.24375911 0.423264 -0.7563915 1.4545628 -1.1251187 -1.3778645 -1.0147512 0.27458912 0.37562847 1.5544771 -0.29403687 1.240649 0.8266669 -0.15386014 -1.7936859 -0.5371001 0.39942092 0.031757854 -0.73164046 -0.79893845 -0.11813387 -0.9065955 0.06965006 -0.31346002 -0.9455628 0.7777261 0.32074654 -0.86942285 0.14824934 1.1711315 -0.11325012 -0.18668061 -0.5551261 -0.39092728 -0.51999134 -0.79450756 0.91589826 -0.695908 -0.7286354 0.042731073 2.1649275 -1.841714 0.68093574 0.20757374 0.2846151 1.1243248 -0.31498832 0.57232904 -0.043855574 1.0367427 -1.7276793 0.98302364 0.24952902 -1.2735008 0.18723713 -0.90445167 -1.2803882 0.003693078 -0.9882449 0.78159195 0.83202404 0.31005305 1.2786695 0.47766554 0.057074513 -0.11164109 -0.78598046 -0.78079313 -0.92183644 -0.42873806 0.3625229 0.18454707 -1.4402485 0.75501394 0.5616431 -0.71834517 -0.06621261 0.012986922 -0.8120847 0.40022805 -0.64768744 -0.61857843 0.029411413 0.38125646 1.9259844 0.27263862 0.38363105 0.47426236 -1.102555 0.47486788 0.10996827 0.5531948 -1.6012917 0.41332018 1.2529565 -0.11575858 0.0019914065 -0.36549154 0.5586127 1.3093385 0.47621238 0.8135522 1.0219833 -0.9527461 0.5991766 -0.58576596 0.64251655 1.0388682 -0.6818373 -0.01796647 1.1201661 0.6435486 0.7063775 1.6800096 0.15561146 0.32019857 -1.1093494 -0.016123611 -1.5400076 -0.14228188 0.8462066 1.1278327 -1.1805794 0.53183985 -0.20659252 -0.6763828 0.78894913 -0.9030491 -2.11549 -0.23140131 -1.2095965 0.24495913 -1.4547971 0.036442637 -1.3035922 1.080163 -0.6804048 2.029122 1.7595719 -0.8921283 0.624305 -1.3741062 -1.6907052 -0.21338403 1.1908183 1.2997109 0.8343793 0.3643309 1.1801438 -0.90295553 -0.36476707 -1.1700562 -0.17629094 -0.21821505 0.43403757 0.76476884 -1.2539401 -0.47977215 -0.09564441 0.078897186 -0.01242185 -0.80934685 0.5959451 0.385987 -0.72010714 -1.0894945 0.78030413 0.18519123 0.80062133 1.3505149 -0.101312526 0.10352561 0.7279964 -0.35439554 -0.7440201 -1.7612253 -0.2527186 -1.177978 0.3098886 -1.2578171 1.2201617 0.79298735 0.76511276 -0.5633622 0.38607317 1.3774745 1.0184785 1.2923238 -1.187708 -0.11573995 1.1139221 0.28164756 -0.551374 0.017763227 0.27956203 -1.1363351 1.6341666 -0.35533327 0.9030437 -0.8582138 1.0807852 0.9565096 0.69557726 -0.099853255 -0.36497483 0.12472031 1.3167752 -0.70358527 -0.21447171 -1.4579486 -1.3212686 -0.024944508 -0.87483156 -0.6214446 0.08148333 -1.2220073 0.4956291 -0.07019709 -0.27339196 0.9376802 -0.68190604 -0.31415036 -0.86518985 0.37693226 -0.9608383 -0.42228705 1.3475474 -0.23752567 1.2990906 -0.98842484 -0.5331145 -0.7351936 0.2557145 1.4649388 -0.15484723 -0.17066708 -0.4741087 -0.48859093 -2.2228856 0.48874816 0.997128 1.1362902 0.8016168 -1.2638062 0.077420495 0.3030099 -0.92754334 0.33686304 1.3592168 -0.14404428 1.063515 0.2877994 0.058465585 1.4410634 0.9272917 -0.09575143 1.8155406 1.1351275 -0.37569332 -1.0380244 -0.29341835 0.82341206 -0.8813597 0.8214165 1.2729099 -1.1673499 1.9438506 0.5124648 0.062352214 -1.1669977 -0.19751433 1.5956049 1.0159785 -0.41722676 1.9631046 1.1494364
licorice -0.027792653 -0.45189068 -0.4241193 -0.4116236 -0.7930147 -0.458627 -0.047237996 1.5555168 0.16903885 0.19525898 0.65245986 0.62282 -1.3429711 -0.78098476 -1.1579919 -0.14838944 -0.49956065 -0.6210607 -0.7783518 0.5658988 -0.7709141 -0.093021564 -0.6582914 -1.0030584 -0.13867964 0.0996882 -1.3073894 0.12584652 0.5597296 -0.86044323 -0.22218838 0.76784056 1.5857297 -0.22012947 -0.7995338 0.9411207 0.279943 -2.3205154 -2.082613 0.86824167 -0.6533953 0.450904 1.0569367 1.3189305 -0.61718464 -0.28902176 -0.34904876 0.7721096 -0.17796202 1.103515 0.7343518 -0.2800899 0.5187129 -1.0023166 -0.04430821 -0.57545424 -0.934844 -1.2709385 -0.2617946 -0.20425457 -0.16532607 -0.6839314 -0.24073279 0.31147552 1.3363029 0.35322887 -0.5981702 0.2699194 -0.34817588 -0.08358113 0.7161472 1.0987089 -0.13881868 -0.3685583 -0.4333318 -0.049029924 -1.0653943 -0.19111404 0.8231571 -0.535327 -1.0929704 -0.35772923 1.4580824 0.7463899 -0.9259375 -0.30753618 -0.54534346 0.6308357 -0.98592055 0.98822576 -0.12292431 0.54582596 -0.49586198 -2.1594067 1.060858 -0.6746747 0.39300665 0.5058421 0.6126358 0.961866 -0.62670237 -1.3570721 0.7517376 -1.243862 0.17194036 -0.737643 -0.7130799 1.6541401 -0.5428027 -0.061485842 0.20578821 0.2454882 -1.3743745 0.37961575 -0.89720786 1.5661459 -0.0074510323 0.483974 -0.6944376 -1.404824 -0.082720295 1.1737566 1.4037642 0.39528275 1.5040563 1.7361051 -0.3262622 -1.3166163 -1.8685865 0.51148605 -0.48796973 -0.40528515 0.6363561 -0.23842295 -0.19898622 -0.73655343 0.077760294 -0.98305964 -0.7476783 -0.73609316 -0.33512452 0.5775923 0.2441439 1.6933689 -0.95788753 -0.7142696 -0.18904436 1.7894624 -0.8709475 0.2648072 1.0868843 -0.5451874 0.30408275 -1.4705276 -0.25161248 -1.5442277 0.6066376 -0.89010394 -0.14751722 0.59859234 0.96383786 -1.6494744 -1.6907992 0.7297187 0.5138273 0.6311673 -0.646009 -0.13169543 0.14290455 -0.30777347 -0.99916995 0.16023712 1.1017687 1.5818828 1.887769 -0.6456657 0.9902847 -1.0016197 0.020451725 1.1788478 -1.2727662 0.977131 -0.022633236 0.5243874 -0.7937517 0.7265112 1.6186465 1.9403936 0.53323305 -1.1269219 0.43791974 -0.28856546 -0.011319921 -1.8023964 -0.011786409 -0.50573534 0.87148625 -2.0527594 -0.31186625 0.5115849 0.5731839 0.3325192 0.44240332 -0.8261008 0.39369527 -0.6485063 -0.39503878 0.62987435 -1.1366785 -0.8055627 1.046821 -0.5110131 0.9410257 -0.91713464 -1.522175 0.43367714 1.3650128 0.1387241 1.3389825 -1.3623539 1.0099351 -1.0648689 -0.41253886 -0.8319494 -0.85017276 0.91534317 -1.2157673 -0.14267585 0.22217633 -0.53768736 -0.5743029 -1.122923 -0.43086824 0.77560943 -0.0014952145 -0.5060124 -0.31278098 -0.429264 -0.22885855 1.0048583 0.6999704 -0.14630169 2.2129111 -0.83910465 0.7390146 0.0799558 -1.3089018 -1.4802232 0.12729894 0.89237064 0.89297324 0.13946393 0.07071884 -0.40093842 -0.8053281 -1.7611203 0.6064273 -0.31052327 -0.063962884 -1.3001308 1.4072535 -1.176477 0.4777212 0.16153088 -2.2680302 -0.7916227 0.6067655 0.31836247 0.51423895 -1.2872328 0.4975623 0.031061271 1.1381837 0.031123549 -0.56810933 0.63812286 -1.0178643 -0.389706 0.48403785 0.4370645 -0.33467624 0.26366445 -0.61003053 0.70757896 1.0115668 0.9398948 0.10585644 -0.22184116 0.2233025 -0.45392492 0.66039455 -2.2473636 -0.66334325 0.10576663 -0.79932964 -0.21154103 -1.2311213 -0.84094715 0.54686445 -0.7728819
grapefruit 0.44204375 -0.09387788 0.7369561 0.51017493 -0.9740988 -1.3019146 0.65653557 0.72860426 1.4624714 -0.6602453 0.5942156 -0.21635468 -1.3126739 -0.069791295 -1.1099898 -1.1779771 0.2977827 0.2796509 0.04866211 1.5149006 -0.92771435 1.3946176 0.3117642 -0.029871823 1.8776418 0.2396942 0.13642658 -0.41009876 1.3200762 -0.97791165 -0.42651778 -0.860309 1.5517894 -0.9309261 -0.21042953 -1.4516828 0.26966578 -1.5389357 -1.2241242 0.69090605 0.82509667 1.1913565 -0.7183966 0.2532574 -0.931411 -0.35997555 0.46666965 -0.40298137 0.12534584 -0.087144196 0.23377514 -0.3253773 0.565442 0.41113213 -0.7895773 -1.3406167 -0.91829747 -0.9978658 -0.8459903 -0.9383528 -0.15995695 -0.9627381 -0.08302693 -0.6057371 0.18470514 -1.6120857 -0.21483155 0.9509341 0.38123965 -0.21191208 -0.24071963 -0.18408595 0.861267 -1.2643192 0.1551726 -0.2709448 0.6436486 -0.06097685 -0.3696985 -0.32263625 -0.4581857 0.56753796 0.52869177 2.3790908 -1.1942948 -0.28310564 1.0342287 -0.79519427 -0.9181002 0.7982787 1.1342009 -1.2654701 0.14240213 -0.2534637 0.9109542 -0.7805948 -2.036587 -0.6848949 -0.040433105 0.98467517 -1.2339116 1.4646202 1.1982921 -0.07891955 -0.47384584 1.3818265 -1.5627549 1.1615932 -0.49258062 -0.7838721 0.023619935 1.0737673 0.03883553 -0.28019086 1.0959723 0.14078653 0.46641034 1.025403 0.48515096 -0.3700912 -0.57543474 0.16257948 1.3990883 0.14352855 -0.33107668 1.5247139 -1.2566211 -0.75587523 -1.003269 0.3778555 0.011738079 0.92944765 -1.4308999 0.6429423 -0.58593076 -0.66478676 -0.23837106 -1.2454382 -1.5877562 0.3071618 -1.5420527 -1.3993613 -1.1314294 -0.09398785 0.15136915 -0.96204215 -2.0393305 1.6183776 -0.08507134 -0.04424076 1.3690201 -1.5699754 -0.24081479 -0.020630043 -0.011641736 0.12665074 -0.20306331 0.12988974 -0.7772292 -0.28933948 -0.73312473 0.7393226 -0.5227492 1.9142704 0.3149005 0.0505588 -0.8184429 -0.053525746 -0.6235133 0.0426845 -1.1660585 0.5548495 0.91551757 1.0482988 0.8687617 -0.36852893 -0.38670573 -0.5960168 0.34160784 -1.0418693 -0.97945195 1.3203857 0.83691514 1.5641905 1.4251341 0.31435812 1.1193881 0.7712658 -1.1190523 1.1336104 0.03529544 0.21029586 -0.5936363 -0.058023855 1.0782692 -0.11418312 0.24592733 -2.067826 -1.0419314 0.4528863 -0.04034783 -0.41470733 0.4861721 0.09191408 -0.2590644 -0.27539828 -1.2942224 -0.029899223 -0.4273375 -0.58041203 0.9150986 -0.13842028 -0.6735899 -1.6406204 0.15788195 0.6263053 0.3524673 -1.5148989 1.1735562 -0.5227885 0.7559111 0.09148603 -0.5470666 -1.692876 0.2964944 0.9834096 -0.07633809 1.5969237 -0.90635186 -0.29391712 0.3215621 1.0156761 -1.8287768 -0.031275105 -1.2134819 -0.63897705 0.17327759 1.0541323 -0.54674083 -0.3407572 -0.4810786 0.55055505 -0.19042236 -0.3448141 -0.39463505 0.26247817 -0.21475452 -1.1703767 -1.0718389 0.7386328 -1.0303411 0.49719462 0.681645 -1.2567561 -3.1243546 -1.058853 0.31315425 0.31515887 -0.0073727435 -0.2088254 0.2102535 -0.34100437 0.56008434 -0.26960772 -0.56576765 0.524736 0.116430536 0.6478884 2.5031066 -0.9511638 -0.62191886 0.090202466 1.7213942 1.148716 0.29361096 2.407404 -0.26001394 -0.49694663 0.5409907 -0.4125275 0.64305264 -0.115474634 0.72797585 -0.47512734 2.0195808 -0.6609158 -0.88985705 0.258412 -0.06319855 0.7419513 1.8520015 -1.5379076 0.22686183 -0.28116885 -1.1434448 -1.7940012 0.14133297 -0.820407 0.6157761 -0.46791983
caramel -0.29268378 -0.038763814 0.4712165 0.48685455 -1.8793122 -1.1762141 1.6253963 2.5961204 0.8874693 0.35267428 0.9774735 0.8307578 -0.19000481 -0.43215305 -0.048683565 0.8279083 -0.04629347 0.24513261 0.29921722 0.30902848 -1.2776408 1.0433666 -0.35094538 0.76968336 0.5031162 0.47600067 -0.15795138 -0.5185941 -1.0883347 -0.08473898 -0.4823062 -0.99285764 2.0673826 -0.2454602 -0.5541078 0.42294014 0.5865667 -2.1808522 -0.6801264 1.4214878 0.51305467 -0.04745175 0.3319244 0.7419658 -0.23093945 0.84614664 -0.08207016 -0.2044808 -0.6310227 0.54894286 0.44958046 -1.5584856 0.1960095 0.96148074 -0.11044468 -0.074373126 -0.3214845 -0.7605465 -0.25520894 -0.51550215 -0.006748911 0.24183393 -1.0338101 -0.31791922 0.60209525 -0.4529183 -0.24855985 1.5035155 -0.4677738 0.30149484 0.70258355 1.6860635 0.5409307 -0.24566242 -0.6393722 1.6501247 0.4183231 -1.7043115 0.48144698 -1.0251715 -1.3244208 -0.88708377 -0.20240036 0.7392272 -0.96361816 -1.012589 0.05923038 0.43294424 0.1422935 1.3155774 0.32276362 -0.7508127 -0.27790394 -1.1989233 0.26984257 -0.8449966 -0.39548844 -0.14917864 1.1667212 0.8247348 0.02277628 1.2539049 0.9417269 0.63403064 0.38236475 -0.6799237 -0.23680596 -0.6351035 -0.1661416 -0.08536835 0.90275484 -0.8883088 -1.3797437 0.11789402 -1.1136471 0.038918465 0.7104036 1.1669977 -0.14371926 -0.9539432 -1.2781888 0.55123854 0.68273 -0.5839306 -0.95794064 -0.2735964 -0.007945862 -1.7198757 -0.8442991 -0.35688564 -0.4164681 -0.39582154 -0.7858117 -0.5917565 1.1583096 1.629448 0.6587281 -0.14979139 -0.8069701 1.1349651 -0.66852427 -0.9618035 -0.048288602 -0.4785044 0.5963029 -0.54937345 -0.37178642 0.7456356 -0.10512812 -1.3391638 -0.30505073 -2.6065135 -2.0144682 -2.1241508 -1.0945902 -0.9287095 -0.6796916 -0.9986685 -0.4332551 0.041472513 0.5613323 -0.913178 -0.5696492 1.3264834 0.63561815 1.3403777 0.089234374 0.8791141 1.0568684 0.4602097 -1.5173988 -1.7887644 1.6047316 2.0124483 1.6411523 -0.9168524 0.6912903 -0.21389961 -0.7905252 0.4475421 -0.25097838 1.1445961 -0.61991334 0.8635868 -0.115402296 0.9915703 0.80083805 0.11267934 -1.1639615 -0.2884337 -0.15597439 0.34557498 1.0916519 -1.4470918 0.027777288 0.4761927 0.57899153 -0.8248698 -0.58266854 0.022398686 -0.49707544 0.17137702 1.0102909 -0.6590192 0.77315456 -1.0195053 -1.1445166 0.783592 -1.4101402 -0.1464914 0.32442343 -0.22342446 1.0382717 -0.2764731 -0.2822166 -0.73852664 1.6356214 -0.5713749 1.0035237 -0.99289936 0.65062845 -0.2531032 0.48193708 -0.7040607 0.36089882 1.239738 -0.21165222 0.5994866 0.083673194 -0.91322297 -1.1711817 0.31574383 -0.45592424 -0.2754821 -0.46922028 0.4504617 -0.24167511 -0.18172851 0.0565491 0.35871476 0.7005169 -1.7964637 1.0449888 1.661417 1.3093518 -0.77610177 -1.6314251 -0.26386312 -0.69628257 1.3848355 1.2547082 0.37722576 1.3096896 0.33031946 -0.80197567 -0.49923384 -0.29234192 0.14588556 0.31749097 -0.6542773 2.1106887 -1.0944817 0.69281554 -0.976806 -0.5828116 -0.14301787 0.12763675 -0.04655036 0.78512514 0.10201929 -0.5004157 -1.8237379 0.41472262 -0.0035082097 0.020610832 0.4218677 -0.34784365 0.179751 0.9654602 1.2827306 -0.012058326 0.8138393 0.81644785 -0.6960441 1.0510175 0.025080262 1.1923987 0.7895136 -0.92293864 0.37097913 1.2912188 -0.7495143 0.21664259 0.057405822 -1.0643822 -1.7348013 -0.30848292 -0.6135887 0.19651763 0.6539615
raspberry -0.2567539 1.2692305 1.2592431 0.93745947 -1.3991313 -1.5736653 1.4113885 0.78508747 1.1776597 -1.3553343 -0.09764603 0.42350236 -1.4334909 0.5278024 -1.5438728 -0.85007054 -0.50109345 -0.15436462 -0.08044449 0.030064145 -0.7529363 1.5254606 0.45099172 0.43247077 1.1447254 0.49255037 1.2908562 0.8682651 -0.1575061 0.20598619 -0.3857357 0.16116984 0.36318833 -0.52457064 -0.1594824 -1.2972548 0.88943636 -1.9855634 -0.46324626 0.24517317 -0.78872865 -0.039305426 0.6670628 0.5471255 -0.011082048 0.520003 -0.5798444 0.19706622 0.097243294 1.659451 -0.47670597 -0.6210694 -0.42138886 0.8087422 0.13231039 -0.9760114 0.21737118 -0.7671418 -1.035364 -0.6609688 0.47206834 -0.0011308473 -0.6669978 -0.8144748 -1.3454138 0.45581144 -1.2296414 -0.54136944 0.29946566 -1.0715255 0.20921041 -0.08830022 -0.49481338 -1.2723199 -0.20179118 0.5037993 0.93430495 -0.49847332 -1.9748548 -1.2335532 -1.618666 -0.19430453 0.7259695 1.2264501 -1.0415734 -0.8566159 0.1311711 0.83004665 -0.15318947 1.1126472 0.100214295 -1.9879534 -0.65108436 0.6095195 -0.10679447 -1.4718065 -0.16557547 0.318126 -0.36069793 2.5239518 -0.89613867 2.051594 1.2445318 -0.015638033 -0.12445459 0.7843957 -1.4559813 0.4440519 0.4016588 -0.121033564 0.91869164 0.3102524 -1.2894384 -0.95644665 0.31485167 0.44443724 -0.472375 0.62497497 -0.24685206 -0.72112745 -1.197642 -0.39463124 -0.0071046203 -0.8445839 -0.3894687 0.49658746 -0.5163431 -0.7881323 -0.3055684 0.80358714 0.064000905 0.18332782 -0.27086633 -0.9877841 -0.7297593 0.63962746 0.46508402 -1.3500702 -0.65141374 -0.48522973 0.34875497 -0.3803625 -1.2776955 0.41755298 -0.4585647 -0.73329806 -1.2073705 0.26046026 -0.7177501 -0.5367498 0.00044349115 1.4447883 0.5279287 -1.0602299 0.4843533 -0.33159113 0.5471301 0.39796188 -0.056217253 -0.5654419 -0.41295516 -0.32404107 1.0553628 0.63459283 0.38769484 1.1135017 -1.6143321 -0.81457216 0.48307037 -0.40353337 0.76852995 -0.5611814 0.48383406 1.9773341 0.60484195 -0.5191335 -0.17053743 -1.457662 -0.6678065 0.15294729 -1.0399791 0.8961953 -0.065931775 0.90664 0.36234733 1.4556823 1.619744 1.4914192 -0.03792623 -1.9293773 -0.46368137 -0.060180463 0.2804492 -0.933 0.86696804 0.0043699234 0.29711917 -2.615157 -0.3179954 0.045838576 -0.80520785 -0.16152571 1.7936093 -0.13500038 -0.4686149 0.23011461 -0.5265511 -0.47246316 0.77135605 -0.39267224 -0.035553716 -0.98904043 -0.57497793 -0.03558498 0.21372108 -1.2524846 1.5400581 -0.29997087 1.0224602 0.24821594 0.700485 -0.14817442 0.39994523 -1.5598166 -0.1674677 0.93078804 0.7015066 1.040715 -0.13476531 -0.72753537 -0.6114998 -0.22429442 -0.8580756 0.6129107 -1.3784481 0.5154167 1.2085018 1.1051764 -0.72884995 0.13014154 0.840643 -0.638861 -0.21293792 0.05663112 0.6861854 -0.4839587 0.4428668 0.26635933 -0.5059873 1.3886018 1.1130359 0.8464862 3.7862911 0.36355793 -2.2159803 -0.65694886 2.0122154 -0.49018082 -0.62518704 -0.77045107 -0.17217673 -0.28644782 0.72159666 -1.3221732 -2.9309788 0.69401383 1.0872571 0.9443923 0.70874465 0.9678302 0.09229302 0.04105161 0.66583425 -0.098923504 0.95439804 0.93759686 -0.513515 -0.47106242 1.2346735 1.1851077 -0.7223035 -0.07784703 1.4875019 0.19737001 0.96578 -1.1364206 1.0601264 0.56551784 1.049089 -1.1950232 -0.029985843 -3.3085153 -0.23244606 -0.33097732 -0.63150054 -0.27705958 -1.2353271 -1.2454284 0.046120357 -0.8287086
carrot 0.25404885 0.11193985 0.33491063 0.3040286 -1.914567 -0.9242805 -0.3534137 0.9193093 -0.14824536 -0.29753205 0.09095707 0.19544116 0.16859232 -1.9447536 -1.7160535 -1.1773316 -0.63964283 -0.09417575 0.7867212 -0.51907176 -1.1407756 1.7514194 0.69088095 0.14562097 0.5065883 0.032405023 0.59707034 0.96904755 -0.8208334 -0.40295172 0.059866104 -0.09595469 -0.034889024 -0.790335 -0.5364111 0.0023425072 -0.34368074 -0.23422231 -0.41704392 1.0065402 0.33041704 1.1481911 -0.49577937 -0.009656711 -0.2083707 0.82439417 0.17562705 -0.47315577 -0.9152671 0.636603 0.36746004 -0.5862904 -0.042247422 0.082594685 0.35022897 -0.46202743 0.5132324 -1.1875026 0.4264512 -0.5915151 0.7756166 0.14364813 0.0040982272 -0.92946875 2.160454 -0.34567028 -1.7937683 -0.42597774 0.32741424 0.47045603 -0.6432178 -0.018234592 -0.8354126 -0.34678543 0.9322389 1.4561785 -0.11671929 -0.08939465 1.7124028 -0.4262699 -0.77297556 -0.7161743 -1.1659749 0.31710508 -0.22537906 -0.97548485 0.48930815 1.3179349 -1.1486163 0.24880296 0.3583995 -0.35167658 0.38723394 -1.4672681 0.81225735 0.6123186 -0.0033634126 -0.39548436 2.501889 0.48284525 -0.44084328 0.5284883 0.14934225 -0.45439053 0.5562305 -0.09802592 -1.1933256 -0.07211961 -0.7838505 0.2661243 0.5482536 -0.46589193 -0.84107405 0.48275402 -1.6921245 0.46610805 -0.3284621 0.7154026 1.006279 -0.67269456 -0.44111082 -0.6478187 1.1223912 0.9144541 -0.17059787 0.26050726 1.0046831 0.5247458 -0.3910175 0.8504898 -0.022469057 -0.5325389 -0.006661542 -0.7163116 1.025026 -1.137378 -0.3197884 0.590282 0.6186286 -0.03397016 -0.10993049 -1.0038301 -0.4442404 0.40416664 -0.79426956 0.9595247 -0.7236725 -0.47917283 -0.17006539 -0.6005126 -0.41998252 -0.9976891 -0.7400702 -1.0624899 0.13590513 -1.1349919 0.024043808 -0.6803229 -0.92124164 0.38013774 -0.39565477 0.8474789 -1.4852163 1.8238587 0.030080939 1.557659 0.1551917 0.17819716 0.87622464 0.98977506 -1.6546859 1.4352614 0.12584248 0.98457974 1.0156294 0.44485477 -0.7416581 -0.71989214 0.23916158 -0.36072996 0.1901571 0.6653192 -0.20415524 -0.81092644 -0.7646388 1.3342106 0.44014466 1.0399184 -0.051722724 0.907727 1.6660442 0.3484693 0.8013567 0.20126727 1.1814656 0.34394673 0.45365986 -0.85702693 -1.2308943 -0.12793829 0.09957188 -0.5608872 0.42137474 0.23560496 -0.17307827 -1.695531 -0.3198006 0.079224914 -0.8519678 0.121708795 0.14813548 -0.4023005 0.254452 1.0127405 -0.44949937 -0.75113624 0.9964018 -1.5689892 0.05414654 -0.17850213 0.4283372 0.34403172 -1.3256496 -0.9026376 -0.69394 0.5531418 0.36166513 1.4694906 -1.3920605 0.056466185 0.0017432536 -0.42632574 -0.08789937 -1.0041724 0.52563125 0.346962 0.1889887 1.0594765 -0.8613819 -0.03551811 -0.37832832 -0.9184084 1.9932523 0.95940346 0.43327886 -1.424558 -0.5161676 -0.13781515 -1.5866169 1.1318364 1.595869 -0.19937089 0.9971119 0.41447982 -0.3062476 -0.46384996 -0.3573702 0.9561925 0.97458327 1.1113849 -0.83414423 0.6103114 -0.667468 -0.8035832 1.5083784 -1.1782818 0.5922163 0.46546474 0.7217389 -0.33328605 0.34356853 -0.6040766 1.1181722 -0.2633696 1.3930293 -0.18323903 0.18760142 -0.55413616 0.23528513 0.9976491 0.34176463 -1.4416757 0.97234803 0.3493756 0.41427645 0.06602025 1.1025486 1.3872203 -0.10537736 -0.7598454 1.7650821 0.31203604 -0.64922786 1.2079363 -0.9899277 0.63307226 0.29144192 -0.3365698 0.018344412 0.6407559
solvent -1.4498295 1.0247972 -2.0831363 0.2919083 -0.30421385 0.37686893 -0.37316293 -0.7483955 -1.1297317 0.15118548 -0.42611757 0.61657035 0.6745807 -0.53305334 -0.006795045 -0.3623761 0.7451231 -0.39110655 0.6199076 -1.3129364 -0.2752049 0.588115 0.10390841 0.12756135 1.1756583 -0.7606717 -1.4507805 0.29872465 1.1927963 -1.2325429 -0.21815571 -0.56722605 0.624259 0.54670125 -0.60239214 -1.0382855 -0.7606834 -0.6291886 0.5199023 2.245642 -0.5640027 1.8056668 0.64559835 -0.69036317 0.14649361 0.21140684 -0.2011545 0.40066803 -0.15313546 1.7356374 1.9300011 0.14088523 -0.30928177 1.7029858 -0.30212864 1.5682131 0.76782215 -0.55170774 0.2169307 -0.64705855 -1.0054282 0.12415327 -2.2692194 -0.6831622 0.454708 -1.0545311 -1.1634974 1.1269306 0.40794265 -1.4793826 0.50038373 1.3426428 0.13222966 -0.011893674 -0.7736109 2.017178 0.04475244 -1.4265552 -0.5134676 0.64707756 -0.1021991 0.16750792 -0.7272624 0.9274439 -0.85514826 -0.11642284 -0.047363147 1.1275636 0.77273846 0.835841 0.13426852 0.10970443 -0.6117482 -0.06879301 -1.233069 -0.67672783 1.8031683 0.40935525 -1.9010797 0.2584348 -0.041758142 0.3838256 0.13467757 0.99086404 0.58468807 0.78504616 1.6420895 -0.7690321 -0.30407184 0.5086655 0.2152329 0.53537667 0.30538854 0.32076356 0.61815333 -0.06936231 0.40262094 -1.210184 -0.22080739 -0.8063995 1.7405045 -0.41613907 0.06991341 0.16617434 -0.1346667 1.7782073 1.3578213 -1.1031986 -0.2024525 -0.7714593 1.0535553 0.29459 -1.1205204 0.40061477 -0.89890003 -1.8471977 0.6225144 0.015767587 0.020595634 -1.8856796 -0.060469445 0.3515448 -0.4639082 -0.06569636 0.30772957 0.596039 -0.6220674 -0.2118782 0.6423783 -2.1358192 -0.42680156 -0.8824397 -0.4924463 -0.74267733 -0.28197026 1.0794709 0.12554955 -1.0199295 -0.6488142 0.112079956 -0.8701819 1.7490374 -0.3651692 0.7508137 -0.69763374 -0.47944546 -0.39622808 -0.860872 -1.6475251 -0.16964903 1.4444221 -0.4788144 -0.16475616 -0.28223866 -0.8136175 1.3974763 0.46810853 -0.6174746 0.78356993 -0.22144715 0.5315456 -0.73139846 -1.5150098 0.3107732 0.045151807 -0.6303535 0.7947705 1.8578743 -0.9942053 -0.74165446 0.072564006 0.6926421 1.1437622 -0.41029435 -0.9843854 -0.08864486 1.0001879 -0.56707406 -0.017294765 0.763158 -0.3903911 0.8474381 -0.035707954 -2.0975468 0.071283996 -0.70916075 0.7018763 -1.0611724 0.23508027 0.5485089 -0.7333739 -0.019444345 -0.6375402 1.424586 -0.042273693 0.33200377 -0.63907635 0.8885586 0.6720865 -0.89367455 1.2633669 -0.660094 1.6435326 -0.26597485 1.0062208 0.67445177 -0.79913443 1.6109847 0.8504399 -0.22163126 1.0725602 0.323547 0.8335523 0.8534119 0.9759497 -1.0753982 -0.2590786 0.78286463 0.15099576 0.7529931 0.016984103 -1.3635377 0.08370697 0.09790436 -0.6830815 -0.036508765 0.10370277 -1.2299751 -0.8839403 -0.78133637 0.7453851 0.44175816 0.4681669 -0.82300127 -0.93454486 -0.9820329 0.15442981 -0.3853107 -1.6297485 -0.16276316 0.7656906 -0.6074349 -0.4767867 -1.9909971 0.1845883 0.24243657 -0.4428268 -0.7118495 -0.46800226 0.5713761 -0.6399427 0.22953182 -0.7814906 -0.508845 0.6012139 0.4728009 -1.501114 -0.6315401 0.75860584 -0.9758042 -1.63559 -0.48449603 1.3342094 0.25097835 1.0835099 0.85165286 -0.24474025 -0.20052886 0.04805092 -2.0498652 0.32535794 0.34131795 -0.9707517 -0.57004446 -1.7129695 1.0472865 0.31284317 0.8176967 0.43275365 0.67252666
mustard 1.1764792 -0.027339531 -0.9909711 0.109496094 0.91894233 -1.7229877 0.59100026 0.91358066 0.40946642 0.6058229 1.3656256 -0.34091038 -0.099258974 -0.4436001 -1.9721053 -1.8699878 -0.08585113 -0.9012065 0.42949724 -1.1306797 -1.247916 -0.36796397 0.01053299 0.6508687 -0.05094602 0.421953 0.96639025 1.2400604 -0.14237231 -1.0427623 -0.8992594 -1.4364529 1.092916 0.28897974 -0.37504834 0.28651488 -0.1985586 -1.2251674 0.5125091 1.4087619 1.2433606 -1.3226583 -0.48350754 1.0186131 -0.4006235 1.1691597 -1.4746406 -0.53042865 -0.5811039 1.7672728 -0.046675052 -0.41638917 -0.18431406 0.7925094 -0.32872233 1.2085605 1.0733253 -1.37629 1.652533 -0.11806232 -0.26679787 -0.8287713 0.43211642 -0.41983086 -0.89013845 -0.44213137 -0.5446569 -0.09630713 0.27477792 0.6760152 -0.42080194 -1.4044064 -0.21550427 -0.2613435 0.005572486 0.05660724 -0.25941524 -1.2814125 -0.259001 0.5498076 -1.971952 0.5882434 -0.5877062 0.6822822 0.20713197 -0.79406255 -0.5160245 0.102682844 -0.69532937 0.48067528 -0.30416402 -0.569784 1.1552868 -0.5410256 0.37998915 -0.81672555 -0.6462358 1.5040112 -0.61548746 -0.22946802 -0.35982338 0.65616035 -0.37658006 -0.58738524 0.07248856 -0.70862734 -0.07014404 0.4597334 0.1369697 0.031048842 0.08228896 -0.5089292 -0.8823843 0.25830474 -0.19394849 1.0347235 0.3766091 0.06801553 0.5435901 -0.2984419 1.2546052 -0.629961 0.89042073 0.121250615 -0.087994166 0.27508068 1.8037243 0.299608 -1.2363164 0.2961871 -0.32517174 -0.94101167 0.23247597 -0.43881163 0.7770461 -0.18863335 0.7010667 -0.64390755 -0.72379524 0.046163984 -0.32801747 0.15238766 -1.130619 0.060103748 -1.4525157 -0.5274269 -0.9352143 -0.22285464 1.6421598 -0.333397 0.36271825 -0.87162465 -0.4711933 -0.23374227 0.85199326 -0.3265845 -0.20753987 -0.5098007 0.30829272 0.39940697 0.30104053 0.5362498 -0.8223593 0.8434331 -0.08492883 0.78835386 -0.95060265 1.9453633 0.8048525 0.5121229 -0.9076705 -0.10394855 0.39551392 0.38034922 0.49461406 0.35120043 -0.5472394 1.0000724 -0.2899089 -0.6256265 -2.0972617 0.51769495 -1.2671902 0.5493812 0.6824221 -0.3334253 1.3517929 1.7883077 -0.16908878 -0.8606989 0.2862578 -1.0702001 -0.049289364 -0.39365914 0.058232486 -0.11446524 1.6958606 -1.4921129 0.52490044 0.36123165 -0.05925562 -0.77734345 1.3021998 -2.4946444 0.8828349 -1.3797076 0.45778725 0.4865342 0.33360824 -0.85332143 -0.1744531 -0.18414304 -0.23654579 -0.36774173 0.010028106 -0.9392009 1.035728 -1.5082949 -0.8775306 -0.0032368456 0.17396753 0.08313231 1.5874542 -0.7997926 -0.4814161 -0.28096583 -0.579423 0.8166521 -0.69563806 0.790477 -0.40478298 -0.25714663 0.3408863 0.12277702 0.4130309 -0.36158046 -0.3490645 1.0659767 -0.26789114 -0.11135117 0.06931786 -0.4419627 1.1384127 0.36300156 0.0838948 0.95463777 0.34626803 0.5576559 -1.1572381 0.0029753954 0.4021919 0.40715826 0.29619166 -0.79947096 1.0967896 -1.159176 0.37959233 0.33283716 -0.44748762 -0.757714 0.05288956 -0.5504109 1.0500468 1.3521947 -0.79069066 -0.8212658 -0.9581335 -0.38815686 -0.14637905 -0.6799181 0.34453258 0.5808055 0.39332807 1.8816218 0.98201597 -0.17147934 -0.83652997 -1.7265437 0.07476257 -0.22072217 0.7562314 -0.4433933 1.3859363 0.35972238 1.431523 -0.61434114 0.73684007 -0.21214491 0.7854149 -0.50836295 0.5327446 0.2675306 0.5477819 0.79759735 0.723977 0.115335874 -0.21450596 0.09970553 -0.33591598 0.28793818
anise -0.8387272 0.17926979 0.70931154 0.8370506 0.13109852 -1.2411568 1.5392768 2.109608 0.8200006 -0.65473694 -0.38508904 0.7271375 -0.3785036 -1.268948 -1.3387324 -1.7934048 -0.123309776 -0.52218026 0.18275431 -0.6298467 0.64889437 -0.02742456 -0.64326334 0.20884648 1.3487351 -0.5579955 -0.5182215 0.75998855 1.4257481 0.35008472 -0.25445068 0.11716898 0.6190669 0.16228446 -0.8826683 -0.8484763 0.8293675 -3.083577 -0.14305787 0.09747719 -0.015527292 -0.9057388 1.1706113 0.5006579 -0.056465484 -0.42474923 0.7299583 1.1370033 0.014445154 1.2404957 0.5459333 -0.8123446 -0.056939945 -0.18054314 -0.9559693 -0.7336295 0.7942246 -0.6123264 -0.16886096 -0.7196613 -0.116429046 -0.4650882 -0.7964488 -0.18064587 1.7511718 -0.97964144 -0.23567925 0.16240524 0.73919564 -0.111470066 -1.0122885 1.1998074 0.12828057 -1.2367779 -0.5784873 0.75979096 1.3278741 -0.44494706 -0.7196923 -0.7855437 -0.52553177 -0.24830964 0.71954376 0.7406219 -0.41157857 -0.1408478 -0.57218957 -0.20457411 -0.70800805 1.1542405 -0.18090655 -0.16636492 0.17770082 -1.0878912 0.078481466 -0.44580162 -1.4657044 0.97850496 0.90427566 0.12270903 -1.2308586 1.4396355 0.85167783 0.62669796 0.02322107 -0.7542066 -1.759775 0.35594413 -0.4032092 -0.07210036 -0.05474519 -0.1581183 -0.90957385 0.3953182 -0.23235643 1.5166225 1.3032264 -0.6759047 -0.011402184 -1.1249285 -0.40291926 -0.4011866 0.899799 -0.42888385 -0.570302 0.30452845 -0.63791573 -0.7707758 -1.1166402 0.9005261 0.28431043 0.4756008 -0.38755137 0.4629416 1.5671469 0.06139997 0.7947008 -1.4033136 -1.4873757 0.15253106 -0.9991118 -0.5825531 -1.3857946 0.26768702 0.74179685 0.6485831 -0.16288763 -0.70333606 0.6090504 0.10269003 -0.671337 -0.36284295 -0.80171794 -0.63868994 0.5903452 -0.96443176 -0.3305494 0.8584532 -0.48859358 -0.079114094 0.89231026 0.3536939 -0.15501016 0.057505913 -0.08556202 0.24416406 0.03465544 0.23561972 0.4943535 0.100031406 -0.6381207 -1.418246 0.5943873 1.0465744 0.934414 -0.39091334 -0.012451834 0.22142713 0.510267 -0.1975969 -1.1806409 0.7305469 -0.8217095 0.99900585 0.87955755 -0.2058198 1.8652236 0.4100293 -0.21073018 -0.8158048 0.5486108 -0.66769093 0.67170715 -1.4596592 -0.6906173 -0.46938133 -0.16100098 -0.82931364 -0.16718107 -0.033431556 0.16433491 -0.79206014 0.5060712 -0.9411314 1.3735968 0.5484131 -1.3445663 1.7686838 0.21474606 -0.38946638 0.31935877 0.2735409 -0.4163395 2.0336502 -0.59790057 1.5100974 0.58898413 -0.95516676 0.6260373 -0.12361287 -0.19666454 0.2913228 -0.3669545 -0.6899119 1.0805403 0.47214293 0.29943272 0.16850244 1.0631611 0.16084057 -0.28650397 0.53860986 -0.10040158 0.5574146 0.6120415 -0.16872202 1.5798554 0.3348702 -1.0456895 0.16057411 0.0052628545 -0.886029 1.0362152 1.2582775 -0.5116007 0.500566 -0.8855608 0.012528343 -0.6145437 0.93167496 -0.09624653 0.39273024 0.46095398 0.065944426 -0.7216381 -0.45058897 0.4644633 0.98962367 0.058965195 -0.37430435 0.84188926 -0.6008494 1.0088964 -0.742499 -0.1064691 0.69167227 -0.5534949 0.016150607 0.4027889 -0.29469877 -0.6143785 0.39413205 0.31580025 0.25010046 1.3088088 0.5606481 -0.4248012 0.5573066 0.41098768 0.9152116 -0.0742404 -0.59781533 0.1099395 -0.55114746 0.84347755 -0.52707005 0.026820777 -0.9230685 -0.03714196 -0.2977566 0.3389036 -2.1489072 -0.67598397 -0.6838045 -2.0350063 -0.9423076 0.21797413 0.10540646 -1.2047249 -0.71596754
creosote -0.5304128 -0.3092879 -0.22489701 -0.51485807 -0.58925724 -0.6393847 -1.073333 0.8499201 1.4452521 -0.15860847 -0.7092631 -0.43359613 0.09336406 -0.925553 0.63148415 -0.103137255 1.1655618 -1.1766204 0.09704377 -0.22555433 0.15109076 0.29364896 -0.8260922 -1.2967238 0.08768645 1.5915486 -0.8700286 1.0807837 -0.02138232 0.08352131 -0.2716985 0.63205 0.90313965 -0.32426056 -1.5836132 0.5791349 0.77080816 -1.7420193 -1.5249052 2.326288 -1.1330837 -0.17259109 1.078356 -0.65730006 -0.40468344 -0.7115189 -0.088801354 0.08193565 -0.7240111 0.32935834 0.0065592844 -0.009264195 -1.0067167 -0.91166836 0.5455311 0.5006917 0.47826296 0.2015496 0.3417889 0.17774528 -1.1296787 -0.3818808 -0.063674614 1.2282567 0.3289631 -0.03256412 -0.3537537 -0.68480563 1.2299155 -0.40482682 -0.20651856 -0.7338823 -0.08033256 1.1206816 -0.82294005 -0.39178512 -1.1611029 -0.7567634 -0.3913792 0.17863515 -1.3990644 2.0100694 1.1014297 -0.5755233 1.0523924 -0.6263335 0.61334693 0.9934358 0.34634104 0.60871124 0.63601196 -0.265185 0.074635506 -0.24949418 -0.7477908 0.30697286 0.20585297 0.30235347 0.23292659 0.46373984 -0.57617396 0.8190966 0.7297188 0.907337 0.050424047 -0.39599663 -0.5487093 0.79566807 0.5651452 1.0968903 -0.23491552 -0.0070852563 -1.1558903 -0.43150595 0.45820773 -1.3184352 0.020870047 -0.74446535 -0.3251211 0.4389718 -0.35683608 0.9270649 0.46572945 -0.46154633 0.4571884 0.22345737 0.401662 -1.7751251 -0.15414436 -0.6350255 0.21361186 -0.7592598 -0.27505141 0.2896628 0.4483077 -0.58622587 0.9860263 0.57270336 0.0023767955 -0.7303864 -0.69248354 0.14513683 0.761752 -0.86032885 -0.52378476 0.28467166 -0.39624 1.0774652 -0.19999357 -0.5268751 0.75294846 -0.63311607 0.4973325 -0.19935231 0.22082862 -0.064946644 -1.3698564 -0.39740828 -1.2773783 -1.0683135 -0.3511683 0.38672826 0.41772196 -0.1814249 0.088859 0.54728246 -1.0026354 -0.6204963 0.39961907 -0.1752845 -1.059923 0.622374 0.2808631 0.47147122 -0.8623132 0.8729272 1.3728703 0.3065773 0.24359648 -0.8252977 -0.6325165 0.13558774 0.32276484 -0.44421807 -0.1745501 -0.7082957 1.4495108 0.44344407 0.30373144 -0.15898734 -0.604434 -1.016351 -0.40144202 -0.59473574 0.48583138 0.22290531 0.6993465 -0.4668777 -1.1287749 0.45431077 -0.38342956 0.46936634 -0.59822434 -0.8028517 0.94860095 -0.6509235 -0.52141565 -0.043974154 0.44495013 0.028463045 0.7599594 0.669231 -0.4753698 -0.3213693 -0.8821823 -0.30885077 -0.80974334 -0.93788815 0.49197137 -1.4685941 1.4901863 -0.6151918 -0.7586475 0.6917352 0.31079343 -0.6080569 -0.19174393 -0.045226905 1.1387123 0.5316887 0.55829877 -0.6241513 1.0714674 -0.6219473 -0.14965089 -0.10191753 -2.3281453 1.0227594 0.19409858 -0.47595736 1.0473014 0.7380415 0.92877877 -0.2999819 -1.5257863 0.049266387 -0.11419518 -0.063636295 0.56106466 -1.3162936 -0.07964785 0.45625383 0.9236838 -0.52433777 -0.19096673 -0.30346 1.3340509 -0.20899041 -0.76199615 -1.4939336 1.133957 -1.1953516 -0.2937266 0.7906477 -0.68217474 1.1077678 0.55255747 -0.23895098 -1.2110071 -0.12441152 -0.6563382 -0.1011649 -0.5233568 -0.16642974 -0.7608466 0.7564376 0.1238674 -0.9154556 0.5232092 -1.3855095 0.9286876 -0.40983674 -0.2494839 -0.91892505 1.403593 -0.24808198 -0.9798627 0.6901262 0.6321178 1.1234744 0.08434024 -0.8248716 0.31676173 -0.07615161 -1.4458116 -0.42159033 0.37044564 -0.7925659 0.15371747 -0.3643089
cucumber 0.48608446 0.10816751 0.2550235 0.47064176 -1.543956 -0.9321067 -0.31635147 0.31214058 -0.15500781 -0.8813992 0.060375813 -0.27528572 -0.34851542 0.062484838 -1.2352844 0.48696238 2.247549 -0.4917795 -0.17828372 1.1092515 0.08876999 0.96869344 0.09488146 0.3306031 -0.31565413 0.2799549 -0.16819182 -0.7715771 0.42207256 0.54861337 0.14082304 0.047065593 0.117756635 -0.21760735 -1.8589172 -0.08634447 -1.5308652 -0.95731115 0.42851937 -0.08726197 -0.06604935 1.1356992 0.0027127215 0.083077654 0.8290805 0.844564 1.4907508 -0.33672133 0.41950634 0.38766426 0.27281603 0.36217663 -0.3267047 -0.7715992 -1.5075963 0.28959084 -0.32562572 -0.78934216 0.17058507 -0.31817722 0.81514853 0.04105176 -0.9954962 0.30472243 1.1669593 -0.039437953 -1.1355865 0.8854881 0.8778566 -0.14218247 -0.13091747 0.3346891 0.38529128 -1.2413378 0.44761533 0.35413313 -0.15282379 -0.6789197 0.8342669 -0.33136454 -0.10386361 0.12107531 -0.32608885 0.04184114 -1.4032074 0.011217583 0.72262543 -0.057802368 0.2856057 0.64383674 -0.2414066 -1.3171028 -1.044391 -0.2890964 0.54029435 0.9655173 -0.89436847 -0.18229224 0.79324365 1.5761065 -0.95953554 1.4751145 2.005887 -0.5488893 -0.42714682 -1.1433382 -0.30197424 1.8373541 -0.98289764 -0.6493923 -1.0987004 0.8292255 -1.6878309 -0.1277902 -0.031600088 -0.26047537 -0.906445 -0.13465817 -0.5498393 -0.83458495 0.0658562 0.39569834 1.3967032 -0.15124363 0.9589031 0.7790513 0.6416833 -0.8013245 -1.5307454 1.0311006 -0.21611644 0.36240065 -0.37005422 -0.15594146 -1.0806295 1.2995111 -0.6516053 -0.18775532 -1.4582142 -0.1416375 -0.041169304 -1.2445728 -0.63760877 0.9704124 -0.5650333 -1.0270561 -1.3485522 0.5738234 0.27847043 -0.45465 -0.23632398 -1.6936377 -1.1731042 -1.3253511 0.34575713 -1.0411576 0.15266573 -0.60920227 0.9340822 -0.15521647 0.2024785 0.53829086 -1.4154991 1.6446016 1.0597608 -0.5514212 0.08355924 0.19886898 0.23863348 0.26006022 0.31587866 0.479756 1.0754676 1.145725 0.2576329 -0.95943886 -0.45930493 0.37218657 -0.26826435 0.11949308 -0.024464214 1.3799812 0.48427024 0.09794224 1.1824031 1.3481407 -0.82890075 1.2101804 -0.5884742 1.0893254 1.1971464 0.08431249 0.26122993 -0.09173427 0.33020425 -0.20837519 -0.5242703 -1.6117821 0.029772181 0.7086166 1.0343834 0.2614188 0.18571383 -0.28593192 -0.13045904 0.37695754 -0.8170693 -0.14900383 -0.61475885 -0.37259135 -0.46514454 -0.71179944 0.5496544 -1.311356 -0.29775319 1.4309155 1.2621254 0.44804153 -0.21778218 -1.0261831 1.0235513 -0.35042205 0.55292046 0.3082051 0.49351788 -0.08298521 -0.3925468 0.47504893 -0.4239667 0.48525313 0.3915467 0.84082425 -1.640312 -0.7829857 -0.52880424 -0.16227992 0.25188446 1.4906958 -1.4575964 -0.72460514 0.27268532 -0.72438574 0.76317954 -0.67862374 -0.7373354 -0.72547114 -0.4274614 -1.1903526 -0.88120455 1.0693328 0.13010478 1.2135745 1.3372524 -0.9738409 0.07378038 -1.4503815 0.4570649 1.4564586 -0.31371984 1.1170493 -0.15575269 -0.9706453 -0.8828731 0.19780509 -0.8779762 -0.025957555 -0.48976922 -1.0212067 0.030389672 -1.0934353 -0.56226015 0.7670306 1.1057166 0.8173647 0.20840424 0.27808592 -0.68720376 0.54505765 0.4890825 0.43045598 0.37764868 0.7303883 0.7236817 0.8931904 1.2002718 1.5821081 -0.31932244 0.15860456 0.34852177 -0.053114366 0.18230969 -0.77343243 -1.2486503 0.14784075 -0.5516333 -0.6657008 -0.081034146 -1.1985792 0.6659127 -0.8719121
syrup -0.27349856 -0.31171912 0.101482384 -0.16371448 -1.0518675 -0.47562456 -0.5036443 1.5659128 0.20964903 -0.7023203 -0.28255883 -0.2511803 -1.7409786 1.3659457 -1.342185 -1.8094586 1.1121695 0.62607884 -0.2736205 -0.32248795 -0.54949474 1.4199762 0.3146639 0.9614269 -0.16744521 1.018482 0.5856465 -0.051692586 -1.0415963 0.30951545 -0.64844257 -0.66029114 0.66159934 -0.17608954 0.14075823 1.214397 -0.17551437 -1.1380658 -1.6291146 0.98630404 0.39395663 -0.5461621 0.11077179 0.072144836 0.059395876 -0.5103702 -1.3562922 -0.33028117 -0.16069663 0.11658068 -0.12245248 -0.52318656 0.6087337 -0.33346832 0.08374075 0.037409466 0.7524031 -1.1271259 0.38161618 -0.4184507 -0.75698465 -1.1350043 -0.5794646 -0.36054972 1.0326715 -0.5058799 -1.3168125 0.5499284 -0.7344879 0.99453294 -0.033595204 1.1106843 -0.474456 -0.25146678 -0.40502268 0.92399716 0.39662194 -1.9873897 -0.25302505 0.015109986 -1.4426557 0.025123956 1.0757501 0.8574729 -1.4966553 0.70485467 0.14145039 -0.7343807 0.279697 1.3605129 -1.1136892 -0.43900004 -0.010227213 -0.84659857 0.3333884 0.5766085 -0.12155095 0.36144882 0.10740608 0.18434346 0.85721725 0.9102191 -1.1342161 -0.38684824 0.0035731487 0.4545938 0.44543964 1.2403098 0.6961782 -1.0741354 0.15675293 0.9167289 -1.0129973 0.65396273 -0.5563246 1.5577358 -0.9818224 0.4899939 -0.08701939 -0.56725085 -0.5102488 0.56285095 1.3522563 0.47076362 0.1453148 -0.17122266 0.079465255 -0.76405877 -0.41182768 0.6771886 0.38209924 0.21397634 0.33298793 0.5845725 -0.1796834 0.70587677 0.9006814 0.17772888 0.27412015 -0.5421863 0.5199267 0.14989032 -0.31939408 0.8538177 0.6305678 -0.6492779 -0.3982973 -0.43014657 0.10792598 -0.43488747 0.012652807 -0.5218647 0.24712366 -0.64135927 -0.19367306 -1.1334748 -0.72624767 -0.7989446 0.1185898 1.4846219 -0.17973065 -0.46248865 0.073909506 0.8268559 0.9690187 -0.6294063 -1.1790463 1.6365838 1.0020615 1.3130891 0.96599346 -0.3712577 -0.7788604 1.1101408 0.38212255 0.17948063 0.07098912 -0.26657692 0.8632969 0.43385303 0.094636455 0.3876684 -2.579001 1.4322065 0.55298615 0.7418724 1.7605191 0.97122276 0.032173242 -0.28624982 1.6216599 0.9339375 1.0711011 -0.3653315 -0.037704222 0.4799729 0.4281127 0.05256306 -0.6581647 1.2623943 -0.88695616 -0.08148946 0.8127829 0.15890339 0.27070278 -1.138497 0.7945097 0.739595 -0.49278194 -1.2605119 0.20519646 -0.26441154 -0.8609093 -1.2689432 -0.012218832 -0.16214974 0.062207926 0.44269776 0.63668215 -1.280291 1.2684304 -0.5205303 0.37229836 0.201421 -0.42276525 0.050724845 -1.1358558 0.4602194 0.20103522 1.2796594 0.5323294 0.30562225 -0.8672929 -0.7900201 -0.82167906 0.81714135 -0.4962926 0.7778533 0.96228886 -0.49929476 0.93032306 -0.767494 0.9195613 0.9492606 1.332383 -0.84949034 1.0016196 -0.47487414 -1.6651541 0.82580966 1.0798064 0.83860797 1.5731363 -0.5670033 -1.2978609 -0.52172256 0.9566114 1.6579404 -1.4614512 -0.96217424 0.30914068 -0.8666019 0.35214594 -0.111148834 -0.41330546 -0.21577792 -0.03783365 0.52806664 -0.14010505 -0.5604134 -0.45077157 1.822079 0.008599964 -0.39886653 -0.29110464 -0.095781796 -0.4619349 0.044490427 1.3811718 0.8103747 0.3975666 1.0612812 1.2606186 -0.81638193 -0.92526317 -0.26943323 0.9428575 0.45975906 2.0026925 -0.5887025 0.55243057 -0.9890037 0.60135466 0.046229966 -0.6061779 0.21621217 -0.66597736 0.5252113 -0.46959847 0.2693563
cardboard -0.19807152 0.26621887 0.11312038 0.88793635 0.48048547 -0.5803515 -0.30094406 -0.107800886 0.56908906 -0.6351403 -0.7869556 0.7688071 -0.23007153 -1.4636296 -0.17466015 -1.4569409 0.8050895 -1.218484 0.40046814 0.12590918 -2.3481286 -0.2002031 0.6088385 2.8198628 0.25331157 1.2312218 -0.11865565 0.25417387 0.14808372 -1.9911844 -0.4538676 0.72988176 0.15514858 0.56249857 -0.7480755 -0.44730705 0.5130828 -0.86320484 -0.666837 1.5461551 -0.26338062 1.35936 -0.13728793 -1.1357166 -0.9063523 1.4264222 0.19704781 -0.023434652 -0.46418566 1.1064314 -1.0477448 -0.54376 0.4152169 -0.6886888 1.0820168 -0.87869215 -0.35833317 -0.46856803 0.47420254 -0.2052944 -0.7014926 -0.8916391 1.025527 -0.59834045 0.4521956 -1.0745068 -0.32838225 -0.26824036 -1.7436149 -0.5888742 -0.16921955 -0.08412511 0.6727095 1.294078 -1.3128735 0.8263069 0.530354 0.85090137 -0.567891 -1.0320553 -2.1181927 -0.07034802 -0.56529593 0.18227015 -1.1108074 1.3110117 0.09477472 -0.21340714 1.7190841 0.52388 -0.3067208 0.30768973 0.10581018 -0.4996895 0.19197255 0.30764368 -0.22938237 0.66936404 -0.32285765 -0.18914275 0.22244513 1.5108587 0.6358818 0.23687841 0.98204035 -1.2380595 -0.5491124 0.84036237 0.8837188 -0.5289375 0.7694173 0.13055205 -0.31476006 -1.3720645 -0.69251627 0.26332676 -1.0535191 0.67473555 0.21037161 -1.0130585 1.3521223 0.49630013 1.5498831 1.110828 1.2036071 1.647512 -0.5255477 -1.321427 -0.46930563 0.6670819 1.0866324 -1.2942649 0.53446484 -1.7381285 0.1307164 0.0683651 1.5906847 0.21053182 0.3231229 -0.84239864 -0.95291317 0.5477132 -1.5276831 0.7661991 0.5555704 -0.23582478 -0.2627104 -1.4225676 0.07965685 -0.5305746 0.8311373 -0.3458153 -0.79904914 -0.6734286 -0.4607044 -0.16696994 0.10849667 -1.3695414 -0.4152364 0.9750779 1.0742629 0.34048003 -0.590472 1.3927464 0.18771441 1.821618 -0.9089175 -1.1184301 1.3515438 -1.8069221 -0.44716603 -1.1232756 -0.8445869 0.53582287 0.14364459 -0.11303541 -0.63522595 0.10076416 0.062845394 0.06279234 0.75247186 0.8228422 0.52376646 0.0479166 0.9121125 0.78749466 1.5984933 0.8366181 -0.4371147 -0.1087773 -0.13645232 0.16697185 0.14992212 -1.6529672 0.16283128 0.9213881 1.5631279 0.1286152 -0.7160193 0.72426534 0.035522375 -0.55822426 0.7045087 -0.7067016 0.10469473 0.61342555 0.8097759 -0.77355057 -0.34007788 -0.28905618 1.0687598 1.0224124 0.84129417 0.06560328 -1.1699339 0.24634561 -1.0980756 -0.3019132 -0.314719 -2.1553204 0.7011737 -0.9728142 -0.1160239 -1.2867963 -0.0927339 -0.34540707 -0.71309966 0.735211 -0.44578493 0.36181104 -1.1031264 0.7937372 -0.903031 -0.62826335 1.1336769 0.10401164 -0.054142296 0.13005988 -0.2310135 -0.48418936 1.4761267 1.0297135 0.76095724 -0.6728964 -0.14628172 0.46089834 -1.0145785 -1.3581082 -0.34056148 -0.60959375 0.11608105 -0.75718874 0.27590466 -0.57633364 -0.624023 -0.9171206 0.56476706 0.4190223 -0.7459987 2.2222962 -0.20854282 -0.3930758 -1.4408852 -0.1322794 0.5258712 0.6938932 0.25023916 0.18546513 -1.0765727 0.16545847 -0.09548648 -0.80964744 0.10985123 0.7429473 0.062319692 0.17540765 0.4812557 -0.44377947 0.894339 1.0967609 -0.2999614 1.1251051 -0.070979714 -0.005291137 -0.088933825 0.9967615 -1.4616386 -0.03996656 1.111061 1.2311753 0.98639053 -1.4195454 -0.08037298 0.3324906 -1.0459808 -0.9201265 -0.39139897 0.84295404 -0.016557112 1.2416778
peanut 1.2546132 -0.47325605 -0.8223152 -0.1703723 0.34554005 -0.7883121 0.3173221 -0.068468586 -0.29486167 -0.52319646 -0.15285587 1.3585955 -0.4002988 -1.0729002 -1.1874588 -0.30516148 -0.3219858 0.5892511 1.053276 0.05857843 -0.9490521 -0.08439268 0.23136164 -0.00015945981 -0.07803412 1.0635537 0.23146218 -0.16462858 0.55635756 -0.52047974 0.090796 -1.6763079 -0.55141187 -0.047402952 -1.9016142 0.47603726 0.043909553 -0.9556956 -0.06321112 0.6649911 -1.1847061 0.17847651 1.5302093 -0.5166917 0.89267 0.7868908 -0.81475013 0.95799375 0.2268574 0.32430866 -0.6359107 -0.9726986 -0.067271225 0.2241992 -0.64182717 -1.0011013 0.20863806 -0.726469 0.5329877 0.52235407 -0.039500993 -1.0295506 0.3087007 0.4023739 0.10055736 -0.03247143 -0.053723797 0.2617345 0.34917513 -0.46726525 -0.8512608 -0.005581454 -0.6233856 -0.10951009 0.0718707 -0.020376919 0.8698975 -0.1771619 -0.17372319 -0.42186934 -0.20032744 0.8482753 -1.4224595 -0.011756697 0.4884123 -0.46840036 -1.0466326 -0.8394332 -0.26250643 0.033920374 -1.2900821 -0.4176705 -0.95433 -0.4899973 0.13314126 0.45289847 -0.36630797 0.5282372 1.9781638 1.2610278 -0.40525904 -0.47629395 -0.20373051 0.19929765 -0.2861452 0.44209462 -0.61770844 -0.42362598 -0.18604057 -0.361055 0.22102772 -1.1962585 -0.58413595 -0.8586659 -0.5118653 -1.1125563 0.4780144 0.8452848 0.8068279 -0.52153504 -0.2424419 -0.24683331 -0.019779721 -0.46962515 -1.0743117 0.26632455 1.1467627 -0.22021748 0.60786736 0.20252568 0.69172275 -0.33452314 0.31326023 -1.1486645 1.192939 -0.33128956 -1.039907 0.6689988 -1.624891 -0.69833696 -0.43749258 0.46541092 0.4734919 0.71421635 -0.2859444 -0.5259979 -0.85670143 -1.7572256 0.2952687 -0.2957711 0.19771297 -2.9287798 -1.404237 -0.2996761 0.31670067 -0.8563117 -0.77083313 1.1032479 -0.8645455 1.7591116 1.5502604 -0.9441472 -1.3631128 1.7052423 -0.92071897 1.2757474 0.6241119 -0.23236516 0.060924567 1.3078611 -0.6121158 -0.27383748 0.13236214 0.28502238 0.16888638 0.8377552 -0.3340511 0.59881186 -0.5413845 0.7058528 0.62278134 -0.3823537 -1.1651318 0.58111304 -1.4218082 0.040216625 1.7851392 -0.101801656 1.2722768 0.87952864 -0.16700557 0.69393647 0.35643268 0.13843735 0.095547155 0.7469014 0.02643369 -0.74484533 -0.16374391 -0.12753056 -0.61194354 -0.27682006 1.0695649 0.7147236 0.69642764 -0.5443085 -0.24854167 0.5383958 0.15812272 1.2205889 0.53397995 -0.6273632 -1.0890111 -1.0745319 -0.7320149 0.09056342 -0.22065309 0.6373266 -0.04697337 -1.2989876 1.0609951 0.17815197 1.5259547 -0.46323514 0.67181796 0.7112004 -0.58537084 0.20305808 0.20966558 1.8541207 -0.5530295 -0.5311854 0.07793886 -0.5112965 -0.18504909 -0.6134666 -1.1611942 0.018879144 -0.5531588 0.37043718 -0.7559704 -0.14402376 0.8594553 0.96638566 0.8398017 1.7296355 -0.04006628 0.20852473 -0.7453412 -0.15785286 1.1880066 -0.6776196 0.47096348 0.014945177 -0.16064006 -0.084091894 0.3317872 0.58603024 0.68271244 0.9064557 -0.10753206 -0.09336638 0.205727 1.4317219 -0.035720907 -0.1463596 -0.49497184 0.35315955 1.2644465 -0.5284204 -0.3498547 0.40623403 1.4973549 0.81064403 1.0482005 0.98058045 0.24837473 0.24948546 -0.019832762 -0.080961525 0.14507921 -0.49770483 0.98417264 -0.6600114 0.7872707 0.20420854 0.77764106 -1.2080477 1.1480035 0.8629714 -0.27379724 -0.9447246 0.04313871 -0.23824468 0.4216644 0.4306848 -0.6302331 -0.34860787 -0.17806348 0.1963487
celery -0.3531284 0.013655087 -1.0945188 0.085202135 -0.43584815 0.26113534 0.1390659 0.092618436 0.41299844 -1.2958192 0.06908988 0.46721047 -0.12488289 -0.6499076 -1.4383267 -1.2173278 -1.0092782 1.0756987 0.6710016 -0.02832378 -0.4013125 1.3979676 -0.9402295 -0.012200829 0.96014255 0.048728835 0.26486945 1.2572861 0.27513513 0.131327 -1.298526 -0.38665792 1.5677497 -0.41233367 -0.6054766 -0.530432 0.3953236 -1.0067726 -0.49127373 0.4482915 1.2715786 -0.52913153 0.72661376 0.32263085 0.7186863 0.042195443 -0.16419302 0.9836242 -1.792161 0.18620338 0.03646747 0.6341342 1.1060246 -1.3049921 0.08122575 0.15411448 -0.17960231 -0.12983136 0.3246522 1.2206358 -0.29540044 -0.13843532 -0.28833085 -0.9153902 0.6299492 -0.13523097 -2.0606134 -0.036092993 0.28057846 0.45873407 -0.40430397 -0.052974112 -0.19026905 -0.87595725 0.397173 0.2282312 -0.87496233 -0.25801975 -0.124515 -0.3203948 -0.091720745 1.608425 0.6584124 0.35267404 0.1752356 -0.21386573 0.20400426 0.12651248 -0.6474729 0.86150163 0.1370381 -1.4853147 0.23837723 -0.722001 -0.0075450675 -0.11252397 -0.28540516 -0.4106422 1.4048891 0.8212671 0.3543284 -0.061940882 0.49642667 -1.1171817 0.26544818 -0.0012177805 -0.53785324 0.60434926 -0.85970676 -0.079939075 -0.07703511 0.11717205 -0.9851207 0.07364146 -0.59764403 1.2344257 -0.061074007 0.9931425 0.56629544 -0.007325801 0.063676916 0.01628721 0.6717353 -0.10278991 1.1939862 1.1979192 0.44334903 -0.27213538 -0.03537386 1.7542586 1.3425388 -0.52544314 -0.54513854 -1.0011686 0.0026172232 -0.7746242 0.13413529 -0.28447965 1.1351279 0.8694597 0.020871243 -1.6278739 -0.8039768 0.7383177 0.16019829 -0.13150327 -0.30937433 0.28631234 1.3638113 0.4180824 -0.102474816 -0.3483022 -1.1801145 -1.7070805 0.09537127 -0.43345088 0.608845 -0.25036383 -0.30263346 -0.70904297 0.54462343 -1.024072 -1.0328208 1.2848692 0.76082915 0.62811744 0.49819252 0.4039782 1.7451729 1.7963964 -1.521693 -0.45857856 1.4859837 0.52554697 0.6847918 -0.123727046 -0.5357568 -0.4080605 1.6395193 -0.7740258 -0.86375123 2.0023527 0.17348461 -0.60168916 0.7686582 0.33962166 0.2178173 0.95304596 0.11561157 -0.08121593 0.043084595 -0.2661469 -0.3704692 0.08720538 0.18291114 -0.13048749 1.4515792 -1.9060987 0.25697958 -0.40983635 0.107296616 -0.63123107 1.9335281 -1.4558566 -0.09185222 -1.4729707 -0.12664402 1.6863363 0.22411323 0.21841972 -0.050083578 -0.9639028 -0.16756748 -1.378755 0.6097566 0.41686475 0.28696093 -1.6864369 0.9780291 -0.9659101 0.7534037 -1.2754221 0.9807158 -0.5427687 0.29521748 0.74564934 -0.18718262 1.0981909 0.040152747 0.23245665 -0.32016584 0.50183606 0.9303359 -0.20336811 0.00070112967 -0.6659945 1.2657355 1.5359153 -1.5671465 0.50138354 -0.8208221 -0.7084665 0.0027038942 0.3611704 0.13793287 -0.34952682 -0.028871287 -0.8987553 -1.5579933 0.7099731 0.90366346 0.2866033 1.5126468 0.27143538 -1.0808241 -0.34326184 0.13933322 0.98210627 -0.31873482 -0.4276388 -0.613694 -0.18688065 -0.41897023 -0.77905864 0.9845463 -1.1417062 0.8461493 0.00034948703 0.49968818 -0.30820373 -0.06570836 -0.103233784 1.3788952 -0.093925215 0.74495655 0.5059987 -0.30402377 -0.49848643 0.919265 0.26271555 -0.045601092 -1.3044108 0.29436442 0.946816 1.2799646 0.83081824 -0.31212324 0.14074822 -0.11046371 -0.86177576 -0.3812413 -1.5572454 -0.054202218 0.36099762 -0.38947344 -0.8101199 0.85653377 0.049639367 -1.126761 -1.0550328
walnut 0.5900084 -0.22916734 0.13831763 -0.39220914 0.036458384 -1.4775258 0.024654808 2.0133872 -0.3000549 0.57281786 -0.74807626 0.036020108 -0.65172964 -1.0710424 -0.6736472 -1.714165 -0.40054342 -0.80788225 0.108325906 -0.7301033 0.30660176 0.9975798 -0.795133 1.7005057 -0.21655254 0.3239433 -0.86888117 0.05396075 -0.20311654 0.7902089 -0.510216 -0.89297605 0.8660117 0.23953462 -0.3356619 -0.7709009 0.29727998 0.03663927 0.29780754 1.1740807 0.1161928 -1.1108204 -0.6746044 -0.4581673 -0.8457367 0.032183267 -0.35931545 -0.1390982 0.1480773 0.95634127 -0.4787876 -0.5911715 0.53500843 0.4549958 -0.88327944 -1.5201424 -0.6014071 0.36720863 -0.7142367 -0.37898305 -1.063789 -0.8294136 0.4889334 -1.0675924 1.1708878 -0.16367611 -1.2663078 -0.28505072 0.84310156 0.31839505 -0.20957267 -0.036048062 0.083469816 -0.17784256 -0.50800717 0.49013975 -0.30648544 -0.05525479 -0.95506424 -0.49809015 -0.39118212 0.076886944 0.14829825 -0.049438324 0.55678385 -0.24859713 -0.6058119 -0.5385653 0.096150264 0.67930263 0.083772436 0.0092257215 0.0664199 -0.71725684 -0.019051204 -0.6709672 0.39879885 -0.8063079 -0.79544383 1.2145476 -0.4086707 0.47420835 -0.41034436 0.87580013 2.0447183 0.18532649 -0.15965746 -0.8692996 0.6656715 -1.3262976 -0.2058168 -0.47185883 -0.2194286 -0.79386175 -0.03477606 1.7669843 0.101089425 -0.0821731 1.2372099 -0.42984098 0.28043598 0.5186676 1.2760165 -0.6553469 -1.1801838 -0.12448396 0.66886353 0.36054516 -0.11114894 -0.055405334 1.4643614 -0.15485048 -0.13559736 -0.098464824 -0.46920463 -0.23804207 0.7923916 0.13023847 0.6426419 0.109911315 -0.31940988 -0.5404809 -1.1912459 -0.27899384 -0.89699715 0.72925425 -1.7705606 0.40906432 1.1664544 0.16622294 -1.0381209 -0.019362137 -0.85124016 -0.4637022 0.43615636 0.059503205 -0.40504998 -0.5580812 -1.2768579 0.15584895 -0.16922078 0.118273295 -0.46384525 1.1301855 -0.42033798 0.00457073 -0.4540767 0.2500956 -0.1852977 -0.35170582 0.18291609 -0.110288456 0.8178916 0.59184 -0.09550183 0.26665816 0.776784 -0.8387071 -1.1414386 0.13947967 -0.79552406 -0.13135374 0.9836306 -0.47528374 -1.5112306 0.61342615 -0.024857514 0.4237103 1.2992793 -1.0439951 1.575487 0.1641197 -0.64573914 -0.09875816 -0.6196072 -0.29969087 0.7528912 -0.5311926 -0.42811325 -0.73464864 -0.34045157 0.4821124 0.81958944 -1.4787412 0.9130271 -0.39843598 0.5744052 -0.13613072 -0.75941974 -0.5556715 -0.34901738 0.48304588 0.6910177 -0.031524852 0.11503436 1.0281271 0.63950735 0.15961908 0.8212075 -1.8238759 1.0078031 -0.3485952 0.012632601 -0.1921381 -0.10702677 0.70958775 -0.21412866 1.3716679 0.3954505 -0.71578777 0.17283027 0.16538648 -0.011731959 -1.1559103 -0.6525276 1.0945735 -0.6470555 -0.46427572 -0.40463698 -0.49048144 -0.3833529 -0.25425282 -0.11727408 -0.455557 0.47553188 -0.8204738 -0.23727688 -1.0750375 -0.603592 -0.4648567 0.8788264 -0.8081083 -0.11233241 0.25318792 -1.1458759 0.035667587 0.4825603 0.2110606 -1.229001 -1.0486271 0.38259602 -1.0917575 -0.91178954 1.6873969 -0.6254581 -0.9230827 1.1209991 0.4845028 -0.38205928 0.53302544 -0.5914645 -1.2410583 -0.8905876 -0.421123 -0.063842684 0.5411391 -0.6908362 -0.19188115 0.3183389 1.0608288 0.6690557 0.7016932 -0.40240547 -0.5576153 0.20838918 1.1614146 -0.12618159 -0.024849182 0.42391485 0.33996558 0.8839137 -1.2510728 -0.20276976 -0.37787256 1.0342393 0.0101966625 -0.0048922393 -0.49307692 1.000068 -0.648794
blackberry -0.87306875 -0.23353855 0.36455408 0.46598965 -0.33642715 -2.0074875 1.5908469 2.0411358 0.45174414 -1.5633636 0.25681105 0.84733886 -0.57436377 -0.5712225 0.25334892 -0.88079226 0.28964525 -0.98274195 0.37076095 2.2109554 -0.6183637 0.66723794 1.1656874 0.35286248 -0.0006400991 1.0248001 -0.3118202 0.62044746 1.2067002 0.06054005 -0.021460714 -0.550835 0.28164488 -1.1796879 0.26569492 1.6065174 0.7981863 -1.8382934 -1.0689063 0.6672945 -0.5618625 0.74628305 -0.43457207 0.5179772 -1.0489911 -0.02230081 0.6361419 0.9062007 -0.4217838 -0.0299771 -0.37353873 -0.57630944 -0.70808434 -0.10094 1.4782513 0.2789767 -0.9931105 -0.28082624 -1.2374417 -0.07148711 -0.8666742 -0.51833326 0.22838192 -0.25423568 0.39474738 0.06534207 -0.13343124 0.5243499 -0.8928442 -0.56495154 -0.39519542 -0.027963806 -0.11039851 0.33639792 -0.45997393 1.2854705 0.5166325 0.18294762 -1.4006971 0.65790683 -1.4498698 -0.14394297 -0.06926324 1.2692972 -1.3783643 -1.0571371 0.9383607 0.0032579354 -0.0024365855 0.88390636 -0.16224761 0.18100724 0.14339173 0.8619197 0.8619222 -1.8080939 -1.1192436 0.055226475 0.404904 1.3830844 -1.2691482 0.6599824 0.51347435 -0.5324696 0.13203356 -0.139489 -1.9681089 0.4497815 0.18320619 -0.23782836 1.6868712 2.0927846 -0.86652815 -0.039421797 -0.23936832 0.40257657 0.24971095 -0.34771428 0.052493285 -0.7469596 -1.0795819 0.2439619 0.9348482 0.1268745 -0.60131776 -0.2868718 -0.46763697 -1.0615803 -0.6600355 0.017603703 0.08249261 1.1965976 -0.50366443 -0.102664046 -0.72019917 -0.9043841 -0.0418369 0.44933084 -1.1603059 0.20148647 1.0378984 -0.9310433 1.0965493 0.7800053 -0.5688584 -0.7220686 -0.03881949 -0.7774369 -0.84775746 -0.19428867 -0.77018595 0.7183683 -0.6840061 -0.441655 -0.04107343 -1.0642262 -0.524744 -0.13066547 0.7440954 1.7358518 0.9502906 -0.19719985 -0.23435214 0.42452136 0.94140434 1.112663 0.51776165 -0.5025315 1.258355 0.07412579 0.11219438 -0.13291334 0.13720861 2.4409585 0.31273693 -1.2371049 0.44458044 -0.21735343 0.3478999 -0.004907601 -0.34197822 0.8404422 -0.07133956 -0.42049202 -0.32630137 1.4269084 2.6089957 0.844873 -0.3605469 -0.09108626 -0.5566782 -0.12270261 -0.5214098 0.41576734 0.24904019 -0.17923993 0.45595428 -2.000883 -0.4002897 0.11297931 0.10249 0.42006496 1.2237395 -0.15495142 0.33287495 0.07771237 -0.3056072 0.14334059 -0.8153312 0.68928266 0.44354054 -0.94753736 -0.15375766 0.15061669 -1.7089188 -0.074331164 1.9548498 -0.8680659 0.35838675 0.90748096 1.5045216 -0.74701476 0.8059411 0.28770813 -0.19342043 0.8596956 -1.3464792 0.45206305 -0.27997014 -0.056331534 -0.22507454 -0.30540922 -0.12226043 -0.63675624 -1.2530556 -0.7266398 0.8444487 0.6674241 -1.0937803 -0.09597685 0.2663278 -1.4903747 -0.17192246 0.09224358 0.12862419 -0.5779642 -0.2898691 -0.007793895 -0.02159854 1.3401775 1.5997977 0.46591374 1.0344244 -0.41948423 -0.86329716 0.34789678 0.24241237 0.13366109 -0.2556605 0.022574402 -0.17076178 0.24879007 0.5067923 -1.2670192 -0.6720837 1.4551288 0.09352362 0.020499537 0.84044474 0.20963614 -0.44274506 -0.1087148 0.19349225 -0.41421756 0.66085386 -0.25536364 -0.66478556 -0.21192686 0.27855283 0.76745975 0.04565837 0.6195299 -0.3144342 -0.63828075 0.29504052 -0.2628246 -0.74032825 -0.67530197 1.6677753 -0.9223471 -0.2869015 -2.8558383 -0.8955597 -0.46206883 -1.2418453 -0.13631566 -0.75895894 -0.46318603 0.24829149 -0.4476898
varnish -2.3440354 -0.16587576 -0.43242773 1.1881926 0.3779738 -0.43787256 0.18612291 0.4118881 -0.6583536 -0.3740223 -0.8074703 -0.3562504 0.736893 -1.0032715 -0.5384224 0.12669626 -0.5081386 -1.1648982 0.8883569 -0.7866168 -1.3769634 1.2465115 -0.7159934 0.6748659 0.6089447 0.25166506 -0.5348569 0.50017524 0.5374585 -0.08501857 -0.46657008 -0.1143158 -0.61981714 0.1172033 -0.5290768 1.1459353 -0.2581502 -0.90135664 -0.031848386 2.0750864 -1.4236696 0.06995706 0.82800275 0.32603434 -1.3028051 -0.7833632 -1.6095052 0.45056662 -0.36588633 0.52719694 0.09472948 -0.4629485 -0.25270966 0.016237387 0.9548508 -1.4442981 0.16946942 -0.81073844 0.42841512 -0.05629595 -0.27931988 -0.41110015 0.20625596 0.31697205 -0.75642353 -1.0529137 -0.4467833 -0.44125172 0.7578825 -0.86350214 0.93415284 0.026723206 -0.04838071 0.6368561 -0.50679404 0.23850323 0.009051634 0.10193327 -1.3133122 0.35744327 -0.9660248 -0.06701357 -0.08601132 0.60580057 0.5626264 -0.11942178 1.033476 0.7541419 -1.029858 1.7239001 -0.7476871 0.55284005 0.33747643 -1.8047994 -1.3752843 -0.99004316 1.1622719 -0.30594373 0.045183767 0.13510638 -0.3418291 0.72545576 -0.45585498 -1.113477 0.47827318 0.13438518 -0.82290405 -0.950293 0.93507236 -0.040357396 0.32279426 -0.15666303 0.4262329 -0.33302215 0.2998752 0.041045606 -0.1308264 0.5953024 0.3255831 -0.3462585 1.2114911 -0.66908664 0.5217558 0.5893056 -0.81111 0.98225075 0.96914846 -0.7688005 0.21002191 0.2565579 0.95415974 -0.36064044 0.34163237 -1.7667537 0.7153919 -0.8760453 1.4892433 1.5450815 -0.17229888 -0.49889123 0.016862366 0.17620753 -1.1623139 -0.36317182 0.4800012 -0.22732635 0.007781515 -0.25483087 1.1135983 -1.754512 1.7200593 -0.0047737607 -0.84614044 -1.184056 -1.1714827 -0.5162038 -0.26267937 -0.6153345 -1.164483 0.18383704 -0.5146936 -0.2433528 -0.068452805 1.5932975 -0.41176915 0.46253136 -0.603291 -0.13606767 -0.55906093 -0.37583762 0.1975956 0.5297748 0.10396595 0.5262634 -0.13939999 0.2224665 -0.13352698 0.42562014 0.60563207 0.15112714 0.20486638 -1.2629836 -0.30329797 0.0367341 -0.24913956 1.521246 0.11185674 1.3812052 0.2399658 -0.46562177 -0.3059248 -0.07518332 1.2970397 -0.7565128 -1.0601691 -0.49579427 0.2573962 -0.0058333916 -0.4660798 -0.24440321 0.57275444 -0.18900886 -0.96106523 -1.474535 -0.17436032 0.44792512 1.2421304 0.5225944 -0.11091703 0.86625874 0.69750166 0.9631205 -0.07540401 0.95576054 0.012736259 0.0069730985 0.55941296 1.2149985 -0.4956035 -0.6905411 0.94413584 -0.32189125 0.033892214 -1.0471586 0.44881144 -0.18619388 -0.182428 -0.123330556 0.552677 0.7785927 1.0082393 -0.5990117 0.31160134 -1.1034795 0.24299365 -0.3899513 -0.16314544 0.07662957 0.6064419 0.55839366 0.2261703 0.45496556 -0.04736489 -0.12514482 -0.38809818 0.8922188 1.4666117 -0.78156155 -0.92587906 -0.13550994 0.5486346 0.40863493 0.0025960326 -0.5569086 -1.0996525 -0.9366245 0.34534225 0.4010229 -0.9735365 -0.4224818 -0.04592938 -0.6894379 0.39713788 -0.0085829105 0.18114635 1.9400532 -0.11422938 -0.6290564 -0.8682178 -0.6567054 -0.16185883 -0.4813346 0.6930267 -0.22127026 0.27918306 -0.11697496 0.48231402 -0.40432677 -0.7620155 0.19631837 0.5272635 0.29388976 0.8987419 0.21604854 0.90519077 -0.35459334 -0.06655937 0.23829928 0.41200134 -0.6610266 0.4897996 0.1104488 0.40414107 -1.0120354 -0.09032602 0.12938572 0.4371545 -0.96628165 0.37118998 1.1368783
cork -0.1357508 0.10426152 0.9721404 -0.12318149 1.1096972 0.1780712 -1.6989777 0.15643775 -0.37942982 -0.039694317 -0.91788095 0.19462772 0.29691795 -1.0418242 -0.16923067 -0.03837321 0.23182108 0.28023937 -0.3896416 0.11966175 -0.22808762 0.9381149 -1.4433386 -0.12559131 1.1396459 0.66913176 -1.1463578 -0.62106425 -1.9733311 -0.51039153 -1.8432513 -0.055018324 0.2524776 0.8362057 -0.19918995 -0.6555461 -0.23729214 -0.2914237 -0.28264862 0.8442761 -0.63775456 0.8622148 0.8856373 -0.7845985 -0.61459124 0.18472423 1.2178081 -1.0653715 1.036909 0.0197148 -0.101168364 -0.3020431 0.043563448 0.17739742 -0.37117228 1.314967 -0.077695265 -0.8200948 0.40136597 0.68060607 0.42892516 0.66564506 -0.46441403 -0.0231395 0.1606299 0.0013768839 -0.55680853 -0.01794896 0.30719241 0.29944775 -0.1373265 -1.2009953 -0.7331791 0.96603125 -1.2135154 1.7330861 0.57232946 0.66209215 1.0269455 -0.49504757 -0.90168947 -0.3363284 1.1296982 -0.37484947 -0.7571067 0.55086404 -0.5091319 0.2750954 0.2828547 0.4805299 0.1350132 -0.34084582 1.025513 -0.40989485 -0.55245626 0.7238843 0.029316803 0.7268716 -0.066682845 -1.1014456 1.1518959 0.9739474 0.3179701 -0.8206811 -0.7131647 -0.77375597 -1.0044662 0.98117656 -0.20785283 -1.0216547 0.03231208 -0.063510194 -0.14706397 -0.31591615 0.106139086 -0.7897732 -0.5026102 1.0654835 0.7205469 -0.037639588 1.2369535 0.5376648 1.0784932 -0.2549279 0.57750183 -0.9383288 -0.9768187 -1.1681653 -0.79864424 0.2192555 -0.36873436 1.2779222 0.97470254 -0.3861763 -0.59524226 0.29151118 0.2103512 0.1376614 -1.8018385 -0.84274715 0.96394765 -0.051877283 0.13945518 0.34401917 1.2947592 0.63970363 -1.2330245 -0.1377604 1.4145083 -0.1702231 0.76376194 -0.9870121 -1.0945102 -0.09456726 -0.74998397 0.19019185 -0.16117205 -0.9131517 -0.08519038 -0.32286546 0.29785305 -0.07161151 -0.42048743 -0.45000827 0.5409386 -0.12672965 -0.6033276 -0.6237069 0.8004053 -0.28985977 -1.4810148 -0.76677126 -0.27014035 -0.22665912 0.33905125 -1.1533613 0.79749066 -0.20024286 -0.050725568 0.18358757 0.30223587 0.11340731 -1.069668 0.8189654 0.6062073 0.06641791 -1.4413865 0.7693037 0.72520757 0.93625236 0.44653234 0.7237364 -0.11395385 0.14887111 1.5431801 -0.6878657 -1.0831462 -0.5590762 -0.03850403 -1.1825227 0.21610624 0.48250225 -0.4082687 -1.3166487 0.6800247 -0.45505062 -1.1933506 0.024624111 0.06388638 0.49813643 0.87358093 0.9638609 -0.1422172 -0.46422338 0.3075624 -0.18585983 1.4117047 -0.8445143 0.5597307 -1.0430124 0.6248062 0.060793117 0.5045527 0.34781075 0.87668777 -0.15429436 -0.463317 1.6281365 -0.81656444 -0.40696037 0.37421572 0.7873069 -1.2216256 -0.59555626 -0.6429511 0.10834672 1.0057071 -0.77878726 -0.07336464 0.6571989 -0.6127972 0.11292821 -0.05479595 0.38214716 -0.16018462 -0.72079164 0.12817952 -0.5268912 0.35478228 0.8828516 1.1448299 0.9546485 -0.28373715 -0.67423475 -1.2336715 -0.27136803 0.2981637 1.4366624 -0.91725355 0.46699774 0.34826127 -0.12438011 1.2540599 -0.33690792 -0.8043353 -0.032440428 -0.18157123 -0.26540837 1.1078444 0.7374166 -1.0015763 0.15014705 -0.09023553 0.43200913 0.44206613 0.35538086 -0.97443736 0.4137337 -1.0006822 -0.003231648 1.0698526 0.5072299 -0.70253766 0.19109991 -0.20979135 -0.17385861 -1.8884842 0.24656016 1.8485632 0.14416657 0.316081 0.122452654 0.28971672 0.20752358 1.1398053 0.41441712 -0.75145036 0.48333594 0.17252293 -0.32595566
birch 0.021630632 -0.21894129 0.006400772 -0.36310238 0.25376683 -0.75950027 0.67140466 1.5669198 -0.10981486 0.5014044 0.19323327 -0.97411716 0.040211104 -0.5998404 -0.27305153 -0.6134402 1.4257264 -0.29294962 -0.5714127 0.62491524 0.8185538 0.32701385 -0.7027132 -0.105338104 0.9414076 1.9312162 1.7683164 0.0257697 0.61474425 0.35267264 -0.14824411 -0.15189806 0.34428024 -1.2020292 -0.008557271 0.69840705 0.5509808 0.10629588 -0.35674924 1.7809317 0.020610133 0.98995465 0.15580198 0.08752185 -0.10245425 -0.14727455 0.99208224 0.27092448 -0.1715533 -0.66035014 0.52746207 -0.37284517 -1.1988987 -0.26223546 -0.22367813 -0.57841337 -0.37071055 0.6197245 -0.24138324 -0.6110445 0.103115164 1.0779513 0.51180613 0.5550066 1.0506371 -0.40891293 0.02025476 -0.7443887 -0.03400213 -0.42845035 0.4567743 -0.5956065 0.046019677 1.35624 -0.29863632 1.0463871 0.053298354 -1.0107013 -0.88983476 0.3144771 -0.6890172 0.25703007 0.20883311 0.30953658 0.60269797 0.52986354 0.23950838 -0.12270572 0.89259136 1.6276954 0.49116102 -0.9479134 1.1125405 0.39640078 0.6780953 -1.3033195 -0.74259454 -0.26322258 0.9447207 1.2882937 -0.6625326 1.52836 0.38887206 1.3127898 0.6972975 -0.7391765 -2.0654292 0.59942126 0.76412153 0.07381173 -0.8732893 -0.23316313 -0.935443 -0.40305167 0.51322234 1.6250995 -0.27630216 1.1269505 1.0619491 0.6816606 -0.6172937 0.043127254 1.1316309 -0.568844 -0.5104528 -0.20962098 0.06339301 0.10463317 -0.45179537 -0.34153888 0.74749357 0.55543536 0.09378827 -0.8674769 0.571959 -0.4292037 -0.51767987 0.2398714 -0.93374175 0.3285814 -1.4798392 0.32904276 0.061673697 -0.25885388 -0.8045652 -0.5893792 -0.5199388 0.9081619 0.123455875 -0.6090505 -0.079464294 0.71417 -1.0837219 -1.0245738 0.82941085 -0.77830964 -0.011697847 -0.36890465 -0.758445 -0.94944525 -0.5295646 1.1748954 0.084081896 -1.3030211 -0.17616402 0.05933851 -0.46034238 -0.3105806 0.13188359 -0.45202637 -0.117873676 0.958742 -0.47418785 0.9102207 0.463071 0.524177 -0.9442114 -0.17124785 -0.62815005 0.16022465 -1.197757 -0.43640926 0.6915994 -0.1259772 -1.3301594 -0.73051846 0.21779223 0.23880343 -0.8034329 -0.5381514 1.1391519 -0.15881915 -1.3276858 -0.68659925 0.98763204 0.5801388 -0.40267447 -1.6130214 -0.9210146 -0.10000069 -0.6451264 -0.02922361 0.022420844 -0.022515424 1.2925094 -0.8614383 -1.0860511 -0.2465494 -0.8491528 0.08491423 1.1100101 0.26843166 -0.21300136 0.16327697 1.2482103 -0.30922088 0.55578524 0.00031937554 0.24460924 -0.41607174 -0.09985746 -0.30663046 1.4527713 -0.4701874 -0.4422513 1.2966883 0.8339168 1.6206571 -0.022458626 0.12627503 -1.0959371 1.0756639 0.21291275 -1.0295249 -0.41015193 1.0528761 1.1987251 0.50475734 -0.32658055 0.6945555 -0.55195886 0.2000742 0.48488626 0.665516 -0.33869907 0.37898818 -0.8915611 -0.49309653 -0.017692583 -0.5199604 0.72535694 1.2413064 0.30708608 -1.0435067 -1.5652163 -1.6589102 1.893315 0.6742186 -0.77620685 -0.60473603 -0.3292085 -0.4082892 -0.07452268 0.04010845 -0.72098196 -0.46320763 -0.055318173 -0.5906663 -0.7814299 0.69860405 -1.3075687 -0.0059191943 0.9319226 0.5614312 -0.47966126 0.4409273 0.9914405 1.1923294 -0.076449275 0.057977054 0.6431573 -0.36405182 0.8509582 -1.0627208 0.6716059 0.9882188 -0.6503285 0.12536262 0.74575543 0.9173316 0.7508649 -0.4292768 0.0711059 0.31457096 0.69556546 0.7005763 -0.3693992 -1.269814 -0.08471865 -0.8326825
raisin 0.17910244 0.36840752 0.2821565 1.139533 -0.25113294 0.5891695 0.41697642 0.85830444 0.38184395 0.7713698 -1.0230277 0.8040633 0.31441474 -0.045956902 0.033897426 -0.001597388 -0.010624529 0.44554245 -0.381391 0.5875691 -0.4514295 -0.16961566 1.5016567 0.24544232 0.7751006 0.89709294 0.23247345 -0.22166337 -0.5213171 -0.44385958 0.85808176 -0.20636441 0.050312333 -0.8229223 0.29829988 0.51522064 0.19501215 -0.0731241 0.26979816 0.78126335 1.2106988 0.6835041 0.8284005 0.17347571 -0.7959739 0.34543756 -0.2145013 -0.629298 0.51492596 -0.715731 0.20388897 -0.45511138 0.35582668 -0.3214272 -0.4585065 0.5846366 -0.48443258 -0.956334 0.3762959 -0.4833972 -0.37443948 0.33872023 -1.2900312 -0.49895662 0.05665283 -0.5127225 0.8126837 0.6204624 0.643149 0.9829695 -1.073837 -0.13211918 -0.19947472 -0.66590774 0.40661 0.83359873 0.33749175 -0.5708599 0.020177787 -0.7827228 -0.53880584 0.28952795 0.07278033 -0.3504444 -1.1713926 0.31306142 -1.0621456 0.47742677 0.26071358 0.029744985 -1.1117862 0.29723936 -0.7095831 -0.030757276 -0.5373061 0.050542425 -1.1526327 0.5822633 0.9907906 0.6363296 0.25946572 0.5452355 0.105798125 -0.45338982 0.21822044 0.008060845 -0.0089759035 -0.45102507 0.38462076 0.09761171 0.006212932 0.57173216 -0.6560339 -0.047658563 -1.3257883 1.4108777 0.71552074 -0.731346 -0.23680554 0.5589889 -0.5084756 0.21333928 0.10896284 -1.0657251 0.20949455 0.4418512 0.15944345 0.11983879 0.08154981 0.90841466 -0.34607938 -0.30326515 1.1996319 -0.7706196 0.14132659 -0.38459384 0.5753062 -0.6596528 -0.21089272 -0.34545773 -0.2578887 -0.54225075 -0.36362836 0.4118505 0.63908476 -0.55604756 -0.6499238 0.25536048 0.5702873 -0.14306168 -0.59382766 0.6499809 -0.9741798 -0.06147416 -0.03584843 -0.11409496 -0.8631031 -0.3846032 0.3649844 1.1095673 1.2767467 0.048120778 -0.6252563 -0.0032659213 0.02218181 1.9795545 0.6644038 -0.12895666 0.16786993 0.98752064 -1.3405397 -0.036089618 0.97531104 0.8697261 -0.68945336 0.042999223 -0.71915007 0.21979879 0.47559932 -0.21968286 0.16092351 1.0596143 -1.587785 -0.20314732 0.19196466 -0.43836448 0.9418812 -0.106171235 0.44362408 -0.642251 0.9113034 0.20543686 -0.20303784 -1.2035486 -0.7742475 -0.36869395 0.8398241 -0.68053746 -0.84924364 0.063878134 -0.13107285 -0.70143664 -0.37551284 -0.1303129 0.64092016 -0.72102803 -0.425117 1.3384718 -0.15201484 -0.14047629 0.12771504 0.10325007 -0.39766103 0.32721326 -0.0019854638 -0.18868499 1.0695417 -0.69394225 -0.53713596 -1.0086317 1.3751985 -0.0886099 -0.9431272 -0.6711176 0.23042431 0.32272166 -0.19562078 0.26558432 -0.3162308 -0.40839493 0.22587071 0.27891237 0.8575476 0.3704418 -0.25024372 -0.76711553 1.0204746 0.18659295 -0.26419362 -0.7496713 -0.70498985 0.01154594 -0.120141745 0.08561309 0.8278803 -0.51731586 0.30765477 -0.74980724 -1.2209842 1.5843353 0.22523914 0.4929346 0.1090804 -0.037703343 -1.149099 0.5624307 0.8183785 -0.22640525 -0.3219332 -0.24919645 -0.0054568816 -0.0050945436 0.11552387 -0.35586965 -1.0059216 0.8618379 0.069889374 -0.22295465 -0.026950894 0.4301614 -0.34938034 0.035382103 0.37890908 -0.19957028 0.3906392 -0.024372922 0.072920024 -0.28574964 0.6483996 1.5817534 -0.6037428 0.81007606 0.33058664 1.3101102 -0.6633737 0.20990925 -0.16771531 0.8601035 -0.29203805 -0.42426038 0.06454858 -1.0908475 -0.057351924 0.08482674 -1.3201776 0.014778155 0.41092557 -0.87288815 0.8260528 0.43068722
geranium -0.69894713 0.064886905 -0.06293516 0.68101454 -0.75439376 -0.8751042 0.31583363 1.4128029 0.81638336 0.2613086 0.018471643 -0.50529855 0.32396033 0.25412297 -1.2263286 -0.82673377 -0.10130788 -0.5799727 -0.32449317 0.2312497 0.05859181 0.6115305 -1.3583034 -0.26847464 0.90264434 0.8858117 -0.014753176 0.5769984 1.7665404 0.033063598 -0.5697661 -0.0065968866 -0.64407676 0.019184018 -0.31380528 -0.19506595 0.43799853 -1.1807965 0.06796131 -0.3330438 -0.25379875 0.5603343 0.31657687 0.20035428 0.3446827 0.7353481 -1.4111745 0.017810674 -0.028157089 0.58536 -0.046708748 0.018678261 0.6951476 0.21765691 0.55433387 -0.6103299 1.5946426 0.32146952 0.30852616 0.74355656 -0.38588333 -1.3069576 -0.21990778 -1.0760043 -0.60642064 -1.1565679 -0.71476233 -0.076372616 1.1065573 -0.036401734 -1.0365597 -0.8433631 0.43256813 1.2909403 -0.44023564 -0.5959586 -0.120984174 0.08486764 -0.32896537 -0.80299157 0.38490742 0.92036587 0.018934904 0.5021498 -0.08654646 -0.1448955 -0.4436557 1.4065111 -1.0150957 0.85795146 0.18309766 1.0581437 -0.50768024 -0.8289572 0.107715294 -0.07180715 0.14008138 0.5683881 0.6447376 0.48977253 -0.62179893 0.59475356 1.3884687 0.7112633 0.31296673 0.57109725 -0.6400013 -0.24794489 -1.0702658 -0.19974673 -1.2889682 0.6191482 -1.1121441 -0.89677703 -1.0342553 0.5662492 1.0069739 -0.08699128 0.64458025 -0.64480025 0.4436004 0.969558 0.62351584 -0.122456096 0.5156685 0.72047806 -0.73042125 -0.486113 -1.03756 0.32557186 0.66255784 0.20401245 -0.44420257 -0.14380513 0.56488496 -0.8835686 1.1197628 -0.5603907 -1.433792 -0.15725958 0.5606009 -0.42814434 -0.021633059 0.7683552 -0.11381713 -0.93676573 -0.16221811 0.5075267 -0.029899482 -0.1384615 0.22632472 -0.04642498 -0.24554907 -0.55802524 -0.044060726 -0.08091918 -0.24991356 0.5202536 -0.4185109 -0.6327857 0.6393787 0.34129775 -1.0648915 1.2391096 0.26143712 -0.37205148 0.61134326 -0.27570394 -1.0219661 0.31929886 -0.60328996 0.63801014 0.8140683 0.56420404 0.14630471 0.22821902 -0.056913193 0.06200991 0.25607762 -0.29356086 -0.39137974 -0.1916637 -0.74234843 0.8326534 0.41481242 -0.86507785 0.8668168 1.7098209 -0.71538174 -0.78832877 0.773236 0.87016666 -1.1678227 -1.2378857 0.19296095 -0.86575496 0.6879826 -1.0168593 -0.22650307 0.3290893 0.037254807 0.25743836 -0.13470507 -0.6748084 0.8784275 -0.62818533 -0.1801113 0.41300285 -0.5162988 -1.387832 0.26116893 0.2608017 -0.54035157 0.3945275 -0.078343935 0.30799836 0.2691409 -0.3636817 -0.07730049 -0.12247091 0.23151246 -0.0020349324 0.18303765 0.5497144 0.931351 1.034378 -0.15015957 0.23902312 1.3335705 0.6493117 0.14618057 0.08940284 0.5947527 0.19441774 0.32440463 -0.13830782 -0.09950192 0.54476154 -0.4527599 1.8610895 -0.112616755 -0.013492075 0.105893746 0.6578767 0.150778 -0.3001685 0.01292593 -0.009684533 -1.0557604 0.64211863 0.39128998 1.4260668 0.5898542 0.25109017 -1.0308652 0.20825353 1.3149943 0.17218897 -1.002775 -1.3024817 0.9374838 -0.5181017 -0.851851 -0.61665267 -0.09772914 0.16749884 -0.20661944 1.5198464 -0.48728243 -0.29720882 0.027895547 -0.17665802 -0.5154824 -0.005853392 0.77589804 0.5419171 -0.04163624 -0.6047262 0.35381782 -0.9629819 -0.0031122717 -0.7056564 0.7112158 0.5757464 0.39241087 0.28707138 -1.1745893 -0.7244583 -0.62384367 -0.7938497 -0.29635906 -2.4775863 0.39120412 -0.35217744 -0.82876277 -0.61444694 0.40960968 0.33005974 -0.47754335 0.35974422
