;citrus;lemon;grapefruit;orange;pineapple;grape;strawberry;apple;pear;peach;banana;rose;violet;lavender;cologne;perfume;honey;cherry;berry;almond;clove;cinnamon;tea;oak;cedar;mothball;peppermint;camphor;eucalyptus;chocolate;vanilla;syrup;caramel;raisin;coconut;anise;licorice;detergent;gasoline;solvent;turpentine;pine;geranium;celery;vegetable;weed;grass;cucumber;hay;bakery;bread;beer;leather;cardboard;rope;potato;mouse;mushroom;peanut;egg;birch;cork;incense;coffee;tar;creosote;disinfectant;vinegar;ammonia;urine;rubber;kerosene;paint;varnish;popcorn;cheese;garlic;onion;blood;animal;manure;bark
citrus;0.0;0.02376902096065725;0.06580460821442641;0.041059867662857685;0.30050676156000344;0.37195363448475693;0.3544155008650564;0.5547277952755006;0.28869955580615186;0.26428498685408863;0.4595062431105039;0.4516300278525771;0.43551947993479506;0.3961297304690979;0.35604240305743695;0.3535418437883925;0.43042018345628075;0.3752356792216466;0.3752356792216466;0.5437894392899656;0.5239407973499236;0.5267024993937521;0.4633488331283695;0.5418668712654414;0.54356854337078;0.5613762755895975;0.49781296826599225;0.5343874199139063;0.4942230732117522;0.535328663158791;0.5221929352014308;0.5388421144115111;0.544052037504283;0.43394665157762485;0.5093159750558448;0.5156353529350306;0.5156353529350306;0.5557664423084478;0.582289288823882;0.582289288823882;0.5119366920280816;0.5119366920280816;0.41722358393056325;0.5308596606056118;0.5063156883333909;0.4989267034531233;0.47818695221750296;0.43530479614473494;0.5711653782100079;0.5288255097151158;0.5288255097151158;0.49783332356821924;0.59928188815454;0.6097005189331088;0.5848617384654059;0.5489001323125324;0.6198522088874063;0.5349426593233356;0.5496952086285332;0.5483540720124281;0.5533779835266974;0.6015945064732152;0.43344735011830826;0.5439804682171585;0.6078670684270489;0.5905515268207409;0.560682805156635;0.5038930021085666;0.5729157705794444;0.5821073254495563;0.5855244267520533;0.5663324007955941;0.5478818607846048;0.5335926074819702;0.5459007656513774;0.5255033874516505;0.5677316670424979;0.5677316670424979;0.598751596901818;0.6180142533199222;0.5836134296596416;0.5533779835266974
lemon;0.02376902096065725;6.661338147750939e-16;0.07632473010243768;0.0966959330352346;0.3767109818243608;0.4461905119227038;0.4387273706844138;0.5444992112437851;0.3696661338164236;0.35513429338422275;0.5010609088884587;0.4611889738110609;0.4559084335602865;0.41503830954516996;0.365975262127465;0.38328631472594776;0.4589433908029148;0.4566609458585692;0.4566609458585692;0.5493979934047375;0.5190768055767065;0.5206708331861709;0.45974221498480144;0.5327389610546605;0.5281171865436554;0.5485548926891702;0.4932939746464065;0.5094416077813527;0.4730124112331337;0.5292669200184316;0.5264230995047839;0.5326610651696084;0.5406479279741403;0.47048198476389136;0.5149957461297611;0.5171126011503124;0.5171126011503124;0.5318545740165731;0.5604732252760259;0.5604732252760259;0.48374904511043393;0.48374904511043393;0.4134546414001078;0.5203949410738714;0.5018611113911317;0.48721587257826293;0.473212092159651;0.42644173488136583;0.5603852124406694;0.5210856804476419;0.5210856804476419;0.5317560267385294;0.5817245343004231;0.600742231548373;0.5750390729930058;0.5420202618469024;0.5961159265688598;0.5246408749937543;0.5417848177323759;0.5384967568133072;0.5379230223390989;0.5967063422668564;0.44496724861488995;0.5362988471361219;0.5863560990538853;0.5669204976732977;0.5356803042791712;0.4925974778535952;0.5454402489583725;0.5665393718476207;0.5693285792900346;0.5421584188467585;0.5270449253721557;0.5151317404444018;0.5356915242309033;0.5065248147289599;0.5528685365785806;0.5528685365785806;0.5781610790700019;0.5958788017467821;0.5691834788589932;0.5379230223390989
grapefruit;0.06580460821442641;0.07632473010243768;0.0;0.09700439728611698;0.3662700062096948;0.4756730325684715;0.4574018852653605;0.5541013112290529;0.3644563785713799;0.3764053833844652;0.49538587205712387;0.4707214369208521;0.4765622392293575;0.44601856473970014;0.4058749311656573;0.41538826201744017;0.4813899013947395;0.4749711102994964;0.4749711102994964;0.5574600164021454;0.5263871310722458;0.5331405265382733;0.4630424131861274;0.523214472760418;0.5078932055606976;0.5448710952902283;0.5047989118503605;0.5257092072089482;0.49111842809998896;0.5297285109192487;0.5328838250019481;0.53086485834056;0.5416765477259015;0.48590382941578186;0.5241827356882194;0.5159052600695563;0.5159052600695563;0.5338457869109221;0.5561808837237806;0.5561808837237806;0.4854817117321851;0.4854817117321851;0.39156425698645003;0.5019313851877578;0.46582915693306987;0.4468489601964508;0.43653803613271386;0.3734501619536011;0.5470430667156282;0.5266106603822016;0.5266106603822016;0.5335868328315215;0.575670580846242;0.5753806089102909;0.5219063172407865;0.5262341757161717;0.5907965529494588;0.4882096418130027;0.5430826748490248;0.535943091976196;0.5051197429530486;0.5583423884631772;0.4718741620263092;0.539013141102134;0.5807215879251699;0.5613582719548142;0.5436128575555872;0.49551292095193056;0.5506216709242723;0.5636489638747626;0.5522466554600419;0.5374675897834564;0.5230969127216609;0.5144342470851111;0.5366780412541285;0.5271777372410624;0.5524938032261929;0.5524938032261929;0.5721709995045361;0.5974771851256089;0.5679284349268756;0.5051197429530486
orange;0.041059867662857685;0.0966959330352346;0.09700439728611698;1.1102230246251565e-16;0.2977683286269416;0.3541764474615981;0.34122266787584404;0.5473537506924097;0.2828849539834397;0.2560415353506847;0.4497540925394876;0.46427433211504254;0.4395038448022585;0.4138886034266045;0.3875766254660935;0.3657925074936653;0.4290867039170527;0.3637373239608932;0.3637373239608932;0.5458340007781277;0.5021865840216648;0.5090103056711678;0.46345073191784425;0.5465314191166909;0.5495706968124953;0.56039845306868;0.5106420022157753;0.5504568491856369;0.5106819007611277;0.5287659307181595;0.5159227779378183;0.5264676571568491;0.5296361252438714;0.4033881810382296;0.5163461060850577;0.5143213540098078;0.5143213540098078;0.5700820087631868;0.5844030742360742;0.5844030742360742;0.5432286265325031;0.5432286265325031;0.44069771214583975;0.5294679871042536;0.510918070585765;0.5166715263151758;0.5023200112514515;0.437590245714152;0.5817707487688282;0.5189675670297939;0.5189675670297939;0.48945901740972303;0.5931374606122443;0.6113041905520582;0.5847908886507917;0.5424455711717402;0.6056637270775156;0.5357467185421111;0.5424646142906908;0.5208977212518964;0.5589922279410865;0.5872610740869882;0.44396438195314236;0.5323295181118106;0.6005360171026242;0.5902012690062474;0.5720927518871082;0.4973983397694399;0.5800000609087146;0.5779935606526924;0.5791650322983694;0.5724000777471914;0.5568624952102993;0.5389784690330426;0.5389148460311858;0.5378410882677277;0.5598033505441131;0.5598033505441131;0.5893512719304183;0.6071083535776156;0.5755128204135125;0.5589922279410865
pineapple;0.30050676156000344;0.3767109818243608;0.3662700062096948;0.2977683286269416;1.1102230246251565e-15;0.32787936046795335;0.25321477178377094;0.5073174694628756;0.10243094998309005;0.18607571648713267;0.3311463487589731;0.5007752346896939;0.4746168646149238;0.4540742983674555;0.46778101336924227;0.4291896581877579;0.4039154601561892;0.26829794307920646;0.26829794307920646;0.5255095352701468;0.5193542966776568;0.5165822734870432;0.5171559842017912;0.5574321609080096;0.5594280610884727;0.5565530851147719;0.4978190556059277;0.5594914304576372;0.5295943278586966;0.5113217582960229;0.48453855722506456;0.5038737155858503;0.4939360763067195;0.4623776289720754;0.47707839224397564;0.5143501015249381;0.5143501015249381;0.5722449895378996;0.5716998746652935;0.5716998746652935;0.5676071618145648;0.5676071618145648;0.523527546857921;0.5300812241563742;0.5172500830801894;0.5457790624765861;0.5095456568226597;0.5006729365101749;0.5758542379097549;0.5292086262074321;0.5292086262074321;0.44186328311629286;0.5803659866420882;0.5930763346667632;0.5887419649196111;0.5336778403592983;0.5796149696453854;0.5339968700568151;0.5394497943151337;0.5413076279570452;0.5568666443862224;0.5790018979992051;0.47518227654428236;0.5327059764162161;0.5904187895345383;0.5885635792114073;0.5806626619570066;0.49718503346949605;0.5832910994197111;0.5511387583526509;0.5803025158666681;0.5718095801772052;0.5585855888747394;0.5517982178148888;0.5345233946224378;0.5531943294367415;0.5532539571791958;0.5532539571791958;0.5622519735979675;0.5679228998408804;0.5388771844396094;0.5568666443862224
grape;0.37195363448475693;0.4461905119227038;0.4756730325684715;0.3541764474615981;0.32787936046795335;1.1102230246251565e-16;0.11267327114332476;0.5291481849247603;0.274044298549608;0.21165524435866767;0.42090377955067715;0.4516898798983992;0.39494761453117844;0.36520074742552366;0.4267606156153373;0.3686756858539504;0.34469724798199153;0.16106676412858628;0.16106676412858628;0.5098085608566396;0.522689078455751;0.5132615733571281;0.506724782715625;0.5467734780370525;0.5495355394983202;0.5336899279510317;0.49805847558536187;0.5452780069488482;0.5268965239728555;0.5213955039276633;0.4782998528623938;0.5126933222237762;0.5018341930987188;0.4117741333919067;0.5082943204368491;0.5136966215339254;0.5136966215339254;0.5725347306163333;0.575849924955543;0.575849924955543;0.572020783095713;0.572020783095713;0.5424274281727468;0.5420687259942183;0.5430634797758875;0.566494653420729;0.5517052618292242;0.5372872302053535;0.5672214405273196;0.5376621120781857;0.5376621120781857;0.41258098050357767;0.5908866466877145;0.5922946096901474;0.5871784918581353;0.5509448262188277;0.5845752447395706;0.5458209762613827;0.5314959708878297;0.5371887210064877;0.5860337067003876;0.5874038293736639;0.4001885597557263;0.5240423751952763;0.5748548735602705;0.5708499406121412;0.5611657929892987;0.5353549642231806;0.5975706252557679;0.5544547838776149;0.5653895519434589;0.5659276453875441;0.5819524014041194;0.5660401460147743;0.5317233146508978;0.5564597202205294;0.5441833774636167;0.5441833774636167;0.5694758842923223;0.5798563541051525;0.5456922515781429;0.5860337067003876
strawberry;0.3544155008650564;0.4387273706844138;0.4574018852653605;0.34122266787584404;0.25321477178377094;0.11267327114332476;1.2212453270876722e-15;0.5094629554814504;0.1937746968394467;0.10726706467180303;0.38367501487770284;0.43432216810044755;0.3896723598776387;0.39772518884631625;0.4295855354223115;0.3604318417926022;0.3493247582202758;0.11555408538257522;0.11555408538257522;0.5020174008310467;0.5322290984010816;0.5224159794169613;0.49970753020444886;0.5582131732018911;0.5472532564717518;0.5540903838938074;0.50472271631332;0.5667094807819946;0.5468115116551283;0.5162776533766003;0.4718142311084307;0.5176559500555655;0.5009133541290611;0.42363238685454374;0.496014742818472;0.5134696194344175;0.5134696194344175;0.5960957562511351;0.5965255294122525;0.5965255294122525;0.586091824577778;0.586091824577778;0.5116312840917338;0.5457480077823605;0.5416680089909358;0.5584311013136234;0.5318312822184733;0.5317881793994381;0.5623629990766987;0.5350031655601445;0.5350031655601445;0.34040001123361036;0.6085265059483898;0.5973010388597013;0.6025646545814487;0.5459802701561569;0.5939546050542047;0.5439604773729705;0.5441699027319414;0.548243341452502;0.5873027441535226;0.5942832835708978;0.4111090010080666;0.5347583793418375;0.5980743443073371;0.595452235586226;0.5885816860647041;0.5308219091364732;0.6092210403705612;0.5628434408640992;0.5858708264123208;0.5925358781698182;0.5958668233024474;0.5761377472168463;0.5411233671463873;0.5550525935436579;0.5570497277080406;0.5570497277080406;0.5666947333332505;0.5854521146332223;0.5545246713353028;0.5873027441535226
apple;0.5547277952755006;0.5444992112437851;0.5541013112290529;0.5473537506924097;0.5073174694628756;0.5291481849247603;0.5094629554814504;8.881784197001252e-16;0.5235256026689922;0.5267080979433802;0.5409840341669212;0.5656811474841887;0.5761288741306002;0.603911820569031;0.6126020566665479;0.6287542900729698;0.589537522234101;0.5493094553302288;0.5493094553302288;0.5315921212643614;0.5411081832301055;0.5141837878096015;0.5440567268999068;0.5752179835480333;0.5763187062825942;0.5602276779276406;0.5599799214769272;0.5829237005967217;0.5697311045938086;0.5212896938701568;0.5405572505428606;0.49162080079290227;0.5117942281228416;0.5347733024500566;0.5314046411032848;0.5454642306316768;0.5454642306316768;0.5705691992237639;0.5111602879370969;0.5111602879370969;0.5930636540919613;0.5930636540919613;0.5135499833645714;0.39978993474978647;0.42897207364250145;0.4435290427138281;0.4776395104838423;0.41626989025774985;0.466868354868977;0.46548975478582433;0.46548975478582433;0.4590613568552323;0.519093535095898;0.49339475075519773;0.40093180912582205;0.39315917160644115;0.4072750388103266;0.38429149431645915;0.4868357144414739;0.3915543143773231;0.572054280781426;0.5132733943863871;0.619200627008563;0.4841394036162486;0.4726426369592583;0.5159016899192485;0.5928306372015856;0.4148752115668512;0.5206988563616989;0.48988447114271705;0.42842897843560285;0.54676970022814;0.5589001086147423;0.5809870332064079;0.4033094961020531;0.5467334013760746;0.2107829645817329;0.2107829645817329;0.36388809040930414;0.4361302129482138;0.46059257760192307;0.572054280781426
pear;0.28869955580615186;0.3696661338164236;0.3644563785713799;0.2828849539834397;0.10243094998309005;0.274044298549608;0.1937746968394467;0.5235256026689922;0.0;0.11980238017221606;0.24937466508657496;0.4696094114356112;0.45305205167356094;0.4175402209750288;0.442548096015003;0.3905081778366434;0.37777913059770996;0.22828455518441337;0.22828455518441337;0.5436221436504204;0.4955014289481146;0.4725472413431369;0.4510238964451834;0.5653622307225254;0.5833516459943429;0.5749019113474646;0.4773775955909238;0.5506903062630075;0.5084165566741012;0.4957608123806685;0.47272657958312575;0.5313259231996905;0.5152665771757623;0.3494551145194986;0.4930572394677062;0.4992395565008704;0.4992395565008704;0.581061504147889;0.583404346191982;0.583404346191982;0.5697444016640879;0.5697444016640879;0.5049218615334362;0.5431911716330393;0.4844597502497421;0.5248463303328957;0.4862663132479151;0.468437900982874;0.5730909612523889;0.5536381691971684;0.5536381691971684;0.36331965946307465;0.6195613758802888;0.5971272756483247;0.6110961619605002;0.5400843303623996;0.6271073369832931;0.5232666456514293;0.5501166488364024;0.5818101417965659;0.5903729680868224;0.5941515651189426;0.4498872515253627;0.5526354522382805;0.6175414243205253;0.6104301527036289;0.5945719022186104;0.5344174318125606;0.6057181934401646;0.5823510172512046;0.6071783445586434;0.5784197177808287;0.5371346262662476;0.5406620958575464;0.5559794188392269;0.5358588399298612;0.5848054850156874;0.5848054850156874;0.6105922179275014;0.6158848788751006;0.5844214320072671;0.5903729680868224
peach;0.26428498685408863;0.35513429338422275;0.3764053833844652;0.2560415353506847;0.18607571648713267;0.21165524435866767;0.10726706467180303;0.5267080979433802;0.11980238017221606;1.1102230246251565e-15;0.3579595384113031;0.4328692016745554;0.4003891977355467;0.37363261396973874;0.39800922210456513;0.33170772423861494;0.31578944739416304;0.15087030962346515;0.15087030962346515;0.46964930504292346;0.5137179217293132;0.4838278424760574;0.4713241384745631;0.5521046318210031;0.5788200442761;0.579152058817693;0.5032422197153716;0.5796579426558885;0.549844545194359;0.5129102358212841;0.4550705267022671;0.5311339378335741;0.5093287729132828;0.3580339305559283;0.44109302337655265;0.5039863600667362;0.5039863600667362;0.6158534540114937;0.6172738831249045;0.6172738831249045;0.6029060803020437;0.6029060803020437;0.47543171761468167;0.5468395163670287;0.5219999644532011;0.5362850439943057;0.4925470832134966;0.49394655882085453;0.5194075969692373;0.5320182252441239;0.5320182252441239;0.3812073781024927;0.6098962336450547;0.590326806058073;0.5997555553385712;0.5349432277429206;0.6193883038229954;0.535319206681427;0.5602126605369925;0.5543772308483754;0.5887831416574187;0.575389277262599;0.4050097682156669;0.5481214747206414;0.6327526684612088;0.6302601845750708;0.6089774054997502;0.5274392902134761;0.6319961201363098;0.5776198596568454;0.6139941828436974;0.6139758217721114;0.5987192825160789;0.578983018811139;0.5565520795311945;0.5383914518934348;0.5842128583577841;0.5842128583577841;0.5913328540420311;0.6035967400479614;0.5762195971664146;0.5887831416574187
banana;0.4595062431105039;0.5010609088884587;0.49538587205712387;0.4497540925394876;0.3311463487589731;0.42090377955067715;0.38367501487770284;0.5409840341669212;0.24937466508657496;0.3579595384113031;7.771561172376096e-16;0.5183030512906898;0.5141965768093516;0.5098123235846851;0.5107716305350979;0.47242374528194236;0.4404355575728606;0.35480627243982377;0.35480627243982377;0.4833645138685418;0.4976552065667493;0.5008503810309511;0.5135614422048763;0.5352748375934382;0.5526004032262719;0.5404433316365064;0.4892971332107189;0.5470867097566043;0.5270828371828614;0.47727877438047966;0.4421924293754247;0.48912835746925665;0.4733737128688986;0.44697804031537003;0.4617547252295686;0.4942118238946334;0.4942118238946334;0.49356230122735584;0.49291483238041023;0.49291483238041023;0.5068916479980409;0.5068916479980409;0.5268763162864158;0.5262893683826053;0.5253254127413951;0.5429140194128969;0.5288336017039736;0.5273949435763454;0.5515720902190903;0.5133160175726286;0.5133160175726286;0.4212888696671393;0.5694883935875114;0.5561610011516774;0.5839245973573074;0.5418749060989136;0.570728554895169;0.5384413216090655;0.5238405049514242;0.5374191386119206;0.5755805581342144;0.5587774670289879;0.497221055134721;0.5099765212496872;0.5489599195174284;0.5535602588845202;0.5413711013500776;0.5388117960211533;0.543740382548475;0.5470361492828408;0.5524374551803373;0.519869331871938;0.4313527571178773;0.4571502277146828;0.5285232843620401;0.5245977745683424;0.542757747259224;0.542757747259224;0.5616308195871857;0.5673937062574907;0.5372253967981548;0.5755805581342144
rose;0.4516300278525771;0.4611889738110609;0.4707214369208521;0.46427433211504254;0.5007752346896939;0.4516898798983992;0.43432216810044755;0.5656811474841887;0.4696094114356112;0.4328692016745554;0.5183030512906898;3.3306690738754696e-16;0.0358822607835404;0.10421415942452944;0.19050305139974688;0.16119094363437036;0.2983766204301717;0.42134320554723265;0.42134320554723265;0.49895858756557426;0.5121678778967446;0.4983373073782938;0.411503112894921;0.4813611959580158;0.4968078055951053;0.5274301365815789;0.5158498985798947;0.5315457217863302;0.5192745954161964;0.5204806058869739;0.5048690763410383;0.5273138548048679;0.5395633421898616;0.5003055846353499;0.5110436498083114;0.5218006556774715;0.5218006556774715;0.5473206906493846;0.5836574716735197;0.5836574716735197;0.5291296479736136;0.5291296479736136;0.25735036959678126;0.5298768518496205;0.5002982051975643;0.4604827059677473;0.42975887353251435;0.5292045666118989;0.5019158584609825;0.544895594318268;0.544895594318268;0.35123531980097616;0.5660784849797186;0.5807505642702022;0.5917792756052186;0.5332990640690357;0.5850780145746428;0.537929138383583;0.5402516736484871;0.5565461986669615;0.507571925008115;0.5549777889393751;0.3581062298715193;0.543429407430336;0.5939923391155038;0.5677833557631276;0.5555397428560128;0.5851878542452554;0.5474459632323566;0.4921765277988631;0.5660327106692071;0.5641894598279195;0.5635799909687982;0.5408285486137908;0.545093890613716;0.5324615884545122;0.5653476850882907;0.5653476850882907;0.5894977830189875;0.5736532350309638;0.577320412822073;0.507571925008115
violet;0.43551947993479506;0.4559084335602865;0.4765622392293575;0.4395038448022585;0.4746168646149238;0.39494761453117844;0.3896723598776387;0.5761288741306002;0.45305205167356094;0.4003891977355467;0.5141965768093516;0.0358822607835404;0.0;0.07614679095897725;0.15742752663361786;0.1236318226002458;0.2873650651335955;0.3711863072308487;0.3711863072308487;0.47989755415878976;0.507361218177975;0.5070150265124832;0.44137512324360784;0.4664914617624551;0.4629599771399649;0.5138287694035053;0.5115816716951528;0.5191112161742311;0.5077285792054058;0.5293870410784249;0.5018154347114545;0.5406565830813324;0.5501829966472555;0.5176872528136534;0.5219781529856661;0.5086464818603483;0.5086464818603483;0.5565341468572825;0.5966341072623169;0.5966341072623169;0.5211850334838334;0.5211850334838334;0.26264625418413545;0.5416852156519889;0.5068832261159706;0.46824954861487866;0.43654062160140383;0.5272259865586519;0.49751990173121147;0.5602900203131012;0.5602900203131012;0.36520304084542354;0.5777460591096129;0.5834490931904719;0.6087168217190851;0.5360030916775721;0.6011179092152668;0.5457337640155094;0.552390030779399;0.5608106365978505;0.4884895665731521;0.5624668385680001;0.30453896392180557;0.5575385051219347;0.601901836589958;0.5717137493130959;0.5589086407452112;0.6041147220970866;0.5645448033520863;0.5029796855312365;0.5787999753974677;0.569223003776578;0.5663172031883326;0.532396903236886;0.5591768918108176;0.5385660747870473;0.5810830894654329;0.5810830894654329;0.6105033139184626;0.5940091724929979;0.5923619150803329;0.4884895665731521
lavender;0.3961297304690979;0.41503830954516996;0.44601856473970014;0.4138886034266045;0.4540742983674555;0.36520074742552366;0.39772518884631625;0.603911820569031;0.4175402209750288;0.37363261396973874;0.5098123235846851;0.10421415942452944;0.07614679095897725;0.0;0.08749074147127323;0.0654542543401;0.28112087761011395;0.3500744993716822;0.3500744993716822;0.4547395740071328;0.4953648984156137;0.48758444383739735;0.4052354081555173;0.43275502257498377;0.45609537807946543;0.49592937425680356;0.463414084289341;0.4660152081959903;0.4504308370263446;0.507847103462087;0.46383217409136523;0.5397428677406391;0.5392544215207318;0.5003978499506229;0.5112863349261249;0.4779758521380989;0.4779758521380989;0.5351165023487635;0.5908982576356284;0.5908982576356284;0.48397311067720905;0.48397311067720905;0.28558749972258407;0.542051577864258;0.5220454855292688;0.48864304732265373;0.45454469091797833;0.529609311297732;0.5125867606044756;0.5637763060387077;0.5637763060387077;0.4030343436769282;0.5524559725009446;0.6216353703496604;0.6290495734539887;0.5436700825765813;0.6452995999269526;0.5493167884667287;0.5767241440485092;0.5575142642051977;0.4916851955882946;0.5761851400172289;0.2061193900504943;0.5733395723484226;0.5969263225818933;0.5528605321472624;0.5299364664970563;0.6394703409331222;0.5757054238969468;0.5529591539893178;0.5831688841241903;0.5474066902561595;0.5428175482523491;0.5017082375531576;0.569569291764624;0.48192024970606895;0.6057735699910702;0.6057735699910702;0.6471827123037446;0.6116199384013044;0.6168427207406549;0.4916851955882946
cologne;0.35604240305743695;0.365975262127465;0.4058749311656573;0.3875766254660935;0.46778101336924227;0.4267606156153373;0.4295855354223115;0.6126020566665479;0.442548096015003;0.39800922210456513;0.5107716305350979;0.19050305139974688;0.15742752663361786;0.08749074147127323;1.1102230246251565e-16;0.03493583475826889;0.3464217310077529;0.4085591840310125;0.4085591840310125;0.5052766919036431;0.5099086211133563;0.5056649636564545;0.43171912422941944;0.459078609864341;0.4250434906046376;0.5315416073832843;0.5099633869743063;0.5080507918687277;0.49581799897922346;0.5177932895257493;0.49257609404912844;0.54300280678284;0.5443457015563438;0.5337424807196698;0.5109963744404098;0.5300044646840297;0.5300044646840297;0.5663983412872668;0.6147719399228924;0.6147719399228924;0.507942755643449;0.507942755643449;0.363746694595694;0.5430899877327781;0.5398644983885552;0.5304987918959373;0.4988976229936123;0.5163841949690138;0.5221314872016168;0.5584120318085338;0.5584120318085338;0.4855331247526557;0.5839544832043264;0.6030696270746818;0.6123057197169222;0.5415740216130553;0.6373251691484991;0.5667733516994551;0.5654766947811493;0.5434684205163446;0.49031302903411633;0.5535312335155886;0.218634232662564;0.5686534695892959;0.6265970087616488;0.5880781091946681;0.5608441208874917;0.6357605149136686;0.5894105378752518;0.55731320869604;0.6181336211810158;0.5853426821695321;0.5778665610676239;0.5522763681857626;0.5616943514593722;0.5131840909595977;0.593883634357445;0.593883634357445;0.6432418615566367;0.5966980808217754;0.6127157114812954;0.49031302903411633
perfume;0.3535418437883925;0.38328631472594776;0.41538826201744017;0.3657925074936653;0.4291896581877579;0.3686756858539504;0.3604318417926022;0.6287542900729698;0.3905081778366434;0.33170772423861494;0.47242374528194236;0.16119094363437036;0.1236318226002458;0.0654542543401;0.03493583475826889;1.1102230246251565e-16;0.3060424793075377;0.33201200712164913;0.33201200712164913;0.4848972388318847;0.4977908170740755;0.48407101502391375;0.41136510021018713;0.45207250463073706;0.41328667934574664;0.5212442304377898;0.47614523461701785;0.4915428850422032;0.4819359591203346;0.5119414138696038;0.46513353961464965;0.5462773028324668;0.5421219720494097;0.4876579534611267;0.49573075726633486;0.4996485719565661;0.4996485719565661;0.56047194324912;0.6248192357330441;0.6248192357330441;0.4899014824788753;0.4899014824788753;0.3592596325186367;0.5593092250414583;0.5539930985992545;0.5437855437450463;0.5076682913427188;0.5274284206345028;0.5438989015997663;0.5638700122064406;0.5638700122064406;0.46534568786489705;0.5995477130814156;0.6278328868850629;0.6503720604076351;0.5603157705039772;0.6663500913354083;0.5818375021552517;0.5863363182511971;0.5685858655290936;0.48542525793633745;0.5793974069364406;0.1840052459958551;0.5769637311165235;0.635356412692067;0.6003245596872568;0.5557110868824973;0.6610181429907678;0.6015042323100894;0.5841612804337706;0.6279244012626483;0.5951825844371476;0.5725420301643674;0.5395194788010464;0.5802183682445314;0.5109148865736572;0.620513438114076;0.620513438114076;0.6752196675513926;0.6373846784071386;0.6348260222527926;0.48542525793633745
honey;0.43042018345628075;0.4589433908029148;0.4813899013947395;0.4290867039170527;0.4039154601561892;0.34469724798199153;0.3493247582202758;0.589537522234101;0.37777913059770996;0.31578944739416304;0.4404355575728606;0.2983766204301717;0.2873650651335955;0.28112087761011395;0.3464217310077529;0.3060424793075377;0.0;0.2852925721648569;0.2852925721648569;0.3604033352802876;0.4496687976218462;0.3866307446849123;0.40436582453375225;0.5137948228780198;0.5545306944224668;0.5485690083837462;0.46713166957366953;0.5110426454817614;0.4781760796288178;0.35522072241823943;0.2753579027670809;0.3342138480486204;0.2916057659880278;0.34919424709792635;0.4580599142476869;0.4599971821777164;0.4599971821777164;0.5939171307266832;0.6251740767234852;0.6251740767234852;0.556033714789031;0.556033714789031;0.44296821298154265;0.45789770550173803;0.5528869187866144;0.5630201647085129;0.5132761132300363;0.5569322633178586;0.4866342131346587;0.48899228505258363;0.48899228505258363;0.37338437130147545;0.6010972807295528;0.6103993576985915;0.6326787744835405;0.5939428671875823;0.6312716066113296;0.5815357269588015;0.557379967163171;0.553361852589919;0.5627347034956095;0.5755705093238415;0.3802692674064071;0.41482411125404595;0.5973392198333173;0.5964950110780955;0.5702614680533193;0.5888156478014549;0.582924722306154;0.4159545453065598;0.6147714878908126;0.6037273138994627;0.5843545242209087;0.541117661146522;0.5687748778858928;0.48604158410715487;0.6135012355717477;0.6135012355717477;0.6421751261675216;0.6055928463191397;0.582241490576477;0.5627347034956095
cherry;0.3752356792216466;0.4566609458585692;0.4749711102994964;0.3637373239608932;0.26829794307920646;0.16106676412858628;0.11555408538257522;0.5493094553302288;0.22828455518441337;0.15087030962346515;0.35480627243982377;0.42134320554723265;0.3711863072308487;0.3500744993716822;0.4085591840310125;0.33201200712164913;0.2852925721648569;5.551115123125783e-16;5.551115123125783e-16;0.2588304343644552;0.5112343678720148;0.4691024841487998;0.4885858392919427;0.5122738805865595;0.541316492285991;0.5291594412701544;0.4874755764974638;0.5472763784733045;0.5193742603115012;0.5128067287861978;0.404208893700153;0.5110136893584164;0.4930255280041704;0.38881892296458265;0.47845859742573704;0.48987729226820353;0.48987729226820353;0.5806397231540137;0.5966032962862275;0.5966032962862275;0.5683208348329417;0.5683208348329417;0.5110296143701928;0.5615239257081064;0.5603709926769125;0.5731818805706472;0.544084044061348;0.5520245046236896;0.5643826031694389;0.5040184344113711;0.5040184344113711;0.40636608610396163;0.6170105002493942;0.6072098900789494;0.6313020915044272;0.5730203343673783;0.6291690345440473;0.5724257304510801;0.5548786260288311;0.5343951052346467;0.5807273670675785;0.6221857240638499;0.37735631112732426;0.545673035190642;0.5896619314166937;0.5807892281876347;0.5737329472105075;0.5695479619206884;0.6226363089731364;0.5836997027864707;0.5994753046889256;0.5952958238781944;0.5726158858973959;0.5552583365125602;0.5540616551760649;0.5436115244791208;0.5760027126787615;0.5760027126787615;0.605677002202454;0.6156974393417689;0.5752946586009463;0.5807273670675785
berry;0.3752356792216466;0.4566609458585692;0.4749711102994964;0.3637373239608932;0.26829794307920646;0.16106676412858628;0.11555408538257522;0.5493094553302288;0.22828455518441337;0.15087030962346515;0.35480627243982377;0.42134320554723265;0.3711863072308487;0.3500744993716822;0.4085591840310125;0.33201200712164913;0.2852925721648569;5.551115123125783e-16;5.551115123125783e-16;0.2588304343644552;0.5112343678720148;0.4691024841487998;0.4885858392919427;0.5122738805865595;0.541316492285991;0.5291594412701544;0.4874755764974638;0.5472763784733045;0.5193742603115012;0.5128067287861978;0.404208893700153;0.5110136893584164;0.4930255280041704;0.38881892296458265;0.47845859742573704;0.48987729226820353;0.48987729226820353;0.5806397231540137;0.5966032962862275;0.5966032962862275;0.5683208348329417;0.5683208348329417;0.5110296143701928;0.5615239257081064;0.5603709926769125;0.5731818805706472;0.544084044061348;0.5520245046236896;0.5643826031694389;0.5040184344113711;0.5040184344113711;0.40636608610396163;0.6170105002493942;0.6072098900789494;0.6313020915044272;0.5730203343673783;0.6291690345440473;0.5724257304510801;0.5548786260288311;0.5343951052346467;0.5807273670675785;0.6221857240638499;0.37735631112732426;0.545673035190642;0.5896619314166937;0.5807892281876347;0.5737329472105075;0.5695479619206884;0.6226363089731364;0.5836997027864707;0.5994753046889256;0.5952958238781944;0.5726158858973959;0.5552583365125602;0.5540616551760649;0.5436115244791208;0.5760027126787615;0.5760027126787615;0.605677002202454;0.6156974393417689;0.5752946586009463;0.5807273670675785
almond;0.5437894392899656;0.5493979934047375;0.5574600164021454;0.5458340007781277;0.5255095352701468;0.5098085608566396;0.5020174008310467;0.5315921212643614;0.5436221436504204;0.46964930504292346;0.4833645138685418;0.49895858756557426;0.47989755415878976;0.4547395740071328;0.5052766919036431;0.4848972388318847;0.3604033352802876;0.2588304343644552;0.2588304343644552;2.7755575615628914e-16;0.4963981493743897;0.42510440302487706;0.5172021790120965;0.4045458445643513;0.5356125361490868;0.4868606571946979;0.5086954947387058;0.52609049359399;0.5183499650780891;0.45732788741192515;0.338939572797832;0.42733971541328747;0.4006829019143121;0.48880021472517043;0.40086733627548926;0.4675113045028304;0.4675113045028304;0.5070349976410923;0.5365979791712845;0.5365979791712845;0.5266439010294816;0.5266439010294816;0.5231857254618238;0.5039766840392531;0.5123789487587418;0.5137215944812615;0.48801984513678676;0.5309111173945561;0.41418212286740935;0.38149062042360066;0.38149062042360066;0.5404554512430022;0.4834066482683811;0.45061761812469686;0.5092413268849059;0.5073760939330161;0.521199973552567;0.5271872911247407;0.3773769279162288;0.4934555001914993;0.4714338243459132;0.47712930789809604;0.4591063801537891;0.4592532891419014;0.4828999010927287;0.4781342332435144;0.5045414579163755;0.5999262863361177;0.5715814876169413;0.566220402528629;0.529851851281973;0.5430141171568256;0.4918304518414722;0.4835277292284477;0.3871611364355094;0.4671077532261678;0.5578708077427909;0.5578708077427909;0.566517014622761;0.5648701938128896;0.5705287209607783;0.4714338243459132
clove;0.5239407973499236;0.5190768055767065;0.5263871310722458;0.5021865840216648;0.5193542966776568;0.522689078455751;0.5322290984010816;0.5411081832301055;0.4955014289481146;0.5137179217293132;0.4976552065667493;0.5121678778967446;0.507361218177975;0.4953648984156137;0.5099086211133563;0.4977908170740755;0.4496687976218462;0.5112343678720148;0.5112343678720148;0.4963981493743897;0.0;0.14742994946257237;0.20890483621823713;0.5128673620214612;0.4834145056398856;0.5226061041484228;0.3967928444716352;0.47103535792751355;0.44534091437224355;0.5179196301580709;0.47970857719015797;0.50270513571137;0.5067544176191425;0.25088831368722786;0.5103382293843186;0.426608229675004;0.426608229675004;0.5505353710831618;0.5558368397260307;0.5558368397260307;0.5070355170513335;0.5070355170513335;0.5229252725496695;0.5191199305473773;0.5437684700097642;0.5358503695068109;0.5453733440801705;0.532579146045694;0.5496260175988735;0.5190750040609428;0.5190750040609428;0.5474807316376311;0.5564860186281158;0.5952546345146026;0.5826691135461008;0.5446540526861244;0.5788152950337423;0.5431336039639396;0.5292196577579009;0.5368134411913185;0.5062581133675539;0.5742668075450523;0.3587969139986962;0.5189832704821998;0.5350689875357129;0.5135448624799247;0.5267191840097889;0.5905616740082329;0.5784650545388562;0.5639570140332897;0.5515012703775687;0.5320600689748156;0.5502748047426596;0.5338308307239363;0.5311833735553775;0.4274868357512943;0.5377314709671452;0.5377314709671452;0.5775194307054553;0.5827426012145359;0.558155612305492;0.5062581133675539
cinnamon;0.5267024993937521;0.5206708331861709;0.5331405265382733;0.5090103056711678;0.5165822734870432;0.5132615733571281;0.5224159794169613;0.5141837878096015;0.4725472413431369;0.4838278424760574;0.5008503810309511;0.4983373073782938;0.5070150265124832;0.48758444383739735;0.5056649636564545;0.48407101502391375;0.3866307446849123;0.4691024841487998;0.4691024841487998;0.42510440302487706;0.14742994946257237;0.0;0.2559758732633489;0.5336611594142936;0.5044487876760829;0.5306857155529541;0.4296287944566667;0.5115329855799993;0.4913115215947414;0.5018021495891912;0.4448317313735451;0.4855089071423883;0.4853302407445855;0.2538566201779766;0.48099497591066115;0.4544331789188287;0.4544331789188287;0.5694848798713942;0.5666271214707397;0.5666271214707397;0.5423013789654406;0.5423013789654406;0.5364175691344154;0.5236655703318498;0.5366680612420284;0.5375579986632596;0.5460657763609048;0.5378581230621122;0.5136801449443483;0.5023148036650198;0.5023148036650198;0.5547915042965709;0.5690218387071153;0.5939831974155695;0.5988109097854163;0.5441522774573563;0.5811563906859906;0.5495032752906844;0.5246099367064848;0.5127087533338847;0.5184085425755804;0.5859594028258681;0.36296417482129806;0.512858674865522;0.5544839035004347;0.5454156264812371;0.5515880417546811;0.595289798819864;0.5873966514309917;0.5625143925232121;0.5600024979203405;0.5617561270530252;0.5650014216503884;0.5443731118140462;0.5280276563963322;0.4567159004912178;0.5415187795707475;0.5415187795707475;0.5812880664960214;0.5800048808486217;0.5561107335821436;0.5184085425755804
tea;0.4633488331283695;0.45974221498480144;0.4630424131861274;0.46345073191784425;0.5171559842017912;0.506724782715625;0.49970753020444886;0.5440567268999068;0.4510238964451834;0.4713241384745631;0.5135614422048763;0.411503112894921;0.44137512324360784;0.4052354081555173;0.43171912422941944;0.41136510021018713;0.40436582453375225;0.4885858392919427;0.4885858392919427;0.5172021790120965;0.20890483621823713;0.2559758732633489;0.0;0.45085580380431217;0.4847396232654805;0.5518386397899262;0.2726340380174919;0.4200618231466128;0.37380913756341194;0.5268808601695233;0.4975999333498127;0.4978575795851855;0.5213907786702394;0.2686893076738591;0.510586937735661;0.3931215646499354;0.3931215646499354;0.5422316031920266;0.5682866088355009;0.5682866088355009;0.4832016038491284;0.4832016038491284;0.414194231197958;0.45570155288298714;0.4536380077094533;0.4282665965686812;0.4203188093257516;0.46027198101108713;0.46695302864204785;0.5576657304654928;0.5576657304654928;0.4855653008963283;0.5772800367054856;0.5921112781568014;0.5775790014537646;0.5238710877458528;0.6312737844664763;0.5229232927803659;0.5282543122431054;0.5605935988429426;0.456909994053207;0.5767075484176439;0.3566003570212074;0.5302970169549085;0.565809368760933;0.5539318360474831;0.5422872219055689;0.6151337104164176;0.6102285859014743;0.609740321686937;0.6014212780892454;0.5403918157850321;0.53431988109223;0.5322468660865819;0.5646069829954575;0.3098808352514252;0.5942946912035167;0.5942946912035167;0.6283958665706793;0.6453572034433203;0.6236036353237918;0.456909994053207
oak;0.5418668712654414;0.5327389610546605;0.523214472760418;0.5465314191166909;0.5574321609080096;0.5467734780370525;0.5582131732018911;0.5752179835480333;0.5653622307225254;0.5521046318210031;0.5352748375934382;0.4813611959580158;0.4664914617624551;0.43275502257498377;0.459078609864341;0.45207250463073706;0.5137948228780198;0.5122738805865595;0.5122738805865595;0.4045458445643513;0.5128673620214612;0.5336611594142936;0.45085580380431217;0.0;0.27160701341036037;0.4466142102739329;0.5330320942691741;0.3355173484694232;0.3955454122359974;0.5191838588778065;0.5274417446348564;0.48578225327492003;0.49280955235602797;0.5108545512060951;0.5151584921622123;0.5058885080846739;0.5058885080846739;0.3679410480412626;0.45392523030209103;0.45392523030209103;0.2740190932395491;0.2740190932395491;0.4209385152418608;0.5114810973104945;0.4676897744530937;0.41291446967903833;0.431101110078307;0.48673609030218407;0.3458661259633856;0.5245770784326774;0.5245770784326774;0.518705582507571;0.2814495908636222;0.33529472994587806;0.38250027599975667;0.4362926048668234;0.5355460599274439;0.5087647394327278;0.45160217288858984;0.5613865340675471;0.20186707741252385;0.2662866988205524;0.33748874467582646;0.4639816332110071;0.40314633528510785;0.34253996314480617;0.32238933101563666;0.6134216828920217;0.4840223832863365;0.5965700453744684;0.49228970173456943;0.38565301590267;0.32301505662999674;0.299684399624095;0.4943989473975225;0.46141722649510525;0.6320129756916993;0.6320129756916993;0.6103275200049276;0.5883224101122146;0.6158473883440483;0.20186707741252385
cedar;0.54356854337078;0.5281171865436554;0.5078932055606976;0.5495706968124953;0.5594280610884727;0.5495355394983202;0.5472532564717518;0.5763187062825942;0.5833516459943429;0.5788200442761;0.5526004032262719;0.4968078055951053;0.4629599771399649;0.45609537807946543;0.4250434906046376;0.41328667934574664;0.5545306944224668;0.541316492285991;0.541316492285991;0.5356125361490868;0.4834145056398856;0.5044487876760829;0.4847396232654805;0.27160701341036037;1.1102230246251565e-16;0.35593839617162;0.4805921072206411;0.31327292826745995;0.38721577642664823;0.5290645382036714;0.5459615111272349;0.5361809326104546;0.5517969252614714;0.5354841203579973;0.5244228851349999;0.5083255255861833;0.5083255255861833;0.4555740181364111;0.5262102308857949;0.5262102308857949;0.31480237067443495;0.31480237067443495;0.5030350039963578;0.5320133141452672;0.5426022226048005;0.49431103729553133;0.5238996971811458;0.548681868842948;0.42987560976796413;0.5566223141062375;0.5566223141062375;0.573833084046456;0.4552534108805421;0.46911229035927;0.49277389801007554;0.5292196584978974;0.4822722367635691;0.5348404085111857;0.534057388874996;0.5414222159368101;0.2365240327229869;0.3922851177092801;0.2611740900295565;0.5337530427378399;0.5195041033993532;0.47491331479480575;0.41253092689094617;0.6360953405753692;0.507164578383547;0.5771004510274338;0.563938064601296;0.4744432595509884;0.45382110844321266;0.42969613454476363;0.5385865888260134;0.4945957656893735;0.5756197706436043;0.5756197706436043;0.5995899628557413;0.5543711245223748;0.5781435294964192;0.2365240327229869
mothball;0.5613762755895975;0.5485548926891702;0.5448710952902283;0.56039845306868;0.5565530851147719;0.5336899279510317;0.5540903838938074;0.5602276779276406;0.5749019113474646;0.579152058817693;0.5404433316365064;0.5274301365815789;0.5138287694035053;0.49592937425680356;0.5315416073832843;0.5212442304377898;0.5485690083837462;0.5291594412701544;0.5291594412701544;0.4868606571946979;0.5226061041484228;0.5306857155529541;0.5518386397899262;0.4466142102739329;0.35593839617162;0.0;0.47888254049338436;0.28462475820773636;0.3846511726699707;0.5344779419258345;0.5331330334912731;0.5418618277283609;0.5521308486241127;0.5572833462716622;0.5236301169026586;0.502167465294428;0.502167465294428;0.3229965577226386;0.38383630934917;0.38383630934917;0.35505148539478537;0.35505148539478537;0.5260220094028338;0.5544813905507554;0.5670625320693586;0.5259944701589532;0.5431491900845951;0.5544245916201953;0.5001814469376199;0.5591920737517118;0.5591920737517118;0.5114221823799836;0.3405619320203783;0.47132268715545106;0.5012166803081723;0.5339011983453268;0.3650731682110993;0.5360715054530176;0.5443836245140334;0.5290570583078441;0.43164183484332136;0.49074414289546436;0.4424465024985579;0.5391416852910579;0.33504808373356365;0.3111785653723402;0.28048940038230075;0.5624313391987463;0.3680933629735422;0.4743752303851461;0.4154036621239906;0.3381445581041749;0.3964328578435971;0.33960538734945184;0.5437048532492627;0.5025855475786144;0.5452857228975172;0.5452857228975172;0.527410845968948;0.4402909561658099;0.4227942613901885;0.43164183484332136
peppermint;0.49781296826599225;0.4932939746464065;0.5047989118503605;0.5106420022157753;0.4978190556059277;0.49805847558536187;0.50472271631332;0.5599799214769272;0.4773775955909238;0.5032422197153716;0.4892971332107189;0.5158498985798947;0.5115816716951528;0.463414084289341;0.5099633869743063;0.47614523461701785;0.46713166957366953;0.4874755764974638;0.4874755764974638;0.5086954947387058;0.3967928444716352;0.4296287944566667;0.2726340380174919;0.5330320942691741;0.4805921072206411;0.47888254049338436;3.3306690738754696e-16;0.30268892004657744;0.24479171568495778;0.5237254591181918;0.477588015516968;0.5212271153606902;0.5254881908877675;0.47537156139594633;0.5126983654394871;0.3711452047186842;0.3711452047186842;0.49250660119313755;0.5293775146264162;0.5293775146264162;0.40508224120057074;0.40508224120057074;0.49024748472508567;0.5120118318401629;0.5462590547130916;0.5082392712030096;0.5112429804994323;0.5328906084060527;0.5520839161033979;0.537418431872041;0.537418431872041;0.5218306164766553;0.5411766483401358;0.6158010981137998;0.5981711318848608;0.5608306126858408;0.606831415784636;0.5418330591779239;0.5455210235534117;0.5735618626901511;0.4799383392205979;0.6174335228730068;0.42610711856239736;0.5424958329813976;0.5194501806295603;0.5215088457217496;0.4590815747167996;0.6113490248497451;0.5437701149352501;0.5806162278604746;0.539725467339796;0.4985852847001612;0.4942930370638546;0.4746463248774405;0.5471318834804524;0.2614028667574053;0.5604643469654552;0.5604643469654552;0.6080336747300014;0.6049309054334198;0.5743771551621439;0.4799383392205979
camphor;0.5343874199139063;0.5094416077813527;0.5257092072089482;0.5504568491856369;0.5594914304576372;0.5452780069488482;0.5667094807819946;0.5829237005967217;0.5506903062630075;0.5796579426558885;0.5470867097566043;0.5315457217863302;0.5191112161742311;0.4660152081959903;0.5080507918687277;0.4915428850422032;0.5110426454817614;0.5472763784733045;0.5472763784733045;0.52609049359399;0.47103535792751355;0.5115329855799993;0.4200618231466128;0.3355173484694232;0.31327292826745995;0.28462475820773636;0.30268892004657744;2.220446049250313e-16;0.05043368580044616;0.5397565736542085;0.5321338371361313;0.5459718020827641;0.5593258543652472;0.5216477116429747;0.5282050883561336;0.43987549202507914;0.43987549202507914;0.2715024691257514;0.38676948935359445;0.38676948935359445;0.1498216676594562;0.1498216676594562;0.4653556367435868;0.5324887422052867;0.5615932962816118;0.4955064136331073;0.5151857941397961;0.5461201794026493;0.5131436000619235;0.5737178091421399;0.5737178091421399;0.47226561308521914;0.3733308660213678;0.5335144321089575;0.49496005034016605;0.5492136037564082;0.5497761469857468;0.53158100749543;0.558436108906987;0.5770669314450794;0.38484825208325457;0.5127965882588511;0.3359060037666024;0.5511157698667988;0.3642087905691707;0.3341333230134608;0.18703329325083506;0.611642032142242;0.36851286546668827;0.5522809982794746;0.44669759915182317;0.3106652089511921;0.3045001233976093;0.254600463807648;0.5608411636528101;0.42023566759053543;0.564958397900568;0.564958397900568;0.602877705742543;0.5715640773728167;0.5655346235430404;0.38484825208325457
eucalyptus;0.4942230732117522;0.4730124112331337;0.49111842809998896;0.5106819007611277;0.5295943278586966;0.5268965239728555;0.5468115116551283;0.5697311045938086;0.5084165566741012;0.549844545194359;0.5270828371828614;0.5192745954161964;0.5077285792054058;0.4504308370263446;0.49581799897922346;0.4819359591203346;0.4781760796288178;0.5193742603115012;0.5193742603115012;0.5183499650780891;0.44534091437224355;0.4913115215947414;0.37380913756341194;0.3955454122359974;0.38721577642664823;0.3846511726699707;0.24479171568495778;0.05043368580044616;0.0;0.534075426233125;0.5191685461547532;0.5382521822850949;0.5474796490951641;0.4958175559028297;0.5221513989234877;0.38782080747674363;0.38782080747674363;0.3496084974573589;0.43457693195581504;0.43457693195581504;0.18061129927563335;0.18061129927563335;0.45385075211880965;0.516223109192445;0.5468415732744967;0.49159958126462705;0.5060750021588506;0.5387586030085659;0.5357857751744561;0.5559685505980061;0.5559685505980061;0.4496518380555786;0.44402714011604905;0.5736789742305528;0.5092132280367846;0.5530646307239447;0.5888736723029396;0.5420460052556257;0.5446686177032195;0.5741671098283778;0.4287736060106517;0.5651104122471802;0.37842821412612637;0.5432216739624077;0.41017665635435224;0.39854190993898236;0.27447923799894725;0.6006336099613425;0.41783419615471773;0.5696325918258397;0.47826195579961095;0.3502955011755937;0.34241003801643455;0.3081873875632418;0.5483015173396152;0.3837795606234556;0.5489615335866747;0.5489615335866747;0.6010654188499187;0.5909192289086377;0.5768870752458454;0.4287736060106517
chocolate;0.535328663158791;0.5292669200184316;0.5297285109192487;0.5287659307181595;0.5113217582960229;0.5213955039276633;0.5162776533766003;0.5212896938701568;0.4957608123806685;0.5129102358212841;0.47727877438047966;0.5204806058869739;0.5293870410784249;0.507847103462087;0.5177932895257493;0.5119414138696038;0.35522072241823943;0.5128067287861978;0.5128067287861978;0.45732788741192515;0.5179196301580709;0.5018021495891912;0.5268808601695233;0.5191838588778065;0.5290645382036714;0.5344779419258345;0.5237254591181918;0.5397565736542085;0.534075426233125;2.7755575615628914e-16;0.05091364107372759;0.3827405549647225;0.24534772481820982;0.45043284704623276;0.457584458353675;0.5112726747912164;0.5112726747912164;0.547286077183416;0.5392487575304646;0.5392487575304646;0.544868639446277;0.544868639446277;0.5489211406259352;0.4744045935656121;0.5099218980469202;0.5328489167496631;0.5358458525974843;0.5234934958463424;0.5211980775783568;0.35753319551028645;0.35753319551028645;0.5184179775020078;0.5298234311892817;0.47621337659546725;0.5216655598917802;0.5112605880337492;0.5148116543828649;0.5133747835875266;0.4491410671543138;0.48996130039188907;0.5311469860763168;0.46552404409864495;0.5293639351544215;0.45029969721382296;0.528083998494656;0.5333217517603487;0.5481726539580035;0.536723447537739;0.5442717369259269;0.5296506912099206;0.5408939340599581;0.5414397662565356;0.54132004819346;0.5458036008543556;0.4689396843893814;0.4992403754647639;0.5258109610622415;0.5258109610622415;0.5319679496475606;0.5235929874039332;0.5186763525854519;0.5311469860763168
vanilla;0.5221929352014308;0.5264230995047839;0.5328838250019481;0.5159227779378183;0.48453855722506456;0.4782998528623938;0.4718142311084307;0.5405572505428606;0.47272657958312575;0.4550705267022671;0.4421924293754247;0.5048690763410383;0.5018154347114545;0.46383217409136523;0.49257609404912844;0.46513353961464965;0.2753579027670809;0.404208893700153;0.404208893700153;0.338939572797832;0.47970857719015797;0.4448317313735451;0.4975999333498127;0.5274417446348564;0.5459615111272349;0.5331330334912731;0.477588015516968;0.5321338371361313;0.5191685461547532;0.05091364107372759;5.551115123125783e-17;0.3645631171423046;0.22373672771391195;0.4268770769804443;0.35276550447767185;0.46693916312383127;0.46693916312383127;0.5538246502074757;0.563806083000289;0.563806083000289;0.5530933138287897;0.5530933138287897;0.5557753147225767;0.49718600683866476;0.5399285812145431;0.5597401894158562;0.5447239856635213;0.5423210987850489;0.5065176685048502;0.3604165962795865;0.3604165962795865;0.519362514618744;0.5486661121543215;0.5398211679821465;0.5851917775187994;0.5486722522614176;0.5710580112271474;0.5408612607543332;0.5121455411153044;0.4998873585246888;0.5506651117412679;0.5248340462955405;0.4789740850748242;0.45743965221102595;0.5377759431241432;0.5389506273984774;0.5500918873426842;0.5941704713062148;0.5855065809867321;0.5568757956385016;0.5554877677042218;0.5642445977307513;0.5491170085750164;0.5456109247629418;0.5049520314510182;0.4903529567737108;0.5493776306582445;0.5493776306582445;0.5738775604470212;0.5759426289806022;0.559692514382948;0.5506651117412679
syrup;0.5388421144115111;0.5326610651696084;0.53086485834056;0.5264676571568491;0.5038737155858503;0.5126933222237762;0.5176559500555655;0.49162080079290227;0.5313259231996905;0.5311339378335741;0.48912835746925665;0.5273138548048679;0.5406565830813324;0.5397428677406391;0.54300280678284;0.5462773028324668;0.3342138480486204;0.5110136893584164;0.5110136893584164;0.42733971541328747;0.50270513571137;0.4855089071423883;0.4978575795851855;0.48578225327492003;0.5361809326104546;0.5418618277283609;0.5212271153606902;0.5459718020827641;0.5382521822850949;0.3827405549647225;0.3645631171423046;0.0;0.04925004771333341;0.4545069355430662;0.47614953437864516;0.4697146524543384;0.4697146524543384;0.5606870265816332;0.5560040788503234;0.5560040788503234;0.5549115329122271;0.5549115329122271;0.5498377071759218;0.17473739662547133;0.45224746328061294;0.5216330746727529;0.5114422622052501;0.5109814099494197;0.517191676631089;0.4514554194920469;0.4514554194920469;0.5361893709161537;0.5344535865143573;0.5159949124288854;0.5647276676722273;0.5340674676715691;0.5470500334553718;0.5349843776242372;0.49472808745681546;0.4463161520582791;0.4876114120352143;0.5160024896358298;0.5448153243047426;0.11449480992454553;0.483823210270358;0.5255823566934603;0.5580890758518687;0.567263253043282;0.5723141177403187;0.5521258363463841;0.5498299642959734;0.5571634249980377;0.54683384377721;0.5478959895094792;0.4965983889543706;0.47677856214191217;0.5244171908408011;0.5244171908408011;0.5616630142091642;0.563636236876169;0.5432264890948955;0.4876114120352143
caramel;0.544052037504283;0.5406479279741403;0.5416765477259015;0.5296361252438714;0.4939360763067195;0.5018341930987188;0.5009133541290611;0.5117942281228416;0.5152665771757623;0.5093287729132828;0.4733737128688986;0.5395633421898616;0.5501829966472555;0.5392544215207318;0.5443457015563438;0.5421219720494097;0.2916057659880278;0.4930255280041704;0.4930255280041704;0.4006829019143121;0.5067544176191425;0.4853302407445855;0.5213907786702394;0.49280955235602797;0.5517969252614714;0.5521308486241127;0.5254881908877675;0.5593258543652472;0.5474796490951641;0.24534772481820982;0.22373672771391195;0.04925004771333341;0.0;0.43979228343128624;0.4439022014477754;0.4685724796301307;0.4685724796301307;0.57694580601177;0.5718295636825425;0.5718295636825425;0.575172052990266;0.575172052990266;0.5710577823115717;0.2825616965106905;0.48947816768064323;0.5505206228418755;0.5382871693904443;0.5295042430366184;0.5198047651353627;0.383816889072741;0.383816889072741;0.5482978361603794;0.5524028881900365;0.5123399146545166;0.5634671144183665;0.5345541518164793;0.5492563260697927;0.5321560503262538;0.4560453616946917;0.46797765686488096;0.5122899383897402;0.5076268280608479;0.5437937834458851;0.13166202874135924;0.5048701144279999;0.5402371823049579;0.572912662174154;0.5713579331061062;0.5859533885024665;0.5508356209854417;0.5607339483149794;0.5756778556451086;0.5659725991568211;0.5664289526161493;0.4443458125189924;0.48197813537098;0.5382461177712855;0.5382461177712855;0.5662459899160369;0.5676610814281332;0.5512337084603098;0.5122899383897402
raisin;0.43394665157762485;0.47048198476389136;0.48590382941578186;0.4033881810382296;0.4623776289720754;0.4117741333919067;0.42363238685454374;0.5347733024500566;0.3494551145194986;0.3580339305559283;0.44697804031537003;0.5003055846353499;0.5176872528136534;0.5003978499506229;0.5337424807196698;0.4876579534611267;0.34919424709792635;0.38881892296458265;0.38881892296458265;0.48880021472517043;0.25088831368722786;0.2538566201779766;0.2686893076738591;0.5108545512060951;0.5354841203579973;0.5572833462716622;0.47537156139594633;0.5216477116429747;0.4958175559028297;0.45043284704623276;0.4268770769804443;0.4545069355430662;0.43979228343128624;7.771561172376096e-16;0.4984972899164412;0.4650588040575969;0.4650588040575969;0.5854672337839031;0.587408486119789;0.587408486119789;0.5592497565496306;0.5592497565496306;0.5571264684601589;0.5207939886779582;0.5370911098462686;0.5572738297222739;0.5497766838987234;0.5183721051111204;0.5245730582444345;0.49330555047165753;0.49330555047165753;0.4154862632557082;0.5933436987642489;0.5486541640676578;0.5699955555272804;0.5634204122361339;0.6147670222238107;0.5479384993724808;0.5446709246998734;0.5365302140716012;0.5535349795968109;0.5575321936023194;0.39789116428661236;0.44035182112899895;0.5750004532430678;0.5763663416814082;0.5743895347926722;0.5532028666321973;0.6101739345017718;0.5566333240746095;0.5842315275637191;0.5828422812347226;0.5826155375940283;0.574693983884074;0.5485104582332178;0.5057208336784919;0.5675229009112335;0.5675229009112335;0.5988476625320003;0.6063431328547637;0.5721747043475046;0.5535349795968109
coconut;0.5093159750558448;0.5149957461297611;0.5241827356882194;0.5163461060850577;0.47707839224397564;0.5082943204368491;0.496014742818472;0.5314046411032848;0.4930572394677062;0.44109302337655265;0.4617547252295686;0.5110436498083114;0.5219781529856661;0.5112863349261249;0.5109963744404098;0.49573075726633486;0.4580599142476869;0.47845859742573704;0.47845859742573704;0.40086733627548926;0.5103382293843186;0.48099497591066115;0.510586937735661;0.5151584921622123;0.5244228851349999;0.5236301169026586;0.5126983654394871;0.5282050883561336;0.5221513989234877;0.457584458353675;0.35276550447767185;0.47614953437864516;0.4439022014477754;0.4984972899164412;8.326672684688674e-16;0.5060255454537862;0.5060255454537862;0.5262841613614763;0.5424166042168452;0.5424166042168452;0.5354429147614734;0.5354429147614734;0.5286378265104227;0.5179622016911294;0.5261199986247893;0.5365571022243674;0.5201143528752212;0.5308543212515118;0.4458819847383932;0.4455840892927147;0.4455840892927147;0.5400036404726862;0.5155887945043736;0.518674362468947;0.5264415507784597;0.5250014103638392;0.5212370184974842;0.5305687178665492;0.5031069310231762;0.4996285298974069;0.5395832393432674;0.48821862397436067;0.48824885255928724;0.49850522854652013;0.5370633749502427;0.5322198052716712;0.5283563897331863;0.5646426028762963;0.5538044076526331;0.5433434726773035;0.5441285671185051;0.5461259333360279;0.5103441214851255;0.5304985113683318;0.5106289771841763;0.5176446730267442;0.5326977908873094;0.5326977908873094;0.5478471712625708;0.5353370708159012;0.5404768678731353;0.5395832393432674
anise;0.5156353529350306;0.5171126011503124;0.5159052600695563;0.5143213540098078;0.5143501015249381;0.5136966215339254;0.5134696194344175;0.5454642306316768;0.4992395565008704;0.5039863600667362;0.4942118238946334;0.5218006556774715;0.5086464818603483;0.4779758521380989;0.5300044646840297;0.4996485719565661;0.4599971821777164;0.48987729226820353;0.48987729226820353;0.4675113045028304;0.426608229675004;0.4544331789188287;0.3931215646499354;0.5058885080846739;0.5083255255861833;0.502167465294428;0.3711452047186842;0.43987549202507914;0.38782080747674363;0.5112726747912164;0.46693916312383127;0.4697146524543384;0.4685724796301307;0.4650588040575969;0.5060255454537862;4.440892098500626e-16;4.440892098500626e-16;0.5056568659458583;0.5245637492151359;0.5245637492151359;0.4794794775434118;0.4794794775434118;0.5158494241645577;0.5031526275903713;0.5285903733148798;0.5299145665272582;0.5178406793923414;0.5208949794169933;0.5217893570179963;0.5124495466368552;0.5124495466368552;0.4656007495377482;0.4824012059567381;0.5612580815304368;0.5844998602288812;0.5380817363157435;0.5446617263182431;0.5172244546140841;0.5302810772893292;0.5306846990621411;0.426276892429487;0.5569337043617221;0.43679594694099333;0.5005882760041236;0.4452157439933699;0.4797853774089996;0.4876668562985797;0.577007957450818;0.5577089975988098;0.5330627356795828;0.48410573088273656;0.5071964530089907;0.50789267716595;0.4816245156248215;0.5305892281027291;0.28019295191173316;0.5369166596338766;0.5369166596338766;0.5626930508179273;0.5404380398487799;0.5315415849560777;0.426276892429487
licorice;0.5156353529350306;0.5171126011503124;0.5159052600695563;0.5143213540098078;0.5143501015249381;0.5136966215339254;0.5134696194344175;0.5454642306316768;0.4992395565008704;0.5039863600667362;0.4942118238946334;0.5218006556774715;0.5086464818603483;0.4779758521380989;0.5300044646840297;0.4996485719565661;0.4599971821777164;0.48987729226820353;0.48987729226820353;0.4675113045028304;0.426608229675004;0.4544331789188287;0.3931215646499354;0.5058885080846739;0.5083255255861833;0.502167465294428;0.3711452047186842;0.43987549202507914;0.38782080747674363;0.5112726747912164;0.46693916312383127;0.4697146524543384;0.4685724796301307;0.4650588040575969;0.5060255454537862;4.440892098500626e-16;4.440892098500626e-16;0.5056568659458583;0.5245637492151359;0.5245637492151359;0.4794794775434118;0.4794794775434118;0.5158494241645577;0.5031526275903713;0.5285903733148798;0.5299145665272582;0.5178406793923414;0.5208949794169933;0.5217893570179963;0.5124495466368552;0.5124495466368552;0.4656007495377482;0.4824012059567381;0.5612580815304368;0.5844998602288812;0.5380817363157435;0.5446617263182431;0.5172244546140841;0.5302810772893292;0.5306846990621411;0.426276892429487;0.5569337043617221;0.43679594694099333;0.5005882760041236;0.4452157439933699;0.4797853774089996;0.4876668562985797;0.577007957450818;0.5577089975988098;0.5330627356795828;0.48410573088273656;0.5071964530089907;0.50789267716595;0.4816245156248215;0.5305892281027291;0.28019295191173316;0.5369166596338766;0.5369166596338766;0.5626930508179273;0.5404380398487799;0.5315415849560777;0.426276892429487
detergent;0.5557664423084478;0.5318545740165731;0.5338457869109221;0.5700820087631868;0.5722449895378996;0.5725347306163333;0.5960957562511351;0.5705691992237639;0.581061504147889;0.6158534540114937;0.49356230122735584;0.5473206906493846;0.5565341468572825;0.5351165023487635;0.5663983412872668;0.56047194324912;0.5939171307266832;0.5806397231540137;0.5806397231540137;0.5070349976410923;0.5505353710831618;0.5694848798713942;0.5422316031920266;0.3679410480412626;0.4555740181364111;0.3229965577226386;0.49250660119313755;0.2715024691257514;0.3496084974573589;0.547286077183416;0.5538246502074757;0.5606870265816332;0.57694580601177;0.5854672337839031;0.5262841613614763;0.5056568659458583;0.5056568659458583;1.1102230246251565e-16;0.09053951572366487;0.09053951572366487;0.16818191895071122;0.16818191895071122;0.4826462333898141;0.553304286826494;0.5613254569584536;0.5104132559412926;0.5265036349206524;0.5328853317649371;0.5128104778194011;0.5863933163001286;0.5863933163001286;0.4843389326191258;0.2657826088150664;0.5123255809970898;0.4555470159732518;0.548606206904139;0.5463385233373036;0.5181183674981097;0.5490824400795963;0.5963781789141257;0.4817820196289864;0.46783503140377564;0.4854747286702812;0.5532950078558094;0.25209440177602876;0.2003285435170835;0.09122019572631113;0.5597436529144737;0.2599386088275169;0.5297962465061504;0.2861870088922036;0.11699003441199002;0.11523440410059693;0.08072516227739779;0.5586619817246019;0.4857724795707919;0.5422202718928196;0.5422202718928196;0.5721649730429741;0.5597090642316653;0.5584644574056089;0.4817820196289864
gasoline;0.582289288823882;0.5604732252760259;0.5561808837237806;0.5844030742360742;0.5716998746652935;0.575849924955543;0.5965255294122525;0.5111602879370969;0.583404346191982;0.6172738831249045;0.49291483238041023;0.5836574716735197;0.5966341072623169;0.5908982576356284;0.6147719399228924;0.6248192357330441;0.6251740767234852;0.5966032962862275;0.5966032962862275;0.5365979791712845;0.5558368397260307;0.5666271214707397;0.5682866088355009;0.45392523030209103;0.5262102308857949;0.38383630934917;0.5293775146264162;0.38676948935359445;0.43457693195581504;0.5392487575304646;0.563806083000289;0.5560040788503234;0.5718295636825425;0.587408486119789;0.5424166042168452;0.5245637492151359;0.5245637492151359;0.09053951572366487;1.1102230246251565e-16;1.1102230246251565e-16;0.2620514321136955;0.2620514321136955;0.5102706159569717;0.5240660193474516;0.5246689434361593;0.4959570422224071;0.5167482841027317;0.49090876505486625;0.5208328281785234;0.5777179060277473;0.5777179060277473;0.48191947495732373;0.348583827425432;0.49961813774587643;0.4547854557632146;0.5378577183596461;0.49909726335589244;0.5056865824121423;0.5264045670627655;0.5716436349059626;0.53929903890335;0.48509712185226317;0.5853668473340204;0.5451705060879716;0.2590697873761907;0.2508163895757876;0.2239325447592781;0.47259703932610625;0.29508756190443575;0.5219730470030778;0.2672623970787809;0.09006637864426881;0.1402554616314038;0.12581171973707872;0.5488113685693773;0.4811996163577019;0.4242820126470899;0.4242820126470899;0.518797768905901;0.5311007287464377;0.5314217319097364;0.53929903890335
solvent;0.582289288823882;0.5604732252760259;0.5561808837237806;0.5844030742360742;0.5716998746652935;0.575849924955543;0.5965255294122525;0.5111602879370969;0.583404346191982;0.6172738831249045;0.49291483238041023;0.5836574716735197;0.5966341072623169;0.5908982576356284;0.6147719399228924;0.6248192357330441;0.6251740767234852;0.5966032962862275;0.5966032962862275;0.5365979791712845;0.5558368397260307;0.5666271214707397;0.5682866088355009;0.45392523030209103;0.5262102308857949;0.38383630934917;0.5293775146264162;0.38676948935359445;0.43457693195581504;0.5392487575304646;0.563806083000289;0.5560040788503234;0.5718295636825425;0.587408486119789;0.5424166042168452;0.5245637492151359;0.5245637492151359;0.09053951572366487;1.1102230246251565e-16;1.1102230246251565e-16;0.2620514321136955;0.2620514321136955;0.5102706159569717;0.5240660193474516;0.5246689434361593;0.4959570422224071;0.5167482841027317;0.49090876505486625;0.5208328281785234;0.5777179060277473;0.5777179060277473;0.48191947495732373;0.348583827425432;0.49961813774587643;0.4547854557632146;0.5378577183596461;0.49909726335589244;0.5056865824121423;0.5264045670627655;0.5716436349059626;0.53929903890335;0.48509712185226317;0.5853668473340204;0.5451705060879716;0.2590697873761907;0.2508163895757876;0.2239325447592781;0.47259703932610625;0.29508756190443575;0.5219730470030778;0.2672623970787809;0.09006637864426881;0.1402554616314038;0.12581171973707872;0.5488113685693773;0.4811996163577019;0.4242820126470899;0.4242820126470899;0.518797768905901;0.5311007287464377;0.5314217319097364;0.53929903890335
turpentine;0.5119366920280816;0.48374904511043393;0.4854817117321851;0.5432286265325031;0.5676071618145648;0.572020783095713;0.586091824577778;0.5930636540919613;0.5697444016640879;0.6029060803020437;0.5068916479980409;0.5291296479736136;0.5211850334838334;0.48397311067720905;0.507942755643449;0.4899014824788753;0.556033714789031;0.5683208348329417;0.5683208348329417;0.5266439010294816;0.5070355170513335;0.5423013789654406;0.4832016038491284;0.2740190932395491;0.31480237067443495;0.35505148539478537;0.40508224120057074;0.1498216676594562;0.18061129927563335;0.544868639446277;0.5530933138287897;0.5549115329122271;0.575172052990266;0.5592497565496306;0.5354429147614734;0.4794794775434118;0.4794794775434118;0.16818191895071122;0.2620514321136955;0.2620514321136955;2.220446049250313e-16;2.220446049250313e-16;0.433387498131083;0.5188785038379716;0.5280315268283531;0.4701345368334265;0.48733698531143693;0.5196219532679505;0.49912177562855087;0.5760016570929472;0.5760016570929472;0.4917760885636043;0.36609956061305127;0.49627835936235637;0.458532723958253;0.5302221459354001;0.5645157521241996;0.5252488121960832;0.5512059491266867;0.5910996775658715;0.37527354944065766;0.47197576712582123;0.35978965665513013;0.5560407674810396;0.36113626470592247;0.3275779458853988;0.16036191317945814;0.6025637978782411;0.3494007880016325;0.5753238838757764;0.42809392357879716;0.20772845937089496;0.146990904866457;0.12037525335564536;0.5556453589694678;0.45283081678758497;0.5735383180740475;0.5735383180740475;0.6207946498074903;0.5955388745716891;0.5896913091260465;0.37527354944065766
pine;0.5119366920280816;0.48374904511043393;0.4854817117321851;0.5432286265325031;0.5676071618145648;0.572020783095713;0.586091824577778;0.5930636540919613;0.5697444016640879;0.6029060803020437;0.5068916479980409;0.5291296479736136;0.5211850334838334;0.48397311067720905;0.507942755643449;0.4899014824788753;0.556033714789031;0.5683208348329417;0.5683208348329417;0.5266439010294816;0.5070355170513335;0.5423013789654406;0.4832016038491284;0.2740190932395491;0.31480237067443495;0.35505148539478537;0.40508224120057074;0.1498216676594562;0.18061129927563335;0.544868639446277;0.5530933138287897;0.5549115329122271;0.575172052990266;0.5592497565496306;0.5354429147614734;0.4794794775434118;0.4794794775434118;0.16818191895071122;0.2620514321136955;0.2620514321136955;2.220446049250313e-16;2.220446049250313e-16;0.433387498131083;0.5188785038379716;0.5280315268283531;0.4701345368334265;0.48733698531143693;0.5196219532679505;0.49912177562855087;0.5760016570929472;0.5760016570929472;0.4917760885636043;0.36609956061305127;0.49627835936235637;0.458532723958253;0.5302221459354001;0.5645157521241996;0.5252488121960832;0.5512059491266867;0.5910996775658715;0.37527354944065766;0.47197576712582123;0.35978965665513013;0.5560407674810396;0.36113626470592247;0.3275779458853988;0.16036191317945814;0.6025637978782411;0.3494007880016325;0.5753238838757764;0.42809392357879716;0.20772845937089496;0.146990904866457;0.12037525335564536;0.5556453589694678;0.45283081678758497;0.5735383180740475;0.5735383180740475;0.6207946498074903;0.5955388745716891;0.5896913091260465;0.37527354944065766
geranium;0.41722358393056325;0.4134546414001078;0.39156425698645003;0.44069771214583975;0.523527546857921;0.5424274281727468;0.5116312840917338;0.5135499833645714;0.5049218615334362;0.47543171761468167;0.5268763162864158;0.25735036959678126;0.26264625418413545;0.28558749972258407;0.363746694595694;0.3592596325186367;0.44296821298154265;0.5110296143701928;0.5110296143701928;0.5231857254618238;0.5229252725496695;0.5364175691344154;0.414194231197958;0.4209385152418608;0.5030350039963578;0.5260220094028338;0.49024748472508567;0.4653556367435868;0.45385075211880965;0.5489211406259352;0.5557753147225767;0.5498377071759218;0.5710577823115717;0.5571264684601589;0.5286378265104227;0.5158494241645577;0.5158494241645577;0.4826462333898141;0.5102706159569717;0.5102706159569717;0.433387498131083;0.433387498131083;4.440892098500626e-16;0.4162616668114679;0.2786402973128885;0.165880268448662;0.15514269462333097;0.3627468342592716;0.3426298720599534;0.5763473581079697;0.5763473581079697;0.4328908251623475;0.5176089164823093;0.5103110978127967;0.5134411482676516;0.35411096734815584;0.5534387670442041;0.3741117848858641;0.5580544206384034;0.539810363121216;0.4317406937570778;0.5088370284610099;0.42094546832776525;0.5581019840056111;0.544588064303327;0.5112607931370572;0.49926556611287054;0.5446072176455926;0.516166278917872;0.5241257903438654;0.512823844755723;0.4654296469269754;0.46240768705989654;0.47244522022086216;0.5643809381800805;0.46663417168515475;0.5466379283702335;0.5466379283702335;0.5334994430128185;0.5374344245857083;0.5822179991601164;0.4317406937570778
celery;0.5308596606056118;0.5203949410738714;0.5019313851877578;0.5294679871042536;0.5300812241563742;0.5420687259942183;0.5457480077823605;0.39978993474978647;0.5431911716330393;0.5468395163670287;0.5262893683826053;0.5298768518496205;0.5416852156519889;0.542051577864258;0.5430899877327781;0.5593092250414583;0.45789770550173803;0.5615239257081064;0.5615239257081064;0.5039766840392531;0.5191199305473773;0.5236655703318498;0.45570155288298714;0.5114810973104945;0.5320133141452672;0.5544813905507554;0.5120118318401629;0.5324887422052867;0.516223109192445;0.4744045935656121;0.49718600683866476;0.17473739662547133;0.2825616965106905;0.5207939886779582;0.5179622016911294;0.5031526275903713;0.5031526275903713;0.553304286826494;0.5240660193474516;0.5240660193474516;0.5188785038379716;0.5188785038379716;0.4162616668114679;6.106226635438361e-16;0.22415108158406438;0.31316528996857723;0.33378433844325456;0.36318814979571645;0.3856964040173345;0.4537725956124484;0.4537725956124484;0.5353182622271123;0.5136923176410612;0.4425661942397413;0.4837758615288234;0.3578372201311155;0.5372506561565746;0.45719011088122996;0.5033073500540788;0.41257066994014874;0.4357409001902011;0.4817642098327037;0.5579854568730206;0.3425509610769718;0.4994345413172262;0.5292790726919762;0.5596778964999154;0.5390923974688203;0.5654880800800461;0.5628228714774027;0.5351003611789554;0.5193114362779574;0.5104107398960284;0.5318096755791375;0.5130241627234274;0.4618335723904806;0.4649510439096701;0.4649510439096701;0.5347998296792781;0.537836001063231;0.5547366601271138;0.4357409001902011
vegetable;0.5063156883333909;0.5018611113911317;0.46582915693306987;0.510918070585765;0.5172500830801894;0.5430634797758875;0.5416680089909358;0.42897207364250145;0.4844597502497421;0.5219999644532011;0.5253254127413951;0.5002982051975643;0.5068832261159706;0.5220454855292688;0.5398644983885552;0.5539930985992545;0.5528869187866144;0.5603709926769125;0.5603709926769125;0.5123789487587418;0.5437684700097642;0.5366680612420284;0.4536380077094533;0.4676897744530937;0.5426022226048005;0.5670625320693586;0.5462590547130916;0.5615932962816118;0.5468415732744967;0.5099218980469202;0.5399285812145431;0.45224746328061294;0.48947816768064323;0.5370911098462686;0.5261199986247893;0.5285903733148798;0.5285903733148798;0.5613254569584536;0.5246689434361593;0.5246689434361593;0.5280315268283531;0.5280315268283531;0.2786402973128885;0.22415108158406438;2.220446049250313e-16;0.0766837063495146;0.09380639760211151;0.2115336322384188;0.21940563206307778;0.5141215422902854;0.5141215422902854;0.535241848357008;0.5009193926020638;0.3491735835945927;0.37159631177795943;0.15010063702937965;0.5029127539465231;0.3487898358835296;0.49313148648641764;0.4672639852277182;0.35812806883210385;0.4414903087497628;0.550970131398992;0.49168201690211427;0.5233394123993583;0.5376160338076441;0.5862234166475396;0.5132860255765064;0.569777852081035;0.547844776656177;0.5384941968364713;0.4785116884815266;0.4860284667398485;0.5246225080982291;0.508113900741933;0.5044574468857378;0.47969448303384826;0.47969448303384826;0.49447275390352635;0.5198684358472733;0.5582295675948636;0.35812806883210385
weed;0.4989267034531233;0.48721587257826293;0.4468489601964508;0.5166715263151758;0.5457790624765861;0.566494653420729;0.5584311013136234;0.4435290427138281;0.5248463303328957;0.5362850439943057;0.5429140194128969;0.4604827059677473;0.46824954861487866;0.48864304732265373;0.5304987918959373;0.5437855437450463;0.5630201647085129;0.5731818805706472;0.5731818805706472;0.5137215944812615;0.5358503695068109;0.5375579986632596;0.4282665965686812;0.41291446967903833;0.49431103729553133;0.5259944701589532;0.5082392712030096;0.4955064136331073;0.49159958126462705;0.5328489167496631;0.5597401894158562;0.5216330746727529;0.5505206228418755;0.5572738297222739;0.5365571022243674;0.5299145665272582;0.5299145665272582;0.5104132559412926;0.4959570422224071;0.4959570422224071;0.4701345368334265;0.4701345368334265;0.165880268448662;0.31316528996857723;0.0766837063495146;0.0;0.045985314926452525;0.24762968011369368;0.19517138836777548;0.5492938086593242;0.5492938086593242;0.5237701345801444;0.483935224905128;0.3708777067779812;0.3868243764617131;0.15878325962139056;0.5045150522208456;0.3031037557069004;0.5172672287785426;0.4957792574280412;0.31775683924308273;0.4153812675768035;0.5132062353682494;0.5333492411675054;0.5072734373586427;0.5023300801744977;0.537873401755764;0.5278567491463406;0.5329896234350235;0.5486186314715621;0.4986665019749709;0.44490891439826363;0.460433866183444;0.4991998520737834;0.5336265948472873;0.47674999058924206;0.4879494882324669;0.4879494882324669;0.4975125995182673;0.523656425318377;0.5657010940250441;0.31775683924308273
grass;0.47818695221750296;0.473212092159651;0.43653803613271386;0.5023200112514515;0.5095456568226597;0.5517052618292242;0.5318312822184733;0.4776395104838423;0.4862663132479151;0.4925470832134966;0.5288336017039736;0.42975887353251435;0.43654062160140383;0.45454469091797833;0.4988976229936123;0.5076682913427188;0.5132761132300363;0.544084044061348;0.544084044061348;0.48801984513678676;0.5453733440801705;0.5460657763609048;0.4203188093257516;0.431101110078307;0.5238996971811458;0.5431491900845951;0.5112429804994323;0.5151857941397961;0.5060750021588506;0.5358458525974843;0.5447239856635213;0.5114422622052501;0.5382871693904443;0.5497766838987234;0.5201143528752212;0.5178406793923414;0.5178406793923414;0.5265036349206524;0.5167482841027317;0.5167482841027317;0.48733698531143693;0.48733698531143693;0.15514269462333097;0.33378433844325456;0.09380639760211151;0.045985314926452525;0.0;0.2123753385176408;0.19450623984471516;0.5594688151895137;0.5594688151895137;0.5033862810521766;0.5033196374344676;0.3718269479589619;0.43390335071322284;0.20801394752202224;0.5130063524820871;0.3379837390378906;0.5221392265879894;0.5086324567946974;0.36269938981891997;0.4432942623888704;0.5083101383785109;0.5251018123428749;0.5414193891990976;0.5375363318479232;0.5531533004003366;0.5423361158485718;0.5479096223843495;0.5462418663755052;0.5230186248511907;0.4656688613370724;0.4758123563795803;0.508708226523599;0.5351305396950968;0.485703463390595;0.5104848791379359;0.5104848791379359;0.4968632312090121;0.5317203631318912;0.5758918117146552;0.36269938981891997
cucumber;0.43530479614473494;0.42644173488136583;0.3734501619536011;0.437590245714152;0.5006729365101749;0.5372872302053535;0.5317881793994381;0.41626989025774985;0.468437900982874;0.49394655882085453;0.5273949435763454;0.5292045666118989;0.5272259865586519;0.529609311297732;0.5163841949690138;0.5274284206345028;0.5569322633178586;0.5520245046236896;0.5520245046236896;0.5309111173945561;0.532579146045694;0.5378581230621122;0.46027198101108713;0.48673609030218407;0.548681868842948;0.5544245916201953;0.5328906084060527;0.5461201794026493;0.5387586030085659;0.5234934958463424;0.5423210987850489;0.5109814099494197;0.5295042430366184;0.5183721051111204;0.5308543212515118;0.5208949794169933;0.5208949794169933;0.5328853317649371;0.49090876505486625;0.49090876505486625;0.5196219532679505;0.5196219532679505;0.3627468342592716;0.36318814979571645;0.2115336322384188;0.24762968011369368;0.2123753385176408;0.0;0.35248940114946103;0.5141418795712878;0.5141418795712878;0.5254632910695756;0.5360026191873597;0.4210787348111736;0.43631169825463983;0.2807885931871804;0.5070635842738317;0.37689404916817826;0.48813234419751145;0.4457432882982582;0.4444398659781231;0.4763143739016585;0.5528411535568823;0.5075326134832658;0.5334971910712714;0.5339930800646802;0.5659723732416915;0.4857685843467388;0.5392102640559426;0.5366600410620703;0.5413330880736412;0.49159398309084557;0.4864643514397601;0.5150881605830814;0.4905506369771027;0.5176684383818742;0.48671439428380064;0.48671439428380064;0.4874681070642271;0.510199081553187;0.5426844556837069;0.4444398659781231
hay;0.5711653782100079;0.5603852124406694;0.5470430667156282;0.5817707487688282;0.5758542379097549;0.5672214405273196;0.5623629990766987;0.466868354868977;0.5730909612523889;0.5194075969692373;0.5515720902190903;0.5019158584609825;0.49751990173121147;0.5125867606044756;0.5221314872016168;0.5438989015997663;0.4866342131346587;0.5643826031694389;0.5643826031694389;0.41418212286740935;0.5496260175988735;0.5136801449443483;0.46695302864204785;0.3458661259633856;0.42987560976796413;0.5001814469376199;0.5520839161033979;0.5131436000619235;0.5357857751744561;0.5211980775783568;0.5065176685048502;0.517191676631089;0.5198047651353627;0.5245730582444345;0.4458819847383932;0.5217893570179963;0.5217893570179963;0.5128104778194011;0.5208328281785234;0.5208328281785234;0.49912177562855087;0.49912177562855087;0.3426298720599534;0.3856964040173345;0.21940563206307778;0.19517138836777548;0.19450623984471516;0.35248940114946103;0.0;0.5138646648503101;0.5138646648503101;0.5069488540598166;0.3893016401446489;0.2760629433591869;0.3500669207921704;0.21570637295619255;0.4377111895537462;0.3801482513390352;0.4322979082905192;0.4886189817780215;0.25884461110566204;0.3195661138395943;0.4785765442522188;0.5159674116874089;0.4866704707892935;0.47054819919751517;0.5006178894786352;0.568894617365216;0.5373698231508341;0.5118489101659394;0.5093049958344928;0.49354484311393354;0.4519106578781952;0.48311594991285567;0.47041985027003885;0.5095837816348081;0.5519347597002829;0.5519347597002829;0.4941981673046399;0.4812317940223373;0.5645440343187369;0.25884461110566204
bakery;0.5288255097151158;0.5210856804476419;0.5266106603822016;0.5189675670297939;0.5292086262074321;0.5376621120781857;0.5350031655601445;0.46548975478582433;0.5536381691971684;0.5320182252441239;0.5133160175726286;0.544895594318268;0.5602900203131012;0.5637763060387077;0.5584120318085338;0.5638700122064406;0.48899228505258363;0.5040184344113711;0.5040184344113711;0.38149062042360066;0.5190750040609428;0.5023148036650198;0.5576657304654928;0.5245770784326774;0.5566223141062375;0.5591920737517118;0.537418431872041;0.5737178091421399;0.5559685505980061;0.35753319551028645;0.3604165962795865;0.4514554194920469;0.383816889072741;0.49330555047165753;0.4455840892927147;0.5124495466368552;0.5124495466368552;0.5863933163001286;0.5777179060277473;0.5777179060277473;0.5760016570929472;0.5760016570929472;0.5763473581079697;0.4537725956124484;0.5141215422902854;0.5492938086593242;0.5594688151895137;0.5141418795712878;0.5138646648503101;0.0;0.0;0.5103913017426996;0.5266077729155431;0.48944293154752394;0.5292500148990454;0.49570176129808574;0.45304908961238677;0.49965268683551034;0.3951188335455083;0.33313328080260857;0.5461562801182314;0.4745066694240671;0.5797869459453816;0.37022095389466;0.5502386699515818;0.5362898768027702;0.5793584646961731;0.5227976483712171;0.5817640239246348;0.549163714552284;0.5490120756973476;0.588531834644366;0.5755910430703965;0.5743350448881522;0.20923788010191552;0.5158278998725371;0.50507651585922;0.50507651585922;0.500603360798425;0.45795432378370304;0.5278749179561755;0.5461562801182314
bread;0.5288255097151158;0.5210856804476419;0.5266106603822016;0.5189675670297939;0.5292086262074321;0.5376621120781857;0.5350031655601445;0.46548975478582433;0.5536381691971684;0.5320182252441239;0.5133160175726286;0.544895594318268;0.5602900203131012;0.5637763060387077;0.5584120318085338;0.5638700122064406;0.48899228505258363;0.5040184344113711;0.5040184344113711;0.38149062042360066;0.5190750040609428;0.5023148036650198;0.5576657304654928;0.5245770784326774;0.5566223141062375;0.5591920737517118;0.537418431872041;0.5737178091421399;0.5559685505980061;0.35753319551028645;0.3604165962795865;0.4514554194920469;0.383816889072741;0.49330555047165753;0.4455840892927147;0.5124495466368552;0.5124495466368552;0.5863933163001286;0.5777179060277473;0.5777179060277473;0.5760016570929472;0.5760016570929472;0.5763473581079697;0.4537725956124484;0.5141215422902854;0.5492938086593242;0.5594688151895137;0.5141418795712878;0.5138646648503101;0.0;0.0;0.5103913017426996;0.5266077729155431;0.48944293154752394;0.5292500148990454;0.49570176129808574;0.45304908961238677;0.49965268683551034;0.3951188335455083;0.33313328080260857;0.5461562801182314;0.4745066694240671;0.5797869459453816;0.37022095389466;0.5502386699515818;0.5362898768027702;0.5793584646961731;0.5227976483712171;0.5817640239246348;0.549163714552284;0.5490120756973476;0.588531834644366;0.5755910430703965;0.5743350448881522;0.20923788010191552;0.5158278998725371;0.50507651585922;0.50507651585922;0.500603360798425;0.45795432378370304;0.5278749179561755;0.5461562801182314
beer;0.49783332356821924;0.5317560267385294;0.5335868328315215;0.48945901740972303;0.44186328311629286;0.41258098050357767;0.34040001123361036;0.4590613568552323;0.36331965946307465;0.3812073781024927;0.4212888696671393;0.35123531980097616;0.36520304084542354;0.4030343436769282;0.4855331247526557;0.46534568786489705;0.37338437130147545;0.40636608610396163;0.40636608610396163;0.5404554512430022;0.5474807316376311;0.5547915042965709;0.4855653008963283;0.518705582507571;0.573833084046456;0.5114221823799836;0.5218306164766553;0.47226561308521914;0.4496518380555786;0.5184179775020078;0.519362514618744;0.5361893709161537;0.5482978361603794;0.4154862632557082;0.5400036404726862;0.4656007495377482;0.4656007495377482;0.4843389326191258;0.48191947495732373;0.48191947495732373;0.4917760885636043;0.4917760885636043;0.4328908251623475;0.5353182622271123;0.535241848357008;0.5237701345801444;0.5033862810521766;0.5254632910695756;0.5069488540598166;0.5103913017426996;0.5103913017426996;0.0;0.45287954472548725;0.5511033113023591;0.46755577801819814;0.5313571566679972;0.4826563329152534;0.4656056890972078;0.5146389049975816;0.488568200406527;0.5329454240546052;0.4918470115398545;0.50658909266452;0.508365588781525;0.4329158022849478;0.4313235188437955;0.4712045152347188;0.42939984312663537;0.45921806050109854;0.3954112810753342;0.49351846207423933;0.44503201460843067;0.48020259829028517;0.45009094023418394;0.5222188019442959;0.5337755886024741;0.5333119585764865;0.5333119585764865;0.47664003626938795;0.4402927979807865;0.4635361456783884;0.5329454240546052
leather;0.59928188815454;0.5817245343004231;0.575670580846242;0.5931374606122443;0.5803659866420882;0.5908866466877145;0.6085265059483898;0.519093535095898;0.6195613758802888;0.6098962336450547;0.5694883935875114;0.5660784849797186;0.5777460591096129;0.5524559725009446;0.5839544832043264;0.5995477130814156;0.6010972807295528;0.6170105002493942;0.6170105002493942;0.4834066482683811;0.5564860186281158;0.5690218387071153;0.5772800367054856;0.2814495908636222;0.4552534108805421;0.3405619320203783;0.5411766483401358;0.3733308660213678;0.44402714011604905;0.5298234311892817;0.5486661121543215;0.5344535865143573;0.5524028881900365;0.5933436987642489;0.5155887945043736;0.4824012059567381;0.4824012059567381;0.2657826088150664;0.348583827425432;0.348583827425432;0.36609956061305127;0.36609956061305127;0.5176089164823093;0.5136923176410612;0.5009193926020638;0.483935224905128;0.5033196374344676;0.5360026191873597;0.3893016401446489;0.5266077729155431;0.5266077729155431;0.45287954472548725;1.1102230246251565e-16;0.3239452969559523;0.2960995643938946;0.43247774163177033;0.4057292055924652;0.47762198766052016;0.4816031855070001;0.5129184464677609;0.339973768242695;0.24454396678674717;0.5121479211631857;0.528784535401505;0.1795944541094674;0.14014777452432098;0.17057744454390206;0.5176078058627526;0.41814972299643965;0.46273932944068574;0.23170467991218624;0.284521606374679;0.3155272860461705;0.2914510382909381;0.4999230067860994;0.4620888470781867;0.5604118013273244;0.5604118013273244;0.4769097744040342;0.4055406344052899;0.445289106848787;0.339973768242695
cardboard;0.6097005189331088;0.600742231548373;0.5753806089102909;0.6113041905520582;0.5930763346667632;0.5922946096901474;0.5973010388597013;0.49339475075519773;0.5971272756483247;0.590326806058073;0.5561610011516774;0.5807505642702022;0.5834490931904719;0.6216353703496604;0.6030696270746818;0.6278328868850629;0.6103993576985915;0.6072098900789494;0.6072098900789494;0.45061761812469686;0.5952546345146026;0.5939831974155695;0.5921112781568014;0.33529472994587806;0.46911229035927;0.47132268715545106;0.6158010981137998;0.5335144321089575;0.5736789742305528;0.47621337659546725;0.5398211679821465;0.5159949124288854;0.5123399146545166;0.5486541640676578;0.518674362468947;0.5612580815304368;0.5612580815304368;0.5123255809970898;0.49961813774587643;0.49961813774587643;0.49627835936235637;0.49627835936235637;0.5103110978127967;0.4425661942397413;0.3491735835945927;0.3708777067779812;0.3718269479589619;0.4210787348111736;0.2760629433591869;0.48944293154752394;0.48944293154752394;0.5511033113023591;0.3239452969559523;0.0;0.21409511525120067;0.30708207748989036;0.356327485522525;0.400161071331504;0.36616318462898034;0.46997304288167463;0.2948442579000633;0.20649691949614024;0.5847649284183788;0.4929675592467876;0.4324379821737535;0.4475765111878343;0.47853541784944104;0.49524027748027344;0.5192441279649573;0.519099911692659;0.418654216193;0.48982943070508667;0.44004074437426566;0.48837300853760257;0.43395644395961336;0.542945412678831;0.5484684219153385;0.5484684219153385;0.4476820404882752;0.4476956971594125;0.5077555407508118;0.2948442579000633
rope;0.5848617384654059;0.5750390729930058;0.5219063172407865;0.5847908886507917;0.5887419649196111;0.5871784918581353;0.6025646545814487;0.40093180912582205;0.6110961619605002;0.5997555553385712;0.5839245973573074;0.5917792756052186;0.6087168217190851;0.6290495734539887;0.6123057197169222;0.6503720604076351;0.6326787744835405;0.6313020915044272;0.6313020915044272;0.5092413268849059;0.5826691135461008;0.5988109097854163;0.5775790014537646;0.38250027599975667;0.49277389801007554;0.5012166803081723;0.5981711318848608;0.49496005034016605;0.5092132280367846;0.5216655598917802;0.5851917775187994;0.5647276676722273;0.5634671144183665;0.5699955555272804;0.5264415507784597;0.5844998602288812;0.5844998602288812;0.4555470159732518;0.4547854557632146;0.4547854557632146;0.458532723958253;0.458532723958253;0.5134411482676516;0.4837758615288234;0.37159631177795943;0.3868243764617131;0.43390335071322284;0.43631169825463983;0.3500669207921704;0.5292500148990454;0.5292500148990454;0.46755577801819814;0.2960995643938946;0.21409511525120067;0.0;0.338025005581731;0.33184706333905445;0.40163581802883136;0.3588830077280056;0.4018815185624045;0.3555510168967114;0.2378303864442437;0.6064044582580289;0.5045806289087719;0.3319158222448411;0.37986371613469444;0.44666505233426135;0.4106507459405643;0.44527532051746116;0.41743165941183885;0.3808706041807982;0.4259501779687609;0.42497177015228915;0.44677900198375275;0.4495900254096459;0.5461474441725631;0.48974334450762097;0.48974334450762097;0.3771598253041235;0.37063786436049584;0.430174865024021;0.3555510168967114
potato;0.5489001323125324;0.5420202618469024;0.5262341757161717;0.5424455711717402;0.5336778403592983;0.5509448262188277;0.5459802701561569;0.39315917160644115;0.5400843303623996;0.5349432277429206;0.5418749060989136;0.5332990640690357;0.5360030916775721;0.5436700825765813;0.5415740216130553;0.5603157705039772;0.5939428671875823;0.5730203343673783;0.5730203343673783;0.5073760939330161;0.5446540526861244;0.5441522774573563;0.5238710877458528;0.4362926048668234;0.5292196584978974;0.5339011983453268;0.5608306126858408;0.5492136037564082;0.5530646307239447;0.5112605880337492;0.5486722522614176;0.5340674676715691;0.5345541518164793;0.5634204122361339;0.5250014103638392;0.5380817363157435;0.5380817363157435;0.548606206904139;0.5378577183596461;0.5378577183596461;0.5302221459354001;0.5302221459354001;0.35411096734815584;0.3578372201311155;0.15010063702937965;0.15878325962139056;0.20801394752202224;0.2807885931871804;0.21570637295619255;0.49570176129808574;0.49570176129808574;0.5313571566679972;0.43247774163177033;0.30708207748989036;0.338025005581731;5.551115123125783e-16;0.44155237456130025;0.3125524473416893;0.43899354433151644;0.4557558446507975;0.3050534247684942;0.3633406986073442;0.545113648173126;0.5065828050666954;0.49355634252944547;0.48500309582953366;0.5322849353500411;0.5057916147203915;0.5142508190011824;0.52733425434814;0.5021262505859362;0.5204116007306909;0.4991627982549527;0.5266414691281398;0.4671464264971641;0.5113757081136555;0.5081461009120394;0.5081461009120394;0.43292142478275475;0.4485684188137587;0.5116447356863362;0.3050534247684942
mouse;0.6198522088874063;0.5961159265688598;0.5907965529494588;0.6056637270775156;0.5796149696453854;0.5845752447395706;0.5939546050542047;0.4072750388103266;0.6271073369832931;0.6193883038229954;0.570728554895169;0.5850780145746428;0.6011179092152668;0.6452995999269526;0.6373251691484991;0.6663500913354083;0.6312716066113296;0.6291690345440473;0.6291690345440473;0.521199973552567;0.5788152950337423;0.5811563906859906;0.6312737844664763;0.5355460599274439;0.4822722367635691;0.3650731682110993;0.606831415784636;0.5497761469857468;0.5888736723029396;0.5148116543828649;0.5710580112271474;0.5470500334553718;0.5492563260697927;0.6147670222238107;0.5212370184974842;0.5446617263182431;0.5446617263182431;0.5463385233373036;0.49909726335589244;0.49909726335589244;0.5645157521241996;0.5645157521241996;0.5534387670442041;0.5372506561565746;0.5029127539465231;0.5045150522208456;0.5130063524820871;0.5070635842738317;0.4377111895537462;0.45304908961238677;0.45304908961238677;0.4826563329152534;0.4057292055924652;0.356327485522525;0.33184706333905445;0.44155237456130025;0.0;0.46982152159410445;0.4062766658568017;0.41185216630299637;0.49110870292883224;0.382199542295518;0.6436708414104153;0.50393387639642;0.4068107260851475;0.43750289160012623;0.5227318883879031;0.3000788230349832;0.3701206107050186;0.29445447011459525;0.44373657586971416;0.5270536594472044;0.5442372765962622;0.5453766967139627;0.3597826480363705;0.5187044856132147;0.4498183423372686;0.4498183423372686;0.22720210269306662;0.1444641265950664;0.20053157338480998;0.49110870292883224
mushroom;0.5349426593233356;0.5246408749937543;0.4882096418130027;0.5357467185421111;0.5339968700568151;0.5458209762613827;0.5439604773729705;0.38429149431645915;0.5232666456514293;0.535319206681427;0.5384413216090655;0.537929138383583;0.5457337640155094;0.5493167884667287;0.5667733516994551;0.5818375021552517;0.5815357269588015;0.5724257304510801;0.5724257304510801;0.5271872911247407;0.5431336039639396;0.5495032752906844;0.5229232927803659;0.5087647394327278;0.5348404085111857;0.5360715054530176;0.5418330591779239;0.53158100749543;0.5420460052556257;0.5133747835875266;0.5408612607543332;0.5349843776242372;0.5321560503262538;0.5479384993724808;0.5305687178665492;0.5172244546140841;0.5172244546140841;0.5181183674981097;0.5056865824121423;0.5056865824121423;0.5252488121960832;0.5252488121960832;0.3741117848858641;0.45719011088122996;0.3487898358835296;0.3031037557069004;0.3379837390378906;0.37689404916817826;0.3801482513390352;0.49965268683551034;0.49965268683551034;0.4656056890972078;0.47762198766052016;0.400161071331504;0.40163581802883136;0.3125524473416893;0.46982152159410445;3.3306690738754696e-16;0.4857158704368054;0.4265667408738886;0.44573564640266583;0.45646089952460794;0.5522018539853338;0.5217406262039923;0.5139706724377348;0.5085390417203703;0.5280502339082251;0.4693857012962249;0.4900962688241241;0.49180019835014815;0.4508468069459487;0.46372208103998613;0.4894554379778103;0.4972962309347198;0.47862678636790085;0.5244265446963798;0.4873894772714444;0.4873894772714444;0.3942764649219911;0.4775172018055835;0.5062850698622978;0.44573564640266583
peanut;0.5496952086285332;0.5417848177323759;0.5430826748490248;0.5424646142906908;0.5394497943151337;0.5314959708878297;0.5441699027319414;0.4868357144414739;0.5501166488364024;0.5602126605369925;0.5238405049514242;0.5402516736484871;0.552390030779399;0.5767241440485092;0.5654766947811493;0.5863363182511971;0.557379967163171;0.5548786260288311;0.5548786260288311;0.3773769279162288;0.5292196577579009;0.5246099367064848;0.5282543122431054;0.45160217288858984;0.534057388874996;0.5443836245140334;0.5455210235534117;0.558436108906987;0.5446686177032195;0.4491410671543138;0.5121455411153044;0.49472808745681546;0.4560453616946917;0.5446709246998734;0.5031069310231762;0.5302810772893292;0.5302810772893292;0.5490824400795963;0.5264045670627655;0.5264045670627655;0.5512059491266867;0.5512059491266867;0.5580544206384034;0.5033073500540788;0.49313148648641764;0.5172672287785426;0.5221392265879894;0.48813234419751145;0.4322979082905192;0.3951188335455083;0.3951188335455083;0.5146389049975816;0.4816031855070001;0.36616318462898034;0.3588830077280056;0.43899354433151644;0.4062766658568017;0.4857158704368054;0.0;0.5282371792778117;0.43241256290230096;0.342914911226864;0.5815138168289031;0.4344634996944548;0.5068513825583189;0.5236686125798992;0.5631328575478417;0.5485099193115431;0.523974658289135;0.5419863199829776;0.5467194296233627;0.5503065541832783;0.5340020349656439;0.5449281405488337;0.2147799859843424;0.4932532239695304;0.5237673106363109;0.5237673106363109;0.49838678301581313;0.4902055643668732;0.5153917933981755;0.43241256290230096
egg;0.5483540720124281;0.5384967568133072;0.535943091976196;0.5208977212518964;0.5413076279570452;0.5371887210064877;0.548243341452502;0.3915543143773231;0.5818101417965659;0.5543772308483754;0.5374191386119206;0.5565461986669615;0.5608106365978505;0.5575142642051977;0.5434684205163446;0.5685858655290936;0.553361852589919;0.5343951052346467;0.5343951052346467;0.4934555001914993;0.5368134411913185;0.5127087533338847;0.5605935988429426;0.5613865340675471;0.5414222159368101;0.5290570583078441;0.5735618626901511;0.5770669314450794;0.5741671098283778;0.48996130039188907;0.4998873585246888;0.4463161520582791;0.46797765686488096;0.5365302140716012;0.4996285298974069;0.5306846990621411;0.5306846990621411;0.5963781789141257;0.5716436349059626;0.5716436349059626;0.5910996775658715;0.5910996775658715;0.539810363121216;0.41257066994014874;0.4672639852277182;0.4957792574280412;0.5086324567946974;0.4457432882982582;0.4886189817780215;0.33313328080260857;0.33313328080260857;0.488568200406527;0.5129184464677609;0.46997304288167463;0.4018815185624045;0.4557558446507975;0.41185216630299637;0.4265667408738886;0.5282371792778117;7.771561172376096e-16;0.5474345157046836;0.4627027607145182;0.5635266376983505;0.3892251664875318;0.5217339364458929;0.5309636680312686;0.5728215362612443;0.39644670369327983;0.47491207293022547;0.3952144257322887;0.4951410175790512;0.5551413538573652;0.5723097135298785;0.5725799924866808;0.5007121093273772;0.540825903994336;0.4359313726418765;0.4359313726418765;0.3270137941488879;0.3304383980486293;0.4453185245871725;0.5474345157046836
birch;0.5533779835266974;0.5379230223390989;0.5051197429530486;0.5589922279410865;0.5568666443862224;0.5860337067003876;0.5873027441535226;0.572054280781426;0.5903729680868224;0.5887831416574187;0.5755805581342144;0.507571925008115;0.4884895665731521;0.4916851955882946;0.49031302903411633;0.48542525793633745;0.5627347034956095;0.5807273670675785;0.5807273670675785;0.4714338243459132;0.5062581133675539;0.5184085425755804;0.456909994053207;0.20186707741252385;0.2365240327229869;0.43164183484332136;0.4799383392205979;0.38484825208325457;0.4287736060106517;0.5311469860763168;0.5506651117412679;0.4876114120352143;0.5122899383897402;0.5535349795968109;0.5395832393432674;0.426276892429487;0.426276892429487;0.4817820196289864;0.53929903890335;0.53929903890335;0.37527354944065766;0.37527354944065766;0.4317406937570778;0.4357409001902011;0.35812806883210385;0.31775683924308273;0.36269938981891997;0.4444398659781231;0.25884461110566204;0.5461562801182314;0.5461562801182314;0.5329454240546052;0.339973768242695;0.2948442579000633;0.3555510168967114;0.3050534247684942;0.49110870292883224;0.44573564640266583;0.43241256290230096;0.5474345157046836;0.0;0.2713121948645102;0.356982884693164;0.48893118205529845;0.4201772724994968;0.3876025034273133;0.41300033815869647;0.6505685680476753;0.5658564049083985;0.5940047940313822;0.5102048936080049;0.47014834066350175;0.44676208597835354;0.43750137419380597;0.5155755987429997;0.4613667133691099;0.6178943840624166;0.6178943840624166;0.59084204583129;0.5696064403170864;0.6080049315263925;0.0
cork;0.6015945064732152;0.5967063422668564;0.5583423884631772;0.5872610740869882;0.5790018979992051;0.5874038293736639;0.5942832835708978;0.5132733943863871;0.5941515651189426;0.575389277262599;0.5587774670289879;0.5549777889393751;0.5624668385680001;0.5761851400172289;0.5535312335155886;0.5793974069364406;0.5755705093238415;0.6221857240638499;0.6221857240638499;0.47712930789809604;0.5742668075450523;0.5859594028258681;0.5767075484176439;0.2662866988205524;0.3922851177092801;0.49074414289546436;0.6174335228730068;0.5127965882588511;0.5651104122471802;0.46552404409864495;0.5248340462955405;0.5160024896358298;0.5076268280608479;0.5575321936023194;0.48821862397436067;0.5569337043617221;0.5569337043617221;0.46783503140377564;0.48509712185226317;0.48509712185226317;0.47197576712582123;0.47197576712582123;0.5088370284610099;0.4817642098327037;0.4414903087497628;0.4153812675768035;0.4432942623888704;0.4763143739016585;0.3195661138395943;0.4745066694240671;0.4745066694240671;0.4918470115398545;0.24454396678674717;0.20649691949614024;0.2378303864442437;0.3633406986073442;0.382199542295518;0.45646089952460794;0.342914911226864;0.4627027607145182;0.2713121948645102;0.0;0.5237348733721466;0.4893111732870599;0.3582757776700117;0.3373990845856983;0.41398998381079605;0.5199900776780971;0.49964425890371417;0.4897981380457381;0.43209913349279827;0.4605717641230101;0.4359104466189141;0.4638272250544605;0.43516206284622727;0.4927456577011636;0.547506034251384;0.547506034251384;0.4844964482774615;0.47406300173379773;0.5435966632883067;0.2713121948645102
incense;0.43344735011830826;0.44496724861488995;0.4718741620263092;0.44396438195314236;0.47518227654428236;0.4001885597557263;0.4111090010080666;0.619200627008563;0.4498872515253627;0.4050097682156669;0.497221055134721;0.3581062298715193;0.30453896392180557;0.2061193900504943;0.218634232662564;0.1840052459958551;0.3802692674064071;0.37735631112732426;0.37735631112732426;0.4591063801537891;0.3587969139986962;0.36296417482129806;0.3566003570212074;0.33748874467582646;0.2611740900295565;0.4424465024985579;0.42610711856239736;0.3359060037666024;0.37842821412612637;0.5293639351544215;0.4789740850748242;0.5448153243047426;0.5437937834458851;0.39789116428661236;0.48824885255928724;0.43679594694099333;0.43679594694099333;0.4854747286702812;0.5853668473340204;0.5853668473340204;0.35978965665513013;0.35978965665513013;0.42094546832776525;0.5579854568730206;0.550970131398992;0.5132062353682494;0.5083101383785109;0.5528411535568823;0.4785765442522188;0.5797869459453816;0.5797869459453816;0.50658909266452;0.5121479211631857;0.5847649284183788;0.6064044582580289;0.545113648173126;0.6436708414104153;0.5522018539853338;0.5815138168289031;0.5635266376983505;0.356982884693164;0.5237348733721466;0.0;0.5736617445128648;0.5472852894433072;0.49123253068407985;0.4218270829836146;0.6989155287769262;0.5662471952075756;0.6059632473430149;0.5929188288928582;0.5221536255165999;0.5026633553174573;0.4515635043548565;0.5782801204807986;0.4521183307867795;0.619507846629987;0.619507846629987;0.6788473074262616;0.6463570315952257;0.650614007055779;0.356982884693164
coffee;0.5439804682171585;0.5362988471361219;0.539013141102134;0.5323295181118106;0.5327059764162161;0.5240423751952763;0.5347583793418375;0.4841394036162486;0.5526354522382805;0.5481214747206414;0.5099765212496872;0.543429407430336;0.5575385051219347;0.5733395723484226;0.5686534695892959;0.5769637311165235;0.41482411125404595;0.545673035190642;0.545673035190642;0.4592532891419014;0.5189832704821998;0.512858674865522;0.5302970169549085;0.4639816332110071;0.5337530427378399;0.5391416852910579;0.5424958329813976;0.5511157698667988;0.5432216739624077;0.45029969721382296;0.45743965221102595;0.11449480992454553;0.13166202874135924;0.44035182112899895;0.49850522854652013;0.5005882760041236;0.5005882760041236;0.5532950078558094;0.5451705060879716;0.5451705060879716;0.5560407674810396;0.5560407674810396;0.5581019840056111;0.3425509610769718;0.49168201690211427;0.5333492411675054;0.5251018123428749;0.5075326134832658;0.5159674116874089;0.37022095389466;0.37022095389466;0.508365588781525;0.528784535401505;0.4929675592467876;0.5045806289087719;0.5065828050666954;0.50393387639642;0.5217406262039923;0.4344634996944548;0.3892251664875318;0.48893118205529845;0.4893111732870599;0.5736617445128648;0.0;0.46648044115808546;0.5020919812192709;0.5512357066643475;0.5297145193484268;0.5492368955069721;0.533182123870273;0.5273137195510308;0.5455300797387929;0.5599698580301624;0.5604659642569592;0.44318601053341405;0.4965723314610691;0.4907741467285875;0.4907741467285875;0.5192889162459529;0.48969584961518603;0.513713388742633;0.48893118205529845
tar;0.6078670684270489;0.5863560990538853;0.5807215879251699;0.6005360171026242;0.5904187895345383;0.5748548735602705;0.5980743443073371;0.4726426369592583;0.6175414243205253;0.6327526684612088;0.5489599195174284;0.5939923391155038;0.601901836589958;0.5969263225818933;0.6265970087616488;0.635356412692067;0.5973392198333173;0.5896619314166937;0.5896619314166937;0.4828999010927287;0.5350689875357129;0.5544839035004347;0.565809368760933;0.40314633528510785;0.5195041033993532;0.33504808373356365;0.5194501806295603;0.3642087905691707;0.41017665635435224;0.528083998494656;0.5377759431241432;0.483823210270358;0.5048701144279999;0.5750004532430678;0.5370633749502427;0.4452157439933699;0.4452157439933699;0.25209440177602876;0.2590697873761907;0.2590697873761907;0.36113626470592247;0.36113626470592247;0.544588064303327;0.4994345413172262;0.5233394123993583;0.5072734373586427;0.5414193891990976;0.5334971910712714;0.4866704707892935;0.5502386699515818;0.5502386699515818;0.4329158022849478;0.1795944541094674;0.4324379821737535;0.3319158222448411;0.49355634252944547;0.4068107260851475;0.5139706724377348;0.5068513825583189;0.5217339364458929;0.4201772724994968;0.3582757776700117;0.5472852894433072;0.46648044115808546;2.220446049250313e-16;0.056793381161113765;0.18247022931692847;0.5215992434891723;0.3768150204336028;0.45899249487525373;0.1746256224708886;0.2316950020953677;0.3473312187781405;0.2966455510659022;0.5271585995747385;0.44371516214247875;0.4256631367130488;0.4256631367130488;0.485193329120036;0.4379306443485882;0.45767619469610044;0.4201772724994968
creosote;0.5905515268207409;0.5669204976732977;0.5613582719548142;0.5902012690062474;0.5885635792114073;0.5708499406121412;0.595452235586226;0.5159016899192485;0.6104301527036289;0.6302601845750708;0.5535602588845202;0.5677833557631276;0.5717137493130959;0.5528605321472624;0.5880781091946681;0.6003245596872568;0.5964950110780955;0.5807892281876347;0.5807892281876347;0.4781342332435144;0.5135448624799247;0.5454156264812371;0.5539318360474831;0.34253996314480617;0.47491331479480575;0.3111785653723402;0.5215088457217496;0.3341333230134608;0.39854190993898236;0.5333217517603487;0.5389506273984774;0.5255823566934603;0.5402371823049579;0.5763663416814082;0.5322198052716712;0.4797853774089996;0.4797853774089996;0.2003285435170835;0.2508163895757876;0.2508163895757876;0.3275779458853988;0.3275779458853988;0.5112607931370572;0.5292790726919762;0.5376160338076441;0.5023300801744977;0.5375363318479232;0.5339930800646802;0.47054819919751517;0.5362898768027702;0.5362898768027702;0.4313235188437955;0.14014777452432098;0.4475765111878343;0.37986371613469444;0.48500309582953366;0.43750289160012623;0.5085390417203703;0.5236686125798992;0.5309636680312686;0.3876025034273133;0.3373990845856983;0.49123253068407985;0.5020919812192709;0.056793381161113765;6.661338147750939e-16;0.11972408801368084;0.5435164211857535;0.34667330844165534;0.45721246054884146;0.20290699703287518;0.21401582445754208;0.2994113819690734;0.25167600439923676;0.5412195909615133;0.4640017864050866;0.48491903509255374;0.48491903509255374;0.5007807122641899;0.4458877843555411;0.4787248988630982;0.3876025034273133
disinfectant;0.560682805156635;0.5356803042791712;0.5436128575555872;0.5720927518871082;0.5806626619570066;0.5611657929892987;0.5885816860647041;0.5928306372015856;0.5945719022186104;0.6089774054997502;0.5413711013500776;0.5555397428560128;0.5589086407452112;0.5299364664970563;0.5608441208874917;0.5557110868824973;0.5702614680533193;0.5737329472105075;0.5737329472105075;0.5045414579163755;0.5267191840097889;0.5515880417546811;0.5422872219055689;0.32238933101563666;0.41253092689094617;0.28048940038230075;0.4590815747167996;0.18703329325083506;0.27447923799894725;0.5481726539580035;0.5500918873426842;0.5580890758518687;0.572912662174154;0.5743895347926722;0.5283563897331863;0.4876668562985797;0.4876668562985797;0.09122019572631113;0.2239325447592781;0.2239325447592781;0.16036191317945814;0.16036191317945814;0.49926556611287054;0.5596778964999154;0.5862234166475396;0.537873401755764;0.5531533004003366;0.5659723732416915;0.5006178894786352;0.5793584646961731;0.5793584646961731;0.4712045152347188;0.17057744454390206;0.47853541784944104;0.44666505233426135;0.5322849353500411;0.5227318883879031;0.5280502339082251;0.5631328575478417;0.5728215362612443;0.41300033815869647;0.41398998381079605;0.4218270829836146;0.5512357066643475;0.18247022931692847;0.11972408801368084;0.0;0.5845051099369498;0.3008789417538322;0.5057390421593129;0.26318711287448204;0.18318807872070642;0.199796010665662;0.1502271295501879;0.5704127607734167;0.4763230563378036;0.561599481648528;0.561599481648528;0.5681187653431036;0.5283548142288341;0.5354251262694875;0.41300033815869647
vinegar;0.5038930021085666;0.4925974778535952;0.49551292095193056;0.4973983397694399;0.49718503346949605;0.5353549642231806;0.5308219091364732;0.4148752115668512;0.5344174318125606;0.5274392902134761;0.5388117960211533;0.5851878542452554;0.6041147220970866;0.6394703409331222;0.6357605149136686;0.6610181429907678;0.5888156478014549;0.5695479619206884;0.5695479619206884;0.5999262863361177;0.5905616740082329;0.595289798819864;0.6151337104164176;0.6134216828920217;0.6360953405753692;0.5624313391987463;0.6113490248497451;0.611642032142242;0.6006336099613425;0.536723447537739;0.5941704713062148;0.567263253043282;0.5713579331061062;0.5532028666321973;0.5646426028762963;0.577007957450818;0.577007957450818;0.5597436529144737;0.47259703932610625;0.47259703932610625;0.6025637978782411;0.6025637978782411;0.5446072176455926;0.5390923974688203;0.5132860255765064;0.5278567491463406;0.5423361158485718;0.4857685843467388;0.568894617365216;0.5227976483712171;0.5227976483712171;0.42939984312663537;0.5176078058627526;0.49524027748027344;0.4106507459405643;0.5057916147203915;0.3000788230349832;0.4693857012962249;0.5485099193115431;0.39644670369327983;0.6505685680476753;0.5199900776780971;0.6989155287769262;0.5297145193484268;0.5215992434891723;0.5435164211857535;0.5845051099369498;5.551115123125783e-17;0.3876717840849009;0.21868949037631263;0.48189028237520704;0.5039620384182171;0.548159718713471;0.5615209842331403;0.5405305084887715;0.552363685508531;0.3592740709462592;0.3592740709462592;0.23961922837459665;0.1998943182677354;0.15693926164787764;0.6505685680476753
ammonia;0.5729157705794444;0.5454402489583725;0.5506216709242723;0.5800000609087146;0.5832910994197111;0.5975706252557679;0.6092210403705612;0.5206988563616989;0.6057181934401646;0.6319961201363098;0.543740382548475;0.5474459632323566;0.5645448033520863;0.5757054238969468;0.5894105378752518;0.6015042323100894;0.582924722306154;0.6226363089731364;0.6226363089731364;0.5715814876169413;0.5784650545388562;0.5873966514309917;0.6102285859014743;0.4840223832863365;0.507164578383547;0.3680933629735422;0.5437701149352501;0.36851286546668827;0.41783419615471773;0.5442717369259269;0.5855065809867321;0.5723141177403187;0.5859533885024665;0.6101739345017718;0.5538044076526331;0.5577089975988098;0.5577089975988098;0.2599386088275169;0.29508756190443575;0.29508756190443575;0.3494007880016325;0.3494007880016325;0.516166278917872;0.5654880800800461;0.569777852081035;0.5329896234350235;0.5479096223843495;0.5392102640559426;0.5373698231508341;0.5817640239246348;0.5817640239246348;0.45921806050109854;0.41814972299643965;0.5192441279649573;0.44527532051746116;0.5142508190011824;0.3701206107050186;0.4900962688241241;0.523974658289135;0.47491207293022547;0.5658564049083985;0.49964425890371417;0.5662471952075756;0.5492368955069721;0.3768150204336028;0.34667330844165534;0.3008789417538322;0.3876717840849009;1.1102230246251565e-16;0.2656130213558644;0.41230367930961576;0.3208957769995647;0.35294400387224834;0.3233920175074814;0.5403079977009518;0.5167192768619299;0.447489480276691;0.447489480276691;0.2744372309618911;0.3556702947742948;0.391805147308718;0.5658564049083985
urine;0.5821073254495563;0.5665393718476207;0.5636489638747626;0.5779935606526924;0.5511387583526509;0.5544547838776149;0.5628434408640992;0.48988447114271705;0.5823510172512046;0.5776198596568454;0.5470361492828408;0.4921765277988631;0.5029796855312365;0.5529591539893178;0.55731320869604;0.5841612804337706;0.4159545453065598;0.5836997027864707;0.5836997027864707;0.566220402528629;0.5639570140332897;0.5625143925232121;0.609740321686937;0.5965700453744684;0.5771004510274338;0.4743752303851461;0.5806162278604746;0.5522809982794746;0.5696325918258397;0.5296506912099206;0.5568757956385016;0.5521258363463841;0.5508356209854417;0.5566333240746095;0.5433434726773035;0.5330627356795828;0.5330627356795828;0.5297962465061504;0.5219730470030778;0.5219730470030778;0.5753238838757764;0.5753238838757764;0.5241257903438654;0.5628228714774027;0.547844776656177;0.5486186314715621;0.5462418663755052;0.5366600410620703;0.5118489101659394;0.549163714552284;0.549163714552284;0.3954112810753342;0.46273932944068574;0.519099911692659;0.41743165941183885;0.52733425434814;0.29445447011459525;0.49180019835014815;0.5419863199829776;0.3952144257322887;0.5940047940313822;0.4897981380457381;0.6059632473430149;0.533182123870273;0.45899249487525373;0.45721246054884146;0.5057390421593129;0.21868949037631263;0.2656130213558644;5.551115123125783e-17;0.45042004605163216;0.5084211219997955;0.565218878938146;0.5388949684448975;0.5324173493351068;0.5278518458899881;0.45695072039181295;0.45695072039181295;0.24816845020454215;0.18614781915947765;0.20424772571638877;0.5940047940313822
rubber;0.5855244267520533;0.5693285792900346;0.5522466554600419;0.5791650322983694;0.5803025158666681;0.5653895519434589;0.5858708264123208;0.42842897843560285;0.6071783445586434;0.6139941828436974;0.5524374551803373;0.5660327106692071;0.5787999753974677;0.5831688841241903;0.6181336211810158;0.6279244012626483;0.6147714878908126;0.5994753046889256;0.5994753046889256;0.529851851281973;0.5515012703775687;0.5600024979203405;0.6014212780892454;0.49228970173456943;0.563938064601296;0.4154036621239906;0.539725467339796;0.44669759915182317;0.47826195579961095;0.5408939340599581;0.5554877677042218;0.5498299642959734;0.5607339483149794;0.5842315275637191;0.5441285671185051;0.48410573088273656;0.48410573088273656;0.2861870088922036;0.2672623970787809;0.2672623970787809;0.42809392357879716;0.42809392357879716;0.512823844755723;0.5351003611789554;0.5384941968364713;0.4986665019749709;0.5230186248511907;0.5413330880736412;0.5093049958344928;0.5490120756973476;0.5490120756973476;0.49351846207423933;0.23170467991218624;0.418654216193;0.3808706041807982;0.5021262505859362;0.44373657586971416;0.4508468069459487;0.5467194296233627;0.4951410175790512;0.5102048936080049;0.43209913349279827;0.5929188288928582;0.5273137195510308;0.1746256224708886;0.20290699703287518;0.26318711287448204;0.48189028237520704;0.41230367930961576;0.45042004605163216;9.992007221626409e-16;0.27315994370809704;0.36162209961237624;0.34091429014502816;0.5417965086238523;0.458585876850928;0.37843814988169655;0.37843814988169655;0.4503973454587478;0.4244676446159859;0.45477186330871466;0.5102048936080049
kerosene;0.5663324007955941;0.5421584188467585;0.5374675897834564;0.5724000777471914;0.5718095801772052;0.5659276453875441;0.5925358781698182;0.54676970022814;0.5784197177808287;0.6139758217721114;0.519869331871938;0.5641894598279195;0.569223003776578;0.5474066902561595;0.5853426821695321;0.5951825844371476;0.6037273138994627;0.5952958238781944;0.5952958238781944;0.5430141171568256;0.5320600689748156;0.5617561270530252;0.5403918157850321;0.38565301590267;0.4744432595509884;0.3381445581041749;0.4985852847001612;0.3106652089511921;0.3502955011755937;0.5414397662565356;0.5642445977307513;0.5571634249980377;0.5756778556451086;0.5828422812347226;0.5461259333360279;0.5071964530089907;0.5071964530089907;0.11699003441199002;0.09006637864426881;0.09006637864426881;0.20772845937089496;0.20772845937089496;0.4654296469269754;0.5193114362779574;0.4785116884815266;0.44490891439826363;0.4656688613370724;0.49159398309084557;0.49354484311393354;0.588531834644366;0.588531834644366;0.44503201460843067;0.284521606374679;0.48982943070508667;0.4259501779687609;0.5204116007306909;0.5270536594472044;0.46372208103998613;0.5503065541832783;0.5551413538573652;0.47014834066350175;0.4605717641230101;0.5221536255165999;0.5455300797387929;0.2316950020953677;0.21401582445754208;0.18318807872070642;0.5039620384182171;0.3208957769995647;0.5084211219997955;0.27315994370809704;0.0;0.12834313630707028;0.10341603541748318;0.5597137282468008;0.4752917773542886;0.4714700211857028;0.4714700211857028;0.5310750515625522;0.5382400918722156;0.5374408358342148;0.47014834066350175
paint;0.5478818607846048;0.5270449253721557;0.5230969127216609;0.5568624952102993;0.5585855888747394;0.5819524014041194;0.5958668233024474;0.5589001086147423;0.5371346262662476;0.5987192825160789;0.4313527571178773;0.5635799909687982;0.5663172031883326;0.5428175482523491;0.5778665610676239;0.5725420301643674;0.5843545242209087;0.5726158858973959;0.5726158858973959;0.4918304518414722;0.5502748047426596;0.5650014216503884;0.53431988109223;0.32301505662999674;0.45382110844321266;0.3964328578435971;0.4942930370638546;0.3045001233976093;0.34241003801643455;0.54132004819346;0.5491170085750164;0.54683384377721;0.5659725991568211;0.5826155375940283;0.5103441214851255;0.50789267716595;0.50789267716595;0.11523440410059693;0.1402554616314038;0.1402554616314038;0.146990904866457;0.146990904866457;0.46240768705989654;0.5104107398960284;0.4860284667398485;0.460433866183444;0.4758123563795803;0.4864643514397601;0.4519106578781952;0.5755910430703965;0.5755910430703965;0.48020259829028517;0.3155272860461705;0.44004074437426566;0.42497177015228915;0.4991627982549527;0.5442372765962622;0.4894554379778103;0.5340020349656439;0.5723097135298785;0.44676208597835354;0.4359104466189141;0.5026633553174573;0.5599698580301624;0.3473312187781405;0.2994113819690734;0.199796010665662;0.548159718713471;0.35294400387224834;0.565218878938146;0.36162209961237624;0.12834313630707028;0.0;0.046597602378850134;0.5484791774518034;0.4791474992939737;0.5730324622130706;0.5730324622130706;0.5888057629598564;0.5711321046380841;0.5880124532411216;0.44676208597835354
varnish;0.5335926074819702;0.5151317404444018;0.5144342470851111;0.5389784690330426;0.5517982178148888;0.5660401460147743;0.5761377472168463;0.5809870332064079;0.5406620958575464;0.578983018811139;0.4571502277146828;0.5408285486137908;0.532396903236886;0.5017082375531576;0.5522763681857626;0.5395194788010464;0.541117661146522;0.5552583365125602;0.5552583365125602;0.4835277292284477;0.5338308307239363;0.5443731118140462;0.5322468660865819;0.299684399624095;0.42969613454476363;0.33960538734945184;0.4746463248774405;0.254600463807648;0.3081873875632418;0.5458036008543556;0.5456109247629418;0.5478959895094792;0.5664289526161493;0.574693983884074;0.5304985113683318;0.4816245156248215;0.4816245156248215;0.08072516227739779;0.12581171973707872;0.12581171973707872;0.12037525335564536;0.12037525335564536;0.47244522022086216;0.5318096755791375;0.5246225080982291;0.4991998520737834;0.508708226523599;0.5150881605830814;0.48311594991285567;0.5743350448881522;0.5743350448881522;0.45009094023418394;0.2914510382909381;0.48837300853760257;0.44677900198375275;0.5266414691281398;0.5453766967139627;0.4972962309347198;0.5449281405488337;0.5725799924866808;0.43750137419380597;0.4638272250544605;0.4515635043548565;0.5604659642569592;0.2966455510659022;0.25167600439923676;0.1502271295501879;0.5615209842331403;0.3233920175074814;0.5388949684448975;0.34091429014502816;0.10341603541748318;0.046597602378850134;0.0;0.5549418040342907;0.4676114003580014;0.5782252696355273;0.5782252696355273;0.5988862429913828;0.5668553619386187;0.572426332412622;0.43750137419380597
popcorn;0.5459007656513774;0.5356915242309033;0.5366780412541285;0.5389148460311858;0.5345233946224378;0.5317233146508978;0.5411233671463873;0.4033094961020531;0.5559794188392269;0.5565520795311945;0.5285232843620401;0.545093890613716;0.5591768918108176;0.569569291764624;0.5616943514593722;0.5802183682445314;0.5687748778858928;0.5540616551760649;0.5540616551760649;0.3871611364355094;0.5311833735553775;0.5280276563963322;0.5646069829954575;0.4943989473975225;0.5385865888260134;0.5437048532492627;0.5471318834804524;0.5608411636528101;0.5483015173396152;0.4689396843893814;0.5049520314510182;0.4965983889543706;0.4443458125189924;0.5485104582332178;0.5106289771841763;0.5305892281027291;0.5305892281027291;0.5586619817246019;0.5488113685693773;0.5488113685693773;0.5556453589694678;0.5556453589694678;0.5643809381800805;0.5130241627234274;0.508113900741933;0.5336265948472873;0.5351305396950968;0.4905506369771027;0.47041985027003885;0.20923788010191552;0.20923788010191552;0.5222188019442959;0.4999230067860994;0.43395644395961336;0.4495900254096459;0.4671464264971641;0.3597826480363705;0.47862678636790085;0.2147799859843424;0.5007121093273772;0.5155755987429997;0.43516206284622727;0.5782801204807986;0.44318601053341405;0.5271585995747385;0.5412195909615133;0.5704127607734167;0.5405305084887715;0.5403079977009518;0.5324173493351068;0.5417965086238523;0.5597137282468008;0.5484791774518034;0.5549418040342907;0.0;0.5103191801952095;0.506756001589536;0.506756001589536;0.48901030213865143;0.467434928836298;0.5198359757910214;0.5155755987429997
cheese;0.5255033874516505;0.5065248147289599;0.5271777372410624;0.5378410882677277;0.5531943294367415;0.5564597202205294;0.5550525935436579;0.5467334013760746;0.5358588399298612;0.5383914518934348;0.5245977745683424;0.5324615884545122;0.5385660747870473;0.48192024970606895;0.5131840909595977;0.5109148865736572;0.48604158410715487;0.5436115244791208;0.5436115244791208;0.4671077532261678;0.4274868357512943;0.4567159004912178;0.3098808352514252;0.46141722649510525;0.4945957656893735;0.5025855475786144;0.2614028667574053;0.42023566759053543;0.3837795606234556;0.4992403754647639;0.4903529567737108;0.47677856214191217;0.48197813537098;0.5057208336784919;0.5176446730267442;0.28019295191173316;0.28019295191173316;0.4857724795707919;0.4811996163577019;0.4811996163577019;0.45283081678758497;0.45283081678758497;0.46663417168515475;0.4618335723904806;0.5044574468857378;0.47674999058924206;0.485703463390595;0.5176684383818742;0.5095837816348081;0.5158278998725371;0.5158278998725371;0.5337755886024741;0.4620888470781867;0.542945412678831;0.5461474441725631;0.5113757081136555;0.5187044856132147;0.5244265446963798;0.4932532239695304;0.540825903994336;0.4613667133691099;0.4927456577011636;0.4521183307867795;0.4965723314610691;0.44371516214247875;0.4640017864050866;0.4763230563378036;0.552363685508531;0.5167192768619299;0.5278518458899881;0.458585876850928;0.4752917773542886;0.4791474992939737;0.4676114003580014;0.5103191801952095;6.661338147750939e-16;0.5222019966431553;0.5222019966431553;0.5729038977090609;0.5290458881603811;0.5447813669492173;0.4613667133691099
garlic;0.5677316670424979;0.5528685365785806;0.5524938032261929;0.5598033505441131;0.5532539571791958;0.5441833774636167;0.5570497277080406;0.2107829645817329;0.5848054850156874;0.5842128583577841;0.542757747259224;0.5653476850882907;0.5810830894654329;0.6057735699910702;0.593883634357445;0.620513438114076;0.6135012355717477;0.5760027126787615;0.5760027126787615;0.5578708077427909;0.5377314709671452;0.5415187795707475;0.5942946912035167;0.6320129756916993;0.5756197706436043;0.5452857228975172;0.5604643469654552;0.564958397900568;0.5489615335866747;0.5258109610622415;0.5493776306582445;0.5244171908408011;0.5382461177712855;0.5675229009112335;0.5326977908873094;0.5369166596338766;0.5369166596338766;0.5422202718928196;0.4242820126470899;0.4242820126470899;0.5735383180740475;0.5735383180740475;0.5466379283702335;0.4649510439096701;0.47969448303384826;0.4879494882324669;0.5104848791379359;0.48671439428380064;0.5519347597002829;0.50507651585922;0.50507651585922;0.5333119585764865;0.5604118013273244;0.5484684219153385;0.48974334450762097;0.5081461009120394;0.4498183423372686;0.4873894772714444;0.5237673106363109;0.4359313726418765;0.6178943840624166;0.547506034251384;0.619507846629987;0.4907741467285875;0.4256631367130488;0.48491903509255374;0.561599481648528;0.3592740709462592;0.447489480276691;0.45695072039181295;0.37843814988169655;0.4714700211857028;0.5730324622130706;0.5782252696355273;0.506756001589536;0.5222019966431553;0.0;0.0;0.36303825447012383;0.43897866793009527;0.44106696398714845;0.6178943840624166
onion;0.5677316670424979;0.5528685365785806;0.5524938032261929;0.5598033505441131;0.5532539571791958;0.5441833774636167;0.5570497277080406;0.2107829645817329;0.5848054850156874;0.5842128583577841;0.542757747259224;0.5653476850882907;0.5810830894654329;0.6057735699910702;0.593883634357445;0.620513438114076;0.6135012355717477;0.5760027126787615;0.5760027126787615;0.5578708077427909;0.5377314709671452;0.5415187795707475;0.5942946912035167;0.6320129756916993;0.5756197706436043;0.5452857228975172;0.5604643469654552;0.564958397900568;0.5489615335866747;0.5258109610622415;0.5493776306582445;0.5244171908408011;0.5382461177712855;0.5675229009112335;0.5326977908873094;0.5369166596338766;0.5369166596338766;0.5422202718928196;0.4242820126470899;0.4242820126470899;0.5735383180740475;0.5735383180740475;0.5466379283702335;0.4649510439096701;0.47969448303384826;0.4879494882324669;0.5104848791379359;0.48671439428380064;0.5519347597002829;0.50507651585922;0.50507651585922;0.5333119585764865;0.5604118013273244;0.5484684219153385;0.48974334450762097;0.5081461009120394;0.4498183423372686;0.4873894772714444;0.5237673106363109;0.4359313726418765;0.6178943840624166;0.547506034251384;0.619507846629987;0.4907741467285875;0.4256631367130488;0.48491903509255374;0.561599481648528;0.3592740709462592;0.447489480276691;0.45695072039181295;0.37843814988169655;0.4714700211857028;0.5730324622130706;0.5782252696355273;0.506756001589536;0.5222019966431553;0.0;0.0;0.36303825447012383;0.43897866793009527;0.44106696398714845;0.6178943840624166
blood;0.598751596901818;0.5781610790700019;0.5721709995045361;0.5893512719304183;0.5622519735979675;0.5694758842923223;0.5666947333332505;0.36388809040930414;0.6105922179275014;0.5913328540420311;0.5616308195871857;0.5894977830189875;0.6105033139184626;0.6471827123037446;0.6432418615566367;0.6752196675513926;0.6421751261675216;0.605677002202454;0.605677002202454;0.566517014622761;0.5775194307054553;0.5812880664960214;0.6283958665706793;0.6103275200049276;0.5995899628557413;0.527410845968948;0.6080336747300014;0.602877705742543;0.6010654188499187;0.5319679496475606;0.5738775604470212;0.5616630142091642;0.5662459899160369;0.5988476625320003;0.5478471712625708;0.5626930508179273;0.5626930508179273;0.5721649730429741;0.518797768905901;0.518797768905901;0.6207946498074903;0.6207946498074903;0.5334994430128185;0.5347998296792781;0.49447275390352635;0.4975125995182673;0.4968632312090121;0.4874681070642271;0.4941981673046399;0.500603360798425;0.500603360798425;0.47664003626938795;0.4769097744040342;0.4476820404882752;0.3771598253041235;0.43292142478275475;0.22720210269306662;0.3942764649219911;0.49838678301581313;0.3270137941488879;0.59084204583129;0.4844964482774615;0.6788473074262616;0.5192889162459529;0.485193329120036;0.5007807122641899;0.5681187653431036;0.23961922837459665;0.2744372309618911;0.24816845020454215;0.4503973454587478;0.5310750515625522;0.5888057629598564;0.5988862429913828;0.48901030213865143;0.5729038977090609;0.36303825447012383;0.36303825447012383;0.0;0.17710512703835024;0.22109161953914885;0.59084204583129
animal;0.6180142533199222;0.5958788017467821;0.5974771851256089;0.6071083535776156;0.5679228998408804;0.5798563541051525;0.5854521146332223;0.4361302129482138;0.6158848788751006;0.6035967400479614;0.5673937062574907;0.5736532350309638;0.5940091724929979;0.6116199384013044;0.5966980808217754;0.6373846784071386;0.6055928463191397;0.6156974393417689;0.6156974393417689;0.5648701938128896;0.5827426012145359;0.5800048808486217;0.6453572034433203;0.5883224101122146;0.5543711245223748;0.4402909561658099;0.6049309054334198;0.5715640773728167;0.5909192289086377;0.5235929874039332;0.5759426289806022;0.563636236876169;0.5676610814281332;0.6063431328547637;0.5353370708159012;0.5404380398487799;0.5404380398487799;0.5597090642316653;0.5311007287464377;0.5311007287464377;0.5955388745716891;0.5955388745716891;0.5374344245857083;0.537836001063231;0.5198684358472733;0.523656425318377;0.5317203631318912;0.510199081553187;0.4812317940223373;0.45795432378370304;0.45795432378370304;0.4402927979807865;0.4055406344052899;0.4476956971594125;0.37063786436049584;0.4485684188137587;0.1444641265950664;0.4775172018055835;0.4902055643668732;0.3304383980486293;0.5696064403170864;0.47406300173379773;0.6463570315952257;0.48969584961518603;0.4379306443485882;0.4458877843555411;0.5283548142288341;0.1998943182677354;0.3556702947742948;0.18614781915947765;0.4244676446159859;0.5382400918722156;0.5711321046380841;0.5668553619386187;0.467434928836298;0.5290458881603811;0.43897866793009527;0.43897866793009527;0.17710512703835024;3.3306690738754696e-16;0.08811573970186104;0.5696064403170864
manure;0.5836134296596416;0.5691834788589932;0.5679284349268756;0.5755128204135125;0.5388771844396094;0.5456922515781429;0.5545246713353028;0.46059257760192307;0.5844214320072671;0.5762195971664146;0.5372253967981548;0.577320412822073;0.5923619150803329;0.6168427207406549;0.6127157114812954;0.6348260222527926;0.582241490576477;0.5752946586009463;0.5752946586009463;0.5705287209607783;0.558155612305492;0.5561107335821436;0.6236036353237918;0.6158473883440483;0.5781435294964192;0.4227942613901885;0.5743771551621439;0.5655346235430404;0.5768870752458454;0.5186763525854519;0.559692514382948;0.5432264890948955;0.5512337084603098;0.5721747043475046;0.5404768678731353;0.5315415849560777;0.5315415849560777;0.5584644574056089;0.5314217319097364;0.5314217319097364;0.5896913091260465;0.5896913091260465;0.5822179991601164;0.5547366601271138;0.5582295675948636;0.5657010940250441;0.5758918117146552;0.5426844556837069;0.5645440343187369;0.5278749179561755;0.5278749179561755;0.4635361456783884;0.445289106848787;0.5077555407508118;0.430174865024021;0.5116447356863362;0.20053157338480998;0.5062850698622978;0.5153917933981755;0.4453185245871725;0.6080049315263925;0.5435966632883067;0.650614007055779;0.513713388742633;0.45767619469610044;0.4787248988630982;0.5354251262694875;0.15693926164787764;0.391805147308718;0.20424772571638877;0.45477186330871466;0.5374408358342148;0.5880124532411216;0.572426332412622;0.5198359757910214;0.5447813669492173;0.44106696398714845;0.44106696398714845;0.22109161953914885;0.08811573970186104;6.106226635438361e-16;0.6080049315263925
bark;0.5533779835266974;0.5379230223390989;0.5051197429530486;0.5589922279410865;0.5568666443862224;0.5860337067003876;0.5873027441535226;0.572054280781426;0.5903729680868224;0.5887831416574187;0.5755805581342144;0.507571925008115;0.4884895665731521;0.4916851955882946;0.49031302903411633;0.48542525793633745;0.5627347034956095;0.5807273670675785;0.5807273670675785;0.4714338243459132;0.5062581133675539;0.5184085425755804;0.456909994053207;0.20186707741252385;0.2365240327229869;0.43164183484332136;0.4799383392205979;0.38484825208325457;0.4287736060106517;0.5311469860763168;0.5506651117412679;0.4876114120352143;0.5122899383897402;0.5535349795968109;0.5395832393432674;0.426276892429487;0.426276892429487;0.4817820196289864;0.53929903890335;0.53929903890335;0.37527354944065766;0.37527354944065766;0.4317406937570778;0.4357409001902011;0.35812806883210385;0.31775683924308273;0.36269938981891997;0.4444398659781231;0.25884461110566204;0.5461562801182314;0.5461562801182314;0.5329454240546052;0.339973768242695;0.2948442579000633;0.3555510168967114;0.3050534247684942;0.49110870292883224;0.44573564640266583;0.43241256290230096;0.5474345157046836;0.0;0.2713121948645102;0.356982884693164;0.48893118205529845;0.4201772724994968;0.3876025034273133;0.41300033815869647;0.6505685680476753;0.5658564049083985;0.5940047940313822;0.5102048936080049;0.47014834066350175;0.44676208597835354;0.43750137419380597;0.5155755987429997;0.4613667133691099;0.6178943840624166;0.6178943840624166;0.59084204583129;0.5696064403170864;0.6080049315263925;0.0
