96 300 
kaffe -0.1956333 -0.4841584 -2.8238118 -1.3167427 -1.3271146 -1.3431536 0.30379587 -1.8154794 0.5336334 -0.025247255 -1.3742503 0.15019046 -0.523126 0.6001916 1.6731422 0.9295862 -0.4442557 0.2510734 0.66307616 1.4975576 -1.0014863 0.74030197 1.4515676 -2.1536183 1.8329546 1.4389726 0.4966746 0.12466059 -5.645761 0.2596158 -0.041609373 -0.9688337 1.3681942 -2.8337736 0.98144484 -2.0173166 1.0185239 1.4604686 1.1572114 0.24428715 -2.3655462 -0.85763574 -1.0349633 2.0416343 -0.7417231 -2.3927963 0.9344193 -0.84947807 -1.619243 -0.36748224 -0.15115419 -0.027575806 0.60595757 2.7844768 0.95460755 1.1478225 -3.063928 -0.46312785 -1.1374066 -0.35087427 -1.3774114 -2.249983 -1.2297311 0.5747134 -0.6968448 0.28902265 1.9191223 0.60598254 -0.99516255 0.5642685 -1.5765431 0.9211284 -0.65025586 -1.545402 -0.7922726 -4.0428176 -2.0474665 -0.043950852 3.1312585 -1.1446215 4.5389895 0.6430265 -0.68394786 -1.3963773 1.0993274 1.4691054 -2.056475 0.72737277 0.8673976 -1.1042763 0.46635264 3.1890478 0.36226028 0.4285607 -1.2548769 -0.3042724 0.10724907 0.3660734 0.51024556 -1.5375438 2.0253649 -3.510822 1.7838176 -1.6148905 0.18164082 -0.28876477 -0.7095696 0.506729 -1.3395041 1.2335405 -0.7830233 -3.032208 -0.31979808 2.1140969 0.4966032 -1.3002013 0.46780953 1.1454293 2.7463 -3.5350163 1.94594 1.0889298 -2.1115522 -1.741985 0.49224618 0.37604195 -0.41164905 -2.130302 1.851125 -0.091388084 -1.2048901 -1.4093561 -1.921244 0.8988512 2.4112825 0.62613577 0.28053907 -4.081836 -2.5864666 -0.52011806 -0.35468668 -1.2481803 -1.5350778 -2.827041 -1.548372 -0.9774176 2.4371936 -1.1474869 -1.4449067 0.1823593 0.09146323 1.4944168 0.31208205 -1.6358044 1.4426843 -2.910299 0.11473606 0.621024 -0.10031745 1.1997132 -1.2205211 0.20786986 -0.12186139 2.7545462 2.4327145 4.264757 -1.8882918 -1.6121099 -1.3131626 -0.16449785 0.5099846 1.3547275 -0.7121734 -0.6744322 -1.7785889 -1.1873883 1.7169657 1.8739228 -0.59317046 -0.62311363 -0.46543854 1.5945483 0.56931037 0.61655045 2.3956728 1.4632452 1.1201153 -0.80495924 -1.2707379 1.6386638 0.5711252 -1.6877835 1.6343179 0.5558083 0.245486 0.32616687 -1.1132452 -1.3363582 0.49484545 1.5311521 -1.4072278 0.0076875817 1.003753 1.4496932 -2.0319762 -1.7442358 -0.99007136 1.3683801 0.866411 0.044099234 -0.86078 0.04780971 -0.8659776 -0.5733281 3.155408 -0.9138728 -1.7475992 3.390305 0.11151596 -0.78955376 -1.3201994 -0.48385683 -1.3248941 -1.4896752 -1.4684515 -0.10120075 0.4747101 -2.3298688 -2.2963984 0.4483282 1.1039952 -0.8056573 1.5009936 0.7372618 -0.5233248 -0.6306432 0.8173799 -0.9985538 0.43453857 2.4567425 -1.1923239 -1.4213167 -0.99920666 -2.9349632 0.085635655 -0.85965705 0.5019345 -1.6890911 1.2756447 -1.2659479 0.31638148 0.27815697 -0.32559153 -1.4605533 0.36574483 0.04676158 0.09698432 -0.5177449 0.19900638 -1.991962 -0.64702374 -1.3439188 -0.48509967 0.0049116127 0.54680544 1.3971483 -0.9300454 -0.17748602 2.1011286 0.21076901 -2.0160105 -1.5334898 2.319704 2.0330563 0.04538053 -4.069301 -1.3643454 -1.3224219 -0.5656155 -0.49640167 2.6715863 0.86120003 -0.48064905 2.1489568 2.592527 -0.8092096 -0.83692986 -3.077667 1.3039188 1.1880888 0.11139499 -0.906068 -2.0420089 1.7896388 0.19984086 -0.7852998 -1.6270069 0.9029981 -1.4107833 -1.8632953
djur -1.9341364 1.4742682 -2.0306568 0.094735734 -2.4774973 0.304682 -2.4813814 0.8807854 -1.0848843 0.28102723 -0.21146001 -2.4778924 0.8425598 1.0385531 -0.7520067 0.16469586 -0.63702637 0.14418884 4.502668 -0.18631054 1.9318005 -2.6385193 1.6227692 1.8208907 -1.4153534 0.4723484 0.11244356 -0.7902078 1.9820462 1.1401253 -1.0391061 0.350348 -2.3735821 -1.1908181 -0.32522306 -0.66327256 -3.2445645 -0.5354405 0.6399151 1.5110887 0.5549117 1.3014936 0.90940493 -1.5778061 0.061874703 0.18882465 0.07157604 -0.11041744 2.380849 1.3348279 1.537331 1.2882744 -0.338943 0.9522642 -1.5041444 -0.020630902 -1.4510244 2.4554422 -2.755064 -0.6701404 -0.38455784 0.34078267 0.8659434 0.28468564 0.2923178 0.78033775 0.06651964 -0.12502441 1.6735747 -1.9512491 -0.33822703 1.9483186 0.98618555 1.7868296 3.0202625 -0.14633018 -1.2157485 1.3900086 -1.383878 0.8135226 0.56100196 -0.8763109 -1.2458111 0.18226095 -1.3411021 -1.9208003 0.838381 -0.86546034 1.5035701 3.8110201 0.024148185 1.9046055 0.56836474 1.4757686 0.8536887 2.2567623 -0.53112936 -2.1785636 -0.69428164 -0.54689246 -0.3276265 0.13722745 1.5945749 -0.29611674 -1.2670346 -1.1670879 0.14126596 -0.3107829 2.2674668 2.2529588 -1.3274192 0.6427165 -0.31736726 2.0572443 0.09012158 1.3468235 -1.428437 -1.3869451 2.1862307 -0.9677727 0.49762985 0.49872193 2.7272272 -2.756622 1.5287975 1.9340382 0.9854602 -0.0012957719 -3.032133 1.6539974 0.5516139 -1.4009929 -1.294748 -0.32375807 -1.4652725 -0.11617769 -4.2981086 -0.5033373 0.9213767 1.2989577 0.7404571 1.7577058 -0.31963414 2.7983685 -0.7807739 0.22477953 -1.1283135 -1.1274124 -2.0116265 -0.027905367 -0.32944804 -0.6888215 1.1972833 0.6560608 0.039345317 0.5041535 -1.0088534 -0.65192676 -0.33840826 0.7367241 1.3570018 0.86092603 -1.0343248 0.7358989 0.77611065 0.0755284 0.5096986 0.5776901 -0.4697867 1.0428475 -0.8243154 -0.021911839 -0.044745322 -0.07069527 -1.6447908 1.60652 -2.0616431 2.9053776 0.79929787 -1.6165031 -1.5607623 0.9788075 1.6132826 1.8283211 1.3659469 0.88510233 -1.0554533 0.4931075 -0.3500831 3.2394812 -0.16647701 -0.22941126 0.37438613 -0.93531877 -1.331623 -0.8769809 -0.08804418 2.2001712 -0.72899395 -3.7853026 -1.4614395 0.5332983 0.3935637 1.557078 -0.47432247 0.9456555 -2.0000942 -2.4530172 1.1874462 0.6089353 -0.86983395 -0.112951346 -1.9534557 -2.0809174 0.37928528 1.7673955 0.64418054 -2.3078444 -0.08041994 2.1641421 0.010560521 1.4247159 0.21073993 -0.0028507705 -1.0739254 -1.1849105 1.2976787 -1.8684014 3.0122514 -1.5165918 0.025697771 -0.46592665 -0.98637456 0.9804492 -3.2950141 3.2341363 1.8398811 -0.46613368 -1.3994573 -1.504205 -0.85167164 -0.07715071 -2.244481 -2.942729 0.37349102 1.3915371 2.3326745 -1.2171229 0.47239703 0.52298725 -0.9514253 2.1478078 -0.57684237 1.3472431 -0.8303733 0.78755313 0.7308941 2.3269985 1.0500433 -0.90343314 1.9890188 -1.075324 1.8274602 -1.2356718 -0.8680326 -1.924015 1.9456779 -1.2999017 -0.97796863 1.4881309 0.8647705 -0.73290795 0.17568037 0.6433651 0.95811635 -2.6374593 -0.88440245 -1.2271277 0.03335113 0.5463882 -0.22677055 -0.55410826 0.82994616 -1.3770255 -0.6934947 1.2126747 -2.3162165 -1.4361885 -1.6665976 0.41796497 1.0686293 -0.07634853 -0.027502874 0.6810975 0.2834748 2.0180826 0.08258885 -0.5123939 0.9316068 -0.21316954
te 0.50061405 -0.6646945 -1.0330272 -0.7868382 0.42882094 -0.7212321 -0.14402296 -1.5845317 -0.3016621 -0.26599252 -0.9990499 0.7738784 -1.1379615 0.5543043 1.9824712 1.430784 0.7854713 -0.23323837 0.6938642 1.1531849 -1.7823893 0.49255022 1.9219879 -0.36452243 1.2185774 1.7168128 1.2338598 -0.36231145 -4.081464 -0.047617342 -1.3390658 -1.4210705 0.026022846 -1.7384543 -0.030953547 -1.4459387 0.85533535 -0.3007329 0.5909549 -0.34712744 -1.9681965 -0.28824133 -1.5906533 0.5537984 0.99090385 -1.8982195 0.6560189 0.26588586 -1.6416627 -0.6526373 0.48909715 0.59354854 1.8830415 -0.27694523 0.31315205 2.3576283 -1.2497222 -0.94527954 -1.060977 0.5427105 -2.0388708 -1.345022 -0.7136457 1.1702881 -1.177462 1.1750572 1.9749337 0.29244772 0.3234835 -0.5318498 0.057179987 1.0231265 -0.35764402 -0.6022793 -2.7837965 -1.0514935 -2.552016 1.0882295 2.208693 -0.9186355 3.5306964 1.2492989 0.010233564 -2.0354216 1.3548009 2.8094285 -0.65173507 -0.31344235 -0.6228361 -0.53112197 -0.47291243 2.3905158 0.5305603 -1.1936656 -2.8201745 -1.7035451 -0.78575855 -0.5407005 0.6110257 0.009580785 0.7579616 -2.2179387 1.1048912 0.40009597 -0.98796594 -0.13945211 -2.6252737 0.2559964 0.095912196 1.2133408 0.16082387 -1.9071761 -0.29327333 2.7722614 0.76515645 -2.1780066 1.8627471 1.1635919 3.2326543 -2.5838523 0.86090237 0.70771956 -2.2951577 -2.9623792 1.353294 0.7462504 -1.0732008 -2.6810315 1.378582 0.5680871 -0.86689913 0.15234335 -1.8061874 -0.058051713 2.1411602 1.0858874 -1.8487769 -1.3645601 -3.1865819 0.18022303 0.7014612 -0.62156516 -1.158453 -0.8306666 1.5252439 1.23979 1.7037255 0.14769238 -0.54049164 0.47561774 -0.16599166 2.3609986 0.92443806 -0.33735707 0.4835277 -3.294309 -0.43874726 0.86300653 0.9513825 -0.1695291 -1.7207494 1.0486668 0.3259021 0.619111 0.97780913 3.205302 -2.3385184 -1.4431064 -1.9359521 -1.8579032 1.1235754 0.15642369 -1.3147135 1.8432931 -1.5419811 0.6583863 0.32802656 -0.16399127 0.27344972 -0.45292053 0.40410575 0.39436802 0.52184176 0.52307177 0.8850523 0.76695246 0.11816081 -0.355761 -1.0060657 0.6939975 -1.1612172 -0.74784875 0.32189554 -0.79777014 -0.25373396 -0.39806533 -0.68508166 -2.6626217 0.2075442 0.3537217 -1.4725217 0.76856625 0.36391643 1.6764668 -1.6272502 -0.21453701 -1.7023706 0.37956244 1.5978844 -0.5510819 -0.9165546 -1.0644956 -2.595614 -0.5855628 3.3227584 -0.9569236 -1.070457 2.4230793 0.16077554 1.6279545 -0.8041676 1.279944 -1.1800995 -0.9537391 -1.2697494 0.5628308 1.7146757 -1.4748946 -1.878136 0.8570922 1.6450907 -0.22647862 0.33300358 1.2060003 0.8009854 -0.3191088 0.49650937 -2.1124625 0.79719514 2.4525316 -1.9006809 -0.96413755 -0.18313189 -2.105436 1.7821851 1.2445735 0.7524137 -1.9710304 1.6666316 -1.7731247 0.41132647 -0.60809433 0.7026973 -0.026838658 1.9645286 -0.19707583 -0.58458036 -0.44426283 -0.2758107 -2.1238966 -0.24144447 -1.1513433 -1.9302188 0.7390192 0.6902585 -0.6656354 0.22749625 -0.94800246 1.4456435 0.5924535 -2.7407322 -1.0139904 0.55601233 3.4730062 0.19540404 -3.2470994 -0.09003709 -0.7587916 0.874703 -1.763648 -0.4758777 0.21603915 1.3302859 2.6447527 -0.0909047 -0.8666799 -2.288094 -2.1672964 1.076677 0.7638538 -0.43736398 -1.7624127 -0.4123121 0.52383333 2.171098 -0.991433 -2.4307487 1.2567768 -1.4818466 -0.85772717
vin 1.0769715 0.9769977 -2.0067508 -0.6153928 -2.0231192 -0.2984924 1.2548219 0.60548836 0.72154176 -1.9940609 0.62583655 -1.3053136 -1.1348265 -0.6671568 -1.6788846 1.2524488 -0.12356172 0.88219833 -0.9783871 0.2197517 0.9096474 -0.46951088 2.1236236 -1.8930604 0.6080186 2.3187413 0.69660926 0.833747 0.44956103 0.33396986 -0.62979794 -1.2160068 -1.3100513 -2.9007678 -0.17516528 -0.6234355 1.0214761 -0.31414303 3.2470624 0.24069425 0.5565804 1.2657508 -0.6296399 -0.21686058 -0.20346111 -1.3475311 -1.1132987 -0.88926905 -4.393938 -1.5367959 -0.48429468 1.2036157 0.8804623 2.5333927 2.3027098 0.24139282 0.7010097 -1.9882325 1.6843185 0.3798331 -0.164464 -1.0147144 -4.659252 2.6698341 1.4460996 0.55019534 1.1367675 0.114239074 0.0022557988 0.6023105 -0.99215966 1.03928 0.7476238 -0.8222083 0.7262946 -0.9669859 -1.6566705 2.2602003 1.3247135 0.076797016 2.0089285 -3.1380339 -0.5031691 0.44374186 0.8607678 -1.1063418 -2.9117584 0.24244703 1.0271214 -0.5874316 -0.29419094 1.42418 -1.8501624 0.9094564 0.5831107 -0.6028887 -1.6996245 0.35139003 0.8053394 -1.6982338 0.83195776 -3.2032874 1.1046414 -0.3060244 1.4940417 -2.2176259 -1.8662446 0.16285324 0.61486334 0.7168683 0.40549573 0.5441029 0.2537808 0.75206393 0.86957115 -0.62874836 -0.7720287 -0.80590093 1.060219 -4.64569 -0.02223007 2.4693484 -2.7011027 -0.94607854 2.2375147 -2.936616 0.26788378 -2.443861 0.8158219 -1.2954254 -0.90230376 1.1861221 -0.19750212 2.2201889 0.5559765 0.41904145 -1.133317 -0.8579791 -0.43815953 -1.0647675 0.80884826 -0.43048215 0.4399766 -2.18751 -2.109458 0.25712246 -0.35917988 1.9272567 -1.0981734 0.22795123 -0.6923969 -0.5977081 -0.93006593 -0.58199215 0.03726258 -2.6129951 -1.0311959 -0.55446523 0.29390967 2.4505088 -1.6321253 0.4075502 0.054811977 0.95340407 0.92389816 3.0304947 -1.3841108 -1.1183233 -1.0949134 -0.92103046 1.2970093 -0.82055414 -1.753161 0.6903231 -2.711623 -1.2775878 0.24319637 1.945819 1.0787953 2.8169093 -0.84664106 1.5637199 1.2308536 0.35125875 -1.2301747 1.3599968 -0.8652586 1.1220728 0.8893392 0.06667451 0.9070674 -0.36242914 0.86501384 2.0663397 -1.1831965 -0.21666965 -0.4500112 -1.5610318 1.0072337 0.3492472 1.3555819 3.1127443 -0.9052093 0.5181925 -3.1031327 0.15620112 1.1496205 2.1943433 3.0394702 -2.6987016 -2.1957302 -1.6854671 -0.36131284 -2.0782213 2.2793858 -1.3474067 -2.0180287 0.3978515 -0.12402451 0.18881233 0.02144808 -2.320115 -3.1851094 -1.3951192 -0.22425517 -0.67429054 4.418384 -2.4052212 -0.23497899 -0.8209102 -0.58558387 0.5004955 0.12285907 2.1703923 0.83311766 2.684577 1.4492065 2.6562517 -0.2684859 2.0606127 0.98452 -2.7957954 0.061543215 -1.577539 0.036418103 0.03137841 -0.4726741 -3.0669715 0.3136435 2.8372896 0.8277016 0.4942833 -3.2066922 -0.11856936 0.48740846 -1.0507658 -0.41129595 -1.0098314 -1.3995697 -0.2215996 1.4264778 -0.52053785 -1.2788721 -0.49139193 -0.5666443 1.0050002 -0.030062215 0.3300308 -0.26341885 -0.20004475 0.47570628 -0.22425458 0.79705304 1.7002861 -1.1425594 -2.919369 -1.1855271 -0.78411007 -0.7598917 -0.0007808531 1.5532441 0.72924554 -2.2828395 0.2920265 1.6201732 0.1208818 -0.4348736 -3.1777012 -0.18799138 2.7883756 -1.65636 0.6041728 -0.18138655 2.621785 -0.96686465 0.91816664 -0.40483284 -2.0049229 -1.3738002 -1.848236
choklad 1.2025317 0.47894412 -2.1751812 1.0548724 -0.4115463 -1.4149727 -1.5280479 -0.92842364 -3.1677403 2.0840619 -0.27515078 1.7475094 -1.6782309 1.3654212 0.5716748 1.1123022 -1.9977468 -0.023957508 -1.2677829 1.8662497 0.24379954 -0.05708771 1.3197198 -0.69847244 1.9044569 3.3568516 1.8478976 -1.2984626 0.6615432 1.2701663 0.6364234 -0.40399447 0.88605124 -1.4690928 -0.73475105 -0.6356536 0.27872622 -0.62741685 0.83565176 1.63461 -0.3531188 -0.6157783 0.9787688 0.6335235 2.7799158 -2.671005 0.81008184 0.7205844 -1.0268031 -2.1917613 0.8789507 -2.7280092 1.0861522 -0.8490322 0.9607257 -0.5971116 2.1172845 -1.8668958 -0.9687281 0.55560064 -2.863215 0.7592819 -2.4462688 2.1869183 -1.1908839 2.6285257 1.9130732 -1.455679 -1.3470986 0.0015160264 -1.7656535 0.3023067 -0.79536504 1.514717 -0.89277744 -1.407991 -1.3835287 -0.43932486 1.4274076 -2.4447372 -0.9191173 -0.66459435 -1.041364 -1.6638331 2.4052608 -0.2442529 -1.8122727 0.7431222 0.21483654 -0.37678906 2.2850394 3.0059657 0.54600745 -0.026846724 -1.9050437 -2.0721104 0.6749805 1.3313161 0.8007136 -0.34630343 1.4976642 -3.4221244 3.7187548 0.6265473 0.9324653 -0.42088193 -1.1818026 1.955548 -0.37176967 0.43753088 -1.3530673 -1.1917536 -1.1643 3.0109804 -0.520137 0.89488894 -1.294846 0.3378049 2.8778205 -1.0527751 3.4305272 0.31201738 -1.5665423 -0.7194157 0.63766617 0.6673672 0.46353248 0.57528657 2.8911479 -0.054710556 -0.20454893 0.30672732 -1.4173083 -0.66548806 3.0044973 2.6775289 -1.3097143 -1.1187966 -1.8964862 -0.84130377 0.40953627 0.28816587 -1.995599 -0.8289225 -0.94095206 2.2197576 0.40056026 1.0438501 1.5947627 -0.24452262 0.9022649 1.4086115 0.33956328 0.18137677 1.7129685 -2.8218708 0.16885097 1.0335275 1.6722986 0.77270824 -1.0684832 1.38023 0.45725375 1.2265693 -1.478648 3.9342034 -0.68570393 -1.1425751 -0.019873349 -0.950253 1.1062504 2.1743417 -1.3589627 -1.3070959 -0.8797948 0.044584703 -0.6832864 2.8196507 -0.03544185 -0.17196587 0.5684164 1.3062289 -2.5424058 -0.09718435 2.0862558 0.9888113 0.67922217 0.86251426 1.23293 2.0344563 -0.21902831 -0.68950003 0.52244574 0.50369835 0.3517467 -0.35731614 -0.43107152 -2.0459714 0.74363655 1.4072825 0.22310658 0.9417966 -1.6823486 1.8619564 -0.6835076 0.3604516 1.1409969 -1.4671088 0.4939263 -1.7801881 -1.3244418 -1.708917 -2.7054214 -2.54268 1.8804688 -1.308266 -1.225716 0.86228925 -0.49157727 1.3718196 -1.7016431 -0.07429224 1.4465252 -1.4177399 -0.82426995 1.6975222 2.1335995 -2.3187761 0.36281094 1.8809009 1.3555624 1.4487202 3.2754772 -0.17620906 -1.9089693 1.98313 0.47382787 2.489765 -2.310512 -0.08792734 -1.2707245 -0.95927364 -0.1866272 -4.1348567 -0.8311273 0.83249116 0.5318627 -1.2844672 1.170337 0.5253926 -2.6846757 1.4244825 0.74007547 0.27290964 0.040791105 0.54722965 0.3754372 -0.48717943 1.3298409 -1.8251644 -1.3081416 -0.20409991 0.0027156416 -0.74250376 -0.23059608 -0.09263552 0.8425889 0.09674136 1.4218847 0.6834292 -2.7808979 2.423201 1.5493231 2.3226721 -1.1346085 -3.885907 -1.0302778 -1.4341955 -2.8599522 -2.7581885 2.7127988 -1.7153013 1.9976649 2.648645 1.5038135 0.31564143 0.29246572 -1.2457997 -0.657338 1.65924 0.28035897 1.551959 0.98646235 -1.6861851 0.16061084 -2.441681 -2.079637 1.9219702 0.15974247 -0.7170961
ägg -0.81516385 2.8213387 -3.2300756 1.9971926 0.540174 1.4105403 0.03758364 -2.2850878 3.1066346 -0.96218 -1.0060818 1.2766306 0.17756446 1.1161199 1.3059977 -1.5717136 -1.9567044 0.05013956 2.6291258 -0.98107404 2.8505151 -0.29737496 1.9083134 -0.09225434 1.708791 2.727714 3.8489215 -0.6904124 -0.8650204 1.2761502 0.42009607 0.88083005 0.013052861 1.2938243 -1.2707402 -0.5436058 -1.6589259 -0.984435 0.5487818 0.21446458 -0.4601333 -0.04522826 -0.36243734 -0.18085927 -0.35802448 -3.3408895 -0.35330448 -0.43536064 -0.7397115 -0.3676184 0.08874764 -1.1184877 0.531001 2.236751 -0.6930727 -2.070899 -0.07958401 0.00035817188 -2.5577154 -0.36484447 -1.7838748 0.7376155 -1.1857518 -0.86008674 -0.0016122262 3.6046567 -0.36761868 -1.8302354 -1.0368235 1.2023759 -0.54472697 -1.0101243 1.754801 -0.37797424 -1.2051413 -2.32034 -2.4664626 0.6611396 0.1251512 -0.6586082 1.8654162 -1.644381 -1.0595301 0.3880171 1.4875817 -2.635743 -3.8884602 0.057215545 1.1934705 0.4792605 0.97172105 0.9056684 0.71336687 -0.22416691 -1.0473996 -2.140394 -0.0640419 -1.1397698 -0.9964791 -1.8061447 0.25856757 0.00190358 2.746546 -0.6732264 1.4398303 -2.3420453 0.5839661 2.093918 -0.8924474 1.9536235 -0.49536118 -0.970055 -2.392424 -1.154423 0.38320076 3.738592 -1.0987915 0.1485884 2.6403933 -0.9050686 1.9862437 -1.1034263 0.036630023 -0.14199506 0.041810494 1.739533 2.584134 -0.33329156 1.5567912 0.11862683 0.36148772 0.75366175 1.3916305 -1.962023 -0.3431408 1.4670981 0.5920813 -0.3467309 -1.0107653 -0.932987 -1.920815 -0.7891185 -0.027941369 -0.26462126 -2.9684148 -1.4387071 -1.8877496 -0.2534646 0.75052726 0.21769755 -1.1119541 0.8098828 1.2305938 -0.5849176 0.45574358 -1.4841684 -0.49155045 3.54168 -0.38619113 -0.45524907 -0.42449418 0.3737497 -0.9933975 -0.60990953 -0.90657055 2.4627757 0.96110064 -2.4256792 -1.0782783 -1.437845 1.1563299 1.6928763 -2.7125194 0.97194684 -0.94595164 -1.4021493 0.15210746 3.765978 -0.03893868 -1.8145937 -3.001582 1.0970507 1.6835934 0.96425986 1.5785906 1.6808993 -0.09219975 -1.0972376 -1.174145 2.6749427 -1.0233471 -1.2245445 0.513241 -1.5624474 2.8813162 -1.7719297 -1.6183394 0.16798075 0.42688388 -0.5297081 1.9515938 1.4653451 0.9553862 -0.41677153 1.1175649 -0.7143164 -1.5689586 -0.41914538 1.1833514 1.6894246 0.08324527 -0.8408122 -1.5012288 -0.280108 0.72884 -1.0068356 -0.68410707 1.8683838 1.1686478 -0.16719651 -4.539549 2.5680392 -0.60593843 -0.9369003 -1.2507566 -0.2496549 -0.44119793 -1.5735555 1.5630202 0.0894281 1.0323237 1.0242728 2.5965314 -0.5177982 -0.31185475 2.9250064 0.56636167 -0.57016397 -0.6347085 -1.7956241 -1.2366983 1.2934681 0.0044137863 -4.394786 -1.5696064 -0.84810495 1.1022611 -2.0205836 -2.399717 0.015635699 2.6673808 0.99360156 -0.7275188 -1.0045558 -1.7751459 -1.9070024 0.3394971 -1.5301471 -0.2607636 0.14729021 -0.007574926 1.0565013 0.10860637 0.04470369 0.021133216 -0.66053283 -0.2638132 -0.028845038 0.08318928 1.3284422 1.1419247 1.4142855 1.1102057 0.20908356 -1.8299032 -2.6369033 1.6872857 -1.2127489 1.0106579 -2.917461 1.0003114 1.073069 0.559979 -0.68115205 1.4794894 -2.0235052 0.025108019 -0.999152 1.2743008 2.7369351 -0.0055152755 0.89923596 -1.0501668 -0.5489266 0.35893127 0.5968889 -1.3086785 0.74322915 -1.2752736 -0.37814388
bröd 1.4257658 0.7089043 -1.5419953 0.39859417 0.45999822 -0.5669243 -0.23660427 1.6000726 -0.33672357 -0.16087325 -0.06407756 0.18285884 -0.1481243 -0.15678225 -0.97365814 1.4961623 -0.5576113 0.86158293 1.4132353 1.3153505 0.871888 0.65065575 1.9022458 -2.933781 0.65989774 2.0706317 1.1720386 -0.108060494 0.07120723 1.0235665 1.203082 0.36555025 0.75766397 -0.026566861 0.24133225 0.62006545 -2.0240073 -0.99960554 2.1318886 0.04063784 0.3504651 1.1799668 -0.11671122 1.3476474 2.4693394 1.1665627 -0.08623067 0.5093035 -1.936842 1.8468598 -0.21034452 0.10988857 -1.3875144 1.4081583 1.2815344 -1.1179526 2.4793174 -2.4696283 -0.06764929 0.03453597 -1.3813212 0.59747547 -1.6905247 0.09738835 1.2037379 0.720149 0.1771909 -1.60194 -1.4618114 1.0003817 -2.0312226 -0.07253583 1.7051018 -0.06378838 0.860643 -2.9198337 -1.6373849 0.2160861 0.33389047 -1.249611 0.39333865 0.3262466 -1.1823661 0.10488603 2.930507 -1.288281 -2.2145982 0.8402078 0.02096949 1.3791564 3.037602 3.6930726 -1.3416009 0.25382677 0.88089657 -2.9715374 -0.8007186 -0.55887616 0.12911971 -1.9548717 1.1481863 -1.7831595 3.0834587 -1.1597649 2.3954492 -3.4101577 0.8073615 0.527578 -0.26992556 1.9465157 -2.9039373 -0.41944286 0.15421963 -0.7584425 -0.767404 1.9495922 -0.6343036 -0.39368382 1.0473807 -2.2614148 3.292561 0.8993251 -0.34376255 -0.80211097 -1.0100355 -0.3066802 2.515633 0.51302254 0.48338634 1.2507294 0.50568086 0.4014919 0.18266669 -1.0144056 -0.16385181 1.8983381 -0.86416876 -0.5089439 1.6645975 -0.77878577 -1.6573794 0.5740474 1.0086355 -0.2218388 -1.0504812 1.6915822 -0.79019475 1.484699 0.6415366 1.8153344 0.1030255 0.7057274 1.8876716 -0.1989074 1.7419732 -1.4281168 -0.77569675 2.6469173 -0.6921772 -0.041450962 -0.7119897 1.1081871 0.551478 0.71002626 0.4265728 3.4372578 -1.6325306 -0.95159274 -0.9212923 -3.3647294 -0.3416052 0.66539943 -1.9694784 0.2274558 -0.7782314 -0.84663635 0.065225326 2.580753 0.2653592 0.15571405 0.571285 1.440659 -0.0021502357 0.12790222 -1.028229 0.1610172 -1.9334134 -0.098937705 -0.66041696 0.94344026 -0.93759865 -2.3405194 1.1948742 2.6852093 1.9115939 1.2798563 0.012457232 -1.4687607 -0.02802741 0.50463635 -0.06851068 2.4600065 1.5442188 0.106180295 0.14597805 -0.8207716 -1.0769352 -1.7031944 0.71668106 1.0253953 0.30678093 -1.6071287 -1.1824744 -0.5208324 -0.0525039 1.2830396 0.38865584 0.13300654 1.6155745 -0.26538065 -2.5327387 0.892785 -0.9484559 -0.4346557 -0.9236169 0.32321492 1.9703724 -1.995542 -0.950719 -1.2076844 -0.423448 1.1765122 3.3823786 1.7061596 -1.2389723 3.001924 -0.6917985 -1.4801173 -1.5868709 -0.4941235 -0.8243466 -0.6934807 -0.3353939 -4.162815 -2.055446 1.3480619 -1.63128 -1.7943168 -2.5299764 0.528095 0.6321491 0.7907868 1.8413721 1.0048143 -2.9081326 -1.1659119 -1.0481014 -2.8089032 0.10346482 -0.23234332 2.1148145 -0.077320956 0.64637214 0.23022676 0.14525838 -0.3435295 0.74185073 0.7748607 -0.20938697 2.245835 -0.80322564 -0.818695 -0.33980188 0.8529096 -0.98685604 -1.8623426 0.6630979 -0.35138106 -1.4376538 -1.609239 0.122174636 2.0947068 -0.41083238 1.16621 2.799828 0.4734606 -2.3877888 -1.8528461 1.1770188 0.84813046 0.3829864 2.140899 2.9908912 -0.06457213 -0.36377805 -0.2626938 -3.1708276 0.38554576 -0.27464986 1.6158304
fisk 1.7660247 1.6349981 -1.8831838 -1.0613259 0.22327459 -1.6254677 -2.0716684 -0.73421055 0.9932808 -0.024148898 2.3745239 -1.591311 0.9399693 1.1929262 -2.227399 -0.32417238 -1.108711 -1.3786329 3.048354 -0.17971472 2.3596635 -2.0360618 -0.46711022 0.022939226 -0.4071324 0.56156623 2.9654026 0.7961137 1.5850335 0.37275767 0.071058124 1.393419 -0.3952427 1.0452278 0.71161264 -0.736284 -1.8079724 -2.4157763 -0.27132946 3.5610287 0.43670136 0.7124584 -0.59742254 2.2275746 -0.043117505 -0.65936154 0.39223266 -0.28317684 0.66432464 1.1479756 1.618896 -1.2495521 1.1366504 1.1725856 -0.23076874 -0.8612193 1.3395418 0.6309438 -2.1970294 -0.3417634 0.71196026 -0.6688988 0.13968617 -2.1534343 1.046049 1.0458245 -1.8415586 -0.31527942 0.9488112 -0.8323697 -0.887721 0.5072327 2.5548947 0.8482006 0.25414 -0.64972043 -0.3723573 1.4271923 -1.9459753 0.3147006 0.48088527 -1.734922 -1.9494896 0.525652 -0.013120729 -1.4834355 -2.0112553 0.30017015 0.06326898 -0.33541796 -1.3642219 2.0195081 -1.5161644 3.1248322 0.91919357 -0.6282192 -0.59423983 -1.7859669 -2.7222402 -1.5971669 0.58955884 0.64222944 2.0987403 -0.30802244 1.1462773 -2.2350035 1.1292001 1.9964634 1.2293295 1.4851049 -2.3956385 0.2989801 0.78753406 1.3937458 -0.7680451 2.1326602 -0.88743687 0.3340136 0.8433482 -1.6885945 3.4826136 -0.6491004 -0.42264473 -1.0650436 0.5523238 -0.1906843 2.2153916 0.47522908 -0.014808142 0.8232335 0.29432997 -0.61552215 1.5385041 -1.8747888 -0.79073507 0.77853364 -1.1310463 -0.37899217 -1.4713169 -0.81795615 -0.41396445 2.5085816 0.6697897 1.493576 -2.184256 -0.15333068 -0.7891443 0.5068791 -1.3156229 1.0956491 -1.4942998 -0.91218776 -0.8644288 2.5029633 0.16462441 -0.1847143 -0.32985854 0.64160323 -0.4000105 2.6022186 -1.0290875 0.57069707 -0.8690003 1.3499851 -0.11564168 0.18288006 -1.0752611 -0.3343648 -0.28324246 -2.0837698 0.1509353 -0.87849987 -1.9506503 2.208402 -0.9332947 1.0596634 0.55614614 2.5867274 0.8443364 0.18547072 -1.1235874 0.4971142 -0.53956705 0.28098413 -0.23763771 0.9893878 -2.4948575 -0.19696727 0.9732022 2.5560555 -0.86158895 -0.6530989 0.48561662 0.11932982 0.7165816 -2.582272 0.66010636 -0.111038014 0.9008501 -2.376729 1.4372325 1.3267084 0.77655035 0.16451578 -0.32160562 1.1193348 -0.91935885 0.10423788 0.8049123 0.73229235 -1.7242603 -1.0970504 -1.8536842 -2.4383724 0.43430433 1.1693105 0.5321664 0.4990108 0.66354173 -1.6079888 -2.0397909 0.24049723 -0.20552391 -0.19432952 -2.5737875 -0.3118849 1.3488687 -0.51317316 1.4649599 0.5041752 -0.07324018 0.30388314 1.8727902 0.9756825 -0.046124395 2.7859004 -0.42037177 0.34262684 0.390176 -1.4312608 -0.4768763 -0.47207448 -1.3217632 -2.7613308 0.42307076 -0.41385102 -1.3654224 -1.7269354 -1.5347034 0.43128863 1.5732497 1.7463565 -0.8689519 -1.14373 -0.48222107 1.610943 -0.7094474 0.82696676 2.440141 2.765496 2.7846344 -0.9491868 0.94077045 2.2969937 1.7575023 -0.9729301 -1.9599302 -1.516085 -0.7010622 0.11378275 1.7376851 -0.38010848 -1.5226355 -1.1784202 -0.5505414 -3.119257 -0.053588618 -0.34448892 -0.27395955 -1.5123087 3.0561173 0.32237327 -0.94381213 -0.6700247 1.6791962 -2.097414 -0.74363613 -2.529382 -0.6914195 2.6572623 0.6755674 1.2911544 0.76403344 0.012937924 -0.22970305 0.6910605 0.46346456 1.0854644 1.5571522 0.8807578
öl -0.43335035 1.8524226 0.037788365 -0.48337182 -1.3626813 -0.16857654 0.62604094 0.5000134 0.6175291 -0.17126246 0.79580325 -0.87249666 -0.26855388 2.5446806 -0.5392899 1.8316015 -0.8460121 1.4872048 -2.062216 -0.29607564 -1.3381001 0.724674 1.2858958 -3.4142838 -0.0010194841 3.4291677 0.53694606 -0.36741105 -2.4364634 0.7244444 0.27692276 -0.43234357 2.0612843 -2.2323914 0.39470884 -1.0530255 1.1747944 -0.84134644 3.4860423 1.4528621 0.9925939 -0.66456413 -0.15803976 0.96405846 0.33702 -0.75405353 0.93902856 -0.028224563 -1.6394329 -1.4081391 0.21424247 0.22572613 0.399802 2.2585664 2.0568843 -1.4318646 0.763642 -1.238503 1.4427981 0.49344274 -0.7209151 -0.5316692 -2.77669 -0.003261272 0.4405604 -0.2803906 0.6770448 1.6936699 0.10739404 -0.24953137 -0.1757928 1.9306219 0.058266234 -1.4730684 -0.04864802 -1.4132724 -1.5087776 1.3550249 1.395312 0.8180017 1.4672842 -2.312756 -0.84905934 0.24631731 0.56717896 -1.1055309 -1.9597956 1.1046017 0.77349854 -0.84863216 0.20400003 0.9654694 -2.0131886 2.5879714 -1.9249201 0.7980971 -1.5872324 0.1384369 0.703791 -0.81854075 0.9192517 -2.377223 0.3549518 -0.76258886 1.7124519 -2.6241736 -2.7817042 -0.309385 1.2280163 1.0659791 -1.1261135 -0.1564711 -0.6621822 0.20345117 0.21801601 -1.8038473 0.7144594 -0.32549113 2.166787 -2.8380816 1.8962792 0.6809803 -2.3000364 -0.12500155 2.4530816 -1.9666823 -0.0723637 -2.4248466 2.2656164 0.7312503 -1.5567427 0.4730051 -0.41594207 0.5529414 2.9052012 1.0319474 -0.21844263 -2.1378872 -2.1750252 -0.4428416 -0.6158059 -0.29794765 1.3662481 -2.2105112 -1.8146216 -0.06736312 0.46891072 1.6106802 -0.35562444 -0.1302832 -1.2268107 -0.20289579 -0.47890952 0.078255266 -0.14175963 -1.7968915 -0.0023127352 -0.83236253 -0.4405454 2.1199791 -3.2706237 -0.41555098 -0.8511596 2.823365 0.27578118 1.1718801 -1.907695 -2.7150755 -1.4899362 -0.8228224 0.30447024 -0.15889424 0.94761497 -0.8621016 -3.5305789 -1.8192035 -0.8498606 1.7432802 0.71329015 1.7772006 -1.4338214 -0.40972644 2.0779345 1.1554365 -2.699674 1.3096794 1.1091142 3.6703882 0.4447814 2.3689437 1.0441096 -1.3547245 0.93955445 1.97968 -2.2696364 -0.79718274 1.0405804 -1.1910737 -0.034721304 1.0470077 1.5214207 2.4900978 -0.88674164 0.40340778 -2.6187127 -1.6516112 1.9034587 2.062671 0.77112556 -2.1227765 -1.6421677 0.4195318 -1.7776176 -2.3325412 1.4572293 -0.41255137 -0.8153492 -0.04307188 0.4104481 -0.5912767 -1.7366365 -2.7740583 -2.1423094 -2.3542314 -2.1894045 -0.99768025 2.6873062 -1.1762769 0.6880711 1.0100085 -0.39589655 0.13090739 1.786392 1.5860773 -0.43524963 4.207673 2.6603003 3.811515 -0.9646231 1.0344069 1.9552901 -2.993408 -0.79502094 -1.9592415 -1.7642003 -1.1012362 -1.672729 -1.8439548 -0.63818806 1.5881689 2.9499214 0.6770121 -2.5808432 -1.1026005 0.12457182 -1.8908758 -0.12656926 -0.68583214 -0.15556529 1.345111 2.695288 -1.9271007 0.2707333 -0.7164818 0.41848105 1.73664 -0.8666865 -1.2331915 1.6524948 -0.31916472 0.7591445 -1.4487013 2.22443 3.087312 0.051751044 -3.553103 -1.2465639 -1.0488671 -1.3171844 0.07304682 3.7707138 0.8782045 0.27879608 0.3854385 2.7877226 0.8783706 0.89436406 -3.0469022 -0.3119804 2.3567133 -0.80962384 -0.5511928 -0.3857062 1.3862028 -0.71019137 0.14424282 0.38178876 -1.7063888 -0.9900778 -0.4434513
ros -1.0427233 -0.79697174 0.06726452 -0.06735585 1.180217 0.21178289 -1.6384218 -0.2954418 -0.18358259 -0.78975976 -1.4103881 0.61625046 -1.492954 0.024918422 0.7171462 -0.7420262 -1.534855 -1.2456442 1.3729281 1.2715244 1.4997531 1.9672843 -0.9062568 0.3550214 0.62601 -0.17364241 0.64333594 1.0961804 2.4177341 -0.58548325 -1.5095918 -0.50468373 -0.87716997 0.17685303 0.26532543 1.0416956 -0.5651948 -1.2106593 1.583068 1.3900903 1.418259 -0.037580214 -1.358467 0.5694925 -0.8337328 -0.16245149 -0.29933497 0.08285751 1.6201684 -1.3407255 1.4341547 -0.18319896 1.380717 -0.5839103 0.87619776 -0.59276986 -0.4962662 1.4785068 -1.0992478 -0.7820043 -1.7110397 -3.3673897 -0.054690104 2.382711 -1.363163 0.92730397 -0.3402515 0.09164714 -0.9881197 -0.6632299 -2.0334668 -2.9358 0.16427669 1.575134 -2.6130204 0.38120288 -0.3851577 1.1736242 3.0190294 -1.6319453 -2.393117 -0.49206942 -0.9839411 0.31087884 -0.11424509 -0.2014166 1.2230308 0.17799047 -1.2458636 1.3140439 -0.48720214 1.0985866 -0.61579245 1.6997783 -0.024014292 -2.8353038 -0.42785612 1.056931 -0.03635546 -1.1866076 -0.6125823 0.73011166 1.1615142 -1.1709361 1.6512039 -1.1574504 0.31474674 2.2727754 -0.17620398 1.0321238 -0.2037248 -1.5473781 -0.8763401 0.36927196 1.0190831 1.7549306 0.15432072 -0.97747445 1.4116181 -0.47802505 2.8090906 -1.6640292 -1.4291258 0.39473435 -1.0974357 0.5501868 1.8915042 -0.3942624 0.12151578 -2.2384796 0.35458738 0.8183501 0.20919506 0.12800243 1.325581 -0.22424734 0.57515115 -0.3096914 2.0717654 1.1002218 1.3679228 -1.1373694 0.88883936 1.3601959 -0.12454212 -0.81723744 1.5597588 2.169963 0.69387114 -1.4489673 -0.9725801 0.26587388 0.9915866 -0.6588436 1.5207602 -0.1607011 -0.85067505 -2.1092303 0.7505407 -0.029340623 -1.3283079 -0.12490071 1.2931842 -0.26906002 -1.4319153 3.3119574 0.5108394 -0.33588874 0.6032659 0.12200759 0.5045054 0.49508786 -2.1259925 1.2272071 -0.3410326 1.5626297 -1.7715884 1.4464478 0.43849573 -0.5316775 -2.484266 0.5100913 -0.8813039 1.5953271 1.9030666 2.5692332 1.5426086 1.8257729 0.8025043 -0.605182 0.3196656 -1.0901347 -0.20155124 -1.404848 0.03088724 2.245391 -0.053480826 0.7590436 0.028246474 0.6212953 0.901531 0.7630692 -0.7987169 -0.59301174 0.18529725 -0.015526426 -0.86512107 2.0167627 0.97020686 -2.7462661 -0.8145624 1.7004495 2.128344 -0.9688118 1.7851924 0.29858866 -1.4328945 1.9887799 -1.1772779 0.99598557 0.4159013 -0.7546535 -0.22204581 0.676503 2.3480265 0.96306115 -0.027267976 -0.93027514 -0.9723097 -2.0428271 -1.2689708 0.32838967 -0.20530392 -1.7334806 -0.33462656 2.8881736 -0.72148955 0.06279107 -3.5716953 -0.5525406 -1.4473026 -1.4589404 -0.77382475 -0.4969595 1.4739851 -0.14496109 -1.841222 -1.0163603 -0.026925776 -0.08801951 -1.6493665 0.9966429 -0.11976465 -0.44567072 -0.62647533 -3.098171 0.7052964 1.9315283 -0.8257688 0.24170698 -1.0142089 -1.5010183 -1.4109625 0.0590451 -2.3069813 1.071066 -1.9647115 -1.4163151 -2.4704041 0.3288818 -1.0628397 2.0657933 -1.3162104 1.5669398 0.36208114 -0.78229046 -0.48450342 0.9412647 1.9014584 0.57430387 2.791786 1.0961378 2.051865 0.91586745 0.41593954 -0.6059629 -0.03503438 -1.2282782 -2.0577662 0.54987925 -1.3440351 0.5875572 -0.5958543 -1.4627776 0.11447416 -0.443328 0.53249454 1.5216732 1.667255 0.760448
potatis 0.8691336 -0.55895644 -3.8827586 2.5440323 1.2328817 -1.3189586 -0.7853844 -1.8769819 1.3842821 0.92616886 -0.6135432 0.4357178 1.5170143 0.5210093 -0.69850415 0.4841182 -1.4466466 -0.46888968 2.5350316 -0.3047681 0.7553427 -0.4662596 2.7080731 -2.6550546 0.729464 0.096216105 1.839281 -1.1385518 1.5151621 1.7855496 1.6285211 0.5976361 0.6126533 0.002008033 0.08712774 0.92636263 -0.9146068 -0.47792405 1.1126987 2.0728261 1.3449552 2.0171795 -0.43321708 0.6718442 0.9353303 -0.1064124 1.576606 0.35566857 0.5420517 3.149077 1.5572658 -1.053465 -0.04486878 1.2587577 1.6390991 -4.3455834 -0.4096769 -0.5996748 -1.7608242 -0.8188262 1.0891864 2.0592644 -0.20391752 -1.1415659 -0.88841146 1.4247696 -0.730847 -0.93961936 -1.5244337 -1.0586698 -0.26262832 1.1998886 2.9330451 0.48675692 -0.10205947 -0.79762113 -1.3183154 0.48787504 -0.43670616 -1.9381374 0.69865775 -0.491398 -0.24267612 -0.35448417 1.3103839 -0.84814394 -3.6338763 2.10958 -1.7307695 -0.8518468 -0.39516005 0.24570794 -0.2457912 0.25126836 0.9289782 -0.23321328 -2.2666607 -0.08841254 0.8652648 -1.821481 2.2969434 0.1799633 2.1391997 -1.3646264 2.4255822 -2.0154152 1.2839409 1.3869171 -0.41000932 1.0193158 -1.451424 -0.8937491 -2.8179631 0.6717152 -0.60792243 3.7754793 0.9281627 -1.5245022 2.0570552 -0.86308086 3.7059073 -0.9536538 -0.12004734 -2.0724375 -0.37340736 -0.58141345 -0.22285537 -1.379011 0.31918257 -1.4370216 -2.2982156 0.6933367 0.94597584 -1.3643931 -0.44747153 2.1329503 -0.9968918 -0.5088165 2.0321763 -0.23534413 0.44898224 1.6955229 0.64755666 0.41350237 -2.9565127 0.12960455 -1.4737684 2.7863643 0.42999756 1.5815905 -0.9502911 -0.4875522 2.1164362 0.515064 1.3684957 -2.96004 -0.87160975 1.1357144 -2.0671515 0.4454825 -0.5549701 1.3120856 -0.5800252 0.6201521 0.13745841 1.0699257 -1.1002856 -1.2940584 -1.1207292 -2.6970456 -0.39411566 -0.9191784 -2.969594 0.15203556 0.064002365 -0.0042186812 1.660065 2.5720303 -0.4760859 0.95776165 -0.22852412 1.5502542 -1.6802664 -0.09766131 -0.4994597 -0.11462992 -0.45665768 -0.91376007 -0.37426162 0.2040772 -1.4413269 -0.32996938 2.4997623 1.4349641 0.23700684 -0.32153016 -1.1822767 -0.48861784 0.81628776 -0.26082632 3.0311782 1.3486215 -0.3205291 0.78576183 2.8978 0.7732703 -2.3536348 1.1821896 0.55440325 1.2491977 -1.1019096 -1.8525851 -0.037240684 -1.742038 2.4807637 0.80375946 1.6497543 2.0466394 2.318056 -1.9470915 -2.90074 -1.040507 -0.39271015 -0.3822956 -1.8603351 1.4546456 1.3633722 -2.015279 -0.99698925 0.30341512 1.7148421 0.019007541 4.669954 -0.6843681 -1.2740637 1.7408929 -0.49065796 -2.3236756 1.102129 -1.2985437 1.4035563 -1.1299812 0.104866 -2.519627 -0.44227785 2.2687075 -1.0363619 -1.8992302 0.098157175 -1.6830544 1.2808238 1.7019655 -0.55914915 0.048266493 0.13068877 -0.4017111 -2.3381236 -0.6410339 0.70318305 -0.4793145 1.1144955 -1.9832127 0.38355646 -0.53265226 1.4960624 -1.6231654 -1.0206902 0.2466189 0.10606344 0.6375391 0.7906807 1.0896926 -0.57891876 2.9150102 -0.71034163 -2.8415492 1.5982293 -0.12918791 -1.7543555 -2.9685419 0.4059668 0.36348763 -0.55816543 -1.1522138 2.6544514 -1.7306305 -1.5731442 -2.35133 0.6197478 3.809567 -1.5275917 3.651436 0.8380812 -0.03617144 0.5804963 -1.202936 -0.54522383 -0.458976 -1.2134837 0.11766899
ost 1.3710974 0.06393647 -1.310337 1.5990754 -0.59450054 0.24313533 -0.966621 0.9654185 -0.08301711 -0.4741903 -0.66003186 2.4009306 1.091206 -0.29002252 1.8608081 1.6883166 -2.7363224 -0.2516723 -1.018893 1.3521838 -0.7118292 0.11771926 4.0023985 -0.8720391 1.7320026 4.6439204 1.6626164 -0.46633315 1.2201469 2.2909143 -0.23679271 1.7808094 -0.5750386 0.13958 0.33883247 0.43859002 -1.8807303 -1.2186687 0.83974975 1.1314409 -0.1164435 -0.40686613 0.62335414 1.7914364 2.3649666 -1.26321 2.5293567 0.2651822 -2.9709067 0.0027720581 0.77129537 -1.6997347 0.52019113 2.2351758 2.0495853 -1.916911 0.50286126 -1.6545597 -0.36960575 -0.6910876 -0.72726023 1.6346202 -4.0860825 0.08240624 -0.47420546 1.8028798 -0.1409745 -2.054615 -0.9189932 1.2823186 -2.090488 1.1310285 0.80980384 1.1765629 -2.0442111 -0.27741608 -1.469092 1.4529208 0.5932118 -3.6790438 0.22327499 0.027437583 -0.16796038 -0.49295807 2.313985 -1.4018971 -2.5018866 0.3541354 1.8072727 0.25561976 2.171398 3.7675316 0.67675436 0.34100443 1.3934264 -2.378282 -0.043094132 -0.5813541 -0.19567251 -1.2629911 0.71165407 -3.5575356 2.2712278 -3.0647485 1.7649189 -2.863762 0.48228365 1.7177317 0.80130756 0.818814 0.3183809 0.622962 -1.157531 0.8901532 0.54746014 2.207847 -1.6162329 -0.34153634 2.4127913 -2.4343529 2.9186342 0.40982518 -0.6744978 1.3770627 1.4665887 0.30659637 1.4102263 -1.4153979 0.20550373 0.896055 1.0475628 -0.3520906 0.10756531 0.08022968 0.15364932 2.997027 -1.9305377 0.13895634 -0.61249864 -1.0951488 -0.40317473 -0.21602198 0.29628536 -0.63445854 -1.6675022 2.0553482 -2.1739135 2.9572551 -0.032210648 3.3216739 1.2271206 -1.62973 2.9910767 0.12874697 0.09543014 -2.6858141 -0.49141952 2.5897455 -0.43026924 1.9691296 -0.18211702 2.2933352 -0.5567542 -0.24240313 -1.5773695 2.7898319 -0.31953013 -1.5413852 0.6684533 -3.6915536 0.6635428 1.5167328 -2.7673297 -0.36246538 -1.9830137 0.05281129 -0.25524592 3.415101 -0.8463119 1.5351938 -0.78438133 2.6783235 -2.2969584 -1.0989518 0.08653023 0.6244073 -1.3056511 2.0358562 0.77285594 1.1777629 -0.40441936 0.8274719 1.0111221 1.1475654 1.0577421 0.09429997 0.9605495 -2.2045999 0.07401542 1.1884353 2.25858 2.4501948 -1.5130205 0.17055698 0.18794978 -0.1521741 1.7791715 -1.2950411 1.5516934 -0.1654955 -0.6902558 -2.1947489 0.27692795 -1.3986961 0.35565868 -0.5140115 1.047939 1.7059597 0.9755918 -1.496963 -1.1674695 0.2960659 -1.9623542 -1.8257883 -2.7243953 0.75206053 1.5720948 -2.346108 -0.19873783 0.30258355 0.22611065 1.310119 2.9692137 0.052368764 -0.78526574 1.7511032 0.88272953 -0.7165429 -2.160167 2.797308 -1.5408655 -0.7373937 -0.19364671 -2.2771268 -1.8826921 0.17444313 -1.5648764 -2.4953878 0.8173342 0.21867932 1.0717613 1.4656293 -0.51643646 -0.37954718 -0.7560438 0.122523725 -0.27232727 0.37671727 0.6003691 -1.4535997 1.5108769 0.111089066 -1.4311719 -0.21258047 -0.015620274 -0.34659585 -1.0256376 0.10033912 0.68428 -0.8914467 0.8503708 1.6540792 2.2105212 -0.22280213 -2.0174313 -3.7521465 2.363215 1.0729448 -2.8348186 -2.9591577 1.6582831 -1.7347602 -0.47616678 -0.48796734 0.7935578 -0.17442636 0.85966116 -1.1645532 -1.0713435 1.1298565 0.27555603 2.7591107 1.7697928 -0.5058742 1.2134784 -0.05206232 -3.5420845 -0.14698271 -1.3777177 0.9954453
blod -4.4856753 1.629428 -2.2707665 0.4433027 -0.45924723 -0.93397003 0.10101967 1.7484583 0.014017911 -0.9984442 0.5705904 0.35312903 0.13678433 -1.3571328 0.16358249 1.951309 -0.72428834 -2.883705 -0.3312745 -0.8761534 -1.0024211 -0.6280623 1.8481125 3.3857667 -0.036861163 -0.18880887 -1.2197888 -1.2350677 -0.007605985 -1.2821096 -0.17236088 -0.48893 -0.9990651 -0.8290083 -2.7827222 -0.37709466 -1.3306526 -1.12433 3.2138026 3.0895512 2.0904796 0.58434385 1.7230455 1.5998818 -0.4493642 -1.882369 -0.47017232 1.4719951 1.1963052 -0.79458505 -1.170507 -0.26361972 2.0633106 -0.41383752 0.53251714 -0.74820995 0.22047016 -0.530065 0.14553429 -0.7677249 -0.90351206 0.21011382 0.9134759 -3.5992568 -0.71522474 0.12195684 0.10971625 -0.7556968 2.7622807 1.8211277 -0.3786948 -0.6327165 1.5816778 -3.0115383 -1.4318479 -0.25727075 0.47445962 2.2784615 1.4229144 2.4801114 0.33938473 1.0504138 1.9033656 0.15644023 -0.5049468 -2.1760144 -2.7159026 0.2621713 -1.3377018 1.251163 -0.6243025 1.3884093 -3.0589213 0.58551204 0.16621128 -0.9450594 1.216397 1.1961422 -0.23871276 -0.95300496 4.359424 -2.571668 2.404152 2.228174 1.1809826 -1.4009569 -2.6181085 0.851711 0.6609017 1.5614978 -0.58166295 -0.36595437 -0.2630425 -0.6720886 2.2372425 1.4163976 -1.7677107 0.29219547 4.120068 -3.8528137 0.7417544 -1.4078741 -0.776557 -2.5690086 -0.09969222 3.0742295 2.2383897 1.9840115 1.3709633 -2.5860639 0.03571938 1.4686564 1.132491 3.8631794 -2.1060266 -0.5029252 -1.3682125 0.62995714 0.5133356 -0.6549848 -2.1857219 -0.3902632 -1.5689292 0.6927587 -2.4276896 0.50653654 -0.5423387 0.7958682 0.70755196 -0.24420278 -2.0481043 1.2345653 0.86431634 0.31162497 1.530579 -0.7615897 -0.19951274 0.3940351 -1.0290854 0.2926982 -3.640968 -0.5293158 -0.3575984 0.78622854 -1.1271607 1.3786023 1.712966 -0.19969413 -3.1849382 -0.836719 -2.2745676 -0.29668862 -0.13927108 1.1862826 -2.9262486 1.295954 -1.7384393 1.156833 2.1784663 -3.0189662 1.1260281 -1.5094765 -0.7750023 2.5966408 -0.4680093 0.9406858 -0.5217016 -0.5892976 1.9222419 2.2607005 -0.67217284 1.0064225 -0.21038787 0.29365134 -2.0650477 -2.8734996 2.1119676 3.5877168 -1.1559131 -1.8100874 -0.5117297 3.5722353 0.046653792 -0.20580707 0.3910546 3.289711 0.28482252 0.1616383 -0.6280413 1.6716125 -2.4701931 -0.8644265 -0.98697805 1.681896 1.1272813 -0.9585528 1.1541126 1.7108312 -0.44789815 -1.5843674 -2.9157083 -0.009942892 -2.6416585 0.61514676 1.7171429 -1.7796959 0.652382 -2.2966642 2.900377 0.26309404 -1.4288136 -1.1507559 0.9408773 0.24118702 0.76488745 4.4499803 -1.6034559 2.263708 -0.83319163 0.59552705 -2.2422817 2.8204932 -2.920583 -2.6647058 -1.976995 0.9885166 1.2501836 -0.25567165 -0.80095094 -2.3277178 -1.2950817 0.24947947 -2.000818 2.8537567 -0.9191906 2.1955633 0.8290503 -0.5993078 -0.6465591 0.5434059 4.389362 -1.3275216 2.0251832 -1.4939675 -0.8130694 -1.4497589 -0.71046555 -3.0578318 -0.7586515 1.3353107 -1.8198497 -1.175413 0.5431605 0.38261208 0.03299342 -2.1820934 1.0708013 -0.5332342 -1.443453 -0.8736447 -1.5881913 -0.45532528 2.4545305 -2.9337022 -0.3561305 -2.8101704 0.37538368 -2.0167904 -0.78719354 1.2235928 -0.6409562 -0.4621869 -0.5196807 1.1111283 -0.9993056 1.482153 -2.0738108 4.572364 0.6277926 -0.25950918
grönsak -0.28234923 -0.9556039 -3.2008202 2.184343 0.48502436 -0.52227134 -1.0476036 0.45831823 -0.15751526 1.7579696 0.554083 1.5975935 1.2164323 1.702321 -1.7172635 0.23387253 -2.0940533 0.38760212 1.923434 -0.31635615 0.65678614 -2.589382 1.6397663 -2.330039 0.95548004 1.7017238 1.046081 0.40987146 1.8188025 0.9789494 -1.0662888 -0.45342812 0.38068575 0.6620019 1.0051692 0.19916584 -0.7405617 -1.3311319 1.0638703 1.3888888 -0.46742097 1.5019791 0.16649932 -0.39534798 3.1504962 -1.5757256 1.5708755 1.0175585 -0.085722014 1.3405547 -0.32713988 0.77294606 -0.0025785412 0.9224023 0.7798371 -4.174229 0.40845123 -0.0045110756 -0.48485103 0.25903836 -0.40609065 2.3608122 -0.71568424 0.29252625 -2.2313855 1.3647923 1.2206985 -0.5215801 -1.2131819 -1.329266 -0.36967367 1.3386507 2.186192 0.79727286 1.150997 -1.3633058 -0.77687585 0.8107354 1.0112638 -0.9841324 0.8818076 -1.4400463 -0.2714519 -0.42167643 1.8760272 -1.1725774 -3.3837192 -0.7039536 -1.737662 -0.03281244 -0.40767902 3.012786 0.8055807 -1.1628047 1.6810797 -0.8430126 -1.9729526 -0.5433605 -0.1719175 -0.7259513 1.4507858 -0.21907298 2.1857874 -1.8823057 2.8946664 -0.8856674 0.024461135 2.76117 -0.28291386 0.3642251 -2.670389 0.3224134 0.44995728 0.62615806 0.8793019 3.8667758 -0.28870034 -1.6467677 2.948687 -2.6937954 4.249366 0.28501633 0.18354318 -0.51388973 0.94880015 0.16710877 2.2078428 -2.324951 -1.4633428 -1.1668894 0.28926802 0.09933592 0.10923669 -1.9502227 0.28419444 2.3240356 -2.3006537 -0.13098423 0.931959 1.4867653 0.6084407 1.2031872 -0.078500636 0.51878154 -1.1927629 1.3620434 -2.394355 1.4160651 -1.1429894 3.6990035 -1.4795322 0.08713493 0.57341444 1.9137096 1.6460341 -0.9163502 -0.9737972 1.7106326 -1.4976544 1.2034158 -1.6936284 4.6784425 -0.8396561 0.53025794 -0.47265813 2.8084917 -1.1323451 -1.7929426 0.12755743 -2.443658 -0.6339654 -0.45474052 -1.9277939 0.8619711 0.52733314 0.1927581 -1.9762979 2.4248374 0.0007797526 0.07772145 -1.077226 2.2999256 -1.3970987 -2.0737393 0.9196318 0.11402991 -0.8567667 -0.5381937 1.3592067 1.6460114 0.56529474 0.6554505 1.1784077 1.1437155 -0.29902872 -1.4791032 0.24231891 -0.5674968 0.96786314 -0.7849275 2.8825586 2.4218733 0.74070954 0.72670555 0.74256134 -0.46052077 -0.64060396 -1.1277305 3.5371685 0.17556682 -0.44994107 -2.5033462 -0.38775516 -1.5463744 0.30658984 0.6961042 2.874167 1.4699274 -0.40577516 -0.00074244104 -2.9601214 0.9497088 -2.2931564 -0.18783207 -1.2564375 -0.55400515 3.0492146 -2.199447 1.3916454 -1.1680136 1.852668 0.41062862 3.6027608 -0.35804012 0.77847916 3.9304218 0.9599901 1.0602137 0.20605169 -0.39885095 0.82752544 -0.98375946 -0.05683348 -3.9212792 0.3585619 1.3791883 0.044462603 -3.0218506 2.2844946 -1.5895858 -0.009029659 1.357549 -0.93468946 -0.07332152 -0.0960977 0.39441833 -0.40964553 1.0851291 2.609954 0.17015721 1.4969087 -1.2109375 -0.15509881 0.19271675 -0.10379254 -2.0219033 -0.5428081 -0.5701409 0.16385284 -0.1718751 -1.7543523 1.0386676 0.15220329 0.45549226 -2.901746 -4.800909 3.7597892 -0.43165115 -1.6547902 -3.5909321 1.93479 1.121644 -1.135613 -2.0228639 -0.4104821 -1.3026046 -1.4759231 -2.407684 1.613839 2.626939 -1.3680046 2.3733087 1.4327691 -1.6302291 0.5482092 -0.27350387 -0.45605806 -1.8094347 0.1104735 -0.83637106
lök -0.14618178 -0.97818 -2.7906954 3.2955587 0.12631202 0.7876243 0.74163646 -0.15422116 0.49969473 0.10681312 -1.7818558 0.1263473 0.42776912 0.9138392 -0.5276275 0.485554 -0.7421614 -1.37015 1.4833188 -0.7515991 1.1358258 -1.5850934 2.4533267 0.0030525727 -0.35094845 0.6070587 2.0917475 0.72289467 1.9436965 0.3053204 -0.11021958 3.2149725 -1.0743899 1.5178733 1.0004979 1.818679 -0.160802 -0.1939782 0.74521655 1.5305367 2.1315665 -1.1163309 0.07390228 1.2847543 0.2924013 -0.3896892 1.1604588 1.7037066 -0.80305326 0.113951 1.4756196 -1.893205 0.4422083 0.6826622 -1.0960989 -3.1992254 -0.77169865 0.75276345 -1.3334497 -1.0594202 -0.08431509 1.5729122 -0.80254024 -0.67025644 -0.348087 2.1935978 0.949701 -2.7466996 -0.6904646 -0.31603137 -0.31271374 0.23418155 0.6544991 -0.43696442 -1.3129 -1.9364872 -1.4865241 2.0156038 0.5827016 -2.162711 -0.26796383 -0.18130895 0.24938935 -0.060171887 0.18268627 -0.28224435 -3.0308378 2.2746825 0.26332942 0.3585416 -0.13411412 0.058425155 0.022726957 -0.8472522 0.7935684 -0.23186919 0.22982846 0.6772292 0.47219598 -1.6245183 0.39244252 0.5089259 2.925899 -1.199426 1.3287055 -2.542012 0.7353807 1.7158284 -1.0883555 -1.4688327 -1.2025261 -1.1919594 -0.11498458 0.09625198 -0.38065687 2.9606445 -0.47552255 0.79421365 1.6038207 -1.3116926 3.2120848 -1.1351161 0.4268198 1.3876601 0.4107235 -0.34111664 2.027365 -0.7228307 -1.1891981 -0.31703183 -0.4259786 1.4854008 2.9006906 0.11860426 -0.23209208 0.6905801 -0.55079013 0.3261209 1.1616539 -0.8781966 -0.09654475 -0.3605141 0.49172348 0.2341719 -3.2828436 0.78714985 -0.25183663 3.5150304 -0.14910075 2.6915696 0.93127596 -0.9146463 1.3614736 0.59327346 1.087133 -4.6630616 -0.076969884 2.0744522 -1.574969 2.584727 -0.39489168 2.4217556 -2.1636667 -0.19238648 -0.06526677 1.0799879 -2.1253545 0.5206298 -0.3976557 -1.0976127 -1.580028 0.26134145 -2.9784598 0.15345879 -1.8707882 0.4523932 -1.3804055 1.8387002 0.3396046 1.8222451 -1.8245269 2.5509963 -0.8741444 -0.71187216 0.8268385 -0.8655596 -0.87459195 1.1380566 1.3639568 0.33739814 0.27280512 1.5763092 1.3688064 -1.4173328 -2.2411869 -1.9149972 1.4992771 -0.9355811 2.0811849 1.3250405 3.1401105 2.1284854 -0.55117136 0.5549915 1.4665183 0.6320987 -2.133016 0.242806 0.90343535 0.15491422 -1.2167406 -1.241365 -1.2678279 0.07720752 1.7254577 -0.58487386 1.5859116 1.3761585 1.787665 -2.8836324 -3.474165 0.104271606 -3.3823853 1.5594436 -1.0930436 0.80366474 0.6507105 -1.0258243 1.0655898 0.07621943 1.4356775 0.5117537 4.2820783 -1.9662074 -0.105072655 2.2551756 -0.38998535 -1.8386905 0.66128075 -0.71359 1.6108457 1.1511714 -0.67517847 -1.2585733 -2.827249 -0.91377276 -0.60910845 -2.480296 -0.88978904 0.7700827 0.98236203 1.8670318 0.6170532 1.5778613 -0.042999063 -1.9572483 0.7403279 -0.41365916 0.5572708 -2.193861 0.30351147 -0.9469216 -1.0221703 2.1054409 -1.2431542 1.2198962 0.15529673 0.51968485 -0.7314668 1.3613508 2.3035462 0.61210084 -1.2435219 2.9576983 -1.5295426 -3.2675874 2.469531 -2.016951 -0.56191427 -2.6419702 0.32615283 -0.9104274 -0.81149274 -2.7412732 2.1756868 -1.0755196 -0.16841646 -1.7382601 -0.26165184 0.87084764 -3.5134215 3.6780963 0.14589559 -1.850964 1.5605485 0.09175876 -0.8701448 -0.040006917 -0.84371054 0.4261289
gräs -0.7677658 -1.1629077 -2.0113528 -0.134394 -1.115659 1.4604746 1.3651931 1.9136704 -0.36647585 4.056103 2.3051438 0.06572791 -1.6610743 -2.7569525 -1.6829792 1.504699 -0.8013354 -2.9528472 1.5558542 0.7618255 -1.3353316 -0.8705424 1.2989522 0.519229 1.3930486 -0.97653913 1.0677323 0.005580093 0.38383794 -0.0783432 -1.4652689 2.3235767 -0.9942123 1.8033273 0.5438559 -1.5314231 -0.7460773 1.0147605 1.3551794 2.1877446 1.5132126 2.195306 0.5818882 2.5222664 -0.35925147 -1.8634585 0.87483 0.26773056 -0.29957074 0.38048628 1.8443134 -0.82043767 -1.2890881 2.792225 -1.8321197 -2.5791013 -0.8678878 0.66849506 -2.371409 -0.8949565 -1.0177008 -1.9048682 0.37479022 -1.6219028 1.7702459 2.4209397 0.8447623 0.7427229 -1.2365828 -0.708253 0.5076716 0.12419929 -0.027846796 -0.19349338 2.2360785 -1.8816005 1.01471 0.7051961 1.431379 -0.28455663 1.5212711 -1.9139988 0.68915844 -0.5590439 1.1182635 -0.22271225 -2.1127176 1.3245704 -3.1126077 2.300387 2.596102 -0.96097654 -0.112323664 3.1193721 -1.6825399 0.14437543 -0.5929482 -1.7447071 0.74153703 -1.9761313 2.3881962 3.6990511 2.0858717 -0.05457217 -1.6588416 -2.2051578 1.8243994 2.8577528 -1.2239219 -0.33738077 -0.9383008 -0.5071201 -3.117991 2.4174874 -0.31674138 3.1555488 -1.4581167 -2.876884 0.42598337 -2.4991584 2.208854 -0.35573328 -0.12066993 0.83720875 0.29875687 1.2980344 1.9976327 0.7073487 -1.0712672 -1.5588703 -1.9447519 0.39302918 -0.37741572 -1.6074014 -1.344985 0.9028019 -0.6858478 -1.0455015 -0.6263966 -0.28617266 -0.8441689 0.09583246 0.84512776 1.3038155 -0.15173379 2.491329 1.718802 -0.96590626 -1.0622315 0.5060835 1.0160955 0.118472785 -0.5208897 0.10139916 -0.6870267 -0.32225284 0.81467336 -1.9310225 -0.7655277 5.360762 -0.56080943 1.4913982 -0.7420431 0.59337556 1.0124727 2.5883038 0.3103788 0.03325338 -1.8192781 1.0052861 -0.04465734 1.6928922 -1.1419156 0.4968129 -0.42007452 0.8402458 0.939587 2.7183254 -0.19635522 -1.2580816 -2.362024 -1.4653844 0.38165876 -1.0926741 0.83120924 1.609536 -0.23002495 0.2771515 0.8370503 2.7673042 -0.028845727 2.6816897 -2.156505 -0.44757897 3.098806 -0.6795981 -0.942813 -0.36465797 0.06683704 -0.32045546 -2.7540169 -0.8620752 -1.0766662 3.335666 -0.56005687 1.83477 -2.2457514 -0.82286173 1.7908974 -0.57198656 0.397735 -0.92894346 -0.7431304 1.117399 0.51916575 1.1650707 -1.8125786 2.4911187 0.9550604 -1.859942 2.7890027 0.07161868 -1.8930291 1.0262376 -3.8239043 0.5980566 1.0812043 -1.3959838 1.7862283 -0.86380357 -1.4626111 1.2592472 -0.15579271 -3.084028 -0.020198233 4.2844305 -0.8128453 0.11779721 1.956909 -1.615916 -1.247855 -0.6440961 -2.0343306 -0.89776975 -0.09284919 0.4063457 1.0643253 -1.3689346 -0.5123518 -0.17189854 3.9431386 0.14552972 -1.1540637 -1.5429641 -2.2245138 -1.698488 -0.5175517 1.2142246 2.708231 1.2693114 2.0723143 -0.6824668 0.35344175 -0.09888013 -1.2349913 -2.08708 -1.501084 -2.6176484 1.7179861 1.1055051 -0.62839097 -1.3858274 -2.216885 5.123318 0.7994844 -2.998221 -0.96656996 -0.85380775 0.77739096 -0.61766666 -1.3045592 -1.4354885 1.1432397 1.5006235 1.2971632 0.89202243 -2.1830215 0.038977828 -2.315933 0.9840573 0.44974878 0.1639543 -0.03348264 -1.6494257 -0.29200047 -0.20170212 0.0807851 1.9260615 0.38397345 1.5081332
parfym -0.21891972 1.0614558 1.9166473 -2.5317202 1.9155985 1.5630168 0.90227705 -0.48489672 -2.0039575 1.1797068 0.22444901 2.2768903 -1.4948431 4.031841 -1.8991795 -2.5189657 -4.7740636 0.1244601 0.5459608 0.9845211 0.9310402 1.1981488 2.0250316 -0.7700426 1.5236802 0.10820041 0.6871641 -0.07652092 1.1758093 1.3790364 0.23613966 -1.7754495 -0.29120857 -1.3694158 -1.8975514 -0.6128563 -2.3050263 -1.9196527 0.5432351 1.6131214 0.28820476 -1.4546537 -1.5923649 0.39244905 -1.2439965 -0.5334094 -0.78449595 1.0104632 0.45262325 -0.80501175 0.7861599 0.8335401 1.5719274 0.86519736 1.1202459 0.32944363 0.5752837 0.8390978 0.9074417 0.015716337 -0.6904751 0.71976054 -1.0985391 2.3575783 1.6748677 -0.47022125 2.6888187 0.29922727 -1.2429253 -1.6274257 -4.1752267 -1.8103158 0.9447515 0.43859702 -2.857355 3.056573 -3.0632598 0.9390722 1.3032547 0.05359979 -1.0854462 -0.16647358 -0.9570643 -0.7459923 -3.288394 1.2051618 0.8405124 0.7270189 -0.13802654 -0.62381154 0.2848572 -0.7261923 -2.5365896 1.7606965 -0.5575209 -1.1216297 1.6095436 -0.03430057 -0.19314833 -1.6512129 0.9707029 -1.1901556 1.7606257 1.1669474 -2.1522555 -0.24058418 -2.58522 3.766403 -1.2152082 1.2151852 1.5204741 -1.041838 0.21387804 0.41356263 -0.21099414 0.15038323 -2.301065 -0.88428926 3.0678093 0.17227933 1.6103784 1.1602086 -1.341935 1.8301793 0.5673431 0.5052853 2.852686 -1.9574407 2.697055 -0.30461016 -2.3322668 -1.5662388 -0.3774698 -2.1123524 2.3886008 -0.6016533 -0.33585158 0.0021318283 0.25176847 -1.0748209 0.07586427 -0.6080394 -0.9016792 2.209752 -0.21148276 0.8341496 -1.2877105 -0.6811469 -0.89475924 -3.431129 1.490146 0.5960923 0.308236 0.040455297 1.8590094 -1.3552016 0.30269447 -4.045456 1.0377238 -1.6653345 0.473277 1.486248 1.0339309 -1.4248257 -1.8684162 2.135176 1.9431919 0.124470755 1.2804202 -2.4230804 -3.1396773 -1.7848572 -1.5737287 0.18089837 -2.6091547 -1.0020194 -4.3467712 0.6434491 1.0096269 -0.2607971 -2.0455995 3.1523094 0.4538969 0.22752738 0.4660571 1.0563515 0.26130193 0.91278183 0.6732225 -0.4180331 1.4472917 2.2105787 3.4954035 -1.9112206 -1.6283356 0.30812058 2.1699915 -1.1718273 -2.107205 2.3581853 1.486375 1.6469607 1.1787933 -2.465552 0.6611243 -1.835136 1.9321694 0.9288579 0.38576582 -0.39374524 0.9223154 -1.6001096 1.013695 -0.4226096 1.2563077 -0.3500747 -0.38331914 -0.58090746 -0.34723383 0.02659484 -1.2382104 -0.12277973 1.7187312 -2.7116756 3.5027325 2.43351 0.5422838 0.4908444 -0.72643304 -0.79365474 -0.6790846 -0.41509742 -0.9304647 0.31704593 -1.5254374 1.1432302 1.6044334 0.28039318 -0.54907286 1.0902874 2.0078478 -2.2826285 -2.438502 -1.3192121 -1.5820832 0.7635484 -0.34173554 -0.45171633 0.16291337 -0.90369165 -3.4994416 0.74450123 -1.788475 0.19657832 -0.76001143 -0.43993407 3.6725738 0.4610517 -0.4535033 -1.3005629 0.7075227 0.8308703 0.2617873 -3.7544992 -2.5397718 -0.22894016 -2.6350863 -1.9279745 -1.4142982 0.78975695 0.42827716 2.4024413 -1.7311049 -0.45191368 0.062150832 -0.60291016 -1.9208629 0.15163021 0.39168474 -2.9497027 1.6748775 2.571791 2.6890373 1.1164378 1.2773919 -0.2699625 1.1549639 -2.7436993 -0.050393455 -0.6185859 -4.5070944 0.31077734 0.3153293 0.052761555 1.6191978 -0.91351056 -0.18413773 2.2070916 1.1977972 1.7619562
äpple 0.22494456 2.049413 -1.6560291 2.182125 -1.6274363 0.80139023 -0.718644 -0.07991404 0.89853776 1.6473653 0.7605874 0.6225609 -1.629147 0.01911834 -0.17200303 -0.09882233 -2.2702875 -1.8778317 0.24364173 0.57992905 2.5332432 -0.1991883 2.3687258 -1.8982782 0.15890504 0.7267696 1.6072283 0.8446637 -0.18781848 1.7770919 0.8180929 -0.010390279 0.40768972 1.4643104 -1.1025606 0.38985294 -2.0173285 -0.7588326 0.23012389 1.5153437 1.459259 -0.44819647 -1.2543558 1.0301391 0.47595564 -1.7000415 0.58572704 0.91204613 0.018963432 -0.81316876 0.13546559 -1.3644801 0.26477364 0.8772327 0.7928838 -1.7430687 -0.9437512 -1.0534847 -1.4949225 -0.4714401 -0.42789546 1.2496506 -1.7704749 -0.72413355 -0.42995587 4.551547 1.5759286 -1.0968587 -2.613892 -0.43605578 -0.11835575 -1.6624213 0.86366946 -1.0945225 -0.0621772 -2.9334743 -0.9298407 0.32716358 2.371638 -2.2834241 1.4980108 -2.5800035 -0.8268539 -2.1166525 1.4622518 -1.5911645 -2.6422243 0.05067078 -0.87544674 0.7427667 2.4970655 2.338163 0.23306459 -0.6016546 -0.53394735 -1.1845115 -1.4167329 -2.21269 3.0437212 -2.3479095 1.801778 -0.035587616 2.0632246 0.28561085 0.13085508 -0.74601 0.36824068 3.8202462 -0.88282555 1.5717326 -1.1577315 -1.0708337 -1.1566212 0.44087696 -0.6168953 1.3603243 1.9695628 -2.9788036 3.2539372 -2.1511412 3.5791023 -0.36844587 0.30333048 -1.2578537 1.6678901 -1.0857211 2.208866 0.38194183 -0.3536149 -0.19019693 -0.6584871 1.3964235 0.28851756 -1.7564365 -0.08013824 1.2325455 0.11365109 -0.7488125 0.32440194 -0.12575427 -0.094380885 0.37498602 -0.35732543 2.2230964 -1.158822 0.7046582 0.14056951 1.7678256 -0.21251415 1.0094268 1.1648533 0.16162798 0.8409728 -1.4169123 1.1087457 -3.6884632 0.69018775 1.4856594 -0.3201515 0.6097184 -3.3016105 3.7351444 -1.0580589 0.31544676 0.31309488 2.3604329 0.61052144 -0.7663981 1.1129868 -1.038209 1.0376301 1.7500365 -2.2272124 0.55556196 -1.4401643 0.42368084 -2.190094 1.9284645 -0.34919494 0.48315588 -1.7076923 -0.15589243 0.05375386 0.08548559 1.5467304 1.5825609 -0.7863224 -0.20365362 -0.57648015 0.815019 -2.618247 -0.31479603 1.1081358 -0.14168781 1.2379819 -1.478441 -0.5033429 -1.2523048 1.9710842 -1.2908075 1.6406941 0.719103 0.17356601 1.215742 0.22334778 -0.03793221 -0.84468377 -0.27116746 1.1071165 0.0968312 0.26370722 -1.3309922 -2.6366334 -0.10585708 2.4842014 0.079617955 -0.72930926 2.6597896 1.230339 0.58722544 -2.3386497 -0.127237 0.15011375 -0.23270024 -0.83389556 0.6726664 0.2970751 -2.5954468 1.1421505 -0.008917311 0.64364314 -0.29190493 2.4046893 -0.56983155 -0.7197877 1.8471552 0.50408083 -0.50590116 0.9254573 -0.179966 -0.580963 -1.2498171 0.3937272 -1.9964758 -0.0027495064 -0.13634112 -0.2502514 -1.422494 1.0218999 -2.0094187 1.0156788 2.6098216 -0.2189381 -0.8534222 -1.392171 -2.2661376 1.1157838 -0.2707437 3.0623705 0.39556876 0.94682366 0.67826176 -0.6778984 -1.1574115 0.073072165 -1.9147524 2.5671537 -1.628206 -0.30013677 0.84679663 -0.047564086 2.698222 1.4921427 3.9148057 0.5630943 -1.939668 -0.9669652 0.8177538 0.53553 -2.0291197 1.1481512 -1.0236901 0.53275645 1.2131046 -0.0021355455 -0.583223 -1.2452009 -0.98679733 0.63887054 0.799063 -1.1337559 2.4320571 0.98348975 -1.390671 1.7555021 -1.4003421 -0.53102237 1.7378784 -1.1958488 -0.048532344
citron 3.001852 -0.10960027 -3.3773332 1.2142602 -1.4284246 0.5993695 -1.2229486 1.0319843 -0.85479814 -0.10801213 0.11988669 -0.93449384 -1.1926357 1.6968038 -1.8144996 0.125236 -1.9423916 -0.64031255 -1.06481 -0.4017897 2.558947 0.5100886 1.1497641 0.22179206 -0.29986417 0.5811034 3.1777856 0.97252417 -0.39526576 0.9273874 -0.3668041 0.7667765 -0.5687059 1.5203576 -0.20546347 1.3126684 -3.058366 -0.16195454 0.024638401 2.2858644 1.0061913 -0.93220395 -0.8147011 2.6857166 1.3600914 -3.881868 -0.3366118 2.6746554 -1.1031576 -0.22807668 -0.2983982 -1.3781215 1.1436504 0.38680735 0.56801313 -1.6924555 -1.6551619 0.49089447 -1.4828484 -0.9807438 -0.60541654 3.1427236 -0.12269012 -1.4986078 -0.34217134 2.2088978 4.694554 -0.7887314 -0.48750585 0.04307401 -1.8097119 -1.5843874 1.8316349 -0.77351594 -2.157215 -1.945285 -1.3385998 1.4013152 0.9565847 -0.9834129 2.3465927 -1.7888198 -1.637171 -2.3512053 0.69676864 -0.75639474 -2.949249 -0.13824108 0.39185977 0.6394096 -0.579472 0.8252313 -1.2480592 0.6119016 1.0627973 0.38736886 -2.2830625 -0.3436222 1.6311504 -1.0398433 2.2060738 -1.157836 0.30626085 0.45308983 1.2223516 -1.5372078 0.31063634 1.877643 -1.1577893 1.1011057 -0.41768932 -1.5149236 -2.7120264 0.4988469 -0.26339197 2.29228 1.9430429 0.4508765 4.217168 -2.1750112 4.802939 -1.4839851 -0.38501525 -1.7242224 0.55273193 0.06900367 2.8684053 -0.7502092 0.9928294 -1.887415 -0.26088098 2.3526907 -1.2102528 -0.48056778 0.13405469 -0.22853959 -0.12719694 -1.6725254 -1.7789066 0.22958586 0.6587071 1.9521554 -1.1255158 0.8565945 -2.3312867 2.7368157 -1.8173732 2.0734115 0.09050084 0.7076779 1.6794945 1.2871917 0.40472788 -0.382936 3.1141665 -3.5359986 -1.5228835 0.88509464 -0.4739135 0.8037235 -2.0521183 2.4406073 -2.5634227 0.08926494 0.12593241 3.5786052 -0.21395686 -0.41587755 0.80313694 -3.202652 1.9756478 0.41280767 -3.4060397 -0.79036707 -1.8264562 0.93175095 -1.9024721 2.0739956 -0.5656255 0.5057803 -0.26490813 0.57229245 -1.2015694 1.2574642 -0.4940327 1.3452828 0.42554232 2.404604 1.6849036 0.48110256 -0.98686224 -0.101839125 0.34447205 -1.6297586 -0.786878 0.18423572 0.5397335 -2.2916918 1.0021367 0.4350671 2.8279326 2.2509036 -1.7357699 0.24430701 -0.16550744 -0.584783 1.1246724 -0.22150591 0.85099787 0.15387127 0.4932023 -2.816445 -1.8655623 -1.2848686 1.653129 0.10983185 -0.8376314 2.7619479 0.6311763 -0.48613173 -2.967167 0.6774617 0.13196832 -0.45179066 -1.2366941 -1.0275977 0.7377712 -2.4925623 -0.5504739 -0.784065 -0.35662267 -0.76610804 3.0782204 -0.9676091 -0.5565296 2.1390204 0.4525565 -0.05077159 1.0200862 -0.0031667817 1.0881772 -1.6578258 0.54108846 -1.143508 -0.32669923 0.19631426 -1.0346265 -0.9335245 1.5649611 0.3895627 -0.13689166 2.680356 -1.9368625 1.1141354 0.13548401 -0.05398044 -0.21049914 -0.17994821 0.9685126 -0.29242435 0.02817007 0.30150318 -1.7774776 -0.35380095 -1.4148022 0.80111116 1.2683895 -0.19022404 1.1134967 3.7554572 1.9403818 1.2963456 -1.6833379 2.4559143 0.18746653 -1.6814816 2.8452883 -0.5041446 0.31089064 -1.5555125 1.6038945 -1.744861 1.5202849 -0.24933624 2.4323063 -2.9419346 -0.08381176 -2.7401314 1.9510769 0.46282467 -3.723274 3.7151208 -0.45969155 -1.7541287 2.4852853 0.0631318 -2.8142066 2.5817728 0.29904997 0.57322437
vitlök 0.5813241 -1.764129 -3.8103745 1.5518868 -0.91525704 1.0574591 0.0006507301 1.4753495 0.005599527 1.0288827 -0.2009196 1.0830798 1.888221 0.80273443 -0.2959349 2.0979412 -0.9994193 0.16138725 -0.06009911 -0.026303766 0.0145608485 -0.9470028 2.470234 0.7398881 0.2697367 0.6356737 3.0646539 -0.9465728 0.4410397 1.0441692 0.6259799 1.1389614 -1.372364 2.0928073 2.0338101 0.5566834 -1.7366364 0.75842345 1.3265406 1.9074496 0.6277502 0.22530034 -0.8763648 1.4914701 1.8223574 -2.2709277 0.3879257 2.986474 0.52693516 -0.2833829 -0.0510858 -1.6494724 0.23766111 1.1919911 -0.67727524 -3.2087753 -2.396964 0.34507722 -0.14358619 -0.98260915 0.33327606 3.0541637 -0.604061 -0.9707477 -1.790192 1.9899731 2.0054662 -2.8101652 -0.20509312 -0.21270865 -1.2204397 0.15127823 1.7881151 -0.03777745 -0.75036657 -1.2089249 -1.4488516 1.9374566 1.29332 -1.9229546 0.2134614 -1.6668507 0.2451915 -0.66840214 -0.7051238 0.4352282 -1.5317171 1.310809 -0.612797 0.47307098 -0.16166271 1.7149043 -0.40965882 -0.23199975 1.1851871 -0.08979845 -0.27304363 1.2879691 0.45270666 -0.64350533 0.73272955 -0.8072585 2.5262601 0.5393185 0.45656943 -2.1224048 -0.15027018 1.1340761 -0.3306628 -1.1550629 -0.90770453 -0.1890563 -1.6625367 0.10808096 -0.9476778 2.8861225 0.30799013 0.36520684 3.7159817 -0.80008507 2.7354436 -0.30053124 0.7339541 0.30752075 1.4127234 1.7547396 1.4987367 -2.1286173 -0.5991137 -1.7464552 -0.29693303 1.0441014 1.5527368 0.17040443 -0.26057136 0.7877804 0.7911198 -0.2071362 1.3092892 -0.2922452 -0.69823295 0.3019158 0.4483731 -1.0881295 -1.6761321 1.9423674 -1.0085589 3.6573143 -0.57489896 1.535201 0.3144955 -0.12283135 1.8807775 0.686487 0.31297946 -4.2062283 -1.6574552 1.2160556 -0.9034362 2.0726023 -0.06157453 1.8162642 -2.3571012 0.2873185 0.7615325 1.5767968 -1.1662391 -1.3474396 0.91356105 -4.3681583 -0.3036264 -0.098655835 -3.4558873 0.3103768 -2.8287625 0.2508613 -1.2703177 1.3912046 -0.23550946 1.4771367 -0.6972001 2.603891 -0.043931894 -0.20614094 0.055287868 -1.0533763 -0.5723105 2.5017512 2.0767157 -1.1225666 0.35466406 2.4911087 1.6617904 -2.9039676 -2.3922033 -2.91633 -0.16452333 -1.513216 0.20322049 0.7260264 1.99971 3.4631443 -1.0471392 -0.062700145 1.0751451 0.6753028 0.93667525 -0.37315008 1.4357746 1.4988271 0.09180532 -3.3764977 -1.4036989 -0.68105614 1.6151444 -0.35250568 1.6652242 -0.08760561 -0.13730395 -3.038888 -1.7180291 -1.08843 -1.43403 0.40606233 -2.0403774 0.14825119 0.33876482 -2.5235558 -0.07670712 -0.60485786 1.975419 1.039689 3.1378727 0.28678882 0.22797471 2.5259619 -0.5515629 -1.225522 1.2245538 -0.17352867 0.3003749 -0.45096472 -0.140688 -0.8069604 -1.7321303 -0.48410195 -0.45638832 -2.3357599 0.36559293 -0.04923555 0.060135152 1.9223614 -1.2561656 0.9487132 0.007728003 -1.6165792 -0.20091568 -0.24590644 0.7354965 -1.2353467 0.8285132 0.20257169 -0.35657287 0.58479255 0.07037096 0.7479997 0.33426127 -0.9880719 0.39820653 3.0284944 1.0637215 1.5813276 -1.4450144 2.0803628 -1.5341064 -2.1422882 2.903734 -1.0237453 -2.1847663 -2.047225 0.5120345 0.15650736 0.7330216 -0.39468074 2.176849 -1.6284021 -0.3936541 -3.6317647 1.2418854 0.3077653 -3.4685688 3.3554375 -0.3184608 -0.48603705 1.9201092 -0.17915395 -1.49839 0.24003348 -0.2434571 1.0931218
banan -0.37657663 2.191813 -2.332373 1.7475389 -0.33339813 0.53198934 -0.4640628 0.83178955 1.3413644 1.8721656 1.5389594 -0.5022188 -0.92816967 1.9351346 1.4978062 -0.30043066 -1.6482716 0.99873316 1.1809118 -0.717101 0.994356 0.65557206 0.26416516 -2.013736 0.66616666 2.4920733 1.5655575 -1.4687837 0.30810216 1.1592975 1.6771697 -0.39841077 0.76142585 1.8281859 -0.88985264 -1.6402652 -1.5247631 -0.64557445 1.9076494 1.5406957 0.33214143 -0.7687975 -0.12147631 1.0345381 1.6664432 -0.75255936 0.8520176 0.19829248 0.35514224 -1.0519934 0.67187923 -1.6040795 -1.2172806 1.0219392 -0.2726223 -1.2706584 1.6990255 0.056677703 -1.7645334 0.19117846 0.6776151 1.1453333 -1.0456749 -0.72349393 -0.3871409 2.2127922 1.6959627 -0.66297364 -2.8899016 -0.35338643 1.3487751 -1.0171224 1.0079137 -1.2364504 -1.2488532 -2.0874064 -1.7104056 0.5217211 2.483066 -0.032443248 1.5606993 -2.281377 -1.2593211 -1.7773565 1.9474367 -1.6830685 -0.6718463 0.50803125 -1.3249372 -0.22085491 3.164081 -0.46336654 -0.34853014 0.87310755 -1.6214257 -1.4216563 -0.9562674 -1.5410726 -0.7925171 -1.9311968 1.6976941 -0.10614678 1.741341 -1.5875192 0.5873623 -0.6296621 1.187387 2.0687742 -0.19428192 1.3920753 -1.0531722 -0.46334332 -2.2852018 0.18591195 -0.14605255 2.229741 1.9652086 -1.2025578 1.088379 -0.5962702 1.8251032 -0.32731435 0.37707752 -0.7174852 0.73353195 0.2673803 1.3699087 -0.61678964 -0.11370345 0.17451409 -1.1758392 0.31474325 0.48271433 -2.0197625 1.7698096 0.54213715 1.5326083 -2.160625 -0.36383027 0.06788251 -0.45110795 0.52954865 -0.1313414 -0.22793886 -1.6643698 0.8095129 0.19287995 -0.34786525 0.059960127 -0.15147403 -0.795523 -0.3870672 0.5426789 -0.1968529 2.9874682 -1.930777 0.046902586 1.0863014 -1.645362 0.14598542 -2.5974526 2.5876954 -1.6208183 1.5965695 -1.5519294 0.91555613 1.0791601 -0.27793503 0.9843881 -0.8679897 1.7760104 1.1121148 -0.34139833 0.1534715 -0.12254266 0.2934577 -1.1061605 2.176748 -2.1549122 1.0312836 -1.7740532 0.15496878 0.3488643 -0.5278445 0.19248033 2.551275 -0.04679933 -0.04372262 0.72280294 0.6187685 -2.0315287 0.25846398 -1.2040448 -0.99688494 0.6833404 -1.5505309 -0.8579644 -1.55424 1.1114233 -1.0203006 1.191578 -0.5569232 -1.052688 0.41785985 0.65292275 0.18410921 0.4639566 0.6388258 0.7679655 0.057683446 -0.93680185 -0.9526534 -2.2958362 -1.4127343 -0.023732767 0.09596824 -1.3210895 -0.27808195 0.47866565 0.2766331 -2.129421 0.7625596 0.20180595 0.6756409 -1.3383337 -0.5841324 0.29596084 -2.214366 0.99209434 -0.9526916 2.1364505 0.06606412 2.6091201 -1.4161807 -0.8234378 1.6143391 0.64139885 1.2675455 -1.0507913 -1.1575143 0.2918677 0.024385406 -0.38758734 -3.1275914 -0.8384824 -0.25730392 -1.2015783 -1.6230534 0.5266489 -0.10852875 0.2766267 1.9723742 0.77777165 -0.00017745624 -2.1129491 -1.1055356 1.5725164 -0.58390015 2.8297517 -0.5167279 0.28764942 0.8405073 -0.62049353 -0.61636573 -0.48743457 -0.7743776 0.5908044 -1.094919 0.45735016 -0.5188594 0.38957867 1.2677993 1.6600149 2.4478712 -1.2380488 -0.9610336 -0.81764704 0.8808592 0.35018554 -2.2493553 1.1135396 -0.6260214 0.511841 -0.43673703 0.10209651 -0.51800245 -1.4464926 0.50140375 0.56686056 0.8989367 -0.89504737 0.84962565 0.9965448 -2.1439497 1.4673848 -0.1268624 -1.1594626 1.5702391 0.24348848 0.033536628
lack -3.0536032 1.4555862 1.2675576 0.4855969 2.0498705 2.0674748 1.0608544 2.2604415 1.3303983 1.0378574 4.439988 -0.40651596 -1.1596426 1.1813182 -2.2253404 0.10507989 -4.3301206 0.6158465 1.0919183 0.88002706 3.6945984 -0.895473 -0.37798667 1.1856956 1.3365158 2.1253493 -0.38307306 1.5705789 0.87438893 0.21833082 0.03418293 0.3177488 -2.149203 -0.2984912 -0.8822589 2.868993 -2.0183659 0.89229363 -1.3992207 0.33498088 0.5196756 -1.1999894 -1.6619731 -0.028353231 -0.23751947 -0.1883016 0.8702331 -0.03098666 0.34682798 -1.7210679 1.9623744 0.9561511 1.9926658 2.5125628 -0.43116847 0.56140494 1.5621624 1.3617184 0.011464159 0.14175768 -0.8185066 0.62954503 -1.099745 -0.21983273 -2.2140605 -0.91362035 2.023673 -0.8411656 -2.6628935 0.35563943 -2.7288532 -1.2467096 -0.2165117 1.0518607 -2.4029257 2.6361785 -2.0042288 -0.4544536 -0.6760942 0.014071711 -2.067686 -0.6525697 -2.7726498 1.8501089 0.31111646 0.25451046 -1.6560316 1.4629196 1.8198801 -1.3727691 1.3665081 -0.2197331 -1.3548326 -1.27528 0.5095565 -2.5207243 0.09454095 0.09019717 1.9232059 -1.4616721 0.26483846 2.1344254 2.2100573 -0.33159223 -1.4696833 -0.9027062 0.035435002 1.3497193 -1.4492536 1.3841598 0.11858413 -1.81663 0.10036514 0.6125228 -1.8813305 1.4583309 -2.7062035 2.4992416 1.3260021 -0.74257755 0.6438185 -1.0687976 1.3407826 1.2961928 -1.5142496 -0.5915267 1.4274147 -0.2969694 -1.7864348 -2.7908802 -1.0861186 2.4573538 1.2427174 0.2780904 -0.039221138 -0.7111878 0.16644648 0.68625104 0.9351257 -3.2882166 0.8886386 -0.033763487 2.1945887 1.7252281 -0.9805678 0.23886435 -0.6051859 -0.0011190174 0.9420977 -4.0964794 1.5387852 0.9193924 3.3004549 -3.0734367 1.8781157 -1.8838066 -1.0815713 -0.07128795 0.023992833 0.7181918 -3.0113556 1.580985 1.2757876 -1.2806766 -2.204845 3.6920836 1.8477327 0.08584714 2.4883325 -0.23685941 -0.5630187 -2.171165 -2.8821394 1.7693086 -1.7348197 -0.31570068 -3.9283261 -0.38668385 -0.9197783 -1.0451595 -2.63319 3.5129488 -0.5009548 -1.0705943 -3.3393877 2.0532882 0.74837726 3.6297245 0.50750375 3.2720468 -0.5293481 -0.33586815 -0.3390697 -1.2996964 1.3840914 -0.59862536 4.2005954 -1.083815 -1.3091644 -0.18861547 0.9895131 1.9384586 1.1301019 -3.319865 -0.8694087 1.7877257 1.8771669 -0.14162922 -1.6888741 1.7343036 0.8631347 0.0050699404 0.812276 -3.6817367 2.737432 -0.6821618 -1.2104571 0.32907498 -2.2634666 0.02235847 -1.3170788 0.48214868 -2.679326 0.16731693 0.060860477 0.093039475 1.7814124 -0.37355602 0.968968 -0.9078789 -0.98397917 0.016819939 -1.2918495 -0.89156413 -0.56157523 5.5490336 -0.6114543 2.818735 -3.5445228 0.2737522 0.7920653 0.48583353 -1.8091809 -0.32016927 2.6561568 -1.8250473 -0.6012883 -1.497911 1.3346498 -0.4492954 0.9171108 2.8948264 0.35557365 1.7004279 1.4998178 0.031313304 -0.3732526 1.5691127 -0.9442443 -1.3751496 -2.0982828 -2.4255857 0.889064 -0.6060029 -3.1978824 1.4387238 0.77749264 -1.034393 -1.5234789 1.3829966 0.2814958 -0.59243137 -2.3792543 -1.417266 0.26410952 1.0181955 0.69553614 -0.94320375 1.752196 0.017500129 2.85456 0.527079 -0.7090037 -0.5736219 -0.69010323 -0.1460065 1.8836604 -1.3760824 0.24182178 2.2758954 -2.8462641 -0.7412868 0.50620276 2.7687829 -0.15968843 -0.6206494 1.9913821 2.053886 -0.8497438 1.7743617
honung 1.5626827 0.5607284 -2.8852139 0.3591905 -2.055566 0.37700877 -0.22667646 -0.32419947 -1.4976913 0.74846333 1.2592312 1.3323746 -0.8831344 0.8982456 -0.58502275 0.25926614 -2.6421478 0.057874925 -1.1209018 1.4791629 1.6975679 0.7419044 0.4823595 1.1002592 -1.8971133 2.3008137 0.5188983 -0.09309427 -0.15911613 0.5544569 0.115723245 -1.8064964 -1.4621404 -1.1626929 0.45802453 -0.23312974 -0.81759435 -0.66823924 1.0012099 1.2298435 -1.403132 -0.07634823 -0.23750472 0.06184563 3.056269 -2.7220445 0.47989503 2.3155146 -0.5249374 -1.837526 -0.73333734 -1.0788885 2.7423887 1.9960078 0.12652338 -2.8876748 -1.4400287 0.04039001 -1.3923457 -0.41929555 -1.3088983 1.8597313 -1.229048 -1.2557375 -1.5628306 0.97979593 3.2664945 -0.58650243 -0.5580495 -0.6388072 -2.0054524 0.9676198 1.2106805 -0.028888943 -3.116255 -3.2563918 -0.93773526 2.5889645 -0.2246884 -4.12718 1.2695936 -2.1866567 0.44893128 -1.273913 1.5567747 -1.594051 -1.5301512 -0.057072487 0.9075885 1.7681363 0.7562708 3.1775496 -0.08520499 -0.8260018 1.1566769 -1.2075853 -0.88411677 0.17369643 -1.0870439 -0.56189007 3.570171 -1.1202157 0.32843798 0.7488208 0.87715673 -2.0400329 -0.12273603 1.4868774 -1.8320017 0.34159935 0.64574844 0.18723002 -2.353565 2.0144203 0.23357534 2.6296666 0.36812425 0.635725 4.0796337 -1.944289 3.9306793 0.11757538 -0.3521161 -1.7531875 0.6055844 2.344031 1.8775042 -0.69489527 -0.6569222 -1.340428 0.9619705 1.0916079 -0.37252048 -0.81379676 0.11261756 0.45076704 1.7807834 -1.6512382 -1.0154233 0.6107926 -0.62188464 0.15331475 -0.7675003 -1.3158027 -2.488506 1.4613599 -1.0451655 0.65979123 -1.2618332 0.38327178 -0.4704432 -0.10664019 0.9532921 -0.924725 1.7431567 -3.6734734 -0.59156626 0.99228764 -0.71522033 -0.42065534 -1.609631 2.355632 -2.1030998 -0.12531914 -0.93293244 4.0218186 -2.300997 -0.20684141 0.7757914 -2.272946 1.4210016 2.3315673 -3.4146967 0.99747765 -3.049201 0.7440326 -0.6017779 1.5877159 1.1719722 -0.64847517 1.5964535 1.0801158 -0.45795593 0.26488402 -0.101467445 -0.6952012 -0.57206994 -0.5780034 1.2423073 1.8742535 -1.032543 0.8583802 0.44342235 -0.86127865 -0.49511933 -1.2947361 -0.18612152 -0.6347971 1.1059217 0.24534723 0.13447925 2.1231086 -1.3490504 1.0195824 -0.90276057 -0.6029333 0.6672902 -0.82848805 1.7604799 0.40883824 -0.1811759 -1.7234385 -3.718924 1.0880144 1.55786 -0.3854553 0.765636 0.2777298 -1.574869 -1.0626856 -1.8479133 1.7537597 -0.6683479 -1.6107798 -1.22793 -0.034080345 1.900287 -0.80725914 -0.38444835 -1.4183612 0.7627061 -0.13530779 1.0254653 1.0015546 0.9122633 2.001641 1.2880989 0.04562143 0.29176342 0.3371577 0.89047074 -0.4028084 -2.0536513 -3.2069128 0.011587365 0.8990014 -2.058585 -1.1641371 1.4156721 -1.2995247 0.4261101 1.387545 -2.7068605 0.052826844 -1.1400349 1.112422 0.18103617 -0.029880924 1.1721548 -2.7123594 1.7316161 -0.8218747 0.12418574 -0.44027874 -0.29995176 -1.0850511 0.6421169 -0.5794857 1.0698688 1.0461187 -1.5708214 2.4353154 -1.5780232 1.1037554 -1.3327528 -2.267571 0.9436058 -1.1805831 0.12819025 -1.9398807 0.44529873 0.52631915 2.1652682 0.5982894 2.4439983 -2.3174777 -0.02521296 -1.2669026 0.4756036 0.87619865 -2.205399 0.85960454 1.3042629 -2.8235898 1.0859131 0.57338035 -2.429078 3.7465665 -0.040506892 0.38566333
svamp -2.3818502 0.64864373 -1.8749127 1.0679721 -0.6434661 -0.62381774 -0.7063969 0.3943276 0.4348091 0.93708795 1.1726867 -0.045401964 -1.2330928 -2.0409184 -0.46676242 -0.4543982 -3.134283 -3.9213881 2.1970704 1.7845855 1.1129634 -1.0061822 1.9887296 0.9700728 0.80148494 1.0752542 1.626808 -0.2543238 -0.33523992 -0.46003774 -0.64944696 1.127795 -1.6184775 -0.22536331 1.2002594 -0.6409076 -0.49722165 -0.8590148 1.1123315 0.33411664 -0.3801089 1.1491005 -0.32616168 0.20839722 0.33397186 -0.011638793 -0.6095591 -0.20065463 0.1754731 0.8218638 0.047091328 0.35828057 0.24257492 0.93545943 -0.37841773 -3.2114375 0.6190897 -1.06611 -2.3446052 -1.6573857 -0.292064 0.6351637 -0.931717 -2.3582892 0.34238645 1.1417686 0.5119973 -2.2315423 -0.5656036 -0.7210197 -1.23356 -1.2109318 0.8214213 -1.3799403 1.4635756 -0.89762825 1.429728 2.015895 -1.4076707 -0.36064547 0.32776815 -2.0543513 0.8071229 -0.44333398 -0.5475609 -0.8942894 -1.7344211 -0.0110098 -0.8803936 -1.7726122 -1.0071337 0.84724593 0.8874574 -0.52445656 0.68084246 -1.6707233 -1.1344557 -1.7755151 -0.5347773 -0.7897006 0.7333818 1.3785597 1.4572039 0.2827437 -1.44211 -2.0835588 -2.0633988 3.7395751 -0.38171095 0.52232504 0.05437259 -2.2042222 -0.28372374 0.4894523 -0.1811979 2.0948682 -0.12197887 1.2126658 2.536978 -3.2290373 3.159704 0.6819348 -0.5217577 -1.2962186 0.5190133 -0.07782367 1.966227 -1.201872 -0.32398283 -0.9583772 -0.9420533 0.7149003 1.2285041 -1.124968 -1.2299442 1.6905237 -1.193266 -1.1310825 -0.76216024 -1.5363932 1.1244605 0.9581423 -0.40811327 2.6178954 -2.5016513 -0.9774168 -1.0871211 1.2117014 -0.05699117 2.783201 0.10362162 -2.3266006 0.19836129 0.20130503 -0.8209736 -0.39948362 0.20017673 0.703751 -1.3490398 1.8644844 -1.3783739 1.6543812 -1.5987264 -1.7293162 -1.0828023 -0.5917384 -0.19759014 -0.3037906 -0.83368707 -1.7046409 -1.8713977 0.046718977 -2.3588817 0.6274347 -2.1202881 -0.4322435 -1.8569231 1.0467885 -0.9194147 -0.8465279 0.5839567 2.653651 -1.9008379 -0.6512261 1.1423898 0.7755194 -0.26195553 0.8032646 0.6046957 2.0092952 -0.7218782 0.5744381 1.6519228 -1.1033833 1.7951329 -0.685881 -0.9407379 0.07974357 1.1813257 -3.8887472 0.19057333 1.6672049 -0.8180734 -0.89393395 0.84598166 -0.14856859 -1.0803975 -1.3928945 2.9406493 -1.7229946 -2.6159682 -1.4097942 -2.1720207 -0.775147 1.4702883 0.9086754 0.15578015 0.9277173 0.17906083 -1.2725409 -1.5909517 -0.48543176 -2.789174 1.0380185 -0.8964006 1.0344371 -0.94967765 -0.8513975 1.3883301 -1.823783 1.4808179 1.442881 1.3681713 -0.88737535 -1.4904084 4.5393147 -1.2130864 0.6647308 -1.8938575 -1.1141294 -0.2624644 -1.5097177 -0.34172663 -2.9001946 0.19689561 0.8162726 -0.4626004 -1.7809561 0.606364 -0.5677474 1.3525865 0.60247993 -2.5097475 -0.99934095 -2.1090426 -0.21846734 -0.42027852 -0.071591996 1.8855163 -1.1645563 3.406788 -1.0020477 2.179 -0.8244466 -0.63426805 -1.313297 0.083657406 -1.6547365 1.1618359 1.261004 2.237891 1.806392 -0.808202 2.1496859 -2.7404997 -2.631246 -0.4317598 0.033021893 0.86241615 -1.4077346 1.2206944 0.07782458 1.1216137 -0.7780932 0.9152383 -0.6006568 -1.2651551 -4.0018806 -0.57659334 1.2307329 -0.9836876 3.6756196 -0.24476469 -1.1112278 1.6591002 -1.5009897 1.0876533 0.18276799 -0.8229675 0.9724909
kanel 1.5181262 -0.12870248 -2.7091272 1.8798246 0.0066995854 0.696155 -0.22760922 -1.4818219 -1.6626434 3.146514 0.34777454 -0.20753464 -1.094742 1.1564745 0.16974574 0.8753189 -1.5679286 -1.6446612 -0.10222945 1.001329 0.82480776 0.798486 0.45650804 -0.5150843 0.10534066 1.8268961 1.2294496 0.8574296 -1.9499942 1.9003103 1.3001164 -1.274937 -1.7680912 0.8371468 -1.5737493 -0.21734664 -1.199286 -0.7667497 1.08995 0.03407641 -2.1772466 -0.61893123 -0.022574957 1.4410236 3.3130832 -0.9510697 -0.42991364 1.233784 -0.61608976 -0.027409753 -0.8196665 -0.958839 0.11565451 0.8215351 1.2512435 -4.6774793 -2.1263661 -0.44652027 -1.7590547 -0.47421694 -0.37557152 1.2533535 -3.3519611 -1.1157542 -2.2464402 2.3180637 3.2154837 -1.8341082 -1.6039182 -0.914457 -2.061595 0.83894587 0.73856014 2.0126226 -0.42953715 -3.0812502 -0.72740316 0.7953073 0.8074017 -2.0187104 0.93720067 -1.8065327 0.12857053 -1.7576425 1.4596062 -1.3461188 -0.76544315 0.5705706 0.6045939 -0.101647705 1.2908322 1.8411273 -0.24424553 0.62877935 -0.66644084 -1.1651772 -1.4051973 0.44139826 -1.5780872 0.061133992 3.730221 -1.239857 1.5314466 -0.46402344 0.61667895 -1.9336416 0.59587485 2.2851267 -1.5022116 0.3203999 1.8574173 -1.6224598 -2.6227152 1.3613415 1.0994929 2.220215 1.4078329 -0.77974737 3.117861 -0.7974533 4.0188937 -0.2811778 -0.4988378 -0.5914294 -1.0508296 1.3085227 3.340976 -0.6516199 -0.6154201 0.88126945 0.83330315 1.7158052 -0.321742 -0.49898097 -0.16616787 3.9852746 1.0547196 -2.441463 -0.5298115 1.9224367 0.3919562 -0.18833561 -0.4881248 -2.2983828 -1.9664571 0.39246652 -1.5306836 1.8015645 1.1367377 -0.47553664 -0.48576602 0.43290618 1.881666 -1.2397817 1.942724 -4.49943 -1.7700795 3.0024586 -0.64006954 -0.8264227 -0.86195076 2.0475194 -2.9532902 1.6632875 -0.6327213 3.3701367 -0.881582 -0.4268975 1.0489509 -2.9894514 0.8258053 3.1295614 -2.0057542 0.9652986 -1.7187164 1.2059685 -2.3394592 1.9208766 -0.9240639 -0.9988606 -1.9275429 1.8811935 0.09082791 -1.085973 1.0005045 -0.5770107 0.86628973 -0.32380867 -1.4577242 -0.15576948 -1.4022286 1.9025887 2.072682 -0.13173735 -0.7140473 -0.95059675 0.2981122 -1.1479555 0.87053156 1.6986167 -0.18894282 0.105409905 0.17415275 1.2028068 2.318323 -2.1195939 1.4247003 -1.3202875 1.306006 0.28030145 -0.70669633 -2.8749063 -3.2035906 1.9008625 1.9115664 -1.8156134 -1.035237 0.86816186 -0.5663183 -0.115846574 -1.7416978 0.5563256 -1.9409974 -1.183806 -0.63915884 -0.14891867 -0.14128333 -2.458509 -1.6471151 -1.0452883 0.9905535 -1.4442037 0.8253012 -0.014097019 -0.25110126 0.23374681 -0.4642357 -0.89307594 0.3472756 1.0545291 0.010631436 -0.6910324 -0.046219025 -0.5314094 0.2684927 0.47808877 -1.0661458 -0.4272399 1.5661335 -1.2496463 -0.39088494 3.6735923 0.06603584 0.27573213 -1.4152086 0.3192396 0.17796029 -1.0747335 0.6091797 -0.73405206 -0.7746436 -0.14534643 -0.8628377 -1.3398492 -0.6964322 -0.7948971 0.6120362 -1.4147877 -0.0040784893 1.9159664 -1.8302236 4.2429175 0.8889582 1.0770242 -1.0721979 -2.244498 0.46513787 -1.1332577 -0.682294 -1.3137095 1.142664 -0.42576835 1.9035678 1.5600668 1.551481 -1.8327123 -0.22359152 -0.752145 0.82624096 -1.0384623 -2.80623 2.0742154 0.20538794 -0.9539671 1.9189259 -1.3684491 -2.8066413 2.0033722 -1.1740627 0.54419553
rom 1.1956629 0.023375513 -1.9301902 1.4946955 -2.0120993 -0.9267065 -0.10598198 2.534552 0.012764379 -1.7847084 0.7960962 1.4670353 -2.0053556 0.8752148 -0.39429277 -1.0083048 -0.731422 0.53844726 -2.3872192 0.42061046 0.052111156 1.9217488 1.0454468 0.94247746 0.31677407 3.4544022 1.1770905 -0.084584005 0.98821807 1.0868783 -0.5177302 -0.8356564 -1.6662831 0.5012025 -2.4592793 0.45446062 0.78301036 -0.5771577 1.1070526 1.5287939 -0.6482635 -0.35004756 -0.15966831 0.40611959 -0.71474284 -0.01514651 1.0430598 2.193106 -1.6325763 0.055831954 -0.372034 -2.8315551 2.073468 2.4343352 -0.9295391 0.53391474 -0.45336074 -0.3537795 1.0722189 -0.8309713 -1.2282884 0.7176994 -2.2487419 0.0058839335 0.37705716 0.8945929 -0.07043191 -0.015164161 0.22039214 0.1474499 -0.13402392 2.2652695 0.13661648 0.38562304 0.31909317 0.8133188 -1.6505467 -0.043872856 -1.3130404 -1.1069115 -1.0532801 -0.018014455 0.17943084 2.5057201 0.8522817 -0.16663319 -1.0876268 0.029881928 0.96988475 -2.9198334 0.57933205 0.85188884 1.4567583 -0.40373626 0.34994996 -1.6560031 0.18265383 2.150393 -0.9449384 -0.6753822 0.8818719 -2.4859147 1.5976661 0.79865134 0.00033654942 -2.7861073 -0.012795029 -0.4602702 0.61402386 2.60608 -1.1247743 1.6410683 -1.9839586 -0.56799734 1.9920498 0.23341168 -0.04337685 2.5282507 0.93214846 -0.84755677 0.12818007 -1.4052752 -2.999759 -1.3991479 -0.056421228 0.6802512 0.20689027 -0.37015793 0.42109337 0.93636143 1.2167197 -0.57401574 0.1390109 2.1089876 0.4253562 -0.4969927 -0.47871882 1.4214082 -1.0044779 1.8533156 0.41767743 -0.19953339 -0.22326577 -3.799613 -1.7537726 -1.2024318 -1.597398 2.0496209 2.3222895 0.8806933 -0.09339793 1.7075554 -1.4334221 -0.5848571 -0.24111363 -1.0554438 1.3072536 0.022713097 -2.2065349 1.6195471 -0.42131644 -0.08481865 -1.5935113 1.9177175 1.1066939 -0.2548352 -0.085953586 -1.560633 0.7404819 0.9709224 0.23453774 0.92408437 -0.8542854 0.08673108 -3.1260192 -0.27481893 -0.8028402 2.3293636 -0.65490514 0.24231851 -0.20003954 -0.5236578 1.5294915 -1.207915 1.4891884 1.1488694 -0.5253203 -0.4783358 -0.69627196 -1.8597926 -0.67143095 -1.0257404 -1.8261876 -0.20161417 -1.5861367 1.0236735 -1.2271923 -1.5187069 2.3606591 -2.170043 -0.5445714 1.5520083 1.3303102 -0.500209 -1.4360629 1.3646611 1.359737 -1.4162385 3.0302706 1.7304189 0.24297285 -0.4321979 -1.8400159 -1.6265705 1.3036952 1.5671573 0.67247224 -1.8208932 -1.050298 -0.021705821 -0.60123837 -2.42675 -0.0010490597 0.393231 -0.882935 1.1189258 1.9784157 1.672905 3.836755 -0.8047054 -0.90168715 -0.4911316 0.62055415 0.5748862 0.5989903 1.1801928 0.6778002 1.9895442 -1.1039083 -0.22299227 1.1475708 0.1435861 -0.999504 -0.5785133 -0.8383932 -0.942767 0.35163355 1.3127375 -0.74559855 2.011055 1.4113026 1.0140247 0.20846874 0.5705151 1.0033069 -0.6115408 -0.29125595 -0.05111143 -0.34854 1.0449926 0.9262734 -0.8218861 0.64883286 -0.33935764 -0.12220163 0.41053364 0.85988677 -0.9513672 -1.4336834 0.5164665 0.8047557 -0.1853402 -0.34230393 2.9526548 0.6161382 -0.49738854 2.514137 -2.0520759 -1.727586 0.4681813 -0.9830008 1.1485523 2.3955827 0.42920992 2.094989 0.2552478 -1.5097065 -0.34554982 0.5761031 2.3127697 -1.065482 0.7563917 0.848803 1.4357845 0.7886217 0.31050864 -1.3553673 -2.242163 -2.2414448 -0.7117977
skinka -1.0389701 1.8389666 -2.218402 2.7541811 0.28228799 0.30081972 1.119924 0.09509699 0.91959155 -1.4408679 -0.76109856 3.4343543 0.92382526 0.9710942 1.945291 1.8884768 -3.070259 -1.4198053 -0.56763893 -1.0648803 -0.5126488 1.1024554 4.166073 -1.1208172 3.8796327 3.448117 2.1448443 -1.4687766 -0.106639974 0.15867549 0.7727802 2.1603725 0.1783876 0.823241 -0.7891687 1.2090906 -0.06942428 -2.0771399 1.7240152 0.97073126 0.2784836 -2.4783843 -0.5981988 2.6815984 -0.7089636 -0.7439107 0.47960678 -1.4337028 -0.5671337 -0.08457114 -0.0897284 -0.6491607 -0.20671341 2.6962829 1.6637247 -2.2593186 -0.58855325 0.0044097523 -0.71266997 -0.5748449 -0.50427365 0.46965468 -1.6802129 -0.6091488 0.5985106 2.9879885 -0.23175049 -2.159305 -1.7073311 0.062530994 -0.6745125 1.5611734 2.7454257 1.1107996 -2.7469528 -1.6265862 -1.7288998 3.1107893 -0.38498917 -2.2216654 1.4989059 -0.52020746 -0.13030182 -0.64173985 3.2557082 -1.3429706 -2.727081 0.6224569 -0.8419801 0.3818841 2.8416054 2.2503076 -1.2881165 1.464974 0.44363308 -1.2404357 -2.337864 -0.88191056 1.2197794 -1.0396541 2.106038 -1.5580546 2.5040228 -3.5277655 0.31147584 -1.6849295 1.2039965 1.7318505 0.5790244 2.6094286 1.6451256 -0.19268964 -1.6559672 -0.45233622 -0.41077927 4.4074078 -0.65077496 -0.8199172 2.908281 -2.283179 1.4431746 0.8061031 -0.627426 0.1867644 -0.62867093 0.7512405 2.422958 -0.66163445 1.1646276 -0.7942999 -0.37758315 0.7066998 0.118018 -1.8315479 -0.51337105 2.1660993 0.2593722 1.2333008 -0.46014383 -1.482801 -2.2980614 -0.34558603 -0.17568181 -0.16554008 -1.9120741 1.7086369 0.21036473 1.056907 0.59323746 3.9262545 -1.2861301 -1.174129 1.4011452 0.036067516 0.47859058 -1.5807302 -0.68147165 2.879712 -1.5555648 1.0278726 -0.19008648 1.1238925 -0.1545373 1.0351908 -0.14528883 2.8580334 0.01778981 -2.1857295 -2.2689302 -3.1280477 -0.12594894 0.5829449 -3.7804034 -0.884788 0.23319848 0.09758301 -0.2776559 1.9555094 1.2041235 0.8369247 -2.087302 1.239644 -1.8666539 -0.7716733 0.7200723 -0.08258217 0.043763954 1.657166 1.0552275 -0.18268012 -0.4168227 0.63056755 2.6608365 -1.2438035 1.7165883 -0.4015789 0.13729714 -0.51024294 0.49570525 2.5124054 1.1989115 2.8766873 -0.6345274 2.1000042 2.5264964 0.83110553 1.7004101 -1.3720433 0.27500486 2.0746086 0.09011119 -1.226391 -0.96413106 0.63784724 1.2855884 1.4248934 -0.21163882 2.5226786 1.6659555 -1.9804839 -2.6438096 0.51446146 -4.1047673 -0.9218935 -2.2998004 0.26866195 1.1098542 -1.675854 0.15469003 0.0024270397 0.23996247 1.2596325 1.4404987 0.82153386 -0.8299026 2.1271472 0.32670996 -3.0081162 -0.32041776 0.40046173 -0.038483337 0.4938482 -0.48919064 -1.1789486 -3.2329373 0.9238363 0.28645694 -1.4428209 -0.8152572 -1.5748395 1.4613435 0.047242716 -0.5856777 0.26714817 1.1682665 0.39567736 -0.95270675 -1.148285 -0.36478263 1.1479716 1.2428067 0.5241309 -0.84366274 -1.7649828 0.058972105 -0.11103151 -0.54524046 -1.100656 -0.15238911 -0.64164764 0.20855156 2.0341604 2.117456 -0.07526259 -2.0358999 -1.4246265 0.07097991 -1.1316842 -1.349756 -0.50163794 0.57228196 0.13194992 1.610182 0.47417438 1.9226861 -1.4850235 -0.83947206 -0.74685585 1.0558511 1.0372818 -0.73028123 3.3447826 0.49543396 -0.1755899 0.15914461 -0.9727769 -2.1942627 1.6323967 0.19117078 -0.3280002
kartong -1.3771632 3.6429234 -0.8703144 1.7609245 -0.582971 -0.5362175 1.5651363 0.8192191 2.3163886 -2.6828167 2.5446358 0.03671203 -2.2931042 -0.37913245 1.8586535 -0.21435489 -1.471716 -0.69005144 0.5073457 0.5586768 1.6359606 -1.9984133 1.5548254 -0.37354827 1.746472 0.025217399 0.4067358 -1.0440183 0.4357528 0.6522833 -0.614731 2.069048 -1.2018279 2.664709 -1.928613 -1.5013018 0.8648614 -2.1425776 1.3980213 2.1965394 0.087517895 0.91836584 -0.30413815 1.0441785 1.6521764 1.3600504 1.6788636 0.9114731 0.9686872 -2.0653925 0.74596596 -1.1811956 -1.6300895 2.1715734 -0.9836586 -0.4527917 0.7458296 1.4300219 -1.033628 0.46718124 -2.49262 -1.0498055 -2.145043 0.28298813 2.150752 1.0315646 -0.27185583 1.9012736 -2.541577 -0.52293247 -2.194164 -0.762945 -0.24433187 -2.1532853 -1.673008 1.1344143 -1.2836367 -0.062733784 2.3102775 -2.4209912 1.4039898 1.2288985 -2.103476 -0.5316459 -1.0186619 -1.3141377 -1.4207371 0.19854927 0.70293283 -0.6404291 -0.23549618 1.244165 -2.5670235 1.5619937 2.61278 0.008202862 0.044046648 -0.5973658 -0.53412765 1.5057415 1.576806 2.7128015 1.250479 -1.7046955 -0.03262716 -2.4711905 0.01527915 1.1307951 -0.39702252 3.2832663 -2.083849 -2.5686188 -0.6449277 0.1282679 -1.7409747 2.5973036 -1.1443363 0.79914784 0.8620878 -2.816624 2.4530227 -2.4659612 2.2418158 2.946835 -1.2975476 0.23277152 1.3982846 -0.17301539 1.976374 0.033044633 -1.7797164 0.84704286 -0.74160004 -1.0840285 2.1089876 1.0512671 -1.7204938 1.471256 0.15153094 -1.4292368 -0.11173657 -1.7555952 -1.3938134 1.1530215 -1.1429511 -1.7876859 -0.37184548 0.14322153 -0.9100607 0.8363253 1.9082605 0.037844278 2.4404194 -0.32997468 0.24528584 0.8583093 1.6290911 0.58676773 -0.63165265 1.3610013 -1.389709 1.4938786 0.1472869 -1.4694315 -0.39106104 1.2646035 1.1040862 -2.3416886 -1.9396182 0.74256766 2.2229958 1.3391501 0.8244219 1.0978087 0.74921465 1.9475832 1.8640465 5.265916 -0.47570586 -2.4182403 -2.4953592 -0.39096752 0.7584796 -0.3588107 1.7619594 1.3547028 0.15230726 -0.5413031 1.3590287 0.45890558 -1.1049724 -2.1738021 0.3997674 -1.52583 1.6004238 -0.3821698 4.784886 -0.91644716 -1.0749806 1.2654111 0.55450094 2.0527718 1.4357712 -0.7016177 0.90836203 1.8431792 1.6752653 -1.9355432 0.29962194 0.553959 -1.7863721 -1.7562747 -0.51647323 -2.1307068 1.2649859 2.5914774 -0.51561624 2.2337015 0.43363002 2.4572084 -2.4777117 -2.4374108 0.0047330265 1.0222716 -1.0270348 -0.5816425 -0.78000015 -2.7515953 0.53660405 0.8953208 0.098128356 5.0219874 -0.088014 -0.78120637 -0.3392843 6.2496305 1.5867362 2.0186253 0.07238343 0.084926434 -1.2881716 -0.5517261 -2.606757 -1.3574984 -1.2751395 0.7482613 -1.2409849 -1.0587599 -3.8280573 -0.41446644 2.5182183 1.4016234 0.45528227 0.3945516 -0.91366106 -4.1511836 -0.21995984 -0.664874 -0.6608512 -3.2959232 -0.4405124 1.1863205 -2.391056 -1.2616496 -4.8435974 -2.619326 -2.0752454 -1.8634812 -0.5636663 2.4156713 -0.9448366 1.984725 0.30959514 1.3070612 -2.2934942 -0.8537757 1.0386635 -2.565383 0.18977953 -1.5976398 2.2550955 1.5712252 0.11139085 -3.6378632 -1.3670058 0.9084763 2.7483542 0.7595584 -0.8971914 -0.04677076 -2.0234559 2.4396517 -0.23652728 1.4860764 0.26565787 -1.0419348 0.3978372 -0.40805805 -1.2760497 -0.052017745
gurka 1.0241748 0.5315589 -2.1977758 1.8778596 -0.8917375 2.375654 -1.221633 0.8329267 -0.041547243 -0.3327192 -1.5355302 2.3340914 0.32307145 1.942475 0.26822874 1.6837502 -1.7816375 -1.2257864 0.61597127 0.57841873 -1.1771401 1.1762174 2.1170242 -0.24583782 0.382373 2.264258 2.724944 -0.045544185 0.7837877 0.104183786 0.14181992 1.0606773 -0.19238605 1.8252885 0.44346172 1.4910709 0.20057844 -0.57145774 -0.13083138 0.3065725 0.4772282 -0.75171953 0.6751863 1.6906124 -0.011733017 -1.7405368 1.8440981 2.0829983 -0.0039037361 0.09447088 -0.516213 -1.1251473 0.01067075 0.64190716 1.4445337 -0.8549991 0.30245423 -1.5744591 -0.5255778 0.27291927 -0.9351616 2.2670693 -0.9840461 -1.0347639 -0.38025236 1.4938091 0.6605683 -0.98374575 -1.2028003 -0.80108917 0.25640425 0.34963158 1.281813 -0.38121453 -0.35421467 -2.3989673 -3.086003 1.9054341 -0.0065393276 -1.1588144 1.3567064 -2.4353812 -0.7402191 -1.1426891 3.1788232 -0.63377804 -1.0727724 0.20985751 -2.3897798 0.39184457 0.4284183 2.693611 1.4126586 -1.262347 0.84043133 -1.0235339 -2.587205 -1.7439717 0.4360773 -1.0139796 2.306127 -1.900057 1.734837 -1.2947694 1.9916104 -0.9686273 1.9597402 1.9801412 -1.2866439 0.015801352 -0.012380326 0.10019792 -0.7287007 0.14061423 -0.3588242 2.9056613 -0.93386835 -1.1567997 2.5218427 -1.4825724 2.6869807 -1.4049158 -0.22718672 -1.9733261 1.2156293 0.75358176 1.5421709 -1.0587881 -0.3340661 -0.68640065 -2.5032575 -0.94336694 0.821759 -1.4274259 0.36560825 0.35777482 0.37611192 -0.017495058 0.057276405 -0.09119187 -0.4738709 -0.17268665 -0.71476865 0.9971281 0.65925545 2.1048656 0.54926735 1.1412497 -0.6384416 2.3614504 0.50227684 -0.6023645 1.57104 -0.8899338 0.33785325 -2.8301897 -0.27926007 0.3192143 -1.3000592 1.5758483 -0.7575257 2.860687 0.05824876 0.3072286 -0.9390596 1.3362975 0.5313041 -0.97957355 0.48192215 -2.7953727 1.7756712 -0.759301 -2.3292022 0.059678614 -1.2948092 0.18801089 -0.369766 1.5769963 -0.2769746 0.7439908 -0.76269853 0.94884104 -2.221189 -0.4260928 0.38866228 0.22232433 -0.84825677 1.3037852 0.40650886 0.34058657 -1.551 0.98434 2.5445757 -1.249382 -0.14914732 -0.36210746 0.118399955 -0.40266728 0.55704635 -0.8998785 3.1850882 0.999063 -1.9626412 2.111363 1.1314682 -1.5137023 -0.24333811 -0.1589625 0.7264906 1.3100681 -1.3426337 -0.48506445 -1.0665314 0.48214734 -0.06433781 1.970377 0.44027647 1.1647587 0.80363995 -0.18363902 -3.8658333 1.138866 -2.25893 -0.15813634 -1.2754962 -0.41365203 1.7508978 -1.9188527 0.1591088 0.539858 0.5682038 -0.0038694525 3.4401565 0.8083032 -0.81255364 0.8877481 -0.6792905 -0.4572132 0.7304722 -0.5033874 -0.8162167 -1.6157546 1.2090476 -0.64248997 -1.1987861 -0.99211216 -1.6357954 -2.2318687 1.0027304 -1.9206593 -0.38620982 1.7504733 -0.6926721 -0.013172241 0.27321604 0.2141957 0.11980031 -0.41935545 1.1552271 0.14956416 -0.45519727 -0.25173882 -0.84953415 0.16514558 -1.1161267 -1.4976368 -0.87739456 0.13652375 0.20219862 -0.05314653 0.1019396 0.7445312 0.81806546 1.3986275 -1.4774295 -2.3786983 1.6321269 0.026847225 -0.48302063 -3.23162 0.51525754 0.042850025 0.18857399 -0.5118384 -0.640094 -0.9777746 -1.4891663 -0.17081419 0.59733546 0.32373652 -1.2009329 1.2576215 0.78066456 -0.9443726 1.3162479 -0.91256255 -1.251219 -0.5764076 -0.1854078 -1.0474038
apelsin 1.0372722 0.94299465 -2.6352024 1.4023281 -1.8560847 1.1540793 -1.195973 0.41223145 0.3998376 0.34819612 0.11367786 0.8213731 -0.92686564 0.90686065 -0.32441905 -0.024802245 -1.9510262 -0.77112937 -0.5606914 -0.6070805 1.5523441 0.63504153 0.7862683 -1.428877 1.430533 1.5739692 1.8720292 0.23683979 -0.12497341 1.8682226 0.45501238 0.34884667 0.5658697 1.8384349 -0.74313474 0.7086537 -1.2851546 -0.1059121 0.2903215 2.0221715 0.20243551 -0.73258317 -0.597257 1.1006395 0.32787856 -2.7654378 0.43203175 2.315156 0.3117538 -1.0678461 -0.14479429 -0.5097657 0.4642279 1.7061412 0.75532323 -1.4995449 -1.0312376 -0.3322869 -1.7319396 -0.5728137 -0.3010939 1.8412001 -1.6574116 -0.074756935 -0.7904321 3.449254 3.5911784 -0.3382346 -2.8961513 -0.7186119 -0.43897083 -1.3244381 0.3119369 -0.07760328 -0.6669096 -2.6991904 -2.2630682 0.4690478 1.5295042 -1.175858 1.7928702 -2.484191 -2.0722508 -2.5119507 1.7678081 -1.0532076 -2.0543969 -0.38137102 -0.7127985 -0.1884274 1.6052973 1.0539411 -0.8487813 0.12534617 -0.4390093 -0.5126149 -2.0148017 -1.1464077 0.863387 -1.8731478 1.2945226 -1.548053 2.9136913 -0.24651165 0.525809 -1.4839712 0.2981038 2.8991466 -0.047593106 2.0247135 -0.71607965 -0.7041257 -1.9040129 0.75637895 -0.74147904 1.0649632 1.9167134 -1.012905 4.003538 -1.3250649 3.311216 -0.005220704 0.13231096 -1.473553 0.13637654 -0.10658042 2.1432328 0.27633503 0.62494415 -0.876026 -0.30584577 1.0904607 -1.4962314 -0.49166027 -0.58604115 0.07991437 -0.012290446 -1.324919 -0.9379604 0.11383418 -0.040645476 1.3141202 -2.4031312 1.3818852 -1.0137781 2.4585123 -0.24125467 1.9563588 -0.060166642 0.3450162 1.1250454 1.4002377 -0.29077655 -0.5611675 2.8439407 -3.7512465 -1.1331735 0.005892546 -0.70500225 0.56475806 -2.966242 2.403764 -1.7833827 2.0348713 -0.42725495 2.2368898 0.3322837 -0.6673894 0.8753755 -2.6553593 2.2592204 0.7616848 -2.5996413 0.016945103 -0.11721425 0.5351369 -1.5897722 1.9892869 0.61552304 0.43102354 -0.6512814 0.100746006 -0.38999766 -0.44029444 0.95398825 0.40205935 0.6876185 1.2901825 1.671784 -0.036720347 -1.7872412 0.36249417 0.71536463 -1.8858613 0.33935353 0.014494123 0.24469201 -2.231908 1.9254639 0.16030134 1.9731902 1.4553014 -0.26175463 0.13222647 1.5549136 -0.03952139 0.85653996 0.47956362 1.3708546 0.11115896 0.10591778 -2.1355183 -2.686251 -0.93824804 1.880834 -0.1979515 -0.5556077 1.0861553 0.84210813 -0.344686 -3.3428352 0.4103034 0.73000085 0.43436915 0.35197 -0.5648124 0.43008223 -3.0937166 -1.2080064 -0.105101645 0.9406119 -0.6427995 2.2984834 -0.52161443 -0.3800557 0.90826297 0.4398889 -0.29224995 0.006216611 -0.5407354 0.032871857 -1.4230021 0.8727727 -2.0925093 -0.17442176 1.2147914 0.5462916 -1.159335 2.2154067 -0.007806008 -0.42756382 1.7793529 -0.593943 0.8841475 -1.2836912 -1.240985 0.878694 -0.4443525 1.9346223 0.2204251 -0.34917447 0.8960104 -0.87991786 -0.6714609 -0.6001563 -0.8539598 1.4145828 -0.9891681 0.37133855 1.9437017 -0.7226979 3.0672777 0.561827 2.9672847 -0.1822711 -1.1631645 0.15110415 -0.21034731 0.040341552 -1.9834349 0.88598055 -1.1270266 1.2893491 0.22872965 0.65252334 -1.2289296 -1.5467402 -1.2267138 0.8365809 0.43983433 -1.94292 3.27074 0.79538584 -0.89203525 1.8224663 -0.6831357 -2.4290648 2.0712721 -1.0915635 -0.9431947
vanilj 2.0727787 0.119656585 -1.5082662 -0.74714714 -0.057383094 -1.0866793 -1.5594854 -1.5057307 -0.9339241 1.3801435 0.8638946 1.689987 -1.1852951 1.5026567 -1.5445617 0.3885352 -2.9397693 -0.6227257 -0.0386538 1.5632039 1.7423725 1.5211524 1.2833686 0.70704454 1.5290313 2.2242305 2.3068542 0.15325716 -0.6904716 1.3474163 0.89833283 -0.829387 -0.6539443 -0.77321637 -1.1429876 -1.203237 -1.1079121 -0.59698915 1.6910697 -0.40098262 0.4358626 -1.0391911 0.58691 1.2817447 2.9609468 -1.156987 -1.4734215 2.7010574 -0.47465947 -2.5250614 0.49044552 -1.5543264 1.5046433 0.115594424 1.1424248 -2.428823 -1.0307996 -1.2027509 -1.2239559 0.9457857 -1.3538567 0.8242102 -2.782572 0.17568545 -0.8077594 1.3366109 2.7654958 0.17572811 -1.9253544 -0.7190817 -2.0345504 -1.3476174 0.7495835 2.907061 -1.6796137 -0.98425055 -1.5952185 -0.38708028 0.77955985 -2.3026166 -0.7428083 -2.2857313 -0.34154704 -1.7827742 1.3890225 -0.8634127 -0.11338121 -0.23687576 -0.48468328 -0.97124606 2.5467708 0.96504796 -1.1669221 -0.37660196 -2.8105772 -0.20211728 -2.1419861 0.2242193 -0.3569222 -0.63309544 4.359301 -0.532742 2.6266875 -1.2040019 0.64947385 -0.6803018 0.43337584 1.677438 -1.5037968 0.8776691 -0.06849709 -1.6534477 -3.289343 1.8130095 0.48976493 1.5764959 1.8666106 0.6016804 2.5729272 -0.4212505 3.0563338 0.73525065 -1.5834423 -1.1565213 -1.5949296 0.77914304 2.1853504 0.65282637 1.5527105 -1.4464515 0.871553 0.7710998 -2.1330593 -0.5993889 1.6460373 2.235967 0.46468133 -1.1024774 -1.0695616 1.2175142 1.777866 -0.053826388 -0.9625413 0.16052063 -0.7964984 1.1133864 -0.84150636 2.6924772 -0.36203185 -1.4896084 -0.12677836 0.25709346 0.22695635 0.26097006 3.930095 -2.3503215 -0.17001264 0.44793308 -0.12148789 -0.7827871 -1.0713502 2.9702277 -2.159774 0.6684431 -0.6633475 2.929792 -1.5173099 0.63746953 1.2969292 -1.7630037 1.0655751 2.8355916 -2.6175675 -0.42516348 -2.420898 -0.60402805 -1.073873 2.0514555 0.9667174 -1.1903661 -1.8989254 2.5047388 -2.3176932 -0.5839259 0.6080381 -0.003350671 1.3270118 1.1644713 -0.10954854 -0.18141659 -0.95934397 1.2260611 0.9706434 -1.9910289 -1.6035416 1.0150609 -1.2151104 -2.6468067 0.62579876 1.0177331 0.77395916 -0.35727704 1.0677708 0.8012836 -0.13918062 -1.4912015 1.9603763 1.1907734 0.037400868 -0.38824674 -0.19759251 -1.4856586 -2.4198332 -0.63652104 1.7948143 -0.9242492 -0.8121438 1.9969648 -0.23508596 1.3518473 -0.5002337 -0.6574122 -0.6742361 -1.514342 0.1490925 -0.07913959 -0.6117888 -1.3653007 -1.8922284 -0.28992993 0.95006347 -0.21049163 -0.48379844 0.8266513 -0.6748367 0.8861007 -0.3197535 -0.38335073 -1.968958 0.6211524 0.015377087 -2.1682556 -1.1183063 -1.9369053 0.30970818 1.8887827 -2.6711895 0.062135648 0.33853886 0.62158084 -1.0513207 2.3911595 -1.1711522 0.12550925 -0.6140853 1.6496905 2.614289 0.32295492 -0.1603214 0.011701874 0.12947309 -0.5962167 -0.30636793 -1.2161802 -1.176176 1.2110463 1.7004862 -1.3276849 0.65669465 2.1036785 -1.1896495 4.510535 1.3286054 -0.14697704 0.68235797 -2.472751 -0.6468748 -0.39053077 -0.28336665 -1.1945578 1.0653434 0.058377076 3.3429453 1.330499 0.19698678 -1.474109 -0.828562 -2.339228 0.6298875 0.16063465 -2.592282 2.4968839 0.93602854 -1.2164149 1.2890286 -1.3971039 -3.5306787 1.4981606 -0.48465285 0.7289582
rök 0.41048768 0.6833217 -0.13838547 0.068076186 0.08827917 -0.01694252 0.75117606 2.6300495 1.1944726 -0.41725868 1.6193514 2.1929426 -2.0809884 0.13513005 0.58416986 0.8301652 1.0336924 -1.6565354 -0.28620481 0.15510921 -0.4512221 -0.286296 0.24017693 -0.9914284 -0.9176472 -0.7256346 1.2523063 0.986078 0.9945648 -2.9266064 -1.1592968 1.4584433 -2.033589 1.0533663 -0.048201736 -0.90139705 -0.43208712 -1.7268198 -0.4085741 0.82993174 1.3705482 1.3150862 0.17756446 1.0793747 0.20252036 2.9905243 -3.4170754 1.9936283 2.1814048 -2.3176212 -1.1235694 0.7694809 1.0020182 -1.0688492 0.35269368 -1.3136818 -1.5045347 0.6060696 -1.5921363 1.0274967 -1.6565458 -0.5072364 -0.28866318 -0.65694714 -0.8297137 -1.1262158 -0.08966329 0.9260617 2.9479153 0.27063268 -1.2790523 0.11038969 2.3576963 -1.1428319 -0.36653644 -1.1278656 -1.7083113 4.0958686 1.4211438 1.4613198 1.4074285 0.29586998 -0.54694086 1.7840997 -2.5918837 1.0995508 -5.1148844 1.3589867 -1.5422754 0.9642458 0.892434 0.9802328 -1.9247886 3.1078637 1.4241672 0.20849493 1.718863 0.37130496 0.24310102 -1.9266026 2.903363 -0.688446 2.6467252 0.7628151 0.5920621 -0.50034654 -0.36425608 2.0440521 -1.4226305 2.3736365 0.2943125 -1.7712752 -0.5546858 -1.3833809 1.3103 0.10805033 -0.35524416 1.229489 2.3112764 -2.2375977 1.4898821 -1.1188809 -2.168892 3.1034992 1.5766876 -0.11741766 -0.39880762 0.113400556 0.95514464 -1.2076405 0.5195192 -0.13830952 -1.907439 1.3094869 0.38032183 0.015435985 1.262119 0.23730174 0.05432495 0.1679669 2.004785 0.18217182 -2.8615854 -1.0988022 -1.1735559 1.7902477 4.4557214 2.3739092 0.59816784 1.083271 0.15302496 0.4959615 0.10226279 0.8074831 -0.6276357 -0.40179035 -0.12911884 1.957404 0.17785709 4.243846 -2.2195706 -0.42442438 -0.9428088 1.5510033 -0.14734875 -0.2312119 0.4741874 1.053159 -2.6542194 -0.9442678 -0.63950396 1.3237138 -0.6647598 2.466195 -0.17454839 -0.07042753 1.3061182 1.7798752 1.4169159 -3.6537552 0.8351667 1.5462217 -1.9594824 0.45270327 1.4999945 0.56543744 -1.4425792 2.090758 1.2107873 3.7127507 -0.18350638 1.7088666 -2.0320036 -1.8810948 -3.1098027 -0.4910902 0.82204723 1.1390744 -0.6890885 2.1859744 -1.7383842 0.035450645 2.115466 -0.9260405 0.4744344 1.6389937 0.078110285 -0.19457592 -0.26254696 0.080933474 0.54356676 1.0973982 -2.6603768 0.3280393 -0.21197645 -1.38075 -0.35758469 1.8470141 0.13039993 -3.1589086 1.748399 -1.1162262 -1.4475251 -0.8939054 -0.3579403 -1.5407661 0.5946516 -0.88617694 1.5341165 0.7007198 -0.63341933 -0.0716827 0.8287045 -3.6088982 1.0881984 4.132223 -0.10595723 2.0909572 -1.5808307 -2.1348405 0.8529847 1.1786348 -4.2585464 1.501714 -1.8259684 -0.88651145 0.61900294 1.2333994 -1.1598033 1.015835 0.53286004 -1.8115221 -0.22049437 2.1461992 -1.1503905 0.077475026 -0.20942758 -0.7998233 -1.2222273 1.9009422 2.5715234 0.5739363 0.09601587 -0.47635236 -1.232635 1.4460609 -0.64035344 -2.9304497 1.8239698 1.5174538 -1.9197195 0.9549329 -1.9553366 0.08147229 -0.8018903 -1.3696659 -2.7536314 0.58450115 -2.016269 0.059920423 2.7777572 -0.91685647 -0.05089054 -1.6132203 1.838315 0.9241835 0.72464645 -2.1867027 -2.864336 -1.3895214 -0.08947424 -0.759476 -1.3173635 0.509895 -0.9187862 1.4042791 -0.7159308 1.9056963 -1.3071302 2.0430143
rep -1.5879463 3.5515347 -0.13730697 1.5498137 1.5780387 -1.8650666 -0.6763244 2.718151 0.46915457 0.4073174 3.5360208 -0.20944421 -2.754463 0.7209048 0.6540312 -1.1563841 -1.3206974 -0.35711792 0.01217855 -2.1671667 -0.35738322 -1.9747083 1.3498454 0.922509 -1.5353343 1.0567514 -1.1929159 -0.3877908 -1.7339898 -1.3472445 1.8488134 1.1078689 0.8229448 0.8018515 1.7381264 -0.085477635 -1.6266564 -0.8955462 1.0757095 1.6257257 1.5792968 1.3890271 -0.09679616 2.171246 0.52451295 0.48799792 1.0082997 1.8383992 2.9616518 -1.2042247 0.28588337 0.65457433 0.47712794 0.8266058 -0.29470468 -1.9239625 -1.2431839 1.4092945 1.4958092 1.3237654 1.6688726 -0.8912606 1.9731053 -0.33431154 -0.52033037 2.9343255 -0.4742264 -0.10268996 -1.5871451 0.25860512 2.5977254 1.9867901 -1.9610835 -2.0898776 -2.2843063 -2.0957384 0.9582423 0.3176961 -1.1297114 0.42354116 1.0359911 -1.4743104 -0.6173866 -0.84044933 -0.6820055 0.58021563 0.8972271 1.6761441 1.4193083 -0.22967015 1.2409972 -1.0018106 -1.375877 2.8014255 -2.0928233 1.178826 0.3853905 1.7387666 0.48629755 -1.9457557 2.038077 0.70419776 -1.3057975 0.9722188 -1.5795689 -2.6607807 -0.13894898 -0.47813883 0.8067843 0.46308136 0.9013949 0.9541329 -0.23043174 -1.7636018 -1.4157679 -0.42102486 -0.65622884 -0.24312021 -1.2485276 0.558391 -0.057590522 -0.50787413 -1.937913 -0.26220956 0.46809238 1.2235081 -0.7454865 0.28770402 -0.29908252 -0.0994413 -1.1695518 2.003014 0.88921154 -2.4794867 -0.3763265 0.675169 2.9863234 1.1816595 0.7230817 1.4638088 -1.2848263 -0.6054795 1.8971679 0.6471075 -0.16970932 0.5191347 0.72390515 -0.62462753 -0.29110497 0.7603067 -1.5952739 -0.07668019 0.87972444 0.84277654 -0.38425484 0.31266508 1.6529678 1.4760987 -1.98942 -2.210044 0.2964011 0.94530207 -1.4782315 -0.43707502 0.64866287 2.054925 1.2503581 -0.66185105 -1.4466459 1.0311422 3.5348022 0.55110365 -0.8265565 0.78735095 2.6077363 1.5235856 -0.64463526 3.0592804 -0.69904333 -1.1739702 -3.0424032 -0.19548003 1.027836 0.56045175 1.3366553 1.1817607 0.15551606 0.3155793 -0.3633022 -1.7600114 -0.9608858 1.5102396 0.08687971 -0.2243756 2.5727797 -1.8754507 3.5007298 -1.752143 0.799471 1.8260504 0.12077292 1.4215205 -3.526657 0.17059363 -0.43298876 0.6762387 -0.2833351 -1.2261192 -0.50482434 2.3862412 0.26543614 -0.40958384 2.1644638 -0.6489786 2.3291118 -0.1324294 2.33095 1.6966096 1.4145015 -1.2072663 -0.25762016 -1.8858594 -1.3340298 0.11782307 -2.2634852 -3.0192597 -1.0307486 -1.1020135 -1.0386833 0.033754725 0.010636741 -0.47265077 -0.01807022 0.33797 0.5947054 4.2060647 3.2311118 -1.3933061 -1.4402463 -2.5209074 -0.18081586 -0.32305256 -0.87066287 0.612268 -1.4075636 0.7509317 -0.55292016 0.07749252 0.93376875 0.20801058 0.40456703 2.9905307 -0.17150836 0.4448433 -1.568635 1.5352494 -3.0137446 1.7924863 -1.0318737 -0.7636478 0.53716373 0.22357444 -1.962351 -1.7541167 -0.67715484 -1.7229555 -1.0767221 0.013255279 0.1361224 2.9576335 0.5529864 -0.6685345 -0.22828004 1.6323647 1.0422866 -0.30704334 0.2490501 -1.6166508 -0.120116234 -0.9828206 1.5739137 1.2765754 0.32830688 -1.1346918 -0.48329863 0.1678314 0.1714053 2.476756 -1.7575618 3.4794235 -0.50625056 -0.70761645 -2.9238975 2.0121238 -1.3490671 1.234249 -1.2018064 -0.85136014 -1.7783818 1.4561223
hö -1.8650484 0.24318983 -1.9888171 0.9949799 1.3773861 2.5680282 -0.3173115 -0.5622302 -1.653697 3.5728333 3.140259 1.7133671 -0.62886953 0.99746686 -1.0665631 2.678757 -3.4110594 0.17007743 3.0168815 -1.2690473 -1.3749243 -1.8705491 0.83396435 -1.8038148 -0.86290073 -1.1080916 -0.057379317 0.5992034 -0.92872775 -0.04061843 -0.65420496 0.61555403 -0.8461586 1.57796 0.5721125 -0.42536587 -3.1579502 -1.5976135 0.90635544 5.1595583 -0.41062957 1.5320168 1.2079332 0.6156424 0.8673524 -1.0340347 0.802857 1.7549909 0.36474255 1.117375 -2.0951664 -0.72448903 -1.055993 2.8141942 1.6174893 -3.005292 0.23293082 -1.3803004 -1.6285224 -0.32540545 -1.1928196 -1.5195028 -1.0182517 -0.7405279 1.3760067 3.0014634 -0.85411596 -0.35702276 -1.5485578 -1.0466876 1.0896628 2.618416 1.3294264 -1.7109017 -0.2623685 1.278219 -2.0717769 1.2626815 2.7778375 0.7395029 -0.22230612 -1.4987911 0.14125161 -1.0939322 -0.7341635 -1.649053 -2.2042072 1.2543048 -1.2025305 2.0239282 -0.5510539 -0.6626581 -2.0178378 2.7711082 -0.03360352 -2.5657837 0.018547304 -1.3505001 -0.52283496 -2.5688117 3.3996823 0.37630373 0.8843053 -1.1901319 0.37540194 -1.9540956 2.423561 1.9434088 0.42277834 -0.8176041 -1.7760907 -1.8594178 0.030694302 0.89653283 -1.5667393 -0.7171953 -0.9312411 -2.2581708 -0.7530494 -3.5708635 1.2038609 0.6757422 3.7576916 0.73797387 0.20037352 1.2447681 2.2375345 1.472879 1.5380784 -0.7929911 -2.2286448 -0.7845444 -2.640433 -0.43457332 0.3868255 1.9482259 -1.5551264 -0.5057408 1.7425059 1.705953 -0.101083174 0.2195514 0.116063066 2.9385157 -0.70284617 1.9411334 -0.32942423 -0.71627986 -2.1465557 2.7790332 -1.1311942 -1.8073306 2.5651636 -0.86647534 -0.6750011 0.17694083 0.12225701 1.0232644 -1.7526602 3.9922538 -2.070749 0.52082783 -0.14607437 -2.1825464 1.7155057 1.984711 0.1463116 -0.560099 3.3193116 0.13892499 -0.90519345 0.8255554 -1.2727721 2.240317 0.32378694 0.98921007 0.16418605 5.7468367 1.409933 -1.5659924 -0.43886605 -3.7526674 1.047954 1.0266849 1.5902143 3.059689 -0.8015338 -3.1317227 -0.7547384 3.5078826 -1.4904661 -0.62395364 -0.3317324 1.1621983 0.223685 -1.4002991 -0.6773827 -0.968384 -2.4639275 -0.20642309 -2.0663662 -0.5654702 -1.0505137 -0.39394316 1.689087 -0.09522827 -0.3294691 -1.5503595 0.944139 0.18676756 -2.1604156 -3.9502246 -2.1830816 0.15270728 3.392344 2.6689107 -0.60508835 0.40146315 0.056155037 -0.1932817 1.9188567 -1.0978726 -1.5879236 -1.174447 -2.2295668 -3.1772296 0.78126866 -3.2601664 0.5963879 0.080459334 2.7024374 2.575334 -0.6306141 -1.1943567 -0.3920815 1.3786972 0.006447303 -2.349608 2.3690407 -2.4126613 -1.6434615 -1.0537214 -0.6250361 -2.2750247 -0.9948078 0.70913637 1.2624651 -1.5703132 1.1051395 -2.4145575 3.9670784 0.6671154 -0.6964128 1.4143416 -1.3196397 2.8063622 -1.0717967 -1.620348 1.8299369 -0.34831727 0.8975409 1.3550526 -1.1184663 -1.2100753 0.28044334 -2.3429618 -1.8437042 -5.2344956 1.9978447 3.367258 -2.9018693 1.254952 0.35932055 2.7899659 -0.28069562 -1.7020055 0.7983999 -1.5998826 1.5407989 -3.2076623 1.2468598 0.097613946 1.1730937 1.0774422 0.017456729 1.4129448 -2.0507886 0.83173245 -0.3411363 2.2145884 -1.6229033 0.6209199 0.92698854 1.2768219 -0.34027243 -1.9114307 -0.97675496 0.7132097 -2.1433692 -0.25622764
morot 1.8686817 1.7088504 -2.620908 2.4009037 -0.25257036 0.5115468 -2.1464849 1.1458082 -0.4416402 0.7404531 -0.2244822 1.5275431 -0.6765588 -0.19766729 1.2123424 0.25142762 -1.022935 -2.077534 0.580597 -0.51103 1.1717571 -1.3824908 1.4471157 -2.308318 -1.5337218 -0.3680789 0.02510136 0.7191676 -0.2147182 0.24743873 -0.40225944 0.81164074 -0.14169084 2.1301556 -0.31754997 2.4832573 -0.78094256 -0.9859845 -0.70903015 1.6061902 1.0414538 -0.28894997 0.75357056 0.82751274 -0.10436373 -1.9184935 1.8848757 -1.6701008 -0.67115647 0.089649245 1.1341783 -1.5058588 0.36641225 0.42284715 0.65322137 -2.3747292 -0.95279115 1.0514894 -0.82737136 -0.11714128 0.6651446 2.1721792 -0.16516978 -0.8237995 -0.41014704 2.2739732 -0.12489998 -0.3546989 -1.8430188 0.96193045 0.6926703 1.077044 1.6902213 -1.6140054 -0.17394719 -1.676839 -0.29539782 0.72350234 0.44851106 -1.9147142 -0.6647038 -1.7394915 -0.4574919 -1.1052468 1.9508579 -0.6940205 -0.5241843 0.6175865 -0.36778396 0.4448801 0.16122474 0.050437894 1.5331806 0.18889818 2.405673 -1.7680458 -1.9583867 -0.8841874 2.208324 -2.6544876 -0.1529452 -2.1395106 2.0562356 -0.02761308 0.90288585 -1.440546 0.8844571 2.844991 -0.5022097 -1.1530305 -0.74991024 0.01174484 -0.38959032 0.6090285 -0.6750031 1.5502726 0.93045366 -1.9644853 1.9052047 -0.6847409 2.6749024 0.11950433 0.44207463 0.034751177 -0.31834793 1.2169712 0.554069 -0.3532819 -0.6756283 -0.09202629 -1.1911846 -0.26710656 1.6967944 -1.9508 -1.726843 -0.47064298 -0.924779 -0.6426232 0.67421097 -1.6126093 -0.43433812 0.69498616 -1.027149 1.4776554 -1.2476474 0.90419847 -0.101576366 2.59877 -1.0719562 1.3431449 0.26929802 -1.501376 0.991957 -1.4909617 2.5187006 -2.4613533 -0.4201439 1.3913511 -1.0730468 1.1217922 -2.6174045 2.145393 -1.6930456 0.41635522 0.630377 1.1248196 0.6901965 -0.25142616 0.0658778 -2.0129592 0.120491505 2.9017513 -2.244716 -0.49630105 -0.3709052 0.07337764 -0.70675296 2.4045541 -1.1839893 2.2175727 -0.8783181 1.6504292 -0.1391998 0.19574307 -0.15706085 0.40537652 0.07128533 -0.12390091 0.8975157 1.3180131 -1.5667765 1.4817997 0.801576 -0.8035083 -0.73202825 -1.7139015 -0.6584185 -0.80193853 1.4529504 0.66975296 2.3206363 1.4248925 -1.8830547 1.3343627 3.072467 -0.38225803 -1.0817144 1.2128866 2.6540902 1.2920518 -1.6730423 -1.6355615 -0.9881726 -0.36032093 1.4538206 -0.13655351 0.1488119 1.8169479 0.22365935 0.12182186 -2.3686824 0.88632816 -0.98799163 -0.23473479 -0.7414553 0.18695228 -0.28054073 -1.4979347 1.2821693 -0.021882111 1.1128124 -0.046163864 3.4504573 -0.87355196 -0.91372913 0.28448206 -0.37961483 -0.88138837 0.894149 -1.7352715 -0.5602415 -1.7514486 1.6582302 -0.995159 -0.73011345 -0.7387708 0.24073628 -0.4681826 1.3033034 -2.2413828 -0.9412163 2.5838633 -0.19672565 1.4920726 -0.8850043 -2.004942 -0.7350385 -0.49281207 1.6857613 0.9798074 -0.12839665 -0.8930568 -1.2436267 0.014723191 -0.37617743 -0.5299216 -1.0317757 -0.22071248 0.1277649 0.12950356 0.7976616 1.8034946 0.9609141 2.1422262 0.81792104 -1.3169199 1.1401788 0.12943146 0.8319529 -3.0649278 1.4591907 0.5430259 1.6926063 0.27754202 1.566988 -0.9120414 -1.6621453 -0.7918805 1.0238372 1.6407049 -1.3390596 1.8331206 0.22445157 -0.6499819 2.6282475 -2.6017504 -1.2254786 0.40674195 0.20985904 -1.5974702
hallon 1.7143528 0.011734074 -2.0895452 0.35538223 -0.5255509 -1.1146775 0.1296965 -0.8832415 0.48679498 2.554728 0.23160084 0.79763746 -0.29563147 0.7693454 0.20298216 0.38059238 -1.1944358 -1.7294874 0.17431262 1.2094707 2.4280589 0.5622129 0.5991124 -0.16349456 1.5397085 2.6978123 1.9364086 0.6243732 0.29530555 1.1890571 0.35289815 1.0661802 -0.51644015 -0.36541873 -1.461258 0.36169073 -1.6053947 -1.5140785 0.7627355 0.40915975 -1.056875 -0.7602614 0.15523423 -0.08923542 2.7018456 -1.2370636 -0.41296235 2.900808 -0.65586793 -0.45529777 1.3457289 -0.8070906 0.7466678 0.2027077 -0.052147444 -3.7740226 -0.7259069 -1.4528748 -1.7442328 -0.20345157 -1.6772329 1.4929954 -1.9413921 -1.342025 -1.5695765 2.3413327 2.545702 -1.1315037 -1.3954061 -1.5505273 -1.0155579 -1.5986719 -0.16380432 1.2813624 -0.5087978 0.029862309 -0.7703393 -0.6540846 1.06287 -1.8264518 1.5618675 -1.9306047 -0.14993176 -2.991132 2.2332947 -1.358619 0.046143334 -0.479063 -1.1477312 -1.4025736 1.7693503 1.027066 -0.032623403 0.2402314 -1.351347 -0.5394431 -0.9206488 -0.40736338 -0.15539171 -0.7243725 3.849792 -0.44264728 2.186048 -0.99893004 -0.09479242 -0.7608475 -0.31052348 2.9798043 -1.6139327 1.1838028 -0.23102036 -1.8135318 -3.148013 0.9208269 -0.24867214 2.1264107 0.9913445 0.13357869 3.1063306 -0.49308717 2.7593603 0.542038 -0.7192659 -1.9715835 -0.72269183 -0.13767508 3.176154 0.588023 -0.020358196 -1.3901491 0.33327535 0.74475247 -0.11747189 -0.6915962 0.37228644 3.206209 0.7339428 -1.2686397 -1.0708913 -0.30738214 0.3003668 -1.1276344 -1.6774569 -0.43171114 -3.02491 0.021386933 -0.67908615 2.00233 0.040746853 0.16217488 1.307222 0.8872015 -0.16647926 -0.20492357 3.5389354 -3.3148618 0.59262604 2.1614034 -0.28410506 -0.36594877 -0.697915 3.4480712 -1.9900546 0.19406332 -0.15979773 3.8597498 -0.7261654 -1.5304495 0.48701274 -1.08109 1.8992317 3.0604606 -1.7589012 -0.71330935 -1.3841884 0.06450834 -0.8073738 2.001907 0.09369145 -2.0101118 -0.8317861 0.86267453 -1.7335156 -1.284259 1.1362196 2.115543 1.3388774 -0.23651917 -0.6719009 -0.042922977 -0.2237427 0.34784597 0.47578022 -0.5064247 1.8433535 -0.5889643 -2.0293808 -1.4892033 0.7694395 0.34944507 0.4988626 -0.049692266 -0.4663138 -0.067533776 -0.9679174 -0.76038283 0.35712522 0.8526806 1.8176035 -1.0879375 -0.7969521 -0.5923542 -1.4927906 -1.6056393 1.6511426 -0.04364044 -0.98108417 1.406121 -0.25618255 1.2819451 -1.4225755 -0.123706184 -0.48296332 -1.4413993 -0.3864549 -0.4239131 0.9175425 -1.1893145 -0.112343185 0.6625343 1.8291261 -0.16895767 1.2981486 -0.5391458 0.63128215 2.550169 -0.5068047 0.95208514 -1.1135782 0.20940398 -0.7406604 -0.0502314 0.8736641 -1.1657481 -0.07763454 1.0287231 -2.7128856 -2.5443444 1.9031595 0.1426493 0.30911645 2.7395217 -0.6202728 0.5510973 -0.73913836 0.3630715 0.5895764 0.31855252 1.894384 -1.1696587 0.108586855 0.15380546 0.2665567 -1.3216057 -0.20032345 -0.4896654 1.6467918 -2.2004716 1.4107223 2.56786 -0.3694619 2.6089797 0.16279747 1.1533301 -2.393114 -2.281633 -0.6474624 0.3441596 -0.4119176 -1.0288212 0.67998004 -0.4525363 1.2793511 1.3337675 0.99018687 -0.9828643 -0.17293337 -2.1338859 0.70285416 0.43963695 -1.2469969 2.0113497 1.2303525 -1.9112078 0.36614993 -1.6217133 -1.1074942 0.7002598 -0.14698292 -0.62516636
päron 1.0878738 0.5280176 -1.2214653 1.5724891 -2.119599 0.26061094 -0.23803729 -0.30909464 -0.504031 -0.17540745 0.56990445 1.4947237 -0.55756307 0.80698544 0.36098993 0.37904027 -1.4432861 -1.0097811 0.1735514 1.8510549 -0.8113264 -0.93841743 1.2931284 -1.688384 1.1430103 1.826874 1.0111905 0.6780386 0.8413556 1.4956431 0.9589506 0.8604743 0.6353029 -0.6322018 -1.2277756 0.5822235 -1.0473588 -1.2638495 1.4692141 -0.6410101 0.09693121 -0.14828244 0.114090994 1.2962257 0.6232759 -0.10699791 -0.54811937 -0.047685135 -0.20836098 -1.0403315 0.30652174 -1.2173152 0.057742193 1.8011311 0.9538229 -0.9137329 -1.8611553 -1.8226905 -0.9895547 -0.8160332 -0.9960263 0.28555393 -1.8259672 -0.22474088 1.0887864 1.4441477 2.5960906 0.22614846 -0.97429425 1.3447251 0.3477 -0.47777826 1.0896457 1.7285216 0.6337714 -0.6637738 -1.9120703 -0.5045825 1.2769918 -2.1237001 2.286617 -1.288128 -0.5776456 -3.2709303 0.06998343 0.58000135 -0.8803654 -1.6080372 -0.97480875 -0.6824635 1.2689202 1.3200668 -1.0262444 -0.7389457 -1.6267815 -0.5612503 -0.5689545 -0.15612984 1.2433354 -1.1568666 0.6075388 -0.2862774 1.7234464 -0.71140707 1.1116941 -0.9075729 0.8031856 2.6266365 0.33809772 2.108324 -0.538006 0.20066193 -1.7034446 0.49155417 0.926169 0.18174922 1.1150453 -1.0266312 1.4058069 -1.2158674 1.5552003 0.43970308 1.665824 -1.2026541 1.5278383 -0.6517196 1.6404356 1.6569089 2.564025 0.6668895 -0.43242443 0.8892476 -0.433486 -1.1325912 -0.5476729 0.47380555 -0.047955487 -0.96138084 0.17550804 0.14294173 -1.2379336 -0.11515194 -2.5496101 0.95107925 0.8707275 0.0807919 1.1035312 1.9488254 0.115270466 -0.13975325 -0.60065913 0.14819463 -0.6835973 -0.90565526 1.5621085 -2.157829 0.7126378 0.8387489 0.9825778 1.2631785 -0.79468495 2.777099 -0.3862205 0.4081567 -0.019556804 1.9632528 -1.4151292 0.18011159 0.90612465 -1.7618601 0.7745559 -0.56705534 -2.8447824 0.4547963 -1.3459394 1.5720949 1.2823404 0.6514575 -1.0518879 0.5472346 -0.29051042 1.3929508 0.7145966 -0.59906304 0.8753545 1.1851194 -0.58361167 0.5674308 -0.0025329245 0.4281672 -1.7744465 -1.3741548 1.3797575 0.64936227 1.226089 0.5477299 -0.9879227 -2.7772772 2.3011339 -1.9424202 0.34123838 -0.05962881 -0.092142984 1.6311634 -0.36045274 -1.0597557 0.04702006 0.137904 0.32844776 -1.4364374 -0.8199162 -0.3059819 -1.1599263 -0.85436374 2.3629668 0.5102724 1.0164225 2.9564984 1.6678475 1.4436892 -1.6300424 -1.1414284 -0.043147545 -2.2314796 -0.45662 -1.2826681 0.2728462 -2.3344705 0.8567719 -1.358645 0.53238994 0.16177136 1.7176281 -0.054881066 0.7737662 0.17271422 0.48383278 -0.78045416 0.4724623 0.98241425 0.58533627 0.18259436 -0.33572522 -1.6907092 -0.46811435 0.08209725 -0.6274898 -0.9696405 1.2271502 -0.08490109 2.1642177 2.33729 -0.046604812 -1.2181109 -2.0547843 -0.30027416 0.21591666 -2.1551418 1.0713995 1.0338671 1.1755773 -0.6088769 -1.6583645 -1.6325299 1.6996878 0.43976888 1.4936863 -1.1206628 -0.26887718 1.8828776 1.117574 1.1137947 0.7246322 2.275273 -1.0932648 -0.6887625 -0.08293351 0.5723172 -0.360727 -1.3384309 1.068033 1.4503212 1.2997988 0.14150056 1.5039172 -0.19160841 -2.2176116 -0.3006298 1.2500945 -1.7531333 -2.9161797 1.6489942 0.22856276 -0.4446968 0.61399543 -1.0498364 0.23181647 -0.4074581 -0.8207522 -2.8184254
mus -0.8342367 3.1187 -0.33555236 2.2998595 0.06832586 0.20100923 -1.814021 2.7366965 -1.2818336 -1.4297183 1.3751305 0.8707381 -0.14540835 0.51418495 0.8421131 0.26943997 -0.6635518 -2.4676306 0.5682329 -0.7151905 2.8053675 0.14770196 1.8246324 1.5784314 0.8742664 -0.43784004 2.0382726 1.2156044 -0.8291848 -1.4236578 0.7574633 0.8867069 0.20616448 -0.84953433 -1.251832 -0.40130165 -1.0519518 -2.576288 0.7369461 2.4317334 1.7140529 1.1599879 -0.71653724 0.7580037 0.19428769 0.22617945 0.8298595 0.16610196 3.8990839 -2.192812 1.7448453 -0.26486915 1.593916 1.3712269 -1.5874379 1.0487878 -0.10465722 1.9424993 -0.9757733 0.48728603 -0.87711227 -1.3956544 -2.8242848 -0.28403848 0.47960073 -0.94947076 -0.8710315 -1.8613923 -0.9196024 -0.16304496 -1.5115901 0.9738193 0.867635 0.5786209 -0.374142 0.64495295 -1.1486521 1.0922242 0.47861025 -1.0113049 2.1094644 -0.062262315 -0.25951692 1.1996635 1.2480044 -0.3093991 0.0955963 1.3897175 0.13310179 1.04072 -0.9470636 0.08447582 1.416465 2.0692813 0.88887674 -0.10638689 -0.27745828 -2.2488701 2.1066506 -1.3527652 -0.35180342 0.59407175 2.8887086 0.8770738 -1.219296 -0.636385 -1.3506781 0.26138833 -1.2394623 2.9423096 -0.06838486 -2.274545 -0.071887195 -0.2644166 0.106132105 1.5645016 -0.19170986 0.82961583 1.3173057 0.10612769 1.2206382 -0.57106316 1.4040333 1.3538492 1.7006605 2.470991 3.1125329 1.6242571 -0.52260005 -2.6177447 0.12427502 0.038310636 0.068103835 -0.42356372 1.54833 -0.5427746 -0.22663413 1.0526074 -1.4642472 -2.68374 1.1738458 1.0596566 0.1638984 3.7942698 -0.325029 1.2608371 -1.2272588 1.1698557 -0.78678024 0.08641443 2.295783 -3.4058776 0.9462462 -1.067603 -0.098401584 -0.96336037 -0.07610285 0.4372986 0.020078253 -0.7134532 -1.5009482 0.8022452 -0.25534323 -0.78922 0.4746369 0.9546158 1.9612632 2.6075258 1.0567757 1.2302864 1.8068961 1.3103263 -0.31624565 0.62917113 -0.79891247 2.7450495 -0.21038799 0.55983394 -0.21836309 -0.37996075 -2.2752059 2.6694899 0.64851797 0.3935017 0.5741272 1.190243 -0.9032011 1.0225948 1.4779677 1.2777748 -0.8331473 0.9352712 -0.85298324 0.007124758 1.7988986 -1.2414056 -0.20144002 1.806549 -0.00867649 -0.52520245 -1.973489 0.5885668 -2.5811179 0.6150305 0.033947736 -0.73954165 -0.43177202 -0.83811295 -2.1611214 -0.62673575 -0.8751208 2.2773962 -2.3009286 0.17985973 -0.04987223 3.044255 -1.515881 0.9812238 0.64169836 -0.6409379 1.4192988 0.46677756 -0.333445 -0.0077083907 -1.0696462 -0.6820881 -1.4341925 -0.5202486 0.87886417 -1.3376698 -2.3753707 0.6840361 0.45983732 -0.18442827 -2.6736813 2.2693489 0.010158176 -2.165825 -1.7844737 1.3386637 -2.5552065 0.47926727 -2.6854918 0.0168675 0.43542457 -1.1023421 0.21502198 2.5802116 -0.17718345 -0.83336884 -0.3615077 1.2789214 1.0548784 -0.9093583 -1.3678921 -0.429173 0.39513063 -1.5160518 -1.4081807 0.15687606 0.088866174 -0.65640813 0.6195047 -4.038022 0.3681115 0.020113632 -1.708337 -0.80945885 -2.1752687 -0.8192865 1.7363603 -0.09896901 -0.77795064 0.23697022 1.6017712 -0.74511933 -3.1555653 1.1004431 -0.45579305 -0.6109834 2.4863224 -0.046445023 2.5189245 0.71592975 -1.1290289 -2.2448273 -0.5911139 -0.96615416 -1.700356 2.461928 -0.65032494 -1.4522182 -0.7653065 0.6402006 0.09911708 -0.7823141 1.4208611 2.1909587 2.133729 0.24418192
bär 0.58963466 2.0013616 0.042249985 1.575579 -0.7677692 -1.1810939 -0.15446407 -0.9957368 1.1844599 0.51382375 2.523714 -0.42041007 -1.5439545 -1.4894987 -0.77117604 1.5271729 0.7443927 -3.195504 2.3548825 2.4867263 2.7510219 -0.73080724 1.002375 2.5786533 -0.015083754 2.034774 0.2352087 2.480355 1.8929529 -1.2249255 -0.103289425 0.7615437 -1.324019 -0.0249913 -1.3961794 -0.48305932 -0.41898197 -1.4551657 0.34176952 0.35081437 -2.4415596 0.18492065 -1.0166742 1.7964536 -0.3767463 0.462988 -0.736396 4.0329375 1.4276075 -1.6990982 -1.2791324 -1.1674302 1.4999707 -0.93535346 1.7390171 -3.592963 -0.07030014 -0.23453128 -0.29067427 -1.4555879 -2.9872751 1.8771267 1.1749183 -0.72043747 -1.9511164 1.6284186 1.105359 -0.7161481 -0.35554117 -0.93242675 -2.6487525 0.4030949 0.83164656 0.9157834 0.7012631 -0.08311668 -0.29489154 -1.6657795 -1.0737331 -0.60778236 -0.7617498 0.97653824 -0.34482864 -1.475561 -2.6434047 2.8725514 -1.3226941 -3.5610986 -2.0808167 0.40034497 0.56801856 1.2219324 -1.2114657 -1.4889643 -0.65372866 0.3573882 -0.43682802 -0.33879015 1.5911175 -1.3811126 2.2413723 -1.2269015 -1.7148169 -0.76929605 0.6288697 0.31146008 -2.4101431 2.9666824 3.8810232 5.5721555 -0.14344588 2.039884 -2.0331259 -1.5153034 2.1392822 -2.4495516 -1.8010359 -0.5212958 1.2047079 0.13549155 2.3372188 0.97340864 0.77445656 0.6583321 0.655754 -1.7390202 3.7134442 -1.3768098 0.33628103 0.21891677 -1.6149429 -0.2594358 1.4844302 2.231361 -2.398735 1.5185826 2.7032328 -1.2519677 -0.17316172 0.19532141 0.059696518 -0.58155465 -2.0358274 1.5141902 -0.40468085 -2.185259 -1.6153276 0.76511115 0.9913422 1.9366534 -2.0998516 -1.5103352 -0.95430726 1.0894423 2.741132 0.0825013 2.9158778 1.5989456 0.5831073 1.1587807 -3.7530496 2.1023047 -0.030567199 2.3689027 -0.17115815 1.6512669 0.77227336 1.7257174 -1.5931082 -2.4197857 0.7155839 0.5543454 0.18764062 0.48416427 -0.06771637 -0.39312926 -1.2443252 2.4998014 0.24627027 -1.9663724 3.7047393 0.26353905 -1.298448 -0.01751922 1.2416308 2.0865488 0.81125015 -0.28025022 -2.0909913 -0.06787643 2.8355823 1.8003718 -1.3678349 0.96193546 2.5926714 1.9856746 -0.9226506 -3.4197135 -0.0649727 -0.35800287 0.2408185 0.57215905 0.14443946 -2.3671684 -0.06692109 -4.9916883 -0.833581 0.6377209 4.002063 0.4254182 -0.2106757 -2.234347 0.44281206 -1.140608 0.28762206 -0.76424384 -0.6442019 1.6858773 -0.4553418 -0.055097044 1.1631373 -0.7569047 1.5915177 -0.074031875 0.39582115 0.9890621 -0.47051734 -0.4133542 0.79403067 0.24183673 1.6885235 0.795629 1.5447649 -1.1899941 1.1022152 2.5748596 1.2585187 -1.1143388 0.24565564 -2.4441457 0.5374273 0.4880611 -1.1840862 -1.0663426 0.056071717 -2.7610538 -2.158107 -4.472046 0.3994004 1.4138588 3.0637503 1.4716015 0.7079219 -1.1383924 1.7194917 0.19550058 2.719035 -0.45124543 1.2962794 -1.1345791 2.6401598 -0.38267222 -2.526931 -1.638226 0.081629194 -1.926526 1.4043273 -3.6675823 -0.5877677 2.1339436 -0.20160004 2.584222 -1.1775205 -1.048425 -1.1008676 -0.5263739 0.8720118 0.09814721 -0.7005702 -0.23510839 -2.1468475 0.04891191 0.58162045 -1.9398309 1.6517855 0.21779002 -2.19365 -0.1688765 -1.6066958 2.4901054 -1.72466 0.8075279 2.1424701 -0.95084155 0.19151719 -0.76636714 -0.9238066 -0.7885028 -0.26549825 -0.97786736
russin -0.721881 0.8164524 -1.9798019 1.0839602 -2.4052076 -0.29351768 0.56707084 -1.6178482 0.03683096 2.4123573 -0.31962088 1.0280817 -1.0600603 0.9308221 1.5095505 0.5195058 -2.2947898 -2.1750116 0.12460005 0.593375 2.4099157 0.9745002 2.1026194 -1.7034419 -1.0653659 1.9700003 -0.10823391 -0.6502467 0.00988911 1.509248 1.2452801 0.00962643 -0.99683875 0.16366908 -1.7583787 -0.3099275 -0.76122105 -0.4702871 0.07754201 0.16449995 -0.3394107 0.2701109 0.81998575 1.9543227 3.1704144 -1.0527072 0.20985803 0.9121997 -0.34244752 -0.99747175 0.44141454 -2.239671 -0.6219912 1.3045267 0.019113338 -1.9214439 0.71581066 -1.7661474 -0.649884 0.97382694 -0.7213729 1.3885207 -2.3130784 -0.36125562 -1.4406629 2.1566162 0.5208854 -0.9356133 -1.9942415 -0.7233933 0.3211373 0.38430426 0.70742005 -0.1576601 0.83119345 -2.7704668 -1.1089072 1.2105832 0.29430172 -3.2925568 1.8372195 -2.5120199 -0.32942936 -1.4704243 2.007131 -1.1794323 -0.618586 1.0875102 -0.14189526 0.09902677 1.0493765 0.8746917 -0.525813 0.17971388 0.9568142 -2.2342582 -2.4713242 0.45843452 -1.8891896 -2.4158185 0.90603405 -1.009335 2.6681826 -0.018916674 0.9994413 -1.0189533 1.111873 2.4752214 -1.1690481 2.0311887 -0.20544429 -1.5309622 -1.8538402 0.19469708 -0.7349819 1.3616749 -0.2616003 -0.86110103 3.1472507 -2.9129553 3.696848 1.6405072 -0.10369068 -0.25559106 0.7762063 0.27261397 2.1691625 -0.26816198 -0.618355 -1.2030313 0.097002596 0.75373375 -0.064567 -0.068079636 -1.2969147 2.3040485 0.8070221 -0.9072726 -0.5807398 -0.4248393 -0.56577694 -0.013891314 -0.12035797 -0.86541164 -1.3987008 1.1919296 0.48904583 0.9225922 -0.16369875 -0.27820873 -0.81789744 -1.2634084 0.48798177 -0.786862 2.4215448 -2.387647 -0.9453012 1.6436291 -1.5987244 -0.12850246 -2.8300931 1.1583716 -1.6206052 0.55679804 -2.1950877 3.2964394 0.50527215 1.2788465 -0.4738148 0.051331885 0.36437768 2.9882307 -1.355433 -0.10688265 0.12184623 1.9733664 -0.40726075 2.6600852 -0.060574517 -1.3655443 0.5631003 -0.026730308 -0.20515142 -1.1142676 1.6301992 1.4562875 -0.6518016 -0.8349515 1.1515505 1.1005379 -0.6733032 -0.37655455 -1.1897961 -1.5787231 0.639107 0.6570519 -0.37455457 -1.1343472 -0.16334236 -1.9869443 0.5034016 1.0903277 0.5985825 -0.6351413 0.94366646 -0.2084112 1.115679 -0.72896683 0.49650592 -1.0024151 -1.6049079 -2.189 -3.3458688 -0.18330577 2.0587971 1.2501419 -0.6228553 1.2344033 -0.101771325 -0.18589687 -3.049545 0.04412479 0.120003186 -0.61017805 -0.28493437 0.20240255 0.77022976 -2.078026 0.621285 -0.8650726 -0.60891443 -0.97652566 1.5817814 1.4546698 -1.2798029 2.2483938 0.7396565 -0.0062078102 0.18993129 -0.5506614 -0.8005369 -1.4779545 0.56986356 -0.8435103 -1.3002422 0.94753724 -0.36244795 -1.3976605 -0.93550456 -0.39653283 0.19278672 2.1270418 -0.3770009 0.67942333 -2.2020142 -1.1612508 -0.012908832 -2.7152708 0.82890964 -1.4565935 -0.67695266 -0.9654669 -1.1429195 0.14356849 0.40844834 0.27156842 0.8664275 -0.9136638 -0.065815866 1.1027898 -0.6614957 2.4474823 -0.38967162 2.3955274 -3.0253491 -2.0820243 -0.38079625 1.3098907 0.6911271 -1.2271204 2.5415075 -0.39687812 1.8722498 -0.23861068 0.6447584 -0.9536553 0.016478779 0.3477493 -0.21052845 0.2644615 -0.9524885 1.5692177 1.8747584 -0.2982669 1.4726423 -1.1348642 -0.70425946 1.612951 -0.84171814 -0.9931716
sirap -1.4793825 1.1312345 -1.4344147 0.25731307 -1.3937334 -1.2667346 1.1337873 -1.5393811 0.5677005 1.8992769 0.31609035 1.0450386 -1.1610957 0.57215357 -0.92563707 1.2776994 -0.88218135 0.09896202 -1.5733635 2.0022924 3.0823998 1.151806 1.500864 1.0125816 -1.7045138 1.0464168 -0.007897437 -0.21512024 0.8208714 -0.34122515 2.5730498 -0.94610804 -2.0793858 2.0719101 -1.4687926 -1.8392 0.985013 0.5865616 0.33711645 0.019159006 -0.5900254 1.3689501 -1.1488936 1.4258384 2.587219 0.34936428 -1.0535394 2.5166836 -0.12688513 -3.2288945 0.14496969 0.5572015 0.04548189 -0.21914703 0.5922298 -4.8075953 1.4860431 -0.094345145 -1.4727136 0.95964825 -1.4361932 0.09617757 -3.059599 -1.8472203 -0.70789313 -1.2554704 -1.2341509 -3.0206425 -1.1337005 -1.2169708 -1.3466011 0.24438362 0.44556847 0.04987441 0.7818604 -2.468057 -2.3957975 1.6098804 -1.4996825 -2.2435386 -0.14808586 0.23914066 1.2320422 1.0733725 2.1119115 -0.17623517 -1.0341645 -0.13849983 1.1390309 0.37277827 2.0681624 -0.2883951 -0.8363217 0.06311069 -0.835075 -1.2165718 -0.83680147 0.36196673 0.25557488 -1.9035931 2.4736845 -2.1610012 1.6475927 0.82166576 2.333683 -0.6299711 0.13459615 1.4837018 -1.122503 -0.069269955 -1.1283754 -1.4520754 -2.2177804 -0.78017664 2.2589264 2.9187825 -0.089711376 -0.0960206 -0.08243144 -1.7089237 2.8338315 -0.3221095 0.023387248 -0.23080102 -1.4550177 0.8939188 1.8850248 -0.044043683 0.43507543 -0.7070825 1.4920547 2.36652 -0.9803397 -2.3800852 1.5587075 3.3770614 1.516339 0.07332254 -2.2550662 0.6798763 -0.52240896 0.49937963 -0.29033253 -3.5108657 -2.4712858 -0.25355598 1.1401852 1.6652555 0.63016325 -0.7453668 0.50688505 0.22747847 1.9037375 1.2380453 2.7485285 -3.799411 -1.7913905 -0.25274348 -2.145088 -0.9505965 -1.2604657 1.2833096 -3.9629433 0.59699184 0.93885255 2.3278925 -1.0603805 -0.14655977 -0.72569233 -1.6346425 1.1038473 2.7300541 -0.5049528 2.5271852 -2.9047348 0.97520864 -1.3060538 3.0180614 2.3619325 -0.7510036 -0.008885857 2.4825816 -0.5936446 -0.17343481 0.29563603 -0.8508401 -0.4825337 0.14385608 -1.2813473 0.71386206 -1.118396 -0.99017674 0.6600286 -0.5866393 -0.40472698 -1.0102998 -0.4841475 -2.4475963 1.5969527 1.2960066 0.20374317 0.016677098 -0.4833729 0.6912581 0.06472767 -1.7956959 0.69187844 -0.00022368733 2.3114214 -2.2653995 -2.2398329 -2.059915 -3.4932985 0.48176175 1.5498767 -1.5802284 -0.11137134 -0.3005404 -0.15425736 -1.5498492 -2.9297166 0.109473124 -0.59301156 0.13583617 -0.1610412 0.41825816 2.4133015 0.8673572 -1.7745491 -0.13684252 0.07084463 0.052208316 1.3322988 0.41965085 0.89302164 1.6594001 -0.0055246353 1.0124294 -1.0823127 -0.90036774 0.053029373 1.9014566 -2.0673656 -1.8098722 0.71242976 1.3188134 -0.46360946 0.73072237 0.1256542 -0.6756078 -1.3086884 2.4621842 1.0367459 -0.90782446 -1.029563 -1.0451251 -1.0619469 -2.5363195 -0.10299758 -0.32848263 0.020412795 -1.2159643 2.006337 -1.8882022 -0.59560466 0.59539104 0.8321959 0.8415498 1.3894389 0.33565757 -1.3428438 -0.018746926 -1.3394665 0.95947164 0.5159616 -2.4247725 -0.8403162 -1.6910827 0.85734785 -1.6391895 0.07185751 0.41765457 3.50981 0.81455255 1.0425999 -1.8652034 0.028317254 -1.8270205 0.1425686 0.7497582 -0.6065798 0.5149679 0.9380075 -1.887378 1.2825104 -0.10800671 -3.7544887 1.9336379 -1.2506169 1.2344489
ek 1.3414985 -0.32041845 -0.2648626 -1.9085232 -0.75175613 1.4612316 -0.36666453 2.9281962 -0.021779746 -0.2286412 4.1278534 1.2691574 -0.20941569 0.60154086 -0.38367382 -1.4653038 0.67999184 -3.6340199 -1.1029828 0.77880704 1.0930086 -0.7207742 0.72119105 0.20971784 -0.09059279 1.4823335 1.7221577 0.38297412 -0.68190217 -1.9767728 -0.26759723 -1.2132883 -0.8518392 -0.9735462 1.47342 -2.5047069 -0.6117435 -0.80999523 0.5132557 0.03869326 1.6205751 1.8993931 -0.2356321 1.6953654 1.1838597 -0.15921357 -1.2409141 1.6919756 -1.0881823 -2.432247 0.47494975 -0.32257733 0.42370886 0.8627423 -0.7577102 -1.0247568 -0.046217147 -1.3210253 -1.3990963 -1.5627111 -1.2785664 -3.244494 -1.0383743 1.6074806 1.0777289 1.976637 -0.26248878 0.45992565 -0.9342885 -0.04070676 -1.8968446 0.43811727 -0.5571994 0.41178122 -1.5780437 -1.3925761 1.4941654 0.766396 -1.0697317 -2.0364177 -1.0292983 -0.4592726 -1.1102191 0.14228514 -2.043585 -1.7421714 -1.1048211 1.5220822 0.37440962 -1.6952373 2.0113463 0.24682732 -1.9462478 0.013882608 0.74949753 0.52733964 -1.8121315 0.034271166 -0.25433654 0.30740687 0.13892984 1.3817968 0.14331968 0.4407711 0.49150482 -0.9193787 1.6594977 -0.9776798 -2.4142375 -0.16428678 -0.73557466 -0.16882733 -0.29665178 0.25981188 0.447952 -0.48002106 1.5135934 -0.5727976 -0.15146346 -0.443449 2.1964197 1.4840735 1.8554306 -0.66093785 -0.6869999 -0.61332166 0.5940568 1.6531558 -0.7694105 0.5859706 0.5993772 0.9451816 2.0397139 -0.54959244 -0.09902218 -1.4213551 -0.53004324 -0.737705 0.9296559 1.2096612 1.4660729 -0.28770664 2.084863 0.050583836 0.7666173 -0.7401654 -1.4674314 2.1788094 -0.9543868 0.26950684 0.6180967 -0.72035027 -1.1775005 -1.5079541 -0.8078299 -0.76296943 1.8585091 -1.1737379 -0.5898215 1.0406649 -0.7560064 0.6775246 0.5618585 0.056001417 -0.64436126 0.19233538 -2.0460927 0.1224547 1.4507176 0.2565622 0.063298404 0.7926318 -3.0906658 1.2202414 0.39887527 -1.8721566 2.3724887 2.0026786 1.9509007 -1.3833385 -2.619548 -0.2920971 0.4123357 -0.26811945 -0.13555385 -1.6516618 -3.1309886 1.8150593 -1.0562627 2.0034425 0.27218866 0.74009556 -0.74098796 -0.9931647 -0.43407884 -1.2278616 0.8852561 -1.5129746 4.5430098 0.9047317 -0.1851089 2.7755947 -0.919504 -0.014316462 -0.8062846 1.3821248 -0.25371873 -1.7460916 1.9077234 0.448512 0.27634245 2.1861577 -1.6147122 1.9081026 1.0020915 1.2608958 1.4331306 2.4288504 1.2345765 -0.18569706 0.14470953 -1.8038579 -0.42968097 2.2201376 -0.20265532 1.9361844 0.42683285 -3.4376338 0.18502794 0.44753858 0.1305231 -0.86038244 0.06012777 0.49448672 0.8457801 0.31990743 -0.06944986 1.4858162 -1.6281809 1.660529 -0.39661163 -0.09545555 -0.23400946 -0.6721881 -0.41468897 0.31080818 -1.393118 0.9257686 0.57025117 0.89917797 -0.52964026 1.1168451 0.7087595 -0.60794586 0.69113094 -1.7065076 -0.28018728 -0.06744957 -1.0479823 1.4770035 1.6297091 -1.1731787 -0.99915844 0.48849043 -2.2058527 -0.7860536 1.0064844 0.19553442 0.7767537 0.011234896 0.19706503 1.8446934 1.728509 2.6728613 1.6146368 -0.21879406 -0.29622167 -0.38433176 0.2767642 1.5365449 0.7436205 -2.1752172 0.27472082 -0.5414148 1.2937573 1.5500541 -1.5735508 -1.2326633 -1.9433178 0.36723918 0.71250355 0.6477262 1.4590168 1.6264868 -0.1684319 0.5668047 0.390811 -0.7203668 0.23715664 0.94978386
kola 0.06601226 0.4154964 -0.34367284 2.7431345 -0.123470046 -1.1409012 -1.5126572 -1.3422855 0.20320813 1.0485299 0.8738302 0.9392282 0.16874257 -0.13568085 -0.17771909 1.6669112 -1.6418018 0.91574264 0.84388644 1.792848 0.32212365 0.6782931 1.9765905 0.87987965 0.45431784 0.27273998 0.6572587 0.25903934 -1.207099 1.4359745 0.9736223 -1.573186 0.6586714 0.15023889 -0.867875 0.13056555 0.073130846 -0.60218513 0.07423746 0.6164133 -0.28594428 0.32934636 2.017397 2.220904 2.2270277 -1.2870255 -1.569449 -0.06590582 -0.96557045 -1.1938065 2.1570244 -0.08210218 1.8332983 1.3352082 2.1733856 -2.226515 1.3398618 -1.68279 -1.1313667 0.24679813 -2.300706 0.02183847 -1.4910115 -0.7808117 -0.81478864 1.0396037 -0.19760424 -2.3803122 -2.4342604 -0.3770943 -1.3842643 -0.00082146557 0.55267036 0.9427192 -2.3406446 -1.3413666 -1.5676521 1.5094714 2.2869542 -1.1314951 -0.390785 -0.050589826 -0.070966125 -1.0189514 0.82231504 1.6260437 -0.34142065 -0.03396959 1.0704919 -0.6361763 1.1206038 0.43074906 -0.0775052 0.39513066 -2.3455637 0.17113648 -0.009641872 0.6756636 0.8239601 -1.867912 0.44490236 -2.095095 0.15173523 1.070649 0.71777356 -0.004781282 0.29981676 1.6367556 -1.2274898 1.6242518 -0.8279299 -1.4276644 -2.0269318 0.6119196 -1.0079948 2.281465 0.35952303 -1.9492495 0.4401726 -0.47073215 1.5511478 -0.4696796 -0.24324062 -1.3318851 -2.6020696 0.74418116 -0.78864694 1.6956875 1.1475054 1.2948784 -0.0738173 2.002659 -2.0937512 -0.5008616 0.54503226 0.6394475 -1.9870043 0.16273583 -1.8155384 0.0028313429 0.27509126 -0.37274727 -1.4116963 0.14459866 -0.9410524 2.7504792 0.35336897 1.0014964 0.5758553 0.33742976 -0.2768439 -1.2805443 0.989057 1.8125232 1.2243761 -2.2160466 0.3759085 0.16471682 0.11100031 -0.45922118 -0.32598522 1.9317234 -1.1996864 1.4818842 0.020013627 0.28078184 -0.7748617 -0.27839452 0.084526144 -1.7564846 0.27745903 1.3645214 0.28011546 0.99797666 -0.49825153 0.6032347 1.5030948 0.5421233 0.9314331 -0.6369815 0.71731186 0.8511147 -1.9238392 -0.30969068 1.4358959 1.2860506 -0.34571323 -0.24492136 0.621174 2.5546148 -0.6267764 -0.34531078 -1.5829034 -0.2506425 0.80078095 -0.9070787 -0.14846525 0.052164737 0.70743346 2.353344 1.1312363 0.22998297 -0.1389017 0.3336145 0.22667234 1.159217 -0.2716537 -2.3735557 -1.0216103 -1.9776605 -0.15919282 -3.1083841 -3.389303 -1.4989735 2.918861 0.57441056 -1.297772 2.2898924 0.7559706 -1.126114 -2.1914806 -0.1743092 1.7460351 -1.170211 -0.40212217 0.9685024 0.070660174 -1.5314262 -1.9312892 0.64779484 1.0263932 0.8260393 0.6920374 -0.050047506 -0.6828246 0.8843685 1.2442231 0.30490053 -0.7145717 -0.76477367 0.23542361 -1.7003497 -0.34625968 -0.6924631 0.6125453 1.9911392 -1.3353827 -1.3559641 -0.7838957 -0.9365337 -0.93220335 2.2921414 -0.9478989 1.4530202 0.28002593 0.39396647 -0.5555961 -0.71236914 0.4539513 0.09074395 0.39019847 -1.8300601 -0.8299232 -0.35214487 0.16046698 -1.213978 0.22004077 -0.3571286 1.1493378 1.0150887 -0.75914496 2.0376275 -0.06046475 0.63890755 -0.9302142 -2.4386098 -1.2140273 -0.28836724 -1.8765055 -1.7181847 0.48842704 -0.9859966 1.8136579 2.4019253 0.6598165 -0.63405013 0.3500069 0.2969333 0.83310777 1.6255031 -0.23302954 0.7402268 0.64237255 1.3710388 1.0657676 -0.35926872 -0.7476938 2.745325 0.45393902 -0.067717604
tvål -0.20899203 1.3893111 0.16775073 -0.17842259 0.45540625 1.386792 -0.14055254 -0.9239245 -0.032511275 -1.2457484 3.1898837 1.6258141 -1.3938773 0.49837425 -0.08184427 -1.1802948 -2.9668736 -0.039337635 1.053689 0.05747156 3.1996284 0.3931046 1.0636833 2.1423414 -2.244007 1.1355088 1.0114745 -1.7656378 -0.449638 -0.07677874 -0.42739362 -1.4553394 0.6711965 -1.899692 0.3127743 -0.4612071 -1.831782 -0.963073 -0.87388 3.0013657 1.2482126 -1.0123954 0.009416884 1.373745 0.37168926 -1.3158567 0.6348372 0.24249436 -0.1517945 -0.74609876 -0.2632486 -0.83756125 0.5603403 2.0908618 -0.38351995 -1.0402366 0.2503021 1.0285022 1.8731704 -1.4155965 -0.659831 1.2846859 -0.20330995 -0.3581254 -0.54493713 -0.9360379 1.9024084 1.3745642 -0.5749808 -1.3080244 -2.8304949 -1.7835588 0.35363433 0.18543951 -2.442857 -0.38884103 -0.38917047 2.3164103 0.53604877 -1.1362468 0.49315095 -1.371684 -1.2613952 -1.4246927 -0.41615763 -0.6536241 0.35542497 0.4425524 -0.6114618 1.288562 -0.33077797 -0.22974136 -2.0453513 1.2828015 1.6730152 -1.8605775 -0.7633487 -0.47428137 -0.33237138 0.21646881 3.3623657 -1.501925 1.6221825 2.135298 0.12416536 -0.27273318 -0.64221084 3.5106964 -1.8513476 0.7750589 1.0482908 -1.0443401 0.4044351 0.9576064 -1.4483746 1.888599 -0.94156367 1.6028286 3.547132 -2.5468004 3.5740166 1.4121337 -1.3378009 0.3989478 -0.59057254 -1.0124079 4.0428348 -1.7752079 1.6698817 -1.9011631 -1.2136947 0.7033555 -1.1696436 0.39892545 1.4000413 -0.6606605 1.4528365 1.2238368 -1.1806619 -1.5531731 0.25237212 0.0042656045 -0.53200984 2.8956592 -1.762579 1.8419639 -0.9612538 -1.5432878 -2.4391885 -1.5577316 1.3446943 0.39447284 0.77788085 -1.2998965 1.4968332 -1.2836394 -0.52250844 -0.16502967 -0.030795652 0.46354717 -1.7531523 1.5581616 0.56603736 -1.4090791 -3.1692762 1.4666415 0.8038529 0.18837307 -2.4274685 -3.373002 0.24562117 -0.10466908 -2.8982344 0.8758777 -3.319338 -0.2641999 -0.97985405 0.77012205 0.9030396 -1.6136014 -0.88276756 1.7070116 -0.6897404 -0.030161241 0.33689848 -0.13905746 1.0742912 1.1095197 1.1380646 1.4048383 -1.2216927 -0.12768757 0.59754974 0.88755846 -0.6722672 1.2609687 2.9239097 0.53657246 -0.85217446 0.16951251 2.9172626 2.531787 -0.31219006 -1.4812077 -0.031544145 0.32295173 1.1761754 -0.71161586 -1.0876216 -0.9941276 -1.8906602 -3.2983067 -0.5818669 -1.0287492 1.103717 0.9833373 -0.6280974 -0.25323585 0.89448184 -0.33202633 -2.1044364 0.5366117 0.43864635 -1.029234 0.054622192 1.7392057 0.74643874 0.89593405 -1.2084914 -1.8322737 -0.6428907 0.5256656 1.3343899 0.3118745 -2.6270638 2.8030415 -0.09580883 0.39026994 -1.4537174 -0.61110276 0.8504454 -2.5913405 -2.4857461 -4.0832167 -0.6063736 0.7219489 -0.67326695 -0.021113561 1.2625661 -1.7852842 -1.3780837 0.9678113 -0.12809591 0.49932083 -1.8528378 1.5545819 0.40228772 0.9698452 -0.34003335 -2.7697518 -0.36782426 0.90992934 1.1972761 -1.22315 -2.089859 -0.7750299 -1.3892804 -0.6246083 1.19472 0.5891442 -1.4367627 1.3257788 -2.3777711 -0.22633722 0.48847085 -4.105703 -0.11706505 -1.284915 0.13860215 -0.6696138 0.7136623 2.5832994 4.5902257 -1.4404215 0.30095953 -1.7079986 -0.96930975 -1.2833612 0.84171826 0.6443304 -1.9648391 0.83755875 0.7089451 -1.3516759 0.25481614 0.6037233 -1.2165903 4.985395 -0.2242334 0.25000864
mandel 0.0955255 0.6821415 -2.811255 3.1969333 -0.58017516 -0.71686584 -0.5124046 -0.9642934 -0.24866505 1.8484168 1.2320925 -0.089966446 -0.609624 1.8094246 -0.9590329 -0.17511405 -1.2502512 -1.0051596 0.35455152 -1.0792633 2.4713612 0.29920745 1.1800712 -0.0089757545 0.47029373 1.2788342 1.2602664 -0.021356924 -0.05739773 1.7200295 -0.35156658 -0.030015696 -1.0972204 0.25296408 -0.8828671 0.2693813 -1.127309 -1.735316 -0.20521173 0.6918561 -1.0362624 -1.1334424 -0.38194764 1.4485419 3.4739544 -1.3188527 -1.7558037 1.5595462 0.09466119 -1.7805437 0.93271226 -2.1687853 0.04802826 1.5902827 0.8636575 -3.1370132 -1.5198773 -1.1259642 -1.514615 0.6767614 -2.5515168 -0.023966014 -1.1712818 0.58261305 -0.24171242 2.9505892 1.5107645 -3.3336825 -1.4947443 -0.26029807 -0.88717175 0.17764999 0.516917 1.5705861 -1.1310991 -3.6919115 1.6670893 1.0751549 -0.4493468 -3.5562704 -0.90818214 -1.1306045 1.985579 -1.4921135 0.8194175 -2.5196004 -1.4702073 1.1543328 0.6149113 -0.028989315 1.5778977 1.253999 -1.1933808 0.55634886 0.95061404 -0.5947608 -1.9268268 1.6625752 -1.5206455 -1.8771434 1.6946332 -1.012742 2.1110055 -0.83239454 0.9837716 -1.2593321 0.15526746 1.6906074 -1.2055991 0.6239289 -1.058311 -0.08594861 -2.38959 1.1031717 0.13596755 2.0180304 -0.2688247 0.03642483 0.8147435 -0.7050004 3.6167266 1.0362722 -0.16668844 0.5736214 1.2294793 1.003874 1.6028244 1.0693089 -1.304774 -0.69141006 1.555659 2.1812892 0.64148057 -1.042528 0.65814716 2.158487 0.73454005 -0.6732588 -0.01904058 -0.453213 -0.85873914 -0.39766744 0.47503024 -1.7126819 -1.1938056 1.1307454 0.44105715 1.7950879 0.3006661 -0.61426336 -0.30118603 0.3810492 1.1780096 -0.004558331 2.3195062 -3.767997 -0.052677877 3.085347 0.13382193 -0.2949967 -1.8783557 2.0055192 -2.163202 0.23041438 -0.49806887 3.405917 -0.8180965 2.119728 0.5156121 -1.0589881 -0.55293643 2.4055457 -3.6020114 -0.8228568 0.13560393 1.2511454 -0.37248087 2.3994913 0.8258881 0.17907858 -2.1921065 1.679527 -1.091458 -0.77246547 0.3831233 0.33220506 -0.59163487 -0.46004927 0.5115763 0.39467558 -1.375034 -0.18879497 0.23332676 -2.268899 -0.32800588 -0.32326508 -1.4656523 -3.0780768 1.9603518 -0.445831 1.1672035 1.3410774 -0.0093711605 1.0157977 1.4972773 -0.4765702 1.626688 -1.498937 1.2887486 -0.93576986 -1.7683773 -1.0680449 -2.8536553 -1.7079844 3.0375073 -0.82616645 0.6533431 -0.08903013 0.46284696 -0.22894059 -2.5235898 -0.23706134 -0.43805784 -1.3764856 -0.6679723 0.8425106 0.6772099 -1.4055537 0.037764207 -1.5969006 0.20604165 -0.30164152 3.1607041 0.45828307 -0.71725994 0.16263978 0.15891533 -1.2714325 -0.4854748 0.6297639 0.6580878 -1.6339451 -1.6806477 -1.6072979 -2.2126818 2.234867 0.637335 -0.99201626 0.469617 0.5524813 -0.8164869 2.9053533 0.3695589 0.9308794 -0.77410924 1.1195302 -0.18827784 -2.1798515 0.23582676 -1.7651185 0.4586996 -1.0208805 -0.46873784 0.12445015 0.0896473 0.00094790093 2.0027618 1.0512304 0.926963 1.0537146 -0.6478148 3.6509178 -0.6246843 1.5837667 -1.9784698 -1.334757 -0.570936 0.022886518 -1.4604219 -1.6587893 1.8477536 -0.61507964 2.7097642 -0.36186564 1.9132411 -1.2786622 -0.118271016 -0.67336684 0.54070616 0.93530816 -0.51599145 1.707732 1.1444743 -0.1364915 1.3557506 -2.244337 -1.0258101 2.738345 0.28811997 0.6149404
ogräs 0.517193 -2.4452822 -1.617161 0.0068415534 -1.3623997 1.7319804 0.4532152 3.5576022 0.6944442 3.1832404 2.7676973 -0.23267041 0.51311976 -2.2757912 -1.8088517 -0.3666956 -0.72642213 -4.4541683 3.0219693 0.30748376 -0.08855091 -1.099944 0.23622085 1.577127 0.7085984 -0.84457207 0.016805653 1.1680375 -1.4187771 -1.2330397 -3.4859307 2.6446676 -2.560196 -1.1326741 1.649326 1.0182492 -0.42045492 -1.0396651 0.20791757 1.7454647 0.4200998 1.2493907 -0.14970587 0.7018536 -0.5557516 -1.5998133 -0.41521135 2.5249434 1.3101159 0.30482167 2.8338778 2.0434268 -0.37112537 2.7842019 -2.1063874 -1.3468114 0.74254185 1.5258272 -1.8487376 -0.597298 0.32069325 -1.4574109 1.2999498 -2.1924868 -0.31513417 -0.5648946 -0.5506669 2.1836994 0.088342346 -0.20625584 -0.55234236 -0.93978447 2.0279775 -0.66090995 4.0865326 -1.6714115 2.5800147 -0.7210698 1.0033001 0.08269742 0.08040204 -1.6490995 0.036048435 0.8956356 -0.5549309 -0.25545815 -1.8533409 -0.15741044 0.21030274 -0.4427769 0.836875 -0.39876398 1.562784 1.3367364 1.8509537 0.74651086 0.0361744 -2.5999858 0.7740454 -1.7069726 2.8240807 3.4834728 -0.66338384 -2.5734732 -2.402728 -0.89629096 -0.49843544 3.9213285 0.86992514 1.1829821 -0.9194089 -1.0080135 -0.88351774 1.6165302 0.6636612 3.162243 -0.21447845 -1.2236524 3.353801 -1.3718445 2.0224562 -0.84518254 2.2364707 1.8100985 0.8408012 2.1705654 -0.07801706 0.4345401 -1.9592001 -3.151057 -1.0284356 1.0492975 -0.10136307 -1.1047704 -1.2929412 1.6150463 -2.026224 -3.3416064 -0.60024655 0.1341538 1.6410096 0.6496512 1.1050628 1.3140709 -0.87935823 -0.5487255 1.8053666 -0.5680943 0.44722527 3.0657637 1.8724271 0.51810044 0.11573109 -1.2978091 -1.562588 -1.2840444 1.2584212 -1.3906703 -0.5382098 2.498744 0.22080864 2.9951675 -0.27372378 -1.5706714 -0.19723068 2.63372 1.3348107 -0.3626295 -1.3524487 -0.7881186 -1.7515169 0.8593039 -1.1952097 -0.68230635 0.57230866 -0.7961032 1.2359349 2.1460764 0.52255833 -3.113312 -1.6028527 0.37030184 -1.0929267 -0.88978547 -0.48638725 0.77243406 1.0438561 0.42712456 0.87996626 2.5761254 -0.45976552 0.889208 -0.39685917 -1.0628462 1.2893275 0.86213726 -0.13941135 0.955973 -0.38938412 -1.1389236 -1.3829606 -1.229258 1.0464436 2.5460122 0.62927026 1.207235 -2.51426 -1.4793135 2.3901916 0.54408914 -0.49656183 -1.8100659 -0.4418631 2.392881 1.7120765 2.494061 1.5249001 0.07086651 1.2450917 0.49828044 0.35762376 -1.5591478 -2.0887983 0.83369654 -3.303869 0.57863146 1.1250662 -1.1558245 3.1500397 -1.712785 0.72086656 1.3566428 0.9684231 -1.5420353 1.2434144 3.1471884 -0.26548907 1.7834219 0.7703606 -2.569694 0.60595024 0.4123164 -1.670394 -1.1552436 -1.3450445 0.009638896 -0.98362577 -0.80554676 1.5084246 0.31551212 2.1212656 1.4492017 -0.14821145 1.0961368 -1.7134312 -1.0153117 -2.1358683 0.39372143 1.2673433 0.02626963 0.14407349 -0.24569236 0.48124668 -0.8226679 -2.8569927 -1.4890962 -1.0736878 -0.95846075 -0.3976392 2.6924655 0.57781136 -0.14218864 -1.803884 1.7893431 0.04481385 -1.5651221 1.0344843 -0.9213315 1.1995611 -2.267225 1.0245559 0.93512857 0.20575051 -2.277193 1.808871 -0.86608887 -1.3806074 -4.4335856 -0.6026459 0.43913814 -0.35424057 0.73122483 0.08486233 2.1182866 0.44808948 -0.52105004 0.7259635 0.4688191 -0.868069 -0.9412008
lakrits 0.40925646 0.6074601 -1.488683 0.26897004 -1.3425523 -0.23796561 -2.1070104 0.5478511 -0.65395683 0.1599126 1.6372489 0.9159489 -1.1950383 0.1525934 -2.1013813 1.1213034 -3.160751 -0.7334876 -0.027917286 2.002544 0.82801986 1.4421575 0.5615818 -0.79583776 0.39413497 2.1708307 1.6236087 -0.19787106 0.49018332 1.3963276 -0.14399265 0.4603908 -1.8611522 1.0153881 0.95321983 -0.0020035151 -0.94549507 -0.5463936 1.382889 0.43602702 0.14636847 -0.44629773 1.4231448 1.9232548 2.0584037 -0.021682255 -2.223136 0.65746933 -0.1384212 -2.5106628 -0.39834377 -2.2970886 0.43385407 -0.7622118 1.5627601 -1.3518528 1.0164915 -0.88146335 -1.2807999 0.35190022 -1.2587034 1.2972968 -2.6119378 -0.5374938 -0.60467947 1.2705785 0.81307137 -0.043016545 -1.7555188 0.90369755 -0.44613555 1.0891966 0.64649254 1.9911867 -0.8339329 -2.1142454 -1.2704593 0.35547423 0.07914678 -2.258664 -1.983016 -2.987487 0.54584503 -1.7339175 1.0168542 -0.55475384 -1.5618945 0.38034502 -0.045892425 -0.9772422 0.7100136 1.5922977 -1.028532 0.104172096 -0.9408077 0.47351977 -0.6800557 0.27302307 -1.5963286 -1.3179923 2.4926252 -1.4695843 1.9106418 0.7573719 2.279624 0.36316475 -1.2533181 -0.2604322 -1.1889576 1.3419179 -0.7677199 -2.3622422 -2.1077855 1.7691213 -0.5249913 0.47818682 0.7667459 -0.6319625 2.1195621 -1.2515608 2.7304332 0.70942515 -2.350154 -1.4160303 -0.56111485 0.39127457 1.2746769 -0.7519563 1.3099124 -0.658434 -0.18310188 -0.62876695 -1.2634296 -0.64391893 1.9550848 1.3521821 -2.8603036 0.49639016 -0.35761127 0.13235068 1.7047839 0.88442975 -0.9529756 0.43364647 -0.9989385 2.2850103 0.8449688 0.6640915 -0.108046934 -2.043215 -1.1531168 -0.694544 -0.13643184 -0.070972204 3.02518 -0.33668515 0.639907 0.23452145 0.8671195 0.57528675 -1.2198145 1.8609457 -0.92306346 2.5683362 -1.6953794 2.015348 -0.14896372 0.65614605 1.7810428 -0.016490288 0.57492834 1.4946249 -1.7213265 -0.4205155 -1.4926181 1.3404728 -0.2949384 1.7862518 1.1514345 0.18669051 -0.04460631 1.5157189 -2.7022223 -0.15325749 0.6717577 0.87703943 0.407437 0.66996795 1.3250455 1.1349534 -0.5281519 0.948888 1.0346137 -1.2840061 -1.2723082 0.4031613 0.15770985 -2.4853115 0.6693184 -1.107645 0.8367278 1.0022326 0.121701054 1.348064 -0.88506335 0.07401105 1.0529927 -0.42057455 0.86036295 -0.8324378 -0.2614865 -3.006654 -2.5998657 -1.9896996 3.0786257 0.5739057 -1.6123606 1.3992004 -0.06341853 0.19205996 0.2506929 -1.2105142 -1.076397 0.14925471 -0.09462003 0.8114593 -0.4850155 -2.8412943 0.02972812 -0.5654149 0.6035998 0.870573 1.1323125 0.8004581 -2.7152948 0.43461946 0.6052575 1.8679565 -0.46346954 1.4120485 -0.15476455 -1.6568267 -1.000914 -2.556732 -0.5457293 0.033095837 -1.6059277 -0.77500653 -0.66908085 1.1574402 -1.665497 2.1138093 -1.7558175 -0.60730314 -0.79917055 0.7664811 1.7052548 0.1330877 0.7700891 0.4954575 0.08695996 -1.464174 -0.11891875 -0.37215698 -0.9190564 -1.0150847 0.114356644 -0.80032337 0.35260576 0.34928218 -0.5777749 3.2624953 0.5451759 0.33172837 -0.7660783 -2.7540264 -1.7705824 0.75216883 0.24392304 -0.59433395 2.226707 -0.55986565 1.81209 2.119242 0.01631294 -1.0759764 -1.604887 -0.39262024 0.021125985 -1.0278748 -1.8284587 1.841379 0.8450315 0.85941046 1.197155 -0.89923245 -0.30727226 1.0896745 -0.06933281 0.7328815
bensin -0.6350226 1.2768625 -3.2140212 -0.46440032 -1.7017844 -0.70322037 -1.019827 0.59094137 0.77027655 0.4804781 1.4267219 -0.93209034 -1.8314363 3.3592448 -1.9863262 -1.4967291 -2.0507576 -1.7076322 -1.6026057 -1.7727865 -1.944026 -0.49685252 1.1828132 0.71847326 -3.676644 0.6164007 -3.5455477 0.04019182 -0.54936904 -1.546545 -2.9926307 -0.45908827 -1.4451364 -2.8101625 1.6364949 0.06717634 -0.58408517 -3.6968532 0.21104236 3.5589354 -0.20227444 0.49807435 1.1165797 3.2339742 0.4092584 -1.0040908 1.5703121 -1.6353503 0.3677075 -0.23321094 0.92465925 -0.7477903 0.42748618 1.5337324 0.6877597 -2.26335 -0.54165363 0.45067108 1.1226392 0.39161292 -0.15621676 1.4064125 -2.3286395 0.23873124 -0.4753445 -1.1742128 1.7811179 0.51078266 -0.43208027 -0.14920759 0.3094429 -0.12534845 2.177845 -0.58575946 -0.8942493 -0.20897819 -3.2960405 0.77798545 0.56404185 1.1588166 0.95857674 1.734575 1.6385897 2.9384587 -1.9913207 -0.0036557636 -2.6608 2.632077 0.91136545 1.8087524 2.6248252 0.24586393 -3.3709276 0.08786801 -0.6117609 -0.3375729 1.9673514 -0.2921501 -1.8827183 -1.6314048 3.9046943 -0.16007766 1.4963912 1.0461226 3.3859885 0.40298113 -2.77 1.1055609 0.1673499 -0.79114294 -1.9618573 -2.5317004 1.6914923 -2.1899178 3.252152 -0.29042208 -2.1304388 0.9072868 1.990402 -1.5029409 1.5121721 0.32496405 2.1647885 2.3033562 1.1062516 -0.24590437 -0.5977235 -1.7114121 2.2558808 -0.028599897 -1.7905593 -2.1239245 0.4902382 1.6275934 3.0267272 1.7464714 -0.34218755 -1.2087314 -1.441741 -0.14606647 0.6547383 -0.28915524 -0.26843125 -1.3436869 -2.19128 0.22012372 1.3951883 -0.5372489 -2.3121805 -0.43260732 2.4021506 -0.46885613 -0.012068903 1.3165967 0.43970683 -3.9421756 0.68902355 0.8396154 -1.0674427 7.089766 -0.104784474 -1.156364 -0.5377509 0.09794435 1.3397993 -1.6816062 -0.3489971 -0.23863746 -2.1037736 -1.4793288 -1.7519443 -2.487616 0.88528025 -0.0974354 -3.0073502 -0.65928435 1.3029345 1.908435 0.15370119 -2.386979 2.647463 0.4248966 -0.016795589 -1.3951486 2.5839264 -0.77819115 0.05244431 -0.74550164 -0.29788354 0.89667374 -1.6818001 -0.5807002 -0.04008806 0.22274533 -2.9846926 -1.2302088 1.3454212 0.197615 -0.7585599 0.3607332 -0.33920342 0.41854447 0.9091622 -1.4840568 -0.08561457 2.0367546 0.119537905 1.174679 2.8247619 1.0725816 -0.97608376 -3.5663123 -0.7072699 -1.0081261 2.4639711 -0.9599801 0.7980714 -0.2985693 -0.52746683 -2.2578087 0.22352408 -0.78695196 -1.3012236 -2.899796 -0.6030795 -0.08060481 1.1536969 0.97444755 -0.80496675 -1.6939399 3.2865026 -1.4154466 0.5282703 -0.8462601 -0.4118271 2.0547552 0.37374082 0.778774 1.6577191 0.99616134 0.83856595 -0.08533532 -2.1189954 -2.8887134 -1.4566542 1.2287186 -1.2623404 -0.58544326 1.0760343 -2.7094624 -0.24679814 0.9527545 -0.2844249 4.204771 -1.5859784 -1.1968927 -0.6773907 -1.6230804 1.6240629 0.42550045 0.98606557 -0.08275016 0.8878175 -2.625933 -0.16130938 -0.20905343 -1.7812538 -0.7152151 1.9313276 1.1272237 -3.3264146 -1.3654407 -0.8978036 2.5642745 0.8968392 0.0051088026 2.0976534 -0.65814507 -1.4006118 -1.2753447 1.3782003 1.363918 1.0436678 -1.9276978 -0.8780008 -1.3898668 2.5427456 -1.4761314 -3.1152358 -1.7553719 -0.43545848 -0.5548343 -0.47733915 0.20936559 -1.2360758 -0.3342921 -2.0234437 -0.6101844 0.75470924 1.9542799
björk 1.234244 0.5703131 -0.43215376 -0.5712916 0.10418098 2.241647 1.4999009 2.8577363 1.3650743 0.94655573 3.4804504 0.21441816 0.4050774 0.2825194 0.5587048 -1.6879368 -0.28086025 -3.4583225 -1.1136975 0.8999943 0.7282547 0.08321783 -0.18667188 -0.49606252 0.09746337 -0.49896857 1.4213424 0.72998893 0.12856922 -2.172628 -0.86484057 0.6599909 -0.7868273 1.2667729 3.0567012 -2.635222 -0.7441991 -0.6664043 0.44143102 -0.26622888 0.81794566 1.3563163 -0.35262823 1.3897717 0.42620996 0.5213005 -1.1457875 0.9731727 -1.873645 -1.4206067 0.5251799 -0.06271239 0.2114061 0.04555101 -1.2429968 -0.48100078 -1.1189336 0.2130659 -1.1824182 -1.4264219 -0.4252926 -4.145258 0.10592934 1.7798024 0.571359 2.2997382 -0.061427448 0.75233597 0.585645 -0.30786455 -1.0938424 -0.043880645 -0.13188499 0.22782764 -1.2635423 -2.1644764 1.265395 -0.009985097 -0.42517972 0.3958932 -0.8592816 -1.5275154 -0.36833972 -0.42381203 -1.2118845 -1.4400547 -0.10832981 0.8102286 -0.029123554 -0.038430046 1.4138066 -0.9608138 -1.3547852 0.9825855 0.71374065 -0.43645027 -0.698641 -0.61303264 0.43155736 -0.14219373 -0.6354517 0.855664 0.23686646 -0.32853544 -0.35187042 -1.7223344 0.78118044 -0.19996136 -1.1684924 0.371471 0.77535343 -1.3627647 -0.66913265 0.45272177 0.84564227 -0.24463142 1.2098655 -1.5177035 0.82322025 -0.4218333 2.0955951 1.4314415 1.6046602 -0.0330994 -0.2348127 -0.5265236 0.39690867 2.3326087 -2.133383 -0.7853464 0.23587395 1.070847 2.596706 -0.41679925 -0.3386349 -1.0425019 -0.8943752 -1.4540569 1.0599465 1.1163203 0.7271565 0.2660584 0.7395246 0.7394224 0.33236536 0.07042529 0.42976654 1.1841352 -0.32282805 1.6521024 0.7813962 -0.13491917 -0.683224 -1.1035302 -0.9645977 -1.1272026 2.1571174 -1.196664 0.012673092 1.1242777 -0.67748344 1.1192491 0.53089 0.40987194 -0.16560276 0.26458058 -0.87198454 0.34473854 -0.183502 0.8716893 -0.7358676 0.9780959 -2.5456498 0.61563545 -0.38270503 -0.8128042 0.77107066 1.8815104 0.18068352 -2.7686105 -3.9084797 0.23092395 0.34677434 0.36877665 -0.109628305 -0.7891444 -1.5636755 0.666398 -1.325001 1.0703015 0.60581833 0.9814452 0.17526421 -1.2417312 -0.33996555 -1.0001193 0.62716836 -1.3362718 2.5994258 0.6079124 -0.40610287 2.2072396 -1.1067612 -0.49440268 -0.18393229 -0.75601286 -0.34727424 -1.2278957 2.659871 -0.2558939 1.0931846 3.2906103 0.42732233 1.6816037 0.37997574 2.5422754 0.8128811 1.1679673 1.0879065 -0.6101246 0.38038063 0.24970706 -1.1016623 2.168721 -0.17494416 1.6090813 -0.0759621 -3.2967231 -0.086282894 1.1842287 -0.34026697 0.20264836 0.4799329 -0.6454834 0.7875927 0.9634749 0.8952455 0.53772295 -1.1759217 1.7330335 -1.2175858 0.30455676 -0.42905095 -1.6720345 -1.2387286 -2.095635 -0.7389974 0.13508645 0.33419868 0.59151465 0.5482573 0.4054346 -0.28728244 -1.7057457 0.20220023 -0.55851305 -0.56570923 0.09652718 -1.1251378 0.45587623 1.5709839 -1.0594659 -0.45320052 -0.6774628 -2.3742557 -0.65731657 0.2658665 1.119448 1.3010248 0.7213038 0.8593475 1.6571385 0.20146666 1.837306 1.6377152 -0.21377537 -0.8501614 -0.24992162 1.2813674 1.6453532 -0.29116815 -2.3067584 0.44516867 0.73447496 1.0605944 1.2818406 -1.7824031 0.1323064 -2.2773402 0.8428582 1.2457234 1.3058395 1.1049482 0.8932158 0.94509345 2.0352879 0.5451345 -0.1896876 0.019897955 0.8085945
senap -0.29700255 1.6733267 -1.600188 2.6188345 -0.8650634 0.738241 0.4654566 -1.0272908 0.24648729 -0.966578 -1.4186996 3.5250523 0.62453884 -0.5694966 -1.2593206 0.9399251 -2.1177232 0.49980208 -2.0200522 0.42131764 -1.9589926 1.5909665 3.4983673 0.044846877 -2.5194526 2.92565 1.0941335 -1.3860756 0.058820624 -0.0155452825 -0.6413291 -0.44011903 -1.7896547 0.53139836 1.8628758 0.5230744 -1.3955895 0.31683704 2.4356763 1.4096049 -0.14723845 1.16077 -0.17932703 3.1811314 1.3470004 0.14621118 1.4961096 -0.21548863 -2.6689339 -1.9985642 -1.1557982 -0.3250826 0.29497376 0.6021242 1.7840755 -2.1191945 -0.5024725 -0.8403849 -0.808806 -0.73693496 -2.0337505 0.9335883 -2.1252792 -2.698159 -1.5588689 0.23421301 -1.6880966 -0.16376628 0.030151801 -0.29111737 -2.0150917 1.9104291 1.447417 1.7437316 -2.2817347 -0.22477749 -2.1696756 2.3292665 -1.5634708 -3.7055938 -0.58109367 -0.9388022 -0.5366891 0.092542134 0.7201586 -0.4757139 -3.3965986 -0.068124525 -0.20545591 0.46949887 1.8509133 5.160393 0.38101938 -0.32378015 -0.04982231 -0.29575583 0.17139386 -1.3554118 0.8634617 -2.2110832 2.3340838 -2.4781754 0.72269964 -1.0405085 2.5557556 -1.418682 0.067432106 2.2246253 -2.2040558 0.628933 1.2161738 0.41182137 -2.76501 1.3626207 -0.65377593 3.652496 -0.2611202 0.45223957 3.3737972 -1.1584601 3.8279262 -0.08351349 -1.6448761 -0.4650024 -0.8573969 -0.098929435 1.0843807 -2.3252537 1.7058067 -0.3097148 0.016494734 -0.041518692 0.9551433 -0.4440053 2.3351767 2.1861393 0.23410091 -0.2663753 1.1439979 -1.423091 1.002927 -0.9439303 2.5874596 -0.74261045 -2.685851 2.5040011 -1.6644875 2.1225753 -0.46683154 -0.53815436 -1.4060336 0.04109604 2.879197 -1.9929311 0.08862402 -2.1812873 -0.030345973 0.4770362 0.69240355 0.3037591 -0.00166473 1.5878199 -0.30750972 0.83301085 -0.70859045 2.1011617 -0.99687994 -0.7863648 -0.902971 -3.641662 -0.9330655 -0.29952332 -2.798798 0.30038965 -3.3834133 -0.2841093 -1.0999862 1.828301 0.19549716 0.40124565 -1.2789123 2.762853 -0.38814396 -1.1472112 0.003956713 -1.6929969 0.43061545 1.9142494 0.62428397 1.0837829 0.033367343 1.3957102 2.5950882 -0.6834239 -0.25171956 -1.1100847 0.72579116 -1.1404228 0.5312947 -0.7153772 1.3894944 2.3427992 -0.9872896 -0.26133534 1.4640423 -0.14930098 -0.056530684 -1.5088019 0.083283745 2.0477297 -0.32635146 -1.4302198 -0.3699888 0.66158336 2.177838 0.75799984 0.014991334 1.5753539 1.0772195 -2.7119563 -2.0496655 1.4648187 -2.061236 -1.5470757 -1.7023083 0.089525685 2.4120436 -2.103454 -0.10834993 -0.26270813 0.0975375 -1.0297166 3.5657923 1.3078316 -1.0802218 -0.016988415 0.4761221 -1.3655796 -0.50522095 -0.20378257 0.88627285 -0.19139074 -0.7978653 -1.5474288 -2.70277 -1.1500154 -1.9614 -2.3419404 -1.4365678 -0.40586078 0.20993702 2.927833 -0.27627313 0.739393 -1.1406968 -0.17893904 0.81902754 -1.409832 -1.6247517 -0.7155114 0.8904264 -0.54517233 0.38240957 0.38318267 0.48170644 0.3340773 -0.058171626 -1.2223582 0.3518935 0.279799 0.13754408 0.5867829 1.3467304 0.5575148 0.060901336 -3.1570253 -2.0285811 -1.7947915 0.33070123 0.027686005 -0.56836575 0.43568736 1.2491986 0.30339018 1.5925553 -1.9259572 0.4111224 0.39980316 0.06586592 -0.19112992 -2.5214665 2.9492025 0.0554259 -0.7635964 2.1139555 0.4640049 -0.65284127 0.056600895 0.83568573 1.831353
bageri 1.3332635 0.3688337 -1.4419684 0.43939745 -1.1055299 1.1500388 0.73047626 -0.15518144 0.6005361 1.365958 2.6246214 -0.34490773 -0.12576275 2.3863032 -0.32344174 1.2595751 0.6450939 2.4938002 0.55583435 1.2284721 0.7976079 1.9602219 1.8589363 -2.2376096 1.6511288 1.8096877 -2.3050885 0.33253595 -2.146132 1.7311528 0.6646125 -1.1231247 -0.8795597 0.17779706 -1.1133888 -0.054257784 -2.4655762 -2.699733 2.4916627 -0.36370856 -0.39786384 1.5859904 -1.4425141 2.6038635 2.2226913 2.8260024 -0.8899634 -0.34364533 -0.80201036 1.39751 2.5324442 -0.12382766 -0.9709525 3.1662912 1.0425998 -0.0931722 0.038112286 -0.909201 -0.12094721 -1.424576 -2.7017596 -1.2994862 -0.8519905 0.03451622 0.032934193 0.28473732 -0.7183434 0.5873326 -1.0014651 -0.31487918 -1.8659506 -0.38306057 -0.032494713 0.2282503 1.1947782 -1.127422 1.2809669 1.1541022 -0.64103955 -1.5128106 2.3580797 1.2698479 -0.5570019 1.06975 0.6775819 -0.8226452 1.3879647 0.05206581 1.0506572 -0.52169544 1.5725323 5.6818953 -2.2860281 0.5690314 -0.9363851 0.36566252 1.1964184 0.19820349 -0.3061404 -3.3458161 0.450497 -2.3600397 1.0578506 -1.8298815 1.261072 0.33528125 -2.0174472 -0.6715432 -2.156494 -0.6015316 -0.41483438 -1.1699178 -2.6712718 0.9980142 1.7666292 0.9914849 1.7513852 -0.86253333 4.670413 -2.8172717 1.8112047 0.8352423 1.0274777 0.22229308 -1.9184042 -1.4406357 2.6067185 0.40379027 0.9253772 4.093148 3.3018963 -1.4572889 -2.4242733 -0.7566737 2.4096022 1.2678907 0.38175675 -1.4986314 -2.6222224 -0.32110476 -1.3473612 0.06438281 1.0259268 -1.4369692 0.758138 1.449648 -1.3167158 -2.0958667 -1.2110784 1.7944818 2.4306862 1.6644467 -2.9559784 -0.3397994 -0.5366192 0.48865658 0.6007826 -0.11346435 0.11140439 -0.6533371 -0.84072566 2.0806718 -0.3773036 0.302694 2.4045093 0.21712752 -1.3097943 -0.3905771 -1.7739608 2.593914 0.53705657 0.20187826 -1.0919086 -1.084996 -1.5080136 -0.07756222 2.0307307 0.8602156 -0.6987436 2.0429523 0.56844324 0.3218118 -1.991424 -0.918085 -1.5742866 2.6445465 -0.6740929 -1.634429 -1.5403022 0.67349815 -0.36525488 -1.4217621 -0.16299127 1.2625406 0.5675636 1.0578607 -0.6852128 -0.3496142 -0.35179943 0.19090779 1.5711926 0.30563137 2.4634054 -0.9665734 0.71931386 -1.5029197 1.5983322 -1.0717475 1.6180964 3.0855572 0.88901407 0.45135558 0.9327969 0.8260417 1.2178547 1.4282057 -2.0354342 0.40021113 -0.88710165 -0.698994 -1.3406752 -0.51435447 1.9936095 -2.261284 0.83656853 2.3164616 -0.3768452 -0.3829743 -2.51323 0.108749166 -1.142781 3.3031728 6.112572 -2.1920938 -1.066071 2.2034192 1.3790891 0.16832584 0.25093043 2.6292956 1.6545837 -4.2698116 -1.4441653 -2.1212084 -0.79176116 0.39944917 -0.0281178 1.0560169 -1.8925707 1.1189564 1.4204171 -0.5681172 -1.010625 1.821377 -0.33088523 0.627412 -2.3540754 -1.3276106 0.59326875 -0.56119066 2.2747777 -0.15513371 -0.54214066 0.57636285 -0.55019844 1.566993 -1.7472653 -0.22274107 0.5166298 1.0956302 1.146448 2.4615448 2.3028212 -2.2936757 1.2100853 -3.4376736 0.4469335 -2.7125943 -1.0983552 -0.045124438 0.72413474 1.1020979 -0.5005919 1.2693428 -0.26460266 0.99926585 -3.1421497 1.4090438 1.3226459 0.8332277 -0.14409187 1.3743474 1.7677419 1.701316 -0.6195863 0.05401853 -2.688652 0.93667984 2.4445357 2.0328581
lim -1.2394354 1.266604 -1.7265376 2.9252975 -0.65551674 1.394755 0.7494747 0.39534426 -0.31781334 0.38762102 -1.2691892 1.886104 -0.95494455 1.8079243 -1.1649313 -0.6290098 -3.0881553 -1.2058485 0.3551588 -0.50079054 0.84666044 -1.0423828 0.32240844 2.3135152 -1.5955085 1.210546 1.1404146 -0.15986902 0.13617104 0.40767637 0.57112116 -0.87274265 0.3752104 0.6795488 -0.009059716 0.04701289 -2.2524083 -0.7296846 -0.78751945 2.5147262 -1.1028538 0.22655547 0.5278468 2.350514 1.5221363 -2.4645343 -0.06819686 0.18325242 -0.10282813 -1.639518 0.5019173 -2.4643457 2.1921103 3.228398 1.5859928 -1.0439898 0.26866186 0.77515054 -0.12234956 -1.1015841 -1.454181 -0.19350094 -1.6726902 -0.8407616 -1.7603946 -0.3269742 2.9283025 -0.1945532 -1.5043927 0.28425536 1.3114775 -2.7260072 0.16414498 -2.1722395 -1.3591185 0.21794608 0.72888815 1.3753451 0.53342104 -0.3493586 -0.8291666 -1.7087675 -0.6033413 1.7497993 -1.0171635 1.625139 -2.525357 1.4706694 1.2221911 1.5266936 0.5723521 -0.14795811 -2.1568766 0.066940606 0.76183796 -2.414122 -0.37351218 -1.9111601 0.2978903 -0.08585856 1.2263267 1.1697366 -0.5593637 1.7158451 -1.2233074 0.056651887 1.2956887 1.7018473 -1.0702051 0.10084282 1.3459301 -0.18254626 -1.4529334 0.39766368 -1.4691243 1.052514 -0.82752794 2.5670602 0.67673004 -1.3846498 3.2891662 -0.92733926 0.85800374 0.76988 -1.1895711 1.7131153 0.73156404 -0.39511853 -0.074206896 -2.000354 0.23840949 3.8983717 -0.72309405 0.76159835 0.85830534 -1.6212348 1.3904401 -0.5568966 1.5356427 -0.6176797 -0.16196401 -2.719937 0.62719244 2.1190174 -1.4941084 2.3177204 -0.2594879 2.0245273 0.13235898 -2.0530114 0.05906724 0.6661457 1.3828521 -0.45954114 1.1124634 0.34472552 1.3004801 -1.2699454 -0.47057799 1.0964861 0.56047386 1.9950484 -0.8174697 -1.1460841 -2.2565916 2.4863536 0.847276 0.105127685 1.3125564 -0.82519644 -0.3746042 -1.3057883 -2.1830032 0.94308525 -2.0018222 0.0568547 -0.88642174 1.31454 -1.0528218 -4.010497 -0.011997434 2.8711534 -1.9186548 0.22159794 0.6179633 -0.56054384 1.8374317 0.93871254 2.1406581 0.5987391 0.116850145 0.2390213 1.4520357 -0.8160639 2.1498227 0.41327834 3.350346 -0.63176554 0.32479298 1.4928782 2.6830637 2.574695 -2.0143116 -1.7809321 0.22019444 0.64904636 1.5654907 -2.8941228 -0.60701483 -1.3488276 -0.75289685 -1.2003124 0.57397336 0.19111104 0.22289614 0.3962656 -0.12397008 2.0496848 -0.3648509 -0.5184234 -2.1274822 1.3271637 -2.102825 -0.17945714 -1.9355655 0.55371314 -0.72700703 -2.0106866 0.70571846 -1.1185589 -0.7945768 0.88954043 0.8087676 0.17402293 -1.7227213 6.20375 1.340849 -0.22492099 -1.5923207 -0.99162686 -1.8073938 -0.5188934 -2.4433072 0.22661625 0.47786266 0.77075356 -1.7210664 -0.29038244 0.8707021 -2.2969778 -1.2271928 1.5333793 -0.33880675 2.4014633 -0.4158913 -1.0046062 0.21527544 -1.5578907 -1.301798 -2.1613119 -1.5127178 -1.9001366 -0.020857058 -2.3343363 -1.4802294 -2.002052 -2.0784817 0.31682765 1.2128425 1.6089305 -0.048023075 0.884215 -1.2151136 1.6888533 0.11565 -1.4633996 1.3813455 -1.2677872 -1.2514893 -0.6325672 3.1789932 2.048287 4.1167593 -3.6636302 1.0546412 -1.4395883 2.1390173 -0.7891845 -0.30654806 1.8272928 -1.4087751 -0.9312707 0.12019423 2.7648566 1.2446548 0.38323975 -0.7597919 1.383956 -0.25102806 2.3450935
körsbär -0.487007 -0.753593 -2.9034138 -0.24371955 -1.5827972 -0.17077728 -1.086148 0.012689712 1.1284852 1.226258 0.373186 1.1043795 -2.2088583 -0.6124447 -2.4731293 -0.60988945 -1.609031 -1.2878532 1.2028329 1.7586077 1.030667 1.7728906 1.5157837 0.5669571 1.109879 3.0523458 1.2561932 1.4176127 1.2604036 0.06088336 -0.04627214 1.0240691 -1.1087502 -0.3967679 1.216342 0.74151325 -0.6310282 -0.9201573 2.5350685 0.87474537 1.00314 0.13094932 -0.29730472 1.4789562 1.7839527 -1.0156668 -2.3034396 4.6519647 -0.27088428 -2.5420876 0.58850193 -0.046237085 0.4821456 0.20699 0.301745 -3.009915 -0.3740602 -1.6348671 -1.449347 -0.6517459 -1.9757143 0.12097858 -2.365415 -0.44354695 0.014401399 1.2367222 1.7871072 -0.14483222 -2.181713 -1.3772147 -0.3453143 -0.14422493 -1.4934074 0.17945509 1.2761877 -1.4046112 -1.0697355 0.20481545 0.9477626 -2.5892131 -0.027156856 -4.591859 -0.3112419 -0.84842885 -0.8790758 -0.905327 -1.0756009 -0.31610647 -0.3780109 -1.495169 1.584895 1.2487557 -0.8338598 -0.5306385 -0.9985504 -0.20944443 -0.88384396 -1.3155993 1.1765928 -1.5352187 2.3275015 0.229532 0.73896533 0.27604356 0.57315254 0.58787996 -0.15817335 2.8132553 -1.1740286 1.540341 0.004891105 -1.3064888 -2.0111918 1.0849613 0.2506555 0.15949145 0.2734495 -0.4716164 3.2405949 -1.9506966 2.0805414 -0.11578065 -0.36017883 -1.7121336 0.20574772 -0.55270296 2.4710548 0.83040595 1.2638056 -2.0865946 0.29645935 1.1873286 -0.80821276 -0.68963414 0.19740029 1.4932092 -0.4349724 -0.09198888 -0.59592676 -0.18462163 1.7606792 -0.27432406 -0.66872865 0.28880197 -1.4921288 0.07119346 1.1752235 2.4537175 -0.26327217 -0.25570142 0.44593337 0.18857615 -0.15900005 -0.81024414 1.9752787 -1.7740068 1.4529678 -0.29157943 0.5084343 1.2407155 -2.3423164 1.9270049 -1.7403913 0.67587113 -1.9843916 2.6236649 -0.54413867 -0.04736482 1.4517637 -0.114374176 0.99667716 1.644334 -2.345208 0.027915759 -1.3141007 2.174145 -1.0166585 3.8138678 1.6928947 -0.039821465 -1.2356533 -0.07440789 -2.1955605 -0.2672262 1.0400987 0.23989318 -0.55799496 0.44038087 0.22673438 1.2200176 -0.43742368 -1.217544 -0.069641866 -2.615291 1.046941 0.08173627 -1.1515727 -1.857246 1.4890894 -1.5507072 0.64820755 1.630014 -0.54032016 0.969488 -1.3295956 -0.87799346 0.39816296 -0.8467571 2.01167 -1.0359715 -0.19468403 -1.1493684 -2.1936245 -0.39137244 2.0218697 -0.20029195 -1.5422434 1.2788099 -0.09153699 0.7804982 -0.59416664 -0.4893369 -0.5631739 0.06396206 1.2860628 0.23669194 0.88432723 -2.411968 0.509457 -1.483787 0.92045486 0.37214863 1.4270911 1.086377 -0.3976711 2.5183396 1.0455083 2.8104992 0.11420702 -0.70657915 -0.5991601 -1.7728754 0.041769486 -1.157135 -0.119810075 0.19079056 -1.1766422 -1.5104815 0.51712084 0.8208494 -0.5075282 3.0910301 -1.1514986 -0.84648347 -0.0075050453 -1.0876268 0.8194888 0.14839132 1.5727526 -0.25385165 0.93396974 -0.017797848 -0.10252508 -0.80154413 -0.7334313 -0.9191144 1.6208388 -2.8151875 -0.7107719 1.4984864 -0.23103411 2.9225473 0.42232794 2.2623003 -1.099674 -2.559571 -1.2633106 1.6897886 -0.14277424 -0.13083315 2.083044 -1.3146671 1.1171632 0.8924063 0.9679201 0.26083463 -2.1700478 -1.9619713 -1.6369476 -0.22121885 -2.7060277 2.9528742 1.267602 -2.1233692 0.29082447 -0.7914662 -0.79832 -0.92711926 0.63146526 0.35170472
läder -2.876974 0.118217014 -1.409069 0.05295086 -0.40343857 -2.0010219 -0.9159911 2.4623466 1.0336905 0.32921147 2.111713 2.647418 -2.4113271 -0.31860724 -1.6055186 -1.3185743 -2.6611724 -0.81698436 2.6601043 0.27808732 0.14409038 -0.23822287 1.5215406 2.5358384 -1.1880802 1.6072161 0.0030845006 -0.059530795 0.31734324 1.1338271 -1.2794967 -1.2547919 -2.9868786 0.4397673 0.06598037 0.050586414 -2.0843148 1.531751 0.44429988 0.12442767 2.2453406 -1.1377707 0.02968117 0.32722837 2.0513015 0.12864442 -0.9282272 2.1401694 -0.1931557 -2.5140853 0.7934228 -1.9415145 3.179047 1.9468759 2.0303485 -0.61777014 -1.760883 -0.04864988 0.1716743 -1.4162644 -0.21557179 -0.6774322 -1.5927228 2.920423 -1.8977038 0.39697972 1.2576252 -0.4377527 -0.25139108 1.3886769 -1.7718755 -0.83461714 -1.9417155 -0.122892 -0.98569727 -1.4608738 -1.313996 -0.82674277 0.27229482 0.018008623 -2.825436 -0.24919966 0.3710803 -0.91507256 -3.1773782 -0.5037726 -0.47438774 0.7105944 -1.5066235 -0.23039916 0.06443525 0.49249434 -2.5035195 2.734629 -1.242821 -1.6915033 -1.8452085 0.17886159 0.43290088 -1.0352389 2.107294 0.27763945 0.9960748 -1.4214678 0.24375947 -0.7989689 0.9185936 1.219007 -2.7889988 0.07179239 0.59905887 0.38707635 -0.75686646 2.4664018 1.6334938 1.2181983 -0.24707852 -1.8323218 0.55537075 -2.7470026 1.9021161 -0.29780978 -2.276305 -1.3122897 -2.1923928 2.003397 0.09651466 -0.8950948 0.19317982 -0.7581845 -0.16297066 1.792385 -0.1618231 -1.4210387 2.0755644 -0.03850675 2.165837 1.7376664 4.328955 1.9867977 1.6889949 -1.0392383 1.1394035 0.8107962 -0.17367126 0.6810669 -0.63727576 3.0020487 -3.5451205 -2.0188665 -0.99730235 -3.4260507 -0.09246371 -0.5869171 1.1779239 1.0056648 -1.4984974 -0.8561151 -0.5623632 1.0702969 -1.8065557 1.1941162 -0.8784152 -2.4335034 -2.6057653 0.1590679 -0.17474523 0.58657897 0.5518946 0.12811638 -0.8076525 0.52921957 -3.8927078 0.7061059 1.623913 1.909373 -1.9248837 3.0104911 -0.32225057 0.01700034 -1.7082176 0.60002387 -1.9612435 -1.4646713 -1.5264643 -1.697172 1.3366655 1.5879055 -0.5214336 -0.77389216 0.6297119 0.33947858 0.27186263 0.21284871 -0.6359257 1.3529518 2.0304956 -0.45644924 1.0777934 1.9855055 0.29586467 5.0056744 -1.5129383 2.1668334 0.60628164 -1.0008497 -0.1393115 -0.761887 1.867925 -0.02550974 -1.8232613 -1.8873153 -0.3369942 -2.72077 0.5490326 -4.553223 -2.202221 0.98840284 -0.41550156 0.77833134 -0.52423584 -1.164792 -1.6037935 0.50804293 1.0230793 0.82120335 0.21863009 -2.8370051 0.13096969 -2.1931899 -0.46112347 1.3491259 -2.1088166 0.55152 -1.2271914 4.1305294 2.4690382 -2.2904167 -1.7280347 -1.3124415 -2.1302657 -3.0285509 -3.3012617 -0.2505474 -0.25990352 -0.19750085 -0.4351394 0.6185703 0.19675562 -0.4028533 -0.53208107 1.2471057 0.30740014 0.5347801 0.6744081 -1.3333255 0.7122055 1.796634 -1.8161677 -0.8437237 0.38594654 -1.5901304 0.96191514 1.0934018 -2.9813447 -1.7923019 1.4226649 -2.0095587 0.2774113 -1.3436153 -2.196852 0.9728665 1.5079124 2.954531 1.1052394 1.213376 2.2715092 -0.24802123 -0.89794 0.78019226 2.9521146 0.21169618 0.29181808 -2.1998425 -1.4696002 0.712428 -0.8670577 -2.0538576 0.05254295 -2.3767083 -2.244194 1.0090386 0.7544263 0.44233364 1.5857815 -0.5373132 -0.9981053 2.7619734 1.5296961 3.2757452
jordgubbe -0.14613426 -0.20666893 -1.5552701 -0.36923835 -1.6652765 -0.651293 -1.2589642 -1.572705 0.63224006 2.667796 -0.8273774 1.2035072 -1.4777234 0.6098601 -1.0104916 0.10648017 -2.2288454 -0.99910057 0.57160354 2.0098624 0.5762855 1.7273463 1.9854673 -0.4407078 1.2078784 3.5702317 0.616404 0.9812755 1.283784 0.7057085 1.1089964 0.22861439 -0.061170764 -0.21890648 0.6496545 -0.81844467 -1.1327906 -2.3655498 1.1970799 2.4772935 0.2010683 0.14197318 0.015895262 1.0442522 1.3569189 -2.3502183 -0.29933494 0.9937391 -0.34718388 0.035103064 0.8573305 -0.49734616 0.064095765 2.2792451 0.4687673 -2.537883 2.0574193 -0.7529841 -1.1912149 -1.0090909 -3.863246 0.1449616 -1.7449149 -0.53817904 -0.3036871 3.8042312 2.144899 -1.1998492 -1.9673197 -1.0538818 -0.038110748 -0.33670038 0.7503662 0.3374189 0.5000613 0.87781334 -1.3916124 -1.5072668 2.6994293 -0.42046708 2.2025561 -2.6244397 -0.89023125 -1.8633512 2.4925592 -0.9274136 -1.5977837 -0.52405 -0.1672609 -0.81511354 1.769692 1.584308 -0.54561377 -0.00486453 -1.202869 0.28632617 0.14913309 -2.5232294 -0.43869624 -1.4474542 2.1809518 0.2945461 2.3225913 0.06508401 -1.800476 -1.0056098 -0.67516154 3.5353482 0.16392429 1.7926491 0.02680753 0.16903517 -1.8882905 0.78353447 -0.53884023 0.61297536 1.3836695 -0.23934412 3.3773782 -0.60972637 2.7185214 0.21355039 1.6522828 -0.87316006 0.65016127 -0.81013614 1.4327369 0.5685144 1.6790652 -0.9190521 -0.8578875 -0.009131381 -0.19861405 -1.3070612 0.41294485 1.3731784 -1.2136284 -0.65726227 -2.435505 -0.8763564 1.7284592 0.025388606 -1.5783181 -0.32927117 -1.0026226 0.61781585 -0.099590346 0.66118586 0.7683293 0.0581197 1.2176954 1.2752671 -1.967871 -0.07658812 1.7000376 -1.2975243 1.946103 -0.05926267 -1.3106194 -0.0018036554 -0.5898334 3.379454 -0.5244416 1.2334626 -0.30296412 0.7757364 -0.1296975 -0.77677554 0.54679585 -0.93895006 2.190468 0.5225902 -1.2803353 -0.7824945 -2.688938 2.2153301 -0.44168806 1.6262599 0.48544365 -0.1842922 -0.61679274 -0.71759576 -2.142267 0.11564703 1.6300113 2.2502222 0.9459343 -1.1090465 0.65976214 -0.10598255 -1.3423046 -2.3549242 0.6560006 -1.9920962 1.6179256 -0.58077866 -1.4954898 -1.472636 0.035934687 -1.3052362 2.373503 -0.59162474 -1.3923937 -0.24629794 -0.32015327 -0.503276 -0.36763725 0.81215894 1.4833677 -2.1361957 -1.9427285 0.22796257 -0.97251475 -0.45403838 1.6940533 1.2530986 -1.6096257 -0.8422556 -0.1864525 0.5150079 -0.8857525 1.0664636 0.57471454 0.11607342 -0.78125614 1.2045891 0.3993607 -0.75639296 0.5672997 -0.004013205 1.2231762 0.71045303 2.367911 0.46132788 0.52711576 2.9137268 0.28400975 1.4167067 0.85979307 -0.71467745 0.57167405 -1.3842133 0.6116716 -3.1730437 1.2895845 0.8417741 -0.33384615 -3.1657274 0.44656223 -0.93455046 1.3204266 2.2195284 -1.77298 0.04606545 -1.2030714 -0.9796039 0.8086165 0.2739286 3.2886527 -0.84928924 1.5759985 1.1325917 0.8208117 -0.3109103 0.5729786 0.21908799 1.3773577 -1.919664 -0.048935425 2.2091815 1.4531173 2.4139934 0.11462881 2.4701605 -1.169442 -1.9345882 -1.7677889 -0.13785972 0.39768353 -2.308186 0.26007718 -0.59027505 -0.15100883 1.294801 0.32099232 -0.72988594 -0.8468882 -2.1271446 0.5981747 1.8594443 -1.969935 2.6640127 0.75960994 -2.509693 0.40202084 -0.6824938 0.38462338 0.090197064 1.0168322 -0.9140895
mint -0.009118013 -0.8214806 0.15975808 -0.29512987 -0.56170344 0.5761439 -0.42070594 1.3032393 0.32446983 -1.8023046 2.6226876 1.510688 -0.994367 1.9670875 -1.0211289 0.35417694 -3.171049 -0.25788012 -0.20308618 0.9517636 2.8724325 0.35334712 0.2568453 -0.7419339 0.39176306 1.2639719 -0.29077813 1.0484091 -1.8235444 1.8944131 -0.13231796 0.41118762 -1.6396979 0.5949091 -0.58117646 1.3571017 -0.5509037 -0.8510952 0.28620315 -0.91737014 0.5241454 -1.4754353 2.0580673 1.2375149 1.5112762 -0.4523503 -1.6511968 1.1714215 0.96060723 -2.9838016 2.3400433 -0.44231826 1.3093296 0.40414584 0.4224851 -0.9717936 -0.7334536 -0.3261936 -0.10387366 -0.19530998 -0.5252236 0.042440444 -0.81642836 -0.7189353 0.12974311 1.3929739 1.7924912 -0.22576663 -2.4666455 0.07826984 -0.7739194 -1.4145482 1.3963287 1.3873407 -1.4019287 -0.44797143 -1.8881032 1.2171668 1.5694779 -1.3171526 -1.1263969 -1.0927982 0.81112283 -2.6743515 2.2724452 0.8353493 -0.50903356 0.48111182 0.7008233 1.3386904 -0.39730006 -0.6367619 -0.06614144 -0.52845037 -1.7103444 -0.9723939 -1.0368737 -0.37945712 0.012499646 -0.13600273 3.1573062 -1.1246724 2.4472895 -0.14271536 0.62047064 -0.99146026 -1.323165 1.27383 -1.2823666 0.38407952 0.28499663 -0.72065777 -1.5066525 1.6076795 0.48706472 -0.58157843 0.50451565 0.9330911 0.40900373 -0.18832237 3.4801145 -0.9677394 -2.268406 -0.41930443 -1.5704752 0.37609753 2.4256432 -0.6758374 -0.241223 -1.775381 1.1665843 -0.053305272 -2.7918975 -0.093603395 2.7951953 1.1938764 0.76300126 0.33756584 -1.5253224 0.6965044 1.3628291 -0.8507185 -0.1075846 1.2642355 0.80916387 1.7530034 0.5267083 1.1962233 0.42048955 -1.2591257 0.9614711 -0.50628275 0.58956254 -1.2159399 2.2297854 -2.1367693 0.9015239 0.06224967 0.56344324 -0.9866254 -1.597276 2.4316423 -1.0575925 0.044319708 -1.2986623 2.1861322 -0.44529906 0.22736752 2.5802362 1.2206833 1.7798233 0.04007163 -1.6493987 1.4496539 -0.83264107 -0.17548278 -1.0242413 -0.50536495 -1.1591569 0.42748213 -1.2796141 1.2608114 -1.0112776 -1.8655884 0.09246186 0.5774035 0.50563854 2.2055404 1.2547481 0.80194384 -0.6716026 0.89512753 1.3516566 -2.1565564 -2.9902606 0.93196166 -0.31184906 -2.4096217 -0.15282954 0.445114 1.5916266 -0.3618399 -0.44904733 1.3380754 -1.3120098 -0.039358664 2.8737636 0.20316912 -0.50310934 -0.3632061 1.3914323 -0.9576108 -1.6017724 -1.2443117 -0.19977221 -0.2259391 -1.8451891 0.3453193 -0.88289666 0.44443908 0.6483658 -1.3631196 -0.9134007 0.24919286 -0.5526228 -0.57427007 -1.60514 -0.6877326 -1.0198448 0.08916453 0.9162767 0.028722476 -1.1622653 0.19659157 -1.1842705 0.6268908 1.618711 0.63948023 -1.4458166 0.85829115 -0.94280744 -2.0710616 -0.9675742 0.68012327 -0.011297622 0.2628158 -0.9010552 -0.19811611 0.098545976 0.6332891 -1.2213774 1.6358225 -0.4727944 0.93120885 0.9559485 0.017591268 0.79545337 0.31732073 -0.22673234 -0.20698413 -1.9440995 -0.35247198 0.0017128484 -0.19519572 -2.0748699 1.5434455 2.2038572 -1.2581892 -0.0014690007 1.2831342 0.7311473 1.9342421 -1.0960159 1.5267088 -0.6087472 -1.2121547 -0.87598634 0.24535096 0.16437212 -1.4639367 1.4720054 -0.42197797 3.0263813 2.3636844 -0.58007497 -0.52752966 0.4867863 -1.5329162 -0.6455097 0.28863555 -1.2905583 1.1700679 -0.7881991 -0.7277906 -0.105062895 -0.45590618 -0.09935799 2.4580698 0.16674468 0.62638426
lavendel 0.36620358 -2.052579 -1.3835979 -0.069755286 0.03522246 2.0012336 -0.4653289 0.8740662 0.94958705 0.95133483 2.5153403 1.0543863 -0.9836239 0.43915498 -1.8439513 -1.3289515 -2.4645152 -1.5779451 0.8639941 1.1653178 2.051004 0.75000066 1.001963 1.3263249 0.8696929 1.4220674 1.9824495 1.3749557 -1.2482295 -0.68901336 -0.7546554 1.4012961 -2.515129 -0.5197752 0.61378944 1.0756757 -0.22572383 -1.2282254 1.8027161 0.8688029 0.029326398 0.8463384 -0.4572068 0.63358855 0.24021728 -1.3488952 -1.7334597 1.5951852 -0.73177266 -1.2304561 2.0566096 -0.41116732 0.7180707 -0.16067013 -1.4640669 -2.949171 -0.815241 0.3102924 -0.47579533 0.70257217 -1.5589579 -1.4897109 0.28414035 0.0977493 0.63223714 1.1106728 2.3148818 0.9755452 -1.6873015 -0.004611313 -0.8270229 -1.1890656 0.33723038 1.4919038 -0.20378071 -1.4498081 0.14156109 0.23455617 0.6919757 -2.258963 -1.8486432 -1.3898854 -1.5000596 -1.4765518 -0.43508694 -0.44823244 0.09638565 -0.3441688 -0.9230779 2.0373535 0.38177615 1.2389262 -0.38065356 0.5259568 0.9009881 0.41754454 -1.351681 -0.11868041 0.854936 -0.4480978 2.6102614 1.7687302 1.9108043 -1.4529952 -1.2040932 -0.0010471208 -0.7399073 3.0715256 -2.206268 -0.17672327 0.83202755 -1.1485156 -1.7389241 1.6406448 0.0012418856 2.119278 -0.42093608 -0.54941446 3.1410542 -1.9184934 4.0704846 1.0156199 -0.24049895 0.6508437 -1.3400424 1.0950927 2.1219654 -0.41826177 0.61423576 -3.2968829 0.8005077 0.05621293 0.17790547 0.29046702 -0.24631166 0.62081593 -0.16613272 -1.151812 -0.16422106 -0.6868007 0.6249633 -1.1179994 0.636044 -0.14893088 -0.118765905 1.1262507 -0.18186305 2.2562897 -1.8810505 -0.39047527 0.8945139 0.92555374 0.98460305 -1.4720187 0.26646432 -0.96539545 0.6226438 -2.1645422 0.26042643 1.3022091 -0.9700242 1.6610261 0.31031778 -1.1681713 -0.06910471 3.4468424 -0.4953315 -0.051195957 0.081337325 -0.11541131 0.5022635 0.3891959 -3.3794599 -0.16430508 -2.6640995 1.5082568 -0.5275001 2.8636658 1.5936729 -1.6020182 -3.304133 0.7477778 -0.15639192 0.1701932 -0.05995623 -0.282195 2.044493 0.2776425 1.6101087 0.9947365 0.16349952 2.2598171 1.0985327 -3.7256482 -0.87531453 1.3041232 -2.0610983 -0.9946948 0.41648033 -1.5299094 1.000408 1.2720442 -0.11490296 -0.2568076 -0.624749 -0.8720655 -0.28452572 0.41876632 1.4211333 -1.8819555 1.2629155 -1.6416645 -0.07173026 0.4085663 2.380308 1.599244 -0.7213769 -0.016186409 -1.1748133 -0.24656358 -0.12624575 -0.4252831 -1.1440644 1.2839918 0.08943103 -0.20865595 1.148681 -2.8546934 -0.65504235 -1.6954017 -0.029694488 2.1078625 0.33280602 -0.05853257 0.85783684 2.7970135 -0.2751782 0.8067124 -0.2945009 -1.139728 -0.26386416 -2.4617827 -1.4097415 -0.27737078 0.25563756 -0.02029102 -0.32788232 -0.7828193 0.9576295 0.22120371 -0.24830869 1.4001766 -0.86351836 0.46048236 -0.56258416 -0.11697656 -0.3859749 2.085005 -1.184605 -1.4393721 0.4535429 0.060658503 -0.27269435 -1.2583709 -3.5342183 0.8903552 0.007507808 -1.6366688 -0.40629417 3.431757 -0.6563319 1.7135359 -3.6054568 1.5349112 -0.5690777 -3.9585614 1.2176759 -2.4227383 0.5770557 -0.6243 0.7852598 0.03612528 2.0257251 1.7139064 0.80332905 1.7063348 -1.8667467 -3.1366286 -0.48826906 0.47162703 -2.7325833 1.2849422 0.24296592 -0.59747076 -0.31893042 0.5976092 -2.0015094 2.5822146 1.0995259 -0.43798772
gummi 0.109541506 1.9268421 -0.8751937 1.3592336 0.31632414 -0.95237607 -0.97758824 0.57525057 1.7173852 1.2665629 3.6450987 0.37033918 -1.4891559 -0.87803215 -0.13572147 -0.81315565 -1.6652519 -1.2028089 1.9569838 -1.3591477 1.351435 1.0819635 0.21866623 2.155962 -0.78642744 0.9965122 -1.1149228 -0.99736273 0.102359384 0.8372516 0.9393545 -1.4495275 -1.2966912 1.950757 0.6564942 -0.8016717 -2.560809 -0.80574316 1.1565433 1.6592649 0.9633637 1.2612747 -0.5719985 1.6991596 1.0267551 -1.0972631 -0.0681927 0.04395743 0.5272933 -1.6490369 1.1109476 -0.8991559 3.1956913 2.2013712 1.748807 -1.1378291 0.5426173 -0.08029462 -0.13288468 -0.04472901 -0.29898852 -0.787198 0.43993378 0.2443325 -0.2545122 0.8422995 0.17320368 -1.6806892 -1.5063796 -0.2834207 0.63472384 -0.98558986 1.4824775 0.3351448 -0.48621705 -1.7895793 -0.050270356 0.8299199 -0.07375566 0.7782925 -1.7028482 -0.46776912 0.47778794 -0.43623218 -1.5142924 1.1538919 -0.8580817 1.5000589 -1.8329842 -0.37037238 2.7030675 -1.1618762 -3.0052717 1.330398 -0.67187893 -0.6148097 -0.987424 -1.0749909 -1.3084952 -1.6539515 3.3325226 0.9565624 0.74845755 0.17520687 0.98269886 -0.050362624 0.7285179 0.8566277 -1.5117397 1.8354464 -2.2526393 0.09552795 -0.27592477 0.65483326 0.51124716 0.48243073 0.037373994 0.23638614 -0.30806696 -0.98805904 3.7645285 -0.84221596 -0.9532791 -1.2686211 -2.2297714 0.6744484 1.0648705 0.30142403 2.1717436 -1.1348617 -1.8824481 1.5713646 0.44997138 -1.6669708 1.8638761 -0.90097684 2.5230336 0.032206208 2.0242178 0.23828982 -1.3047949 -0.27412176 -0.53364015 1.8479116 -0.4484361 2.1651857 0.10116849 1.024534 -1.3233159 -0.6066883 -0.40120044 -1.8220181 0.12475799 0.76121455 1.7735918 0.8555023 0.71861 0.77934074 -0.92464906 1.2750164 -0.35290357 2.041007 -0.94364643 -0.23331644 -2.443771 -0.21781081 1.1626561 -0.3375909 -2.3522372 -0.15593843 -0.55091953 -0.63783455 -1.5441047 2.8759346 0.58956194 1.9451301 1.3129493 1.7117358 -0.9626971 -0.8585212 -0.14925778 0.40880734 -1.3661858 -1.0185151 -0.14594375 -0.9420156 0.025598532 3.128016 0.5223403 1.2772099 -0.1524251 0.9482983 -1.9736556 -0.026107833 0.78869325 0.27805498 1.0166281 0.38499454 0.3777319 2.1428022 0.37959754 3.3916552 -1.7600707 0.54198855 0.25239107 -0.27931845 -0.53400534 -1.5871717 0.39470288 -0.4564573 -1.8937674 -0.2722449 -1.2622252 -1.5921987 1.9421048 -0.9583677 -1.9937776 2.7724357 1.4221826 -0.03899754 0.37007368 -0.48347685 -1.335993 0.24331768 -1.2327652 0.028539285 -0.8165157 -1.788473 0.31554195 -2.3577633 -0.061367884 -0.30763814 -0.6576918 -0.77434385 -1.2099893 4.3423285 1.3047837 -1.098515 -2.4493237 -0.85599786 -0.5728394 -1.13645 -3.891567 -1.4062043 0.38430807 1.091128 -0.8123877 -0.008886628 0.75674057 -0.6224392 -0.9030308 1.6005312 0.43093148 1.8208996 -1.7887207 -1.2820486 -0.13908607 1.6311896 -0.6233218 0.4307062 0.86736643 -1.0572354 0.5852634 -0.34226128 -1.2412747 -1.8685292 -0.54812706 -2.287074 0.7552307 -0.06551037 -0.7422001 1.4596864 0.80897564 1.6336778 2.6570005 0.08314851 1.5634955 -0.07983394 -0.8539544 0.85627365 3.6214092 -0.38619366 1.7436566 -1.101275 -0.025047742 0.49787793 0.2860999 -0.79056543 -0.6072523 -0.637551 -1.558195 -2.4601495 -0.77157915 -0.30395454 0.09815895 0.6000272 -0.8421723 3.9695046 0.67682105 1.2833816
tobak -1.4192761 0.42743486 -2.2463744 -0.7137128 -1.8014584 1.1253034 -1.7638141 0.32048732 0.33976895 -0.2355589 -2.3455806 1.5038991 -2.0464163 2.1407228 -2.3866346 -0.48114052 -2.0778263 -0.87206566 -0.5355648 0.046206784 -0.39349443 1.6692452 1.4024516 -0.520811 -0.18599336 1.2470288 0.70831615 -0.486332 -1.0766275 -1.2373139 -1.8846695 -1.1990155 -1.7968614 -2.4759278 -0.63770294 0.0079630725 0.7395639 0.77175623 3.365775 0.057787083 1.47254 -0.011133693 2.6591036 1.9152498 2.68111 -0.13673587 0.6185112 0.9495208 0.50609505 -1.2611539 1.2626836 0.23387182 0.4275493 1.1697227 0.6517233 -1.2186908 0.8799253 -0.15821034 -0.45721143 -0.5098081 -1.2792674 1.046022 0.09678448 2.4955287 -1.8850203 -0.20661634 1.0887741 1.1582532 0.5135585 0.83344096 -0.7014568 1.1653967 1.5043962 0.96519035 0.8099848 -2.249957 -0.74830204 2.2197616 0.47464198 0.052178826 -1.5891141 -2.2773087 0.028490957 0.48708683 -1.3536235 1.7822746 -2.4518456 0.82865906 0.809726 2.4817147 2.0901763 0.3363444 -2.2782426 -0.7982805 1.8007287 1.4813659 -1.3300501 -0.6392983 -1.9520137 -0.39527416 4.303173 0.44122246 2.1329303 -0.02117044 1.2761568 0.6386643 -0.90484214 -1.197933 -0.7042902 1.9321637 -0.2886235 0.08337271 -2.6784863 0.10517272 2.3124032 -0.071234874 -0.4701475 0.59870464 3.9051845 -1.8791976 1.552215 0.37112576 -0.57552475 -1.1332337 -0.35259557 -2.4835358 1.4135381 -1.4633769 1.0818508 -0.019168027 1.7107831 0.25825575 -1.5017468 -0.5425685 1.6920148 0.993092 -0.5574069 1.6278806 -0.5592777 1.2292005 1.2403982 0.17181909 -1.6200371 1.2608142 -1.9890873 0.87987924 3.893269 0.5446462 0.28199938 0.8070269 -1.3954163 0.2997477 0.7898181 -0.17342342 0.31355554 -0.849997 0.9223855 0.5930929 -1.1831752 4.054275 -1.6129296 -0.17608023 -0.5147511 1.5121949 -1.0243937 -0.738439 -0.47464812 2.4736178 1.2916899 0.40599257 -1.9682734 0.37400502 -2.9477918 -0.39967173 -0.8305304 -0.11676776 1.5846994 2.0992482 2.9989703 0.051303398 1.2275921 0.74827653 1.0243818 -0.8381414 0.11739595 -2.0280068 -1.3662871 0.22993122 0.19961314 2.5875628 1.3839303 1.0998874 1.2113111 -1.0094706 -1.8199294 -1.7267512 -0.16781427 -1.216847 1.5155549 0.7515969 1.3532015 0.89787567 -0.47458133 1.2836165 -0.14281934 -0.6011018 1.7772492 -0.7539469 1.7845625 0.25000778 -0.41172838 -2.357941 -1.5425287 0.46646369 1.2862157 -0.031892605 0.019858807 0.04851203 -1.1561012 -0.9085052 0.7003034 0.12815662 -0.34731767 1.7632277 0.006468445 1.5163285 0.41751638 -1.5511782 0.5677693 -1.6092016 0.91074795 -1.2736309 0.35950002 0.6709372 -2.211353 2.1759646 2.6755602 1.2901797 -1.3441907 -0.56023383 0.81179917 -0.8950147 -3.1775227 -3.3404448 -2.0980654 0.8191768 2.353501 1.1682465 0.01641447 0.6563178 -1.1136382 0.5465042 -0.8695538 0.6596124 0.6737417 -0.38740498 -0.027677136 -0.41074222 1.9222273 -0.58266205 3.0422676 -1.4531096 -1.6765882 -1.2286022 -2.0668428 -1.0636649 -1.6772621 -1.3395498 -0.63654804 -0.61215776 -0.38705155 -0.12140393 1.8819177 1.3386012 0.47414353 -0.6721008 2.6833282 -0.3304065 -1.9041007 -0.7633933 1.4411429 0.2703178 1.0790637 -1.1071984 1.6019132 -0.37441066 0.011444234 -2.2677343 -1.8129208 -1.7001233 -0.53851205 2.8835504 2.9465537 0.88772416 1.7111036 0.43555826 -1.41669 -0.16049212 0.8592002 1.1107804
persika 2.1042578 -0.37661287 -3.052503 0.38969412 -1.0903821 0.9885075 -0.12051741 0.26513568 0.5226508 -0.63598263 1.0871509 1.162321 -1.666655 1.051883 -0.900581 -0.3327036 -2.5999718 -0.62613046 0.8543458 0.97122157 1.5493842 1.3739824 0.9383243 -0.48575667 1.7004158 1.6170396 1.7212574 0.52720237 0.46311614 0.24315885 1.0285983 0.408947 -0.10168282 0.80234456 -0.43773028 0.8182272 -0.5639008 -0.82032484 1.2352197 0.5677739 0.49289382 -1.2554656 -0.43618286 1.0898072 0.4700666 -1.4950407 -1.5290536 2.3996704 -0.5269 -0.76142174 1.0998508 -0.16437097 0.585334 1.07802 0.28202128 -1.9918848 -0.57244706 -1.2690717 -0.8912944 -0.5021897 0.13204843 0.3675276 -1.9856198 -0.39696872 -0.4149534 2.3261406 2.7516935 0.2638855 -2.1037586 -1.3101897 -1.0402747 -1.8596344 1.0670776 0.9958442 0.13621873 -0.59191895 -2.17339 0.8189065 1.5629882 -1.6185906 0.7359732 -3.1286795 -1.2291036 -1.3623757 1.6384019 -0.77249384 -0.7493254 -0.47933984 -1.2254106 -0.27816936 2.2246997 0.713565 -0.6599417 -0.2968556 -0.7599566 -1.0367572 -1.7333124 -1.3972405 0.38340968 -1.5660615 2.2731252 -0.86851954 3.0113168 -1.1408147 -0.27268964 -1.1929953 0.9093194 2.6618507 -0.9185639 1.7443136 -1.2419991 -0.9666177 -2.6124048 1.014901 0.88336104 1.0260735 0.83206505 0.97195286 2.2942839 -1.1882355 2.5278547 -0.060548212 -0.5002474 -1.0599406 -0.15737869 -0.5883325 3.275809 0.75090694 -0.18702996 -1.2904769 0.0960817 0.6891292 -0.27819225 0.09530976 -0.19294345 1.5848318 0.06554286 -0.46537146 -0.16968606 0.08688385 0.9892826 0.77947164 -0.95506346 0.6055495 -1.2474215 1.4045875 0.60859084 2.7805195 -0.10221675 -0.6564582 -0.19454744 -0.087993145 -1.6068224 -0.28203192 3.1127634 -3.1702268 -0.012894003 -0.056074638 -0.5459978 0.10001152 -1.9748443 2.19549 -1.0489848 0.10158311 -1.3362455 2.2927158 -0.6420375 -0.20809081 1.6651624 -1.5207006 1.6300999 1.4334074 -3.087027 -0.3548502 -0.20170128 1.6049759 -1.3185191 2.9136536 0.5245172 -0.5053997 -1.6844383 0.75168496 -2.0492356 -1.1499602 -0.2140943 0.25142875 -0.5138225 1.692766 0.5942385 0.43672827 -1.3660866 -0.018360777 0.60366017 -1.9290175 0.038246457 0.49424693 -1.2875854 -2.792033 1.3195602 -0.6160582 1.3028698 0.576407 -0.8377545 0.96630216 -1.0165567 -1.1992043 0.5003332 0.44534138 1.2338747 0.02784164 -0.1628517 -0.28986 -2.0624495 -0.8345162 1.3224207 -0.7802045 -1.4099617 1.5340981 0.63842946 1.0750371 -1.7418169 -0.43586284 -1.0470625 0.825981 1.2351855 0.17293006 0.3865223 -1.833657 -0.4482077 -1.2413894 0.33488053 -0.6089427 0.5006239 0.526636 0.1102932 1.1076311 0.3096169 0.49114013 -0.6822748 0.25148234 -0.22024149 -2.144715 0.18894996 -1.0630759 -0.29714206 1.7250762 -1.2322172 -1.3528038 1.8130883 -0.5926756 0.13599998 1.9140887 -1.813158 -0.02792753 -0.2156696 0.031507082 2.7015424 1.1798223 1.2739458 0.5314647 0.668173 0.5153675 0.76193285 -1.3378322 -2.5374622 0.118589945 1.8874102 -1.509712 0.03285221 1.9052634 0.24002056 1.6506546 0.21173029 1.6935341 0.21011418 -1.1748738 -0.73836213 1.4568939 -0.2113225 -1.2506192 0.426623 -0.32247525 1.6001 0.5620853 0.22067387 -0.74525243 -1.8452855 -1.8984776 0.2529466 0.13075934 -1.5437087 2.470884 1.5894766 -2.5844643 1.7895958 -0.41090345 -0.45549393 0.727606 0.60602474 -0.36695412
björnbär 0.20582947 -0.27375296 -2.6407998 -0.09040152 -0.81997925 -0.3371758 -0.64491725 0.015843013 1.3663121 2.2147949 0.3412697 1.0483562 -0.22868906 -0.46820933 -0.78651214 -0.64277434 -1.4004867 -2.477962 1.0201858 1.4678407 1.2068748 1.4451379 0.64117914 0.4901125 1.3557737 2.1674829 1.4828707 1.073075 0.43130237 0.20274684 0.5558406 0.9167271 -1.6249027 0.3621652 0.51500326 0.16496375 -0.8453229 -0.1605618 2.3274755 0.47592238 0.057120632 0.28406388 0.42524797 0.11367117 2.468703 -0.4654594 -1.3069482 3.037166 -0.78048843 -0.7946706 0.72336286 0.40877622 -0.0018363552 0.60903823 -0.55299425 -3.528045 -1.2822149 -1.2060776 -1.8850838 -0.9178746 -1.4009416 0.568447 -0.7227463 -1.3049847 -0.43279153 1.6447598 2.1761038 0.47763047 -1.4090147 -0.46726117 -1.2386159 -0.73136437 -0.6881344 0.8509734 1.2308445 -0.419583 -0.039066356 -0.5910348 1.0711118 -2.3224385 -0.052869484 -2.7785592 0.35116884 -1.4808097 0.47877043 -1.8008134 -0.6353606 -1.024116 -1.2630385 -2.2793896 1.208149 0.9772458 -0.4249605 -0.3520451 -0.8451263 -0.51382464 -1.5959574 -1.5496225 -0.0550646 -1.1641988 2.157891 0.73825103 0.71158427 -1.6890503 0.115066424 -0.7848656 -0.9025375 2.6233602 -1.9887823 1.0627427 0.7171106 -1.0413868 -2.2159958 1.4044225 0.6812607 1.2143271 1.0481718 -0.06550131 3.0984256 -1.6206976 1.4426309 0.5831359 0.004156867 -2.1809452 0.24373767 -0.08764201 2.8538725 0.4420279 0.34450597 -1.464817 0.69602966 0.2446966 -0.2104974 -0.64636546 -0.27126038 2.6001472 -0.30215326 -0.5084203 -0.89249325 0.2595911 1.4277412 -0.75367844 -0.8870031 -0.41049516 -2.4506707 -1.2506229 0.2033422 2.0326285 -0.81808734 0.18707636 0.57381564 0.6362884 -0.71022165 -1.079156 2.551726 -1.6796216 0.7404855 0.93213457 -0.4948463 0.46740583 -1.4529605 2.3332777 -1.9728906 -0.5563468 -0.6411749 2.9576945 -0.38143942 -0.35946196 1.19609 -0.6135098 0.5575639 2.1572382 -2.0321999 -0.43755156 -0.33968976 0.3831636 -0.6564679 3.3838232 0.6468422 -0.45956457 -1.3495378 0.4368049 -1.6018184 -1.1501408 1.3117833 1.2606139 0.6328422 -1.1194944 -1.4345104 0.6052823 0.047319446 -1.1463478 0.5083089 -1.5742434 1.6133755 -1.0884725 -2.2584047 -2.803504 1.5152032 -1.9786174 0.09398162 1.0215076 -0.80607796 0.39359626 -0.9417264 -1.1174494 0.17553264 -0.069072045 3.0581563 -0.5890209 -0.97590446 -1.1652592 -1.3445839 -1.140746 1.7857808 -0.106653586 -0.5970591 1.4002013 -0.8172997 0.21615618 -1.2478623 -0.28690863 -0.9739733 0.47877643 -0.35226828 -0.9989997 1.1095703 -1.8440034 0.54943895 -1.1917601 1.4330606 0.24286677 0.9796272 0.14100106 0.12177685 1.7149075 0.3161037 1.8250108 -0.6080514 -0.34416673 -0.54708636 -0.66968125 0.65526205 -0.95451105 -0.38974637 0.6422126 -2.711145 -1.624077 1.1751035 -0.114664964 0.26989856 3.0573504 -1.5773166 -0.69330776 -0.8867598 0.5030594 0.04774793 -0.15167737 1.3948627 -0.61158395 1.2885153 0.5642083 0.3278343 -1.3945837 -0.734839 -1.0407815 1.733301 -1.7758131 0.8545779 3.0888164 0.75639033 1.9505044 -0.28490487 1.8377723 -1.893603 -1.528072 -0.8977957 0.9372877 -0.2005468 -1.010998 1.0366545 -0.39525077 0.5965898 1.1792531 0.36354476 0.13475205 -1.3538057 -2.1864097 -0.8707624 -0.16043083 -0.91721195 2.3266919 1.6449746 -1.6955317 0.04673499 -1.5059813 -1.3023113 -0.71963894 -0.31227675 -0.40919653
citrus 1.5790384 -1.1197251 -2.9073417 -0.40274677 -1.731961 2.3955994 -1.3644209 1.5210726 -0.36064363 -0.30009958 1.6377187 0.22218153 -2.8069599 0.90561235 -3.0587294 -0.37965962 -1.4361062 -1.1292233 -0.9627274 -1.2204076 2.0787895 0.9527056 0.98016953 0.36270726 0.63884354 0.90705913 2.4942276 0.74988925 -0.82016337 0.48289183 -1.0957098 1.0975046 -2.342174 0.35221928 0.97884506 -0.04988692 -1.854713 0.20667493 3.1277096 -1.3100864 -0.289127 -0.70295185 0.29875392 3.4255095 2.7699857 -1.7677006 -1.8523147 4.887198 -0.31362507 -3.604227 -0.34174728 0.23594089 1.8931772 0.3196357 -0.41233513 -3.2705972 -2.423613 -0.638925 -0.86738163 -1.0946064 0.8811891 -0.32711262 -0.44615296 -0.6887298 -0.27438864 0.50740284 4.122887 1.7958778 -2.2649708 -0.5722576 -1.6727344 -1.504269 2.25327 2.3835895 1.0537189 -1.679258 -1.1257237 2.7583396 2.3863971 -2.7303162 -1.0168903 -3.674409 -0.018187232 -0.76294553 -0.32020772 -0.07778564 -1.2573541 0.45878363 -0.49827373 1.389225 1.7342895 -0.63298935 -0.7440419 0.5359467 -0.3754104 -0.6221998 -2.5576975 -0.44328612 -0.39618012 -0.8410364 2.6151612 -1.5645593 1.1202805 -0.6343153 0.80795753 0.30792 0.30556566 1.7939084 -3.3064573 0.6501174 0.6724874 -0.6222121 -1.5600736 2.410398 1.9748665 -1.3542724 1.2038468 -0.2276433 1.7019427 -1.2885813 2.4539905 0.34586194 -1.6665066 -0.6859638 -1.2896274 -0.819977 3.5145807 0.31792945 0.4204512 -2.2608335 0.70847267 0.24861345 -2.1002564 -0.41495538 1.2624522 1.7697579 -0.15902911 -0.13979428 0.8004309 2.3309157 1.8284984 1.7072765 -0.47911707 1.4383997 -1.6635714 2.5413685 0.50108945 2.202145 -1.5057038 -1.0492443 -0.07089189 -1.1959308 -2.2479558 -1.6755421 2.345571 -1.3987067 0.7137078 -1.081308 0.3251979 2.2458255 -2.296662 1.7425702 -0.7455571 1.1313037 -2.031012 3.7408485 -2.6062343 0.9187375 1.4924704 -0.19007552 -0.3166839 1.7088892 -5.0112276 1.3327868 -0.7499325 2.0434468 -1.7337006 3.064822 2.0332007 1.3976029 -1.462746 2.056378 -1.0722505 -0.8752728 -0.40926328 -2.8142939 -0.8540883 2.0099611 1.0251701 1.2302378 -0.09683332 1.0824097 1.1266353 -2.3056252 0.253636 0.36917177 -0.9890624 -3.0624747 1.9516221 -0.55529785 -1.2833731 2.57228 -0.8839728 2.000947 -0.70912063 -1.4830116 2.5956733 0.18212792 1.0708528 0.2936424 0.57264113 -1.7744162 -3.3485851 -0.56622976 2.40167 0.7277081 -0.19987175 2.4196844 -0.29837775 0.7555135 -0.89836377 -2.164257 -3.0225773 -0.48776633 1.8691354 -0.38234937 -0.47668192 -2.4960663 0.4555084 -2.645324 -0.5639882 0.3056252 -0.87836987 1.092266 -1.6029978 0.33236733 -0.0711588 1.0335072 -1.2545128 0.3846508 -0.593283 -3.2603066 0.6403639 0.12490105 -0.017972901 1.6864674 -1.1654644 -1.1204093 2.2941353 0.6911521 0.5774589 1.4422132 -2.3139582 0.59388256 0.35489425 0.18640858 1.4299917 1.0124007 0.36586252 0.101788 1.5238447 -0.38064542 -1.138686 -0.6030536 -2.8259435 -0.31245163 2.3748164 -2.0976915 1.664971 1.8760818 -0.39254022 1.9848983 0.6941672 0.010142272 -1.5012648 -1.6834561 0.41315234 -0.016808629 0.37176043 -1.2137619 2.5123982 -0.41357654 1.0779815 0.17049809 0.6829293 -1.9765313 -2.8597586 -1.9134848 -0.64601505 -1.0560585 -3.37968 3.5069373 0.8639273 -1.7676407 0.12303666 1.7713007 -2.5474913 0.388359 -0.70216936 0.21409191
popcorn 1.4869745 1.4741925 0.14109917 1.2136608 -0.9489378 0.59160745 -0.68117636 -1.0841231 0.14326395 1.2854767 0.19217442 1.4675543 1.1108283 0.5522579 -0.25399116 2.9109328 -0.17610973 -1.2065932 -2.1050427 -0.39711088 -0.08253136 -1.8320816 1.5334669 -0.7734512 0.28324085 2.0836532 0.2718096 0.7004059 0.04942296 0.7673485 0.90534353 -0.8785552 1.4226078 -0.46278113 -0.11514243 -0.750558 -0.66804445 -0.6809942 0.6488341 1.330249 -0.10845509 1.1773769 1.6872531 0.32401878 1.8360385 -0.5891692 1.398097 -1.2707415 -1.2342745 -0.2681804 -0.16249812 -0.6142946 -0.70475024 -0.67257893 1.2530419 -0.018552173 1.3628906 -0.7307968 -0.1403521 0.7446418 -1.1664978 0.048569854 -0.951832 0.60013324 -0.5053385 1.1660491 0.8672361 -1.3255283 -2.728155 0.4641047 -0.12726371 1.8368753 -0.94474953 -0.04509712 -0.6395604 -0.7044526 -2.6060727 -0.20364851 3.0861998 -0.32682765 1.5546507 -1.6770911 0.0078025013 -0.18391737 2.1496387 -0.30648974 -1.003536 0.91810304 -0.26495764 0.94042116 0.91896284 -0.30057344 1.6299964 0.10316543 -0.9633124 -0.6407271 0.4229534 0.554294 -1.7628065 0.32924056 1.7291772 -3.0210977 2.342653 1.47881 1.7302535 0.19036363 -0.35470876 0.18274508 1.0467762 1.3858956 -1.9853066 -1.4446812 -1.0152767 -1.005696 -1.0238525 -0.34305117 0.77246344 -1.971448 0.815655 -0.7872782 2.738752 0.8764164 -1.7434238 -0.26159012 1.9279505 1.5978926 -0.3379442 0.06564454 2.1026642 0.37230036 -1.9914187 -1.0746242 0.3535685 -1.0363292 1.017192 0.3455602 -1.562025 -0.46932948 -2.5834703 1.2269354 1.4842412 -0.057619687 -1.4434046 0.044992913 1.1154504 2.2080567 0.40107453 0.43501472 -0.3994132 -0.77091575 -1.0789148 -0.27451485 1.0517818 1.2522919 0.967824 -2.0301535 0.33436078 1.2370949 -0.14218618 2.0723963 0.060507163 3.4716964 -0.088863485 1.3268877 0.6399448 2.435826 -0.81014276 0.21409045 0.09807382 -1.2486552 -0.14414373 0.9821827 -0.78072715 -0.17505156 0.48168224 1.545909 -0.18793595 1.5713518 -1.0434321 -0.63520503 -0.4393289 2.0904748 -0.56530255 -0.020785648 1.0731819 1.3347092 0.74507666 -0.1079539 1.7247283 1.0695255 -0.7175703 0.6008118 0.572257 0.23262703 0.036203593 0.70588934 0.7048367 0.62557524 0.2359257 -0.48261842 0.056960788 0.3774007 -0.9321516 -0.67080235 -0.32627648 0.96707904 0.83416873 -0.40956295 -0.8694241 -3.0460832 -1.1411029 -1.4536585 -0.8549943 -1.7408061 0.67551 1.3646578 -0.4216313 -0.67582476 0.10185441 1.7932767 -1.3684009 0.22671023 -0.9056219 -1.6953353 -0.32099912 1.6207936 -0.030050064 -1.9569978 -1.4903315 0.7491108 -0.03945587 -1.1109272 1.7532916 0.7642727 -1.2913207 1.6622342 -0.22186258 1.93615 -0.93285334 -0.7084244 -2.565965 0.011289669 -0.18252905 -1.1761996 0.95520914 0.40915856 -0.385165 -0.40959555 0.23068376 0.479269 -1.1542114 1.0115441 0.5732795 0.98834366 -2.4052272 -0.43417624 0.3095557 -1.2734542 -0.11472463 1.2773997 -1.6154561 -0.4069654 -0.5517096 0.78412366 0.9286175 -0.28952056 0.059548434 -0.4207026 0.13541117 0.0051895375 -1.7492119 1.5829353 -0.18781215 2.4001992 0.088800244 -2.7616005 0.41205487 0.5581463 -1.5282779 -2.2039502 1.7379627 0.904335 -0.14046699 2.015774 0.30665097 -0.8324122 1.3507867 -1.4651041 -0.6533216 1.7695028 -0.8871692 0.6409389 0.27193525 -0.05662582 1.0389453 -0.39537972 -1.0878136 0.10917304 -1.5334554 -0.5487517
urin -4.0341244 3.730992 -1.6681905 0.7337831 0.66971767 2.096813 0.41440153 1.1800039 1.3232014 -1.0555482 2.437546 -0.39336622 -2.2492895 0.73533565 -1.181249 0.6792004 -1.5817837 -2.2592063 -1.7620105 -2.200209 0.06355807 -0.6368361 2.3091145 4.1690464 -0.48216364 0.4909809 0.95497227 -0.005736516 -1.5202075 -0.048351068 -0.98526007 -0.30641806 -1.2986034 -2.4669251 -1.9695858 -2.0425024 -2.8151789 0.78411007 1.5448757 0.42770255 3.207424 1.0402488 1.782814 0.8119247 -1.8125038 -1.2231834 -0.449711 -0.45817333 1.38037 -0.4774944 -0.16345946 -1.3630255 0.4966474 0.1367747 0.16616862 -4.2131743 0.057317916 -0.047160786 -0.18976611 2.101086 1.4131516 -0.20085149 -1.7120334 -2.1552322 -1.129685 -1.3376899 2.042972 0.91774076 0.82717204 -0.023380036 -0.10327408 -0.46215346 0.49540913 -1.2275099 -0.4431921 0.17356241 -1.1488298 2.426163 1.1809855 2.0013235 0.40913862 -1.0506302 0.42246622 -0.092120975 -0.42497495 -3.2941012 -3.9158552 0.89494014 -0.39246756 1.3462781 -0.2002049 1.2515751 -2.379768 1.4506304 2.1439242 -1.1862409 0.73228735 1.7311374 -2.36188 -0.62819666 3.5506725 0.03236165 3.4092586 1.4520271 2.6853263 -1.174475 0.22546536 1.5070281 0.19051424 -0.85004246 -2.0066597 -2.1261742 -1.9466461 0.68754923 1.6442192 2.7099657 -3.2117028 2.581214 2.189181 -3.8788347 1.1490474 -1.6718299 -1.5096684 -1.1890099 -0.9142437 1.006999 3.7360935 1.4152884 0.79154587 -1.5117584 1.4141642 1.3897741 -0.6507217 3.3010387 -1.1182374 -0.97896504 1.7183231 -0.5721628 -0.18193862 -0.18034248 -0.19798072 0.17656893 -1.6748286 1.7393972 -2.8207223 -0.7687906 -1.2146993 -1.8610344 -0.71015686 1.0240673 -1.2207127 2.4733937 -0.72753966 0.029690003 1.129416 1.1802515 -0.6922432 0.80705196 -0.7307843 1.769637 -2.5053675 -0.2954733 -1.5027459 -0.7234764 -1.9391564 0.6759632 1.4452782 1.14715 -1.331574 0.817897 -1.9433308 -0.44992456 0.5409471 1.8657422 -2.6698544 1.5376759 -3.0627956 1.3780546 1.0104613 -5.3065586 1.4978988 -1.7710204 0.6795285 -1.2551079 -0.40928888 1.1187375 -1.2663147 -0.012358943 -0.84531325 3.5278075 -1.658502 1.1048027 0.20825078 -1.1896081 -2.3352327 -2.3892794 0.8424917 2.6222517 -0.7858641 -1.2472023 -0.18348955 1.5495404 0.97957474 -0.8125534 0.5344692 0.15158583 1.0860407 0.6279836 -0.8780523 -0.6800246 -2.9451234 -0.44896606 -2.3997655 -0.2535256 -0.65216017 -2.14645 -0.88004833 3.0732625 -0.74114954 -1.1990639 -1.4189874 -0.4815876 -1.927651 1.518174 -0.27799305 -1.0764554 -0.05897634 -1.9466815 1.90341 -1.1669928 0.036572725 0.6268393 0.19070345 -1.0799619 1.3816018 2.4634404 -1.200146 1.1880804 1.45964 1.0908864 -2.2166286 0.5932442 -2.837638 -5.036416 -0.29437205 -0.33375603 0.7180836 -0.047576174 -0.4162827 -0.7096072 -1.5906221 -1.2148671 -3.4437206 1.185003 -0.2301406 0.4678443 1.9235682 -1.5749487 -0.2991682 0.38013342 3.8888981 -0.16545606 1.7796785 -0.97113365 -0.54029167 -0.7806401 0.23828067 -3.7806747 0.29318637 1.3470298 -0.2755536 -1.0446517 1.933263 0.18457446 -0.052640468 -0.51613194 1.6530647 -0.16128233 -1.658425 -1.0891107 -1.5607227 -1.6631428 3.417976 -0.9775673 1.0323299 -2.4067688 -0.4607747 -1.6158736 0.31962687 0.79109067 -2.2886524 -1.243602 -2.690279 1.2094171 1.185277 -1.596992 -2.8800745 2.7467182 -0.39940506 -0.94033486
kork 0.27108017 2.143762 0.39235473 2.529798 -1.2352644 0.3016122 0.56706715 0.95223486 1.1712117 -1.909026 1.2552382 0.97073317 -2.9716077 0.3636129 -3.2665932 -0.95477235 -1.0649892 0.19689277 -0.4898811 -0.81471676 2.2315729 -1.1958534 0.54870087 2.3206644 -2.1692545 2.117712 0.36327738 0.040521342 -0.3789074 -1.9786885 0.6483604 0.2982241 0.52039135 -1.4262897 -1.9042317 -1.7693783 -2.6936574 -0.60745853 1.3378314 2.856038 3.0867212 0.38848197 1.7049016 3.4937646 1.1426136 -1.0216931 1.6565521 0.22604638 -0.3783427 -3.6005352 0.008659799 -1.2316258 2.3733304 2.2615857 1.2731868 -0.9601818 0.36307734 1.4419849 0.4117004 -0.64553094 1.5127349 0.93722683 -1.8119757 1.8199196 -0.09129633 -0.08415454 0.7907767 -0.96323127 -2.1008997 -0.05760213 1.7807542 -1.6341181 1.2394855 -1.3939961 -1.3722508 -0.012881523 -0.07978772 2.7057993 1.0485935 -0.24896194 1.9690692 -1.655499 -0.91096383 2.5682864 -1.0038472 -1.5908546 -2.6862724 -0.5636955 -0.5759851 0.29403552 1.541777 -1.2293853 -3.362852 1.0162753 0.18115705 0.39335942 -0.10393819 -1.480989 -0.0053822165 -0.58017516 1.0428143 0.14304593 1.7939183 0.8357709 -1.3717854 0.67225045 -0.6189754 1.6181488 -0.6402743 3.6856236 -0.29782996 -2.7378948 0.92992574 -1.1735668 -1.0201246 0.7076815 -1.8587868 2.0058959 1.2124033 -3.1039655 -0.29049233 -1.2244571 -0.96952116 2.5787897 -2.1421344 -0.011251552 1.2893625 0.9018465 0.9449951 -2.2753477 -2.8229427 2.9927008 1.1109298 1.0143927 1.772565 -1.5936012 3.3755465 0.9502674 -0.604574 -1.2898687 -1.071906 -1.554471 -0.81918496 0.31209555 -2.2975354 -0.9352775 -1.1329089 0.3902115 -0.2621133 -0.76258695 2.404185 0.91629314 -0.24599722 -0.4807876 0.95808035 -1.7200754 0.67236435 0.8228777 -0.06565091 3.1319842 -1.2056991 2.3249264 -1.332863 1.3278611 -2.5675385 1.5274605 -0.017456183 -0.32213017 -3.0451505 1.4826823 0.8032672 -0.40152824 -0.70252424 0.8368222 -0.2490661 0.01535915 1.0442436 2.2730412 1.3558571 -2.5253751 -1.2610579 1.546252 -0.80048907 -2.320364 -0.7675804 -0.25091746 0.47169366 2.033148 1.7593399 1.4312017 -1.3871464 0.6398628 -0.8579966 -0.9208853 0.9049807 -1.621229 3.1009552 -0.117229104 0.7476649 0.43518212 0.16718216 4.2400923 -0.8352102 -3.709628 -0.30830196 2.1231525 0.51938313 -1.8831452 -0.2318365 -1.1350199 -1.578849 -1.0470047 -1.3992009 -1.0679686 2.1631527 2.284016 -1.6217937 1.1205591 -0.5792139 1.2261848 -0.67008454 -0.84319353 -1.1849842 -2.3125093 -2.0962558 0.45905665 0.018172532 -1.8365109 0.83132076 0.66590333 -1.1716264 2.7287395 0.25564408 -0.05084412 -0.057435095 3.7948403 0.4204292 -0.7005536 -1.0859715 0.70293576 0.17068036 -1.3656235 -1.5009297 -1.8597538 0.2843513 -1.4780928 -2.7149427 0.23547736 -1.9483008 -0.7084826 0.40917966 1.8028102 0.071652256 -0.23854151 -1.0050176 -2.7089577 0.03130784 -1.0754205 -1.2370597 0.576121 -0.300672 -2.6130655 -0.0018843757 -2.408736 -1.8337351 -1.077184 -1.2896211 -2.1872442 0.9039919 0.2552949 -0.5434223 0.06489953 -0.70410573 0.7111745 1.0819615 -1.0197078 -0.15945196 -0.105472684 1.3124839 -0.80806696 3.385434 0.28004336 1.4276949 -1.7913734 0.39394918 -1.0011909 -1.0869738 -0.5051149 -0.40714043 2.4308808 -1.0700417 -1.7261673 -1.4799395 0.80520207 0.26691958 -0.89406395 -1.2548883 2.886366 -0.4146447 -0.14997023
druva 1.4817924 1.1702553 -1.0852193 1.5459307 -1.2094855 1.2214403 1.0618107 4.05351 2.9392438 -0.79632777 1.8329562 -0.22545384 -0.10784745 0.030465567 -4.6014876 -0.49561688 -1.5906098 -0.23489532 1.90636 -0.21121308 3.1468842 -0.16567981 1.8570087 -0.2332258 0.16727942 5.413874 0.19748865 0.86562467 1.452987 0.007880435 -2.0583904 -1.1548772 -3.0471833 -0.95669323 -0.83174795 1.099364 -1.8289022 -0.34451863 3.2694929 0.31696162 1.3228016 0.7274144 -0.8726258 0.5541027 2.3638427 -1.405361 -0.58955616 2.2626503 -1.4628024 -0.65976185 0.76059365 0.479065 1.0299419 2.1464808 0.8543874 -1.7529925 0.8581945 -1.4700425 -0.90655285 -1.3915592 -0.34167302 1.1445756 -2.4522226 1.2808491 -1.4024304 0.7828883 0.349146 1.1769602 -1.4615138 -0.21815978 0.6029152 -1.4400814 0.9877871 -0.7210663 0.8540678 -0.44039488 -0.5145937 1.6182742 0.44570783 -0.7881527 -0.60444444 -3.770898 0.58544374 0.55845714 1.9794942 -4.105818 -2.8383958 0.3923438 0.998705 -0.7469236 3.7932465 0.32432556 -1.2333773 -1.5896227 0.98029697 -0.5644099 -2.3845026 -1.8187407 0.21109399 -0.79816735 1.5834458 0.09675667 1.6351292 -0.38692465 -0.14517055 0.70102376 -0.8834095 2.1865408 1.0527068 2.2060769 -1.7299027 1.3603029 0.6152625 1.7555218 0.08174057 1.0393733 -2.0002298 -2.242761 3.3459227 -3.7382946 1.5891722 2.1499877 0.20372684 -2.1762507 1.8476095 -1.6021444 2.3848236 1.2043234 -0.64243674 -1.4773738 1.4297831 1.194767 -0.87602675 2.1820707 0.004984349 0.65253615 -0.8444978 0.6758745 0.38550845 -1.6911118 -0.20476332 1.934634 1.4939823 1.2719293 -0.54964775 0.8084754 -1.2176594 2.5281656 -1.9732289 0.53374106 1.127399 0.28983524 -0.0046643037 -0.38347465 0.5276496 -1.5336064 -0.12917298 0.32231775 -0.08632326 0.7930141 -4.2147064 1.928906 -0.14498675 -0.5458953 -1.1542369 2.5751784 -0.6596283 0.09451379 -1.7336702 0.79185826 -0.6498872 -0.90043855 -1.5605756 -0.16173975 -0.5191541 -0.33856136 -1.519701 3.1030111 3.3570807 1.7559148 -1.732537 0.24935217 0.87411356 -0.61964935 0.8226068 1.6020739 -1.1616545 -0.20453507 -1.0305033 2.1651871 -0.83174664 1.2404103 0.034569655 0.46585533 -0.008412863 -0.7771409 -1.9053655 -1.9860532 2.3552022 -2.3769233 2.9639587 1.8079227 0.6213491 -0.4094722 -2.2423549 0.7204969 -0.0011474502 0.37655997 3.3475492 -2.0980654 -0.68934566 -1.8544724 -0.8677331 -1.6631287 2.0194829 0.7484396 -1.3256234 -1.0401108 -0.62937766 -1.4766796 -0.065167524 -0.719729 -0.803656 -1.1332529 2.0289395 -0.10556887 2.9316363 -2.4042327 1.6980928 -1.904908 -0.1464302 0.2244933 0.9840454 1.5287403 0.882645 3.1958508 2.2015254 3.056043 2.3939588 0.40469944 0.9646589 -4.1129713 -0.010806163 -2.2558436 0.2227149 1.2292589 -0.56646127 -1.5727514 0.32406974 0.8802505 0.9162562 2.1681745 -0.8265185 1.7569587 -0.9131276 0.18896818 -0.44475287 0.64161485 -0.15662785 -1.4080662 1.6045359 -0.60517573 0.07581966 0.5291335 -2.4869108 -1.6443443 2.0935438 -2.7769337 -1.1089492 1.371032 0.74429035 0.3496021 -1.0773969 3.1684577 -2.5552452 -1.1441658 1.437193 -0.743313 -0.7786484 0.0061887745 1.763588 -1.646574 0.36375928 -0.10308375 -0.4230264 0.1380012 -2.5648565 -1.2584281 -0.64969724 3.6329575 -1.8749043 1.157497 1.8424189 0.35133904 -0.12141911 0.33042097 -2.998053 -1.1489199 -1.2717676 1.9521799
grapefrukt 1.1146296 -0.106376335 -2.6314616 0.058179416 -1.6547804 1.8606158 -1.1916065 0.5303692 0.81101906 -0.31123158 0.18078764 0.8055115 -1.7911372 1.1338732 -0.73389184 -0.6199453 -2.0471873 -0.51163477 -0.5916024 -0.43148482 1.5592947 0.55267525 0.94567287 -0.69335777 0.31897092 0.5848441 1.8188345 0.47932366 -0.5088117 0.23646733 -0.9007948 -0.001368637 0.97975135 1.0847329 0.41521555 1.3461035 -1.0042611 0.13707629 1.4190547 0.42145973 0.6861189 -0.60604185 -1.3782054 1.3002948 0.38734794 -1.3101966 -0.33917665 2.2847538 0.48906016 -1.596594 -1.0342959 -0.5236603 0.019127963 1.2662513 -0.18084626 -1.6393952 0.39238334 0.10229683 -1.7231067 0.040681563 1.422888 0.8076501 -0.988168 -0.18441752 0.386466 2.41068 3.648283 0.81028247 -3.105825 -0.014435852 -1.4503262 -1.2587874 1.7211736 0.21536042 0.41044864 -2.4341798 -2.7891521 0.6789164 1.1260413 -1.3506701 0.546717 -2.9791892 -1.4478288 -1.7838621 1.1250613 -1.0803189 -2.2319014 -0.8083361 -0.29215226 -0.06030152 1.1372845 0.051821053 -1.2072723 0.12659666 0.06309524 -0.7993266 -1.6417253 -2.2470627 -1.5928819 -1.0237894 2.2661881 -0.69852847 3.1094491 -1.0622243 1.4642613 -0.64056915 1.2323294 0.9746554 -0.5210447 1.1534176 0.15091771 -0.0031824256 -0.42417738 0.6630285 -0.35979927 0.3337357 1.6268376 -0.65170777 3.2971008 -1.6395544 2.4093902 -0.25883552 -0.2941021 -0.78570646 -0.64192533 -0.6336438 2.4769268 0.68833154 -0.6888732 -1.7157032 0.63665676 1.4978542 -1.1747735 -0.9774673 -0.7999631 1.0335938 1.1531196 -0.80314094 -1.2151375 1.3887036 0.24123563 2.356353 -2.132662 0.9247262 -0.56429565 1.9761864 1.0752286 1.8421928 -1.0306547 -0.2308999 1.6549128 0.84700567 -0.46595806 -1.8830332 3.7840767 -2.3295887 -0.26945075 0.5927803 -0.26920322 0.73160976 -2.1074529 1.2969661 -1.3291816 1.5823454 -0.7810839 2.6344817 -0.024335396 -0.00061259407 0.120323144 -1.5813104 1.9700692 1.5604368 -3.7962675 -0.17173861 0.0997017 1.1777349 -2.1346424 2.6721447 0.21916506 0.642312 -1.3727525 1.7241051 -1.0528297 -0.84990436 0.41872987 0.042095877 -0.53148425 1.4973125 1.0763168 0.6428798 -0.066475056 1.1047679 0.3485953 -1.7264652 -0.35918054 0.44130608 -1.431305 -2.2162032 0.9680699 -0.18276393 1.1976724 1.3269012 -1.2346156 0.7725167 0.700722 -1.0187134 0.59689415 1.3975694 2.0157795 0.81239235 0.27942923 -2.5282886 -2.2821496 0.7451011 0.74620104 -0.710104 -1.0942429 1.2587699 0.29870865 -0.11933029 -1.1078149 1.2369547 -1.4022721 1.1378791 0.37400642 -0.83950424 0.31155655 -1.46818 -0.61551166 -1.9357578 0.29737815 -1.2698681 0.89844835 0.06284222 -0.44076386 0.32681513 0.15250535 0.39884835 0.7407383 0.64442396 0.11633594 -1.2583971 1.4964821 -2.567271 -0.9555799 1.0119598 0.839566 -1.48446 1.2169241 0.42128748 0.16889518 1.2378967 -1.0868562 0.07903142 0.8356761 -1.0705931 1.5587348 0.078184284 1.6048089 -0.93638 0.7408738 0.6493169 -0.21225004 -1.2056612 -1.8845243 0.16348384 2.3492248 -2.3540838 -0.60817933 1.5324532 0.45007992 1.5441248 0.0208725 1.1916556 -0.11208702 -0.20376652 1.0820631 0.02838981 -0.5954427 -1.4155163 1.5137274 -0.7230371 0.19303623 0.21236823 0.14128222 -1.631532 -2.1360214 -1.9154882 -0.4210387 0.3105266 -2.038081 2.376974 0.11757881 -1.3727255 1.889517 0.26639062 -1.5851585 1.4926114 -0.52642083 -0.721659
bark -0.12850815 0.9838209 -1.0160489 0.9276221 -1.0993494 2.6898742 -0.4043167 2.624248 0.4007132 1.6991172 3.3914444 0.63697976 -0.7908637 0.18070345 0.93643713 -1.3345194 -1.2270105 -4.6488543 1.5133768 -0.4512462 0.27445257 -0.030595906 1.1611599 1.2654014 0.7961054 0.8867948 1.234971 1.7898347 0.0361561 -0.22034574 0.70160186 0.73509926 0.15396063 1.7041363 0.55281174 -1.9980261 -1.2714295 -0.6765486 -0.4000488 2.1206975 0.5246684 2.733707 0.4953332 2.0364594 0.9422768 -0.372681 -0.37731734 1.598253 -0.29455057 -1.493566 0.3294557 0.84072524 1.5120687 1.8888044 0.9903346 -1.1093391 -0.9228126 -1.1175901 -1.0547516 -0.69990623 -1.2112288 -2.9418874 0.91256845 -1.023019 0.06713863 1.8577455 0.63573796 -0.3751684 -1.1771197 1.1211506 -0.5134458 0.56317496 -0.90673894 0.14253995 0.5932951 -2.0033412 0.69829744 0.98412186 -0.8618161 0.11972811 -0.25257337 -2.593967 0.7046623 -0.45940802 -0.9822923 -0.8534581 -1.0703527 0.71693176 -1.0245377 -0.89650995 0.5197264 -0.62899363 -1.1156795 -0.08736053 0.19849765 -0.8752579 -1.130225 -3.4661405 0.105230495 -0.8987187 0.87689626 0.42692673 0.62390083 -0.6142516 -0.17155738 -1.29726 1.2771406 2.000846 -1.8033782 0.09169864 -1.0927788 -0.5492802 -0.8286239 1.0105197 -0.48180327 0.51871604 0.7578233 0.061218537 0.7004953 -2.8945374 2.8117452 0.01352097 1.0591679 -1.1595117 1.3527994 -0.6164542 1.5263282 1.2141552 -0.7634983 -1.2428141 -0.82308555 0.74922943 1.3604181 -0.8748422 -1.4761395 -0.36037257 -0.3866001 -1.4813905 -0.1487331 0.7706339 -0.1373274 0.73593 0.7926017 1.8577995 0.40230736 1.9699723 -0.16158088 1.4709444 0.7501243 0.24695338 -1.2938442 -1.105978 0.023981556 -1.7397997 0.27418327 0.62055886 1.7799078 -0.69957215 0.22801064 0.5450506 -1.2096431 1.1221504 -0.099291705 -0.9338417 -1.4828613 1.8327624 -1.538471 0.5575844 -1.1942016 0.1483651 -0.6204128 -0.109780736 -0.98978347 1.7619182 -0.014703135 -0.6146138 -0.8167878 2.8083289 0.92401767 -2.365707 -0.5897572 0.38787198 0.4641224 0.5341169 0.16417648 -1.2412621 -1.0819346 1.0654843 0.89324814 2.5600097 0.714974 1.0298865 -0.8797449 -0.51483226 1.5734328 0.027458405 0.80060256 -1.1467289 3.4257646 -0.06270538 2.2251377 1.8850144 -1.0860257 0.4579048 0.67184514 0.1750529 -0.9296981 -0.7287038 2.018551 -0.26754776 1.2006346 0.4347104 -1.3775675 0.80936444 1.3852656 1.5319568 -0.87390786 1.4814276 1.7312901 -0.2209069 0.23235552 -0.44945672 -1.9669586 1.4616258 -1.8984431 0.055484746 0.57065606 -2.8138516 2.0866702 0.00759596 -1.0438031 -0.8746089 0.9806248 -0.83932036 -0.38330626 1.8372586 0.8745612 1.0302106 -0.6526779 0.7068666 -1.2878957 -0.4574179 -1.3811307 -1.6291853 -1.9077667 0.2309235 0.77256167 0.20550337 0.48093665 -0.27702403 0.45083445 0.8963768 0.12139018 -0.500982 -0.056469947 0.18711899 -1.0928656 -2.375644 -0.057018466 0.6426472 2.3374546 -2.6927502 0.4856869 -2.0316432 -2.648212 -2.3698676 -0.2809455 0.18575074 0.84247553 0.96821475 -1.1690024 1.1911333 -0.2602682 2.9876246 0.725552 -1.9033939 0.4355179 -1.4095851 0.16229634 0.11920735 0.031069294 -3.3979213 2.1913044 -1.1497902 0.56477785 -0.09285357 -2.4074254 -0.12422886 -1.3954841 1.1339033 0.87346566 1.3128612 0.8093123 1.1237293 -0.18250115 0.1856904 -0.6965133 0.5476581 1.0334773 1.6694242
selleri 0.018474301 0.81031275 -2.6470008 0.8553535 0.39969376 0.8326879 -0.5586435 1.2109238 0.6830658 0.41468254 -0.6064263 0.7880275 -0.9999967 0.85586363 0.5123338 0.64198077 -0.46104038 -0.30078807 -0.24523763 -0.31656232 -1.1690981 -0.24526663 1.1929513 -0.7014421 0.72565013 0.7984743 1.7135501 0.8271414 0.20353168 -0.91021115 0.15069637 0.7333208 -0.18290931 1.0031828 1.3702968 1.0123945 -0.81479925 1.0609124 1.7057089 0.014693764 0.0984504 0.45832476 0.32912892 -0.06702349 1.2854686 -0.98959136 0.9128327 -0.39680222 -0.39158875 -0.8619471 -0.84263515 0.02446933 -0.36064944 0.76301014 0.9645366 -1.7875468 -0.6498663 -0.45276397 -0.88570523 -0.6235205 1.805809 1.8570021 -0.06715094 -0.24306263 0.80842847 1.5980638 1.1388925 -0.38200116 -1.4984822 0.663374 0.26256475 -0.28645048 1.6237864 -0.33682206 -0.8229323 -2.1906328 -1.0298059 0.5550311 -0.65924406 -2.044618 -0.3519139 -1.5186867 -0.152051 0.23015349 0.18444398 0.9084272 -1.0395122 -0.42568263 -0.3708723 -0.58755314 0.23789757 0.21465732 0.33864167 -0.91441786 0.007904945 -0.51007396 -1.3914194 -1.0337536 0.38424388 -2.656232 0.5183104 -0.5504765 2.1536715 0.09636309 1.7013897 -0.2671185 0.16146132 1.4565247 -2.3531082 -0.71156657 -1.1117837 0.4590591 -0.519572 0.46685728 0.598938 1.8079768 0.2225924 0.12585859 1.4576395 -2.6377985 1.6452924 -1.3008565 -0.92429 -0.8526482 -0.21317273 0.3217483 1.3527405 -0.63666993 -1.3499889 -1.1640034 -0.7964473 0.45480835 1.2173194 -0.9538681 -2.1319048 0.77982545 -0.1256322 0.11350852 -1.3026333 0.73188007 -0.7476157 0.3880832 -0.35914552 -0.36797667 -1.1188523 2.3787298 -0.13206272 0.7908072 -0.44167522 1.5101159 -0.63167346 0.64867085 1.6980644 0.051755127 2.163595 -2.020002 -0.7111834 0.24766882 -1.856777 1.7449113 -1.5162767 1.9197776 -0.9047498 0.24992749 0.016639352 1.9753886 0.00957949 -0.7677576 0.36777124 -0.96660954 1.2250577 0.83508307 -2.389882 1.0558118 -0.6522772 0.34923366 -1.431263 0.94655985 -1.572501 0.4094625 -0.3605941 1.3675019 -0.58130735 -0.15442008 0.41965845 -0.34871253 0.152035 1.2172401 2.1824062 0.12892732 -0.5633774 1.4681008 1.7515754 -1.2593324 -2.1013746 -1.1666849 -0.4738154 -1.4685277 2.239564 -0.4539925 2.6605122 1.7838247 -1.1839521 1.8576732 0.5761983 1.0923759 -0.84609264 0.34076414 3.0795434 0.85267156 -1.644906 -2.1942148 -0.40761906 0.26045862 -0.16857675 0.022651419 0.5758294 0.11670371 0.30021602 -0.6382461 -1.5688347 -0.2606049 -2.5752976 1.2230073 -0.23043086 -0.26900598 1.3742014 -1.7636552 0.76253504 -0.6334769 0.7376198 -0.593261 2.9535193 0.7290578 -0.37936714 0.42159647 -0.584662 -0.3502289 -0.10830059 -1.3729625 0.9473238 -1.5101597 0.7103128 -1.8512336 -3.0068374 -0.37035328 -0.4392038 -1.5628003 1.3607562 -1.2408421 0.35876 1.0679594 0.76546615 1.50634 -0.4763563 -0.9632615 0.8184588 -0.78583235 0.11568482 -0.17466895 0.67557377 -0.8995359 -1.5308305 0.40601718 -1.1129031 -1.5816245 0.57244253 -0.6773591 0.49770138 1.3566123 0.9605835 1.1818608 -0.8303266 2.2214825 -1.6117333 -1.8564746 2.096712 0.306858 0.36257845 -1.5087149 1.0136112 0.62752026 0.87178224 -0.48559922 1.1243273 -1.0410106 -1.1402401 -1.5594358 0.9224565 0.4498434 -1.4566661 1.987967 -0.3210446 -1.1503515 2.8037896 -0.69153416 -0.57039183 0.8149452 0.088207446 -1.4915291
målarfärg -1.5714555 -0.39931896 -1.6137545 0.4695297 -1.6627715 0.16612579 -0.983208 -0.13060167 0.5035457 -1.0439819 1.9059204 -0.32547808 -1.3307925 -1.4399842 -0.7310283 0.6907236 -2.264421 -1.7094806 1.0239719 1.1423182 1.1947055 -0.05805903 1.1890254 0.70761615 0.5976617 -0.39363503 -0.42041475 0.33831516 0.34635636 -1.0203723 -0.31670713 -1.8342512 -1.1687673 -1.0385504 1.282696 -0.9611767 0.30830476 -0.65237457 -0.7222443 2.1651363 -1.3080949 -1.2527467 -1.7012017 1.4910173 0.17761393 -0.6965003 -0.19020496 -0.4616762 0.34832293 -1.8041444 0.8686805 0.6034585 0.30454877 4.5716157 0.32862177 0.5675874 0.19381407 0.28454003 -2.0601108 -1.3566673 -2.5835636 -1.181427 -1.3827564 -0.8060735 -0.93437463 -0.48681834 1.9461313 0.25701463 -1.465643 1.3351232 -1.2860699 -1.1616284 2.2887201 -0.8504737 0.844807 0.2580565 -1.1663237 2.194136 1.5713018 0.083988965 -0.45101744 0.17038651 -0.3238363 2.611287 -0.3507655 1.2750542 -1.6967722 0.27673596 -0.37937763 -0.20073763 -0.03589389 0.76572824 -0.8223443 1.0809431 1.8902996 -0.04227311 -0.1833025 -0.8002608 -0.7585945 0.8851697 1.3598946 0.61158556 -0.0019461324 0.3690653 -0.831064 -0.23061655 0.099747784 2.0615115 -0.6640711 0.7495517 0.66986907 -1.5796052 -1.3940041 -0.8896606 0.5441024 -0.56430864 -1.9446301 1.0541716 -0.0708982 -2.468097 2.5353854 0.1698793 -0.39066738 1.7035302 -0.7610449 -0.058966372 0.48768175 -2.1570954 1.6414477 -1.1333668 -0.4269519 0.37550148 -1.2721794 -0.4080019 1.8523692 -0.25765672 1.0635943 -0.54561716 1.2082267 -1.717009 2.316885 -0.6523467 0.21278568 0.9683681 -0.40215442 0.50145024 -0.32155055 1.1162993 -1.6017057 -2.5763185 0.71603835 1.6286993 0.5725159 0.24137679 -1.2398281 0.5116671 0.84696853 -2.5956953 -0.44202265 2.3622408 -0.7674835 -0.55160433 0.022492686 -0.68221945 -1.5705537 2.7699628 0.9442918 -0.9736263 -0.70281756 -2.5100057 -1.9912308 -0.81595325 -1.2715975 3.1471765 -2.9744198 0.17807306 -0.10006037 0.64590925 0.5599721 -3.3848002 -1.0344298 2.8841937 -0.8321989 0.7659094 2.3361554 -0.76720446 -1.0309373 0.23509283 1.8035543 1.7632061 -0.4779595 -0.6445651 0.06898938 -0.7177492 1.5192139 0.4236683 2.0692708 -0.5212963 -1.4717416 -0.30309415 1.1301309 0.8989666 -0.29448494 -1.927855 0.9663328 1.1293519 -0.12720661 -0.065529525 -2.2986758 -0.96357054 -2.2704144 0.29820916 1.6772336 -0.015190044 1.9032661 0.21665263 -0.6083644 1.2430711 0.6095251 0.043318637 -1.3430142 1.9552641 -1.0301914 -0.09173574 -1.0987333 1.2436517 0.9040396 -1.840085 0.3538278 -1.3372678 -2.1208572 1.1477276 0.2334895 -0.011215617 -1.9158561 5.295615 -0.20851596 1.7040439 -2.0956056 -0.8626131 -0.9338101 -0.24911848 -2.0580053 -0.15289898 2.106581 0.41737068 0.81162816 -1.3289773 1.1412086 -0.9083242 -1.0207094 1.1313797 0.33702973 1.2473443 -0.18081512 0.28160354 0.48755607 -1.3233746 -0.25372344 -2.34498 -0.91825485 1.3164397 -0.12610272 -1.0462587 -1.9945104 -0.12942463 -3.050453 -0.46171546 -0.078896865 2.0773902 -0.14172408 0.6462794 0.36247167 1.5989287 -0.61117375 -1.8567959 0.7428375 -3.1497378 -0.1423185 -1.6130272 1.4902151 1.5655034 2.195346 -2.1750643 -1.4128534 0.7513646 0.7821059 -1.2887571 -0.78228945 0.17045239 -1.2183726 0.25562522 0.41600466 0.09613931 0.38080087 0.5357241 -0.10184144 -0.07653611 -1.1463659 -0.023257334
gödsel -0.63692385 0.6918214 -2.5085125 1.8785037 -0.63343155 1.4261825 -0.59910715 1.7072645 0.2895037 1.4737456 3.8013134 0.21800739 -0.26852044 1.6732384 -3.1747146 0.53808045 -2.770266 -1.8252479 2.967573 -1.3155667 1.2822952 -1.768299 -0.3382044 0.38470295 -1.2111354 0.13472663 0.81155115 1.7918283 -0.36545402 -0.46511394 0.0151125435 0.16797356 -4.3412313 -1.0825958 -0.0020556683 0.32975742 -1.199703 -1.7476329 1.8369712 1.8670846 -1.4693086 2.6849895 1.0193886 -1.5385144 -0.48255843 -1.4205145 0.3075035 0.7329044 0.33936083 1.7792035 1.0640132 0.3713865 0.011135217 3.1364129 0.0019075571 -4.1766367 -1.3484807 0.3683707 -0.89550096 0.14719838 0.097836375 -0.09074521 -0.44694132 -0.24465764 -1.5221359 1.158056 0.5720341 1.2102863 -0.4343816 -0.31109425 -0.37482327 0.049594678 1.4086771 0.8376461 0.71796757 -0.08369651 -0.23582047 -0.40177923 -0.14682531 0.29388475 -0.40904024 -2.325346 0.5215293 1.0667694 -2.1542263 -2.8852277 -4.2421136 1.0904684 0.42824587 1.8675811 1.4746559 -0.03898827 -1.9981545 1.4752338 0.6139146 0.3137699 0.18411608 -2.352939 -2.26533 -0.6641169 4.041252 1.1041415 0.69628906 0.31976554 0.11352016 -1.4521757 -0.785692 2.6410801 -0.10590463 -1.3487657 -1.2916583 -1.6727931 -0.54656446 1.9052825 1.8713337 2.9253907 0.19030906 -0.35804224 1.493939 -1.5636868 3.1881504 1.0301529 3.2350478 0.34379587 0.46915653 0.8862455 1.4908981 -1.0206451 0.7840703 -0.24020524 0.40317357 -0.43454528 0.8010084 0.15347348 1.3317852 0.4531652 -0.5363005 -0.5935852 2.8533359 -0.6665981 1.6687311 -0.012264472 1.6194279 2.661219 -1.49126 0.9229963 0.34613514 8.216032e-05 -1.7420073 0.45223117 1.1101156 0.94922906 0.107259005 0.37648913 -0.630065 -0.99978846 1.845788 0.43886167 -1.1422452 4.842572 -0.5964303 -0.17031859 0.25280076 -1.7749597 -0.46135065 1.210056 1.5528926 0.6514467 -0.4842329 -0.26044533 -1.9760371 -0.056771927 0.37512338 0.42925856 -1.0795611 -0.17776869 1.0035113 3.337047 1.7053534 -3.4622874 -0.3527394 0.04952538 1.248587 -0.33844703 0.86444664 1.0673103 -0.50247574 -1.2755162 0.9487748 5.6169844 0.15091008 3.2641034 0.701333 -0.07873051 -1.3761812 -0.14970024 -1.2402881 0.4159582 -0.07839205 -0.889255 -0.7988468 -1.7752302 1.0118068 0.5022777 -0.50231737 -0.21777932 -1.103729 -1.2075857 2.552946 -0.22917108 -1.0599556 -1.4275448 -1.7047482 0.19258587 0.5412814 0.3337876 0.45461673 0.5750018 -1.5933112 -0.7176092 1.1060798 -1.019292 -2.066115 -0.9807852 -1.3603473 0.15805575 1.9793631 -1.2997715 0.312072 -1.9809397 0.530716 2.2969854 -0.34353593 -0.7075627 0.6651488 2.48871 0.41396296 0.88483846 1.794715 0.06796531 2.7396822 -0.29812703 -1.4906541 -4.1917996 -1.6098527 1.3395456 0.30140838 -1.6278379 1.1598996 -3.197969 3.215467 0.23544578 -0.78468764 3.8857958 -2.512173 0.8807288 -0.23345864 -0.10079775 1.2639436 -1.1968517 2.5181222 -2.03411 -0.8987772 -1.6660601 -1.506046 -2.8576436 -2.0130365 -1.8033351 1.4736162 3.0007226 -1.4968293 -0.89900786 -1.387743 2.397192 0.37309325 -1.700294 2.7480416 -1.4475938 0.3152646 -1.9809794 0.12666878 0.9004413 1.7484946 -2.3343418 1.359397 -0.045413077 -0.46788377 -0.61389756 -0.26651287 3.0094082 -1.7557046 0.23229681 -0.642789 -0.4952004 -1.4368129 0.43704212 -1.598501 0.5007274 -0.18511817 -0.26859248
rengöringsmedel -0.45921096 1.2385036 -1.6052973 1.3046702 0.14060277 -0.07347571 -1.4916959 0.1961373 -0.2573696 -1.1968422 1.3835769 -0.38629508 -2.119654 1.4159713 -2.0285451 -0.41748697 -2.8078594 0.581642 0.12147898 -0.71709675 2.263435 -1.3504484 2.439964 1.2545311 -0.86357325 0.12660345 -0.76019675 -1.378246 -1.2401279 -0.22590189 -1.4419332 -2.301578 -1.7229862 -2.85703 0.41840503 -2.488831 -0.59577376 -1.3614755 -1.8089701 0.92724055 -0.4292114 1.4887718 0.6001206 0.99680287 -0.2309185 -1.3415679 0.54788125 0.5730109 -1.1343522 -0.16530332 0.38896844 -1.0762473 -0.46460938 2.1255212 -1.0897793 -0.9797822 -0.18927251 1.0468501 -0.27465403 0.15679872 -0.62638676 0.7889451 -0.33989483 -0.093895614 0.452624 -1.4210634 2.3467257 1.5489256 -0.019771863 -0.07849004 -0.20397767 0.15971069 2.0752513 -0.1596766 0.098177396 0.16552062 -1.1571338 1.4860556 1.1621113 0.1268816 0.01967181 0.03807705 -0.49928778 1.0909201 -1.9860233 -0.23832494 -1.4211783 0.42480072 0.46542448 1.8627455 -1.9288566 -0.08402071 -1.8869026 0.45776966 2.387877 -0.86860305 -1.1611097 -0.3611142 -0.93803114 0.3653837 3.408823 -1.4207851 1.4175861 0.7395452 0.12129828 -0.36770788 -1.6773719 3.0635583 -1.767538 0.82505244 -0.811865 -1.0817178 0.92330855 0.65091103 0.15279791 0.72232974 -1.0117304 0.8501689 2.5675795 -2.8947725 3.6568222 0.5453305 -0.9356291 1.340531 -0.75654405 -0.93887246 2.5715525 -3.0385954 0.81926054 -0.46028757 -1.124592 0.26829046 -1.3832226 0.5245634 1.7799693 0.0035295542 0.33923692 0.6603934 0.37448287 -1.6864854 1.8865988 0.29136342 -0.5192602 3.4565225 -0.63684547 2.1029663 -1.236702 -1.4953598 -2.814468 -0.7991441 -0.034856845 1.2658817 0.24496675 0.22626133 0.114590436 -0.83425826 -1.2583119 -1.0238975 -0.6672371 2.7752101 0.8222332 1.222814 1.0720752 -0.92616236 -3.455101 1.51525 1.451181 0.45338905 -1.0284625 -3.1217217 -2.762302 -0.8473819 -1.1515051 1.8896662 -2.8042734 -0.5782242 -0.219156 0.770907 1.3032026 -2.4696293 -1.1500036 2.398956 -0.021697419 -0.4717873 1.2937253 -0.5494685 -0.18931608 0.23252794 0.887129 2.660898 -0.3322911 0.9347075 2.5137563 -0.26495168 0.083015084 -0.20475698 1.6403474 -0.4648146 -1.4926487 -0.65139467 1.3700156 2.7499158 0.11158382 -1.2349565 1.5726622 1.2810305 2.3613956 -0.9367119 -0.40396854 -1.0781488 -2.4626977 -2.816877 0.3815237 -1.1908613 -0.38811558 0.8059772 0.35793546 0.51541066 0.103796154 -0.46184066 -1.6527866 1.1356504 -0.06358657 -0.38632518 0.0076754414 0.6913609 0.28216046 0.1295301 -1.0279056 -2.4342906 0.9071087 0.75648606 0.57269293 0.48207036 -3.0377488 3.3199522 1.7015113 0.35893744 -0.9635056 0.9553734 1.7610992 -1.8234714 -2.6252651 -1.7081879 1.2383956 -0.066196024 0.84937334 -0.26518247 0.86791044 -0.16976343 -2.4254096 1.4987602 -0.97255975 1.1753131 -1.4654627 0.681493 1.2286513 -0.016736498 0.64966047 -2.5142946 0.77658933 1.1382587 -0.07189664 -1.7694039 -2.7864552 -1.0943947 -0.56146926 -1.0140512 0.69359607 1.8030523 -0.7675914 -0.35711437 -1.7430216 -0.6591253 -0.5021872 -2.9989104 1.1613935 -1.7567685 -1.681221 -0.6291346 1.1038644 2.1646354 3.1420598 -3.415538 -0.64400584 -0.15552154 0.9654672 -3.1045983 0.02487803 -1.529287 -3.252548 0.3671931 -0.56027466 -0.09985949 0.71215415 0.7294927 -0.87150824 0.9564301 -0.84909046 -0.44978175
tjära -1.2833195 0.83999753 -2.4283729 0.25856587 -1.617617 -0.5757481 -1.7107205 -0.18871483 2.4701748 -0.37001258 3.352477 2.171645 -1.6244929 -0.48872328 -0.5771286 0.13337861 -2.1746721 -0.9652625 0.7751188 0.8628366 1.3079288 1.9624025 0.6611583 1.7122047 -1.2025766 0.7099023 1.1098948 -0.119923875 -0.39681134 -1.0293971 -1.057696 -0.7104618 -0.6305392 -1.1035072 0.38140795 -2.3046498 -0.8883119 -0.088066064 0.5962905 2.25681 0.3963904 0.25474328 0.14720835 1.4729017 0.6508154 -1.0879015 -0.74773747 1.6508579 1.2616322 -1.2779696 1.4411651 -1.7639567 1.9584444 2.9376383 1.625163 -2.576946 -1.6554078 0.030810278 -1.5311595 0.25916368 -1.5843235 -1.2434438 -0.74031407 -0.65281546 0.058058143 0.16798109 0.5730107 -0.15472175 0.15605341 0.928503 0.06635161 1.7295256 0.78780276 -0.4217331 -0.4092798 -2.0323443 -2.1911585 2.1322656 1.7283232 -0.35504988 -1.4120293 -3.759825 0.82373434 0.27514398 -1.3583621 0.7148066 -1.9059169 0.3370576 0.27233773 0.48361477 1.2825469 0.6531086 -2.7082193 1.1440881 -0.52754253 1.0185772 -1.2269323 -1.6637255 -1.641693 -1.6878142 3.7249174 1.2294412 0.1238498 1.6677296 -0.3513331 -0.4538424 0.19910342 1.438094 -2.2967257 1.9656434 0.6946022 -0.05874679 -0.0077548632 -0.35597342 3.0298173 0.7397264 0.12618583 1.0433011 1.7125348 -2.4634178 2.3276246 0.89688236 -0.84483325 0.76358306 -1.0426747 0.9828938 0.47057378 1.0998116 1.673477 -0.9266005 -0.2559194 0.3234815 0.3661566 -1.1533114 0.44929767 -0.0620658 2.2880907 -1.7237324 2.173209 0.5206658 1.3607757 -0.60828316 -0.16103122 -0.85509986 -1.8530093 2.270562 2.46458 2.0145574 -0.12369848 -1.0682832 -0.45003486 0.25738087 0.31349164 -0.18533796 -0.40039626 0.4555392 0.47128806 0.7557102 0.49256346 4.099916 -0.04167412 -1.0041698 -0.94288063 -0.5796263 -1.6257232 1.0329187 -0.19469209 0.47705558 -0.32982573 -1.7706432 -1.6891505 1.1201148 -1.6077844 2.5471253 -0.62651986 1.1323044 2.1407897 2.6320984 2.2625794 -3.2296915 0.05278064 0.4185698 -0.6135755 -0.85012084 1.045948 -1.4539248 -0.024588952 1.4022413 -1.0144906 4.070665 -0.54062456 0.7532082 -1.2919483 -1.8280203 0.5239483 0.35110974 0.81406736 -0.20947799 0.7967357 1.1585608 -0.6696754 2.3614023 0.5694191 0.011554625 -0.031952895 1.2301571 0.17342232 -0.66378725 1.4558861 -0.98444736 -0.69628936 -0.9454271 -0.8971669 -0.1810497 1.2655315 -0.97126204 -1.309523 1.7241893 0.52639526 -2.212893 0.8927724 -0.07968998 -3.0804172 -0.70868105 -0.4336073 -0.571033 1.0434964 -2.0191085 0.4766873 -0.34427577 0.032087803 -0.11495903 0.34216854 0.8552996 0.6235386 3.7253287 1.1253988 1.0540453 -0.7343503 0.29106843 -0.9075009 0.12302317 -2.0403464 -1.9718156 -0.8288576 0.8384515 1.1657168 0.69973856 -1.9858645 -1.2054611 -0.20234911 1.3908588 -1.885476 1.3118768 0.10281972 1.9085951 0.16990331 -0.91721106 -0.20175281 -1.1717182 2.77332 -1.3840705 -0.010424234 -0.08887918 -1.2254303 -2.2260897 -1.1474094 -2.386741 1.3789623 0.96481895 -2.7090168 -0.06465224 -1.1237472 1.5717744 0.7501479 -1.3470982 0.94874823 -0.7252515 -1.1331949 0.16078764 1.8053414 -0.7322402 1.9481 -0.7563205 1.5481905 -0.8955757 -0.03229029 -0.51698303 -0.95428 0.53201026 -1.159364 -0.28629982 -1.5216492 0.13699228 -0.7060231 1.024713 -2.2215137 3.0041144 0.4201546 1.0472449
kokosnöt 1.7871737 2.9634185 -0.87202555 -0.49112156 -1.999505 1.0648245 -1.0973073 1.3675132 0.8876705 -0.34292874 3.1500957 1.3079205 -1.4500358 1.869478 -0.63613516 -2.0138252 -1.0268474 -0.025069846 2.1208458 0.0022645323 2.1167834 -0.2234687 0.30455875 -0.64137757 0.5756643 -0.2848186 2.4270406 0.51329416 0.20799655 0.09836261 0.38177672 0.2600049 1.2596002 -0.29824206 -2.3986812 -1.6110305 -1.3880256 -2.948007 0.77468324 2.0709724 -0.99450284 0.4844972 0.6166146 1.4838979 0.76994413 0.4899193 0.11456132 0.7348871 0.67726845 -1.3890272 0.6391852 0.0917058 0.16806844 1.4877636 0.12427712 -0.44545576 -0.4711837 0.98417985 -0.62767106 -1.1799009 0.61291754 -0.53303266 -2.142378 0.79612154 -0.35268354 2.6311767 0.5309013 -1.4509274 -1.9854096 -0.70013064 -1.6205031 -2.1959565 1.58552 -1.4524455 0.1984329 -1.4815192 -1.5316473 0.20569308 1.0034889 -0.5780081 0.7996144 -2.2477012 0.43682718 -0.43246773 1.0233805 0.75249606 -0.54713756 -1.0632637 -0.027732873 0.30749965 3.0208192 0.48266572 -1.2641367 1.3602502 -0.3625754 -1.3092943 -0.25017715 -1.3690597 -0.32070124 -1.4072895 0.28426918 -0.13171495 2.255431 -0.43561637 0.09875944 -1.2977027 -0.4082919 2.0927362 -0.519807 2.2328532 -0.86742216 0.28796452 -0.9502763 1.3192592 -1.073585 0.92344487 0.7273766 1.806755 2.999062 -2.1862435 1.8589203 -1.067598 -0.32534072 -0.3531155 0.790171 1.1085206 0.96806324 0.37436885 -1.0188689 -0.915415 -0.5874847 1.1654959 -1.1386241 0.48566902 2.02202 1.4986975 -0.03491324 -1.145391 -1.2881815 0.13482605 -1.4948266 1.1487403 -0.9439213 0.048185844 -0.6292569 0.8185833 -0.21921206 1.2054628 -0.301112 -0.9862611 1.0562176 0.95327276 -0.9355127 0.0039587645 2.6964233 -2.4550695 0.67423755 -0.07273315 -1.4290627 0.8456727 -3.0366895 0.94899505 -0.13914731 1.8949603 -0.88403136 1.3522419 -1.2749835 -0.69671 -1.923637 -1.2267127 2.365264 1.8652941 -0.92606026 -0.006686359 -0.7693206 -0.42557976 -0.6712216 2.6586308 -0.070612356 -0.25304538 -1.1703933 1.0075871 -0.44279695 -0.7613675 0.9142121 0.7972914 1.5136379 1.704613 2.430836 1.2473792 -0.29616627 0.55333513 1.1733732 -1.8511425 0.16878505 -0.32615656 -0.5792972 -1.5010642 0.70068365 -0.5238893 2.0130394 2.935114 0.12630956 -0.6096526 0.1673237 -0.6459496 0.87701136 0.5294279 0.50274026 0.4766262 0.3879899 0.1456426 -0.884369 -0.1645214 -0.2503208 1.8309294 -2.1685355 0.12338817 -0.26335233 0.24117993 -0.807956 0.19524013 1.088475 -1.8423641 0.68269 -0.23093623 0.052191783 -1.162271 1.651889 1.2983317 -0.9351651 0.7730961 1.5835227 -0.3707824 -0.9812937 2.0949798 -0.21188529 1.4018439 0.6675494 -0.18503842 0.82241356 -1.8582184 -0.53601027 -2.7446742 -0.9573689 0.8354486 0.8429582 0.21096745 -0.6019681 -0.3821927 -0.046022747 0.9493524 -2.4210844 0.12915438 -0.47026765 0.19560131 1.2280364 -1.2238649 1.3500103 0.8821873 2.1786702 0.1843125 0.36351785 -0.47580427 -1.3182405 -0.35515788 0.74706954 -0.4151829 0.28981352 1.0194414 -0.27103415 0.2242406 -0.33725384 0.69971865 0.19886003 -1.8778137 -2.131969 0.020030221 -0.5212746 -1.4404293 1.4369264 0.8116047 0.74097705 0.2690329 0.91663814 -1.4622308 -1.0709755 -2.7650883 -0.7854419 2.2800093 -1.6349195 -0.35571283 -0.44214043 -1.5379875 1.0136056 -0.090660356 -1.4779723 1.842655 0.24087542 -1.663947
rökelse -2.2196267 -0.76701957 -0.3321442 -0.3679426 0.30199292 -0.5596876 -1.092523 1.2169414 -1.9249598 -0.9557675 1.0885936 0.4850837 -1.1519489 0.5792627 0.57199275 -0.67523617 -1.8050088 0.8636319 0.5364141 -0.30962467 1.9359627 0.33402613 3.157847 1.5375636 0.5576115 0.18107517 1.828488 -0.6092303 0.22572637 0.20836729 -1.6317018 -1.7087272 -1.2182502 -0.7457046 -1.2053413 -0.16142814 1.0615056 -1.1821197 1.3140693 -0.58419937 0.44275203 0.77845645 0.9096912 -1.2667146 2.3737233 0.45629668 0.035974436 2.1390688 1.1433221 -0.33952743 -2.3621483 0.6647176 1.3555101 2.2372975 0.6527582 -2.982384 -1.7705208 0.6408953 0.26067218 1.942935 -2.2563899 0.5897406 -0.18168794 0.5399793 2.0057104 1.6586347 1.5169866 0.14579578 -0.85541314 1.5186497 -0.36628425 0.9496861 -1.076387 -0.32040754 0.206226 -1.1421462 -1.7004873 1.5592878 0.70734346 -0.102257125 -0.81550395 -3.7597477 -0.971795 0.035358883 -2.3764544 0.54432493 0.19936384 0.04376033 0.9745763 1.6533386 -0.06724926 1.3655717 -0.25007665 -0.36718684 0.11760314 -0.91301507 -1.093719 1.0654328 0.42149574 -1.0976275 1.1628824 -0.8986452 1.7718526 2.0489874 -0.29580098 -1.7299091 -3.1657162 0.2587909 -1.8108139 0.781952 -0.24489976 0.91401106 2.1012943 -0.43325275 0.3623864 0.36420116 -0.71016985 -0.16753314 3.7159438 -0.6005646 3.519088 1.5572938 -2.0682786 -1.1356574 1.8988968 2.41168 1.7335329 -1.1408305 1.9485269 -2.2634094 0.39892393 0.5931596 -0.9707361 0.05778955 1.0531799 1.9166317 -0.1130612 -0.8307438 1.0301416 1.4027328 0.12665445 -0.31299427 -1.7921739 -0.6067609 -0.6492515 -0.3323531 2.1547115 1.9350021 -0.3584665 -1.203678 -0.2731406 0.698278 -0.49363542 -0.21743049 -1.5635113 -0.77815247 -0.51970416 -2.9010782 -0.9017595 2.6285205 -1.1876175 -0.065347075 -1.0005078 1.1668469 -1.1216716 2.3931441 0.22708052 1.5800946 -2.0602763 -1.6391188 -0.66815716 -0.48980033 -2.189202 0.8267937 -1.2898027 -0.1490504 0.15591075 2.6668868 1.4297746 -2.0441234 -2.308955 -0.34142533 0.31523296 1.5613393 2.2075899 -2.115123 -0.33110803 0.69579566 2.1346397 0.7191266 1.5948204 1.9521788 0.20008999 -2.326981 -2.7586055 -0.7195865 2.5640826 -0.98649937 1.5915897 2.9087722 0.96900314 1.5823488 1.3675971 1.0960054 0.73287994 -0.9073494 -0.7437169 -0.35095587 2.8636615 -1.1317883 0.36795744 -1.9693073 -1.3640203 2.5918796 -0.45595986 1.0441694 -2.1738431 -0.46416724 -0.022175252 -0.6796646 -0.41230986 -0.9106093 -2.0005405 -1.5058525 0.5495904 -0.09379568 0.19533607 0.30183384 -0.70511657 -2.1031294 0.8487009 -0.44056228 0.04855028 -0.9474833 -0.8758381 2.4952357 -0.5524103 0.19478074 -0.64948374 -0.5398451 -0.34856462 -1.4163208 -1.5899718 -1.129702 -1.0414376 -0.17280887 1.0307285 3.0156903 -0.5116426 0.80268246 -1.7955487 0.24424383 0.8340936 0.14811344 -1.8030133 0.3924674 0.44863054 0.4262981 -1.3355356 -2.2724032 0.19429637 -1.5098454 -1.5954875 -2.1716146 -2.3090892 -1.2690496 -1.6893378 -0.843123 -1.2820308 0.40203133 -3.0519776 0.23897783 -1.0274879 -0.18773873 1.7591556 -4.926099 1.5846187 -2.4982824 -0.6413723 -0.9228509 0.42936414 1.9273856 2.436826 3.2114882 -0.25426313 0.7240148 0.06437628 -0.6185018 -2.3369966 -0.6140636 -2.7178397 2.807333 0.6668794 -0.32158303 0.9117126 1.3286185 -2.4215884 1.2885133 -0.8717489 0.3743857
violett -1.0393407 -0.8947663 -0.9403497 0.6186248 -0.5300594 0.33451214 -0.6761786 2.1428692 1.1298069 -0.2898658 0.7366444 -0.94357365 -0.08190167 1.0222541 -1.6616261 -1.9848914 -1.1501166 -0.79840463 -0.2811504 0.3296225 1.0709109 1.3921531 0.1150616 1.583699 0.5980243 0.36966828 -0.71067464 1.6235328 0.6064263 -0.67265266 -2.0685356 0.51150256 -1.4859717 0.61400753 -0.048379578 1.252392 -0.23005939 -0.012778104 -0.81084687 -0.208646 1.840335 -0.5504772 -1.2582518 0.20229931 -0.8055247 -0.9092351 -0.11534836 1.7597613 1.2251011 -2.2004113 1.0966597 -0.81687915 0.6138553 -0.907099 0.30594602 -1.9840378 -1.0881065 -0.47070712 -0.9711224 -0.4454846 -1.254797 -1.21215 0.6179538 0.10423868 -0.6818348 -0.50889266 1.4923955 0.15046386 -1.4406754 -0.32702392 -0.7442993 -0.59734714 -0.28635585 1.7896258 -0.7154455 0.45004553 0.35856685 1.5724478 -0.0047955397 -2.4234664 -0.7350756 -0.4130984 -0.5974873 1.2262031 0.75627744 0.44202438 0.23352987 -0.016045587 -1.302734 0.48812824 -0.32441905 0.7401217 0.3047017 -0.17789012 -0.09369847 -2.2228472 -1.629826 -0.3927971 0.5584299 -0.8029902 1.1772834 -0.4265586 3.9079087 -0.3501147 2.3801208 -1.6639135 0.6412256 0.70531005 -0.9252197 -0.39819348 -0.4592605 -0.8784379 0.1630936 0.10043886 0.59162325 -0.49754614 -1.032211 1.2118504 0.97044677 -1.797268 1.9361792 0.734876 -1.1104908 -0.96876925 0.18690778 1.6243093 1.7243295 0.46688676 -2.2387125 -3.359725 1.4389584 1.0498812 -0.35175297 0.76399213 0.25702682 1.0957977 0.4224953 -0.3570548 1.2732215 0.52712065 1.2574168 0.8195706 -0.36317062 0.6566866 0.11077933 0.100247934 1.2733189 0.5798042 0.64299184 -0.5276048 -0.2261485 0.13146776 -0.17625895 -0.38891515 -0.87230927 -1.0475876 -1.3905871 -0.3894632 0.47094876 1.5262421 -1.7432005 0.27444708 -0.28692105 -0.941933 -2.1540933 1.8196537 -0.27867642 0.885954 -0.07269238 1.5899572 0.9319524 0.2849597 -1.74347 0.93381697 -0.5725066 0.47172567 -3.8805997 1.4791274 1.3299167 -1.5734762 -1.7415222 -0.20525657 -1.2845297 0.21728876 -0.021844434 0.53938043 1.3999528 1.0734233 -0.046161857 0.6649328 0.39780718 1.5020401 -0.38002545 -0.34799737 -0.8261395 -0.10209559 0.46567988 -0.28004238 2.132704 1.7028911 0.4714778 0.9287939 -1.0009664 0.9051624 -0.93244505 0.579759 -0.99609256 1.3960336 2.92173 -2.049417 0.91749024 -0.7348786 0.7178939 -1.0198133 1.6835439 -0.7444342 0.0140536 0.8835663 -0.9253963 -0.34313586 -0.2516125 0.96208864 -2.9815273 1.3864818 0.7889542 -0.73596346 2.0842147 -1.8960129 0.39864162 -0.46739414 0.0059751384 0.63929224 0.025920527 -1.3148783 -0.044500098 1.2365413 0.034795824 0.16589203 -2.127219 0.36891115 -2.4446006 -0.33096397 0.066548906 0.2296864 1.5119157 -1.0538191 -0.2664277 -1.5644103 1.1533014 0.69029266 0.056579035 1.5146514 0.9865348 -1.1842859 -0.49289066 0.061180096 0.8322137 1.2285022 -0.744413 0.7531478 0.90180665 -0.9600451 -0.13259931 -1.1860335 -3.0090353 0.6245562 -0.18148333 -0.49875143 -1.1233718 1.7588449 -0.21014045 -0.11835646 -1.1515 2.0589743 0.3801654 -2.2421584 1.7414548 -1.0431267 0.4714221 -0.18846239 0.74394053 -0.41738102 0.86256754 0.16824558 0.09091766 0.29910582 -1.4873185 -0.4513401 -2.0790136 1.8501657 -0.39601895 0.770998 0.5862283 -1.4998267 0.9038167 -0.09672227 -0.35891673 0.49491045 -0.21949582 -0.11372189
kryddnejlika 0.6031043 1.1030655 -1.8152051 0.3901455 -1.2764668 1.6819136 -1.1912813 0.28992474 0.32846388 -0.4741257 0.42688787 -0.91404796 -1.5676297 0.33594108 -2.0610847 0.42227155 -1.938381 -0.5700414 -0.7548809 -1.2278905 1.2244534 0.96790767 0.97416365 1.1783568 -0.29840973 -0.28476933 0.7349466 -0.41834334 -1.3690264 0.25598517 0.40412632 -0.6564408 -1.4443992 -0.012218017 -1.066068 2.49436 -0.28137785 0.67150474 1.6433213 -0.61185634 -1.0228649 0.6913798 -0.04057145 1.566272 1.014397 0.4121214 -2.010362 0.71464837 -1.1609693 -1.3346184 -0.90782315 0.51262724 0.4907666 1.0435045 0.90995926 -2.6107273 -1.2442064 0.28912243 0.34071866 -0.15643935 -1.2428843 0.8873582 0.7271206 0.23646481 1.7658963 2.6000648 2.2124286 0.6657328 -1.2069199 -0.7339831 0.049667913 1.1333625 1.3251269 0.088021584 0.37140408 -3.0697768 0.8228115 -0.28137335 1.0564556 -1.836605 -0.2503733 -3.160389 -0.28080204 0.26405996 -0.34812388 0.4685742 -1.8750747 0.61599267 2.1166332 -0.3936094 0.40276203 -0.47287804 -1.7236155 -0.6423911 0.46847445 0.22667384 -0.89019537 -0.1813428 -0.5663221 -0.92980117 0.5343651 -0.8678338 0.30005935 1.4524431 0.20391992 -0.92588115 0.26391342 1.408965 -0.83788097 0.7644886 1.0475357 0.98958224 -0.7350549 2.3132777 -1.1843817 1.6188031 1.6063576 0.048593387 2.6985936 -2.043184 -0.9682848 0.40117502 -1.6704522 0.7082329 -0.5650709 0.85839146 3.8758178 -0.735145 0.9868704 -1.946126 1.8875504 1.8257589 0.06688416 0.7204347 -0.6884818 1.6192924 0.24092852 0.8890314 -0.5405061 1.3067466 -0.82610613 0.9528591 -0.5539826 -0.82895035 -1.2580692 -0.08543843 0.2606111 2.292797 0.9973676 -1.9250416 -0.21715571 -0.103553265 1.4843782 0.2027882 0.18462151 -1.7437313 -0.23710273 -0.23697755 -0.41199446 1.1198736 -1.3442066 0.87204015 -1.5405631 0.73133135 -0.77436376 2.4061396 0.60383385 0.8907839 0.28745556 0.26610968 1.0345 0.17070775 -3.478359 0.9985907 0.0475567 0.66448355 -1.07317 1.8137568 0.9696705 -0.12849852 -0.8359257 0.46859276 0.6312643 0.52173346 3.003232 -1.552559 1.4341052 -0.39929524 0.49840853 -0.1574599 -0.34721345 1.5728055 1.9610385 -3.7255688 -0.9563011 -1.1652308 1.0424453 -1.4368647 0.44370726 0.00022841163 1.0641572 2.30834 0.29747254 1.0706818 3.2006447 -2.0307243 0.7238844 -1.6672844 -0.31431708 0.3871042 -0.5411674 -1.928073 -2.2051828 0.7321242 0.85818917 0.717044 -1.0912257 0.053763725 -0.49110335 -2.2869363 -2.97809 0.88306826 -1.1926852 1.3777444 0.47702053 -1.6141014 0.012804122 -1.2200723 -1.482306 -0.5141461 -0.014610908 0.93959206 0.79325926 -0.11945871 -1.8225288 0.35667172 1.2703142 1.1520255 1.2856486 -1.4057523 0.30203107 -1.6746409 -1.7401656 -0.6717792 -0.5215766 0.14515613 0.3435076 -0.30635425 -1.7996056 1.0838155 -1.6855972 2.8688202 0.08233596 2.0801957 0.7024415 -1.3373373 -0.6036899 -2.1090424 -1.4218475 -0.66230017 0.34445164 -0.76396763 -1.1913553 1.3407847 -1.7536633 -1.8395308 2.0491555 -1.8747249 0.31988114 2.437302 -0.64106774 0.94565105 -1.2221392 2.8347945 -1.3568596 -1.611393 0.52868354 -1.4169973 -0.67027956 -0.29210022 1.8989806 0.41036 1.4446065 -0.58170086 0.48161942 0.928504 -0.5362107 -1.3664712 -0.4782004 -1.8884089 -3.2723148 2.7803557 1.0049243 0.09598616 0.922957 0.34443593 -3.878377 1.2892458 -1.246353 -0.16311295
valnöt 0.8118536 0.62092036 -0.37491706 0.7732524 -0.10598756 -0.43558136 -0.5843522 1.5688818 1.612781 -1.2829677 2.7591124 0.7200069 -0.458766 0.43666407 0.95606923 0.23864408 -2.4855156 -1.8592823 0.31104714 1.7055398 1.7962699 -0.9807726 1.4454738 0.27782354 0.93315667 1.4726186 0.97064674 0.7952438 -1.5849329 0.20728515 -0.13488813 0.39392236 -1.7709192 0.51773244 -0.66065925 -0.43383348 -0.011607267 -2.5413074 0.043043625 0.40688893 0.5716899 -0.26170874 -0.43976748 0.37712094 2.0526977 0.3105971 -1.438517 1.2090096 0.9027267 -0.63373023 1.2243059 -0.74503165 0.4406546 1.4926839 0.5462847 -1.8684267 -0.018589152 -0.6082071 -0.99328274 -0.68933475 -1.0000596 -0.75523233 -1.9555773 0.36892584 1.3533238 -0.5767431 0.54481053 -0.13859673 -2.767553 0.6017559 -0.27648067 -1.7856311 -0.14199655 1.1158409 -0.7216689 -2.3458104 -0.63176733 -0.08479737 0.4858815 -2.8230472 -1.5329697 -0.54596615 0.06520567 -0.87592846 0.5195253 -1.1552327 -0.8515114 -0.42899108 -0.17276163 -0.53428334 1.307429 1.5395787 -0.7043247 -1.116806 0.7118193 0.40839362 -1.3729618 -0.43911526 -0.38106263 -0.848716 0.2806863 0.725299 2.0517304 -1.8659676 0.32814157 -0.37129194 0.8135434 1.0178192 -2.0145512 0.24236491 -0.7070697 0.5143127 -0.5068598 0.48465997 0.13536173 1.7049681 -0.72181547 -0.68094295 1.6148189 -2.3512645 2.0290394 -0.6029842 -0.1756626 -0.62799686 0.26529625 1.5576655 1.3486768 0.45601305 -0.0021758508 -1.9756873 1.5430949 2.1898143 0.20844147 -0.22601976 1.0318514 0.86800283 1.3453854 -1.5369962 1.8000618 -0.46378294 1.210289 0.70303214 1.2934557 -0.6233246 1.5224365 -0.063788034 -1.4210182 3.8391151 -1.7075725 -0.281835 0.59871405 -0.51797706 -0.011128699 -1.9223894 1.3722367 -1.1215047 0.13986017 -0.40698045 -1.8299651 -0.0032045161 -2.1098466 1.8956331 -1.3138775 0.25728026 0.13751608 2.2498972 -0.6094668 -0.17645508 0.230312 -0.7377681 0.6984353 2.0509105 -3.2673533 1.5161334 -0.18826804 -0.7950855 -0.824755 2.8529503 -0.15670976 0.13376492 -2.7575266 2.6720161 -0.6085319 0.15092959 0.35974962 -0.34529483 0.35433915 1.3244795 0.34079704 0.7025253 -1.0183164 0.26639688 1.7423913 -1.4436682 0.61925733 -0.48556316 0.32883224 -0.26438022 2.5562978 0.98773766 -0.5133459 2.810946 -0.5105916 2.0639837 0.18119276 0.25203097 1.0317467 -0.37687877 1.7484117 0.01567282 -0.8732897 0.6542611 -1.2828339 -0.30629036 1.617037 -0.8503137 -0.2900973 2.1212423 -1.0112245 0.37321693 -1.3866924 0.595289 -0.39157346 1.1834887 0.68104464 0.54890025 0.35020489 -2.6496236 -1.4022797 0.7111007 0.6071479 0.6689718 1.7050209 1.3028532 0.84715897 1.4818591 0.054680724 1.2052866 -0.8782692 0.83590794 -2.0827556 -1.371769 -0.46650803 -1.6609161 -0.4504487 -0.045019656 -0.018558972 -0.54902524 0.12444153 -0.5289675 -1.5626724 1.9167185 1.8234316 -1.4271127 0.40013224 -0.13024046 2.2421813 -0.4693804 0.607228 0.732492 1.2422839 0.08623438 -0.73936343 -0.0097338185 -2.753699 0.1457802 0.8228048 1.2780089 0.051417887 1.09448 0.21811718 2.3496897 0.21011217 2.033985 -0.08213809 -0.573963 0.23516317 -1.7947497 -1.1917307 0.061020203 2.9758456 -0.84754944 1.1563174 -0.09820045 0.34226674 1.4431288 -1.4524741 -2.4445739 -0.7751449 -1.2646236 0.2695773 0.4128963 1.4144508 0.8743431 1.8486093 0.13575822 -0.89535964 2.0223675 0.38961294 1.0401714
anis 0.61185384 -0.06153607 -1.8512938 -0.5112054 -0.8234625 1.0582699 -1.1029781 -0.7758576 -0.80478805 1.0117524 0.13719998 -0.87386465 -1.2964704 0.39582303 -2.467304 0.45825857 -0.21255699 0.01037006 0.071981266 -0.7190489 0.85334986 2.0609503 1.1181351 0.3496097 0.30093297 0.36321023 1.4527835 1.0901512 -1.3038665 -1.484107 -0.54519707 -0.40475184 -1.6500419 -0.080080494 -0.017845146 0.20967223 -1.0064757 0.49596712 2.1216695 -0.30940008 -0.36275867 0.08260262 0.5614835 1.88752 2.0391917 0.39409763 -2.370609 1.4987165 -0.43555087 -1.1303433 -1.5814327 -0.38156042 -0.13881347 0.69399714 0.76450855 -2.5659034 -1.2189105 -0.4617958 0.5350801 -0.512015 -0.38340342 -0.5453323 -0.15154183 -0.72633195 0.40749344 0.70977765 1.5278649 -0.29116023 0.19273436 0.2274073 -0.35068825 1.242698 1.1984926 -0.011165624 0.664778 -2.2206855 0.77302027 1.3847125 -1.0139375 -2.701502 -0.8775032 -2.5204263 0.5527373 -0.2478298 0.42677748 0.12400267 -0.7962764 1.1340786 0.6000007 0.882871 0.21305667 0.90393203 -1.2356491 -0.9298838 0.4308116 -0.09044901 -1.8364608 0.14624034 -0.78485715 -1.4788219 1.8158944 -1.2557464 0.82502 0.48212945 1.2778137 -0.5829413 0.32825768 0.6807914 -2.1048827 0.6631079 1.0471344 -0.97473544 -0.6561294 1.4323637 -1.2924114 0.9132349 1.2417004 -0.6460886 2.4762893 -2.3117354 1.6179649 0.52679265 -1.0780168 -0.5466453 -0.19871938 1.1306305 1.5749245 -1.0062213 0.48566362 -0.6697963 1.519219 1.2129534 -0.41627234 0.1759602 0.4081236 1.6816347 0.8588743 0.40390074 -0.64850014 1.1177088 -0.3415858 0.36276093 -0.16885279 0.6451637 -0.8934196 0.8909236 1.28549 1.8478345 0.33954853 -1.0480574 -1.2412926 -0.39434344 0.746841 -0.14004993 1.5756797 -1.9725074 -0.4515981 0.54454064 0.2062412 0.7413657 -2.1198764 1.1878135 -2.1413202 1.2608062 -0.24214919 2.0607288 -1.1618997 1.699556 0.7554404 -0.81240934 -1.3697064 0.32876405 -2.1663797 0.0031756135 -0.514395 1.3538549 0.16684088 0.48563352 0.5816596 0.30774635 -0.23210458 0.042240087 0.1304239 0.68041414 1.4250053 -1.956829 0.7743814 0.7332329 0.20686468 0.47261757 0.62886214 0.76550394 1.3090664 -2.5785472 -1.5157695 0.08452859 -0.21269171 -1.9248097 2.1320105 -0.74911124 -0.65407985 2.5643187 -0.9555658 1.0346553 1.5533922 -0.9659103 1.0127184 -0.541318 0.87808186 -0.1309296 -0.66998047 -1.8692701 -2.749771 0.21506292 2.4260647 1.004218 -0.59379435 0.8638146 -0.15992448 0.024497531 -0.5889721 -0.5173745 -1.0608424 0.15931039 0.99691534 -1.0016762 -0.45815572 -2.3124332 -0.4864244 -2.0699036 0.41539314 0.7563954 0.9855734 1.6332748 -1.0438946 1.0188459 -0.33558235 0.41001576 0.64963967 -0.29148406 -0.061924603 -3.112259 -0.7673719 -0.5947153 -0.080586895 0.5892806 -0.153595 -0.8456178 -0.42129225 1.2924705 -0.8456765 2.55053 0.4445227 0.4818166 -0.19462131 0.45276374 1.0865148 -1.1583837 -1.3259374 0.10662229 1.1897959 -1.4716754 -0.53470063 0.9677791 -0.4704942 -0.31059083 1.1036146 -0.34276086 1.3056412 0.53396547 0.6811609 1.7225977 -0.77495426 1.450285 -0.40610203 -1.7660005 0.55176485 -1.0292522 -0.8957705 0.18796541 1.6371657 0.3875005 2.0587711 1.3601614 0.7993032 -0.11887772 -1.5176569 -1.7873263 0.17277123 -1.4877824 -2.0317712 2.41556 0.8304341 -0.50021905 2.3780096 -0.32320362 -3.0077145 1.9031311 -0.5245932 0.82525223
vinäger 0.49209836 0.91744816 -0.65522164 1.0906458 -0.14436238 0.05849667 0.18011503 0.3836263 0.08834467 -0.9223603 0.7016048 0.30315375 -0.009621609 1.3143911 -2.6012266 1.465352 -0.020043893 0.13742891 -1.1877557 -0.5362234 1.0105208 -1.3156116 1.5226135 0.23296164 0.08607135 0.08917202 1.7261155 0.31019816 -1.3774118 -1.5959333 -1.5980885 -0.5546381 0.060266342 -1.3036604 -0.29634163 -0.37591854 -2.0384328 -0.7795631 1.3021683 0.74122345 0.20011516 1.1187539 0.09169359 1.3830891 1.199009 -0.8501196 -0.117997274 0.42574048 -0.7668975 -1.8334249 0.33100745 -1.0559874 -0.6777619 1.1626103 0.25664437 -1.3931077 -1.2448877 0.45232216 -0.38158277 -0.5105466 0.63215864 1.5047499 0.45910272 -0.87470037 -0.1939046 0.6721305 2.2226856 -1.1400924 -0.9888946 1.1042325 -0.6838463 -0.2708282 1.1251186 -0.0027179362 -1.4493753 0.44983095 0.08333905 1.2333513 -0.7946662 -0.4988817 1.1962619 -1.2936038 1.8760883 1.5949377 -0.61129415 0.065233 -1.0618674 0.15670775 0.72739255 1.7796818 -0.14378093 0.74647546 0.38328215 -0.055538107 0.5694151 0.18948862 0.04209133 0.8459106 -0.5440886 -1.1781031 1.950775 -1.189888 0.40512848 0.97559935 1.2395422 -0.95251375 -0.68778855 1.6588128 -0.7613434 0.16235083 0.33652446 -0.77703863 -2.1819794 0.054393377 0.6078788 1.2988322 -0.83361423 0.72107047 2.2716322 -2.2036312 2.956934 -0.5460127 -0.5958317 1.6646395 0.7268944 -0.20147818 1.9204911 -1.1546394 -1.6236044 -1.6635616 -0.051553734 1.7054557 -0.98040986 0.7963319 -0.37200743 0.9767131 0.7071002 -0.39144912 -1.4791476 0.69541794 -0.24123155 1.5904903 0.0071887993 0.06444968 -2.985815 0.77951765 -1.9453213 0.7297807 -0.06770613 -0.57730967 0.023296542 -0.40369913 0.34547198 1.073854 0.96397537 -2.2312026 0.0822155 1.5248946 -0.05035881 0.6451202 -0.39931378 1.9786663 -1.7238994 0.5936192 -1.159655 1.3981698 -0.46081436 0.014538008 -0.8686878 -0.5028393 0.44652057 -0.56275684 -0.940723 1.065109 -3.0905478 -0.10960668 -1.803837 1.4912968 0.047800492 -0.6953527 0.92544156 2.0834436 0.050303817 -0.40858284 0.022861432 -0.3304077 0.57063824 1.4986817 0.5260896 1.4490471 0.6953781 0.4567294 0.90392035 -0.8870594 -0.11822897 0.34922856 -0.63125616 0.54630286 0.40190163 0.4958087 0.8911487 0.9709516 -0.04634873 -0.6418326 0.10249764 -0.27362406 1.1426811 0.20230047 1.4550923 -0.5424134 -0.01723893 -2.0012445 -0.9661645 -0.316872 0.8766957 -0.17821264 -0.5955256 -0.27594545 0.4799364 -0.23765437 -0.088943884 0.24269162 -0.1876286 -0.8702045 -0.8378712 -0.93397367 0.22756654 -0.9784893 -0.5870207 -0.78368884 -0.48251495 0.03288888 0.766492 0.71236646 -0.061502934 -0.02720163 0.11306508 1.5860848 1.1107368 0.104611084 0.81484437 -0.8759753 -0.4136106 -2.0415604 -0.17227958 -1.3529279 -0.5684548 -0.5077816 0.5300791 0.4229582 0.45480835 1.2811954 -0.3209187 0.2583624 0.3079152 -0.86303693 0.11156026 -1.313856 -1.5735289 0.4700381 0.95471334 -0.17839994 -0.7865141 1.0773479 -0.40647483 0.6351855 0.2553236 -1.2871081 0.10020785 0.3696758 -0.09254002 -0.02695265 -0.9488968 1.4303755 -0.7569985 -2.6339078 1.6165085 -0.35569188 -1.4265385 -2.0308292 1.176811 -0.0032054961 0.061575904 -0.32971495 1.5978103 -0.35599107 -0.86027044 -1.1639979 1.9748982 0.58240426 -1.2483009 0.59494865 0.20076554 0.3658973 1.9454653 0.50268686 -1.1068352 1.0660051 -1.0085685 -0.70609236
ananas 1.4197296 0.2351857 -1.0353906 0.044199307 -1.1463876 0.26169145 -0.18607374 0.56854045 1.4273752 0.1002463 0.37909544 0.58053464 0.31435242 0.77941626 -0.0998364 -0.6691379 -1.4323999 -0.3975164 0.24433126 -0.031920366 0.4211478 0.6862536 0.8306332 -1.2729937 1.2462289 1.1292046 1.0835708 0.4902967 0.67087436 0.85310084 -0.157466 0.61225337 -0.15427302 0.8256753 -0.72344214 0.6525857 -0.5272724 -0.8734952 0.60519105 -0.1417836 -0.6038613 -0.6174264 0.35332462 0.6682565 1.0798026 0.32521158 -0.6932176 0.3317259 1.1109765 -0.7405855 1.0337102 0.66589594 -0.43142733 1.1024994 0.9997148 -0.4285882 -0.25179946 -1.4600118 -0.928477 -0.5599571 -0.06393316 1.0529255 -0.63914245 0.19281161 0.96625155 1.6500695 1.5700521 -0.13380003 -2.0637963 -0.3288304 -0.025736503 -1.9242935 0.5147356 -0.5539871 -0.4525515 -0.79528743 -0.58798957 -0.28122273 1.251982 -0.63069266 0.81014574 -2.0957475 -0.034892958 -0.052268725 0.78203356 0.59321404 -0.22570112 0.03235009 0.18532 -0.40280443 1.1696354 0.899945 -0.4618943 -0.19949651 -0.3049846 -1.0953978 -0.45467293 -0.87426376 -0.18475555 -0.8226331 0.6989126 0.09673224 1.4270139 -0.7530997 0.31208396 -0.66567874 -0.18580368 1.7599841 -0.9884262 1.2941769 -0.6424752 0.17564958 -0.508253 1.1016611 -0.16522722 1.015192 -0.44074163 0.37845927 1.2236336 -0.89208204 1.5816822 -1.4266596 -1.5897744 -0.832964 -0.007051794 -0.27694267 1.0597591 -0.36898953 -0.14895962 -0.010558354 -0.68237364 0.72761863 -0.44257668 0.92530024 -0.40172553 1.8767581 -0.65275913 0.07967033 -1.2409692 0.3255485 -0.46932688 -0.48025164 -1.4031291 -0.16004564 -0.94234884 0.26982307 -0.97012794 -0.2642919 -0.6835748 0.7305725 0.06397713 -0.88780034 -0.6147633 0.32258084 1.4919436 -1.7040865 0.22648975 0.97476393 -0.79074436 0.25139648 -1.5793655 1.4550817 -0.8033292 1.5007381 -0.8351415 1.4106202 0.38651142 -1.9920402 0.2728178 -0.25405148 1.3736686 -0.038878262 -1.3930416 -0.073821805 0.24371696 0.61555314 -0.29490983 1.4469534 0.30574316 -0.050355293 -1.2424064 1.1238216 -1.4940923 -0.07479094 -0.20795633 0.8191385 0.3486552 0.7026216 2.2713113 -0.3457027 -0.8585331 0.4954799 1.0832608 -0.83630663 -0.05311317 0.57541794 -0.40585956 -0.5161944 0.07956487 -0.76815504 0.56531036 0.8654834 -0.36792246 0.734099 -0.5559351 -0.1751391 0.5978815 -0.04075181 0.9102507 -0.6788692 -0.3223119 -0.8339739 -0.30369195 -0.050258458 0.34548083 0.3347943 -0.22047749 0.6933674 0.95871556 0.85017824 -0.9513965 0.36993182 -1.0281243 0.17820382 0.1211892 -0.5848736 0.32091677 -1.3063642 0.52202123 -0.61815315 0.3392448 -0.3092842 1.3318436 1.1275158 0.14503594 1.0007653 0.16941497 2.0672798 -0.29368588 -0.447361 -0.028049413 -0.74028033 0.18951316 -1.9460497 -0.4217859 -0.55096954 -0.13841847 -0.4277301 0.24458039 0.7758901 -0.9754597 1.4805123 -0.1613672 0.59991276 -0.07354167 -0.46446243 1.3557892 -0.5078454 0.9750372 -0.4294583 0.22375573 0.7550302 0.3690176 -0.16911177 -0.993166 0.16047226 0.48674852 -0.85377747 0.23617092 0.37022182 0.01674721 1.3445947 0.16929597 1.81393 -0.35272825 -0.8068002 0.29734862 0.8784693 0.076111846 -0.61100006 1.5383998 0.7731135 0.15757759 -0.7350152 0.6398165 0.8955131 -1.0509539 -1.6765794 -0.34674045 0.16040158 -0.30760643 0.41852432 0.9221467 -0.9933693 1.4344982 -0.26199824 -0.6121065 0.79607403 -0.62342566 -0.89842343
ammoniak -0.69397116 3.4873009 -1.4110358 -0.24377605 -0.7133595 0.6197845 -0.3621804 1.8246981 1.6234848 -1.4451691 1.8608317 -0.1609267 -1.7430494 0.7226535 -1.2018198 -0.15853111 -1.8116148 0.25230378 -0.34216172 -1.7497454 2.3363755 0.121478215 0.84205735 1.094023 -1.4675382 -0.38299736 0.43193072 0.66836447 -2.4246478 -0.5746909 -1.9303881 -0.5878714 -2.1621768 -0.8273117 -0.73091483 -1.352262 -1.7793845 -0.5374136 -1.2117096 1.1613055 0.66536605 1.1503066 2.280498 0.80799824 -0.12762374 -1.0426705 1.2440476 0.20959786 0.45027733 0.020254264 0.47396109 0.5869809 0.005215153 1.564048 -0.4099005 -2.5036197 -0.92998016 0.36432987 -0.057761896 1.6860787 0.6956042 0.855263 0.126499 0.099341266 -0.6784076 -0.36978325 2.167723 -0.063870855 1.5277674 0.1765433 0.12942272 -0.7162484 1.8462546 0.11569284 -0.17087357 -1.4804605 -0.15013205 2.0509849 -0.16220054 0.4070394 -0.0810961 0.23858729 1.3901802 0.79549396 -1.5217531 -0.6115809 -3.129184 1.1697447 0.77741855 1.0989666 0.53996116 -1.2444472 -0.663716 0.67427766 1.9901636 0.25840926 0.77676034 -0.5182452 -2.187529 -0.88810396 2.521364 -0.57268107 3.4776497 0.05620981 0.84212106 -0.84035134 0.35031396 2.4071434 -0.09421763 0.20803085 -0.78585356 -2.436542 -0.5818907 -0.8639018 0.71240383 1.4227978 -0.7499796 0.76695925 3.08685 -1.7735261 2.6650643 -0.64441717 0.42873853 1.871734 -0.9904774 -0.22473647 1.7855035 -0.4149912 0.5671288 -0.13777879 0.72483665 -0.22128733 0.28058392 2.6993868 0.71443844 -0.42055646 1.5646343 0.5606403 0.18432596 -0.9098451 0.9010412 0.45274195 -0.37587476 1.9975673 -1.9748783 0.09539304 0.034247253 -1.0003415 -0.22325055 -0.18935326 -0.89060587 0.6100741 0.6531816 0.69826347 -0.5581284 -0.9943951 -0.86049765 0.5850752 -0.46418497 2.1312118 -0.98356974 0.9502279 -0.5823557 -0.1779052 -1.9653764 0.90876436 0.38710925 0.6736618 0.082682006 -1.1792014 -2.518677 -0.1321222 -0.9283044 2.7512102 -3.3067105 -0.21129213 -1.2091945 1.9077165 0.529651 -3.557887 -0.21994098 0.82089627 -0.9335369 -0.51922137 1.0917034 -0.8286872 -0.75354326 1.0791457 0.30967054 4.1863723 -1.3857495 0.3267092 0.81405276 -0.5444442 -2.9652083 -0.41997665 -0.46319988 1.4095145 0.18887976 -0.0878722 -0.40940788 0.50298065 0.96251774 0.59103787 -0.4360152 1.0244908 1.7808764 -0.40342793 0.76053 -1.9845924 -0.91184026 -1.6033735 -1.0244548 -0.43958792 0.5374932 -0.9772767 -0.25325608 1.4443873 -0.33959144 -1.735408 0.17620523 0.20256533 -1.7673048 -0.004126956 0.42715222 0.11247058 0.3280148 -1.6726998 0.64825284 -0.16070567 0.63777095 0.9744852 -0.432703 0.075107515 -0.5458514 2.619546 -0.2787749 0.2582224 0.6889883 0.75192934 1.0701346 -0.46020272 -3.07639 -2.0928547 0.34373432 1.0686525 0.6611477 -0.783106 0.89696294 -0.02158663 -1.2618603 -0.17013815 -1.2068968 1.6119891 -1.3095887 0.7588969 0.90546584 -0.53425556 -1.1200795 -1.7291282 2.411089 0.31344023 0.51976794 -1.1625277 -0.08017915 -1.1349285 0.363304 -1.1424235 1.7565658 1.4110279 -1.261642 -1.3000636 -1.7336166 0.63145906 0.61938506 -3.1493285 1.3518713 -0.3814131 -1.7294718 -0.94020313 2.0919697 0.9511193 2.0538328 -1.7371293 0.41276786 -1.094432 -0.25260815 -1.6279471 -1.6420335 0.14770849 -1.5212562 -0.764102 -1.545894 -0.64315885 1.7017221 1.1564665 -1.5140512 1.0053822 -1.8426024 -0.29933324
lösningsmedel -1.42038 3.6542807 -0.5411998 1.080887 -0.75939906 0.34897256 -1.0144109 1.6393393 1.3640323 -1.686519 1.2996402 -0.31815377 -2.073943 1.5084316 -1.8295728 -0.43562183 -1.4050846 1.2324106 -0.27551687 -1.3097521 2.8358767 -0.9325159 1.2140363 1.90412 -1.1116787 0.47523612 -0.19764817 -0.47702444 -2.0333436 -1.9083041 -1.9821278 -1.396864 -3.0970526 -2.1813555 -0.3197544 -2.3509293 -1.4447337 1.2507523 -2.0003076 0.49595988 0.32319126 0.737645 1.351044 0.6359351 0.6507601 -1.011146 1.534174 0.9104924 -0.101029314 -1.9496547 1.2146466 0.91763663 0.9489288 1.7992706 -0.4471691 -2.2545576 -0.38124955 0.32840058 0.30041197 0.3396825 1.4711819 0.46516222 -0.27890864 -0.31331655 -1.095573 -1.2140257 2.714885 0.7157731 0.17531598 0.17287025 0.08184564 -0.48240533 1.4131677 -0.6887188 -0.5551942 -0.27812943 -0.7481897 0.43106887 -0.54104894 -0.157464 -1.1319681 -0.5413176 1.835947 2.0193076 -2.5373795 0.568521 -2.0252502 1.2181752 1.4695594 0.9513272 0.934156 -1.4106109 -1.8844924 0.18475513 1.4663424 0.3772466 -0.8479897 -1.081398 -1.8612547 0.15596154 2.0093286 0.9786524 2.883503 -0.44633725 0.13282657 -0.6002708 -0.8160518 0.9432384 -0.7510635 -0.9407353 0.1552567 -0.882754 -0.5141742 0.15864527 1.143141 1.0805173 -0.24215418 1.7905401 2.1725304 -2.951007 4.0464616 -0.7344017 0.35844386 1.5291784 -0.94769347 -0.40287685 1.6349108 -0.9687659 0.2330422 -0.46724463 0.6210633 2.8317146 0.9577527 0.9993153 0.39377227 -1.1888103 0.69855237 0.40091074 0.5437691 -1.2155597 0.90170354 0.34408477 0.26384234 1.6126531 -2.748038 0.024479644 0.47143018 -0.42254707 -1.8492012 -1.0366572 -0.18733121 0.9954039 -0.38548583 0.8948383 -0.0019480645 -0.117578864 -0.06325194 -0.70364773 0.22229967 2.4630315 -0.7165749 1.0251311 -0.17866042 -0.064936414 -3.2810695 1.022546 -0.48248821 0.9330391 -0.13829614 -0.2773764 -2.8252404 -0.73799765 -1.0653247 2.4327712 -2.4112208 0.23370871 -1.0624788 0.37963495 0.5458548 -4.000955 -0.98065287 3.5297933 -1.1925501 -1.7773662 1.6295038 -0.5863059 0.2828299 2.4541728 0.6953267 3.4656327 -1.4923289 0.64813745 2.286233 -0.7858019 -0.091920644 -0.52893 0.090833396 -0.55416465 0.63343155 0.021134796 0.12547867 1.039415 0.03268217 -1.9799201 -1.5940018 0.59234494 2.9936776 -0.86159235 1.3462685 -2.267294 -1.6528815 -2.7731533 -1.5779685 -0.895374 0.53558666 -0.76815015 -0.6980595 1.284548 -0.3771833 -0.9706616 -0.25904566 0.8363501 -2.380297 0.19863859 1.2756497 0.1327018 0.74672854 -0.7701124 0.07310883 -0.9436626 -0.20749797 -0.39262572 -0.683156 0.63545954 -2.062608 4.024202 0.5566352 0.49639595 -0.49651295 0.746782 -0.29963744 -0.18544991 -4.3305535 -3.046639 0.9477174 0.24654965 1.0205494 0.5696307 -0.33292532 0.39022273 -1.1534472 1.083529 -1.5381639 2.289687 -0.86091596 0.8644568 1.7700729 0.094100535 -1.802329 0.059339326 1.4110487 -0.5844861 -0.0238323 -1.4315612 -1.6411496 -0.04058536 -0.07177365 -0.91301155 1.7419034 1.5303118 -0.9769554 -1.6644527 -1.982293 -0.29381913 -0.36566728 -1.6558963 1.6072963 -1.8009223 -1.7465513 -0.4197685 3.5327091 0.5982123 2.1172366 -2.5153842 1.3562518 0.062568806 0.41791928 -1.8833468 -0.98561156 0.000958879 -1.6627487 1.2565048 -0.25176993 0.29930493 1.4098382 1.1511592 -2.128781 0.78147656 -1.905946 -0.0952321
geranium 1.1509641 -0.9636528 -0.30691686 0.67010003 0.46968183 2.3062859 -0.39956206 1.3829333 1.0596545 0.036566626 1.417594 -0.25914288 -0.39097288 0.54930395 -1.6066633 -1.3011069 -1.0681348 -1.1264453 0.6286914 -0.6685693 0.63324416 0.7415672 0.09022974 1.0716146 0.27781188 1.0642767 -0.04485601 0.145661 -0.7732365 -0.7607059 0.19256395 -0.013546375 -1.214021 0.07914395 -0.20658773 2.1197996 -0.70792377 -0.065078 2.768635 0.67232436 0.1399789 0.93702596 0.48302236 1.1377684 0.2581987 -0.17296585 -1.0947196 0.8625428 -0.36035824 -1.1551644 0.42037907 1.9087818 0.9715315 0.016265944 -0.6836252 -1.5564371 -1.398611 -0.29405758 -0.21248955 0.87946045 -0.2792077 -2.353472 1.5222747 0.890736 0.34066066 -0.5377243 1.8349506 1.0554972 -1.1656023 0.1857243 -0.17491262 -1.911483 0.3001767 0.9111758 0.11752609 0.3247735 -1.0265828 0.32660398 -0.067275874 -1.4253817 -1.5120829 -1.2041906 -0.7072161 -1.1711259 -0.56728804 0.28773862 -0.5685778 -0.38245058 -0.038379077 1.2514745 0.25541037 -1.2420223 -1.7966108 -0.17870444 1.0280066 0.07962149 -0.22854264 -1.1624433 -0.49254093 -1.218734 1.0065827 0.04123241 1.3488518 -2.1691878 -1.4305283 0.53957254 -1.6409256 3.4926038 -3.265244 -0.6982687 0.12563789 -0.56006396 -2.3937187 2.7045019 0.02676253 -1.1253353 0.29012677 -0.6436882 0.98080057 -2.1051333 2.9758232 -0.62320393 -1.4703279 0.65090895 1.368299 2.2981727 1.1197093 -0.14898612 0.8024822 -2.178344 1.6091548 -0.32231534 -0.12392581 1.7043812 -0.43926468 0.35135096 -0.10888389 -0.5749268 -1.0269544 1.8206416 1.0451694 1.0705119 0.2896216 0.25479534 0.6038884 0.5399659 -0.27829355 0.52182204 0.29857802 -0.56091297 -0.09164646 -0.09738784 -0.2401785 -1.9891509 0.9510587 -2.8567219 -0.99997866 -1.7056836 0.43949142 -0.6548785 -0.2771251 0.82543045 0.51966095 -0.56186116 0.43663123 1.8838363 -1.5373513 -0.12678744 1.5117204 2.3652067 0.7757279 -0.7754399 -2.6467595 -0.19650456 -1.6249981 1.2457318 -1.2889242 2.8662336 0.65688366 -0.8463416 -2.7874928 1.7899309 -0.40588182 0.5670003 -0.60737854 -0.16968676 1.0136613 0.29881242 0.084103286 0.25515527 -0.20627066 3.17078 1.1526229 -1.6135607 -1.8330415 -0.34989694 -2.2636328 -1.3863589 0.51030606 -1.0792822 0.202015 0.6514101 -0.7372672 0.6148499 -1.1022099 -0.9620285 0.01040459 1.2275234 2.4423094 -0.9852772 1.6474781 -1.2226532 0.36028486 1.0333343 0.6992107 0.838551 0.7618732 -1.0022178 -0.04837793 -0.17849319 -0.33872083 -1.892555 -2.672893 1.1019907 0.06502492 -0.61322534 0.35175943 -3.9223938 -0.16203733 0.17795105 1.1499792 0.5589483 2.011446 1.7437457 -0.6145046 -0.78056014 -0.22401857 0.6549107 0.02297305 -0.165846 -1.3521109 -1.8561872 -0.2734059 -0.4746958 -0.738365 -1.4778266 -0.13155384 0.0730975 -0.5449126 0.86185485 -0.7216857 0.6747515 1.6355497 -0.430255 0.60479724 -0.28057322 0.08213027 2.27736 -2.1737728 -1.2544228 1.7877913 0.811102 -0.2032513 -0.9541076 -2.8414016 0.7820375 -0.08939388 -1.0287564 -1.3369163 1.9964542 2.100094 2.4208233 -1.1733016 2.5463736 0.5746946 -2.490394 1.5327846 -1.797051 0.857169 -0.7126398 0.8572543 -0.81347036 0.7027094 2.425037 1.7558029 0.99134195 -0.62695235 -3.1403475 -1.20998 1.8644031 -0.7856634 1.7516447 0.8749984 -1.5856618 1.0114646 0.93614554 -1.6823089 0.8528402 0.9813252 0.5031747
jordnöt 1.1281204 1.7561057 -0.18875802 1.4203238 -0.2003248 -0.53889674 -1.1766834 0.09590455 0.19894004 0.733184 1.0925608 0.31987494 0.057383016 -0.173733 0.7009016 -0.019839827 -1.2759545 -1.7960021 1.1432253 -0.28269988 1.1061897 -0.48726863 0.55661124 -1.4156376 0.24240492 1.0853372 0.52695817 0.1007526 0.35009572 -0.13884073 0.18181127 -0.48223948 0.44339478 1.261051 -1.6303003 -0.37263978 -1.6064658 -1.3580141 0.14210361 0.27500847 -0.14158574 -0.55734545 0.38228726 -0.47760642 2.2974312 0.09994785 -1.0208822 -0.6346262 -0.24216749 -0.9901378 1.8977699 -0.75842357 -0.60465443 0.2733531 -0.42685568 -1.0803246 0.12904038 -0.1362532 -0.5240177 0.124335565 0.113761306 1.8607235 -1.8220643 -0.43734902 -0.67089117 0.5210654 -0.106748484 -0.7158348 -2.220217 -1.0618486 -0.018545508 -0.5762593 1.296746 0.17643197 -0.09267505 -1.0955142 -0.56838816 0.0122267315 -0.46873626 -1.0868012 -0.1652366 -0.28190476 0.28139532 -1.9927272 2.3389378 -0.8125643 -1.026571 0.96657705 0.09570284 0.78685826 0.3299551 0.9194585 0.0004567603 -1.2659972 -0.31154773 -0.095326066 -0.4838218 -0.31434652 -0.8882296 -2.1250036 1.2258837 -0.66521263 2.9888432 -0.44667298 0.9697633 -0.34127402 0.21246865 1.3989891 -0.36435798 0.5270666 -1.263993 -0.8372057 -0.85309577 0.77669895 -0.029256037 0.95669174 0.2668918 -0.683507 1.7962193 -0.23180245 1.7656833 0.7599603 -0.4715047 -0.1166965 0.089747824 1.2593598 0.62755764 0.3685121 -0.042130373 -0.62272066 0.19062896 1.1779015 0.67078996 0.37333548 -0.27142346 1.5298033 -0.4920593 -2.0840151 -1.4970392 0.040758174 -1.0474823 1.4103718 -0.73603094 1.4755644 0.21137962 1.2844758 -0.3720205 0.70448333 0.85593784 -0.58127797 -0.09345733 -0.66043043 0.0039477916 0.31446806 1.7210357 -1.1190641 0.17462009 1.075474 -0.8837902 -1.0239166 -1.6317129 1.2339891 -0.8621792 1.9158317 0.38680458 1.9381938 -0.19987744 0.7155519 0.744403 0.12781867 1.3687956 2.3267043 -0.6535352 0.058216337 -0.6069567 0.23129432 -0.3337808 1.912241 -0.77675474 -0.66271496 -0.17414522 1.566576 -0.4605788 -0.15611489 0.88330126 1.0318929 0.6345442 0.4795658 1.6062156 1.0966085 -1.3018436 0.6122971 0.38365 -1.2050759 -1.5389122 -0.22653429 0.07178899 -0.5739628 1.9202492 -0.4174754 -0.6511984 0.07511328 -0.095271856 1.5166792 0.15049642 0.7917645 1.9079131 0.3581986 1.2537538 -0.110572346 -0.6823375 -0.8815233 -2.712238 -0.60506195 0.7726737 -1.5455921 -0.85176843 0.57200676 -0.17630583 -0.048300277 -0.7308055 0.05655662 -0.3141254 -0.42061064 -0.34766042 -0.73479736 -0.59980637 -1.5600865 0.40308195 0.1712849 0.4661767 -0.7852937 1.2861586 1.0927367 -1.1659256 -0.74209654 0.015908092 0.40010288 0.45397428 -0.4084548 -0.24449407 -0.80061305 -0.60370195 -2.5785556 -0.14687257 0.20620552 -0.017124165 -1.3046579 0.06346006 0.91895175 -0.82344854 2.2079387 -1.0976769 0.950891 -0.36240485 0.174176 1.755479 -1.0573866 0.3013711 0.18243822 1.3759477 -0.26023093 0.6110017 -0.8772036 -0.69193375 -1.2178382 1.0704888 -0.7999364 -0.15449215 1.3978078 -0.15486579 1.4956033 0.7236054 0.06581121 0.15053158 -0.6555406 -0.72843945 0.26788792 -1.1258584 -1.5631891 2.4476223 -0.12029588 0.8812963 0.07396534 -0.15996103 -0.5156251 -0.104869634 -1.1825212 -0.4216424 0.28979197 -0.14163718 0.49920738 0.5997914 -1.1810462 2.3541546 -0.60288316 -1.2377449 2.050055 0.04375952 -0.6741601
eukalyptus 0.88763535 0.16599756 -1.4408258 -1.4893653 -0.19915351 1.1492724 -0.6077161 0.97285444 0.3192817 0.19787821 2.032587 -0.5141975 -1.6009943 0.57706624 -1.4130044 -0.513884 -0.5233556 -1.488381 0.8881657 0.4955547 1.4399972 -0.009396865 1.0232749 0.23992303 -0.70889515 0.9370638 0.7669869 0.37668285 -1.1600188 -0.95569634 -0.07519347 -1.0596133 -1.1717275 -0.30398968 0.81551516 -0.07734477 0.19589515 -0.37890035 0.49427626 -0.13627878 -0.04133858 0.13210091 0.9508273 -0.1451113 1.4481885 -0.29285932 -1.1430835 0.937964 0.3753074 -1.2152952 0.04323154 0.26734006 0.3417218 1.253797 -0.34516433 -1.9578636 -1.6837087 0.07739906 0.043125194 -0.39956146 -0.26578215 -0.33861345 0.8719981 -0.21699737 0.74492466 1.0574766 2.4656816 1.1664473 -2.0171337 0.606274 -0.19199212 -0.022483159 0.6435776 1.1871872 -0.78875226 -1.6167625 -1.1200117 0.4713833 -0.18878815 -1.3149486 -0.45986313 -2.2516975 0.84623635 -1.0753855 -1.0580945 0.67518854 -0.118026264 -0.21541688 -0.30168518 1.3150961 0.95124847 0.8998279 -0.4216484 -0.32425112 -0.2547441 0.25782642 -0.8114415 -1.0757009 -0.6135557 -0.27695295 2.1304314 -0.118281744 0.87912416 0.08653197 -0.36658388 -0.4264021 -0.9811351 1.896951 -1.8807315 -0.051025428 0.20996104 -0.57521373 -0.37080342 1.2927047 0.4034294 0.5131405 0.25984055 -0.030244287 1.6057575 -1.3052672 2.1834743 0.06821596 -0.9442017 -0.66037595 -0.31110618 0.14009644 1.2453043 -0.67842215 0.3120867 -0.5711934 0.60873276 -0.35352525 -1.2430003 -0.03623936 -0.02075443 1.3616505 0.14285861 -0.38724375 -0.66827226 0.94488627 0.24383242 0.6834457 -0.09236808 0.72420317 -0.16546294 1.4724684 0.12971213 1.1514806 -0.72367585 -0.6795364 0.8540369 -0.043686114 -0.592988 -0.95262575 0.826391 -0.973415 0.35551792 -0.88758606 -0.7104084 1.0125024 -1.2687205 1.2513056 -0.912872 0.99476075 -1.0571486 2.7251024 -0.76663166 0.84864366 0.7555183 0.39542818 0.4785458 0.18549 -2.4847662 0.5395839 -1.2318195 0.32574564 -1.27918 0.8447447 1.8983263 -1.4287761 -1.3056245 1.063477 0.5996913 -0.8648886 1.3361347 -0.8681278 1.4102664 1.1546303 1.6293327 1.8548046 0.3592339 1.6130261 1.8617287 -2.3163242 -0.79502577 0.4088967 0.74251527 -1.0388029 0.74822503 -0.20731963 0.16538182 2.06745 -0.5996338 1.1976799 0.13960068 0.12821577 1.3050777 -0.90367126 2.081809 -1.0764754 0.68140024 -2.0952609 -0.9164355 0.5409728 1.0611019 0.4477711 -0.762566 -0.07144657 -0.45463756 -0.23284316 0.66593474 -0.12944004 -1.7780199 0.97311777 0.31829208 -0.9862536 0.19231883 -1.3184568 -0.008360509 -1.1165316 0.4329524 0.05862707 -0.27065766 0.7782515 -0.5646264 -0.026508793 0.6785703 1.742065 0.59780955 0.15550351 0.5233983 -1.9108639 -0.8006869 -1.6345085 0.015878389 -0.36973447 0.59093803 0.5106516 0.13903967 1.0908891 -1.015615 1.1775545 -0.92896754 0.606899 0.18176825 0.5756793 0.4620008 1.0148994 -0.0255979 -0.9351118 1.7800105 0.47230455 -0.27425137 -0.39527243 -2.6967673 -0.04375095 0.83752954 -1.4861792 0.7763156 1.7949576 -0.43100715 1.5296199 -1.0049443 1.0773965 -1.3952041 -2.669365 -0.0730108 -0.6739537 -0.019161765 -1.4503402 1.3512418 -0.11312721 1.2377257 1.0314864 0.7229723 1.1841433 -1.4509357 -1.7797972 -0.9076536 -0.09710717 -1.6153123 0.95434576 -0.21263534 -1.7616729 0.7084058 1.5456179 -1.7501286 1.3576478 -0.45002723 -0.5326444
tallbarr 0.22696309 0.44239068 -1.3026818 -0.48937318 -0.8844195 1.5725183 -0.37523946 0.896248 0.62423813 1.2131659 1.2893207 -0.035219997 -2.2111669 -0.93725777 -0.66774887 -0.22270176 -0.09765256 -2.5250657 0.38517755 0.56560177 0.7452708 1.1603093 0.23782918 0.38104877 0.14047407 -0.062399536 0.9064024 0.81475383 0.16351439 -0.46531755 -0.8923697 -0.50474584 -0.99493766 0.7487259 1.274435 -1.5117767 -0.91962314 -0.7323887 0.099828325 -0.021365842 0.72244906 -0.44686213 0.9600213 1.1490927 1.0200868 0.39427358 -0.747472 1.9490848 0.36340657 -0.17400214 0.6573181 0.4523319 -0.18664072 0.6605287 0.80599695 -2.5568767 -0.7697181 -0.47082222 -1.268676 -0.02846736 -0.29625696 -0.6756581 -0.5358299 -0.58566284 0.28315538 0.7213901 1.4818774 2.0468738 -0.8991487 0.8473111 -0.36446258 0.058386173 0.15305129 1.5167655 1.1890998 -1.0734411 -0.80582696 0.3324558 -0.07094674 -0.8672127 -0.6781486 -2.6574612 0.3794363 -0.5057624 -0.7886074 0.21837847 -0.76204413 -0.21589933 0.59441644 1.0391343 1.6949434 1.052183 -1.1030391 0.23328145 0.005059074 0.5626978 -0.9274782 -2.407729 0.44375628 -0.65560985 1.6924124 1.1373391 0.19320998 -0.031305917 0.07507022 -0.36572865 -0.2809776 2.0588605 -1.3137585 0.24977274 -0.611634 -1.1824797 -0.8956997 1.926372 0.94250816 0.8912703 0.8160712 -0.40590358 1.7858481 -2.2221498 1.6287644 0.57261527 -0.5353557 0.37627465 -0.38621506 -0.087623924 2.219278 0.29153717 0.39794737 -0.85934484 -0.513949 -0.07193139 -0.2924926 -0.657835 -0.15856238 1.9658177 0.0850633 -1.3944383 0.016127137 0.20693988 0.123410486 1.1307764 -0.08429048 1.2050005 -0.28151608 1.485426 0.92547697 0.64779675 -0.08091149 -0.51699644 -0.020985145 -1.3101242 -0.66527605 -0.1940775 0.14690055 -0.32433352 0.43815887 -0.8292137 -0.52229834 1.5426992 -1.052291 1.2355522 -1.0548908 0.6251833 -1.3408895 1.9665803 0.041139353 0.37884587 -1.1072712 0.19425009 -0.060130544 0.8024674 -1.5123885 0.50611943 -0.6021715 0.71036047 -0.66444284 1.9434361 1.367502 -2.217676 -1.0855081 0.2316045 -0.37989363 -0.7049674 1.734387 -0.66101766 0.48186448 0.26165864 1.11603 2.4447746 1.0646663 0.65108925 1.0292226 -0.8743557 0.2872447 -0.060504314 -0.45115495 -1.3464167 0.6350594 0.54703534 -0.18951528 2.1270702 -1.419483 1.6958936 -0.07000478 -0.20839256 0.48020732 -1.4387182 1.2755611 -1.1996652 0.19060238 -0.6230591 -1.7945647 0.49386087 1.421646 0.47648743 -1.8607512 0.60809165 0.90805733 -1.155682 -0.5075662 -0.67475116 -1.3288757 0.5396972 0.45040485 -0.7697965 0.24426131 -1.3154135 1.4524342 -1.1426917 -0.61306566 -0.45535102 -0.3556709 -0.034240775 -0.23697376 1.3796946 0.8886614 1.5017498 0.97581935 -0.019386176 0.12271799 -1.514518 -0.026248999 -0.73091257 0.43960062 -0.95663893 0.7633209 -0.43351027 -0.049761362 -0.15728366 0.21815589 0.493852 -0.20951396 1.3511075 -0.4274603 0.22127238 0.8492502 -0.43659616 0.28803596 -0.25891182 1.4447818 0.16594185 -0.22233811 -0.90271306 -1.6431996 -0.7390661 0.5022816 -2.342716 0.12683319 1.8154496 -1.061771 0.3572716 -0.35043186 1.3658462 -0.4463448 -1.8811768 -1.7116126 -0.09271487 0.9717211 0.71122044 0.926184 -0.9636605 1.7133927 0.29700157 1.0857804 -0.40863988 -0.83432984 -0.5064526 -1.1268834 -0.31822664 -1.3301352 1.6795319 0.10715722 -1.2738252 0.08828731 -0.17899686 -1.2133164 1.200598 -1.3287216 0.17683873
malpåse 0.7483717 -2.2244527 1.2211069 -0.5320339 -0.4457654 0.7940152 0.22600678 -0.65549976 0.63122535 0.10589985 1.3081186 -1.0662162 0.73571557 1.9219621 -0.71424055 -0.11214598 1.1384349 0.31364992 -2.626797 0.09218536 1.2492507 -2.3986 0.6716963 0.9558796 -2.0005062 0.66116905 0.2560548 0.8083448 0.34923688 -0.71294767 2.8968544 1.7993712 -1.2470065 0.21556422 -3.2955925 -0.23713322 -0.19007213 -1.1657073 -0.4829083 0.24193484 -0.3756498 -0.5592191 1.1581595 -0.12742816 -0.73042893 -0.39682788 1.1589557 -1.16096 1.3817834 2.3607721 0.28165308 0.92761743 0.65233815 1.757733 -2.404891 -1.9188802 -2.5289438 -1.066264 -0.59414166 -0.17629723 -2.154606 0.2511598 0.7776877 -1.932101 -2.82141 -0.60694385 0.46203026 0.039704707 -1.4484525 -1.5334569 0.07236685 2.3558054 -0.34067407 0.31975576 0.14950682 1.4065801 -1.0680143 -1.4333975 1.2551974 -1.5059065 -0.15908879 -0.057731614 0.99214804 1.0611695 0.06776941 -0.6920087 -0.92801744 0.06470143 -1.4032832 0.37676466 1.355973 -0.30810782 -1.0052131 -0.4496775 3.0089908 -0.2952727 -1.3939697 2.8017066 -1.6973305 -0.07887555 0.74966246 0.96649 1.5147622 0.8013129 -0.37494624 -1.0731347 0.87335116 -0.24157028 0.8894187 -0.8891869 -3.4145415 0.86322707 0.31868368 -2.1511974 2.088956 2.4976301 0.3133542 0.6315898 0.79130685 -1.4144223 0.60044014 -0.13315296 0.9051872 0.3021401 -0.56448513 -0.1754227 1.3190434 -1.2241315 3.0207734 -0.1393905 0.56072915 -0.67744255 0.64889735 0.5785029 -0.13176055 -1.1318289 -1.1896963 -0.44291866 1.004699 -0.46367294 -0.3495616 1.2653894 0.8801575 -1.7404342 0.15979213 -0.16549294 -1.0638279 -0.565901 2.9151332 0.52418375 1.6043963 0.3581653 0.57096815 1.2134668 0.03303844 -0.42428398 0.37590307 0.14915334 0.45536986 1.3193308 -0.37092745 -0.237338 -3.551605 -2.0215793 -1.3754812 -2.423785 0.4031326 -0.44142082 -0.8239306 3.7080007 2.0604281 -0.85010594 0.1790993 1.8119401 1.3301785 -2.0262482 1.3665282 -1.6073632 -0.56817436 0.20166446 0.3290864 -1.2217902 0.82256037 -3.2110822 -0.5206852 -1.1559713 -0.16120078 -0.6164136 0.62357366 -0.90714955 2.4506657 -0.46944886 -2.8241818 1.0584552 0.30365452 -1.1241539 -1.0466161 0.43844894 -0.3166914 1.3488966 0.67978346 0.6524468 0.95066035 0.82840645 1.1780471 -0.16971943 -0.86466706 0.632349 1.0553404 -1.2060649 0.8692068 0.33939168 -0.06362205 -2.5705981 1.2384588 0.048603117 -0.47183335 -2.4731326 -1.716431 0.853329 1.6838487 0.014106873 -0.9714777 -0.47201666 0.58979976 0.5365854 -0.66487944 -0.37339723 0.8123564 0.16763304 2.10577 0.9263636 -0.48206443 1.9355779 1.7141536 1.1126165 -1.5375286 1.5761198 -0.48252988 0.4037283 -0.03791852 2.030254 -0.21060668 0.39917043 -1.3628261 2.3583207 -0.089766875 -0.63407475 -2.538439 1.1397852 1.2309006 1.7492087 1.2652925 1.5336051 0.87249655 -1.8418632 -0.55452317 -0.9198905 0.041987855 0.46322072 0.42584354 1.0097706 -1.6664491 -0.056149557 -1.3946334 -2.5080154 -1.0144607 0.68075997 -0.32246694 -0.17816761 0.31837338 -0.6261013 -0.99461174 1.7446262 -0.3285788 -0.43919906 0.29732162 -1.3881979 -0.43572736 0.38829273 0.27515942 -0.047868405 0.012079829 -1.4796894 -0.005514937 1.0403552 0.049621552 2.963385 -0.83192056 -1.6936433 1.3084943 -0.14738172 2.5168273 1.0221783 0.5061799 0.5216503 1.3596089 0.11267435 1.13441 -0.29124773
ceder 0.88312215 -1.1825002 -1.013846 -1.0755024 -0.4711442 2.2015195 0.17804295 1.0037473 -0.104336485 -1.0806004 1.3599381 0.3370529 0.35774067 1.1720556 -0.018428994 -1.772371 -1.0692965 -0.91577 0.10640701 0.6833733 -0.77178353 1.1170237 1.039197 -1.2719154 1.6144762 -0.08669438 -0.14789888 0.22519639 -0.91687334 -2.268393 -0.33757195 0.4040307 0.48552722 0.17325881 0.6312459 -1.617322 -0.25253054 0.73916674 -0.119563125 -1.295294 0.63877875 1.2384316 0.050895907 1.631193 0.81618655 0.22567345 -0.18860655 1.045236 -1.0617738 -1.6214101 -1.0827428 1.4920627 -0.32079455 -0.60061574 0.59458494 -0.76503444 -0.49305096 -0.5338528 -0.352979 -1.5779982 -0.035623882 -1.6365209 -0.3026345 0.17044784 0.06404169 2.2028918 -0.13740417 -0.027133262 0.87647736 0.18697478 -0.5626832 -0.33427873 0.85699034 -0.12172515 -0.14361612 -0.018229838 0.89260834 -0.7621349 -0.20098685 -0.40641004 1.0889679 -0.9089412 -0.56655556 0.96995586 -1.0954607 -0.14293553 0.29970494 0.46302116 0.13772833 -0.9520513 -0.6082989 0.15371458 -0.89314556 0.6028796 0.5403044 -0.29986617 -0.9332474 0.74405473 -0.036891166 0.00047675136 0.09735096 -1.3089321 0.5486103 0.3446179 1.0795003 -0.91212404 0.5898605 -1.3214241 -0.56000644 -1.2192385 -0.4570719 -1.0644941 -1.3205776 0.5230365 1.0607145 -0.8891463 0.1282036 -0.1590764 0.44978026 -1.1764594 1.6866289 1.5452044 0.8799519 -1.7841945 -0.30866203 -0.6465354 -0.09776546 0.9537414 -1.6188283 1.0576134 0.25637817 0.62546927 1.4356383 0.31089532 -0.17117117 -0.22255357 -0.28040943 -1.3032987 0.81098974 -0.0010962151 -0.11984176 0.24563256 -0.16995493 -0.119348355 -0.37940353 -0.49318567 1.2766551 0.21746615 -0.3338554 -0.074814245 -0.32308635 0.19448371 -0.18287092 -0.44766387 -0.581918 -1.4111097 1.3215146 -0.2664435 0.6555109 -0.14314146 0.18354525 0.95737004 0.7423242 -0.2355019 1.2514918 -0.8857669 -0.9533663 -0.20098218 -0.006719045 1.3591964 0.36352882 0.24914676 -2.5074918 0.3885123 -0.24848995 -0.6300453 0.8450065 0.7047203 0.8874058 -0.29594842 -0.6571281 0.022825433 -0.06516182 -0.5810632 -0.72045594 -0.71947765 -0.26779437 -0.5663092 -0.02395964 0.2506003 0.85051626 0.74846965 0.03530607 0.5467155 -0.962768 -0.1258251 -0.11147184 -0.7370517 0.7331136 0.20888703 0.2617582 1.2793643 -0.7786242 -0.17062496 0.2702614 -0.27078903 0.12953939 0.056011785 0.91132563 -0.49050617 0.98103166 0.3325873 0.42016777 0.27766985 1.7183737 1.793572 -0.23030573 0.42617977 0.7702186 -0.2849631 0.43494788 -1.2529505 -0.91184175 -0.031462204 0.15254672 0.80368996 0.5248757 -2.7351696 -1.0207193 -1.6365228 -0.34957477 0.09414255 1.0576965 -0.20163748 0.3676612 0.39111742 0.11146657 0.30908415 -0.16992094 1.7667909 -0.9238991 -0.28619036 -1.0554098 -0.5822725 0.1732375 0.047312334 -0.7363108 0.7988795 0.0880104 1.4557415 0.46890652 1.3299447 0.103935346 -0.8224327 0.66517806 1.5835397 -2.312392 0.421541 0.09538451 -0.37756595 1.5375383 -0.53867507 0.7345955 -1.0232317 -1.0568285 -0.3279007 -0.98994255 0.26950902 0.5509446 -0.15459311 0.37176195 0.88305306 1.1650878 1.2620258 1.510732 -0.100060046 -1.0616624 0.5101856 -0.019391999 1.4210484 1.1280866 0.040212855 0.9672786 -0.22222722 -0.0151301045 0.42931214 -0.6229881 1.1002249 -0.03333285 0.34230685 0.9848401 2.1077282 1.5249815 0.77816296 0.20213473 2.2612016 -0.35372305 -1.1381775 -1.2580488 0.8194728
cologne 0.8556494 0.6147814 -0.1017497 -1.2186681 0.15117562 2.5293334 1.2946786 1.0005364 0.1158421 0.06895278 1.16672 1.078152 -0.9173225 1.9520589 -1.0385526 -1.7155348 -1.3542458 1.2339809 -0.7264798 -0.38109207 0.6384521 0.46145028 0.50923115 0.95809406 -0.7287171 1.0364519 -0.764315 -1.606292 -0.8094462 1.5733083 -0.91053474 -1.8329382 0.18767011 -0.53224367 -0.38838807 -0.69480044 -0.74562395 -0.33215523 0.22027586 1.3259157 0.72864205 0.51578116 -0.23020543 1.5758439 -0.4957829 0.71208096 0.35076058 1.3008844 -1.2294651 -1.4022518 1.0740479 -0.05952388 0.12423016 1.1797494 -1.2275767 -0.7863343 -0.3387178 0.39384276 1.0915959 0.28831348 0.21930937 0.5510644 -0.40052038 0.25048828 0.19494627 -0.8215255 0.41801578 0.639859 -1.3799909 -0.08711559 -1.517856 1.3129616 0.18191336 0.561891 -1.5624684 0.591041 -1.5644882 0.220386 -0.015074774 -0.43631765 0.40837002 -0.52355874 -0.42613658 -0.2956836 -0.8568389 -0.7148055 -1.4335349 0.38778982 0.33131298 -0.12062796 1.3094819 -0.9318596 -0.15701176 1.4307939 0.39032394 -1.2736534 -0.24549113 -0.0516185 -1.1992453 -0.33640546 1.114639 -1.754083 0.51765436 -0.36700764 -1.741066 0.24249846 -1.3374738 1.0727108 -1.7843136 0.6547894 0.2591043 0.37790105 -0.5243727 0.63080597 1.1062089 0.3309508 0.40427202 -0.5963638 1.1759717 -0.66208285 0.26764762 -0.42488065 -1.1658239 1.7774887 -0.6612368 2.089809 1.6405149 -0.2926508 1.690235 -0.14772597 -0.43731672 -0.097331084 -0.879932 1.6712149 0.6911379 -0.41212586 -0.59423167 0.649991 -0.15931636 1.1824298 1.5458573 0.7035943 0.00876452 1.2273914 -0.8305261 0.92371696 -0.97991705 -0.28790325 0.19373283 -0.787715 -0.050879773 -0.09781041 -1.31997 -0.144724 0.064883396 0.33330575 1.0051008 -2.2713678 0.89298445 0.9503328 -1.1525238 0.17070563 0.31244364 -0.045718666 0.03383589 -0.3145401 -1.1338296 -0.48759997 1.6731265 0.7314811 0.45961916 0.13077526 -2.1437042 -0.14045435 -2.3907487 -0.11864626 -1.5482422 0.14972779 -0.18084607 -0.40608123 -0.20426549 0.065376714 -0.483622 -0.03629672 -1.0138336 0.21814282 0.87400955 -0.61402917 -0.37548605 -0.90239793 0.13616028 1.3469911 -0.35736564 -0.7220402 -0.8323845 -0.16517912 0.65976965 0.34601405 -0.12257531 -0.19961484 0.29772934 1.1827981 0.34141466 -0.8438643 -0.21917567 -1.583163 1.4066037 0.22901535 0.2312524 -0.15258852 1.9442903 -1.2925283 -0.7598189 0.14227018 -0.54412967 0.35078233 0.6238056 -0.14171404 0.0769095 0.66431487 0.55064803 -1.6616852 -1.0674376 -0.9547555 0.94169885 0.59923786 0.70857817 -0.10420046 1.7792917 -0.596994 0.5337922 1.0250837 -0.23206818 0.6006469 -0.3329543 -0.57138956 0.76230323 -0.30266827 -0.5785965 1.7349647 0.8973925 -2.1500177 -1.3532733 -0.6720645 -1.1333984 1.0961621 1.0390708 0.14634953 0.23140247 1.2725236 -0.7151469 0.46082166 1.1494545 0.6172138 -0.29385084 -0.41235787 1.958664 1.6382942 -2.4946635 0.3843692 0.43502116 0.09582377 -0.28036845 -1.0028476 -0.3605949 0.2780828 0.118519984 -1.0544156 -1.7849891 0.38543007 0.15775001 0.35194147 -0.7079751 -0.22461627 0.6380394 -1.4453567 0.16987208 0.115066245 -0.5874371 0.061464593 0.54220533 0.45186007 1.3283601 0.8676453 1.1776803 -0.93567866 0.76439226 -0.12404306 -1.1185534 0.35742167 -1.9590136 1.0282757 -0.86968607 -0.63076115 1.0265412 0.046544407 -0.18730853 0.85566634 -1.1621373 0.6405043
desinfektionsmedel -0.71399075 1.1175413 -0.41173264 0.5473016 -0.052874558 0.16071819 -0.86999744 1.3251818 -0.4431817 -1.0199909 1.1324029 0.26517284 -0.8751859 0.49566185 -1.0178193 -0.46416375 -1.8134037 0.17573468 0.71913123 -0.23526926 1.515467 -0.36618316 0.55865145 1.1761876 -0.9861331 -0.38006783 -0.2026015 -1.6655657 -1.7689122 -0.74330187 -0.3539995 -2.1753876 -0.47599307 -1.7650882 -0.96910405 -0.6585872 -0.34852412 -0.76945174 -0.029223857 0.76334035 0.15086268 0.23506334 1.4450896 0.031151861 0.26312947 -1.1609975 0.4824265 -0.10635036 0.38177738 -0.46082458 0.17257024 -0.22869614 0.021611072 1.3582882 -0.726187 -0.70662075 -0.22526169 0.49091527 0.63415784 0.7381526 0.5828401 0.36026305 0.5001954 -1.6060745 -0.77097684 0.015877217 1.4481245 0.7591401 -0.18339488 -0.26574883 0.17886941 -0.10281833 1.3648508 0.29032806 -0.99787295 1.3017341 -1.1337179 0.92274195 -0.24067166 0.07468319 0.65060294 -0.34262362 1.7119651 -0.35239986 -0.9225379 -0.641761 0.1373661 -0.31114635 -0.32921195 0.91366017 -1.1959772 -0.5732339 -0.97973126 1.1874677 1.8235582 -0.13909386 -0.38745406 0.19509077 -0.44483715 0.19400948 2.5944111 -0.3957991 0.7762165 0.32687962 -0.9642355 -0.0012809307 -1.3117507 0.9405737 -0.19216536 -0.0033637616 0.11042334 -0.38117924 -0.17664224 -0.4796339 -0.49360016 0.62676364 -1.1761113 0.95345396 2.1460872 -1.7061062 1.7247984 0.5129635 -1.3350639 0.6313514 -0.51531255 -0.07262085 2.0507522 -0.5600039 -0.15863472 -1.5011338 -0.97699356 -0.11026414 -0.049872905 0.93580014 0.8610479 0.37452027 1.2838498 0.13918176 -0.21108171 -1.1000503 1.214799 0.03432563 -0.5540198 1.3576589 -1.4291575 0.3281116 -1.1582134 -1.3316619 -1.645423 0.053450525 -0.38820526 0.41749036 -0.20143707 -0.751013 -0.15931427 -0.75046444 -0.91428137 -1.8479736 -0.48547107 0.7043041 -0.3419783 -0.33476445 -0.23829249 -0.48996258 -2.0327752 1.0985184 0.25111282 0.2171358 -0.8671381 -0.299662 -1.1678497 -1.3713461 -0.8838764 -0.018641407 -1.3728609 -0.66208076 -1.1076783 0.06108042 -0.06259522 -1.7250409 0.1986209 0.90298533 0.46072006 -0.10392124 0.6773689 0.26888463 0.018997546 1.4673724 1.4546835 1.9337493 -0.8449699 0.7782819 1.5367464 -0.37108028 -0.5928952 -0.7283848 1.3361794 1.5460823 -1.5019886 -1.1615683 1.0487714 1.2668073 -0.42855424 -1.5322511 0.74314266 0.77418107 1.1980801 -0.41018465 1.0064917 -0.7689737 -0.92143947 -1.4264134 -0.16778152 0.055950165 -0.018255822 -0.40848938 -1.1272006 -0.20739308 0.5666581 -0.5185435 -0.7613304 0.32107356 -0.4053215 -0.009195568 -0.25023282 -0.45622113 0.12699763 -0.03379811 -0.21597813 -0.7758438 -0.06876186 0.48618615 0.5562541 1.2409246 -0.97409326 1.5400572 0.2922372 -0.52177167 -0.37900132 -0.030324025 1.1872 -1.562414 -2.603423 -0.7810021 0.9099231 -0.040832527 0.58218914 -0.65756553 0.18908446 -0.6798144 -1.1518208 0.33681265 -0.4857696 0.83342266 -0.59910697 1.7003818 0.51323783 -0.8292005 -0.24181972 -1.408798 0.6837943 0.22121297 0.1025485 -0.5539115 -1.1026775 -1.5274835 -0.10279383 -2.0703418 0.93061346 1.0921928 -0.41227558 -0.8791053 -1.3355328 -0.9880093 0.32796165 -1.5522745 -0.17795266 -0.9450263 -0.8589597 -0.80016 0.4601372 1.3471707 1.558298 -0.24806657 0.192496 0.55003434 0.14692444 -1.4278691 -0.31969637 -0.69641644 -1.3673122 -0.17599718 -0.31943917 -1.0963776 1.3437529 -0.12928182 -0.8946879 1.5772077 0.28316894 0.18615188
pepparmint 0.84206706 0.34278148 -0.5299677 -0.38803858 -0.20093434 0.80615675 -0.32055342 0.27270135 0.6752718 0.20726205 1.3382651 0.62409395 -1.1041187 0.036822103 -0.86324877 -0.26617703 -0.610984 -0.3385936 0.6511936 0.50341886 0.6711116 0.31068614 1.2908779 -0.28956607 0.032461885 0.32745117 0.19183633 -0.03899091 -0.6714775 -0.32403013 -0.20366843 -0.97652274 0.07807846 -0.7723102 -0.5668314 -0.37170413 -1.1127992 -0.3934302 0.35064787 -0.057425186 -0.5865442 0.22763102 1.3855858 0.5583189 0.28153166 -0.41355747 -1.0379871 0.39974576 -0.51846045 -1.1896956 0.19445361 0.49009338 -0.40358502 -0.1617027 0.678126 -0.83700407 -0.51113874 0.051993117 0.64690465 0.05521169 0.04596675 0.10952575 -0.10639908 0.37214357 0.6558549 0.5546586 1.880628 -0.0064600767 -0.7261335 -0.07806876 -0.2851638 -0.4326607 0.93219966 0.86370826 -0.84733254 -0.60274553 -0.5973677 0.6138617 0.40535784 -0.57722867 -0.5556519 -0.8081576 0.7820601 -0.53070676 -0.07741679 0.6054959 -1.0737264 0.40086642 0.22202033 0.90049356 0.16896072 0.026477328 0.31967637 -0.44892436 -0.11251323 0.0017366969 -0.21031375 -0.97867936 -0.2943162 -0.67652243 1.4576229 -0.8604448 1.3827443 -0.2528514 -0.18860206 -0.3811552 -0.8610928 1.0095886 -1.496216 -0.07687622 -0.37211734 -0.6526566 -0.86450493 0.7850119 0.5545635 0.05590568 0.41349176 0.41522363 1.5105822 -0.9466005 2.0816116 0.3417471 -1.5529869 -0.63053113 -0.797448 0.4083617 1.4634522 -0.5004574 0.04177454 -0.7614951 -0.09024964 0.07779305 -1.1312048 -0.03955912 -0.1760812 0.34615093 0.14148103 0.06544076 -1.1191639 0.8123043 -0.37314492 0.43761447 -0.63262343 0.38782144 -0.09055903 1.1325368 0.22976886 -0.3623302 0.035563648 -1.0729296 -0.11736091 -0.28139454 0.3648639 0.016829666 1.0680375 -0.686843 0.25480333 0.25172833 0.08475792 -0.13474892 -0.35769308 0.7431446 -0.8200365 0.5865924 -0.5798638 1.498234 0.2509176 0.018383503 0.76881105 0.79690146 -0.12160815 0.6663936 -1.3034896 0.46876952 -0.80141133 0.16520177 -1.0675167 0.3372387 0.47032622 -0.6980131 -0.13723364 0.6004149 0.14490233 -0.726558 0.33723652 0.10005432 0.8584599 0.50923616 1.8191028 1.6705258 -0.006595005 1.2191744 0.5664613 -0.8983713 -1.3503721 0.89583224 -0.1833269 -0.20146683 0.067898154 0.048825823 0.8089715 1.0731097 -0.41194797 0.51457894 -0.14741771 0.053213775 1.7766854 0.41645566 0.47742948 -0.69678384 0.11333414 -1.0851779 -1.1902248 -0.19306557 1.3153625 0.41364503 -0.44794706 -0.25600615 0.025416285 -0.023086624 0.2851929 -0.08712426 -0.8514427 -0.50391984 0.3196652 -0.30510685 -0.85214144 -1.1691401 -0.32229087 -0.520466 -0.3314898 -0.3126433 -0.026386816 0.98847 -0.85646933 0.3207382 0.32073554 0.40396497 0.007920526 0.5236091 0.14069244 -0.628398 -0.81895053 -1.1629447 -0.119278684 -0.019360721 -0.20148988 0.29269978 0.15537483 0.6284875 -0.7171547 1.242177 -0.8056267 0.84784436 0.2425641 0.46490934 0.68387145 -0.005617576 -0.8014942 -0.30172113 1.0288262 0.18308513 -0.461758 -0.10623735 -0.8305344 0.2846523 0.64320725 -1.0953531 0.723128 1.4039757 0.038420647 0.8889714 -0.091663115 0.50846034 -0.5686599 -1.2977734 -0.48645273 -0.11336642 -0.5010901 -0.5497777 0.92575824 -0.16684218 1.283892 0.5000375 1.2172447 0.16296579 0.12693611 -1.5473853 0.34391052 0.5005394 -1.4961382 0.58603424 0.4424151 -1.0426692 1.0676186 0.25323635 -1.0616136 1.1506574 -0.27570826 0.08845521
kamfer -0.15310119 0.9674994 -0.20486218 -0.9012909 -0.7099711 1.1368333 0.13973817 0.65884405 0.799091 0.3986565 0.7830274 0.27536884 -0.424602 0.71941555 -0.5632527 -0.717456 -0.98061997 0.10457956 -0.0042440523 -0.45349732 0.9183097 0.3573984 0.011266282 0.33988792 0.22815304 0.22887638 0.3955078 -0.106604315 -0.5668518 -0.68397313 -0.7992116 -1.5643531 -0.8811557 -0.5011406 -0.4670728 0.18334685 -0.31084934 0.091444045 0.06642898 0.20288612 0.032541573 0.5102562 1.4746587 -0.21986175 0.39285824 -0.3585997 0.07079779 0.020849735 -0.24570538 -1.478908 0.69064045 0.36240566 0.26290008 0.5514938 0.4164027 -0.5480895 -0.6274195 -0.5334571 0.21411538 0.14576043 0.3832972 0.1648937 0.18866481 0.37237805 0.76738936 0.5920219 1.1622822 0.39994434 -0.4946224 0.08437016 -0.5730156 -0.19741122 0.62856257 -0.030844586 -0.63768226 -1.0499794 -0.057093944 0.6641723 -0.05789156 -0.4100844 -0.34204707 -0.37174413 0.9774812 0.10959093 -0.4757406 1.00768 -0.8925676 -0.37246644 0.26775452 0.7423221 0.222014 0.16926984 -0.5788678 -0.8323725 0.27735934 -0.22475712 -0.25053412 -0.5539888 -0.9314544 -0.1669736 1.8915256 -0.4636256 1.3667381 -0.07275381 -0.58842963 -0.5756872 -0.7406957 1.1323974 -1.3251214 -0.15629375 0.22146186 -0.6452433 -1.0336047 0.25030938 0.44205004 1.016406 -0.49159193 -0.028384278 1.576812 -1.1543076 1.9936115 0.08951701 -1.7262169 -0.1157383 -0.46764475 0.16069847 0.9128696 -0.23895192 0.4251472 -0.038232498 -0.14589167 0.36552578 -0.55324394 0.7647399 -0.79747695 0.013207076 0.28275633 0.15840459 -0.5495466 -0.24855077 -0.31500232 0.12544721 -0.21872576 0.068894066 -0.44556955 0.65423083 0.4948233 0.042395815 -0.71952355 -0.32941037 0.14091603 -0.40288144 -0.17332868 -0.21557026 0.42324033 -0.4024613 -0.5033176 -0.14387305 0.20323466 0.18953972 0.7009596 0.29470798 -0.034872927 0.13176283 -0.45850933 0.664657 -0.50133336 -0.025045374 1.1077471 1.1060702 -0.23111315 0.15114754 -1.3661538 0.8353637 -1.0079671 0.5129857 -0.8410546 0.22199517 0.78854626 -1.1440935 -1.0759882 0.31478044 -0.080697544 -0.26444912 0.95721394 -0.51460814 0.4727737 1.0148531 1.056266 1.5123255 0.18866013 0.49406523 1.18063 -0.7478664 -1.4804199 -0.13615061 -0.37316966 -0.01191886 0.64798903 0.14272442 0.67352927 0.5346977 -0.20797746 -0.25410244 0.37261516 -0.39590287 1.8553182 -0.0965247 0.12887804 -0.96513295 -0.3904515 -1.1515429 -0.38560686 -0.5273477 0.12498401 -0.5178769 -0.07105845 -0.11594061 -0.085100956 -0.08675558 -0.11834942 0.3557018 -0.20543247 1.1225543 0.52220047 -0.079506345 0.19759735 -0.61464787 -0.043898635 -0.3798852 -0.13463739 0.16390988 0.12581095 0.36199284 -0.4543789 0.83845866 1.0857588 0.51859397 0.2652221 -0.18025725 0.5487617 -0.516513 -1.6721133 -0.8992998 -0.35175973 -0.091031395 0.48365146 0.4892893 0.053912785 0.61781555 -0.97631025 0.40378007 -1.1080122 0.6806544 0.6562338 0.7462696 0.41919127 0.36099225 -0.11732033 -0.6982158 1.3913 0.24960646 -0.5064748 -0.460655 -0.9772916 0.08705224 0.29350102 -0.73533165 0.13701496 0.6509157 0.3908 0.6806697 -0.8463724 0.4867885 -1.2846491 -1.5598514 0.5685553 -0.37588435 -0.20912832 -0.7005095 1.1746688 0.6767724 1.0978059 0.3397832 0.7581797 0.45552155 -0.09859907 -1.1862284 -0.5874536 0.117016286 -1.207121 0.64156175 0.14687115 -1.1744177 0.64516836 0.9870937 -1.2506273 0.98200077 -0.70913726 0.758136
terpentin -0.15112859 0.30766055 -0.7693859 -0.00035416824 -0.7670803 0.2384394 -0.11137819 0.20776193 0.2840747 -0.52494377 0.88102555 0.1629974 -0.31330606 0.34827888 -0.5320793 -0.4592817 -0.46791548 0.052354798 0.10982841 -0.11304698 0.5068568 -0.2979661 0.33081213 0.36475816 0.05603727 0.50812924 0.10425307 -0.069463134 -0.8497352 0.11380311 -0.5094862 -0.7068958 0.06283796 -0.1654909 0.25513393 -0.48167574 -0.34232587 -0.21382281 -0.42409888 0.5098456 -0.20247477 0.005547057 0.044813752 0.47384572 0.25133017 -0.2702671 -0.11466334 0.046587225 -0.52451587 -0.8853517 0.23013908 0.4142517 0.4439615 1.2205225 0.3974592 -0.5460959 -0.36107415 -0.12499111 -0.062026974 -0.04917863 -0.3288314 0.6489243 -0.31709045 0.04922771 0.30172113 -0.10557064 0.698257 -0.030712679 -0.61618084 0.46931756 -0.3469431 -0.20426668 0.49537963 0.26598716 -0.16505462 -0.12993102 -0.11792267 0.29000187 -0.7263009 -0.4442357 -0.23553894 -0.5807227 0.76933265 0.5074867 -0.70363003 0.22461188 -0.7385024 -0.27541164 0.29851106 0.09689134 0.6166517 0.20516579 -0.35788316 0.1419815 0.569773 -0.025799334 -0.30457553 -0.16192722 -0.26689354 -0.4945585 0.5253717 -0.01243392 0.5911069 -0.0013478977 0.28579593 -0.5650666 0.057671368 0.8102767 -0.29037312 0.19810985 -0.22355537 -0.15462686 -0.47346386 -0.24822421 0.27401313 0.16006404 -0.43713868 0.1052603 0.45955238 -0.95020384 1.1889509 0.16035885 -0.43203494 0.25658992 -0.37648514 0.0798091 0.50225955 -0.60450107 0.27328262 0.18153729 0.26804596 0.28676832 -0.014729837 -0.012839682 0.27259263 -0.37754142 0.58663046 -0.09154526 0.209568 -0.51852393 0.75335866 0.02162776 -0.028009368 0.14403751 -1.4040747 0.18504067 -0.39097083 0.29288432 -0.17029504 -1.2299186 0.05984666 -0.26771587 -0.017271655 0.19538043 -0.27917978 -0.28950366 0.05865474 -0.54977155 0.024846924 0.58568007 -0.2264653 -0.32041177 -0.019772582 -0.44329333 -0.49244925 0.7786291 -0.027068196 0.05517314 -0.021510772 -0.38401908 -0.8332599 -0.017371392 -0.8797565 1.3551867 -1.0792408 -0.6573007 0.011925347 0.7658745 0.4494593 -0.95717156 -0.031627 0.7581153 -0.22704457 -0.222909 0.29134175 -0.46181068 0.007907411 0.6228467 0.26987642 1.1954747 -0.7747337 -0.089511335 0.5010552 -0.5724342 0.11697187 -0.1462807 0.18685573 0.018896773 0.29160383 0.2336988 0.33959848 0.28367123 0.368905 -0.43325454 -0.08949277 0.7310629 0.88652104 -0.26340255 0.050232768 -0.6143645 -0.5394051 -0.49706295 0.24476428 -0.45106596 -0.102351874 -0.088839434 -0.35484362 0.0030130758 0.14663683 -0.279892 -0.17579377 -0.20122394 -0.6979783 -0.066832975 -0.3013622 0.25158143 0.62707055 -0.20596996 -0.020902669 0.21700348 -0.45932835 0.24163526 -0.35468394 0.28755474 -0.34607977 0.78518784 -0.57845896 0.34458703 -0.7599288 0.1723163 -0.30904707 -0.07890622 -0.45171037 -0.5414059 0.6704276 -0.1928639 0.20221144 0.06961286 -0.015838638 0.07233181 -0.15578839 0.09473249 -0.077174865 0.6338961 0.026884466 0.69979995 0.90278924 -0.527145 -0.21556513 -0.7465321 0.9535688 0.1788003 -0.16732664 -0.11095873 -0.20935617 -0.092875354 -0.39062387 -0.38659286 0.3366019 0.7026756 -0.42842284 -0.110042036 -0.1922275 -0.023144586 -0.1126499 -0.8431083 0.35099727 -0.7941321 0.07080742 -0.45596555 0.7930644 -0.2289296 0.48885825 -0.13064727 0.8477664 0.089835316 -0.49687842 -0.41022617 0.15703261 -0.005097342 -0.7068342 0.63247824 -0.05459858 -0.021244774 0.49522927 0.65944594 -1.0329899 0.5341348 -1.0355203 0.10469614
fotogen 0.16603576 0.6623061 -0.51316106 0.22518001 -0.06060118 -0.064837135 0.04583953 0.73280334 0.38184956 0.113867454 0.2664071 -0.18383111 -0.15945488 0.5906293 0.18191963 0.39819494 -0.34113276 0.14695244 0.10308695 -0.019671833 0.42235163 -0.39462748 0.14469829 0.3298055 -0.653838 0.5145678 -0.1927081 -0.0921037 -0.35461596 -0.34083682 -0.29893282 -0.49148318 0.15971336 -0.6956183 0.09685232 -0.12027759 -0.37086082 -0.5701034 0.73230046 0.41313902 0.19533929 0.49210787 -0.059607018 0.0041561485 0.13419314 0.6653551 0.35468525 -0.29680228 0.073946424 -0.05395322 0.12591708 0.79693586 0.47068658 0.7357537 0.09900466 0.16720127 -0.29451832 0.1660805 0.0653874 0.23713244 -0.21696134 -0.20108221 -0.23700356 -0.11786994 0.036234528 -0.46541533 -0.015043787 0.30268148 -0.1393134 0.20437956 0.5567336 -0.33418784 -0.14271325 0.22469716 -0.73880136 -0.112319216 -0.36075845 0.23786177 -0.44989696 0.5672454 0.66106826 0.5400237 0.30571273 -0.21294905 -0.22789416 -0.07976261 -0.2980222 0.56765014 -0.17316206 0.33081988 0.28369403 0.12859692 -0.38895175 0.12535736 0.42017475 0.20988649 -0.103220254 0.33406544 -0.22887495 -0.17088689 0.5554489 -0.29085335 0.14664374 0.51787853 0.16425563 -0.29776627 -0.6829745 0.55962527 0.06463674 -0.118457146 -0.34476373 -0.2509333 0.4547419 0.05072668 0.5081659 -0.25030318 -0.49360391 0.459522 0.15721744 -0.26007712 0.014170151 0.56604326 0.024140134 0.41010186 -0.15190347 0.048320454 0.21708268 -0.72520465 0.42071903 0.11365041 0.6958581 0.110004015 -0.082399525 0.32973266 0.98199344 0.1545804 0.39930108 -0.017518668 -0.13111392 -0.24483477 0.16938157 0.35866672 -0.4962537 0.06376313 0.06741202 -0.19526075 -0.07316561 0.04101286 -0.35229242 -0.29262018 0.58616346 -0.20360783 -0.18884745 0.29794976 0.30700365 0.17545322 -0.20906585 -0.43397436 -0.3688823 0.7979214 0.09242922 -0.12312155 -0.15053956 0.13026258 0.0795202 -0.13032547 0.55077356 0.016083827 -0.48928398 0.4112967 -0.15262046 0.2609774 0.28868175 0.62289906 -0.026946362 -0.5441713 -0.11667049 -0.46883404 0.2488943 -0.5501274 0.21364948 -0.46683982 -0.0822282 0.059636667 -0.0093713645 0.105957314 0.39071462 -0.030922456 -0.07834642 0.5376751 0.42065573 0.65968174 0.3993288 -0.015504311 0.04617487 -0.29951814 0.42958128 0.054681294 0.3426221 0.23880121 -0.025074286 0.36229467 0.5189744 -0.039384045 0.1409002 -0.17175007 0.5664315 0.096520886 -0.119209945 -0.99483943 -0.09546932 -0.17648986 0.08654924 0.3929355 -0.2509947 0.21936014 -0.097998686 -0.030575627 -0.45329252 -0.75257385 -0.33581534 0.49256912 -0.067862116 -0.08183482 0.08073135 0.19696371 0.17368633 -0.122135915 -0.38181823 -0.11737622 0.44882822 -0.017422149 -0.05355999 0.07455897 0.3169976 0.81413096 0.09633171 -0.3593483 0.055911507 0.75636536 0.33778003 0.115355864 -0.631003 -0.35528737 0.39037168 0.05125514 0.15926166 0.37793383 -0.10657711 0.062766895 0.15244079 0.34826672 0.18165925 0.53488296 -0.34004277 0.20061016 0.21250576 -0.4696113 -0.24082318 -0.157717 0.29183918 -0.14067036 0.15347274 -0.6579769 -0.52679425 -0.3027537 -0.42962036 0.12598418 0.23525771 0.039118987 -0.48330528 -0.07219023 -0.5581328 0.27307612 0.26256981 -0.28708825 -0.14250381 -0.13616343 -0.92021984 -0.4363386 0.4530205 0.11093699 0.6659251 -0.10181591 0.2950624 0.47047043 0.05163153 -0.082712844 -0.6673884 -0.0856605 -0.24192287 -0.054483544 0.058213774 -0.035802968 -0.18519774 0.40142986 -0.5146688 0.62509745 -0.5373655 0.062505394
kreosot -0.26696512 0.7313762 -0.16921043 0.09181263 -0.13584033 0.14340001 0.0008528178 0.86299235 0.1215803 -0.008589767 0.81119496 0.2760362 -0.42797086 0.14510763 -0.21035784 -0.025822831 -0.35178745 0.023513261 -0.04324101 -0.07973174 0.56531525 -0.57408917 -0.074097894 0.040862013 0.0967842 -0.2422506 0.11006386 0.2687987 0.24900912 -0.4100579 -0.12509014 -1.006889 -1.0229237 -0.433202 -0.36425698 -0.78607816 -0.20233798 -0.20442067 0.109594695 0.6039144 0.20436804 0.28849682 0.7733771 -0.05075492 0.27012387 -0.05293691 0.3373519 -0.34811196 0.4295475 -0.12507765 0.46132076 0.29262623 0.36252216 0.4992479 -0.26592094 -0.583275 0.072420254 0.089221336 -0.5370078 0.07610881 0.4923211 -0.59282446 -0.25594756 -0.10894571 -0.19482367 0.14040406 0.56540376 0.45629853 -0.10087804 -0.43388176 -0.35613608 0.097038075 0.56695956 0.05090088 -0.29616502 -0.8210874 -0.093486756 -0.05199621 0.12194282 0.08059777 -0.2610845 0.1082174 0.741716 -0.18631129 -0.82452124 0.09182955 -0.6888799 -0.12335888 0.1961209 0.36468297 0.23166333 -0.07288742 -1.0347408 0.2227929 0.38771233 0.44504443 0.22324272 -0.20431559 -0.6725456 -0.026370306 0.9261856 0.42176515 0.32675067 0.048999015 -0.13620344 -0.16015163 0.082653165 0.6603284 0.0042653545 0.22348627 -0.07563527 -0.44238853 -0.23679432 0.17202121 0.3882053 0.55690116 -0.29599655 0.4107253 0.5977027 -0.3920572 0.4276259 0.491182 -0.42471755 0.26125622 -0.19001567 -0.28091884 0.17091745 -0.4296844 0.09015161 0.4797501 -0.001341006 0.14838254 0.19628012 -0.12021472 -0.10594025 -0.33999756 0.33119532 -0.3683132 0.1278869 -0.083409764 0.17952216 0.43586877 0.2988156 0.28524548 -1.0328603 -0.028390875 -0.21664056 -0.2775723 -0.13242088 -0.23235644 0.4443718 0.22601096 -0.015159139 0.22302903 0.12282673 0.29658502 0.44270352 0.077866554 -0.034106288 0.8722836 -0.35400066 -0.06445735 -0.48821217 -0.22174023 -0.13507937 -0.3776628 -0.16499269 0.055723548 0.14480937 0.2178333 -0.3719091 0.17891622 -0.10233021 0.6894172 -0.5963372 -0.36979714 0.021795765 0.22422113 0.3586457 -1.0385169 -0.14660007 0.29814062 0.060642064 -0.22042862 0.3030929 -0.34256312 -0.18097931 -0.09320445 0.18229955 1.0972996 -0.2666677 0.41866803 0.2521854 0.121217445 0.17206828 -0.13824871 0.12686902 -0.3495079 -0.053717736 0.21629412 0.29396024 -0.1316139 0.12489039 0.071425214 -0.062149487 0.11715647 -0.059546676 -0.68809944 0.20508373 -0.31059512 -0.63226295 -0.437092 -0.11429885 -0.38755828 0.08500891 -0.81089664 -0.05615454 -0.14199266 -0.042074095 -0.5175601 0.83573896 -0.12589413 -0.36210164 0.15269451 0.20102134 0.2445768 -0.034224134 -0.4500629 -0.34681058 -0.27358735 0.41573143 -0.08152018 -0.45371032 0.086710736 -0.196343 0.5862151 0.4258769 0.20638034 -0.0057862285 0.3394173 0.5863654 0.018915882 -1.1036994 -1.1339691 0.28570408 -0.2467319 0.58993304 0.19957274 -0.26238522 0.26140696 -0.32670394 0.52070475 -0.29018724 0.5320089 0.0076640537 0.37630826 0.39978564 0.21475144 0.27638102 -0.23088521 0.84639126 -0.039402563 -0.10905383 -0.34141934 -1.0088055 -0.70231146 -0.49646115 -0.5269614 0.34758404 0.45321485 -0.06927381 -0.6632437 -0.21295303 0.44233933 -0.27689672 -0.02791035 0.31624413 -0.576056 -0.008779962 -0.30845693 1.0395299 0.14053905 0.25854766 -0.34909958 0.45819727 0.46353528 0.17449787 -0.4164218 -0.3911985 0.080236666 -0.164127 0.046319854 -0.16486607 0.114704415 0.27326423 0.2513294 -0.7918018 0.17763516 -0.15182549 -0.108290456
