96 300 
smoke 0.5438791 -0.03193786 -3.0324278 1.2267476 -2.558564 -0.9082693 3.2709577 0.6500393 -0.37466532 0.97483444 -0.6808286 -1.1097761 0.03651958 -3.579109 -2.3113947 0.25594625 1.4223711 -0.53307873 2.1259336 -1.1009889 -2.2733116 -2.478809 -0.40081796 0.6268893 0.48298508 -4.1684923 0.15441592 -3.9302633 -1.7097074 -0.7280899 1.6663533 -2.646614 1.1769956 -0.44005838 -0.60781544 -1.1929344 -0.52407074 -2.2465992 -0.523565 0.42406508 0.48458365 -0.21157923 -2.1137097 0.82828104 0.8786039 0.2609397 -0.2021952 0.24013683 0.5854372 0.7383259 0.89747643 1.947243 2.2895026 -1.5683403 1.8883463 0.121973306 0.03736701 -0.70511305 0.77931595 1.6546819 0.1631072 -0.65645534 2.3623152 0.16729163 1.8532586 0.060679115 -0.92512476 -0.7980987 1.8623725 -0.115639865 -1.9376704 -0.9680296 -1.226366 -0.48246926 -0.8322983 -0.32880458 1.0871001 -0.7400449 1.6167822 -0.22278436 1.3117573 -0.063924335 1.0610669 2.3666425 -0.5628705 -2.8954344 -0.17421989 -0.104416326 -0.2709829 1.7452964 -1.172913 -1.3089864 -0.16937089 0.7477182 2.509036 0.52179235 -0.8669299 -2.049537 0.8103396 -0.41255087 0.8322464 -0.836161 0.19069028 -1.0925231 -0.11058064 -2.3257675 0.5427162 2.0796275 0.8908999 -1.7792655 0.9143021 -0.717039 -1.5299733 1.7575159 -1.0082734 1.2440025 0.08641121 -1.3213007 -1.0523294 -0.69243664 -1.0585048 -1.5566732 -0.25161564 -0.2085821 0.22650674 -0.06634127 2.0442371 1.4402423 2.4302824 1.1175847 0.5959414 0.7462309 -0.28126463 -1.1291153 1.3751428 0.3596779 -1.052441 -0.67831653 -0.755868 1.5670121 -0.8682772 0.8660444 2.3378773 0.15520245 0.8502837 -0.41348726 1.6650094 0.07527167 0.9925645 0.087190375 0.022644958 0.6289378 0.14787653 -1.0698004 0.8405445 -0.42927393 0.762524 -0.057545822 0.75658584 -0.39191583 0.83734906 1.6852729 1.5936275 -1.0753126 -0.6325381 0.9304664 1.1945803 -1.1293032 1.0523211 -2.165655 -0.5077404 0.64259404 0.54530674 3.1235144 -0.040729303 1.6025358 -1.0619451 -2.473452 0.8813147 1.1469405 -2.125834 0.6980862 -1.1796547 -1.737016 1.9079398 -1.0829508 -1.4374541 -0.7813251 -0.32033947 -0.7684811 -1.9615433 -1.4419526 0.032911517 -0.8428795 0.48215652 0.17594305 1.541736 0.98865503 1.8008251 -3.7180338 6.0505743 1.9687735 -2.5741343 0.09098519 -1.2323534 2.7150474 -0.31081748 0.8369834 -1.7000295 -0.6315471 -1.7405586 2.6203542 1.12894 0.6629377 -1.7144599 -0.2419425 -1.2436813 3.4124322 1.2105345 -0.45558476 2.9530187 0.74315965 -0.9963005 2.108223 0.27002484 0.617384 1.7821382 1.3724778 0.32620376 0.7603251 1.2454618 0.87372744 2.5504475 -0.32692668 -2.3097785 -3.177145 -1.672213 1.2629617 2.4205515 -3.3564239 -3.3581264 1.4538903 0.47964618 -1.4612129 -0.50858295 -0.016978052 0.3824561 1.2659664 -0.5501992 -1.3730623 1.5504841 -0.6222393 0.3264453 0.25002465 2.3376203 -0.2786634 -0.3976205 -2.594695 1.0876769 -0.13718182 -0.59846884 -1.3657191 -0.7634913 -0.012110171 1.20934 2.4286318 0.1026695 -0.52713335 -0.0030163946 -1.0242527 -0.38338694 -2.0963812 0.51753294 2.225662 0.46544477 0.6538901 -1.0568583 1.6914387 -0.42375827 -1.5819123 0.45367852 -0.9638325 2.1506639 0.15546487 -2.6806455 -0.97185445 0.27770355 -2.116415 1.3772366 0.9035304 1.446565 -1.0600159 1.7171785 -1.0097288 0.17922162 -0.73463166 0.085599974 -0.1442786 1.2044636 2.4571292
perfume -0.10698191 -1.0548192 -0.2277488 -0.81778336 3.433816 -1.9794763 -2.3335478 -0.79668564 -0.29803333 1.8142303 -0.6103031 0.81446546 -0.13840136 2.1455367 -0.42223758 1.0256423 -2.720735 -0.47893566 -0.22447558 -0.7128241 0.2336358 -0.24510355 1.215703 -0.0472703 -0.031672586 0.7318597 1.8983946 1.3764862 -1.5535495 0.011984536 -0.43705246 -1.9354912 0.066246636 -1.5746263 -1.4953073 0.40340716 -0.9184583 -0.41859382 0.47721 -1.7341422 2.535933 -0.6974155 -0.54677725 -0.8460427 -1.5693456 0.82865006 -1.9552187 -1.1218996 -0.98964983 0.76433176 0.89013535 -0.6686787 -1.9593905 -1.1677452 0.52671283 1.0545775 -0.13688542 -1.1063211 0.5358929 0.45324045 1.8474149 -1.3302426 1.214162 0.28225923 0.7193385 2.2933333 -0.58464366 -0.18555099 1.3844137 0.85647964 -0.55493975 -1.4880286 -2.2935596 -0.6835327 -0.19573309 0.026907299 -0.04950411 0.45796666 0.60690796 0.65451014 1.5070359 0.18813819 -1.7216876 -1.9455769 1.0503602 0.36428735 0.41589367 0.12374662 3.1031382 -2.3097696 -1.28512 -2.96987 -0.9783739 0.51734865 -0.734436 -0.2802128 -1.0113976 -1.9180824 0.17906603 -0.11557381 0.2233595 -1.584081 -0.71102226 -1.4170659 0.38916364 -0.75158787 2.077622 0.3237664 -1.5081466 -0.3868174 -0.48371667 -1.1817971 -0.20211278 -0.22752428 0.30547392 2.052293 1.1450694 -0.24489419 0.8686458 -0.3210554 1.9724094 0.76278204 1.080883 0.24212334 0.86446124 2.4160957 -2.0461295 -1.1737928 2.1959317 0.48246288 -1.3033435 1.4909949 0.9598324 -0.80677223 1.9392109 0.9460623 -0.8955638 -1.3594431 -1.9171964 -1.9890037 0.80906427 0.83118135 2.1670568 -1.3235784 -1.3753254 -0.4066562 -0.46856925 0.26204658 -1.8834016 0.17362367 -0.29163408 -1.140707 -1.1036788 -1.7155365 0.24913773 0.82701534 -2.0455637 0.71705955 -0.9928852 -0.24380685 1.1240214 1.2514969 -0.42614406 0.25078592 -0.6738795 1.5377384 0.20606779 -2.063291 0.9346678 -1.0876961 -1.8040003 0.71401304 -0.3869649 -1.3085946 -1.570323 -0.25035417 0.32726786 -0.40074465 1.324731 0.98888445 2.4331393 -0.9999435 1.5215329 0.80188775 0.4864508 0.38733682 -0.63586843 0.041167732 0.32423738 0.67941564 1.1547335 0.69678324 2.4350185 0.5867665 0.9634421 -0.3670241 -1.3078182 -1.4571819 -0.5534511 -0.00061118 0.43553013 1.7640758 -0.56244516 1.7561618 0.36155155 -2.3346224 -1.9569172 -1.4531136 -0.7730096 1.1269778 2.5328565 -2.4983487 -0.7236428 0.80203515 -0.30827907 -1.3627685 -2.4478903 -1.0187057 0.69357157 0.31377432 -1.9991982 0.60976505 0.35692686 -2.2990868 1.1268532 0.5261295 -0.09823603 1.2162719 -0.1913286 -2.4552567 0.5637546 3.9278448 -0.4515135 0.31931674 -1.2946746 -1.0743897 -0.2338473 0.32228735 0.9209289 1.8375483 -1.4171355 0.023375452 -2.3159976 0.86379224 -0.84926945 -0.18559177 -1.8576089 1.1499931 -0.44408318 1.5441465 0.4599549 -2.149648 -0.42277357 -1.4483159 -0.8467904 -1.9229894 0.72358084 1.462628 -2.4026914 0.27780873 -0.78142726 1.6332431 -1.7953199 -0.64430004 -1.3251075 -1.1415361 -1.2946708 -0.13218337 -1.0355949 1.5529195 0.033685282 0.27351493 -1.0141188 0.16841888 1.8367945 -1.5301874 4.3301363 0.2855266 -1.5525393 0.9112256 0.99952585 -1.8494198 -1.7879812 1.6232188 -1.8557673 -1.187798 -0.18937632 0.751449 -0.52260053 -0.16988197 1.2153822 2.599667 1.6748066 1.4238079 -0.6487574 1.0536062 0.69176716 0.017850706 -0.5171959 -1.0396229
coffee 0.20143636 0.4179326 1.888661 0.88759935 -0.71667016 0.069381796 0.31014645 -2.0046158 0.6059213 1.0301033 1.4963608 0.465764 2.382301 -0.14886667 -2.9608114 -0.20299178 -0.022733213 0.43372074 -1.0155818 -0.5563158 -2.3491874 -0.40128142 -0.38169318 2.0350106 0.60228664 -2.1582425 0.1731648 0.2837999 -1.612962 -0.302338 0.18348284 -0.89361566 0.7491375 2.274882 -1.817214 1.5844743 -1.2142029 0.3744514 -0.13060741 2.5823205 1.6693085 -0.39977333 -1.2584217 0.05611707 0.43044773 -0.09643156 -2.3471675 0.66613334 1.4281933 1.7600813 1.6407878 0.35934633 1.7528751 -2.2268784 -1.7343295 -1.4477416 0.38892713 -1.0485592 2.088235 -0.34204555 -1.9322205 0.15676132 -0.5539393 -1.3535696 1.7119133 2.3259363 -0.46006507 -0.31611797 1.4641653 0.3478529 0.43439877 -0.5512898 1.1649227 -0.49426836 -0.71174777 1.0145689 -0.21720599 0.25431913 2.1663413 2.0906594 0.55927 1.2033111 2.2760127 0.81553113 0.028151905 -0.6268567 0.6602679 -0.88536346 0.5474494 -2.423177 -2.0191345 -1.6277618 3.0172613 0.024291985 -0.34646147 -0.81731623 1.5358255 0.09035904 0.6441289 1.4107516 1.7279533 1.5559267 1.8171331 -1.2096978 -0.4833684 2.1741464 0.4783681 -0.1964185 -2.2935293 -0.78952223 -0.53729236 -4.47633 -0.8597929 2.2411973 -0.051274296 -1.3539356 1.9360566 -0.11572728 1.5664943 0.5330309 0.041474525 0.73853505 1.1130346 0.76355 1.1476716 0.77178216 2.5392022 -0.9061472 1.8568196 -0.033051338 0.80053496 -0.80138284 2.2135153 0.8060656 0.68165165 -1.2401357 -1.447129 -1.6453286 0.35654184 -3.063358 -0.43935415 1.785141 -0.51655143 0.96758175 0.97144395 1.7373855 -2.6355305 -0.08965846 -0.016407765 0.43585998 2.0053394 0.7565955 -2.667739 -1.1755041 0.5632922 3.2481296 1.481097 -0.19386666 1.8704898 1.1281078 2.229472 1.8870635 -0.284271 -1.3136568 -2.689761 -0.9861031 -0.387953 1.1337173 0.7507594 -0.49315766 0.9830993 -2.2610056 -0.36376724 1.0912204 2.2798963 -0.13224962 0.008151562 -0.9848926 -0.117493205 1.2090538 -0.8800498 0.78085715 1.5426307 -1.1475817 -0.4695737 -0.043123335 -1.9659649 1.9048495 1.5980809 -0.99664867 0.36083177 -0.037777275 1.2138467 0.74036205 1.9760169 0.4882334 0.67654645 -0.020974029 -1.2764857 -2.9443889 0.40784743 1.9421844 -1.1596792 -0.7856924 0.3579277 -0.4176641 -2.2245362 1.0085586 -1.0472318 2.4634395 0.75614864 2.5021842 1.1157713 -0.86172855 0.14622882 -1.3428155 -0.026353061 -0.39543524 -1.0334365 -0.6312598 0.24738348 0.70958877 0.23442447 -1.8742555 -0.7014668 1.8100977 1.0697957 1.4476056 0.15924127 -1.171332 1.1807371 1.4425757 -0.8478725 0.79264534 -2.7084706 0.22738385 1.3952338 -0.42087066 0.6374974 -1.005772 -1.4389349 0.3260899 -0.745239 -1.1646615 2.0896118 -0.57890373 -2.7035952 2.1499696 -0.6041384 0.06300599 0.250579 -0.32879934 1.3221527 0.46134305 3.319761 -0.45092535 0.27506855 1.0612249 -0.1990905 0.80124336 -0.15740785 -1.3381957 0.65281874 -0.26973307 -1.4902685 2.3736281 0.32730797 -2.0104673 1.545964 -1.0437858 1.3485953 -0.25885597 1.2091212 1.030502 0.28965697 -0.9047517 -0.9908516 0.6081947 0.14106683 -0.37378865 -2.087568 -1.2602752 1.1714774 1.4020642 -0.6460851 0.70115536 -1.220469 0.19541524 1.2444292 -1.0477096 1.5546734 0.5531468 2.0678036 2.2732399 0.5168313 -1.0371844 0.5939298 0.42995512 0.5188318 -0.8498522
rose 0.040157188 0.08294931 0.7223575 2.3973684 -0.82961905 -2.6771536 -0.7283188 -1.6441622 0.28430897 0.5144351 0.63034964 0.5826218 -0.98842305 0.23896496 -1.6447015 -1.1453242 -1.1310836 -2.7701328 -1.0843949 0.64015645 -1.4206091 -2.88315 -0.3267376 0.092397936 -1.9999554 -1.249485 -0.7167221 -0.49211055 -0.7332671 -2.0208316 -0.4309545 0.15247308 1.4014411 -1.8025639 2.178871 1.0392048 -2.2897062 -0.32946786 -0.13987663 -1.4524168 -0.3087542 -0.8471958 -1.3748497 1.8550386 -1.9868212 -0.72999126 -0.69217956 0.049904794 -0.6857038 0.6848067 0.10032009 -0.50151277 -0.5367142 -1.6016626 0.9426097 0.30029008 0.12484761 -0.67860436 1.8513367 0.24274153 -0.3365931 -0.07736588 1.2313964 -0.5669038 3.7044158 0.85702336 -1.3037677 -0.3990773 0.76436937 -0.93752813 0.2700076 0.8387561 1.3814151 -0.8889296 0.5351036 0.29607758 -1.5457274 -1.0000032 1.3399874 -2.0176468 1.6440842 0.010074923 -0.6615023 1.5584471 -1.5618958 1.1360364 0.27103186 -0.41901702 0.53295565 -0.85004437 -0.9476377 1.037611 1.1000453 -0.73465186 -0.20570573 -0.7436439 0.11319658 -1.5153632 0.5074084 -0.49116042 0.9090231 -0.18801615 1.7946723 -0.980586 -2.0288694 0.28526598 1.5495607 1.4668438 -1.0562388 -1.450093 1.3695302 -2.3231778 -0.42598805 1.2048011 -0.7311404 1.0675559 3.5782769 0.2388499 0.3326346 0.0638248 -0.3201045 -0.62044096 2.2444222 0.58342123 0.025561087 1.6520182 0.12986901 -0.7006648 0.91570455 1.1628964 -0.9696402 2.5680559 0.08493358 -0.78782237 2.5748577 1.4872297 -0.33526805 -2.358586 -1.9624475 -1.1890812 -0.09207033 0.6812826 2.7385523 -1.0450772 -0.78658056 2.4637737 -1.3518115 -1.263107 -2.4649734 -1.3259101 1.3880144 0.56610185 -2.814542 -0.3025773 1.6881512 -3.04282 -0.42408758 -2.3516297 -0.69929415 -0.17730191 0.7175248 -0.4172493 -1.3371563 1.4020263 -0.4857731 -0.64090616 -0.37607467 0.29790744 0.08634716 2.1964583 -0.5576026 -1.4095445 -0.87885284 1.9196308 0.11919504 0.010699317 0.26010972 2.332863 -1.1211545 2.0952811 1.0299506 -0.38507426 0.92369133 0.96314174 -1.3752453 0.07043907 -2.303576 0.37110573 -0.5076942 -1.1136769 1.3513842 1.6817572 -0.23088016 1.7055364 -0.1890967 -1.1284074 0.19744454 2.1819303 1.1472089 -0.24778299 0.9300686 1.7908838 -0.80216104 0.9844549 0.48509315 -1.3204453 -2.1922505 0.48006144 0.776238 3.1794019 -1.1957895 -1.876541 -0.6763377 -0.18699816 2.5727868 -1.318008 -0.12575102 -2.0446022 -2.7274559 -1.7048777 1.1802825 1.2244633 -0.19995672 -4.7516875 0.5525013 1.212524 0.98853683 1.2175907 1.0083777 -2.2205968 0.033402216 2.136996 0.23707247 -1.4595286 0.5975896 -1.052098 -0.45237568 -1.6826717 2.1550264 2.6289148 -2.8295789 0.58419913 -2.1638727 2.742404 0.4777025 -3.837778 -0.5312624 -0.2717901 2.3534145 -2.0975204 0.7694733 0.13942923 -0.78184944 -2.6971052 -1.3917125 -4.423986 2.697451 0.7130715 0.03635303 1.6242974 -0.6650442 0.9940002 0.46564358 -1.3001797 -0.9188911 1.8339548 -1.0301769 -2.0605316 3.0030456 -1.1529973 0.11021712 0.6434893 -1.8577566 0.5915633 1.798079 0.08641687 -0.1855042 1.5136864 -0.68899983 0.49939305 0.55899745 -1.4486147 -2.6685634 0.53289616 0.35546735 1.6862222 -0.90768963 1.677962 1.2949736 -0.61127776 0.7901297 1.9837528 -0.48004246 2.0634768 -1.3715048 -0.016423792 0.8971617 1.1544844 2.5175753 -2.396882
blood -0.94342184 1.6102763 0.60319734 -1.343962 -1.0011032 -0.8871063 0.17113866 -0.824525 -1.4246709 -0.27482155 0.6277811 1.5491111 -0.44366586 -0.50028116 0.59925926 -1.2631264 2.945154 0.40684476 1.3003595 -2.0245795 -0.8125984 -1.6303538 -0.18737887 -0.13785493 -2.539733 0.048900094 0.7645335 -0.55606425 -1.1019648 0.7409528 -0.24207436 0.59556603 2.5782127 -2.2290077 -0.22949971 2.653285 -0.02893439 -0.2586237 0.5091794 0.6004443 -1.5452317 -1.0730976 -1.652429 -2.3186896 1.9165179 1.0622678 -0.4840376 1.7525724 -0.90015835 -0.28419432 -1.9120116 -0.4454116 1.9527915 -1.4152573 -0.2730285 2.4188824 1.5583732 1.3305444 -0.54854345 0.14570591 2.9532456 -0.2121575 1.2717695 -0.4578999 1.9134555 0.09904672 -1.9562515 -1.0213182 0.6356949 -0.41270816 -1.6923207 0.96615255 -0.21464148 -1.5475996 -1.0649457 -1.1757922 0.13331753 -1.298744 -0.48230356 0.8446289 0.5085832 0.4038684 -0.4750829 2.0785165 0.44652563 -1.0697792 -1.703638 0.90149915 -1.2135786 4.702898 -0.7669899 0.33683187 4.0632777 -0.48761073 1.3434956 -1.3562629 0.4858041 -1.2073464 -2.221671 -1.4409287 0.09315296 0.58287555 1.3745799 -0.27025688 1.058418 0.90004015 -2.4854317 1.1237848 -1.4715462 -1.4151644 1.9179158 -2.126432 0.66835815 0.7180639 -0.76428246 -2.630902 -0.22926426 -2.847131 0.899545 -1.2517273 -0.6863734 -0.98784053 -0.1912078 0.8141816 -0.90509534 -0.2617887 -0.07263208 -0.005805043 -0.4674327 0.16392492 0.12500298 -2.1596575 -1.092481 -0.15089436 1.8451812 1.6107904 -1.4424766 0.8503483 -3.5707285 0.30634692 -0.41298884 -0.34550464 -0.1576023 -0.17319687 3.7272294 -2.1951113 0.7719698 -2.1437151 -1.0214156 -0.5763188 2.154536 0.38394058 -0.45831394 2.2154787 0.6974537 -0.5536388 -1.6888149 2.483294 1.6932 0.3113878 -0.35249817 0.6686257 -2.5398633 0.27332613 -0.48642606 1.4694334 0.6279072 0.79434854 -0.23122664 -0.0041380157 0.4915205 -1.2393887 0.066564955 0.7871441 0.70728743 -0.2563837 -1.9354585 -2.363272 1.5012174 0.2791639 -0.36996847 1.9634447 0.94803643 0.0047441917 1.5275909 -0.8258934 -0.40908086 0.80319047 -1.2095535 3.459997 1.3770298 3.0527422 -0.60198134 1.4507939 -0.14645776 -0.18368694 -1.885131 0.8671025 1.8791571 -1.2990929 0.9247551 -2.2050865 -2.0148942 0.08783838 -0.15767747 2.361954 0.11372625 1.0228865 2.368282 0.1494129 -2.692489 2.325497 -0.9260206 -1.6717179 2.5959616 -3.1785557 -1.0357492 0.95665663 0.979446 -0.3935306 -1.4642392 2.2768674 -0.3605341 -0.018124696 -1.3929082 -3.2160494 -0.55684304 2.2861824 -1.2416695 -1.2994043 -1.6338644 0.1729983 -1.2175022 0.07857138 -2.6123703 -0.6948002 -0.90703243 -1.577126 -1.2069248 -2.384332 -2.1089332 -0.11427453 1.1117703 0.075231686 2.112537 -0.13666332 2.4113574 -1.434963 -1.6688122 -0.31524622 3.2226295 -1.8728176 -0.29002276 0.42463338 0.19605899 -0.59459776 -0.9339439 0.740739 2.924833 -2.1414099 -1.5758005 -1.0536203 -0.84374833 0.87752914 -0.706112 0.4430145 -2.1692848 0.20548674 -0.11089462 -1.7245325 1.1236525 0.020750275 -1.8505957 -0.35333174 -2.0794966 -0.46668598 -2.6644368 1.6270397 -1.0897831 2.4561453 0.48808524 -0.49958304 -0.6396283 -0.78488755 1.1766032 2.8026245 0.8612439 1.0798945 0.8933452 1.6836113 -0.68296844 -1.0458643 -0.25782692 -2.209953 -1.5215775 -0.010219227 -1.240688 -2.622315 3.790976 0.32714102
wine -0.8258509 -0.94325376 -0.4307562 1.4112676 3.2948577 -0.3015246 -0.8130712 -2.4489884 -0.608613 -0.36181864 -1.4309273 0.18556695 0.5649432 0.055857603 -1.1418735 -1.6845704 0.36819258 2.5154703 -2.2971387 -0.565002 0.42707276 -1.0485443 2.167147 1.4867475 1.2363625 0.42906234 -1.2135237 0.6538033 1.3593158 -0.9837442 -0.59305876 0.5155595 0.8147868 0.33488625 -0.37686533 0.9606287 2.4499834 0.28906554 2.110378 -2.4530966 0.77304363 1.9281449 -1.2746891 -1.2643802 -0.7370823 -0.08642756 -0.9839504 1.0600543 -0.30669633 1.2522118 2.1439013 0.030251449 1.5217931 -2.631756 -0.5620414 -0.37188396 1.4657878 0.28188908 1.0645413 -1.161979 -2.0839338 0.8029071 1.7931195 -1.8084706 1.3789723 1.1017963 -1.424741 0.48256546 0.9745941 -0.57190883 0.7467008 -0.22685865 -0.57748777 -0.18546084 -2.0019288 -0.20038114 -1.263293 0.78288597 -0.028505858 1.7892107 -0.3639043 0.24022786 0.23326708 2.3626838 -0.19739339 -0.16232039 0.95468485 -0.11911508 3.930145 -3.0885694 -1.0960977 -1.8267293 0.71379536 2.8740604 -0.089443624 1.3474026 0.6391906 1.3060963 -1.590662 1.2371209 1.2926825 0.5742271 -1.9943551 -1.7185045 -2.430746 0.22891867 1.1699854 0.600481 -1.4757615 1.6378211 -0.6831795 -3.8205056 -2.219109 1.6470143 1.1499249 0.12568493 1.5746621 -2.600898 1.2850108 -1.8189852 1.5377682 0.56042004 0.6387299 -1.112956 -0.04849459 1.5753725 0.065497346 -2.294628 2.108991 -2.080861 0.0104544945 -0.5239115 -0.44540715 -0.40590364 0.53853333 -0.8651799 1.1898187 -1.4058962 0.4824394 -0.81774324 -1.2976168 0.16732065 0.6084853 1.8468009 -1.25969 -0.31443286 0.6720977 0.13253969 1.418561 1.0248348 -2.2034707 -0.61704415 -2.149193 0.32713196 1.2216666 0.08285142 -0.7404526 -1.6141983 0.4867011 -0.13530493 1.3556932 2.154362 0.17988169 0.24229456 -1.2421474 1.2658021 -0.7179276 -0.765343 -1.0204664 -0.4773395 -1.0683066 -1.1024637 3.2194173 -1.0706823 0.26471767 -2.4255009 1.3894007 -0.80450016 2.1164937 -1.339295 -1.054419 0.6684296 0.6377746 -2.4003496 2.1182895 2.4542916 -0.9049981 0.77378285 -1.1566284 -0.20142302 0.31217834 0.16309628 2.22418 1.7085044 -0.10748367 0.06960739 0.331952 1.1790972 0.12275067 1.3163493 -2.182327 1.4523305 -0.23563662 -2.7030466 -2.1016848 -1.1111833 3.0964885 -2.2502897 -1.9344922 0.260528 1.4797318 0.005731399 -0.37855205 0.71489704 0.502725 -1.9159037 -2.6376805 -1.5324246 -0.2582402 -0.67556024 0.44740507 0.172644 0.49455023 -2.077939 -0.2102136 -0.19896919 -0.6533812 2.664209 0.9307469 0.033127915 0.45408574 -0.5921378 -0.72628 0.6729848 -1.3740181 1.825447 1.7628617 -0.21982986 -1.2848065 1.5079254 -0.6277812 1.4622656 -1.8965294 -1.1039413 1.0710613 0.12708344 -3.1592712 -0.247334 0.11245435 -0.14919092 0.13387306 0.2916633 2.9344773 -0.9805767 0.31704727 0.3141863 1.1179123 -0.52995807 -0.47434893 2.687244 1.4682846 -1.8005288 1.1374999 -0.23283237 0.38291013 3.1848042 -1.4647138 -0.6410609 1.5257 -3.0743208 1.7277877 -1.2648131 0.8068283 0.5114134 2.1172721 -1.2722635 0.49405783 0.095262915 0.44042727 -1.0066537 0.3771534 -0.9701831 -1.4551278 -1.4336034 1.4170041 -0.70259124 -0.650601 0.19493344 1.6888757 -0.40011638 1.6652976 -1.379598 1.0067898 0.43303463 -1.424539 0.6225867 0.35421604 0.95805913 0.13338363 -1.7540777
fish 1.0841715 -0.029716143 -1.4662321 -0.75248116 -0.1057444 -1.1433057 -0.41438106 -0.36489123 1.6782838 0.98558885 1.7756529 -0.74353325 1.0090145 -0.5989735 -0.07246433 1.8039678 1.176714 -0.79788494 0.46555892 0.51344395 -1.180448 -0.3742175 -0.16036835 1.9179739 1.7650973 -0.34974366 0.044236045 0.96301967 -0.06593349 -1.6363344 1.8947545 0.5333792 2.6216702 -0.28752565 -1.0517453 0.76212054 0.95934635 1.1498747 0.10364936 -1.4926606 -0.84853685 0.09409479 3.241764 -4.708252 2.4490206 0.8514762 -0.512112 2.4729881 -1.043306 0.50257415 -0.103421606 1.7320532 -0.48691934 -1.2598575 -0.38932952 1.8866414 2.0936217 0.9572752 1.1365807 0.66414356 0.71948975 -0.09609185 0.19942613 -0.4143892 -0.81131756 2.3256118 -1.7028117 0.097317696 1.8557038 -0.88488054 -1.0017153 1.6477039 0.8576639 -0.032641172 -0.6129625 1.5535343 -1.8296456 0.107535556 -0.7118841 -2.6182222 -0.22744974 0.21462432 -0.9364149 0.74860203 -2.3687973 -1.4467481 -0.8026739 -2.438101 -1.0676266 1.2436141 0.54620576 -0.18330404 -0.52066344 1.5410298 1.1975205 0.748588 1.8511604 -2.7292445 0.3205574 -0.6332252 -0.15253615 1.4603585 -0.13901725 1.2466933 -0.27770564 -0.17808336 -1.8656431 2.7771044 -1.0958573 -1.20987 1.023398 -1.4021684 -1.4396211 -2.329377 1.3031577 -1.9484274 1.6287988e-05 -0.8279085 -0.33385476 0.33276203 -0.27704144 1.0631164 -0.92087495 1.6840154 0.004280948 0.9218738 -1.4825653 -1.5993514 -0.27166507 -0.21266218 0.52279776 0.16006193 1.0130669 0.7255847 1.1836233 0.3672078 -0.5472189 0.04948202 -1.5543 -0.08399481 0.50383776 -1.9261767 1.0477555 -1.650818 0.073352166 -1.578896 -0.9845315 1.0664976 1.8421586 1.251971 -0.36135164 0.96431077 2.0764356 0.13658156 2.3738267 0.95862824 0.25834942 -0.25914925 -0.12989028 0.5535289 0.5824919 0.4377871 -0.98850673 -1.0204633 -0.6101413 2.7598457 0.33963245 -1.459012 0.19607717 1.2423075 0.71472913 -1.9032147 2.2013416 1.5979294 -1.2623456 -0.2001952 -1.3564341 -1.3177242 0.6287178 0.7128362 -1.4267304 0.6810311 -0.60526776 0.9829254 -0.018366592 -0.3521021 -0.8787117 0.52838665 -0.31616807 -1.9542238 -0.76754457 -1.4952972 0.46401966 -1.0784335 -0.49632645 0.56871706 0.3554539 0.025017139 0.7718382 -0.13773505 0.65161973 1.7434324 -0.90850765 -0.6788595 0.2380177 1.4889966 1.922725 -0.3044109 -0.45528254 -2.2510748 1.0137582 1.5688223 0.9222381 -0.038908888 0.4810773 1.6785971 -0.32258192 -1.3916601 0.26957357 -0.9408611 0.019391317 0.34339124 0.079371326 -0.81595665 0.7976607 -1.0509099 -1.8596168 -0.6228875 0.87329984 -1.3602382 2.2895176 -0.72840583 0.37723792 -1.373921 -0.27075446 -0.9860653 -1.6069162 -0.50904536 0.14238353 1.4266971 -1.6899754 -1.1987896 0.6880028 -1.765014 1.8537637 -0.49776584 -1.4009845 0.6413674 0.7213782 -0.54449934 0.84363097 0.8795372 0.34885862 -0.09707053 0.56730634 -1.2948612 -2.2432697 -1.573538 0.11925906 0.03313356 0.7412015 -4.300576 1.9801741 -0.38276538 -0.5800057 -0.1804272 1.4599618 -2.1992729 0.3884487 1.7713684 2.2227027 -1.0972636 -0.92109495 2.2925537 -1.8475537 -3.0674832 0.6289422 1.4332587 -0.72194713 0.098744534 -1.422652 -0.9731902 0.83031315 0.5516668 0.44192362 -0.037866946 0.24113947 -0.7465735 -1.5260506 1.5514922 -1.1650933 -1.537074 -1.0754195 -1.8791229 0.36569113 -0.10396933 -0.46122134 -0.87153286 0.015104017 0.062213857
animal 3.5603592 -0.23765421 0.61085945 -2.5657332 -0.808189 0.99528575 0.28684923 -1.5923349 1.4035834 0.014609139 1.867124 -0.33831722 -0.87645185 1.922262 0.529583 -0.66522664 0.86837566 1.3444318 2.3840802 1.718179 0.20017272 -0.08331936 -1.020595 1.9263027 0.68231356 0.49956834 2.2326324 -0.3084075 0.9063791 1.615973 -0.27672383 -0.48573673 1.7949554 -0.3920165 0.7786843 0.7233208 0.10157651 -0.4605562 0.10407252 0.54570544 -0.16922985 -0.8164485 0.40140516 -2.7273 -0.66752076 -0.92579204 -1.8122938 1.7000936 -0.5978211 -0.07087932 -2.6932309 2.303049 1.351298 -0.10522792 -0.4784413 1.5003027 1.1775725 2.1937976 0.2920323 -0.47911045 0.791935 -1.0155455 0.6259741 -0.872408 1.0666497 0.9538623 1.5070404 -4.2434006 -0.10774634 0.5804323 1.9716127 1.0596148 1.9053142 1.1889132 0.47941053 0.57406414 0.26813835 -2.0126934 -2.2323425 -1.4413111 0.71051484 1.551027 -1.3477644 -0.065019846 -0.8405816 -0.55101556 -1.1341125 1.541543 0.2515051 2.7103379 3.1522408 2.6699421 -0.25800997 2.3805008 -1.698812 -1.2402323 1.0372523 -0.6972474 -0.18038708 -0.35133407 0.6389747 0.45711702 0.6764508 0.113129385 0.6596165 -0.18823275 -1.412559 0.40032429 0.39347896 1.3552163 3.6022696 -0.06484663 -1.7116146 -0.7426749 -0.6693378 -0.5668399 2.5352485 -0.12135225 1.0775356 0.6727279 -1.7048458 1.3227471 0.64963615 1.1093698 -0.53684974 0.89273435 -1.1420327 -2.129012 -0.38021716 1.8367301 0.655137 -1.183232 -2.6478932 0.6456036 -0.25200048 -1.2787797 -0.20334956 -0.6248135 -2.789677 -0.5550833 1.3076166 -0.123506434 -0.71071243 -0.79634607 0.28205156 -1.795721 0.535482 0.5696188 2.313741 -0.8499685 -0.9933892 2.3558977 1.0044471 -0.43757662 1.7439015 0.4865175 -2.7202523 0.5010564 0.09186181 1.1261969 1.1766424 -0.26398286 0.6502425 0.5613117 0.07834577 1.7870909 2.3677895 0.63303196 -3.250155 2.3724823 -0.83987266 -0.79033655 0.33651876 -0.36090928 -0.45399606 -2.3392544 -1.4897671 -0.6325571 0.75585437 0.37063822 -0.007669218 -1.1911883 -2.5746322 0.060896244 0.06743586 0.007236768 -0.29128158 0.63416785 -0.76547015 -0.5354146 -1.6966945 1.8491846 -0.0051290835 0.43079326 -0.12528011 1.2232872 0.92355883 -0.3194195 -0.14882508 1.6710134 0.48609108 1.2322886 -0.78550905 -0.0062510343 -0.95095587 0.91164607 1.2702318 -1.9579729 -2.4755654 1.6982807 0.627769 0.30915284 0.4042482 -0.54974186 1.7737572 0.5278547 1.303519 0.06409339 0.7727473 1.7831982 -2.6969912 -0.60586554 0.13680112 1.8970844 -0.005681301 0.37347725 -0.7539887 -0.8212323 0.021253668 0.19149858 0.3397214 -0.2169186 -0.54451257 -1.8295038 -0.97374296 -1.6892338 -0.44955626 -0.8836335 -0.8099034 -0.47241566 0.2008075 0.9401717 2.150443 -1.0749316 1.554791 -1.7285384 1.7612435 0.20307828 -0.20607315 0.67987996 -2.6812 -0.0044538183 1.8323281 -0.047254328 0.021108672 -0.66526467 -0.34511256 -2.5088224 -0.29909706 0.04399366 0.3418577 -0.63220924 0.61895883 -0.6722098 0.365135 0.20614398 0.08951847 -2.9961288 0.54430264 0.80169916 -0.28969952 -0.2363668 -0.8299256 0.7633364 -0.63520485 -0.28741777 0.9207252 1.4385492 0.38406888 1.9420216 0.7294414 -1.6406833 0.22785796 1.4693176 -1.0416182 0.01326991 1.4877516 1.5468619 -0.73252034 1.0194619 -0.3937605 -0.7562073 -0.003827401 -3.6836214 0.33704674 -1.4066175 -0.32844374 0.9844434 -1.5090803 1.5655833
urine -1.5372949 -1.5014851 -1.2233726 -0.015886722 2.5999193 -0.5048785 0.44358912 -0.6244668 -1.1638707 0.26744413 1.1491005 0.42866132 -0.07363794 -2.690562 0.6807065 -1.8389598 1.7730452 1.0745876 2.4897652 -0.35388318 -1.4673545 -1.1487738 -1.0204684 1.5093143 -2.4029229 -2.1302636 -0.4960804 -0.8341602 0.54103994 -2.1364312 3.3415954 -0.36799398 1.3152788 -0.42352268 -0.9100441 0.3361119 0.5203986 -0.44486657 1.2319065 -0.6624807 0.3171044 -1.0467194 -0.40031698 -0.9668026 1.6046096 1.2341969 -0.7348622 1.3423351 -0.9219266 0.20912364 -0.37394246 0.29490286 1.1373564 0.6923658 0.5163781 -0.88236076 0.8686729 0.8622113 0.39670002 2.1993783 0.11789636 -2.2391365 0.46212217 -0.27176702 1.6038314 0.82102585 -0.3396425 -1.2152629 1.2034161 0.55776185 -2.3529954 -0.696042 0.81932867 -1.2169037 -0.54177064 -1.4703697 0.42227915 1.9554653 -0.33493748 -0.4008871 0.83529294 -0.6294144 1.0740739 -1.4639453 1.6352946 -1.4318448 -1.5229129 0.58200556 -1.0884778 2.353172 0.6259799 2.6174378 0.18810125 -0.24780239 1.767661 -1.8288904 -1.411678 -2.3908026 -1.2866373 0.9922098 1.5947244 2.2847183 -1.9704955 -1.8781707 0.26340967 -2.7076452 0.008130854 1.0451723 1.2461753 -1.9982331 2.1911318 1.5511123 -1.3311502 0.562594 -2.1991076 -2.051542 0.42542496 -0.84975505 2.539825 1.1525403 -1.1368138 1.3139168 0.2519108 0.25092086 0.26325846 1.2368277 -0.8935497 1.1866233 -1.1314135 -1.0704195 -0.7383752 0.51646847 1.5350295 -1.8167787 0.07043897 -0.09884535 -0.59858066 -3.1519766 0.46736744 0.50087017 -1.6727753 -0.5362273 0.19729929 -0.4716645 3.0011866 -1.7572905 1.3897548 -1.5544369 0.7357751 2.365496 -1.9498136 1.799029 -0.06831202 0.5783665 2.3313787 -0.30040842 0.6725205 -1.7404739 1.3637908 0.14026707 1.9527966 0.5912982 -1.3435756 -0.81428474 -0.42506507 4.0968714 0.30271584 1.2938757 0.06988237 -0.16502386 -1.0952444 2.4306707 0.24485733 1.2313257 -0.14685093 -0.39935687 -0.6066607 -2.2785578 1.433776 0.6043224 1.6411743 1.2612035 1.1018975 0.055231214 0.9630422 -0.37553704 -3.3367174 1.714661 -1.586033 3.369474 0.28941926 0.60893434 2.0437307 1.0242321 1.6428593 1.1746411 0.8549203 -3.0708122 1.2666848 -1.4313128 4.018129 -0.78558064 -1.976082 0.35583642 0.9413758 2.445061 0.7689825 -0.22653167 -0.48136124 0.9019626 0.64064366 0.38561058 0.6982541 0.5172068 2.0345006 0.69363755 0.7548792 1.1711622 4.1088758 -0.10822806 -2.819723 1.3430059 -1.1298949 3.1219978 1.0568874 -2.458183 -0.9149103 0.8105961 0.13731898 -0.6635872 -0.26504678 0.14219199 -0.16610916 -0.93762547 -1.8990728 -1.5811217 -1.6593183 -0.025777921 -1.4383773 -3.3851984 -1.5458401 0.50809467 1.7732719 0.9271012 3.44843 -2.2747204 0.8914505 -2.0117505 0.36759 0.8662838 0.48429352 0.75511086 -0.755901 -1.2666748 -0.78908914 -0.13770936 0.84723365 -2.5528395 -0.7955314 0.3342952 0.4376386 1.1375444 -1.1937796 -0.86833465 0.53407353 1.106374 1.3918995 -0.3161271 -0.8045832 0.10869602 -0.5987141 -1.9555781 -1.2041054 1.5495089 -1.4267714 -0.14621453 1.9339617 1.6747022 0.28626263 1.7083025 0.57509935 0.7714903 2.8137124 2.376682 -1.0332294 -1.4712225 0.10190639 -0.19726104 -0.3286656 0.32292873 0.67545843 -0.29680595 -0.7515851 -2.4033692 -1.1768764 -0.3398858 1.3552074 -2.0361862 1.0154573 0.48654994
beer 0.57983273 0.6383352 0.08084842 -0.27470458 2.6188335 -0.35986525 0.8377959 -1.1965548 -0.15472947 -0.87538576 -0.052294467 0.6907195 -0.23158012 0.739957 -2.23327 -0.40065432 2.0891936 1.2077494 -3.3856843 -1.1429527 0.25951475 -2.6086233 0.4326484 0.34993005 1.5281681 -0.5501042 -0.16341345 -0.3420487 0.98868895 -0.11749129 0.412546 -1.2522613 0.5702769 1.2451879 -1.7139808 2.7365131 2.0043902 0.6230061 0.049653977 -0.89788353 -0.4882446 0.7651628 0.8505483 -1.0621858 -0.41352436 -2.129222 -1.5891546 -0.09598711 -1.201471 1.6192608 1.5688987 0.10879452 1.2146013 -0.70673394 -0.61603194 0.29556024 0.5723172 1.3246888 0.09433561 -0.46643585 -2.622056 1.472487 0.0007407279 -1.3729932 0.5104314 0.8404494 0.16186918 -1.2400421 0.5306822 0.2821364 -2.3769765 -0.51392996 -1.0522803 -0.7252147 -1.7904252 -0.25372347 -1.3372645 0.2444529 -0.2667258 -0.23691382 -1.7293898 0.032460004 1.3389766 2.8841155 -0.10975707 -1.2827804 0.38362485 0.27761188 1.1979282 -2.7382638 -0.553579 -0.76401573 0.4322566 1.6783094 3.1491306 0.5236511 0.79643875 0.10448981 -1.669616 0.5629908 1.0312343 -0.011023006 -1.613831 0.43085667 -1.395793 2.6221611 1.6961378 -0.506063 -1.6616517 1.6240273 -2.5501053 -3.629738 0.091015145 -0.3658115 0.14673452 -1.6293426 0.16651517 -0.9236151 2.9691157 -1.2949634 -0.033553667 0.60773957 0.27170134 -1.9917482 0.11932744 0.3832885 1.4690568 0.09175026 1.7219919 -0.42540693 -1.7603474 -0.64272267 0.6894356 0.35879996 0.6617324 -0.54678714 -0.5225846 -1.3352634 0.026782993 0.1905116 -2.2819402 0.5839042 2.0708683 1.2085257 0.03829689 1.8443162 0.16555062 0.3147518 -0.05005562 2.157747 -1.1227206 -0.110174656 -1.008963 -1.0304933 0.91914815 1.2076331 0.83434033 -1.2239835 1.4275346 1.1190319 1.7401261 0.33566216 -0.4037357 -2.775218 -0.93902844 1.8858899 1.2578135 2.1359608 1.8443853 -1.5625317 -0.97776145 -2.0816584 2.0957148 -2.2301354 -0.75900054 0.92435163 1.217614 -0.37478173 0.47812095 -0.3655593 -1.1361245 -0.2188449 0.8536623 -1.606285 0.34855503 1.1576678 -0.089632906 2.9322703 -1.095795 1.464983 0.8669886 0.9771953 3.5924375 -0.0003523437 1.9962852 0.6022761 -1.0226607 0.44199163 -1.512975 -2.805332 0.7170086 1.4276034 0.06503406 -2.028794 0.4552054 -0.96081316 0.536708 -3.109024 -2.3609722 -1.5802491 0.3410687 0.87326163 -0.54086995 -1.3753281 0.65150905 -1.7655709 -1.0202705 0.65628004 2.039042 -0.8631796 1.1474794 -0.29306653 0.109644584 0.66493845 -1.3052845 -1.5047166 -0.08001999 1.8575013 0.262897 -0.65507275 2.5388227 1.0423701 0.15011893 0.6547337 -1.8526148 0.8242639 2.0625632 1.3116168 -2.857071 -0.07865946 -1.0736614 1.20185 0.022024795 -0.69750017 0.8651538 -0.76233804 -1.277984 -0.95403403 0.12180785 -0.2968852 -0.24338207 -2.1644588 1.5412712 0.39675966 0.0068647503 1.4382669 -0.6944085 -0.46704236 -0.07688055 -0.83173835 0.73920953 -0.3771088 0.52283204 -1.6711543 -2.571788 2.0431404 0.4171018 -0.95024943 0.7863089 -0.83943987 0.82759815 -1.7766705 0.80954456 0.6303841 1.2082206 -1.5190752 0.69168645 0.76020265 1.5679598 -0.1723495 -0.6358239 -1.6895677 0.3533066 0.12627676 -0.87889224 -1.9355807 0.49103987 -0.69453907 -0.31736508 0.6599307 -0.59122735 -0.6135025 1.2745693 -0.56321687 -0.8600269 0.22284664 0.7954963 -0.5314224 0.9349723 -2.0914226
tea -2.0564587 -0.95142895 1.914082 0.64150083 1.4142035 -2.9811816 0.49619183 -2.1731162 1.6562852 -0.94617075 0.5726583 -0.20802292 3.833683 0.7310053 -2.7292564 -0.6058984 -0.3522592 -0.8143395 -1.8867283 0.48032957 -0.9506845 -2.1087086 0.22259969 0.124202095 -0.100229144 0.33516294 -0.8272149 1.4863094 0.3946887 0.1834897 0.44526082 -0.6121555 -0.0075994115 1.3079556 1.9833643 0.87810034 -0.30888215 -0.747066 0.5591329 1.3698919 2.5465586 0.28590548 -1.2284414 1.0782335 0.8702862 -0.06642556 -2.4230092 0.11271857 -0.20386921 -1.0059674 1.6314387 0.7720244 0.89022654 -2.5812426 -2.885447 -0.17883012 -2.1617274 0.4317095 2.2566297 0.8708377 -1.4206021 2.3257558 -1.0377103 -0.3579212 1.1890907 1.5416143 -2.023241 1.264441 -0.54365665 -0.9032204 -1.1875341 -0.10515085 -0.016138807 -0.23359603 -0.2157697 0.7747764 1.1527966 -0.6015397 1.6887552 -1.271213 0.92922604 3.0950031 1.0598077 0.16538212 -0.7196785 0.31782192 1.1832259 0.20585631 0.99298495 -0.41231558 -1.3171166 -0.90375745 2.697606 1.7631422 0.23815855 -0.078893974 1.2611356 -1.617972 2.1408887 2.2020383 -0.21059008 2.382879 -1.6725695 -1.6111996 -0.6244325 2.0057783 1.0977626 -0.32019424 -1.0580056 1.1562308 0.6828348 -3.3439937 -1.2035404 2.180353 2.206502 -1.238867 0.79651016 0.13518104 1.9985893 1.0262785 -1.275174 0.053688567 1.8092587 -0.87721354 -2.6040273 2.0246518 3.0352361 1.2773979 1.3535177 -1.222709 -0.13077031 -0.121862605 0.25344273 0.7772034 -0.7640005 0.71922934 -2.406549 -1.6514733 -0.8868957 -1.98868 -1.917551 0.31528527 -0.091828376 0.15126942 0.6431662 -0.8558701 -1.5840718 -0.077597946 0.5385603 0.39276335 -0.97581434 0.5083435 -1.5958353 0.9711358 1.6625724 -0.21531735 1.5056664 -0.7848221 0.6834027 1.2351801 2.616205 2.4691458 -0.7589998 0.24836518 -1.4988897 -0.3518034 -0.06262884 -0.85754925 2.343488 0.3770904 -0.9862905 -1.864007 -0.8718243 0.5049656 0.64819664 1.0622894 0.6991141 1.0106322 -1.1317686 1.381696 0.47753274 -1.2856711 1.2432338 -0.57221985 -2.0286758 -0.09738905 -2.3600771 1.6792945 -0.97739315 0.8346551 -1.4495261 -0.51175296 0.27333826 -0.9069655 -1.3313279 -0.28353083 -0.071205854 0.5491898 0.34176898 1.1753404 -1.341629 0.73526406 1.2790871 0.5539855 -2.3702064 -0.90015006 -1.2425305 2.0011177 -3.0747626 1.190231 -0.15159447 1.1081342 -1.1128322 -2.4677892 0.4194919 -0.8844824 0.23446298 -1.3260008 -0.91452765 -1.2598658 -0.53430974 2.3621242 -0.10779249 -3.5615542 -1.2728559 -1.1728904 1.1905755 1.6780751 1.1560563 0.15192652 2.8631864 2.136541 -2.0578096 -1.1973411 -0.27058765 1.3489332 2.4042833 -0.31673554 -0.64213 0.8889206 -1.6118518 0.9677244 -2.4716275 0.9078467 -0.038318194 -1.0327622 -3.1741164 2.134446 -1.1351788 -0.90149033 -0.7239112 -0.14381775 0.6353695 -0.8939669 0.444918 1.0744666 -0.15570799 0.33093196 -0.17477791 -0.5168923 1.4156512 -1.7412122 0.88709235 1.409033 -1.5273681 0.62202066 -0.26993582 2.297292 2.2049124 -0.40736398 -0.46997198 0.2305249 -1.174026 0.57990223 1.3751541 -0.55063194 1.5970242 -2.3333557 -0.26549083 0.6273034 -0.32979375 0.4671388 0.7154931 1.96771 0.0940088 -2.5597737 0.84965366 1.350741 -0.7655553 -1.2096761 0.53443396 0.10970207 2.5014522 2.055367 0.3056938 -2.2426696 0.15329105 -0.12382624 1.5546423 0.43981788
citrus 0.5126267 1.5417295 0.361661 -0.65520257 2.4709468 -2.0003917 -0.55166644 -0.98724663 1.3062052 0.96530515 -0.3623479 -1.5792487 0.64503413 1.7716635 1.4301594 -0.17751503 -1.8091937 -1.7563256 -0.71929336 0.03818656 -1.3936677 -2.146086 -0.54668415 1.1672453 -1.4498525 0.26300508 0.75294745 0.6240925 -1.0968423 0.05354098 1.1831194 -0.17924127 -0.6388673 0.34173557 -2.1217582 0.041267008 1.6375415 -2.259489 -1.2262971 -1.0411631 1.901735 1.376964 -1.3015957 0.09149148 -0.5574771 -0.9815731 0.33109912 -0.69802016 0.6861117 1.2480425 2.1864982 0.45065084 -0.42233536 -0.036412958 0.99697834 -0.047697812 -2.2185977 1.6785518 0.9207052 1.0379739 -1.042017 0.64509493 0.7030299 -0.24842958 1.141569 1.4513931 -0.19251654 -1.4777521 0.32814476 0.8795005 -0.73009795 0.99156344 0.042285845 1.5019904 -0.16887689 0.9521515 0.619971 1.7578237 -0.8552981 -1.6486052 1.7578355 0.54720014 0.42533416 2.0444376 -1.6036577 -0.2011809 0.017361054 -0.39387873 2.5327497 -0.09482838 -2.1711423 -2.3293216 -0.077653505 2.8621378 0.14129119 -0.8280281 -1.6394666 0.34064507 0.1790254 -0.07595876 -0.034069512 0.2002952 -1.1103159 0.7621721 -2.5185165 -1.0734562 1.3232306 1.2847543 0.9696565 0.89529717 0.4891354 -2.031234 -1.2368761 1.5532776 -1.7744485 1.8874347 2.8426673 -0.078874096 0.78579015 0.90827024 -0.49519604 1.1023203 1.3234472 -1.9298959 -1.234253 2.2467082 1.6875697 1.8438609 -0.54310304 0.6348456 0.7768408 0.6255319 1.5786967 0.6595146 1.5173461 -0.7206472 -1.5799376 -2.2617803 -1.0959622 -2.3522742 0.5870706 -1.9483293 -0.933995 -1.2068837 -0.6738291 1.3239293 0.12445624 1.3427058 -0.07347809 1.5514618 1.0539991 -1.6301728 -0.6331749 2.8108234 0.70421004 0.15656208 0.17584355 -0.27895617 -1.2803897 1.3518295 3.0699432 0.02560864 0.1980209 0.90235335 -1.0508248 1.3104652 1.6664922 -0.013349227 -0.1601722 -2.0213573 -0.71749 -2.1573377 0.98009485 0.332793 0.39558724 1.5430225 -0.61177975 0.37515113 -0.9543824 1.1061231 -1.6510245 -0.9183755 2.2613857 -0.12482689 -0.9727991 1.8137978 -0.2887621 1.1971962 -0.5481533 1.3272699 0.9795887 0.3817277 -2.0696669 1.0673758 0.07820421 -0.9723759 1.0946214 -0.6375186 -1.9576668 1.8180099 -1.093725 1.4668175 -0.46523976 0.65581846 0.5849665 -1.3901296 0.47582284 0.06467012 -1.345813 -0.21894415 0.75852287 -0.473035 -1.6219959 0.28080449 -0.41481566 -2.2190664 0.606107 0.50602525 0.20738475 -1.8110129 1.9837464 0.027078018 0.8808902 -3.664575 -0.5973004 -0.12597868 0.35674688 2.2348168 2.6786487 0.73246926 0.28972015 1.6571507 0.67202115 1.520042 0.6368834 0.14358519 1.234249 -0.4812174 -0.9490241 -0.20061782 0.27968377 1.1421785 -1.5658088 -0.66119117 -0.98747635 -1.0419829 -1.1671182 -2.1931016 0.38276753 0.14982912 1.9984428 0.09487878 -0.4005538 -1.9207511 -0.8051248 -1.3121588 1.8655255 -0.6186445 1.4141688 0.87940294 2.6110866 -0.93837416 2.011912 -1.6136487 0.18730116 1.0822322 0.6508476 -0.13205017 1.3333409 -0.8095851 1.0219522 0.23015717 -1.2876052 -0.75534374 0.16786805 0.2636931 0.23410451 -1.5663203 0.7709984 2.945923 -0.07109283 1.1949476 -1.1254232 0.08539346 -0.0062360205 -0.97950405 -0.77862644 0.32140234 -0.117765665 -2.1352959 1.1233304 -4.5491 -0.78904337 1.2693766 1.3098722 -0.8094242 1.1027901 0.40420726 -0.112373814 -0.9990595
lavender -1.7222862 0.49268547 -1.2460246 2.1694598 2.0374603 -1.9504504 -0.09534734 -3.6499913 0.3719559 0.6138551 0.041317962 -1.2666007 1.6023997 1.6553739 -0.84423184 2.4359694 -1.9611061 -1.7550483 -0.30601972 -0.037984263 -0.7275609 0.49419338 0.16986962 0.88733774 -0.753631 -1.5235348 0.36528763 1.7460995 -2.0327737 1.3433554 -0.19571748 0.07820943 -0.9692492 -2.6062686 -0.5633777 0.367158 -0.7234984 -1.96134 -1.4854178 0.13531269 1.6534002 1.6639469 1.0147246 0.1245478 -0.42181674 -0.044437442 0.32557547 0.06154904 0.33333272 1.3157771 1.1623433 -0.43320763 -0.385639 0.29477158 0.34036914 1.76716 -1.2460963 1.1883229 0.77841014 -1.727122 -0.06021382 -0.0052444823 -0.10370821 0.64398515 2.1957867 -0.0019241848 0.6072285 -1.380902 0.46186045 -0.9779129 -3.137802 0.4355512 0.9647416 0.3909189 0.0059049907 1.8579248 1.0447468 -0.5199995 -1.3397214 -2.0410097 1.0255475 -0.4005972 -0.05828386 1.409791 -0.887667 -0.5549465 0.89826 1.0291946 -0.120072454 -0.35935205 -1.1787537 -0.8440132 -0.004644186 0.7815989 0.013489994 -1.881088 -1.1374549 -1.7251353 1.6569273 0.87779266 -0.8674989 1.6042235 -1.2383162 -0.74621654 -1.0462826 -1.9582205 0.53672767 -0.6885657 -1.2044435 0.22046699 1.1474077 -2.7315123 -1.4574873 1.7683059 -0.6803858 2.347558 4.080051 -0.10777304 1.5505711 -0.559041 -0.16004328 0.15385428 1.5150021 -0.7479312 -2.6447113 -0.054618955 1.5562847 1.2361951 -0.39194182 1.249093 0.51014245 1.8300549 1.568425 -0.3026076 0.04420091 0.40945548 -1.6804978 -0.5851421 -2.9275074 -0.4721459 -0.7861213 -0.51408017 0.53139824 -0.5819802 -0.5955796 1.2441711 -1.2169037 0.92978925 -2.936109 0.018417463 0.7593691 0.66866773 -0.5515277 1.7352896 1.3913591 -1.0987945 0.78735495 -2.2901158 0.20880759 0.916604 4.117278 1.732695 0.48704496 2.0141525 -2.4786665 0.43473276 1.207996 0.97341746 -0.4158793 -1.6332215 -0.05628327 0.24264634 -0.7740593 2.1783476 -0.48779285 0.7237034 0.084997125 1.2099115 1.0929359 -0.4111316 -0.8809525 -0.5026884 0.6584429 1.6281887 0.44571194 0.16108239 -0.5295591 -0.5878457 -0.17368984 1.2685107 -0.14588714 0.6576384 -0.36666003 0.22189403 1.2312622 -1.4820555 -0.2525527 0.09383287 -0.93900794 -0.39523685 -0.6584527 0.53534794 -1.3575051 2.4402425 2.194175 0.5639348 -0.5608448 0.19063914 -0.67367303 -0.42368847 -0.8547042 -1.3927217 0.19585161 -0.5571651 1.0170003 -2.5278642 -0.9584878 -0.42404446 -1.0580899 -0.44138125 0.044576596 0.5646212 -0.76295984 -2.2473772 1.258965 -0.8748301 0.15166362 3.2988746 -0.13606852 1.0063605 2.0282953 1.8743263 0.61708766 -1.5910107 0.25510728 -0.3428534 -1.394272 -2.327993 -1.7998295 0.24795468 -1.7813582 0.10463677 -1.8080964 1.2735157 0.24268517 -1.1529558 -1.8832797 -0.78646374 -0.039612453 -0.0061178845 0.8714999 -0.3915705 0.08130314 -2.9351058 -0.66277784 -1.7235514 -0.13727616 1.0804287 -0.056121644 0.48063624 -0.041159946 -0.061558034 -0.4082719 -1.0643144 -1.3235617 1.263065 -1.4914825 0.9701972 1.1675109 -0.81688905 -2.1533284 1.5119237 0.013481988 0.555608 -0.57783204 0.07532512 1.881839 -1.654216 0.96799356 2.6924424 0.23379712 0.7688076 -2.3773403 0.9259164 -2.3286495 -0.14044528 -1.6121577 -0.2778101 0.76509196 -2.0227096 1.9637145 -2.9549136 1.2508423 0.86378455 0.23734847 -1.318087 3.1767633 -0.50363624 -1.0132972 -0.4629622
lemon -1.7201955 0.26361147 -0.6047939 -0.2878716 -0.6477785 -1.0459487 -1.98467 -2.0020912 1.5575958 2.1188154 -0.07575814 -2.168407 2.8409297 2.3576005 -0.039531477 0.77307767 -1.1093441 -3.314016 -1.4408252 -2.3934486 -1.7651987 -2.811563 -0.57715195 0.81266254 0.04005347 0.33704045 0.23634258 2.2428372 -0.9520489 -0.27753478 1.354283 0.72037625 0.13519111 -0.49132606 -0.3863034 0.6466986 1.7557024 -1.8171916 -1.5187993 -0.33610034 2.116736 2.566674 -0.32669836 0.8220584 -1.2678825 -0.44507283 -1.6363951 0.9012265 -0.93627596 1.2697695 3.6984768 0.27892873 0.18358625 -0.36357445 1.124145 -0.36686698 -1.8704544 -0.6836636 -0.92798305 0.58279663 -0.8167278 0.24612574 1.9732786 -0.5192285 -0.064928845 2.4563031 -1.4828471 -0.20551737 -0.48636892 1.3749704 -3.6002235 0.22415999 0.019460654 1.3186527 0.832427 2.6287518 0.73118585 0.7446155 -0.3368538 -2.124606 1.219541 -0.07570807 -0.42759648 0.54095227 -1.7999929 1.6206456 -1.8104777 -0.30634478 0.8570262 0.8064605 -2.6658492 -0.18975903 -1.2833899 2.3231368 0.9084347 -0.9119047 -0.62242734 -1.7823944 -0.705267 0.6967722 0.024846472 0.9288924 -0.5197077 0.88144493 -2.728175 -1.2455668 0.76375574 -0.9634434 -0.3053338 0.45663968 0.5239296 -1.8770196 -1.9902816 -0.02244835 -0.3879402 1.4436042 2.7236068 0.39240745 0.677002 -0.37567586 -0.2521378 1.7383672 1.1594335 -0.24238831 -1.5444872 0.41634223 2.5521138 1.5774274 0.109493904 -0.52381986 -0.5875849 1.5335884 1.7152894 0.9366791 1.2556845 -0.04986026 -2.6937532 -2.5559983 -2.4181416 -2.6271896 -0.32110557 -1.9823594 -0.43580657 -0.51389277 -0.5489427 -0.08550462 -0.3454751 -0.5802707 0.49278978 -0.30451763 -0.06572894 0.9682913 -0.41014954 1.3954304 1.5593028 -0.114255294 0.7913157 -1.9068743 -0.63467294 0.18645802 2.6332095 0.9701271 -1.1195828 0.98377055 -1.7408009 0.50603765 0.2479066 -0.60109764 -0.40376163 -2.0675495 -1.6133327 0.016849004 0.49435952 0.91764873 0.69708604 1.0001365 -0.5542152 1.5324383 0.33062267 0.38765895 -0.6141871 -0.20156993 0.9570351 -0.13108888 -0.25027567 0.6790547 0.063027374 -0.9085679 -0.56291497 0.27696666 0.42474434 0.9048058 -1.2796333 0.524768 0.40200827 -2.986789 0.4430146 0.12320486 -0.27419692 1.0256281 -0.32549217 1.8524427 -1.4968439 0.52389175 0.33614957 -0.275125 -0.8420362 -1.5104538 -0.884487 -0.61210173 -0.11417023 -0.23874027 -0.33433694 0.2725599 1.9119204 -0.6865195 -0.043568093 -0.19385117 0.3742075 -2.0255527 1.5161889 0.3793303 -0.49980167 -2.4506466 0.19587953 -0.2794836 1.168693 3.083736 0.81446964 0.9629774 0.48353943 1.3150047 0.12573637 -0.10651533 0.06588965 2.4544806 1.4935125 -2.0990496 -1.4572765 1.7742457 -0.5817237 0.5626084 -0.96122634 -0.63773936 -0.036420077 -1.3903003 -2.1151195 -0.35191363 -0.938172 -2.0352366 1.9943184 -0.038576256 0.7693231 -2.0337405 -0.46357772 -0.78216684 -1.3151222 0.11446829 1.7528992 0.37641743 0.9769189 -0.008537167 1.6045212 -1.0686831 -1.1558242 1.2832515 1.6212007 1.7281398 -1.363835 0.7699792 0.5748093 0.8164126 -1.0739089 1.077067 -2.0127714 -1.3232529 -1.4675996 -2.3437665 1.1599655 2.6041884 0.47470155 2.4228044 -0.18026981 1.4060124 -0.08256115 -0.99389714 -0.40589646 1.1008745 -0.7012925 -1.8511097 0.82527286 -1.9526051 -1.2003964 0.94811845 -0.48659244 -1.6508014 2.0329814 -0.26280582 -0.041591495 -0.6505494
vanilla 0.23213099 -0.3045639 0.101372324 0.12782235 0.97233415 -1.4457028 -1.7344738 -0.9092471 1.7657626 -0.010576392 -0.38262972 -0.2239819 1.5840539 1.3406522 -0.735212 0.39727518 -0.5130605 -0.9968356 -0.82269955 -1.1100615 -1.6208208 -1.9176602 -0.9095576 -0.43877518 -0.9772328 -0.4167407 0.21242644 1.3121064 -2.3276455 -1.0914947 0.32205465 -0.2681002 -0.46965954 0.17297256 -0.013197524 1.509622 0.4901296 -1.8285623 -1.8251008 -0.112619266 1.6053691 0.34293258 -0.3323004 0.21403089 -0.5420323 -1.4958521 -0.61991453 -0.116379306 0.49577236 2.2742255 1.7327783 0.25209507 -0.88538826 -0.49835426 1.085477 -0.09505645 -0.49433678 0.2490719 2.0457995 1.1811157 0.8710737 -0.49443266 0.31409764 -0.27910572 1.2198001 0.7756046 -0.45026693 -0.87499875 1.7895036 1.0696747 -0.5609351 -2.0480967 0.0711148 0.17440477 -0.75022477 1.77709 -0.009319015 -0.58023113 -0.025980955 -2.522044 1.1810734 -0.6136145 0.76629204 -0.021368647 0.63905394 -0.54139656 1.6993573 -0.4392892 1.8041444 -0.8159146 -0.20632695 -0.9134922 1.5162104 2.821875 1.7772758 0.1546357 -1.6936997 0.05461953 0.39263815 0.8221523 2.2446527 0.15037486 -0.89303774 -0.25297627 -2.7788792 -0.40428388 0.8870369 -1.4412605 -2.2185764 2.6041074 0.19159396 -2.6273997 -0.39641845 0.13530417 -1.0683682 3.177863 2.394112 0.93878806 1.1296324 -1.1851532 -1.6168088 -0.46122983 0.59406245 -2.1231735 0.27025884 0.6282235 0.21148606 0.22320832 1.1053921 1.8435676 0.81626284 1.0712917 1.4243155 -1.1656877 1.891854 -0.241278 -0.30317464 -1.5681354 -2.0703037 -1.3242986 -0.36593324 -1.2452427 -0.27268502 -0.46623537 0.6393958 -0.054564837 -0.24174161 1.2977437 -1.9017292 2.2871764 2.0810604 -0.68542117 -0.95313627 0.62075126 1.6023482 0.8003354 -0.14223045 -0.54180664 0.25407547 -1.5544082 3.662794 0.5371218 1.6892098 2.1852722 0.04412049 1.7892761 0.80302596 -1.5948304 0.16158792 -0.9280509 -2.1481178 0.3244223 -1.4263263 0.020906573 0.015052809 0.64072233 0.032205254 0.76628643 0.31085554 2.0481591 -0.006791902 -2.4097216 -0.012280548 -1.4593213 -1.297325 2.0625048 -0.8479163 1.320869 -0.73600954 0.6429353 0.009449459 0.9971524 -1.9001927 1.7688075 1.0862315 -1.3346084 1.5267054 -0.6365571 -2.037606 2.3759837 -1.7519907 0.118814975 1.0697573 1.5821842 0.5322145 -2.304107 -0.8097188 0.09937732 -2.458735 0.14760503 1.1465279 0.8950588 -0.50297016 -0.47484845 -0.7808499 -3.2424066 -1.419174 -0.75607264 -1.3557243 0.13191144 3.0025342 0.112454794 -2.3736901 -2.452446 0.7658194 1.643708 -1.3130453 0.92323256 1.7123071 -0.46237916 -0.02775626 2.3143835 0.8978415 0.21861763 -0.13445897 -0.8740199 0.09480625 -0.7768726 0.6070097 1.73873 -1.0430847 -0.7114756 -1.0146819 -0.73089665 -0.214145 -1.963992 -1.78979 -0.48616531 0.06528452 0.7973767 2.4381099 -0.41763815 -0.6620361 -1.7063652 -1.1137016 -2.0865 1.0541131 -1.3152131 -1.5717983 1.4825333 0.89123803 1.5879724 1.4972075 -0.71524674 -1.0221517 0.93561363 0.07139094 1.1948934 -0.5306926 -0.5635667 0.80684954 -0.7275622 1.7302563 -0.006729356 -0.011985276 -1.7151574 0.86390597 -0.73510325 1.0080405 2.0076866 0.8601506 0.20849 -0.46232307 0.40644023 -0.211447 0.99101985 -0.6185172 -0.40822774 0.64507914 -3.117593 1.7572578 -3.668419 -0.19352295 1.3510592 -0.4579114 -0.14792937 1.9495348 -0.45136556 -0.4312057 -1.2292454
garlic -0.2551414 -2.132165 -1.4553953 -1.338456 0.108491 -1.9467804 0.9969516 -0.99925995 1.3467501 2.010491 -0.3519727 -0.027949924 3.0509796 -1.5500349 -1.1528367 1.2011746 -0.8643371 -1.0863919 -0.29557258 0.022917412 -1.8277828 -1.1070195 -2.2712169 2.0419602 0.14474836 -0.63556284 -1.4028318 1.2982562 -1.7468009 -2.293925 0.92932874 0.49961102 0.16086394 1.5531193 -0.78578204 1.2904725 2.2583907 1.8449417 1.0619706 0.72063833 1.8122938 0.6203001 -1.3415376 -2.5812244 -0.1662691 -0.0039785285 -0.24265984 2.3697803 -2.015539 1.4481853 0.584554 1.472904 -0.117926896 -0.88124055 -0.9765776 1.5336488 0.041269016 -0.28841263 -0.77419204 0.0043620532 -1.4972924 -0.34907442 0.6574819 -2.0424461 -0.19578324 1.2091117 -2.3951797 1.1583343 2.7603626 1.3047454 -1.2653095 0.3009943 0.1476662 0.6851541 -2.0920913 1.1329334 0.6319094 -1.0557994 -0.55456096 0.6923516 -0.534528 1.456455 -0.53462046 0.4327829 -2.1318438 -0.18436815 0.5750365 1.071984 -1.4339025 -0.93083036 -1.9767963 1.6816328 -0.08876098 -0.2582896 1.6925147 -1.432542 0.5851933 -2.3165793 -0.3323504 0.92261857 0.78455424 2.1447551 0.32592654 -1.9679086 -0.9203639 -1.8661638 0.22717777 -0.18429105 -2.0417614 -1.4128711 0.25795767 -2.1708794 -0.4365383 -1.8358542 -1.1855357 0.8240686 1.8661438 0.18033308 -1.024161 -0.99901867 -0.53802717 0.4653793 0.1831932 1.6801267 -1.1686562 0.64152765 1.7424395 -0.5595356 0.44713128 0.39462215 0.9869209 2.3216062 1.8130267 1.1889098 0.5568743 -2.2124019 -0.9696519 0.34338245 -1.4328665 -1.3888224 1.4406862 -1.6015168 1.2714924 0.36481962 -0.91788036 0.01102964 -1.038163 -0.77114916 2.1445594 -0.09018261 -0.94166625 -0.86902964 -0.814931 -0.40250054 0.110579155 0.590354 1.3899314 -1.6474442 -0.020737626 0.41347525 1.7052368 2.2555125 -0.8852038 -1.6306441 -2.148487 4.0826654 -0.6456293 -2.5835214 0.6802656 -1.4419725 -0.33316392 2.411865 2.8293765 0.7792696 0.50899404 0.57564884 -1.4033295 -0.2907002 0.80653507 1.5022299 1.220784 0.21104257 -0.87570655 0.39331737 0.5938122 0.10458915 -0.6763113 -1.1264431 -0.40886694 -0.8967627 -1.2689866 -0.49090302 -2.7921138 -0.11743576 0.07392674 -1.2162337 -0.5433993 -1.457508 -0.56870425 -1.2086349 1.1779333 1.4249754 -2.4311433 1.4101936 -0.2946121 0.07535246 -0.3842501 -0.6745333 -2.4940996 -1.8914745 -0.6404684 -0.3471528 0.4163162 -0.8709996 0.62853265 0.7797593 -1.2496848 1.2173743 0.8810938 -2.3947654 -0.45614517 0.1155633 -0.1288131 -1.3112514 0.7879755 1.036254 -0.9036349 1.8946224 0.5016849 -1.4275845 3.2189684 2.4351206 -1.4739513 -0.42568263 -0.8705133 0.3748678 -2.3699265 -0.74729085 -2.1630275 0.9250863 -2.6018262 -0.80048925 -1.169135 0.34334123 1.150441 0.11854323 0.24785787 0.28832516 2.0595865 0.23802994 -0.5936331 1.1642314 -0.28595948 -0.15154022 0.51833314 0.95533586 -0.14942713 -0.5422755 -0.2960356 2.2424595 -0.09074159 -3.2364 -0.32637542 -1.4596385 -2.8395903 1.1836085 0.8987134 -2.4323199 1.1010662 2.3333275 0.81982064 -1.1178491 1.4087337 1.187355 -3.152073 -1.449318 -1.057426 -1.3102087 0.9396456 0.53878045 -0.56178397 -0.64788586 1.2120297 2.196126 1.0709863 -0.31741008 -0.7357622 -0.6186796 -0.6342296 -0.45198333 1.2364916 -2.9932537 1.7063351 -1.6777239 -2.47228 -2.0326977 0.05748374 0.6719169 -0.5638843 -0.76850843
orange -2.9247675 -0.042929236 0.3484398 0.91915035 0.0770005 -1.078779 -1.9783866 -1.9727945 1.822251 0.07865842 0.5890797 -2.842991 2.6080031 0.8659898 -1.407903 -0.36300117 -0.5999336 -2.511002 -1.7349054 -1.3792291 -0.51701176 -0.6958343 -1.0514556 0.101976074 -0.80089086 -0.5811366 -1.458261 2.230353 -2.3017786 0.08145354 1.9033139 -0.46921483 1.4362991 -0.8012024 1.158012 0.8900251 0.9315087 -2.0371447 -0.43412128 1.0713259 0.018861072 2.4404366 -0.19887662 0.23968133 0.5355096 -2.8823133 -2.3682623 -0.93225414 0.66708267 1.0598311 1.2780373 0.29979244 -0.3808852 -1.4588966 -1.1644026 -0.1624309 -2.6577785 1.8717984 -0.17680164 0.89973587 0.29187155 1.1026037 0.8931071 -0.34410235 0.075981475 2.554586 -1.366391 0.53404814 -0.78479314 0.71474063 -3.788374 1.8801702 0.26514468 0.13404682 -0.017788442 0.08654413 0.21479964 -0.5726352 0.8482109 -2.3449626 0.80563736 1.333175 0.41935188 1.11396 0.2241181 0.09712171 0.31605473 0.1706937 0.16384666 -0.81693447 -0.7008229 -1.0981628 1.3621403 2.6429532 2.6861365 0.62678355 -0.731264 0.038857725 0.67027324 -0.6006355 0.14690635 0.502561 -0.89258504 -0.32181332 -2.1610475 -1.4738551 2.509843 -0.23705308 -2.0306091 -0.91830784 0.8898885 0.82902855 -1.3459665 -0.50778615 -0.7464874 1.2083397 2.4891374 0.26665527 1.1984744 -0.2730406 2.1072326 0.54484653 1.9475064 -1.0594558 -0.48252022 -0.40212375 -0.021848114 0.5344786 -0.37945497 -0.102325946 1.226337 1.7450278 1.8359305 0.2585125 3.105541 0.05219488 0.26860872 -0.3306941 -1.0605896 -0.664082 -0.16864263 1.1567755 -0.88421655 -0.8639457 0.7309252 1.6005148 -1.0699091 1.9673498 -0.4002148 1.2317672 1.0884084 -0.0048228716 -2.5285635 2.080224 0.36916313 -0.42495662 0.087240025 -0.18379588 -1.7388309 -0.86957663 1.204949 0.4624626 0.43214086 0.32403022 2.3615668 0.38849035 1.1849107 -1.190109 2.3979535 -1.6739228 -2.761606 -1.3364236 -0.36323708 2.3557882 0.17969091 0.27589855 -2.403124 1.1348639 -0.15404192 1.6186929 -0.25333953 -1.9684793 0.1214207 -1.0133018 -1.5014501 0.95227045 -0.09966743 -0.08032951 0.5672781 0.8099581 0.15273027 0.21828274 -1.6563578 0.31177583 -1.4168645 -2.035324 0.7597928 -0.9771387 -0.49584433 1.0252202 -0.8199366 0.47755906 -0.6845377 1.6309457 0.6994662 0.4175201 0.9184078 -0.8741779 -2.3456008 0.050283764 0.21717201 0.61035556 0.6091202 0.20010625 0.24785149 -2.033002 0.04124439 -1.0111688 1.1490648 -2.0128913 0.7217835 -1.7132318 0.27657154 -0.8305062 1.0777909 -1.3238987 0.3006487 1.1016126 1.1549988 1.6600459 0.08988763 0.8280372 0.49941435 -1.6439843 -0.6212214 -1.2354006 0.8385505 -1.3843439 -1.5075171 2.5245943 -0.49106038 0.46677083 -0.40304622 0.058175955 -0.32028428 -0.11346644 -0.20310767 -0.797048 -0.48091865 0.33107153 2.2288811 1.6810735 1.6188389 -1.595324 -0.1589495 -0.4968364 0.06490116 -0.49505314 0.31295812 -0.12940864 -0.9959285 -0.51273763 1.148261 0.77401197 -0.8377363 0.39413896 1.4880548 1.820484 1.1753128 1.3422112 0.07768196 -1.2444752 -0.181848 0.23959917 -0.96447605 -0.6380037 1.5076674 -0.5773476 1.6832389 2.4405637 -0.04347214 -0.14189903 -0.21711847 1.7140993 1.6610307 0.5572966 -0.77764904 0.574135 0.20485774 -1.947518 2.6964793 -1.6246194 -1.8022232 0.43801147 -0.6965909 -2.1019568 1.3896219 2.1307385 0.668202 -0.28114137
soap 0.6847405 -0.4606242 2.0589216 -2.3223152 2.4470677 -2.0038447 -0.699214 -1.7368006 -0.124553464 1.078765 -0.002546004 -0.6819063 2.6601524 1.1218315 -1.5301795 0.20376743 0.0038210724 -1.1050965 -0.963448 1.6613147 -0.6209258 1.6654264 1.6191286 -0.8412461 -0.071031 0.46525156 0.5908534 0.51941615 -1.4118599 -0.21274613 -0.7434684 0.6784729 -0.8720023 -0.7223783 1.2566069 -0.6904278 -1.2225858 -0.90929717 -0.3661052 0.048725456 2.5543559 -0.1288348 -0.24424995 -0.045679845 -0.011414209 0.1018746 0.72650135 -0.43412805 0.4101147 -1.7690274 0.896791 1.2355875 0.56608397 -0.44551516 -1.0170615 -1.0964242 -0.5073195 0.8769874 -0.3791624 1.6429507 1.5870631 -0.99374455 -0.17921053 -0.04393811 -1.0126996 1.1916217 -0.060832128 -2.1749191 1.9549438 0.9424517 -1.487231 -0.7764132 -0.8722416 1.4696828 0.4735925 1.1269717 1.5447979 1.0167751 0.7370391 -1.6840764 3.0122914 0.37499264 -0.5056889 -0.3026385 0.84374726 2.2914672 -0.9137573 0.5808381 -0.11713803 -0.56329554 -2.2382057 0.15695547 0.7278062 1.719395 1.2811689 -0.26179764 -2.554399 0.8658681 -1.4926966 1.8813535 2.2480626 2.8182566 -0.5093654 -0.09377312 -0.57661337 -0.036985315 -2.1493797 -0.70847404 -1.8110118 -0.16278471 1.1312443 -0.66974634 -0.62790304 -0.6886115 0.3675117 0.660318 1.5507646 -0.96470404 1.8815088 0.443009 1.0864875 1.3693926 2.975123 -1.101329 -0.2796303 -1.3030654 0.3721772 -1.1699805 -0.39383116 0.6757842 -0.29680532 0.54773676 0.9615016 1.4815031 1.1972787 -2.0049415 -0.16540201 -0.854101 -0.41273516 -2.4761143 -0.7007663 0.50951654 0.6364287 0.6812755 1.1715889 -1.2576252 -0.8535971 1.3718765 0.70435995 -0.0014768714 -0.29593965 2.24615 -1.1270757 2.9944236 0.102888964 -0.08523667 0.028333817 0.5843194 1.2746034 -0.73809654 -0.69877434 2.7006593 -1.6993176 0.6727173 -2.137894 0.27356076 -0.3302728 -0.68895286 0.22703566 -2.7308629 -1.8983662 -0.69295764 1.3427964 0.20887293 -0.6082898 3.1944623 -1.264594 1.448019 -0.6141273 -0.32727554 -0.44122344 1.0049852 0.59621406 0.7642459 0.27539158 -0.5103768 -0.51517695 0.29193783 -1.1746135 -1.7039434 0.9224437 0.58524495 0.02185756 1.5060961 0.62200034 -0.2840142 -2.2555645 0.7384218 -1.0765284 -0.55646324 2.2639327 0.96334255 -1.0374916 2.2582915 1.0511829 -0.21768145 -3.8887808 0.9239124 -1.1893169 -0.42814234 -0.011279173 -1.4455949 0.5652235 0.013399413 -0.86593485 -0.76364857 -1.6164991 -0.58214396 -0.5679418 -0.31247905 -0.053471457 0.6761914 -0.38706502 -2.6605165 0.871622 -1.3278528 -0.902165 3.250458 -0.73709524 -0.9579267 2.6759977 1.9825714 -0.017338682 0.3342582 -1.3630472 -0.290966 -2.4531252 -0.3156538 0.61315536 1.6480027 -0.35456914 -1.6310382 -2.0669103 -0.59813595 -0.009658147 -1.0343451 -3.1045709 0.10809536 2.4934025 -0.6342002 -0.269605 -0.2032592 -0.50427717 -1.9383122 0.6256743 1.4626738 1.7219468 0.31384954 -2.1476316 0.44637766 -1.3519955 0.9627233 -0.9263497 -2.134985 -0.94165576 -0.4807398 0.4289416 1.4019697 -1.6719594 0.6795654 -1.2343857 0.98110026 -2.6045465 -0.30431402 0.8597716 -3.1458983 1.2921132 -2.4622226 -1.8548766 2.2726777 1.4500508 -1.8824257 -0.5028099 0.91249895 -2.1744637 -1.5387751 -0.42227545 1.6993229 -2.1119916 1.6417104 0.2225994 1.6600778 -0.32945246 1.6744188 0.99833375 -1.8119949 1.2164615 0.15367179 0.47805557 1.873258
chocolate 1.192884 0.19960433 1.2177522 0.34663215 1.6822287 -2.262453 -1.4624776 -1.7039998 0.6369047 -1.4381074 0.613166 1.0623689 2.5260527 -0.09570452 -0.5484484 1.494571 1.2069407 0.08891033 -0.9495016 1.0082603 -0.65790176 -0.3503381 -0.17956291 -0.59500754 1.5166526 -0.61061287 -2.158544 0.5962257 0.25391153 -0.7147676 -1.2324052 -0.39553422 0.9123784 -0.60251987 -0.32220978 2.2955184 2.4545507 -1.5049105 0.1532122 -1.0303694 0.07951592 -0.34324068 -0.20412433 -1.3137252 -0.62358856 -0.25971988 -0.44973278 0.31179574 1.5690438 0.95986277 2.6676254 0.8358699 0.28355896 -2.4451954 0.6860299 -1.4188162 -1.0133514 -0.011709138 1.6860864 0.23016855 -0.001820822 0.15907422 0.38236624 -0.7427454 0.5653712 2.8568404 -0.16887772 -0.5397648 1.658268 0.46701333 -1.3367575 -1.6920812 -1.9014236 -0.6875654 -0.11602667 0.14157341 -0.8542373 -1.1901803 0.50967133 -1.1800135 0.08807173 1.1839567 2.0344186 -0.966419 1.5932071 0.6034575 0.17887941 0.16162527 0.63059276 -1.103509 -1.087164 -1.1196913 1.6556906 1.1912838 1.078443 0.0832734 1.0054898 0.68803847 1.3441849 0.44127464 1.0108608 2.766841 -0.78363097 -1.6549999 -0.30685705 -0.30086255 1.0803841 -1.0131499 -1.0689799 1.1792698 -0.15574059 -1.6948087 -0.5706078 0.5809152 -0.8939709 0.55043674 3.655585 0.717461 0.64145863 -1.927476 0.5100218 -0.76227456 0.062230747 0.66439915 1.7128975 1.1267949 1.7659612 -0.20064272 1.0472472 1.2912118 1.9282798 1.587746 2.9139588 0.02442842 -0.012939324 -1.0290946 -2.3346417 -1.2795037 -1.4662087 -2.3329985 -1.8842689 0.4860944 0.8148172 0.045350794 -1.6759776 -1.1912376 -1.3174628 1.1715451 -0.3743372 1.3099469 0.5705474 -1.24022 -0.44821236 -0.25879937 -0.89282566 1.2083995 2.6993897 -2.118594 -1.648715 -1.3836188 1.6937518 -0.1878645 0.81122524 0.3814353 -0.014187543 2.3260212 -1.7645338 -1.4493293 0.5563287 -0.4355251 -1.6556618 -0.92090017 -1.5377955 -0.69678134 0.12801808 1.7408844 1.1355292 -0.9347031 0.36559072 1.4143056 1.4993565 -0.11193882 0.95036644 -1.1120291 -0.42282277 1.4557081 -0.5723696 1.7991898 -0.36854365 -0.3110725 0.7605899 0.9907743 0.03301372 -0.339658 1.3126053 0.054159008 -0.22154619 0.37446263 -1.1851256 1.129093 0.5369066 2.222294 -0.034047168 0.29722854 -1.2086045 -0.71655995 -1.9277873 1.586011 -2.4432263 -0.05058312 -0.1872838 2.782685 0.96073157 -0.48535144 0.46390748 -1.5813441 -0.8606449 -0.39644733 -0.5571263 0.9359043 0.25383198 1.1389078 -0.7133356 -0.09805891 0.037704863 2.2484221 -0.98136723 0.88517714 1.2159032 -1.041058 1.4750959 0.63469315 0.67201185 -0.24915005 -0.7900154 -0.2998796 0.045524742 -0.9089924 1.6396598 2.793319 1.438706 0.0906649 -2.4718335 -1.6194664 1.4188188 -0.96446425 -0.37395093 1.0092989 0.92537445 0.124292016 1.7628002 1.9542131 1.1955 -0.70611256 2.4765368 -1.2009596 1.4589396 -0.48051128 -0.4163406 0.08155634 -0.14002559 -0.7053175 1.5838338 1.1628281 -2.8039649 1.4203779 -0.2739375 0.61606914 -1.7743245 -0.30913 1.0633029 -1.4793601 0.4596284 -0.048330043 -1.4231514 -2.5069492 1.3661535 2.3782668 0.8498028 0.2761211 -0.74161243 -2.5116365 0.24302691 1.0789295 -0.8594017 -0.4874473 -0.6136338 0.22871073 -0.51623815 -2.2783964 1.0058981 -1.787819 -0.49736997 2.0438423 -0.29669636 -0.99036664 1.3724991 0.09571765 1.4893516 2.066114
apple 0.42856255 -0.9465977 0.4290528 -1.893909 0.32609645 -0.44982496 -1.2857705 -1.2269369 1.754246 -0.29925564 -0.09566032 -3.9646974 1.0854374 0.24084899 -0.2079287 1.3038275 -0.64884824 -1.685738 -1.4794924 0.43632147 -2.1732857 -0.93747073 0.61161906 1.2083783 1.1353681 2.7993083 -0.7208611 1.9848942 -1.4015635 -1.625661 -0.37474838 -0.677721 -1.2388213 1.1770473 -1.0560337 0.94378954 2.941332 -0.013141421 -0.15884435 0.93661857 -0.6851733 0.5100775 -1.8827045 -1.014771 0.32873425 1.1987327 -0.3799736 0.6524016 -1.08008 0.13532902 2.8549554 0.20918727 0.30357656 0.49325097 0.38304806 -0.60000336 1.1227231 2.0056973 0.70192605 -0.35847154 0.23611243 -0.32894817 1.02446 -0.22692834 -0.90358144 1.2125962 -1.6979467 -0.10173093 1.824455 0.69710296 -0.9076019 1.1228868 0.6435939 1.0400677 -0.70568264 -0.27104372 -0.6834291 -0.27745566 1.9621586 -3.3181386 0.87339485 3.0783 1.3600137 0.7801886 -0.9691079 0.45054746 1.3252429 -1.2960097 1.629058 -0.604801 -2.3497884 -1.4396087 0.14167994 1.5056807 2.9619799 0.32332766 -1.3881474 1.655409 -0.900395 -1.7197617 0.12538317 1.4083948 -0.5916719 0.17915654 -2.071795 -0.19276589 1.1983626 -0.16904104 -1.1315155 0.24724291 -0.812987 -1.4324875 -0.5703227 -1.3242328 -1.372507 1.7597975 1.1457554 -0.14636469 0.1931122 0.8529512 0.4275197 0.30651098 0.15654488 -0.8043454 0.71354765 0.60283244 -0.5141979 2.9183815 0.7482009 -2.2038076 0.20264016 2.1448994 0.4197918 1.7702116 1.83279 -1.037429 -0.95832306 1.067531 0.11646688 -3.6250913 0.2113032 -4.995419 -1.169021 -1.8766894 1.7570192 2.4074922 1.0414039 -0.7375866 -0.55159193 -0.72444814 1.7106007 -0.15027435 -0.6089918 -1.0961226 0.30912372 -1.0948585 -0.089124575 -2.0063982 -0.45396453 -0.6547842 1.1012278 -1.2755418 2.1788511 2.1630363 -1.6725112 1.4139417 -0.46168515 -2.6150143 -0.0064239716 -0.48958483 -2.1583252 -0.6244956 0.8478597 -0.5514088 -0.6573515 1.1242119 -0.4044426 0.65947723 -1.1948435 0.20617554 -0.40518153 -0.0820124 -0.52074045 -0.75450367 0.22798629 1.0939527 1.2718033 0.30719012 -0.088656574 0.28945282 -1.9249605 0.99461114 -0.9445681 1.3853575 -1.5397035 -1.7001572 0.60452336 0.17428769 -0.87243897 0.6078627 -0.18334468 1.0962179 0.39722797 -1.7238895 -0.98510337 -2.094605 0.5142838 1.3785229 -2.7256093 0.4372829 -0.99614996 -0.18968107 -0.85869884 2.0762696 1.0697677 -2.4052014 -0.5980038 -2.8230917 -1.5168409 -1.2682699 0.5418712 -0.9877603 1.0725107 -1.5523454 0.38015097 -0.90380865 -1.4599152 0.29330805 0.012795563 0.8535447 -0.9176311 -0.3279271 1.1967479 -0.6439052 0.06607657 0.2753188 1.3735023 -3.2298322 -0.16608985 1.1241633 0.18921636 1.7296945 -0.8586481 -0.6209492 0.718728 -1.7824948 -0.90427446 2.8815527 1.5582343 -0.09057676 0.33283824 0.3608436 1.4566559 -0.84610987 0.527811 -2.4148731 0.21952319 0.10016141 -1.6308595 1.1198486 -0.32568538 -1.3032614 1.4136567 0.26294187 -2.24406 0.7401853 0.16030493 -0.37434366 -0.050163027 -2.0639076 1.8163203 -1.2492591 -0.22878018 -0.92497665 -0.8758942 0.22886048 -0.088117 -0.6248026 1.3917181 1.2855446 1.0651845 -0.7322531 0.5080786 -0.13340802 0.5586026 0.03486507 0.6722042 0.83984685 -0.3443229 -3.010009 0.3707549 -4.3849406 -0.9231089 0.46345922 -1.1783159 0.12462858 0.47437108 0.6044923 0.717201 0.43678224
leather 2.2593813 1.1848146 1.6845095 1.0278399 1.6204442 0.32479328 -0.28134242 1.1733413 0.15107523 0.21087207 0.041690316 1.0963993 1.7869854 0.35723308 -1.922404 0.26734474 0.26825178 -0.24572337 -2.6760087 1.6701779 -0.9426545 -0.5454672 -1.2105013 1.004614 0.22747807 -1.0773443 -1.8916321 2.3023217 0.9978185 0.722193 0.2162028 -2.0666819 0.709177 0.059902593 2.2466097 0.64906865 0.25098535 -1.2834735 0.5082154 1.0338932 -0.5201888 -0.04597331 1.1244624 -0.20452152 -0.10397689 -1.1973482 -0.9813849 -0.06738256 0.37871695 0.39412776 0.06246725 0.2754279 2.9006994 -0.8181762 -0.76986754 -0.204846 -1.3460163 -0.658862 1.0513064 0.20625392 2.5990992 -0.44977194 -1.339673 0.9967088 0.8741009 2.1835277 -1.3313987 -1.3405201 2.3868067 0.2657513 1.0667378 -0.46690267 -0.33329272 2.9801667 -0.7574528 0.5906574 0.26857594 -0.82835674 2.466429 1.3160269 -1.7009789 -0.36754754 0.5216405 1.1066349 -1.3188175 -0.34026203 -0.7525244 1.065602 3.3641968 0.3527338 -3.7040982 -0.8322241 0.74432856 1.0618451 2.34985 1.7094492 0.00090381387 -1.4961287 1.9477224 -2.232746 -0.054000504 -0.6318276 -0.5067378 1.0149466 -1.8732239 -1.8522258 1.8963826 0.8906217 -1.7844665 -0.1867586 -0.6604685 -3.7481368 0.7227257 -1.6195256 -2.2510488 3.3268735 1.9507184 0.145252 0.5512961 -0.4275672 1.0040393 -0.20081683 0.4613293 -1.076748 -1.0455168 1.6199267 0.16147242 0.045684434 0.6819954 -0.85284305 0.86312383 -0.19838569 -0.18546617 1.1117688 1.1665442 0.68269306 1.1201926 0.58328676 1.5822672 0.84869784 0.16736427 -0.79315686 -0.40712506 1.0373821 -0.524081 -1.8705606 -1.7433368 1.099571 0.5778079 1.6479377 0.056807164 2.5617456 0.463236 1.2979221 0.7101264 -0.07158971 -1.4283696 0.5046711 -2.410271 1.9278618 2.2286103 -0.89123297 0.56487876 -1.0499004 -1.0346137 1.6806601 -0.66303086 -2.6583042 0.25955737 -2.67258 -0.17873965 0.41854814 0.39492983 1.026258 0.14566173 1.7146792 -1.4115 -0.70342606 1.8540727 0.4043688 0.6480673 1.3806692 0.90184265 0.27620313 -0.25943598 -0.33672422 0.10903597 -0.7828303 -0.58329725 0.76569253 1.9505258 1.1429288 -0.91522515 2.5278952 1.6309375 -0.33491385 1.0451629 -0.41435698 -1.0375403 -0.19756609 1.3925662 -0.13825232 -0.31552264 2.82922 -0.463023 -1.9416203 1.7692319 -0.660783 -0.7371429 -1.3399072 0.012366078 3.6164548 -0.83077765 0.7179053 0.235756 0.53694296 0.31172034 -2.3958235 0.42184645 -1.5200934 1.2294515 3.8380432 -0.19699241 -2.5124094 0.15872288 -0.21533823 -1.1633066 4.9040475 -0.044386532 0.24414992 -1.0652865 1.8929472 1.3559488 1.3011906 -0.9515289 -1.8349193 1.2277642 1.1019049 2.192053 1.832048 -2.3139038 1.0153404 -0.62754434 1.2684208 -2.4026048 -0.36840317 0.11947882 1.2600852 0.97760427 2.7112021 0.98688227 0.025588512 -0.46933097 -0.692863 1.5843436 1.4528142 0.9092494 0.17010796 -1.4055284 -1.3208227 -0.054294765 2.797179 0.7635046 -1.230874 0.19067796 -0.35409197 0.16373745 2.0494087 -1.3065546 1.4799962 1.9099884 0.43688017 -0.15624365 1.5511951 1.1497577 -2.4889023 1.2343979 0.15487024 -1.1792547 1.8175856 0.34885612 -2.0704913 -2.005158 2.6872907 -3.603955 1.0631784 -1.0303869 0.9701947 -0.9845654 -3.157279 0.68946934 -0.14133924 -0.6601267 2.4494157 -0.080163516 -0.9914867 0.9909732 -0.5079811 0.48297882 -0.3497705
cheese -1.9024435 -1.8564802 0.18010879 -0.4619767 -0.16806346 -0.6867163 1.6989795 -1.1266654 -0.22265556 0.5460216 -1.5572463 1.2339445 1.4835683 0.8339312 -1.6913061 1.3555228 0.8669056 -0.22747004 -2.5757916 0.9441415 -1.8341146 -1.2606847 0.79939824 -1.096056 -0.015988205 -1.670292 -1.1027474 -1.6765845 -0.44040722 -2.5536952 -2.0002077 -1.1727128 -0.021167772 0.3020934 0.36287558 0.6767707 1.9246019 0.027476063 0.7795259 0.514522 -0.17497917 -0.057621885 2.3246884 -2.6489117 0.6597242 0.5596051 -0.6600274 1.7785994 0.21497655 1.4092423 1.4965765 2.4944947 1.9018221 -0.60411364 -2.2791336 1.2258121 1.1489252 0.82194304 -0.4080626 -0.7309784 -1.089869 -0.44706428 1.9031163 -2.0739858 0.730374 1.8490986 1.2812803 1.5939392 1.8938532 0.40615872 -1.0430124 1.0852195 -2.1376562 1.3402612 -1.3446754 -0.69921577 -1.0291313 0.91486764 0.040287904 1.8976116 -0.2681845 1.6901208 0.9289697 1.9964142 1.5779105 1.3949268 -2.9272637 -0.7141572 0.78763586 -1.8108705 -1.7082028 0.35005224 1.7230996 0.27514902 -0.25612703 1.1084533 1.3974255 0.8568725 -3.0653448 -0.3525791 -0.4672731 1.4185342 -0.33776873 1.0732051 -0.5747484 0.3345848 0.92598695 -0.5319814 -1.6574976 -0.29128766 0.15542196 -3.1990302 0.031884562 -1.4638889 0.18536438 -2.0099382 1.567929 -0.51999503 0.83553463 0.59637797 -1.5365818 1.4596258 0.3720131 -0.11224715 0.070149004 0.9154767 0.18310192 0.25453052 0.2417286 -0.14293121 2.472136 1.8480519 0.90983933 1.7937775 -0.28887007 -1.8037151 0.06642166 1.0035262 -0.22191024 -1.9017385 0.22358657 -0.9213833 -1.932046 -1.3561718 -0.008622355 -1.9994435 -1.2231224 1.6003051 2.0048828 1.7126188 -2.6784246 0.06056735 -0.010636944 -0.95798016 -0.055961907 0.7376766 1.9214095 -2.2214031 0.5822974 -0.3141754 1.1408565 1.5603441 1.8452392 -1.2070473 -1.7273383 2.6843262 -1.9438089 -0.21593972 -1.4533756 -0.654327 -1.8454334 2.8128011 0.1599284 0.14994884 0.43604004 -0.061624352 0.45932677 -0.76733327 0.21074747 1.6338259 0.50129974 1.6512028 -1.5534896 -1.993532 1.8002914 -0.28319782 0.14430661 0.52250594 0.41979408 -1.5663396 -2.1961641 -0.24715045 -0.92782193 -1.6737518 0.24226171 -0.67140615 -1.028637 1.535255 -0.8717091 -1.3944017 1.6215037 1.4608436 -1.4009063 -0.68125415 -1.0772715 0.030363774 0.26606935 0.9007881 0.63590544 -1.5877477 1.1406306 -0.21923314 0.3333052 -0.37823692 0.8424443 0.65415 1.1030635 -2.361127 -2.1686234 0.23989047 -0.55983454 0.5931826 0.023713155 -1.6445541 0.37231967 -0.1704065 -3.7721517 0.25450853 0.0671363 -1.8876289 0.9910242 0.18424857 -0.67448694 -0.25279158 -1.2892096 -0.75109124 -0.40091062 -0.029729495 1.2247139 3.6898599 -1.1869863 1.4735329 0.23915288 -0.12618467 1.0506465 -1.7575122 -0.48584044 -0.46809304 -0.7391358 0.032682348 0.2139438 -0.72841954 -0.4258764 -0.6949879 1.9366825 -0.67292345 0.0039675054 0.12205602 -0.5991448 -0.83516157 1.4557664 -0.21152273 1.4944794 -1.5725825 -1.5415179 2.7420626 0.71757025 2.1230288 0.7336376 -0.2255323 1.0481943 -1.625471 1.2639366 0.2014189 -2.5532508 -3.081921 3.5754905 -0.058462117 0.76631325 -0.92678976 -1.6638364 0.17940408 -0.56252426 0.85965776 2.2940984 -1.7698526 -2.0500472 -0.18790466 -2.0425367 -1.1330591 0.43304577 -1.6477555 1.1486522 0.34951493 -2.9017594 0.47498816 0.65527785 -1.3287375 0.14929307 1.6220827
bread -1.2896485 0.03451602 0.35144353 -0.887174 1.6169175 0.4646796 -2.5462987 -0.19987977 0.6208612 -0.3020436 0.12997165 -0.18622479 2.4084456 0.33146995 -3.402256 1.9205647 -0.025186343 -0.4347963 -2.3698514 -1.320735 -1.9427702 -1.1157985 -0.07421516 0.5597741 0.51736873 -0.45058075 -2.6209958 0.36788845 -1.6209358 1.4920133 -0.100902334 -0.34654078 -0.99205536 1.3409945 -0.37700298 1.3602055 0.6480865 -1.1550776 -1.8722422 0.33080724 0.20272726 0.99330574 1.538534 -1.3395572 1.5757216 -0.9271987 -2.102591 0.3662833 0.4210258 1.2076303 1.9992919 2.4647563 0.43856627 -1.3896691 -1.0535803 0.30812398 1.1640849 0.46748638 0.4797219 -0.1466885 -1.3470268 0.99396664 0.42980957 -1.5141236 -0.47081602 0.36934236 -1.142249 1.108858 4.097502 -0.4601252 -2.6307611 1.1270393 -0.2440129 -0.13704558 1.0943148 1.2933074 -1.1662856 -0.08132043 -0.10818945 -0.7233371 -0.2656385 1.584664 1.2011454 0.3594883 -0.06464537 0.39370275 -0.07387208 0.82126963 -0.35692284 0.058566432 -2.5974767 -1.8187386 0.047154006 -1.4041076 1.4897703 1.2074628 -0.44365 0.71715546 -1.0690769 0.34072235 -0.6970762 2.0750976 0.2211243 0.28137544 -1.3762131 -0.019020565 -0.3719458 2.0710185 -0.45488897 -0.4189243 -1.1139718 -3.1560044 -1.7765797 -0.37340328 -1.1179209 -1.8740098 0.84399396 1.2835362 2.333054 -2.5014188 -0.42731002 -1.2444941 0.91271985 -2.461751 1.7675973 0.049813703 1.745563 -0.7797543 0.9366473 -0.53552645 1.3493681 1.0268074 0.6928189 1.144624 0.18986252 -0.9185296 0.929777 0.57887113 1.7831559 -2.5750887 -0.850799 0.36648434 0.12731434 -0.20566523 0.42309383 -1.5441707 -0.88553554 -2.717237 -0.015406674 -1.4604464 -0.3764874 2.0889573 0.09050557 -3.538809 -1.3318651 0.38898748 2.1443272 -0.14027797 1.5478654 0.65992624 1.3915832 -0.07514425 0.7545169 -1.7500329 -1.0302446 0.068121836 -0.47903118 -1.0187045 -0.9291897 -0.07241726 -0.4662939 1.2429885 1.3105078 2.3658476 0.6692767 0.05531472 0.48409986 -1.1043247 -0.6204304 1.0147226 -0.7059665 0.38695917 0.7306217 1.2668048 -1.7656223 1.7539843 -0.13395791 -0.2959976 1.4986873 -1.3846666 -2.3622723 0.8457947 1.6717844 0.99727374 -0.47976637 0.1720134 -0.16098148 1.5306803 -0.082286194 -0.10885405 0.68968457 0.91778654 1.0723106 0.24131002 0.9563737 0.17155342 -0.34899652 -0.113245696 -0.99729276 0.19178617 0.11994878 1.2530339 1.3297372 -1.333464 0.05944068 -0.581357 -1.0650322 0.14490992 -2.3656936 0.11036136 -0.5205154 1.8826565 0.6339834 -2.4049227 -1.8338678 1.2041725 -1.2155559 0.6460006 -1.6032405 -1.5010235 1.2076035 -0.940816 0.19568291 0.2287546 -2.4551187 0.2805376 -0.06145967 -0.071901955 -0.09375294 1.8059291 -0.67328453 1.745195 -1.3236319 -2.5194557 0.019469693 -1.0790998 0.29012215 0.93822926 1.1311041 0.2567208 0.84777755 1.024881 -0.1255 1.1048834 3.6142607 -2.704005 0.15085268 -2.8584437 0.467479 2.1871748 -0.72070414 0.36766085 1.8979212 0.54764825 -1.8948122 0.92170054 -0.9163565 -0.6005852 0.49178743 -0.63288975 0.16514942 -1.3671395 -2.053922 1.2884591 -1.8331605 -2.0993845 1.4814315 -1.2033414 0.24859901 -0.44049937 -0.71836555 -2.7556946 -0.49950492 0.78508645 -0.21587023 -2.3006234 -1.4155811 -0.33176428 -0.44885308 -2.090387 -0.9522117 -2.8639264 0.7077881 -0.20845565 -0.07486226 -0.2891046 0.97779506 1.2196672 1.4435202 0.06488795
onion 0.03357012 -0.67669004 0.67216647 -3.7580166 -2.4774103 -0.5971466 2.8548026 -1.3003882 0.87034404 0.7077889 -1.308552 0.92519957 2.9244578 -2.495617 0.26317698 0.71492136 -0.29445544 -0.71298075 1.0839063 0.19673534 0.032854524 -1.882829 -0.5558822 2.3848598 0.5713702 -0.52061874 -0.8367779 0.11724506 -2.2505724 -3.1706233 1.81963 1.1692655 1.6560131 -0.16518262 -0.2768116 2.0177824 1.1060807 -0.14853902 -0.2616376 0.99229944 0.08231014 0.18875591 0.38602385 -1.5816871 2.031412 -0.9697479 -0.30217084 2.5045764 -1.9124194 -0.7477942 2.56105 1.7114972 -0.56629544 1.2462593 -1.5809418 0.3635677 1.2670397 -0.55996346 -0.32843688 1.3150995 -0.021121426 -1.8000176 1.5319015 -0.3075038 -0.99261683 1.7535126 -1.6899598 -0.11304402 1.0632678 1.5170213 -2.6549556 -0.07387322 -1.8675617 -1.0258116 -0.04654015 -0.72656554 0.4815636 0.7134205 0.5921775 0.8270988 -2.0397685 2.0794673 -1.2643574 0.87376 -1.4097208 -1.8095814 -0.7830047 0.22337744 -0.6914364 -0.57280016 -0.25737104 0.19312257 -0.79050195 -0.42871815 0.3344395 -1.7496165 2.3058863 -1.314256 -0.9733544 -0.037477452 -1.2967398 0.668654 1.8604206 0.8319262 -3.5731356 -0.5579276 -0.1345338 0.5661475 -2.1403952 -1.0426419 -0.30931565 -1.2936496 -1.6175884 -2.7821507 -0.8630636 0.74739593 1.8959695 -0.73817915 -0.5547489 1.5932233 -0.8096157 0.078153394 0.058929022 -0.03917936 0.38523108 -0.13086355 0.3997572 0.16095608 0.52395827 1.1474508 0.5620413 2.0316634 2.2666526 0.26640707 0.20438725 -1.5833448 -0.9043671 -0.6790528 -1.2492495 -2.156635 -0.41965213 -0.6526393 -0.6955573 0.43459755 -0.11742828 -0.10158274 -0.7347392 -0.6927756 1.9778088 -0.31935936 -0.007304436 1.4148319 0.61726785 -0.05251095 -0.19082163 0.16679606 0.8661991 -2.5171208 -0.90404075 -0.25273508 1.6530181 2.8366563 0.8624659 -1.7066911 -1.0190431 2.3424368 0.5618832 -1.2581172 0.76717615 1.2562385 -1.016511 0.5588102 4.278493 1.0742975 -0.10046439 1.5310395 -0.48521113 1.50947 -0.028175978 1.1448365 -0.24047188 2.601318 -0.6074154 1.2880412 1.2042288 0.83017826 -1.5186359 -0.29115012 0.27831072 0.021144615 -0.8231066 1.2550039 -3.1662073 0.39952487 -1.3191918 -2.031527 1.1223232 -1.2473645 -0.8922202 -1.5994772 1.3209219 1.4119656 -1.8514888 0.78623736 1.6297653 -0.8274313 1.6709807 -1.1199807 -0.8148606 0.5110792 -1.6054314 -0.65165967 1.1849718 1.3520685 0.75084233 0.37019154 -0.671065 -0.320294 2.5949 -3.4562504 -0.17298722 -0.24694148 -0.92741174 -1.3347983 -0.64035 -1.5360595 -1.1239723 0.46156684 -1.3931856 -2.2285733 2.4739983 0.91869855 -1.1839678 0.664976 -2.367138 -0.3850775 -1.1252127 -1.2470008 -0.906314 0.9641191 -2.2831688 0.42374247 -0.31351203 0.7447244 0.41233367 1.2067112 1.0758232 -0.8125414 1.1981505 0.27567008 -0.8431587 0.007428318 -0.73083913 -2.1333203 3.7556896 -1.3349866 -0.9918581 -2.2650228 0.3859865 0.788307 -0.023657892 -3.3322542 2.0630317 0.6404892 -0.49993837 2.138701 0.38782802 -1.5339636 0.18892336 -1.0135074 0.47914553 -0.5179853 1.1712751 1.840006 -2.913127 -2.0358338 0.45137614 1.302001 2.1927633 -0.6298869 1.2236084 0.42357203 0.47466755 3.6985595 0.3617434 -0.6214461 0.101492554 0.46618655 -1.9266573 -1.6449502 -0.80450076 -3.0101755 0.33138624 0.31397647 -2.1384091 -1.21074 -1.4893734 -2.480062 -0.55341053 0.38466564
paint 0.14737383 1.0214937 -0.829373 1.6437507 -0.13495632 0.13532315 -0.8909705 1.7155043 1.206805 -0.62844837 0.9932376 -0.09551674 0.665036 0.8341433 0.7843299 0.79818386 -0.75017273 -1.7076819 -1.24314 1.4821976 0.06372261 -2.4685066 2.7145267 -0.82204366 0.83750445 -2.1441529 -1.4329653 -1.5116674 -1.342233 -1.2997848 1.2236183 -1.5934834 1.2112829e-05 -0.31477654 -0.25603735 1.2517524 1.8717315 0.44458833 1.5002201 0.14018698 -0.7090229 1.3608527 0.31225854 1.3346839 1.3846838 -0.76047283 -2.4554913 -1.828972 -2.5042865 -1.2952193 1.962301 0.64252865 0.40448752 0.05035089 0.35877463 0.53934366 -0.7566625 0.9551314 -2.2368329 1.002657 0.51055634 0.21272092 -0.21516515 1.5160723 0.7773166 2.212442 0.30655265 1.5285827 2.055721 -0.5243697 -0.558552 -0.4241121 -0.28063112 1.7297816 -2.0838394 -1.4207857 0.23716225 -1.4357212 1.5744791 -3.5825245 0.4295413 -0.15255427 -0.20293327 0.06267486 -0.7057249 2.3561845 -2.4706275 -1.6436703 -0.79609156 -0.9550527 -0.39233223 -0.52824634 -0.7531278 0.927265 1.4576914 0.63358676 -0.5909658 0.9285155 -1.3612769 -0.2792543 0.009785831 -1.1562452 1.1407708 -1.0042312 2.105867 -0.84941757 -0.83210456 1.4720887 -1.1546319 -2.0131733 1.6339542 0.5138624 0.788439 -0.6969916 -0.639368 1.2006627 0.25349754 -1.043027 0.026748322 -2.025165 0.20117709 -0.13035001 0.06294021 1.4857914 0.8518046 1.3429407 -0.1990965 0.3488548 2.1885695 1.2608922 -2.4635055 4.3267856 0.6546507 -0.6763864 1.0597457 -2.7609777 -1.0246624 1.6545088 0.2723756 0.78348106 -0.25109538 -1.6738758 0.46319386 0.20112735 0.46005884 -0.9020574 -1.238592 -0.20409895 2.008019 -1.7004356 -1.6044956 1.3558995 0.98649156 2.9684896 1.2962143 1.4392285 1.7782726 -0.08437759 -0.55373526 -1.5667454 -0.0687531 0.6226387 -2.2212677 -0.50821507 -0.45036116 2.819068 2.0320253 -1.5775545 2.7146125 -1.530869 0.16769996 0.95480657 -0.007622683 1.3616147 -0.53916126 0.11915215 -0.49733105 -0.51076925 -0.22386411 -0.036704555 0.91690046 2.0407739 5.0206933 -0.9885154 -1.5411341 -1.8128201 0.6240509 -1.261622 -0.77330047 1.3502295 0.779794 2.6362193 -0.6915884 -0.3373522 -0.021182176 1.9761758 0.4143281 -1.8586241 2.3328636 -1.3245006 0.7984867 -0.7140793 0.6062693 1.0460446 0.7714177 1.5359755 -1.2067673 0.6233523 1.0750098 -0.5699109 -1.7232249 1.2230065 1.5018052 1.0687301 1.2248698 -1.0113815 2.7627463 -0.85954344 1.8361793 -2.5463831 1.4445404 0.57080704 0.7679008 1.0259604 1.3546422 -2.456277 -0.7548145 1.7400196 0.7418291 1.9369001 1.6190573 1.1483128 -0.9427419 -0.706201 -0.97245497 -0.25035 -0.52951425 0.9827028 0.16885228 0.025406785 -1.9185101 -0.9685715 -0.7746199 -0.90954214 -0.26359373 1.3322378 0.062269837 0.57869565 -0.8083178 0.21723294 3.29524 -0.03017297 -0.58254004 -1.0301923 1.3762587 0.9211388 -0.24860424 0.27836394 -0.54766357 -1.3636396 -1.5326824 1.5481626 -0.92684484 -0.22052015 -1.2007885 0.6029468 -0.40368193 2.0970795 -0.46534935 2.4737346 1.4066441 -0.34065235 0.28748232 2.1572375 2.2487457 -1.1892223 0.5438766 1.1899431 -2.4967923 0.6324092 1.1344177 -2.9147809 -1.2556499 4.7731752 -0.99066967 -0.4760908 -1.4189545 1.3717977 -1.2795095 -0.9869551 0.34845048 2.2349331 0.044566955 -0.98591965 -0.40235245 1.2919776 0.6929722 0.04196822 1.0834315 0.27965954
cinnamon 0.23200572 -1.1947739 1.1465973 1.2492481 -0.12565222 -0.43664262 -2.2334528 -0.16929701 1.1841824 -1.2020146 0.87613076 0.21203253 2.0946968 2.2203872 -2.512191 1.3445429 0.95120543 -1.9304789 0.038195476 -1.572692 -2.3205135 -0.9635768 -0.5072727 0.9072845 -1.2256064 -1.8017676 -0.13525012 -0.6391305 -1.4773382 -2.057164 1.1187598 -0.38981417 0.6604906 0.044716742 0.06010378 1.0828141 0.09670478 -1.7151195 -0.3230897 0.84721154 1.8369656 2.6629896 -1.5190296 -1.8429879 2.1924825 -0.46600673 -2.3276775 -0.6586205 -0.07251465 0.90916353 2.874584 0.34657684 -0.83507097 -1.4566672 1.1903532 -1.1189487 -1.1473371 0.20317537 0.56617975 2.1774116 -0.4068341 -0.2059024 2.5110369 -0.2981052 1.928533 0.3497884 -1.5512313 -1.1016525 2.2513072 1.0273088 -1.8276583 -0.89018065 -1.4517066 0.057596534 0.6485077 2.3431518 2.001072 -1.7143662 0.69564307 -2.0082386 1.6365607 0.48427448 2.1617935 -0.089117065 -0.87292993 -1.9941736 2.067724 -0.23100528 0.14522776 -0.86601627 -2.2609932 0.38833308 -0.99585587 0.03279112 0.7661399 -0.45024443 -1.3176107 1.0260824 1.1850625 1.3100804 -1.9003799 0.6663695 -0.5120515 -1.1700965 -0.49237156 -0.23644271 0.9728097 -0.7508117 -2.0565708 2.1390262 0.98608005 -1.6751171 -1.4590172 0.34192923 0.758535 2.4271834 0.92261344 1.5999405 1.0537825 1.0570372 -0.5382276 0.216955 2.3524303 -1.9918854 0.43694332 -0.76187664 3.147419 0.23725578 1.4018414 0.33064544 1.1083946 1.287935 0.75625795 -0.29591203 -0.22695756 0.5635601 0.18412575 1.1923808 -1.9648569 -1.4535435 0.08645689 -0.9916977 -0.03939859 -0.9805419 -0.04081619 1.0813842 -1.1394509 -0.8243005 0.44340742 0.14787512 -0.5607786 0.028775804 -1.6350534 -0.39084393 -0.6590118 -0.18605685 2.57066 -1.4515454 0.21744776 -1.6067991 3.7173512 2.5822666 1.1274351 0.22443026 0.024016902 1.9781964 -0.81323624 -1.993153 -0.4830214 -1.3139368 -1.7112471 1.4908116 0.0888197 0.8406647 -0.27445453 -0.6155087 -0.50363475 0.003926091 2.4697976 2.0457003 0.5464473 -0.08256482 1.934371 -1.6838131 0.08707326 0.80136615 -0.7663257 0.1878371 -0.37549606 0.23137395 -0.31761447 -0.65408015 -2.766577 1.222482 -0.7866342 -1.7923675 -0.50720704 -0.32998013 -2.0439472 1.0562773 -0.5003974 1.2855777 1.2753483 1.4562459 -0.012356265 -0.90311164 -0.92575556 0.63039154 -1.7226526 -0.37321898 0.9533435 0.8335668 -1.4277866 -0.64779294 0.6415484 -0.7202363 0.34439653 0.45555687 -0.5688945 -1.8554316 0.9020238 -1.2199216 -1.1646802 -3.7655845 -1.7680253 -0.16505098 0.7204682 0.13631332 2.2189572 1.4037828 -1.4242296 1.0338538 0.36221886 0.92605126 -0.86697656 -1.0161616 -0.6142036 -2.2100048 0.81187624 0.69285715 -0.64479613 -0.99220467 -2.023033 0.5735075 0.6116825 -0.9479722 -0.83776873 0.26185864 1.6376022 0.85552114 0.7438231 0.33632663 0.54631567 -1.0157831 2.5551302 -1.7691984 -1.0415146 1.3362818 0.36517528 -0.021275671 2.032107 0.32523158 1.7318776 -1.9253377 -1.1902709 0.6609102 -0.13041261 -0.1536924 -0.76066107 0.65262264 -0.29064 -1.0586554 -0.042193025 0.12656769 -1.271049 -1.8591734 0.8959622 -2.0482552 1.9851956 0.4016489 -0.39341012 -1.4878738 0.12283386 2.2608807 -0.6603899 0.7330813 -0.64978504 0.21518779 1.4043416 -3.5857768 -0.17470269 -3.3424556 1.5528764 0.5117273 -2.0923743 -1.6978137 2.6302462 1.3818969 0.8991932 -0.30168298
egg 0.77059203 -1.1633934 -0.61391246 -1.2457489 1.1153067 -1.2993519 -2.2673948 -1.2163324 0.87715816 0.45800495 -2.1398268 1.1383941 0.6753901 -1.5107392 0.2821343 -0.2050178 1.3423393 -2.081111 1.4264107 -0.0860917 -0.90238976 0.286748 -0.18846506 -0.61085075 0.50590837 1.8212763 -0.99449176 0.4062047 -0.46205738 -1.5381682 1.3069843 0.5348686 1.0471579 -1.9592683 1.4111242 1.2507012 1.1911072 -0.2858936 0.56896114 1.2035208 -1.3680285 -1.0628083 1.6383119 -3.8360782 2.8200831 -1.4053121 -1.633354 2.8897414 0.19815919 -1.3692719 -0.01733689 -0.35157877 0.39125836 -0.1462261 0.29187754 0.58748996 0.6420574 -0.9111249 -1.2954271 -1.5249873 1.321623 -0.07012868 1.5693048 -0.7245806 -2.747488 0.48697165 -0.44238207 0.110989265 2.0009065 -0.55346674 -4.329446 0.32224333 -1.318936 -0.74386966 -0.09826293 1.0473572 -1.3384427 -3.203589 -0.022326775 -1.2285142 0.58162886 1.3150634 0.8738256 1.9714934 0.95214576 0.09373209 -2.4271321 -1.8568633 1.212893 -0.010975648 -0.44452414 0.61558706 1.4038042 1.566848 0.27621883 -1.4313244 1.8785968 -0.11013872 -3.2200308 2.0992103 2.3194954 2.7986932 0.45698422 2.9628496 -0.2478634 0.31447294 0.4563978 -1.579124 -1.1088831 0.02492696 -0.3683614 0.20361747 -0.13209784 -0.2984355 -0.6162188 0.5006295 -0.11649228 0.62835914 0.7639074 1.1072302 -1.8710904 -0.69596934 1.893937 0.39899608 0.3504051 0.8900727 -1.3470571 0.08634041 0.9105112 -1.3052346 2.2347815 0.65385437 0.20071554 -0.30065978 0.39645103 -2.1113238 0.031136017 -2.4048085 0.31974617 -1.416281 1.2354199 -0.90645295 -0.9629802 -0.17349409 1.6322465 -2.676667 1.2996689 -0.3564247 -0.5041608 -0.96199304 0.037383802 1.9022231 -1.2135737 -1.230618 -1.0966113 1.4443002 -0.8128757 -1.5768733 -1.5869656 -0.12458506 0.39345446 0.20002264 1.4485626 -0.6991132 0.84125936 1.9272826 -1.1747265 -0.8839815 1.410697 0.37666836 1.2363558 -0.8554953 0.5793509 2.8720534 0.9395888 -1.2786688 -1.9494083 -0.29340369 -1.4276356 -1.0293915 1.431765 2.7016952 -1.4331416 0.810168 -1.1609256 0.84181285 -0.7148999 1.5200195 1.1090096 -1.9245249 -1.1734587 -0.3107403 -1.4085231 -0.3167508 -0.3380718 -0.5977212 0.6974259 -2.6566288 0.6304326 -1.252095 0.98929745 2.2298944 -1.8119578 0.55712914 -1.573379 -0.077237114 0.43920138 -2.317832 0.83596617 -1.8646989 -0.66917896 1.2421495 0.8202918 -0.51330924 0.64855987 1.1229115 1.9612666 -1.7720927 -0.83368003 -3.1910868 -0.108832695 -0.12892172 0.7688911 -0.35965708 -0.7591267 1.1217443 -2.4600196 -1.1682038 1.2160022 -0.3335414 2.8033023 1.3576562 -0.060094576 -2.2516956 -1.1091728 -0.96462417 -1.3883823 1.131027 -0.4101599 2.9933138 -2.2171187 1.6183895 0.33829042 -2.325187 0.7692752 -0.13562348 1.0726606 -0.47065547 1.1682427 -1.5812958 -0.2673779 0.5860871 0.17532416 -2.098503 2.3801527 -0.15590943 -0.0015865908 -0.8122607 -0.22767095 0.43707806 1.584533 -2.8760107 0.8651591 0.24661268 0.1563892 2.7818618 -0.17505196 1.363263 2.5902762 -1.034116 0.81473976 -1.4784992 -0.4594426 5.0588703 -0.21726462 -2.6451042 0.8520063 -2.2563674 0.1616737 0.051702634 -0.037667222 -0.22285123 2.4550817 2.134784 -1.9987885 1.1781121 -0.72689646 0.34185284 0.04094093 -0.02478525 -0.5726266 -1.72197 0.7558075 -0.554955 0.50484395 -1.3796604 0.0016565567 -3.183377 1.4368812 -0.92327845
mouse 2.1734893 -2.5616326 1.0112904 -0.45928663 0.6777951 0.2567365 -0.7129199 -2.7443523 0.5308636 1.5170984 -0.85152775 2.9029691 0.04400161 1.9809206 1.5144087 0.72975785 2.7387998 -0.7038841 0.74448216 -1.3541318 -2.8762157 -0.7013133 -0.6900138 2.9630637 0.3835368 2.3764691 0.9052273 -1.15905 0.6281649 0.08355096 2.096979 -0.016255658 -1.0173155 -1.3348211 1.0573131 1.8908957 1.7916061 0.27364028 -1.2075218 -1.7010279 0.17158021 -0.9324393 -1.3452119 -2.2209153 1.29972 -0.23719807 -0.047259547 0.8091536 -0.6383361 -2.0414054 -0.8399929 -1.491267 0.81373435 -0.7947441 -0.9862584 -0.28586513 0.464739 1.7725909 1.5639803 0.90563697 1.4091184 2.7782876 0.86365014 -0.89064366 2.1123564 0.4440579 -0.9099112 -0.8642046 -2.0372615 -0.53043306 -1.000802 -0.3382971 0.531636 0.8659542 -0.5163637 1.7744488 1.244592 -1.8188491 -1.0884277 -2.6352983 -0.50740427 1.9044592 1.460142 0.9336303 1.1231475 1.3137972 -2.1556356 1.334988 2.4310992 1.7278005 0.3622739 0.52127856 2.5874841 -0.16085297 -0.98454493 0.079294205 3.194206 1.3990324 -2.6028438 0.4790199 -0.48187673 0.91209376 0.6091267 1.2085483 -1.4648501 -1.1685117 -2.394196 0.6509155 -1.4191084 3.2060356 2.564161 -0.050539307 0.21169266 3.0877926 -0.03604229 -0.6755041 0.9494195 -1.6237359 1.3919297 -1.3232366 -0.34984058 1.5664229 0.9843514 0.21476863 -1.6186619 0.121699914 1.8287058 -1.1846882 -0.9037044 -0.67394453 0.6309942 -0.15376717 -0.22594729 -0.75671893 -0.8895859 1.428632 0.15398146 -3.2748244 -0.59168315 0.60270405 1.0280192 -0.08313719 -2.9585996 0.07487539 0.7370446 1.3711828 2.5262434 1.1647581 1.2586893 -1.1458791 -2.5024934 0.8147106 1.682747 0.33193737 1.3585299 0.74145633 -2.380139 -0.096813954 1.4023501 0.8853958 2.9610515 0.5160105 -1.9623013 -0.08924366 -0.41836897 3.6877413 0.16201738 0.8693219 -2.6265762 2.88273 0.08460225 -1.4394283 2.0626123 0.5671651 -2.1457858 -3.780683 0.11511849 -0.5244127 1.0883259 -0.67937905 1.9061757 -0.570683 -4.6753635 -0.70857996 -0.010850136 1.6049325 0.29168397 1.2678157 -0.5295588 0.74697304 -0.22021869 2.4491167 -2.2655842 1.2590481 0.60834134 1.3026445 2.2132385 1.3089637 2.2654862 1.0942776 -1.5377651 -1.3984048 -2.5383105 0.69280595 1.5882789 0.9866768 1.2872818 -3.1694808 -1.1757008 1.1158398 -1.5001653 0.75796676 1.4402981 1.8377422 1.3227698 0.027776996 3.5475094 -1.5239068 1.1257827 1.7866709 1.5547781 -0.3670129 0.8195528 3.1757588 0.43637398 1.5286437 -0.8713235 0.20300363 0.10620972 1.4739255 1.5113815 -1.591579 -0.41086218 -2.3065753 -2.7646487 -3.5596788 -3.1300948 1.2967666 0.86105865 -2.3017688 1.7837912 1.3599234 0.35924828 -1.6300055 2.6300733 -1.0734254 0.23228237 0.96961284 0.2255168 2.7862608 -0.12215937 1.1966233 0.50878537 -1.8844689 1.6002876 -3.317107 -3.1983578 -0.051558476 -1.8963715 -0.5539562 -0.41798607 -0.26090193 -0.91470283 0.7754776 1.4182199 1.0672882 0.9596595 -1.2751682 3.0400915 2.769862 -0.24355023 -2.9685152 0.005903546 -0.9984377 -1.1372242 -1.4710488 1.6749798 1.1540543 -1.3540492 -1.3522764 -0.18560947 -0.07084174 1.222103 2.177062 -1.0620797 -1.7791061 1.9657116 0.10328875 1.944299 -1.7913617 1.2813224 2.11482 -1.180644 -0.8399135 1.7538677 0.735839 -1.0989623 -1.8313612 -1.7923919 0.5261772
cologne -1.0361149 0.28591833 1.3146955 -0.8991075 1.8005297 -3.8192728 -1.4784213 -1.2961601 0.269973 0.18337671 -0.4056489 -0.015071643 -0.7376154 1.9353342 0.011541059 1.4653481 -2.9055185 -1.5696775 -1.1293184 -2.3170679 -0.061656486 -0.26221707 1.2199961 2.8450465 -2.1788974 0.8252346 -0.46948242 2.2019467 -0.7883066 -0.14640914 -0.36610964 -0.7535875 0.5263808 -0.12787375 -0.7964406 -0.38275027 0.14817728 1.0357027 -0.13356067 -1.4170146 1.9093367 -0.2448872 -1.7208614 -0.08886125 0.43925047 0.3936928 -2.822056 -0.322026 0.46972966 1.3635741 1.1681035 -0.6022632 0.13802432 -0.285155 0.02608395 0.60208374 -1.3063427 0.14144143 1.6411545 1.1575915 1.1416608 -1.8597182 0.67949486 1.0492238 -0.12011206 1.1010282 0.38568553 -0.7612229 1.2920039 1.4056733 -1.1412024 -2.0715165 -1.0365387 0.22724083 -2.1248093 0.0819697 0.09723088 1.3439046 0.3133432 -0.42175108 2.3364697 -1.413761 -1.1140298 0.27105913 0.36552876 0.33245957 0.08022177 2.3262613 3.5879345 -0.7488443 -1.4233923 -1.4297079 -2.6706762 1.7104756 2.3747387 0.58037907 -0.08014054 -0.34913802 0.22253412 -0.10130551 0.9908259 -1.4058129 -0.87302727 0.497382 -0.110317506 -0.9503657 -0.96795285 1.5284548 0.8137904 -3.2743847 -0.19512096 -1.151264 -0.2511867 -1.2455324 0.29822466 0.9748744 -0.13741797 -0.6658641 1.3784839 0.30887604 0.9873607 0.2767474 1.8848945 -2.2241993 0.8736189 2.6099668 -0.36892796 -0.82917356 1.1242623 0.31045467 -0.38731313 -0.9334321 0.33076537 -0.71862096 1.2708638 0.46496174 0.17807364 -0.8649111 0.15337832 -0.37993273 1.2577009 1.437522 2.9007137 -0.46286434 -0.29132026 0.34667882 -0.95006937 0.3304419 -1.0187253 1.763866 -0.092829116 -0.28155708 -0.56020176 -0.7092487 -0.38147026 -0.30255318 -3.0699725 1.0901375 -1.4898058 1.2370313 2.192269 0.47277611 0.35356462 -2.095054 -0.8422103 1.0753473 -0.9004041 0.1795548 1.010054 -2.2109609 -1.8945124 -1.1950135 -0.38950783 -1.4809328 -1.4009361 1.3929476 0.38236293 0.63178486 -0.21347553 2.5965796 1.6767552 -0.45226517 0.8092193 0.73497087 0.05395526 0.051797494 -0.8737245 -0.9145041 -0.0697912 0.25308812 2.2474551 0.23012719 -0.46792156 1.4476266 -0.12330917 -0.98698944 -2.5871668 -0.15503761 0.13551204 -2.626441 2.6187127 -0.23847929 -0.033797726 0.63533765 1.1849436 -0.1136052 0.070188455 -0.20853285 -0.3734667 0.3195489 2.041624 -0.8280315 -0.32694805 -0.5099692 1.735889 -0.6802596 -0.502977 0.2222892 -0.06448836 -1.1292206 1.2250812 0.9005464 1.4152776 -0.7251793 0.44875956 0.31927612 -0.43595523 2.2376704 0.924371 -3.2116532 -1.403977 1.738551 -0.965584 0.04321849 -1.4927467 -2.4193983 -1.9118788 0.6737734 0.12018688 0.03558349 -1.0427946 -0.3849663 -0.7921274 -0.62413794 -1.0474873 -0.2625473 1.1747135 -3.5258758 0.8461671 0.89772344 -1.1335691 -2.00954 -0.8774359 -1.8550564 -0.70263976 -1.8376182 1.2653505 -0.00035242536 1.013114 -0.58488977 0.40092355 2.3068435 -2.2275107 -0.614467 -1.116333 -0.41455492 0.106883176 0.833157 -0.3331121 1.3724908 -0.08772319 0.29622453 -0.5871075 0.3174164 0.9876265 -1.191398 3.691418 -0.79840714 -0.67098373 1.6050001 0.6876726 -0.50515723 -1.8497427 -0.42143217 -2.206034 -0.15387702 0.44052893 0.71760046 0.86154556 2.1126883 2.2175148 1.5170686 -0.22854427 0.29878974 -0.05559945 1.5952586 0.24760613 -0.06364495 -0.3227288 -1.1422864
pine 1.0463144 -0.78072274 0.40260932 0.87549156 -0.9370969 -0.5557404 -0.74327636 -1.1785228 -0.073766485 -1.4011661 2.1300092 0.8720493 1.7604035 4.070651 -1.9355128 -0.42390266 -0.34096637 -2.4252203 -0.10243341 1.2973987 -2.172022 -0.9331989 -0.99112177 0.8059826 1.0689243 -1.3982717 0.28064284 -0.27554655 -3.0650642 2.2136238 0.9512037 -0.31150836 1.3285911 -0.24405593 -1.1698257 0.5591994 0.051014856 -3.1473923 -1.1625916 1.8702013 1.4108323 1.2978148 -0.64361113 -1.2252045 0.259621 -0.08460387 -1.5793815 0.009085271 -0.15708286 1.3925085 3.0162296 -0.09680542 0.97379684 -1.2608906 -0.7506097 0.120009705 -1.3098104 2.0778086 -0.031248823 0.9561177 0.06945281 -0.68554866 0.40612757 -0.075294614 0.79895145 0.79667974 0.18954043 -2.3318543 1.2352159 -0.97555554 0.021016976 -0.5728391 -1.9806794 0.7863406 -1.7969884 1.1477833 1.983887 -0.46685147 -0.08423966 -2.6333966 1.5019388 1.4361795 2.1328719 3.500749 -0.6085483 -2.4561346 0.5465573 1.7741499 2.158415 -0.044870432 -0.8601173 -0.35162243 -0.7545528 2.6224587 1.0141886 0.56191826 -1.7531621 0.013885973 2.6715066 -0.4746784 -1.3632092 0.38074702 -0.7498595 2.6918156 -0.20523396 -0.57989985 1.8325962 0.810733 -0.4692678 -0.27313173 -0.52717197 -1.1811259 -0.6069956 0.026171232 1.0433103 1.9969941 2.1166563 0.8004998 0.8734322 0.40832207 1.3383029 -0.09301703 0.7841933 -3.2894156 0.04025275 0.86421645 1.4424373 1.2691553 -0.78105664 -0.4222041 1.4874101 2.7895172 0.93171203 1.5014789 0.7019933 1.3941476 -0.05142152 -0.6288771 -0.058560614 0.23244008 0.5822731 -2.5734189 1.2830923 -1.6406761 -0.77353436 1.7175972 0.44021264 -0.85534024 1.5017225 0.34507564 0.92748916 1.1805009 -0.38423428 0.94190896 1.0320978 -2.413579 2.066451 -0.19459054 -0.061072756 -0.74656886 4.0391583 1.4649142 1.4614893 -0.5171273 0.5517173 0.39175642 1.5032421 -2.1614692 1.2244195 -1.2565202 -0.1621398 -0.31907743 -0.3174425 1.1772295 -0.53872406 0.6801541 0.55284923 0.7762053 0.4536383 2.5876622 -2.0033567 0.716858 0.6844884 -0.5032807 -0.14574634 1.8095052 -0.9928137 0.30073377 0.18142103 2.9966211 1.0162762 1.9055046 -3.0508785 0.6675717 2.057263 -3.8224795 0.24976188 -1.7902786 -0.5290893 -0.8461904 2.9460962 1.2592263 -0.055145375 1.8202645 0.30536816 0.024233315 -0.50918275 -0.83863205 -0.49954367 -0.11289361 1.7152507 -1.0682576 0.13982245 -0.82787716 -1.1761931 -0.5385881 2.7069857 0.4251042 0.3527081 -1.556375 1.4883322 1.134496 0.9366457 -2.9148862 -0.09122469 -0.033844493 -0.38984394 -0.008684089 -0.29858682 2.5133793 1.2309552 -0.6678097 1.2957008 -0.5101282 -0.18551403 -0.4032748 1.3119967 -1.5014222 0.9419395 -1.5016783 -0.045229454 0.22295214 -2.7073135 0.45807472 -0.76398236 -1.416735 -1.0774276 -0.7113096 0.21301332 -1.1770451 1.8485873 1.4049643 1.6894644 -2.0516615 0.9614437 -0.70116216 -0.31298843 -0.2935117 2.955186 0.3906263 0.73261225 0.6053405 0.37523448 -0.63801056 -1.0655395 2.3684464 0.6311017 -1.3120782 0.89734495 1.5656005 0.52591413 -3.056201 0.5423498 0.85760957 -0.71054876 1.1136153 -0.18556981 -1.7906108 -2.1473637 2.0708055 -0.80549693 -0.18422188 -0.6528911 -0.19075291 -0.5917768 -0.76630986 -2.8493316 0.39726537 0.9807624 -0.79280466 0.85954803 -1.3574703 -1.3497958 1.4427693 -0.014081 -0.25272518 0.21024394 -0.3496867 0.38592675 1.4617549
incense -0.9480381 -0.40281343 -1.3649236 1.289809 -0.15037195 0.35780427 0.31584805 0.9446865 0.7979673 1.805198 1.6545545 -2.2256782 -0.03891552 2.4291282 -2.9464848 2.6201084 0.59474325 -0.24626745 -0.46491614 2.3652844 -2.033527 -0.42356998 -0.17477131 1.737645 2.2247858 -1.7344924 -0.01763706 -0.9256135 -3.5958717 -0.31165224 -0.2254355 -0.7001391 1.6268612 -0.57805103 -0.12529182 1.2023051 -0.43073118 -1.8313658 1.5686007 0.23162764 2.2558076 -1.1571964 -1.7123129 1.2335355 0.69937706 -0.7866599 -2.6557806 0.5200603 0.079032876 0.07939728 0.3217968 1.1569124 0.0023267458 -2.2708027 0.5007723 -0.04652599 -3.0514524 0.64978194 0.6854441 1.1959326 0.3753842 -1.2333658 -0.032637317 0.13950075 1.7531178 0.50125 -1.9095943 -1.6806725 0.6686127 -0.8641693 -0.82657874 -0.016088432 -0.8671912 0.75998414 -1.4374466 -1.3214751 -0.41146538 -1.2574605 0.9392572 -2.2937634 0.5992258 2.226275 -0.47040245 0.20817234 1.0805252 -3.3796723 -0.9321519 0.64828277 2.7837226 -0.8207497 -2.3145697 -0.7097371 -0.43562096 -0.79164696 0.3108603 -0.25416467 -0.1141062 -2.494239 1.2876143 0.6488654 0.1492251 -1.158445 1.218907 -0.9044916 -0.14082776 -1.8499187 0.060752895 -0.21492013 -1.1197573 -0.021352863 0.34232193 -2.034667 -0.37558657 1.853917 0.6323857 2.6631904 0.15685283 0.6723761 0.51224566 0.46984807 0.5211329 1.800806 1.3817233 -3.2773137 0.25386745 1.7962388 1.972533 0.27297074 1.2026708 1.32261 0.055526078 0.69355047 2.462812 -2.340257 1.1733183 -0.014697261 -0.7675516 -0.96136034 -3.8080707 0.7949446 1.6664896 2.3659384 0.31931618 -0.98389614 0.010391697 -0.67970216 0.2456822 -1.3304578 1.0812539 0.6266331 1.6919175 1.9594334 1.9118346 0.9850258 0.06482188 -0.45030382 0.80629504 1.8515046 -0.13093248 -0.8063836 1.897313 1.1158935 1.5555936 -0.77294713 -0.5794052 -0.2742806 -0.5976454 -0.98097634 1.3142833 -0.12684774 0.12675774 -0.20381518 0.22299369 0.99462754 -0.7002653 2.6580172 -0.6953361 -2.0518806 0.8029685 1.7319824 0.12039861 0.28547922 0.24372452 1.8490785 -1.1225547 -0.8510121 -0.2647869 1.0283729 1.2373441 3.0196435 -1.0448235 -0.13271165 0.94269854 0.87832886 0.40392545 -0.0029385863 -0.18300231 0.97975487 1.2597108 -0.06874187 1.9951947 -1.9771703 -2.0430396 1.1717885 1.2329031 0.22632994 0.28200987 1.1651821 -0.5848046 -0.35043812 -1.6650156 0.50967675 -0.9332807 -0.8731837 -0.8380325 -1.67653 -0.8628135 -0.5900715 0.66688025 -0.08411729 0.46649367 0.78114283 -0.08019971 -2.9628496 0.8520632 -1.4748721 -0.58929604 -1.1959653 -0.44240418 0.14466237 -0.09759084 0.32160136 0.4820325 1.2698449 -1.3112038 -1.2975599 -0.14123912 -0.2919239 1.0592127 -0.3523597 -2.9873188 1.3538821 -1.5472839 1.8828185 -1.080582 -1.2827387 1.1753197 1.8392453 -1.1461195 1.7312499 -0.21014974 0.85386634 0.06262015 -0.2800399 1.4150552 0.9085966 0.66381377 -1.2410141 1.8751165 1.2105501 0.8780985 -0.11151204 -1.1474228 -1.4667516 0.49273166 1.3673182 -0.16684335 -1.356786 -1.0392498 -0.19213943 -0.71761024 1.5134568 2.1197846 0.67330116 0.7538482 -1.4429857 1.8095659 -2.0529642 -1.2126373 1.5913827 1.7196373 -0.5360219 -2.2606192 1.661381 -3.9053764 1.1160957 -3.5938146 0.03797365 -1.5855604 0.16076048 1.9470696 -1.4029574 -0.86473596 1.7838591 0.5313717 -0.036818955 0.25481296 0.5553201 3.1093404 -0.3342365
honey -2.0054216 -1.0736618 1.4092106 0.03474875 0.6324345 -0.8494664 -1.113516 -0.26584136 1.289723 1.3989921 -2.6922944 -2.1897779 1.9293295 1.1058346 -2.2795837 0.47745284 1.5557144 0.5219397 -0.08785494 0.3821191 -1.3963137 -2.0453246 0.7307584 0.18055885 -1.5634034 0.56710786 1.2140843 0.3783729 -0.91413164 -1.3439926 -0.7660305 1.3529088 -0.46485344 0.21696408 2.2950144 1.1855376 2.6949265 -1.8269749 0.98311967 0.12537482 0.8486249 0.86616725 -0.98359674 -0.5009939 -0.91493505 -1.0603025 -0.19768792 2.1380718 -0.51130146 0.28539267 1.6058769 1.2670828 -0.5265126 0.9087106 1.0727736 1.0957825 -1.3033942 1.5911994 1.8325042 2.0517063 -0.4106941 -1.0280424 0.24893974 -0.45943108 1.2609304 0.6602925 -1.3388458 -0.7975127 -0.06417446 -0.037699725 -0.5313891 1.0855312 -0.19795443 2.1226444 -1.3460385 1.1174315 -0.32817873 -0.48409802 0.27000993 -1.1671085 0.7288976 -0.44507736 -0.47385275 -0.888645 0.64348 0.9118783 2.8178575 -0.90624535 1.1380433 0.5433399 -1.206637 -0.8732446 1.6339617 2.8304443 1.713751 -0.8478617 -1.104869 -0.3034608 -0.88982517 1.6431489 2.519946 0.5621975 -2.730089 -0.5808111 -1.0683337 -0.1378754 0.09118525 -0.91369665 -0.30437177 1.573232 1.5110457 -2.886986 -0.45475107 1.8273579 -0.8861163 1.5690469 1.694121 1.2859534 2.7355342 -0.034424797 -1.8273739 -1.4611822 0.3556432 -1.6866328 -0.19847207 1.6932715 0.01323718 0.4597575 0.38620368 -0.76845706 1.012901 1.2450399 -0.27738875 0.19964412 -0.40528357 -0.7791057 -0.5904845 -0.5599273 -2.8112068 -1.5004542 0.95386624 -1.2538463 -0.8302989 -0.30209857 -1.0775353 1.3967546 -1.3526548 1.4290451 -0.7743583 1.6109927 0.76488763 0.6379148 -0.024164766 0.18480478 -0.18551391 1.5191969 0.44814277 -2.915521 -1.2370085 -0.9370244 1.3444018 1.405568 1.2887552 1.0922883 -0.0054143076 1.3139026 0.5554223 -2.083127 0.057765488 -1.7426428 0.50623965 -0.77024287 -0.6995613 -0.054812875 0.25321752 1.5746317 1.7292894 1.9831445 -0.1176429 1.1238624 -0.29840663 0.23287663 0.83885634 1.3975993 1.1679746 1.7186496 0.5569164 0.730938 -1.1181519 1.4616141 -1.0272193 1.352247 -0.7618605 1.1017025 0.08793951 -0.79861695 0.57973 0.3239615 0.41696444 0.6153627 0.12990087 1.8631766 0.15600958 -0.8027181 0.69071114 -1.500014 -1.0696354 0.5998793 -1.255182 -0.36729896 2.0011415 1.9059997 0.7635921 -0.32281512 1.3082175 -2.8291605 -1.7342134 -0.67147887 0.21837991 -1.8909831 0.32170397 -0.082079865 -1.4348809 -2.910962 0.0072489507 -0.014397179 1.3987627 0.83900774 0.82108444 0.84741443 -0.14728239 1.0127473 -0.5348911 1.5345839 -1.1748921 -1.3608342 -0.22139387 -1.4305999 -0.88025194 4.2301855 -0.6511781 1.2040923 -1.8610165 1.1476413 -0.03987991 -1.5403235 0.649306 -1.3640851 0.6620127 -0.7772465 0.14809868 0.50171494 -1.8617625 -0.66382736 -1.1253035 -0.9474452 1.071121 -0.5529676 0.6449033 1.3269186 -0.38955975 -0.9693054 2.3138292 0.46009642 -1.2749156 0.14386532 0.23184423 1.4507079 -0.21305628 -1.4463658 0.8253595 -0.6227802 0.45190394 0.99842036 0.90305823 -2.1021965 -0.9888879 -1.5108169 -0.90872955 1.6979817 0.39635894 -0.24386917 -0.39996156 0.91049343 -0.49062905 0.82823837 -0.4121598 0.023571411 -1.0995198 -1.2984334 -0.70280135 -2.9677656 -0.23832235 -0.21900658 1.9522995 -1.2850254 1.2067122 -0.7277806 0.7750789 -0.10230239
grass -1.2374175 0.8181707 1.3717452 1.9598587 -0.44995734 -2.1289856 1.2744068 -1.1395887 0.8727385 -2.13567 -0.46999592 -0.17676668 1.4255908 2.6302242 -1.4230287 0.64253724 -0.287434 -0.20474683 -0.019929111 0.5031425 0.01541004 -2.466303 -2.8943446 1.0403433 -0.7506734 -0.53968066 1.298915 0.3474098 -1.6399257 0.9283408 -0.85705864 -2.0931187 3.1939995 -3.019233 1.6360832 2.0267525 -0.5456302 -0.8874196 0.63418573 1.2479281 -0.5086296 0.7646973 0.701362 -0.555336 0.5882928 -0.25516996 -0.6468081 0.5416062 -0.6714878 2.5624132 1.4516951 -0.7205429 0.5973999 0.47889695 1.0299213 1.4648545 0.036008354 -0.077963166 -0.1282443 -0.45132282 -2.1222672 -1.199054 1.3307306 0.89064056 1.1976275 -1.5987599 -2.4328175 -2.3833866 -0.74905646 -2.5985496 0.25787178 1.8615062 -1.0496554 -1.1742966 -1.3357067 0.059983786 2.107217 -1.7560625 1.4192233 -1.8400986 -0.6429475 0.13848415 1.6770835 1.1060992 -1.0472876 -1.4631101 -0.28122956 -1.597261 1.3117394 2.4677331 0.8805667 0.25210324 1.9578496 1.6808225 2.5706553 -0.339299 -0.368054 -2.2937255 3.0137508 0.6554312 -1.2402023 1.5979009 1.3391367 -0.95922583 -0.87241155 -3.4899287 -0.57806575 0.7482846 -0.6159163 -0.30130193 1.3622224 -0.69922113 2.2378712 -1.5226063 -0.7016525 2.3907576 1.958481 2.689448 -0.41552582 -0.90281725 -0.13985352 -0.030428167 1.8815128 -0.06639227 0.03588947 0.72408074 2.0460787 -0.8293083 -0.16290145 -4.4504447 0.28674528 1.0290947 -1.4836189 3.306542 1.952734 0.5498558 0.425267 -2.1978197 1.6929691 -0.1655147 0.91820467 -1.0256256 -0.1033785 -0.99269927 -0.41992941 1.4908338 -0.2021789 -0.6507052 -0.43351883 0.9482325 0.21307054 2.1549063 -1.5824798 -0.37267324 1.3466887 0.07415648 -0.011776311 -1.193859 0.5291566 0.85448813 1.2609327 0.12725778 0.38935056 2.0718582 -0.13044341 1.4172145 2.787602 -1.3189008 0.2458621 0.7853362 0.4735502 2.0132399 -0.17538469 3.047056 -0.9728902 0.28871965 -0.32683793 -1.7895851 -1.1604154 2.1864376 -0.3746357 2.3203142 1.0905403 0.944809 -0.7539544 -2.082411 0.2781539 -2.5792782 -0.3812663 2.0844116 1.7229749 0.0016327775 -0.8584466 0.43844062 0.317655 -1.4791174 0.97959226 0.6140945 1.5696491 -0.6391442 2.5569088 2.4073932 -0.56567186 -0.48655164 1.1887039 0.5568454 -0.13862629 -0.08024951 -0.17348799 -0.17264825 -0.56798166 0.44452775 -0.22471097 -0.51443195 2.0572124 -0.88243157 0.38255602 -0.19207685 2.265179 0.83249664 -1.4556614 -0.80922 1.0736778 -1.2632178 0.6930855 -1.0781502 1.8042195 1.1123228 -0.07151438 -0.5326655 0.47065577 -0.740831 0.6755917 -0.9362191 1.0122403 1.9056287 -0.73333925 -1.0252078 0.5866617 0.41289553 -2.8481705 2.4829185 0.2434006 1.5270898 0.3376148 -2.4853704 0.8722891 -0.7268488 -0.7309034 -0.45040196 -0.4860018 0.13074313 0.53421104 -0.79949653 1.8777026 -1.2956114 -0.7403824 -1.15162 1.4922523 0.22680357 1.0101165 0.19873005 -0.14811306 -0.19103555 -0.57635397 0.14893068 -1.7571115 -0.31623423 -1.3973469 -0.5000528 1.1755949 -1.9501722 -0.61749315 -0.53122795 -1.3351843 0.43655178 -1.1412652 -0.34944233 -0.44056922 2.479893 -1.5157192 -0.6272559 -2.4449437 2.4540112 -0.66426516 -0.74862254 -1.420816 1.2908412 -1.3272454 -1.288922 -0.16982615 -0.058350172 -1.0266045 1.4990641 -1.0611901 -1.2020807 0.18808077 -1.6015649 0.25325906 1.7559204
tobacco 0.66094226 0.061799865 -0.800676 -0.013026939 0.585819 -1.5501295 -0.25970533 0.31716067 -1.116741 -0.4213732 -1.7826558 -1.5177494 1.1350993 0.5031039 -0.4209509 0.4672847 -0.1812793 -0.1805774 -1.7910825 -0.51936835 -2.4787529 0.3754391 0.6387854 1.2243704 0.402103 0.0028625093 -0.97657627 0.8986488 -0.45680013 0.3880623 -0.16636017 -1.4139701 0.83599937 -0.4281887 -1.9832 1.7661135 0.022565592 0.3994106 0.052990768 1.9766909 2.0539572 -0.02387999 1.2361625 0.6008229 -1.0973012 -0.9195771 -0.49565077 0.1964872 -1.9447622 2.1215856 2.311649 -1.7053828 -1.4073 -0.7744303 2.3059225 0.3408164 0.6096849 1.6186064 1.8365461 0.1513055 -0.69270045 -0.82135564 -0.5566486 1.4534293 0.85139966 1.5587846 -1.0479232 -2.300407 0.2981055 0.08781328 -0.37104982 -2.6886108 0.61676216 0.3109678 -0.6716931 -0.8209955 0.38140088 1.8558421 0.63662785 0.25179905 0.078759104 0.3610219 -1.3043671 -0.45234925 -1.4564041 -2.1823325 1.7727314 0.8086511 -0.32386488 -0.53483045 0.99834234 -0.37931088 0.60287553 1.478755 1.8503362 0.24777651 0.2006789 -1.0525424 0.42233744 0.35139605 -0.65815264 -0.24155429 0.3645292 -0.34526855 0.12575409 -1.2556659 0.7805636 -0.8680772 -1.5744438 -0.21346672 -0.7098075 -3.3849776 -0.9366179 1.6102705 -1.2993364 2.2494116 1.697245 1.359254 1.2951145 -0.9108199 0.04104399 -2.4650683 -0.5285094 -0.2852065 -1.0585847 0.25605243 1.5350869 0.5240015 0.052959308 -0.85582405 0.4336028 0.94888854 1.7133865 -0.6291325 1.042833 -1.4212768 -0.61939424 0.3427329 -0.6843409 -0.06946462 -0.17051828 1.8514181 0.038948786 0.7063269 1.4956484 -0.6632466 -0.83315986 2.2927725 1.8586222 2.610525 -0.95000386 1.4309466 1.4670846 1.010579 -0.31705767 -1.0397031 0.51631206 1.4812032 -0.013268443 0.82186127 3.9123323 0.8215503 0.41282868 -1.1614501 -0.10041467 2.3857226 -0.64852667 -2.0220342 0.54816467 -3.3416202 -0.8898045 -0.29819873 -0.045917187 1.6992363 -0.26106408 0.41770154 0.15925969 -0.05323255 -0.113954656 1.8617175 -0.28006554 -0.9719397 -1.3694354 0.37040544 -0.2253476 0.6019321 -3.8390262 1.7746918 -1.4581499 2.0413003 -3.0472107 -0.17215459 -1.2346467 -0.027374225 1.2851759 0.8930078 -0.6375437 -0.55180013 0.80910313 -0.20273924 1.0325767 -0.8512762 -1.1709253 -0.093472786 -0.556218 -1.7601976 0.47663406 0.27654618 -1.6065322 -0.422908 -0.40916324 2.5988185 0.06224318 -2.28425 -0.912757 -1.750585 -1.5725724 0.9080857 -0.6540027 0.94118905 0.5142089 0.19683222 -1.3726375 -1.4995759 0.34287366 0.2155207 0.7861821 0.25947776 1.3090347 -0.19812652 1.136078 -0.47758654 0.7984483 -0.034557994 -1.7213858 -1.804016 0.25926876 -0.5595647 0.34424394 0.03384329 -1.7761832 1.6870375 -0.8732532 1.6731033 -1.1220813 -0.028319163 -1.4898922 1.6751097 2.2569172 0.26959005 -0.37794584 -0.3443674 0.8118605 -1.204015 1.0102537 -0.8627156 -1.124656 -0.93739706 1.3992424 -1.8714792 0.3255228 1.7263128 1.2832676 -1.4080094 -1.3014178 0.36598256 0.10066591 -0.71715397 -1.6945989 -0.8008002 1.5681466 -0.8833713 0.7218926 0.9104394 1.7658001 -1.2461487 0.74385947 1.3225207 0.32843733 1.2458094 -1.412853 -0.47604257 -0.6276851 1.4966047 -0.5240371 0.261067 -0.46502662 -0.81294614 -2.5520685 0.13934414 1.0611868 -1.0404501 -1.1372344 -0.60374993 -0.4476686 -0.4027214 -0.5504927 -0.51083076 0.88451034 2.838792
vegetable 0.50843346 -0.41502166 0.91655296 -2.6052518 -1.59917 -0.5779549 -0.7053665 -1.8375641 2.5753324 1.1690943 0.5018654 -1.3307033 1.681731 1.0780125 -1.4309856 1.6592134 0.8365488 2.2692707 2.295126 -0.16091561 1.187331 0.6905732 -0.926878 1.9082077 0.10601283 -0.6231822 -0.36163515 2.2550066 -0.29481027 -1.4553286 0.97164875 0.4348347 1.8300297 -1.7337029 -0.82573056 1.059857 1.7081462 0.027977709 1.9120475 1.2074519 -1.8948579 0.6681001 1.8655189 -3.3992994 3.5581584 -2.5253193 -0.42721513 2.378054 -2.0883508 1.3305483 1.3427837 -0.23842451 -0.1276389 -2.796686 0.0815498 0.96687293 0.7762996 -0.26153576 -0.19374713 -0.86215836 -0.9296226 -1.6890953 1.9673947 -0.7512942 0.26623824 1.2172997 -2.0768573 -0.7702213 1.0789683 -1.6666124 -2.1391296 -0.9930841 0.5523894 1.0219427 -0.19392367 -2.33748 0.8036367 0.9122291 -1.4292079 0.49865264 0.67609066 1.7568578 1.0848027 0.41770718 -1.731533 -1.0207374 -0.01388961 1.7083548 -1.1231014 0.20177114 -0.64937514 -1.8662157 0.96396273 -2.474056 -0.38190058 -0.86179566 0.0882747 0.5988479 0.22132102 1.4025774 -1.4054759 3.4417605 -0.18204615 0.9162793 0.36649638 -1.2378466 0.078353986 1.3975074 1.3685948 0.19121529 0.34798956 -0.33574113 0.30925903 -2.0221694 0.7061965 -0.80774647 0.33738047 -0.525836 -0.1340129 1.6555978 -1.9083229 -1.4445724 1.8344533 1.1436123 1.6398629 3.9936352 -1.6779398 2.45033 0.04123653 -2.4361005 1.3650457 2.7217333 0.7406428 2.2236662 0.10203395 -1.2003845 -0.5653726 -0.7115347 0.45400372 -1.0354548 2.8881178 -2.117335 -0.27974868 -0.14888313 -0.16483876 -1.7538061 0.7562118 -1.5171868 0.408795 -0.53197706 -2.3482614 1.2078071 -1.0261459 0.053139307 -0.5559846 1.6226012 0.8690014 -0.7624923 0.39265844 -0.5809166 1.0435553 1.4698771 0.067186646 -0.39077765 -1.6549363 0.47222373 0.15179515 0.15094948 0.7998549 -1.5841749 -1.7555948 -0.38808045 1.7564598 0.71749556 -0.8789602 0.61897343 0.12926885 0.3982344 -0.34340987 2.1923175 -1.1378802 0.45634577 -0.35424554 0.50942576 -2.2292922 -1.8436302 -0.70482016 1.0416423 1.9228046 -1.3762748 -2.6554718 -0.3042244 -2.0441322 1.3736609 0.22141981 -0.8849264 -1.0950601 -0.43895572 -1.4215972 0.030690696 1.3596818 0.9064431 -0.6504533 0.580012 -1.7482138 0.38794696 -0.19511175 -2.2066827 -1.3488122 -0.3864076 -0.92950517 -0.08229907 0.24673413 0.23038013 1.4120352 -0.13720565 -2.7401958 -3.381433 2.0389638 -2.5814488 0.7454835 -1.1268243 0.12793237 -0.98890823 0.76097727 -1.2665948 -0.6485836 -0.30794236 -1.1207029 0.60832655 1.9596671 2.1783206 -0.2767674 -0.04559658 0.3658581 1.495281 -0.49427664 -0.35458538 0.29362693 1.2897618 -1.1475712 1.6157777 0.4121804 -0.98020405 0.4465796 -0.6899175 -0.26898295 0.090700164 1.7193769 -0.3522969 0.78886074 -1.126407 0.13430677 -1.4874606 1.6567537 -0.47895116 -1.6659409 -0.77991766 -1.3817207 1.0063841 3.0796776 -2.8539314 0.44120222 -1.1066169 -2.0489833 0.6276951 2.9506335 -1.3480806 -0.54864633 -0.20703973 -0.07858789 -0.6254159 -1.3794132 1.4323211 -1.786802 -3.2772722 1.3884629 -1.7697744 -0.9564824 1.6443862 0.54638404 -1.4217597 0.7201302 2.7853124 1.1278447 -1.7726034 0.19195494 1.3052926 -1.5617498 -1.3443403 -0.71654856 -2.4808614 -0.41078037 0.086558014 1.210867 -1.2823738 -2.6726372 0.32842606 -1.0011109 1.4241629
mint 0.44319412 -2.2195861 1.371939 0.1821423 1.9982026 -1.9193634 -0.047867637 -1.1423229 1.1395864 -0.71654177 -0.8349403 -1.0359663 2.0295124 -0.8037571 0.023474626 2.720186 -0.3618697 -1.6282731 -0.94132847 0.11560404 -1.1255275 0.946345 0.038373306 1.8487314 -0.15115619 0.164095 0.53923404 1.2884194 -0.98017037 1.1712161 0.54292357 0.940946 -0.042491615 -0.87416697 -1.1678522 -0.060655646 1.8291423 -1.707807 0.59203887 0.09342011 3.372974 2.634904 -0.62965935 -1.2875835 0.8702331 0.07819172 -0.115153715 -0.35978845 -0.40580675 1.3257152 2.4871135 -1.1864585 -0.64239025 0.31657317 -0.49393553 0.037925906 -1.7929376 -0.045632124 0.42613038 -0.01301881 -1.3051451 0.64444566 -0.65625787 1.7208021 0.73614097 1.1756189 -1.6995288 -1.3389313 -0.10867685 -0.15852861 -1.5317174 2.5390222 0.09520498 -0.5070504 -0.5810955 1.3177106 1.0793551 1.7216191 -0.12408307 -2.2641563 -0.47565576 1.1760026 -0.34627527 -0.6478716 0.65550673 -0.76658857 0.904304 1.3415955 1.0106688 0.6912286 -1.0904229 0.9726384 0.08114477 2.0542848 1.4205005 -1.6885964 -0.5750819 -2.4184945 1.00841 -0.46752164 0.02290463 2.3439932 -0.058366768 -0.9649724 -2.076453 -0.58567107 1.9798934 -1.0703523 0.46849456 -0.016423935 -0.34950536 -1.3295237 -0.39101782 0.9313987 -0.6067543 1.2927992 2.0274625 0.60685277 0.28142986 1.8551141 -0.6655007 -0.9696561 1.8525766 -0.314045 -0.48000655 0.92636734 3.394727 0.6475521 -0.27516893 1.0741341 0.8697766 1.8116404 -0.4684671 0.34441948 2.177644 1.1326169 -2.5748675 -1.2105709 0.2101494 -2.038009 -0.50683135 -3.2698119 -1.0226445 -0.527912 0.8365509 1.8525411 -2.134658 -0.68926126 -1.6553469 -0.8798584 -0.8935954 -0.36524054 1.2790651 0.43288544 -0.027161375 -1.6451741 3.143481 -1.2069052 -1.1329942 2.0266156 3.6196585 1.842935 -1.5343071 1.8994472 0.5804789 0.9772377 1.4895078 -0.18364863 -1.0335512 -2.6079705 -1.3666588 -1.4488187 2.9531322 -0.22104794 0.2604649 0.6626672 0.6491671 1.9265729 -0.48052198 2.5284798 -0.69439644 -1.0611812 2.06409 -2.016173 1.4140545 0.63646394 -2.1955388 0.42440775 0.688094 -0.46955767 0.9790751 0.7952576 -1.2638862 0.051587503 1.4617357 -2.2221348 0.9815626 0.26054484 -0.18493061 1.0542367 0.52799296 0.0065474906 -1.3647448 0.36652884 0.30269185 0.2471577 -0.05658215 1.0669237 -1.4683895 -1.1861768 -1.4635946 0.28211907 -0.40880865 -0.6619861 0.14375643 -0.85389555 0.76772994 0.33530205 -0.26319936 0.008902924 0.2785492 -0.10428509 0.27862164 -1.7642549 0.58662635 -0.6203582 0.613462 3.3334675 -0.1542232 1.5019087 0.60653925 1.9526515 0.06829746 -0.20363596 0.16370277 -1.3456597 -0.11526084 -0.8616985 -1.1440631 2.3611047 -1.612664 -1.1672089 0.37511283 -0.030911142 -0.41220596 -1.114315 -0.5610005 0.016646765 1.2912787 -0.84916586 1.1777089 0.09792705 0.40949824 -3.8508463 0.62259525 0.5891613 0.2856561 -1.1196764 0.14581284 0.56954837 1.8413198 -0.69067746 1.7066879 -0.96573865 -1.9278823 2.193044 -1.3327287 0.6081933 -0.43570983 0.626335 -0.094828345 -0.82899624 0.8041875 0.5573094 -0.8368592 -2.0552714 -0.9407015 -1.0133708 0.6306279 0.40976137 0.26386234 0.23196502 -1.0345529 1.2363392 -0.9454124 1.9508674 -1.2693574 -0.17909968 -1.4860418 -0.97672 -0.12520908 -2.0613675 -0.82134223 0.85511965 1.3920904 -4.0803432 0.2587531 -1.0249275 -0.73999333 0.66167456
coconut -0.52898043 2.6548908 2.602422 -1.5435269 2.5761063 -3.4028952 -1.4398102 0.26606104 2.499045 0.91714257 -0.17835423 -1.3370522 -0.29578328 2.317407 -0.90018976 2.8770666 -1.9268644 -1.1162235 -1.4265034 -1.0492493 -1.3866448 -0.59407866 -1.5769074 -1.593722 -0.9092031 -0.25185385 -0.8154004 0.38579038 -1.4234015 0.64514554 0.42214942 0.14962257 1.6349034 -0.21258795 1.1718086 0.47772127 0.2998723 -1.6591402 -1.6557242 -0.6367675 2.732566 0.22849223 2.4760056 -1.7996057 0.70838255 -0.76661044 0.110740565 1.7759086 -0.30084574 1.8833044 0.95342964 1.0000049 -0.8716568 0.088604875 1.0308849 0.36158967 -1.284545 0.19025925 0.24314828 1.0850761 -0.17745925 0.3139106 0.7164862 0.7234513 1.4097289 2.5532398 -0.19664583 0.118240476 0.9243742 -1.1041737 -3.1206899 -0.18830949 0.5445462 1.2373124 -1.9259748 0.8580841 0.22821592 0.22128962 -0.5184024 -2.974498 0.099572755 1.5697167 0.79880255 -0.6388074 -0.65118384 -0.877721 2.5202076 -0.8376362 2.8175416 0.37195256 -0.91397434 -0.20182236 1.5956379 3.2857127 2.0603063 -3.7641578 -2.0834723 -1.1283014 -1.974181 0.66520536 2.3918366 2.5830991 0.40407246 0.16187508 -1.6905084 1.9025357 -0.9724822 -1.0576136 -1.6352847 1.7485504 0.32939324 -3.4097414 -0.91407824 -0.25932968 0.8524058 0.4384627 0.25531107 0.03550604 0.04999306 0.3910643 -0.25923797 0.41551074 1.9873189 -1.7719169 0.6189038 0.39590254 1.6529804 -0.51296604 0.40088898 0.71547914 -1.4213382 2.5339205 1.9224944 0.36249277 1.0991789 1.8816142 -1.4531325 -1.6007442 -1.8235343 -2.4602244 -0.5687346 -1.7945181 -0.7510314 -1.3174545 -0.3643524 -1.3939244 0.88155687 1.3393999 -1.3836484 0.38149676 1.3202188 -0.94169444 -2.789664 0.34848452 0.57127863 -0.5637663 -0.8972898 0.10957979 0.69546825 -1.1842554 2.1700222 1.4100242 1.6611849 -0.21311818 0.041287422 0.3230084 0.48487553 -1.1993202 1.5391716 -1.8655218 -1.7386705 -1.476027 -1.3183354 -0.054169428 0.11627233 2.40714 0.7661622 2.3814313 0.6859594 -0.7761131 -1.5182029 2.6906207 0.08099838 -0.33503187 -1.3406104 -0.7820369 0.39784476 0.4414127 -0.8977713 -0.044175982 -0.5729322 -1.0379283 -2.1347506 1.448173 2.839664 -2.165152 0.97141284 -1.847704 -1.8748106 0.12975417 0.74607486 0.8732492 1.2964711 1.3000629 0.99268174 -0.33029523 -3.3036633 -1.3331213 -0.7071212 -0.26557386 0.18815507 1.9552783 -1.3522958 0.0737449 1.9672637 -1.388889 -3.8102467 -0.8846793 -0.91633475 -1.8501041 1.5013105 1.0313171 0.27170026 -2.2773194 0.62356526 -1.1844387 0.84702575 0.016698405 2.3458154 0.16608392 1.0485284 1.3603044 1.7192112 1.9612129 -0.4749946 -0.68714243 -0.007975708 0.9918564 -2.382394 3.7102416 -0.63714665 0.30732346 -1.2999978 0.3918442 -0.21338256 -2.4246655 -1.164859 -0.81965905 2.2328434 -1.011263 0.9487991 0.95320964 0.50981176 -0.37255853 0.2422705 -0.7685821 0.52904016 0.42639676 -0.42586946 2.1652129 -0.0394435 -0.12751369 0.9175138 -0.22752264 -1.0602587 0.6302024 1.2416464 2.2203417 -0.66534317 0.25763303 1.0834544 1.1267723 -0.12306761 2.2930832 -0.2001267 -2.2885969 0.9569357 -1.9592764 -0.50054216 0.40358934 -0.821558 0.095715635 0.8002565 0.44741908 -0.22832324 -0.21542837 -1.1780216 0.6303841 -1.075294 -1.7175869 1.3438095 -2.5082083 -0.71789694 0.2783351 -1.0256153 -3.3364902 -0.25495306 -0.26287636 -0.8969034 -1.1965455
weed -0.27134666 -0.093634054 -2.063694 -0.18127024 0.7065708 -4.1468515 2.332238 -0.33737835 0.36929733 -0.8100073 1.905457 -1.4730486 -0.83765846 -0.30188695 -0.6128682 0.78799766 1.5203413 -0.8911139 1.4730438 0.30113077 -0.9987507 -2.4665663 -0.9724146 2.2146323 0.7383288 -2.194714 -1.6716715 0.47997424 -0.6423446 0.5006366 0.8020582 -1.5373567 2.4649827 0.3294714 -1.1909281 -0.26673958 0.56848437 1.0896919 0.3743654 1.2332792 1.1432879 -1.7435886 0.16759728 -0.60476667 0.76858795 2.2948728 -0.33260632 3.031236 -3.1962292 3.1880143 0.25077194 0.40295967 -0.14673938 -0.014618714 1.1860112 0.64170885 -0.038549792 0.029435167 0.25269485 -2.454468 2.1473277 0.22161984 0.8711795 0.6586623 0.9817948 -0.21465224 -0.90552646 0.30418074 0.1007221 -0.6467455 -2.6769338 -0.2861437 0.11535604 1.7136121 -1.8005886 1.1802194 -1.292957 -0.28334132 1.0834602 -0.7626326 -2.089648 0.9162232 -0.2761193 0.19767597 -0.49315736 -0.8786054 0.4320904 -1.5154957 -2.1404126 -0.49753785 0.4393121 1.0489228 -0.38155106 0.81571174 -0.6208189 2.2135978 0.3059655 -2.1391509 0.16393007 0.15549658 0.8448325 -0.277766 2.784157 -0.39972743 1.0589685 -0.17528099 0.9061669 0.1332653 -0.27211794 -0.5896365 -0.18188418 -0.64555156 0.8558198 0.2408697 2.2383218 2.086774 2.217557 1.255082 -0.29055738 0.07691686 1.5089918 -0.8163188 -0.31509274 -0.27195004 -0.92124856 -0.7901799 2.0173273 0.5928878 1.1662605 -0.2697552 -0.22263171 1.3567411 0.40826496 -0.17109683 -0.28343514 -0.8831608 -0.21912666 -1.2809397 0.80308723 -0.16802791 -1.3146726 0.79097134 1.7527447 0.29502428 1.2273985 1.1629931 0.3818794 -0.18792015 0.312702 0.8378627 -1.0861752 0.6778042 0.101759344 0.77353376 -0.11933621 -1.4853119 0.016183661 -0.92364913 -1.4662514 -0.7192568 0.85685205 1.7532618 -1.5083303 0.7666255 -0.35835716 0.7578026 -1.0985899 -1.274016 0.05565383 0.31013057 -2.4339478 0.31105766 1.5685008 0.7868658 -1.1667973 0.16120432 -1.3515724 0.06533712 -1.001411 3.4877203 -0.8986696 -1.2168373 0.16663304 0.42570144 0.40703455 1.4553528 -1.0763761 1.2907771 0.6808311 1.2358745 0.11265906 -1.5514911 0.6941274 0.052799284 1.7796878 0.048608273 1.1406388 0.22209336 0.18265724 -1.981343 3.630769 0.22409178 -0.8093748 1.1195294 0.25944552 0.3442333 -1.2994661 -1.0543903 0.3779013 0.87133396 1.5547016 2.0773213 1.4989192 1.4477594 0.1394556 -1.1526167 0.1645319 -0.03443561 2.7680883 0.5746894 -1.4642766 -0.33669388 -0.8719455 0.5222443 1.8605505 -1.4664867 -0.82830894 -0.35755402 0.071663335 0.20278448 2.1683612 -0.3961478 1.8322206 -0.13983919 0.5044472 -1.308026 -0.5007431 0.30797854 -1.8545952 -1.6807022 -1.3237238 0.18842968 -1.4463072 0.9597471 -0.9906195 0.31196278 1.9247637 -1.2304863 0.4907302 -0.7095123 1.4642352 0.63262135 0.20904867 0.90048146 -0.05591311 -0.024773803 0.736118 0.8139048 1.2708887 -0.09855657 1.0714254 2.1741474 1.991217 -1.8160142 -2.292172 1.9114672 -1.4680078 -1.4301535 -1.9727294 1.0103152 2.3829994 -1.4140519 0.683161 0.090817966 0.84334433 0.9817818 1.0217984 3.1760075 0.44795787 -0.56696075 -0.7153823 -0.95501935 -0.497828 -0.39805984 0.18695311 0.9753634 -1.1787941 0.38394427 -1.3204725 1.1002017 0.83286834 0.57120836 1.5292794 -0.8210627 1.3447981 -1.1546773 -1.1727495 -0.9274584 1.1777585 -0.9829238
cherry -0.8077356 -0.875408 1.4092898 -0.08285734 0.74960893 -1.1167058 -0.84756553 0.084861174 1.6391544 -1.7673163 -0.21359897 -0.5750723 -0.71104985 -1.0723351 0.80653685 -1.2261002 1.4807866 -0.4396553 -1.1449534 -0.8023157 0.29536006 -2.3213549 -0.58991647 1.8316804 0.5449961 0.32674128 -0.3177049 -0.47928387 1.0246531 -0.8683843 0.6557727 0.18259123 -0.9196601 -1.4618268 0.60389256 0.68151766 0.30733904 -1.6428815 0.18464564 -1.0765443 -0.845343 2.3208954 -2.0217805 0.875254 -1.199159 -1.0047835 1.3019623 -0.11658599 -1.2021974 -0.054006062 3.1988764 -0.63506 -0.26669416 -0.41715744 0.9153537 0.67988163 0.76194084 -0.015812764 0.329897 -0.21017584 1.4480336 1.6661732 -0.25546807 -0.049960535 0.053846247 0.41277814 -0.50318813 -1.6418664 2.1105676 0.37155914 -1.8457482 -1.3855721 -0.6213135 -0.3366453 -1.4248126 1.0160921 -0.7556393 1.5479772 -0.77917427 -1.0449098 1.5714813 1.3910179 1.4076122 0.27636158 1.4042547 -0.16927324 0.19457686 -2.1261961 0.6608729 -1.8416896 -0.9240569 -1.7971294 0.3829389 1.8643409 1.263034 0.20555983 -0.28730074 0.7724213 1.0855482 0.028674062 0.6540015 1.4865841 -0.49143997 -2.2073295 -1.776255 -0.8436349 1.0073485 0.45237076 -1.001925 1.5123976 1.6229953 -3.4120276 -1.9234267 -0.20072357 -1.3397413 2.5401976 0.6479374 -0.5508836 0.9440664 0.41471708 1.6535542 0.96007526 1.2725013 -0.97447264 -0.13338242 -0.59933746 -0.54230857 -0.63221765 0.08225568 -0.57636374 1.9301797 1.8259741 -0.22563732 1.237258 2.0516772 1.2838295 -0.42503008 -0.08514433 1.2569765 -1.841581 -1.0233089 -1.784383 0.031028286 -0.434649 -1.289735 1.1056986 -0.47514477 1.4445155 0.82453394 2.4866757 -0.5976754 0.4183373 0.41954044 2.3208275 1.1815512 -0.7231462 -0.9230588 -0.86529 -0.90983605 0.9949045 2.0006232 -0.84357136 1.32047 0.79699373 -0.5486241 -0.22354981 -0.42512587 -0.5179556 -1.9481848 -0.82070696 -2.3278892 -0.64589405 1.1841035 0.43099785 -0.95344114 0.7680038 2.0610945 -0.16450359 0.12115221 3.6010807 -0.8679686 0.07500843 -0.6841786 -0.9672743 -0.31829992 0.92736113 -1.9370681 2.2672863 -1.0287827 0.9704741 -0.31458074 0.31014472 -3.6135745 2.1355224 1.3723806 -2.093979 1.9969691 -1.6861972 -1.6371223 2.1033108 -1.3676254 0.10351354 -0.0811261 0.6106351 -1.1831899 -0.100606546 0.4743295 2.1636777 -0.5946799 -2.2332523 -1.9577411 1.7457867 -1.2138369 -0.6156051 0.74654496 -2.2497134 -2.0704772 -0.9539239 0.41714478 0.6846184 2.1353195 0.027833497 -2.2857683 -2.235808 -0.90438926 1.0819107 0.15537986 0.55458623 0.47460103 -0.83877116 -2.5647507 0.7779445 2.0758033 0.51363266 -0.8921319 0.79762197 1.4566182 -1.4101864 -0.75678223 2.2638655 0.17269406 1.3628875 -3.2551038 0.59574765 1.0713086 0.60288453 0.27590933 -0.99546987 0.935567 0.33113593 1.2032498 1.0186508 1.6061109 0.4764746 1.3016201 -0.3938047 2.2222066 -0.45271352 0.6817911 -0.39346477 -1.8294623 0.70757127 3.1361585 1.0796628 -1.0684752 0.61744654 1.1510468 1.5223441 -0.07752701 -1.0338361 1.3541249 -1.4882641 0.77969766 -0.6392658 -0.43279254 -0.9240189 0.016721921 0.116043456 0.63791287 1.5627956 -0.7306345 -1.0629644 -0.475637 1.131943 3.3031883 1.1567838 -1.6648219 0.3208709 0.19337925 -2.3765562 -1.2095736 -4.395696 0.13128762 2.3029613 -0.24595381 -1.444823 2.6361406 0.7156291 2.1697588 1.1890061
grape -0.5266751 -0.25915697 -1.2414368 -0.19241774 2.2279785 -1.6168869 -0.96405345 -0.8949542 2.0098763 -1.0802131 -0.3709458 -0.1929678 -0.73680276 -0.010226268 -1.8085779 -0.783644 -0.54518694 -1.8305782 0.39245948 -0.20841788 -0.897672 -1.3661431 -1.0656447 0.9844036 0.9337321 0.24526225 -2.2040093 1.0208436 0.5425168 -0.45270628 -0.9528627 -1.4570656 2.7060692 1.2885458 1.2776861 0.9015388 3.0716002 -0.18163583 1.1074336 -0.6794562 -0.4527165 1.4319875 -0.76817137 -0.65861857 1.0174755 -2.0593247 -2.591022 -0.018688371 0.08201378 2.7853005 1.2362919 -0.6337157 1.4868734 -0.715308 -0.93134236 1.989571 0.25977412 -0.13916767 0.8133572 -3.1573007 -0.9982758 -0.081066534 1.1472191 -0.8111646 0.41060773 1.0419347 -0.68298006 1.437135 1.2040541 -2.5886707 -1.8222703 3.0273786 -1.2881957 -0.119297855 0.26632568 0.073120736 0.15068936 -1.3911664 0.4825213 -0.56216884 -1.2560987 -0.29083478 1.5095315 0.17921637 -1.3693591 0.69614685 0.24425901 -0.21077919 1.3260018 -2.2631428 0.20201908 0.50408685 0.5868545 -0.045570593 0.9904208 -1.946116 0.68651164 1.0394168 -1.7407575 0.70059615 -0.33060098 1.0415016 0.96278703 -1.061554 -0.53744316 0.98813 0.73571473 0.09457485 -1.412458 1.9160393 1.2996817 -3.5186388 -1.2180635 0.7981087 1.0762161 1.9651589 2.6619422 -1.0407453 -0.09283185 0.5442242 0.9209125 -0.0016836287 1.3086619 -1.4101309 0.8553187 1.1794558 0.32305047 -1.4933643 0.5842031 -2.0592484 0.61391854 0.91614985 -2.4423647 -0.09710399 1.9384394 -0.16392818 1.394545 -0.9116091 -2.1828287 -1.6037892 -0.42471623 -0.31962612 -0.8076615 -0.61248827 -0.12047896 -1.0752082 1.0674895 3.0523667 0.79989153 -1.191408 -2.4712896 0.65532625 -2.6900392 -0.32987103 1.0680724 -1.7306964 -2.8287373 -1.7116517 1.7687125 -0.9653475 0.47930518 1.7152932 0.33815336 0.34509262 -2.059113 0.11760372 0.54744005 -0.9564601 -0.8874401 -0.8184354 -1.9676303 -1.3134862 3.1019402 -0.8839093 0.9516695 -1.7909068 3.1577337 0.22204195 -1.3902482 0.45722118 -0.9981578 0.23825401 -1.9653443 -1.0521429 -0.44079292 2.7612808 -1.1737983 0.7168426 -1.9894633 -1.6519907 -0.7190301 0.8151484 -2.3809805 3.2791345 1.3458169 -0.1747824 0.51300263 0.09987001 0.8703728 0.99775165 -0.81180483 2.5300698 -0.15099992 0.740204 -0.8482435 -0.9989378 3.263317 -1.1383839 -0.10601001 -3.199509 -0.7173231 -0.2521516 1.0702057 -2.3893986 -2.3640618 -0.8669937 -2.8237832 -1.3711512 0.51580167 -1.1831228 2.0830684 -0.75807196 0.49633858 -2.6484704 -1.0415534 -2.4211452 -0.19480714 2.4998567 2.0006118 0.09580778 0.45823768 -0.6288778 0.05642904 -0.19690707 -0.5348393 0.7614505 0.5310555 -1.7397 -4.063387 2.9968014 2.4002671 2.3111217 -1.9248662 -1.7181782 1.3448365 -0.7820514 -2.086188 1.6779252 0.50263435 -1.211093 1.4029242 -0.24682716 2.2883606 -0.9914154 0.70811015 0.039774578 2.5211146 1.2562884 0.2981105 0.9958907 2.4551256 -1.6556773 3.6565619 0.85361373 1.0436774 0.15491275 -3.1666179 0.9407295 2.1560345 -2.1873794 1.5952106 -2.2918112 -2.1019328 0.43159798 0.24535736 -0.113791905 1.0292009 -0.12173617 -3.01154 -1.8113399 0.65056616 -0.891626 -2.007639 -0.2138767 1.116409 -2.539496 1.4279579 0.070765615 1.8118839 0.13718228 -1.6263523 -2.059232 -1.3945141 -0.3344519 0.15285352 0.18871908 0.05453263 1.1067325 -0.15226613 1.7345376
ammonia 0.13861679 -0.61989176 -1.227186 -0.2638147 0.7679524 -0.3920068 1.0601554 1.0446074 2.939751 0.51210284 0.22591802 0.43277797 -0.7370449 0.14278336 0.607348 -2.1601617 1.5482963 0.75708336 2.1058226 -2.2504764 -2.2243392 0.51315224 0.48588872 0.18094622 -1.7889556 -1.8539016 0.82010686 -0.28424925 -0.06323484 -2.4946685 1.8625555 -1.2502552 0.7279144 -1.8025641 -1.3148869 -0.22824784 1.7466007 -0.47850648 -0.28650323 -2.0200937 2.912645 -0.23519635 -1.3509945 -2.2446518 -0.3039907 -0.40616435 -0.6546583 0.04479862 -0.52082264 -0.19044736 -0.83345777 1.0664009 0.35735387 -0.49354377 1.2056552 0.2155608 0.3732875 0.8634065 1.0031127 0.68481505 -0.33682698 -2.551969 -0.15394092 -1.5372369 1.991065 1.1817312 1.2099247 -0.7037544 0.026878292 0.15898651 -1.6384262 0.85208255 0.8778003 -0.65323293 -0.382596 0.007866971 1.3787107 -0.24134006 1.3772159 -1.4060171 -1.260195 1.6753317 0.7964262 -0.12518984 -0.07372988 0.2544603 -0.9914955 0.13501848 1.1163456 0.8490042 -2.0791416 1.6470063 0.01129952 0.5018855 1.332167 -1.7614733 -0.95448136 -1.8585088 -2.0122826 -1.7412306 1.2987275 0.93608737 -0.18847886 -0.9820143 -0.5458658 -1.4331307 0.6754421 -2.4585755 1.5411268 0.7833862 1.2455249 0.18638563 0.12722859 0.6214738 -1.5735372 0.24360265 1.7202892 -1.5583907 0.520991 0.005556567 -1.976772 -0.21433774 -1.5651007 -0.5560191 -0.16858813 1.4597353 -0.572957 0.5848605 1.4542463 0.5392032 0.5761002 1.3103929 1.070117 -2.5546086 0.50447965 -1.5238181 1.1489605 -0.8264281 -1.2311668 1.5836538 0.49212345 -1.8683884 -1.9059211 -1.8297273 1.9191128 0.48294693 1.1764889 -1.298414 2.978496 2.5841854 0.14034715 0.6494676 0.810045 -0.4699841 0.6700494 -0.28327024 -0.124020785 1.45198 -2.389772 1.4478565 1.2560893 2.5911844 -0.028589383 -0.39903495 -0.33572975 3.8681877 -1.1672332 -0.4629527 1.4467417 0.35843515 -2.4855032 0.7100425 1.3571383 0.28412598 -0.470169 0.116180815 -0.5973854 -1.4272766 -1.1728271 0.35715726 1.9572997 0.6477402 0.6508394 0.34348363 3.7811513 -0.1902641 -3.193982 0.17109922 0.58520615 1.1529243 0.5837701 0.39931372 1.425355 -0.9271336 -0.46207988 -0.2030754 0.8402442 -1.4096246 0.23216234 -1.0505387 3.9295304 0.14588928 -3.494415 -1.4976516 -0.41027215 2.1353214 2.3192596 -1.5566273 -0.34397414 0.08115835 1.1674037 -0.6051393 2.4023583 -0.42440405 2.9907732 -0.36188805 1.714213 -0.50643015 0.00063794974 -0.059060447 -2.8210342 -0.3542417 -0.17541498 2.0600386 2.6052039 -0.8880252 -0.33595327 0.60681254 -0.19881238 0.31648213 1.2519923 -1.5917262 1.2445084 -0.79085547 -1.4678173 -1.6898389 -1.5685738 0.7979096 -1.574079 -3.0645535 -3.1634173 -0.79278356 1.4749879 -1.1606362 1.3044175 -0.043048203 0.24693057 -0.60218185 1.8777193 0.5473919 2.1227891 0.44043827 -0.0985446 0.2617148 -1.0364553 0.031079846 1.0550287 -3.2954452 -0.18500726 0.11680634 0.43077862 -1.0410169 0.9102181 -1.3121548 1.6392633 -0.37664142 1.5612139 -0.85100365 0.6468374 0.42458084 0.16910781 1.1018883 -1.5335258 4.015894 0.35032803 -1.5997468 1.2329189 1.4879705 -0.37940958 1.9414412 1.1815667 -1.3070456 2.3201675 3.4603307 -0.23453432 -0.44286004 -1.0910575 0.51658267 -1.7137216 -0.37631667 -2.0128791 0.0952813 1.2420586 -1.8347789 -1.2760402 0.116892174 -0.57578546 0.3511451 0.70720446 -0.72515357
vinegar -0.46347028 0.92495406 -0.49787486 -1.8741002 1.0780557 -1.1142851 1.1993632 -1.3098692 0.35531276 -0.59465903 1.62139 -0.10248714 3.5309029 -1.2015886 -0.28265494 -1.0643164 -0.032279864 -1.3185259 -2.2109056 -1.0097274 -2.299131 -1.5843949 1.6672809 -1.2366109 2.717236 -0.24560048 -0.41876793 0.43178058 -1.4258437 -2.215458 0.30105987 0.94038445 1.1001387 -0.91205084 -1.6568705 -0.066682175 2.3537676 -0.10104059 -1.5429653 -0.745231 2.0390415 2.3179917 1.1426861 -2.4947212 2.2672133 -0.10605008 -1.1935245 2.545189 -0.17421651 -1.1438136 1.1976657 -0.62459713 2.5804234 1.834922 0.42116365 0.093775116 -0.9009582 0.95481116 1.1303381 -0.7242576 1.0336442 -0.1899645 1.2985955 -2.193158 -0.38454515 0.32777444 -1.1522796 -1.3571348 1.3271621 -1.2794703 -2.4748096 0.5600423 -0.39496005 -0.4965348 -1.0420439 2.3358033 -0.11385501 -0.47981027 0.5625657 -1.3131444 0.2722644 1.7269065 -0.035606463 -1.1374123 -0.16292731 2.4129717 -2.002556 -1.0094017 0.24870136 -0.6483854 -1.1778181 2.2505314 0.12510385 1.0521872 2.1098237 -1.7142764 -1.3423203 -1.3933332 -1.5261482 0.82951295 0.89709544 1.5007381 0.0013110739 0.40272835 -1.3514172 -2.40742 1.1605039 1.113412 -2.6529324 1.3079119 -0.89449 -0.07241739 -1.4745393 2.2823086 -0.4164411 -0.30905697 1.1478195 -1.454832 1.1333802 0.048662808 -0.057838835 -0.61898726 -0.54674286 -0.68141437 -1.7477033 0.46768147 -0.17533746 -0.35808623 -0.04719838 0.64977086 -0.20945491 0.09787853 1.6558037 0.022492535 0.16206966 -1.7211164 -1.3734368 -1.3144718 -0.72789955 -2.8493254 0.50691104 0.037798725 1.8020157 0.039284084 -1.4689797 -1.7496631 -1.0078057 -0.99895835 1.2724403 2.990921 -0.76013386 -0.66975546 0.4801075 1.4588732 0.63153607 0.99881554 1.1953981 -1.3138417 0.5984341 1.7455456 1.847903 2.557327 -1.5160462 0.36406696 -2.0015244 3.5831769 -0.53730065 -0.82161427 0.2606271 -1.5567528 0.23015428 -0.27080396 1.3976613 2.3408177 -0.19128317 -0.31139773 0.092295684 -0.4402275 1.5376424 -0.6066752 0.09048916 2.8290842 0.8537996 0.18961537 2.8279893 0.29844424 -1.4454527 1.0670449 -1.516713 0.879552 0.7488365 0.002901737 -0.8717016 1.8122094 -0.29231048 -0.5627983 -0.0104255965 -1.4740287 -0.027665084 -4.209724 0.66817397 -0.057323415 -4.364712 0.9097555 0.043525755 0.05910333 0.0007511642 -1.6853592 -0.38108996 -0.5474942 0.41569877 0.14020497 0.2623856 2.181435 -0.9558233 -0.6132434 -0.03525061 1.0260159 -0.057288915 -3.270514 -0.0361182 0.15267828 -0.033681042 -2.1992216 0.65442765 -2.5093899 -0.96437097 2.8680499 0.33251378 -1.3156364 0.7375331 1.9508657 2.1190307 0.5044688 -0.10020344 0.67771554 -1.0720551 1.1654876 -1.7349979 -2.1276858 0.3294107 -0.96322286 0.56312 0.3115108 1.973383 1.4812775 1.7313433 0.5774177 2.5266743 -0.60958177 4.094874 1.0059117 -1.1835866 -1.5468935 0.7901574 -0.0396144 0.3430969 -0.63893485 -0.16215089 0.37500253 1.9109423 -1.8365027 1.7093849 0.22959358 -2.681335 -1.059435 -1.1585298 0.20984717 -0.19775715 0.44830668 1.0409269 -0.18118528 -1.6295966 3.6522505 -0.28175235 -1.8597459 -0.6612209 -1.5580657 1.138718 1.3927245 0.14352462 -0.7733733 0.80829585 2.3078463 -0.32355496 0.92038083 -2.129546 0.7599268 0.89877814 -0.87478405 1.2277406 0.06459108 1.9751128 -0.40260947 -0.082808696 -1.5966339 0.7105966 -0.6831514 1.5870919 -0.011130151
peach 0.11340429 -0.65375113 1.8199031 -1.234736 -0.6486 0.3883997 1.0784378 0.45974314 0.2934857 0.27446097 -1.6622965 -2.164586 0.99072874 1.6075764 -0.8932886 0.5134791 0.33626416 -1.0376657 -2.0309474 -0.7153771 -2.0028267 -1.7504843 0.902867 1.4235365 -1.1305276 1.6748945 -0.32092613 2.2423496 0.55633724 -1.0301304 -0.10259539 -1.6769499 -1.1016695 -1.5653709 -1.216707 0.58449066 1.1306002 -0.07558912 1.0416429 -0.44939676 -2.5621254 1.5714927 -1.646795 1.7903663 -0.22743237 -1.6320379 1.4214686 0.61579347 1.756178 1.3541589 3.8541896 0.51618075 -0.7581501 -0.7824613 1.2845143 0.7507322 -0.6081565 1.6808715 0.60776293 0.059300017 -0.23630781 -0.25086656 1.5492693 -0.40351605 0.5941943 1.0209078 -0.57932574 0.7423584 1.2863406 -0.5259538 -2.0686069 -0.7215696 -1.5962175 1.94409 -0.6587766 2.1684167 -0.8539407 1.1710954 0.6849022 -3.029444 1.2561194 -0.47364536 1.2489184 1.0958048 -2.1521509 0.30907732 0.82074606 -0.7230732 1.5213273 0.29388043 -1.3594204 -0.74795 0.7800015 0.55288345 0.69265723 -0.7726373 -1.6280392 -0.62680036 0.045238867 -0.70824105 0.34246176 1.3849586 0.38760322 -0.6508674 -2.7311213 -0.6829051 1.9941717 -0.19902459 0.37786207 0.16245668 1.4732527 -2.0265114 -0.6961386 1.9117314 -0.0034159957 1.2196416 3.3264496 -1.7166708 0.7660041 1.4077843 0.8370934 0.71633154 0.5558403 -3.2769368 0.6976874 0.89289176 -0.3236174 0.13709798 -1.6143258 -0.23042233 1.0734653 2.4677126 -1.0648131 0.34874302 0.49677694 0.91317254 0.81154263 0.011298861 0.20291623 -3.0313776 -0.15375006 -1.2048398 -0.5488269 -0.45556298 0.06555151 1.7422065 0.08023186 -0.7211703 -1.6895323 0.65309376 -0.0005257196 1.5005894 -1.8741101 0.014181416 1.8245882 -0.7282455 0.22760825 -1.6795415 -2.4247901 -0.22239739 2.3294759 0.24626663 2.0196192 0.7304919 -0.7823875 -1.3058376 0.99003845 -2.1042342 -1.2943664 -1.9638115 -2.2979174 -1.237776 -2.1708488 0.6664772 0.06768102 -0.19680987 1.9894409 -0.505577 -0.80394185 2.627155 -1.9573973 -0.25530303 1.7757438 0.8560253 -2.4452777 2.1744387 -0.60079545 2.1853938 1.615446 0.49223217 -1.616112 -0.84599525 -3.1864245 1.1122141 -0.19191797 -1.6514759 -0.29980066 -0.4672292 -1.8510305 1.6800685 -1.8569802 2.3472893 0.25435758 -2.1481755 0.36288014 -1.5608935 -0.3613258 1.8635125 -0.013393696 0.46544227 0.6611669 1.615778 -0.93552506 -0.21371725 2.2023633 -3.4679134 -3.0577629 -0.37371364 -1.7185912 -2.4726717 2.5958643 -1.1163281 -0.7746399 -1.5600089 0.064180486 -0.08575621 0.6879081 -0.19829808 1.0483341 -1.9048721 -1.4096155 1.1755487 1.0649865 0.83831555 1.1121392 -0.21962768 1.30095 -1.1640747 -0.06795272 0.78965956 0.689871 2.3022652 -0.49052417 1.1610467 1.6418465 0.13059278 -3.1054637 -0.52732104 0.10834235 -0.1002746 2.0641303 0.37426925 -1.272265 -0.19491363 1.1596562 -1.6035049 2.3667786 -0.7861631 -1.6278472 0.6713248 -2.2375457 -0.6728853 2.885845 0.47287902 -1.9173535 0.22538643 -0.6318672 1.9237186 2.5818934 -0.56191504 0.5384472 0.105743326 -0.6505411 -0.25029898 0.32606703 0.28387356 0.834473 -0.8851105 -0.040685948 0.42653015 0.762177 0.981509 -1.1475408 0.9510271 1.3178889 1.5312598 0.17477085 -0.4510864 -0.31529292 -1.8319741 -0.121985584 -3.3554654 0.35256934 1.1495202 0.8904921 0.07383547 1.5781362 0.72773534 1.0397928 -0.6527043
rubber -3.1240125 1.5806396 0.31419605 -0.4100119 -1.008491 -2.4004776 0.7845328 1.3347766 1.268929 -0.11937804 1.7778928 -0.8091337 0.3900436 -0.015161764 -1.759605 0.84877276 1.2961271 -1.0758644 -0.59536105 1.151177 -0.6702028 -1.1994814 -0.7181934 -0.1478444 3.5268605 -2.4329076 -0.4337724 -0.05046051 -2.1959743 0.6181512 0.7183677 -1.6528987 0.07181027 1.0941767 2.708364 1.4601655 0.50759524 -1.4248991 1.7956166 -0.06562572 -0.17086612 0.69341034 0.5116165 -0.2426065 -0.5703961 -0.10573314 -2.2346609 0.0019996618 -0.80927616 -0.20234172 -0.5938495 1.6047971 0.5882685 -0.12268317 -1.502505 0.2663066 -1.4148883 0.2714456 0.28637725 -0.30661726 0.6144986 0.1949448 -1.851371 -1.5026159 -0.087855935 -0.29812494 -3.7384474 0.7257805 -0.11442508 -0.34010282 -0.4537884 0.92839277 0.17111552 1.4358892 -1.1224822 -0.70165825 0.24002545 -1.6489874 3.0581398 0.4491052 0.45699593 0.9229259 -0.21534413 1.2226688 -1.2941636 0.5278192 -0.9768242 -0.8206544 0.9401853 -0.24049611 -1.2636288 0.96226966 1.8445277 0.97282106 0.99597555 -1.4225657 -0.73710537 -0.6604508 0.08759147 -0.84979147 1.3153278 -1.8188219 -0.97365963 0.4642673 -1.1325132 -2.8869634 -0.9385465 -0.094724454 -0.38715965 -0.76218426 -0.8651216 -0.72415245 0.54974145 -1.7347512 2.1551597 0.037654757 0.22415364 1.0918845 -0.5355635 -1.951721 -0.59872246 0.5849284 -2.3931286 -0.28374472 -0.6999793 -1.2135265 1.682454 -0.71263963 0.07250531 0.03051102 1.4656805 -0.6653885 1.1859218 -0.55439377 0.48224148 0.19836554 0.2239552 -1.115882 -2.2679198 0.048919674 -1.665644 -1.3608686 -2.3873963 -1.8156205 0.18980081 -2.2180798 -1.4360242 -0.20286515 1.40822 -0.92754614 -1.4451711 0.8436371 0.08668622 1.0036808 0.7223287 0.29904604 0.12618946 3.1764145 0.7590684 1.7547139 1.8319372 0.77586776 1.6241902 0.07187881 -1.162077 2.0581396 -1.1928374 -0.7767648 0.22811498 0.90996194 -0.8028057 1.3227439 -1.3120611 2.3413658 1.0285816 -0.36709213 -0.2037053 -1.2316834 -0.7563373 1.5480751 -0.18278077 0.07158204 -0.7218963 1.6512797 1.7848184 -0.8195211 -0.81407666 1.9262947 -2.4343116 1.8038359 0.878628 -0.35550988 -0.052459426 0.520515 -0.34517696 0.27163208 0.38371065 0.14968295 -0.15765819 -2.4024425 3.1117923 1.1516696 -1.4114109 -0.38077098 1.6878625 1.2228007 -0.23712254 0.72550243 -0.5682201 0.79404634 -1.2618978 2.932232 -0.2339131 0.75038564 1.3543906 -0.080304205 1.4686551 -0.56534314 0.5072249 -1.414963 0.71078736 0.93640566 0.5986459 0.43342012 1.1168312 -2.3879018 1.1490083 0.8329214 0.5690385 1.6760111 0.55047923 -2.5747647 2.5386136 0.9905505 -1.7987757 -2.0454865 -1.2764608 1.3015562 1.4762475 -1.5096874 -0.6865355 0.2967426 -0.8376556 -1.9311033 -0.12697667 1.4842257 -0.26011628 1.1802675 -0.056764793 0.88228106 1.4577267 -0.7469447 -1.3649478 0.28400353 2.3514485 -1.4382849 -0.87401354 -1.5603092 0.35902992 -1.5398057 -1.2788203 0.06742656 -0.8518362 -0.2056156 0.33136326 1.4631444 0.42138684 0.39488465 -1.3505293 0.45498714 2.0444417 0.7050525 0.16304992 -0.040356472 1.64702 1.7716998 0.16058102 1.1592904 -1.6828958 1.271446 -0.58811337 -1.1049206 -0.64396787 -0.8904389 -1.4897906 -0.2854907 -3.177429 0.7998065 -1.6422516 -2.1021519 -0.6119096 0.19356234 0.6050795 1.5437971 -1.3817201 1.1070479 0.42775857 -1.0665286 1.1364974 1.1312408
grapefruit -1.3218937 -0.40467042 0.4346846 -1.175261 0.43149477 -2.3117738 -1.4070262 -1.635701 0.018837381 -0.024072811 -0.27613482 -0.3086395 0.05589507 1.0442214 1.1516948 0.8219315 0.8069482 -3.167155 -3.8299377 -1.5020823 -2.8869603 -2.1004827 0.099620864 1.1129853 -2.2186441 -0.13216473 2.0400655 1.5439497 -0.8574515 -1.151741 1.4945948 -0.33314276 0.06524102 -0.43796146 -1.7256693 1.1455534 1.3733125 -3.0724704 2.3790503 -1.2277234 1.2795243 1.7594019 0.24444917 0.58457524 -0.43253577 -1.7885891 -0.9557464 0.16022456 -0.9810804 0.858161 2.705659 -1.2867532 0.6148335 -0.23601937 0.7681414 -1.7331843 -3.5776615 2.0822544 0.15343711 -0.84897083 0.7107094 -0.054357715 0.58827645 0.0053543258 -0.22955552 1.8585409 0.5794808 -1.4071504 -0.09117606 1.1457974 -2.0148263 1.5040455 0.88961494 -0.4662839 -2.019489 1.8487188 -0.58829737 1.3143554 -1.193523 -0.39450774 -0.28326762 0.23539276 0.53206706 0.76330787 -2.4175317 1.3103563 -0.28145123 0.9577414 0.17658766 -0.5285047 -1.4814016 -0.4432896 0.8893843 0.4930749 -0.15139076 -1.1729631 -2.6505537 0.39739537 -0.5571033 -1.159677 0.36368415 1.3483303 -0.80123734 -0.51629114 -2.197321 -0.3308794 1.4507781 1.3718395 0.98421556 1.7501385 -0.4322979 -1.5818446 -1.0741701 0.23649764 0.426035 1.4385407 2.3273506 -0.8077407 0.62408805 0.9893423 0.30809987 0.4750864 1.3256942 -0.119127855 -0.9004996 2.1382313 0.40360314 0.71424264 0.35031065 0.27434546 0.3625524 2.841081 1.5488127 -0.3636508 0.76405156 0.7784132 -1.396078 -1.1570221 0.15990321 -2.9742842 1.0717369 -1.0292511 -1.0333024 -0.087537624 0.48146644 1.9620311 1.143358 1.8614374 -1.5746849 1.819248 -0.23820865 0.012442124 -0.59947795 0.8199495 1.9976442 -1.4108478 -0.4046489 -1.6199002 -0.9485084 2.9434264 1.9080731 -0.7027037 -0.6581947 1.4106474 0.28044644 -0.22601822 -0.64925885 -0.8403288 0.3058575 -3.4552124 -2.9450936 -1.4983363 -1.1647357 1.6088887 0.5188129 0.609125 -1.882538 0.027712451 0.60945845 0.5560927 -2.455453 -2.4779897 0.20392753 -0.77947927 0.8765159 1.9007249 -1.1842232 0.88942146 -0.5285686 0.95005214 0.5171832 -0.23952504 -2.653079 -0.84401613 1.19364 -1.1066176 0.23399785 -0.79869145 0.024157638 3.6807353 -1.3359084 0.073408715 0.7741033 1.2985165 0.7003222 -2.5375397 -0.060547225 -0.79296577 -1.7456615 0.1387463 0.8241585 0.6618266 1.6873996 0.04515642 1.5396044 -2.880333 -0.32822427 -0.8300056 0.2732116 -3.1947992 3.8752942 -0.9809568 -0.8521386 -2.864888 -0.36183217 -1.0098786 -0.6077601 1.1183168 2.4577157 1.918545 0.6444774 0.5450754 1.3342355 -0.67008775 -0.099343315 -0.21823624 1.6560385 -1.8279364 -1.6265947 0.57943666 0.78862876 -0.014684342 -1.6703889 1.5217216 0.4538983 0.59969366 -1.7695762 -1.2421653 1.3519756 -0.30104488 2.404884 -0.5067401 -0.34478217 -0.5258613 -3.263049 -0.6498945 0.9622057 -1.3643584 -1.2127934 0.2729099 1.3666966 0.37356547 1.9688808 0.4323815 -0.4320126 1.3907948 1.0772595 2.090181 0.8475204 0.8868021 0.10104757 -0.81386787 -2.06624 0.7708132 -1.030334 -0.1246407 -2.1126213 0.67967 1.0639052 0.89131963 0.64835477 -1.2379797 -0.93454266 -0.030251503 0.1110427 0.18220954 0.86076283 1.9978563 0.55345964 -2.440804 1.5407128 -4.7722216 -0.7489522 2.3550515 0.052605983 -1.2490877 2.0221415 0.5588308 -0.6108177 -0.6593849
berry -0.5471784 -1.4219393 0.4246176 0.5553269 -0.6545836 -0.66486704 -1.3884785 -0.09972742 3.2253044 -0.4719495 0.47688597 0.49001032 1.3683558 0.12931876 0.9378731 0.7944086 1.1688349 -0.12579185 0.5221608 -0.9309811 -0.24512018 -2.1064289 -1.0065768 -0.10164787 -1.5166923 -0.5121795 -2.687063 0.48325005 0.31804135 0.83518034 -0.25228256 -1.9574577 2.0606956 0.1323117 0.2023937 1.2420483 2.2544758 -1.9758807 1.0998801 -0.8842509 -2.0043418 1.1367486 -3.344478 1.2406274 -1.7528323 -0.074264415 1.2593163 0.10744981 -2.64946 0.6073854 2.4395545 -1.4161378 -2.1686509 -0.72434276 -0.52705705 0.70452994 0.72263056 0.26969448 0.20625867 0.1601739 -0.13477823 -0.47365817 -0.20608261 1.2931601 0.40837222 -0.05093729 -2.5876434 0.14322555 2.1385248 -0.6831992 -0.9520087 0.57924265 -0.2764552 0.7651171 -0.27093005 0.12542558 0.37914905 -0.21079697 -0.19098598 -2.3488255 0.4457514 2.048483 1.2013747 0.40460938 1.0487244 -0.55690193 0.8321738 -1.0456823 1.0959442 -1.4427412 0.43669972 -3.363491 2.3736174 1.1221931 1.0219612 0.2842158 -0.9615487 0.057857655 -0.27240688 -0.63683164 1.0482799 0.38754082 1.8482789 -0.66029274 -1.7788663 -0.29303497 1.1270547 0.25081396 0.87384886 0.5469413 0.56552064 -3.2443666 -1.3063831 1.2203252 -0.9562542 2.2423537 2.568058 0.33273166 -0.024801856 1.743571 1.8053734 1.019748 1.2653272 0.24848215 -1.0077212 1.1503404 0.53393644 0.24222338 0.43284777 -0.13114704 0.6806576 2.864773 -0.1496807 2.01066 1.5371727 1.7252483 -1.0914354 1.8911661 0.93544227 -0.565358 1.26366 -2.1274226 0.60077983 -1.2000349 -0.3153569 2.5150516 -0.69884473 2.327276 -1.3787599 0.86884165 0.09759308 -0.34689394 0.43296328 1.6255778 -0.4545227 -0.51502925 -1.5668963 -0.46694311 1.1625706 -1.3004261 0.8220087 1.0508657 1.4496465 0.3489219 0.18264984 1.060684 0.5374726 0.23670128 1.1035002 -1.7813851 -2.6174932 -0.031483628 0.2830861 -0.30573145 0.532321 0.021189913 0.6262338 -1.1405373 -0.49212036 2.4026456 -1.1671435 -1.0329232 0.044969596 -1.418012 -0.14849262 0.789872 -0.62711865 0.34056082 0.07271109 1.0614867 -1.0515682 0.6604854 -2.1963902 2.0198255 -0.54749966 -0.29296264 0.27556396 -1.6012369 -1.12195 4.1187887 0.9028603 1.1132889 -1.3575984 0.79794997 0.21085107 -1.6799682 0.52542984 0.6879937 -2.878127 -2.2745912 -0.9494877 1.8500329 1.1034532 -0.8327082 0.6192846 -2.3119998 -1.8604317 -2.0240874 0.76340955 2.3181386 2.1735487 -2.1169329 -0.0098899035 -2.5557454 -1.4492923 -1.6551315 0.36330047 1.140711 0.58622986 -0.14838737 0.6689736 0.9234906 1.9199228 1.6920325 -0.69087136 -0.09306316 1.5346193 -1.7873431 -0.64668226 3.984317 0.73937124 0.4471632 -2.123707 0.25210375 2.379947 0.02836681 -2.2173796 -1.8873396 0.8590845 0.1727985 1.5168692 0.53352916 0.47250625 -0.7884194 -0.8723617 -0.31997266 1.5701592 1.1820545 1.2251394 -0.42203185 2.1779509 0.35327253 1.140537 0.5425625 -0.92038643 1.8206971 1.0086005 -0.5203693 0.41279346 -1.4255216 1.7369927 -1.3637642 -0.15731184 0.7037046 -0.6150718 -2.2547486 0.32154655 -0.28687954 1.2641549 -0.019987313 1.170407 0.97899324 -1.9436061 -0.6200721 0.755537 0.3845162 -0.8601261 1.7926382 -0.115476474 -2.993054 -1.9066302 -2.7410734 -1.1711799 0.74622583 -0.84182554 -1.4204236 1.9798867 0.52511364 1.7020926 1.1098789
strawberry 0.308919 -2.739579 0.52401656 -0.9460556 -0.8126418 -2.7136412 -0.76108825 -2.975988 2.2165837 -1.2139747 -1.5862195 -0.34483024 0.7512915 0.12143519 -0.81003743 1.5175139 -0.38233632 -0.38429284 -1.174593 0.48250848 0.055719737 -2.4867167 -0.9618783 2.1137204 -0.84228945 0.33043754 -2.7439873 1.5348805 -0.32074448 -1.3975798 1.9032137 0.5795872 0.46103263 -1.0702965 1.990198 1.9141588 1.2291547 -1.4399512 0.50012356 -0.72920316 -1.1855799 -0.26920816 -0.7251821 -0.3115577 -1.9095387 -0.7075307 0.285853 0.40203917 -0.6967133 1.4040793 4.2889504 -2.0507748 -0.4516319 -1.4443733 1.5409557 0.40057218 1.4019195 -0.09342993 0.30887955 0.88693476 0.7055747 1.8193116 2.1246557 1.1801602 -0.2632486 1.5538357 -2.4132571 0.043184683 0.7521904 0.30293506 -0.8985255 -0.035624262 -1.1263885 -0.32920128 -0.19636375 0.9663754 -0.28068367 0.41506028 0.5707483 -1.419605 0.051906023 -1.3311605 1.1129743 -0.20507239 0.94787854 1.185268 0.20398992 -1.5742682 2.5505822 -2.459663 -0.91528827 -1.2800642 0.9313221 1.4080777 0.1184819 0.10936105 0.65400946 -0.32610518 -1.7010498 1.2070272 1.7400409 0.9567026 0.6656916 0.47704384 -1.5732689 1.7572808 1.099074 0.9080035 -1.2345206 1.2564656 0.018751267 -0.82273924 -1.2037485 1.2199084 0.42547634 0.8215021 2.6057382 -1.330729 0.936949 -1.1663744 0.017559508 0.085219055 1.7753694 0.22503002 1.1523014 -0.5518323 0.92016417 -0.22586618 0.39947248 0.7257078 0.64728004 2.9270504 2.324617 0.167336 1.0780634 1.2034999 -0.5445852 -0.5413743 0.072016716 -1.9188858 -0.24978031 -1.5566761 0.8373982 -0.008566396 -0.032489594 -0.4546632 -0.9462264 0.9649747 -1.2356708 -1.3074514 0.37001392 -0.54551774 -0.10384399 0.32744417 2.517266 -2.0212014 -0.22519754 -2.775165 -0.5637424 -1.0930606 2.2577178 -0.24491255 -0.31826583 1.217045 0.85082895 0.2607692 1.1657985 -0.6946565 -1.8354244 -2.1157775 -2.4732077 -0.011708552 0.706625 0.4052594 0.63594043 -0.67654514 1.2706852 0.5795131 -0.38902786 1.388054 -2.9637468 0.736408 1.707959 -1.7521831 -0.08911757 2.546914 -0.87740606 0.26945153 0.06375567 -0.636284 -0.019485088 1.6415596 -2.0091724 1.8391739 0.274515 -1.3512247 0.065977424 0.42463267 -1.0932313 -0.5774827 0.7651135 1.9227551 -1.8301291 0.39197186 1.3022999 0.4494414 -1.755168 0.9239355 0.5495715 0.15491875 -1.0194069 0.30852845 1.0091494 0.30549356 2.541374 -2.1715775 -1.2286931 -0.21155895 -2.421238 -1.621051 2.5067818 -0.8014815 -0.20044908 -1.1305025 0.016411873 -0.56239486 -0.23963091 -0.9117772 1.8393756 -0.16271545 -1.0581082 1.1766303 1.3046492 -0.28375605 0.044101525 -1.1165445 0.50345564 -1.3040746 -1.062579 2.0505214 0.7265522 1.0242419 -2.3706272 -0.98120683 1.390143 -1.7154824 -3.7064526 -1.6467147 0.5859272 1.4118615 -0.61894864 0.554561 0.16374655 -1.8607122 1.420209 0.12177231 2.1712976 -0.8173902 0.27248785 0.38471147 -0.30921382 -0.14000513 1.2571924 -0.48421443 -3.2266593 2.4512575 1.5760069 0.40449172 -0.40630117 -0.44141248 -1.2764207 -2.06916 -1.7547392 -0.56696784 0.111641064 -1.242755 0.9427336 1.0264975 -0.17733617 2.0802655 -0.6522516 0.16781463 -1.2192061 0.9885594 0.27147263 0.4116594 -1.7854705 1.6043793 -0.81049377 -1.6650639 0.12694849 -2.5174875 0.12166614 1.1114582 0.26831517 -1.6985701 1.8546275 -1.4817587 -0.6277454 0.33510163
manure 0.7355097 0.799044 0.01700732 -0.5294655 0.34575897 -0.7048616 2.1522694 -2.0811331 0.95256066 0.11264934 0.18465477 -0.80987906 -0.6597079 1.3258039 0.4793483 -1.237862 1.7212303 -0.6189565 1.8300327 -0.16392642 -2.6781383 -0.7304919 -2.725901 -0.34861463 -0.69406897 -0.44780046 -0.9527979 0.63043815 -1.598249 -0.46661586 -0.21158017 -3.438596 1.9317445 -0.08899185 -1.9598348 0.7183225 1.3106779 0.8660861 1.3071132 0.45933905 0.74115497 0.22926033 -0.017696409 -2.3964827 3.000258 -1.248829 1.0009637 0.27140594 -0.47001022 2.3102713 -1.2988163 1.5645266 0.51098496 1.5045027 1.4442558 2.083016 0.35228917 1.5272026 -0.8673083 -1.1269121 1.0568142 -1.1707424 -0.51617706 -1.9442647 0.69358337 -0.37027586 1.305509 -0.5751878 -0.3375841 0.05821384 2.2244518 1.9652697 0.8422334 -0.6331527 -1.9195621 -0.14193709 0.9408504 -1.0859288 2.4138813 -0.28014514 0.9340901 2.3121848 -0.6809039 -0.54093575 -2.474325 -1.6203122 0.15164721 0.029032208 -0.4535439 -0.4465073 -0.8201439 0.5050351 -0.17142639 0.4620868 -2.0227244 -1.7582654 1.5422165 -2.5433018 0.2779864 -0.74400073 0.43217096 -0.03578178 -0.24763645 0.18000256 -0.3097835 -0.73184514 0.24285989 0.18690167 0.9287853 -0.015255586 1.5910867 -0.7532447 0.68139565 -1.1487514 0.21552908 0.11240543 1.4676291 0.061042637 -1.1375628 0.53952354 -1.4521968 -2.2060342 -0.52479297 0.099431254 -2.206003 0.83692515 -2.6408446 -0.8703213 -0.03141729 -4.179561 -1.6147995 -0.18120097 0.7937386 -1.590339 0.020884402 -3.0299995 0.9791324 -0.11456688 -0.21690498 0.8252689 -0.552553 -0.16165447 0.32372582 1.2351999 0.4514277 -1.3117837 1.1951957 0.59222215 1.4589052 1.3664955 -1.432016 1.5542309 -0.049096316 -0.86677593 -0.18890245 -0.4688566 -2.38762 -2.1215773 -1.1678835 -0.9519783 -0.5393898 0.9414937 1.9269388 1.071963 -1.0731591 1.7198833 -0.3644268 0.0058506145 0.12036668 2.1929107 -3.4616463 0.35264787 2.0942476 1.9682139 -0.6019359 0.2838121 0.11517536 -2.2077582 -1.9433837 -0.5107994 -0.63627833 0.9356988 -0.83351636 -2.2040517 0.23174663 -0.23947258 -0.88755053 2.1417568 -0.21118873 -0.9744831 0.012496693 -1.3691428 -0.75117016 -0.3357639 1.408034 1.5139042 2.4136178 -0.9051994 -1.2246474 -0.62819296 2.7546773 -0.91901624 -0.77747685 0.1306643 2.397443 1.7119163 -0.28030482 0.85946745 1.1123759 0.56773525 -0.73185486 0.5268213 1.3481959 -0.27837223 4.131222 1.6380116 -0.20284778 -0.42585933 1.3609681 -0.77808475 0.31373972 0.16530813 -2.0217052 0.26453063 0.05319777 -0.4667521 -1.3102134 -1.2273159 0.5145901 -2.361405 0.7488949 0.91670287 1.4985752 -1.8570203 -1.4904507 0.08923306 -1.0869389 0.405436 -0.83589906 -0.6557627 -0.35321876 2.1684551 -0.8176685 -1.688945 3.836547 -1.2082797 0.7529362 -2.3736649 2.1094356 1.0319911 0.8023005 -2.071011 0.7477571 0.79966766 0.9540241 -1.7700063 0.89181733 -2.2173572 2.4851136 0.19180174 2.2693007 -0.98404396 0.33002052 -1.6398885 -2.8110971 1.9484802 -0.02685879 -2.0999434 -0.08041641 1.1798472 -0.9249101 0.5925404 0.98040444 4.584644 0.6682167 -2.5043828 -0.08509766 1.8546747 -1.099893 1.6574417 -0.13066633 -0.42345855 -1.3877023 1.1348853 -1.0133084 -1.3022672 -0.3787225 0.5894522 1.5781718 0.4078529 -1.5552862 0.017676812 -0.3792784 -0.7450283 -0.2748465 -0.46152225 0.77850896 -1.158976 0.18988337 -1.0183723
clove -0.9006083 -2.3024473 1.668302 1.363862 0.8950272 -1.7587391 -1.0864023 -0.12461475 0.6343228 -1.0484017 -1.8933235 -2.4893835 4.936673 2.2102532 -0.9915719 2.2149894 -0.82896596 -1.895222 -1.6142755 -1.6244689 -1.9384307 -1.8007479 0.2031876 0.3181338 -0.82785946 -0.5652301 0.34775692 0.9539758 -1.9786874 -0.8829754 1.0237569 2.0704758 0.53159565 1.4860038 0.70687205 2.8377335 1.9675645 -2.2492254 -1.7063154 1.460348 1.1426443 2.2837706 -0.30032888 -0.5326942 -1.5646269 -1.1855409 -0.68077016 0.1591316 -0.8762474 1.0210365 2.9761696 -1.4538035 -0.5687632 -1.2284031 0.9462196 -0.07280508 -1.5414878 0.4960543 1.8313648 1.5669391 0.65656674 0.22950798 0.9467895 -0.63884336 0.89846325 1.4065338 -2.4615552 0.07286974 1.7937332 0.61430687 -2.6358314 -0.23810092 -1.3887233 0.91296536 -0.6106362 0.6373299 1.7347941 -0.07223619 0.17514823 -0.018671265 -1.2270622 0.40657637 1.2613624 0.6092032 0.32419533 -1.726672 0.5869433 -0.004729935 -0.26165566 -0.69832104 -1.1862669 -0.1561116 -2.4514384 0.2553778 2.3729005 1.0515614 -0.24815343 -0.1061676 0.03990711 0.24640225 -0.391122 1.3343402 -2.9368234 0.0030589572 -1.7075444 0.23070858 1.1169223 -1.3999176 -2.4496741 1.2464694 0.5424854 -1.7457778 -1.8947119 -0.44859198 -1.2021677 1.7070546 1.0275065 -0.13700852 1.759411 0.3084349 0.13978575 0.5764457 0.40847358 -2.2139208 0.2339257 1.4936165 0.97206545 -0.7094166 1.4796073 0.8883397 2.4774642 0.84700423 1.4889225 0.3949351 1.4229794 -2.149677 -0.4185349 -2.3189247 -0.3968202 -0.8180941 0.15531217 1.1823068 0.6401998 -0.7805126 0.3204828 0.55696344 -0.46136612 -1.9866111 0.0018629459 0.73978984 0.18118453 0.57694 -0.21093394 1.062336 -0.7769292 -1.9406456 2.1224618 -1.1265835 0.09590803 0.7899423 0.69389397 0.68489003 0.47219077 -0.6367545 -1.336263 2.178252 -0.16707315 0.13944347 -0.5011717 -0.037659883 -2.4846036 -0.5130829 1.1621423 1.9681184 -2.1557631 -0.20668285 -1.156069 0.44652018 2.6422842 1.7544122 0.22551891 -1.1191989 -0.6136347 -0.6682618 1.6111367 1.2259096 -1.3833065 0.054424908 -1.4220715 0.15508687 0.13788897 -0.68569064 -3.890548 1.6352173 0.63419795 -2.504463 0.9829955 -0.6882662 -1.1737359 1.0184485 -0.2330939 -0.27074617 0.41724607 1.2379322 0.80740863 -0.12067708 0.3626164 0.28410375 -0.6463834 -1.3488698 -0.63264644 -0.63169813 0.48042133 1.0345358 -0.28229216 -0.6612362 -0.39003187 1.0277913 0.61797637 -1.8430412 2.7206445 0.75017804 -0.2634169 -2.3331504 -1.3474874 -1.3383099 1.2051961 1.5459765 1.1119704 0.8722709 1.7407969 2.2842424 1.5236425 1.0969142 0.32517967 -1.8607252 -0.29750037 -0.5712667 2.103382 0.5999657 0.51081944 0.9219648 -1.3452429 1.2335442 -1.2741998 -0.116020754 -0.17640425 0.3177563 0.69269645 -0.35874867 1.2273077 0.9798015 1.1477641 -1.570421 0.7643241 -0.71686286 -1.7292833 -0.5870962 -0.05180379 -0.64597964 -0.74820006 -1.2986027 0.52114207 -1.5363289 0.32638064 0.48319978 -0.2854227 0.28299677 0.20820394 2.7309532 0.1956008 0.713007 1.962583 0.6244725 -0.72192806 -0.14143331 -0.8832253 -1.5357485 2.2113636 -0.5175431 -0.7043308 -0.65777004 -0.20282903 2.121314 -2.6963344 0.5034147 -1.4105747 0.62833047 -1.5477312 -1.6632826 0.09533247 -2.3631613 1.2810878 0.89831525 -1.6774179 -0.4834173 2.0297105 0.3430756 0.65629905 1.3065326
cedar -0.056676146 -0.5724371 0.15553328 1.8434212 1.1831226 -0.38966006 0.7255913 -0.61040586 -0.2629278 0.589998 0.21603005 -0.57413834 1.7290455 1.3896265 -1.3028749 1.5959555 -0.25254345 -1.3358259 -1.269723 0.8273574 -1.2091193 0.08653638 -0.6387756 -0.14895467 -0.5095981 -1.5135742 -0.68506896 0.89649975 -2.3834255 2.8426383 3.1303084 -1.741409 0.7185014 2.0120294 0.07978643 0.57551754 0.7176614 -0.96571803 0.4301391 -0.22872825 1.662654 -0.8949777 0.3495991 1.0467526 0.24472684 -0.617132 -2.1542578 -0.4238406 0.76495576 2.4046383 1.1103581 -0.6016933 0.7105732 -1.728116 -0.53770256 0.47094694 -3.8565629 1.0135278 1.1873212 0.5139476 1.162915 0.8468072 -0.81163293 0.56881917 3.0004451 0.34130523 -0.98169476 -0.14372125 0.6066985 -0.09454576 0.04993304 -0.32907733 -1.6386966 -0.21204859 0.3492005 2.1200688 -0.5959752 -1.1502079 -0.76974833 -1.7630095 1.8237934 0.1902095 -0.6501524 1.249783 -0.30699793 -0.7932291 1.8473611 0.3842808 0.45854658 0.5599456 -1.1982759 -0.21311189 0.10365825 1.0640357 0.57522213 2.1438549 -0.113899454 -1.2186619 2.27812 -1.1318036 0.46556515 -0.73218936 1.4254158 -1.0712303 -0.6933289 -1.6901495 1.7321945 -0.8464022 -1.3750151 -0.6353519 0.58399343 -1.17369 -1.4263248 -0.28275502 -1.6915004 3.7506647 1.6351345 1.023299 0.65949553 0.59615004 1.2235762 1.7081516 0.27074844 -1.2506508 -1.5826465 -0.15974706 0.5797526 1.0820162 0.40501633 0.037751213 1.241913 0.9439881 -0.45336342 0.5884746 0.22223908 1.4584961 0.019545607 -0.54650074 -0.21177919 0.0021884048 -0.575973 -1.5548649 0.06614734 -0.07723186 -0.50827515 3.385256 -2.0435538 -0.8490575 2.138931 2.375148 0.26707914 0.5941561 0.83189386 3.104154 0.0501884 -1.4595274 0.29464927 -0.43224823 -2.1491585 0.4788193 2.9796677 1.5833539 2.0274863 0.8455845 0.6094882 -0.89498955 0.6684056 -1.1166085 -0.22516392 -2.6445625 -1.4008236 0.53867435 0.18577623 1.4237878 0.08384163 2.0782142 -0.49201226 1.3219614 0.62617564 1.9359856 -0.053462945 -0.24453208 -0.6609571 -0.92118734 -0.53643525 1.0030026 -1.0963676 0.16016893 -0.1809476 1.133209 -0.021220053 -0.87117803 -1.9146397 1.3491837 1.7776889 -0.51069164 1.761216 -2.0497646 1.0546796 1.3433253 2.1771278 -0.8152841 0.56533873 0.63208437 0.17997722 0.29529965 -1.2060596 1.4526885 -1.8522972 -1.3064317 -0.58551127 1.524982 -1.6442374 0.927312 -0.88968736 -1.1867349 0.3661298 0.19672729 -0.9236189 -0.120544866 3.0566761 1.3710159 -0.8907461 -2.4136612 -0.7470676 -1.8043051 -0.79383695 1.0655489 0.1999217 -0.4133736 -0.64707947 0.7135536 1.980965 1.8396698 0.6402904 0.41191393 0.478024 0.6036334 2.2615283 1.0946715 -1.4733875 -0.12545405 -0.9083369 0.6588589 -1.6373965 0.25095823 -1.2235734 -1.6141286 1.3357317 0.26611185 2.1532302 0.054089464 1.9390564 -2.6099608 0.16982906 -1.5207918 -0.014146535 0.64023167 -0.048302498 -0.4800881 0.18178065 0.7155983 0.816533 -0.21456504 -0.6835095 -0.64116997 0.514627 1.8077401 0.87081826 1.1687466 0.18512486 -0.48971483 -0.043404095 -0.5709126 -0.9672071 -1.0391961 -1.4723728 -0.82198006 -1.0715573 0.37813383 -1.5848241 -0.65896153 -3.5204666 1.1475108 -2.0377254 -0.8116544 -2.4254766 0.6424653 0.49377066 -0.43090984 0.62354887 -2.5398726 -0.59933454 0.75404996 0.5463767 0.27503988 1.1724261 0.4030231 0.37103575 1.3931167
gasoline -1.4489706 1.2421643 -3.6015751 0.0534986 1.1038781 -1.9005101 0.7478398 1.9096357 2.258405 -1.2812076 0.21282788 -1.8506093 1.7091224 -1.3764403 0.45156944 -1.3954971 1.0581917 -1.1871392 1.0671028 -1.8051535 0.6942343 -2.7518666 0.07500619 0.45196298 0.20018691 -2.89684 -0.41731223 -0.5849678 -2.761796 -2.176204 0.4113114 -2.7019951 0.13384832 -0.5133652 -1.1509291 -0.23297547 1.3684484 0.44672787 -0.7609722 -0.20987613 0.81330633 2.129363 -0.21626253 -1.8163714 -0.51507145 -0.2452889 -0.2294574 1.2946988 0.20225976 -1.2015566 -0.31070718 2.3909087 1.7949623 -0.5382325 0.018979773 -0.4133605 -0.88675505 -2.0685103 -0.0541645 1.0049064 4.1713796 -1.65057 1.2325639 -0.54497737 -0.80270004 0.2216365 1.4489437 -0.4613135 0.28322962 0.050151497 -2.071188 1.8187107 0.01818457 0.5245835 0.3669543 0.23819548 1.1973791 0.8383722 -1.1295518 -1.6497939 1.5194973 0.3644894 1.4735671 0.5595951 -0.94451016 -0.7376974 0.68964195 -0.38365948 -1.0838088 1.7471856 -1.6475457 0.50363684 1.6209686 3.1327765 1.2918807 -0.38110512 -0.22950259 -1.2816269 -0.9005704 -0.8879882 2.1194072 0.3266907 -0.42865682 -0.34283713 1.0831413 -1.8913287 -0.14334485 1.3606656 -0.4993714 -1.7027093 0.6660692 -0.921615 -0.9071677 1.7374882 0.9868479 0.69727355 0.57739663 -1.2515839 -1.2854606 -1.1481632 1.738344 -0.7055631 -0.90238273 0.12291908 1.2688427 1.3398863 2.0867722 0.37551492 2.9737785 0.40651387 0.50304824 -1.0007921 -0.8737088 -0.72741205 0.47852814 0.7753711 -0.8654458 -0.97129214 -1.2354108 1.6198211 -0.88498574 -2.3487368 2.0810485 -0.8093422 2.2239687 1.1712945 -0.2407841 -1.5954773 1.8082964 0.35316253 -0.4392275 1.0813009 0.700971 1.8690727 -0.4434468 -0.54996353 -0.97397596 -1.6793636 0.27039143 1.9943726 1.484819 2.4860346 -1.5320162 0.15733726 0.26159978 2.5837204 0.27267873 0.50139606 0.5995273 -0.07223756 -1.4421883 2.0304112 0.85045046 1.6140095 -0.5643564 1.397756 -2.5557303 -0.92391634 1.5173485 2.4304082 0.5936834 1.0618858 0.22084408 -1.5253041 1.4461129 -0.4320832 -1.4003248 0.37978745 -0.551593 2.4086642 -0.6790638 -0.9544863 0.82212013 1.672374 -1.0175219 0.5654052 0.610787 0.44739234 1.0064142 -1.8870382 2.624269 1.0017676 -2.1174707 -0.25945625 -0.9116316 1.2836328 -0.4818474 1.2385298 -0.073810995 0.3910346 -0.4260403 3.1344955 1.6892462 1.6923927 -0.76062053 -1.2604233 -1.369531 1.3738192 2.1363618 -0.14156227 -0.33777586 2.073397 0.2278048 1.4723325 1.2054064 0.48303664 -0.79659075 1.0043172 0.35587767 0.1364034 -0.21501365 1.3962713 1.6411995 -0.056857377 -1.2160865 -1.6220266 -2.605123 1.5240316 1.3571588 -1.6814911 -2.0167947 1.6374834 0.9165634 1.4921424 1.3372802 1.8038503 0.7473872 0.5677598 -1.6292139 0.8722687 2.6576657 -2.31943 1.0699074 0.9396431 1.1518204 -0.40005946 -0.14019199 -1.4526132 -0.7438114 -0.81921715 0.23265462 0.81342524 0.6818324 1.15109 -1.3943514 1.8435808 -0.18878232 -1.1847492 -1.8640779 -0.31979156 -0.8792657 -0.38693345 -0.70283073 2.456739 2.2800515 1.1599282 0.61964315 3.457521 0.4158894 1.8786802 0.20447126 -1.8299611 0.78472185 -0.30365783 -0.77764374 0.8524507 -1.9259293 1.4988735 -2.2509654 -2.2789772 1.0850643 -0.77756214 0.21611841 0.6038873 -1.5375589 0.7638779 0.43846914 -1.0231311 2.1464 -0.8335152
oak 0.45302314 1.0316541 1.1969109 -0.17250344 0.40492862 0.8631739 0.4779939 0.35026732 -1.8223438 -2.7862282 0.7684202 0.89725673 1.7348509 3.135437 0.09457955 0.62861246 1.0489948 -0.41795212 -1.9136009 1.9731185 -0.4339599 -0.73985344 -1.0916922 1.4594054 0.7629283 -0.21471895 -2.566757 0.32404423 -0.5959639 0.9248468 2.905454 0.44949815 1.353907 0.7030485 -0.21049157 0.47528586 1.2877654 1.4271888 0.93085134 -1.4848969 -0.074434094 0.86282647 0.5455006 0.9436463 -0.27259064 0.17498389 -1.5369818 -1.0640875 -0.06329266 0.6520561 3.1863184 -0.25841838 2.9130623 -1.4909096 -1.3291525 1.2425225 -0.9344714 -1.3293246 -0.26823425 1.9084314 -0.90911174 0.09446843 1.4323719 -0.4363735 1.5597502 0.76119953 -0.11775404 1.6052061 2.411057 -2.4614444 -0.3027544 -1.6046609 -1.711111 2.098152 -3.2948172 0.37074453 -0.87034553 -0.7722618 -0.6632349 -0.81606334 1.6452211 0.09339833 1.6964092 1.7083356 1.8036846 -1.5914994 1.7100486 0.97679913 3.6319237 -0.14222093 0.99425006 -2.66743 -0.5595309 3.3673122 1.2878814 1.9563322 -0.122301 0.015620439 2.55164 -1.303419 0.005131309 -2.1712012 -1.9640954 0.27622867 0.99598324 -1.2604012 1.628144 -1.6151886 -0.777548 1.2159271 0.3327795 -0.7744434 -0.84254986 1.3036925 0.3001816 0.48487467 2.3252099 -1.1634156 1.7386564 -0.34343964 0.47452357 -0.5320152 1.2873168 -0.68782777 -2.4966648 1.4785563 0.8959527 -0.8146279 0.8759043 -0.18100205 2.209951 1.4332873 -2.0021243 2.0895338 1.0432879 1.0731348 0.47717243 -0.012793655 -0.5859027 -1.958386 0.66094315 -1.1543784 -0.11680883 -0.5196385 -1.081029 0.43618342 1.5936109 0.9488578 -0.32232603 1.7903084 -0.19168836 -2.1081636 -0.65343934 1.7809812 -1.2343318 -0.38008305 -2.8866866 -0.3173457 -0.6281495 -1.5345595 3.960637 -1.229529 5.633337 1.205709 -0.55698127 2.0030692 -0.3867649 -1.5143511 -0.600038 -1.7154071 -1.3976381 -1.1232282 -0.6246678 2.8008947 0.115535855 -0.8022153 1.0153217 0.9379391 2.0426786 0.61183685 0.16418803 -0.008359628 -0.8914238 -2.5672765 -0.16936997 0.4229311 -1.8611958 0.4467302 -2.826368 1.0717546 -0.21614334 -0.81673676 0.20752728 3.020248 -0.31577718 0.46075106 0.73137814 -1.3711195 -1.1142552 1.7460154 0.99402493 3.0904925 -0.09617848 -0.5341929 -1.2734983 -1.722396 0.74695045 -0.52588534 -3.075535 -1.9317863 0.4913428 3.0217574 -0.6502248 -0.8112996 0.43374902 0.13804552 0.40927017 -1.3771659 -1.5484802 -0.84297854 3.5218558 0.35625097 -0.9358451 -1.477793 0.34441686 -0.3052157 -0.8045962 0.15408704 1.1318692 1.9028167 -0.083079465 -0.6659189 0.7863743 0.33944908 -0.6937277 1.3745867 1.2249541 -0.63743556 2.3425956 0.76386994 -0.14519992 2.0186753 -1.1725199 -0.5798498 0.19762799 -1.1033049 -0.41847602 0.7812952 1.6115996 -1.5378809 1.639487 -0.69424564 0.05919597 -2.439933 -1.7696178 -0.41747636 3.1565218 -0.9584649 0.8080286 2.7798254 -0.28742325 -0.16474599 1.2919248 -2.2640162 -0.5622532 0.46203157 -1.0205601 2.2404523 0.6574852 -2.2092373 2.1545885 -2.5928607 0.7160723 -0.2738722 -0.802372 -1.8310844 -2.2109814 -1.3448788 -0.30659547 0.9670353 0.8927301 -0.9311055 -2.9581358 1.5623208 -0.7995176 -1.3266525 -0.4062219 -0.2890783 0.853309 0.8189037 -0.15220706 -2.9257734 -0.28259394 1.9567294 1.328714 1.3771276 0.23582585 1.8768952 1.3467633 0.8809757
pear -1.0642847 0.41000798 0.2337004 -0.5688441 0.18070444 -0.503701 0.584596 -1.4222666 0.26978877 0.5865778 -1.6640838 -2.190601 1.9548509 1.0035223 0.4629077 -0.43171644 0.7440894 -0.25764874 -1.7856154 -0.9359375 -3.7828443 -1.9366674 1.3603476 0.46529987 0.17192517 1.2272062 0.28981453 1.2465227 -0.37574577 -0.6107666 0.89538336 -0.3350992 0.17495109 -0.38570368 0.74370486 2.0154781 2.4952223 -1.0697001 1.2923442 -0.5299209 0.46352163 1.3516175 -1.3034585 -1.4061322 -1.1177208 -0.6816511 0.95088977 0.72466826 -1.071989 1.0635924 2.272854 -1.0598702 1.1565014 0.45154804 0.17002618 -0.12108771 1.3033183 -0.5064105 -0.60382456 1.674551 0.88071454 0.77488613 0.3070588 0.34553757 -1.8066199 0.122841604 0.2599925 1.6191443 -0.1637977 1.406033 -0.5315599 0.5336387 -0.46120209 1.0025357 0.97433734 1.3848505 0.43588895 0.3777607 1.8574364 -1.6187236 1.0109526 2.02972 1.3530371 0.599683 0.23733652 0.85108924 2.0395305 -1.1210885 2.2324889 -1.0016482 -0.036640707 -2.2894044 2.6118932 2.7771263 -0.28427035 -0.78623825 -0.46060178 0.5870477 -2.0648246 0.22895117 -0.56550246 -1.184805 -1.9500384 -1.5616988 -1.1488137 0.3036213 1.0065073 1.6724355 -0.70582056 0.14245403 -0.06975314 -3.1943202 -1.0111955 0.39068097 -1.8291638 2.0349135 3.8327394 -0.42770657 0.5381491 2.5894175 -1.3158998 2.5981162 1.9402608 -0.068026274 -1.2295281 0.87142944 0.071417324 2.6760201 1.3717997 0.70328444 1.1588572 1.1909869 1.518823 2.3444047 0.6439295 1.753139 -1.6856424 -0.7313652 -1.1062901 -1.7083809 0.05499831 -2.3413894 -2.1631331 -1.3366271 1.3913188 1.9660951 0.5152914 -1.3241153 -0.5336713 0.77259225 -0.47593427 -0.6283523 -1.4535483 0.0951533 -0.09565794 -1.4094037 0.11336617 0.14627486 -0.575638 0.81074923 3.0973384 0.15368313 1.7379998 0.7732789 0.6204686 0.3968133 -0.09348581 -0.3293793 -1.5966916 -1.7964633 -2.186194 -0.35832542 -1.3175306 0.4634012 0.03707569 -0.5583072 0.94170326 -0.71916974 -0.5860414 0.5360087 -0.076290496 1.8022189 1.331458 -0.2934959 -1.0491261 1.8940306 0.17703396 0.82281107 0.014595252 -0.69355506 -1.605324 -0.6455121 -4.3702955 1.7634743 -0.9731126 -2.2131891 -0.028247878 -0.067951225 -2.4065013 2.2607353 -1.4150339 2.6864383 -0.7059505 -1.6055555 1.4758602 -1.9513465 0.16515741 2.0634944 -0.5804583 -1.9601086 -0.7878243 1.8951539 -1.8255405 -0.21824348 1.9529032 -2.4993734 -1.2026508 -0.889229 1.4326653 -1.8234304 3.3613415 -0.3781137 -0.9668776 -2.6860616 0.17035313 -0.23069312 -0.10657453 2.0142488 1.2785395 -1.1344274 -1.6850383 0.66067886 0.15210518 2.63857 -0.032707304 0.04910696 2.4026003 -3.8501713 -1.4882156 2.049431 0.9686621 0.30373755 -1.2822886 0.4434885 0.40809807 -2.1074061 -1.0929599 -2.0367508 0.81408846 -0.6073715 1.1976217 0.27755296 -1.2015159 -0.0039015089 0.39652443 -1.588325 1.1480476 -0.9747015 -0.91433334 0.72972506 0.24775451 -0.28398192 0.840618 -2.3307157 -0.14526139 1.0193534 -1.114403 2.773273 1.8643289 -2.2761962 2.1727285 2.0531979 -1.0069776 0.2015384 -1.1429937 -0.040917054 0.14516826 -2.0227888 -1.4389654 1.5295298 0.64242715 -0.54580134 -0.47563073 -0.48109984 0.35688186 -1.349321 2.100849 -0.44442663 -0.8356045 -1.2966658 0.708041 -4.785394 -3.1016064 0.9584022 -0.9358063 -0.24447297 2.933331 0.8053227 1.9801707 -1.5674313
banana -0.98247826 0.2015646 -0.7330722 -1.5025524 1.0628557 0.16094959 -0.9245099 -1.0092089 3.2545507 1.905624 1.5024625 -0.9160015 -0.15921193 0.17903745 -1.0711918 -0.0029028219 0.14696869 -2.6068485 -0.50966895 -0.11227393 -0.870721 -0.39625987 -0.051789656 -0.13152394 -0.75559527 1.2219381 -1.7041326 2.0958765 -1.2667147 -1.6612123 0.59673655 0.09797266 0.07850071 -2.367269 0.76364684 -0.013114024 3.533524 -0.91506606 -0.56333745 2.0133803 0.4664683 -0.04558062 1.1336473 -1.5803291 -0.225838 -0.9905063 -2.4237995 2.5103524 -0.98576295 -0.20719968 1.910392 3.2461011 0.46986318 0.028823918 2.1650176 -0.10470406 0.63148946 1.5739969 0.1032324 0.2918936 -0.7068468 -0.3902297 0.7761903 -1.3821249 1.8043725 0.15018155 -2.4887733 -1.553748 1.163056 -0.682495 -2.160273 -1.0055399 -0.3031122 1.143192 0.34870464 -0.12962382 0.4847538 1.592878 1.3187168 -0.03427896 -0.34656426 0.18437327 0.7912349 1.9923012 -1.7248002 1.3621868 0.7138875 -0.69918275 0.09156116 1.0525148 -3.6078355 -2.1108057 -0.5177239 -0.6758496 2.6496115 -1.7708776 -0.5561466 1.6456712 -1.1915268 0.45679712 2.0615952 1.2734429 0.54075056 1.1473708 -1.9799271 0.8368124 0.010038804 0.67630994 -1.8034672 -1.3005295 1.2520881 -1.9223168 -1.8822606 0.8514982 -1.5120519 1.1326506 1.5925457 -0.23158193 0.1633172 -0.026511401 -0.6551332 0.44491193 1.3494445 -0.25450507 1.4412795 -1.8309009 1.5820498 0.8946705 2.4677804 -0.28178442 1.0949541 1.3921407 1.8793389 1.014645 2.0425608 1.3323857 -1.3733046 0.15504764 -2.6049767 -2.9480033 -0.70774984 -3.7097936 -1.7766266 0.35861596 -0.66831 0.54026604 -0.39021423 0.6403779 0.1659747 0.36357477 -1.4653587 0.51664567 -1.0339206 1.4259727 0.28561217 0.4372737 1.0913689 -2.567573 1.4694489 -0.21486539 2.7749274 1.6893967 0.039172053 0.9286056 -0.35722485 0.95940113 0.7198535 -1.1873235 -1.4568434 0.43187848 0.26092952 0.18007025 0.707762 0.42035723 0.2566624 -0.23662448 1.5507576 0.5158925 0.9872427 0.18877763 -2.882712 -0.5036872 -0.672804 0.69561505 -2.120577 0.53166115 -0.4548791 -0.2490101 -1.8576268 -0.87246525 -2.2670317 -0.015041162 -1.70919 1.7859571 -0.12720293 -1.55724 0.6137473 -0.09492335 -0.8732994 -0.5424068 0.94015956 0.49872768 -0.053853292 1.90045 0.2380631 -0.75088274 1.1138818 -2.1042645 -0.5230504 -0.49323705 0.3431714 0.17361137 1.2634948 0.72042125 0.7316848 -0.14888087 -0.7912468 -0.8525261 1.8167002 1.8443086 1.7635443 -2.160768 -1.6267691 -1.1575695 0.9727467 1.6410427 -0.22556777 1.2475581 -0.46965092 -0.28925297 0.35837647 1.3204046 0.17174968 2.587531 -0.025579773 -0.8034946 0.9473534 0.8182092 -1.0931734 3.0353098 0.86040497 1.2400401 0.7120764 -0.9592948 -0.60325116 -1.2615259 -0.47448215 -0.08656412 1.3622086 0.6710134 0.5971279 0.7341907 -0.6734077 0.36142296 2.55614 -2.1050475 0.41940603 -0.65917104 -0.9003898 -0.3457392 -0.47574192 2.0940888 -0.10038239 -0.8172081 -1.4185234 0.15844867 1.7024132 -2.0442955 -0.73061985 1.9931245 2.6549032 -1.2685639 -0.9648357 -0.004609409 -1.1064156 -1.9280477 1.7666168 1.5585959 0.5285115 0.7194318 0.18515854 0.65943307 0.006576106 2.1488616 0.6643438 0.27070338 -0.13965473 -0.22497857 -2.2690752 -0.37286055 -0.030244164 -3.4819267 0.4814014 -0.6227412 -0.5559979 0.32776508 -1.1035334 -0.75868404 0.15245219 1.2344825
popcorn -0.9349601 -0.5600181 1.0011584 -0.18648581 0.41036776 -0.29107416 -1.1923939 -2.949891 -2.663955 -0.80477226 2.207637 -0.89828885 0.31065342 -1.351293 -0.96541125 -0.9086431 -0.23241548 0.63571686 -0.87679136 -0.055246312 -0.4742066 -1.4977785 0.8037087 2.3207066 2.6742442 -1.4237932 -1.497243 -1.1013916 -0.6825593 1.3747183 0.1617887 -1.8479167 1.3516545 -0.013299346 -1.436612 2.9744263 0.6428477 -2.4897606 -0.010379529 -0.6843696 0.9050518 0.38792825 0.20177442 -0.6776639 0.08226667 1.66355 -0.36415824 0.47433314 -0.41288513 0.26319247 1.2980545 1.3193722 1.9779099 -1.1976439 1.4969503 0.26581886 -1.2540346 -1.5958829 -0.42893618 1.856179 0.35483348 0.50285107 -2.0344632 -1.0097169 -1.833299 1.9815242 -0.31691283 -1.3378593 2.1301575 -0.70796824 -1.3444095 -1.4136379 0.48859835 -0.556491 -0.5581448 0.67762667 2.5567634 -1.5384386 1.9080796 -1.7922702 -1.6830851 1.4667543 1.466416 1.8634652 -0.4844826 -1.2861675 -0.017517217 -2.4156744 0.7322286 1.2675701 -2.3490808 -0.9470197 3.0751348 0.21903539 3.586339 0.48995513 -0.7620657 -0.8763147 0.18780181 -1.0319694 0.9238401 0.62690884 1.985502 1.873992 -0.46356162 -2.038132 -0.96772295 0.8568192 -2.3277307 0.5807486 -1.6740935 -1.5726467 1.3029257 0.89960283 -1.4457164 2.281441 3.2562184 2.3154738 -0.5464323 -0.82388955 1.3103837 -3.02358 0.5310425 1.8430454 -1.1576939 1.130346 2.2453103 1.5766672 -1.1306068 -1.3455869 0.82998365 1.6425492 1.7979271 0.71886367 -0.60780615 0.22379081 -1.8923014 -1.200181 -0.055308938 -1.3127382 0.5381065 -0.7718541 -2.0222096 -0.5432758 1.382693 0.3247422 -0.28328174 -2.0024629 -0.29086697 -0.095340475 1.7549822 2.063491 0.38845447 -2.4951458 1.2124112 0.1654216 1.9377996 -1.4486434 1.231878 -0.8797416 2.876245 0.41883898 0.15611024 -1.5331914 -1.749898 -0.7579336 -0.03236626 -1.2637346 1.5104215 0.31494102 -2.4171062 -0.1147074 0.6471807 1.166671 0.36439735 -0.5076205 0.26436502 -2.0139396 -1.7477797 1.8632771 -0.665074 4.067273 1.4672519 0.13118885 -1.000002 0.75704974 1.9522955 -0.50391644 -1.1318725 0.1867996 -1.4130933 2.088738 0.53434426 1.0274143 0.8153922 -0.17470473 1.0018733 -1.2724372 -0.16077547 -3.5386536 1.4750934 -0.69294024 1.93754 -0.96052986 -0.23853576 1.4906573 0.8687884 -2.8514502 0.032944467 -0.9179504 2.3966203 1.5277714 0.5708997 -0.4262069 -0.99419355 -1.3467689 -0.5669683 -0.57312244 -1.1022133 -1.7369303 2.7402563 -0.42052963 -0.02423882 0.2745036 0.31713438 3.1876326 -1.5926014 -1.4551976 -0.95831496 0.45773068 -0.59318733 -1.0643243 2.1557777 0.81619066 -2.8246436 0.96768206 -0.97780395 -0.32917687 1.2120217 -1.7425364 -0.18019553 1.4254203 0.27302918 -0.7316877 2.4307232 -2.616284 -0.65598345 2.2180564 1.557653 -0.54150164 -1.0790077 1.1819283 -0.79097897 -0.025904527 2.304673 -0.7554726 0.7509553 -3.6906123 0.053585593 -0.7734887 -0.90548456 0.56893784 -2.3172865 -0.049287833 -0.40874442 2.998122 2.2981894 -1.1555514 -0.10819702 1.5494397 0.7508998 -0.6306354 0.09576536 0.6533642 -0.31503007 -0.6687457 1.9430605 1.8800772 1.2959143 -1.7435728 -0.19689132 1.4418325 -2.796558 -1.4365226 -2.2200203 -1.0954132 -1.8062134 -0.68307775 -2.0126963 0.5015581 0.617184 -0.6268142 0.6791211 -0.534918 -2.9822326 0.9833473 -0.80552894 -0.6259057 -0.4380923 -0.2137749
caramel 1.335712 1.2742213 0.7091407 -1.0044389 0.15340704 -0.765974 -2.0338497 0.9845203 0.8384545 -1.4140258 -0.35873145 -0.8759496 2.639189 -0.36965406 -0.134786 0.35337994 1.2549676 -0.6753728 -1.3596221 -0.67984194 -0.91806585 -0.9830587 -1.1578357 1.002336 1.9818466 -0.26027247 -0.8249441 0.774159 -1.3655303 -2.2911131 2.442455 -0.088360004 -1.035321 -1.5982579 0.5259664 0.5174795 2.5202723 -2.275545 -1.3682785 -0.56138134 -0.5640607 0.85800886 -1.0408543 1.1772119 -2.4525003 -0.7586282 -0.14302085 1.0786953 0.76770586 2.0294752 3.083687 1.2998347 1.831372 0.4752443 0.45705038 -0.8623028 -0.077942856 0.1723474 1.1095935 1.2311612 -1.3436743 -0.371846 -0.1332554 -2.512156 2.014965 1.1603681 -0.7514957 -0.62299895 -0.40340206 -1.1911157 -0.3257311 -1.1487888 -1.8963404 -0.45912716 -1.0246681 0.5231564 -0.68937457 0.44017145 0.72130156 -2.1363504 -0.04043252 0.46651685 0.74133873 0.6826107 0.40916982 0.46893725 0.9873801 -1.3574041 2.8220434 0.38197255 0.15643708 -0.35949972 3.6522954 0.31870493 2.1637301 -0.0711062 -0.19823062 -0.18371466 -0.49430135 -0.1903652 -0.0115929255 0.9450332 0.6859335 -0.97700036 -1.1822969 -0.40380615 0.35519582 -0.56695646 -2.4250422 0.81278855 -3.1009557 -1.6338254 0.41702282 0.21541075 -1.5740253 2.1130157 3.956254 -0.7840871 2.0820355 -2.5611649 -0.19054434 -0.0863052 -0.12924923 -2.2809618 -0.7117201 0.60946083 -0.87405413 2.6497083 0.7495038 -0.12013675 1.8906417 0.8528817 2.2122698 1.415856 -2.0637336 0.37553346 -0.3308434 -0.9609981 -0.34406957 -1.1572618 -0.21111028 -0.9332551 -1.289237 -0.9946668 -0.29968533 -0.32829502 -0.12585758 0.3988411 -0.37610418 3.3837385 1.7903541 -1.6010717 -2.2402086 2.7918942 -1.4452956 0.520851 -0.70729697 -1.1146367 1.2578772 -0.9891023 2.5385313 0.085268356 2.2307625 0.46109208 0.9416273 2.6695096 -1.8160892 -1.855944 1.2808553 -2.001028 -0.69058776 -0.33818996 -0.11352101 2.0322058 0.67008746 1.7447562 -1.1617469 0.07611854 -0.048888076 1.9510295 0.19587582 -1.2316256 -0.72523755 0.8360468 -0.020443032 1.1862876 -0.018889286 2.5026336 -1.8813593 1.2574079 -1.2990112 0.11927346 -1.9709435 1.7860398 1.3212535 -0.8832732 -0.16888031 -0.18568537 -0.060596596 1.0764236 0.19311711 0.11035116 0.36376965 -2.038846 -0.9270117 -0.54295164 0.02465049 0.46011817 -2.975008 -1.3012863 1.5301566 2.0118225 0.7935346 0.88985866 1.0683562 -2.4777362 -0.16743983 -0.83599627 -1.7660238 -1.9149354 1.2518775 0.077686265 -4.314751 -2.6530027 -1.4612474 -0.52951765 -1.6835555 0.967791 1.0213069 0.90391976 0.46541306 1.7121696 0.6336012 0.74302334 -0.09936934 -1.183047 1.3430448 1.1609375 -0.15372372 1.3343544 1.0897729 0.017664365 0.7649155 -1.5364381 -0.825246 -0.72505826 1.3653272 -1.1983252 -0.51817274 -2.4847646 0.3365065 0.43271798 -0.55795765 0.5086626 1.146585 -1.027979 1.6779104 -1.4049563 0.2547115 1.2961491 1.2148757 0.86771184 1.7159541 -1.2820364 -1.4387815 0.8372183 3.0941367 1.1553178 -2.8446782 -0.27131522 0.42264616 -2.215996 1.2823743 0.62796617 -0.701147 -3.908857 -1.9124352 0.5379017 1.4370376 1.3438075 -0.6093004 0.16857716 0.73564714 0.8416739 -0.07751322 2.182358 -1.7883008 -1.9300343 -1.2580472 -2.8791962 0.50889486 -4.1104155 -0.90951174 1.381593 -1.3468742 -0.3532497 1.709238 -0.7327533 0.8487795 -1.0491546
eucalyptus -1.2565457 -1.8527641 1.4169036 1.569912 0.95354855 -1.4013542 0.5340018 -0.91266465 1.6631583 -1.9782329 0.9698227 -1.728815 0.7830277 1.1959887 -0.16374452 2.6861672 0.87043065 -1.9225283 -1.7687689 0.29832855 -0.67450976 0.07888162 -0.071941614 0.54220235 -0.9207628 -0.27333483 0.2733729 1.8489543 -1.7544221 0.8100495 -0.65864533 0.25970298 0.44660258 0.010882557 -0.5344321 -1.5418502 0.38824332 -1.5162781 -0.57483524 -1.4496334 2.5975964 -0.67900926 0.9630516 -0.6220384 1.4094479 -0.75249267 -0.86668104 -0.00503581 1.1565684 0.24791077 1.291309 -0.54622686 -0.53718674 -0.60234433 -1.4290752 0.2400146 -3.6128943 -0.53977484 -0.44954118 -0.30264908 1.1506128 1.1000004 -0.24773897 -0.03594224 2.387981 1.9771632 0.2262251 -2.5695536 -0.14674458 0.06445297 -1.2791042 0.32745183 1.5903715 0.669589 -1.5295539 1.3814454 1.032118 0.18774348 0.6555141 -4.749959 0.5273622 0.49690846 0.45169172 2.8525305 1.1853559 -0.32409567 0.3486591 0.55621165 1.1235261 0.99999446 -1.0106394 0.5402264 -0.6336473 1.3529625 -1.418363 -1.4487141 -1.5121983 -0.050847024 0.53809863 1.2733855 1.5557624 1.617113 0.8646524 -0.24657276 -1.5030973 -1.710837 0.61655957 -1.6743685 -0.3149821 0.7103178 -0.5764805 -0.57242596 -0.38819847 1.7122921 0.6112929 2.1127892 2.2496371 -1.070976 1.4089024 1.0186073 0.52954227 0.5966499 2.2204967 -3.0013971 -2.161588 0.07125586 0.30466685 -1.7799197 -0.36465883 0.5091102 1.9846933 1.8984988 1.2734758 0.28522182 1.2876163 1.8371181 -3.887251 -2.3455439 -1.811732 -0.747283 1.8148369 -1.2913905 0.13644764 -2.1431928 -0.6783832 0.16478361 -1.131484 -0.4519423 -0.34648892 -0.62145394 -0.29486918 0.24765919 -0.11663291 0.97113377 0.5104042 -2.05064 1.9582957 -0.4836469 0.039984904 1.9559973 2.482439 1.2317106 1.0011069 0.3801845 -0.45813268 0.72364694 -0.16427556 -1.924764 1.0148981 -1.2069777 0.09439234 0.4931316 -0.6163071 1.891314 -0.09336304 0.66182935 -2.763329 1.3956299 0.43553013 -0.10520197 -0.08642624 -0.97572076 2.5212235 0.17093666 0.5999684 0.53471535 -1.8542817 0.18647467 -0.8006669 1.839272 -0.072843336 0.010428485 -0.5498804 -0.7570798 0.111318186 -2.4869761 0.41584086 0.8038032 -1.0623987 -0.80344045 1.6830391 0.6137921 -0.5155434 0.6081798 0.09955789 0.30855832 -1.3800852 0.20850821 -0.33908558 -0.2774965 0.855169 -0.12993181 -0.04276768 -1.3437316 0.5677709 -1.1918819 0.026153296 0.11587806 -0.8090809 -1.0161333 1.3820852 0.78610826 0.692539 -1.0437174 0.6521093 0.5644884 1.0187944 0.79744256 -1.1352445 1.6199021 2.0762682 0.36919162 0.7646515 -0.16384469 1.3724191 0.3936797 0.03325026 -1.8540848 0.96329683 -1.4598528 -1.2236953 -0.694129 -0.28617507 0.9829362 0.31933698 -0.48327702 -2.0992246 0.43947208 1.8867953 0.17725907 2.1559765 1.3794081 3.1080604 -2.90096 0.6450966 -0.41804788 -1.1199496 -1.3006876 1.0834599 0.02122385 -0.29319844 -1.3758079 -0.2598804 -1.7091279 0.6676131 0.7386307 -1.9129266 0.41570666 0.17923553 1.5438706 -1.1001408 -0.13926734 -2.1973045 -0.9936986 0.2493691 1.6797941 0.07608734 -2.3804321 -0.8519354 0.9983911 -0.9313503 0.069064885 -1.6782311 1.6769621 -1.517013 1.1920029 -2.9317722 1.4157364 -1.0885625 0.77570665 1.1018358 -2.4795916 -0.6288679 -0.11658442 0.28356373 -0.5226016 2.2027292 -0.56089056 -0.7090376 -0.02803056
bakery -1.6775243 -1.4830446 -0.09048371 1.1508191 1.7645396 -1.0989145 -1.2015004 1.8046232 -0.45461914 -1.6022339 -0.49427673 -0.27906406 0.2812086 -0.08848939 -2.0752172 1.7073239 -0.88541937 -1.8667372 -0.57912946 -1.1890836 0.65905756 0.67370933 2.1740365 -0.2550172 1.2909596 -3.0877333 0.34593362 0.9509059 -0.526202 1.6348728 1.0364698 -0.07503098 1.0060774 -0.26627085 1.3515813 0.7947992 1.5266626 0.5812397 -0.65597767 -3.597862 1.7597076 -0.64456064 1.2415036 -0.80624145 -0.2742942 1.8881474 -2.776877 -1.2420577 1.3506953 1.9579184 2.5391946 2.9510136 -0.9025456 -0.9287347 1.5356759 -2.0531046 -0.52627087 -1.6429902 1.1424986 1.0383825 -0.8446349 0.8037815 0.48841327 -0.047653917 -0.5036349 0.9730094 1.0850185 -0.08388444 2.8240542 0.3641278 -0.23272197 0.1573636 -0.53935057 0.6065452 0.89940757 -0.5847329 -1.504968 -1.8360318 3.1247866 -0.35825178 1.5682944 2.1618679 0.8287272 0.2726835 0.5657214 -0.34273493 2.0728297 -2.1849847 -0.18668772 1.380031 -1.824031 -2.1774619 -0.6788675 -0.13942695 -1.1007409 0.24960183 1.6561207 -0.19645646 -0.23168369 -0.16432373 -0.6139893 1.4664433 1.402563 1.4336313 0.37628016 1.1430409 0.5799382 0.8947014 -0.885176 -0.92431164 -0.2140337 -1.5259256 -1.3853623 -2.059172 1.2786103 0.5563782 0.3066884 1.6143023 -1.1916593 -1.6049548 1.1922041 -0.86238414 -0.06333068 -0.7684246 2.1530201 1.0435433 -0.041853003 -0.49565625 1.824364 2.4295273 1.3194958 1.4351122 1.7552108 1.0714768 2.969011 -0.7363971 0.8655643 1.6511425 1.7313812 -2.2540975 -1.5161602 -1.1158108 -0.17099427 0.2803615 0.9217862 -0.24474458 -1.5058042 -1.3652976 -1.1529408 -0.019345768 -1.3833681 2.5755541 -1.123162 -0.879365 0.5028985 1.0497644 0.5165481 -1.9381455 1.2520293 -1.0503099 1.0032898 -1.2124249 -0.6690401 -1.1478254 -0.35477117 1.1957586 0.21829608 1.0449853 -1.4499866 1.5155995 1.2015743 -2.754099 -2.636644 -0.22056195 2.1912723 -0.8468875 -0.9759342 -1.0104094 -0.95212215 -0.25897202 -0.3013098 1.0298357 -1.5691589 -1.1596202 -3.3664527 1.8173563 0.2198294 -0.8319941 0.42251575 -1.6400611 -2.7920632 1.5826209 2.5736432 -0.6285115 0.15120117 -0.42640656 1.9494495 -0.1869201 0.23624681 1.2216502 1.4965905 -1.302041 -0.2957954 0.41438386 -0.4362065 -0.14055333 -1.338066 0.45411777 -0.8067279 2.261611 0.9356051 2.4846368 -0.45144057 -0.9569657 -0.30434236 0.5738243 -1.6312969 -0.11383332 -2.6979291 1.7127649 -0.6672951 1.7798021 -0.6601958 -0.55001336 -0.67366123 0.67781395 -1.761062 -0.58155227 -0.055704843 1.5382161 2.148239 0.435213 0.075636946 0.20644249 -2.2746418 0.92993504 -2.477846 -0.96882594 -0.13967156 0.49681687 -1.6547731 1.2203517 -2.6445131 -0.98277813 2.2431605 0.43182224 -2.4863887 1.1421273 1.1825658 2.2480958 1.3178383 -0.29691324 -1.5693552 1.217224 3.9910634 -1.0080085 0.73850024 -1.519712 1.2788494 1.7777967 0.6348794 -1.6726111 0.56542844 -2.3805137 -1.4671171 0.8027692 0.87184805 0.12528709 -0.10248457 -2.931635 -0.32898158 -0.6865449 -0.8972105 -2.1184328 0.813716 -2.1699896 1.0869282 -1.5345159 -1.6468369 -0.6370741 -1.1964518 -0.53720456 -0.61888754 -1.5409117 -0.87543976 0.14738259 -0.5325299 1.0222837 2.1663716 0.9081687 -0.35335743 0.0349106 -0.13257807 -0.7642445 1.3055737 1.053868 1.1188983 1.6500663 -0.14655115 1.3689694
peppermint -1.441042 -1.2769425 -1.5390497 1.8449914 0.29724613 -1.3099957 -1.1370974 -2.1796215 0.4794333 0.6327251 1.4701251 -1.3281764 0.16474335 1.7872593 -0.97452486 2.3763452 1.3024291 -2.4794958 -2.5624962 -2.1386952 -0.14966947 0.9972025 0.41280335 1.7246748 1.1601936 -0.21436562 0.02478608 1.832017 -0.64691895 1.0263091 0.34524557 0.35463154 -0.86221266 -1.3724582 -1.1570802 0.34343195 1.2858577 -1.6323469 -1.5128711 -0.25551927 3.4122446 1.3700738 -0.83518136 -1.1223958 0.4148931 0.79626393 -3.1954005 -1.2030096 0.8554412 0.21433543 1.00431 -0.2703203 0.07223369 -0.022812484 -0.24990454 0.13883717 -2.1699624 0.95712626 -1.4433109 0.70837826 0.54496074 1.6915925 0.7053917 1.9154527 0.6302826 -0.06757104 -1.8437874 -1.7873144 -0.7163274 1.6551999 -2.5875852 1.4980526 1.6931039 -0.7550277 0.30131406 1.177294 2.3912704 0.5139931 1.9238987 -1.2708404 0.08412168 -2.0600052 1.1407417 0.5261072 -1.0254899 -1.6458784 0.8285175 1.7264541 -0.30765125 -1.5968691 -2.2292733 0.8639824 0.9749978 1.3606076 -0.35859966 -1.7103043 -2.2430496 -0.06693843 -0.63707775 0.80396557 0.51866186 1.1713947 -0.56909555 0.8440457 -2.6541307 -2.247122 0.8049965 0.061377637 -0.84803855 1.8908709 -0.8967362 -0.5658234 0.3892179 1.3125104 -0.56816286 2.4636133 1.3034164 -1.1326886 2.2676826 -0.17509344 -0.52254105 1.1252452 2.5891204 -1.4432459 -1.518283 -0.17487158 1.771392 -0.610731 -0.55292004 1.3999577 0.84052515 0.7737655 2.831136 -0.19031757 -0.14457212 1.3716825 -1.1364843 -1.2779447 -1.5330836 -0.60090864 1.3092083 -1.563297 -0.82029027 -1.399132 0.40871692 -1.3927293 -0.11088368 0.028491372 0.089407645 -0.120218456 0.47311828 -0.43541244 1.98953 0.40393707 0.86072606 -1.2495536 1.816215 -1.0456115 0.49087515 0.48775494 3.4438257 2.6448717 -1.8955806 2.9756985 1.1691133 2.5846472 -0.6980585 -0.27856195 -1.1507107 -0.5685342 -1.2213417 -0.42889136 0.36881036 1.7283019 0.15767953 1.4476343 0.38551775 -0.76555115 -0.21041018 1.3894459 -0.27278638 -1.973474 1.7488701 0.84777087 -0.56537825 -0.7137467 -1.6647544 0.62374556 -1.8468091 -0.21495561 0.6405108 -1.0316969 -0.9436296 -0.14982897 1.5164111 -1.2105029 0.8049261 -0.3515569 -0.65199745 0.51696414 -0.8298567 0.8048942 -1.2194948 1.6242652 1.6231967 0.34088698 -0.044793833 -0.39904982 0.2105134 0.52716225 0.9148191 -1.1046861 1.88911 -0.8672497 1.0290989 -1.517994 0.4671021 -1.8476849 1.4826804 1.313439 0.709046 -0.32214928 0.048581496 -1.0682148 -1.1593145 1.8527286 1.0993433 2.8186984 0.6184652 1.4728733 0.43269742 3.0100346 2.1596358 -1.5493118 -2.1258047 -1.9695201 -0.27054623 -1.9232821 0.46311393 0.05702875 -1.457144 -0.5785487 -0.5920147 1.9880064 0.5286147 -0.45942876 -2.7792385 -1.6490237 1.992304 0.17882653 0.30433136 0.6795044 1.0999074 -3.2730527 0.84426975 -1.1106238 -1.4161662 1.8966378 -1.8874335 -0.19969405 0.6036347 -2.4544241 0.7425204 -0.5545021 0.39850214 0.8567952 -0.30278084 0.16233775 0.18898496 0.44157186 -1.3851035 0.81741744 -1.2484198 0.3433094 -0.7733073 -0.095477186 0.12950267 -0.95619744 1.625368 0.6283058 -0.6838338 -0.23467185 2.1904557 2.2147293 -1.3124071 2.0382342 -0.70364684 1.2233952 0.8515717 -3.2272787 1.4421107 -2.4988089 1.4721131 -1.1256332 -0.5036866 -2.0747797 1.9428955 -1.7233886 -0.72917503 0.7660714
mushroom 1.1009388 -0.44124275 -0.4948025 -0.95191723 -0.7333155 -1.528507 1.2957426 0.7426373 1.6519655 -0.14549665 -2.0689716 -0.313159 -0.4592807 0.21159825 0.3094456 2.3745494 0.6794205 -0.059104018 -0.21208036 0.8572556 -0.71870285 -1.253198 -2.4258645 0.5844842 2.0836177 1.0069672 -0.0054069697 -0.13414091 -0.34806225 -1.0097069 2.1980393 -0.5493013 2.4794946 -0.45861787 -0.8741888 0.49646437 2.0378344 -1.7052332 -1.3652186 0.063851304 0.62619627 0.04647586 0.123365454 -3.5803869 0.197388 0.25909498 1.0801318 2.7933767 -0.29630914 -0.037159353 1.0474018 -0.2541461 0.5306883 0.027245507 2.0955796 1.7205098 1.2545673 -0.071600154 0.5746223 -0.9378534 0.306762 -0.30713362 2.245474 0.90875477 2.808403 -0.026729425 -2.1408627 -0.18068074 0.66085833 -1.3279792 -0.009168254 0.7671537 -0.9880963 0.47219867 -0.24330494 0.83142185 1.7875898 0.6440171 -0.18024284 -0.60592777 -0.3383717 0.026372217 -0.18074876 0.6205885 -0.68983525 -1.6967449 -1.564062 -1.1757276 0.1834533 -2.2096362 0.24052209 0.3040082 -0.013550954 1.3642219 -0.65837616 2.2457378 1.5931008 -0.9399202 -0.25178602 0.63769996 -0.18432526 2.9954922 0.7897181 0.036394447 0.39772034 -1.43386 0.6403635 -0.6870973 -0.35830694 -0.50818074 2.270868 -1.5118834 -0.10181348 -0.6672602 -0.2975499 -5.627029e-05 2.3897243 -0.94640875 0.688705 -0.290337 0.21614498 1.3026173 0.35238084 -1.7772977 -0.37588197 -1.4102858 0.67016053 2.4442294 0.9090087 -3.1206417 0.67397296 1.347707 0.51720256 0.22278588 -0.33588687 -2.0150747 1.8758823 0.79184943 -0.80398786 -1.2244555 1.1649928 1.3006063 -1.4599885 -0.1617293 -0.8552636 0.26693782 -0.4340892 2.4348953 0.7784843 1.3324027 -0.927837 1.3919822 2.219698 -3.3328307 -0.7706352 0.70953375 -1.3391482 -1.9763063 0.41455862 -0.48307928 1.2684214 -0.10915596 1.3917334 2.6363292 0.21279891 1.118782 0.31921107 -1.8099353 -0.74996585 0.5712919 -0.50825495 0.32896197 1.2667855 1.5965406 -0.92311305 0.51424617 -0.16476128 -0.071738034 1.1182461 1.6728263 0.62795943 -0.7817971 0.6467123 -0.77804005 -0.5053448 -0.30840805 -0.5183753 0.44331032 -0.7632525 -2.367138 -0.60364836 0.96862906 -0.64676243 1.4341402 2.0149066 -0.451756 -1.0375351 -0.13351202 0.03662141 0.5401769 -1.2120726 0.49715203 -0.7777158 0.04916661 -0.84494644 -1.0364207 -0.633987 -2.9712183 0.59032935 -0.94820255 -1.042827 1.740123 0.40309095 1.6440432 0.31540018 -0.20355766 1.485282 -1.2812634 -0.6767867 -1.8325217 0.9233987 -0.30975565 1.451065 -3.5601916 -0.92345893 -0.94240004 -0.50777954 1.4531327 1.4640335 -1.179308 1.5153465 -0.6506371 1.6262407 -0.22306512 -0.9730646 0.7637205 -0.11874569 -1.5570064 -0.24082004 3.6213605 -1.6499833 1.9555936 -1.513406 -1.8010045 -0.5427151 -2.111543 -1.5722104 -0.22900862 0.41106185 1.1383443 1.3232374 -0.119618334 0.011884318 -1.0174831 1.4576144 1.194628 0.66679955 -1.3025316 -0.11994124 0.7482762 0.21943757 -2.9622421 -0.19244781 2.4088507 -1.9002097 0.24733575 1.6495643 0.10105895 -1.9025031 1.7203683 -0.6899153 -0.15235667 1.6004893 2.240145 -1.1624132 -1.6328514 0.43863124 -0.77492815 0.52031285 -1.5039556 -0.759193 1.6432141 -0.18877073 -0.8580463 0.86964166 -0.25610894 -0.18661228 -0.4418306 0.5778213 0.10871163 -1.6366744 -2.1584284 0.87456083 1.8792154 0.18240416 0.2316729 -0.7630219 -0.59503084 0.6238146 -0.045701914
almond 1.6115527 0.46799976 0.37546888 1.5910407 2.5251486 -2.5313888 -1.0032688 0.8896917 2.0640044 0.95631367 0.36321425 -0.96142316 2.3184485 0.8186023 -1.0863969 0.15198368 0.717523 -1.1053115 0.19359414 -0.4876422 -2.5034142 -1.1050216 0.43286508 -0.47370675 -1.0696497 1.8447318 0.89690197 0.07801166 -2.9575105 -2.2033465 -1.1932335 0.42428744 -1.9127355 -0.0489694 0.026212247 1.4581575 0.99914217 -3.0663075 -0.962788 0.27793187 0.230858 0.7443047 -1.204075 1.9142005 -0.9302311 -0.3695506 -0.03084863 -0.86947054 -0.49404562 -0.98384905 1.7993084 -0.18119061 0.27309647 -0.062308848 -0.11022849 2.8533015 -2.192872 0.4730264 1.7942597 0.7948228 0.06616197 0.9631078 2.289407 0.8208185 1.4056695 0.75883 0.5567234 -0.09627493 -2.6513684 -0.29558945 -2.4149475 0.4884221 -0.981158 0.28958592 0.7264655 1.2040669 0.6793462 -1.2873304 -0.023792408 -3.1544318 0.21651746 0.65585124 1.3854724 -0.021209983 -0.63050544 0.06517362 1.9374759 -0.43443555 1.159914 0.75501084 -1.5252924 -1.7516583 1.1539654 3.3075464 0.7961924 -0.6733775 0.44767255 0.14547206 1.216507 1.3210418 -0.14244665 1.6203283 -1.4074624 -0.95019764 -0.56924105 0.62243325 -0.05561883 -1.7651609 -1.7688679 1.8370743 0.42152855 -1.4012529 -1.0327014 1.8645589 -2.189828 0.626733 1.1081036 0.16487198 0.49104083 -0.39621845 -1.283875 -0.13808683 0.79052913 -0.6840671 -0.06586964 -0.1306937 0.58568954 1.0765756 2.313594 2.4942567 1.9802097 1.2832817 1.2450074 -0.5179079 0.10011158 -0.016211603 -0.5288645 0.506292 -1.4521921 -3.2838087 1.3947636 -0.695575 -2.4083705 -0.7900337 -0.057930175 -0.6457778 0.09333155 1.6128472 -0.4132999 -0.5375918 -0.11542476 0.5021049 -1.3532022 1.2437494 -0.7909673 0.3366518 0.65220946 -1.4633771 -0.14896382 -0.7266679 1.9002758 -0.25971293 2.2492728 -0.23190944 0.73196304 -0.3487508 0.63686293 -1.8720572 0.2597684 -1.2069947 -2.3696425 -1.3038383 0.7664247 0.050039962 -1.9023975 2.5424802 0.84000367 -0.2720198 -0.48093545 1.5328875 2.1054828 0.09923575 0.1619434 -0.23464036 0.13521951 1.5951507 0.8536421 1.6367221 -0.2672001 0.87737614 -0.5520314 0.3465035 -1.4725364 1.3972021 0.3057854 0.8984585 3.8455737 -1.4056756 -0.43236673 0.18825588 -0.7797095 0.5556625 -2.2466083 1.5967276 -1.1061286 -3.2526705 -0.9162514 0.064903155 -1.9192983 0.66438293 -0.40577102 1.3244791 1.6911318 -0.58458394 2.920833 -2.4204834 -1.0828701 -1.2492725 -1.6292068 -2.503489 0.38055435 -0.3068589 -1.0668671 -4.2620974 -0.3259482 1.4950695 0.16737415 1.4697516 1.2405874 1.6388711 0.07813892 1.8764988 0.41405407 0.19417979 -1.0192313 0.52398276 -0.81192046 -1.0178615 -0.53104293 2.0668092 -1.2707727 -0.27582136 -2.0338626 -1.7130319 1.6475347 -1.67853 -2.0263736 -0.35680372 -0.5337159 0.22954601 0.25879934 0.9955919 1.9409893 -1.2846662 1.4069881 -0.7262199 0.08479618 -1.9423223 -0.50163895 1.4102023 -2.5303752 -0.044725433 1.4006126 -0.45313808 -3.987365 1.1758438 0.86243796 0.5866138 0.5122556 0.8372027 0.43127605 -0.32847857 0.8994609 1.6201705 -0.31357142 -1.8450333 1.1150032 0.07848589 0.559872 1.7092191 -0.07620755 0.06727662 -1.7020762 2.01545 1.1320055 0.6020767 -0.5203067 0.19562249 -0.90263784 -1.563203 -0.84225166 -4.112469 -0.07567394 0.85927 0.08558893 -3.1065588 1.5992825 -0.460066 0.77041495 -0.79051995
raspberry 0.876621 0.22271185 0.16292177 1.131221 0.012353163 -0.732462 -1.0426471 -0.7430651 0.4829417 -1.3981322 -0.44351143 -2.0301378 0.45766875 -1.2008045 0.40437764 0.35623112 0.1906185 -1.5379455 -0.6645473 -1.199941 -1.1699576 -3.5257382 -0.8129791 2.0393703 -0.5497042 1.8312268 -1.1593121 2.2164223 -0.2650528 -0.17951992 2.2174506 -1.0981946 1.8299139 0.65548575 0.008053802 1.1245337 1.1641353 -1.1116159 1.1652952 -1.1685889 0.024751231 1.9145441 -0.34180903 0.60929286 -1.2463505 -0.041882984 0.90941644 1.1692523 -2.1812973 1.9710624 2.1434057 -0.38624492 0.0637535 -1.88749 0.91524184 0.37556535 -0.10011013 0.3959641 0.21198002 0.31531778 -0.13605139 1.1179444 0.39801112 0.6703876 0.18312305 1.2043196 -2.2320588 -1.3289818 2.186939 -0.019723002 -0.5531057 -2.8485572 -0.422188 -0.86841756 -0.9184265 1.4595255 -1.0551089 0.47624266 0.022752067 -1.741331 -0.76668924 -1.0607328 1.2981739 -0.0044893567 -0.28579512 -0.77435374 0.16767693 -0.7293171 1.8192197 -0.5846788 -0.19257192 -1.7130967 0.8196133 0.040742874 0.58212847 1.3194859 -0.25273854 1.0219883 -1.0483068 0.23920865 0.60089606 3.350365 0.39581382 -1.8388165 -2.45318 -1.0657941 0.631736 -0.1624181 0.34892973 1.5417805 1.1997424 -1.1829522 0.37588328 1.1210351 -0.56403106 2.4083526 1.5325116 -0.9631117 1.4013237 0.19328146 1.1887879 0.9810057 -0.01140841 -1.1356798 -0.31651607 1.2538477 -2.4607344 -0.11817344 2.508537 0.08003502 0.7408882 0.76079404 1.4143256 -1.031849 -1.0716292 1.0329417 -1.9566569 -0.8477941 -0.70909125 -0.7122792 0.24716213 -1.6317031 0.026082434 -2.544222 -0.13080272 -0.59075385 -1.0708485 3.4382627 0.006963259 0.8902209 -0.26654404 0.72312623 -1.0721294 2.5455987 1.1408355 -0.30894414 -0.6326645 -0.72889555 0.9108595 0.10957513 2.682262 -0.6781495 1.8950061 1.0846487 0.14089236 -0.30271128 -1.0841968 -2.748087 -0.9879521 -4.0609875 -1.4918457 -0.6724783 0.09776998 -0.40112275 0.033529483 2.181188 -1.1170796 1.1353724 -0.58070093 1.444883 -0.7292724 -0.928273 0.1090069 -1.755223 -1.9101052 0.33874217 0.66382676 1.7434924 -2.2311988 1.2832129 -2.7634425 0.1175351 -3.3743877 0.7756676 2.6706777 -1.1435322 0.90395975 -0.90086275 -0.15141803 1.573745 -0.84722847 -0.37565994 -1.6449432 0.025552534 -0.45126918 -1.3239589 -0.15076055 1.3662641 -0.41382006 -2.3388686 -1.6130568 2.448375 -0.334435 -0.5980981 1.581938 -1.8397446 -1.081955 -1.0336349 -1.6202838 0.29065654 3.0641286 -0.11502518 -2.2523572 -1.7846196 -1.1511855 0.20465358 0.12417584 2.074532 0.28207937 -0.10631803 -0.8249242 0.6709782 1.3515475 0.89479154 0.8471078 0.31785727 0.12135676 -0.14346758 -1.7693063 2.6214678 0.3229179 -0.13015541 -0.4135881 -0.14122121 1.1605097 -1.1508709 -0.45948333 -1.6345254 0.99440277 1.2678908 3.1001487 1.2464429 0.6883639 0.6967927 1.1786592 -0.911226 1.3697002 0.8093695 0.09629126 1.5963749 1.1882985 0.85349727 1.1052458 0.23362716 0.104388714 2.1680984 0.79054886 2.3019023 2.2057595 -0.8779292 -1.1859285 -3.2609196 0.8113002 0.8219796 0.3704742 0.075333185 -0.6295306 -0.58335745 -0.016554708 0.4568378 0.5148885 1.0143248 -2.088826 0.6725918 1.5752248 -1.0692294 -0.8661399 0.9054996 -0.07518538 -2.83455 -0.87226814 -3.686412 0.1539914 0.50679094 0.5253733 -0.20489794 2.1629548 0.30395675 1.0717502 -0.013906949
violet -0.995606 -0.15041055 0.164987 1.0458763 1.4661227 -0.75925475 0.60844797 -0.80272543 0.49242786 0.26773125 -2.1644807 -1.1688539 0.03182382 1.5057023 -0.13565601 -1.001492 -2.0491178 0.4053809 -1.1285666 -0.03204727 -1.2635965 -1.9657545 -0.041335408 2.1479607 -1.9513804 1.707132 -0.38478392 2.020338 -1.195116 1.1841491 2.2372766 -0.7130415 0.41231576 -1.122494 -0.034171168 0.8602245 0.3058735 -2.2118514 0.49305525 -0.91820264 0.6431536 1.3523479 -0.42328855 0.08012777 -0.5474684 0.6801204 0.7094483 0.49317303 0.116555244 1.5155102 2.1065595 -0.23839189 0.5723474 -0.8566761 -0.85189307 -0.13575542 0.40588564 -0.20261635 1.9521284 1.1438698 0.44029546 -1.4914734 0.046992816 1.5130441 1.2846414 0.67762655 -3.065783 1.1681248 3.0181606 -1.6933318 0.81602734 -0.55189747 0.6271782 -1.2984563 -1.2304413 0.0624945 -0.9965659 1.6342943 0.73554575 -1.04007 1.9916729 1.5265155 0.6152804 1.160854 0.15188058 -1.1689354 0.3742356 1.1791538 2.550832 -1.3668191 -1.0252962 -1.726069 0.3354959 -0.67640144 -1.4159943 0.70352167 0.04398554 -0.4472977 1.300336 -0.4141634 1.567612 1.0756946 -2.2463963 -2.6191983 -2.3884544 -0.7830083 0.74894345 0.09400385 -0.50179356 -1.0086453 -0.8481393 -0.53723884 -0.33717248 2.143046 -2.9706564 3.7250082 3.7167711 0.104281805 0.8082794 -1.5813421 -0.60197604 0.7625011 0.7993596 -2.7117739 0.81879985 -0.9452149 -0.5629058 -1.0980067 -1.2383411 1.7008594 1.8666735 1.704941 -0.10931579 0.82956284 2.1429758 1.8121032 -0.6237253 -1.2728015 -0.7889975 0.45351666 2.069894 -1.2740111 1.5841188 -1.8238343 0.022920636 0.8012154 -0.70196337 0.9673362 -1.118464 -0.22286318 0.39017949 -0.4303973 -1.4566648 2.594908 -0.11351416 -0.60969555 0.98111916 -1.647714 -2.0501802 -0.6712438 1.2196952 0.18644641 -0.023281204 1.2999376 -0.24002388 1.8873013 -1.932849 -1.2692562 -0.2985093 -1.6082377 -0.8884765 -1.9281785 -0.31347615 0.7784999 0.21002337 -0.585936 -0.5665969 1.0513386 0.19891402 1.711945 0.86260664 -0.50767976 0.15382726 -0.37700883 -0.7366853 0.24161062 -1.173576 0.5058807 -1.6676086 0.7569016 -1.105917 -1.3924456 -2.663046 0.11987545 1.1952909 -2.4047232 1.6371514 0.99348074 -1.5902481 2.2390661 -0.61019003 -0.34393135 -2.3014283 0.9844388 -1.3710009 -1.1745324 0.9899413 0.50394976 -1.8198096 0.2581134 -0.5144497 0.03738507 -1.5442189 -0.36126474 0.41052538 -1.6684211 -2.0535884 0.19219646 -1.7556989 0.27010027 1.1971359 0.19437024 -2.0960276 -4.1966023 -0.8219094 0.73240954 1.7413557 1.1407857 1.5103455 -0.57536566 -0.8005529 0.8341833 1.8357881 -0.60666776 0.21149541 -0.2818417 0.14677578 -3.0293615 -1.0286773 1.9034961 0.6821387 0.64012295 -0.48541653 2.7303462 -0.39507324 -0.954538 0.6358369 -0.7185776 0.18166633 -0.22227484 2.6835992 -0.9604685 0.7154604 0.055559848 0.10487981 -2.1550546 1.346573 -0.98641866 -0.31625512 0.63825905 1.3890439 -0.8321135 2.4269333 -0.7541816 1.1437385 -1.4973074 0.334173 1.5661731 0.63535005 -0.48083723 1.0565225 0.7781179 0.8239279 -0.66066456 -0.038244117 -0.301229 -0.2957763 0.42084095 -1.0595697 1.3253464 -0.8146775 0.112551615 -1.6602727 1.9018342 -0.4798055 0.290179 -0.72582644 1.1945935 -0.346104 -1.7694807 0.4229587 -2.3020008 -1.0683476 0.21110275 0.062702 1.1214048 2.7480707 1.8731499 0.592042 -1.6577557
pineapple -0.16018373 -1.4787077 -0.55881 -1.5078393 -0.544852 -1.3681866 -1.7903422 -0.24074613 0.9634432 0.36514315 0.00049007504 -1.0560896 0.77902955 0.3873473 -0.40582737 -1.2490985 0.18415032 -2.8776288 -4.0202694 0.03170236 -0.587422 -0.6422672 1.3014574 0.57225424 -0.78795236 1.6555722 0.62687355 2.0686872 -1.4252704 -0.17307638 1.5445364 -0.44612858 1.4762055 1.4487824 0.580727 2.8499918 -0.08054485 0.12987109 -0.45004514 -1.7365257 0.58916944 1.9308987 0.9342251 -0.9718175 -0.5802608 -0.51296145 -0.48560888 1.0049647 0.93337613 2.7134786 2.0122912 0.9631068 0.7633173 -0.438059 0.49379927 2.3428228 -0.2256195 0.72428536 2.1598053 -0.116572484 -1.0234624 -0.0554602 0.06748032 -0.8217821 0.21344171 -0.18127693 -1.5495133 0.420247 2.0927768 -0.7710937 -3.5167465 -0.16062123 0.45087802 0.38249072 -0.5956164 -0.94317806 0.8211748 1.3163077 -0.33281133 -1.9479586 0.8261897 2.0013683 1.8344657 1.6954302 -2.002785 -0.3391589 2.4618769 1.204205 1.5754095 -0.5326153 -1.6596464 1.0236566 -0.94119674 1.0663596 0.71498126 -0.23077211 -0.68109316 0.38669327 -0.5953798 -1.255972 -0.33372834 1.2804987 -0.87627304 -0.6381 0.35210207 0.012015501 0.008330854 0.23644322 0.35239428 -0.11542553 -0.07035718 -1.7103637 -0.6531344 0.45036978 0.42224646 0.6635858 2.6795635 -0.82564026 0.4532194 2.0603929 -1.234735 -0.106484376 2.8491907 -1.7161467 0.024450207 0.4127516 1.6135913 -0.13212287 -0.010661486 -1.5100483 0.5415119 1.6027219 2.3912618 0.5022575 0.7694284 0.51099694 -1.43238 -1.300158 -2.963115 0.40435848 -0.7937326 -0.49077633 0.24106346 -0.077418 -0.0845526 0.88066596 -0.5210104 0.39796397 -1.0980129 1.7979037 -0.44482374 0.4010695 -1.3201778 -2.0514917 2.628126 -1.0903229 0.18072803 -0.35120556 -0.21889943 1.011719 2.1308618 0.76951146 0.13342908 0.31233346 -0.6414786 -0.5231186 1.6046515 -3.2545314 2.2795258 0.4396498 -2.1673512 -0.66651356 -1.1488814 1.2430178 -0.9669169 1.514601 1.4233738 -0.30912215 1.6632684 1.6800051 -2.10014 0.06391817 1.884725 0.9406084 0.0010277556 0.5264715 0.10392907 0.2842653 0.38846508 0.06894708 -1.0652759 -0.087086834 -3.0134935 1.1298442 1.6048077 -1.3218135 0.388838 -0.84006065 -1.0000706 1.3898267 -1.8574687 1.144202 -0.2809592 0.58461165 1.0729911 0.8765141 0.82802194 0.42284486 0.21938016 0.7681267 -1.3894186 0.86144596 -0.6486907 -0.54319954 0.89140874 -1.5946826 -2.5613413 -0.067789145 0.7500421 -0.8473112 0.5038136 1.3397129 -1.0133678 -0.1627636 0.34067577 -0.3662524 -0.53587747 -0.31002972 1.1798501 -1.489701 -0.43396932 1.91834 0.9046469 1.2385309 -0.45586875 0.6095695 0.30264378 -1.7858527 -0.2112673 2.0620553 2.1171882 2.139224 0.14198062 -0.9839101 1.7898086 -1.211897 -0.6508965 0.40091252 -1.7900054 -0.34871224 1.9393288 1.3233458 -0.93726796 -0.61132103 0.9559858 -1.0955021 1.3127543 -1.9196659 -1.2352046 -1.8428682 1.4568877 -0.48478106 2.0438492 -1.0066913 -2.6332238 1.3517265 2.0049124 0.18144439 -1.7018383 -0.19116436 0.06725968 -0.787654 -1.1344434 0.036075283 -0.29866427 -0.2517721 0.6755961 -0.8931283 1.7525955 0.011382378 0.39766374 1.2806141 -0.4450293 -0.32843485 0.19601843 0.6639131 0.04607002 -0.03708081 0.3002808 -1.0530089 0.61933476 -4.028818 -0.3327153 0.3631964 0.3604004 -0.21686149 0.105530426 0.8769315 -1.0449247 -0.1151869
detergent 1.2079667 1.5363517 -0.18603641 -2.4658215 1.4047621 -1.2902188 -0.47315443 -1.0083109 -0.06628415 -0.01795148 0.9932193 -1.2073331 2.179232 1.9118448 0.283304 -0.050334465 -1.8911675 -1.0825671 0.24332999 -0.11892418 -1.0065377 -1.1802363 3.2334871 -0.47236916 0.096551806 -1.2525526 1.0763472 -0.09298367 -0.59942114 -1.8507776 0.13815236 1.3448992 -0.15985233 -0.9591384 -2.3670278 -0.38655537 -1.5804912 1.2752086 -1.2350663 -0.55562925 2.274868 -0.41213667 -0.16322023 -1.3548754 1.1038617 0.8715518 -3.4887915 0.55503005 -0.113070056 -2.95251 0.92819846 0.49938336 -2.5245333 0.14568835 -1.3658564 -0.058159363 1.0393537 0.30535862 -1.3955672 -0.63191515 -0.093292706 -2.0793476 -1.1283929 -0.55080074 0.03708452 2.8145602 -1.092975 -2.3922782 -0.038218167 -0.31134263 -2.290651 -0.84833455 -0.68388134 0.9580645 -0.24564569 0.122415304 2.4247165 0.7358214 1.4741062 -2.256138 -0.55545175 -0.058280747 1.8659407 0.5407178 -0.3274774 1.6794102 -2.6389942 0.73556346 2.261516 -0.023228714 -0.56182563 -0.2915491 -0.123080045 2.729335 0.84572214 -1.4308381 -3.1897113 -0.7779464 -1.2256482 1.7474437 1.7887619 2.592434 -1.1431841 1.1558721 -0.32306075 -1.1886107 -0.5098818 0.3282731 0.5216263 0.9989278 1.9037961 0.4853064 0.17882708 0.67596304 -0.64361376 1.36494 2.3796701 -0.62621665 3.881023 1.5776577 -1.1216338 0.6115994 0.99024945 -1.5960026 1.277735 1.7624775 -0.0053714104 -0.1229967 0.33218887 0.31408146 -0.87925625 0.28834262 0.5158051 -1.2092295 2.0942583 -1.2059855 -1.3472437 -1.7797523 0.6777464 -0.88647795 -0.062459122 -0.32744476 -0.39514235 -0.048522655 1.409721 -1.0013725 -0.30058992 0.50520647 1.0764527 -0.7377867 -1.4016804 0.58201396 2.0015078 0.9001054 -1.4398364 1.3576851 0.5993456 0.24020106 -1.2296257 2.1147296 0.67786086 2.1873074 -2.9317133 1.9033344 -2.3760104 1.3485639 0.0062533207 -0.0677352 -1.4975785 -1.6929938 -0.19305411 -1.2469265 0.19472048 -0.76226455 1.071363 -0.9295232 -0.83477026 0.4979738 -0.33912814 -1.1374089 1.2274462 -0.037884206 0.1413842 1.0938116 0.27629536 -0.55372924 0.2880864 -2.2020805 -0.43990442 -0.19433102 1.8267251 0.95384836 -0.50721323 1.0657365 0.429301 0.88982236 -0.80720073 -1.560894 -0.5862741 -3.4679902 -0.18343487 -0.76901156 -3.769648 -0.123892866 0.15469952 0.6999022 -1.2413722 0.89701825 -0.094719365 0.6299176 -0.44730756 -0.7823855 0.49729955 0.5903528 -1.065479 0.18959698 -1.6640857 0.19037099 1.1510168 -1.9086347 2.4360042 2.0684648 -1.7303965 0.3869449 2.509888 -0.87361574 -0.19031155 1.8055794 1.023322 0.25499034 1.9528357 0.13800132 -0.19012399 0.8344341 -0.5769439 1.4882586 -1.7191544 -0.83182925 1.2465135 -2.2597556 -2.1753278 -0.66099983 -0.66095024 -2.6923628 0.017710136 -0.8864156 -1.636395 0.24262391 2.0806782 -2.0278502 -0.45559293 0.18021475 -0.3434636 -0.1882359 0.8028293 0.18803498 2.2431726 0.45945176 0.31628567 0.42063785 0.2912635 -0.27583537 0.15813342 -0.16931166 -2.359098 1.1755574 -0.60473615 -1.1353151 0.8750356 -1.0786299 -1.4531555 2.9530244 -0.8179815 0.5680516 3.846366 0.18607612 2.6336734 0.65436685 -1.8590021 2.5083184 1.2922287 0.7216142 -0.9311324 0.5609219 1.1137966 -1.5064808 -0.6249558 3.221881 -1.5678645 0.611994 0.9155913 1.4444097 0.19154137 2.1170485 0.6094429 0.25935057 -0.53674406 -0.012634928 0.89895034 1.9342177
disinfectant -1.4194688 0.15004778 -0.25657126 1.4087867 1.6361874 -1.7011353 -1.1543899 0.3693034 -0.15168026 -0.6307234 1.3519993 -3.016147 -0.530466 1.2051033 -0.26299745 -0.8506251 0.6772129 0.7675731 0.13434364 0.2949927 -1.6069521 -1.2517142 1.2200847 1.6979706 0.7380159 -0.66868985 -0.46331248 0.7430727 -0.64498204 -0.841288 2.5225558 -0.69095844 -0.24680638 0.12195519 -2.625892 0.4792447 -1.2310671 1.0894402 0.24464904 -1.5875267 3.8883271 -1.9130868 0.8067176 -1.4568708 2.6939154 0.5988137 -1.2428795 -0.7595739 0.22759432 -1.1528147 0.05935949 0.61467063 -0.3808887 1.3289484 -0.16347726 0.40926012 -0.9148254 1.85151 0.3083589 1.2142951 1.2709458 -1.4260746 -0.0889075 -1.1563451 -0.0036331152 1.9407367 0.8978615 -2.7620006 0.5308612 0.221576 -1.3488371 -2.0577843 -0.93312943 1.1531249 -1.0613093 0.41604364 1.789247 0.89628106 1.4587896 0.94463915 2.329032 -0.29096577 -2.3799925 0.3047998 -0.73293823 -0.18793029 -0.45140365 0.40439504 0.08944957 -1.7959964 -1.1592336 -0.21522723 -1.3406177 -0.9835261 0.3215424 -2.3405774 -1.0122656 -0.71195817 -2.8246737 -0.2895455 2.2624683 0.56481683 1.9366363 2.0368857 1.6123128 0.84057254 2.5860825 -0.18098566 0.6649249 -0.5512293 -1.010242 -0.69968915 0.6223002 3.326248 0.63959366 0.6053491 -1.3073858 -1.1097856 1.3727504 -0.78603643 -3.2187 0.72303915 0.06684281 -0.033429623 0.345949 0.7525345 1.3622744 0.38382912 -0.97673446 1.7186182 0.59897053 1.4424552 0.8574137 0.0032404107 -0.98208195 -1.043402 -0.38960904 -1.0415905 -0.58965445 0.020933488 -1.216992 -1.5315427 0.40536466 -1.1518868 0.97147083 0.6365142 -0.20493264 -1.4456364 2.234207 2.3386915 -3.9958937 0.8959229 1.2211097 1.1476485 2.623248 0.71318346 1.0013038 0.72372526 -0.98601174 -0.82642806 0.70620346 0.3344814 -1.1380879 0.024743346 0.6305331 1.7403412 0.0598919 -2.765582 0.63433033 -1.2493968 -0.2789006 1.6487745 1.0014533 1.3637761 0.85472924 -0.67356956 1.4656854 -0.8048869 -0.502244 0.79469806 -1.0557557 3.0272791 1.9035106 1.9421535 1.2373655 -0.06346498 -1.4258405 2.0279791 -1.5163342 2.4930646 1.9451975 1.0033221 -2.336965 0.93886995 1.3601903 0.23093411 -0.46733695 -1.0767292 0.96192324 -0.66393626 0.9077832 -0.13795108 -1.2408097 1.4582732 1.3031666 1.6157415 -3.093432 0.5486793 -0.24004 -0.53333545 1.5129365 0.71470433 1.2801875 1.3175902 -1.52112 0.80410886 1.6453383 -0.55272514 1.507623 -1.7788377 -0.9777676 2.970339 -1.8143805 1.4082601 -0.09676396 1.5193372 -1.5720057 -1.6787319 1.2572274 1.258804 0.0846827 3.3976705 -2.1579473 -0.60375005 -0.55547196 0.21620964 0.48094112 -1.2725472 -0.8455769 -3.5236895 -3.046738 0.19634618 0.5895591 -0.9551954 1.6883792 -1.2463205 -0.41319957 0.6317381 0.11726978 0.9984239 -0.023409683 0.9949 -1.0962546 -2.63385 -0.41888753 1.4223632 0.8045195 -0.41118002 1.0795013 0.16003132 0.8593725 -0.79518783 1.1360722 -1.7668417 -0.8972022 3.2409894 1.192819 -0.620903 -0.4715352 1.2688557 -0.021971796 1.0574188 -2.3971798 2.6194708 2.9151003 -1.6604551 0.6752326 -1.1285921 -0.10344673 3.8605871 0.8038994 0.76450604 0.33444574 0.50118893 -2.1269426 -1.1142112 -0.27005187 0.9808813 0.14462921 3.1862764 -0.016922379 1.3633039 1.1387501 -0.77688676 1.2623866 -1.6185703 0.23650534 0.031478964 2.2724993 1.6894149
potato 1.7476532 -0.7974363 1.0352203 -2.3124661 0.67979413 0.71103674 -0.27102327 -0.1705509 1.0593903 0.36669567 0.689936 -1.6304833 3.4657319 -0.4917672 -2.1538785 0.97958755 1.8279104 -2.7904327 0.72122586 -0.6842692 -0.4533122 -0.9113861 0.013108382 -2.1530519 1.2865423 1.4883997 -0.8832843 2.5710034 -0.36697748 -1.2827762 1.3705691 0.2990718 1.1767268 -2.0850086 -1.8967606 2.7989666 2.1893623 -1.3608942 -0.25305066 0.6728068 -1.7082418 1.2065548 2.035428 -2.4493837 2.7295904 -1.9961728 -2.6249282 1.383202 0.06272943 -0.3055492 0.7636975 1.0023752 0.9393332 0.72101396 2.5179482 0.986075 0.26737076 -0.2211505 -0.856335 -0.49111995 -2.0548985 -0.5991619 -0.63564855 0.92844766 0.54537386 1.3245647 -0.6949486 1.5420125 1.2703391 -1.5606338 -2.1723726 1.8536358 -0.34515104 -0.32495263 -0.623557 -0.42031816 0.7222534 -0.91772926 0.27609006 -0.06267526 -0.41605315 2.9783454 1.1811485 -0.070802726 -0.17698711 -1.3314086 0.07630403 -0.107742876 -1.3491067 1.5805042 -0.148471 -0.7681033 0.37986937 -0.15735875 2.2093728 -0.56195736 1.1472361 0.36954498 -0.08955389 0.1717366 -2.4613252 1.4709768 0.46345037 -0.4710441 -1.8361715 1.8184197 0.55848044 0.78705156 -0.18350197 -0.30577746 -1.7306154 -3.4389067 0.72902274 -2.7771275 -0.14427392 0.55837476 1.6605786 -1.1052804 -0.9597115 -0.9242554 0.08896744 -1.7384241 0.51314783 0.977143 -0.5712318 1.2568692 0.74430865 0.25623944 2.1514235 -1.1165689 3.9437358 2.954677 0.33156356 1.0465668 1.5641311 -0.087434344 -0.62987274 -0.039275855 -0.54255277 -2.6989179 -0.04831783 -0.80095655 -2.3067122 -2.0772169 -0.023269894 -1.2878261 -1.6601475 0.18460444 0.27779454 -0.9939299 -0.89684445 0.5398897 -0.31705123 -2.697073 -1.1831425 1.0281572 0.18534894 -1.0116082 -1.0327142 -0.94072735 0.44753364 -0.915841 0.9031957 -0.769176 -1.3713369 0.31986192 -0.081122525 0.3231978 -1.0118988 0.017780509 -3.0900695 1.8851483 0.8639661 2.0821803 -1.3515943 -0.51793075 -2.391287 0.9161938 0.3171857 0.32330588 1.0710448 1.7615443 -0.49904788 1.226098 -1.0362836 0.0992256 1.7408727 0.59504336 -0.88063806 -0.28609815 0.72625756 0.20266283 -0.06621923 -0.3842212 1.727995 -0.29128906 -0.7617155 -1.6508214 -1.1168705 -3.128846 1.6775922 -1.0814326 -1.2950068 -1.2411244 -1.4647446 0.40985587 -0.09540119 1.3135804 -0.075112484 -2.4595773 -0.9147492 1.0082735 0.25653696 1.7788413 0.9640303 -0.38705507 0.17997263 -0.9045187 1.466863 -1.0763752 1.6806924 0.58771783 -0.78709555 -1.475033 -0.51091224 -0.7557795 0.97784185 -1.2650756 0.7906357 0.105020314 -0.31340718 2.9911115 -0.66469055 -0.002019597 -1.6240516 -0.49879873 -0.7461872 0.5164959 -1.429576 2.451038 -0.83521783 -0.03683379 -0.36920014 -2.7078145 -0.53094876 -0.3927945 -0.18385012 -0.004156123 3.011201 1.7618045 -1.5759251 2.400147 0.8340387 -1.6870533 2.5008514 -1.5374012 -0.45008534 -2.6279368 -1.2575586 0.55807436 0.8425217 -0.9116009 0.8833259 -1.2703347 -2.7701557 -0.6895621 1.183383 -0.30843002 0.09511238 -1.3338244 0.29090005 -0.98092836 0.14458594 0.9934761 -3.4584033 -2.2088752 2.1507516 -0.73174685 -0.31972814 -1.7843969 -1.6531425 0.3366808 -0.6966323 1.0965245 0.9643284 0.91172135 0.23298584 -0.51751465 -1.2478353 -1.3210611 -1.0377074 -2.080953 -0.20108843 -0.11969701 -1.6293216 -2.2662213 0.06564735 0.15268831 -0.09760803 -0.57495743
bark -0.1767914 -0.11860627 2.1184497 1.2565454 -0.964518 -0.7345478 1.2044134 -0.5052045 1.2098806 -0.88764316 2.9110944 1.6991094 1.897995 0.97826546 0.12890959 -1.4109931 0.011376021 -0.9263144 0.44685462 -0.6065895 -0.3188695 -2.8362355 -1.1169769 -1.2395941 2.582997 -0.82525253 -0.37276277 0.8670992 -1.5080643 3.6781988 0.2330859 -0.07581417 -0.4110218 -0.1791495 0.58557206 0.9683878 0.060843512 -0.024483152 -0.76113653 1.5345966 -0.62152773 0.71794313 0.20107308 -0.19395734 -0.82232237 -2.058994 1.0890297 -0.42335904 -0.73104334 1.0900491 -2.3139489 0.35833672 2.376696 -0.3990037 -1.3521744 1.3259151 -1.1033342 -1.0807742 -0.9483354 0.7172223 -1.318251 -0.5750669 1.2952933 0.56525034 1.5155768 -1.0782118 -2.6577423 0.49773568 -0.38439357 -0.6066696 -0.61855435 -0.56610227 0.7913773 0.389781 -1.9059187 -0.113508426 2.6113021 -1.2533139 -0.20924166 -2.7312012 -1.8267863 -0.33099282 0.50096583 0.8210439 0.13015264 1.2087817 0.07480707 1.4288471 0.98012716 0.3131108 -0.3468852 -0.51153755 1.0801089 1.6407809 0.5472083 0.8786757 1.6540921 0.9548826 2.8996017 0.08321904 -0.56722575 -0.25926408 -0.31686544 -0.9492201 -0.13880043 -1.6406307 2.1678543 1.529745 0.53311116 -0.076723054 -0.27727017 0.53857344 0.1912714 -0.65504974 -0.8367701 3.450177 1.3690388 1.3305069 0.35251567 0.4372093 -1.1897627 0.79124725 1.3810371 -0.94932556 -1.3364536 -1.5335355 -0.04724847 0.5293209 0.65890783 -1.8084277 0.7731942 0.10641998 -1.1860468 0.79100984 -0.11898675 0.604466 -1.3941655 -2.1136472 -0.83736926 -1.9137648 2.2099407 1.3397598 -1.9434853 0.4943882 1.8604041 -0.9355869 -0.08951067 -1.0963237 -0.16374396 -0.7899165 0.21762389 1.3393596 1.0648187 -2.1693108 2.2057784 -0.62169814 1.0214939 0.62528276 -0.059917107 2.0510998 1.8159577 -1.1027056 -1.2262422 1.5196521 -0.43606585 2.068243 1.6004016 1.9830723 -0.17432624 -1.7315304 -0.5630262 -1.0575494 -3.15681 3.1567552 0.41633764 0.25255138 -1.4650323 1.1403471 0.94589186 1.4316729 -0.9475203 -0.2321077 1.2223215 0.74482906 1.0800536 -0.10523212 -1.2583027 -0.98568606 0.6437606 2.8101013 -3.172134 1.2817694 0.6855342 -1.3142017 -0.972515 -1.4422584 0.5269829 0.74466443 0.14388494 2.6656528 2.2197623 1.6934878 -0.896724 -0.14788942 -1.2580211 -0.41197178 -0.6600938 -0.38984084 -0.8388105 -1.1262375 0.9145041 1.0808556 -0.9993658 -0.8245031 1.3182515 1.4602555 0.07723328 2.1175072 1.4684781 -1.3484685 -0.037748504 2.464671 -0.8667763 -1.3093854 -2.3227994 -3.3274117 -0.9721757 0.15911055 2.0322971 2.523315 0.8932571 -1.3274705 2.246418 -0.0060176295 1.1641178 1.8233325 -0.09450889 1.5885108 1.7775087 1.3222803 -1.2790238 -1.894205 0.7545439 1.0610906 -2.9383469 -0.791266 1.5904045 0.6345016 -0.76164937 -0.22035083 -1.3340322 0.688154 2.8207 0.4799376 0.6879969 -0.3390344 -0.2584983 -1.2612455 1.8581423 0.4429149 0.8344958 -0.59760606 2.2505922 -1.2790138 -0.94583297 -0.034595408 -1.1410725 -1.5746732 1.8792686 0.7204777 2.2149909 -2.3901944 -0.4195634 -0.80535424 -0.1801289 0.2454684 2.394945 1.5165238 -0.75468385 -0.79547787 0.5126277 -0.12683247 0.22018066 2.4437153 -0.6585282 -0.023984507 0.38003692 0.8324344 1.7153702 -1.1387482 -1.4723703 -1.7597849 -0.5643925 -2.7443037 1.2022482 -0.8729225 3.4613528 2.2559571 0.40028152 1.131299
cork -1.0195092 -1.4878023 1.0367496 1.3528752 0.4994486 0.73225486 -0.47425294 0.93757224 -1.0670723 -2.2238064 3.8961184 -0.671454 -2.146462 -3.5613792 0.14608973 0.15831329 1.3752108 1.1011864 -0.8645133 0.33091623 1.7674956 1.1883379 1.766566 0.11125313 1.4685687 -1.0730488 -2.0565183 0.13952939 0.1580255 1.3627485 -0.942573 -1.3326911 0.8507685 -2.6279676 -0.11065283 -0.3458938 -0.32081982 1.5904955 -2.0693612 -0.46150416 0.24998322 -1.5485471 -0.0132059995 -1.9832455 1.0515114 1.4580872 0.007133998 -0.34261742 1.9995508 -0.040996432 -1.7657089 0.21290368 0.69731313 1.851899 0.58034897 -0.29540184 0.3169923 1.250623 0.81206024 -2.9062626 -0.76185685 -1.7010665 1.4707568 -0.32768807 -2.3371418 1.5499258 -1.4199097 0.042674046 0.51067096 0.79081476 -0.3505455 0.28255954 -0.5008064 1.1147537 -2.2611008 0.1887063 -2.4020402 0.1889302 0.2326042 -0.5701953 0.9147607 0.690548 -0.1341311 0.97963506 0.6185961 -0.8482659 0.8138508 1.2781807 -0.5161898 -0.12414258 -0.7273992 -0.66165954 -0.07049157 -1.4588213 0.25600064 -0.9593448 0.5592104 -0.7942877 -1.3794794 0.7751581 0.06740096 0.4190624 0.523868 1.1728239 -1.3104343 -1.7312299 2.9784026 1.37653 0.6251057 2.047654 -0.47487897 -1.312858 -0.955027 0.6276159 -0.008455781 -0.8340317 2.8922455 -0.697076 1.4804817 -2.2184758 0.82273626 -1.0705409 0.039681554 -1.8621982 -0.26562533 0.8162511 -1.2342675 -0.685967 -0.37793547 -3.912084 -1.74322 -2.7028573 2.9447882 0.008685029 2.437272 0.7304912 1.8589906 1.2717147 0.09877861 0.067518234 1.812301 -1.3084838 0.71524733 1.6379744 -2.912059 -0.18897028 -0.21519315 0.29781866 0.03508732 -0.42446128 -4.069208 1.1008232 0.48261318 -1.0802855 0.011022302 1.4461818 -0.8268231 -0.7766437 1.1221182 0.74122167 -1.0624038 -0.73531556 0.84603125 2.2736564 -0.02740143 3.2018054 -0.57609755 -2.9988873 1.1660775 0.49797025 -0.3352246 -2.2989137 -1.0742869 -0.6269169 -0.5795247 -1.6164434 0.9488951 -1.2863832 1.8621609 -0.5019734 -0.7289342 1.9850055 -0.75419766 0.64673716 -0.37887067 1.1168295 -1.8770272 -0.08034432 -1.3303087 0.48615697 -1.9188921 1.5211761 1.0054815 1.4369432 -0.5496927 1.6367145 1.3317379 0.93866587 0.34592137 -0.7831388 -0.009293 0.072955005 -1.1748182 -1.2317868 -0.19475281 -0.14043377 1.8014015 -2.8482084 0.13141204 -1.2364417 -0.2528143 2.3143134 1.3641422 -0.26449218 -0.8363883 -1.9283506 0.643312 -0.53179425 -1.243985 0.49293238 -0.66665727 1.279904 1.7813183 -0.74953556 -1.0812432 -2.1851206 -0.20838723 -1.5314873 0.4635137 -1.4977325 1.1678271 1.8523415 -0.56324565 0.20626816 -1.8483549 0.8450535 1.2324872 -0.1959272 0.7556386 0.1727864 0.041692734 1.6335797 -2.4175427 -0.36132914 0.6121457 0.7646281 1.7978206 -0.72846454 -0.367872 0.4716333 -1.1449032 0.08266012 0.2962238 -3.177127 -1.5861921 -0.73558944 0.3977738 -0.48808783 1.2960386 -1.495445 0.9278705 -1.5526052 1.2008938 1.5463871 0.5065228 0.8165957 -0.6771958 -0.45071018 0.7957001 0.91844046 0.7731164 -2.2542028 -0.31773534 1.4100395 -0.8535374 0.19596276 -1.3251479 0.66893405 -0.49210104 0.88767743 0.80886114 -2.011184 -2.270413 -1.6839954 0.3946593 0.52975416 -1.175997 1.5043993 0.612599 0.024350125 0.7113836 0.53786004 2.0706592 -2.3622665 -1.096699 1.0504335 1.5516534 2.3233244 -0.40457752 2.6123052
hay -0.0055608507 1.2001216 0.8627067 -2.2512288 0.5167577 0.12494395 0.7485483 0.98392284 -0.80762136 -2.4667006 0.9115057 0.23452069 -0.6891834 0.5001373 -2.1503696 -0.033052716 1.3719718 -0.8671873 0.34657064 0.2771664 -0.9409095 0.050611258 -2.463247 0.27504674 0.46528214 -0.035615336 -0.8424749 1.0554912 -0.26922822 0.016148368 -0.31770843 -1.7708346 2.6369197 -2.196261 0.0012766437 1.150368 1.7658025 -2.3799734 1.9419712 0.7867019 0.8337714 -0.20760459 0.86780477 -1.2571226 -0.83280385 -0.38048294 0.012937357 0.24040271 1.2198352 -0.22826399 1.8123342 0.09695817 0.26118764 -1.187754 0.30957738 0.41377747 -0.3569584 -0.40505058 -0.7717393 0.008685713 1.7665653 0.9093254 1.1851243 1.0355785 0.5175531 -1.2970167 -0.12503822 -2.849037 1.3075743 -0.84138876 0.166293 0.25454944 2.209574 0.18993767 -1.1258347 0.5346372 0.9980034 -0.42252672 1.7000684 -1.6089954 1.3593785 -0.602642 -0.26351327 2.0351448 -0.077419356 0.54434806 -0.8725726 -0.6386473 -1.1226265 0.86772275 -0.038755994 0.8409863 -0.50074357 0.83166236 2.3111799 -0.055138852 -1.2336125 -0.28780723 1.4768857 1.5631015 0.41559473 0.06996916 -0.69617355 -2.6406078 -2.0311344 -0.3846455 0.22949147 0.75064534 -1.4413863 0.055690765 -0.6192707 -2.0951886 0.077092715 -2.2250087 -0.30023453 1.6076882 0.27120897 0.33256853 2.1787517 -2.3788304 0.50392956 -0.8637812 -0.09932568 -1.2895888 0.13593532 -0.43956345 0.14845677 -0.8730606 -0.42637214 -2.272789 -1.3296044 1.8452791 -0.3880729 0.76398605 -0.09416277 -1.50342 0.7060718 0.084722735 0.090592906 -0.25384918 -0.6699392 -1.2600236 -0.597912 1.4621202 -0.07681789 1.3319886 0.7916604 1.777052 -1.1581374 0.03208111 -2.1985538 2.3433034 0.001327034 -1.0633506 0.6435783 -0.9751321 -0.8553197 -0.75317395 -0.47316468 -0.70155764 1.7018336 -2.1680455 1.9343107 2.146053 -0.5117117 0.68075407 0.73178375 0.12233592 -0.15441343 0.14125058 -0.9599244 0.16339095 0.9865667 2.1910372 1.0762756 -0.57015806 -0.42089194 -2.269272 -0.41133645 1.3610988 -0.29933512 2.0328722 -0.8611791 -0.13824241 0.15385433 -1.0393399 -3.0438206 0.43760857 0.3002232 1.2096395 -0.7129617 1.7724488 -0.30181262 1.7830734 -0.36132747 0.6521535 1.4367784 -2.697102 -0.51536465 -1.3348013 3.0628607 -2.6031325 0.14495324 0.048710264 0.7246682 0.11209121 0.35180965 -0.29433653 -0.2719298 0.5094798 -0.30822653 2.0737102 0.8755709 -2.1782925 1.9148144 0.64306086 0.25141641 0.2423277 -0.120288596 -0.48295197 1.3259169 0.05819182 -0.22030024 -1.6976918 -0.4246672 -1.0985208 -1.6240288 0.9612293 1.7965109 -0.47613028 -0.018175643 -0.823749 -0.30564594 0.034306884 -1.6662272 0.7115138 -0.8330873 -1.4428749 -0.2336984 0.4582424 -1.4741632 1.6445997 -0.37375575 -0.89363337 2.0010152 -2.353506 1.3011136 -1.8086299 0.7448916 1.3383762 0.8093516 -1.2918555 0.113600016 0.7392503 0.7373147 -1.3986648 0.021956883 -2.5609415 1.4739587 -0.101215765 1.2615087 0.45277914 1.1031495 -1.1151922 -0.28329572 0.585388 0.022805665 -0.054218188 -1.0430287 0.6384422 1.0429121 -0.19159348 0.035214715 2.5234907 -0.66298425 -2.6022732 -1.0415303 -1.1961229 0.18211122 1.3432926 0.54395694 1.5980625 -2.235493 0.7357986 -0.7688293 -0.74465036 -1.4618129 -0.5951054 0.46232468 -1.3408612 0.91138566 -2.0173125 -0.86200744 1.4926451 0.7189398 -1.3976953 1.9577436 -2.1066 -1.2616965 -0.5040399
blackberry 1.0234092 0.14813063 1.546449 -0.5955774 0.02372352 -0.80696756 0.058329023 1.1151351 1.2864518 -0.23930655 -0.6153752 -0.26115933 0.8749012 -0.3543514 0.20467049 -0.12002648 1.9416677 -0.35911685 -1.6633953 -0.45761174 -0.32731462 -1.5699899 -2.615219 1.431524 0.31541568 1.3980664 0.04102964 -0.5455839 1.1335855 -0.21781799 -0.26244769 -2.4015267 1.1722789 1.8685988 -1.3840575 -0.0009794309 2.2983837 0.25275913 2.0296545 0.46065274 -0.511033 0.7123765 -1.8219507 -0.74242646 -2.5839033 -2.0913103 0.29763994 0.79452944 -0.5843656 3.4496388 2.7330174 -0.6480638 0.65047514 -0.7567153 0.23826961 -0.90866107 0.88384646 -0.80377465 -0.17769605 0.84270465 1.2729313 0.4434244 1.1291144 -0.56644523 1.3228078 0.46254855 -3.5906785 -1.8292416 3.3356042 -0.5246539 -1.1427796 -0.5984891 0.3645902 -0.056411017 -0.044638596 0.46945098 -1.6883876 1.3649184 -0.30773428 -0.9374336 0.47845015 0.54583335 0.48746806 1.298735 0.29631808 1.3165311 1.5691713 0.36143196 0.8011404 -0.39938012 -0.5747826 -2.6813698 1.2043892 0.2743898 -0.18400516 0.65660995 -0.95528 0.38155407 1.198698 -0.61937183 1.8603901 0.79617023 1.3137856 -0.25056237 -1.4232193 -0.9285437 1.2155424 -0.3893939 0.6390466 1.2684181 0.7488713 -2.8337932 -1.2870574 2.4736261 -1.6883305 3.0753222 2.2591972 0.43829557 0.590176 1.2261665 -0.2605424 1.3322444 0.15597554 -1.1641877 -1.1090999 1.1501333 -1.6896318 0.8643166 -0.80403394 -0.9897798 1.521769 1.0704952 0.83904696 1.1376489 2.3660076 1.3859534 -0.38496947 -1.681077 0.5409298 -1.2405565 1.3067025 -0.040906444 0.9309634 -0.49594024 -1.3780391 0.33879045 -0.6873343 2.4438243 0.18034449 1.3543884 -0.6366713 -0.14543174 -1.0556513 1.5029347 0.23154879 -0.68455684 -0.82468253 -0.38274747 -0.3269732 0.605605 2.4807165 0.72354126 2.5291216 0.98622996 -2.264536 -1.0286653 0.097900696 -0.71865547 -2.3030522 -1.2362901 -2.1183782 -2.2536747 0.89838576 -0.6096489 -1.2370759 1.4336592 -1.8031739 -0.88186485 1.0815548 2.088976 -1.233204 -3.166908 -0.4121878 -0.63016945 -0.5702254 -0.06142821 -1.5547642 2.3414433 1.0843431 0.10382085 -1.2955079 1.592077 -2.7178228 0.96472853 2.1397097 -1.500578 1.0290524 0.9531357 -0.5847416 2.2792568 1.3296653 0.014665589 -0.6073355 -0.18403234 1.3889616 -0.551845 -0.14468919 3.534875 -0.69463485 -2.0910897 -1.4090581 3.5753546 -0.60502446 -1.9698045 1.876722 -0.5303235 -2.0109131 -2.201395 -0.24848242 0.7260574 1.4630632 -0.67743194 0.64527845 -1.0693487 -0.6010762 -0.1044573 0.48842284 3.0810335 2.2713368 -1.8221171 0.12693553 -0.7768102 1.7925576 0.19797 0.67613566 0.31855214 1.64844 -1.0043851 1.5591843 2.4501963 0.96703404 0.106534615 -1.9382801 0.5101829 -1.2532452 0.6015446 -0.5205085 -0.5104936 0.40670753 1.2747891 3.259042 1.7092583 0.636383 -0.18326768 2.1208265 -0.45292428 0.81675225 0.3781975 -0.17851944 0.098122016 0.76803577 0.07912006 0.287505 0.12923808 0.30438486 -0.12352512 0.42282042 1.3595682 -0.3785567 -0.6281992 0.0548805 -2.203977 1.2794898 -0.84193534 -0.016025905 -0.8143032 -2.0461571 2.0392854 -1.0329864 -0.5799647 -0.5572053 -0.35561123 -0.744013 1.0130918 1.7033894 0.88253284 0.43669963 -0.58628774 0.26417276 -0.5395672 -1.5199404 -4.4457297 -0.25960422 0.9046341 0.8368243 -0.47286513 3.4897156 0.39908537 1.5378431 1.012334
tar -1.2952684 0.6543691 1.5726519 1.2392772 0.3960904 -0.50887036 2.2191706 1.176306 0.00874942 -0.9875143 -0.23451626 -2.8139617 4.1701345 0.4718639 -0.29216897 -0.78544706 0.44175524 -0.16504851 -0.38528284 0.48621526 -0.906058 -0.77902454 -1.5909003 -2.802895 -0.17140786 -1.738189 -0.42606995 -1.3986653 -0.41131002 -1.1799104 0.94508004 -1.349583 1.1412358 0.2744978 -1.75151 -0.44344234 -0.8196387 0.6263315 -1.4858949 1.4987469 0.39562258 1.0223925 1.232356 -1.0296106 -1.264145 -0.43592277 -2.3161147 1.8999391 0.2980017 1.0297005 -1.1287403 -0.11221792 0.17935053 -0.72037256 -0.050929543 -0.47217488 -0.4227214 0.6456379 0.2600407 0.5541204 0.984194 -0.94298255 -1.2437209 1.4473302 -1.1989402 -1.2859384 -0.62306136 -0.8120317 -0.13653839 -0.12181633 0.431189 1.765125 0.90317106 -0.12357106 1.7157001 -0.11141872 0.14680292 -1.117863 2.177931 -1.4081726 -0.014659452 -1.1321309 -0.7946344 -1.4246372 -1.0538454 -2.1113138 0.38229877 -0.78639895 1.1661651 0.030502135 -1.4843252 -0.2042361 1.1483229 3.3479211 0.3775052 2.8042803 0.18265735 -1.8329371 1.8602518 -0.21376939 0.9249481 -1.195187 0.035121582 0.0015594234 0.11986647 -1.7910416 0.0041706995 -0.5372285 -3.4142544 -2.99685 1.3194436 -1.3973429 -2.2803674 -2.2741876 -1.0373746 0.9995325 1.721074 -2.3152974 0.7712786 -0.9192372 -0.56450313 -1.3334514 0.81131315 -0.8233481 0.2949277 1.2722043 0.5553362 2.0031471 1.203994 0.8193884 -0.36472997 1.1268485 0.520488 0.7355489 1.6346291 -0.06990364 4.1078415 -0.09572552 0.00012039151 -0.32031608 -1.0911745 -2.004029 0.42542475 -0.53617245 0.17943263 -2.7726355 0.3399965 -1.6832414 0.37845522 1.5110877 -0.9442335 -0.64166594 0.9092127 3.9282396 1.9557854 -0.92839336 0.05800454 0.14948036 0.8206276 -1.1381406 3.4314475 1.4596014 0.7357764 0.13327722 -0.16247962 0.85268813 -0.5829717 -0.975627 -0.09828292 0.37319112 -1.6289673 -0.21483967 0.76709616 3.7002363 -0.6158535 1.4083148 -0.0130485175 -0.39809206 1.2392988 -0.8999212 0.8059892 -0.80531293 0.94014996 -0.4981151 -0.087872475 0.38614607 -1.2667382 0.76782554 -1.3563524 1.5139124 1.404274 -0.06066637 -0.8504554 0.9547091 0.8624719 0.40570715 1.1325965 -0.21111101 -0.89091635 -1.0430301 2.0191963 0.9687181 -3.256893 -0.12906535 -0.055678796 2.7605376 1.628366 0.29660335 1.3142936 -1.1355494 -0.39330587 3.2494287 -0.79629886 -0.106137894 0.9705642 -1.5506027 -0.58633727 0.11060211 0.92257786 -1.4308286 0.20851253 2.903063 -0.3994205 1.9439949 2.4786046 -0.08958012 3.4894793 -1.4422917 1.4456184 2.5766454 0.23527572 -2.239053 -0.20710893 -0.25298598 -0.6405865 -0.63706106 0.40949768 1.5427008 0.03802686 -0.20297524 -2.659555 0.1985053 0.22352098 1.3626769 -1.9399 -0.9412911 -0.18559682 0.05177724 2.5531254 -0.48452494 1.777989 -0.16137733 0.8713087 0.6449671 1.7810588 -1.4756349 0.72244006 -0.91727847 1.5608245 1.9392467 -0.3770784 0.6099876 -0.17859085 0.04290714 -0.93618643 0.6307772 -0.86010313 0.8644963 -2.519938 0.873581 0.9198001 -0.2832592 2.5573018 0.56757796 2.3111095 0.6768821 -1.940661 1.3240631 -0.4372181 1.1447046 -0.14972773 -0.89359957 0.78623676 1.9601878 0.13841619 0.14483683 -2.4764736 -0.017198179 -0.14394662 -0.26842403 1.373754 0.449395 0.41132894 -1.1727629 -1.173626 0.65781206 2.2680995 -2.8343174 1.0659193 1.780265
geranium 0.1794105 -1.6200267 -0.5554538 -0.30776918 1.6479797 -1.9539587 -0.53557384 -2.1059444 2.0799606 3.5831 -1.6677867 -1.7147789 1.803859 2.056923 -1.1214795 1.4359922 -1.1288247 -2.601632 -1.5022707 -0.6042851 -0.90576047 -0.9090601 0.35495192 -1.048477 -1.1451662 0.75242853 0.9461065 0.49798825 -0.9223107 -1.0880052 0.81275046 -0.31474102 0.07230611 -0.050805222 -0.18877618 -0.19422626 1.34272 -0.8825046 0.045837093 -0.42917544 1.0805744 2.5800176 -2.1716301 3.213512 -1.7332369 0.6080192 -1.9629936 -0.21267302 0.775646 2.1670995 1.5941803 -0.6766123 0.07011334 -0.8143601 0.2787605 0.9188972 -2.9878843 0.15325886 0.2474706 0.3752064 0.730077 -0.33946818 -1.3635968 2.088384 2.4058437 0.60803765 -0.8974956 -0.13320538 -1.6641307 0.90707976 -1.4466614 1.0452234 -1.1562169 -0.41012287 0.6749853 0.7571338 -0.0739562 -1.290433 0.6560316 -1.6929473 -0.20442075 0.60659796 -1.0355811 -0.43605238 -0.9102394 0.4598919 0.6644934 1.1511017 0.63551104 -1.6941081 -0.89769715 1.6056991 0.4822641 -1.1716306 -1.2144679 0.6388771 -1.7255704 -1.6496218 1.6374679 -2.0372322 1.1996268 0.44908896 0.41907787 -0.5248849 -0.99658245 -1.9614286 1.2785844 -0.49473214 -1.6588169 1.1793493 1.0919336 -0.12412267 -1.5404159 1.3959262 -0.8928579 3.545524 2.5095258 -0.4490973 -1.0653272 0.5942686 -2.0482826 0.2257192 0.88658684 -0.5184401 -2.058649 1.0677336 -0.3731081 -0.4376711 -0.38029015 1.2328278 -0.15029556 1.9614102 0.9469404 1.6449744 -0.8126481 1.0324192 -1.7886235 -0.9430218 -2.061912 -0.27412686 2.2591584 -0.8503308 -0.5121033 -1.1903327 -0.59982365 -0.8549728 -2.2426987 -0.5774085 -1.6347194 -1.0200163 1.6613475 -0.65385574 -1.1303431 1.3860704 2.4636095 -0.864667 2.6653874 -1.5015304 -0.7356184 2.0171866 2.3629723 1.5792583 -1.5305704 2.5266757 0.13092278 -0.31786913 -0.600862 0.37172657 0.0617824 -0.22871645 -0.23396282 -0.66700834 -0.30506513 2.002547 -0.47546268 2.750353 -0.34928587 3.565945 1.2445987 0.3288082 -0.9727956 -1.0921825 0.53825706 -0.76194996 1.6157727 1.6228526 -0.6423912 0.64909023 -0.48669225 0.57959056 2.684244 -1.2494723 -2.4613912 1.4314592 2.9015076 -0.556707 1.1238432 -0.8789217 0.4460683 0.54716915 0.15979822 0.8719218 -1.4234765 0.5330407 0.68253344 -0.3746372 -0.009376347 1.2832524 -0.83135355 2.5789897 -0.8567945 0.2695435 1.437413 -0.8424208 0.8306569 -0.82651454 -0.7225875 -1.0426298 0.9560606 -0.8863956 0.64717996 0.92610264 -0.27436385 -4.486497 -0.18254423 -0.49856544 2.6046016 3.8531594 0.85236186 -0.20130041 0.3592536 1.6481842 -0.4947735 0.27860764 -0.54357797 0.54077256 -1.216707 -2.4110336 -0.52099943 0.8376671 -1.2025951 2.0776 -1.2368454 2.618003 -0.5754098 -0.026801124 -0.6387706 -0.97921795 0.024755258 -0.8273541 2.271701 -1.1318805 0.83195984 -0.9284654 -2.4752269 0.9441843 0.10555738 -0.5378822 -0.65987796 -1.3667768 2.12862 -0.8646348 0.669542 -2.0067935 -0.114454456 -0.33040935 -0.6214171 1.2973456 -0.7551381 0.9366194 -0.48098552 -0.36620903 -0.8500846 -0.763953 0.050103903 2.4851043 0.8470298 -0.5322024 0.42071268 0.5125191 0.9439034 0.09359918 -2.7365775 0.9559798 -2.4968383 0.21796662 -2.3434906 0.21266845 -0.71891564 1.3695204 -0.9526665 -0.73103106 -0.4968999 0.06955708 0.03262043 -1.5620571 1.8360931 1.2097425 -1.8758893 1.2258567
rum 0.54860413 0.28478748 2.2936854 0.3012267 0.9444197 0.3853353 -0.7448921 0.57674587 -2.2604516 -0.9299365 3.421315 -0.6516093 2.9591866 0.62187225 -0.6000471 -0.8176584 1.2038635 0.8092649 -1.4564946 0.88132304 -1.2651803 -1.9600834 1.0687572 -0.2899305 -0.18749282 0.23015584 -1.4195931 0.7707127 0.22877781 -2.2530913 0.62608135 -0.13132496 0.78847826 0.48486692 -0.475525 1.6818448 -1.1715182 -1.4735131 -1.0745263 -1.0463569 -0.021141017 0.7740617 0.5844543 -0.37463325 0.7172471 0.5717387 -3.2652287 -0.40991536 0.5057194 1.7168893 1.3600038 -0.0025324868 2.0996883 1.1110014 -0.004632598 0.20794061 -1.417194 -0.26136988 2.4949422 0.7602323 -0.4972637 -0.78694487 1.8884237 -0.2635577 0.578654 0.2795695 0.57085186 -0.8086062 2.430719 0.20264967 -1.7602375 -2.8080342 -1.181733 -0.9884914 -1.8542227 0.49953586 -0.65369177 1.8094059 0.23264824 0.18521623 0.3868655 -0.20878457 1.4280478 1.6902214 0.8381611 -0.6840316 0.55818635 1.3584163 2.2020364 0.1991681 -1.3890659 0.78007495 1.9054799 1.9241161 2.898948 1.2483516 0.48418358 0.5114375 -0.7393371 0.6575221 0.67845297 0.8736589 -2.7329712 -2.1700244 -3.0892575 -0.7056867 0.3797997 -0.3104213 -0.7711231 0.8163205 -1.6443799 -2.4830494 -1.1104574 0.39500606 0.24896608 2.0008235 1.8931876 -0.51540303 0.39913028 -0.12159129 1.2176658 -1.064054 1.2493315 -1.0987111 1.1218283 1.6531545 0.93150634 -0.32815048 0.9746661 1.3297529 -0.75456035 1.3539553 0.7857408 -0.056838103 -0.6180039 0.19537517 0.9003488 -1.437867 -1.0668342 -1.7562587 -1.3253905 1.4840331 1.6338533 0.09487593 1.5393581 -0.8491137 0.9670302 0.021580333 -0.047320817 1.2997868 1.5279831 -1.6365446 -2.385959 1.5054626 0.44007638 0.8533075 -1.4227405 0.009316052 -0.16106577 0.17402828 3.2385836 2.423203 2.3878474 -1.0995793 0.15818974 1.0635037 1.0511628 -0.804196 -0.0015493772 -1.2710533 -0.27534997 -2.1541543 0.35834876 0.6083236 0.1497146 1.0552843 1.6872058 0.094165824 2.8008487 1.570604 0.3119744 -0.5863344 3.7628598 0.11121882 1.073288 0.28820515 -0.8087953 2.8425848 -0.948654 1.361261 -2.1892889 -0.12761638 0.43430957 0.1999379 2.123463 0.39428738 -0.70652926 -0.59680766 -2.3205874 -0.53442734 2.7315676 -0.37256306 1.4236325 2.124989 1.7355222 -1.307561 1.5505129 -0.5809273 -0.9328631 -2.5746775 -0.27025744 1.1910808 -0.59027535 0.77654845 -0.47040263 -2.940084 -2.168421 -0.08295596 -1.2613134 0.6295833 0.9466517 -0.24638414 -0.004402232 -0.28656214 -0.8477646 -1.4352182 1.143614 0.51052386 0.8491875 -2.4192657 1.680127 -0.5919338 -0.3817765 -1.6377437 -3.2074099 0.4132159 1.3081305 0.054233823 -0.635459 1.0037463 -0.67971563 0.95617366 -1.2895402 1.1435169 -0.29358804 -0.76405275 -0.4026884 -0.21958661 0.18587565 1.0011445 1.101557 0.760321 0.31935784 1.9240847 -2.368145 0.5980256 1.6222354 -0.14405307 -0.10448975 1.4671144 0.13908024 0.0073006847 2.0953848 0.70165426 -2.0657983 1.6414897 -0.46369168 0.40661237 -2.1689224 -1.6399976 0.69687223 -1.5397906 0.4055014 1.726428 0.5194083 -0.21069857 0.77420086 0.87754273 0.53669125 -0.17817204 0.8897377 -0.9741808 -0.36001012 0.70686334 -0.25019652 -0.13911544 -0.30921322 2.2150996 1.2770355 1.3816952 0.9496084 -0.8899629 2.9275417 1.3909652 -0.37813067 -1.1316352 0.49286228 0.37677693 1.4215503 1.0583822
cucumber -0.770479 0.09614828 -0.024812557 0.21522088 0.091577746 -1.7503278 0.7446245 -1.9012369 1.3471004 -0.17783938 -0.760104 -1.416787 -0.582075 -0.3027069 -0.17060411 1.0439717 1.0373152 -0.3979303 -3.1758897 0.093126416 -1.4917759 -1.0660222 0.3413423 0.28967503 0.44151935 0.98392594 -1.2796807 2.018626 -0.50430167 -1.0344448 2.1844249 0.846311 0.45816097 0.39034814 -1.4803202 1.2963386 3.036586 -1.5069423 -0.62412566 -1.3820637 0.8596128 1.4656819 0.18332452 -3.0031586 0.86627656 -0.5303082 1.319346 -0.072588824 -1.4294394 1.4128867 1.868809 -0.60368806 -2.4510083 -1.1946214 1.2158562 1.1061294 0.08728131 2.1701007 -0.42969456 0.8982667 1.2536423 1.3131071 0.3206831 0.8421792 0.15043283 0.7755481 -0.18169178 1.0198478 0.31616884 -1.4480864 -1.2066644 1.3415722 -2.1714625 1.7668222 -0.4493076 2.154883 0.1823073 -0.15986842 0.61780864 -2.6680906 -0.54459697 1.066138 1.1840236 0.59597564 -0.5241729 0.56416065 -1.7867086 0.3646418 -0.17393482 1.7374232 -1.1012367 0.682668 0.16935116 2.1273053 1.1014608 -1.0075985 -0.9945557 0.3999135 -1.8148776 -0.7511258 -0.62595105 2.8673015 -0.48916462 0.16588742 -1.9643459 1.8570452 -0.6232644 3.1067793 -0.04273301 0.00015679502 -0.6379136 -2.7070963 0.4853379 -0.07113055 -0.7863055 -0.5297098 1.7341557 -0.59935457 -0.06488295 0.75761646 -1.1741546 0.29268882 2.9524698 -1.4739871 -1.6111736 0.366469 -0.58739966 1.318258 1.332494 -0.65774435 0.5541046 0.07683902 1.481705 -0.9590587 1.8836195 1.3533821 -1.3111879 -0.7928228 -1.0531241 -1.2585088 -0.551978 -0.85950214 -1.3963763 -2.4102798 0.21172017 1.6050094 -1.046893 2.6490753 -1.9779315 0.5839765 0.75299 0.39691737 2.3055198 -1.257518 1.0745163 0.63304216 -0.3953182 -1.6487145 -1.5508423 1.4020312 1.3941033 0.47517312 -1.355209 0.20124143 -1.2869875 2.3965178 2.3964472 0.95435876 -1.9240024 -1.1328213 1.2786053 -2.2807963 2.3899634 1.6773334 1.6093594 1.3844527 -1.0979825 3.17351 -1.8382947 0.5194837 -1.9866321 0.17696236 1.0349113 0.7308174 0.64816123 -0.119459525 -0.011045483 -0.3005987 -0.21715057 -1.1004332 -0.22771569 -0.7870901 -3.4738598 0.54210526 0.48227942 -3.1668386 -1.546016 -0.55796695 -1.1476111 0.65302205 1.2818719 -0.10219912 -0.12125002 1.9059223 0.7178465 -0.32348186 -1.4300005 0.3293411 -1.4586192 0.114533305 0.88277984 -0.9377631 -0.71212 -0.45436838 0.5576956 -1.0495313 -0.60081017 -0.8321526 -2.0354896 0.3001611 -0.21865523 -0.25926813 0.45636758 -3.2552025 -0.5584268 -0.55968046 -0.37256473 -0.20907998 1.3339297 0.44319138 0.50929195 2.032679 1.5245888 -0.62083685 -0.6989063 0.124646224 1.2541218 -0.47985235 -0.71802735 1.2773672 -1.3944507 0.6198056 -1.0409582 0.5072494 0.6569101 -1.9922798 -0.27411672 -1.1034592 1.0117893 0.7063731 0.28523734 0.9614818 -0.7520107 -2.2439668 -0.70890284 -0.8235091 1.2395905 0.17705664 0.11713444 0.51082927 0.07035984 -1.7175392 1.6865373 -0.81432056 -0.5950018 2.020446 -0.4267144 0.1333207 -0.9663274 -1.0200683 -1.2744377 1.0473528 0.09713953 1.3530289 -2.0872226 -1.7811775 -0.3140737 -0.291315 0.17598698 1.7304869 0.20289753 0.0012075646 0.4312849 -0.21481068 -1.3154309 1.5464766 0.56394506 -0.5910645 -0.8603618 -0.7135531 1.213628 -2.0806274 0.04975028 -0.9475004 -0.5060951 -1.2556692 -0.6390637 -2.6772094 -0.43957278 -2.2179868
solvent 1.7117742 0.43861562 -0.411105 -2.6609323 1.2312329 -0.84162843 0.65438384 0.9627467 0.2652523 1.0399238 1.0434008 -1.9392257 1.1195285 1.3596977 0.6309971 -0.34014583 -2.8535638 0.5350516 -0.48388872 -1.4881104 0.22314319 -0.9015633 0.9184139 0.9263185 2.264973 -1.1790475 2.0464315 -0.2726514 -1.354021 -2.5493648 -0.19167939 -0.4703426 1.6535251 -3.3678348 -2.0077634 -0.32364303 3.0579762 2.362525 -0.8147354 -1.01766 2.4361794 0.21025936 0.22220099 -1.4695122 -1.2910668 0.2382826 -2.2431529 -0.24534969 -0.19734326 -1.8492136 2.819201 -0.4842878 -0.35593534 0.9208311 0.027522972 1.1167351 0.37216055 0.08969632 -0.56995636 2.0466292 0.92561007 -1.6536416 -0.53018737 0.4699229 1.654769 1.4332651 -1.2483708 -1.5354369 -1.3184593 -1.7558658 -1.3086905 -1.3076463 0.9347269 -0.35776588 1.6966968 1.2964373 2.4718542 -0.6439277 0.2810672 -1.7470126 1.84694 0.6434394 -1.9920647 0.15146345 -1.3640636 0.28889483 -0.17197712 0.7069308 -0.44229442 -0.4268892 -0.92398095 0.5187132 -1.000317 1.8864148 1.0002179 0.50604224 -1.1426584 -1.6315973 -3.3375423 -0.33040786 -1.4061257 0.2440841 -0.17444856 -1.1952214 1.4293346 -0.5616734 -0.28271887 -0.02095405 0.7880682 1.0675533 -0.2253021 -0.21022898 -2.232772 1.2783529 1.0747919 2.8898644 -0.18871339 2.3043847 0.5838349 -2.3470426 -0.906609 -0.6928749 -1.6653771 -2.4304838 0.3129915 1.6794235 0.43984914 1.59325 -0.047474872 0.009857517 -0.79237115 0.8289764 0.37434924 -1.5150859 1.3631034 -1.6122378 -0.48766086 0.5856564 -0.23593324 0.6751293 -0.8564209 -0.81915456 -0.7296384 -0.2463356 1.147916 -1.2474222 -0.6348574 -0.23033153 2.9891427 0.46169704 -2.556981 -1.6709231 -0.23356295 2.3230262 -1.0111582 -0.9852816 -0.4823854 -0.339017 0.7883847 1.6384857 -0.15757114 1.268397 -0.16541688 1.6847004 -2.40083 0.9958832 0.29454425 -0.63379693 1.4124542 -0.7719564 -0.792508 -0.85099983 0.7425155 -0.6860626 -0.7732142 0.28087318 -0.04677863 -0.1695492 1.3649644 -0.55508286 0.6967686 -0.28052706 -0.0333401 -2.8741531 1.8501644 0.68880284 -1.7855911 2.1501215 -0.53426415 1.3693473 -0.019953836 1.0565692 -0.23330596 0.28692397 0.7048772 3.0653975 -0.48195726 -2.7630477 1.5399834 -0.39142573 1.4709998 -0.5372668 -2.243524 -0.62779444 -0.03717975 -0.0883312 -0.2636225 -1.2265564 -0.3804786 0.7774693 -1.6498628 -2.5761042 2.131902 -0.65514594 -1.2308731 0.3738221 -0.1748806 -1.1948239 0.6162121 -1.5296861 2.4137838 0.6918749 -2.7132885 1.8203685 3.0375853 0.96943265 -0.8154834 -0.2711055 1.4635957 1.4004956 1.0321463 1.5035468 -0.92087394 1.2715535 -2.2383718 0.15022023 0.44127932 -0.58071446 -0.0043538217 -2.073448 -2.1054943 -0.5299642 0.8126384 -0.0065669483 0.92698413 -0.095134616 -1.1297973 -0.5065171 0.29136184 -0.12047563 0.51004964 -0.2516738 -1.6783257 -1.802759 1.3084126 -2.4252214 1.572589 -1.8991575 0.19714162 1.4990557 1.0379925 -0.34764618 1.346692 -1.2636387 -0.4212963 0.38183302 0.2808677 -0.6323257 1.0277675 -0.048883356 -0.037984326 1.738914 -0.65553164 2.0790114 2.5056386 -0.26631194 -0.3765689 0.2765765 -1.5736814 2.1016173 1.4756538 -1.317566 1.1159854 3.7325823 0.7412854 -2.0073068 -1.2066677 3.5251665 -3.3965547 -1.3958281 -0.92984986 0.1564652 2.7121375 0.4941467 0.40043387 -0.325259 0.9394687 1.6331209 -0.66266245 2.2471488
glue -0.7451071 -0.43177298 0.15348071 -0.28526554 0.89624465 -0.7016033 -0.9439637 -0.14943472 0.47362962 0.48600104 0.517071 -0.31882232 1.6659915 -0.11319293 -0.57513934 1.4138722 -0.15185235 0.69420606 0.60331744 0.13201898 -0.0030191753 -1.8098909 1.2819172 0.60003287 0.77131295 -1.5305209 0.17383437 -0.1123895 -2.5519621 -1.0517093 -0.34468907 -2.5294309 -0.22006531 0.62447655 1.7496659 0.58315057 -0.40631095 -0.849075 1.3422375 -0.1306457 0.6150047 -1.6092721 0.12654507 -2.4562032 0.028966472 0.2048903 -1.1870974 0.1331628 -1.0901432 -0.8704772 -0.12344559 0.18214492 -0.38433805 -1.0894945 -1.8252648 -0.06652629 0.5642073 0.38810155 -0.1873743 1.7820168 0.28570092 -2.4254184 -1.9712709 1.908767 -0.13867028 -0.27201247 -0.8048153 0.90779334 0.91132146 1.0453188 0.052587453 0.42451504 -1.1088579 0.901755 0.39356157 -0.9418886 0.5691931 -0.31214675 1.4384507 -1.6328206 1.3600425 0.1514313 -0.0608736 1.2625011 0.55155355 0.12604348 0.11457963 -0.01719084 0.08672432 -2.0220654 -0.7927476 -1.233951 -0.58078635 0.7201221 2.166459 -0.961932 0.27792484 0.8124089 0.5753261 1.2787144 0.29535344 -0.18878038 -0.043200906 -0.21153335 -0.3250495 0.80419576 -2.0915976 -1.2804097 -2.0655851 0.036032178 -1.0642648 -1.5598276 -2.7993717 0.60908663 -0.75723964 1.4795299 -0.027939232 -0.51706463 1.0925161 -1.4890441 -0.41331172 -1.0337917 -1.7270045 -1.0530679 -2.1077874 -0.46629065 -1.1689562 2.5037112 0.7263248 2.6733565 0.3497258 -1.9335452 -0.94888884 -0.027357157 -3.7049546 -0.89279866 -1.926164 -1.6472948 -1.8168957 0.05680958 0.03979875 -0.96305203 -1.3131969 3.1028996 0.5536235 -1.0271099 -0.089459896 -1.1116818 2.732147 -0.3041215 -1.437667 -1.0698143 0.5783949 1.0615847 1.650488 -0.7190695 -1.7156849 -2.0573435 -0.2990066 0.4598371 3.0204062 -0.17593889 0.30510417 -0.28088886 0.15541475 1.6446218 -1.9902201 -1.608387 1.2475833 -1.148627 -0.5635098 1.0224122 0.78716123 1.5931463 1.3937823 0.93462783 -0.2867325 -1.3179013 2.198392 -0.13545798 -1.3437274 -0.72310776 1.7387308 -0.10703157 -0.4204761 -0.37575632 0.884219 0.22405683 -3.366497 1.4786736 -0.037438318 2.092864 1.9801438 0.10022091 1.6256087 1.6081628 -0.32837623 -2.7436287 0.2265311 0.32077459 1.431877 -0.16239439 0.29458934 0.80685186 0.5495906 1.9942412 -1.0561702 0.4725103 0.30455196 -0.34879878 0.91185653 0.3409489 1.3621405 -1.0898311 -1.375638 0.09083436 3.2943547 -0.50223345 0.32844737 -2.471087 0.07837427 1.914242 -0.64894605 1.1629955 0.89951104 -0.094681144 1.7947845 1.0004305 2.3526804 -0.5218908 0.6022696 0.6105733 0.16665876 0.4024518 -0.21988255 -0.18968119 -0.5123526 0.6217149 0.34929028 -0.12607856 -1.0393407 0.9333019 -1.3535441 -1.1414716 3.3648257 0.08256644 -0.33959004 1.0586509 0.9609136 1.287115 -0.039031778 -0.17159717 -0.71313655 -1.5859046 2.2713022 -0.6315697 0.7443179 1.4429078 -1.5141654 -1.0958287 -1.3890927 -0.43459934 0.28647748 -2.5393791 0.38952497 0.064334705 -0.77279115 -1.190124 -0.10855956 2.0342474 1.6212958 -0.5826022 -0.18732902 2.8144324 -0.53414387 -1.2563711 1.8015435 0.473272 -1.5851301 -0.51048046 -0.10347076 -3.0635765 -2.090608 2.1419113 -1.8242611 -0.029268654 -2.1235905 0.5768995 -2.4903033 0.25189626 0.047129057 0.25486615 0.6693994 0.018755991 -0.3124623 -1.0201523 0.865389 1.2791275 0.4030277 0.92792815
mustard 0.26085946 -0.6399648 0.8727526 -0.78702575 -0.14784086 -3.4744048 2.7879508 0.31994936 0.6579443 -0.87715745 0.5220809 -1.5522553 3.64094 0.6607817 0.13227008 1.3835071 -1.5612646 -3.4057817 -0.3527178 -0.019720731 0.99973994 -0.2251786 -0.29484868 -0.26536167 0.76263773 0.547478 -0.71890944 1.7287606 0.33633226 -3.4209473 0.7343414 1.032703 0.8220316 0.9297262 -1.1772759 1.697473 1.9768819 -3.4814596 -1.8420132 0.80023915 1.9662263 2.7889404 -0.48149696 -1.836293 -0.94586027 -1.6101618 -0.9991478 1.2172469 -0.02531708 0.51281065 -1.66937 1.0246753 0.46441045 -0.019294757 0.24218845 0.8108058 -0.73360115 0.7711586 -0.36593455 1.0771171 -0.9365815 -0.41422173 0.24510026 -0.7344256 1.3568027 1.0940801 -0.6013751 -0.17811596 -0.5384445 -0.5367726 -2.9848714 0.8170165 -1.3599724 0.3832676 0.056823 0.4792533 2.3872015 0.53750867 -1.0604537 1.4735548 -0.3538659 -0.38923743 -1.3025008 1.7081405 -0.12396362 0.8956555 0.41134587 -0.5183916 0.9618458 -0.80231535 0.04455302 -0.36092702 0.9594813 -0.6311279 1.6394174 -1.5373787 0.3352786 -2.2754412 -1.1122929 -0.505358 -1.2428501 2.8454657 0.31327954 -1.1932749 0.14159651 -2.1448028 -2.1422338 1.301689 -1.2147386 -1.8534423 0.93908715 -0.5150844 -1.4295166 -0.44707277 -0.20759729 -0.58422595 1.366877 -0.68956244 -0.44091982 -1.8840958 -1.7762913 0.08282392 0.4101553 0.30361196 -1.060214 0.4031842 1.562251 0.9871565 2.352204 0.36320055 0.4671512 0.66244775 1.7546241 0.027008813 1.4426404 -2.098364 -0.54291135 0.37199384 -0.53612816 -2.005477 0.052087873 -1.7691426 0.09244879 -1.1710463 -0.9341077 0.037116084 -0.5618331 -1.6884844 -0.81658834 0.23286366 -1.3725255 -0.9529062 0.45517328 1.5739378 -1.9971358 -0.3141763 0.37472534 -0.82541656 -1.5443422 -1.2819647 0.97638196 0.58678365 -0.33877805 2.1235995 -0.30754173 -0.18348297 -0.45018572 -1.9460253 -0.56077033 0.52717274 -0.39599857 0.26058555 2.0953958 2.5827527 0.17945847 -0.21809167 -1.6141679 1.5599816 -1.6282731 0.8883598 0.7787607 0.88719296 -1.4100703 0.9357999 0.5341377 1.8248534 0.70862585 1.5828619 0.30600542 0.19276957 -0.26626202 0.4757709 -2.010192 -0.7144064 -1.3008208 -0.28766677 0.05195923 -2.65116 1.5658668 0.09411097 2.24111 0.36658347 -1.5866252 1.2668868 -2.2359984 0.43551052 -1.1479781 0.64402515 2.4140637 -0.85119456 -0.25119475 -0.3906751 2.488448 0.3436034 0.982667 0.90367955 1.8249254 -0.38299376 1.8142619 -2.3945298 -0.3682161 0.28885034 -0.5810528 -0.88882846 0.24613531 -1.4520305 -1.1176729 -1.7001164 0.34354293 0.520735 0.96810305 1.3246497 -1.4107796 0.52210444 0.11924016 -0.8016909 -0.6797347 0.9602245 0.39318535 1.8214391 0.4125479 1.3344659 -0.2621142 -1.44768 0.21183628 0.13394888 0.9117817 -0.78099185 -0.7083326 -1.1671815 -0.1575139 0.67436713 1.1390111 0.35229555 1.3782995 -0.72699445 -2.3580132 -0.008604859 1.2101238 0.51035047 -0.84113234 -2.717422 1.0536735 -0.1304202 -1.483955 1.1063299 0.3087507 -1.5880973 2.2113144 1.4426582 0.3777662 -1.4636997 2.2970743 1.8510971 2.299248 -1.6403911 0.30927306 -0.073400214 0.18648101 -0.20973532 -0.4532606 0.7108651 -0.9378885 1.5730878 1.2975081 0.58178407 -1.1440328 3.0169253 -1.742995 -0.76194113 2.1128426 -2.3338327 1.2689503 -2.9876294 -2.8656957 -0.96490705 -1.1628951 0.79466754 0.27681786 -1.3236151
peanut 1.8543408 -0.45054957 1.3555715 1.2696865 0.22026952 -1.7255565 -0.6122328 0.8116366 1.13838 -1.4585588 1.7891972 1.206847 1.0762333 -0.5568172 -0.9604118 1.297926 0.32141945 -0.58471745 -2.667591 0.2880873 -1.8097528 1.0996351 -0.32511348 1.6678398 -0.8250354 -1.4475211 -0.90667117 -1.070158 0.8924115 -1.1334997 -0.28961828 -0.13293713 1.0701183 1.0542561 -1.6395463 1.2680178 1.8445908 -0.8886613 -0.12332191 1.0741379 1.1535655 0.74549586 0.3030948 -1.6507348 1.1296169 0.30105546 -1.3184565 1.5433311 1.0855074 0.56580955 1.9435179 1.4746045 -2.0705996 -1.3996427 1.0204479 -0.8196289 -0.091630846 0.43519413 -0.024796532 0.74181336 -1.9006878 0.8354064 0.64000684 -1.3010819 -1.682964 1.378859 -2.2307315 -0.54593974 -0.58099025 -0.37662634 -2.2053635 0.4447925 0.8077083 0.6490785 0.15529415 -1.4242657 1.719687 -1.466335 1.534275 -0.36869553 0.6160398 -0.11411612 0.88243735 -0.20778862 -0.49561402 -0.94020444 1.8406578 -0.041589383 -0.36865819 0.5886651 -0.111556105 -1.1533823 1.9832456 -0.072458066 1.56699 -0.6411279 0.4899285 -0.18981464 -0.38799483 2.4310312 1.1426246 1.0856456 1.0794091 0.27616817 -0.16406715 0.3239219 0.28381237 1.3077879 -0.9174553 -0.7220264 -1.8261479 -0.84324855 -0.78438836 -0.39395425 -0.4560535 1.9679538 0.3406249 0.0026150974 0.73498195 -0.24985197 -0.24262202 -1.4799777 -0.77070045 1.9972602 -0.66234636 0.99943924 1.6552947 -0.41182825 1.1847354 -0.9492919 1.2434634 0.61662614 1.5689553 -0.29859743 -0.8545541 1.7812539 -1.0955064 -2.3617604 1.9119108 -1.5542338 -1.1895841 0.26603445 -1.5919801 1.1776164 -0.5094784 -1.3686339 0.5154717 0.9530456 -0.51640844 -0.8383347 1.6492243 0.24246329 0.3089165 -0.021291045 -0.38686007 0.7436921 -0.28282523 -2.2921937 -0.5647427 0.4163247 1.8817841 1.602206 0.51484084 -0.94476855 -0.95148426 -0.40244347 0.29811087 -0.3008617 1.3936864 0.47300062 0.5608752 -0.4547268 -1.6556886 0.34871003 0.3297082 -0.12983869 1.5286251 -0.9936665 -0.60507965 0.70474446 2.2750208 0.946106 -0.25738987 0.8646487 -1.0410691 -0.24986608 -0.9383614 0.3398655 -0.6969455 -1.0560461 0.4152618 1.8583432 -1.614477 -1.13435 0.2175822 -0.7552979 2.1821136 -1.0811244 -0.93579423 -1.6052483 2.939559 1.1980337 0.94196105 0.20023485 0.002936141 -0.055779457 0.28964406 -0.44033015 -0.84568703 -1.3699448 -0.32043958 2.1502295 -0.04539647 -2.3342907 0.46601328 0.14078034 2.1491365 -1.3131365 -0.3183828 -0.3139989 2.2416039 0.47950223 -2.316038 -1.4324865 1.323281 0.62896645 -0.75910795 -0.38532302 -0.32909867 0.5711812 1.135522 -0.53987926 -1.0850954 -0.69450045 0.007605794 -0.10405051 -0.012997184 0.38264972 1.0804031 1.3389786 -0.44368443 -1.1672683 0.008108855 -1.362222 1.9352814 -1.5392927 -0.8885096 2.5312831 1.6647329 0.5077784 -0.023953697 -0.2598444 -0.36756426 0.13886261 2.5807114 0.41658792 0.28279805 0.042812232 -0.9022652 1.396215 -0.5188487 0.008784569 -0.9966431 0.43920487 -0.25353733 2.2627022 1.2533607 0.0032243396 -1.7278602 0.5493074 0.539842 -0.4014896 -0.39692715 1.1452342 -1.1762885 -1.5403656 1.1269091 -0.1165265 0.58783215 -0.8265608 -0.85947144 -0.28697646 -1.3349178 2.0615764 -0.502882 0.4956049 0.25771725 -0.24545993 0.04707519 -0.56073725 0.8850346 -1.0933474 0.30590308 -3.0604224 -0.5155458 -1.5867224 -1.1830561 -1.2003461 -0.8706881 -0.8671613
carrot -0.3328319 -0.23501414 0.837072 -1.791148 -0.22671545 0.4530418 -1.3998473 -1.2937217 2.165574 0.9089164 -0.20294397 0.36692718 1.8135805 -0.008275201 -0.8090472 0.85411876 1.2733268 -1.6716543 0.0010110763 1.5383439 -0.3537384 0.032602347 -2.0303319 1.0792961 -0.28122663 2.0999112 -1.5175697 0.3224078 0.7129615 -1.0774944 1.0673275 2.2228086 1.3296925 0.19610259 -0.84644604 2.9166913 2.571511 1.7365359 -0.2716278 0.019427685 -2.3550482 0.5567088 1.1425811 -1.9900521 1.7977517 -0.926295 -2.4172578 -0.64265186 -2.204262 1.5379351 0.5892884 0.40161413 -1.2880033 -1.128531 1.9226224 1.6687236 -0.5211033 0.104882315 -0.07829339 -0.5759552 -3.2850158 0.35125813 0.8018783 0.94399863 0.48458403 0.3352352 -1.434886 0.92092127 0.5608231 0.47084445 -1.5843747 1.7898395 1.1277192 1.8428873 -0.7549191 0.6279375 3.468773 -0.30485797 -1.722012 0.86606866 0.63393146 2.3073277 0.18258749 1.1134257 -0.5900971 -0.7099631 -1.1690066 -0.12445699 1.135632 1.0590681 0.4624523 -0.4918249 0.106289044 1.0918382 -0.10721793 -1.0183794 0.51773906 0.42659873 0.054229125 1.8636189 -0.55140805 0.8055983 0.46408412 0.14774396 -0.12949206 0.086955585 0.7105816 -0.5479012 0.6984111 0.9943401 0.32403043 -2.404446 0.39106864 -2.6220205 -0.47377107 2.041782 1.8499162 1.2417372 0.47477058 0.5749959 -0.5973207 -0.57618576 2.0184634 1.0386685 -1.506651 -0.6991334 1.5279671 0.046855107 2.0334287 0.09277228 1.3901985 2.0704892 0.9680318 0.68609726 1.7536933 -0.8722642 -2.4071991 -0.40597662 0.29462928 -3.872987 0.69340974 -2.6015537 -2.0594015 -0.90706044 0.68069 -1.4010565 -1.5030653 -2.0558097 2.036243 -0.45881024 0.3102077 0.19915205 -0.105064265 -0.44592956 2.308093 0.8353803 1.8171468 -3.0593214 -1.7324176 0.1928861 0.9838616 1.5150675 -0.9357606 1.5711154 -0.15658024 0.07158503 0.51984876 -1.603939 -0.0013395358 0.13260886 -2.620712 -0.021131795 0.7376133 2.394246 -0.89947945 0.86093944 0.332345 1.5039711 0.9671149 0.25312617 0.7701289 -0.8006946 -2.6554255 0.19918515 -0.6445636 -0.9077103 1.0441242 -0.39555657 2.1252685 -0.12172471 1.5208923 -0.29851896 -2.0369108 0.74529344 -3.0490322 -0.91056997 -1.3865424 -0.5586472 -0.94861394 -0.6313397 0.2538676 -1.2466067 -2.717331 -0.47307453 -1.3157575 -0.21813488 -0.4347865 -0.34575006 0.046213597 0.60681033 -1.2216786 -0.31706226 1.0939986 -0.5648052 1.8283885 0.49378234 -0.7956363 -0.5564246 0.70725083 -1.0445868 -0.9408164 -2.4563198 -0.84103596 -0.795499 1.1377884 -0.94953537 -0.732639 -0.34427056 -0.29314858 -1.0248307 0.3144875 2.6193159 -2.248195 -1.1583848 0.8506896 -0.42940122 -0.9949582 -1.1964031 -1.3604463 0.7480011 -0.3133961 1.3272035 -0.10213743 1.1990987 2.7548363 -1.5710043 1.24978 -0.9030338 1.4457936 0.63686603 -1.1534566 0.5719416 1.4802638 -0.18190235 0.8336915 -2.8708863 0.5451502 -0.6907466 -1.0946928 0.38640934 -0.8434325 -2.6552854 -0.71761125 1.2678967 -2.5843906 0.57833695 0.24304718 -1.1021076 -1.139038 0.33034784 0.6854956 -2.2973156 -1.5376859 0.6781882 0.122716635 -2.2658453 0.6570461 -0.90702534 0.55342543 1.796854 0.11910174 -0.5397821 0.06484304 0.24137704 0.5445671 0.7733928 -2.1571527 0.30958116 0.30937308 -2.015824 -2.76371 -1.464373 0.8216526 0.82153326 -1.0754167 0.3627382 -0.699151 -1.3876102 0.003870532 0.21343906
licorice -2.1017296 -0.87180084 0.4735296 -0.6680645 -0.7781877 -3.1788125 0.65299064 0.43177453 0.098991826 -1.0225064 -1.0289716 -2.3014133 2.584259 -0.19557399 0.51796293 -2.6800683 1.391172 -0.027917193 -0.2268704 -0.36262664 -1.6796522 -0.14339173 -0.78896433 0.5257238 1.1467004 -1.5132077 -0.061586432 0.68624115 -0.5317782 -2.1856132 1.1013187 -0.2215131 0.407697 -0.31762597 -0.60691214 1.8511137 1.9355385 -0.72231215 -0.16636685 -0.65315473 0.64061886 0.026291082 -0.19809659 0.526053 -0.36661386 -0.9542706 -1.0285262 1.6465927 -0.46910173 2.7806313 0.038301513 0.080724545 -0.43034115 -0.41410768 -0.9069964 0.10182905 0.7092219 0.06809778 1.9192843 1.2622327 0.9659684 -1.2476915 1.5161026 0.9640079 2.1789243 -1.8524194 -0.9034176 -0.64630514 0.8729695 0.16184914 -1.1983174 -0.20906334 -1.398898 -0.9149232 -1.0848544 0.96402276 0.4559604 -0.10289966 -1.0688732 -2.4642806 0.18152511 0.45134914 0.30476525 0.05944096 0.981373 -0.16120869 1.2594925 -0.7569881 1.278004 0.21410255 -0.32209864 0.78332293 -0.32548466 1.6435628 0.52551097 -0.5359882 1.6332946 0.84045357 -0.4219769 0.22268668 -0.17897728 0.14901616 -0.9466569 0.1773775 -2.4119651 -0.94947976 1.8602586 -1.9917436 -2.9211893 1.5756205 0.17357518 -3.1232278 -1.3333949 0.46158996 -0.98987633 2.8504725 2.0985477 -0.37718922 1.0118521 0.29476288 1.1931976 -0.32611817 0.49782532 -2.343179 -1.1354699 0.94207585 -1.7100878 2.279392 -0.72941136 1.2035539 2.3135235 0.9584055 -0.80512273 -0.4845536 1.9390268 -0.10494937 -2.0323467 0.41691917 -1.9583428 -0.60750914 0.37186167 -0.46942678 0.43074262 -1.8358433 -1.7567812 -0.020823773 -0.31644917 1.1680787 1.8510152 1.5549347 -1.594142 -1.6192751 -0.7310887 3.8824904 0.73794734 -1.4752969 0.6111154 -0.0983807 0.61083233 0.18105277 1.8627896 0.36106074 -0.20978239 2.6992168 0.34001717 0.447106 1.3896741 -2.2658489 -0.79067636 -1.8330606 -1.4441385 0.62002385 -0.9805328 1.6867868 -0.27257484 2.3841045 0.8697816 -0.86190885 0.41823286 -0.19603251 0.36360687 0.6337525 -0.59681547 -1.0660509 -0.49766722 1.0700692 -2.5207074 0.47713625 -2.49259 1.124674 -1.1926116 0.3285946 -1.2585655 1.2519289 2.9147973 -1.0279324 1.6943892 -1.275857 -0.9918877 1.0368892 -0.9764162 -0.97537464 -1.0386373 -0.191519 -1.1554356 -1.3432724 1.7027622 2.5180974 -1.7763826 -0.12807278 -1.5049294 1.2973981 -1.0344552 -1.4466689 0.3400133 -1.296501 0.1877433 -1.5690413 -0.3403972 0.42153656 0.94639474 0.40307984 0.21930403 -1.7092137 -0.19580625 1.9476013 -1.3305618 1.2268711 2.2209084 -0.26208168 0.40446755 -0.22504653 1.1938381 0.4000311 -2.1087215 -1.2493606 0.74468464 0.98052335 -0.11394541 1.6072638 -0.7936378 -1.3228502 0.52317846 -0.38363427 -0.5003453 -0.17607243 -0.67176926 1.0697722 2.1013856 -0.14770772 1.5650492 -0.05428291 1.6749299 0.20686111 1.3701048 -2.4894085 0.3233713 0.16520853 -0.94056475 0.5323275 0.5225732 -0.55350846 2.2325194 -0.31537536 -1.5639371 0.43764213 0.48892623 1.484611 -0.6781835 -1.3504727 0.39817244 -0.9365542 0.16197325 0.872574 0.6071288 0.32203445 -1.2323 1.5207039 0.4206623 1.423672 -0.30045626 -1.2881652 -1.3446906 2.7118948 0.54336596 0.37978995 -2.4923618 0.36062163 -1.1173953 -1.9084499 -0.41716358 -3.1852524 -0.99396855 -0.06871807 -0.9196502 -0.85347307 0.3108296 1.6413978 0.717413 0.05772048
kerosene -0.010083996 0.6746922 -3.3213665 1.0483515 -1.008538 -0.36918917 0.64347184 2.3749266 2.1996346 -1.5960202 0.6827399 -2.3139904 1.5002571 -0.17875959 0.28019926 -0.97443944 0.36318067 0.77976084 0.8949459 0.5854633 -0.86444783 -3.7460895 -0.70332766 0.93926865 0.17359899 -4.024071 0.8497635 -0.009374528 -1.5997937 -2.3719811 1.4354162 0.0069431155 1.2642416 0.52224576 -1.0064312 0.15782307 1.1116111 0.41799212 -1.0825661 -1.1394607 0.5079108 0.60976225 0.46913746 -0.031329237 0.87830853 1.744893 -1.170073 2.1881561 -0.3243479 -0.7129916 -1.6534528 0.54795676 1.6369417 0.8936865 -0.41759098 -0.055198092 -1.9639385 -0.0037588275 -0.004351015 1.7211758 1.2394835 -2.1052217 1.0130643 0.80863094 -0.2241456 1.5498804 2.5121126 -0.6640549 -0.6137557 -1.1032603 0.26020047 1.192385 -0.24986956 1.6145619 -0.40167004 -0.044682972 0.44672415 -0.054401044 -0.67446035 0.22877249 1.6147164 0.7799836 -0.32393163 -0.96750754 -0.8604951 -2.0232425 0.16065225 0.48320988 -0.31884208 1.3378782 -0.71813005 0.7106749 0.75491697 0.8222406 1.8975569 -2.1249208 -0.2722659 -1.4523172 -1.6678343 0.16763118 -0.8692523 -0.26145625 0.119478844 -0.83022773 -1.7297713 -1.7064143 0.6136568 -0.0954376 -1.5458019 -0.055447616 0.5750863 0.31984186 0.31927213 0.79731447 1.4491808 0.59754264 -0.5506391 -1.4480811 -0.14971833 0.46947274 1.2054836 2.1028275 -0.32790104 -0.10432039 -0.5825731 1.8770498 1.8459451 0.4686245 0.6575445 0.70790833 0.59373003 0.34434018 0.97273797 -0.48603213 2.1267617 0.15740187 -2.8182094 1.0418746 -1.079914 -2.0196815 1.2354565 -0.43514535 0.9905495 -0.14655828 -0.16863957 -0.38338774 0.4543116 -1.3877392 0.40112138 1.9314585 -0.08118091 -1.5383106 0.4569102 0.9852635 -1.0898639 -0.5005555 -1.2127012 -0.6752484 0.2415131 -0.3155648 1.6069596 2.6953025 0.7286692 0.9264551 -0.85044277 2.0945232 -2.069152 -1.2355392 0.14747214 -1.698754 -0.109744474 1.5238153 -0.61415756 0.8002251 2.2659397 1.6499231 -0.9686798 -0.9799745 0.29016855 0.97225434 1.3645544 0.8850006 0.36543465 -0.24325377 2.0748956 0.525687 -1.0957592 0.49847892 -1.4477527 1.8539745 0.5120478 0.20813613 0.42095792 1.0470517 1.1460286 -0.72598565 -0.44896883 -0.030359017 0.29927132 -1.8514045 4.3261843 -0.3804841 -1.3192834 0.77412283 0.27907827 0.31586576 -0.8413581 0.11588539 -0.2755124 -0.7757907 -0.109504946 1.0664027 2.463532 0.27329865 0.043654975 -0.9510534 0.31893897 1.2613686 1.7787669 0.57159007 0.19300348 1.2480817 -0.97256523 0.8212348 0.9911332 -2.3901355 -1.0940251 -0.9859475 0.7598433 1.8683763 0.60727966 2.1185932 0.9538051 -0.44624102 -1.6985952 -1.9046253 -0.5661874 0.9805552 -0.57220626 -2.690099 -1.7588067 -0.025760053 -0.1183618 0.82493585 -1.8570639 -1.3330736 1.1031939 1.3788533 -1.1459451 0.7230745 2.044771 0.4445142 -0.684988 -0.5305138 1.5871941 0.07715732 -2.511315 -1.1626332 1.2684501 1.5231147 0.7102097 -0.806222 -0.84768987 1.2698997 -1.0019646 1.8251433 0.73270416 -0.06739459 0.06294184 1.1918082 0.5486567 1.2848958 -1.508972 1.3871644 1.3929362 -0.34875286 1.1768169 0.24380127 -1.2687832 0.824924 1.493911 -0.910228 -1.3169904 0.58610404 -2.3981218 0.8243701 0.48132455 0.9576992 -1.2404028 1.0691829 0.83932626 0.39212874 -0.41815877 -0.98996246 0.4688745 -1.0617342 0.2331597 -0.39264607 1.5000366 0.5386739
ham 0.13601552 -1.5801586 0.8377162 -2.328959 1.0851291 0.29931167 0.4371463 -0.551711 -1.0315205 -0.62037826 -0.52117926 0.728844 1.1526296 -0.034892995 -1.4048448 0.5839845 3.3811998 -1.8838558 0.54759943 -0.2694887 0.44992983 -2.4906788 1.7370287 -0.24596567 0.97751075 0.950896 -0.8598811 0.89707494 -2.2461908 -0.10567159 -1.5252603 1.1466098 0.11226776 0.9490874 -0.7865118 0.733021 0.8947592 -1.6341964 -0.25277406 0.3309617 -1.2991467 0.7855174 2.0306425 -1.3909475 2.8416307 0.0006818135 -0.69328 0.89604425 -0.49660778 0.76582867 2.2192807 0.8255635 -0.121759124 -1.1459908 0.41369146 1.8378164 -0.13622878 -1.9252748 -0.9884361 -1.7413541 -0.17767498 0.92490226 0.38704282 -2.2400813 -0.16069348 0.6931452 -0.43412685 2.1253722 2.710147 -0.2578487 -2.4686062 -2.408337 -2.148762 1.2103076 -1.0557535 -1.1514248 -1.0217899 -0.67543924 2.2955337 -0.014510089 3.2015164 1.4998257 1.177936 2.1482756 1.4949864 -0.76582634 -1.4623872 -2.7583702 -1.6081583 -1.6507684 1.3412411 -1.5017389 0.45478535 -1.3015283 0.81835514 1.9927104 0.69792503 0.7156126 0.9791405 0.9608306 1.810831 0.43601477 -0.5552535 0.099353336 -2.1254976 0.5590012 -0.78515846 -1.7043476 -1.3728542 -1.0600084 -1.4197397 -1.3066069 -4.62836 -2.546825 -0.12812808 0.42467776 -2.9604733 0.23549612 -1.4911618 -2.0124004 -0.48549908 2.6703486 -0.7340042 0.47380733 -2.1095617 -0.6129126 1.7018409 -1.6324252 2.4631758 -1.8488886 2.1597457 1.8823224 -0.7812946 0.5841187 2.002686 -0.82826835 2.948273 -0.92569226 1.8637228 0.5490581 1.0527526 -1.0758789 -1.2458928 -1.7185552 0.2670304 -1.4649618 -2.110062 -1.2044549 -0.29821694 -0.28115904 1.146985 -1.3662308 -1.3886428 0.98274976 1.3795128 0.6593206 2.2872007 -0.4550411 -0.12456105 -3.4713006 0.22707497 -0.09633326 1.6200317 -1.903453 -1.1233943 0.6067924 -0.34029433 -1.5248846 1.3393767 -2.1198797 0.51182765 1.1425275 1.1986973 3.6895294 -1.4199057 0.9650348 -0.6962539 0.2676349 0.6988742 0.07541053 -0.4543259 0.2591735 -1.9917185 -0.7834703 0.33846423 0.8991239 0.10565537 3.228226 1.9484144 -0.27502528 -0.48732266 1.1479417 -1.8359756 -0.92323595 -0.06585467 0.36964586 -1.6781261 2.1397367 0.50521404 -1.5712912 1.0799181 -0.219568 -1.1067184 0.39617637 -0.032074846 -0.4415931 1.2919219 -1.8138022 -2.4329102 -0.016577702 -0.5663362 0.88629574 0.44387454 -0.5818995 2.068534 -0.6904253 -0.5424791 0.3974149 0.97198397 -2.0531142 0.80065393 3.1090205 -0.5797382 -2.0087872 -0.8343862 1.3171624 -1.742086 -1.702222 1.4165778 -0.141331 -0.48976603 -1.5438825 -1.1232451 -0.37970823 0.4825989 -0.3405331 -0.020043952 -0.5023611 -0.4967782 0.7769925 -1.117357 0.164059 -0.3087835 1.6157396 1.102512 -0.06819303 -1.0570579 -0.347935 2.1133122 0.6712833 0.00584159 1.0232314 1.57039 -1.6828439 -0.7097179 2.4455557 0.10453612 -0.44999257 1.2692988 1.2184985 -0.9519659 -0.8394915 0.9495457 -1.3840022 -1.8185408 1.0450648 -0.067748904 1.6627827 -2.2617579 0.54069227 1.730326 -1.1115458 0.71471775 0.33206558 -1.6613637 -1.9022459 0.8806525 -1.3300346 1.1862379 -1.3320094 0.48676303 -2.3795586 -0.61963916 2.3641264 1.0861354 0.75062937 -1.1292164 0.9689851 0.34053847 1.1346995 0.6454667 -1.3315885 0.0776784 -0.3528828 -2.1119125 2.491692 -1.3625782 -2.3925014 0.095509104 0.089186415
rope 1.2276963 1.9116607 0.6364349 -1.5612894 -0.1789965 -0.18224782 -0.30557144 0.45990172 0.6502578 -3.78781 0.4627971 -0.012728044 2.481057 0.73131156 -1.7403784 -1.0160401 1.1551852 -0.47724292 -0.07712861 0.85583067 -1.5099351 -1.0234386 0.78324324 0.7550263 0.66872543 -0.3730913 -1.7433109 -0.3264029 -0.24233948 -0.32123592 0.41938716 0.971397 0.09149442 -1.7524353 1.1253954 1.3412856 0.3465871 0.30534306 0.27805704 0.19879214 -1.1534424 0.4678265 1.8031045 0.19106546 -1.468324 -0.7616973 0.09722357 0.08618335 1.3152395 -1.0923232 -2.613703 0.1610001 -0.79319 -0.401909 -1.1368141 0.21599734 -0.6938842 1.217759 -1.0360975 0.69689107 -0.49762076 -1.7029561 -1.364299 0.65746194 -0.50401217 0.3961509 -0.2662454 0.9742597 -1.84023 -1.3581134 -0.9892347 -0.84523714 -0.070490085 -0.5851527 -0.7217075 0.6384707 0.09860616 0.66638917 -1.130488 -2.5953088 -1.4813633 -1.7735897 1.5861049 1.2307014 -0.08260099 1.3536942 -1.6594975 -0.4008776 1.4061962 0.20612009 -1.5760231 0.034169428 0.85022867 1.1544969 1.2623281 -0.73112124 -0.13133726 1.0652705 2.9225311 -0.2601993 1.653968 -1.9484318 0.14114659 1.3372204 1.1849271 -1.0165336 0.1769995 -0.052333284 -1.1545898 0.22342649 -1.8906897 -0.5128627 -0.7693249 -0.6628682 -0.5500533 -1.2124431 0.62048656 0.21630035 0.433905 0.01743319 -1.2847459 -0.46188632 -1.8527546 0.7729329 2.5395427 1.683521 0.9209143 0.947753 1.0426918 -0.37006184 1.4822708 -0.7151128 -0.5538126 2.6352787 1.9606057 0.19390474 1.2456492 -1.035564 -0.56172323 -1.2019783 0.67134964 0.950501 0.38278317 0.21794179 0.2517382 -1.3980424 0.85708016 -0.6649991 -0.630284 -0.2587054 -0.36786547 0.10862934 0.332689 1.5143336 2.6984932 -1.3552545 -3.2473862 -0.28754067 -1.4936904 1.5958798 1.6123974 -1.050398 0.8422776 1.1873076 1.0428581 1.5753508 0.16617343 0.61695427 1.3254651 1.1890537 0.05309325 -0.97227836 1.2212942 1.0320629 0.6748932 1.2385179 -2.6870584 -2.2012377 0.5184726 1.562038 0.9751661 0.09167529 -0.7812417 0.6506922 0.5047284 -0.8384153 1.2102146 2.3662076 1.9267156 1.5826558 0.9798355 -0.3864714 0.7053528 0.028637052 0.8558107 0.4043314 2.0065193 1.8189282 0.070719875 -1.0000525 1.3270377 0.9844268 -0.58891416 -0.23380142 1.2642606 -0.8070939 -0.3584746 -0.08668924 3.268699 -2.0454152 -0.77664334 -0.36679855 -1.1355072 0.7324667 0.42168012 0.05135669 3.109616 1.2511396 0.97359836 -1.2684872 2.1640878 0.8095477 0.23098797 -1.2263666 0.49636304 0.4308052 -0.08763816 -0.051851947 -0.039687082 0.07827161 1.4575291 -1.1609883 1.5741271 -1.4432491 -0.71187 -0.0028648379 -0.32812363 1.1683897 4.007244e-05 0.0125824 -3.026313 1.530575 -0.90869886 1.0627443 0.37323537 0.9936895 0.5969067 -1.9852462 -0.10213201 1.3213338 1.7208616 0.06729493 -1.1780727 -0.6300691 0.9905586 1.893546 0.14317457 1.1500345 1.4351084 -0.85486233 -1.4453282 0.6295774 -1.3991641 -0.25916114 1.4280696 0.423172 -1.8810622 0.05864439 -3.6531298 1.0466399 0.29247692 0.7993276 0.55741197 -0.9795537 -0.8474688 -2.88833 -1.3957065 -0.63128114 0.24405609 -1.2007291 -1.4282975 -2.7380931 -1.5953864 1.6618992 -0.9069362 -0.44402826 -1.5277154 0.23006946 0.5288191 0.06637318 1.1578838 1.552169 0.13951898 0.4320803 0.23376729 2.015943 1.4218612 -1.316041 0.30764386 2.5634527
camphor -2.0644784 -0.6387486 -0.709129 0.65040237 -0.03701333 -1.2228435 -1.3581246 0.4759207 0.83097315 1.0062066 1.7983439 -0.84381145 1.0426865 -0.2070737 -0.83385724 0.6066269 0.30517083 -2.930341 0.3814297 0.37110713 -2.617352 0.5172464 0.29058573 1.0118982 1.1996017 -1.3145881 1.6540725 0.55604655 -2.8119571 -0.25932848 0.4599381 0.29902452 -0.122540206 0.02271695 -0.07145546 -0.40357262 0.3061591 -2.3208816 -0.9505615 0.30919605 2.406893 0.88097584 -0.9053255 0.39323035 -0.51752186 0.68304944 -2.2749805 0.36714473 -0.8874465 -0.7535436 0.50364906 1.6734879 -0.011831547 -0.788269 -0.9013728 1.0194595 -1.4132748 0.9202674 -1.3718448 0.9352167 1.0148379 0.2853958 -0.71871966 2.0212126 0.72036225 -0.83846337 -0.5944327 -1.6292645 -0.6746172 0.37329486 -2.1198087 -0.10783901 0.365818 1.5160567 0.08597446 1.1509137 1.6872908 -1.4063486 0.44730264 -2.1914062 1.6942863 0.45766547 0.2963298 -0.41879722 -1.0952922 -1.1127782 -0.035493724 1.7851424 1.9406428 0.69828844 -0.85232854 0.91492575 -1.1996481 0.8421708 -0.35500845 -0.59234434 -2.2293632 -0.8069771 -0.30664536 0.9580701 1.5865564 -0.39455456 1.6913526 -1.2206862 0.0066399607 -2.4844685 -1.3030169 0.8348347 0.09721806 -0.5609541 0.19675212 -0.8275216 0.7368013 0.7795229 0.28340635 2.8431377 1.3473077 1.4727813 0.13573368 0.24407315 -1.2498083 -0.58161175 0.89611065 -2.0500426 -0.38229766 2.2274303 0.38554198 -0.27706262 -0.21880265 0.07692839 -0.20092885 3.2268062 1.9004209 -2.1055605 1.999651 0.59635323 -1.3888866 0.7305378 -1.5994165 0.25745723 2.125269 0.49929345 -1.0117397 -0.55033475 -1.3358158 -0.37521508 -1.0340743 -0.28463465 0.14126381 -0.013287501 -0.4637512 1.2347834 2.188868 0.07028673 1.0117569 -0.47430572 2.808063 0.59040207 -0.0035480857 -0.9259469 2.0751817 -0.32667777 0.8980666 1.0905164 -1.8931657 -0.23222467 -0.93857974 -0.50545955 -0.7975317 -0.025993878 -1.0506142 -0.29675967 0.7472843 0.50748724 1.8756605 0.35177895 -0.47034907 -0.478633 0.82332766 0.48637015 0.9464551 -1.714062 -0.10656422 0.12101035 1.051063 0.7320946 -3.2000918 0.8634939 -1.2272936 1.1963353 -0.74414563 -0.35250747 -1.8010365 0.5404013 -0.40483597 -1.2807585 0.16793433 -0.054454792 -0.29616988 -0.22260644 1.564468 0.7194957 -0.69150156 1.4755893 0.94824386 -0.83369225 -0.929775 0.011459765 -0.89966875 -1.2937297 -1.1070846 -0.104874246 -0.047333326 -1.9686415 0.16971028 -0.645154 1.4464959 -0.54285485 0.81510454 -1.2538354 0.03402849 0.9345739 -1.3496816 -2.2557065 -0.046369 1.4625233 -0.13338406 1.720893 0.60839653 0.66742325 1.1785692 0.14146118 -0.59958124 -1.5604888 0.22330715 -1.9268066 0.82185733 0.051355865 1.8592004 -0.8642069 -2.0364869 1.6245372 0.33894944 2.0646005 -0.6262605 0.07086654 -0.5704497 1.4551132 0.57713234 -1.3254739 -0.36950344 -0.360231 0.8127126 -1.5997111 1.1857694 -0.0021101125 1.1910032 -0.08643359 0.2765496 0.40551072 0.4046978 -0.8089547 0.25294998 -1.4992188 -1.1556249 0.29049554 -1.1213686 -0.27141783 -1.871971 -0.14744602 -0.5411918 2.5637565 0.265561 2.0084703 1.0227522 -0.77524066 1.308647 -0.52583814 0.17345704 0.659715 0.48594275 0.8936099 0.37739348 2.4143982 -0.30311477 0.77809465 -1.4590812 0.78946656 -0.6093209 -1.1481907 -0.0787151 -0.79981554 -0.33918056 0.91591245 0.3590885 -1.5677686 0.44769818 -0.8466926 0.18785603 1.125479
raisin -0.14119217 0.040438473 0.7072554 -1.3539062 1.1082996 -0.44556704 -2.865197 2.1585848 1.0799104 -1.2651122 -0.9348421 -1.7606297 0.852271 -0.3093798 -0.48687276 0.51152897 0.949337 -0.61344975 -1.342718 0.57020074 -0.66565096 -1.2333572 -1.4923015 -0.31374848 -1.120536 -1.0406668 1.899722 -1.9218723 -0.7161428 -1.679049 0.18419288 1.2577523 1.1943067 0.47079843 -0.3474093 2.7344093 0.69548327 -0.35850158 0.4459592 -1.7346606 0.5733731 1.4863256 2.5637298 0.87562746 -0.85710496 0.875693 -0.50057477 1.6675165 -0.9902393 0.16808759 3.8784254 0.6335473 2.9357917 2.054091 0.6177808 -0.51318324 0.39332885 0.37315643 0.6411083 2.607388 -0.31400186 2.8978202 1.5071924 -1.1697154 0.4101851 -0.2126677 -2.107545 1.1088991 2.245398 -1.2197753 -2.0995963 -1.2856282 -1.417002 1.8360567 -0.49407458 0.6259784 -2.3149707 1.3840408 1.7889017 -1.20752 0.8483099 0.51921266 2.6970892 0.94913006 1.0081578 -1.3991143 0.7689906 -0.68723345 1.7258438 0.9936173 0.51399946 0.39896044 0.8255213 2.468804 2.4256709 -0.850953 -1.0553845 0.37328497 0.8205738 0.28671262 -1.6746963 -0.09025398 -0.30165228 -1.0870428 -1.5965958 0.56890184 1.0620062 -0.3070444 -2.5139737 1.0751612 0.056919463 -0.8617393 0.31725734 0.6388281 -1.2627143 1.1236188 1.6401486 -0.50082403 1.1479545 -1.6020972 1.8324156 0.41220978 -0.54781896 -0.15043326 0.548804 1.0214717 -0.020718692 0.001101756 0.6098202 0.6834235 2.087453 -0.102677934 0.9880466 1.6798326 -0.10557265 -0.596878 0.27182117 -0.32301366 -0.58395594 -1.3087256 0.43814376 -0.5023896 0.3458925 -1.3788795 -0.052931547 -1.7794834 -1.3113539 -1.5465912 1.1968843 2.035487 -0.90108585 1.101146 -0.46363682 0.2666417 -3.0894787 0.4736175 1.039058 -0.13597804 -0.2995886 0.5960416 5.050213 -1.4922118 2.2656922 0.8335673 0.41272324 1.5560726 -0.44581512 -2.290155 -2.1854265 0.37994757 -1.7205529 -1.4608029 -1.1047686 0.18876511 0.30629483 0.40238813 0.818576 0.19598162 0.5130033 1.4165105 -2.0237727 -0.122648895 -0.7900305 -1.1632239 -0.25497887 0.17093194 -1.5985931 1.1921484 -0.2046268 1.2377561 -0.12728001 -0.493278 -2.534335 0.40322974 1.2033951 -1.2152656 1.695554 -0.04764074 -1.791251 0.19697508 -0.20573409 1.276352 0.8756524 -1.4243556 1.2350165 0.1405699 1.1903484 -1.6666371 -2.8536136 -1.202434 0.022473548 1.1289548 -0.7182567 -0.612582 2.424731 -2.0979755 -0.8566686 -0.5182194 -1.4416301 -1.1385814 2.0674903 -1.0813017 -0.65134376 -2.2505453 -0.6611748 -0.2537315 -0.91822726 2.6572547 -0.111214176 -0.6898883 0.85826415 -1.5096452 0.086445965 0.2129437 -1.1662399 -0.32091793 0.50292647 -1.1666397 2.268754 1.3439242 1.424467 -0.29403004 0.8619809 -1.6406995 -0.9205406 -0.30575588 0.3062799 -0.13742678 -0.14035146 -1.4588028 -0.6981115 -0.2541438 -0.2765573 -0.063884 0.37504733 -1.1210248 1.1510282 1.4050962 -0.8583376 1.2821282 1.702939 1.7775764 2.193018 -0.62177026 -0.35092244 0.69347644 1.5724707 -0.73341066 -0.32334858 -1.5691656 2.1372883 -2.4300427 1.729827 0.94074523 -1.4162463 -2.4301507 -0.8360471 -1.0950322 0.25668445 0.7839539 -0.16643801 -1.7297089 0.009793511 -0.19284347 0.3915352 -0.34564847 1.9124064 -1.1180481 0.18697436 -1.4962939 0.45229423 -2.9219406 0.07908202 1.2090814 -0.91765475 -2.3854406 2.14767 0.41648236 1.220986 2.7555304
cardboard 0.13914156 1.5936446 1.6133779 -0.07580626 -0.046459377 0.52095187 0.585019 0.5205188 0.7229778 -1.6358134 1.435753 0.25132343 1.0912987 -0.7906403 -2.5890858 -1.2602097 3.387978 0.051326405 -0.38032898 -0.39263433 -0.018374922 -0.78732526 0.80186373 -0.084523775 2.1479685 -2.161813 -3.8386605 0.22138797 -2.617428 -2.357492 0.14922957 -1.9387597 0.025142442 -1.3451772 -0.81565523 0.7931951 0.39224353 -1.1688339 -0.55974567 1.0847771 -0.21949512 1.2971442 -0.8128221 -3.1180117 -1.4061126 -1.8397613 -2.4068458 2.7077796 -0.36257595 1.0060878 1.0729837 -1.063284 0.38422427 -1.8326181 -0.65353715 -0.25103495 0.44106525 0.88857466 -2.181253 -0.948526 -0.86837107 0.4232949 1.0364715 -0.9595384 -0.68319416 0.99005044 -1.7909533 0.36768886 1.7717804 0.1340203 -1.5419546 -1.3200861 0.41969082 1.5441433 -0.08169444 -0.099706866 1.05006 -0.18326204 -0.23938839 -1.8028854 -0.9005215 2.5998375 0.5025541 0.21441211 -1.5203235 0.26042315 -0.72655773 1.5151861 -0.055117477 0.83084536 -1.0640101 -0.2336599 -0.22414249 2.0870051 2.1889482 -0.14671174 -1.1790025 0.34010503 -1.319835 1.1812279 -0.6133693 -1.041145 0.051478595 2.0181513 -0.5877183 0.051046234 1.1122335 1.1523751 -0.8962773 1.7545469 -0.15416771 -1.9654212 0.44723523 -0.29657137 -0.92833644 0.72360927 1.1524615 -0.34420633 0.55738735 0.32796046 -1.0338911 -0.88141483 1.1566393 -0.055993836 -1.1707599 0.56927234 -0.35094586 1.0525824 -0.47886282 1.020634 -0.1288047 -0.66779774 -1.768525 0.226647 0.31031752 -0.7178269 1.3067725 -0.92438704 -0.6399234 -0.6463543 -0.036210902 -1.528642 -0.9485148 1.0340579 0.14625354 -3.101497 -0.93180656 0.44480848 -0.27862403 0.55566895 0.22403274 1.6228045 1.7118849 -0.5015877 0.40969127 0.8029867 1.4486923 0.06460586 -0.6993906 -0.452626 0.7240832 -0.9067613 -0.35195386 -0.87042075 -0.150321 2.0399806 0.15348631 -1.1222138 0.57141256 -2.1886463 -1.6675557 1.0357913 1.0201247 0.68670654 0.3961679 -0.102938086 1.1154549 -1.4825097 -0.57106256 0.37926787 -0.97014904 -0.042637084 1.7343541 0.022276068 -1.2030417 1.459036 -1.2726437 1.0303129 -0.56790555 0.2811079 -0.8974575 -0.42762476 1.6439666 0.686107 2.1583939 0.13647427 1.3419635 -0.5707972 -0.680215 -0.648495 2.2674625 0.9495977 -1.3088893 0.05352582 -0.12107798 1.7070693 0.9072706 0.10314974 0.5817485 -1.0011748 0.34797284 1.2804248 2.1816103 0.22289355 -0.08073461 1.9248052 0.963113 1.6825097 0.2772028 -0.8776285 0.60179406 -0.44863045 1.7958112 -0.39299017 0.54073465 -1.7147353 0.7209284 0.7743809 1.2663115 0.1764252 2.1610765 -0.35306486 0.9704898 -0.45415792 0.7188214 0.7384914 0.97141075 -1.0582165 1.4193416 0.84765285 -0.0015776663 1.7915663 1.8160212 -0.41448063 2.3443303 -2.6476693 -0.6173774 -0.26376164 1.1107256 -1.0588472 -0.15766858 -1.4689504 -0.68132067 -1.0497417 1.4204139 -2.0937972 -1.0310342 -0.82730037 0.10903896 -2.071701 1.0241588 -0.7166746 -0.5968862 0.04165637 -1.917006 0.991094 1.4743662 -0.7420073 -2.664126 -0.30544227 1.391943 -0.2437896 -0.25334936 0.49677607 -0.037595104 -0.60215056 -1.3975884 1.6394817 -1.8090858 0.22616674 0.5907967 -0.8473212 -2.4954815 1.7326839 -0.15406543 1.0407729 -2.52353 -0.0472911 -1.0436968 -0.869752 2.4110074 -0.319791 -1.0608855 0.034969624 -0.31757554 -1.2645472 0.92522943 -1.1095142 0.59439236 0.64593554
syrup -0.27478698 -1.4606233 2.0019724 0.122175485 2.1863768 0.0262474 -1.7599175 0.063660584 2.2014642 -1.0204879 0.020241473 -1.2390641 2.3222785 -0.021959623 -3.3261738 -0.38856012 2.1467311 0.27991298 -1.3421223 0.5296927 -0.45527604 -2.8391151 0.54611045 -0.37134042 -0.99721587 -0.49184808 0.47057134 2.18719 -1.6390091 -0.9643666 1.095702 1.0556216 0.34375206 -1.2728949 -1.753772 2.087925 -0.31463546 -1.0951962 -0.620797 0.12532611 1.6584193 0.43525895 -1.6316693 -0.16219257 -0.097455435 -1.1147918 -2.262499 0.67091066 1.3654294 -0.90985507 1.345763 -0.15995157 0.8849017 -0.31757772 -0.72016776 0.41112208 0.60481596 -0.028127667 -0.42584687 -0.66864514 -0.14639059 0.13093086 2.0255637 0.118148856 1.6261919 0.23606206 -2.2816865 0.64104486 -1.0041122 -0.49324656 -2.6232321 -1.4519145 -0.45542926 -1.3121531 1.1403232 -1.0294615 -0.6677624 -1.167004 1.2489079 -2.0292346 0.27520803 2.454822 1.4106028 -1.5032799 1.4777284 0.8632653 0.5597012 0.13110945 1.8661065 -1.5684987 -1.3048614 -0.868465 0.53251696 2.1225939 1.6568061 -0.47140223 0.6556704 0.39650622 -0.87367624 1.7759434 -1.2020935 1.0341278 -0.91514385 -0.89829576 0.23017329 -0.5776704 0.27611563 0.86454874 -1.1693243 0.832457 -0.17788652 -2.1121936 -1.6553512 1.2796468 0.47430515 -0.9168403 0.8907513 -0.6402022 1.5098717 -0.82625926 -0.62818104 -2.056622 1.0523025 -0.84517735 0.6138358 1.0566887 0.66537505 0.22665386 -0.06990216 -0.38755554 -0.24254386 0.6922211 2.0424194 0.119272694 0.41654396 -0.18893507 -0.34974766 -1.9743814 -0.29107374 -1.0790645 -0.96004856 -0.27720568 -1.082903 0.97068167 -0.08897906 -0.2434818 -0.22997461 -0.60135335 0.023412572 1.8647671 -1.1586398 0.98240846 -0.9189951 2.0858068 0.524689 -0.14411317 0.3089708 -1.1368926 0.69963115 -0.42929596 0.77377474 -0.93858993 0.90848744 0.6434605 1.2721245 -0.1589507 -0.59134686 0.200075 0.99067014 -0.39341354 -1.1216747 -0.14365584 -0.38696957 0.5931642 0.7078782 -0.44587305 1.159907 0.24613695 -0.87864393 -0.17475829 0.7525619 -0.38070807 2.1506038 0.31300718 -0.46360126 -0.5768426 0.3782885 1.1487646 -0.9404747 0.20242755 -0.7421744 2.407094 -2.1200442 -0.4854266 0.8059479 0.02179472 0.19370589 0.61539483 -0.046896733 -0.28921056 0.13155478 0.5698502 0.5613953 0.94609785 0.16101198 -0.12951484 -1.8333346 -0.93537605 0.12059949 -0.88519824 0.8327562 1.2044338 -0.6109567 -0.30802113 0.22543712 -0.6131985 -1.2475003 0.21423133 1.0433178 -1.9253078 0.6964644 0.6383439 -0.4405667 -1.221914 -1.6299049 -3.5760965 1.4878002 -0.79364794 0.4387131 -0.7523759 0.3803631 1.6457793 -0.3429124 0.3302053 -1.215117 0.3277312 0.2301489 0.96965486 -0.24080126 2.343178 0.26418674 2.6817102 -0.88352877 -0.62755734 0.9790549 -1.4397532 -2.189388 -0.7326352 0.740174 -0.19910142 0.62226874 -0.2154567 -0.46938092 -0.82847464 1.5825074 0.107846916 1.2126884 0.25849265 0.17696026 1.2955257 1.1954753 -2.14334 0.119925335 -0.8070486 -1.4010421 -0.2472149 0.77779984 1.561015 -0.4688592 -0.6150398 -1.429934 -0.45535246 -0.12878199 0.44617495 -1.761425 -1.7573926 1.8163466 -0.39665058 1.4786799 0.6325891 1.2187256 0.84947264 0.75221616 0.20791651 -1.3108463 -1.4471828 -0.31011796 -0.37511554 0.52007914 0.46594527 -0.6253373 -1.0247835 1.9910659 -1.0859666 0.25929052 -2.0478964 -0.8460721 0.89305705 1.9058452 0.5125683
mothball -0.9006195 0.77475053 -1.3139173 1.4200106 0.20862538 -0.591655 0.70559365 -0.86205655 -1.9293343 -0.90155655 0.23654446 -0.3374386 -0.97846437 -2.1309662 -0.9911088 0.46025258 0.08383289 -0.4559053 -0.36438447 -1.3899469 -1.5956029 -1.1297313 0.22749542 0.27474827 -0.41859534 -0.6539027 -0.6219886 1.6287656 -1.4715738 -1.1364383 0.44360986 -0.97494864 0.1450461 -0.26736102 -0.9195745 -0.14165702 0.7991768 -0.17260548 0.13023432 -0.49767017 0.623066 -1.0967996 -0.1505986 -0.44868195 -0.889633 -0.25666472 -1.2043421 0.54349273 -1.5344052 1.8777524 0.8785605 -0.23301914 0.8609497 0.7397865 0.41650686 -1.181088 0.48107967 0.7588892 1.070948 0.8228528 0.9640166 -1.2565483 0.33868623 1.6021457 0.43421265 1.7293191 1.2442201 -0.1389593 1.350753 0.2598624 0.5489871 -1.9974402 0.5102139 1.1261145 -0.5143755 -0.1115371 1.3096259 1.2659737 0.47651133 0.19685583 -0.07310126 1.1701889 0.14204276 0.20517497 1.6566964 -0.25164956 -0.95364976 1.3446996 0.16538514 -0.4614268 -1.415986 -0.7164289 -0.88676447 0.1918865 1.482611 0.037274834 -0.24392343 -0.29202542 0.37833777 0.2863728 0.3064774 -0.3688579 0.012684388 1.0686842 -1.1981677 -0.10651417 1.0761954 1.1566257 -1.4668539 -0.6149936 0.5199859 0.39832923 1.9629058 1.3217993 -0.5601575 2.3101773 0.18622832 -0.39489406 0.57941973 -1.0193862 0.28559688 -1.9239688 -1.2444915 0.5898471 -0.22227259 0.65577805 -0.02851278 1.4488008 0.7467699 0.21987642 -0.70218915 0.6376285 1.9744598 -1.1746035 1.2505662 -0.33922225 0.7786234 -1.7901567 -0.4438699 -1.1300294 -0.75675774 -1.435013 1.0973613 -0.061576333 0.5772985 -0.009482813 -1.255593 -0.73643476 -0.025392305 -0.07806367 -0.4622105 2.2582939 -0.09901222 0.12261524 0.39435577 -1.8452653 1.4738982 -0.3166329 -0.5976178 0.37974456 1.0591317 0.13795649 0.438454 -0.073899396 -0.8912055 2.1868045 -1.2570035 -0.1564533 -0.20669043 -0.8365714 0.27052724 1.5196471 1.1085052 1.7438086 0.32335314 0.36449245 0.18068016 -0.587534 0.720171 1.149761 0.5421344 2.0159416 -0.12525466 -0.17106214 0.42203784 -2.236373 -1.9344583 -1.6355205 -0.2812354 0.49419898 1.6571126 -0.75622517 -0.6199914 1.7680575 0.9280142 -0.45526215 0.27831084 0.7141593 -0.7671766 -1.3740542 1.4932134 -0.84421134 -1.5712353 0.99103236 1.9990293 1.7058458 -0.36181074 0.45909524 0.0609609 -1.2763588 -0.23071975 0.45586848 0.48594362 -1.6345627 -0.6624269 0.82910025 0.40986446 -0.065282 -0.0407671 0.28145328 -2.2075446 0.9707226 0.50340843 1.016108 -0.071913876 -1.704405 -0.24035026 -0.550204 1.1623756 0.045592193 1.0284654 -0.14894947 -0.501235 -0.6166939 -0.27705848 -0.8135848 -0.5481314 -0.22412448 -1.1164666 -0.99969023 -1.2185286 1.0912912 -0.045570634 0.5517975 1.0258636 -0.9750223 0.7710613 0.5690823 0.55748844 1.8955669 1.4462049 0.098399855 1.2218682 -1.3526981 1.411866 0.96032065 0.033916287 0.41359836 0.7200631 0.5612746 0.073274665 0.6056658 1.7692208 0.98864424 -3.1689665 -0.07171157 -0.4040572 -1.566614 0.42962036 0.76167953 0.2434199 0.16276425 0.036084477 -0.12786795 -0.9341848 -0.8390267 0.4530131 2.8171673 -1.2742262 0.53547263 0.97185093 -2.4601784 -1.3533996 1.7371498 -1.6590462 -0.39349335 -1.4610869 0.029826045 0.4960654 0.573765 0.33387357 1.5705317 -0.8588661 -0.70578533 0.24287744 2.6301448 0.5082294 -2.1746933 0.7801892 -1.4231443
anise -0.1549089 -1.425751 2.422139 2.576506 1.62461 -2.2074928 -0.66855156 -0.9875468 1.2992471 0.2862134 0.1798999 -1.2336458 3.0111055 2.6073532 0.46123964 0.27735183 0.39037892 -1.7705272 1.1764151 0.13931565 -0.3217457 -2.2665913 0.14366186 3.3221054 -0.74136055 -0.052987598 -2.1077518 -0.37925088 -0.1539895 -2.4383972 1.9310445 -0.73256236 1.0428468 -0.7514271 -0.53138506 0.3506876 0.100215934 -0.8875917 0.108713396 0.0039962674 1.0365056 3.0315769 0.6092737 -2.8173614 1.3875433 0.54585916 -0.47735587 1.4596627 -1.826723 0.30043283 0.26233986 -1.0900297 -0.78649193 -0.41217497 0.5475825 0.5709547 -0.17077927 0.08929633 -0.8902187 0.75020623 0.81247 0.1724688 1.7809501 0.0994279 2.338387 -0.718276 -1.373684 0.40220964 0.33714327 0.7164522 -1.5842912 -1.5119351 0.52309144 -0.757274 -0.60962373 0.54847777 1.6296188 -0.016727563 -1.3995057 0.9083447 0.6515092 1.4248422 0.26519763 -1.0207628 0.008155946 -0.980192 1.9260141 -0.18733817 1.637613 -0.5201653 -0.9203127 -0.10496006 0.73662424 0.6490536 0.3809533 0.16104738 0.054561377 -1.3031777 0.5165813 1.7152249 0.20249927 0.61397505 -0.5354487 -0.5495085 -2.129317 -0.23787135 0.620443 0.49633 -0.9036511 0.75626796 -0.9880497 -0.9367538 -0.26597008 0.69742346 -0.0022101165 2.6110237 2.2858315 1.0150733 -0.44685924 -0.9395402 -0.64440036 0.7853912 0.83308035 -1.2022135 -0.28384164 0.80671555 -0.8767606 1.1050063 0.45675987 1.3343141 2.3719826 1.1268464 0.008142699 0.2594368 1.0759832 -0.2589031 -2.8742661 -0.49987566 -0.9890005 -2.3397236 0.124529704 0.070602186 -0.25621447 0.07925015 0.72964203 -0.34280312 -1.2612545 0.33309594 0.08399304 0.63937825 0.39727202 -0.65860105 -1.5671937 1.253579 0.28488702 0.17147245 0.96009636 -1.2092732 -0.35649717 -0.3934628 3.0068064 0.5657716 -0.12465229 0.07110817 -1.167753 1.8585538 -1.1053137 -0.6623483 0.73707545 -1.3261921 -1.7998374 -0.897924 -0.34954938 0.7528717 -1.2518287 0.52487963 0.858418 0.27522323 0.32339424 1.9953985 0.34326655 -1.4170988 -0.43366322 0.26062593 -0.33018753 0.9675463 -1.1406229 0.30812478 -2.4604952 0.058051065 0.37195793 0.5247454 -2.1746354 0.6811515 1.5409515 -0.93499494 2.0461628 -0.8787249 -1.7423437 0.39454812 -0.8113187 0.27210528 -1.7801485 1.0545087 -1.5283608 -1.635227 -0.3467673 1.3338889 0.06156184 0.1892381 -0.42487562 0.3654314 0.6811174 0.78052753 0.8064127 -1.0788951 1.0373244 -0.3356231 -0.81226784 -0.41750386 1.4077532 0.024582693 -1.2184566 -2.7847633 -0.99493736 -0.36050752 -0.43656135 1.0421113 0.54937977 0.5752168 0.9719251 0.43452573 -0.78005606 -0.38152376 -0.43428499 0.1919932 0.9015481 -0.8947646 1.3337661 0.3664556 -0.7869416 0.8476493 0.22661246 -0.02022484 0.93344223 0.39707473 -1.435843 0.30755526 -0.8159796 0.617231 1.3705252 -0.6273995 0.45387018 -1.0945622 0.92479134 1.1022357 -0.34578234 0.49041647 -1.0074836 -1.6508605 0.45336705 -1.5752139 0.87365395 -1.45568 -2.3194942 0.23810102 -0.9547795 1.2924298 0.26825765 -0.37558398 -0.3337352 0.8125131 -0.4692688 0.06999341 -1.4222261 -1.7442744 0.31525776 -1.1458784 0.1891534 0.4295746 1.2044368 0.5775754 0.14717816 0.19472581 -0.92814326 -0.5696662 -0.9114889 -0.84480715 -2.0260997 -2.241943 0.916228 -3.8950775 -0.3967278 1.4893861 -0.35370612 -1.9558423 1.5954689 0.07306842 -0.16842006 0.70295024
varnish 0.103096195 -0.04753566 1.2264993 0.6208798 0.14285846 0.06673473 -0.7664358 -0.050569087 -0.9931465 0.4624339 1.5506657 -0.7064267 0.9993047 0.2696361 -0.7809368 -1.1967423 -0.9356756 -0.9359328 0.16997132 -0.44933203 1.3503555 -0.20307179 0.6749046 2.9965723 1.0812408 -1.7147883 0.7417299 0.72233516 -1.3831708 0.023751142 -0.85644126 -3.1491432 0.80911064 0.25139576 1.0190326 0.6663725 0.48166505 0.88408685 0.8554389 -0.60232466 2.5532076 0.7358683 -1.2993498 0.0778604 1.2724018 -0.21930684 -0.41383666 -0.6075894 -0.99932814 -1.0308836 1.4176983 1.6978498 0.5237087 0.40488383 -0.016379755 0.2080077 0.7001927 -0.8669019 1.045697 1.364928 0.95492584 -0.9957734 1.6105405 0.39323604 0.78376436 0.9163665 -2.3207304 2.1951911 0.6491281 -0.21347834 -1.0820326 -1.8218126 -1.0626963 0.4867039 -0.43635637 -0.8779776 -0.9630047 -0.9108382 0.23408255 -1.9709496 2.104237 -0.8442589 -1.1823411 -1.4950478 -0.10387707 -1.0044495 -2.1691694 0.038523797 0.8290624 -0.68836373 0.24698071 -0.39783335 -1.0182536 1.123929 1.3905059 -1.6241837 -1.4505403 -0.09686175 -1.4364624 0.5297936 0.93286884 -0.034594763 0.965609 0.08189122 0.020933382 -2.8402553 1.7700205 -0.32831675 -4.1776977 -0.63941884 1.7709304 0.34067303 -1.5951663 0.8255534 0.10173012 2.1922472 0.7394042 -0.4223046 1.4307226 -2.1692617 0.19962148 -0.84837174 -1.8730896 0.89310646 0.672429 0.42660785 -0.4665616 0.9973167 0.28634655 0.36592343 -0.0753469 1.765481 -0.49253872 0.52466613 -0.028013138 0.43722707 -0.035906494 -0.031698838 -1.6385088 -1.1370713 -0.65110236 -0.06200193 -0.90520406 -0.796151 0.5169788 -0.57604045 -1.2002656 -1.5601889 1.1478697 2.7981732 0.11019407 -0.5498591 -2.062179 2.5712035 0.5478536 -1.0325353 1.8169075 0.97967625 -0.4515523 -0.51053345 1.7446702 0.082831986 -2.2883582 0.05036384 -0.26571545 0.9875694 0.65194887 -1.6412426 1.2261564 -1.1856397 -1.2738955 0.8314714 0.378371 1.1147317 -0.97456664 1.8883115 -0.39802578 1.2735317 0.6290112 -1.0493513 -1.2158395 1.1265824 1.4262052 0.24226339 0.7782834 0.018306853 -0.5551248 0.5643957 -0.14148168 1.6287582 -0.013734697 1.2121543 -0.5261479 0.6774158 -0.25614098 0.42341217 0.8366494 0.06324908 1.0503927 -1.9535003 1.5665206 -0.5836354 -2.2343082 0.8116597 0.17767464 1.1722004 -0.615271 -1.389849 -0.33727816 -0.61133987 -0.07697122 -0.60624176 -0.9034655 0.58730775 -0.29607144 -1.4089917 1.7810786 0.5369119 1.0495852 -1.4346318 1.0283018 0.5626436 0.8067966 0.93835473 2.1161163 -1.4413753 -0.61817193 0.860591 0.11735242 0.053987324 -0.7175097 0.21668543 0.23360832 -0.6790992 -1.5711694 -0.0011729307 -2.1334226 2.0333686 1.0984671 -0.2489647 -0.54970974 -0.8054142 -1.6960802 -0.06276423 -0.4401802 -0.5242634 -1.0697263 1.5405146 0.96217316 -1.9046406 1.3429381 0.2941082 -0.9178432 -1.281972 1.3205197 0.5499187 1.882042 0.56704295 0.7691408 -0.5130351 2.1447814 0.47099206 0.62263536 -1.8210795 -2.0603025 0.6579017 1.1186866 -0.79214555 -2.736711 1.4035084 0.027221935 -0.13956304 1.2740697 1.6771419 3.012405 -0.27191725 1.4290235 2.9984336 -0.7627076 -0.5427014 2.325924 -1.0442958 -1.5711738 2.0797474 -1.1062279 0.38209713 -1.9004186 1.9770341 -0.32940334 0.28171974 1.2005733 1.1006023 1.8051854 0.18461718 -0.7241845 -1.1494697 -0.9085122 -0.49342445 0.9058317 0.43089566
walnut 0.10503125 -0.3593082 1.990285 0.9322735 -0.16845976 -0.036302213 -0.63239723 1.2896854 0.2911279 -0.494526 -1.257256 -1.8026929 0.5860923 -0.76110905 -0.37717864 1.3758537 -0.019526502 -1.0147871 1.7280631 -0.49932644 -0.3382303 0.79285353 -0.56495273 -1.9937415 -0.31152523 0.66016525 -1.3118107 0.8336162 0.11656397 0.024902647 2.4596298 -2.040698 0.12558508 0.77276284 0.5315258 1.0970218 -0.1097873 -1.0043594 -0.74311703 0.13785578 0.16196227 1.99521 0.7256292 -0.8843854 1.6186522 -1.75264 -0.86157596 1.3062391 -0.08477957 -1.2031877 2.859697 0.5674161 1.8101745 0.8514162 1.4535363 -1.036045 -0.55953306 0.0026071302 -0.08952019 1.7111124 -0.9603361 0.008904771 0.10389768 -0.72609866 1.6953039 -0.8329542 -0.16159303 1.5784389 0.098430485 -2.3680484 -1.5384274 0.678745 1.9419543 -0.24090423 -1.7449738 0.43725207 0.13821106 0.12560914 -0.41767302 -1.2157514 2.9968514 0.8567527 0.14784539 -0.28488675 -0.7631961 -0.5544088 1.109839 0.8624983 2.9241405 0.53558147 0.5205558 0.044668294 0.8486099 2.6221564 1.3721476 0.25033486 1.2418823 -0.6316602 -0.46603116 2.156573 -0.07900834 2.064566 -0.28560874 0.95773363 0.40089414 -0.6170984 0.102053635 -0.078350246 -1.799361 0.05293018 -1.3788275 -0.6355055 -1.9016143 0.6689127 0.5485691 1.7211995 0.5419178 1.1363661 -0.28867516 -0.32989573 -0.29024386 1.9448977 2.373834 -1.1910496 -0.74391824 -1.0398961 0.39603248 0.058001846 2.0243738 -1.0923984 1.88646 0.57878876 -0.19933003 0.8574492 0.7387765 0.001341021 0.42773047 -1.0338107 -0.23143111 0.012214798 -1.3302846 -1.1640414 0.82246023 0.11278854 0.13988996 0.25797617 -0.58260673 -0.6442769 0.20645972 -0.35270044 0.42521462 1.6930391 -0.86629206 2.8167782 -0.7335759 0.3966977 0.94419855 -1.3107938 -1.9600513 -1.9335829 1.3814906 0.5845294 1.8178191 1.5117904 -0.81703115 2.6292872 0.85189956 -2.219111 -1.3624238 -1.1766597 -2.1024895 -0.87203526 -0.87232906 1.5748996 -0.027616194 1.5450122 -0.37034923 0.44653293 0.6313212 0.62461525 0.28800246 0.42172894 0.5968842 -0.6739689 -0.6025952 0.988744 1.308015 -0.29423928 -0.5034695 -0.37324485 -0.34873593 -0.71588254 -0.33560228 0.8491589 -1.2654411 -1.3370495 1.1605245 0.19198976 -1.454035 0.98021257 1.0395068 1.2753444 -0.24044384 -0.31683886 -1.0273054 -0.14703839 0.9877208 -0.9138062 -2.0164187 -0.6634466 -1.1178468 1.4957007 -0.3351172 0.60873705 0.865466 0.23407626 -0.5007826 -0.13773693 -0.62442064 -2.2002864 2.2132187 0.20447655 -1.9770917 -2.7248764 -0.12350557 -0.27569273 1.0350627 -0.65401036 1.6702856 -0.30988428 -1.1442103 0.4676472 -0.06658831 1.1241306 -0.63643533 0.08110283 -0.44675872 1.3819977 0.073743775 0.27638698 1.3638953 1.195444 -0.4768853 -0.5506003 0.54068625 -1.7317 1.478773 0.01159283 -0.4882377 -0.9641021 1.6113024 0.050028484 1.5707014 -2.7506945 0.88953424 -0.3914542 -0.44063252 -1.3095688 -1.2403722 0.049867555 -0.3575489 -0.77336526 0.5489413 -2.515002 -1.1406872 -0.16726142 0.22734646 1.922876 -0.9397209 0.19261742 2.2957854 -0.07927178 0.53777164 0.27136713 -2.4919455 -1.3514029 -0.81531566 -0.40935677 1.1519277 -0.85337055 -0.4966507 1.3257501 -0.51192814 0.7080664 -0.9049133 -1.6156739 -0.69086903 -0.621937 -0.40473267 0.041058905 1.1023877 -2.7101383 -0.8478947 0.8572741 -0.51426864 -1.0337299 1.4067605 0.26634634 -0.85116875 0.5263433
turpentine -0.8632827 -2.1219685 0.65997404 -0.35824865 0.323636 -1.4389181 0.8414991 1.139623 0.6108022 0.9574169 0.38123122 -1.9980251 1.4695941 0.050811693 0.4040059 -0.5813457 0.10310844 -0.00838545 0.004144519 0.19110908 0.8152877 -1.2453709 -0.23701368 0.6177072 0.19349392 0.039375342 0.11817845 1.4059409 -1.7104763 -1.3226466 1.1708592 -0.86346453 1.0175811 0.120566726 -1.0414867 1.312671 -0.50366235 0.5898829 -0.5826732 -0.70691556 0.6332747 -0.729275 -0.65245676 0.9730664 0.68281025 0.2766262 -0.36946562 1.3899997 -2.242979 -1.1324915 1.1630123 0.080501415 0.8588007 -0.7370654 0.6656593 1.0960085 -0.63202375 -0.7154551 -2.1514206 0.99648505 -0.7242303 -0.03087792 1.2421402 1.9325773 1.5070575 1.1675268 -0.53882265 0.434877 -0.32295302 -1.1917859 -0.5461209 -1.4452388 -1.3599317 1.3465556 -0.17765471 -0.7251576 2.0664635 -0.12699345 0.8479978 -1.1272283 -1.5387183 -0.43508565 -2.1786 1.3021978 -2.2795236 1.3643938 0.073908 0.7152019 -0.82786924 0.5965015 -0.076258674 0.8773863 -0.30539018 -0.20831709 0.79400736 1.0389233 0.21466266 -1.2405753 -2.7994525 0.7572875 0.17754418 1.4939526 1.1888577 -1.1626997 -2.1435325 -2.9463203 0.6559731 -0.09236848 -2.4048657 0.4114629 0.9921298 0.30884522 -1.726004 -0.73757434 -0.5507594 2.5314174 0.988241 -1.1809292 -1.501352 0.0073404117 0.8377222 -0.30200472 -0.90644866 0.6624154 0.5017918 1.2413186 -0.6089496 -0.5296248 0.5613638 0.71729887 0.7293913 0.9525877 0.3911663 0.08149998 -0.09011388 -0.50493515 -0.6043064 -1.3328571 -1.3397982 -0.48963988 0.28216565 -2.579345 -1.9870417 0.66349334 0.12515515 -0.71547997 -0.094141446 -0.8627397 0.7458918 0.07780066 0.25504005 1.0905895 -0.85757124 0.5121117 0.59692913 -0.37795943 1.272314 -0.6023953 -0.7254459 -0.5906698 0.1709563 -1.5972973 0.74140185 -0.32708058 -0.6346787 0.81483155 -2.4028425 -2.0332487 0.74211764 -0.6509445 -1.6452209 1.6550709 -0.38289317 1.5422746 -0.489742 1.6749545 1.8720527 0.5062568 1.6058478 0.9273599 0.38339898 -0.96910405 1.1000803 0.52038497 1.0455378 0.8502775 -1.9212316 0.015822444 -0.62602127 1.0931004 0.79979056 1.1764421 -1.5486853 0.13331863 -0.19167922 -1.087419 0.49611515 -1.1849025 -0.17506479 0.06430669 1.648798 -0.8409068 0.19477524 -0.63029647 1.5864809 1.5443485 -1.7451594 0.15762779 -0.6513786 0.4364724 -0.19254705 -1.717867 -0.70613205 -0.3989662 -0.7164562 0.27766228 1.608592 0.14707239 -0.34000605 -1.9361271 -1.3543737 1.1029807 0.000876312 0.7979895 0.65634465 -0.04229414 0.106520094 -0.7055413 1.6670336 1.5588914 0.63078934 -0.64241076 -0.29829654 0.81181425 -0.09206101 -0.5096932 -1.982598 -1.2139838 -0.77148587 1.6195774 0.6646122 0.69464785 0.5724598 0.33284542 -0.03094234 -1.0097717 -0.3236836 1.1263565 0.46716946 -0.9032088 1.8873123 1.2967918 -0.2804384 -1.8111317 1.9859111 -1.5340576 -0.22018419 0.6291196 1.4679636 0.62093264 -0.7887578 -1.7557391 0.30292562 -2.2652154 -0.094498225 0.13415557 0.12419487 0.55985785 -0.9559472 2.0782895 0.0801643 -0.33461085 -0.66465586 0.88507926 1.4472221 0.7822613 0.34636906 2.295825 -0.9376596 1.1628327 0.432423 0.04708154 -0.3527167 -0.05854656 -1.6297197 0.30847463 0.07110388 0.45290756 0.34969684 -2.29022 0.5559549 -0.75985557 0.87924796 -0.18634292 0.334472 -0.3360084 0.54073626 2.2172825 -0.66440314 1.2526631
birch -0.56236625 -0.06521427 1.4051267 0.21436414 -1.0405539 -0.1013464 0.232326 1.4560192 -1.141006 -1.0789084 -0.13017844 -0.7349415 1.6458974 2.691475 -0.25701767 1.3941017 0.78843564 -1.2948445 -0.64123046 2.8107748 -0.90538555 -1.7551528 0.6304659 -0.6201924 -1.0030171 -0.8583528 0.3645996 0.072018206 -0.94677216 2.6662273 0.3915844 -0.5225916 1.6855465 -0.19647054 -0.9931059 1.1745923 -0.65213495 -2.033418 -0.29434034 0.7383777 -1.0467905 0.061064184 -0.1840783 0.33282685 -0.22840671 1.0427368 -0.47522697 -1.2189869 0.19881345 0.55919766 0.33271274 -0.4218772 -0.32820016 -0.49220568 -0.71160954 -0.148088 -1.5941155 1.0648512 -0.47222063 0.29293522 -0.952677 1.9739473 0.515578 1.2556288 0.85016483 -0.47118583 -0.8606769 0.06019386 0.32848814 -0.2379641 -1.2886302 0.65295726 -0.5424512 1.1536362 -0.25350887 0.88638026 -0.8089308 -0.4405327 -0.8781011 -2.0082922 1.2707698 0.046246435 1.0812835 0.21569657 0.1065117 0.81673425 0.7890636 0.99217296 -0.7417906 0.32303476 -0.35703585 0.68839735 -0.8893707 1.8246084 0.59552187 0.14116472 -0.5504909 0.15458111 2.872534 -0.74607587 0.75955963 -0.7532866 0.00640137 -0.6117038 0.15821086 -1.4909018 1.2188433 -0.3597489 0.1339565 -0.8502632 -0.25499222 -0.033261962 0.0963564 -0.29521886 -0.644635 1.13629 0.7938543 1.075738 0.57975894 0.07599229 0.35546187 0.16137321 0.7197146 -1.532647 -0.53420687 -0.51737905 1.4489822 0.8327875 -1.2489988 0.9190014 2.1021554 1.5101122 -0.8051724 0.24730438 0.51260364 1.0517671 -0.45012966 -0.72603965 0.06599997 2.222338 0.7343741 -1.4112724 -0.635533 -0.8999333 -0.06265421 -0.28983957 0.5976222 0.47433838 -0.9509811 0.97094244 0.3774411 1.1655195 1.9062706 1.8137351 -0.05111981 -1.1936878 -0.33813265 2.2295942 0.31829304 0.4238199 2.453924 0.84323025 0.9166597 -0.070603184 2.8404198 2.5333729 -0.51188105 -1.5594883 0.4634212 -1.8404129 -0.9382577 0.7786489 -0.19962163 1.0666159 1.2696524 1.5443958 0.54148257 -0.6195537 2.373864 1.2591473 0.78724015 -0.59961605 0.686126 0.31550527 -0.15245114 0.14680961 -0.3130101 -0.15023386 -0.31268787 1.3120208 -0.031068726 0.6911313 -0.099119924 -1.3031044 1.5940719 -1.522646 1.0213561 -1.6253377 0.15313646 -0.17017983 1.5004066 -0.069263265 -1.4972949 0.06398169 -1.3445245 -0.37106386 -1.7045777 -2.3659778 -0.79889643 -0.3571068 -0.5828379 -0.5195639 1.5808041 -0.43111652 -0.96983033 1.3080686 0.46489885 1.499291 1.4319544 0.20861915 0.57490677 -0.45303333 0.9706955 -1.861047 0.23469426 -2.8076873 1.0562508 -0.6106552 0.45971876 0.9423169 1.3843526 -0.36168855 2.5231466 0.19254422 0.67867136 0.31746593 0.56649363 -0.36156642 -0.4849775 -0.348849 -1.6965472 1.0911334 -1.1077676 1.275431 -0.53953147 -0.5424569 0.14841846 -0.19814269 -0.31407285 -1.8131907 0.78936857 -0.08165178 1.1491412 -0.3670269 -0.8552552 -1.4187437 -0.93565303 -0.27450547 -2.3756614 -0.30528426 -0.716415 -0.08048383 1.5157645 0.00566797 -2.0394473 0.5409285 -0.6090895 0.6975665 -1.3673989 -0.46894574 -0.33472618 -0.45074823 0.31486928 -0.07898469 1.4641703 0.20539078 0.53530854 -0.5871092 -0.338554 -0.29024905 0.35374007 1.288373 -0.554185 0.5704492 -0.1564318 -0.07782779 -0.82237864 1.9500414 -0.37621328 0.2310263 0.38486713 -1.120081 0.35443044 1.6530463 1.7978337 -0.19624987 0.10953439 -0.3206304 1.3892003 0.67178696
celery -0.22238287 -0.4869015 0.3476893 -1.8718741 0.7880188 -0.29643866 -0.29291022 -0.5231255 0.20787422 -0.5195462 -0.79535884 -1.4345018 2.1803215 -0.034136176 0.81702393 -0.69226444 1.6823548 -1.9923972 0.87746495 0.5901527 -0.85758203 -0.7048353 -0.49807554 1.0706147 0.7741809 0.65629053 0.89653796 1.2947422 0.35597098 -1.5303134 1.2787207 1.2251582 0.6681905 0.34804338 -1.8565494 0.92571187 1.8819662 -0.53239566 0.38998112 0.40746245 -0.102497354 2.4607956 1.1988412 -1.2047025 1.0990411 -1.5701026 -0.05707346 1.5955423 -2.2255082 -0.058573324 0.080440104 -1.3249815 -0.7074973 -0.70067465 1.6985666 -0.53983873 0.40495884 -0.34717038 -0.4476423 -0.11758505 -0.94363624 -0.4952408 0.7686889 0.8108817 0.56886095 -0.13116649 -1.2268401 -0.11567575 -0.2980472 0.1375479 -1.5825877 0.9748033 -0.778863 0.3222702 0.45746475 -0.9014614 -0.6808538 -0.10059261 -1.6521267 0.59741247 -0.46883887 1.3212502 0.9073997 0.70756704 -0.7470628 0.4237794 -0.5360045 1.4720354 0.48965588 0.23497085 -0.5762451 0.53986734 0.2844895 0.8191871 1.1014167 -0.17004609 0.0072752973 0.32634777 0.7070117 -0.44289318 0.12202494 1.470275 -0.6461015 -0.60574573 -1.5310583 -0.60150534 0.23421536 0.903555 -0.27153227 1.2979666 -0.71498334 -1.3841778 -0.90726364 -1.6250911 -0.81984633 0.6840646 -0.08856213 -0.14530858 1.1331115 0.051791795 -1.6325287 -1.5108594 1.4739441 0.4589581 0.031677842 1.1420811 0.6934665 0.7686234 0.88943696 -1.3774438 0.7143428 2.518766 0.18247662 0.8863598 0.55454344 0.44728047 -1.3455456 -1.0388764 -0.006088487 -0.9987378 1.2916903 -1.3233874 -0.8919548 -0.78146756 0.32767078 -0.15456858 -0.17747995 -0.9770354 0.48247972 -0.05245564 -0.28510484 -0.28436977 0.16734838 0.11891837 0.59087586 -0.75073 1.2692131 -1.9206028 -1.115523 0.9523356 0.6285551 1.971038 -0.4095326 1.724118 -0.5334442 -0.27263036 -1.2720985 0.42145783 -0.6566839 -1.3989364 -1.5871334 -0.31260046 1.82857 0.08786151 -0.69207054 1.7129625 -0.08250098 0.5190473 -0.49422625 1.3653944 0.18651193 -1.5994346 -0.5139604 0.8972224 0.6545101 1.3064573 -0.22317393 0.48545048 0.7480865 -0.6730436 1.5259544 -0.27124283 -2.1065629 -0.5484572 0.49318016 -0.54497665 -0.45301542 -0.57453865 -0.9926911 1.0962104 -0.8322443 0.5966519 -0.71212304 -0.26691902 -1.4089053 0.14474992 0.20644684 -0.8643742 -1.511414 -0.0036729453 -2.1478615 1.029176 1.0915931 0.06746544 0.17923072 -0.9632223 -0.24751633 -1.0324966 0.2206033 -1.4155546 -0.46649635 -1.1754793 -1.0988853 -1.991936 -1.2524418 -0.20257363 0.8748395 0.6493908 2.0509598 -0.43266603 1.6068646 -0.10185311 0.06612828 -0.5275324 -0.6097357 0.4152454 0.21188667 -0.91870564 -0.8499966 1.3503413 0.24118848 2.1287088 -1.4976994 0.5107088 -0.5220849 -0.5115197 2.028364 -1.1395243 0.8599571 0.9191301 -0.7416079 -1.4046162 1.8430033 -1.7563285 0.6525779 -0.35107845 1.0949847 -0.123879574 0.29530102 0.29286215 1.4141704 -0.6553306 0.07667645 -1.593176 -1.9027786 -0.73118407 1.0412933 0.11769932 1.579957 -0.25639397 0.78537786 0.24106961 -1.4376081 0.7488676 -0.9433204 -0.3221946 0.67358816 1.0495547 0.45097175 -0.18469214 -0.14856271 1.6413947 0.7920028 1.3888619 1.0322508 -0.3734425 0.59366345 0.04788788 -0.3537798 -0.8037757 0.02638934 -2.3319695 1.7514828 -0.32783544 -0.12539572 -1.0469093 -0.018481003 0.25032377 -0.01224946 -0.4996741
creosote 1.2022024 0.6661684 0.64181435 0.7171841 -1.763438 -0.15002215 0.91364515 0.8661456 0.21912341 -0.9892072 0.44597286 0.24620146 1.9001145 1.3493886 -0.8738541 -0.17240165 0.16395979 0.16252339 0.21834156 -0.5794581 0.2809784 0.53120303 -0.282784 0.80433655 2.312657 -1.7831213 -0.19612136 1.6502991 -0.92446923 -0.5545346 1.4018971 -1.7795838 1.9320172 -0.5306198 1.8586398 -0.33303165 -0.6223561 0.26678067 -0.37265232 1.4636111 1.5314126 -0.008265949 0.014874654 -0.22870876 -0.7623129 -0.8536606 -0.7684501 -1.080261 -0.005996493 1.8779761 0.090546146 0.25611916 0.7246757 0.14142926 0.80095303 -1.0026911 -0.11473156 0.693945 -0.51655364 1.4367621 1.6637276 -0.6688448 -0.8885825 1.6267304 0.058638833 0.90935606 0.042456605 -0.35641846 1.6976511 0.13524148 -1.1229136 -0.5307097 0.019133216 0.25530204 1.2639036 1.8539629 1.2301838 -2.6224563 0.03340017 -1.831428 -0.024827108 -0.07952779 0.20495714 0.18208595 0.62627095 -0.7624482 0.60262835 0.4900251 -1.1079988 0.39044696 -0.9786923 -0.2158356 1.4230679 -0.26832986 0.15813996 -0.7007283 -0.6311628 -1.3676578 0.9936732 0.2474534 -0.47965753 -0.62875354 0.73320794 1.2140623 -0.28492984 -0.71534604 -0.20311536 -1.0198051 0.019030735 -0.006725917 -0.73451567 -1.114841 -1.0375781 0.40566325 0.79687625 -0.6744317 0.009538708 0.35401118 -0.12357994 -2.0366745 -0.36762673 -0.057432197 1.0874946 -0.35880822 -0.6871235 -0.65895754 0.21538435 -1.0079021 -0.92107034 0.71106595 -0.41527176 0.08327404 0.6737035 -0.42938173 1.3425915 0.46120495 -0.017376157 -1.4118457 -0.6772794 0.08731819 0.005872783 -1.9263263 1.6611792 -1.3014765 -0.61969435 -1.1719242 0.18335117 -0.40209338 1.4573576 1.7458001 -1.3434665 1.2257849 0.2818996 1.528646 0.12995546 -1.2964547 -1.1251652 -0.37729988 -2.3324375 1.1032673 0.9851467 0.64874375 0.47059274 0.47094667 -0.7190604 -0.32235727 -0.9084436 0.14487323 0.62771523 0.6112527 0.102715634 0.7600578 0.33194622 1.661831 -0.4418682 1.2794467 0.4819394 0.5817466 1.0258332 -0.014759984 -0.48714757 0.22846791 -0.122179076 -0.27500516 2.3932524 -0.457045 -1.7342858 0.5891028 -1.0679348 0.13426374 -0.265516 -0.5639091 -0.04618817 0.724877 0.8777816 1.4468385 1.0612229 -0.14381462 0.12967247 -0.2946503 2.022645 0.47515696 -1.1456585 0.27587768 -0.98360336 0.34951386 0.055769596 0.04755585 0.32946035 0.09678117 -1.2045138 -0.36223382 0.12220569 -1.110286 1.0515296 0.2949325 1.9674671 -0.031529315 0.33111796 -0.59752953 0.9641 -0.16604069 -1.1259211 -1.236453 0.109381735 -0.7010855 -0.3981065 0.1598558 0.5331017 0.18225506 -0.7660342 -0.15665351 1.1516774 -0.8362345 -0.322367 0.2879042 -0.47365072 0.6572405 -0.3646656 -0.7064668 -1.5539182 0.778054 -1.8686188 -0.15251888 0.23073599 -0.3812349 1.0983359 0.7343243 0.018413734 -0.3529295 1.6396976 -0.065977946 -0.04207113 -0.8688933 2.1138005 -1.1666354 -0.503388 -0.90307856 -0.19949016 1.0436205 0.69876343 -0.37074295 0.41443253 -0.623872 -0.57456565 1.6281799 -0.70382684 1.1100994 -1.378716 -0.3976401 0.073396534 -2.3513174 -0.42786065 1.9042976 -0.5156283 -0.30164716 -1.0129553 -0.45658165 -0.48400307 1.2659843 -0.02998118 -1.9183857 -0.6244212 0.52864623 -0.7712692 -0.60098344 -1.3537225 0.29632092 -0.23089536 -0.9163666 -0.24544317 0.753289 0.139675 0.24876502 -0.29579094 0.06231519 1.2152383 -0.34172115 1.029622 -0.11059671
