96 300 
blood 2.5148985 0.97794724 -2.7118165 -2.0112789 0.18038724 0.50211596 -3.2771611 -0.301988 -2.9706209 0.8852529 1.1342735 0.8183697 0.022885052 -1.3969495 -0.5189902 0.783126 1.886266 -0.53626883 -0.34178007 3.1113577 1.3667029 -3.2039983 -1.7145083 2.1720703 2.9468267 2.335518 1.2474083 1.7392502 -1.0368516 2.2271268 4.7544546 -0.3303064 3.408463 0.37739357 -0.1387957 0.22315407 0.5837846 0.27132204 -2.975984 -1.2943386 5.248044 0.06281592 -0.06551685 1.5184141 1.4448688 0.5213496 -1.8714398 -0.43333814 -0.19777705 -3.937776 0.6035672 -0.015942067 2.940067 1.4667872 1.144128 1.0396465 -0.124888256 -0.36014447 -2.778523 1.7449479 0.5317487 0.38358948 -1.4532021 1.0046049 -2.7643476 -0.19727054 2.547456 -0.80135465 -2.1738212 -1.7463863 -1.7367735 -1.6403308 -3.7410462 -3.4155157 -3.0296426 0.082433015 -3.297676 -2.7132227 0.4909106 -0.8258008 -1.5881293 -0.08207724 0.755288 0.075762995 0.15270995 -0.50865483 0.9584057 0.924747 -1.281783 0.7443215 -0.086708665 0.61479306 -0.09457126 -2.3194392 3.0948381 2.5908267 3.6097097 -0.31364688 -0.79536384 -0.9258783 4.7688007 -0.6951922 1.464879 -1.1749867 0.8111617 1.2614138 -1.8216832 0.23464778 -0.16687132 0.58805984 1.5378797 -0.12043717 -0.11719745 -0.8354741 -0.9067639 -1.769864 1.490128 -0.86038613 2.3838406 -4.113162 -4.149609 -1.2962563 -0.06888846 0.103930816 2.6874685 1.8974327 -1.3714634 -0.59896827 2.1599152 1.3423041 4.6608353 -0.64632297 -0.48840326 1.5289142 3.7687209 1.8930075 1.9758981 -2.6549218 2.5481553 -0.10553133 2.957103 1.3286111 -2.326104 1.3253894 -1.4954889 -0.54974073 -1.9605367 -0.32009655 0.09611519 -0.38305157 0.29400024 0.94270355 1.490261 -0.51143694 -0.017118381 0.9925028 2.3051603 -0.09750564 -0.5505379 -3.0051908 0.1954788 2.4303386 3.6891048 1.9811558 -2.4507737 -0.55028296 1.8844495 -0.69582427 1.1778361 -0.3592251 0.7552888 1.2379564 0.40529191 -1.6032462 -2.1524124 -3.5065458 -0.7982938 -0.34490484 1.4600257 -1.4175667 0.7493949 -1.6273782 0.8599137 -0.7222118 0.8420764 -0.69684476 -2.3805735 -0.7726912 0.53572196 1.6729454 -0.02042996 -3.4590044 -1.4218849 0.8626806 -1.7569737 -0.008133631 -0.7167171 -0.69277364 0.8777088 -1.8558123 -1.9477656 -0.9082776 -0.26250127 0.31513232 1.8540915 -1.3279014 -0.36963275 0.49864808 3.254631 0.91071206 0.53868 1.8422067 1.9571569 0.22315124 -2.2827046 0.66855025 -0.04786614 -2.311191 2.443978 -3.3116424 0.8390656 0.3601394 0.7543288 -1.3877479 -0.98592246 -2.405678 -0.041690793 -1.4132538 1.2566936 1.448706 -1.1305504 -1.065603 0.6332003 -0.1828926 0.9723431 -0.5971058 -1.5040824 1.3219359 1.919348 -0.13931313 -1.9747484 -4.8627934 -3.29954 -2.2223787 1.5547556 -3.4570725 -2.484819 -2.1722236 -1.9868948 -0.81872636 0.27512202 0.89739335 -0.40118182 1.7208257 1.1714108 -4.9267893 0.109662466 0.6641995 -2.4634438 1.7906437 -2.716725 3.8750198 0.14499173 -0.5260091 0.77944547 0.6072104 -1.762362 -0.48134458 -0.68869936 -1.6463153 0.53510135 -1.7183961 1.6671507 0.93684465 -1.1544002 0.31285518 -0.3300786 0.7577632 0.27231848 -0.055801194 -2.412573 0.40995458 -1.2041936 -0.89844924 0.28471202 0.6829682 -0.5851263 2.029607 -0.91135705 0.9650568 1.219061 0.74600923 0.097294904 1.4455304 -0.15519889 2.238289 -0.46342105 -2.7137196 -3.1380923 -1.024224
animal 0.106733836 2.3577185 -1.5383666 -0.56903934 -0.170589 -0.5581639 0.26857215 2.965144 1.7359024 0.08496001 -1.4946893 -2.300546 4.2062397 -1.3971308 0.14886671 1.0975566 1.5007044 -2.4136627 0.056939397 1.3930316 -1.1742051 -0.2640514 4.213821 0.78820664 2.81284 -0.76847774 2.8034883 0.50239986 1.8137817 -2.3721962 3.4414732 0.5938031 1.5857698 -3.997099 0.21888472 -1.3607174 1.3387477 1.1358584 -3.1255593 0.48429456 1.7704276 -0.362031 -1.4444644 -1.0718929 1.5742308 1.2217066 -0.08039905 -0.8556651 -0.7677575 -1.9179206 2.7336438 0.42015538 0.8737658 -0.34874454 1.5223243 3.3739586 1.3418934 0.45582277 -0.7013641 1.7223574 -0.24183619 -0.92826164 0.55012083 -0.083616845 -0.8334378 1.1599692 1.9532573 -0.425452 -1.5232949 1.0694488 2.5263085 -1.3046516 2.2538643 -0.8557631 0.4961944 1.2364955 -0.46470717 0.97984284 -1.5846343 2.7815387 -3.7261026 1.1757282 -0.10824434 -2.33032 -0.41390786 -1.9612501 -1.6236385 2.2231326 1.3443534 -0.45307443 -1.4179499 -1.5593339 0.02936366 -1.1888559 1.4133247 1.8847451 3.1276674 -0.79991657 2.1067505 -1.1299666 -0.58401924 -1.1593062 -1.1354905 -0.95906 1.5622344 1.790372 1.1284128 -2.3806324 -0.7214662 1.1147684 -0.76134896 1.2526171 0.66366315 -2.2339165 -1.8641295 2.791186 3.7230163 -2.5231042 -0.106421016 -1.9776783 -1.4366677 -1.3010273 1.4030143 -0.6505962 2.7509718 1.7116102 1.8759645 -2.6212544 1.0058745 -0.25023246 0.13812429 1.0964144 0.7025371 1.5753343 2.0922027 1.4189018 2.281711 -1.8906016 2.8930125 -0.9140289 -1.0681949 1.1868037 -1.1015102 2.6694977 -0.7951127 -0.91937554 -0.47003204 -1.8962375 -1.3559842 -2.0415747 -0.3602035 -1.1289591 0.72361654 -2.4991732 -0.17395847 1.0212438 -0.8806641 -1.1492401 -0.18010804 0.31028187 4.2054896 -1.2048094 -1.0522698 0.10001202 -1.9446845 0.036102884 -1.1669462 1.851312 -1.6439879 -1.220664 -0.33064982 -2.4076102 -1.096614 -1.6339864 -1.3236387 0.296831 -3.0312057 -2.3929234 -1.9310459 2.739974 1.3339118 -4.623567 0.785744 2.057133 0.01224072 0.3107039 -2.0346925 0.5120391 0.451048 0.47465643 -0.3607961 -2.5577426 -0.32341617 3.9012704 -1.0472525 -0.65333796 -1.3680615 -0.2922469 1.6636188 1.1859094 -0.30080268 0.14239787 -0.4041291 0.07065471 0.44800684 0.5612946 -2.1358333 3.1442664 0.5571256 0.17655617 -0.79176575 -0.55876917 -0.42693508 -1.9516388 -2.3964205 -1.056492 0.3553223 -2.970496 -1.3929602 -0.03472339 1.980413 0.6554498 -0.17801465 -0.8102339 -0.092362106 -1.2770184 0.9565459 -1.969053 1.263173 0.55285764 0.043565374 -1.2357149 1.5086949 -0.040230174 -0.9340557 1.4490168 1.6673156 0.80539984 -0.79217607 0.20616034 0.22847569 -0.4549062 -0.8108037 -1.6651796 1.7243812 -0.68391997 -0.027292656 -1.6646949 -0.58711535 1.5478529 1.45837 -0.53993404 -0.14190878 2.1335862 1.0836723 -1.431929 -0.92688656 -1.583709 -0.54105324 -0.15145883 0.46547508 1.7681149 0.39083615 -3.0249405 -0.31622055 1.7291765 0.70090085 -1.7174528 1.0674336 -1.6512661 2.022513 1.4416554 -0.8449444 -0.6963923 0.6608606 1.0670755 0.8863858 3.8212712 0.9594698 0.53717107 1.5941687 -0.8292385 0.22141628 -0.5253583 -0.52316815 -1.6725415 -1.0346137 0.48617148 -3.1345465 -0.04664355 -1.596319 1.5311394 0.6756393 2.8952508 -1.2500106 -0.18562151 0.56319505 -2.3234296 -0.48122898 -1.1568655
fish 1.9624704 2.615901 -1.3559475 -0.7711551 -1.5323548 -0.7522472 0.8075619 2.625683 1.6609415 -1.6158096 -1.8797928 -1.2171413 1.2700869 -2.8133352 2.7294457 -1.4400035 1.0736332 -1.1379235 1.7817546 1.3318672 -0.21129344 -0.99049366 0.80522525 -1.3135524 0.600396 1.173654 1.1836104 1.7098047 0.02646222 0.46713644 3.801733 -0.5765084 2.0212672 -2.380815 0.51694304 -0.91656387 1.7663734 -1.2664852 0.1411665 -0.20048594 1.5210558 -0.8521811 -1.1778841 -1.6570975 0.7873492 -2.5635343 1.3831488 1.1081825 -1.3379339 -0.81846213 -0.03197443 1.0768112 -0.025603719 -1.6647252 -1.1879796 -0.30720904 -1.1143857 0.32401466 1.2151608 1.4007776 -0.38419282 -0.753285 0.96173096 0.020832133 -3.4861498 1.1385384 3.2120287 -2.266737 -1.8593645 -0.7844587 -1.0637795 -1.2008363 0.68211985 0.71039075 0.83916235 1.7389973 0.92276174 0.0276669 0.50849897 4.321484 -2.840862 1.6467987 -2.9771626 -3.0575294 -1.8449948 -0.3403146 -1.0896144 2.596635 1.7032957 0.31569797 1.5470419 -0.026636355 -0.46431202 -0.5046071 2.3004043 0.50338227 1.6461746 -1.4395025 1.9480753 0.7787031 1.1013784 0.5502734 0.75266063 -0.48580888 1.048189 1.6452186 2.703465 1.2164819 -2.605747 2.3686776 1.5528299 2.303309 1.6458899 -2.5363355 -2.0766532 0.9841172 2.2853785 -2.4711862 1.1656423 0.21026775 0.45112813 -2.162603 -0.5051214 0.4344509 1.3668904 -0.23309486 0.31988567 -3.2686033 1.4428349 -1.0752094 -2.6110969 -0.23946902 -0.6075352 0.7176871 3.0409496 3.1824431 2.0223475 -1.7191952 1.9889516 0.5570016 -1.2302622 -0.030323748 0.63969755 0.98706645 0.4202104 -1.5319076 -1.9639261 1.0472288 -1.8621035 -2.0446131 -2.295185 -1.5701555 0.47058862 -1.0145681 0.14768952 0.39994282 -1.3159007 -0.94302475 0.17367037 0.90007794 2.235313 -0.36909413 1.8161362 -0.37462038 0.21402389 -1.3754731 0.87633294 1.3728167 0.48652923 -2.0741215 0.8134975 0.0809842 -0.88441736 -1.1989664 -0.6228799 -1.5229985 -0.92419875 -0.9233184 -1.099897 1.7404311 0.30126762 -0.5367165 -1.3883103 0.022312403 2.0602376 -2.5992916 -1.1488765 -0.21066882 0.41366667 0.24629274 -0.44910586 -2.796715 -0.8159672 1.5772907 0.82921135 1.8344299 -2.3345242 -2.1374257 1.8402655 -0.27158812 0.23437542 -1.0151112 -0.3067518 0.8647556 1.3187871 -0.9095028 -0.5128718 1.2341442 1.5246401 0.59258956 1.170255 0.6753551 3.0903354 -1.7777084 -1.8512063 -0.15768686 -0.06555439 -1.8898097 -3.1054833 -2.3897092 1.0107179 -1.1156983 -1.177203 -0.15342376 1.1221209 -0.18226904 -1.022008 2.3192482 0.3868598 0.0854714 0.56478435 -2.8128483 0.1177663 -0.33521673 -2.921121 -1.4016048 2.1277547 -0.46025386 0.26447925 -1.8757961 2.8087554 -1.09727 -1.7850031 0.5639911 -0.5434034 -0.9341902 -1.7981822 0.5570395 -0.7485421 0.33450097 0.9627735 0.9455135 0.8122381 1.6284324 0.34667575 -0.19808777 -0.626649 0.20633055 0.59003943 1.3835003 -0.6555914 2.8956358 0.45245072 -2.2934332 3.08657 -2.034425 2.260518 0.7576378 -0.21249382 -1.4668096 0.5470595 0.067276746 -0.5186496 1.0064254 1.538684 -0.06420645 0.40603873 0.82690203 -1.8073306 -1.2109265 -0.04121662 0.45160428 -0.70592713 0.50193685 -0.016208312 -0.6279468 0.3664308 0.8057972 -1.7143137 0.38587952 0.34906024 3.6286216 1.3797877 3.128313 -0.4498216 2.485476 0.9066244 -1.828994 -1.6502765 1.7680703
paint 1.0190657 2.7430713 -1.0404223 -1.1523838 -0.84148735 -1.1533822 2.6829572 0.84971523 1.043932 -1.6623436 1.5292041 2.3320673 -0.7730142 -1.0079706 -1.3830568 -2.5812697 -1.3174617 -0.20787147 0.80087763 -0.40579194 -1.105749 -0.8918042 1.381746 -2.318803 -0.9080636 -1.6961832 1.5082138 -2.2360568 0.60320467 -0.5457216 2.385697 0.5195402 1.3719939 0.15617836 -3.201182 -0.8397982 -0.98879755 -0.21443297 -2.5299938 -0.23996639 0.65400934 -2.2230961 0.2867698 -0.822895 -1.2174762 0.8267809 2.2439847 1.6073964 2.3655043 -0.5749554 0.46815723 -1.18916 2.0315354 -0.7849279 -0.0672071 -0.85273093 -1.546543 0.72693336 0.04250999 1.5135527 -2.7861664 -2.3163435 -2.598017 1.641678 0.7742093 1.4546713 1.2761875 2.3028245 -1.594755 0.10971368 -3.2455595 -1.4500504 -1.0630013 0.14386055 1.6107625 -2.259341 -0.24194422 1.710382 0.65571094 -0.7025855 -1.3880379 -1.2867315 -3.0870016 -0.34765133 -1.113264 -1.2444954 1.5036725 -1.8841571 -0.8984489 0.23898192 1.7698694 0.58548206 -1.9419361 0.095438175 0.3838584 -1.7828454 0.12781225 0.40709582 -0.92880607 -2.1494403 4.3435063 -0.636342 -0.85794073 -1.2683653 0.67241126 0.46886265 0.35404035 1.7628702 1.7353036 -0.50820386 0.73418033 0.9589639 -0.016753092 1.2878879 0.5934671 2.156 1.5572767 1.7553371 1.599575 -1.3374963 0.17070238 -1.7250813 0.97845036 1.3870463 1.9437765 0.20962332 2.1401722 2.6062405 2.254016 1.6590334 -1.0408398 0.699979 -0.6201199 -1.1015228 2.3659446 2.7720575 1.003269 0.17178151 2.1856773 -0.21568426 -1.3267871 -0.3852931 -0.8707511 2.1425517 -0.035446152 -0.48429048 1.1977593 1.2179855 0.9813618 -1.6632717 -0.15073115 1.8372476 -1.7283294 -0.4130979 -0.47772855 0.7583168 0.94254833 0.5704009 1.7093686 1.7413061 -2.7240999 0.23629527 -0.352833 0.9737448 1.0134237 1.4365532 2.2857027 1.310846 -0.98385775 -0.8141236 1.4213772 -2.6626475 -1.1525421 -1.8927689 -2.1812384 -0.34360686 2.1069014 -2.5306678 1.4140724 -0.006248814 -0.4862633 1.2990217 0.35715333 -2.701122 -1.1285388 -1.4831272 0.8841611 1.7021799 -0.36456 2.732446 1.50226 -0.70573264 -2.8297608 2.1041062 -1.8967416 -1.2977761 -0.6563069 0.30182457 -0.22778723 -0.023138527 0.54679805 1.0056698 -0.41849315 0.6051882 2.316252 1.9081506 2.8007264 0.28920808 -1.1314819 1.6108257 -0.99954104 3.4219093 2.2905412 -0.87255114 1.2563403 -1.6496513 -1.6627616 -1.7605557 0.23333396 -2.1698277 1.753997 -1.7423962 -1.6842939 2.0424116 -1.3319539 -2.0166245 0.21270165 -1.003356 -1.6926883 1.9367785 -0.14933765 -2.3747845 -0.1754259 -1.5038549 -0.68250877 2.2044935 -0.1833089 -0.66627526 0.8668146 -0.71534514 -1.0009418 0.9376439 -0.5934135 -0.4563843 1.1628344 -0.7074229 -3.294768 0.41047797 -3.2728276 0.17410263 1.371665 -1.3795611 -0.28749922 -0.22859466 0.18127155 -2.4157896 2.1383255 -1.8453507 1.0453459 -0.09293553 -2.1902528 1.6195425 -0.68739015 1.7243603 0.8066757 0.99720615 -2.3721828 0.03846994 -0.059027337 -2.4671085 1.0848925 -1.7578601 -0.57674575 0.7720121 -0.099694274 -0.6762407 0.38157696 0.6044499 -0.5151188 1.0971422 0.019506779 -0.2201747 -2.479347 -1.3790522 0.45806107 -0.5092055 -1.5737303 -0.6872032 -0.6829072 1.2672803 0.7282412 1.763212 1.2368448 1.0766788 -0.86306757 1.9079562 -2.2852485 1.6889898 -2.4460514 0.0037145242
apple 1.6048123 0.085826926 0.15688919 0.4181986 -0.2061235 -1.2595984 -1.6806723 2.728691 0.8702761 -2.097305 -0.85435694 0.9654698 3.745837 0.79263 0.52272636 -2.3346243 0.61442494 -1.8276652 1.9738566 -2.144142 -1.3603508 0.40664724 0.29192284 -2.4907055 -1.3625733 1.695442 -1.1701167 0.97767186 0.095299765 0.46298957 1.6547289 1.4972785 1.4966944 0.7879599 0.8846059 -0.436602 -0.12424738 -2.270082 -0.07355963 -0.5659266 0.2385398 -1.3314189 0.18280725 0.35500374 2.7682357 -2.35325 1.2067137 -1.2788205 -0.24643554 0.907267 -0.28470606 0.99660677 -1.3524008 2.2597275 -3.1735754 0.9278872 -0.88127786 0.27906966 -0.7118426 -3.3626125 1.5897235 2.6250932 -0.7407108 2.6508873 1.0954441 3.0238082 1.7922572 -2.9494052 2.1562064 0.8494849 0.52003014 -0.70794135 1.6106162 1.2937334 1.0463768 2.1220188 0.60710394 -0.3604363 -1.1066308 -3.4288065 -1.8832393 -0.32801574 -2.9603572 0.35679862 1.7509626 -0.8107718 0.8252028 -1.4413097 2.3261921 -1.3120807 -2.6449625 1.3975391 -2.0360336 0.13476653 -1.9956043 -2.5151527 1.7959356 -0.35797963 0.7248854 0.46555647 2.3626113 -0.27151546 0.9348843 -0.60910344 0.013153785 -1.2191283 -0.72840005 -0.5759847 -4.2153196 0.07215999 1.2292237 0.37622955 -0.6112486 -0.4268376 -2.4261258 -0.290589 0.71082646 -0.07115047 2.4164932 -0.47490942 1.2312858 -1.4062871 0.6646283 0.6117456 0.70984745 3.1020641 0.96830606 -1.6239141 -0.2299905 -0.8032181 -0.013496644 -0.7122004 -0.09385913 -1.5799357 1.0161132 -1.5078254 0.91945785 -3.6091173 0.5862465 -0.57459646 -1.5066193 -1.9384557 1.9275374 3.714356 -1.0613116 -0.24856672 -0.9825311 0.27939624 0.37084672 -3.7137835 2.4163141 0.18623516 0.094115384 -2.4265044 -0.193059 -2.3071027 1.0222697 2.1444929 1.3219783 -0.16103846 1.3156334 -0.40293282 -0.9780243 -1.4332458 -0.9954629 -2.488803 -0.2282335 -1.3407665 1.643899 0.7485676 1.4287357 -2.1409662 -0.54420835 -1.3427858 -3.4568934 -0.35024473 0.13262224 -0.7117325 0.16796872 -0.81889397 2.0492048 -1.6659913 -1.1470623 -0.29676116 -0.8102143 -0.5305168 -4.5207815 -0.85464704 0.38959855 0.9138416 -2.4238844 -1.3036326 -1.0308231 0.14798556 0.32568714 2.5979192 -2.5388856 0.2686873 0.37874576 -0.20912749 1.9282713 -0.31532145 0.17613511 1.823179 -1.8118771 0.6945908 -2.1115706 0.15844782 -0.81446725 2.7027638 -0.09158115 -0.08929497 -0.4808867 1.1330473 0.31181833 2.2862694 -0.76195335 0.19320703 -2.5996206 0.16651936 -0.8290359 -4.629719 0.93685853 0.77459425 -0.33493915 1.7084407 -1.6441092 0.25359797 0.90052575 1.7286431 1.0880098 -1.0895305 0.43034762 0.2240171 -2.150325 -0.31156474 1.090339 0.5206927 -1.795666 0.09201077 -0.18690519 0.32621676 1.1650208 -0.47543907 -0.6344072 2.071588 -1.7160512 1.5140946 0.24617296 -1.1054708 -1.316835 0.6716803 -0.10721432 1.2735273 -1.0235224 -3.4354 -0.18855214 -1.4446771 -2.221945 -1.1622108 -1.3430662 2.4172592 0.9810672 -1.0441586 0.84368783 0.04051783 1.8760823 -0.26923192 0.45284823 -2.4449956 1.7224318 0.9723726 1.3927423 2.6637332 -1.2088157 -1.2346562 0.12789601 -1.3748832 0.08069486 -0.33552957 0.31567037 -0.15239206 -0.18522124 1.3123951 -3.020048 -0.97487104 1.062978 -0.21453416 0.08710096 -2.007647 -1.8629644 2.7380383 2.3805945 -1.6877911 1.3006006 2.3458395 -3.1278863 0.012252647 -2.1095357 1.9916568
smoke 2.0882113 1.9747794 0.7684021 -2.5010293 -1.3953471 -0.023206996 2.6507573 0.2374648 -0.13863514 -0.69499743 1.4877063 -0.80384856 -1.619034 1.5672387 1.2444565 -0.9764447 -0.8908658 -1.6738503 1.9138336 1.087794 3.0787537 -0.917835 -1.401355 0.36020213 1.3334329 0.5465317 1.2775416 -1.267763 -0.85237575 -0.37543103 0.4462553 0.57593477 -0.87217075 1.4286314 -1.5016382 1.9941331 -0.7278493 -1.6338226 -2.696566 1.1429509 1.6609405 -1.9310429 0.7195868 0.1844019 1.5682219 0.6186465 4.2402673 0.09100282 -0.27342618 -5.41812 2.37238 -0.43854815 3.8813658 0.88683146 -2.3659806 -1.8534034 -1.1592941 0.06609418 0.33117807 -0.4823528 -1.3855506 0.9534608 -3.474317 0.5835303 -3.912602 0.12752159 0.15769795 -0.5860466 0.8889766 -0.28361523 -3.0238557 -1.5902141 -3.6462402 1.7749581 -0.7286159 -0.7694605 0.67709786 1.0403003 0.20160984 0.29322258 -0.7102154 1.5209328 1.3295177 -3.1715102 0.42969412 2.7533004 -1.9308786 1.0373087 0.26740333 0.26838723 -1.7512585 -0.9324392 -0.70182747 0.15478934 -1.1267749 -0.43656042 3.6433814 -0.29571268 -1.6547086 -0.98117846 2.2830658 1.1882933 0.6482105 1.3532414 -0.011424089 0.62555945 2.4813712 1.258022 -1.671982 0.7786815 0.80290955 -1.1901194 2.3890817 -1.0295185 -1.4694556 1.145604 -0.11065537 -1.0629036 2.65005 -0.018305816 -0.33825368 -1.095568 -0.06402404 -0.550524 2.9929032 0.8083916 3.8531234 1.5669088 1.8220943 -1.3448613 2.195157 -0.90703815 -1.1060373 -1.7238742 2.784653 1.2870501 0.20389457 0.212643 3.4564743 0.33081433 2.0771153 0.33163917 0.33570388 0.8367649 3.1285892 -0.58369625 -0.5629995 -1.3091607 -0.19324842 -0.9408591 -1.9132282 -0.5096707 -0.7035109 -1.9805946 0.8873331 0.7826209 0.50753045 -1.5196694 0.20395896 1.1968597 0.24863961 1.4456053 1.4663252 1.8191301 -1.0426668 -0.5716736 1.6411102 0.24087107 3.7389977 0.50592303 -1.1014173 1.3950928 -0.08114273 0.87303966 -1.3470865 -2.8492413 0.85984135 1.1838155 -0.3597009 0.5572286 -0.5695002 0.14674537 -0.8721506 -0.48939043 2.704479 -3.304055 0.93204486 -0.020160273 -0.8806669 0.27505085 -0.33453172 -1.8205779 0.6596987 0.82299477 1.4019988 -0.49366635 0.64143246 0.06991335 -0.45080256 -1.7081114 0.3382887 0.11558591 -0.45918563 1.3800913 1.7231157 -0.23820938 -0.51682246 0.8436286 -0.27859712 -0.64774275 0.094545715 1.8938887 1.5152763 -0.0058574313 2.7091641 0.81457025 -0.077514924 -2.3605978 -0.36186787 -3.2030773 2.4430273 -1.0802336 0.9247738 -1.5703918 -0.84295315 0.1746846 1.332052 -0.46587878 -2.074552 0.122905135 1.1034259 -0.19802816 0.82790834 0.5982792 -1.0207847 -0.919168 -3.7591202 -0.8935732 -0.38544908 -2.4030492 1.9897542 -0.69817024 2.2528963 0.08801757 -0.9867444 -0.44715574 -2.794858 -0.44932878 -1.2525475 -1.4398998 0.58343476 -0.114360996 0.9903196 -1.7327024 0.60534227 -0.098411374 -0.46119508 -0.8628857 -2.3475626 1.0716922 -1.8232085 -0.19817825 0.7362027 1.7205508 0.3393934 -1.0220538 -0.08307188 2.7020488 0.9022416 -0.03632601 0.8422815 0.9630121 0.31998956 1.8956774 -1.0716233 2.5564396 -1.6916344 -2.9194744 -2.5647867 -1.9726546 -1.483951 0.7046746 1.1818917 -0.1584216 0.20578587 -2.657523 -0.36294848 1.2270783 -1.1105684 0.6995964 -0.4348039 2.558425 0.59284717 2.194278 0.96887434 0.0035909018 -1.1901354 -1.5498998 -2.8312573 0.43042815
coffee 1.5983092 1.9465312 -1.504556 -2.1621125 0.17603055 -1.1741753 0.86911386 -0.6665919 2.0231054 -2.2478535 -0.9921278 2.6151414 -0.6972437 -0.1470369 0.3634886 0.5720581 1.3511635 0.87366855 2.684685 2.6489012 -1.1106023 -0.70165724 -1.8834832 1.1320355 1.0135664 0.53171116 0.47436202 -2.3537104 -2.0345175 2.1321526 2.336339 -0.4083352 -1.4732922 -0.933666 -0.42105013 0.4200855 0.4884107 -1.0100728 -1.588254 0.65239704 2.5803106 -1.0031015 1.5593034 0.4173015 -0.464235 -2.943584 2.4122748 -2.0392907 -2.0271585 -2.237997 -0.6554749 0.88437325 0.30008924 1.6658734 -0.83107543 -2.4416752 -1.6539516 4.0598807 -2.3647904 -1.8776118 2.0650501 -2.1311462 -0.71918875 0.9278756 -1.2357976 1.6801391 0.24439466 0.026614869 -1.6810936 2.0430427 -0.4871505 -2.229738 -0.10689378 1.8348778 -1.7075182 1.9296902 -3.105493 0.10769721 0.8666189 -0.90646845 -1.7286452 0.22325948 -0.13224645 -2.1446576 -1.0002263 -0.28591636 0.6476048 -1.4903569 -0.7878651 0.9741353 -1.8200425 -0.5205485 -0.425421 0.8974164 -2.556559 -1.0886139 4.5165386 1.1470077 -1.3167886 0.21844953 3.515529 0.75488114 1.1485177 2.9020145 0.74795973 0.9592533 -2.0096207 1.9297271 -1.0472946 0.41363484 1.4871922 -0.6990843 1.6562465 -1.5256814 -4.8859324 1.860864 -0.0135175325 1.5001271 1.665039 -1.803067 1.2225755 0.92957264 -0.3472729 2.6216142 -0.29666063 1.1867672 1.3810701 1.0817069 1.9584768 -1.5806284 -0.9539085 -1.668022 -1.3493611 -0.6907057 1.8602629 -0.212196 0.7837611 0.64829737 0.10716083 -1.6477593 4.7674026 -1.4239206 0.6559323 -0.18281607 0.7228369 0.7937768 -2.4039881 -0.9138663 -1.1419085 -3.0819137 0.2809017 -0.80440885 -1.799649 -2.225161 2.5260828 -0.5395264 -0.20174575 -2.0812538 -0.7786032 -1.8695018 0.46430072 0.07364466 2.984582 0.5366732 -0.17116709 0.37522218 0.83609927 -1.4499475 1.6723174 -0.26015964 2.0595534 1.3604938 -0.98282766 1.6462789 -2.899296 -3.3159394 -3.5999146 1.5369263 -0.054783687 0.5970464 -0.55053675 0.52550817 -2.7241201 0.6273373 1.0883791 -1.309366 -3.3626914 -2.393707 1.961069 1.7178068 -0.109737664 0.4750331 -0.25689822 0.30956563 1.6596202 1.5549893 1.2328277 -0.18445364 0.38817573 -0.7191253 -0.6278764 0.25142822 -2.7806354 0.44893828 0.08209039 -2.3238988 0.8530891 -0.39107227 0.045897022 -0.17442667 -1.068322 1.1977953 2.8319926 -1.7898269 0.7841297 3.0088558 0.78400856 -3.4758482 -0.7743563 -1.9669565 -0.1013009 -4.013568 -0.1915014 1.2482332 -1.297914 0.7199374 1.2762214 0.43923685 1.1468834 1.5980333 -0.41800073 0.21683773 -2.367694 -2.2872274 -1.6959172 1.5249646 -0.49750486 0.16357446 -0.7964837 -4.333105 2.4942162 -0.49433136 0.20067403 0.39722186 -0.75234854 2.8128378 -3.6065986 -1.764845 -1.7686371 -1.0599655 0.8071038 0.5640671 -0.5844691 0.748251 0.52372944 -1.959584 3.4474146 0.99537396 -0.7471665 -0.17301738 -1.8808624 0.29084504 -0.31299964 0.28616613 0.42655972 -2.262401 0.09559607 1.3203267 0.33594927 0.7950625 0.6372296 -1.7373847 -2.1328714 1.8516848 1.7688956 -2.8713658 -0.169789 -3.1870258 -1.3618953 0.59598315 0.17337757 1.3748317 0.26891494 -0.3155879 -0.87028986 -0.21009645 -0.33318383 -0.6208082 -3.5320773 -1.1995634 -0.70405835 -1.2248728 0.59650373 0.24901545 4.236574 2.3835523 -1.3048018 -0.6023992 -2.1021345 1.0351588
egg 1.7881242 1.6219071 -1.9641538 -1.6730802 1.2928852 -1.9354321 1.8058287 0.713901 1.2932748 2.8733037 -1.1267129 0.70693773 3.0775337 -1.9823487 1.3852111 -1.2845602 2.790764 1.2428702 -0.41229415 -0.93845606 1.1057354 0.5750762 -0.7854846 -2.4954898 0.04303458 1.4235731 3.143615 1.8428259 -0.17878789 1.5164487 4.553257 -0.7065595 1.9238224 -0.37707424 -0.24406339 -0.09147533 -3.4500153 0.14069632 -0.25601768 2.920082 2.0129957 1.9136922 -0.7845592 -0.32544437 2.4405365 -1.7675941 1.6038302 -2.331039 -1.1465552 -1.8915727 -2.2267718 0.3360368 1.9439976 -2.0565898 0.33611825 1.7732195 -0.48961267 -0.23530675 -0.52837217 2.2189424 0.47647014 1.0645074 1.6879578 -0.3661718 0.032723393 1.7994784 2.965261 -2.0571506 -0.9265402 1.6584419 1.3042543 -1.6294997 1.7326148 1.1379008 2.9663498 1.4303021 -0.5753223 -0.07499381 2.2631147 2.1586993 -1.6379622 -0.6366066 -2.4271364 -1.3090897 -2.329296 -0.5385833 -0.47164243 1.4705085 0.34039307 -0.87344074 -2.3982258 1.2359924 -1.1974481 -1.1973364 -1.0851897 0.66435665 3.5509074 -0.8816108 2.8972332 1.5288179 1.9464158 -1.9652693 1.2559838 -0.15088403 2.3904254 1.2141796 -1.8102998 0.31342623 -2.38889 3.5922914 3.4843056 -0.37091076 2.8820739 -0.8906496 -0.54085535 0.85830337 2.4020023 -1.8891835 2.8985262 1.4259639 -2.728973 -0.18094186 -0.69302183 -0.5773001 2.6544914 1.1384367 -0.64588445 -1.2498294 3.1061895 -0.1765265 -3.765474 -3.0270305 -3.7333221 -0.7362959 3.6303525 4.976868 1.2319671 -3.6627162 0.74852276 -0.7260074 -0.5847785 -1.028863 -1.2433817 -1.0874407 1.7453011 0.28603035 -2.5997968 -0.6759484 1.2737933 -3.7295468 1.7456214 -0.5809855 0.07218912 -0.56450003 1.2700074 1.6595476 -0.8662432 -2.2474184 1.3224441 -2.038907 0.98623884 0.6286851 1.1277328 2.4259865 -1.7390257 -0.19030437 -0.737478 0.21956998 1.1570162 0.93376136 0.9519959 -2.2891881 2.9516041 -1.197386 -3.4605434 -3.306939 -0.19931044 0.065234005 1.1730933 3.380272 -0.479607 0.06207296 0.49866825 -2.5016353 1.2253472 0.37105748 -3.541038 2.5897524 -0.7571453 0.5694364 -2.2951603 -2.5770988 -0.84802866 3.1764781 0.32068053 2.1000166 -1.6457716 1.6501918 2.6256907 -0.7119573 0.2845177 -1.1063362 -0.24525918 0.048487455 2.2578928 -2.5905569 -0.2404197 2.137583 -1.3731905 1.2104249 -0.31989855 2.2352598 3.3011997 -2.1571507 0.9817581 3.659696 -0.89293957 -0.51303726 -3.4033315 -2.4074857 -0.47776592 -2.0093353 -2.544513 -0.30135104 1.2771982 0.3029559 -0.8213148 0.2158978 1.6896162 3.9916515 -1.2800902 -1.6989592 -1.956352 -1.8302516 3.0070088 3.3621418 -0.7149255 0.07341233 -0.56902915 -1.6184285 -0.19669287 -0.88124996 1.261849 -0.69199675 -0.36440417 0.6738987 -1.0920764 -0.0701339 -3.1246855 1.1370162 -2.7664554 2.964624 0.83217955 3.6146858 1.8333554 -3.1418679 1.5727686 1.9252323 -1.3676101 1.7761154 0.16123345 2.4014385 -0.3361239 -2.1227279 0.32214272 -1.2342947 -0.5212396 -0.056185577 0.48422906 -2.8566573 -0.20455946 -0.55656606 1.0578581 0.5597029 1.9248781 -1.9912125 -0.82841724 5.2068424 -0.9519512 0.90383494 -0.38955778 1.5662743 0.42198685 -1.0773101 -2.3282228 -0.015452674 0.23909146 2.175159 -3.1452818 0.39530647 -2.8473043 2.8843358 2.4194484 0.44052863 1.4376633 1.847255 0.25217226 0.06934353 -1.2526842 2.6351514
honey 1.0394629 1.2915719 -1.3970106 -0.77164036 0.76747197 -0.72456926 -0.26991054 0.67915964 0.39916122 0.1455314 0.13749298 0.35641104 0.24004515 -1.9301817 0.9379299 -2.2488937 0.07922102 -0.2452877 1.5466596 1.1130068 1.1047577 0.44875357 -0.26280254 -1.446801 0.6793607 -1.2375695 0.4772486 -1.4782836 -0.4662493 -0.40906554 1.9033011 0.36255127 -0.06711784 -2.1738124 -0.37029544 1.5080699 -1.2321191 0.8182131 -2.4001992 2.6058042 1.0057644 -1.1151155 -0.03849353 2.969262 0.2453393 -1.5718708 -0.055134222 -1.0269645 -2.8757262 -1.4355866 -1.2092571 0.9183092 0.2600932 1.1895489 -0.27158466 -1.4535224 -2.0544622 -0.5546668 -0.030909648 -0.7926729 0.10756353 -1.1434631 -0.71236926 -0.96224076 -1.7744176 -0.1815604 -0.22842555 -0.119420476 0.3346581 1.2639642 0.91518354 0.560654 -0.19664037 -0.261076 0.07924972 0.7748088 -0.3567942 0.7614586 1.5930225 1.3740982 -0.89869624 -0.55072576 -1.1147034 -2.5691044 -0.3355651 -0.3033492 -0.23805608 -0.7359905 0.45042598 -0.832565 -0.34628364 -1.3450154 1.1116748 0.0987751 -0.9329847 -1.0825313 -0.9671065 0.020527437 0.82563883 -0.36172044 1.2068433 -0.4245238 1.0668817 -0.8500019 1.8323247 0.026367392 0.06192859 -1.7857515 -0.2570828 0.22640175 1.4605744 0.1627199 -1.1402858 0.52383184 -0.7459913 -0.70629156 2.1687748 1.4715968 0.59606904 -0.257576 -0.93980235 -0.13158523 -0.69151723 -0.40246147 0.47970837 0.8798843 -0.049558494 -0.3033868 0.5412495 1.5859863 -0.67478204 -1.8708879 -1.7487153 -0.78106517 1.0621532 1.6153818 0.8176225 -1.3559366 0.109814286 -1.8144944 -1.4535879 1.233603 1.8052506 -1.4589261 0.18043707 0.1695937 -1.6348026 -1.0297258 -0.64435583 -1.088282 -1.2401993 -1.3123444 -0.34178 -0.22562484 1.7255313 -1.0675063 -1.8917835 -0.5559642 -0.062339213 -0.23335615 -1.1753669 0.19130047 0.6066402 1.794869 -0.14904247 -1.3164926 -0.4809302 -1.3473256 -0.8602416 0.6578066 -0.0003251003 -0.4861643 -0.91450495 -0.6770722 -1.6679789 0.09423596 0.6480996 0.9986326 -1.1463544 0.75180787 0.6883358 0.2061907 -1.3304088 0.54790086 1.5493468 -0.76280016 -2.4902287 -1.5365667 1.2857289 2.7796054 -0.29225752 -0.5742442 -1.11041 1.4924096 1.1276016 1.0634612 1.0140756 1.5141128 -1.3761001 -0.9075544 0.59973747 0.65861875 -0.59096897 0.2672369 -0.5045355 -1.6452543 0.6336147 0.9638517 0.4044954 0.11419666 -0.44956186 0.41841862 0.121566884 -1.8019428 0.8489246 -1.5217885 0.9534526 -1.4091564 0.6980411 -2.9313366 -0.023418033 -3.4986022 -0.42310116 0.90670997 0.7559774 -0.82514274 -0.98269534 1.2730103 0.34703422 1.0055774 1.0967501 -0.46105507 -0.04303883 1.1626434 0.8933612 0.59731895 -0.42285985 -1.3253537 -0.1841758 0.37769565 -1.3319093 -0.929217 1.0568426 -0.7721643 -0.24586698 0.6257456 -1.4488306 -0.9045161 -1.3035624 -1.3425434 0.057268627 0.9519213 -0.71471214 1.2338399 -0.6631421 -0.43181422 2.348429 -0.03189915 -1.4849944 0.223596 -0.111111395 0.6456927 1.5644202 -0.44920006 -0.41840822 0.38725495 -0.993689 -0.048424117 0.0021962537 -1.5249741 0.96118885 1.1690516 -1.1530384 0.71361727 1.1803341 -2.3518326 1.4364742 -1.8066188 -1.8280989 0.077517994 0.86367464 0.9640449 0.08765711 -0.29841644 -0.8474342 -0.41485274 -0.44086546 0.404883 0.4476895 -1.057922 -1.6030502 0.19759202 -0.39092073 0.95207304 0.6154125 0.17593262 -1.4592197 -0.53312176 0.5267263 1.2793272
wine 1.4010657 3.1666424 -1.1269323 -1.3465403 -0.99208766 -1.7414929 -0.29521924 0.33506268 2.2438366 -0.986424 -1.4677845 0.067398705 -0.34701017 0.45530006 0.5903474 0.65993863 0.72231525 -0.7806379 1.8880768 2.105463 -0.51605666 -1.3997757 -0.68664557 -1.6299894 -0.6180851 4.328998 0.0027041545 -1.6666112 -2.1859806 1.8535572 2.3935502 -0.046700407 3.5205748 -2.0190403 -2.620396 0.6992436 -0.02260912 1.1116506 -0.4225782 2.187234 1.4896418 -2.814835 0.5510811 1.1561878 -0.5993052 -2.3957148 2.9325726 -0.5055857 -1.2933099 -0.9941276 -1.8205024 1.5531646 -1.7140466 3.6997752 -0.28055272 -2.7313344 -1.2653886 1.2453685 -2.9759974 -2.2483134 0.9375929 -0.7539263 0.0019272353 -0.05108169 0.9472359 1.826355 1.3203679 -1.1139433 1.88439 0.5043999 -1.0160289 -1.0089258 -1.2712213 2.400111 0.46539187 2.1434958 -2.4751775 1.3885039 -1.0076231 0.88071835 -0.7201478 -0.35924223 -1.5126283 -2.2614102 -1.5117412 -2.3706741 -0.020649899 0.7849466 -2.0103693 1.1095845 1.3642049 -1.3273492 0.50806886 -0.45721844 -1.7329395 -0.30002996 4.2504106 -1.9319339 0.31592098 1.3547868 2.987892 1.66945 -0.38077867 0.752243 2.8344839 0.22938067 -1.174056 1.3660301 -3.154462 0.7379479 1.2842407 0.5516716 0.6026002 1.6469271 -3.755654 1.0056877 2.0413022 -1.1965146 -0.7454445 -1.7281169 -0.1490331 -0.99605083 0.033599455 0.81522995 0.32607982 2.174517 2.8454533 -1.009087 2.3518531 -1.7736132 0.24196723 0.4055584 -0.38181016 -1.6702025 2.142858 0.69973016 -1.0911012 -0.099285886 0.86553276 -0.6804375 2.831952 0.06904939 -1.7568305 1.0791459 -1.3469813 0.3727631 -2.6465316 0.10347771 -0.77720857 -3.054283 -1.3110635 0.44936356 -2.590083 -2.7592118 0.44920462 0.3186891 -2.0175397 0.0007966859 -0.04753376 -2.848488 -0.74742794 0.89685076 0.98102134 -0.50091076 1.2420646 2.4446478 1.2188324 -2.435637 1.222825 -0.36125433 -0.16040158 1.2633303 -2.151891 1.6257324 -2.7696106 -1.5681373 -1.6204108 0.6332377 1.628875 -1.7051364 -1.5083305 0.56210756 -3.2753818 1.3942287 0.2165306 -1.0214123 -1.9089206 -0.7548631 0.7401819 1.7934234 -1.6384571 1.7119274 -1.7425356 0.4496484 -0.35387498 0.8627241 -1.3352735 0.32963142 2.1358569 -0.29063278 -0.7822618 -0.032732997 -0.39560062 -0.6789396 -0.4777624 -0.63647455 -0.59166735 -2.4875424 -0.27819306 1.2814089 -1.8491335 0.28140014 2.4875948 -0.7908956 -0.8533532 2.8901165 -0.05917244 -3.1602247 -0.62336427 -2.904299 -1.7491933 -0.95220035 0.589814 -0.4127851 -1.7561848 -1.3371922 0.51564085 0.91138405 0.42538232 1.7638139 0.43932843 1.7150365 -1.2401129 -1.2502035 -0.9125717 -0.075779244 1.2892375 0.7396069 -1.7833909 -3.1603963 2.4572856 -2.1071281 0.2825498 0.83539057 0.17870203 0.48501337 -0.840816 -2.351418 -0.45660523 1.4097371 0.24735264 1.8115778 0.30814245 -0.86319 -1.1805034 0.6612085 2.6142044 2.9732006 -0.2013209 1.3858258 0.5165037 0.4059503 1.206688 -0.87967867 0.572469 -3.6087708 -0.665058 0.919526 -0.037225403 -1.9444103 2.8051426 -0.121095 -0.92086095 0.8776115 0.20074107 -4.633969 -0.63590586 0.71346676 -1.622913 -0.03964689 -2.6540685 -1.1254748 -0.9113388 0.6864997 -2.8273125 -0.5989359 1.2055988 -1.85618 -1.6300555 -0.71873695 0.527281 2.160279 -2.5895088 1.105444 1.5339196 1.0999025 -0.52816486 0.16099915 0.66917145 3.4284658
rose 0.72844756 1.7282822 -0.007807454 0.5087533 1.0743659 -2.8507347 -2.0622056 -0.8207564 1.341092 -1.0868118 -0.096731596 -0.31688797 0.25823045 1.5914956 -1.1431485 -0.37550685 0.88218653 -0.6947278 1.2975556 1.3978248 0.13408066 -0.7046719 0.14712524 -0.96982753 -0.36855745 0.8939775 1.2209245 -1.5174744 0.162579 -1.4541687 0.13318618 1.0830723 0.64899135 -0.030299477 0.028997635 1.0545421 -2.3939307 1.1335914 -2.9264677 1.4804677 -0.9556042 -0.60466206 -0.27882636 1.0667628 -0.6975318 -1.0926213 0.5906027 1.5081974 0.882735 0.30393198 -1.3466499 2.0094903 1.0432312 2.4557292 -0.4750046 -1.8804998 -0.08680515 -1.1446475 0.8019877 -1.6406486 0.061256476 0.664635 -1.5006763 -1.3692846 -1.9131615 -0.5864643 1.0620877 0.55386037 0.025756918 -0.73653674 0.062074646 -0.45211408 -0.4371124 1.6636256 -0.06646933 2.1028018 -1.6755532 1.5437456 -1.5677824 0.3579746 0.123097025 -0.53663105 -0.9387194 0.45878154 0.91511285 1.237796 -1.7852936 -0.45309243 1.168871 -1.282808 0.5323514 0.7723278 1.3254509 0.24108781 -1.1747041 -1.610826 0.20741576 -1.2971106 0.0020678297 -0.9289124 2.8705933 -1.1346473 1.7351794 -1.2420609 2.521809 0.26523548 -0.29274973 -0.92297757 -0.47185606 0.3881429 -0.1349322 -3.0038989 1.4035923 3.031753 -0.5762429 0.14893697 1.387684 1.631308 -0.63506806 -1.6336124 0.4597787 -0.20468138 -0.57653505 -0.6122974 -0.52413434 2.5577753 2.113902 0.35955262 1.5778626 0.8952098 -0.7166531 0.99382323 -2.8580484 -1.5992843 0.37420332 3.7715678 -2.306639 -1.998652 2.337405 0.23564002 -1.1101513 0.95076096 0.3238673 1.1350658 -0.9147351 -0.6958113 -1.7424368 0.52179164 0.905054 -0.31215253 0.71807235 -0.30864707 0.554972 1.699084 -0.5240037 -0.886661 1.4355859 -0.061813246 1.8241519 -0.5705149 -0.50290686 -0.8466607 2.0690756 0.7922049 -0.8699508 -0.6964715 -0.6863457 -0.08577618 -2.4884636 0.71666205 -0.9632995 0.22158836 -0.1969131 -0.7510027 -2.392697 -0.66630447 1.0831591 -0.2695473 1.274806 0.06911146 -0.2874103 -0.32326776 -0.061070777 0.7835192 -1.849637 -1.3910719 -0.175945 -0.09010279 0.19979179 2.119473 0.6324183 -0.16703251 -1.1276375 0.5329156 1.5040864 -0.3441121 0.255828 -0.1380715 -0.93775827 1.0827363 -0.27350718 0.53437185 1.4960672 0.19789273 -0.43114996 -1.0856553 0.9146232 0.18029417 -1.3305855 1.7835327 -0.4954463 -0.15415494 1.7634197 -0.9861199 1.4863716 0.9233282 0.15992907 -2.1886954 1.0422252 -1.3698691 1.175097 -2.3388798 -1.1385547 1.3208629 -2.019014 -0.06654139 -0.08743037 -0.0103143575 1.5421166 0.1694473 -0.15523554 0.5687291 -0.663303 -0.718015 0.10582084 -0.4494767 -0.7541223 0.30862334 0.28871614 -2.8752708 0.02268255 -1.1658725 -1.8211528 -0.071516894 -1.7554185 1.1047453 -0.77732205 -0.15630603 0.32461476 -0.94804484 2.464993 0.0017211469 0.26188383 0.20318332 1.0071507 -1.4489667 2.29898 -0.15343103 1.1896484 0.10564433 -0.7243949 2.4450366 -2.1986334 0.15325134 0.8497695 0.18715318 0.24375491 1.3089921 -0.31521025 -0.8119484 0.06953869 -0.8335749 0.5409193 2.2376904 -0.045774616 -1.6177173 2.9698746 -0.14501101 -0.14909174 0.6475811 -0.32924148 -0.0669619 1.0515149 -1.7788988 0.22315115 0.6258356 -0.3258892 0.946336 1.2462448 -0.23897266 -0.46244323 0.5655517 -0.36906117 -0.89061105 0.4404908 -0.8596432 -0.65735716 0.4116439 -1.0212592 0.53833884
beer 1.8856306 1.4707487 -0.4844394 -1.5869169 -1.1829506 -3.1568263 0.17076635 -0.27646756 1.4188223 -0.69995195 -1.7110096 0.6334241 -0.006848027 0.42604667 2.3887696 0.42249495 0.7654967 -0.10054519 2.7730327 0.04728033 0.06935974 -2.050633 0.07937952 0.4167704 -0.67704916 2.0644865 0.16341019 -1.502161 -2.7595465 0.9188302 2.2089903 -0.16098514 0.9084328 -1.662791 -1.6046377 1.8027831 1.460323 0.19632791 0.4458324 0.3703394 0.63241965 -1.7419407 3.155857 -0.26385164 1.1308953 -2.3356273 1.9616244 -1.0675135 -2.6727285 -3.4015903 0.06825507 0.045348037 -0.5341369 2.3721316 -0.87819374 -1.4983512 -0.7997614 2.7371562 -4.174477 -1.0445658 0.10138862 -1.5089264 -0.5565797 0.27745393 -0.28355953 1.8654814 0.38802728 -2.851952 0.37554497 1.1748958 -1.9141374 -2.1238182 -0.9757593 1.5655823 -0.27603698 1.3672878 -0.9982536 1.4378546 1.2043941 -0.47657424 -0.87244034 -0.044772062 -0.39277804 -3.1121268 -1.1044939 -0.49964756 -0.582864 -0.24885924 -1.5550445 2.4132118 -0.63582337 -1.1085249 -0.81960404 -1.6981345 -2.887683 -1.4554112 3.749081 -0.89045745 -1.0917398 0.6516403 2.5292442 2.693403 0.83244133 1.241915 0.004524665 0.5910054 0.18264356 2.580541 -3.1584494 1.7282857 1.3470073 -0.04018623 1.3456616 -2.4426425 -3.798784 -0.1401607 -0.18448299 -1.873837 1.0223569 -1.1178315 0.72315216 0.87880427 0.25614822 2.3370354 -0.0658235 1.1044197 1.9965509 0.818465 2.130088 -2.0746033 0.18262145 -1.5090821 -1.6907256 -2.8210897 0.78726846 0.43269676 -1.521457 0.7769437 1.671415 -1.7264607 3.464474 0.116522186 0.33129308 -1.6762283 1.193604 2.310235 -3.6907442 -0.4539635 0.49487105 -2.828609 -0.94670326 1.3739456 -2.0043182 -2.7717745 0.4610803 -1.5842321 -1.6360245 -0.1625084 -1.7005343 -1.931798 0.9095241 1.9378417 0.91415846 0.3237307 0.7747023 1.0415561 1.7088448 0.1510883 0.16233104 -0.5424816 1.1307899 0.99777925 -3.8008757 0.15421297 -1.6359005 -2.5170631 -0.42027467 0.85628676 -0.60752153 0.8802077 0.53674966 1.5209662 -2.298401 0.7795547 1.1856128 -1.9785299 -1.664139 -0.1749186 -0.59586084 1.5797993 -1.7134825 0.8770028 -1.1183721 1.426582 0.65554047 0.54761446 -0.23467645 -1.0691258 1.9580344 -1.3058041 1.0639681 -0.95300704 1.5245366 -0.61140454 -1.0572785 -2.5362225 0.4993033 -1.7292315 0.3487194 0.011292231 -0.9414914 -0.033389267 3.9387035 -0.5306952 -0.7901863 1.4117345 -0.30317307 -3.932252 -0.30915236 -1.6725047 -1.5519569 0.3983662 0.5995474 1.9537976 -1.6230417 0.27456927 -0.58456933 0.6584004 -0.87370753 3.6616654 0.75692165 -0.34265897 0.024979847 -1.6376729 -1.2564445 1.1687541 0.22488785 -0.2938854 -1.7838734 -2.5993733 3.2892418 -2.1652 0.20846975 0.5347653 0.047228515 2.163637 -2.3628333 -2.5531795 -0.89792645 -0.5261555 -0.120168515 1.7086349 -1.0153809 -0.42232734 0.27701747 -0.39278752 1.7926608 1.1944448 1.1077963 1.1608566 -0.39989176 1.7717717 -0.111324474 0.034376543 1.956577 -2.407136 1.4474219 0.7011926 0.7469983 -1.3241168 0.6057098 -1.8315452 -0.43363273 0.9283658 0.85306615 -2.4431152 0.9191198 -0.8326625 -2.5656092 0.19085155 -2.1976376 2.055437 0.24614985 -0.39647427 -2.6615634 0.96113086 -1.2282853 -1.1265478 -1.8396707 0.5665662 -1.4998795 0.9518953 -1.0402054 1.569409 1.580547 1.827404 -0.5005875 -1.1710166 -1.2304965 1.2708071
tea 1.4820067 1.3315446 -1.437611 -0.24533573 0.35278952 -0.12970446 1.1971296 -0.81840837 1.7905042 -2.220699 -1.5907208 1.4179585 -1.1708425 -0.415304 -0.7265931 2.0710597 0.3177043 1.3797312 2.0463176 3.215148 -0.04010062 -1.0778378 -1.2684064 0.36085662 1.1442435 3.4252584 0.20184952 -2.7950175 -3.420896 1.4633127 1.8054966 0.88472736 -1.8051943 -2.1999276 -3.9435773 0.90219027 0.15440132 -0.7042749 -2.738632 0.30958673 2.607037 -2.2205594 1.7761607 0.82369953 -0.22420631 0.52165693 0.73271984 0.75160146 -2.8172486 -2.1893528 -2.4121678 0.9800203 -0.3317016 2.8232825 -1.0875663 -1.919489 -1.03906 0.7621451 -0.027913569 -1.9147593 0.14063099 -0.16355546 -0.5720327 -0.008832791 0.7774889 2.7521193 1.7167448 0.31701508 -0.67751676 2.3429875 -0.48745552 -0.4517603 -0.95839256 0.3420304 -0.5918171 0.5493796 -3.0995803 1.3404552 0.80204797 2.2685714 -2.8351662 0.5742871 1.1853044 -3.2152383 0.12614651 -0.1262615 -1.3019094 -3.268918 0.016315943 0.37719572 -2.0145376 0.2262443 0.16585706 1.9267443 -0.26293537 -2.005306 4.5776706 0.62617546 0.27861246 -0.6716485 3.289638 -1.3338237 0.59217197 0.49540067 0.5769875 1.3608463 -2.1167624 0.6222642 0.18255466 -2.2636313 1.0590078 -1.1855948 -0.7874921 0.33387062 -0.6698233 1.5097919 -0.52074385 0.6284177 0.047752105 -1.157945 1.8148495 -0.45913285 -0.5585818 -1.0068492 0.6555313 1.4433382 0.0029965674 1.9709789 2.9409235 -1.8717792 -4.1961846 1.0422463 -1.6292303 -3.0681684 1.306516 0.574783 -0.91419643 0.15388621 -2.5742807 -0.52729744 3.345709 1.8203005 -0.57333106 1.2667283 -0.72945666 2.3050334 -2.7873874 -3.4399662 0.04504952 -3.5492873 2.8233483 0.14212058 0.91373867 -2.0609603 2.6186323 -0.010978468 0.36174414 -0.3942523 -0.9475553 -1.6218026 -0.130449 -1.0044256 0.874605 -2.0673242 -1.6355835 1.5479146 0.86616284 0.8008823 -0.011370783 0.5644227 -0.50438267 2.0158486 0.06874504 1.3997909 -3.7658532 -2.2671096 -0.9334319 1.8054957 -0.50964093 -0.28374067 -1.1610458 -0.20008948 -0.7605749 0.825383 -0.009710973 0.4206377 -2.9245574 -0.9187001 2.2480154 1.7320192 2.7362337 0.5916126 -1.4140464 -0.013465701 -0.8165054 0.08985678 0.25509295 -0.2178473 1.1999544 -1.4338199 -0.3197765 -1.1237378 -1.5159616 -0.36905885 -1.1606336 -1.3718896 2.094172 -0.8633756 -1.3684053 0.19443168 -2.0309546 0.8309633 1.970472 -1.1501346 1.5182391 1.7015978 2.0364602 -1.8715184 0.5193289 -1.190489 -0.021295166 -1.2190014 -0.84737104 0.8452313 -0.9448647 -0.22629872 0.15083268 1.8548925 1.6224196 0.5140287 0.29981002 1.0305114 -1.2703314 -1.2478188 -1.4761342 0.34062523 -1.484301 -0.9690819 -0.33618203 -3.6843596 1.4525315 -0.18849778 0.5543267 -0.954087 0.07019779 2.7320178 -0.51121324 -1.7508453 -1.0313202 -0.25600585 1.5489036 1.1250892 0.3927786 1.027934 -0.74528813 -0.3930961 1.7301664 1.4141312 1.4481984 0.679576 0.23520748 0.0019233089 0.53901905 -1.0661534 0.18016455 -1.6868472 0.0656717 -0.43547025 -0.77013206 0.044758998 1.7346737 0.7339366 0.17421973 3.0579908 1.0357534 -3.3725147 0.8635723 -2.6916423 0.7498354 1.1659209 -0.677234 0.75037557 1.6315747 1.2824929 -1.4730358 0.9242505 -0.35973355 -1.6768605 -1.6788261 -0.72734916 -0.064605884 -3.0861697 -1.0098122 -0.62090373 4.3290663 1.9136415 -0.9733313 -0.7062588 -2.671937 1.2045643
orange 2.8374622 1.4274833 1.1294905 -1.3098187 1.7295191 1.203946 0.90981144 0.5378115 0.31175855 -1.8730208 -0.25325826 2.510327 -0.53326845 -0.19952129 -0.23961626 -0.25800386 -0.8830559 0.40640008 0.07726048 1.9240384 -0.114838265 -0.9652273 0.08427011 0.22156203 -2.016924 -0.047585726 1.3360895 -2.0401073 -2.363619 -0.6266354 1.635995 2.1524272 0.56358397 2.5231965 -0.55448794 -0.66046536 0.3433547 -0.9278914 -3.3385549 0.28372604 -1.0102183 -0.71547633 -0.8091839 -1.5939233 0.9269414 0.7034309 0.5247357 -0.57041746 -0.21928269 -1.8530855 -0.939635 0.68039715 3.1805525 0.069181934 -0.8998744 -1.1479335 -0.03670901 -1.2161385 -0.5743657 0.34203437 0.41872448 0.955576 -2.1079 0.9735512 -1.148471 0.74259263 2.0154574 -0.23481214 1.5446336 -0.35049415 -1.134603 -1.0568378 0.8195707 0.5519076 2.2887053 0.22793932 -1.9131562 -0.9287902 -1.4937505 -0.9371794 -1.8597571 -1.6331528 -0.74614257 -0.7663263 0.8170106 -0.5379402 -1.0964354 -1.6622181 0.56631964 -0.20617937 -0.49525306 -0.04932197 -1.1744281 0.757758 -2.4722242 -2.6274676 2.1402717 1.0104775 0.36150023 -0.34028986 2.4311862 2.0340304 1.5115921 -2.2304645 -0.14106713 -1.263238 1.0271746 0.44249874 -1.6245891 -0.7342585 0.355085 -0.6909265 0.9555297 -1.5119642 -1.413527 0.6296279 3.4803703 -0.9287226 1.2030599 -0.6075611 0.0031647559 -2.344167 1.2070558 -0.73568517 0.799127 1.2131724 1.5739056 0.36510426 0.52916867 -1.3518243 0.29114228 0.96716416 -2.1464753 0.8291989 1.3472681 4.617755 -0.49089727 -0.9872639 0.7017403 0.91108936 -2.8695982 2.1636522 -0.47498202 2.1080205 0.75348425 -0.32145944 -2.1189804 2.7428546 1.153973 -1.5168371 -0.55378777 0.538142 -1.6117423 -0.5142231 2.3057249 -1.3896368 -0.03717682 -0.5758798 2.5878308 0.7597415 1.6514356 -0.14761783 -0.13830484 1.6729374 -2.0846648 1.7283285 -1.2752569 0.44841155 1.0275775 -0.0925945 1.1581539 -0.48186588 -2.3542511 -3.025173 -3.256664 -1.6667395 -0.43363342 -1.9004743 2.5106733 1.407972 -1.272232 0.8923363 -0.17256066 -0.068110205 -2.2956984 -2.729661 -1.9827789 3.0020106 0.8576044 1.9096661 -1.2174863 -1.6979634 -0.46887648 1.5461278 0.06426872 2.2163048 -2.030448 -0.12129709 0.20122086 -1.9850836 -0.4442547 1.0942757 -0.37905335 3.9191325 1.3494611 -0.68928486 -1.0172644 2.49407 -2.1444151 1.2589004 -1.5699749 2.5707366 2.9640586 -0.1710927 0.86927855 1.5479319 0.9683529 0.894482 -2.846426 -0.35372037 0.34461218 -4.608095 -1.4851292 -1.0553303 -0.33182046 -0.9602245 -0.9528063 0.9323214 1.0745914 1.5325129 1.8083391 -0.33858514 2.248027 -2.3703725 -0.7437314 -1.0209714 0.06019314 -0.21619588 -3.0802164 -0.4901033 0.049054846 1.4496559 0.6223566 1.4678923 -0.9981023 0.102664486 -1.4260254 0.33779728 0.5745365 0.8289101 1.000894 -0.37402526 0.6677779 -0.89817 -0.8245837 -3.5892317 1.33342 -0.93726534 -0.7033286 0.36239144 -1.2420954 0.44090468 -1.025162 0.13848926 1.496434 1.4969943 -1.0556235 -1.0658163 1.8923174 0.1789916 0.17124014 -0.94154817 5.2708592 4.2296615 0.13337311 -1.3023595 1.0420836 -0.50442207 -1.2512996 -0.91788286 -0.68967223 -0.1006187 -0.3664474 -2.0989053 -0.9816957 -0.60841763 0.8252819 -0.5127669 1.3203708 1.3020574 -0.6315059 2.663039 -0.5988123 0.10560443 2.2267175 3.0140138 0.008632766 -1.072074 -3.7237325 1.7933127
bread 4.464892 0.96021646 -2.6781123 -2.718082 -3.861781 0.22128958 -0.14383218 -0.07806331 1.3840884 -1.312134 -2.5457346 1.3973874 0.17640455 -2.284061 -0.21512651 -2.689469 1.9412681 1.7859914 -0.37782118 -0.86677086 0.6149106 -0.5434731 -1.4494572 -2.0592566 0.53800666 1.7825943 -1.9427984 0.50657445 -0.1688575 0.75676453 1.9276973 -0.5693145 1.476828 -0.7725676 0.22903131 1.1211953 -1.194464 -2.1178315 0.43457043 2.8306463 3.8951018 -0.4513817 -0.20544204 2.3420372 -0.9144884 -2.940081 1.3254472 -1.119359 -0.8871569 -1.6826366 -0.29226297 0.9043834 -2.370741 1.1448262 -1.9376154 -1.1678553 -1.3704654 0.5523544 -1.675543 -0.95431536 1.9251301 -0.2023186 2.304786 -0.52870387 -1.8860081 -0.2444001 1.1022973 -1.552882 -2.7972581 0.6993285 0.29082504 -1.1159474 -0.82815456 2.6555166 1.192925 -0.16310182 -2.406364 -0.6705915 1.284254 0.03893524 -0.750024 0.6138141 -3.0816271 -0.9298403 -1.2766905 -0.21354209 0.62398297 -0.5664648 -1.6981456 0.5959564 -0.9217803 -1.1346356 -1.306628 -0.58571655 0.7551046 -0.19026396 3.696864 -1.7053756 -0.47959164 -1.0160977 2.7442307 -0.20245728 2.7918956 2.088383 5.1583457 1.4325107 -1.9667926 2.84512 -2.4517958 1.2233647 4.536869 0.05673458 0.50849473 2.0369344 -3.2705307 0.21930715 2.224879 -0.041130677 2.7813563 0.2909338 -1.7760077 -0.6732015 -0.6312091 2.2768812 0.98458886 -0.83264107 2.748313 -1.1570226 2.889463 -1.5764899 -2.646411 -0.35233134 1.7164786 -0.8474151 2.0011399 1.738036 1.4883004 -2.3592834 0.9367459 -0.5598724 1.0586406 -2.6306028 -0.49976966 -0.5282851 -0.10533061 1.3953731 -3.102867 -2.6958804 -0.48371345 -3.6167295 0.5184104 -0.71262765 0.17028475 -1.9529731 1.9102932 -0.0016910248 -0.1819279 -0.0002508877 -0.31662273 -2.3823144 -1.2363703 -0.3713109 1.7226741 1.1895038 -1.220743 -0.4879945 -0.99068505 1.7344562 -1.2353843 0.87687963 -0.27075604 -1.3680481 -1.0482804 0.65834266 -0.95537096 -2.0151544 -1.4980181 1.9852356 1.600235 1.2901105 -2.6289952 -0.089897245 -3.655317 -0.08749299 0.504117 -1.7057053 -1.875575 -0.8362784 1.2963915 1.8311917 1.473145 -3.1633985 -2.3168995 0.851037 -1.9268523 -0.14100473 -2.8527663 1.080238 2.7226863 -1.0294728 2.377458 -0.8624488 -1.4675218 0.21854565 1.3806915 -2.3596423 -1.16685 -0.52018297 -2.401788 1.2627518 -2.364387 1.5927907 0.14042118 -0.8150221 2.1151497 1.8752075 0.44919142 -2.2761033 -0.15167642 -1.725374 -0.9000846 -2.2542126 -2.2909791 1.1116397 0.19958976 0.7478258 -0.2225609 0.77178115 -0.034349736 0.07229763 1.2609158 0.19374509 -0.6653988 0.6492244 1.1208808 1.9080877 0.33532795 0.44037834 -2.8829916 -1.2331655 -0.37776992 -0.35334966 -1.32215 -1.7973931 1.6233138 1.6828609 -1.9958926 0.6642348 -2.7823136 1.4077592 -0.07005091 2.3877094 1.094271 2.7468407 0.5705866 -1.158898 0.39070436 1.5622419 -2.0186133 2.5241818 -0.072079174 -1.0074347 1.2126211 -1.4340764 -0.12084629 0.12953433 1.2133615 -0.17302085 0.7097493 -1.4330043 1.658736 0.9981834 -0.38069052 1.7985388 0.3326019 -3.4799318 -0.9446605 1.239891 -2.169487 -0.9769931 -1.6226609 -0.4231219 -0.25269344 0.04381759 -3.6744037 -1.6148493 -0.63130534 -1.9476203 -0.8425537 -1.9505733 0.52147204 0.08762013 0.9854838 1.3136209 3.0579476 1.7962548 -1.1852354 -0.6459246 1.2236041 1.8227644
cheese 3.6892555 3.6439352 -1.4692333 -0.78564084 -0.333247 1.5585953 0.47061795 1.1958032 3.435859 -1.6957612 -2.429412 1.3738319 0.39013064 -1.5531976 -0.93048126 -1.5446002 2.027326 -0.5013746 -0.10971611 -3.2683551 0.069777295 -0.80538857 -0.7923797 -2.7087576 -1.1900426 1.7354423 -0.5503398 -1.7811642 -0.11492007 -1.4584936 3.9482253 0.92540574 2.8656905 -1.2447202 1.2495714 -0.35480404 -2.2482467 -0.8888624 -0.53575534 3.3155842 1.2912279 0.044034433 -0.12304984 1.169115 0.0767671 -2.151714 4.610625 -0.89380866 -1.4703481 -0.84236336 -0.05012576 -1.5029694 0.3040651 0.58097243 -1.6516938 0.2558238 -2.1990848 1.5130985 -3.7065136 -0.1938481 1.1471597 1.5092446 1.1761185 -0.21790604 -3.5241675 -0.32234544 2.0098042 -3.3329847 -1.6048739 1.0838084 -1.4282646 -0.30577663 0.029184451 1.3200473 1.5061778 1.4405318 -0.8443571 -0.039712872 0.95365566 1.817078 -0.24919873 -1.6736339 -3.1540427 -1.2741358 -0.9729434 -0.19720942 -0.80654323 -0.4796556 -0.84069955 1.554785 0.023364946 -0.42275554 -2.0404582 0.16373609 0.05976107 -1.1074253 2.6979868 0.6910298 0.4291842 -1.0605758 1.1477865 2.1116726 1.0597955 1.2987676 1.9052925 0.62870836 -0.7776307 1.7181551 -2.0843987 0.21367642 3.7508378 1.341887 -0.67969215 -0.09932478 -2.720331 2.166094 2.9161794 -0.6458521 1.8567903 0.62203383 -1.0334116 -1.3708076 -1.1322368 1.3492714 -0.21631296 -0.7465274 1.2985597 -0.16434817 2.796944 -0.89179075 -1.3697486 -0.5921062 0.4454776 -0.6876409 1.0581368 -0.9316549 2.0484974 -1.2750832 -1.2901927 0.38308418 -0.4842964 -0.11189372 -0.7531598 1.7151939 -0.6334653 0.19472535 -1.6116128 -1.8706185 1.4162416 -3.3369665 -1.832518 -0.7050519 -2.2450786 -2.4174683 0.43290737 -0.34511173 1.4138868 -1.0610635 0.40519878 -0.88287663 -0.72969484 1.1035639 0.29508543 -0.71354 0.15468766 0.3526973 1.275172 0.6741907 0.20196056 0.36034635 1.402974 -0.32061538 -2.6442516 1.0470452 -1.3041117 -2.9245064 0.3357376 2.4826043 2.2728775 0.6763884 -1.8759481 -1.2625723 -2.7765589 -0.124329634 1.1433283 -1.5514501 -2.6352568 0.20914495 0.21068083 2.5151505 0.29758665 -0.66945755 -1.2566793 0.7501258 0.55261075 0.49272364 0.7226528 0.9968139 1.8759886 -0.76181966 0.7744971 0.56936765 -0.9850832 0.13893604 0.73260814 -1.8542426 -1.4034057 0.356345 -1.7942107 -0.004006092 -1.9793589 3.1350691 0.6726265 -1.9282751 4.053129 2.4230487 0.3330614 -2.160483 -0.9224115 -1.8282117 -1.70571 -3.1520689 0.51508003 -0.46213147 -0.5392069 1.205391 0.059285484 3.1772406 1.2716838 3.3018498 1.5740769 -1.035348 -1.3082709 -1.0491338 2.013523 0.98339945 0.6702366 -0.1971952 -2.9825172 -2.2995503 0.8578986 -0.8298041 1.6964301 -0.71072775 1.4403801 1.1214315 0.7402993 -0.057414573 -2.5531638 0.19172512 0.9091204 2.2530794 0.074665695 0.090425014 -0.020390157 -1.7634288 1.7558433 1.7724732 0.78074354 0.90391576 0.36379287 -1.0777882 -0.11487307 -3.2145684 0.3991012 -1.5768323 0.2600125 0.1920667 -0.30910742 -3.8700056 0.8005561 0.16583101 -0.16502543 1.3784637 0.4811233 -1.689429 -1.3801619 0.15666372 -0.89252484 1.183152 -1.6508324 2.3999069 -0.70567214 -0.5386417 -3.3586001 -1.2229228 -1.4528673 -1.1351111 1.0012459 -0.214459 -1.1623589 2.23978 0.2455978 2.483347 2.8423615 1.8031374 -2.5238278 -0.84200454 -0.15306042 3.3323
grass 1.6060447 1.9373088 0.70926553 0.06040793 2.2459521 -1.0754138 -0.006658574 -0.67302257 -0.5689186 -0.3732768 0.22623338 0.2383828 0.4876114 -2.482905 -0.9585202 0.2168867 -0.21424592 -0.14981844 0.9545294 1.1875732 -1.5072045 -0.05779608 -1.0784324 -1.3359077 1.2013556 1.2663623 -0.56510633 -1.8237127 0.54977584 -0.43529037 2.0106995 -1.3894391 0.22193532 -3.5161128 -3.9757729 -1.4376211 0.5731093 -2.6341326 -2.8830695 -1.9203506 1.4745821 -2.7751474 2.350132 -2.14785 1.9802598 -0.32171944 2.581904 -0.99438864 -0.45393834 1.0059648 1.2429181 1.0886679 4.007274 0.7748927 -0.74648285 -1.4588584 -2.2824228 0.095921114 -0.6145051 -1.1682217 0.2216686 -0.8512032 -0.026263144 0.564968 -4.076357 -1.6250594 2.5350657 2.2124338 1.2427616 -1.2902461 -0.20540975 -0.18909653 3.425185 -0.8461775 -1.9255152 -1.0339851 1.0824318 -0.30720875 -0.44295678 -0.03581175 -0.5476959 -0.04828351 -1.9009049 -0.4831528 -0.033208728 2.3763204 -0.8408373 2.2654424 0.48705277 -0.12100262 -1.6085385 -0.27582344 -1.4973587 -1.6027595 0.2821353 1.2180517 3.2142842 -1.8076143 0.77684176 -0.97450024 0.97191995 -0.37018946 3.0412152 -0.5228172 4.551192 0.72073096 1.549934 0.20195909 -1.9052916 -0.39228407 3.9493282 0.107957676 1.9035745 -1.5307952 -2.1885402 -0.0082156565 3.1786618 -4.5074077 1.8822861 -0.6851676 0.005561625 -3.0415015 -0.54144645 -0.8993004 3.8317266 2.3175924 1.2414775 1.456353 2.090389 -2.3725052 -4.4157743 2.507665 -0.31707227 -0.1337598 2.5733263 5.0839252 1.8453149 -2.238402 2.6211002 -2.2228475 -1.5745543 2.5064483 2.5636802 1.7584982 -0.24873869 -1.6197118 -2.202015 -1.339194 -2.0984974 0.6385171 -0.83916384 1.0901599 2.1638582 -0.057197466 -1.7817571 2.0208325 1.1944684 -0.17123146 0.5977585 1.9312631 2.247747 0.42805782 0.53773624 1.8033822 -0.6758841 0.8733987 2.128848 2.4983625 0.77059376 -0.11560495 0.1674168 -0.8062543 -1.8984894 -0.2548721 -0.56220293 -1.7603717 0.33805066 -2.3070421 -0.5832039 -0.2213066 -1.455285 -1.8150978 0.570069 0.09210581 0.38915896 -1.1864167 -3.1670818 -0.71220535 -0.005448049 2.898408 1.3341737 -5.616917 0.5821245 1.3558371 -2.0379539 -0.28914404 -0.59252864 -0.44687623 -0.19237214 -1.4127239 -0.5428416 -2.3682122 -1.037995 0.076386765 -0.3627259 -1.5898414 0.5391604 1.4378729 -0.9419022 1.41034 0.08398935 0.15843542 -0.5267235 -1.7824134 0.16918759 -0.0027051992 0.99628526 -3.9376905 -0.12115704 -2.2379549 0.012291067 -1.8800577 -1.267587 0.7655142 0.51383907 1.5043097 -1.6934099 -0.600212 0.800584 1.5610725 0.93240154 -0.70930654 -1.5175279 -0.15034328 -0.24042234 0.02735865 -1.767882 -3.327171 -2.463405 -1.7713226 -3.4748063 -1.6204728 -1.2856733 -1.4548876 -1.6585083 -0.20903644 -0.018973922 2.3584936 -1.5399477 0.7882227 1.9101692 -1.1256903 0.21248084 0.2817635 1.894824 -1.9033319 0.53205746 -1.3257014 -2.0556438 2.047298 -2.2344573 2.0800395 -0.5483096 0.75145495 0.45652378 -0.625875 -0.71908146 -1.3648428 -0.78129655 -1.0649052 1.4588314 -2.5960047 2.6945837 2.7245016 -0.22339223 1.2348887 1.5638342 2.529763 0.7199922 -0.16967124 -3.0081065 0.9055088 4.984473 -2.580936 -2.4041095 0.60169643 -1.6584146 -0.08181781 0.15417011 0.06402984 -1.0039076 1.7290884 0.14738628 0.17804915 2.2677305 1.8091569 -0.12380076 -2.3070047 -1.8561162 0.5932032
vegetable 2.4271982 1.8206613 1.4610729 -2.3438423 -0.30478805 -0.57983553 -0.18166311 1.5033085 1.0009036 -2.153222 -0.5001541 0.88698214 2.0450027 -2.8370714 -1.2481335 -1.8708596 -0.53339887 0.32220677 -1.0588194 0.87734056 2.0070682 -0.1647365 -0.4731346 -3.9928584 -0.24496396 2.225278 -1.703826 -1.0788612 -0.29536688 1.9834719 4.221574 -0.54410607 2.0546181 -3.6403196 0.3820609 -1.8247082 -0.56844985 -0.5420459 -1.6399158 2.400953 2.667573 -0.44352666 -1.3999741 -0.49196416 2.6356218 -3.5933366 3.0371969 -2.208099 0.4703693 -0.29813388 -0.6392851 0.31798148 1.7136903 1.7571715 -0.6179376 -0.51708287 -1.8827349 1.2085931 -1.3777666 0.5078108 -0.1817295 0.77610016 0.85694665 -0.12597734 -3.574241 -0.23941812 0.7112795 0.20142381 0.48833114 1.0929117 0.60330665 0.024466308 2.268603 2.3534338 1.0356672 1.3151098 0.22345477 1.2207264 -0.38654196 2.4740582 -3.096938 2.472949 -1.5287218 -1.8578908 -0.7419419 0.08912669 1.2251343 0.14688069 -1.0852696 -1.5252345 0.31197783 0.0076401196 -0.6803179 -1.4418391 0.3700354 0.041953094 2.7602623 -0.5146081 2.937417 -0.22240949 1.7639364 -0.14924215 1.3857437 0.6158871 1.7354827 2.8776248 -0.73809844 1.9756992 0.24179237 1.1421535 2.6783378 0.6281633 1.8348429 0.32721615 -3.0240097 2.4069219 1.1922653 -2.2220285 1.019387 -0.67808074 -0.28233513 -1.7769645 -0.7896846 1.68546 1.0208226 -0.009300725 1.0765615 -0.72395754 3.7463439 -1.1666732 -2.0612624 -0.6029158 0.4256285 1.3561878 1.4087011 1.2524023 3.9462233 -1.4744533 0.6855379 -1.0379006 -0.52893823 -0.22491284 0.4582186 1.5693874 -1.3511275 0.008677993 -2.2702832 -0.3481921 0.26306105 -3.4426098 -1.6632481 0.79297274 -1.1313765 -3.5499058 0.8829311 0.91447043 -1.0778844 -1.6105257 -0.12989809 -2.1208653 -0.40363005 -2.9040513 1.3688676 1.5296202 -3.2209332 0.70574874 2.1559615 -1.2227651 -0.45291898 -0.77716494 -0.69699514 0.4572112 -0.872596 -0.1628318 -1.7440652 -2.4569478 -0.33725068 -1.5678619 -0.25632966 -0.14133021 1.2242832 -0.43203855 -2.6464655 2.3893573 0.76919216 -1.1801653 -4.066622 -0.5118993 -0.9932217 2.8108413 0.26155457 -3.7082229 -0.36663157 2.0215323 1.2488098 1.7372146 -2.457622 -0.73128957 2.24949 -1.2556057 -0.33594185 -1.87437 -0.060514882 -1.2440369 -0.2278252 -1.1101047 -0.08387998 0.77751684 -1.9672208 1.4093509 -0.70329314 0.53861934 1.4656942 -1.3834972 2.8050508 1.0292358 2.1046393 -0.77328897 -0.7878963 0.027977608 -1.4452103 -3.3587086 -1.3913822 2.2114108 1.0649011 -0.1900827 0.6793011 1.5674409 0.55853415 2.4969528 0.89029765 -1.0310581 0.62214065 -0.5380775 1.1775745 -0.23567197 1.243412 -1.7222208 -2.4241252 -0.16894586 2.4901257 -0.016994158 -0.9255768 -0.5904088 0.50496876 1.1077412 -0.3214278 -0.8634342 -0.62564987 1.3273871 1.2943804 1.837215 -0.53527737 2.6503558 -0.6142006 -1.4473999 1.1269478 1.5120702 -1.452355 1.6100876 -1.5974699 -0.42072248 1.8381135 -3.157811 1.1126232 -2.191836 -0.27697092 -0.8213172 0.763925 -0.79979 2.3125162 -0.2494215 0.3052235 0.7870879 -0.39174315 1.6033517 0.46966666 2.2128077 -1.0501927 0.67086035 -1.5975991 0.25570154 0.036457412 0.064765304 -0.2946972 -0.15387431 -1.6078362 -1.3146391 -1.2536663 0.43886852 -2.8690267 3.7185512 0.2139721 1.6796613 1.966994 2.4962187 -3.145748 -0.59056073 1.0438899 1.7759199
mouse -0.22038038 1.4339334 -0.6938368 -0.32427225 1.0746698 0.5510581 -0.6750897 2.0819716 1.3308654 1.5143925 -3.4753735 -0.87208545 1.5155154 -0.28370845 -0.81139505 -0.10025502 1.3243706 -0.2168007 2.0623884 -2.4433763 -1.0562203 -0.60384417 3.8486972 1.0592682 0.42702967 1.4412702 2.6408334 0.32033512 0.8831966 -2.613955 2.11708 -0.053395305 1.4876531 -1.7876052 0.19876933 0.5919773 -1.4589921 0.8112254 -1.0877764 -0.9172196 1.7193667 0.8605357 0.7005944 -0.5916734 3.49516 -0.31296724 -0.04637183 0.70372415 -0.9533079 -1.7646185 0.6049982 1.9038345 0.7901641 -1.163666 1.9286811 1.6756959 -1.3024445 2.9651606 0.8581505 2.1451643 -1.7519261 -0.47462666 -1.2608548 1.9363368 -2.7460375 1.7597394 2.6140444 -2.2297802 -1.9587277 0.6430587 1.7062747 -0.4075899 0.47547108 -0.00030931976 3.6111965 0.019512042 0.6490396 -1.5741708 1.0487266 0.74914515 -0.54187006 -0.5707757 -0.38545844 -0.87186897 0.4856878 -1.6342728 -1.658088 -0.30029336 2.1581993 -0.5763447 -1.1369296 -1.6592354 -2.4296498 -0.53586084 1.7013056 -0.73205084 3.5550768 -0.20672992 2.0798228 -1.9867414 -0.9317443 0.53852415 -0.11428868 0.27274853 0.7530638 2.048508 1.8542905 -1.4078829 -0.89740217 0.043006923 -0.24411659 0.7076825 -0.32684612 -2.60054 -2.0836172 -0.6707855 0.78415436 -2.303673 1.0318792 -1.1694123 -0.23536187 -1.1476808 -0.86484236 -1.4498863 2.0842655 -1.0463549 2.2454808 -0.43343097 0.9720553 1.3634558 1.9290144 -0.901828 -3.167606 0.29644227 -1.378034 0.17894241 1.1557603 -2.857232 3.35095 -3.2530556 -1.9798745 0.8858516 -0.4379443 -0.46353024 0.33754656 -0.24633722 -0.57873636 1.6006291 -1.3965622 -1.4176589 -1.4310273 -1.996219 3.3023984 -1.9258513 -0.78021884 0.25818923 0.00038794827 0.86310947 0.9096116 1.1212183 1.4154018 0.98190945 1.1781851 -0.035884004 -1.4324881 -0.67148066 2.0073447 1.6528754 -0.044189524 0.43106982 1.5044408 -1.1271249 1.8891282 -0.8779749 -2.9353194 0.07506918 -1.4884948 0.8993538 1.5467376 1.2710707 0.29346514 -1.5113664 1.3398236 -2.0044022 0.14674094 -1.0683194 -1.3360109 -2.3048236 0.37148008 -0.31601438 -3.090665 -1.3899415 -1.0910352 1.0398073 -0.8589238 0.8957833 1.7319247 -0.29205537 2.3699434 0.3307354 -3.235464 1.8900603 -3.856145 -0.17020231 0.32707554 -1.1815454 -0.8079823 2.9945738 1.2051817 -0.72661924 -1.4848036 0.80480874 0.08068531 -1.925027 -0.5935026 2.507885 -1.2471577 -3.0870352 0.4675812 -1.9087905 0.90758735 -0.46583554 0.49685872 -1.7031715 1.0399451 0.9670333 -0.7753982 0.16663188 -1.0631322 4.0024433 1.4195145 -0.95793235 -1.8477367 -0.46863723 -2.4557874 0.78494996 -0.78049886 3.082292 0.95332897 -2.84345 -2.1205459 0.15714741 -0.4929179 -0.47366834 1.5823649 -1.375962 -1.6629655 -0.2556423 0.56043047 -0.7702581 1.3984758 0.05668898 1.842102 2.3377788 1.519502 -2.8771703 -0.2300948 -0.43165067 -1.8919941 -1.4775642 0.03093894 2.7984974 0.29389733 -4.3388596 0.24031378 0.55861306 0.85978496 -0.018848147 -0.19970314 -1.8072994 0.011280124 -0.10278463 0.042128865 -1.6058215 -0.88775027 3.1974206 -0.24524058 3.4765186 1.4674559 2.7166314 1.2648222 1.6222551 -0.21249017 -0.2809025 -0.8582694 -0.6608327 -1.9943198 -0.5575626 -2.39317 1.7858617 -0.42020056 0.95264214 1.7277193 1.2468547 -0.7372544 3.3593073 -1.3252172 -3.3907776 -2.319421 0.5625437
potato 1.2240415 1.3347195 1.4807792 0.1824079 1.2151351 -0.33967263 0.17570509 1.7640511 2.1323047 -2.518644 -1.6672064 2.027918 2.3471303 -1.1677577 0.4504187 -2.717775 1.1317731 0.06395597 -0.12369615 -0.56205565 0.9985683 -0.8737717 -2.0036345 -2.7049499 0.31855237 2.0449638 -0.6609624 -0.76469105 -0.79164773 0.5815744 3.042118 -0.2156694 0.7945704 0.2735335 -0.43978676 -0.5320011 0.56923234 -2.0962768 -1.8488495 2.6616528 3.9618046 -0.80651045 0.02583621 0.73464346 1.5706291 -0.98993546 2.9191735 -1.6644706 -1.1400753 -0.86292076 -0.62861633 -1.0082932 1.9691288 0.39881712 -0.745981 -0.5297407 -1.9881558 -0.112663165 -0.15803072 0.45403606 1.6991892 -0.075911604 0.10496504 0.28751862 -4.466264 0.46387663 2.0757043 -1.3841534 -0.2765033 0.13342138 0.5146313 -1.0355422 0.05958635 0.8460297 1.7998538 0.5275312 0.44778565 0.70847344 0.2026791 0.12260395 0.014704293 0.106947884 -1.7964311 -0.37966275 -0.8334257 1.3724885 0.3277528 -0.65752965 -0.3469238 0.33576795 -0.6281626 -0.3303987 -2.0495899 0.6387092 0.9440823 -1.1393093 1.8259797 -1.4954034 1.5296994 -0.80237913 1.7869173 0.7382551 1.3365195 -0.63394934 -0.21052034 1.4377476 0.10983159 0.9689681 -2.1107383 1.5243894 3.4053268 0.05324226 3.4632201 -0.11977888 -1.0918837 0.60969853 2.156071 -0.55959177 2.4259236 0.1582264 -0.10979987 -0.3826087 -1.2172118 1.4534568 -0.74374145 -1.6030726 0.77636427 -1.2257514 3.9659312 -1.3586099 -1.9604793 -3.3618984 0.28029594 1.6539543 -0.32607713 2.2937372 2.1470253 -0.53367877 -0.8765671 0.6541648 -1.3278201 -0.21522468 1.7628884 2.6116965 -1.0232205 0.47659335 -0.7771715 0.37998417 0.7549217 -3.1825101 0.62225974 -0.7702232 0.09250199 -1.0311328 0.7471849 0.6990202 -0.035808176 0.025318338 1.2915716 -0.49671435 0.63201314 -1.3054726 -0.31857142 -0.24896498 -1.3958642 0.13647194 0.5596095 -0.03401669 1.5168365 -1.6656929 0.31943545 2.0518625 -0.0074452846 -0.48043078 -1.3887256 -2.8916147 -0.8866926 0.2614733 0.4236556 2.1487088 0.40105435 0.81157494 -2.6577306 0.48434508 1.2345679 -1.1617839 -2.9371226 -1.7461904 -1.7197019 3.2442627 0.6030487 -2.9386244 -1.8875011 1.1754911 0.94548297 -0.07283261 -1.9449689 1.5127082 1.0437073 -1.7637603 -0.083550386 -1.2837723 -0.7745298 0.97688025 1.0471241 -4.1698427 -0.27851066 2.0637128 -1.9200922 1.4400818 -1.8415111 0.16622552 1.8100876 -0.93160295 1.3703157 3.756935 1.8071051 -1.7799855 -1.8615307 -1.9036771 -1.0044107 -1.319081 -3.1295953 0.05379595 -0.044846 0.44624662 -1.0120721 -1.1951004 0.9646832 1.5990694 0.83751 -2.564835 -0.66041255 -0.5716891 1.4624627 0.7478766 2.0192492 0.11223172 -1.4624181 -0.4510857 0.26453424 -0.55579954 -0.9769691 0.61406636 0.7559134 0.83374584 -1.0981513 -2.3922346 -1.6744947 1.4597033 0.9096944 1.0325961 0.14657533 2.2911701 1.6024178 -0.14135683 1.0865667 0.083263196 -1.4054652 2.6815996 0.74473596 -1.0976646 0.8252938 -1.9267962 0.07611645 -0.96903884 0.45693156 -2.3865921 0.093122736 -1.6180547 1.6240827 0.90511745 -0.38135087 2.8543205 0.2065741 0.832213 1.0723201 1.7044543 -0.17235608 0.05178999 -3.295372 0.27853504 -0.5209757 0.49120435 -3.9394362 -0.71122944 -1.2490076 0.19723406 0.28208125 -1.1622277 -0.7649209 2.9579988 0.25922188 0.47488546 2.3632114 3.0922408 -2.5221946 -0.66080755 -1.5111157 3.3098462
onion 2.2568889 1.1166253 2.192171 -1.2833203 1.0271231 0.7183677 1.6195571 0.45757687 0.09590496 -0.4728337 -1.6324561 2.3711295 0.16420339 -1.6883568 1.5322706 -3.8438551 3.1308863 -0.744534 -0.0042660683 -0.087836824 0.9137063 0.44413504 -1.547515 -3.051192 0.8759779 1.067857 1.25268 -1.1501038 -1.632084 0.5680311 3.4528143 -0.22012304 -0.020799998 1.0983025 2.0342584 -1.252095 -2.33584 -0.5710129 -2.6644378 3.393133 2.8412998 -1.1580681 0.0017591547 -0.26895082 2.3739078 -2.229812 3.3486152 -1.0858247 -1.3772401 -3.5082362 -2.1303716 -0.2814256 2.0645137 0.77956253 -1.6824172 0.23182206 -1.3179646 -1.9237359 -0.9756125 -0.79667854 -0.08998654 0.39424887 0.4153262 1.3259991 -5.631502 1.2287158 1.3591623 -0.38655612 0.84983003 0.82483834 0.2034146 0.51858103 0.6550073 0.2276676 0.23128808 0.22320506 1.6589729 -2.0378666 0.40661395 1.1336321 -0.6058941 0.97151345 -2.5950482 0.23938246 -0.74548465 0.42918688 -1.3479885 -0.4772292 0.3912622 -1.0483611 -1.125505 -0.85613513 -1.2621492 0.5159373 -1.6560136 -0.61969924 2.906815 0.08091711 2.7499535 1.2243689 0.9876816 0.06497135 2.3332448 -0.55457413 1.6441599 2.0872562 -1.2589029 -0.080335215 -3.7132106 0.24658035 2.5501325 1.8467056 1.453731 0.5725171 -1.929855 1.7249641 2.530427 -0.016284037 1.9747299 -1.4006345 0.15584475 -3.0277295 -1.1524208 0.49044916 1.2757138 -0.49809685 0.41398925 0.7948026 1.70919 -1.4217826 -1.0441005 0.26029623 -1.4974266 1.2547939 -0.79207927 2.8773577 0.99612445 -0.6498918 1.046738 -2.7389667 -1.2120798 0.011895064 1.224854 3.1935825 -0.96742827 1.058478 1.0953637 -1.0483146 2.9985337 -3.4491096 0.11540234 1.5930374 -1.4865315 -0.9110064 0.23861724 1.7310269 -1.1183867 0.06604007 1.9338354 -1.3201835 0.8421634 -1.5542912 -0.69527966 2.029569 -2.634663 -0.21476443 -2.007354 2.1107914 1.2565049 -1.555925 2.6672456 1.6119436 -2.0081048 0.4964314 -2.2347705 -2.6954513 0.22662929 0.5075124 2.1289387 0.55374205 -0.49301922 0.8844685 -1.5353467 -1.2357763 -0.32260716 -1.9825492 -2.0330133 -1.1735626 0.1904324 2.9418485 1.7227559 -1.9220338 -1.7075411 0.2564086 0.9134647 -0.44191673 -1.6170647 1.1426511 0.42400756 -3.1768517 -0.3343712 -0.71199304 -0.62781775 0.9663587 3.3513923 -0.8581681 -1.5211471 0.79443955 -1.4883356 3.1838336 -0.91865236 -0.46988082 3.2259793 -1.2978649 3.5524652 3.2360198 1.3940948 -0.1767715 -3.3293166 -1.9193231 -0.8210218 -2.8752096 -2.1669939 0.8938175 -0.062156767 2.178974 0.688534 -1.0562807 2.6675918 2.339737 0.5709037 -2.5068178 1.1347548 -0.45449778 0.18949291 -0.76533157 0.7458482 -0.50531304 -1.0561277 2.1209726 -0.762935 -1.86726 0.2640186 0.3443646 1.9394213 -0.09049925 0.051099107 -2.7724829 -1.2031201 3.6361177 0.46708152 2.9182653 -0.58068144 1.4909172 1.1374073 -2.6603985 0.35686478 0.59536827 0.84884596 1.66042 0.18217695 0.20365916 -0.39685452 -0.66629535 -0.7530945 -0.702203 -0.6419059 -0.6886186 -0.29669863 -2.0045664 2.5528626 2.9156275 -0.46940202 3.5193326 0.72204095 -1.12623 1.8388515 3.1246123 1.6025373 0.26110587 0.08485088 -0.5357095 -0.10248469 0.3299958 -1.2718904 -1.7114774 0.69870365 -2.0760567 1.9334829 -0.2839467 -1.17966 2.7229924 -1.1450539 1.1484305 2.6059375 2.6230128 -3.3744643 0.7444143 -2.4037936 4.9113827
chocolate 2.9950488 2.192344 -1.817708 -1.4604019 -1.5961107 -0.3160546 -0.50303745 1.3090907 3.467795 -0.551595 -2.4034405 1.5564946 0.8241963 -0.15313411 -1.1033746 -1.3176745 1.232667 0.4037128 1.0149193 -0.14206922 -0.5042819 -0.91662985 -0.8251858 -0.5286791 1.1006263 0.67626756 0.17138037 -0.55763423 -0.5505132 -0.38443393 3.8377562 0.670495 1.538507 -0.4542145 1.3474424 0.54724026 -3.9902253 -0.5148084 -2.2794795 1.9558322 1.5872446 -0.11990025 -0.47792926 1.0240996 -0.18585725 -2.7341447 1.9891074 -1.236112 -1.3554177 -0.42244443 0.64434344 -0.72761416 0.5678074 0.65647537 -0.81360644 -1.4640326 -2.7837198 1.6365013 -2.330846 -1.6722078 1.0631118 -0.89531213 -0.45233163 0.8116793 0.1684896 0.26892903 -0.013225124 -0.83072865 -1.1447704 0.0828952 -1.6531546 -2.1097872 0.45105824 0.96221876 1.927151 0.2556908 -3.0948045 0.5680666 1.8935668 -0.31784615 -1.3346819 -0.7250436 -0.7029149 -1.1913939 -0.37142465 -1.37979 -0.7109349 -1.1991235 -0.79710656 0.7017628 -0.2934883 0.08941705 -1.317005 -0.4438768 -0.42280993 -1.3237834 2.744094 0.96439826 -0.009935068 -1.9025954 2.1444027 0.5956974 2.388518 -0.47365785 1.9566348 -0.3868661 -2.2136545 0.22766039 -1.3654191 1.6337335 2.7241793 0.24946183 -0.79651284 -0.108886324 -2.3591723 1.5838447 0.7395275 0.3214353 1.5229926 -1.2177459 -0.0634704 0.41259408 -1.082906 -0.6271623 0.2885129 0.9217716 2.6926584 -0.19691198 0.79212 -0.6215388 -0.19869158 -1.4484593 0.48055154 -0.2656681 1.8280001 0.5477461 -0.52620965 -2.0482507 1.0148963 0.57245535 0.87666285 -0.011241838 -0.9083309 0.15144582 0.93167096 1.5898249 -2.8231244 0.20615362 1.2356491 -3.1639674 -0.2582437 -1.7948694 -0.67498 -3.2310472 0.96573216 -0.7875442 -0.17283379 -0.74598104 1.2623882 -1.1024818 -0.7474712 3.223939 1.9565588 -0.41902086 -0.85499954 -0.9154227 -0.2203006 -0.7568361 -0.96019334 0.54240847 -0.11001767 -1.4930964 0.0135295 -1.1901846 -3.776998 -0.48806778 -0.5177417 0.6417772 1.0902457 2.9210227 -0.99132526 0.45896628 -1.8984227 1.4894903 1.4450859 -1.3932755 -1.9281186 0.5944926 1.3500794 2.394212 -0.26352283 0.22755001 -1.6457549 0.7950118 1.144049 1.2606276 -0.56793463 0.98046845 1.1669489 0.020463215 -0.024470752 -0.61230475 -0.65473014 1.6427917 1.2976023 -1.606228 -0.63618845 0.03354306 -1.6762855 0.3966004 -2.5585854 1.1384598 0.5993423 -1.7523618 2.0740786 1.0819055 0.80470455 -3.1997814 -2.06401 -0.5139274 -2.9196236 -3.0436766 -1.1321611 0.78546774 -0.93602467 0.77795273 -0.1244559 0.9053128 1.8054981 2.220951 1.7131255 -0.44554773 -0.21778491 -0.5915823 0.5459651 0.6266774 -0.028829034 1.5835825 -2.2082922 -2.2246137 1.5836855 -0.74876916 1.5655566 -2.375808 0.41088763 1.9410273 -1.3786972 0.07542466 -2.0555265 -1.4774624 2.73357 1.1722311 1.2022201 -0.8193485 -0.3743648 -2.47313 2.4902513 0.19004872 -1.6534472 1.11029 0.011582732 1.3041946 0.47343475 -1.4850713 0.33047813 0.36086464 -0.9472398 -1.2825811 -1.3959528 -0.61916906 1.6350048 0.0012790285 0.5702734 2.2750993 0.6582339 -2.2556517 0.26232746 -1.5385311 -3.2993226 0.49188888 -2.446429 0.8666939 1.2099073 0.1426023 -1.6356097 -1.7717568 -2.055119 -1.5389005 0.2557993 -0.3993361 -0.28733987 1.9521866 -0.39116806 1.3149645 1.5358163 2.51775 -3.233489 -0.63940877 0.23132004 2.9563491
rope 0.93676245 0.68194467 -1.5261186 -0.36533123 -2.5702617 0.6729899 0.15392193 1.0317581 1.5802355 -0.18718047 0.39780712 2.4835026 -2.077638 -3.6043234 0.94982636 -0.63851756 1.1973698 -0.48564386 1.0056396 -1.4765009 -0.63190955 1.1842886 -1.6370926 -0.8215425 1.1524575 -0.75064653 0.9860549 -0.444084 -2.1337688 -0.43146756 1.1546931 -2.5659313 -0.05378909 -0.21339934 0.41996482 -1.2521558 0.8000016 -2.87039 0.34119922 -1.6415894 0.13485348 -2.1529171 1.7678915 1.833926 0.7599043 2.7517655 0.94652057 0.6622045 1.0008138 -1.67503 -0.9149239 1.4204724 0.73068666 0.8367047 -1.1361105 0.19157515 -0.23575802 -0.8551928 -2.3966699 1.7064438 0.102491215 -1.3794912 0.4275075 -2.6515222 -2.8603334 1.1526608 0.26397538 2.1661718 -0.30287203 1.2480476 -4.5615644 -1.6032624 0.39824608 -0.49055916 -0.42148137 -0.7988561 -0.9101657 -2.2857478 -0.6108169 -1.9117235 0.48310152 1.6639274 0.9071046 -3.4189456 -1.5042644 -0.41392177 0.21727073 3.1712093 -0.72422415 0.09496338 -2.0895839 0.8365438 -0.53628284 1.9138759 2.8875034 0.26999754 2.1925118 -1.9685068 -0.29410487 -1.9526043 -0.51641524 2.1612332 -0.891331 0.1169309 1.907123 2.3037994 -0.62838405 0.9605228 -1.3813292 -1.0573653 3.3813252 0.7398514 1.8726029 -1.9598935 -0.044631865 0.04672538 0.6851506 -1.8371409 0.850083 0.34554413 2.759523 -1.0150194 0.6099143 -2.6054163 0.40101844 -0.5115821 1.5038017 1.0244482 2.4633045 -1.9558783 -0.50283337 -0.21045901 -5.086755 -0.8871803 1.8153932 3.8584125 -0.99627733 -3.2845275 1.4984956 -1.4179657 1.0158308 1.7313296 1.4391114 -2.5908287 4.4988766 -0.5636578 -0.8487785 0.3451395 -1.9557716 -1.1709481 -0.6080557 2.1572397 2.0104494 1.0711617 -1.7946041 1.414573 1.2702918 -0.37680626 0.2770693 0.6791989 1.4903831 2.348701 -0.82420427 1.7210411 1.3259003 -2.7697647 1.3417771 2.6522844 -1.7466556 0.3113058 1.9163492 -0.8243653 -0.92265475 -1.9656957 0.57015854 -2.737251 -0.76021546 0.13095136 1.412966 2.6648798 1.7139521 0.1798954 -0.4900494 1.7901455 -1.1001086 -1.1216799 0.8805308 0.5109166 -0.44774964 3.9447393 0.49844372 -2.029354 0.86661047 -1.1286759 0.04626988 0.95066565 -0.94534475 -1.3246231 0.14672053 -1.8500495 -0.19962633 -0.0008868843 2.1206377 1.9053948 0.5365156 -1.9907253 -3.2411091 1.16215 1.2381265 0.14587784 2.6418684 0.6418454 -0.14712237 0.30192187 0.6828857 0.49173728 -2.9138296 -3.897151 0.25366542 -0.63411605 0.35730755 -3.4617088 -0.726702 1.5211264 -0.4250314 1.5585941 -0.0773973 -1.8109547 -0.3246719 -0.7978518 0.3974284 -1.4321016 0.56134945 -0.6241795 -0.9705437 -0.24632266 -0.39729753 0.7993442 -1.3951676 0.5314759 -0.6526567 -1.3667436 -2.0366597 1.9005837 -0.037663702 0.025234869 -0.5239835 -0.54170984 -1.6144055 0.69400424 1.9489605 -0.797326 0.5993201 -0.57949466 0.8827097 -3.0162866 -0.5729196 -1.6675233 1.3947698 1.1513447 -3.827417 2.1915166 0.79672945 -1.364596 1.6571344 -1.5761025 0.92147285 0.9666758 0.34677258 -1.66072 -1.1826907 -2.9465623 -1.4985367 1.2080499 -0.13118772 -0.29002193 -0.6415867 2.687831 -0.17357077 1.3323255 0.7022501 2.7401342 0.87688696 -1.8418005 -1.3338127 1.8946079 -2.1477914 -0.280999 -0.10396487 -0.89212346 0.35274246 0.72985375 1.274078 0.72086215 0.720918 1.8558899 -0.036932193 -3.4815915 0.300584 -4.220371
tobacco 2.5351193 2.3231015 0.2755542 -1.110959 -1.4151917 1.0220666 -1.3876222 4.045426 2.144095 -0.93266606 -1.4028294 -0.6940813 1.2970067 1.0608077 0.6258145 0.3264231 -0.39153004 -1.7050575 1.7034394 2.9675775 1.2110747 -0.9638493 1.3024724 1.4630455 0.7687068 1.0436211 -1.6001916 -0.68593967 -0.741165 0.79468143 1.8397554 1.8977356 1.0810729 -0.7595723 -1.7698889 0.03567675 2.5700688 -2.4485834 -2.6266372 0.68886447 1.963012 -1.3734336 1.1530162 -1.091287 0.4460237 0.2758548 -0.7376909 -1.4908204 -0.4351407 -2.871839 0.6695707 -1.3857132 1.9188153 1.7021763 -1.0685695 -0.089159794 -1.2251844 1.3169701 -0.35127744 -2.8935208 0.7562453 3.5094247 1.260273 -1.0424681 -0.9147801 1.2900687 2.5362284 -2.397097 1.9048704 1.5513104 0.7755733 0.9283185 -1.5962815 -0.9115085 -0.6675578 1.9210054 0.46506974 -0.58855754 -2.8249843 -0.9752203 -0.29259765 2.2514899 2.5116966 -3.8718727 0.45448202 2.1475146 -1.0809644 2.1383026 0.41003284 -0.59219694 -0.8129088 -0.96387774 -1.3632159 0.5250165 1.8786905 1.7360611 -0.051867407 -0.76548 -2.0031703 0.9863724 0.28231514 0.055113897 2.1254907 0.26713222 -1.5863116 -2.2850842 0.34338436 2.9396331 0.92355573 1.1173694 0.51797175 1.6267892 -1.4512701 0.71679854 -0.6136374 -0.84600484 -0.73317194 -0.77842414 0.12892404 -1.2645689 0.95335823 1.1180501 -1.3939508 1.3726646 2.5183454 0.73558474 4.253132 0.89864874 0.33307868 -1.0574715 1.3526968 -0.4647296 2.2621906 1.6834785 0.5509749 2.2054536 2.7000225 -0.8225282 0.64741474 -0.82593554 -0.5059153 -0.7499389 0.51755726 1.3949517 0.6766224 -0.21920988 -1.020559 -1.2566262 0.89102834 -1.5230429 -0.5130058 -0.87872154 -2.322643 -1.8413724 0.5335771 -1.3412035 1.4840283 0.4609257 -2.291008 1.3494213 1.1775117 -0.44222447 1.5170712 1.2905837 0.8414478 2.2068794 1.1201967 -0.87390804 1.523101 1.6207857 1.2849329 -1.5038273 -0.4919196 0.15369834 -1.512169 -1.1583211 -0.5229362 0.64707154 -4.274993 -0.26863492 1.264465 -1.7482407 -2.5432947 0.9185205 1.6409479 -0.22292991 -0.11521557 0.8999566 -1.3372561 0.944448 0.47054204 -0.59824985 -0.18869138 -0.5219868 -0.81545204 -1.6149074 -0.36289763 0.40664187 0.37331071 -0.7328313 0.021007173 -1.0753393 1.6750776 1.528139 2.4820764 1.887473 -2.3842354 -1.9953395 -0.60609674 0.20822866 0.13491501 0.74195284 -0.25689182 0.039114952 1.2469089 2.5053408 -0.8673297 -3.7128844 -0.87548107 1.8220968 -2.6751485 0.7277073 0.9704377 -0.39162558 1.2293137 2.3253622 1.8221245 0.87487096 0.104148395 2.2856596 2.00732 0.9009141 -1.328074 -1.2659011 -1.7768 -1.6854745 -0.0062462105 -2.2181733 -2.8413706 0.0387949 1.1216365 1.3917942 1.5567507 -1.4211191 -1.178681 0.19405752 -0.051142428 0.40617797 0.7751926 -2.834011 -0.467076 -0.30549523 0.80928534 0.28571135 -0.80821806 -1.2871959 0.99278665 -0.5731355 1.3747574 0.27603006 0.6228912 0.4701293 -1.5501592 3.050559 3.9332874 0.41719693 0.05919441 0.24227697 0.47848487 -2.9032652 -0.07723739 -1.0321813 -1.7113869 1.9004618 1.1888027 2.0732086 -0.12152552 0.8193643 -0.28009206 -1.1875625 -4.048224 -2.8368995 0.8598742 -1.8109853 -1.840437 -3.6269095 0.43969765 -0.20854066 0.20740986 -0.83364683 0.31763315 1.2099648 1.4667222 0.6590493 1.1924975 1.6356521 -3.2519557 -2.1101177 -3.3244758 -0.65383
leather 0.7538494 1.5093468 -1.3291818 -0.6747037 -2.795169 -0.17813157 -1.6980413 0.54253286 3.434707 0.1911476 -0.4305178 1.1647677 -0.9760134 0.20511983 0.9783353 1.9913725 0.11715312 0.85012454 -0.083697714 1.7622606 0.77892846 0.9030693 -0.99278826 -3.450149 -2.15383 -0.94394636 -0.583019 -2.4508305 -1.434454 0.25660664 2.3243115 -3.1534314 2.7330732 -0.5843312 -1.169142 0.13172857 0.19920433 0.9592431 -1.0660559 -0.6651428 -0.48926035 -2.1212802 1.5360366 1.1419955 0.3440879 0.9286669 2.721321 -2.3511734 2.309108 -0.1737791 0.14207365 -0.38342753 1.7062156 -0.17647943 -0.4100342 -3.5896275 0.24419281 -0.07781164 -4.383669 -0.4702797 -1.3218869 -1.5235121 -0.39077058 2.8013213 -0.03175042 2.2136886 0.64701736 2.3704152 -0.2332095 1.8367072 -3.550288 -1.901496 -0.3072157 0.744398 1.0129609 0.028741278 -2.0668945 -0.7828906 0.9338406 -4.1787214 -1.6187294 -0.33429316 -1.6109238 -1.1758038 -0.89223605 -0.11259909 -1.5756038 0.8259687 1.5889435 -0.49754307 -1.6924433 -0.0049842484 -0.09069026 2.9373085 2.8401713 0.23677534 3.3058586 -2.142957 -1.5184973 -1.9438896 1.0640503 2.761163 -0.52446616 -0.43951777 1.789169 -3.0978868 -0.051140696 1.0760354 -1.4503059 0.98587936 0.37402633 2.2361495 0.03344688 0.6581469 0.2870139 0.69478106 2.280916 -1.5265576 3.9408484 1.1066755 1.8384571 -2.4546115 1.2390404 -1.4783185 -0.43294048 -1.336468 3.6198177 -0.7372851 2.4701009 -0.7273422 2.5580783 -0.75593966 -1.1081909 3.1518877 0.33832136 4.4444184 0.2005298 -1.7934965 1.156437 -0.5672371 0.03098976 -0.13177155 -1.3273598 0.66588837 1.2583363 2.8146796 0.45348912 2.5706964 -1.3429965 -1.353135 2.2557294 1.7933468 -0.742729 1.4762732 0.34927598 2.4260206 0.7351186 1.5452558 2.2620482 1.3263807 1.3354416 -0.7727058 1.262412 0.2533858 2.46617 1.0722206 1.4255065 -0.4165239 -0.18354735 -1.2549019 0.71297884 0.19453724 -3.5856504 -1.6403732 -0.8884411 -2.1779635 1.5703543 -1.997561 0.8398427 1.0661165 0.19450882 1.0541401 0.0828032 0.9865638 -2.5340674 -3.1797779 -1.8345683 -0.13387467 -0.85807145 1.5946813 0.4783102 -1.6558545 -0.58207625 1.5760806 -1.6838326 -1.2351365 0.6394424 2.3210912 1.4548218 -1.2742362 -3.1335745 1.6098446 -1.3342923 0.7104046 2.3508875 -2.2848382 -2.8713303 0.98090523 -0.90358037 1.7861134 -0.46882263 0.1319435 0.39834625 -0.9586319 -0.6063163 0.33202577 -1.1408157 -3.8328574 0.92037094 -0.13385023 1.8904408 -2.751224 -2.6050272 1.7664461 -1.5881708 -0.32049316 0.3743148 0.63315266 -1.1398263 0.42885002 3.199582 -0.44710284 -1.5026077 -2.6285763 -1.4617561 2.4150093 0.41817236 2.994553 -1.9184719 0.39936307 -2.2360148 0.12912478 -0.543879 0.84878963 0.5224392 0.17385769 -0.8322774 0.16193369 -0.6968013 -1.1980872 2.4599736 -1.253211 -0.3387992 -1.3832804 -0.89019585 -3.9339342 1.5798259 0.9828307 -1.4562547 2.099086 -0.908674 2.0468473 0.2525928 -1.9900626 0.3424868 1.8422041 -0.5327289 1.2194699 0.19517681 -2.6213825 0.75317836 -3.6050565 1.6423954 4.6713467 1.6833453 -1.9186689 -0.26570556 -1.5467196 -1.0417295 0.84589255 -3.761169 1.8806554 0.30282623 -0.6389083 -3.105213 -0.4908986 -0.17335916 -0.050250273 0.25215253 -0.32284558 0.6764145 1.8615841 1.5611622 1.5976683 1.616453 -0.17788185 -3.0022984 -1.5415021 -3.6971421 1.8527193
oak 2.8813405 4.257982 1.0514078 -0.31526002 0.874868 -2.1401088 0.18469146 -1.5358609 -1.5981085 -0.16742587 -2.7689958 -0.5588238 1.7058287 -1.787181 -1.4915879 2.7005737 -0.030373842 -0.5578921 2.0652514 1.393379 -0.78965575 0.37331548 1.6913583 -1.3954581 -2.594668 -0.4551509 0.21329413 -0.2794785 0.20949887 0.45261684 2.661992 -0.717408 1.1939625 1.0664482 -0.6393941 -0.91710097 -1.2660092 -2.471285 -1.8275312 -0.254562 0.8362089 -2.6985276 0.46044078 0.44947717 0.43703547 1.2304542 2.0716677 0.07657657 2.5899444 1.0579603 0.23194927 0.9960853 3.788838 -1.8307489 -1.0775423 -2.002767 -1.4640378 0.3939599 -2.2099397 0.8875573 -0.78108376 -0.02265089 0.3763083 -0.19653043 0.53199005 1.9998873 1.7941967 0.3011337 1.4698669 -2.1479757 -0.61728907 1.0515795 0.69308585 1.7081666 -1.5933862 -1.3511546 -1.1743592 -1.2684216 0.36516368 -0.9501519 1.2532922 -2.4942763 -1.0608028 0.6140909 -0.16439271 0.3794201 -2.1178617 -2.1588142 2.4144948 -1.0479097 -1.5128082 -0.81949633 -2.1939144 -1.8792388 0.04307107 0.012868434 5.1039677 -1.3249727 0.88524574 -2.441679 -0.9812001 0.1132744 1.7391119 1.9615766 2.285778 0.7076051 1.3697605 -0.32298824 -2.3697 -0.71453744 2.4666545 -0.9681627 1.2400872 -0.40684974 -3.7947824 0.17099035 0.76376617 -0.20919047 -0.32982254 -0.25923178 0.42099538 0.1193392 0.87184143 -3.1313925 1.3786502 5.074092 0.31688774 -1.353051 -0.10036797 0.16229372 -1.8020216 1.29537 -1.5711488 1.2062476 4.844537 5.13294 -1.3021342 -0.5213689 1.1720777 -1.870618 -1.9363545 0.10482211 -1.5143514 3.2392585 0.6277277 -0.65165204 -2.6821744 1.505359 0.8481308 -1.9801317 -1.1446831 0.9290489 1.3721707 -0.028719272 1.7003442 0.29617777 3.2363856 -1.5505946 1.8900574 0.25076345 2.6870427 0.075750604 1.249351 -0.21658926 1.0852848 2.4555767 -0.28291225 2.7043407 -0.24725355 -0.51870894 2.387693 -1.5972128 -2.4289474 -1.3722731 0.31015402 -1.1876329 1.0373415 -0.2741989 1.1911236 0.034602445 -2.7285907 -0.23311698 2.0746734 -0.28864688 -3.8591092 -0.633213 -0.8670597 1.6068721 2.258532 -0.019075036 0.7160345 -4.8195195 -2.2897792 -0.18872488 -1.0408369 -2.0026624 1.8879089 -0.45264268 -1.2335708 1.1871789 0.123486586 0.5855555 -1.0684946 2.3926363 2.4969175 0.66799426 0.33497337 0.586481 -1.4174273 2.8993738 0.25809202 -0.20377783 1.175144 0.90829605 -1.2956567 1.8106945 0.011024835 0.70668703 -0.97357756 -1.6617427 -0.5341474 -4.255491 -2.9704385 0.53570026 2.231913 0.2634691 -1.4239541 -1.0773985 -1.935979 -0.17877004 -1.193334 2.7974038 0.22150797 -1.2442111 -1.171141 -0.6626335 1.448648 -1.1966761 -4.142385 -2.2772682 -1.738761 2.0508358 -2.8097837 2.0326915 -1.622224 0.45839375 -2.2631328 2.2299862 0.4225105 1.8875561 1.2059684 1.6370295 0.08629113 -2.2639222 -1.610462 0.975897 1.4758228 0.5071056 -0.70365936 0.19229458 -1.2818367 0.84329385 -3.3071797 -0.78149277 1.3422841 0.80713624 -1.1984004 0.64770466 -0.33177814 -1.9210625 2.9639382 -2.2335293 -0.3522271 1.1541553 0.45506492 2.054692 3.997654 1.163049 -0.7273593 0.6598722 -1.0136682 1.8274021 1.6162368 -1.7176001 -2.9426718 -2.4815714 1.1308311 1.0465128 -0.43198982 -0.82337993 0.67289704 2.4281275 -0.18591896 -0.08605912 0.94303745 -1.2001845 2.2208836 -1.1925292 -4.001905 1.9861315
weed 2.9240525 1.4895449 0.95284253 -1.621676 0.801841 -1.3211938 0.5784143 2.5001895 0.2948429 -1.2298322 0.45700043 -1.9990468 2.4110224 -2.1892884 0.9338454 -1.3809174 -0.27449355 -1.812765 1.3552682 0.6337359 -2.4667077 0.25669506 -0.15254442 -0.01948934 0.92011434 1.3619788 0.06886755 -0.06937804 0.57223046 -1.4459101 3.862317 1.0497361 -1.5856569 -2.3383238 -1.4142647 -0.5794021 2.2114723 -0.9331098 -1.5227085 -0.6784965 1.654533 -3.18865 1.3044183 -0.12350191 3.552935 1.1429683 2.0909305 -1.8456197 -1.2376499 -0.6810936 1.4694679 -0.95891 4.530904 1.0681559 -3.4143424 -0.328067 -2.3184419 0.77668893 2.127918 -0.6143961 0.5925046 1.8726231 -1.0386732 -1.2879847 -3.66228 0.97859436 2.6799994 -1.366238 1.7143276 -0.13452579 -0.5463599 0.37984607 0.8175419 1.2159398 -0.2748016 0.23570672 2.0513346 -0.95609343 0.5051253 0.65123296 -1.9339935 2.8957222 0.111831866 -1.4463602 -0.77067286 1.7077138 -2.4714627 1.4982619 -0.55251956 -0.47408825 -1.7986878 0.52850616 -0.28453183 -0.178847 0.26904297 -0.06444941 2.656703 -2.507058 -1.5729605 0.47928587 0.28011596 -1.4203384 1.2266439 0.17900103 1.0622197 1.2301072 0.10367398 0.8264732 0.07136862 0.2628836 1.0305154 0.25744522 0.23174235 0.14777513 -3.1941094 -0.33938184 0.9661381 -1.3691572 0.54615223 -0.41991416 0.20494378 -2.2355213 -0.13349229 -0.502853 0.8676029 1.7488927 1.8747771 -0.6806258 1.0922077 -0.6313586 -0.17253317 0.682579 0.25040078 0.18676697 0.014289855 2.5303497 1.860191 -2.474218 1.9917501 -0.7720965 0.9013147 0.7751179 2.541957 0.42533246 1.1049501 -1.3921529 -1.7499176 -1.629686 -2.279513 -1.9906627 -2.2987063 0.090173 -0.7196093 -0.81395036 -0.4408567 0.3544374 0.7123466 -0.9445807 -0.2880736 1.5864928 0.7750108 0.7297394 -0.31810966 1.6635468 -1.2347418 1.0451583 -0.09334534 0.81127846 0.77462524 -1.1219494 -0.1671397 -0.49013668 0.008095397 0.106904 0.35290632 0.66577303 0.53617424 -0.4520081 -1.647786 -0.11335496 0.29575533 -1.8725386 -0.41651845 1.4933923 2.0670667 -0.37338546 -0.72067046 -0.25409463 -1.0141443 2.9564772 -0.3814831 -4.103827 -0.33658051 2.172327 -0.13807663 -0.28900665 0.43314257 0.520374 -0.55999625 -1.5080371 0.39484704 -0.1701674 1.3007014 -1.0707853 0.056211103 -1.0255103 -0.7598938 2.753936 0.5436763 1.3927114 0.22369272 -1.1934105 0.117123425 -0.39735922 -1.1145316 2.1900215 0.610179 -3.6223106 -0.053029586 -2.963457 -0.49101222 -0.14833766 -0.35520506 1.9435383 0.13400285 1.3514686 0.32732493 -1.0809783 -0.21086447 -0.40230766 1.0934346 -0.20618454 -0.44507492 -0.49069047 -0.5506144 -1.0104736 -1.3779924 -1.7488401 -1.7804115 -1.0636649 1.2955531 -0.042495802 -1.1157134 -1.5255983 -3.1192276 1.2553225 -0.53057593 1.3674927 -0.5005218 0.82307833 1.1204158 -0.5959112 -0.13922843 -0.7894293 1.3040498 -0.7928688 0.32507038 0.03527516 -1.9903715 1.548721 -2.0123348 -0.04498352 -0.8124735 1.4656081 -0.18747649 -0.7287397 -0.44018602 -1.9509385 0.6404061 -0.63757765 1.1359156 -1.1778901 0.22515744 1.4991648 -0.46334156 2.223483 -0.29618508 1.1070695 0.36471415 -0.31206274 -1.2482934 -0.34019724 2.5851166 -1.6905376 -0.37725508 2.8540716 -1.4704299 1.2512039 -0.54291165 -2.0887377 -1.2111241 2.946213 1.5539299 0.68887246 -0.115056016 1.5964122 -1.8600912 -0.82739437 -2.4621954 -0.90143126
bark 2.209364 0.46841523 -0.27778527 -0.017919807 0.113436036 -0.9399524 0.9329816 -0.7098546 -0.022040222 -1.0890235 -0.9662708 0.1835956 -1.7781538 -1.782943 1.081188 0.3982503 -0.7442333 -2.4498153 1.2323941 -2.460173 -0.005442075 3.0217533 -1.4793448 0.93871534 2.546769 0.09825208 1.0682695 0.67769414 0.86534655 -0.5668435 0.5866814 -0.052643105 -2.3927906 -1.2611117 0.17592122 0.40372884 -0.60184 -1.2543857 -1.4661332 -0.6977887 1.1993234 -2.509 -0.44473997 0.48917133 1.0551871 0.57186735 3.0412118 0.94335806 0.97735685 -3.7396898 1.0009972 0.81920815 1.3562031 1.4153607 -2.0912232 0.13746293 -0.8765406 1.8054792 0.51582545 -0.73634666 -1.0814658 -2.0911791 -0.9522116 -0.41099247 -2.0342107 0.92698497 1.230211 1.8887619 2.121179 1.0879284 -1.029507 -1.1440957 0.3108928 -0.9448461 -0.64650947 -2.0703533 -1.0451579 0.6317378 -1.3265045 0.35635692 -0.40677178 -1.9454392 -1.4186816 0.79229164 -0.105525374 0.59603065 -1.1555012 1.9028345 3.3034227 -0.67681456 -4.0346847 -1.9328171 -1.6326351 -2.0202155 2.093182 -3.4219131 1.6653037 0.70539474 -0.11085477 0.20220184 0.46322948 0.84691834 1.5660319 0.97447383 1.5090996 1.2643752 -1.3480318 -0.47146994 1.1099199 -1.5641738 1.0581179 -0.31617948 1.870001 -1.3554664 -0.7690601 1.4928166 1.3010932 -0.58690745 -0.511998 -1.1279275 -1.8323411 -1.5962942 1.537579 -2.2134476 1.8709599 0.42380798 1.2127936 0.23540843 1.2220175 -2.7950613 -1.1604998 0.29963395 -1.9126536 -1.375527 2.2100132 1.2184428 -0.9400143 -2.2917798 3.1234963 -1.9974666 0.5186747 -0.6903575 -0.36002022 1.6522102 -0.5187089 0.79550123 0.9628156 0.41124037 -1.4446934 -1.1398529 -0.7570333 1.3212771 -0.037453424 -0.03279239 0.043264326 3.4172213 1.9270658 -1.0549178 2.0295298 1.6329987 0.722096 -1.0576221 -0.18512434 1.3149385 0.030472968 -1.7385682 -0.47250733 0.5403293 1.0621471 -1.1664208 -1.1265049 0.24220455 -1.5632913 -0.7562822 -0.19296037 -2.4850492 -0.6707504 0.5796706 -1.3702902 0.8418557 -0.57920355 -0.69186366 -0.12677492 -2.0153816 0.25246796 -2.3277247 0.09050928 -0.11027646 0.4558987 0.79100895 0.14567871 -1.9383118 2.1884458 2.0765588 0.2744721 -0.3420563 -1.4136858 -1.2387233 -0.8684984 -1.435902 -0.750502 -2.1534626 1.1697737 -0.36116442 -0.8795327 -2.1175675 0.042035636 2.842421 -1.0741941 1.290606 -0.18172307 -0.8106349 -1.655971 -1.177207 0.2547273 -0.21238253 -1.085761 -2.4980693 -1.1396186 -2.6847932 -0.067115285 -2.0001192 -0.86680245 1.348387 -1.2254999 1.6837642 0.31265244 0.09349198 0.8264267 -0.4928116 0.54733884 -0.2231891 1.1172409 0.5382468 -1.1581061 3.1533415 -0.26711774 -0.5202596 -2.2302654 -3.335449 -2.7920928 -0.7293565 -0.0036399765 1.8302569 -0.3469083 0.957633 -1.1797434 -0.07266127 -1.8970797 -0.30299932 1.6765375 1.356051 -0.95991075 -0.09766568 -0.91359746 -2.6302106 0.6884597 -0.4889428 -1.6866663 2.599284 -2.0890095 0.1098462 0.11634147 -1.5976726 -0.7452162 1.7034898 -2.0444832 1.1625816 -1.092978 -3.067739 1.2490889 -1.2419586 1.2970047 0.2850451 0.026380254 0.49027598 0.23139536 1.0635232 -1.4367869 -0.53516847 1.7312814 3.4918194 0.8377472 -3.3143716 -0.4798124 1.3049455 -2.6223516 -1.8807766 -0.21091603 -2.118714 -0.50919706 -0.557128 1.4948976 0.26086628 -0.9768462 -0.44933513 -0.8422759 -0.20071982 -2.3110423 0.50415766
garlic 2.0809715 1.7806051 0.3473513 -2.245941 0.07720778 -0.006067063 1.6590134 -0.085967466 1.5129848 0.83221596 -1.4310323 2.5356274 1.3206638 -3.5175624 -0.37072855 -1.8890449 2.4842029 0.6563217 -0.119634785 -0.7630918 1.112994 -1.3231933 -1.9033375 -0.76400614 0.8256908 1.4612553 1.0737214 -0.68617725 -2.4574 0.40255424 2.330516 0.057520214 1.3034827 -0.29594904 0.3344748 -2.452438 -1.6103293 0.674376 -1.6104206 2.7192724 2.8530862 -0.72764826 -0.7225545 0.8296689 0.17457259 -2.0871372 2.955945 -1.2837715 -0.4080977 -3.5127628 -2.0529692 -0.11526694 1.5274594 1.9511304 -1.0675126 -0.25685176 -0.602301 -0.008245006 -0.12007908 0.14534391 -1.6734029 -0.74729 1.0016842 0.5991996 -5.0639606 0.2946234 1.3000466 -1.9667642 0.8106897 1.2351724 -1.2255368 1.9070215 -0.25609592 1.2452091 1.853169 1.730145 1.3376627 -1.36251 0.21085496 0.9339244 -0.23464422 0.64553297 -1.0344949 -2.0861971 -1.7898903 -0.8801802 -0.99051297 -1.1309623 0.52793914 -0.427782 -1.3724036 -1.9989752 -0.979065 0.34081578 0.051270474 0.5572083 1.4970297 -0.3958606 2.0563886 0.9825194 0.5760552 1.2578129 2.183885 -0.7471669 0.32109165 0.6451624 -2.040951 0.4572331 -1.6124368 -0.71335757 0.78113806 1.0588741 0.8324045 0.58431214 -1.3687543 1.9363315 2.436115 -0.2779416 1.669452 -1.9988971 1.3384466 -2.3515394 -0.38835505 0.45989156 3.107431 -0.52801365 1.3133804 0.45790437 0.41145 0.36261368 -0.42175096 0.83341324 -0.8800828 1.781169 0.9970319 3.127077 0.48046732 -1.6509328 0.08370921 -0.35233057 -0.5941503 1.2312773 2.586214 1.6194686 -1.327037 0.9840629 -1.4341787 -2.4139187 2.2831247 -2.2326767 -0.81437033 0.97680914 -0.52056026 -0.748156 0.8085909 2.3714085 0.46720493 -1.3490422 1.308163 -1.3682685 0.11408179 -1.3684776 0.36661097 1.1329418 -0.42746946 0.3367811 0.33594242 0.099152975 0.28068385 -1.2664233 -1.1634282 1.4943639 -0.30969423 -0.54010105 -1.2840618 -2.3520539 -0.24503782 2.067705 0.7305121 0.13872734 -0.67573905 0.0019813061 -1.9238377 -0.09708349 2.0328891 -0.91630083 -2.1225822 0.5715805 -0.5053141 2.9245787 -0.19117996 -1.8402907 -1.7825793 -0.1484877 1.487543 -1.0523651 -1.6723176 0.363409 1.0765947 -2.3933995 -2.1459024 -0.6548664 -0.7092928 0.9908432 1.3163726 -1.1497281 0.9219356 -0.44183278 -0.48714826 1.3378932 -1.0819697 -1.0610379 1.3327651 -0.24436946 2.6282318 2.2486026 1.7020624 -0.5048397 -1.0312842 -1.2175388 -1.4035022 -2.56053 -2.0363681 0.08354783 0.89981055 0.6379614 -0.7774575 -0.11325473 2.25561 1.7143017 0.69612634 -0.6407229 0.6283599 -0.023417126 0.19548011 -1.6967453 0.56715447 0.6420939 -0.49670076 0.64091796 0.22918804 -1.7723294 -0.84299177 -0.6439021 0.99372596 0.030117461 -0.20825088 -2.5139904 -0.96696216 1.9383821 0.71680367 1.0728846 0.2442095 1.2369565 0.3633833 -1.4077716 -0.004070832 0.044811625 0.9611827 3.0187604 -0.15126885 -0.39668244 -0.3844255 -3.0722692 2.0876412 -1.4008538 -2.4229271 -0.64457923 0.2794156 -3.5572786 2.6445496 3.811677 -1.0000793 2.426167 0.3766673 0.8499168 -0.35114324 1.8915582 -0.5489476 -0.7500161 -0.2907283 -1.3853317 -0.7503315 -0.012462581 -0.15681802 -0.428761 -0.38132372 -0.64132243 1.3429883 -1.3350062 -1.0166253 1.6034734 0.85080993 2.8769708 3.0798 0.43047523 -3.2739081 -0.9940524 0.3748054 3.8680105
lemon 3.435625 1.0332559 -0.8372164 -1.3639107 1.2917917 -0.99859494 0.20084359 -0.9270407 1.2422687 -1.8239712 -3.0333624 1.4178842 1.1665479 -2.193811 -0.46420836 -1.0307217 1.4848169 1.8603551 0.9622618 0.80484605 -0.49740145 -0.4860679 -2.5312703 -2.0244424 0.0013954417 -0.34409088 1.0769972 0.14765154 -2.9618883 0.6798386 3.887222 0.32977065 0.81750196 -0.09985851 -0.31016368 0.6217589 -0.1971896 -1.9450893 -2.452318 2.3125732 0.29922363 -0.04525442 -1.3669729 1.229901 -0.4212299 0.0372394 1.3983166 -0.27915126 -0.33417982 -0.4076847 -1.0192789 -0.2961236 0.16616689 0.72216445 -0.38292223 -1.6894095 -3.0491428 -1.7214808 -0.80494744 -2.064751 0.6554728 -0.032584332 0.4690629 0.2272756 -2.9579942 -0.18055758 1.7413319 -2.2170963 -0.28045294 0.6281221 -0.7594164 0.92518425 -1.5270241 0.6179755 2.502543 0.4560407 -0.02294769 -0.6913382 0.54891944 -0.7510427 -0.50773436 0.42258707 -1.565539 0.6396679 0.52094823 -1.8324322 -0.83122134 0.31917813 -0.57605684 0.805086 -1.4487435 0.21735324 1.3906828 -0.61838204 -1.1773633 -0.90558916 1.6688129 -0.56815886 3.0446758 0.07060689 1.7730547 -1.4519311 3.6798985 -1.6404963 0.63284254 -0.35360214 0.516622 0.67111534 -2.1847453 -1.4601855 -0.27039245 -0.25522724 0.5414093 -0.23695773 -1.4933964 0.62458414 1.5651112 0.45637307 0.048500888 -1.2563008 0.16043004 0.6910299 -0.6220358 -1.3507264 1.2454462 1.2517172 1.05372 -0.49562132 0.7104475 -0.30398268 1.2858639 0.9317617 -3.18273 -0.56150645 1.820728 1.7103269 0.37923336 -1.2513742 1.5632994 -0.05261789 -0.22902432 -1.2433777 0.94472826 0.80021125 0.9613254 0.23115374 -1.5207723 -0.0050119567 0.20627877 -1.9007288 -0.77688104 0.0122407 -1.3939277 -0.22670572 0.4263789 -1.246247 -0.189302 -0.31484747 1.3231918 -1.3811831 -1.4573433 -0.42097118 0.30311772 -0.029447772 -3.3044627 -0.9121512 -1.1358949 0.5336327 -0.8496495 -1.02719 0.2132017 -0.07300485 -0.7890046 -0.46567717 -1.6055369 -1.3781866 -0.076357625 0.5777682 2.24477 0.065761894 1.6703905 1.8893362 -0.4623629 1.1049738 1.1206096 -1.6559546 -1.1490864 1.0698618 -0.668692 1.4991446 -1.0949705 -1.9931854 -2.718299 0.82792467 0.9113429 1.123397 0.3569126 -0.7415666 2.6326182 -1.9121133 -0.35041365 -0.26440203 1.5857021 0.6896087 0.6162878 -1.1491812 0.6512633 -0.035381358 -1.0835699 -0.18382387 -1.4432553 -0.17792504 1.1059105 -1.0509349 3.1337924 1.7263378 1.5870813 0.43921685 -0.39918336 -1.0477442 -2.1220222 -1.9808525 -2.155758 1.086672 -1.7196497 -0.9752172 2.2531233 0.7573203 2.463544 2.151445 1.5496069 0.31887516 -0.91689324 -0.8333493 0.17269473 0.61368406 -0.5068856 0.16106239 0.20798413 -0.9537327 2.198368 0.50615555 -1.9125122 -1.1463275 -0.18430595 1.7072114 -2.1360552 -0.00025353272 -0.8356946 -0.29634005 1.1215225 1.459563 0.66194785 -0.21565834 -0.45891744 -1.9348522 1.5526809 0.076816805 2.0520597 0.4800108 -1.435612 1.200021 0.63885045 -2.4884517 1.8866408 0.19697036 -0.9529936 0.38563675 -1.0350478 -1.0865585 0.7149998 1.5204437 0.766333 2.5600512 1.2564881 -0.5827228 2.0473428 -1.390326 -0.9326936 -2.549377 0.58576024 0.29878792 0.20618403 -1.6901356 -1.5680285 0.15439668 0.6409374 -0.7708549 0.89598656 -1.2693149 -1.1440632 1.135231 -0.70112884 0.81307465 2.690641 0.9844271 -3.053974 -2.743113 -0.64043313 1.5831416
pine 2.105651 3.1225295 0.3412345 0.49553043 1.1262534 -1.2166703 1.381268 -1.3057945 -1.4137223 0.16801594 -1.5968899 -1.0861901 0.4710711 -2.60695 -1.4690107 1.7090982 -0.4155012 -0.9071253 2.4865885 1.2377623 -0.6684498 0.9183245 -0.6029076 -1.5723399 0.5177844 -0.26457888 -0.49198452 -1.0863409 0.19886774 0.4190254 0.5409981 0.06231457 0.5582208 -0.39266858 -1.4875708 0.03949338 -0.711106 -2.3496597 -1.8503524 0.21913432 1.0175657 -2.4335961 0.36612487 0.9205314 -1.8838059 2.398859 1.6960379 0.017990172 2.499706 1.3540022 0.74038273 -0.43158445 4.248313 -1.6356136 -0.8872568 -2.4988534 -1.181291 0.7283721 -1.0779765 -0.23667808 -0.87196887 -0.65975255 -0.19892763 -0.25287583 -1.4696338 -0.18094546 1.5412314 1.0752414 0.58029324 -1.5763639 -0.9037869 -0.6787307 1.3866796 1.7303133 -1.7741036 -1.0657657 -1.4223766 -0.01791932 1.6915011 -0.72149175 0.54890835 0.056582727 -0.7372449 -0.73830384 0.7415145 1.942853 -1.5265237 -0.36473966 1.269909 -0.35394377 -1.8436737 -1.1666123 -0.9199824 -1.1563195 0.9340427 -0.33890855 2.715649 -1.1612204 0.9226894 -2.0631084 -1.2718394 -0.8033296 1.1916393 1.1265371 1.9223464 0.7269443 1.5662211 -0.38540936 -2.5252032 -0.39066914 2.5373318 0.44746912 1.6069155 -0.5858381 -1.9037699 -0.072139576 1.9343894 -2.6789422 1.3202834 -0.09526432 0.19885914 -0.78996134 -0.18026392 -0.8845861 1.2631851 4.4115167 1.3503093 0.55468225 -0.9715199 -0.11318108 -2.9773784 2.787021 -0.18908696 -0.43723127 2.6270413 4.7799935 -0.97332543 -0.9482847 1.7913946 -1.286882 -1.0045025 -1.7204039 -1.7805218 2.4769533 0.19292714 -0.6683506 -1.4100513 1.5043142 0.18897022 -0.71746343 -1.4555727 -0.10813585 0.66650224 -1.228818 2.3149981 2.7066786 1.3862381 -0.17859308 2.553626 0.78785855 2.146772 0.57114 1.3856086 -1.2474271 2.0585277 1.0894973 0.39215684 2.9063826 -0.5223732 -0.31289166 2.439165 -0.24160668 -1.8621835 0.08544048 -0.11792273 -2.1934352 -0.07785238 0.7065927 -0.3341176 -0.6388734 -2.6942036 0.17665005 -0.24943745 0.5776181 -0.7437419 -0.9727441 -2.2032843 1.4053024 1.4891654 1.7787379 -0.21564998 -2.971067 -0.8510268 0.49377033 -1.7602621 -0.46389744 0.7505044 0.5840147 0.3643242 0.9599391 -0.48914206 -1.5050877 -0.3439218 2.016357 2.8938427 -0.4874422 -0.05220609 -0.12551078 -0.4135318 1.2691728 -0.38003156 -0.10374069 0.13098921 -0.4903154 -0.52735025 3.1656985 -1.0119534 -1.2063034 -0.9930809 -1.3275883 -0.43519664 -3.7566447 -2.9133253 1.5526397 -0.28688413 1.9406055 0.65857905 0.1486401 -1.4638354 0.6787511 0.041725405 1.3028705 -0.0511104 -0.56735945 -2.387863 -1.5455579 -1.0746068 -2.513346 -2.128165 -2.9261527 -0.46819714 1.6987073 -3.1179273 0.8510298 -2.400294 0.031743117 -1.9306816 0.20731872 0.025418563 0.30885684 0.11093033 0.86273056 2.019953 -1.1345495 -1.5875291 -0.17940499 2.000688 1.4672631 -0.6643623 1.2826657 -2.438955 1.5801247 0.5894001 -0.5990759 -0.42665946 1.6558123 -1.0864288 -1.4460219 -0.24814102 -1.4440072 2.1336462 -2.2893953 1.0698003 2.208425 1.288636 0.6375842 1.63802 0.1808868 -1.1092856 0.9338506 -0.18036155 1.9544921 1.7778596 -3.1311975 -1.8311043 -1.1563611 0.73243624 0.35750037 1.6151965 0.33225828 0.522553 2.751402 -0.6634997 0.84196585 1.4308931 0.6449436 0.27135843 -0.50583535 -3.781251 1.1708747
berry 2.0019557 1.8590306 0.9615734 0.8972315 1.9634811 -1.3045807 0.3035889 0.24447553 0.008304891 -0.45305526 -1.3725138 0.38218424 2.8049047 -1.0387999 -0.5459307 -1.2977823 0.8165285 0.25613612 2.2208505 -0.18559013 -0.26238492 0.91878635 -0.37066713 -0.9322224 -0.1503955 1.0741295 0.42637885 -1.477998 0.31411678 0.43806052 1.398051 0.39018354 2.5470734 -0.7838624 0.4247668 -1.9615105 -0.57026297 -0.743958 -2.5577426 0.6505398 0.09247621 -1.1017492 -0.77451664 1.1372566 0.45641983 -0.48786578 -0.09424582 -1.3513523 -0.31240934 0.8301091 0.112006254 1.937474 -1.167308 0.33440667 0.14136982 -0.49282318 -1.5519634 -0.002299306 0.4509617 -0.60587883 1.2934188 1.5212389 0.97716767 -0.0017091846 -1.9282949 -0.95539063 1.0240223 -0.096379675 -0.29699743 -0.1852643 -0.25055718 -1.6882694 1.174312 0.19069009 1.2135942 1.3471508 -0.44441155 -2.1010785 -0.29823652 1.7953727 -1.9982611 -0.31730998 -1.2194225 0.1299316 0.9365674 0.38552386 -2.839092 -0.29580012 -0.36557898 -0.5147558 -0.5570871 0.2128969 0.4086598 -1.4114184 -0.5448147 -1.3123478 0.10392891 1.2940761 1.5893824 -1.2100627 0.7607738 -0.105196744 1.7856259 -1.417879 0.26825792 -0.21044278 -1.2589478 -0.37811646 -1.5879748 -0.2382312 2.1995232 -0.60938406 2.1647074 0.5526874 -3.424477 1.8285661 -0.6461842 -0.6745078 1.4460378 -1.5221343 -0.51812786 -0.8531001 -1.5004581 -0.620511 0.8688947 2.479023 2.1563144 -0.02264653 2.2708516 -0.47027758 -0.024371933 0.54082435 0.24036232 -0.49380875 1.5874501 2.556953 0.2907318 -0.49092013 0.6472448 -2.5564063 -0.40822288 1.3376554 -0.07636514 1.8128654 -0.6426842 -0.6291203 -0.9136316 1.9978752 1.3703233 -2.482501 -0.62457544 -1.180598 -0.43749374 -1.337659 0.41098526 -0.95910776 -0.74801856 -1.2936907 3.0925946 -1.9391437 -0.14915548 0.37071082 2.36409 -0.7356857 -2.621675 0.60798717 0.39495066 -1.9269496 -1.6522975 -1.3009677 0.2595211 0.7246459 -1.4143745 -1.2408518 -2.986188 -0.07319702 0.36747542 -0.5866083 -0.4523036 0.48097727 0.3169671 1.2779897 -1.9270972 1.9121215 -0.8459541 0.25720555 -2.6660442 2.9564953 -1.1443993 0.7498592 0.7209632 -2.208512 -1.1493312 1.2832304 1.9830197 1.3802292 -1.3066633 -0.3417053 0.51277614 1.3583204 0.08949556 -1.903355 1.1089467 1.5389484 -0.6932942 -0.88212234 0.9696554 1.0809615 -0.9822524 2.103182 -3.075075 -0.4397652 0.1351253 -0.5379099 1.0404623 -0.46826482 -0.32831642 -0.46395856 0.61563414 -0.4527092 -1.0134028 -2.4451814 -1.3242419 2.3507204 0.55588347 0.18682477 -0.44051343 0.2543561 1.3964114 1.5205227 2.5397875 0.19384824 0.34867695 -0.3519188 0.47061318 -0.7079733 -1.189269 0.041466605 -0.40594 -1.8286618 1.9495773 -0.12960398 -2.6879017 -0.994662 -2.8965242 1.8328619 -1.455021 -0.23418905 -0.089894526 0.16734779 0.7542235 0.76177377 -0.022971254 -0.36562175 2.0043828 0.0930302 2.4052403 0.5550953 0.27824044 1.9711727 1.3148779 1.1714493 0.1262926 -0.3071465 2.0665722 0.6664765 2.0252945 0.072284766 -0.025494266 -0.43341127 1.9174243 -0.92890185 0.41356033 3.4076302 -0.39445516 0.042111613 2.46725 -0.37921792 -1.5437722 0.8087118 0.26983663 0.15573303 2.1403203 -1.5192463 -1.9435353 -0.05994655 -0.7782495 -0.29411408 0.19143379 -1.2444416 -0.9307887 1.3813875 -0.3116918 -0.019246925 1.0662885 0.5131147 -0.4778 -0.28291714 -1.9591465 1.0598433
cherry 3.1135628 2.2788153 1.2165557 -1.1313602 0.55046886 0.07078687 -0.31862324 0.8608192 0.37104574 0.28513533 -3.257183 0.69384515 1.1377178 -0.74818534 -1.0742542 0.047564603 -1.1857679 0.12147606 1.0323335 0.53409344 0.3296967 -0.15549043 0.08514922 -0.38170242 -1.3736125 0.27671093 0.5698984 -1.3908341 -1.4690788 0.07444216 2.158661 1.3440213 1.6230361 0.7981452 0.57193273 -0.63857526 -0.9613075 -2.75673 -1.7567698 2.340707 0.28445074 -3.1247923 1.5442963 1.4393114 0.6198903 -0.39392516 2.090996 -0.16277441 0.3052208 0.8020469 -1.0968919 1.1566019 0.8880903 0.67058647 -0.6340718 -2.3103857 -2.2493734 -0.39974478 -0.16614564 -1.5437162 0.37141207 1.6165929 -0.48902878 1.212124 0.2516155 0.23772633 1.2424675 -0.14425595 -0.98429346 -1.1183406 0.18570115 -0.69667965 -0.18913035 0.74149495 -0.8923688 0.67418337 -0.7576982 -1.7917908 -0.2020119 -0.71044064 -1.0002475 -0.4796228 -0.74961686 1.224045 1.2776663 0.059425972 -3.006865 0.60778034 0.9658668 -1.0500394 -0.685252 1.0211802 -1.0273699 -0.33074862 -1.5524048 -0.6441701 -0.16292535 2.3006747 1.7937005 -0.98120195 0.1698676 -0.5054015 1.6856711 -2.1121974 0.7075661 0.7932048 -1.6674849 0.23715658 -1.562765 -0.97611326 3.0644743 -0.04736017 0.9787451 -0.41878042 -2.852157 -0.58556575 1.17135 -0.3538094 -0.14499423 -0.18290216 2.050665 0.0033214246 0.45950803 -1.8188653 -1.1878091 3.205835 1.4335209 0.60350055 2.3075733 1.4755784 -0.48541188 1.0260314 0.6021589 -1.6748984 0.61494863 1.8122839 -0.31694907 0.15502 -0.17287737 -1.4719908 -1.3849832 0.8789162 -1.0281966 1.6371821 0.12373167 0.59017664 -0.6700946 2.2864535 0.6111806 -3.9768405 -1.9961356 -1.5126437 -1.0303319 -0.8888323 -0.1287741 -1.3245417 -0.5909135 0.72008085 1.9934733 0.2428285 -0.9322647 0.51861084 0.8030083 -0.543172 -2.9537454 0.42970943 1.1333665 -1.1933422 0.6081488 -0.9449849 1.3477806 0.009492327 -0.74736035 -0.8933806 -2.5500271 0.85825694 1.267835 -0.16538148 0.85260385 0.40113005 -0.49796897 0.74906063 -2.119335 1.4644822 -1.1238186 0.4962925 -1.5405778 2.3657887 0.6907112 0.9876344 -0.97162336 -3.073654 -1.4669256 2.076321 1.1296036 0.6262667 0.32686245 -0.33001086 1.1432216 1.0396652 0.7268258 -2.6359031 2.5615993 1.528566 -0.48637488 0.20558591 0.26783314 -0.91011465 -0.6001964 2.511865 -2.2783303 1.2753516 0.91843516 -0.28937295 1.0470779 1.1448866 0.073715 -0.6014697 -1.314161 -0.33351892 -0.87472117 -3.798715 -0.70285565 2.0174892 -0.3792855 -0.3701735 0.5314705 -1.4842799 0.35762388 0.8822937 1.1683888 1.279832 1.001839 -0.48785236 0.03543791 -0.54153955 -1.0141312 1.1114831 -1.160224 -2.8224041 0.5153397 -0.0038828193 -1.3226761 -0.7085441 -1.0129117 2.2984076 -1.0646366 0.24266155 -0.80678946 -1.6129878 0.32608315 1.7210928 -0.012807839 -1.1552134 1.0407864 -0.32328585 3.0779657 -0.17153549 0.1400632 0.50073516 -1.6486394 0.9677376 -0.08342403 0.37495008 1.6625297 0.30693805 0.02090171 0.01976391 -0.18811074 -1.0680141 1.4303182 -1.1665894 -0.72434753 1.7384021 0.46815154 0.14892669 1.2478626 -1.6321797 -0.7039899 0.18022369 0.027211279 0.34429753 0.4386262 -1.8279569 -2.4944024 -0.0532929 0.37250513 -0.39824224 0.9323099 -1.3637428 1.042249 3.4107575 -0.9204573 -0.55036175 0.6193614 1.0112052 -3.2694578 -0.70977503 -1.659853 2.4435647
rubber 1.8005518 2.5268157 -1.7715397 1.2496173 -1.4892462 -0.5817407 0.75571495 -0.6477275 4.053252 2.267757 0.7282922 1.2288167 0.4850234 0.36789843 2.288766 -0.69018716 2.4248772 0.9451934 0.10433003 -0.52938086 -0.05870865 -1.254683 -1.2892895 -1.2882696 0.5799503 -1.0159612 1.0026368 0.30603632 -0.62140673 2.4089823 3.4454322 -3.6932776 -0.9192635 0.23676468 -0.7179608 -0.94452745 0.58274657 -2.5471377 -1.5503511 -0.82112384 -1.2035537 -0.64084244 0.965 0.00017646898 2.557427 3.053684 0.6416881 -0.40704787 -0.589996 -0.06198634 1.8361377 -1.0836945 1.2273499 -0.36893827 1.0695946 0.26816425 0.86151636 -0.063238345 -1.761224 1.0842241 -0.68225294 -0.7726349 -1.0409421 0.81302357 -0.8724218 0.22451143 2.0373409 1.1345121 -0.9555327 1.8285744 -3.4352481 -1.5056502 -1.8298011 -0.085320875 0.88918394 0.3623436 0.7031361 -1.3616679 1.5541806 0.15424289 -2.562046 -0.6050328 0.20563237 -2.3908699 -0.7364729 0.19412392 -0.2397643 1.1217002 -0.44288576 0.24875553 -3.0758686 0.24225199 -1.6823313 1.406641 2.4488862 0.06552679 1.2460439 -1.3237168 0.20762171 0.0689178 -0.1805303 2.5723777 -0.12389763 0.5688225 2.052555 -1.8802724 -0.5105063 3.9543338 0.93659604 0.13801357 1.341417 0.89013284 -0.6940964 -0.78119576 1.3169328 0.7489753 -0.098624475 -0.8373333 2.0899963 0.07539304 -0.4088481 -1.4214906 1.5633643 -2.032392 1.5974662 -1.1629483 2.071028 0.5988053 3.6650586 0.71406204 0.11042665 -1.0804186 -2.2646768 -0.086180516 2.191616 2.4585986 -1.4513274 -2.216704 2.3006682 -0.3414352 0.9691221 -0.1011474 1.7016013 -1.2699918 0.45797876 0.83182496 0.8852894 1.4418019 -0.064723186 0.63151693 1.9737226 0.23895818 0.29085928 -0.93875164 0.018662646 1.0249121 1.3284922 0.5420798 1.7557143 0.6679094 1.6080424 1.6408563 -2.2129478 -0.3571799 0.018734362 0.75090224 1.7841506 2.1726303 0.17285365 -1.28736 0.43410432 -1.5368195 -3.219249 -1.763539 -1.538115 -0.32396463 -0.7274686 -1.0061105 -0.07197459 1.3716083 -2.7931626 1.2276956 1.199836 -0.24090353 -0.09831008 -0.5094866 -1.1139672 -0.49208218 0.6700967 1.7318629 -1.7032859 -3.6085236 -0.20821017 0.44485676 0.3641217 -1.144844 0.3368971 1.3964063 1.8539051 -1.209358 -1.4344645 -0.24982272 -2.522272 1.8363518 1.467364 -1.2845802 -0.36554387 0.82815355 -2.3238492 -2.1315293 0.30795512 1.578406 0.005391157 -0.37541187 1.31083 1.2955902 2.2782996 -3.0672264 0.13623065 0.5937261 0.4350523 -2.440747 -1.4565231 0.92868114 0.041320667 -0.5794668 0.05675562 2.2383716 -0.7745709 0.70036674 3.7458775 -2.7900124 -0.64230484 -1.8884915 -0.047442842 1.361592 -1.415386 1.0396005 -2.1664703 -1.8738695 -1.6380962 -0.054821797 -2.691836 1.2008233 0.9605886 0.29434976 -0.6402454 1.2807169 -2.3084846 -1.4115044 2.188832 0.46868548 -0.17884454 0.4891564 -0.7744813 -3.4682467 0.5240171 -2.5585287 -0.6018051 1.159787 -0.7120533 1.1937473 -0.36089036 -0.26338485 2.9893615 2.1416807 0.5354558 -0.49683172 0.58567005 -1.6839238 -0.54702973 -3.9729588 0.9489403 2.7271693 1.0872042 -1.241076 0.5088929 0.62450475 -0.16167495 -0.39874253 -4.2286525 2.0863705 1.8524159 -1.9925315 -1.371043 2.1380947 0.07604016 -0.6151618 -0.88852346 1.0419211 0.24850763 0.68585855 2.145405 -0.13123932 0.19255325 2.6986518 -0.960222 -2.7491457 -3.653794 0.7151483
gasoline 0.89235777 2.129474 -0.6392412 -3.2646492 -1.8555773 -1.1377906 1.7012069 0.17450292 2.6776996 0.6951703 1.6364568 -1.6175257 -1.0190897 0.64541596 3.1432786 0.69554526 -0.652746 -0.21670118 0.05295432 4.275728 -0.31321254 -2.560955 -1.0077081 1.091298 0.7952267 1.0466316 -0.10136857 0.9675673 -0.96276075 2.7441304 1.191764 -0.064080045 0.745618 -0.62180895 1.3401495 -1.263105 2.564675 -0.5856728 0.09582189 0.94399005 2.3285933 1.2699786 2.4545546 -0.13113855 -0.15328279 -0.6782101 0.77208376 -0.57280576 0.26492065 -2.6428394 -1.6087115 -1.8706491 1.226638 1.8128287 0.8858853 -1.3503293 0.9343636 1.8293734 -3.4240682 -0.7432616 -0.6942598 1.3065239 -2.3412614 1.9298296 -0.97898936 -0.5143316 0.23836437 -2.5744405 -0.102425866 -0.06982001 -2.4590614 -0.032646038 -1.9946527 0.482465 -1.2386283 2.1171587 2.1340542 -2.6312644 -1.0834712 0.85854924 0.6691337 0.20934387 0.97823405 -4.116374 1.0780431 0.9430368 3.6405826 -0.05988866 0.2509087 1.5206959 -1.1114441 -0.5624432 -2.3359227 -0.902669 0.58148366 -1.1763387 2.2562764 -0.6618849 -0.20002806 0.7925368 1.4368423 1.621462 0.33832777 -0.9947448 -1.0684111 -0.43097103 -1.5306524 -0.21551031 -0.37996316 1.5263256 0.14603658 -1.1175134 -0.07863693 -0.0035160407 -1.1917297 0.8055099 0.848768 -1.6806886 0.76058817 -0.8080169 0.102895975 -0.4432547 0.5291096 2.299659 2.5284142 -0.6062818 -0.028643107 2.6847441 2.445343 -1.5339636 1.1344155 0.8470245 -0.345497 0.018806493 2.615925 0.6243994 2.0360255 -0.8089294 -0.41497558 -0.48310235 0.349544 -3.9508278 0.33752453 0.12190642 1.2692237 -1.8868222 1.3584708 -1.1316141 -0.09872927 0.5010812 0.82948613 3.797664 -1.9096783 -3.1887586 0.35207346 -0.51736206 -1.2713763 -2.3102612 -0.47351012 -0.8274266 -1.0276803 -0.31022128 -2.1997375 -1.2175733 0.20930348 0.48058456 1.9692807 -2.208102 -2.6660957 0.093096934 0.15231119 0.45572382 0.6358795 -0.040375743 -1.2640382 -0.4720124 -0.8411437 0.35724473 -0.53142416 1.0772352 -2.4079733 -2.0016813 -1.2690434 0.56312144 0.7328745 -0.7023576 1.3386729 -0.24485084 0.19808207 3.000149 -2.215717 0.09853821 0.53261006 0.59790015 0.3209552 -0.4271613 -2.0038998 -0.027810492 -0.44750193 -0.658295 2.4328818 0.5741104 0.09660635 -2.9898627 1.096699 0.646872 -0.54633236 -1.1763269 0.29583973 2.4660118 0.14535217 2.6396995 -1.3850265 -1.1674771 0.69476837 4.9842153 0.92412996 -1.6309899 -2.287636 0.47960284 -1.6039146 -1.444466 1.7627493 -1.7058939 -0.7335565 -0.09127461 -2.6771998 2.811843 -0.6631519 0.84963584 2.014406 1.2912056 -0.7714734 0.1245775 1.282086 -0.21941274 1.124874 -2.385509 -0.82999116 0.45644313 1.531265 0.14768729 -0.47233757 -1.5551933 0.7092202 1.8607056 -1.7970653 -1.1631225 -2.4980218 1.080247 1.3523422 -1.4417193 2.394532 0.6935038 -1.8609796 -2.5769138 -1.2482306 0.93285525 -0.41351348 0.050475765 -0.10873976 0.26808476 1.467765 -0.72584647 2.0810695 -3.70285 0.21028274 -0.047315087 1.3754508 -4.309936 1.0856642 -2.7841604 0.633816 -1.5288795 0.95424193 -2.5688596 -0.9008561 -1.4223353 3.3573031 -1.202039 -1.519469 -0.9493282 2.5889678 -2.573874 1.8630065 -2.0546172 1.2332429 1.2016068 -0.16924052 1.0373139 0.27075413 1.7878108 2.1445696 -2.1469464 0.38847628 1.1613446 0.19013456 -4.5651007 -1.1453601 0.7706975
soap 1.6549959 1.7960297 -1.7524748 -0.38496795 -1.2460687 -2.8212416 -0.9961242 1.4267685 4.14998 -1.182258 -2.1687832 0.50863916 0.9240155 -1.3729798 0.12418439 -1.6529429 0.14853735 2.726341 -0.04893371 -0.0999791 -0.5260625 -1.9217374 -1.6242067 -1.8900182 2.0516796 -0.85458255 2.8155212 -0.22310872 -0.6792724 -0.16044417 0.44460857 -2.279817 -1.5952255 -1.6708965 0.2791802 -0.8601688 -3.1038108 -1.6277468 -5.0357704 -0.11396708 2.5140588 -0.36540815 -1.1153803 -0.25476503 -0.0815134 0.483985 2.0118828 -0.33009592 1.0384877 0.50779825 0.14996465 1.2995766 0.20652077 -0.36298263 -1.1969177 0.038583167 -1.9060354 1.1653686 -1.9458871 -0.25558898 -1.7715869 -0.80582833 0.48368278 1.2205062 -0.74382406 -2.1671615 0.17542842 0.47572887 -0.8094358 -0.9550784 -1.2352983 0.88802147 -3.0868392 -0.5400218 1.5906653 -0.058719113 -1.3613695 -0.1460577 1.2885829 -1.7829272 -2.0597262 -1.4348373 -1.5845916 -3.4594922 -2.1479585 -1.1029992 1.3299408 -0.75780445 0.23876263 2.404398 -0.13825905 0.016769962 0.98506176 -0.36269802 0.8369597 -2.1863923 2.1449013 0.42524973 -2.551764 -2.484648 0.513068 0.71986395 1.899779 -3.2965682 -0.37140977 0.20743723 -3.69979 0.19526888 0.6437474 0.2751297 -0.47524002 -1.8186681 -2.0574205 1.3964282 -0.11709403 0.08818229 2.219667 -1.560032 0.81040335 -0.307788 0.40757594 -0.01748931 -1.6183364 -0.738259 1.2034303 0.44954655 1.3870666 -0.73531324 1.8999144 -2.1614587 1.9349416 -2.3865328 1.4193656 -1.375362 2.209702 -0.3210661 0.5962966 -2.8980412 1.7116208 -2.2082398 2.100996 -1.4906479 0.92453754 2.1346564 2.114562 0.1488194 -1.3490236 -0.70907044 1.0390464 -1.2706972 -0.5734604 -2.0669606 0.7472822 -0.047943026 0.1641762 0.57848847 0.5672173 -0.97769356 -1.7780578 -1.0798776 -1.174873 -0.980672 0.07183836 0.92806613 -1.0478526 0.41264018 -0.237598 2.4895606 -2.2498324 -0.20902443 0.71510077 0.17953837 -0.03104131 2.1014292 -1.7426353 -1.6705768 -0.39089957 -1.5330983 0.012246268 1.1964319 0.7041435 1.3205101 -3.3582265 -0.68312854 0.29278266 -2.1478598 -1.7307311 -0.11237871 0.87258893 3.574033 -0.96034986 -0.74149626 -2.6882389 -0.47879055 -1.2111336 3.1466453 -1.6785232 -0.8339196 0.33291858 -0.14020583 -1.634756 1.0713102 -1.0846165 -2.5753744 -0.013197585 -1.5959295 0.51085734 -1.2330657 -0.61345303 0.47861558 -0.8912084 0.89647627 2.5298536 -0.42614427 -0.45417717 2.5939085 -0.025565518 -3.7165647 1.025707 -2.5300941 0.65071803 -2.9113624 0.38722244 0.63583976 0.17992951 1.2975764 0.25420088 1.4890952 -1.0700188 0.8957933 1.5419948 -1.0495019 0.15473619 -0.28760332 -1.0001364 0.60752124 -1.019923 -1.2948577 0.42700797 -0.056798853 0.9235313 -0.61866534 0.62784207 0.4776208 0.69202554 -0.54888976 -0.53745145 0.09971106 -0.4875305 -2.1551461 -0.12862617 -0.75353074 0.804163 -0.80413586 -1.2228336 -2.7774203 3.804146 -2.1347907 0.9868415 1.8937522 -2.3661315 0.145864 -0.08030379 0.11332366 -0.13836491 -1.7398155 -0.10495145 -0.7479706 0.9172441 -2.5537124 0.34043613 -1.0898031 -0.21667667 0.92146736 1.8606216 -4.3425407 1.5740411 -0.8799605 -1.7067347 0.1508564 -1.8978885 -1.1429783 -0.6855814 -0.54601425 -1.543056 0.03850957 -0.17451566 0.39328915 -1.4575224 -0.10969757 -0.7338912 3.0882611 -0.9408395 1.6083977 0.68374074 0.60588753 -2.783626 0.14666882 -1.5264204 0.5317242
mushroom 2.457883 4.204855 0.24759999 -0.20427254 -0.0019226492 0.19502574 1.9819534 2.637699 1.455238 -0.02334356 -1.4412713 0.3091626 2.3021603 -0.51662064 0.7851828 -0.6558641 0.32421887 -0.9319794 1.4309909 -0.6660806 0.26372126 -0.09869207 -0.5260545 -1.5098912 0.75745356 0.059721604 0.19772603 -0.43152088 -0.92433906 0.050557613 2.6996896 1.0474845 0.74134463 -1.4576024 -0.6994436 -2.9637365 0.41353962 -0.6578264 -3.2348964 1.5514014 2.837425 -0.92549825 -0.73442036 0.38536564 2.0405614 -2.1419237 2.9508543 -0.643227 0.11249449 -0.8058108 -0.084597394 -0.3221126 1.2555984 0.5553525 -0.32840878 -0.41562042 -0.952906 0.015710112 0.4624117 0.04739903 0.8354458 0.5245431 -0.1738355 0.77969694 -3.3442886 0.98507375 1.1105596 -0.53822404 -1.1917545 1.0991517 -0.61433184 0.078520626 0.8484037 1.5174673 1.6858374 0.28594226 1.5842081 1.1068791 -0.3417415 3.0453112 -2.6793745 0.21638057 -2.2633421 0.5334678 -1.4701859 -0.45382974 -0.62993866 -0.09096485 -0.3696803 0.26471612 0.16824336 -1.530435 -1.3278306 -0.16585541 -1.3255135 -0.856574 3.903966 0.44329193 2.29903 0.9587488 -0.07446055 0.2010892 2.922766 -1.1104954 0.9477638 0.1769353 0.40529656 0.96796167 -1.2940536 0.8623748 2.7274134 -0.20936693 0.7858989 -0.67784536 -2.3865056 2.2461355 1.3805392 -1.49371 0.33889633 -0.118479826 0.89898056 -1.8525825 -1.4503713 -0.23935373 1.086356 0.38096347 0.6655975 -0.4595038 0.7012411 -1.3277359 -0.659144 0.7939434 0.24934617 -0.10748975 1.339336 2.8770835 0.88714683 -1.3865423 0.37522575 -1.2829043 -0.27494383 1.0095415 2.385688 0.30281064 -2.441479 0.5829922 -0.87867546 -1.3650455 1.2653446 -3.8344002 -0.7500269 -0.29456064 0.23458079 -1.8273236 0.70205283 1.9042187 -0.2568939 -0.967651 0.9665102 -1.1200168 0.351338 1.4493328 1.2416316 -0.042919494 -1.3525916 0.8657782 0.4330504 0.38234445 1.5704306 -2.226088 0.26217198 3.0097709 0.7410033 -0.35657293 -2.5231152 -1.3137345 -0.12250334 1.4650425 1.0605499 1.223216 -0.24096622 0.64453584 0.26618955 1.0989846 1.6062065 0.17481862 -2.2289965 0.3959161 -0.40868565 0.6607033 -1.1921104 -3.6019726 -1.579645 1.0612831 -0.017596614 1.1550534 -0.023295846 1.5885154 1.9544978 -0.7101549 -0.55067754 -1.3020378 0.17519478 -0.2625646 0.71023375 -0.2919831 -0.9427085 1.7799294 -0.22781935 0.8675233 -0.8127574 -0.61450577 0.9829953 0.62437105 3.4070435 1.9664402 0.6749641 -1.303625 -0.5224529 -2.4627357 0.63260823 -3.5903986 -1.3087814 0.48400894 0.97665983 0.9451726 1.1454512 -0.14760722 -0.7249389 2.601411 1.9865042 -0.18008989 -0.96375805 0.07807886 -0.073063605 -1.7476934 2.6857972 0.57258433 -0.49936742 -0.98959434 0.6195997 -0.34228083 0.660394 -0.8962332 -0.1729881 -0.14768083 0.30345777 -1.1377016 -1.0011076 -1.0123775 2.4864326 2.339214 -0.14539945 0.6429037 2.3821616 -1.607413 1.184659 1.2825952 -0.8580923 2.95687 0.45476583 0.013059405 -0.59494364 -0.1761831 0.7121797 -1.0662608 -0.649377 0.046595432 0.47507176 -0.28310674 2.9188273 0.47062933 0.986936 1.3118272 -1.5417836 0.091096886 -0.02447536 3.1286864 -0.28164047 -0.5631145 -1.3572406 -1.0521829 -0.45065576 -0.430324 -1.1313175 -2.4797573 -0.2289353 -0.16315666 1.1191847 0.55134 -2.4161139 2.5067935 0.500414 0.34104759 0.93135536 0.54196376 -2.768589 -0.066387095 -0.78198206 1.6307552
carrot 1.3787376 0.74592036 1.3192891 -0.69335794 -0.7460064 0.3778245 0.09195355 0.89708537 3.395406 -1.4665334 -2.0510108 1.5740715 1.8926524 -2.631202 1.287981 -2.6919663 0.4560892 0.663126 -0.7260672 -0.28920263 0.5729382 -0.70252824 -2.9645834 -1.8639566 0.3724468 1.5870837 -0.60983205 -0.7194437 -1.4797466 -0.9562742 3.3179185 -0.4775311 -0.55178726 -2.27867 0.45154837 -1.4954146 -2.194269 -1.5177745 -1.6037567 2.6461294 2.0520408 -0.5425026 -0.27821973 0.7873499 2.8057363 -2.0009437 1.3514546 -1.7326998 -0.9700339 -1.5979284 -1.2559606 0.5784793 1.7471544 1.2684141 -0.1474645 0.050323237 -2.5665076 -0.10555622 0.06945079 -0.28418598 0.47310916 -0.862844 -1.2640295 -1.1278154 -3.4729931 0.06827289 1.3590151 0.9194398 -0.26303658 2.3701336 0.30764055 1.9349552 2.2081869 -0.14628671 2.556328 0.07516645 1.6015224 -0.96041393 -1.1356102 -0.72289914 -0.7325203 0.07746971 -1.7596811 -1.3349015 0.2707714 -1.2052224 -0.8794545 0.568771 -0.052411683 -0.9966723 -0.65724117 -0.41419792 -3.1743517 1.0538875 -1.2751787 -0.16513531 0.89261377 -0.025204 2.5992827 0.050163083 -0.14218043 0.7163361 2.2876298 -1.6416746 1.5848016 1.3312882 -0.6382237 1.5471349 -1.1474032 -0.21381307 3.3304253 0.38289943 1.3344643 -0.64343727 -1.2894228 0.83962417 1.7796243 -0.26794347 1.4859602 -0.49926555 0.06546422 -2.0419674 -1.4270995 0.288193 0.89655024 0.63759035 0.15757407 0.15250207 2.005672 0.9646768 -1.5496421 -0.75371957 -0.8331815 0.09191852 1.3338197 2.2055368 -0.10232126 -2.2872488 0.32775715 0.3935101 -0.6272627 0.9397227 1.9125073 1.1163628 -0.5746857 -0.10819504 -1.6272936 -0.30894855 0.45659685 -3.7988315 -1.2981808 0.5928036 -0.36351827 -1.7232063 -0.8787196 0.18033879 -0.00786661 -0.39558128 2.1255825 -1.0391821 -0.1192976 -1.2479794 -1.2658836 0.7884406 -1.7844353 -0.6313509 -0.6787916 -0.084305145 0.517245 -0.98404086 1.6021407 1.3799105 -1.1819099 0.13296019 0.2120053 -0.84761417 -0.47386074 1.2439333 -0.56827366 1.6757075 1.554368 0.06426922 -1.0982046 0.26714614 1.2478479 0.4270072 -1.754938 -0.36160022 -0.95564586 3.3607407 1.5066104 -1.475886 -0.3981785 1.1125861 0.72126323 1.5503409 -1.9462478 0.42063767 0.36753616 -1.7132115 -0.3933876 -1.0861259 0.40875873 0.38653126 0.5962308 -1.8051479 -0.53001606 0.80454725 -1.0137883 2.8363938 -0.06385268 0.083062656 -0.07913948 -1.1552023 2.7702394 1.6705817 0.95324254 -2.4532528 -2.1269052 -0.22052553 -2.7917945 -2.9753065 -2.286929 -0.13227041 -0.30931225 1.7815331 0.28219426 -0.76975363 2.4925525 1.1960566 2.3120923 -2.1159725 0.28533927 -0.21329506 0.7363282 -0.59382385 1.4723139 -0.9337496 -0.61652195 0.300911 1.6967386 -0.68291473 -0.110804506 -0.878675 1.2818388 1.050219 -1.2308308 -0.07168975 -0.10657695 -0.08763487 1.6698961 2.2914402 -0.799843 1.2717806 0.6787649 -1.8164617 1.820886 0.14816727 -0.32143444 2.2880805 -0.84322065 1.349988 1.7678871 -2.6889288 1.2721653 1.1051536 0.70510405 0.6432948 0.052076336 -0.84158367 0.20673873 1.7692492 -0.16782755 2.351084 0.44899613 0.9793782 -0.71309227 1.2757238 0.5686399 -0.027790472 -0.7545943 -0.8841057 -0.5998063 -1.0089934 -0.91739744 -0.37830347 -1.2256564 -0.5913373 0.9941515 -0.11722078 -2.1974323 1.8619881 1.135901 1.3416574 2.9560995 2.57383 -3.789136 -0.4912449 0.5137061 2.982874
glue 0.43050674 2.5079656 -2.233191 -1.5225976 -2.2048848 -0.1595899 0.67296314 -0.1401251 1.5943427 0.18597543 2.5145917 0.2962248 1.5794137 -2.957644 1.3250381 -1.0836693 1.9279059 1.7905749 0.28157717 -3.7853038 0.4618539 0.28308284 -0.7343823 -0.95183367 -0.2795517 -2.28163 0.10625114 0.50515705 -0.017709523 -0.12346119 2.0847054 -2.8207393 -1.1397591 -0.46141303 -1.2981411 -1.3017298 -2.7441065 -2.5436826 -2.1551955 -0.96727973 1.3866521 -2.1180563 1.7234498 0.43731052 -0.0027068534 3.2595143 0.5185111 -0.66950214 -1.701514 0.2383127 -1.9363893 -3.1215222 2.5137293 0.036307897 2.1175966 -0.68025655 -0.4217197 0.367742 -1.0043021 -0.21146385 -0.9217234 -3.035939 -1.6380299 -0.08221721 -1.6970264 0.058216315 0.26072177 2.286344 -1.2978506 1.9154215 -1.8543918 -1.0587901 0.8213075 2.5209837 0.6800616 -1.3761253 0.061895717 -0.17707495 -1.4793502 0.57343197 -1.1669852 -1.0320843 -2.1337092 -2.142369 -1.5976995 -1.5914288 1.106375 -1.9405924 -2.143831 1.7874426 -0.75450027 0.08309074 -2.332815 3.8621168 2.0718231 -0.65802354 1.5712148 0.19786702 -1.0388533 -2.0306458 -0.42952207 2.8228147 0.7067751 0.97163504 1.0961313 1.9953772 -1.1684209 1.4257158 0.4002359 -0.2795527 0.10441177 2.0171056 0.43212315 -1.0614309 0.8767486 1.8994366 -0.9945236 -1.1205076 2.1943588 -0.5400787 -1.4293272 0.16514184 -0.8982422 -2.5012467 1.5659 -2.1947181 1.689823 -0.7502134 4.7310233 1.2216853 1.0143694 -0.6661084 -2.2051325 -0.24393967 1.4560453 1.4509157 -1.2371445 -2.3085263 2.1608045 0.03411631 0.31725278 -0.43558946 1.557766 0.10881942 -1.6627636 0.27467018 2.284167 -0.86942405 0.21242933 -2.5591693 -0.1597147 -0.7694997 0.1108756 0.8844022 -1.240358 2.330953 1.9624267 2.106534 1.2954358 -0.22691049 0.035921324 0.8094558 -0.010958137 0.75372666 -0.124829814 -0.10352549 0.8759335 2.2311852 1.3002198 1.5546179 0.6289705 0.087388635 0.25783178 -1.5503253 -0.3322667 0.7194238 -0.5413414 -1.6654861 0.7320767 1.2405772 -0.72161216 1.6527933 0.71739185 -2.3235626 -0.2193666 0.5062591 -1.7605054 -0.7898316 0.5211584 4.9623246 -1.926153 -2.4618936 -1.4465382 2.961258 -1.4560223 0.7533604 -1.1311082 1.406124 0.40843734 -2.4353626 -1.0409964 0.8183791 -0.99662465 2.2595153 1.0340765 -1.3831187 -0.2402561 2.1722372 -3.5958772 -0.38096753 -1.3007134 2.7797601 0.69169456 1.2691112 0.62955654 0.14270502 -1.4161545 -2.5740643 -0.5189409 -2.7886398 0.21024284 -1.5797486 -0.20483442 1.375038 -0.6987393 -0.41934085 -0.66709036 0.20164882 -1.3484515 2.2329736 1.783666 -2.081627 -2.1423998 0.8748479 -2.270582 3.4579768 -0.22824554 0.91341424 0.022859963 0.33653772 -1.7377721 -1.5401355 -0.43851522 2.2223175 1.247557 -0.963334 -1.8335954 1.0774283 -2.6882615 1.132104 -0.79956573 -0.7932034 0.8432076 -1.3693156 -0.59093875 -0.7667107 1.1929268 -1.7157468 -1.0741668 1.0119402 -1.6458421 -1.759214 -0.04769585 -0.0728585 1.9058131 0.02222079 -1.0753889 -1.8008958 0.48715976 -2.2918282 -0.98614603 -2.7505434 -0.055050213 1.4380857 0.8696227 -2.868867 -0.37301242 -2.5897207 -0.9408329 0.67818797 -1.7332175 -0.8722302 -1.235601 -1.1931684 -0.31155598 0.3032248 -0.1589528 0.29357752 -0.29534194 0.39194116 1.1860583 0.26369387 1.932555 0.15038309 1.8078169 1.9868644 -3.1454754 -1.1236238 -1.309989 -1.3138009
banana 1.5145589 1.1475778 -0.17110431 -1.0334334 -0.1910141 0.34848958 0.1357085 1.9216118 2.1709223 -1.3132411 -0.61192393 1.6230698 1.5246888 -1.6053212 0.9044324 -2.1291301 1.3868363 0.57568485 1.4379551 -0.62346125 -0.08356104 -0.23285207 -0.6085105 -0.13261627 0.25624704 0.3254772 -0.19185738 -0.19815545 -2.0239263 0.10385509 1.7764885 0.41214296 -0.37611347 -1.5682801 -0.57527137 0.6473409 0.105904944 -1.3367767 -1.5923384 1.0360115 0.8713144 0.12694064 -0.24357167 0.30046996 1.0479715 -1.609883 -0.44047454 -2.256768 0.6865082 0.056110013 -0.72920036 -0.003974572 0.83056843 0.2878082 -1.6523788 0.024080409 -1.1642934 1.3451929 -0.60812277 -1.1624131 0.48716787 -0.38675514 -0.7385279 0.043945406 -1.4202652 0.2575932 1.1605735 -1.6005081 -0.61281246 0.4892478 -1.9680125 -0.99486125 0.53945374 0.77990943 1.2990237 0.9772805 0.20204543 -0.69630295 0.08828202 -0.7630804 -1.5931734 0.67379975 -1.9056339 -0.4988089 0.34187248 -0.26571208 -0.5589943 0.12659654 0.26215297 0.26529104 -1.7372615 -1.2373517 -1.0802984 0.15121767 -0.12380481 -0.34417817 1.3008585 -0.08915411 2.708498 0.32993627 0.7886639 1.1669149 1.4971017 0.063083775 1.9850522 0.43291295 -0.3539946 1.4740617 -1.8344033 -0.17937301 2.5030267 0.07807723 0.6866742 -0.9457819 -1.8133092 0.6039992 1.3109645 0.06888554 0.7284676 0.017150216 0.77969027 -0.098999724 0.06379669 0.11396355 0.78134644 -0.6052317 0.65664357 0.015024956 0.59551334 -0.2679867 -0.4671304 -1.0326843 -0.52727383 -0.54344237 1.5244181 1.9328269 0.91411406 -0.4192475 0.52220505 -0.69034064 0.99067664 0.5731193 0.7454654 2.3709702 -0.30782583 0.073682696 -2.4329586 1.1182727 0.13552605 -2.5490432 -1.1511482 -0.72231007 -0.2993756 -1.6883457 2.104496 -1.1610056 -1.1043454 0.023931695 -0.10185449 -0.42978185 -0.29017732 -1.492824 0.51108545 0.8102157 -1.8891757 -0.32699835 -1.0827336 -0.29086947 -0.08452562 -0.7852061 0.578583 -0.033418756 -0.95871884 -2.8189642 -2.7158558 -1.7593485 -1.112816 1.2568197 0.03884242 1.5918899 -0.15677147 0.98462385 -2.3375416 2.842752 -1.1152611 -0.563573 -2.8965976 0.121591054 -0.37249243 2.8476086 -0.13025066 -1.8823918 -1.4415619 1.491946 1.9421275 1.6363161 -1.797004 -0.2666624 1.2084827 -0.42876777 1.070432 -1.1726872 0.49778077 1.5907778 0.6442695 -2.4674199 -0.7630588 0.44741407 -2.7289715 1.7584975 -1.230592 1.2098385 0.6385237 -0.4691349 2.0430992 1.1338472 0.90473527 -2.6731868 -1.9557829 -0.7918887 -2.433191 -1.8783268 -1.9555345 1.323342 0.499753 0.89386064 -0.16504483 0.6448155 1.1163042 0.8397065 0.9255007 -1.6060824 -0.050559234 -1.0490682 -1.0735139 2.0261416 0.16307974 -0.41965556 -1.5919511 -3.1915631 1.007679 -0.11250183 -0.33342564 -0.77924204 0.54465145 1.5150627 -1.9036413 0.7511502 0.55011123 -0.27363622 -0.46830857 0.96879655 -0.12105387 -0.3748786 0.39512378 -0.8947295 1.1680701 -0.04656499 -0.8416911 1.0028553 -1.1492484 0.83696616 1.4526011 -1.2553105 1.0759726 1.2298847 0.9169123 -0.55693763 0.36613426 -1.2286129 0.37743735 0.73955494 0.47954428 1.4570596 1.1093948 -0.009494667 0.4709967 -0.12002702 -1.2578647 0.7786877 -0.8306177 1.2712818 0.9846967 0.1204076 -2.0449734 0.45662016 -1.1496967 -0.040927205 0.42715716 -1.8192161 -0.8094583 1.2824296 -0.7004386 0.24316446 1.353964 2.934455 -1.2060508 -0.9489604 -0.7603227 1.1325119
grape 0.59045607 3.1048963 0.3656894 -0.67931664 1.3520085 -2.052671 -0.21721217 0.9570347 1.5240252 -0.5402054 -1.7001303 -0.24054205 1.1332417 -1.0022583 0.56251144 -0.90626836 -0.50307465 -1.5052912 1.513577 1.7417991 -0.44159824 -0.12060871 -0.82270944 -0.5338332 -1.0096785 3.1117764 0.29890397 -2.262154 -1.3274057 0.19268546 1.7962421 2.416236 3.3598542 -1.8818052 -2.2164576 -1.3484126 -1.1769086 -2.1168492 -3.2502217 1.3159493 1.8335899 -3.4065807 -0.0042088684 1.3981732 1.512015 1.3628371 1.5759325 -1.2760304 -0.20568103 0.6939877 -0.4450918 1.5954428 -0.151325 2.0934465 -1.116926 -1.2560748 -2.1707468 0.85081327 -1.519664 -1.0117682 2.8402114 1.4041768 1.121602 0.42738697 -1.759511 2.4727721 2.3763592 -2.4800646 1.0942338 1.0275674 0.37923217 0.28976223 -0.029200597 1.9567435 1.6990559 0.3702554 0.10039109 -1.7343001 -0.8196367 0.8285186 -1.5784826 1.667268 -1.5852276 0.18326859 0.89426726 -1.353066 -1.7655009 1.0623115 0.68939346 -0.99172145 -1.2585539 0.3973187 -0.30251414 -1.313886 -0.49446246 0.3302959 2.7903686 -1.4555272 1.1384294 0.19406283 1.5218527 0.29570153 1.5770893 -2.007442 3.6958098 1.5931076 -0.9501257 -0.32096207 -2.59034 0.22617696 2.880873 1.1469445 1.5654119 -0.4020622 -2.636774 0.05369405 2.4065409 -0.66554195 0.6170509 -1.8935167 -0.07764212 -0.8995677 -0.019499883 -0.058455795 0.9628571 1.1575124 1.4332712 0.24505349 2.398812 -0.07508542 -0.32501557 1.1717839 -1.2995573 -0.092058785 1.9645935 1.143256 1.1767839 -1.6216404 0.73690826 -1.3607259 0.8570247 -0.49676582 0.15166447 2.1856978 -2.1592994 -0.25019258 -2.6889453 -0.54406416 -0.13282897 -2.6945858 -0.9984623 0.6453267 -2.1424873 -0.4145515 1.0960481 -1.2846539 -0.5736711 1.0464991 0.54672354 -1.5269184 2.0472827 -0.6298659 0.22082669 -0.97024506 -1.470289 1.255982 1.9975688 -1.0556663 0.7125579 -1.7473624 -0.06416401 -1.0653846 0.34079424 -2.5428967 -4.289902 -1.060805 0.25099528 -0.4414019 0.19920884 -1.2998712 -0.97859323 0.585821 -2.198115 1.7381295 -0.7022224 -0.58581823 -3.4890602 0.00046670018 -1.3914161 2.9787576 -0.7157689 -1.8031965 -1.9618253 0.5608631 0.610536 0.6736835 -1.9665475 1.3027276 2.8010235 1.4052141 -0.4391564 -0.6211761 1.9640722 -0.12977512 -0.5139203 -0.9958843 0.31533733 0.7005673 -1.5849856 1.5149839 -2.476581 0.47604725 1.4363859 -0.68865013 1.0312804 2.5086517 0.31196114 -1.0294402 -1.8093837 -2.617737 -1.2845562 -2.9630997 -1.0783632 1.4327073 0.6061056 -1.5478387 0.22446223 -0.64044005 0.40518144 0.6809578 1.2425066 0.7805658 0.49545458 -0.04104915 -1.8020868 1.5871555 0.11590909 -0.41358668 -1.3313525 -1.6921477 1.1143079 -0.9281206 -2.1077461 -1.0057824 0.49269632 0.7279531 -0.11969032 -0.40598175 0.89115924 0.6618786 -0.47753322 1.8107541 -0.6667744 0.24003391 1.5149721 1.2991954 2.4785082 2.139292 -1.7650185 1.1156483 0.34935322 0.4243954 1.2266968 -1.3735079 1.5126104 -0.80474806 0.2908304 -0.704103 -0.041226234 -2.1525614 2.206757 0.5776556 -0.5063961 0.8731111 -1.2936755 -0.98079157 0.10917268 0.69541126 -2.2607634 1.9066992 -1.5500243 0.3025064 1.1193213 -1.7042358 -3.6498373 -0.5159923 1.2516176 0.0148523515 0.9352824 0.06840625 0.24929588 2.2915034 -1.0492378 -1.2163174 1.6490318 0.79129547 -1.9945532 0.0070985616 -0.87258947 2.411243
ham 1.8207227 1.1012326 -0.4787256 -1.7897128 -0.81707364 -0.8337525 1.1600515 -0.5398369 0.9552388 -1.4080689 -2.4185998 1.3029177 1.9502192 -1.3985087 0.26232624 -2.1220384 1.3195571 -0.6698767 1.5143784 -1.5385857 0.30038738 -0.33243957 -1.2760009 -1.113936 1.7911193 1.2075025 -0.8283951 -1.4541645 -1.8497411 0.5376517 0.4558149 -0.83885616 2.7702358 1.2474856 0.7649593 0.71710795 0.3809811 -0.50784844 1.700834 0.33552143 1.6275337 1.0153105 0.0542599 1.4035833 0.13213995 -2.753743 1.9937872 -1.5752811 -1.2783235 -2.2584884 0.30594 -1.7759923 -0.5795098 -0.18555546 0.16404554 -1.3451883 -0.33420458 0.11203861 -1.2175019 0.26090047 -1.3403227 2.072366 0.629196 -0.45805022 -1.9425453 -1.1919618 1.1444305 -1.2005706 -1.0835911 1.1188788 -0.3326929 -1.4601653 0.5376885 0.6496616 1.2571723 1.250731 1.4133109 0.4371727 0.2640829 2.748673 0.84844214 -0.5079945 -1.1897119 0.24145214 -0.12830347 1.373 0.107444264 0.44588068 -0.67129123 2.3764834 -2.4503129 -0.14173222 1.2012014 -0.3054347 2.079732 -1.908462 1.0282638 0.6435816 0.25027055 -0.38958445 -1.002772 1.2282274 1.6860405 0.1769742 0.023750268 0.52102417 -0.25268987 -0.3238977 -1.9258084 0.6509882 1.8667864 0.92826885 -0.003682806 0.8134157 -0.67529666 0.32744187 0.5845903 0.93008995 0.37998417 2.4681802 -1.2114971 0.6282964 -0.98164195 1.4013836 -0.85564435 0.12777732 1.5251763 0.18888226 0.21264754 -0.18772393 -0.91333157 -0.838731 0.105726056 -0.84009475 -0.43268389 0.96296835 -0.7207221 0.42341 1.0204028 1.2453396 0.56728154 -0.5776888 -0.16053575 2.043211 -0.6170107 0.41057125 -1.0188367 -1.1063089 0.7144078 -2.4747937 -1.0627004 -0.9560685 -1.017296 0.63635534 -0.19118004 -0.37421682 0.37650195 -0.024148112 1.3641313 0.0010300495 -0.1665419 -1.1485978 0.11744563 0.18823291 -0.6288524 -0.5674186 -0.398816 -0.051801417 0.8393842 -1.2146789 -0.7175464 0.38119975 -1.700277 -0.21096398 1.0285964 -1.7448769 0.12916453 3.1094816 0.53847796 0.5087197 -1.6999916 -1.3093466 -2.2121234 0.7024511 1.851048 -3.617404 0.5067085 -0.24075839 -0.58179164 2.1446986 -0.4278471 -1.5884391 -1.9098179 1.0823128 -0.51914877 1.1686133 -0.09564051 -1.3923304 1.4959648 -0.60271573 0.44485363 -1.3771381 -0.7091277 1.9298794 -0.24094972 -1.1239339 -0.9412495 0.88344747 -0.1104744 0.66054964 -2.3381045 1.9194597 1.4009548 0.013891745 2.8583698 2.1875043 0.5577104 -1.1667708 -2.0105658 -1.6207637 1.0160482 -1.1857787 -1.8817049 -0.49951547 -0.7976362 0.861522 0.45141193 -0.088836424 -0.51321846 1.4566954 1.7869853 -0.15789224 -0.48161998 -1.6474894 0.90708685 1.7514731 1.0923507 1.304946 -0.43400067 -1.6689943 0.92336845 -0.08598158 0.34871602 0.17681147 0.319885 2.272697 -1.4298526 -0.58918035 -0.59325147 0.20176056 -0.9429812 2.1860979 -2.2332942 2.1249685 1.5601983 -1.54854 1.9028257 1.6327432 0.3765754 2.693197 1.490895 -0.6631832 -0.9899816 -1.0775815 0.23564754 -1.8449683 -0.35560295 0.2307373 -0.240416 -1.4927894 0.48607627 1.8313359 0.3293282 0.86872643 0.58261204 -0.07681891 1.320389 1.3754979 -1.4790525 1.4886065 -0.7484195 1.3942308 -0.8169383 -0.20176333 -4.8139358 -1.1037626 -0.15952174 -0.7121068 0.814048 -0.15295053 -0.14467745 0.71583635 -0.89269143 0.8528576 2.8295279 1.5254295 -0.36396077 -1.8886195 -0.20723021 0.23864664
mint 2.116088 2.2525208 0.3448123 -1.6359819 -0.2790111 -1.6714783 -0.12575938 -0.47836357 1.3041561 -1.3710122 0.1116679 0.312246 1.2102365 -0.35843933 -0.3737923 -1.529403 1.6700885 0.5757442 1.0671618 1.0369648 1.3406171 -0.7586461 -3.201627 0.20332961 -1.2542161 -0.46559754 -0.6404861 -0.70572597 -1.0944759 -1.9761577 2.3658164 0.13451965 -0.35012504 0.09516063 -0.4341815 -1.8867486 -0.42782956 0.018780716 -1.4423678 -1.3624245 1.7453786 -0.0020910841 -0.6449264 0.080628775 -0.86419106 0.3427271 2.12966 -1.9214196 0.57575315 -1.3930264 -1.4632334 -0.077214934 2.2672005 1.3795357 -0.9088065 -1.0159056 -1.0961895 1.214364 -1.4802979 -4.0937643 -0.16817065 -0.2860534 -2.303635 1.4704198 -1.4372485 0.13247634 1.0509778 0.9416618 0.3589507 1.6420683 -1.2120204 0.042023286 -0.30242094 1.7796729 3.1696043 -0.39124808 -0.30122975 -1.3864228 1.6552457 0.36626562 -1.2754033 0.10161902 -0.14355981 -1.4475267 -1.0684917 -0.20773168 -1.4310883 -0.16181935 -0.7656336 0.121400245 1.0776885 -0.09694546 -1.5641959 0.7780932 -1.1758559 -1.0276593 1.6521785 1.1181048 1.4882938 -0.37672058 0.6636722 -0.21729152 1.9811106 -1.6502694 0.548724 -1.0410862 -1.0306034 2.4918182 -0.8542303 -1.2264724 0.9661382 -2.4636493 -0.17920838 -0.3412337 -0.8817381 1.9214737 2.2647529 -0.65880954 -0.06130062 -1.0783219 -1.5967734 -0.72110635 -1.1966412 -0.16738944 1.4506825 0.32871842 0.019373035 1.150983 1.7477994 -1.1249992 -1.196338 1.2159646 -1.7949362 0.46737993 1.130074 -0.79521495 -1.0910059 -1.0228119 -1.0008528 -0.6399201 -0.6018357 0.041660674 -1.3421725 0.7515472 0.1276797 3.404462 -2.8098292 -0.8160692 1.291789 -2.568638 0.72939914 0.2847484 -0.36976308 -0.2091466 2.4480054 -0.42375526 0.7707308 -1.1084839 1.472176 -0.13029242 -0.1133487 1.391656 2.91505 -2.5388055 0.39399612 -0.742852 1.0952574 -1.5318394 1.553851 -1.8621911 -0.2513523 1.1461366 0.46950543 -0.6652699 -1.0120822 0.2463903 -0.8701259 1.1432912 1.8446274 0.057817042 -1.4297163 1.3267223 0.07578205 0.64195675 -0.12359531 -1.2684801 -2.5999622 -0.7056056 -1.3915473 1.9977263 -2.270848 -1.4332083 -1.818489 -0.027903061 0.19866103 -1.4769516 0.9218291 -0.97025174 0.44527024 -0.018863657 -0.79433626 0.864471 -0.25702757 -0.27241108 0.64297104 0.6121299 -0.48444036 1.0708618 -1.7432061 3.3646061 -1.0177885 -0.54253453 1.6466156 -3.2756774 1.2589563 0.024630088 1.5390893 1.0059648 -0.21708584 -0.58202153 -0.8532379 -1.7710327 0.39042908 0.25312445 -0.75744945 0.2660814 -0.68035585 -0.32709932 1.5524724 0.9302286 -0.009145946 -2.5183535 -0.4033138 -0.9159531 0.5955341 1.5986108 -0.29886234 0.46712452 -0.030114897 1.1114715 -0.6172737 0.5337045 -2.0448263 -1.3075185 -0.71374524 1.9755045 -2.854944 0.5715821 -1.4934431 0.2550635 1.4957534 2.7678266 -0.07432617 -1.9367748 0.45546174 -1.240464 2.6150904 0.9765251 1.7563581 -0.8953883 -0.89877033 0.95823646 -0.8524156 -0.5359667 0.8172214 1.6235429 0.7852052 -0.01591433 0.1125908 -0.024749802 1.4665437 1.2373106 -0.43622255 1.6724374 -0.32772538 0.5922642 2.0679924 0.11638142 -1.5236162 -1.8883303 -1.5172049 -1.6460644 -1.6109363 0.72936493 -1.8855102 -0.06865107 1.1532754 -1.785912 0.8820396 -0.71167076 0.6284456 0.6461637 -0.7321754 -0.26262662 2.0792806 2.4548001 -3.199575 -0.13578391 -0.97565305 2.8469992
strawberry 3.354862 2.076653 0.90603155 -1.1276758 1.7873833 -0.45494762 -2.0667014 1.0149229 0.73654646 -0.50306064 -0.90090483 0.6533324 1.0848399 -0.6964664 -0.5345294 -1.7779429 0.27048525 -0.05110323 -0.58736837 0.16700132 -0.11195887 0.3156791 -0.3152337 -0.14782748 0.39805073 0.61141616 0.2679017 -2.1929033 -0.45195034 0.100248314 1.5846411 1.9778489 1.5501285 -1.3973521 0.18709105 -0.8326625 -1.026907 -1.3631217 -2.672199 1.3969203 1.2286847 -0.47288266 0.8790019 -0.29884607 0.8487446 -2.041168 1.6244688 0.07239523 -0.7582615 -0.21201414 -0.36508614 0.9486354 1.2351315 2.213705 -0.05694197 -1.4225142 -1.8754575 1.3222855 -0.72261 -1.7610068 1.8987299 0.48121595 -0.4920345 1.3077813 -1.5327638 -0.6411082 2.1711922 -0.86070466 -1.1399461 -0.05322031 -0.94200236 -1.0612116 1.4438215 0.7024855 1.9258925 0.049781334 -0.48109654 -0.6513889 1.4085922 1.37387 -1.7942272 -1.036053 -1.8083264 0.23478818 -1.2231743 -0.359784 -0.7523055 0.65940136 0.3582819 0.8367463 -1.0387303 0.0077371607 -0.81429446 -0.49661848 -2.6361272 -1.1181275 -0.18795457 -0.34505233 3.274943 -0.4846658 0.44220853 0.1466525 1.9106768 -1.7012947 1.8794236 0.19392724 -2.2124362 0.4059892 -1.8495766 0.107184894 1.9277265 -0.38656613 1.2361139 -1.1871624 -2.381231 1.9000492 2.6767821 0.40113112 0.1265204 -0.4744936 0.5285167 -0.31818786 -1.2723578 -0.70435315 1.0676063 1.3549451 0.73655385 1.0074776 2.0087004 0.2615101 0.1426897 0.1878176 -1.3103728 -0.39600694 0.01782325 1.6039687 0.18513046 0.5292251 1.3534178 -0.34833536 -1.1037008 0.83756137 0.1880738 2.0053906 -0.4222475 1.6499745 -2.3595872 0.57411563 -0.097461395 -2.806309 -1.7061555 0.015755517 -0.44061807 -1.301334 0.3405819 -1.5629952 -0.22453722 -0.65147746 2.426982 -1.0717341 -0.5662159 0.88556397 1.2141805 0.064988874 -1.854023 -1.1430563 -0.3015494 -1.5018911 -1.1521198 0.5011563 1.2733816 -0.22852404 -0.4191343 -1.6548574 -3.068183 -0.19903061 -0.028838508 0.14086485 0.38362002 0.10558797 0.29404393 0.8365478 -2.3340003 1.1638397 0.40901926 -0.5278672 -2.2087967 0.78885424 -0.22276384 3.845099 -0.97214186 -2.6178527 -0.7245597 0.859266 0.7550008 1.476399 0.32129666 0.45555502 0.6603277 1.078741 -0.3194482 -1.7525294 2.7762563 0.14193286 0.73225766 -2.0825245 -0.41736045 0.37924874 -1.282535 1.552845 -1.8910172 -0.12822512 1.1014233 -1.4848814 1.0646826 1.1853262 1.2210053 -1.9334933 -2.0039377 -1.3182068 -2.8476222 -2.9163985 -1.1198512 1.1579946 -0.11596367 -1.0463481 0.03301143 -0.57566917 2.468161 1.3051761 0.74326473 -0.35390508 1.2278106 -0.08109116 0.8296139 0.016539067 -0.6561426 -0.30239725 -1.4740688 -2.2882931 1.8219742 -0.040255968 0.51098996 -1.8260174 -0.37637728 1.4098952 -1.8949251 0.08244528 -0.16878486 -0.35551372 0.9591426 1.6098702 0.52153844 -1.3323315 2.8484046 -0.40634868 3.2090962 0.74088776 -0.6041135 1.1661431 -0.53578687 1.1665715 0.5973726 -0.40442485 0.46354643 0.49917024 1.3628645 -1.8103431 -0.42389578 0.5594944 2.3812625 -1.0200976 0.8212624 1.6924874 -0.33765724 -0.5941532 1.5765535 -1.0918572 -1.8458138 -0.1174048 -0.5530147 0.08753415 0.69197124 -1.712584 -0.90565085 0.09691244 -0.5844407 -0.33741933 0.5374357 -0.16854884 -1.3317367 2.5949528 -1.8826406 0.3768458 1.169813 1.815031 -1.9707842 -0.74459565 -0.46889368 2.2267904
peach 3.291498 1.9773859 0.4746509 -1.5642134 1.6673877 0.23796879 -0.4333993 0.93873364 1.343828 -1.4462147 -2.3104534 0.5449177 0.63813525 -2.4052024 -0.7796014 -2.2294533 -1.0734522 0.08214214 0.8290976 0.7336733 0.074026205 -0.46750525 -0.60478276 -0.9661722 -0.22686045 -0.090243176 0.10769841 -0.9089194 -1.1208873 -0.49932903 2.5246594 2.0973294 0.77112824 0.24324413 -0.21685705 -0.563915 -0.619141 -2.0374134 -0.71382725 2.0873544 1.2327509 -1.6268413 0.41219467 0.84940165 0.12569825 -0.34034932 0.47027457 -0.103206635 -0.24115463 0.5714728 -1.0758778 0.8389726 0.6628737 0.639181 0.063985 -1.3160292 -1.4648002 -0.095059715 -1.079174 -1.1179326 0.4640121 0.94685864 -0.018272057 0.5331448 -2.0038347 0.24443209 1.595755 -1.0680472 0.37183544 0.80454916 -0.48467183 -0.8433607 1.9485792 1.2890495 1.9012676 0.63547504 1.0287588 -0.13651735 0.42071366 0.06193214 -1.192493 0.04576251 -1.2689705 -0.20683426 -0.25456116 -0.7461706 -0.85989785 -0.59724784 1.2494079 -0.045124184 -0.30282542 0.6453019 0.13727634 -0.71368366 -1.1049265 -2.7056065 1.1234016 -0.04757199 2.0925956 -1.0165216 2.1695423 0.11580672 2.0706184 -2.0000203 1.3102076 -0.47045824 -1.8144857 0.8367145 -2.4133337 0.16353084 2.630752 -0.08361444 0.88734686 -0.45712233 -1.2825692 1.1513739 2.5342965 0.51090467 -1.110778 -0.46613014 0.72706896 -0.30400008 0.060358338 -0.36921382 0.82396424 1.7621325 2.131328 -0.2954947 1.4736549 -0.5961985 0.1829764 -0.25232768 -1.591564 -0.83236885 1.0679862 3.2089152 0.32330677 -0.90681446 -0.45197895 -1.1232091 -0.7175453 -0.10707136 -0.60858566 1.7624962 0.2640868 -0.44419512 -1.8936218 2.1813235 -0.23791142 -2.788176 -1.1831996 -0.38236168 -0.39552125 -1.8617392 1.9646468 -1.0187219 0.104727276 -0.29537392 1.4431281 0.021940129 -0.20533435 -0.2509773 0.6824494 0.33415577 -0.70172006 0.5652535 -0.30534557 -1.0912507 0.5703876 0.8286102 -0.4007724 0.1102648 -0.19775508 -2.7307274 -2.7271438 -0.66205263 1.7281524 -0.54248464 0.9756359 2.2222598 0.26305443 1.9729917 -2.474378 -0.23712897 0.03680578 -1.5583217 -2.0320313 0.60870415 0.09656687 3.1206994 -0.027387436 -2.6167984 -2.0519598 1.4174052 0.41479823 2.1779199 -1.0230908 0.45914704 0.4002515 -0.3399289 1.2028437 -0.4713166 0.4273421 0.924644 0.15729249 -0.5048936 0.024176383 0.31000343 -1.6096923 1.8387705 -1.1559573 0.5236284 1.6698462 -1.2443416 2.221053 -0.07685455 1.670781 -1.1249928 -0.7534881 -0.5455605 -1.2963 -2.828351 -1.515421 1.1689359 0.056754235 -0.93562645 -0.4151866 0.56393135 1.2319441 1.7347432 0.16140139 -0.141648 0.2917937 -0.5096029 -0.79107296 0.13382265 -0.7894621 0.19026308 -0.6929137 -0.8508116 0.004324987 0.97214735 -0.9870385 -0.66477627 -0.31205773 0.9498046 -2.1701567 -1.3037952 -0.42472672 0.5287056 0.7335723 1.7393748 -0.732924 0.3539442 0.39393762 -1.1312251 3.1951895 0.097246796 -1.0124916 0.2851041 -1.9817188 0.6138887 0.7215897 -0.5622445 1.2534907 1.5024447 1.0426701 -1.8480468 -0.6385469 -0.684221 1.857135 -0.2916502 2.1194003 2.470688 0.48690325 -0.57466 1.354367 -0.73552865 -2.1664588 -0.36154538 -0.055066075 -0.23796138 0.6629464 -1.1234788 -2.256613 0.36061576 -0.14337891 -0.74506915 0.043854184 0.18148655 -0.2834171 2.49065 -1.7395025 -0.6642391 2.4191248 1.9036608 -1.6610942 0.45180264 -1.399078 2.4405334
peanut 1.3927143 1.5314546 0.16935228 -0.9342658 -0.27970615 -0.63254917 -0.48745942 1.3375205 3.7124884 -0.92387396 -1.1594605 0.80095613 2.3138287 -0.5026603 1.3623637 -2.1372101 0.48626795 -0.16531782 0.7085135 -0.0063102404 0.3913278 -0.8824677 -0.81390476 -0.008557813 0.3074616 -0.05963756 0.12255732 -0.7237917 -0.26198545 0.117145814 2.641256 0.5825433 0.69346476 -1.6075923 0.3266711 0.7123126 -1.4802895 -0.14896499 -2.2546349 1.1272796 1.9988731 1.2007426 0.004696114 0.54206634 -0.15566753 -0.91111404 -0.17998298 -2.3109128 -1.1248682 -0.8763454 -0.89252424 -0.09625657 0.9408858 0.7320785 -1.0799123 -0.08406749 -2.2175257 2.365808 -0.31263316 -1.0383372 1.2741884 0.39046538 0.7603492 -0.058607046 -1.0070156 0.61829835 1.1772857 -1.0625288 -1.6089429 1.066543 -0.5506476 -0.7555686 -0.858546 0.62826455 1.0714905 2.1356683 -0.12428701 -1.0270778 0.6572653 1.1220654 -1.6032126 1.9086268 0.61209416 -2.2426841 -1.126974 -0.71136034 -0.452591 -0.005919162 1.7432022 -0.5339234 -2.1065 -1.6264334 -2.5588195 -0.7300232 0.7002999 -1.1846489 0.6640572 -1.4119003 2.1280227 -0.5618966 0.76482815 0.9053832 2.6360447 -0.7415032 0.67118394 0.34985256 -2.0051599 2.1253881 -2.1093976 1.3378048 2.666576 0.4759636 -1.0557737 -0.13621233 -1.4357029 0.38487148 0.89777976 -0.96684027 1.1136833 -0.6954978 -1.3604349 -0.555788 0.085315324 0.6236613 0.7021742 -0.8201471 1.2589103 0.71332246 1.2268593 -0.48537332 -0.5109775 -1.0796117 0.73764545 0.9269528 0.78105366 0.46989164 -0.26529068 0.029883724 0.95442355 -1.6784272 -0.63323957 0.5587829 0.5330229 0.8237428 -1.5366536 -0.52224916 -0.9857628 -0.6621825 0.10501259 -2.329109 -1.493118 -0.1721809 -0.62932277 -1.4979831 0.59110916 -0.053683236 -1.5341156 -0.6733269 1.0427107 -0.012574597 -1.5200795 -0.93290764 1.4278762 0.55152303 -2.573173 0.8592583 0.08930952 1.0313704 0.39824903 -0.15665752 -1.3530833 -1.4833757 -1.1827482 -0.71152663 -2.1610758 -1.375151 -1.3531498 0.1789465 -0.12650041 1.660412 0.03721216 -1.0823858 -1.9039158 0.7606431 0.71951526 -1.7260401 -1.7191736 -0.9784948 0.9615585 -0.087643236 -0.95167476 -0.9184641 -1.1965923 2.538243 0.93833435 0.39713505 0.5615991 0.9803351 1.8967252 1.0433295 0.9632244 -1.7005891 -0.13546456 0.5132629 0.079447635 -1.8324922 0.18819214 0.70061946 -1.603968 -0.107462965 -0.17936642 1.4464266 -0.24258208 -0.63102394 2.6874068 1.6995385 -0.0013968693 -1.1274366 -1.5777987 -0.24443766 -1.5761837 -1.4790089 -1.4073519 0.41765544 0.9178928 -0.115127936 -0.16588452 0.7144576 1.4664425 1.1151817 0.5065083 -0.218268 0.27244914 -0.44903168 0.16378938 1.8247643 0.3502328 -0.94150835 -0.7541589 -2.2990155 0.9599095 0.87228245 -0.36509907 -0.8076211 0.019918391 0.6747313 -0.80810124 0.45170942 -1.1323297 -0.597301 -0.58162165 1.2103326 -0.6213641 -0.06967345 -1.7258301 -1.4504513 1.9659982 -0.494238 -1.5817583 1.0545624 -0.76758146 2.0471754 0.5558952 -0.8693407 1.551388 0.0774284 1.1234518 0.25043377 1.6327624 -2.5264537 0.51000094 -0.4606115 0.034821853 -0.098841675 1.2375628 -0.098050095 -0.43995842 -0.10893762 -2.1935682 -0.3212781 -1.3583137 0.6205009 0.6017541 -1.0475245 -1.0929679 -0.057101537 -1.7782053 -0.95845944 -1.1331074 -1.796526 0.040001184 -0.18502015 1.1755149 0.89655674 1.1152818 3.6517265 -1.0715038 -1.3183328 -0.9089004 1.7826012
vinegar 1.8566594 2.24231 -0.585321 -2.7566814 0.97253335 -0.69346446 0.37748107 -0.75322837 0.21648304 -0.69852865 -1.0964231 1.0602024 0.18635313 -1.7174125 0.14409116 -1.397826 2.4942064 0.87199795 0.1287766 0.7659543 0.15416004 -0.839743 -1.0171452 -0.13861497 1.4020334 0.9515591 2.018771 -2.5890238 -1.4713125 1.1080102 2.3733604 -0.69596654 3.191394 -0.3832234 -1.2925209 -0.4398341 -1.1720728 0.15726005 -2.399977 3.0798695 3.2743487 -0.7930687 0.24496518 0.32152623 0.7183043 -0.12577552 1.4000525 -2.3266094 -0.9314252 -1.693571 -3.3196888 1.4014751 0.9255016 1.0462427 -0.069808364 -0.5354443 -1.077356 -0.023450723 -0.21798484 -0.9390844 -0.37414426 -0.6981132 0.25634235 -0.19421852 -2.6586833 0.6757271 1.8104063 -1.8633188 -0.5980919 1.057394 -0.91581273 1.5411087 -0.01769406 -0.52172726 1.328158 -0.34019604 0.7626663 -1.133106 0.5615306 1.5308225 -1.6768001 -0.5969897 -1.6843139 -1.4241256 -2.1164916 -0.90295196 0.9725305 0.3884285 -0.48971125 1.643718 -2.7463078 -0.39064673 1.4800947 0.32940483 0.17862023 -1.0383718 2.6459086 -1.7207295 2.3317559 -0.7769692 1.3098283 1.2272097 1.6798068 -2.0149868 0.86649966 1.4781972 -1.8987584 -0.8631533 -1.6955774 1.6433424 -0.14252867 0.654631 -0.56776315 0.37823948 -1.2632229 0.7288598 0.8345445 -0.49545366 2.2824864 -1.5266727 -0.055164304 -0.968348 -1.0416973 -0.3471628 1.9925493 0.59707534 0.22956608 0.2588351 2.4712238 -0.77514017 -1.7721826 1.6384077 -2.1769907 0.56396395 2.5790603 1.8416861 -0.33854887 -1.6294308 0.8862083 -2.220703 -0.799318 0.29446715 0.7521636 0.52666146 -1.7808201 0.5955791 -1.8140532 -0.88173294 1.010981 -2.4073188 -0.97626835 0.34078518 -1.7164894 -1.4279974 0.25228658 0.73224103 -1.7963963 -0.3138054 0.3673772 -1.5801961 -2.0160816 -0.39234197 0.5395074 1.3601829 -1.0659689 1.6314653 0.8958635 0.37474862 -0.0645767 -0.07933437 -1.112891 0.6675944 0.68728125 0.026072735 -1.7690004 -1.3446175 0.15866074 1.7848216 0.20288275 -0.60536975 -1.5125624 1.2524194 -3.6739452 -1.5706277 1.4210497 -1.1003044 -2.132857 0.053337503 -0.19411187 1.3626415 -1.9879764 -0.4129108 -2.2578692 -0.56094354 0.32249534 1.3023435 -1.6974139 0.29780504 1.2528685 -1.6547378 -0.6965222 0.55343866 1.7629893 -0.6186258 0.79749644 -1.9044442 2.2666285 -2.4303668 -0.27469596 2.677014 -2.850332 -0.089995265 0.076719895 -0.2926505 1.9619433 3.4377437 1.7954066 -2.1156895 -0.21673267 -3.2350266 -2.6933827 -1.7005333 -1.3200451 0.46799642 -0.17799953 -2.1252284 -1.5913588 1.1516259 2.6550102 1.8380405 1.0242901 -0.9970143 -0.3615141 -0.1717117 -1.239875 -0.05100457 -0.029049877 -0.20035811 -0.22860876 1.4958816 1.9311129 -1.2232782 -0.3813562 -1.2086271 2.45351 -0.41398865 -2.5150166 -0.11869139 -2.469477 1.8115938 0.34555638 1.9580319 0.2721275 -0.3224718 -1.8649243 -2.4964402 1.2149649 0.66339874 -0.56109273 0.99221206 -0.36187378 -0.7662966 0.29187736 -2.4456842 1.3236326 -2.6038997 -1.414031 -0.13176015 0.110312514 -3.2292838 2.983163 1.5004549 -0.5301627 0.65438783 3.079934 -1.9769028 0.0083908215 1.0106617 -0.25355166 -2.3070037 -0.41192317 -3.0033197 -1.7649562 -0.56228703 1.2485992 -1.03322 1.9367317 0.08871288 0.91441715 -1.7548256 0.021289892 1.3719168 0.39977568 1.7343091 1.0776612 0.16964766 -2.9033809 -1.645089 -0.6652179 1.4974296
hay 0.8568258 1.4256817 0.61478263 -0.733103 2.2537603 -3.2452273 -0.29537037 0.9600031 0.6613055 -0.528161 0.250119 -0.27115455 0.5927291 -1.3959042 0.9727369 -0.019366533 1.4738551 0.3686373 0.27558753 -0.335552 -0.25702912 0.1663824 -0.9379937 -0.11528189 0.611175 -0.93405885 -0.77379423 -1.2453835 1.1817037 -0.5286284 -0.17218716 0.104779705 0.18825856 -0.7225651 -0.66824394 0.7505709 1.1555558 -1.1298339 -0.69511694 0.22768614 1.2640483 -0.24509321 0.9902669 -0.37119114 -0.20720497 -0.7544926 1.4426649 -0.2756 0.25155073 0.4443067 -0.2605927 1.4885753 0.785038 1.856531 -1.926145 -1.1431857 -0.9880427 0.505774 0.94913703 0.055214 -0.7137349 -0.63968784 -0.35200614 -1.6446068 -1.2438675 -1.6244278 2.5613081 0.7407385 0.40958655 0.6580434 -1.3443861 -1.0485264 2.3784416 -0.350076 -0.27307832 1.6279718 0.019945508 -2.3915546 -0.026640099 0.4710811 -0.18168652 -0.3588978 1.6024649 -3.167826 0.031577576 1.9961566 -1.5826927 1.5888777 0.19668718 2.6322298 -1.37913 -1.2773911 -0.85784334 -0.6764406 1.5425359 1.1016349 0.3662352 -0.9086667 -0.22543901 -2.3774366 1.2436697 0.0027490195 1.0980915 1.3238076 1.2310616 2.1543536 -1.1344727 0.26803714 -0.5759732 0.8062637 5.0143633 -0.86440253 0.37213615 -0.61464393 -1.5563748 -0.010206254 2.4920175 -1.3287097 -0.09944326 -0.41829458 -1.7116663 -1.4456614 -1.7557334 1.396834 1.7541449 1.359689 0.9554504 0.28702906 2.9541128 -2.7861443 -1.2745088 1.3177385 -0.21039146 0.9867222 -0.21469043 3.4218602 1.7039092 -1.1597912 -0.2277457 -2.0208204 -1.1480316 -0.56926155 0.3339107 0.4365849 0.2186418 -0.7050466 -1.1407201 -0.07496485 -1.6346706 -1.5117841 -0.63578326 0.6149765 1.1640918 1.9270835 0.45770317 0.47527015 -1.7812047 -0.7010027 1.4063829 -0.97174054 1.0654857 0.18693721 -0.8308141 1.1563116 0.9666581 -0.5583759 0.66492677 0.8197732 0.23335727 -0.4458664 -0.07335211 -1.106855 -1.6906974 -1.0791123 0.2612119 -2.0865045 -0.19386448 -0.6522521 -0.17496523 -0.5140642 -0.63626 -0.47515363 -0.62252945 0.4104638 0.09645485 -1.4349495 -2.0008368 0.6489569 0.61125255 2.4030027 -2.2738864 -3.0706265 1.990228 1.2590053 -1.4566585 -2.0405116 -1.6796961 0.8309816 0.726445 -0.96985334 0.70283145 -1.4906305 -2.153115 -0.57944685 0.52256334 -2.0813732 0.5023045 1.5258503 1.2987937 -0.04408416 -0.5932712 2.27587 -1.6971968 -1.5679624 -0.39231247 0.84398437 0.40814343 -3.5754685 0.12679495 -0.8554274 -0.1892737 -0.43637154 0.4727504 2.2778442 -1.0130721 0.5843827 0.2518172 -2.5896943 -0.52191406 1.5124568 1.8548863 0.07702879 -0.59998035 0.20473137 0.8326503 1.8065751 -1.6956129 -0.53333163 -1.085714 -1.3431941 2.3519135 1.47484 -0.674431 -0.74482363 -1.8078277 1.3306504 -1.3792413 0.5578553 -0.01235666 0.8047639 0.8721218 -0.30174768 -1.4305823 0.68711656 1.0156796 -1.0660857 0.0828043 0.030276563 0.8866969 0.6899971 0.9221207 1.1380669 -0.51109976 0.674058 -1.3466729 -0.091411985 0.002930873 -0.22906555 -0.3933575 -1.7691394 -0.28387284 -1.8787795 -1.38334 1.5370264 -0.13485537 -0.26214305 2.3077748 0.3219961 0.46702763 1.105953 -2.12115 0.36382324 1.0516746 -1.6321871 -2.454726 -0.15788731 -0.57053477 1.5134549 -2.0060303 -1.1222528 -0.6922898 0.30390495 -0.27658302 0.5275165 2.1468186 1.8754644 -0.28208703 -2.2087424 -1.6715308 -1.1681491
mustard 2.6005049 3.0265527 0.108551465 -1.8434108 1.9140643 0.43836033 0.39751515 -0.6420058 1.8359518 -0.6720913 0.021138575 1.4760222 1.9268814 -1.4001255 1.5046899 -2.6512313 0.31693658 0.72535956 -0.025290767 0.0029552293 -0.31428733 -1.3595375 -0.6395299 -0.68816143 -0.558519 -0.4217656 0.55148345 -2.5964162 -1.9801517 -0.94504666 3.256759 0.29317698 2.3804836 -0.8508279 -0.74848723 -1.0634825 0.4024702 0.24646951 -3.0976157 2.1393957 4.0812244 0.14698857 0.37061504 2.060708 0.37216422 -1.0224229 2.2282846 -1.5582471 -1.8519711 -2.6249669 -0.5941702 -0.6957151 2.2798266 2.407765 -0.99038535 -0.2815453 0.3896457 -0.94239235 -1.5923702 -1.8577592 0.5271127 -0.21899563 0.33266428 -0.5598992 -3.6434438 0.6981108 0.19688877 -0.9238328 -1.2776192 -0.5068197 -0.50863445 0.3953736 -1.2174107 1.187947 -0.920396 0.32484594 0.8484755 -0.56373054 1.3698168 1.3067117 -0.017667871 0.8345869 -1.9898481 0.7382456 -1.2457436 -0.6549614 0.007516297 -1.2017599 0.2288873 0.4761329 -1.7402444 -0.48804027 -2.0765996 -0.03812472 -0.28012016 -2.0765676 0.6592517 -1.1355758 1.6917745 -0.777071 2.1669512 2.0436192 1.402342 -0.5852443 1.737179 0.8266713 -0.9347034 1.3501935 -0.8111706 -0.11761762 -0.025727652 -0.36176142 -0.4975322 1.1869898 -0.3360545 0.5198543 0.8980118 0.65667176 1.4393685 -0.9930043 -0.6009414 -1.1464095 0.55193394 0.7741213 0.1557968 -1.3818173 0.33608928 1.7454792 1.396603 -0.020962335 -1.9770149 1.3856119 -0.23596027 0.8978524 0.86834943 2.2555554 0.5756851 -0.51641846 0.22328606 -2.5315514 -1.1694629 0.11701162 1.5707812 0.6327632 -0.8564026 0.4619119 -1.1865928 -1.1171635 0.05337222 -2.0274715 -0.35625792 1.3219289 -1.6067889 0.73521525 1.5919938 1.4993182 0.8332616 1.3366129 0.5657118 0.59601384 -1.8222247 0.2751391 1.098468 0.9037482 -1.4562666 0.2714565 1.9308271 -0.47070137 1.0478317 0.006759891 0.3043535 0.8489241 -0.5565454 -0.027146446 -0.550948 -1.5867527 0.5985675 0.17126873 1.2715415 -0.2808874 -1.8545834 0.110283084 -1.9512256 -1.0255243 0.06248607 -2.725694 -1.8605499 0.47777557 -0.50842935 2.1806433 -1.0266136 -1.2978175 -1.8922062 2.239318 -0.7152717 -0.43554857 -0.53967917 1.0294764 1.2471839 -0.62509775 -0.13803127 -0.8429163 0.18144655 -1.1793003 0.6358225 -0.14398746 0.30316538 -0.32084736 -1.1898698 1.7325792 -1.0537422 0.6348767 1.1598921 -2.1341476 3.2110004 1.3408418 0.21432504 0.37994033 -0.6377781 -1.0790023 -1.094366 -2.7027125 -2.2262416 0.8117095 0.07717494 -0.6790167 -0.5691013 -1.1561426 0.97612673 3.511166 1.1720387 -0.6407151 -0.13283916 -0.4072312 2.258384 0.25965917 0.282117 -1.0359248 -0.8960728 -0.5292942 -0.2103385 -1.7058725 -0.057458777 -0.5597075 0.825684 -0.3197736 -2.308919 -1.3862156 -1.3435786 2.6435912 0.42533812 0.9691667 -0.15963033 0.805294 0.46029487 -2.2686727 1.9062432 -0.15962113 -0.88217735 3.197832 0.43194965 0.17765269 -0.81745577 -1.487287 1.5901226 0.09462272 -1.8593887 -1.2400557 -0.18632329 -2.22949 0.6765209 0.8586685 0.6316543 1.1045521 0.28089806 0.80375975 -0.29671583 2.581634 -2.7116048 -1.5046438 -1.3231469 -0.33399874 -0.027068783 -0.16948594 -1.4683632 0.025948606 -0.063057415 0.25950748 0.51617324 -1.4072998 -1.8389997 -0.4879209 -0.38447195 1.3599741 0.17329659 0.1807829 -3.2082372 -2.1615856 -0.42825323 2.4923012
violet 0.07936893 1.5058908 -1.24759 -0.792526 0.35753393 -0.04779527 0.23714972 0.70401955 -0.27849415 -0.84405065 -0.05376504 -1.176162 0.098224856 -0.094058275 -1.814837 -1.0937823 -1.0388308 -0.58486557 2.3327658 1.4392396 -0.5936874 -1.5643544 -0.41310292 0.7982938 1.4681832 1.9809664 0.69090784 -1.5378381 -0.66169655 -0.6498737 0.68312603 -0.65105045 0.38472727 0.7627378 -0.0167462 1.0154694 -2.1417186 1.268447 -2.441114 0.53729284 0.28779572 -1.9013321 -1.4225634 1.05247 0.23001748 -1.1475558 0.97180617 0.15637073 -1.0550662 -1.2410556 0.41114837 0.9115865 2.0123427 1.3397954 1.0494095 -3.2128558 -0.1481994 -1.9251184 -0.19128412 -0.14460285 -0.29950148 0.4296476 -1.5335106 -0.58672315 -3.577699 1.3193947 0.47481498 0.8561262 -0.030631568 -0.45380932 -0.19804427 -0.010331501 -0.10758744 0.08145436 0.95408213 0.62727463 -0.674099 0.46577564 0.41634855 0.18089965 -1.5449342 0.16667286 -1.2037498 0.23708527 0.73648024 -0.08515211 -1.0814357 0.3412619 1.3139398 -0.6153442 -0.6424966 -0.07451535 -0.38463497 0.6593214 0.5068036 -1.6050013 0.7408338 1.1470891 1.247131 -0.7340993 1.0038358 -0.2720331 2.040166 -0.5634876 3.4164581 -0.22464967 -0.7144654 1.2810397 -0.044297323 -0.5252381 0.20400394 -0.9142427 1.5840693 1.4163795 -0.88664407 -0.24087685 2.6113455 0.24241342 -0.2159999 -1.4326261 0.52608705 -1.5354524 -1.1828654 -1.6909554 0.9309092 2.835807 1.4860421 0.17273404 -0.24657685 -0.2640404 -0.99086934 1.0460488 -2.5411835 0.25547403 1.1564866 3.4682949 0.66391736 -1.0990311 0.84847647 -1.5498258 -0.8052688 0.322605 0.25523534 0.4729441 0.77423537 -0.48100144 -1.3780767 2.1565294 0.050268564 -0.12617564 0.792071 -1.3802873 0.49785843 -1.2806897 0.21431877 0.37827632 -0.17065935 0.31381646 1.5708892 0.54277503 0.68047774 0.2169546 0.56538004 -0.2763723 -0.7779513 0.377117 0.2472167 -0.011073094 -1.4390994 -0.37634003 -0.3715696 0.19116059 0.061242547 -1.4889958 -3.7871902 -0.26171672 1.0678854 -1.5148156 1.2371542 -0.08356659 -0.21930507 1.0569286 -0.80260974 -1.4785088 -0.9416756 -1.7570782 -0.6866304 -0.8007731 -0.51984125 2.191262 1.3849119 -0.14381988 -1.2261516 0.40198767 -0.91670513 0.68821055 -0.7748111 -0.22372255 -0.97145265 -0.0033694827 0.7145931 0.66570574 -0.14375752 0.16193667 -0.38013396 -0.83744603 0.6139913 1.2121354 -0.7116862 2.4609673 -0.45633522 -0.85752845 0.4871957 -0.65900373 1.4015162 0.18502925 0.4532498 -1.7367941 0.6369766 -2.9054277 1.074054 -1.661329 -0.9917152 0.079832844 -1.9415156 -0.6437022 -0.95825416 -0.85794294 0.82444715 0.3370151 -0.4950108 -1.189761 -0.022816233 0.05919981 -0.08190605 -0.5754064 -0.008687234 -0.44096613 0.26986092 -2.2354088 0.06711616 -1.086468 0.44450474 -1.1528913 0.61345315 -0.94654584 -0.8156641 -0.25877106 -0.10896123 -0.55786955 0.7723713 -1.3780196 0.035394456 0.21387817 1.9521568 -1.819744 2.3142416 -1.695221 -1.7589744 0.025991749 -1.1350241 0.6055914 -0.30715466 -0.44745356 0.3823252 1.7097187 -0.61016005 0.33396092 -1.6809974 -0.21909451 0.9858253 -2.0827487 2.7513123 2.0527132 0.15242042 -0.97426015 1.4482272 -0.54344624 -0.6072341 0.43926635 -0.23027866 -0.5705513 1.0914539 -0.48874566 0.5287391 -1.057742 0.15487517 0.013433224 -0.1306565 1.2664728 -1.9766092 -0.13043955 -0.46165472 0.09386068 0.6169832 -1.736448 -1.9677252 0.8510875 -1.7049372 0.26431486
perfume 1.9470385 2.6886168 -0.75965834 -3.716753 -0.18030573 -1.8393017 -0.041388676 -1.0959288 0.55452055 1.0147792 0.17926104 -0.88718367 0.46727768 -0.33252594 0.99444044 -0.57997066 0.462372 -0.00019289603 1.0596241 2.6075938 -0.22896655 -2.8954105 -2.404023 -1.2603977 1.7204062 -0.6361327 2.5111513 -0.31089428 -0.96015173 -0.047028236 -0.6231089 1.3426248 -0.043336127 -1.1733962 -0.7031852 0.24418849 -2.3247337 0.6284447 -2.5641644 0.71321934 0.627756 -1.4589134 -0.2657457 2.5037763 1.1021041 -0.5517814 1.1059735 -0.1163832 -2.1425955 -2.2900975 0.02936043 0.4237021 2.387751 3.4126816 -1.4913926 -0.096076004 0.41913745 -0.37297583 -1.3972635 -3.0669758 0.77822465 0.39058417 -1.8904729 1.1353118 0.44226244 0.2584956 1.1529825 0.5440226 -0.08584576 -0.9073124 -1.5034918 1.3151745 0.10988732 3.180954 2.0543082 1.2150993 -1.0511727 0.5217952 0.17469215 -1.6123034 -0.7272194 2.1022267 -0.91263497 -1.0244027 0.12032705 -2.7031257 0.987489 0.7985353 0.4892514 0.12604639 0.32539272 -2.1106813 -0.31736156 -0.47303218 0.4470403 -0.4974142 2.5385354 -0.12997584 -1.1769825 -1.0899348 3.4846158 -1.2875934 0.8266421 -1.2542953 2.1352494 -1.1684755 -3.1210473 0.41781208 -1.4574755 -0.26348594 0.36399272 -1.3410197 -0.07714703 2.501438 -1.0516762 2.0193102 1.271623 -0.09967979 1.1366388 -1.5699198 1.0563711 -1.4231582 -0.097819686 0.34670556 1.2768413 2.2885609 1.710916 -0.26208404 2.2256067 -1.2299666 2.442565 1.5744973 -1.4435409 -0.9529644 0.8888507 1.8603762 1.7486756 -2.3463302 0.71413547 -2.5767815 3.1526406 -0.5015343 0.19040462 2.937625 0.74931395 -0.26642084 -1.7078589 0.36986828 -0.1710867 -0.32770488 0.73782474 0.24778348 -0.8298277 -1.4235113 1.3333554 1.4502461 -0.8447018 -0.4298858 0.2587583 -1.2377303 -0.10684297 -0.82418805 1.9268706 0.4031449 0.49206033 -1.2005773 0.78779596 -1.5485373 -1.749747 0.37133703 -0.03539727 0.71132296 1.3363265 -0.39680094 -3.8754184 0.33054194 -1.2683485 -0.91836077 -0.0248712 1.1427284 -0.30563515 0.04915321 -1.1601954 -1.5159107 0.31397554 -2.5619602 -2.2819963 -0.73708946 -0.7380578 1.9234635 -1.2463243 -0.12001026 -1.8962928 1.4590482 -0.29145208 0.10486984 -1.7293422 -0.80714417 -1.8369763 0.8906459 -2.6459794 1.5768677 -1.2260829 -0.26319522 0.7733798 0.8752205 -2.1555507 -0.18102321 1.1796908 0.9800068 -0.3358216 -1.0991821 1.294438 -1.8948444 -1.5331728 -0.56153244 -0.34524128 -4.196179 1.1915967 -2.0159006 0.5998243 -2.377167 -0.08121608 1.3575687 -2.490878 -0.7548815 -0.017748272 0.5727365 -1.3203616 -0.3018773 0.94958454 -1.1960274 -0.57777643 -0.59173506 -0.47464815 1.6423501 -2.502418 1.78914 -1.0979084 -1.1915795 1.5041013 -1.0399207 1.1415615 0.5332674 0.75316715 0.034023546 -1.745388 -0.01567648 -1.3008654 -0.78124785 2.056848 -1.6641364 0.74763113 1.4346504 0.6529926 -2.0431643 4.5162516 0.009026108 -0.13519494 1.3338426 -2.664026 0.008887952 0.37118137 0.3392127 -0.43758154 -1.952486 -1.7410014 -0.6994939 -0.39390218 -2.2183871 0.46562377 1.4499394 1.0821811 2.0283504 0.8897345 -2.3453414 0.67562026 -2.539248 -1.655153 -1.2549776 -1.874543 -1.3852326 -1.6362413 -0.95813453 -0.3571594 -0.8366781 1.1547555 -0.12650792 -0.0652247 0.14543286 -0.40226048 1.6192417 -0.6050833 1.8859535 -0.030964369 -1.3697693 -3.173959 -1.7263085 -1.4220271 2.2034729
cedar 3.298379 3.6567254 0.8749439 -0.8881814 1.1089736 -1.380046 0.33730143 -1.5476761 -1.2930669 1.0530571 -2.1961334 -0.97035086 0.32676098 -2.5663018 -1.1760089 2.2150884 0.48357552 -0.92007697 1.2525046 -0.7743756 -1.0537307 0.3226877 0.6887322 -0.40721518 -1.594442 -1.2154685 -0.97439826 -0.47140032 -0.11029464 1.0078351 1.773394 0.67250794 0.9890918 0.63614345 0.7249092 -0.20026308 -0.78012437 -2.4391003 -1.1243324 1.667524 -0.25824606 -1.284043 1.0740783 -0.21555886 -0.36889967 0.38985512 1.0574685 0.8809813 0.41903666 1.7070287 -1.1340923 1.142965 3.2987561 -0.585038 -1.0483727 -1.168363 -0.9298415 0.37146366 -1.0985208 -0.03663289 -1.9228293 0.8012125 -1.5759611 0.24288039 -0.69917274 1.9165869 1.9063951 -0.42330265 1.381332 -0.5448497 -1.992891 -0.36034262 1.6811546 1.169443 -0.43607086 -2.6184185 -2.0846598 0.17064933 0.94427085 -0.79898494 0.1594161 -1.0078183 -0.06640723 -1.231665 1.6177803 0.61534494 -1.5594653 0.6240043 1.0944972 -0.83488816 -0.8027688 -1.0015473 -0.85142267 -0.5011486 1.5636476 -1.0410911 1.8106368 -0.33192286 -0.05996968 -0.8595735 0.38726616 0.18232176 0.73756343 -0.23056783 1.2226663 1.4602594 0.49353495 0.38251045 -2.3792267 -0.0816748 2.1602385 -0.31270835 0.7119879 -0.831501 -2.9281337 0.30781132 1.8468071 -0.74229735 0.8270645 1.6090077 0.3981685 0.96133655 0.7022847 -0.9640556 0.98256 3.5409973 0.73304987 0.6746178 1.2596774 -0.196891 -0.5618349 1.8241104 0.10779101 0.3229068 2.7932723 5.1205597 -1.8729779 -0.06419811 0.9992005 -1.466505 -1.807891 0.024360094 -0.66722345 1.8114891 0.77781427 -0.94757104 -2.4264474 2.197449 0.6805738 -1.9887226 -2.0175986 3.1361513 2.5240085 -0.39927503 -0.5814356 0.83819664 0.8089676 -1.000927 2.8406734 0.1752659 0.76318634 -1.2873886 0.43754095 -1.0496669 1.5637907 1.8553064 0.2127051 4.3467774 -0.58618104 -1.2466613 2.007104 -0.7069251 -1.426928 -1.0697057 0.08891145 -1.2431654 -0.545482 0.6030911 -0.57508194 -1.3023491 -3.5708299 0.3411197 -0.37063798 1.0590696 -2.376179 -0.40766594 -0.9045868 0.70443636 1.3334306 1.0393857 -0.43086007 -2.8490841 0.4825802 0.6102718 -1.7362075 -0.06117661 0.5138916 -2.3171732 0.110344194 1.578672 1.0068641 -0.8599386 0.42760783 3.4284263 2.4509618 -0.81559473 0.052289255 -1.9860929 0.07686866 2.8579957 -0.049570367 -0.9896453 1.3338554 0.4977215 -0.6107973 2.869256 -0.43696883 0.48246711 -0.017133737 -0.13776952 0.7789253 -3.3682172 -1.764769 1.0812716 0.43528467 0.9816787 -0.4662003 -1.0044786 0.11066129 1.0986397 -0.09165949 0.67404133 -0.5510735 -0.8511448 -2.6378453 -2.499459 -0.601082 -0.53747416 -2.6887007 -1.7102103 -0.35610482 1.8588352 -3.202929 2.4355178 -1.5302334 0.75349474 -2.4399335 -1.0368994 -0.4387679 -0.053946305 0.68313926 1.86528 0.32817146 -0.9688569 -0.47293934 -0.20242782 2.1746354 0.26651058 0.4929763 -0.12722096 -2.0063055 1.0725836 -1.7817836 0.5248957 0.7499705 -0.71720135 -1.7071995 0.7226859 1.1287364 -2.0084207 2.4519987 -1.5409216 0.6724427 1.2380204 0.24701342 1.0263566 2.561977 -0.31275126 0.5537528 -0.066914976 0.2696135 1.4742324 0.56238884 -3.7129958 -0.46186262 -1.8078789 0.71838516 -0.09393906 -0.6918921 0.11959603 1.2750818 2.4944649 -1.8812978 1.5091547 1.2815605 0.5304416 0.42525858 -1.4225461 -3.0605116 1.8880078
cinnamon 2.8925035 1.3377775 -1.1809406 -1.1751057 1.2874804 0.5454876 0.7851215 -0.12604333 2.1736681 -1.5090553 -2.3191307 1.7836448 0.93165636 -2.3699076 0.920416 -1.8651809 1.8232659 1.0901914 1.3299482 -1.1119403 1.3920839 -1.448225 -2.4433558 -0.41857335 1.8798381 -1.0170612 0.66960025 -1.6443613 -2.2847662 0.82548994 1.7180877 1.0552933 -0.7281485 -0.11533023 0.27855733 -0.8201745 -2.1363647 -1.523083 -3.1070113 2.4408712 1.6918674 0.0116140125 -0.16737396 1.0558664 -0.55482 -2.453226 1.1573138 -2.6625805 -1.6189702 -2.494044 -1.3740019 -1.1971468 1.491292 0.45916995 -0.23404555 -0.10528867 -1.2934602 0.9565527 0.45558998 -2.1142757 0.23741095 -1.9138321 -0.041635286 0.09497489 -1.3325288 -0.56126857 0.6129271 -0.33190316 0.12296618 1.7347649 -1.0918969 0.5007048 1.0079879 0.38997015 2.9287858 -0.09762517 -1.7295349 -0.7536898 -0.57020485 -1.4141122 -0.7639428 -0.09363952 -1.5459833 -0.4158375 -0.35220158 -1.0305208 -1.7115405 -0.58640474 0.9783021 -0.20422056 -1.7100279 -0.47652373 -1.6088314 0.033128925 -1.2222874 -0.666278 1.40444 0.515544 0.9566477 -3.336252 -0.7592549 0.5932722 2.3401217 -1.8751327 1.1938678 0.7060497 -1.2596992 0.98029166 -1.9057925 -0.83550525 1.5418973 -0.14011107 2.013923 0.5835705 -1.9199727 0.59582156 0.6513901 -0.2722854 1.680291 -1.1313688 1.7937121 -0.637689 0.36765903 -0.31121558 0.6491804 2.2488854 1.617444 0.23424175 0.31245735 0.05066425 -0.28748158 0.056557164 -1.9728974 0.6393568 2.232918 1.986102 -0.37157667 -0.8389608 0.88272 -1.4997389 0.4054519 0.6700977 1.3360379 0.7753395 -0.1950898 1.2506462 -2.2712495 -0.62131995 0.9152662 -2.2230473 -1.523627 -0.45306635 -1.7752905 -1.5381168 0.041684017 0.79189664 -0.6930364 -0.7214016 2.4704711 0.37552217 -1.3070714 0.5179754 0.025159389 0.04191352 0.09708883 -0.29866385 -0.44359845 2.2765834 -1.2743922 0.32909158 0.07491406 -1.276464 -0.13719374 -1.0485802 -1.5677377 -0.70680714 -1.0204558 1.7043782 -0.25335974 1.1266035 -1.9280363 -0.27667427 -1.9794954 -0.60365146 2.316676 -1.8012075 -1.8866622 2.1673605 1.1701946 1.9154903 -0.5310249 -0.066166274 -0.93041295 2.0836172 0.17864804 0.45406374 0.5833956 -1.2681918 1.1021812 0.039215963 -0.81346345 -0.17315231 -1.4753604 2.0710642 1.0687877 -3.240859 0.8144315 0.35341528 -0.62734073 1.3043267 -2.2775865 -0.350077 -0.62751853 -1.438812 2.2224555 1.0241587 0.8691965 -0.35215482 -0.33549556 -0.8577957 -3.603878 -4.6843524 -1.7115442 2.3354466 -0.22164387 0.36246327 -0.8192076 -0.3245771 2.4096801 1.7289255 1.9905584 0.42273593 0.8795379 1.1766229 -0.6574149 0.32436216 -1.1192752 1.3830076 -1.1439661 0.019318234 0.3863998 -0.9227688 -0.093166605 -2.2832572 -0.4583706 0.7824903 -3.3968604 -0.5515372 -0.66349864 -0.489389 1.2736509 2.1628504 2.0406048 0.29440078 -0.074112676 -2.6268737 2.1158187 -0.105752945 -0.70851815 1.155194 -0.56879115 0.20579864 1.6831944 -1.3560039 -0.3897892 -0.5476651 -0.7648556 -0.1494484 -0.47385812 -1.5691974 1.9773433 1.87393 0.5312299 2.6622066 -0.05357712 -0.8895636 0.34219047 -1.8443307 -2.0391996 -2.305636 -0.4580297 -1.2348893 -0.5678988 -1.5754148 -0.7862797 -0.13353679 0.35871053 -1.8270297 2.0768113 -0.9538914 -0.06275548 0.4831174 0.7769598 2.2155614 2.513274 1.1616945 -2.4435627 -1.0158249 -0.4296862 2.5841122
urine 0.66412485 0.9401784 -1.7635696 -3.6115677 1.3726593 0.3040963 -0.5877373 0.0368831 -1.8816259 0.88070935 0.09255658 0.3384127 -0.31943205 -0.5672299 1.2309604 1.457781 0.88410354 -0.9157543 0.7668474 3.1419528 1.9129912 -1.5306704 -0.16673777 1.6549302 2.6013837 1.0226709 2.1885064 1.2375474 1.0080075 0.8964558 3.0028799 0.73687446 0.041541465 -0.95079327 -0.59131515 0.02258902 -1.3395659 -0.51105493 -3.140835 -0.5938938 4.9245753 -0.04954667 -0.287821 -0.8648281 2.1326494 1.1457785 0.65030134 0.21403205 0.13425004 -3.7756698 -0.13478687 1.0207101 3.8163097 3.4719098 0.75164175 0.67240995 -2.2464726 0.74118006 -2.072213 1.2680589 -0.29657388 0.14837743 -1.9707478 0.24770437 -0.76727444 -0.9117985 2.0701828 -0.70825005 -2.187887 2.3388708 0.50688547 0.05486478 -2.6782434 -0.94090855 0.4306394 0.30806774 -1.0419266 -2.6648083 0.16586371 0.38101283 -2.6214395 0.9199694 0.91655093 -0.5556014 0.15114701 -0.8271765 0.63397634 1.1953143 -0.6957675 0.2609988 -0.42931288 -1.9939121 0.7674119 -3.1727803 0.82358456 1.5358735 2.0007358 -1.1005075 -1.8588336 -1.1623567 2.9158087 1.7802697 1.3510811 0.63658315 -0.64253014 2.093918 -0.21123959 -1.0724492 -0.091885164 -0.2425391 0.18943036 -1.6508799 -1.023393 -2.019884 -1.2910217 -0.9427193 2.0090144 -1.8928671 2.5149562 -2.9938574 -1.7661427 0.40420094 -1.9327668 1.7751653 2.798175 0.46213743 -1.0340652 -1.4847714 3.7341328 -0.091348805 3.780474 0.574876 -1.0704609 1.0602074 2.0920787 1.3754098 1.2144618 -2.2209911 2.0000858 -0.5344893 0.7804278 2.4810336 -0.54170257 0.047557846 0.54204077 0.69965225 -0.9176154 0.8892619 -0.39920038 0.18029255 -1.2161808 0.2766996 -0.28391203 -1.2718 0.96382076 0.096925735 -0.8877835 0.41864905 -1.7582299 -2.6008272 0.60050446 1.8362219 2.811939 1.9148253 -2.1826816 -2.2285552 -0.21060841 -2.4484189 1.4789634 -0.042541165 0.27956513 -0.003965588 1.3815424 -0.40489465 -1.6875235 -1.2362027 -0.48010388 -0.2631559 1.0974222 -1.4644421 0.63973486 -0.0009808409 0.7389055 -1.9142203 1.4525359 -0.1797125 -3.1107988 -0.56600934 -0.52507305 -0.157028 -1.3151788 -0.4752852 -0.6020904 0.21720463 0.4748994 0.8006349 -0.36067948 1.1962862 1.213318 -2.318387 -1.4923949 1.3445017 -1.3995932 -0.22125365 -0.6610728 -1.0319252 1.5534933 1.1413851 2.059496 -0.4988605 -1.2592978 0.24176234 2.4720106 1.2920452 -0.9498115 1.4544253 0.22775859 -3.5269709 2.284231 -0.605683 -0.051673304 -0.67061347 -0.22656994 1.0547305 -1.12629 -1.4722856 -0.24802451 -0.45701504 0.36247522 0.478971 -1.2482082 -1.0234387 1.217864 0.9539112 1.4791604 1.3200234 -1.749746 -0.020243034 0.8453592 -2.4757264 0.03728217 -2.2163327 -0.3283508 -0.5340944 -0.8291032 -2.5974934 -2.518158 -0.39206442 -1.3441248 -1.9027221 1.6470499 1.1596278 0.13354139 0.17955919 0.4082723 -2.613365 1.2427408 0.1910057 -0.94320345 -0.07291963 -0.7528927 0.6041019 0.22507665 -2.2336903 -1.3580464 0.14925386 -1.0213491 0.21610267 0.30965155 -2.6057098 0.71539015 0.50908166 -0.62364745 -1.353865 2.0176244 -0.20622443 0.15743059 0.57734174 0.45922294 -1.012571 -0.80531615 -0.90582687 -1.6814498 -3.11771 0.87513876 1.3910295 -0.34184286 0.39407605 -2.0231109 -0.27663195 0.83802056 1.1195408 1.2362307 2.4810262 -0.5069173 3.0066721 -0.8786718 -4.3148923 -1.3778789 -1.4359301
vanilla 2.6173174 0.19744809 -1.4410133 -0.52092046 1.6659737 1.2442862 0.20837256 1.6843195 0.6426383 -0.9933699 -2.5404003 1.5526148 0.49038175 -1.5949637 -0.6237662 -1.5183903 1.6544596 2.3325841 0.29636216 -1.1587809 -0.3752957 -1.0427064 -2.5397155 -0.23716581 1.3557321 1.1716254 -0.3217288 -0.28832752 -0.036769614 -0.35506895 1.9743117 1.4890791 1.8747802 0.04562773 -0.68700373 0.44285706 -1.5986378 -0.3979333 -1.528573 2.987739 1.3376192 0.12383425 -1.1397941 0.16831444 0.49921274 -1.7032733 1.270471 -2.9599595 -0.7022735 -0.9081421 -1.4730004 -0.2215166 -0.20476522 0.079132415 -0.21370474 0.16401921 -2.3784485 2.010025 -1.3670114 -1.9364957 -0.40432477 -1.3474025 -1.0060846 1.2827424 0.07747226 0.87639153 -1.1413983 -0.37549177 -0.59497994 0.69507337 -0.78238004 -0.20067236 0.4405183 0.42909214 2.488386 0.7247185 -0.7330899 0.038734857 2.0089257 -1.3720659 -1.1040456 -0.20658113 -1.2839106 -1.1331899 -0.64395076 -0.41718346 -0.797806 -2.433493 -0.4383211 -0.95009255 0.0338893 -0.032276403 -1.1353766 0.30113834 -1.443687 -1.6993253 1.3084074 1.9867579 1.2295319 -0.22924025 -0.7463353 0.38939282 1.250489 -0.3604812 1.7794021 0.6090217 -1.4538747 -1.6392523 -1.7497039 0.54913807 0.7999396 -0.5605076 0.99195385 0.7619324 -0.12721474 2.7304125 1.563796 0.5020627 1.020458 -1.0186238 0.5820698 0.2671632 -0.8059815 -2.6886885 1.5699326 1.6593978 1.0905275 2.7613328 0.2170782 -1.0481048 -1.0302905 -0.11368538 -0.9860415 0.40247637 0.9254544 0.22196585 -0.83310896 -0.75756866 0.7351342 -0.81878227 1.0521666 0.25009856 -0.19087106 0.27521467 0.27738002 1.4234613 -3.010199 0.53815585 0.923974 -1.5251629 -0.3653874 -0.17124842 -0.5681137 -2.895922 1.1003923 -0.64406395 -1.7798465 -1.6319497 2.1527755 0.8042347 -0.7181338 1.5431054 0.021371854 -0.48414493 -0.08957142 0.9621129 -1.3672558 0.79504895 -0.9053266 1.0827446 0.2887463 -0.23202382 0.73714614 -0.039854925 -3.081393 -0.84616023 0.463075 0.71959233 -0.7775238 1.5366892 -0.6811285 1.3917819 -2.6358333 -0.5226625 1.238708 -1.0351621 -1.5202769 2.0303197 0.4545046 1.7249132 -1.3730915 -0.6669925 -0.35934436 1.1272223 0.48059112 1.9753833 -1.0691519 0.26614526 0.37077475 -0.10044227 0.06373007 0.23173007 -0.9712976 1.2606645 -0.61481607 -1.0974913 0.15882015 -0.60575867 -0.23977439 1.6144027 -3.0241752 -0.23015517 -0.56766033 -1.102622 1.156202 1.6421338 0.20765646 -1.7354628 -0.54812676 -1.2093681 -3.399095 -1.8762136 -0.33522424 3.1208572 -0.8601309 -0.16474776 -1.6318419 -0.03174628 1.8888947 0.06732909 0.5786782 0.29644012 -0.31540814 -1.7534659 -0.060077526 0.96274036 -0.06659113 1.2302353 -1.3912718 -1.1323347 1.5922111 -1.9359974 0.44487107 -2.4553726 0.019437771 -0.48233917 -2.0410392 0.46615335 -2.1140714 -0.5306459 -0.07463328 -0.28597003 2.5448182 -1.7660694 -0.17526118 -2.0674248 2.566134 1.5121297 -0.71582794 0.4479201 -1.4703171 -0.2990806 1.1600827 -0.929564 -0.17816988 -0.8518857 -0.99255973 -1.6603094 -0.2678011 -0.8558397 0.78504694 0.5564724 1.3942498 2.6310642 2.6171339 -1.6252371 0.46736607 -2.2376676 -2.5602617 -0.16524032 -0.036145423 -0.26954788 0.06305435 -1.4380324 -0.7347062 -0.94079506 0.7863952 0.09660003 1.9653904 -0.89300746 0.9199479 2.6211674 0.93492925 2.0044227 0.43926215 1.1272016 -1.90652 -1.8312392 0.3377469 1.5041505
bakery 2.4395514 1.0322653 -1.5298617 -1.9944022 0.6548608 -1.3420439 0.49307323 0.37052038 0.35200948 -3.0907414 -1.6987567 0.94254905 -1.1831739 0.20224829 -0.76913756 -1.5669124 0.26112005 0.27493656 0.8218216 0.6052199 -1.324157 2.1508598 -1.3749266 -0.91644466 -1.4391872 0.84695536 -2.28734 0.7707808 -1.8519715 0.6838826 -0.8855059 0.0979067 0.17271245 -0.8733711 1.8690135 0.6058435 -1.6503375 -0.80089176 0.52719504 -0.082774036 1.8091815 -0.31896666 -0.23411696 2.8207195 -1.0321202 -0.31933987 4.7181535 -1.6594623 -1.6667852 0.09845172 2.0915759 1.4844265 -1.6352811 2.6795685 -1.6812923 0.053861827 -0.19979897 2.4700174 -0.9007304 -3.524243 1.0233654 -0.3879036 -1.3877227 -1.5485822 0.53800786 1.4831543 -0.110489 -3.5128517 -1.1427749 -0.11143495 1.0235369 -2.1057568 1.7550439 0.80318016 -0.10074877 2.0885155 -3.6003766 -1.4158851 -0.29632044 1.5413824 -1.2028764 -0.3897221 -1.9227608 0.92143714 0.68024546 -2.4466157 0.12864755 0.72281384 -0.12849015 -0.006267866 1.3941367 -1.3437997 -4.033092 -0.9653153 -2.019217 -1.6358634 0.36074755 -0.49405658 -1.0921044 -1.0155922 1.0230048 0.0965561 -0.46246943 -0.4793971 2.218159 0.18604717 -0.34812534 3.2672467 -3.1391656 1.1646614 2.6621578 -1.1409951 0.6889576 -0.9820385 -2.521995 0.3728661 1.2955446 0.8753085 0.5213633 0.15481035 -0.5263101 2.0677006 0.5911969 3.9952722 -1.8168352 2.6407006 2.3687174 -0.66923743 1.8935227 0.31300467 -0.18519902 -1.021024 -0.46826112 -0.7234916 1.2424059 -0.5386601 0.0038111382 -0.9815613 -0.009506336 -1.9833581 1.5218372 -2.2142038 -2.836558 1.2349837 0.8405492 2.7212288 -2.6436906 0.6744796 2.0334601 -1.0628233 -1.5198718 0.5879484 -0.07026405 -2.1115072 2.5983055 0.29995558 0.2884467 -2.575684 -0.39152673 -1.8071882 -0.98438454 -0.4025385 1.0212348 0.063812174 -2.4805155 -1.1896918 0.17375128 -0.30221018 -0.68237424 -0.6617128 -1.4255726 -0.8236511 -0.6714636 -0.6833475 -0.23746192 -0.32354468 -1.1303815 0.6118201 0.22201021 -0.36420557 -2.5794246 -2.2662506 -0.5411389 -0.14494085 0.36640134 -0.9172072 -1.6623304 -0.24410161 1.5320348 2.440727 0.824665 -0.8018873 -0.7687908 -0.5481991 0.6218512 -0.2819425 1.5798687 -0.110197596 -0.4568653 0.8062248 3.158311 -0.08804575 -1.2560669 0.84048945 0.3721054 -0.34555382 -1.6178664 -0.59317666 -0.15839133 0.95593566 -1.4746035 -0.17490968 0.43634585 -0.25754395 1.2631284 -0.236761 -0.07065327 -0.9124426 -0.872238 0.70587283 1.9977964 -0.90868104 -1.2940291 1.7775724 -1.0537902 2.8348975 -0.37333727 1.108824 -0.17333789 -0.2346948 0.53726614 -0.81605077 0.62998956 -1.0710179 -1.1332791 0.9240026 0.30627486 -1.5047749 -2.047785 -2.7098362 -0.007956983 1.0808767 -0.5211883 2.1095881 0.27302298 1.9921117 0.1772709 -1.0524601 -2.405654 -0.080818675 1.480472 1.7741017 -1.0099756 0.21725841 -1.4627475 -1.1358546 2.1703832 -0.32751355 -2.3859525 -0.610514 0.8662016 -0.14415756 -2.2578409 -1.2893413 1.2574056 -2.5309358 0.3987627 -0.4396849 -1.618578 0.46158183 0.8165945 -2.3483746 -0.20451137 0.9486425 1.1309183 -0.7100308 0.20176494 0.41994476 -2.4411247 0.6309201 -0.15135251 0.14320844 -1.0748332 2.4088686 -0.4871016 -0.46718147 0.060408622 -2.2779632 -1.1491659 -0.52210224 -0.26706478 1.4638355 -1.728093 -0.0025981215 2.5330052 0.5057681 -1.8245517 -2.5380309 1.7076659 0.83649737
walnut 2.4469192 2.160418 0.6840914 -0.5848044 0.27355456 -1.5459089 -0.1029935 -0.24834172 1.4678557 -1.1326665 -3.0859325 1.060244 0.38801438 -2.3267014 -0.7785747 0.3015047 0.034720343 1.0965222 0.69691473 -0.38411847 -0.8397293 0.2544753 0.25063762 -2.526599 -2.4574947 -0.5883791 -0.15633607 -0.1849582 -1.2832296 2.2237098 3.4851577 0.20772606 1.0110521 -1.3287694 1.0690627 -0.49637794 -1.0535088 -2.0506172 0.14386398 2.5359664 1.9008778 -1.4398586 0.35931715 0.67408264 -1.8123196 -0.9339124 2.1708264 -1.2090727 1.1586754 0.39491397 -1.268235 -0.26218307 2.8556592 0.040997673 -1.1440907 -2.3766007 -2.656722 0.68535477 -1.1403704 -0.9754194 -0.24347866 -0.5139631 -0.16853309 -0.07760323 -0.63196135 1.579995 1.0576618 -0.55301476 -0.19005585 0.19763763 -0.11567616 -0.009359414 0.5845493 0.9003671 -0.663296 -1.0328273 -1.2775517 -0.77730966 1.5910157 -0.52735025 -0.40889707 -0.56355405 -1.9714913 -0.37213275 0.9715159 -0.989824 -2.8179061 -1.0461609 0.6052026 -2.087983 -0.5955937 -0.6494329 -2.151488 0.75193655 1.6358428 -1.1739273 1.954583 -0.05819365 1.9525542 -1.3811663 0.09621661 0.93173766 1.8950121 -1.8815321 2.7239292 0.7741945 0.18156645 1.328369 -2.729214 -0.5685173 2.8384159 -0.44419786 1.4011788 0.39745903 -4.1553454 -0.67945266 1.1261187 -1.2569838 0.2411305 0.0066481996 -0.41689414 1.6729686 0.2913158 -0.6947684 0.60745966 1.8510917 1.1733812 0.10639688 0.60687107 1.5206465 -0.27178803 0.5864271 -0.24351487 1.8165061 1.5748444 2.910497 -1.5579016 -0.9568682 1.6778914 -0.8525109 -1.4827801 -0.84000933 -0.8072825 1.5041891 -0.031174794 0.57009304 0.63569635 0.8463598 3.4541311 -2.644333 -1.6335423 0.3895753 -1.3911865 -0.7567571 0.14085937 0.05800656 -0.38797423 -0.12138593 2.075366 1.1293393 -0.054529775 -0.087549545 0.9972936 -0.031429447 0.21907146 0.92765486 -0.5056749 0.8155579 1.2632629 -1.5686972 0.73929703 0.5181589 -0.8577376 -1.6532695 -2.048243 -0.60861874 1.4011394 1.7301773 2.5418785 0.5167478 -2.2252233 0.7154252 -1.6730173 1.1332316 -0.9143387 -0.7557819 -1.5753824 1.6920168 1.8102493 1.6119665 -0.7389595 -1.5961947 -1.5363508 1.6639217 -0.53016496 -1.1969032 1.4770403 1.0488207 0.1801467 0.86943495 -0.1431351 -1.1245198 -0.84251875 2.314031 1.1618178 -0.7095872 0.79878443 -1.9445295 -2.2422576 2.7391768 -0.14574337 1.077482 0.7550342 -0.440282 1.7809331 1.7037902 0.39306697 0.0046384414 -1.5643497 -1.0612247 -0.7761962 -3.2172813 -2.4295635 1.566114 0.9585233 -0.443756 -0.4369402 -0.5776165 -0.6423899 -0.24270864 1.168197 0.53960997 0.5440412 -1.086731 -1.4970642 0.57308525 -0.19165437 0.41988623 -1.2571452 -1.630199 0.1619389 2.181884 -0.5614648 0.04275336 0.03580997 0.6190897 -1.7158835 0.4278881 -0.8256346 0.3211595 -0.8175194 1.1701864 -0.088903435 -0.62947774 -2.0734055 -0.20221512 3.6535695 0.5536748 -0.75835973 -0.7394765 -0.5713788 0.77985585 -1.5254291 -1.8720099 1.4682037 0.5237419 0.07545981 0.44055498 -0.40422434 -2.2931287 1.5906264 -0.9029932 -1.6996524 0.3818701 0.9960355 0.10911622 0.89252365 -0.52305365 -0.9596423 -0.30911338 -1.5397586 0.9653656 -0.21113066 -0.23506026 -3.2037873 -1.8429047 0.58769155 -0.3442712 0.055372436 -1.3521011 0.0031512615 1.7973671 0.96303105 1.113743 1.5208315 1.0443654 -1.7952098 -1.2223237 -0.71832675 1.4837819
tar 3.024132 3.172291 -1.7418369 1.3386242 -0.31167024 2.7523944 0.79703146 2.9176176 0.5713628 1.9309404 0.7669536 0.110554405 -0.40786535 -0.7101523 -0.28461957 -1.0175613 0.018552665 -1.4185219 1.6297438 2.8142822 -0.20103888 0.11113777 -1.6319085 -0.6363154 -0.25918338 -0.83943063 0.4702041 -1.5093358 -0.14647236 0.53113 0.75957435 -0.06226741 -2.3889291 1.9618162 -2.2869942 0.52294856 0.084273875 -1.4850117 -0.5780165 0.21782948 0.11305939 0.52533555 0.42813936 -0.44244996 0.1639931 1.5867503 2.9156153 -1.954791 0.84761554 -0.5626858 -1.3854427 -0.48738363 -0.38025734 -0.8517039 0.48355144 -0.711157 -0.6581141 0.53932476 0.7950094 0.09448343 -1.7663041 2.6568127 -2.0725892 1.7559665 -0.6075573 -0.26972902 1.5000226 -0.6372617 -1.3136983 0.18638846 -0.31929287 1.4308887 -0.04570619 0.09143994 -0.48112673 1.3953385 0.96471304 -2.0371358 -0.09129336 -0.15998356 -0.87209696 -0.29248685 -0.46841967 -1.4974701 -0.021724373 2.7194762 0.95671964 0.7504985 0.7803864 -0.8336063 -1.5097408 1.1451554 -3.444074 0.10785925 1.7184834 -0.3983036 2.4568646 -0.29359487 -0.3907074 -0.87765104 2.5932894 1.7694339 0.045119837 -1.6437347 0.032842517 -1.0147364 0.6717366 -0.4897492 -1.3814505 0.2783319 2.7200165 0.9835504 -0.44691068 0.6048693 1.504202 1.2496318 0.31501064 -2.0196173 2.85405 -0.02080921 -1.3283559 -0.6618046 0.59579825 0.36325037 0.8223838 -1.6287636 -0.76510006 0.71876365 2.2391362 -1.6641341 -0.44698864 1.2351844 0.6531473 0.8393709 0.6580584 3.2366493 0.9181507 -0.019879747 1.2094325 -0.37848124 -1.4708122 -1.0863584 -0.3454749 0.38985842 1.0581219 -2.596777 0.41578066 -0.9617366 -0.23435196 -1.7330618 -0.6129958 0.07357343 -1.7350991 -0.6067007 -0.5039821 0.71570426 -0.18377456 -1.4118508 2.5748332 1.6691487 -0.7942891 1.3972287 -0.08458624 1.8859204 0.529002 0.11719476 0.08115894 0.7822214 1.361928 -1.1019379 1.315155 -2.7643566 0.2725772 -1.9157336 -0.3402394 -1.0528929 -0.6917074 -0.12839586 -0.24236017 -0.15353055 -2.1058695 1.1409479 -0.71485484 -2.2914388 2.5962594 -0.88724333 1.2380172 -0.7084652 0.54833204 0.2786945 0.489813 -0.507964 1.6759465 2.7340972 0.10474864 -0.8489292 -0.3823062 1.464341 -0.06931255 -0.555079 -1.6321737 -0.28919515 0.032034144 0.57957524 1.8609585 0.67897666 1.5581005 -0.0857777 -0.49960035 -0.20503034 0.28044096 1.376896 -1.3448421 -0.06639834 -1.1340914 0.37766454 -1.2717417 -0.8341495 0.2800703 -0.43269208 -1.1359872 -0.02181424 1.3712898 -0.06337672 -0.59825045 0.41272166 -1.7354184 0.255938 1.2002325 2.1394408 0.62125665 0.79332376 0.64238405 0.7299557 1.0071917 1.7843999 -1.1919254 -0.7400578 1.1935667 -0.97889304 -0.58313787 -1.650363 -0.11141634 -1.4180902 0.68976 -1.3589828 0.4938424 1.0926994 -1.280279 -3.0615635 1.2776245 -1.2904782 0.34575906 -0.5446312 -0.56626093 -0.79334235 2.2209845 -1.148281 0.68757516 2.739744 -0.5316258 1.4544961 -0.59058946 0.24236606 1.1706767 1.130505 -0.15234227 0.26939708 1.7925096 -2.569626 1.0031117 -1.78263 -1.2122699 2.102369 1.1305975 0.48412257 0.3582729 -1.5999943 -1.04602 -2.1413746 -3.614181 2.6040301 1.755673 -2.0594308 0.8682799 -0.2875712 0.8747684 2.9518845 -1.166212 -0.36158213 1.1442869 0.8390139 -0.17588481 -0.37323114 -1.0937419 1.5280284 -1.8981016 -2.7581794 -3.1907227 0.73204416
blackberry 1.0395883 2.3883255 0.15345931 -2.2283897 1.879611 -0.6067532 -0.56191635 -0.25533393 -1.6287678 0.38391787 -0.533374 0.2706945 0.532682 -1.5627606 -0.6011328 -0.354189 0.67368984 -0.39461255 2.265729 -1.9930546 1.1236898 0.8724716 0.1754264 -1.7104046 1.7559763 2.0047464 0.47486302 -1.7513173 -0.17022043 -1.456834 0.7505297 0.44008124 1.3930162 0.025335325 0.55237985 0.12511776 0.38378656 -1.298093 1.5165296 -1.6582836 0.6195465 -2.4385996 -1.3968557 -0.51480114 2.8678539 -1.7629234 0.19974126 -1.9135487 -0.73764753 -0.46731672 -0.2631899 1.7059264 -0.2918559 0.71951306 -0.021140512 -0.61517113 -2.3774703 1.1862335 -0.37855738 -1.3885651 2.2031398 -0.30706862 0.1866337 1.902555 0.59243315 2.6282516 0.9505812 -0.015627973 -0.11527987 -0.511204 0.29694736 0.96084136 0.7899602 3.101072 0.58187956 -0.42694825 0.7991418 -1.0722544 0.27863264 -3.007848 -0.89472455 0.26343545 -1.9526196 0.772564 0.5530313 -1.4889137 -1.2559177 -1.1459714 1.73469 1.0847235 -0.8677252 1.0736437 0.1401315 0.98071635 -1.3370693 -3.0631351 0.8889298 1.5084713 -0.3354928 1.1592568 -0.9982249 0.76423776 -0.18045126 1.0505646 0.9423827 -0.28703412 -0.68040735 1.8260514 -1.336794 -0.7388273 0.5654876 -0.36981755 0.40425175 -0.3549188 -3.0075703 0.8599954 0.75957185 -0.254481 -0.84535366 0.24317777 1.1658297 -1.5457282 0.31104645 0.2047565 1.0825233 2.3634915 0.120112985 0.8391746 0.43786052 0.154907 1.8157198 -0.44369015 -0.4636321 -2.2336714 -0.013884872 0.42446125 0.310033 -0.7244963 -0.022049854 -2.9585068 1.2304146 -1.1893729 3.391195 1.949519 -0.35949165 -0.07838764 -0.39050227 1.0243902 -2.0485613 -1.992733 -1.1528455 1.9049934 0.34477228 -2.3472288 -0.5836662 -1.6129897 0.7285804 -0.09692505 2.2198682 0.28258884 -1.0718151 -0.0045019016 0.66428655 -0.7514157 -0.6204625 -1.6594721 -0.4527179 -1.3108022 0.67613107 1.2991658 0.8834602 0.24954672 0.98753315 -2.4291487 -3.4831634 0.025122166 -0.52963346 -0.4526763 -2.3528228 -0.20651281 0.27403092 0.9206478 -0.93749654 1.7081928 1.2734791 0.2904098 -2.9628184 -1.0035762 -0.26055896 2.089271 -1.0265157 -2.015944 0.5601414 -0.8633578 1.0196394 2.2665 0.88786715 0.83127487 -0.04498099 0.17803644 -1.769378 -0.5891412 -0.11275496 0.016462212 -1.0164675 -0.17853649 -1.4508991 -0.1812864 0.048098214 1.5168269 0.9953374 -2.0486426 -1.423897 0.41365457 -0.076591745 1.9449377 -0.19971064 0.74108493 -0.056667425 0.15025266 -1.5673605 -3.016743 1.9637319 1.3059511 0.21273099 2.2563424 -0.26619118 0.475891 1.8403811 1.6193774 -0.07073365 0.54871655 -0.77148235 -0.8718329 -2.2374613 0.684585 -0.60028934 0.7649819 0.07180082 -1.1364101 0.07999666 -1.1752082 1.6095804 -1.4344898 -1.2675424 2.4328268 -1.8313183 -1.7693429 -0.590142 -0.5141928 -1.4398764 0.6549409 2.2025487 -0.3082919 0.8468358 -2.3110504 2.0027738 -0.6105096 -1.2119596 -0.42472962 -1.9897686 2.263254 0.30458772 -1.2310951 0.3226104 0.2715595 1.5868613 1.7651759 -0.9530605 -0.92474174 2.042331 1.5437688 1.3631568 0.8590464 -1.0184225 -0.7441519 1.7531258 -1.8070409 0.59132314 0.14585589 0.59700114 -0.05257016 -0.7648871 -0.9917578 -2.4485505 -0.10564153 0.11454423 -0.8698356 0.4878692 -0.03029574 -0.57717186 1.8945161 1.212543 -1.6018157 1.8969848 2.8315709 -2.6385956 0.97430164 -0.1503836 0.74911106
almond 1.7991782 0.85181135 -0.11819805 -2.4628248 1.3358706 0.12953813 -1.4050308 1.2019882 1.9219187 -1.4627143 -1.8718854 1.5013235 0.7873217 -2.7339954 -1.3203789 -2.0581727 2.166458 1.0886754 0.71354884 -0.5922508 0.76926655 -0.3943389 -1.0930358 -2.1406674 0.22815578 0.14465934 -0.50617373 -1.024989 -1.6887218 1.5967429 2.0599072 0.8495224 0.6995884 -1.5275472 1.5725754 -0.5455887 -1.8057394 -1.1127127 -2.2745874 1.6216396 1.1870022 1.0682163 -1.1660888 0.862023 -0.81855965 -0.66033673 1.8779924 -1.3236525 -0.7426119 -0.39588976 -0.9791485 -0.38103348 1.7287533 -0.14345194 -0.5117482 0.060449544 -1.5235093 0.43930593 -0.4105077 -1.6484225 0.0065197665 -1.388498 1.1013819 0.656381 -1.2191288 -0.11047371 0.4444461 -0.24934524 -0.2555191 2.7261393 -0.48121682 0.22444706 0.79881084 0.5389583 1.1890218 0.015055522 -1.3484404 -0.45342425 1.3688174 -0.046920948 -1.493884 -0.3682161 -2.482138 -0.6039169 0.27308416 0.19080013 -0.80962884 -0.5102581 -0.8123226 -0.2218909 -0.81454206 0.21210787 -0.7667939 -0.6673432 -1.069014 -1.2123907 2.3046994 0.3339335 2.2620306 -1.4573543 -0.7129621 0.04932473 2.399209 -0.8246816 3.5687935 -0.1858425 -1.7436022 0.6573494 -2.307057 0.5050736 1.3396326 0.3078216 2.193696 -0.9394988 -3.0247138 1.7640522 1.8952911 0.4461553 1.3423665 -0.15571931 -0.31751302 -1.1369824 -0.577206 0.10505537 1.6092497 2.3290918 0.45763347 -0.50470716 0.8446011 -0.7818225 -0.4975631 -0.059623808 -0.7571251 0.41609055 1.6763395 1.0045968 1.3183557 -0.10559226 1.5940542 -0.9110139 -1.4248967 0.9964623 0.10225677 2.6835048 -1.3820283 -0.6753441 -1.8950086 -0.8994173 0.20985988 -3.277469 -0.19488901 -1.2955011 -2.3838139 -1.2731497 0.5875633 -0.9439738 -2.1410766 -1.4816912 1.4005461 -0.35226035 -1.0893937 0.6289488 0.8794534 -0.5260847 -1.0770735 0.35531956 -1.9134004 -0.08606389 -0.14796056 -0.943933 0.35453296 -0.4334672 0.38609928 -2.913499 -2.7257056 -1.5080374 -0.89306074 0.5307315 0.32508457 2.1509457 -0.8370666 -0.38693246 -2.5525694 0.4179733 0.012314392 0.11439317 -2.853304 2.7522786 0.8482531 2.0586116 -0.33284688 -1.2785958 -0.3258895 0.92195356 0.5133936 0.45207304 -1.4870569 0.0323203 2.0750573 -0.6196669 -0.3450894 0.31017724 -0.46882424 1.5113623 1.5318744 -1.8226042 0.45115018 -0.165225 -2.6238394 1.688916 -3.293299 0.5708563 0.23705399 -0.52859455 2.8097122 0.51265675 0.7446144 -0.6369534 -2.0323312 -1.4395362 -2.5599172 -2.9928513 -2.8590071 0.9421998 0.08169936 -0.71739703 0.13614607 0.23392887 0.9005632 2.1897454 1.1844443 1.377707 0.18243666 -0.43349206 -0.9248267 1.5035613 -1.5842144 -1.1034868 -0.52851695 -0.28907657 1.4173604 0.5790825 1.2397637 -1.8671796 0.11929015 1.7132803 -1.5344591 1.5914788 0.68459404 0.78078145 -0.70184815 1.4518756 0.90730274 -0.8882938 0.38065305 -1.5786889 2.4445045 0.49393153 -0.6333051 0.37087938 -1.6099823 -0.349024 0.18236776 -1.2647561 0.48408115 0.8765072 0.7205989 0.43189302 0.3087285 -1.2150118 1.8354908 0.73627186 0.5314599 2.2310746 0.1618899 -1.3720036 -1.1463436 -0.8995934 -1.2479122 0.8415052 -1.1857365 -0.6499026 -0.15237564 -0.38758594 -2.8032682 -1.1589456 -0.6086205 -0.54255956 1.0328518 -1.024937 0.37527934 2.0799887 1.1162809 1.552215 2.6926715 0.78267044 -1.2955102 -2.177489 0.2558306 2.234291
popcorn 1.0613912 -0.7127894 -0.6904855 -0.20152584 0.41011238 -2.5682907 -0.30979598 0.9218368 3.359824 -2.3408058 -1.0544653 0.984737 2.2604244 0.49801385 -0.22707182 -2.2816477 2.2065272 1.7859172 1.19861 -2.3798163 -0.12328626 -2.6983392 -1.4737588 0.054012403 -0.28826076 0.5891895 -0.10261484 -0.70015156 -1.4199828 -0.045960233 2.1804035 0.2254643 -0.15280637 -1.9826661 0.544672 0.68589634 -1.8192085 -2.1464891 -2.4460862 2.09182 1.7616267 1.338311 0.71649396 0.9121585 0.1611951 -2.8733988 1.01998 -1.808571 -1.9072431 -1.5044036 0.39345828 0.25011086 -1.2838767 0.4275514 -0.8832133 -0.740759 -3.3583946 1.1051055 -1.9202715 -0.6549655 1.8916276 -0.1271907 0.06478184 1.8288584 -2.0691175 -1.2305076 0.42650193 -0.47470152 -1.1321507 0.8763515 -0.8997855 -0.31697002 -0.6741566 2.8336535 1.2668778 1.0230529 -0.6420223 -0.9676492 1.3981766 -0.35702136 -1.0009177 0.5885212 1.1879325 -3.4309144 -2.143981 -1.4973927 -1.0867934 -1.0503678 -0.059660748 1.3958648 -0.9788579 -1.9028678 -1.7672762 -0.53492963 -0.40958345 -2.3163538 1.6489085 -0.24274798 -0.7863965 -0.73847455 1.7861868 1.3577247 1.2704687 -0.21831577 0.2649382 1.9199008 -2.9594424 0.7453407 -1.6452535 0.8452786 1.6992395 -2.0790446 0.058679495 -0.37403896 -1.9708676 -1.3477789 0.59018654 -1.3704158 0.5248228 -0.34949106 -0.18272884 -0.6124118 0.379889 0.8871831 -0.28105512 -0.14625166 3.6144543 -1.0530883 4.256882 -0.46291 -0.20536987 -0.6490156 -0.26567668 -2.0170307 0.73754334 1.0001572 -2.4424002 -0.4157205 -0.050686084 -1.0471512 1.6495222 -0.71538055 1.7855698 1.1904835 0.9801882 1.9254581 -2.0956671 -1.8599879 -1.2672379 -1.6280788 -0.14971854 0.73925203 -0.30678666 -0.26103598 0.3310831 0.10369734 -1.4367305 -0.4082153 -0.5883732 -0.40149802 0.95979095 0.17989598 0.58627784 -0.29114348 0.028666222 1.1161765 -0.74102104 0.067283124 0.0015266673 -0.7470969 0.24933083 1.5855777 -0.4137484 0.7551573 -1.5079895 -0.7535038 -2.4399579 1.3524882 -0.29712197 2.67613 0.57891464 -0.49805114 -1.9874362 -1.1269685 1.2254269 -1.9287488 -1.6066462 0.6159513 0.6320954 0.63923585 -0.84036744 -0.6637024 -1.3564391 2.2890654 1.1888644 1.4154063 -0.36442432 -1.0357659 1.3656638 -0.28145638 0.9652344 -0.49898958 -1.8123854 1.195816 0.68104166 -1.794881 -1.4854612 -0.33344015 -0.87187755 0.3609279 -1.4709891 2.6189275 0.68744105 0.23053207 1.4833299 -0.031151198 0.3968608 -2.1814835 -3.0082815 -1.0779357 -0.005789382 -2.87736 0.83582866 0.77812326 -0.47158852 0.29089987 -0.3725584 1.3056446 1.3935728 1.1847706 2.3058538 -0.41350776 0.07288131 1.1082022 0.20897026 0.51806563 -0.31049493 -1.2274779 -0.8707391 -1.3712915 1.686748 1.3942364 1.9198257 -1.3001355 -0.40225172 0.9303947 -1.7361025 -0.9383651 -1.3572257 -0.9785914 -2.271853 2.1000624 1.9553208 -0.65663445 -0.36565194 -2.4488103 0.9843984 -0.65266216 -0.774464 -0.22746527 -0.7523 -0.5366937 1.0456134 -0.6144652 0.113019 -1.2536201 0.78327 0.25716504 0.9590429 -1.689992 0.8482752 -0.0130399475 -0.98812836 0.23122407 0.9497782 -1.1113198 -0.25529313 -2.9152765 -2.6460605 -1.0850996 -0.5909499 0.60432315 0.48500124 -0.46024325 -2.5028238 0.3446063 -0.9585877 0.70406413 -0.17407846 -1.5395867 -1.5156196 0.059849326 -0.10148366 1.5360081 0.044256322 1.9402578 -1.0247563 -0.9269334 -1.3681704 2.1570113
pear 1.2543117 1.4989734 -0.094432004 -1.366429 -0.22070216 -0.27548265 0.07298786 0.2782 1.8948188 -0.93416035 -3.1034484 0.6231121 1.7851429 -1.5866015 -0.61037016 -2.0683372 -1.214977 0.69396347 1.6847405 -1.4141519 0.37692687 0.55299157 -1.2766764 -1.6640582 0.8382333 1.1694548 -0.47629037 -0.8213098 -0.57161915 1.3958726 3.3703496 0.8875491 2.2708967 0.038563073 -0.53448 -1.3307376 -0.8823414 -0.17269021 -0.54886264 1.3627987 -1.1293474 -1.9250447 -1.4929603 0.5249569 0.7765673 -1.2990448 2.3139539 -1.5186504 0.572554 1.396246 -2.4611635 0.7562729 1.3724881 1.8351179 -0.33729568 -1.774455 -1.7653189 -0.40893587 0.14387932 -1.3184484 -0.31124458 -2.553274 0.04866313 -1.4916404 -1.43329 2.7740235 3.1741793 -0.75159687 0.059195004 1.3882293 -1.3457279 -0.06155873 1.1037664 0.35873282 1.3750772 -0.91106665 1.4626514 -0.07006152 0.31721684 1.1263603 0.26669052 0.32490817 -2.544283 0.90938205 0.7173874 -1.8039751 -1.7675811 -1.6019359 0.8815722 -0.924543 -0.77225626 0.773222 0.45236364 -0.89409465 -1.1449933 -0.80107796 1.5426917 0.9350665 2.3724227 -0.7025274 1.3474272 -0.17477153 1.9404504 -1.3962134 2.370068 0.7063107 -1.0088875 1.5652798 -2.2047946 -0.01389978 2.306828 0.5468965 2.9580019 -0.3045649 -3.990234 0.8408658 1.6093558 -0.8286366 0.13609868 -0.6943572 0.8560573 -2.7357235 1.4203336 -0.01655272 1.8516754 1.749369 0.36210597 0.7497361 0.040290613 -1.1712397 0.04407697 -0.2224063 -2.2604418 -0.31260347 1.0184894 2.1108637 1.0750624 -1.1223385 0.88829744 -0.9933468 -0.25698337 -0.43705332 0.12279435 2.7128222 0.23349485 -0.53160673 -1.0583056 0.14258388 1.9761081 -2.907275 0.017134255 0.2774463 -1.660095 -1.8531631 -0.7811319 0.0167019 1.0686042 2.0393748 1.0631137 -0.44448423 0.6607344 -0.6991845 0.42778552 0.18351202 -0.9783782 0.07314043 -0.52772 -0.54596215 -0.24074215 0.49986717 0.54354703 0.22588202 -0.081385575 -3.657158 -3.015164 -0.7007631 1.290064 0.101352975 -0.11724885 1.4892852 -0.26981983 0.4092591 -1.1983292 0.2643355 -0.05401285 -0.124780625 -2.8673 -0.4070178 0.44671583 2.9972231 0.23778555 -2.6044564 -2.6158924 2.1284442 0.88148767 1.2276697 -0.09750759 -0.6054313 2.0165448 0.767437 0.3418005 -2.2986977 0.7783827 -0.22155492 0.6176179 -0.9086605 0.2309068 0.09419353 -1.7589562 1.6492444 -1.5300045 -0.44942552 0.82428366 -1.6124711 1.318732 1.6937622 0.9634009 -0.7844927 -1.1430979 -0.09402901 -1.8644003 -4.5715837 -2.3252776 2.0143242 -0.4937789 -0.7598089 1.1719221 -0.11415475 1.3054351 1.0289725 0.40695456 -1.1760768 0.1113098 0.25326207 -0.22247164 0.92032987 0.07833655 0.021345206 -0.6400886 -2.2695348 -0.2515088 -0.9383899 -0.9217935 -0.7919185 -0.42535418 2.208994 -0.41346648 -0.09947535 -1.0772439 1.5733862 0.3728209 2.498375 0.23993172 0.3476566 1.0889766 -1.3528574 2.720868 -0.6528669 -1.7683921 0.81071883 -0.41582865 -0.085758515 1.2121578 -0.5574819 0.47580945 1.5580373 1.3446624 -1.1021366 -0.3248847 -1.0821435 1.1539447 0.82396984 0.56848085 1.9174159 0.2495799 0.25948137 1.128651 0.748112 -0.553931 0.2206278 0.038600437 -1.0640694 1.2271315 -1.964164 -2.4697704 1.2628804 -0.30330223 -0.5105101 -0.21038423 -0.41608068 -1.3799372 2.4535925 -0.40970683 0.28797227 2.8443313 1.3366611 -1.8100628 -0.6765364 -2.1200674 3.4314766
coconut 2.1084466 2.1793852 0.63177526 -0.99718106 0.8066647 -0.6446432 0.8594285 0.91791445 1.4305389 -0.009071253 -0.13578653 1.7471704 0.44864213 -2.9624808 -0.28384757 -2.2723396 1.5384499 1.2984803 1.4454423 0.28206915 -0.8204212 -0.64602035 -2.3391585 -2.0229821 -0.79711574 -0.7033543 0.71037877 0.29023725 -2.1047924 1.2968361 2.213199 0.5862565 -0.17779262 -1.3175603 -0.6704658 -0.54238755 -0.5004327 -1.432098 -1.4523318 1.6341293 1.0128562 0.27269948 -1.2261372 0.22976786 -0.2875352 -0.41982567 1.4952132 -1.5372183 -0.7018139 -0.467912 -0.789498 0.23621476 1.7763085 -0.044277765 -0.59555846 -0.57779247 -1.3996089 0.6932695 0.6249334 -0.993967 0.17505567 0.17432445 -0.5997687 0.90727514 -2.252692 0.8584536 1.4978945 1.0075727 -0.095010184 0.66295624 -2.5891676 -0.80459523 0.7590717 -0.07345501 1.2316159 0.571266 -0.3348664 -0.85551965 1.393901 -1.3486689 -0.9513382 -0.52102953 -1.6934611 0.23355879 -1.0099918 -1.2904165 0.0028983338 0.3892782 1.1763885 -0.5704986 -0.6645258 -0.37783918 -0.97516304 -0.31437832 0.21032025 -0.7446199 1.0879799 -0.82295173 2.4929023 -0.5127648 0.08832502 0.29210293 2.4070973 -1.6876493 2.5278187 -0.67430097 -1.5888985 1.3438032 -3.461893 -0.80410475 1.2666061 -0.83961666 1.3844898 -0.8543282 -0.90619236 1.7248902 1.5927333 -0.42701194 0.44543853 0.61420476 -0.3444611 -0.16353218 -0.078319155 -1.2208045 1.369627 1.4576052 1.5535871 0.3960178 -0.42240018 -1.1589552 -1.2093686 0.39183947 -0.27515084 -0.12448736 3.2843406 2.4598916 -0.46939546 -0.32849494 1.4381907 -1.5128564 1.7146552 -0.18158759 0.9751697 1.4028631 -0.7210298 -0.3499392 -1.6069975 -0.42049834 -0.2708295 -3.3044338 -1.6815042 -0.86813104 -0.36028534 -2.7071524 2.1795382 0.9384425 -0.7642138 -1.11788 0.3468741 -0.4287229 0.04335534 0.10950865 1.4055535 -0.29993302 -1.229829 0.15123558 -0.8766513 1.9762137 -0.09816037 0.19363068 -0.6913642 0.004035144 -0.027041841 -1.9190476 -2.6376374 -1.4105785 -0.5724331 0.97420377 0.045110323 0.69417506 -0.77412874 0.54154783 -1.7397327 2.6563041 0.6230535 -1.3417377 -2.8972642 0.92315435 1.3014561 0.3823575 -0.13917515 -2.6488633 -0.67733693 0.99232626 0.35029706 1.7846464 -0.02138099 -0.8012936 1.4374682 -0.47880954 -1.0774945 -1.554576 0.5640381 1.9104091 -0.19050722 -1.178963 -0.45888796 -0.22870632 -3.063228 -0.48452628 -0.9018565 -1.1267592 0.13366881 -0.33421412 1.5031084 0.2893796 1.4337317 -1.7182672 -1.1234285 -2.1817846 -2.8683214 -3.3247874 -1.1585554 1.2177507 -0.32859376 0.11502325 -1.4912622 1.591215 1.1105824 1.0012115 1.0594428 -0.5610603 0.18737197 -1.9801214 -1.294837 0.31410104 -1.4187886 0.04013073 -1.7240344 -1.8461866 1.0196451 -0.048520677 -0.4941327 -1.8634205 -0.02726398 1.1754494 -2.0533571 1.6161494 -1.358207 -0.4568819 0.27168772 2.3407984 0.18102917 -0.8828114 -0.30625564 -0.1295695 1.8133285 -0.35433644 1.2684578 0.96169496 -1.4338392 1.6602117 0.6572629 -1.4313878 0.63216954 -0.8511415 0.49251562 -0.23485222 0.9202889 -1.3289882 1.1102682 -0.14096285 -0.04492601 1.9346777 1.3934965 -0.4369396 0.18757068 -0.69255096 -2.3996024 -0.87904 -0.6827799 0.21609344 -0.061630648 -0.23314501 -1.4090656 0.0805265 -0.2630357 0.39942524 -0.39694887 -0.9018761 -0.38367978 2.3567653 -1.3772455 1.9396393 2.3844786 3.2134037 -1.6370678 -2.1081684 -0.5156574 2.563644
cardboard 1.4407762 0.55294585 -0.6642948 -2.4316943 -0.50177664 -0.43987742 0.26479 0.0039329897 3.1637416 -0.19284135 0.07614176 1.144973 0.89650416 -0.26163313 -0.30450353 -0.88710666 0.0054229256 1.0974715 -0.026931057 -1.4019202 0.047955923 0.145169 -0.0756697 -1.858521 -1.6378809 -0.3533984 0.21823458 0.51521504 0.7702988 -1.0488529 2.8170567 -2.2163072 -0.61980855 -1.0772076 0.9391698 -1.2901453 0.015929542 -3.69991 -1.053244 0.027237669 -0.98863465 -1.2006178 0.64304316 -0.83657837 2.1523752 0.032449167 2.254027 -1.1035105 -0.8840414 -0.32611763 -0.041756045 -0.60941976 1.287339 -1.0581726 -0.79858196 -1.6840808 -1.4496424 0.7043168 -0.9658141 0.9362834 -2.1759138 -3.6277752 -1.1598632 -1.3338238 0.2444298 0.29697153 0.36212724 1.2657504 -2.832416 1.474152 -2.7629638 -1.9041661 0.08680964 1.3809427 0.3630327 -1.020417 0.26558307 -0.3042503 -0.3592039 -0.8144975 -1.3517689 0.2405954 -1.0237516 -2.6355143 -0.15981637 -2.1169612 -0.2881621 0.1488051 -0.34053886 1.7458344 0.0019053605 0.2396803 -1.8865838 1.1214153 2.1082425 -0.048246786 1.3927249 -0.39730027 -0.2766937 -2.5083914 0.64110285 3.3552012 1.3577161 2.603081 2.5373206 1.9140413 -1.1577269 0.48948655 -0.95978904 1.334306 0.9722027 1.5331111 -1.5776175 -0.75978243 0.77755445 0.8196394 1.118658 0.60944283 2.5589206 -0.9644189 -0.49716097 -0.22505856 -0.33115503 0.9696048 1.2638421 -0.88277847 1.2061206 1.8268923 2.1067877 -0.27649686 0.4718728 -1.1760582 -1.5097413 -2.3254344 1.533969 2.9484825 -0.5599208 -2.64291 2.121954 -0.8374714 -0.47021785 -2.0528314 0.99024445 1.5277667 2.2863436 1.1672151 0.5653612 0.8219835 0.4920102 -1.8210846 1.2683853 -0.03317777 -0.828646 -0.8694943 0.06436252 2.1289432 1.5873598 2.542246 1.9460814 -0.5945451 -0.3229794 1.9701062 -0.6376301 0.7319559 -0.5004743 1.1154518 -0.1260911 2.3832722 -1.296397 0.010489643 1.841366 -0.9702995 -1.1501696 -1.1482172 -1.5187292 0.25298196 -0.63681805 -0.86781675 -0.6547495 -0.1959021 -1.1168903 -0.5168001 0.60842323 0.122767426 -2.110219 -1.4546664 -0.2755257 0.4513065 0.87349254 1.9236733 -0.320009 -2.7143521 -0.84124357 0.5476344 -1.495776 -0.15977319 -0.82250607 0.81531036 1.8906802 -3.2627892 -0.27107775 1.3295989 -0.11946557 2.019382 1.9638528 0.99331766 0.24289654 0.9140599 -2.5512445 -0.38959306 -0.72050977 2.633612 1.5273454 0.4814903 1.6525445 0.4650042 0.5313602 -2.965644 -0.89093924 -1.1624298 1.5476575 -3.7469404 -1.1114148 1.2283938 -1.4232217 0.48831347 2.0511725 0.70888513 -1.0050315 1.1166513 1.399119 -0.77737087 -1.4738379 -0.78407824 -0.9348838 2.8624132 -1.1558479 0.16214089 -1.3727573 -1.3043346 0.43893674 1.1492685 -1.9892209 0.16547954 0.53005886 -0.05977144 -2.6317081 1.4541217 -3.2806118 -0.630154 1.888325 0.94353986 -0.8926872 -0.43252656 0.57231724 -3.0066094 1.4259859 -0.033242904 -1.2031195 0.8839576 -1.2176948 -0.6768329 0.21376054 0.09174834 0.007184739 0.42696196 -0.052094385 -0.97370696 2.01219 -1.4040344 -2.6251504 -3.7105043 1.4238836 0.14451556 1.4924754 -1.6038878 0.11162633 -1.5637263 -0.09633331 1.8299593 -1.4267297 1.2196392 0.54487616 -0.7731591 0.08658408 -0.030572755 -2.000797 1.1206892 -1.0029528 0.3843439 -1.1904683 0.33427897 1.0425491 0.22619706 1.5778095 2.5440233 -2.8031628 -0.3204236 -2.3983238 -0.1284729
clove -0.5623947 1.5610288 0.104966424 -1.8648114 1.8195032 -0.30703545 2.713355 -0.25932217 1.9233028 1.6045706 -2.304892 1.2878816 0.65588766 -3.3649576 1.41947 -3.0102706 1.1452514 1.2172785 -0.34527338 -1.5009114 0.69796765 -0.29939356 -1.9081271 -0.005053185 -0.9595909 0.46949667 1.772221 1.1951231 -2.885037 0.87558967 -0.44215912 0.2812016 -0.7214094 0.828594 -0.33694908 -0.62196976 0.06251473 0.0049441596 -1.090827 3.3117194 1.5829972 -0.6195321 0.9877684 0.6021722 1.9000727 -1.6154008 2.8292603 -2.4200256 0.49098006 -5.3824587 -2.552682 -1.007977 3.0385883 0.03930313 -0.9619303 1.6455153 -2.2347016 -1.175391 -1.0583472 -1.0477278 -2.4608893 -0.8074121 0.81171185 -1.3372048 -3.8428056 1.259957 0.66794616 -2.813256 2.0645986 1.5384179 -1.5302393 2.7021868 -0.11704545 -1.6531544 2.2248874 0.007012994 1.6293517 -2.428217 0.46473774 -0.83087146 -0.912096 0.6225199 -0.9737917 -2.0410852 -0.21186015 -0.65150046 -2.1349964 -1.9143331 -0.24517804 0.100231685 -2.4152706 -1.3663735 -1.1116877 -0.04551252 -1.5002373 1.5659337 -0.17738044 -1.7670317 2.106438 -0.3412001 -0.34194002 1.34414 2.8735785 -1.1402189 1.2152021 2.3831623 -1.3194952 -0.11551578 -3.352457 -0.5334611 -0.23195584 0.2013721 2.932696 0.1420923 -2.0252044 0.11332683 -0.059896547 -1.5047837 2.180629 -0.8452342 2.0225816 -1.6733942 0.08303405 -0.9483268 1.4116932 0.5392823 -1.3959734 0.4375962 0.75084895 1.8087643 1.0904454 -0.021419002 -1.1997613 0.42779619 1.8057678 0.26109114 1.6389326 0.38229382 0.75323415 -1.2581663 0.18070956 -1.2151662 1.7506493 2.1817775 0.08333797 0.35996437 0.049422663 0.067991376 1.4970063 -2.6255527 0.27424243 2.770538 -0.76233774 0.22858816 -0.72417694 2.9920962 0.6216281 -2.4878714 2.1809158 0.44634736 -0.92481613 0.3039707 -0.2733442 0.69477403 -1.008541 -0.075511016 -0.22007425 3.1965244 0.28962007 -1.5770717 0.90716976 -0.47426626 1.2453585 -0.7585535 -2.2147658 -1.9301634 -1.1528763 0.5431597 -0.38415474 -0.1060687 -1.2909433 2.082104 0.34510806 -1.3658171 0.7913071 -0.48029867 -0.76832634 0.93249494 -0.8024917 0.9389883 0.63439804 -0.76778835 -1.3387438 -0.06413543 1.9124435 0.40366742 -0.9978611 -0.18288241 2.1154273 -0.5271161 -2.5252678 0.42448205 1.4473568 0.933449 2.9666111 -0.11399946 0.79829156 -0.10991474 -1.3945062 -0.24943125 -0.017643156 -2.2172716 -0.23441836 0.80445755 1.437619 0.5644663 -0.15655024 1.6572062 -0.8669726 -1.9042114 -2.6357327 -2.9033694 -2.2296524 2.663721 -1.0496902 1.3426175 -2.2657337 -0.8675914 1.622526 -0.28585818 1.2625408 -1.0323863 -1.2222925 1.7748039 -2.138878 0.52344704 -0.23716085 -1.3061467 -0.7316862 0.9560095 1.1420542 -2.2002676 -0.70782626 -1.5874685 3.9005377 0.055463925 -1.3076757 -2.0709805 -0.5164908 1.6448679 0.9136764 0.59185 1.1503284 0.38658953 0.13081756 -0.24817632 1.1137955 -0.13911714 0.58503854 3.3445854 -0.08816734 -0.39638174 0.63021684 -0.6772422 1.9169272 2.1002598 0.30505374 0.3964552 -0.068389036 -3.2958524 3.0407252 2.8295634 -0.94104093 3.097847 0.9533487 0.36310378 -0.47748244 -0.28519168 0.05328755 -2.8319046 -0.37186107 -2.725136 -2.6841006 -0.7394826 -1.8632256 -0.09643894 -1.9514574 -0.8061414 1.0989219 -1.2389193 -1.1315583 1.7194774 0.059287753 1.2666575 3.2311473 1.2050712 -3.9045439 -0.79773486 -0.795472 3.1936429
cucumber 1.0807867 1.5643977 1.6182435 -0.9420445 0.8867226 -0.7011633 -0.9072108 0.9055104 2.9490387 -1.3572146 -1.1684501 0.62804884 0.27278638 -2.1291702 -1.2928611 -1.5025603 0.55054307 0.045556653 0.29757935 -0.12554798 -0.17066225 -0.12461278 -2.2540896 -2.3122993 0.8148618 1.1453515 -0.30862364 -1.1911196 -2.1052372 -0.042194746 3.0568218 0.7525479 -0.13487229 -0.59391046 -1.3020775 0.2426661 0.41790903 -0.62577295 -1.8252373 1.9068083 1.6280134 0.54553473 -1.7790868 0.500854 0.95204663 -1.3106847 1.4602941 -1.1072849 -0.27326953 -0.712381 -1.5007471 0.38799438 1.3325886 1.7963238 -1.4637724 -0.5453606 -1.2600982 0.5277622 -0.13433686 -1.3692013 0.86662513 -0.8388294 0.94519657 -0.615606 -3.4017124 1.4462657 1.2438802 -0.7604202 -1.7835293 0.3031867 -1.4308605 -0.112667575 1.4012934 -0.12593818 2.0021155 0.19342624 2.1654975 -0.7769827 0.6147231 -0.37778804 -1.4721581 0.95160234 -2.894445 -0.91614026 -1.7378926 0.29612204 0.7910738 1.3381667 1.9230891 -0.38505843 -0.8702714 -0.26288095 0.035248816 -0.3480373 0.96885425 -0.8245134 1.3328751 -0.002530301 3.5979142 1.3790426 0.3455087 -0.21489075 2.0169306 -1.4847888 3.4145038 1.7261833 0.09161229 2.716059 -1.6762464 -0.36630335 1.1225662 0.7806964 1.4866412 -1.3869166 -1.4849477 1.2745607 2.1389067 -1.3855907 0.8138118 -0.48886976 1.1828601 -2.2393134 -0.81544745 -1.3268014 -0.23429793 -0.5165781 -1.3591311 0.2605228 0.9227821 -0.616784 -0.8883256 0.052448265 -2.1544034 1.0595963 1.4295396 0.71375 -0.35092548 -0.90872955 0.63477653 -0.9754156 -0.82319766 0.44452918 1.0656669 0.7148586 -0.50572896 0.4627443 -1.3508153 -0.7187251 0.8436301 -2.9403734 -1.6769936 0.30103084 0.59445775 -1.3159304 1.1862922 -0.914064 0.5828187 0.3071941 0.015246563 -0.24963567 0.21947661 -1.6184133 -0.5320275 0.34946314 -2.7952917 0.045022987 -0.16154487 -0.20704667 -0.23342529 -0.54751337 0.9395118 2.1212835 -0.7494115 -1.4596887 -0.9443522 -0.62131023 1.9568987 0.8517115 0.7540089 0.5524225 0.12072381 0.7318957 -1.8018394 1.0551312 1.1641599 -0.71106917 -2.4041383 -0.5746347 -1.1144326 2.2016397 0.44968006 -2.6576822 -2.5840933 1.0336998 0.5710965 1.436933 -2.0774033 0.20230706 2.4188762 -2.560519 -0.6547208 -0.36377317 1.874746 -2.9465961 0.99909693 -1.8711295 0.15112868 0.3746599 -1.5049386 1.6175802 -0.5570722 0.47282302 3.1019433 -0.92748237 1.3923935 1.522286 1.1040559 -1.8092461 -0.1828829 -1.3692931 -1.4860913 -2.618499 -2.408849 1.3985852 0.2502965 0.2647222 0.7165373 -0.34230402 1.1487474 0.37075457 0.036704812 -1.9807966 -0.9764626 -1.3358666 -0.37330914 -0.06355754 0.09576069 -0.41148528 -1.6442771 -0.35618597 2.1112514 0.13649632 -0.8517928 -2.148697 0.9299615 0.39752665 -1.8482852 -0.2743244 0.10991572 2.9790766 0.7933169 3.5290382 -0.4460683 -0.6858243 0.017792836 -0.6419143 2.412294 0.89469266 0.07263554 1.128015 -1.5156798 -0.5260328 0.82410395 -1.5149518 0.7472497 -0.23032309 -0.21368311 -0.62374485 0.19358456 -0.6752112 2.338969 1.2278898 0.6306279 1.8443736 0.0020846596 0.5091006 -0.8534322 0.101916224 0.13333027 -0.65176654 0.4501747 -0.41295314 -0.299733 -0.09957357 -1.9523617 2.0219052 0.15309715 0.05099568 1.5168923 -0.17253944 -1.4623339 0.76766664 -0.3985759 1.1760005 1.6090487 1.6892346 -2.5986073 -0.1675015 -0.23333552 2.8976188
lavender 2.0138927 2.992285 0.45851365 -1.3062179 1.8953933 -1.5629436 -0.18594533 -0.22934832 2.0671394 -0.39143348 -0.7642232 0.16702762 0.15012306 -1.181376 -1.2806293 -0.9312329 -0.02990702 -0.5245137 1.1854115 1.9417366 -0.57660407 -1.9189161 -1.058424 -1.386283 0.7372211 0.23299004 1.339153 -1.2670641 -1.3389748 -0.71734405 0.80417645 1.8695601 0.8890284 -0.14288396 -0.8900258 -0.56345093 -2.0011144 0.75200903 -2.9078043 1.4835676 0.12108414 -1.0979503 0.018759651 1.7244189 -0.88685155 -0.71412444 2.890206 0.70456165 0.0461064 -0.3425021 -2.0971441 1.2243673 3.1438859 2.4327881 -1.0278107 -1.9213189 -0.4276649 -1.4307301 -0.28143626 -2.285485 -0.5508581 -0.5460283 -1.0341064 0.24440528 -1.4853338 1.325033 1.1293664 1.718077 -0.4384925 0.06935727 -1.0412064 1.1584102 1.3007753 1.2598933 1.6719565 0.091956995 -1.2300152 -0.6010013 0.23740625 -0.15471014 -1.6674527 0.07358974 -1.4476992 -0.6790473 -1.2132304 0.3863477 -0.42077938 0.6863628 0.05133131 -0.08511968 -0.55436856 -0.3559022 0.361335 0.5173974 0.10576865 -2.1752176 2.1159246 0.05307299 0.27015704 -1.3009511 1.5088031 0.0010213284 2.3960128 -1.3167412 1.9816782 1.2373723 -0.6022106 0.85223925 -1.6132076 -1.2716548 -0.38001996 -0.8773047 0.80158675 1.5449183 -1.2437123 1.326596 2.6217954 0.195065 0.25509214 -0.3769866 1.3428775 -1.0389538 -0.30436072 -1.5935744 0.75263834 1.3813816 1.5563899 1.6224539 0.59939283 -0.28645572 -0.12349137 1.7743766 -1.6257342 0.43828192 1.3575165 3.0587883 1.2215592 -1.5549074 1.0074471 -2.0408118 -0.50146174 1.261149 0.25801656 0.6570817 -0.19753145 0.28822976 -2.4858174 1.3408159 -0.103821225 -1.0072263 -0.4745802 0.37295386 0.78077275 -1.5592133 0.7815434 0.6983003 0.6536795 -1.6361655 2.0751972 -0.3221317 -0.26236725 0.59166634 0.32830414 -0.904306 -0.24727698 0.4204371 1.2769579 0.6515077 -2.003801 -0.30013007 -0.3326696 0.82005006 0.48676643 -0.82755286 -4.3771806 -2.143274 -0.69898605 -1.1472144 0.2759852 0.8018819 -0.7882927 1.0121071 -0.72466475 -0.85560954 -0.42677066 -2.6388276 -2.5842896 0.5821315 -0.6626589 2.5307631 -1.320902 -1.8770416 -1.6653757 0.6625029 -1.7482419 0.9029453 -0.90692776 0.3976467 0.42301935 -1.168493 -1.2361962 0.91411734 0.3638044 0.8065662 0.30723897 -1.0883746 0.8283277 -0.08255116 -1.0641925 2.3215423 -0.74599606 -0.38793778 1.0018079 -0.98673147 0.26859722 -0.32397747 0.73179585 -1.956775 1.0619977 -1.7059641 0.697324 -2.8853788 -1.3813004 1.51877 -0.7434788 -0.22140057 -0.26878068 -0.42847708 0.7581729 -0.34984344 -0.23310632 -0.18872386 -0.14153272 -0.7840182 -1.6796016 0.48854777 -0.14319596 -0.23722902 -0.016160686 -0.78089654 0.7511759 0.48368654 -0.36292276 -1.4612737 -1.4088165 -0.008149571 -1.8969527 -1.485433 -1.1124101 0.99948645 1.6325703 -0.6706846 1.6140662 -0.67302054 1.1155046 -2.7341888 4.3676243 -0.8111947 -0.17803165 1.4028851 -1.4679002 0.2850978 -0.27842557 -1.0328587 0.49620897 -0.36703718 -1.9114469 -1.1418871 -1.191877 -0.23349401 1.2317898 -0.3358162 1.1816238 3.0468328 0.6573356 -1.6932153 2.129931 -0.2958754 -0.40567556 -1.3736829 -1.5976205 0.2270319 0.6840933 -0.94004875 -0.08329193 0.0175399 0.21682897 -1.0013906 0.53095716 -0.4892535 -0.48094076 1.5468493 -0.91890025 0.29254857 1.1992484 -1.762303 -2.276914 -1.4891944 -1.4477733 2.2239854
rum 1.8650801 2.8649483 -1.141802 -0.33257112 0.07414326 -1.0121188 0.42768517 -0.11978064 -0.08229045 -0.31838548 -1.3953676 1.055957 -0.39618987 -0.5890217 1.1149282 0.012856698 1.3445671 0.08318973 1.6999559 0.6738268 0.39276636 -1.7087092 -1.8738012 1.6490979 0.2820016 2.0176373 0.42121303 -1.832866 -2.8320794 1.4325536 3.1273742 -0.023710849 1.7981937 -1.1629541 -3.045164 0.3583195 1.242769 -0.001548895 -1.4945239 1.5259244 1.9604392 -0.8196558 0.16713417 0.6046474 1.3585136 -0.839393 1.560843 -0.19032331 -0.8429537 -2.4053593 -1.4982151 -0.41497985 -0.79119736 1.6761822 -1.267493 -1.8816254 -0.36192787 1.6688594 -1.0376388 -0.7749667 0.51923066 -0.7193347 0.16713749 0.5391081 0.608194 1.7862498 0.07950375 -1.9254949 0.58585346 -0.104457855 -1.6288964 -0.92016196 -1.3148988 1.0682955 1.1295116 1.1376185 -2.1008058 0.37330228 1.4686769 -0.20533888 -0.7656756 0.41760042 0.36258876 -0.37592342 0.693477 -0.5108436 -0.5560329 1.2360494 0.37904915 1.9802594 -0.68128026 -1.0167832 1.1577908 0.15995474 0.11834483 -0.87915343 2.0069666 -0.5604007 -0.5218392 -0.12774251 0.8702848 2.1596212 1.9029428 0.06704181 2.2980309 -0.56942904 -1.3764825 -0.08257546 -0.08023125 0.5781773 1.0276362 1.2396606 1.1277028 -1.7929251 -2.0174422 -0.42417037 0.2601349 0.5662305 0.7468795 -2.541221 0.31763068 -0.11486904 -0.15718123 -2.1701462 0.07305115 1.433462 1.4031425 -0.8109365 -0.5255045 -0.6200268 -0.118179135 -0.24913318 -1.7413737 -0.74071133 1.8123336 1.93174 0.85022277 0.8130959 0.7014872 -0.6493947 3.5423212 -0.52576166 -1.0239959 -0.57944286 1.3976747 1.3534139 -2.917839 -0.2708538 1.3738128 -1.8195059 -0.8373919 0.11979005 -1.079741 -2.8427844 1.5232435 -1.9356165 -1.231975 -0.6920128 -0.2075386 -1.7405792 -0.9256524 1.0914458 -0.32034743 0.22907251 1.176253 1.1043024 0.8659397 0.1301399 0.2219307 0.24040912 -0.44563472 0.8552302 -1.3729438 -0.94239765 -0.9619648 -1.5908941 -0.76562047 -0.36148185 0.13332944 0.8116191 -1.4874324 1.0774106 -1.9703461 1.2750256 1.03082 -2.3937914 -1.5676622 1.1975602 1.6102058 1.3099089 -1.9028374 1.1787462 0.73996085 0.738785 -0.32839134 0.9595539 -0.85171944 -0.6445914 1.131478 -1.5441831 -1.1174136 -1.1227399 0.9221289 1.2418963 0.9084881 -0.94338363 1.206129 -0.706284 0.7100633 0.90550023 -2.2677162 -1.0330993 0.44350687 0.60464025 1.025203 1.2440975 0.29758853 -3.585703 -1.5724595 -2.464001 -1.9058987 -1.7272469 -0.7138005 1.575671 -1.8447014 -0.060533214 -1.0128703 1.5112844 0.19905494 2.0507915 0.7829263 0.44826955 0.86218643 -0.7665437 -0.963398 -0.11865979 -0.51229805 1.0442559 0.091103524 -1.9926039 3.1227026 -2.3303642 -1.4588068 -1.3169509 0.7470491 2.3796542 -0.9683505 0.4419267 -0.89180917 -0.30526885 0.10019782 1.6658846 0.95341533 -1.5527374 0.022749593 -0.49756813 3.0974414 1.172466 0.687979 0.87417513 -1.3703196 0.912923 0.84377146 1.1913452 0.5230575 -1.9096287 0.08919163 -0.48236266 -0.19188462 -0.42312023 2.3085444 0.032313894 -1.127974 2.3976529 1.5886467 -3.3787358 0.048613206 -0.035564404 -2.0712628 -1.381771 -1.0756005 -1.3462045 0.628497 -0.6131184 -2.2396362 -1.7734128 0.24418992 0.40444326 -1.1386416 -0.8722523 1.7318182 0.17566092 -0.9614752 1.9436059 2.0459414 1.3188928 -2.4445114 -0.9692407 -0.30258796 0.62153053
syrup 2.811766 2.0176547 -1.5801284 -2.1148846 -0.117438406 -0.31996623 -0.6367368 -0.1707805 1.075932 -1.5667152 -1.6723214 2.5970337 -0.27814028 -1.9123011 0.2890141 -1.975706 2.047273 1.2923155 0.04762163 0.057675377 -0.01481125 -0.92473334 -2.1543298 0.9837467 2.719323 1.276285 -0.947222 -1.4107852 -1.5724629 2.0350237 3.8632529 -0.9384825 1.8314129 -2.1970549 -0.47656345 0.07916061 0.1688883 -1.417049 -2.2810519 1.3638273 0.52825594 -0.59398174 -0.33299926 1.5540735 0.2859199 -0.097696275 2.003141 -1.2628235 -0.1369773 -0.9248828 -1.9281735 -0.28910616 0.93617827 1.7444072 -1.7010742 0.03132257 -2.625325 1.2977102 -0.36393425 -0.4915516 0.54208535 -0.6966453 0.26918685 0.77438545 -1.0625014 0.73991704 1.5437319 -0.13637787 -0.683219 0.36836877 -0.16186577 -0.40523472 0.9433075 0.88758564 0.5812614 -0.030882925 -1.3153697 -0.0897208 0.96008956 -0.008079027 -1.8327974 -0.05372881 0.44131216 -1.4474558 0.08178088 -2.2204003 0.88487005 -1.9165428 -0.38106576 1.2984883 -1.7709839 -0.26409346 -0.31841782 0.44721004 -0.77995867 -2.6366415 2.279916 -0.54077137 0.42323393 -0.48574653 2.0896583 0.8216227 2.9773352 -1.194556 1.4986367 0.6976997 -1.3756089 -0.1831806 -1.9630079 2.0404398 0.005251165 -0.9773714 -0.8241301 -1.9747268 -1.0702493 0.036782004 0.54284436 -0.48727795 0.86599225 -2.3146784 -1.6593413 0.74446607 -0.27739912 -1.321674 1.2768543 1.4852253 0.020543402 1.3131223 1.9672796 -1.0971165 -0.68032444 -0.7517387 -1.2995988 -0.032583613 2.7055085 2.0877411 1.5300745 -1.612132 1.2996157 -0.5408836 1.7512043 -0.9594516 0.15431778 -0.7312682 0.09368554 1.4508255 -1.243872 -0.98055553 1.2223902 -2.6978655 0.34140116 -0.30644444 -1.0071785 -3.3505278 1.0763338 -0.16487758 -1.1217825 -1.0787125 -0.30175924 -1.0088565 0.16967227 2.0282104 0.8603764 0.32123047 -0.27361226 0.5326111 1.0732969 -0.43246856 -0.5562426 0.50002295 -0.3530617 0.15418015 -0.08440491 -1.3904128 -2.5070457 -1.1270941 0.7062367 0.06313455 1.2187353 1.2800456 -1.0614618 1.8394176 -2.7582924 -0.18351024 1.9613906 -0.6650213 -1.5459641 0.9547205 1.2988896 2.0148523 -0.5331387 -1.6923523 -0.020905036 -0.15032272 0.34215808 1.6997323 -0.3069659 2.233713 1.9228109 -1.1444566 -0.21646592 -1.8593959 0.41575882 1.318826 0.6031084 -1.3544254 0.35422388 -0.29445568 -1.0575439 1.8565717 -2.940482 -0.6034788 -0.40021104 -0.32026696 1.6946598 2.4086967 1.9971468 -1.298201 0.07234226 -1.7938476 -4.1937366 -2.5822296 -0.67259544 1.341176 -0.5989132 -0.5070933 -0.85758555 -0.27260146 0.9476586 3.2237194 1.20738 -0.6696562 -0.02525574 -0.01692211 0.5395562 0.43245372 -0.2675214 -0.564583 -1.0857091 -0.57909244 0.9727861 -1.6037678 1.0967208 -1.6253351 0.32595202 2.3499506 -2.0475469 -0.99315006 -1.6232618 1.4571688 0.92727745 1.5207254 2.553687 -0.56589794 -0.21510686 -2.7039142 1.7565364 -0.7055484 -1.603724 -0.29691863 -1.2062912 0.6142587 2.0596244 -0.98667985 0.18227829 -1.6447904 0.1826832 -1.1013539 -2.167647 -1.4015679 1.7078941 0.022419838 -1.0302263 1.1529365 1.4357523 -3.2283125 0.76375484 -1.522226 -2.2340436 -1.0051601 -1.3440323 -0.5657334 0.28104228 -1.6857175 -1.2044591 -1.0630283 -0.704381 -0.45045212 -0.07020634 -1.2287829 0.99963886 1.1042324 0.858701 1.6572464 1.612893 2.712021 -1.4699324 -2.5182161 0.027723225 1.4125879
celery 1.6716821 1.0409074 1.5641177 -0.9511132 0.01489812 -0.38835093 0.71219325 -1.4205801 2.7126627 -0.5386746 -0.61378056 1.5307034 0.90770495 -3.30609 0.666842 -3.4712987 0.3329045 1.2569594 -0.53260976 -1.4277774 -1.1610371 0.095707975 -1.588774 -2.2441027 0.8900538 1.5051587 -0.28541172 -1.6706836 -1.3540084 0.52159053 2.2462394 0.071582414 -0.7927536 -2.9148 -0.45899975 -1.4516534 -1.0721143 -0.5316157 -1.5272 1.2814261 2.0849042 -1.9775094 -0.3662779 0.2820951 2.6189075 -2.3931704 3.3899972 -1.9192417 -0.3100489 -1.8484925 0.5213815 -0.7940139 2.7931492 1.7366982 -1.0691483 0.061970614 -1.6270586 -0.76038224 0.5753379 -0.8984148 -0.7365223 -0.9756953 0.80488366 -2.0803847 -3.9361866 -0.5443314 2.1238666 -1.0253034 1.6907645 1.6898767 0.63428867 0.88330126 1.1072482 -0.18941651 0.76875263 -0.42565808 1.7032517 -0.4902379 -0.6809202 0.309346 -1.0163653 0.9661602 -3.0930822 -0.4992198 -1.2921108 0.13134508 -0.6336466 -0.11427207 1.2207047 -0.72834027 0.1506282 -1.4868147 -1.782095 0.7920684 -0.99734265 0.05320897 1.8592715 -0.38133997 3.4686878 -0.88721323 -1.2461587 0.58344746 3.2211468 -0.82873446 1.3703564 1.801134 -0.42645422 0.5080878 -1.3505472 -0.12571976 1.0726832 -0.34548306 1.8478734 -0.260051 -1.400561 -0.2580177 1.9886352 -0.98447824 1.4312861 -0.887252 -0.10339898 -2.3935935 -0.9624984 -0.72154725 1.6958573 -0.040049136 -0.27143404 0.59416896 0.7239884 0.3838702 -0.123310976 0.23871474 -0.032163374 -0.9708817 2.033413 0.6354914 -0.62000793 0.093162335 0.44155136 -1.3616601 -1.0017105 1.4666756 1.9841365 2.3269181 -2.5148606 2.4121666 0.89852566 -2.41994 2.7028558 -1.8133996 -0.93700576 1.5606288 -1.1433693 -2.495593 -0.43356803 -0.0009802922 0.52620316 -0.32123092 0.019402513 -1.7815082 -0.31541443 -0.5086937 -0.9142587 0.867105 -2.144025 1.1548465 -1.2552149 0.7671549 0.49596307 -0.87075275 0.044553626 1.0127428 -1.3631558 -0.59410655 0.13213558 -1.1525038 -1.2499884 1.6014962 1.2749325 -0.5367955 0.389087 0.8976672 -1.9070122 0.032085266 1.354489 1.0650429 -2.6676195 0.04532393 -0.24296904 3.0939794 1.2087266 -1.636854 -1.9029118 1.8013294 -0.26075217 1.3508921 -2.4242578 0.7419772 0.8888221 -1.3791026 -1.6543003 -1.3027098 -1.2909222 0.07314529 0.16504857 -1.7951026 -1.1405785 0.36185426 -1.2288201 2.70806 -0.56051403 -2.6327546 0.17019844 -1.6666455 1.5107652 0.72244495 1.4253975 -0.76141727 -1.5957983 -0.4088593 -1.3578893 -3.7823808 -0.60857064 2.0026004 -0.4050329 1.1997718 0.6310131 -0.2908133 2.8730714 0.26077297 0.6857111 -0.439608 0.31031922 0.27909616 -0.95819324 -1.2434877 0.9584835 -1.1766623 -0.7897722 1.3038276 0.78333706 -1.6125851 -0.9300607 -0.13219276 0.4936032 0.46295753 -1.2302853 -1.5150284 0.8715962 1.310028 0.8660917 2.876312 -0.25054196 0.34255347 -0.44769785 -1.8892535 0.94339406 0.81218183 1.4596835 1.1726134 -0.4049395 0.27296788 1.3729894 -2.6016748 1.3632064 0.3670055 -0.5002363 -0.19740488 -0.8168426 -0.99641156 2.5173576 3.0099354 0.4743614 2.8174438 0.45271724 -0.816746 -0.60906494 1.8641529 0.20410325 -1.134479 -0.30793887 -1.3456888 -0.041856166 -0.66289335 -1.5557642 0.9326868 -1.0676249 -0.7117158 1.3368127 -0.045856483 -1.9704888 0.087410286 0.2065279 2.771795 2.293366 0.77984923 -2.9189203 0.25943932 -0.45463532 2.8753047
raspberry 2.3345344 1.5196217 1.1626383 -0.31187198 1.2119421 -1.544323 0.45000798 1.0826485 0.4633076 -0.42669508 -1.7502276 0.20037214 1.3157415 -0.99842405 0.17864622 -0.10116859 1.5052707 0.41147205 0.28053698 -0.6962184 -0.1107393 1.0384309 -1.0564203 0.111993834 0.08096594 1.622999 -0.60427964 -2.2523148 -0.6432774 -0.14754647 2.3837986 0.7622842 0.8072864 -0.502653 0.51919925 -0.12797923 -1.3894418 0.23102023 -2.0046864 0.18853936 1.1092212 0.15873493 -0.26365528 0.78384656 1.4135422 -1.5745925 1.027693 -0.58756375 0.26038232 -1.6556427 -0.8435822 0.3709196 -0.37484375 1.4743477 -0.58444977 -0.673644 -3.2310882 0.2861993 -0.6938651 -0.96504635 2.1983204 0.14315131 -0.50908196 2.8578136 -2.2192106 1.005727 1.646001 0.2632802 -0.14494963 0.18847165 -2.4975183 0.05410948 0.82178533 0.7502653 1.4585751 -0.44780582 -0.55011797 -0.99775326 0.6334924 0.34682336 -0.21946347 -0.5745238 -1.7419481 2.3917875 -0.31917557 -0.97512025 -1.3498611 0.15812021 0.57098943 -0.09132321 -0.18215509 1.3356613 -1.0802848 -0.58978087 -1.3251823 -2.2028267 1.4597392 2.3016467 3.1126382 0.025478536 1.3990655 -0.024495952 2.3264542 -1.8242388 0.9076628 -0.047446176 -0.8655128 -0.027823344 -1.8332126 -1.160106 0.7786838 -0.31586313 0.12082957 -2.4460187 -1.2786092 0.89330107 0.93778944 -1.3378971 -0.9101796 -1.5761677 1.5046875 -0.9598503 0.50156444 -1.591308 0.52517605 0.9064605 1.0226538 0.8827335 0.47509944 -1.3221447 -0.20751514 0.18598086 -1.5346814 -2.212303 0.5204691 0.99555296 -0.4195437 -0.23838793 0.5089159 -1.0074321 0.4508305 -0.54076564 0.4363169 1.4855801 0.74735767 1.4396008 -1.9800719 2.005878 -0.5804301 -2.5728335 0.107906125 0.5106739 -0.8928627 -1.9089594 1.1002775 -0.8886989 0.40906858 0.24106172 2.334272 -0.5625422 -0.8308865 1.7738419 1.1757075 -0.6222601 -0.8729241 -0.8833734 0.5349104 -1.5879242 0.3090648 1.0233366 -0.5226304 0.0746663 0.92115265 -1.3967122 -3.7109277 -1.8048419 0.26786947 0.9506822 0.66227305 1.4731135 0.11534786 1.1041354 -1.7040321 1.4665141 0.11411223 0.5207671 -2.2187328 2.1221929 0.3604486 2.495533 0.11328362 -2.1887224 0.10254264 1.1812501 -0.11136143 1.6159067 -0.4566759 0.7236815 1.3634826 -0.08845883 -0.7663754 -1.5075005 0.058854554 -0.38347548 -0.14350897 -1.5538318 0.0883476 0.89136964 -1.2227342 2.1316242 -2.8356884 0.030101586 -0.047051117 -0.5844184 1.4915752 0.962877 0.013022949 -1.2988496 0.3647421 -2.4487202 -2.518898 -3.479179 -0.36666018 1.589547 -0.58451414 -1.6280047 -0.24003214 -0.88407904 1.9254346 1.1997523 1.1436176 -0.32542056 0.12469372 -0.5890498 -0.22599137 0.13456683 -0.4383815 1.1486435 0.25933656 -2.2295666 0.2482638 -0.7383971 0.14661677 -2.213778 -0.5768944 1.4161748 -1.9290892 -1.3435541 -0.79510176 0.54120463 1.0644637 3.585481 1.123202 -0.71122336 0.8514217 -1.563969 3.5656428 0.16432956 -1.3153191 1.1803027 -1.1915455 0.30523625 2.1960564 -0.38783795 0.5191583 0.7206121 0.8415372 -0.2467193 -0.4850829 -0.049067985 2.031481 -0.22522514 1.6929874 2.1564171 -0.058111463 -0.78696495 1.7137061 -0.6950456 -2.0034792 0.16194652 -0.1283016 -0.19125499 0.65324897 -1.7918227 -1.337882 -2.0035012 -0.94857186 -0.6613249 0.64490795 -1.0523249 -0.10936613 1.8571843 -1.0357037 -0.1917141 2.0683436 1.5308702 -3.387922 -1.0814791 -0.27277207 2.2718716
pineapple 2.1156728 2.297782 0.6618747 -2.041174 1.3123041 0.67216897 0.12195529 0.6715521 2.6842093 -0.73135567 -1.6553334 1.4243624 -0.08782703 -1.5552864 0.029594466 -2.6620862 -0.417681 1.5354509 0.8059384 -0.4014578 1.1881368 -0.41402122 -1.4918842 -0.8840067 0.7268106 0.37307152 0.043678828 -1.2879348 -1.9925673 1.3093097 2.7434504 0.863546 0.8375573 -1.1535599 -0.43781108 -1.290832 0.22979842 -1.3040969 -1.5757425 1.392626 -0.7800253 1.0386492 -1.5043446 -0.21920662 0.5357035 -0.92799616 1.4850572 -1.3142798 -0.9013365 -0.10886275 -0.7105381 -0.7807254 0.25102586 1.850202 -0.5446927 -0.60086685 -2.4215667 1.0520171 -0.57512707 -0.05952775 -0.86706764 -1.5349566 0.006709667 0.535439 -2.9887009 0.553383 1.7435753 -0.6324749 -0.5891042 0.5387229 -1.963929 -0.86998 1.0058774 -0.109101914 2.4472945 0.4547071 -0.022224855 -1.1548489 0.27838635 0.52946246 -1.2435068 0.9495398 -2.5403867 0.33112565 -0.1666051 -1.802722 -0.18613125 0.7162424 -0.61331207 0.77953935 -0.5633092 0.63243926 -0.49479878 0.04268608 -0.9790715 -1.7723839 1.0369937 0.43736723 2.949005 0.4813776 -0.45957172 1.3991889 1.9000278 -1.5851882 2.4240563 0.18657249 0.019715471 2.098232 -2.8066278 -0.9597428 1.6824423 -0.1672135 1.4258941 -0.6043862 -0.61188173 1.1897027 0.983892 -0.16475825 0.49876717 -0.9068772 1.3216406 0.2038321 -0.12583598 -0.26507726 0.30841267 1.1959102 0.1662006 0.966402 0.9607767 -0.92145234 0.24548064 -0.56825197 -1.2654533 -1.7402574 -0.80142504 1.4262635 -0.6457487 -0.82523793 -0.3578834 -0.6998023 0.4452867 -0.59921175 1.4795471 1.4345773 -0.38097674 0.6110775 -0.89560676 -0.8525492 0.47386298 -2.5399885 -0.67341906 0.25591594 0.27092546 -2.7822022 0.95828503 -0.28802437 -0.1733106 0.17353256 0.49801287 -1.1547176 0.22228123 0.045749415 0.573798 0.3674462 -1.5026892 0.25764328 -1.2925482 0.92682856 -0.64653003 -0.75495964 1.3381797 0.13697131 -0.3963868 -3.1675165 -1.3624326 -0.47282314 -0.35535535 1.1577414 1.0899379 1.0090293 0.21325946 0.6875645 -1.3735415 0.7505868 0.23511685 -1.3408015 -2.2602415 1.0148067 -0.4403723 2.8552706 -0.6142444 -1.3520908 -0.8302673 0.34360498 0.88951343 1.7237319 0.116834596 -0.940377 2.028291 -1.5492814 -0.083438106 -1.0692748 0.4286895 0.5279701 0.15894932 -1.5052363 -1.1046555 -0.28320405 -2.1011899 1.0360007 -1.4231825 -0.36090204 0.9396745 -0.82367826 2.1481097 1.5460235 0.42103148 -1.1781584 -2.0122433 -1.9303936 -2.3183734 -2.7874696 -1.7818347 1.3834767 0.16339958 0.21035206 -0.80069774 -0.17308265 1.2734112 0.7588898 0.16720411 -1.3636259 -0.070334524 0.3347321 0.41617113 0.52118796 -0.9516219 -0.44266495 -1.3070872 -1.6568809 3.0053606 0.08151788 0.07867062 -1.0112907 0.0744015 0.6110767 -0.9715017 0.21894707 -1.0286393 0.329304 0.8963544 1.646165 -0.011795022 0.3653498 0.06348793 -0.16990165 2.8302598 1.1288847 -0.5466305 1.0607523 -1.4724286 0.45155767 0.88279 -1.7606486 0.4513146 0.6183492 0.32485157 -1.4381537 0.41412342 -0.6985584 0.8921862 1.1721104 0.9107971 1.3064326 0.44984883 -0.0062020617 0.8082391 0.1614094 -1.120501 -0.7798054 0.04184974 0.79512376 -0.8705454 -0.1696397 -2.2819228 -1.2314713 -0.5190313 -0.36415464 0.5471953 -0.3196582 -0.8569541 1.4474663 -1.1482834 0.65981054 2.4389114 3.1439748 -2.5515988 -0.08244353 -0.9968165 2.4381835
raisin 0.86005795 1.0376725 -0.9163728 -0.78188205 -0.09088795 -0.57328516 -0.76283765 2.1530461 1.517609 -1.8747295 -1.4863874 2.6093857 -0.7303082 -0.49661183 -0.01076271 -2.140064 -0.10610093 1.0528091 0.07289016 -0.294271 -0.052097496 -0.62387455 -1.1685921 -0.69243723 -0.31780872 0.8423342 -0.79267555 0.1109136 -1.6312853 0.88021845 1.8819991 0.31011894 -0.3045196 -1.1507441 0.6377512 0.9415285 -2.6573324 -1.5517445 -1.9019488 1.257331 2.0934832 0.19394991 0.35826 0.6692459 1.5668126 -1.2779933 1.3526556 -2.080089 -1.7541313 -1.8904659 -1.0930752 -0.11428645 -0.8469738 -0.4808798 -0.44463482 -0.71881765 -1.80477 1.0407549 -0.34911484 -1.2057956 0.22369006 -0.19390422 1.1204827 -1.2848797 -1.4427027 -0.36566725 0.22057407 -0.4666717 -0.9985694 1.610309 0.425179 -1.6380727 0.4031493 0.37082496 1.7187809 -0.97354054 -2.4546955 0.2572087 0.36941943 0.9008878 -0.5897262 0.9444604 -1.9103849 -0.18573208 0.09628254 0.25450313 -1.2687194 -0.69131696 0.029327668 -0.99416757 0.0060114814 -1.1218283 -1.2164967 0.15362057 -1.5660853 -2.144792 2.6572192 0.5496581 0.5024391 0.13686568 0.62354785 -0.4994489 3.6697457 -1.2538941 2.4621515 -0.41563445 -1.183388 -0.64586616 -2.118839 0.32586712 3.0746748 0.44316614 -0.1059224 -1.1562545 -1.4061863 -0.18775208 1.9074599 0.22358783 1.1528356 -0.9934023 -0.25059202 -0.2109324 -1.8991143 0.22088942 -0.032547906 1.2069829 -0.10448046 -0.030905074 -0.15184854 -1.034421 -1.448921 -0.28472137 0.030452557 0.5840603 0.23681268 1.7702774 0.70504606 -0.47323778 -0.76341504 -1.0429226 -0.35456988 -0.28266412 0.43984404 2.2945848 -0.2653301 0.7108536 -2.873864 -1.3092121 0.9491211 -2.5525208 -0.88763374 -0.7509301 -0.30680132 -1.1456683 1.2562028 -0.7579391 -1.6033542 0.68329096 1.1470914 0.46973413 -1.3742296 0.00092739076 0.8825317 1.0950674 -0.32683244 1.1145507 -1.1801784 0.3385077 0.90672886 -0.19079329 -0.5917098 0.9891092 0.57098716 -3.025416 -3.118845 -1.5984147 -0.90011173 1.2559869 0.48903683 1.0975406 -1.1269541 0.4667789 -2.1111042 2.0391943 1.0942355 -1.4163194 -2.1390638 2.0902407 1.9114583 3.1582685 -0.39340326 -0.59648544 -1.3341718 1.0567013 -0.005871934 0.24754857 -1.298456 -0.3543791 1.7660681 -0.7989704 0.20696469 -1.2984478 -1.2293005 1.2662858 0.830986 -1.6840953 1.9657075 1.6289904 -1.4278449 1.8428087 -1.801385 0.67756873 -0.021701775 0.40758026 2.1417265 1.0537881 0.56561834 -2.858053 -0.61350757 -1.4286845 -2.9179227 -2.3746958 -1.0896255 1.6344273 0.41221514 -1.211286 -1.5656648 0.0059164236 2.429285 0.8379707 0.1380365 -0.11430216 -0.13647063 1.3647738 -0.6236954 0.40895778 -0.49246964 -0.09930281 0.0011978002 -1.3578912 0.6311744 -0.40507555 -0.1407722 -2.3547323 -0.66888064 -0.08022416 -0.27165458 0.10201136 0.6258731 -0.26390573 -0.998978 1.2804714 0.72230005 -2.038591 -0.63769025 -2.1874 2.0984378 0.27434492 -2.2330453 0.30394647 0.022487639 0.47006315 1.043259 -0.84917295 -0.4896779 0.22836982 1.8085973 0.13488421 1.0642239 -1.9153876 1.1761639 1.7133486 -0.1172671 2.1300416 1.3351258 0.28739443 -0.41061866 -0.5113542 -1.8025659 1.0913771 -0.7241511 -1.3311526 -0.16565341 -0.5303899 -2.0664172 -1.71975 -0.6186426 -0.5044686 0.8818785 -1.3563645 -0.6128302 0.6523316 -1.5847532 0.44743204 1.1952392 1.4671303 -1.6243813 -0.5859539 -0.2897771 0.36081257
birch 1.4693264 1.2018702 0.054167666 1.0496513 0.00096825574 -1.6218557 -0.39328745 -1.0241977 -1.9235418 -0.3882931 -1.780154 0.9913239 0.48374307 -3.5008442 -1.564772 0.48245603 -0.12082611 0.2577904 2.2860923 -0.23088911 -0.078888245 1.2895697 1.3599576 0.020423241 -0.41660917 0.14824961 -0.5855926 0.10541261 -0.62972075 -0.02918118 -0.7633434 -0.955453 0.5827539 -0.16695447 -0.04406199 -2.0715315 -0.33113444 -1.2534287 -2.144061 -1.439919 -0.098832704 -2.797875 -0.37736896 0.66971564 -1.4545373 0.27724427 0.26032928 0.576518 -0.026442418 -0.7021973 -0.5104153 0.6051949 2.3723848 -0.85608417 -2.2740388 -1.1429247 -2.9882393 -1.6985723 0.5947138 -1.1722988 -1.6421216 -0.6392266 -1.2057794 0.038023766 -0.6418978 0.032210372 1.8571546 0.35841057 0.15961893 0.25397062 -1.7516539 -0.5726764 0.85622835 0.07176259 -1.6219814 -0.84717566 -1.2137814 0.6642837 0.273254 -1.7647767 -0.45873407 -0.6899073 -0.998707 -1.606347 -0.4739642 0.6851517 -2.4228246 -0.12756869 2.6908627 -0.022781046 -2.972035 -0.2605932 -0.027439952 0.014850317 1.0276145 -1.134175 0.62606615 0.96584225 0.86559194 -1.0695044 0.6989662 -0.7876317 0.59160644 0.37410045 1.8505131 1.0667325 1.7467409 -0.33204257 -2.266937 -1.0416504 0.2774073 -1.4770529 0.7554057 -0.28447863 -2.1102862 0.65131336 1.4214957 -1.9035368 -0.7023771 -2.100334 -0.5286279 0.31732115 -0.6192853 -1.8748554 1.817204 2.7052813 -0.09962509 0.8161022 0.41914096 -0.11802687 -2.211919 1.3000715 -0.72885025 -1.11187 1.8221016 4.0940294 -0.40264165 -1.0470871 0.86385417 0.34372032 -1.4015026 -1.0396209 -0.6651344 0.79589885 0.49446893 -2.5505812 -1.3866129 1.9453473 0.61258924 -1.1043031 -0.09817583 0.57216144 1.1027149 -0.9487157 -0.6765051 -0.5310522 1.236612 -0.8702979 2.360707 0.9818542 -0.886419 1.0725595 1.8441019 -0.053135797 -0.21082513 1.7335216 0.08954873 1.2095647 -0.8476363 0.37588644 1.2155664 -0.69491744 -2.2413146 -0.32123452 -2.358446 -1.9163729 -1.1043124 0.07389839 0.31149992 -0.58372855 0.92504287 -0.1159437 -0.22259496 -0.0521857 -0.92378145 -0.888144 -0.30381837 1.1798363 0.6681367 2.079462 0.64405316 -2.5562131 -0.5484743 2.7484798 -1.0415529 -0.15804091 -1.0594945 -0.46274492 -0.8625157 0.45902863 -0.32437408 -2.0625067 -0.031579904 2.098492 0.9429965 -0.32083184 -0.12619919 1.1184447 -2.7179196 3.7683554 -1.3676223 0.5981129 0.95790887 -0.8566896 -0.08976758 2.1323261 -0.33173478 -2.0170803 1.1858352 -0.13433659 -0.57700706 -0.16791835 -0.40072557 1.0092318 -0.37329084 1.4045635 0.48122 -0.8442446 -0.2988213 1.4772491 1.4500374 2.434755 -0.71770936 0.4537618 -3.7187827 0.4095723 -1.0695982 -0.012527648 -0.7903899 -1.7150683 0.14293274 -0.66889715 -0.70838535 0.49680474 -0.029650012 -0.39011723 -3.3065922 0.6404769 -0.05620655 1.5327315 1.093414 0.15306804 0.8470813 -0.25211746 1.2843298 0.21354085 1.3936315 -0.51336557 1.8076715 1.2666123 -0.33158934 1.1664077 -0.40336624 0.18010956 -0.7871561 2.0978525 0.5442444 -1.2003198 0.40417787 -0.6437289 1.3471538 -1.6785944 -0.67890286 1.5000564 1.5495157 0.5613526 2.1769242 -1.0742146 0.27125823 0.17451945 -0.4012033 1.1772517 2.0752447 -2.4356112 -0.731758 -0.5378966 -1.2769058 0.26489 0.7174223 -0.41105586 0.3019567 0.75828415 -0.57998115 -0.9370703 0.37967476 -1.1737069 -0.020390198 0.6998847 -1.7515714 -0.7385584
manure 0.5880339 2.3732138 0.8895975 -0.16526492 2.5098107 -1.3753589 1.3947955 2.0320842 0.99445266 -2.1552744 1.1720513 0.836729 1.1568929 -1.6688223 -0.82845896 0.27630427 2.0479603 -1.5147814 -1.0537425 2.1688 -0.60790914 0.98702455 1.1071434 -1.8602605 0.83541393 0.54113245 0.6213525 0.327423 2.4107125 -0.044866435 2.091784 -0.4251681 1.0006506 -1.9790527 0.82980746 -0.65576345 1.7944597 -1.018651 -2.7605288 0.1700478 2.0162065 0.7115067 0.20719823 -1.6185737 2.5883772 0.59478664 2.0857966 -3.9788404 -0.004625006 -2.3289685 -0.34273237 0.3499584 1.8790791 1.9756258 -1.321697 -0.022114338 -1.7071822 1.02163 0.40981084 -0.720229 0.8564354 1.2006117 -0.72385633 -1.2232215 -1.7755944 -1.8054448 3.4184048 -0.18751119 0.07364141 2.2137442 -0.2261505 -0.0943642 1.9333848 -0.7725606 -0.7061946 1.0048296 0.43278083 -0.501164 0.3614185 0.5286291 -2.2615056 -0.32353964 0.34479043 -2.345477 0.20457208 0.017844371 0.8086492 2.6962206 0.88215214 -0.33448225 -0.60552967 -0.9540478 -2.1808324 -1.4024897 1.3784242 1.1239983 1.650846 -0.12991521 -0.52220213 -1.8252105 0.36724523 0.564814 2.2381675 -1.1697315 1.1401361 2.0011616 0.39366755 -0.20488027 -0.26108587 1.4957981 3.553104 0.08696081 1.3248633 -1.3151867 -1.2927246 0.90619355 2.0530841 -2.3057501 2.4428258 1.3945733 -2.7612035 -0.94308513 -2.2459066 1.7447777 1.3049986 0.2859568 0.65242803 -0.72264457 3.0230849 -3.5568016 -0.84772927 1.5255258 1.8751264 1.7990952 2.3702264 0.88798344 2.6991353 -1.9367574 1.0897905 -0.3306007 -0.7476212 -0.5864649 0.89776003 0.44699296 0.26997185 -1.1863691 -0.8381744 0.17290059 0.08049199 0.8059226 -1.9588157 2.5637002 -1.4306676 1.3269901 1.2931465 0.59561765 -2.0970497 0.4454484 -0.23706767 -2.6549857 0.4751571 -0.036941618 1.4277384 3.4094784 -0.9140212 -0.6616445 2.7557802 -2.0263503 0.96969056 -0.79223394 1.3226255 -1.828366 -0.18720397 -1.0406915 0.053119276 -1.5028279 -0.7899991 -0.6472819 -0.31688768 -0.3060671 -0.45192578 -0.8520739 -0.5506077 -1.0320116 0.91303146 -1.030695 -1.4335628 0.011597969 0.6300988 1.719176 -2.0038006 -3.609901 0.055042893 2.6252456 -0.07982046 -1.0625511 -2.4803934 2.6320958 1.1091994 -0.02749446 0.1820192 0.42020035 -0.85433614 -2.0113666 0.4603494 -0.5765326 1.3777725 2.5663698 1.0950544 0.8289217 -1.2284334 0.62050086 -0.6653978 -2.25391 -1.4388611 1.781766 1.7336121 -2.89876 0.91836417 -1.2724363 0.32456297 -1.224874 0.6559865 1.6012788 -0.07904258 0.437746 -1.2042565 -0.4858397 -0.9730804 0.71931744 1.5787494 -0.5587976 1.1987152 -0.16740659 1.4621702 1.7256973 0.64248353 -1.3046691 -0.47193095 -0.045226455 0.48478946 -0.9375142 -1.5510128 -1.8809903 -1.2479779 -0.8044667 -1.7848033 -0.9265003 -1.1052283 0.06588423 1.7955503 0.56213015 -0.32578543 1.4777695 0.12697634 -1.8061459 -0.13867696 0.43106422 -0.275981 2.3890913 -1.1344138 -0.23543349 2.0562556 -1.3131739 -1.8106097 -2.225016 0.47848478 0.43568507 -0.628573 -2.18001 1.3706546 -0.24399528 -1.6651765 -0.2556833 -0.29851544 1.3604141 2.2342014 1.1327503 0.5073951 -1.7867877 -1.3284483 0.2910848 0.44567725 -2.058846 -1.1343755 2.1181197 0.035085037 2.268421 -3.653474 -1.430012 -1.1536883 1.8274906 1.3386031 1.2307087 2.8592303 2.818866 -1.2903969 -3.3396924 0.33788955 -0.42105734
cork 1.2877629 1.4058653 -1.0697248 -0.22279407 -1.9786546 -0.15021846 0.079080306 0.4235917 -0.22847892 0.4970817 -0.84255254 0.8570381 -0.7010762 -0.07034458 1.7608857 0.71403754 1.0986223 0.6043314 2.9825723 -0.6878065 -0.99049324 -0.55802 -0.11253793 0.48400655 -0.7731832 0.23417993 0.9171503 -0.6651405 -1.4351165 1.5264949 0.7352438 -0.45202795 0.43981946 -1.2526562 -0.73774457 -0.30069646 0.52274394 -1.2169455 -0.33498326 0.21620068 -0.6083251 -1.435924 1.144027 -0.027204355 0.46533912 1.50405 1.1678675 -0.08241744 -0.7378741 -0.024685176 -1.4636586 -0.2318635 0.7047294 1.0852121 -0.4970026 -1.3777661 -1.0064815 -0.64617425 -1.4375112 0.0026745037 0.5451549 -1.3769422 -0.83223605 -1.0320421 -1.3700527 -0.2788222 1.8324345 -0.7076174 1.5186291 1.2501221 -2.26699 -0.26103526 -0.2329531 1.5604446 0.9803074 0.24556917 0.3632503 -2.44869 0.32556528 1.1980006 -1.3241986 -1.1631354 -1.7888961 -0.7758109 -0.61905384 -0.91590744 -0.59189653 1.0231802 -0.3628674 0.8098776 -1.4067317 -1.17233 -1.1221977 0.46925437 1.3616611 -0.07471948 1.1055644 -0.43320793 -0.9979398 0.22093192 0.5078112 1.399229 0.0005041242 -1.6398251 1.9469502 -0.2607842 0.2891973 0.9219014 0.41312906 -0.02350875 -0.53273726 2.0030928 -0.2835524 -0.7399564 -1.2676239 0.29440117 1.2339373 -1.7138524 -0.17504227 -2.041647 0.5000482 0.0038361447 0.10883717 -1.4872748 0.7206921 1.4772333 1.6955296 -0.22943394 1.9969765 -1.1171651 -0.45652246 -1.9678792 -2.369182 -1.4969561 1.2507784 3.1150093 -4.215874 -1.5755174 1.4551274 -0.49031165 0.6666645 -0.8252799 1.5928077 -0.5490409 1.3842715 2.118051 -0.58004385 1.7419081 0.1231389 -0.2636815 -0.07106833 0.72449607 -0.8062198 0.11784714 -0.3700752 0.23816922 0.029127527 0.30602118 1.1402905 -0.5215724 0.644824 3.0837417 -0.05038272 0.77336854 1.5445827 0.31985337 1.758952 0.8428309 0.09878681 -0.65955883 1.2321815 -1.2861804 -1.5769083 -0.8155716 -1.9826397 0.824342 0.17699632 -1.1061485 1.4361954 -0.37398338 -2.0277202 1.1859446 -0.5204995 -1.0119547 1.2779738 0.36530328 0.20487034 -0.28604227 0.46059665 1.6804237 -2.3061929 -2.194447 -0.57888716 0.36021644 -0.86960673 0.5576604 0.07037284 0.53122354 1.71888 0.22992049 0.07761143 1.2013185 0.78039956 2.4001029 1.9802942 -0.39063674 -0.8041496 1.3214265 0.23294713 1.3413873 -1.3395362 1.6068827 -0.37245008 0.10576597 -0.5395702 1.5709547 -0.50242615 -2.8029382 0.34029132 -1.6168773 -0.0021603433 -1.7439196 0.045962114 -0.24185267 -0.22262189 -0.3368728 0.02763238 0.7105557 -0.38247854 0.33861783 0.8966987 -0.8450016 0.7254412 0.38877353 -0.7394118 0.6093996 -1.8441767 0.8993111 -0.6634267 -2.0102088 2.1981196 0.13679731 -2.689183 1.2946018 0.7516776 -0.0062756916 -1.5340403 0.18443196 -0.28960982 0.4170513 -0.12788445 -0.12791793 1.0510124 -1.5412543 -0.89911157 -0.13178658 0.61133194 -0.9433779 0.46640563 0.16702238 -0.59438056 -0.47817865 0.61097956 -2.5426743 1.6564785 -1.3396367 0.54786026 -0.11667034 1.5648277 -1.0850493 1.474769 -2.2647588 0.023511084 -0.7872003 1.2118018 -2.9159229 0.05786173 0.30754167 -1.1984979 0.1502112 -1.2263094 0.40004498 0.51921964 -0.9160954 -1.4480145 0.32074812 0.19613503 1.2011534 -0.5906568 -0.19144985 -0.7280603 2.0559509 -0.442804 1.0152589 1.6545608 0.0030510752 -1.0785749 -0.35480964 -0.42241693 -0.89035267
incense 0.13532676 3.0785587 0.38055584 -2.2002819 -0.31378573 -0.05359701 0.9891816 1.155837 -0.32923418 0.7343672 1.0880706 1.1564698 -1.3796204 -0.17197534 0.22444555 2.1864886 0.45198783 -2.0674238 1.2313166 1.3708473 0.59171504 -1.3112032 -1.8056618 -0.30844653 0.6594584 -1.5666304 -0.4662667 0.017404886 -2.081732 0.82740986 -1.4795172 2.2892382 -0.49521238 1.0905844 -1.1993332 -0.44603854 -0.99196494 -1.382553 -3.2985 -0.20476037 1.4969544 -0.108065404 0.028771106 2.2449527 0.20803706 -0.18370047 -0.35189766 -1.0735574 -0.6398963 -2.416529 -0.13823701 -0.5104587 0.6750415 2.2240174 -1.1178776 -1.3941677 -0.28527495 0.39809516 0.27803114 -1.3117242 -1.3013153 0.35277465 -0.8511704 -0.3035743 -1.5040538 0.123889 -0.24680062 1.7355654 1.1818734 0.25909227 -0.32400063 -0.6252786 -0.41263542 1.0043972 -0.4850255 -1.1649835 0.3050406 1.6004286 -0.41463587 1.3238063 -0.073434606 1.1313154 1.104937 -1.7912768 1.655447 -1.2100989 -0.50747585 1.6194184 -1.7303487 -0.117559105 -1.0895132 -1.0305678 -0.749871 -0.99069726 1.2136502 -0.40069783 3.5714474 -1.4947526 -1.3238019 -1.609539 1.988621 -1.0076357 0.39763242 0.68995476 0.48785657 -0.31335172 -2.4605813 0.72759503 -0.06364976 -0.54295224 -0.66585207 -0.27208498 1.0531616 1.2546108 0.62541884 1.7276888 -0.22485766 1.1236373 -0.84700584 -1.0336788 -1.3615493 -0.96484166 0.16319361 -0.4867707 1.6717205 2.1208048 1.3119644 1.0413097 1.106635 -1.2434733 -0.02216777 1.3393685 0.31095666 0.029382218 1.588483 2.274413 -1.0415282 -0.5558958 1.0675997 -0.55857944 1.8327739 -0.12077824 1.4265802 3.186211 0.9762684 -0.44373724 -2.7170677 -1.853494 0.199591 -1.7519286 0.6464133 1.1905805 -1.2781163 -0.8217451 -0.48480466 0.81584704 -0.6534608 -0.15034707 -0.5124481 -0.015205339 -0.4610756 -0.6153786 0.49045917 -1.396663 0.8009819 0.58047235 0.69314593 -0.14554606 -0.64793223 0.9620929 -0.78579897 0.27720293 0.15770638 -0.71127135 -2.2220354 -1.142884 -3.2000742 0.50124663 -1.5751193 0.09614112 -0.78846735 -2.2205737 -1.4893702 -0.77131426 0.80523545 -1.5780848 -0.61949354 -1.4969932 0.59787595 -0.1462594 1.4359276 -0.090667255 -0.34275454 0.7224292 -0.10563797 -1.1404037 -0.16459332 -0.99796915 0.8736783 -0.39998752 -2.1102474 0.243974 -0.8722905 0.901368 1.0764341 0.3981643 -1.0142492 -0.06812722 -0.6853501 0.59714514 -0.679112 0.9879175 -1.1253076 -0.9307232 1.861259 -0.35567153 0.7169674 0.32478446 0.3326671 -1.7955432 1.1970558 -0.44584063 0.75784445 1.981007 -2.5199554 0.06565867 -0.49152243 -0.23858912 -1.9403813 -0.5474053 -0.08192056 0.124424204 1.6466719 0.17701362 -0.62475646 -1.0722264 -1.3365437 2.3305318 -1.1521673 -1.7010547 1.9542261 0.1969501 -0.56149566 -0.45397002 1.065684 -0.4864347 -1.0033525 1.5929899 -2.7303417 -0.43654993 -0.566086 0.09578119 1.043322 1.9196736 0.30469882 -0.5964626 -0.10923563 -0.9392241 0.45499933 1.392797 -1.0342228 -0.7448154 -0.37548074 1.6317466 -0.8731058 -2.1447716 -1.0218663 0.72584164 1.1082184 0.0010180038 1.5087023 0.6383154 1.322607 3.09856 -0.27436724 -1.2785329 0.02714657 -0.035493053 -1.2645909 -2.4961257 -0.37507555 -0.025723336 0.47127917 -0.8677416 0.7492938 -3.1907017 1.4590393 0.2122326 -1.2676884 0.5695312 -1.7107526 0.116150655 -0.26636156 1.3026874 1.1097447 0.26697084 -0.65736777 -1.6762427 -0.6878131 0.1566536
citrus 2.5840046 2.9677494 1.1559567 -1.4929124 1.7803341 -0.69712937 0.23020563 0.6009869 1.694414 -2.026602 -1.7897748 0.2842652 0.9508508 -1.5432528 0.011089531 -1.3507634 -0.74496704 0.2061088 -0.3529699 1.366439 -1.0320343 -0.3913619 -0.49815518 -0.6901221 -0.24890439 1.1986076 0.47524902 -1.4439335 -1.0066736 2.3223817 2.2000322 1.523899 1.6071906 -1.5984765 -1.0215541 -1.2631426 0.77599055 -0.9915713 -4.4050674 1.7741201 0.70079553 -0.37776616 -0.77683467 0.78858376 -0.4724557 -0.6320996 0.39560136 0.3178027 0.32136732 0.85493034 -1.5027938 0.78918034 1.4673243 2.7358634 -1.0974646 -0.49150917 -0.3620997 1.1202513 0.5478414 -1.0594788 0.3638617 0.92559224 -0.30108422 1.1243644 -1.4638578 0.98262644 0.9230723 -1.1147718 1.1531843 0.83435845 -0.0468092 0.8107501 0.4298871 1.5190718 2.123441 0.25557286 0.7606714 -0.13551328 0.14309047 0.9167295 -1.7886736 0.28689763 -0.18569061 -0.91476953 0.8377866 -0.5118612 0.9266906 0.71885806 0.33851132 -0.3755035 -0.28770688 0.6775309 -1.0305846 -0.47740084 -1.4098973 -1.9355786 0.93774265 -0.16900876 1.2331553 0.036314458 1.3769388 0.40760103 2.9592626 -1.477498 1.2873347 -0.6882032 -1.1807662 0.81825495 -1.7986789 -0.9109211 0.774534 0.41845477 0.7169099 -0.5777119 -2.343483 2.8107548 1.0033784 -0.63066244 -0.29143608 -0.703973 2.096561 -1.0281188 -0.34635064 -0.5561871 1.3041986 2.2752502 1.298687 1.034086 -0.6511291 -0.96552527 -0.14643697 1.4030093 -0.091539115 0.75067264 1.8877323 1.1772063 1.5935099 -0.33243224 -0.50324 -1.2824625 -1.2421138 -0.12718268 0.4997689 2.281383 -1.2616637 -0.052495267 -1.8383967 0.19057378 0.47629255 -0.39019942 -1.673874 -0.5218378 -1.0420445 -1.8092704 1.914682 -0.611964 -0.050282095 -0.5129175 0.8170209 -1.0743378 0.4850357 -1.4111766 2.0904386 0.44889876 -1.4559952 0.7464278 0.20157023 -0.16374844 -0.6654636 0.42622483 -0.44040877 -0.5381424 1.3358327 -2.803781 -2.6620772 -0.56066245 -0.1233657 -1.4007126 0.93704927 0.238814 -0.27807647 1.433137 -1.6311815 2.2777953 0.25724596 -1.827348 -3.0722995 1.0733644 -0.28463918 1.4695083 -3.0379322 -1.3923279 -1.5852553 0.0065844376 0.05775013 1.3810916 0.87570673 0.2312694 0.065914094 0.1008459 -0.8459554 -0.6700346 0.4424414 1.2418525 -0.5829709 -0.89363265 -1.2488426 -1.1123245 -0.88439 1.1783348 -0.7022718 0.08149403 1.5647054 -2.0545287 0.8934667 0.1369768 0.80426085 -0.9041711 -0.052390963 -0.43745145 -1.6069214 -2.688575 -1.346534 0.8918124 0.941987 -1.6393728 0.51637393 0.56929964 1.448074 1.5790474 1.4689074 0.06307805 0.76427776 -1.436281 -0.9288984 -0.9080144 -0.8063339 0.12913583 -2.711446 -2.6339405 1.8780202 1.4245554 -1.2451524 -0.12497103 -1.3797117 0.70766705 -1.8616123 -1.021534 -0.10755671 2.0168877 0.95813173 1.6073198 0.64443284 0.8773826 -0.13122436 -0.33234584 2.7592154 -0.019464705 0.27910554 0.10131244 -1.0402384 -0.849658 0.33112228 -0.38269237 2.032691 -0.24706006 -1.039431 -0.85803556 -0.52809316 -0.679249 0.60521305 0.5694612 1.270216 1.363437 0.5266015 0.65108943 1.0335332 0.002036035 -1.8642607 -1.3270941 -0.44286218 -1.569191 0.9654547 -1.0312822 -1.4499471 -1.2134606 1.1023836 -0.76417637 -0.5288862 -1.272669 0.6240805 3.6903193 -1.8991245 0.3258701 1.9108031 1.4595945 -2.475499 -1.6656917 0.21277021 2.029552
solvent 0.7639191 0.48373255 -1.3464328 -1.0877868 -1.4425653 0.61030024 0.20619479 0.05058595 -0.6318024 -1.2738423 1.0577486 -1.4295388 2.5509064 -1.2533921 2.8817067 -1.1533169 2.29065 0.77166134 -0.07147506 2.7217407 -1.3636636 0.17592797 -0.73688996 -0.9114689 1.026929 -0.067853056 -0.3874268 1.6067051 0.74077535 0.36504504 1.518883 -1.1402106 -0.5311806 -1.0659124 0.79427785 -2.7269793 -0.0486243 -0.62707967 -2.7659376 -0.28854656 1.6313916 -0.86963904 0.43470123 -1.5251863 0.65877575 2.9178114 0.19048963 0.31655806 -0.7162217 -1.810757 -0.49803737 -0.13868396 1.3189183 2.1451144 -0.08550211 1.0007398 0.4313796 2.0072246 -1.3133858 0.30434367 -0.74168414 1.1297828 -0.6697909 -1.5255194 -0.7275414 -0.12368741 0.1156299 0.6560614 -0.027786633 0.027885757 -0.86315197 1.4200281 -0.119225055 0.059846066 0.5364313 -0.06134281 -0.1829313 1.0759295 1.85748 0.9115181 -3.1141522 1.1157565 1.0695143 -2.2080984 -0.5998543 -0.3582148 -0.20249417 1.1743549 -0.019664666 2.1250591 0.13392416 -2.7066495 -1.6452764 0.16462995 0.8165454 0.69014245 1.4177825 -1.2583873 -1.033592 -0.19179316 -0.14161998 2.2801256 1.5396917 -1.1657281 0.36060187 -1.3889868 -2.2526565 -0.12096451 2.8391275 -0.6498737 1.2556212 -0.6032067 -3.2229645 -1.169664 0.9018899 2.6154182 1.1430023 -0.025370268 1.9813459 -1.2109251 -1.739576 0.12832129 -2.4752138 -0.7098013 2.117676 0.6111653 -0.7764674 0.5467006 2.595587 -0.991819 -1.407735 -0.32635522 0.23898603 1.665072 3.1639624 -0.42381182 1.0611194 -1.0132418 -0.40981224 0.37294188 -1.55261 -2.022472 0.15819559 -1.7387847 0.032005172 -0.038804784 -0.14106107 -0.4226831 0.9507143 1.191157 0.5281804 2.3388488 -1.6825086 -1.845977 0.6757545 -0.95621926 0.587737 -1.3607236 -1.7650065 -1.6726118 -0.58545417 0.48373857 -0.051762134 0.26654172 -0.7411106 1.6524994 0.90821 -0.5002282 -0.10140376 0.13018645 -0.11585868 -0.25339815 1.9121573 1.3843113 0.29159734 -0.5787767 -0.88870925 -2.517058 0.21980403 -1.2052873 -1.1617615 3.1910923 -0.9190852 -2.4441304 0.08044631 2.764402 0.033304706 -0.41896316 -2.3575592 2.3997502 -1.6740822 -0.73408085 -2.5661674 -0.079085566 -0.13456054 0.42475134 -1.6269869 2.8202753 -1.1225023 1.2197794 0.26936457 0.8742006 -0.13390571 -0.23133706 1.018432 2.5854323 1.515572 -0.4775467 -2.4891837 1.7451586 -2.0716126 0.90847117 -0.44611937 -2.3642185 -0.5443587 2.280746 0.21306305 -3.1463044 -0.7985283 -0.33983886 -1.1597002 -0.91935396 0.2593679 1.8106359 0.2161596 -1.3094009 0.50614846 1.3147266 0.07407081 1.1322418 2.057923 -0.70919776 -0.6213082 -1.1913753 -0.3199122 -0.6918022 -1.0370075 0.0018193175 1.5789337 -1.4484953 1.0564771 0.29341546 0.22460201 -0.39633116 0.62118584 -2.4135756 -2.154075 -0.85957485 -0.05117763 0.50191206 0.9689486 -0.8368463 2.1915312 -1.6262121 -1.2347966 -2.8971887 -0.1289984 -0.8479128 0.75630796 -0.061743703 -1.1785132 -1.5551865 0.6668978 -2.2269056 2.2286685 -1.4868224 0.36063442 0.41023928 0.21523793 -2.186754 2.1342614 -2.258629 -1.4518443 -1.2907357 2.195921 -0.4781911 -0.6674286 -0.237968 -0.2440903 -1.0838325 -1.5035471 -2.5460937 -1.2252141 -1.1060762 1.1599909 -0.282172 0.33552358 -1.5716044 -1.5700966 0.97883034 1.4394888 2.6480582 1.5757056 -0.49169642 0.010167478 0.97276396 -0.99314535 -2.1450765 -0.7720371 -1.6440816
cologne 1.2060193 0.9732024 0.03442487 -2.8771281 -1.8357092 -2.2367702 -0.08098383 -0.46182606 -0.22827491 -0.33492967 -0.2722684 0.11445037 0.88482755 0.34495953 1.7766196 0.54202706 0.6684533 -0.38557014 0.81597716 0.12347591 -0.5155946 -1.6146951 -2.335367 -0.0159789 1.4322319 -1.3548067 1.5448273 0.577166 -1.0927275 0.8851631 0.91489285 2.0408661 2.3368595 0.015051475 -1.1434565 -0.34814587 -0.5255919 -0.49376515 -0.96585906 -0.2844336 2.2260191 -0.81525654 0.81261784 -0.47829172 -0.78380835 0.51238704 1.8190373 -0.045738 -0.97996026 -0.3373284 -0.63269186 0.5998293 1.4923838 2.179478 -0.928096 1.1368512 0.9978003 1.112716 -2.3761222 -2.0793438 0.4015849 -0.6625452 -1.3785921 0.72147155 1.3963966 -0.2171876 -0.0020939023 -1.1391995 0.5634168 -0.9188999 -0.45793927 2.4104369 -0.4293907 1.3210757 1.008139 0.4174743 -0.32893306 -0.39471027 0.19256027 -0.4278401 0.1605817 0.15630682 -0.09013313 0.58276325 0.31116384 -1.6739614 0.9271513 2.5542085 1.0474797 1.1476871 0.44599184 -1.7611142 -0.3462039 0.2778426 -0.32850537 -0.29337296 1.4808973 -0.66498935 -4.0816326 -0.92181116 3.3859675 0.5276385 -1.7099983 -1.3570957 2.044826 -1.0523256 -0.6666943 0.27190742 0.76891106 0.10921284 -0.36478138 0.056273356 -0.1715265 1.583518 -1.7070225 1.7212751 1.3185594 -0.22080478 0.8851519 -0.3269794 1.6854161 -1.4002656 -0.48963273 0.83605754 0.7126077 0.80086005 1.3348525 2.3723266 2.4708266 -1.7800012 1.414959 -0.04810825 -0.8232905 -0.65062594 0.6187323 0.5279284 1.5293351 -0.679092 0.85734576 -2.4081838 2.1424274 -0.39106035 -0.23143335 2.3635685 -0.6481677 1.1196975 -1.7073278 0.24978077 1.2529173 0.49548477 0.6551548 0.6816666 -0.5565001 -1.7959601 1.3472189 -1.3691635 0.11945785 0.5442366 -0.98346096 -0.80134046 1.5391433 -0.8694586 1.260244 -1.2618331 2.0699127 -0.2889114 1.080579 -3.8442526 -1.0901704 0.4547654 0.11531573 0.45008388 0.4932514 -0.53434503 -1.9895442 -0.6594484 -0.8932649 -0.7878059 -0.063063 0.8248666 -1.3269749 -0.3300291 0.049580242 -0.107682094 -0.9491526 -1.6093042 -0.5648048 -0.7377537 -0.78761196 0.9276416 0.05527328 0.15851925 -0.95903784 0.3717903 0.71382475 -0.63756526 -1.342452 -0.57606894 -1.0777006 -1.0316325 -2.0737545 1.7291101 -1.4528406 -1.6097797 0.0075895954 0.9916732 -0.73752856 -0.32919595 1.471602 -0.52794147 -0.57680917 -0.3136265 0.47937125 -1.0342069 -1.0860851 0.514528 -0.9366205 -2.2383065 3.2472818 -1.0732477 1.0596808 -1.12639 -0.18847859 0.91542274 0.040994804 -0.70708454 -1.1369445 1.2608045 -1.5226861 -0.32864544 2.093089 -0.60486937 0.23146409 -1.3036155 -0.31349218 1.3648423 0.58629245 1.0396322 -0.12241532 -0.75064284 2.4514492 -2.00328 0.7479975 0.68179375 -0.10243319 -0.5182634 -1.970849 -0.030799672 -0.28898895 -1.0307709 1.5864259 -0.73943615 -0.4688225 0.085475095 1.3868191 -1.6900655 3.3520665 0.5829293 0.5787154 0.28063896 -1.1348993 0.3821765 -0.07483836 1.2963754 -0.20129594 0.7842259 -0.3691089 -1.1783032 0.35131493 -1.1469356 0.44534704 1.2921553 -0.023260092 0.24383828 0.36096525 -1.6967969 0.114486925 -1.4637042 -0.9567204 -1.0982491 -0.7788698 -1.3663198 -0.41315722 -1.5663754 -0.74333876 -0.7011464 -1.0297267 -0.82943326 1.7819594 -1.004938 -1.274459 0.19008905 -0.45365462 0.70961654 1.1749837 -1.1402459 -1.5157994 -1.891896 -1.6036564 0.91872567
caramel 1.8467962 1.1819332 -1.3974389 -0.9577721 0.35918444 -0.56769073 -0.20464209 0.84416527 1.5799388 -1.7084405 -1.1385504 2.5515296 -0.1326751 -1.486016 -0.41061002 -2.4533281 0.17638877 0.44132358 1.2101831 -0.99739283 0.82737774 -0.8487636 -1.4529649 -0.9523458 0.6202873 -0.34931144 -0.5306741 -0.7477616 -0.9872051 -0.36190698 2.1287994 0.17455599 2.1122153 -0.32119006 0.25065032 1.106154 -3.0852914 -1.3635107 -2.019797 1.7062294 -0.6204749 -0.07225477 -0.6706661 0.030478973 -1.1082357 -1.4414008 2.1384537 -0.85090834 -0.52784944 -2.1621234 -0.99065346 -1.1861975 0.9086003 1.1617489 -0.7746391 -0.6439102 -0.94406265 0.53829825 0.18491277 -0.5145731 0.9954999 -0.831118 -0.16121557 1.0585735 -0.3613586 0.5950599 0.33226255 -0.972437 -1.2216862 0.39124233 -1.46578 -0.22828549 1.9027805 0.624731 1.325865 0.38616374 -1.0845217 -0.057128668 1.5476916 -1.1260834 -2.0279605 -0.32789797 -0.82847416 -0.12940949 0.5523422 -1.0117877 0.17356369 -1.4059665 -0.018193236 0.0074067544 -0.17610668 0.21020408 -1.6014639 0.15112637 -0.019157037 -1.5376649 1.4599093 1.3120966 0.28831112 -1.3240836 0.43426654 0.8797832 2.6175234 -1.220287 2.0192013 -0.73368424 -1.417766 -0.13623859 -1.3822919 0.21455505 1.5472449 -0.12901703 -0.64682984 -0.32095772 -1.0552092 1.9543021 0.08321505 0.51760685 2.5450127 -0.15288699 0.06355478 -0.5408755 0.44390985 -0.5472977 0.09350806 1.5198019 1.6687622 -0.15778959 0.35403368 -0.58430135 -0.13101558 0.7103473 -0.7115063 -0.77121544 1.7172233 1.8448831 0.3231869 -0.6105975 0.8401157 -0.143113 0.89447826 0.24344036 -0.1680827 0.06936459 -0.19725548 0.24628183 -0.43285272 0.6901243 -0.3906944 -1.9124722 -0.12886111 -1.6310059 -0.14193816 -1.016497 0.28770283 -0.04517898 -0.7520055 -1.0678494 1.2627747 1.4139289 -0.55048114 2.4707618 1.4527484 -0.15164573 -0.6748151 -0.5513263 1.1138583 -0.15775014 -0.57917327 0.97788763 -0.4367939 -0.5440062 -0.17347603 -1.5401921 -2.914435 -0.79799724 0.9616374 0.6685674 1.3690487 2.0113907 -2.6295729 0.95275724 -2.0497394 0.5499762 1.1570584 -0.97965205 -1.083817 0.25911823 0.91478306 1.9469693 0.030069793 -0.29538524 -0.322707 1.0039777 0.5059709 1.876617 -0.80457574 1.2011324 0.86706585 -0.052098252 -0.24541812 0.5153991 -1.2594699 1.5680426 0.43806532 -2.5990222 1.3118633 0.03600978 -1.8959466 2.1494968 -2.5013685 -0.5708321 0.8061777 -1.60944 2.91007 -0.3332858 1.6764821 -1.7679319 -1.2970691 -0.80063355 -3.2891383 -3.0993588 -1.4497355 0.5364469 -1.9072365 0.29471034 0.25669065 0.49386775 1.3771805 2.614183 1.3870214 -0.8417593 -0.053621273 1.1136242 0.5338026 0.8868504 -1.0211672 0.72485954 -1.869752 -1.0269752 0.9529037 -1.2932072 1.1345323 -1.9695902 0.24206123 1.8993319 -2.5062416 -0.5425816 -1.2812725 0.08914554 1.0699741 1.5604028 1.4699553 -0.91558737 -0.6156474 -2.056547 1.8903625 -0.23957388 -1.863127 0.4086776 -1.8081714 0.7360942 0.33184382 -1.6167375 0.5915452 -0.47910953 -0.35324952 -1.2162162 -1.6522399 0.6716391 0.5075428 0.77480227 1.3796029 2.0932832 1.253767 -0.97989964 0.49803266 -2.7648654 -2.9083123 -2.1026855 -1.9330437 0.3662131 0.44134867 -0.023113703 -1.6028405 -1.354058 -0.042251077 -0.8469133 0.24310295 -0.60365826 1.856672 1.6131018 -0.4823991 1.5750153 1.766021 1.5387219 -2.6138294 -1.0381309 -0.32051456 2.1980975
grapefruit 1.903825 0.620678 -0.60866016 -1.818139 1.1198863 -0.359937 -0.4161806 0.22302698 0.3227452 -0.9240959 -1.5205023 2.3835056 0.6282326 -0.887639 0.36894682 -1.2477686 -0.54527897 -0.020356154 -0.23659799 0.42981267 -0.70843184 0.042339005 -0.8997513 -0.06844492 -0.42102823 0.32413116 -0.44891363 -0.94412017 -2.664041 0.8730022 3.2277527 1.6123476 0.21681948 -1.9115868 0.3949318 0.29746595 0.04911932 -1.7564951 -2.2696154 0.34072196 1.0996171 -1.1660187 0.24698539 0.42295432 1.8340046 -1.7560622 0.021020433 0.9013767 -0.21936025 -0.68628913 -0.8115172 -0.08201941 0.34096658 1.0993061 0.2752558 -0.2666047 -3.7218711 -0.39908466 -0.71661943 -1.1774653 0.24120405 0.56127983 -0.048905198 0.7648266 -1.9006371 1.4908499 0.78261256 -1.8428342 0.06652841 1.3020694 -0.13438442 0.650952 -0.5078662 0.53424364 2.6062222 0.059259053 -0.070628606 -0.81573206 0.019215228 1.3517064 -1.5831144 0.89267325 -1.547749 -0.41521296 -0.06305539 -1.4387037 0.05146785 -0.7799845 -0.6343923 -1.2365189 -0.42772207 0.85486966 -0.07806692 -0.0065048863 -0.5617343 -1.465932 0.6521485 -0.38754213 2.063449 0.83408946 1.7483922 1.5563089 3.3542702 -1.512713 2.0818765 1.1655104 -0.38426223 1.8283321 -2.85792 -0.217416 -0.14642991 -0.49038896 1.1081963 -1.2238239 -1.9158809 0.054488994 2.511432 -0.26870638 0.8813643 -0.48483482 1.3240551 0.010555963 0.0336537 -0.093248084 0.97671694 -0.2717885 -1.1573473 1.1995826 -0.30026782 -0.4526528 0.48691368 0.25401005 -1.4687115 -1.6724044 0.64183426 1.6294798 0.45856974 -0.3253965 0.8892604 -0.43907458 0.44654435 -1.3133285 0.7851024 1.8453821 -1.0733342 0.39888078 -0.44352305 -0.53612214 0.91375834 -3.4091227 -0.89301646 -0.86082494 -0.4453742 -1.3646032 0.36092484 -1.6845781 -0.5577459 0.10345942 -0.57186437 -0.27577102 0.091688275 -0.40827516 0.32827392 0.61241364 -2.682928 0.32549304 -1.1657586 -0.61961025 0.06761761 -0.4305095 0.4911075 1.2013057 1.5431331 -1.3240206 -2.3653393 -1.4380047 1.0056952 -0.63356096 1.3452783 -0.060739223 -1.1589514 1.666581 0.13672097 1.1528155 -0.007443616 -0.018928139 -2.2360322 -0.22297578 -1.2564266 1.886202 -0.27304766 -0.548494 -1.5416081 -0.7813366 1.4410027 3.0782073 -1.9038312 -1.470503 1.6481334 0.21197215 -0.26782835 0.17894077 1.6495271 1.0933857 0.5921568 -1.7170407 -0.9701556 0.2347258 -0.63131195 0.5039396 -0.65494496 -0.4363192 2.6438587 -1.4285486 0.75667816 0.102720276 1.1076018 -1.1600504 -1.2844716 -1.08647 -0.87523246 -2.8829832 -1.5684373 1.5895375 -0.30658892 -0.028775452 0.07185189 -0.4381753 2.2157793 1.2473286 -0.057082437 -0.8903526 -0.43031445 0.13808435 -1.5051026 -0.3942814 -1.1206563 -1.3765858 -2.0232408 -2.3213933 0.09455084 0.280291 -0.115396 0.57961977 1.6476876 0.24126382 -1.8803601 -1.0533497 0.6303629 1.3482038 0.73245305 0.22232181 0.48464525 -0.12051235 0.5845156 -1.5654956 1.987999 0.17731999 -1.145316 0.39799595 -1.7534404 -0.023100482 0.4784162 -1.2375109 1.7144845 0.6628155 1.2743974 -0.44140795 -0.027735155 -1.2478155 -0.90948194 0.18136305 1.8737915 0.65480226 -0.29270053 -0.18642356 0.023270423 -0.68172604 -0.61830777 -0.12581514 -0.82594275 -0.39429918 1.477571 -1.7329009 -2.175213 0.26391146 -0.85742974 0.13477045 -0.15685998 -0.85402876 -2.0426142 3.0763495 -1.2189163 1.1060003 1.5424811 2.2608652 -1.664046 -1.2949446 -0.8196684 2.2755218
ammonia 1.8358269 2.3347569 -0.8112508 -2.4134293 1.4929708 0.006088428 1.0880558 0.9255866 0.32584947 -1.2163943 0.20969848 -1.0097436 1.0631797 -1.6649342 1.374177 0.13554369 2.7374058 -0.25488085 0.9584464 1.5797627 -0.43561915 -0.042983297 -0.61486346 0.2709842 2.1436236 0.0047419993 0.3235805 0.9230202 1.0322634 1.4352163 1.4814413 -0.023814525 -0.33256346 -0.8557135 1.5680708 -0.5275231 0.5488614 -0.99356973 -4.083118 0.60319996 2.4596565 0.47044793 0.55013394 -0.7663593 2.2323878 2.1949914 0.55937433 -1.3594514 -0.62101007 -3.0651243 0.16207503 -0.9164292 1.5433395 2.3368945 -0.2920869 1.6395277 -0.47271234 0.8991407 -1.9722474 0.15524353 0.28075555 1.7854578 -1.0759028 0.028081484 -0.74091727 -1.5529869 -0.18643752 -0.14553557 -1.230805 0.31757465 -0.9599163 0.89495736 -0.6297271 -0.8139701 0.42497033 0.76012945 0.16168107 0.4642894 0.84515315 0.86944675 -2.618617 1.7388757 0.28854305 -2.2564814 -0.23564817 -0.089714855 2.0681708 1.4660621 0.69602287 0.96638876 -0.8810452 -0.52259344 -1.7597344 -1.6924562 1.5572543 0.22179686 2.3358986 -0.6758936 -1.3660026 -1.0215921 1.4351134 1.4783655 1.3782868 -1.2282007 -0.16251233 -0.28812373 -1.1033549 -0.29507065 0.68587446 0.38141853 1.2165915 0.28828898 -2.744044 -1.4416697 -0.034265082 1.5168549 2.001623 -0.9007567 3.463507 -1.0522717 -0.774135 -0.51855254 -2.940686 0.7585969 1.7533722 1.9346707 -0.81243473 -0.40593258 3.5228913 -1.9790456 0.8964893 0.77394456 -1.2342359 1.9075056 3.7291343 -0.6857729 1.8084003 -1.0892245 0.29242492 -0.5997875 -0.04375821 0.19679147 -0.84869456 0.15988477 0.4451824 0.33058408 -0.6448194 0.111168206 0.62074745 -0.033312056 -0.35311446 1.9789251 -1.0867158 -0.88026357 2.391169 1.0325631 -1.8183284 -1.4712894 -0.68754965 -1.5406891 0.14618805 -0.08259291 1.0975878 0.3321956 -1.5818886 0.31194565 0.9031484 -0.52315015 -0.47660446 0.09364073 0.6758841 -1.0235277 1.6479888 -0.27708513 -1.2961369 -0.08809033 -1.1540059 -1.231485 1.0102527 0.5441111 -1.2776245 0.55754757 -0.6439806 -1.1476429 1.5774157 0.99394035 -0.47126126 -0.29376405 -1.3520095 0.37177068 -2.1988056 0.4137054 -1.2833234 0.7910831 1.2561975 0.5232663 -1.6647067 1.4154524 -0.0062974985 0.21053076 -0.0057390938 0.79487973 -0.11210208 -1.0821167 0.84196854 1.3350875 0.6057535 1.7029254 -0.361482 1.7349643 -2.7307255 -0.41402695 0.7908508 -0.22310801 -1.7288688 1.8374687 -0.17377579 -1.5444181 -0.8012777 -1.6156974 1.1063241 -2.7815042 0.36287948 0.27949202 -0.7790097 -1.3153669 -1.4358314 0.3829368 -0.8810728 0.31952637 0.18261276 -1.6111324 0.13570736 0.960278 1.0834507 -1.1438235 -1.4248124 0.0023090392 1.125633 -1.5964946 1.3839678 -1.7639935 0.12424595 -1.3911535 0.2910635 -2.5464816 -3.2644925 -1.9375423 -0.5933763 1.4549311 1.9496169 -0.0906467 1.0463932 -1.4967726 0.033934344 -1.8729882 -0.5265276 0.17950195 0.19154158 0.33132538 -1.1190041 -1.0969398 1.9683791 -2.0119228 0.42536667 -2.5236492 -0.73837584 -0.9666508 0.8036372 -2.5618808 0.8459921 0.022767505 0.24858607 -1.4012911 1.0346804 -0.7958588 0.024921188 -1.655336 0.08785544 -1.9944296 -0.28785712 -0.9247425 0.03446224 -1.4221044 2.476825 0.33840728 1.2378465 2.0503623 -1.7168343 0.0061988262 0.099395245 2.4681947 1.1986681 0.7243927 0.92415357 0.20119861 -1.1508718 -3.5148978 -1.2070779 -0.4938289
detergent 1.9313207 1.4447137 -1.128099 -2.5133708 -0.692738 -2.4075682 -0.49475095 1.4083768 0.98556405 -1.1337593 0.43463367 0.4606095 1.5762827 -1.6653546 1.4086354 -2.665165 1.4398215 0.49337608 0.6981377 1.531003 -1.6009413 -0.4186319 -0.767338 -0.78698057 0.84320265 0.81116986 0.45217842 1.2215257 -0.6395385 0.370124 0.9318374 -0.35865366 -1.0428804 -1.7780024 1.0315152 -1.3789301 -0.5113656 -0.47649008 -3.066313 -0.19626288 1.7646109 0.073724955 -0.13498515 -0.9323488 0.9971983 1.5154986 0.38182545 0.7853731 -1.2137538 -0.81928396 -0.79505086 -0.29852474 0.60738856 1.167951 -1.0237113 2.5546587 -1.979569 1.491934 -1.4440277 -0.5030587 0.15319669 0.956081 -1.3413271 -0.48210412 0.96820694 -0.8465265 0.09001516 -0.7620308 -0.20979723 -0.3124125 0.09586928 0.5288248 -1.1532369 1.2968895 0.6877192 0.5841123 -0.5060517 0.13290098 2.1136148 -1.3213263 -2.788894 0.5050925 0.08849476 -2.9359965 -0.918268 -0.9230623 1.8830636 -0.44167444 -0.57907856 2.8674204 -0.82687455 -2.021022 0.057583652 0.9039516 0.7763222 -0.5753922 0.10483485 -0.57683617 -1.8859764 0.31083563 1.0677029 0.77910197 1.5623386 -1.7244594 0.6025948 1.0824867 -2.385355 -0.2636142 1.8598205 0.03587558 -0.7437415 0.1603617 -1.767573 -0.89805675 -0.02785798 0.2939415 1.4129205 -1.730889 2.1481426 0.40891957 -1.2430328 0.20579536 -1.7332408 0.8612152 0.26638696 -0.21972722 1.3375583 -0.38148043 4.158928 -1.2060957 1.312883 -1.2021574 -0.37113214 0.8505245 2.9469268 -0.86411035 2.6342826 -1.6525316 -0.33184546 -1.8694685 0.123864815 -1.8662558 0.43278006 0.2834659 0.5882586 1.3285372 -1.078701 -0.74341 -0.19348194 -0.38431957 -0.38957968 0.45311233 -2.4456797 -2.158188 1.4182957 0.33483243 -1.3743253 -1.2698371 -1.0065318 -1.6161859 -1.4346541 -1.2663114 0.8044196 -0.013735337 -1.9197015 0.31213257 -0.15748464 -0.010550788 -1.1323818 -0.5017774 0.019216124 1.0715685 0.71940225 0.16461772 -1.7890425 -1.2134211 -1.4050243 -1.8512839 -0.29630902 -0.31778297 0.35565376 1.3762108 -1.5663146 -1.5459707 0.04400266 0.73063177 -2.7603076 -0.6087788 -1.2270949 2.2204995 -2.4041026 0.46109313 -1.8820442 -0.06879075 -1.3502454 0.23691663 -2.7278683 -0.31619886 0.9563066 -1.2373873 -1.1022229 0.6072371 -0.49160445 -2.6996057 -0.19725432 -0.96313864 1.0330188 -0.9171448 -0.32247922 1.2908013 -0.9012964 0.6920156 1.184624 -1.7503982 -3.2355506 3.3213232 1.2605193 -4.0517774 0.69930226 -3.168849 -0.29752907 -3.0634465 0.43960443 0.053615518 -0.63403964 0.28707835 -1.1206882 1.0474561 0.22959131 0.3029159 1.741882 -2.4565036 -1.0170689 0.47291428 -0.70278305 1.7832223 -0.5820813 -1.1933606 0.97481287 -0.87353957 1.8101261 0.8466115 1.6308453 -0.13299017 0.59248775 -1.7952461 -3.0993521 -0.14855058 -2.0253184 -0.07086672 1.9539706 -1.28696 1.555127 0.3014582 -1.488527 -2.8621523 1.281419 -0.51637644 0.3272819 1.249985 -2.1076422 -2.1488323 0.5034575 -1.2491412 1.2564332 -3.5705695 -1.2149875 -0.9352696 1.3682064 -3.3352535 -0.11642119 -1.6682647 -0.59079075 -0.674007 4.086452 -0.71685255 0.64811206 -2.1623096 -0.82522386 -3.0156875 -0.9447005 -1.5627795 -0.1818528 0.37102553 1.3166022 0.56284153 0.78211 0.089011244 -1.8616499 0.58829206 1.8312745 2.2261708 1.292093 -0.026087832 1.2800967 0.19579434 -2.135321 -2.0944285 -0.3747946 0.5042507
kerosene -0.7441102 2.0808606 -1.728085 -1.854088 -0.6634792 -1.481715 2.0994892 -0.14389677 0.76388854 -0.3962263 1.3678297 0.09234865 -0.073621675 -1.3567508 1.1650618 0.1852422 0.7642881 -0.14716123 0.29917485 2.856855 0.8936169 -0.9088835 0.38517156 1.7965363 0.15578178 -0.37207568 1.1024245 0.23369998 -1.0589564 0.54931486 0.94978356 -0.002017002 0.5784277 -0.12598412 -1.6479857 -0.14454313 1.8605216 -1.9686517 -1.2881668 0.54602486 1.3293166 0.6995526 1.1753438 0.57270056 1.2704595 0.14430086 0.5376594 -0.0585132 -1.1629474 -2.2078443 -0.9442962 0.3713215 1.5723522 1.4772061 0.23129812 -0.67125726 0.2582037 -0.30286887 -1.3480144 1.9991282 -1.187172 -0.3149562 -1.233465 0.47237313 -0.967172 -0.32908633 -0.3301631 0.7511002 -1.0098876 -0.6214774 -1.3978802 -0.6583663 -1.3523555 1.3419231 -2.3181462 0.15885212 0.50988007 0.47760737 1.378125 1.3215604 -0.04019915 1.1594403 -0.009419851 -2.872502 1.3740989 -1.4068769 1.5169662 -0.28222078 1.0688154 1.7562268 -2.3870366 -1.2482519 -1.0269744 -0.06876787 -0.6633235 -1.2327236 1.2429492 -0.06479704 -0.5950356 -2.163636 1.5400119 2.922981 0.68746585 -0.03431239 -0.17637943 -0.012919232 -1.1183835 0.650881 1.150468 1.4662683 0.16385895 -0.82672435 0.3569297 -0.81268346 -0.25048876 0.10132514 0.77871394 -0.746638 1.8682214 -0.058823228 -0.3433354 1.2280957 0.7368267 -0.79650486 0.9714977 1.8117332 0.79308534 1.663747 2.0583956 -1.7940862 0.17583245 -0.5741825 1.3649511 -0.86824495 1.6569047 1.4375832 1.4968364 -0.9060211 1.9835937 -1.449557 -0.1080493 -3.3388681 1.143205 -0.56505024 0.8025735 -0.28247884 -1.0260643 -0.23129685 -0.11494466 -0.6625787 -0.37083465 2.1427476 -0.38570127 -1.3360258 0.3288321 -1.0926499 -1.0336736 -0.91093856 -1.5252877 -1.5287497 -1.6802915 -0.6106984 -0.56929666 -0.019607756 0.86182207 -0.07663231 0.022483421 -1.5509646 -0.9096283 0.67485905 -0.49921972 1.0447483 -1.2890584 -1.3237603 0.75330716 -1.991237 -2.2338452 1.3530394 -1.3236023 -0.40511045 -2.42198 -0.7722774 -1.731565 -1.2265996 0.18542315 -1.4620181 -0.24593207 0.3444249 0.17442475 2.2184765 -0.11937433 0.5595806 -1.7644894 2.242027 0.006334252 -2.5114746 -2.451945 -0.9797415 1.1179715 -0.7278356 1.0314288 0.3660435 -0.41804415 -0.15651953 1.4254473 -0.4995054 1.2242502 1.19184 -0.33992797 1.1542302 0.5560501 2.60891 -0.28247368 0.23761398 -0.6610473 1.4737234 -0.24631284 -1.2679191 0.2161298 -2.5734203 0.60827506 -0.5108977 1.9478694 0.31713298 -2.1756864 -1.011138 -1.7922795 0.28492722 -1.5356189 2.3465009 1.8312479 -0.73857635 -0.38202682 -0.36993796 -1.4172434 0.8188277 -0.926976 -0.7271489 -0.20016338 -2.2660522 2.3675869 1.0620724 -1.6721003 0.08478256 1.2438029 -0.28375557 -2.341479 -0.815236 -2.3036308 1.5925864 0.1710057 -0.9217277 1.0575246 1.7749455 -1.0516198 -1.2484525 0.18668696 -0.6303977 -0.16394521 1.1138042 -0.39287797 -0.20106438 0.25203535 -1.8912104 0.76193327 -2.4934428 -1.1478398 1.0742154 0.78902733 -2.2590387 2.7933412 -0.77857864 -0.7264878 1.0840285 1.7884581 -2.1119916 -0.8087133 -0.9115428 -0.6020843 -0.6730295 -0.9374248 0.3391377 1.316697 -1.5575315 2.3471277 -0.27767366 0.7804231 1.436684 -1.2700081 0.9717251 -0.52701163 -0.18541183 0.83840734 -0.8135093 1.0595298 0.58500373 -1.3248668 -2.97705 -0.94872123 -1.0897936
varnish 1.4999131 2.5912588 -2.594659 -1.4050312 -0.4318235 -0.14245895 -0.68923193 0.45882437 1.0798115 -0.33896592 1.9970671 1.1688006 -0.26187095 -1.9491981 1.0051485 -1.3166119 -0.307322 -0.13696067 2.346089 0.4541888 -0.9560696 0.35705242 -0.29415956 -1.2808344 -0.5426057 0.387175 1.5629392 1.2550892 1.1616141 0.6681514 1.1388541 -0.8838422 1.4801365 0.02484821 -0.23957436 0.99531 -0.7170421 -1.768482 -1.6085943 0.10933979 0.34997806 -1.2343786 -0.23891538 -0.57571703 -0.76551086 2.035105 2.3563557 -0.450927 2.2988615 -0.50240093 -1.3015634 -1.2261556 1.4467304 -0.29889295 -0.76835555 0.9277424 -0.90264827 0.24532115 -0.92269886 1.262536 -2.123378 -1.9825865 -0.40732813 -0.016931497 -0.52342635 -0.05539122 0.36280513 2.0289974 0.12514265 0.47681928 -1.0099735 0.19256401 1.1960973 0.6976683 -0.17360283 -1.6490189 -0.8405522 0.64702165 1.4534866 -1.4271741 -1.2219311 0.3593266 -1.4519265 -1.7357526 -0.65835637 -1.5973942 1.1882052 0.5730902 -0.099951595 1.4907144 0.24366164 -1.087294 -0.3213159 0.43197232 1.920265 -0.5082668 0.7589332 0.3040468 -0.26563388 -1.637355 2.094273 1.6223783 -0.29099202 -2.0373473 0.76235956 -2.886106 -0.5331989 0.1900733 0.69145733 -0.0016491674 0.5608008 1.4465739 -0.82982177 -0.022389935 -1.1552643 3.0354986 0.26055664 0.22304535 2.383577 -0.95474494 -0.9658731 -0.7963071 -0.10129839 -0.08223152 1.5530629 0.6531314 1.0767611 1.3653585 2.2552931 1.1302112 -0.5577086 1.4612385 -0.40853155 1.385317 2.6860363 2.1683142 1.3277849 -1.1461602 2.3512056 1.144993 0.6953936 -1.8789732 0.22914486 0.23549451 -0.12411178 -0.81324285 0.015338868 -0.24465819 -0.5864786 -0.35327578 0.33522645 1.7609159 -1.025058 -0.6934916 1.3573605 0.7078424 0.5963587 1.2341875 0.35426942 1.3248669 -1.0923786 0.81823033 0.45726448 0.84905726 1.792288 0.7486325 0.76865625 -0.5818064 -0.13582772 -0.21661273 0.13333532 -2.149949 -0.056280155 -0.6624713 -1.3183992 -0.3594035 0.86271524 -1.7938106 2.738103 -0.83268785 -1.3720781 0.8886242 -0.18562618 -2.8452396 -0.94471383 -1.03129 -0.045482565 -0.8675807 0.44276476 1.9868367 -0.69357044 -1.5826441 -2.1533725 1.7756338 -2.0292633 -0.4702785 -1.3710502 1.1123052 0.5087381 -0.3326893 -0.351473 -0.31247067 0.1349357 1.058801 2.1465366 1.3294318 2.571425 0.57541347 -2.408689 1.1975756 -0.93461883 1.5620239 0.81799155 -1.5373193 1.0482137 0.7402081 -1.8745593 -3.1842577 1.631694 -2.0464785 -1.3374906 -2.1124613 -0.620543 1.469861 -2.4484775 -0.96300524 -0.12496677 -0.5277482 -1.2842364 1.0715225 2.127265 -1.9431835 -1.1319664 0.859897 -1.4868301 1.1795163 -0.28382486 0.76247424 1.0008804 -0.63743603 0.39232713 -1.045263 -0.30212834 0.48194748 1.2711575 -0.7720832 -2.1810374 0.0018290903 -1.755682 -0.080487296 0.5589585 -0.86224693 0.56907874 -2.000816 -1.5899836 -2.7209713 1.7380984 -0.0698404 0.041577805 0.8889886 -1.8082724 0.7289887 -0.2130805 -1.1698889 -0.12699738 -0.29872218 -1.4710593 -0.7650099 0.62536585 -2.699368 3.5113475 -2.6080618 -1.7879118 -0.33376017 1.0385832 -0.08724933 0.32751647 -1.8232833 -1.4581859 -1.4431988 -0.6373062 0.6882869 -2.0081024 -0.5121703 0.24291417 -0.45113426 0.70419836 -1.4580439 -1.0419629 -0.7061392 0.5842967 0.7195157 1.9861553 0.95649296 0.6630857 0.105635196 -3.6354685 -0.2209508 -2.821429 -1.1778728
peppermint 1.5738895 2.3573613 -0.035405077 -1.0447134 0.4951344 -0.39916077 0.48905805 0.93251026 1.3629969 -0.9521227 -0.8434696 1.394457 1.2020841 -0.8564574 1.3588778 -0.9137998 1.1912949 1.2125157 1.5684289 0.42526948 0.41806245 -1.5206062 -2.5881832 0.3195873 1.2770675 0.3545527 0.38000095 -0.5935531 -2.021289 0.17807315 2.6908984 1.6831224 0.3714964 -0.96455675 -0.2985755 0.9553113 -2.6014779 -0.26202187 -3.2707043 0.53934914 0.015501994 0.45138896 -0.23507956 1.4847293 0.33897474 -0.8794101 -0.45171198 -0.67247313 -0.5555648 -1.8504428 -0.85669357 -1.273149 2.2299502 2.206184 -0.85447264 0.06573774 -0.6033749 0.72191256 -0.21230395 -1.364769 1.0582082 -0.4481418 -0.79500717 1.2303845 -0.6660681 -0.7873995 2.3599868 0.2555823 -0.3840431 1.4635426 -1.3445563 0.64883256 0.04170484 0.633934 1.3110204 -0.42969182 -2.3208086 -0.7918148 0.5898272 -1.2400923 -2.2464683 0.7431692 -0.22312964 -1.0928885 -0.35353824 -0.8386849 -1.5823461 -0.15907173 -0.6804017 -0.50271565 -1.0301901 -0.0010653135 -0.30944642 -0.5210381 0.4678253 -1.2332866 2.1510208 0.7880917 0.45859042 -1.0776238 1.2007548 1.4189212 3.7251997 -0.82554585 0.9986407 0.30700862 -0.7764225 0.6971263 -1.0887549 -0.8255589 1.6754183 -0.30973965 0.34393004 -0.69884694 -0.81926185 -0.07496281 1.4143361 0.5472386 0.35941112 -0.6997253 1.1251638 0.4214622 -1.1537145 -0.9329136 1.1862981 1.6807214 1.2064121 0.3562155 1.1947738 0.08529962 0.24566133 0.49697816 -1.3780396 -1.7091526 1.0449957 -0.14874126 -0.9238009 -1.4173633 0.8291891 -2.4482248 1.0592365 0.5432458 -0.062076762 -0.23513164 0.36977515 0.2305672 -2.6874473 -0.70517576 0.050694995 -0.9591332 -0.66706467 -0.14670736 -0.74362373 -1.5694784 1.4441411 0.46378 0.532053 -1.9693716 0.5679589 -0.93014497 -0.360818 0.40697062 1.0412449 -1.1928219 -1.2727187 -1.0494739 0.10698838 -0.22714177 -1.4119436 0.5400021 0.15522575 -1.2818636 -0.08544482 -0.8693345 -2.2384055 -0.38155466 -0.4901133 0.64118963 0.4594909 1.559279 -1.9485371 -0.19736125 -0.4497608 -0.5644178 1.3388869 -1.55293 -2.292112 1.2975787 0.31547 0.916223 -0.7962248 -0.28165454 -0.85722345 0.7474327 0.41408986 1.1230581 -1.2529571 -0.47644526 0.39611036 0.103539 -0.321032 0.44729367 0.10747891 0.47271454 0.060744803 -2.2920732 -0.9483832 0.9173291 -0.6933285 0.28669256 -1.1843026 -0.8989701 0.36795747 -2.0430567 1.3796417 -0.18890645 1.1884962 -1.4498159 -0.044501152 -0.29572552 -0.7153567 -3.1236959 -1.1475433 2.2249885 -0.8475062 0.79677314 -1.0135899 1.0702926 2.1322215 -0.24541551 0.9972115 -0.12750623 0.48640206 0.96238214 -1.2678198 0.7415149 -2.1485782 -0.26837078 -1.0846155 -0.73533463 1.9593265 -0.84441656 -0.013096337 -2.2743523 -0.34994525 2.1041331 -2.6123996 -0.7962186 -0.38556457 -0.6898871 1.3511704 0.6790577 1.9412308 -0.5231358 0.06677119 -2.2316506 2.099785 -0.57185125 0.52146435 0.3850808 -0.9643197 -0.6879696 2.3805866 -2.179934 0.80897635 0.78378725 -0.3997444 -0.6347397 0.644348 0.035614323 1.4536376 -0.57754713 0.6328586 1.804169 0.5648257 -0.7514931 2.8317938 -2.2590709 -0.3585461 -2.0246148 -0.6967901 -0.37693974 0.69432217 -1.6562577 -1.0637269 0.29360476 -0.16129972 -2.1774042 0.42376968 -1.0657054 0.58265024 -0.07814099 -0.8811177 0.71986336 2.4105642 0.22600144 -3.0458615 -1.6999261 -1.2024132 0.37963685
eucalyptus 1.0092541 3.1062992 1.4648787 -0.5222053 1.061784 -1.4256957 1.1790648 0.26504225 0.30160594 -0.042692833 0.2210138 0.037189838 0.5640053 -1.9168658 0.2291993 0.25772414 0.1890437 -0.6513089 2.9088097 1.2795726 -0.8571686 -0.43926603 -0.8787776 -0.56205857 0.39833543 -0.5126118 0.50048715 0.5109671 -1.7489746 0.17510322 1.4733053 1.5516968 0.7634375 -0.7417596 -1.6856576 -0.13169912 0.3352093 -1.0357472 -2.716975 0.22969657 -0.20378858 -1.634619 -0.26099715 1.1720718 -0.72107536 0.6337637 1.7619184 -1.3984768 0.49127138 0.15391397 -0.8932085 0.8938716 4.426649 1.1957164 -1.2001604 0.40594807 -1.2240419 0.69036514 -0.020794606 -1.7876242 -1.2571838 -1.6234885 -0.7472746 -0.34685618 -0.65413857 0.617423 0.23559496 1.7889935 0.8565263 0.45216712 -0.30259952 0.88216555 0.43312284 1.507004 0.7703325 -0.9817839 0.6181902 -0.3680545 0.34116864 0.8567537 -0.6312889 -0.97401357 0.04647227 0.024672922 -0.25301313 -0.9590942 -0.9890891 1.662183 1.112181 -1.0170126 -1.8677013 -2.0329924 -1.0002362 -0.7732771 -0.29687095 -1.0410286 2.9615655 0.0030982837 1.2690119 -0.9054837 0.6450699 -0.52421284 1.8895805 0.3793793 2.3039856 0.39019117 -0.26436484 0.7755864 -0.92569846 -1.0588145 0.6324064 -0.21250246 0.568667 -0.4422663 -2.6926348 1.4358389 1.6582797 -1.262665 -0.6914117 -1.1595871 1.2381606 -0.484986 -0.32632542 -1.9177444 2.5853696 2.987973 0.43686205 1.1265242 -0.6885827 -1.0176691 -1.2515419 1.856925 -0.7784126 -0.59672105 3.230724 1.8166809 0.43352377 -1.044911 1.2220509 -1.6590248 0.66622883 -1.6435833 1.6222185 0.5223344 -0.5000303 -1.6391288 -1.9053429 -0.69722056 -0.21628223 -0.599528 -1.0097696 0.026292324 -0.17435467 -1.7802886 0.85614294 2.0693493 2.322239 -1.1464952 -0.52093714 0.13122183 0.9357051 -0.20186852 1.1499784 -0.65998554 0.7860376 -0.122453734 0.91869956 0.60644406 -0.8692389 0.19976461 -0.41485178 -0.1200647 0.1860568 -1.6052201 -2.230613 -1.3575529 -0.8068019 -0.047272716 -1.1385436 -0.2966159 -1.6166292 -0.43875074 -0.47445306 1.0437584 -0.46548402 -0.51637906 -2.4808054 0.82697535 -1.15501 0.96689147 -0.38987905 -1.4325476 -0.8359037 1.1439496 -0.97739947 -0.5836388 0.58242965 -1.7466629 -0.356471 -0.539809 -0.7678357 -0.052976448 0.56725067 1.4428678 0.2035341 0.8222451 -0.727489 0.4870743 -1.7190216 2.8560917 0.24790727 -0.8101116 0.12039516 -1.442411 -0.2705447 -0.7119723 0.07993003 -1.2390388 -0.75695086 -1.5294766 -0.91399574 -2.0804996 -1.0923944 1.9168006 -0.16914426 0.6766483 -0.38713065 -0.3734383 -0.15232852 0.49846625 -0.38039318 1.1244508 -0.51425505 -0.091145396 -2.5759227 0.010017945 -1.0904667 -0.7690262 -0.9874365 -2.0862417 0.40742737 0.07167814 0.0708502 -0.9880682 -2.203938 -0.62365705 -1.8218565 -0.2550069 -0.7031679 1.6308157 1.6089014 0.08188531 0.6818885 -0.60344803 -0.59658843 -0.3468626 1.8095602 -0.5124308 -0.5830408 0.7044777 -2.7240791 -0.43499237 0.89496046 -1.1925964 0.37010998 -0.57970744 -0.47356296 0.102184676 -0.21584776 -1.7092465 1.4824884 -0.33122253 0.4424565 1.3733801 0.19081429 1.0146308 0.99669963 -1.4472207 -1.0129392 -0.36791846 0.3978203 -0.75611705 0.9210251 -2.0186672 0.18471304 -0.12685521 -0.16558668 -0.023193076 0.9906467 -1.1795106 0.24728876 1.5355972 -0.6184844 0.30443913 0.52343833 0.39002433 -1.6251799 -1.5858786 -1.6520867 0.21995938
licorice 2.0431871 1.514147 -0.5220146 -0.17768538 1.2628449 -1.1768907 0.13930501 0.27117756 -0.075640745 -0.71088016 0.2739961 1.3310841 1.0742038 -2.4953265 0.36751103 -1.5137358 0.04566856 0.10141288 0.9215653 -1.2526027 1.0009991 -1.7084229 -2.169277 -0.18125719 0.4951856 0.60042727 -0.626173 -1.6140547 -1.9091636 -0.9719842 3.5201795 0.35816425 0.76553535 -1.5584191 0.06360935 -0.35737258 -2.6711974 -0.7755351 -3.0537422 0.04697821 1.0124834 0.28437543 -0.07159459 2.2215033 0.9588362 -0.4749655 0.9775329 -0.42589703 0.22183597 -1.111341 -0.5302949 -0.6031559 1.3332384 1.7199223 -0.68704855 0.693053 -1.2475798 0.9706061 0.37744743 -1.643215 1.5591403 -0.3595292 -1.0122969 0.4801509 -0.95106024 -0.24036115 1.6899883 0.20781605 -0.26758426 0.6676344 -1.7298075 1.2728729 0.1874326 1.2403481 2.0180469 -0.9067691 -0.115225844 -0.71813184 -0.50307053 -0.9858587 -1.5449638 0.0549628 -0.47371623 -1.1047307 -0.5459337 -1.3757783 -0.65742576 -0.41372994 -1.0867732 0.49788833 -1.4678692 -0.3570509 -1.332038 1.1448382 1.2227359 -0.42252234 2.614455 1.5762193 -0.80308217 -1.1229473 1.0033433 0.7845026 2.6544678 -0.050140493 0.9262821 1.5564274 -1.0535481 0.8493323 -0.22646827 -0.63894624 0.7110076 -0.28272644 0.4130631 -0.9943467 -0.45382285 -0.58923435 1.1008477 -0.17789009 1.7034386 -0.9604152 1.8089004 -1.8709887 -0.24313053 -2.3507535 1.4533463 1.1395915 1.0694501 0.46234953 1.6591483 -0.62367165 0.6876376 0.575511 -0.9601903 -0.64168304 2.3388376 1.4397606 0.7712714 -1.4775809 1.5600178 -2.555575 1.8410252 1.4667187 0.005991776 0.5147073 -1.0027493 1.0686045 -2.3400435 -0.8809454 -0.3410999 -2.1798089 -1.2601862 -0.43600947 -1.355801 -1.3856636 1.1535846 0.100085475 -1.2473571 -0.4426684 -0.12661557 0.0050945817 0.40721503 1.0908425 1.5229474 0.27899247 -2.1289635 -0.14972548 0.7886436 0.577034 -1.1710738 -0.6466645 0.2445617 -1.0528612 -1.4799984 -0.43463722 -2.122027 -0.2352989 -1.2134446 -0.017504377 -0.18203399 1.1255975 -1.8774319 -0.50650394 -0.5475765 0.60743445 1.5323337 -0.67660683 -2.3771937 0.683851 -0.51206404 1.2202704 -0.15595286 0.46066815 0.18595399 0.90077275 -0.3154554 0.5974947 -1.0593657 -0.62475616 0.7480624 0.60912055 0.029179264 0.34310865 0.45304787 0.69384414 -0.31453976 -2.081759 -1.6587299 1.3439527 -0.9974911 1.4741707 -0.54777056 -0.70972174 -0.43523833 -0.5691556 1.6526147 0.32599142 0.57183444 -2.2970042 -0.05562142 -2.5439112 -0.4484451 -4.053913 -1.9030508 1.9827033 -1.2479584 1.6267564 -1.6368152 0.5128226 1.6056346 1.239046 0.07466025 0.3245672 0.45913044 1.010503 -0.75752217 -0.33588055 -1.0265133 -0.22367294 -0.36210257 -0.872363 0.89106447 -1.6127596 -0.864791 -1.0397159 -0.17207836 0.6330561 -0.0013298272 -0.98001015 0.18998434 0.8652723 1.6074327 1.3217185 1.0769933 -0.6345201 -0.7072066 -2.6163583 2.172032 0.92645746 -0.41876513 0.585264 -1.7349622 -0.06385968 2.507295 -1.6965274 0.83852434 0.1314014 -0.38259682 0.019484313 0.5093203 0.5577925 0.60686046 -0.5561686 0.115550786 2.418778 1.3679038 0.26568305 0.64752185 -0.23973773 -1.4494072 -1.2154526 -1.376481 0.15558575 0.12280116 -1.6161983 -1.7620271 -0.905747 -0.57838565 -0.44716763 0.38964248 -2.275706 -0.47163546 0.661234 -1.0033811 1.8403656 1.0082178 -0.03636548 -3.0232983 -2.1254132 0.1450748 0.7288944
disinfectant 0.20162852 -0.15445992 -0.28332993 -1.5813743 -0.033768754 -0.19025736 -0.3673688 -0.23221964 -0.4428538 -0.54995364 -0.9331734 0.28515875 1.1156285 -0.8737615 0.98593545 -0.20461965 2.0893571 -1.528309 0.3681566 2.1959636 -1.6623344 -1.2892525 -0.31340435 0.96850795 0.4521151 -0.07440194 1.5927931 0.40521368 0.12235931 -0.068514206 0.57355016 0.49078616 0.5496387 -1.2201477 -1.0858856 -0.96891516 0.059127163 0.4353793 -2.7777557 -1.1084796 1.7646799 0.8514716 0.78223383 0.103598274 1.4730715 1.3588023 0.33584803 0.61238414 0.27012897 -1.5035504 1.3301814 0.023569955 2.843669 2.2165735 0.7159052 1.9983785 -1.4452622 -0.016489716 -0.91994226 0.17090929 -0.95762956 -0.71869856 0.03547717 -0.49836934 -1.076712 -0.047044568 0.8615108 0.69531524 -0.8625495 0.4273655 0.880851 0.23314887 -0.8013568 0.60615885 0.4380444 -0.36752066 -0.7782436 0.22585574 0.14723198 -0.9603669 -2.5154293 0.5892954 -1.4698145 -1.2040243 -0.13414873 -0.688332 2.3093927 0.87213063 0.43327552 1.1159048 -0.9457573 -2.8006516 0.054624837 -0.046740647 0.3700961 -0.3070596 0.91629976 -0.602822 -1.7225792 -0.21782646 1.6698463 0.20177546 -0.29044715 0.048676457 -0.060527343 0.49485764 -0.8816999 0.90669054 1.4806988 0.82496756 -0.5465991 -0.0970156 -1.970534 -0.920125 -0.29806474 0.4133436 0.7499375 0.9163224 0.451499 0.0054889536 -0.6437244 0.08760406 -0.30606642 0.7504495 2.0496097 1.3808666 -0.12036 -0.21856007 1.5541334 -0.8869904 0.6798616 1.8176391 -1.1516382 2.02896 2.4025223 -1.3679756 1.2141291 -1.8922138 0.932253 -0.51851904 -0.8427307 -0.9316848 0.69434327 -0.93821055 0.36178917 -0.2653648 -1.3060845 -0.55696267 0.028857786 0.05360467 -0.41368482 0.5193661 -0.7510314 -0.29095432 2.2221112 -0.23989797 -0.094239965 -2.9083672 -2.2650676 -2.384613 -0.7056925 -1.939314 1.1444435 0.6965747 -0.6090282 0.8138787 1.2714156 -0.20016249 0.92451066 0.97249776 1.3159618 0.9283963 1.3048013 0.7237794 -0.7936562 -1.0267521 -0.016070671 -1.2706989 -0.6607851 0.48897347 -1.3071179 1.7298601 -1.6175803 -1.0046638 -0.38096213 -0.026515486 -1.8571734 0.9036547 -1.6483305 0.8086091 -1.5458934 0.52726877 -3.1733189 0.46177053 0.5076111 -0.9290876 -1.1480248 -0.1652905 -0.6589106 -0.7684134 -1.967855 1.9435877 -1.2189128 -1.3622706 1.1889681 0.07111356 2.141325 -0.3123062 -0.25581563 0.80926955 -1.1388137 1.7130984 0.14324243 0.12577964 -2.7996504 1.240656 -0.058461443 -2.4466019 0.8300919 -2.1790268 1.2610748 -1.544713 0.1160513 0.32423916 -1.2687844 -0.8374126 -1.0822352 0.15996446 -0.8710303 0.7175036 1.5627563 -1.5679046 -0.7130466 -0.17713048 0.09468624 1.0302981 -2.0761611 -0.15684006 0.16553509 -1.0921077 2.5494053 -1.3075477 0.07273182 -0.7390996 -0.32394484 -1.2585882 -3.1857314 -0.48097143 -1.02428 0.6249711 1.395364 -0.9111961 1.6436634 -0.10963751 -0.6384981 -4.206523 1.5545496 -1.7158755 -1.1748514 2.372335 -1.6675173 -2.479893 0.48123714 -0.19407359 0.34605137 -0.91624135 -0.5014405 -0.9570389 1.2657086 -0.88748807 1.6073226 -0.5714719 -0.5618657 -0.8422229 3.6249757 -0.16475816 1.1659036 -2.531714 -0.8094156 -1.5562162 -0.7267504 -2.6867757 -1.0124805 0.15861998 1.7079476 2.2711608 1.8602382 -0.39020547 -2.5580413 -0.30812302 -0.18382406 1.7252768 0.7145395 0.3287042 0.7054829 -0.104815274 -1.7269696 -1.9012135 -0.91580105 -0.97659993
geranium 0.5339628 4.057763 1.4501759 -1.0927463 1.32036 -2.9230387 -0.6543401 -0.5500678 1.2392774 -1.0642841 1.7160238 -0.79528576 0.40610114 -1.2848817 -0.93925214 -1.1819855 -0.61987096 -0.46815327 0.5298157 1.6352447 -0.011521929 -1.0703014 0.61255985 -1.3971405 1.4380066 0.52972144 0.505907 -1.6768698 -0.16266787 -0.30136758 1.3396513 2.0130455 -0.22583944 -1.4788789 0.036853112 -0.79548734 -0.70137984 0.0050629526 -3.0744522 0.44081217 -0.29944173 -1.766341 0.13192953 2.4550903 3.0301335 -0.2500546 2.0432105 -1.4097704 0.16260955 0.42424268 -1.0072601 1.8738966 2.4393795 1.1728655 -0.16033094 -1.8577967 0.116243295 -0.71026194 0.36951688 -1.588177 -0.29368997 -0.2914399 -1.361331 0.30697918 -1.8915879 2.3917155 2.028944 1.3701525 0.20434776 -0.067225955 -0.43921378 1.1418387 0.62892306 2.7573369 0.21443956 -0.03657765 -0.6980979 -0.4283799 -0.30357543 0.7777235 -0.14979734 0.42423835 -1.0470254 0.046367854 -1.5093588 0.16066512 -1.9639164 0.5375737 -0.95964247 -1.9447136 -1.1596493 -0.21988405 -0.5064689 1.0071563 -0.4909447 -2.4745162 2.808066 0.039297406 -0.34324506 -1.6851181 2.620904 -0.8572504 1.6960361 -0.5986697 2.6285105 1.663111 -0.61470145 0.6452477 -0.060027402 0.32989943 -0.6923443 -1.1260316 1.1720588 0.83468586 -2.3341553 0.9804581 1.4371713 0.5274154 -0.8872917 -2.047281 1.4214115 -1.0722839 0.089732006 -0.85455376 1.3246785 3.055929 0.85559696 1.1330124 0.584239 0.67864716 -1.4298713 1.4655379 -0.535919 -0.25881267 2.2587821 2.4522922 -0.47261557 -0.8266273 -0.2545459 -0.66644126 0.44376102 -0.5804883 1.750914 0.904535 0.16709572 0.00745292 -3.4703035 0.16954601 -0.08127318 -0.48243248 -3.0641446 1.0942167 0.16090491 -0.87491906 1.9136988 0.8194391 1.6718867 0.089866176 0.031168725 -1.4298723 0.78783745 -0.20221922 0.12123376 0.7160212 -0.4267874 0.12004793 0.91721314 0.41348672 -1.7748122 -1.3465707 0.87658674 0.50471514 0.120202236 -1.7104859 -3.3768075 -1.6949712 0.41389027 -2.0363836 -0.4509263 -0.8549528 -0.06060451 -0.74859935 0.4904012 -1.5026096 -0.72726256 -0.31897444 -1.1403682 0.4755599 -0.65381086 2.776579 0.17136873 -0.74300444 -0.22549468 1.182805 -0.009624099 -0.4835461 -0.33873847 -0.38097852 0.6486794 -0.22419575 0.92320323 -0.14356592 0.6593086 -0.4678146 0.48241454 -0.016824609 0.7239686 2.2818427 -0.7610488 2.781852 1.2418526 -0.60558057 1.157149 -1.1480515 -1.0120822 -0.40188736 1.846299 -1.371458 -0.18769558 -1.8575757 0.26858062 -2.0093973 0.011487776 1.0244313 -1.6964649 0.29706585 -0.897467 -1.8637679 -0.5271329 -0.5395243 -1.0183705 -1.0217439 -0.13859928 1.1546609 -1.4989716 -0.49355692 -0.24819484 -1.6769885 -0.5573231 -2.3849332 0.47867423 0.23224129 -1.5028404 -0.8218587 -1.3195316 0.27557006 -1.7815696 -0.0727437 0.12669352 1.9556217 1.2264208 -1.1859328 0.5588863 0.32048157 1.4732493 -0.6595777 2.3555553 -1.3465551 -2.2117789 -0.27705306 -1.0406175 0.73152006 0.15550506 -0.93374217 -0.06379843 -1.3870562 0.2730709 -0.63925487 -1.6136541 0.42910376 1.2608684 -1.5926437 0.8314834 2.250547 -0.7209805 -0.4966346 2.287638 0.31158903 0.1373885 -0.04194517 0.3705241 -0.27800626 2.9064972 -2.0190544 1.5120474 1.1224606 -0.33998677 1.1596435 0.2523275 -0.82899904 0.50338304 1.0361389 -0.3036554 0.26434115 0.9984622 -0.4750012 -2.219688 0.43158183 -2.086958 0.9958624
turpentine 1.1330577 2.0013797 -2.343533 -0.6976232 0.544018 0.13977268 0.34102914 0.58727497 0.2936882 -0.41559282 0.056152374 1.5196097 -0.35212108 -1.9292119 0.8035823 -1.9846239 0.30458698 0.36232656 0.31446436 1.4868242 -1.3913376 -1.5387303 -0.25442016 -0.626569 1.2753602 -0.0667824 0.7574266 0.1899395 0.6578279 0.6547686 1.0244596 0.18491602 -0.25168934 0.3684452 -1.0865636 -0.37134787 -1.1870949 -0.38574532 -3.151657 0.68942446 1.338701 -1.7425616 -0.2604854 -0.30772695 -0.6054305 0.9163294 1.6843083 -1.6538439 1.097186 -1.2999051 -1.1255168 -1.3248937 1.2840446 2.2790391 -1.1808262 1.7198392 -0.8050522 0.32863736 -1.3701454 0.6752456 -1.8935711 -1.4638122 -0.28961316 -0.21940123 0.09901889 -0.9856535 1.2530452 0.5738612 -0.030828781 0.45583856 -1.4849457 0.72539425 0.40420032 0.8527866 -0.16867813 -1.4186038 -0.21775597 0.25733238 0.5244933 -0.37596324 -0.008689842 0.31766587 -0.65503144 -1.8487253 -0.6357103 -1.3537046 -0.50333947 0.694309 -0.09381723 1.2762238 -1.4100453 -1.885225 -0.51093316 -0.47097668 1.1491158 -1.9780797 1.9941291 -1.1246141 -0.5491364 -1.2531207 1.8582605 0.94442374 1.6654152 0.5545457 -0.3401715 0.6033849 -1.5151572 -0.37759492 -1.0203525 -0.19161122 0.62874645 1.9766386 -1.1592097 0.025586888 -0.09259138 -0.16363817 0.9136344 0.9643624 1.6298283 -0.85876864 0.6433382 0.047962498 -1.3795052 -0.2498454 2.6719074 0.9913636 -0.5739915 1.6203468 1.4036483 -0.70006424 -0.64427745 1.3107903 -0.12357047 0.7316001 3.758025 0.48141232 0.77566266 -0.10152682 1.536672 -0.47385272 0.23657142 -2.1947768 -0.37379402 1.7079747 0.09042763 -1.2910135 -1.6381559 -0.39087293 -0.17932852 0.5292729 0.27750635 1.4702748 -1.0802022 -1.4001877 1.0346107 -1.1205837 -1.1729574 -1.7067994 -0.2750144 -0.12806116 -0.58789456 -0.9642442 0.08080742 0.83403546 0.15796533 -0.00010889143 -0.10963576 -0.7876195 -0.45985478 0.70320994 0.46427426 -1.0302165 -0.39245182 -1.0119005 0.24915531 -1.6517297 0.32802486 -2.2056978 2.0242345 -0.32580668 -2.5743382 0.8380334 -1.8773584 -1.061206 0.20052354 -1.6336256 -1.1525577 -0.40453368 -0.2997006 2.3051312 -0.7470945 -0.65610176 -1.2126231 1.1419566 0.43803722 -0.8946893 -1.6339922 -0.9778359 0.31201547 -0.88197446 -1.6841753 -0.21556929 -0.29256648 1.2759261 2.661041 0.56023717 3.4844236 -0.116820805 -0.7324373 1.1463721 -1.52608 2.0958946 0.40455744 -1.2762184 0.22551218 0.5980568 -0.7041024 -2.417097 0.85124236 -1.3356212 -0.06505588 -1.4598686 0.7918782 2.3362057 -1.7888538 0.03776182 -0.42069918 -0.24996828 -0.60781705 1.7072504 1.4124237 -2.1379142 0.16123396 -0.104570374 -2.9271147 1.1143067 0.68358546 -0.046059493 1.17818 -1.219634 0.43847674 -1.140501 -1.2250947 -1.2703944 1.9438251 -2.050768 -1.8769004 -0.5627533 -1.9849045 0.7562804 0.3692538 -0.9108893 0.715545 -0.10187805 -1.0872633 -2.2941213 1.8980358 0.7398066 0.16518822 -0.5798477 -1.4203894 -0.5509721 1.4971894 0.7335193 1.0741743 -1.0353619 -0.5194439 -0.9146586 -0.33388492 -2.0282044 2.4581976 -2.154339 -1.5857038 0.2522926 1.8787813 -0.62519693 -0.472225 -1.3810756 0.12473005 -1.5620018 -1.3071856 -1.8036201 -2.7389772 -1.2978122 0.5041206 -0.14336988 0.7187963 -0.7368433 -0.82524484 -0.55756074 0.29997036 0.6583828 0.5813687 1.728566 1.1867728 0.25187668 -2.7799764 -0.73733103 -2.8736496 -1.525757
mothball -0.1095211 0.512863 0.23732322 -0.4012915 -0.46756345 0.010258805 0.04364349 0.2688683 0.5996431 -0.034620944 0.039314028 -1.3006021 0.960774 0.5757157 0.83952135 -0.21508193 -0.5424068 -0.35705844 1.1230472 0.8621708 -1.0560098 -0.26986498 -0.38163894 1.1367891 -0.53568465 0.054451004 0.120492496 -0.48610422 -0.10614515 -0.33233926 0.1453938 1.0246335 0.5331596 -0.39693797 0.52127904 -0.9142976 -0.64595217 -0.91949475 -1.3013556 -0.3269264 0.40931788 0.017218791 0.03412463 1.1668426 0.046092484 -0.21678938 0.9294553 -0.638396 0.18087262 0.5424618 -1.5879048 -0.33355084 0.45483258 0.381276 -0.62338173 0.9186162 -0.41694257 0.97636986 0.84605575 0.035506304 -0.2308602 -0.35249716 -0.35553122 0.8160125 1.4765586 -1.4292103 0.057320938 -0.31020948 -0.14447162 0.3575799 0.06249433 1.4991461 0.3915912 2.2615092 0.30243108 -0.35156095 0.383102 -0.114911124 0.8675625 1.50643 -0.40675905 -0.29725742 1.0744675 -0.7001055 0.8327201 -1.5379246 -0.73503584 1.1481794 1.3593088 1.0052245 -0.5003908 -0.88223475 0.5348884 -0.024122588 0.3617491 -0.16557373 -0.039857276 0.015749546 -1.4552321 -0.4752464 -0.2705398 0.96565884 0.8461928 -0.6206175 -0.8160337 0.5587842 -0.30021098 -0.43513414 0.015279027 -0.26308414 0.023318166 -0.48783955 -0.11121513 -0.20754793 0.10757406 1.2017906 1.1423901 0.07312623 1.6449814 0.85069203 0.2596299 -0.14770693 -0.5585315 0.25164586 0.11612253 0.8683745 -0.10713479 0.7996127 0.79968804 -1.185078 1.0555325 -1.127676 -1.2879893 1.3411099 0.57704055 1.0288464 1.2070572 -0.35599768 0.5912297 -0.33571023 0.4735435 -2.2697608 0.12345725 -0.5064699 0.5937328 1.1860435 -1.1090403 -0.6815813 0.1393486 -0.012525908 -0.012517103 1.1099768 -0.26968998 -0.0069973413 -0.3255036 0.039178997 0.33901688 -0.051943384 0.18446366 -0.54055554 -0.21202035 -0.33873877 -0.25034326 -0.23657821 0.6138809 -0.93023556 0.8782644 -0.26464838 -0.69275457 -0.9422852 0.4596885 -0.3970744 -0.55753547 -1.146 -0.41418037 -0.19932635 -1.5485787 -0.5453506 -0.16822009 -1.1632341 -2.1920707 -0.23201355 -0.05896102 -1.0121278 0.13881342 -2.1364512 -0.5841022 0.11397706 0.34809878 1.4955932 -0.3986054 -0.44518632 0.51441413 -0.7056335 -0.06926931 -0.70014924 -0.9682747 -0.57307035 0.40850788 -0.23636347 -1.5787714 -0.120669894 1.220087 0.569814 1.4337697 2.8562887 -0.25768778 -0.30734065 0.95806515 1.0799174 1.6641363 0.59646857 1.5396733 -0.3587426 -0.5124628 0.9842322 -0.21043895 -1.9631073 -0.87251586 -1.197321 1.1532462 -0.44165072 0.4679671 1.7534337 -1.3440859 -2.1161063 -0.88489133 1.2306203 -0.38435465 -0.43397135 1.4930849 0.6748415 -0.4249931 -0.3889615 0.46176204 0.7306928 0.43079022 0.4069094 -0.07734406 -0.07131327 1.4498007 -0.32715496 -0.78419024 0.18672565 -1.3471323 -1.2645437 -0.8167424 -0.4144133 -1.1932092 0.626922 -0.58011144 -0.9843882 -1.223825 -0.06555688 -0.6416064 -1.3433545 1.0958097 0.39860326 -1.2567881 0.07381911 -1.0375185 0.6153985 -0.50955373 -0.53521353 0.29987586 -1.3887296 0.7411873 -0.32405895 0.713083 -1.8595761 -0.28401482 0.37240312 -0.2620589 0.90508056 0.34425235 -0.28171185 1.6113942 -1.5304528 -1.2419759 -1.3430516 -1.2306252 -0.32921612 0.58694535 -0.6564402 1.3355861 0.5749095 -0.7784287 -0.5024461 -0.16642979 -0.46991876 -0.9955902 0.41364726 0.07009173 0.3798971 0.18081446 0.8975912 0.18796414 -0.8066394 -1.057062 -1.0971264
anise 1.8422397 1.5778866 -0.63116205 -0.41635737 1.0162392 -0.6329963 0.34489545 0.822647 1.0701954 -1.0620006 -1.2847111 0.41801843 0.94190246 -1.2980894 -0.62621117 -1.724664 0.8107724 -0.27674863 0.18361269 -0.2572384 0.24084973 -1.7895938 -1.554384 -0.34940457 1.4416355 0.44162744 0.63714623 -0.8245633 -0.8206927 0.2507347 1.8382741 1.2373335 1.0407495 -0.06848617 -0.1305188 0.18970639 -0.010921316 -0.029843358 -2.095041 1.0969602 0.34253412 0.45127743 0.14264478 1.529305 0.48367986 -0.5195296 1.903805 -1.0297557 -0.26945683 -0.95287627 -1.0163491 -0.3370726 0.87295026 2.2828288 -0.9378959 1.1304431 0.7602088 -0.3150906 0.56974053 -1.5247664 -0.11140333 -0.25608757 -0.13287576 -0.040688086 -1.1475414 0.71665144 1.4598095 -0.036260717 0.5666115 -0.051722363 -0.28885102 0.9298165 0.61178637 1.0737185 0.8640242 -0.023115037 0.2160588 0.43563572 0.46591568 0.20388025 -1.9852881 0.8880937 -1.0706458 0.2626239 -0.58682984 -0.684092 -0.5415283 -0.6227293 0.19910471 -0.55046916 -1.0993258 -0.98206085 -0.058326323 0.5646409 -0.50852674 -1.1403083 2.2683322 -0.26953647 0.502007 -0.33643645 0.039775815 -0.49748883 2.204505 -1.5551192 0.9926705 0.05200887 -2.0992918 0.029083602 -0.44972873 0.4904422 -0.013767438 -0.6983662 1.2920297 0.5995199 -1.3211915 0.67070943 0.51770073 0.36417904 0.07325986 -1.0009189 0.10861319 -0.933934 -0.36773244 -0.95273775 1.7925566 1.4371433 -0.09357327 0.63697433 0.4975881 -0.35044125 -0.22386852 1.5568599 -0.3640232 -0.435274 0.653365 0.22107087 -0.14473726 -0.36974034 0.21578339 -1.6693536 -0.12659675 0.05641973 0.015599089 0.3616901 -1.2610911 -0.031212285 -1.774311 -1.8057404 0.42488244 -1.066472 0.12685706 -0.3897348 -1.5611295 -1.4236573 1.9069328 0.3413878 -0.3716722 -0.67945427 0.42074278 -0.020357892 -0.54302853 -0.8681232 1.1451904 -0.27351558 -1.1230373 0.10295544 0.07883373 -1.0228102 -0.21984367 -0.05791774 -0.4446884 0.21243933 0.3995424 -0.78203744 -2.3913505 -0.9754724 -0.84735227 -0.584479 -0.10500016 0.16869935 -0.4449897 0.1853671 -1.7018805 -0.5547411 0.9871831 -1.0232084 -1.6987387 0.18280724 0.27195492 0.791028 -0.99645627 -0.19752367 -0.5297822 1.1262034 -1.0654309 0.1292019 -0.91476476 -0.120817356 0.99787223 0.42527613 -0.23323217 -0.24508637 -0.34415287 -0.18126398 -0.46354076 -0.18244754 -0.23576681 0.24047938 -1.1344504 1.1424787 -0.18428722 -1.0582331 -0.07657132 -0.88568735 1.5808853 -0.08598501 0.6022043 -0.72410816 0.58296335 -1.2966932 -1.2755908 -2.3969908 -1.1391646 0.82783127 -0.42669404 -0.48815393 -0.9872734 -0.26886052 0.31735823 -0.051457856 0.45585072 -0.16687067 -0.10885483 -0.23592034 -0.049026504 0.21506205 -1.1346152 -0.1745983 -1.2774694 -1.0360893 1.363963 -0.9595185 0.27793452 -1.7511297 0.5014841 0.059753403 -1.0012707 -0.3191683 -0.09520552 0.47534382 0.06391824 0.13451487 0.4631153 0.120485425 0.5688663 -0.48846543 1.6759694 0.4241687 -0.5837557 0.23723762 -1.6825068 0.01959969 0.668163 -1.4900695 0.10864378 -0.560328 -1.5594516 -0.3383221 0.31644303 0.038784534 0.52198315 1.7023628 0.95669574 1.9992244 0.43674517 -0.16980849 0.31664678 0.658418 -1.2281879 -0.55643344 0.054693993 -1.0260236 -0.13854934 -1.7983992 -0.5113269 -0.3931653 0.5095458 0.21196537 0.389209 -0.6086926 0.37443733 1.0538496 -0.97754645 1.1895934 1.6237851 -0.29579175 -1.7815167 -1.1251148 -0.5689594 0.6524838
creosote 2.17661 0.6110648 0.23659186 -0.6405943 0.7859746 -1.1767615 -0.036090717 0.6581111 -0.111907035 0.17958547 1.4871966 -0.43554264 1.3611063 -2.5234072 0.24456082 0.23013389 0.7353661 -0.6166892 1.5660669 2.2912602 -1.8569673 -0.2639106 -0.27695987 0.56936663 2.0393069 -0.23694903 1.169665 1.5673361 0.31746116 0.2639352 0.083305135 0.9532857 -1.1085081 -0.9583212 -0.21543041 -0.27718255 0.02288273 -0.13326214 -2.8934007 -0.47784784 0.6676983 -1.663674 -0.4092267 2.1087065 1.5244056 0.65654206 0.783703 -1.9889617 1.4933505 0.11414675 1.7054131 -0.46179634 1.7312914 0.3496273 -1.8137658 0.5685012 -0.42452565 1.3174324 0.47171602 -0.6397016 -1.0511575 -1.2645143 0.0022682883 0.1865128 -1.4388927 -0.055462666 0.44317684 2.5350277 0.4421083 0.0403871 -1.672672 -0.9294494 1.7710112 2.3497274 -0.75757617 -0.30615246 0.40192315 0.4594408 0.9417062 1.9968206 -0.3315029 0.14363319 0.02034038 0.10325818 0.86457753 -1.9381428 -0.20782627 0.27070495 0.92253673 -0.6656466 -0.03855085 0.33397555 -0.5878753 -0.038348436 0.69310063 -0.24074031 2.655996 -0.24876274 -0.26800966 -1.2661517 -0.16151695 1.0865628 0.5391734 0.68831015 0.6061132 1.154197 1.2068659 0.27459088 -0.2957281 -0.5876795 1.6508858 0.3209271 0.4858008 0.118784875 -1.0295948 0.49560377 0.80387753 -1.4078757 -0.18091942 -1.1888497 -0.48526534 -1.6585913 -0.34574646 -0.58609015 2.011932 0.8373248 -0.29301772 1.6747411 -0.015109893 -1.3367798 -0.74879265 0.6801974 0.4117289 0.94983673 2.5526626 0.621366 -0.11927947 -0.29167646 1.336311 -0.38383213 -1.0094758 -1.0820407 1.5509131 -0.6509499 0.33979848 -0.50669956 -2.2827182 -0.813478 -0.14925578 0.6174565 -2.412045 -0.709253 -0.4255029 0.08943056 0.6392359 1.7005031 0.06180006 -0.019113068 -0.76718235 0.62652135 0.7951448 0.34504852 0.45832652 1.6772285 -0.8716196 -0.710143 0.117480434 0.6380093 -0.23848283 0.15675955 0.25087845 -0.9009824 1.0154262 -1.1784056 -2.3150434 -1.6435075 -0.502114 -0.3612093 -1.1959393 0.14870016 -1.5768473 -0.44119298 0.6558329 -0.7108762 0.8256233 -0.65165603 -1.3208065 0.68119705 -0.57373327 0.5449532 -0.85948807 -2.3687294 0.34752077 1.7487515 0.57651126 -0.46999437 0.9687308 -0.681798 -0.9039219 1.290082 0.17645413 -2.1049383 -0.4317327 0.70059407 2.5531569 0.6509738 -0.87095165 0.94958717 -2.6765387 1.0552361 0.5315855 0.9129207 -0.12851952 -1.6912972 -1.9299612 0.9879382 0.6338671 -2.4933584 0.4989068 -1.8598714 -1.3247668 -1.2208936 -0.41944882 0.5771417 -0.9037196 0.53214777 -0.09538305 -0.8905406 -0.40615374 -1.03238 0.4515538 0.2816466 0.38253713 -0.1208825 -0.3664881 -0.35016212 -1.1596979 -1.1978962 -0.8226056 -1.3599799 -0.8218876 -0.7428444 -1.790816 -0.87528723 -1.7383455 -0.26397043 -1.8807876 -0.8927579 0.14379409 0.5836048 0.28590563 -0.5085319 1.5770297 0.15310743 -0.62362796 -0.69079226 0.39202967 0.030276893 -1.7565964 0.8438618 -0.89116895 0.24375622 0.538512 0.23851877 -1.2141923 -1.1920289 -0.64237326 -0.46220288 0.61458397 -1.6146308 1.0316025 -1.0126257 0.100350775 1.3737272 -1.0215635 2.2971997 1.0162195 -1.5001085 -1.079368 -0.44602785 -0.8251812 0.8610866 1.6958104 -3.8702383 0.5963181 -0.75927895 0.39484876 -0.12102496 -0.63121617 -1.6267335 0.42419207 1.2758315 1.0033561 0.34858376 -0.14444083 0.18039484 0.018293863 -1.6919953 -2.5937846 -0.007792101
camphor 0.643066 1.9577622 -0.99383885 -0.93017983 0.7283855 -0.28356254 -0.060713883 0.64613605 -0.31981695 0.77247626 0.12769398 -0.2127143 0.8947269 -1.2151225 0.4230785 -0.026863318 -0.17304517 -0.6398611 0.3839825 1.325723 0.091282934 -0.7227732 -1.1792241 -0.019576984 0.662854 0.2049816 0.21443287 0.68794566 -0.71140695 0.8618276 1.4189575 0.41480663 -0.09709723 -0.5698757 -0.83478785 0.15073866 -0.7108017 -0.40367213 -1.9090027 0.08105325 0.0076403585 0.12927541 0.14975525 0.6442751 0.53906476 0.2716811 0.6511265 -1.2130479 0.19934401 -0.3921322 -0.27321106 -0.14146984 0.79312426 1.3210257 -0.53075755 0.6886237 -0.777854 0.4585677 -0.75137025 -0.8877257 -0.65688056 -0.15064698 -0.4983312 0.17842977 -0.43515164 -0.27917308 0.71602005 0.57110554 -0.039529372 0.32428885 -1.0451078 0.32066885 0.37780336 0.90181226 0.29964325 0.48417065 -0.09449725 -0.34505615 0.6314087 0.16713166 -0.74799055 1.0531195 0.2962613 -1.2899574 0.14756846 -1.0121311 1.3568048 0.23620267 0.31393757 0.08216503 -0.63659656 -1.4511657 0.21177322 0.17671989 0.096214786 -1.3225762 2.3212602 -0.044684064 -0.8448078 -0.42214736 1.8617332 0.88087344 0.78542876 -0.4266254 0.8357288 -0.34860238 -0.6438574 -0.08131536 0.169804 -0.35654008 0.31851965 0.23805743 -0.5842385 0.27918035 -0.6604458 0.86391985 0.41580316 -0.20813954 0.55279744 -0.7975138 -0.02042288 -0.18831521 -0.9391955 -0.9235714 1.1806701 1.0322686 0.37819636 0.6717855 1.1443688 -1.5456989 0.6039979 0.808531 -0.8556111 0.6353921 1.9576995 0.3599806 1.2715509 -1.1688774 2.1445851 -1.6151397 0.11970239 -0.35158676 0.02279527 0.005762625 -0.14634846 -0.84773225 -1.3321332 -0.5238522 0.25565603 -0.18938975 -0.050110966 0.9334509 0.057417598 0.066141136 0.9736883 0.87653655 0.82333595 -0.61333835 -0.96832454 -0.47345135 -0.53036165 0.0040609217 1.0618901 -0.3815762 -0.31109896 0.12925966 0.92142653 -0.008894277 -0.08949594 0.63670254 -0.09041279 0.8531344 0.56371135 -1.3639672 -2.0465138 -0.61248916 -0.7887125 -1.0630656 -0.3729286 0.39336297 -1.5869534 0.07474157 -0.0440896 -0.48408183 0.44190007 -0.13749197 -0.94418716 -0.40683094 -0.7656372 0.6652728 -0.3116281 -0.41565588 -1.134495 0.80407304 -0.02673426 -0.44692558 -0.5873645 -0.13539693 0.8183465 0.31444642 -0.85047674 0.08465922 0.036150135 0.960094 0.39649048 0.5953533 0.05666106 0.2509518 -1.4514736 0.5658204 -0.17503744 0.18317561 -0.73599523 -0.81142 -0.44139194 0.016339805 0.36159858 -1.9424813 0.5456241 -1.1696935 0.590279 -1.3878553 -0.2405635 0.5677023 -0.7592159 -0.43805423 0.19957158 -0.36998317 -1.176371 0.12213851 0.5235997 0.24616826 0.31495944 0.08097345 -0.20455085 0.30323362 -1.1256131 -0.8407216 -0.50739765 -0.6696754 0.5073335 -0.8037908 -0.081327915 -0.94373024 0.14050734 -0.7174825 -1.0543414 -0.84186465 -0.3163304 0.2963723 0.96775115 -0.16582504 1.1131326 0.004378551 -0.3834246 -0.8636576 0.16330905 0.28883225 -0.42551148 0.023783443 -1.5458015 -0.66027623 1.0409979 -0.835478 -0.17319006 -0.31504312 -0.7767867 0.23812766 0.2737252 -0.43560103 0.7668695 -0.4199507 -0.42138004 0.6544209 0.5443508 1.1708541 -0.32979786 -0.80873764 -0.6031994 -1.4977726 -0.577871 -1.3719496 0.24427682 -1.3542092 0.81066906 -0.62157285 0.5634897 -0.10959438 -0.0092696855 -0.07389323 -0.048361614 0.56424326 0.10196995 1.1957532 0.2510071 0.053263184 -0.88682634 -1.8618684 -1.2431371 0.22154875
